user_id,n_samples,first_ts,last_ts,obs_days,median_interval_h,p95_interval_h,gaps_gt6h,gaps_gt24h,duplicate_timestamp_count,cycle_decrease_count,fcc_missing_count,rsoc_missing_count,serial_number_distinct,data_quality_label,fcc_start,fcc_end,fcc_min,fcc_max,fcc_distinct,fcc_changes,fcc_pos_changes,fcc_neg_changes,last_fcc_change_ts,flat_tail_days,fcc_change_rate_per_100d,cycle_start,cycle_end,cycle_delta,cycles_per_year,fcc_changes_per_100_cycles,fcc_effective_changes_50mwh,fcc_effective_changes_100mwh,soh_span_pct,soh_end_pct,near_design_plateau,near_101_plateau,tail_days,tail_cycle_delta,tail_cycles_per_year,tail_min_rsoc,tail_max_rsoc,tail_rsoc_swing,tail_ac_time_ratio,tail_full_time_ratio,tail_below20_time_ratio,tail_n_90_10_90_ok,tail_n_90_10_90_large_gap,tail_n_90_10_90_any,tail_n_90_10_90_any_quality,total_n_90_10_90_ok,total_n_90_10_90_large_gap,total_n_90_10_90_any,tail_n_unresponded_90_10_90_complete_window_24h,tail_n_censored_90_10_90_24h,tail_response_rate_90_10_90_24h,total_response_rate_90_10_90_24h,tail_n_unresponded_90_10_90_complete_window_72h,tail_n_censored_90_10_90_72h,tail_response_rate_90_10_90_72h,total_response_rate_90_10_90_72h,tail_n_unresponded_90_10_90_complete_window_168h,tail_n_censored_90_10_90_168h,tail_response_rate_90_10_90_168h,total_response_rate_90_10_90_168h,tail_n_unresponded_90_10_90_complete_window,tail_n_censored_90_10_90,tail_n_80_20_80_ok,tail_n_80_20_80_large_gap,tail_n_80_20_80_any,tail_n_80_20_80_any_quality,total_n_80_20_80_ok,total_n_80_20_80_large_gap,total_n_80_20_80_any,tail_n_unresponded_80_20_80_complete_window_24h,tail_n_censored_80_20_80_24h,tail_response_rate_80_20_80_24h,total_response_rate_80_20_80_24h,tail_n_unresponded_80_20_80_complete_window_72h,tail_n_censored_80_20_80_72h,tail_response_rate_80_20_80_72h,total_response_rate_80_20_80_72h,tail_n_unresponded_80_20_80_complete_window_168h,tail_n_censored_80_20_80_168h,tail_response_rate_80_20_80_168h,total_response_rate_80_20_80_168h,tail_n_unresponded_80_20_80_complete_window,tail_n_censored_80_20_80,tail_n_85_15_85_ok,tail_n_85_15_85_large_gap,tail_n_85_15_85_any,tail_n_85_15_85_any_quality,total_n_85_15_85_ok,total_n_85_15_85_large_gap,total_n_85_15_85_any,tail_n_unresponded_85_15_85_complete_window_24h,tail_n_censored_85_15_85_24h,tail_response_rate_85_15_85_24h,total_response_rate_85_15_85_24h,tail_n_unresponded_85_15_85_complete_window_72h,tail_n_censored_85_15_85_72h,tail_response_rate_85_15_85_72h,total_response_rate_85_15_85_72h,tail_n_unresponded_85_15_85_complete_window_168h,tail_n_censored_85_15_85_168h,tail_response_rate_85_15_85_168h,total_response_rate_85_15_85_168h,tail_n_unresponded_85_15_85_complete_window,tail_n_censored_85_15_85,relevant_response_rate_24h,relevant_response_rate_72h,relevant_response_rate_168h,no_fcc_update,long_terminal_flat,low_update_per_cycle,low_update_per_time,fcc_no_or_low_change_candidate,final_label,recommended_action,confidence,primary_reason,subreason,watch_subreason,review_subreason,review_priority,manual_review_reason,gauge_reset_score_0_100,fw_check_score_0_100,primary_evidence,operational_message,threshold_version,rule_version,label_version,n_complete_ok_opportunities,expected_tail_responses_72h,observed_tail_responses_72h,response_residual,response_residual_z,ml_fw_support_score_0_100,cluster_id,cluster_description,device_model,batt_vendor,batt_fru,analysis_timestamp
0350LQ-PF593HRF_0350LQ,532,2025-08-06 10:02:35,2025-10-28 09:31:06,82.98,0.5,7.344,27,7,0,0,0,0,1,QUALITY_SHORT_OBS,58960.0,58840.0,58840.0,58960.0,6,5,0,5,2025-10-27 08:33:15,1.0,6.026,4.0,7.0,3.0,13.2,166.667,1,0,0.21,103.17,False,False,1.0,0.0,0.0,100.0,100.0,0.0,1.0,1.0,0.0,0,0,0,0,0,1,1,0,0,,,0,0,,,0,0,,,0,0,0,0,0,0,0,1,1,0,0,,,0,0,,,0,0,,,0,0,0,0,0,0,0,1,1,0,0,,,0,0,,,0,0,,,0,0,,,,False,False,False,False,False,REVIEW_INSUFFICIENT_DATA,ACTION_COLLECT_MORE_DATA_OR_MANUAL_REVIEW,review,REVIEW_SHORT_OBS_ACTIVE_LIKE,,,REVIEW_SHORT_OBS_ACTIVE_LIKE,low,観測期間<120日でactive様（flat_tail<60）。経過観察で十分なことが多い。,65.2,5.2,"obs_days=83.0, n_samples=532, quality=QUALITY_SHORT_OBS -> insufficient/uncertain data",観測期間・サンプル数・カウンタ整合性のいずれかが不足しており信頼できる判定ができません。review_priorityに従い追加データ収集または手動レビューを行ってください。,v2.0-final,v2.0-final,v2.0-final,0.0,,,,,0.0,-1.0,n/a,ThinkPad X1 2-in-1 Gen 10,SMP,5B11M90097,2026-06-03T16:38:27
ABUCKNER-0B0WH8_abuckner,15781,2024-05-06 14:27:28,2026-06-01 14:35:40,756.01,0.5,0.5,346,103,0,0,0,0,1,QUALITY_OK,90010.0,83380.0,83380.0,94130.0,51,50,6,44,2026-05-21 17:11:37,10.9,6.614,4.0,45.0,41.0,19.81,121.951,15,15,11.95,92.64,False,False,10.9,0.0,0.0,74.0,81.0,7.0,0.9692,0.0,0.0,0,0,0,0,1,7,8,0,0,,1.0,0,0,,1.0,0,0,,1.0,0,0,0,0,0,0,2,16,18,0,0,,1.0,0,0,,1.0,0,0,,1.0,0,0,0,0,0,0,1,8,9,0,0,,1.0,0,0,,1.0,0,0,,1.0,0,0,,,,False,False,False,False,False,NORMAL_OR_RESPONDING,ACTION_NONE,high,NOT_NO_LOW_CHANGE_CANDIDATE,,,,,,71.2,11.8,"flat_tail=10.9d, fcc_changes=50, tail_cyc=0.0, tail_ok[90/80]=0/0, unresp_complete[90/80]=0/0, large_gap[90/80]=0/0 -> FCC still updating / not a no-low-change candidate",,v2.0-final,v2.0-final,v2.0-final,0.0,,,,,0.0,-1.0,n/a,ThinkPad P1 Gen 7,Sunwoda,5B11M37553,2026-06-03T16:38:27
ADAMSTHAMESLNLB_Howes,3021,2025-03-18 20:39:45,2025-10-02 08:42:07,197.5,0.5,8.085,191,25,0,0,0,0,1,QUALITY_OK,59710.0,58690.0,58690.0,59710.0,77,76,0,76,2025-10-01 10:03:25,0.9,38.481,2.0,54.0,52.0,96.17,146.154,0,0,1.79,102.91,False,False,0.9,0.0,0.0,83.0,100.0,17.0,0.6815,0.5264,0.0,0,0,0,0,0,1,1,0,0,,,0,0,,,0,0,,,0,0,0,0,0,0,0,2,2,0,0,,,0,0,,,0,0,,,0,0,0,0,0,0,0,2,2,0,0,,,0,0,,,0,0,,,0,0,,,,False,False,False,False,False,NORMAL_OR_RESPONDING,ACTION_NONE,high,NOT_NO_LOW_CHANGE_CANDIDATE,,,,,,64.5,10.2,"flat_tail=0.9d, fcc_changes=76, tail_cyc=0.0, tail_ok[90/80]=0/0, unresp_complete[90/80]=0/0, large_gap[90/80]=0/0 -> FCC still updating / not a no-low-change candidate",,v2.0-final,v2.0-final,v2.0-final,0.0,,,,,0.0,-1.0,n/a,ThinkPad X1 Carbon Gen 13,SMP,5B11M90097,2026-06-03T16:38:27
ADAMS_ALLOY,1419,2025-01-08 15:44:58,2025-10-10 14:15:36,274.94,0.5,9.647,100,15,0,0,0,0,1,QUALITY_OK,55130.0,54940.0,54940.0,55130.0,17,16,0,16,2025-09-27 16:48:43,12.9,5.819,1.0,21.0,20.0,26.57,80.0,0,0,0.34,99.71,False,False,12.9,0.0,0.0,53.0,94.0,41.0,1.0,0.0,0.0,0,0,0,0,0,2,2,0,0,,,0,0,,,0,0,,,0,0,0,0,0,0,0,2,2,0,0,,,0,0,,,0,0,,,0,0,0,0,0,0,0,2,2,0,0,,,0,0,,,0,0,,,0,0,,,,False,False,False,False,False,NORMAL_OR_RESPONDING,ACTION_NONE,high,NOT_NO_LOW_CHANGE_CANDIDATE,,,,,,72.2,12.2,"flat_tail=12.9d, fcc_changes=16, tail_cyc=0.0, tail_ok[90/80]=0/0, unresp_complete[90/80]=0/0, large_gap[90/80]=0/0 -> FCC still updating / not a no-low-change candidate",,v2.0-final,v2.0-final,v2.0-final,0.0,,,,,0.0,-1.0,n/a,ThinkPad X9-14 Gen 1,Sunwoda,LNV-5B11M90102,2026-06-03T16:38:27
ADAMS_JAGUAR3,11533,2023-04-03 13:40:35,2025-04-11 06:41:15,738.71,0.5,5.952,574,46,0,0,0,0,1,QUALITY_OK,58990.0,44750.0,44080.0,58990.0,12,11,2,9,2025-01-11 12:18:49,89.8,1.489,1.0,116.0,115.0,56.86,9.565,9,9,26.13,78.44,False,False,89.8,5.0,20.34,2.0,100.0,98.0,0.9359,0.4835,0.0149,0,2,2,2,1,10,11,0,0,,1.0,0,0,,1.0,0,0,,1.0,0,0,0,2,2,2,1,14,15,0,0,,1.0,0,0,,1.0,0,0,,1.0,0,0,0,2,2,2,1,12,13,0,0,,1.0,0,0,,1.0,0,0,,1.0,0,0,,,,False,False,False,False,False,NORMAL_OR_RESPONDING,ACTION_NONE,high,NOT_NO_LOW_CHANGE_CANDIDATE,,,,,,64.5,26.0,"flat_tail=89.8d, fcc_changes=11, tail_cyc=5.0, tail_ok[90/80]=0/0, unresp_complete[90/80]=0/0, large_gap[90/80]=2/2 -> FCC still updating / not a no-low-change candidate",,v2.0-final,v2.0-final,v2.0-final,0.0,,,,,0.0,-1.0,n/a,ThinkPad X1 Yoga Gen 8,SMP,5B10W13973,2026-06-03T16:38:27
ADIEHL-PF4CNVD9_adiehl,2901,2023-05-24 14:15:44,2024-01-18 13:41:48,238.98,0.5,5.454,131,35,0,0,0,0,1,QUALITY_OK,58420.0,54280.0,50000.0,58980.0,30,29,12,17,2024-01-16 20:54:37,1.7,12.135,1.0,64.0,63.0,96.29,46.032,25,25,15.75,95.23,False,False,1.7,1.0,214.92,1.0,100.0,99.0,0.877,0.6622,0.1404,0,0,0,0,5,17,22,0,0,,0.8,0,0,,0.8,0,0,,1.0,0,0,0,0,0,0,8,21,29,0,0,,0.625,0,0,,0.625,0,0,,0.875,0,0,0,0,0,0,5,18,23,0,0,,0.8,0,0,,0.8,0,0,,1.0,0,0,,,,False,False,False,False,False,NORMAL_OR_RESPONDING,ACTION_NONE,high,NOT_NO_LOW_CHANGE_CANDIDATE,,,,,,67.3,10.5,"flat_tail=1.7d, fcc_changes=29, tail_cyc=1.0, tail_ok[90/80]=0/0, unresp_complete[90/80]=0/0, large_gap[90/80]=0/0 -> FCC still updating / not a no-low-change candidate",,v2.0-final,v2.0-final,v2.0-final,0.0,,,,,0.0,-1.0,n/a,ThinkPad T14s Gen 4,SMP,5B10W51875,2026-06-03T16:38:27
AGEORGE3-4SA7W2_ageorge3,3244,2024-04-03 11:59:17,2024-10-24 09:00:42,203.88,0.5,6.151,164,30,0,0,0,0,1,QUALITY_OK,56810.0,55110.0,55110.0,56810.0,2,1,0,1,2024-04-21 23:20:38,185.4,0.49,3.0,21.0,18.0,32.25,5.556,1,1,3.11,100.69,False,False,185.4,13.0,25.61,17.0,100.0,83.0,0.8823,0.5899,0.0015,0,0,0,0,0,1,1,0,0,,,0,0,,,0,0,,,0,0,0,1,1,1,0,4,4,0,0,,,0,0,,,0,0,,,0,0,0,0,0,0,0,1,1,0,0,,,0,0,,,0,0,,,0,0,,,,False,True,False,True,True,WATCH_LOW_UPDATE_RATE_AMBIGUOUS,ACTION_MONITOR_OR_MANUAL_REVIEW,low,WATCH_POSSIBLE_OPPORTUNITY_WITH_LARGE_GAPS,,WATCH_POSSIBLE_OPPORTUNITY_WITH_LARGE_GAPS,,,,78.6,42.6,"flat_tail=185.4d, fcc_changes=1, tail_cyc=13.0, tail_ok[90/80]=0/0, unresp_complete[90/80]=0/0, large_gap[90/80]=0/1 -> ambiguous (watch)",FCC更新率は低いが完全凍結ではない/学習機会がlarge-gapまたは打ち切りで確証が弱い/境界的のため、FW確認に回す前にモニタリングまたは手動レビューを推奨します。,v2.0-final,v2.0-final,v2.0-final,0.0,,,,,0.0,1.0,MIXED,ThinkPad X13 Gen 5,SMP,5B11M90048,2026-06-03T16:38:27
AH-PF2PXA6R_ah,16295,2025-03-03 16:22:07,2026-02-11 15:22:54,344.96,0.5,0.5,15,8,0,0,0,0,1,QUALITY_OK,57000.0,57570.0,57000.0,57570.0,2,1,1,0,2025-03-11 17:00:03,336.9,0.29,2.0,70.0,68.0,72.0,1.471,1,1,1.0,101.0,False,False,336.9,66.0,71.55,6.0,100.0,94.0,0.9503,0.7466,0.0001,0,0,0,0,0,1,1,0,0,,,0,0,,,0,0,,,0,0,1,0,1,1,1,1,2,1,0,0.0,0.0,1,0,0.0,0.0,1,0,0.0,0.0,1,0,0,0,0,0,0,1,1,0,0,,,0,0,,,0,0,,,0,0,0.0,0.0,0.0,False,True,True,True,True,WATCH_LOW_UPDATE_RATE_AMBIGUOUS,ACTION_MONITOR_OR_MANUAL_REVIEW,low,WATCH_OTHER_AMBIGUOUS,,WATCH_OTHER_AMBIGUOUS,,,,71.5,76.0,"flat_tail=336.9d, fcc_changes=1, tail_cyc=66.0, tail_ok[90/80]=0/1, unresp_complete[90/80]=0/1, large_gap[90/80]=0/0 -> ambiguous (watch)",FCC更新率は低いが完全凍結ではない/学習機会がlarge-gapまたは打ち切りで確証が弱い/境界的のため、FW確認に回す前にモニタリングまたは手動レビューを推奨します。,v2.0-final,v2.0-final,v2.0-final,1.0,0.115,0.0,-0.115,-0.361,19.6,1.0,MIXED,ThinkPad X1 Carbon Gen 9,Sunwoda,5B10W13975,2026-06-03T16:38:27
AH-PF4KXDJ8_ah,10342,2023-10-02 13:13:32,2024-05-29 12:11:38,239.96,0.5,0.5,35,13,0,0,0,0,1,QUALITY_OK,57630.0,54500.0,54500.0,58210.0,46,45,2,43,2024-05-28 15:52:13,0.8,18.753,3.0,41.0,38.0,57.84,118.421,7,7,6.51,95.56,False,False,0.8,0.0,0.0,83.0,100.0,17.0,0.9324,0.7347,0.0,0,0,0,0,0,0,0,0,0,,,0,0,,,0,0,,,0,0,0,0,0,0,0,1,1,0,0,,,0,0,,,0,0,,,0,0,0,0,0,0,0,0,0,0,0,,,0,0,,,0,0,,,0,0,,,,False,False,False,False,False,NORMAL_OR_RESPONDING,ACTION_NONE,high,NOT_NO_LOW_CHANGE_CANDIDATE,,,,,,68.8,10.1,"flat_tail=0.8d, fcc_changes=45, tail_cyc=0.0, tail_ok[90/80]=0/0, unresp_complete[90/80]=0/0, large_gap[90/80]=0/0 -> FCC still updating / not a no-low-change candidate",,v2.0-final,v2.0-final,v2.0-final,0.0,,,,,0.0,-1.0,n/a,ThinkPad X1 Carbon Gen 12,Celxpert,5B11H56384,2026-06-03T16:38:27
AIII1-PF55Q7L6_aiii1,1564,2025-04-09 15:19:19,2025-12-08 11:38:03,242.85,0.5,12.682,118,23,0,0,0,0,1,QUALITY_OK,89450.0,89450.0,89450.0,89450.0,1,0,0,0,2025-04-09 15:19:19,242.8,0.0,0.0,40.0,40.0,60.16,0.0,0,0,0.0,102.37,False,False,242.8,40.0,60.16,4.0,98.0,94.0,0.5085,0.0,0.0243,0,0,0,0,0,0,0,0,0,,,0,0,,,0,0,,,0,0,0,15,15,15,0,15,15,0,0,,,0,0,,,0,0,,,0,0,0,0,0,0,0,0,0,0,0,,,0,0,,,0,0,,,0,0,,,,True,True,False,True,True,WATCH_LOW_UPDATE_RATE_AMBIGUOUS,ACTION_MONITOR_OR_MANUAL_REVIEW,low,WATCH_POSSIBLE_OPPORTUNITY_WITH_LARGE_GAPS,,WATCH_POSSIBLE_OPPORTUNITY_WITH_LARGE_GAPS,,,,51.7,48.0,"flat_tail=242.8d, fcc_changes=0, tail_cyc=40.0, tail_ok[90/80]=0/0, unresp_complete[90/80]=0/0, large_gap[90/80]=0/15 -> ambiguous (watch)",FCC更新率は低いが完全凍結ではない/学習機会がlarge-gapまたは打ち切りで確証が弱い/境界的のため、FW確認に回す前にモニタリングまたは手動レビューを推奨します。,v2.0-final,v2.0-final,v2.0-final,0.0,,,,,0.0,1.0,MIXED,ThinkPad T16 Gen 4,SMP,5B11H56412,2026-06-03T16:38:27
AIII1-PF6249QS_aiii1,1272,2026-01-29 14:20:30,2026-05-19 10:15:31,109.83,0.5,12.783,92,16,0,0,0,0,1,QUALITY_SHORT_OBS,60000.0,58930.0,58630.0,60000.0,30,29,1,28,2026-05-13 09:34:38,6.0,26.404,1.0,28.0,27.0,89.79,107.407,3,3,2.28,98.22,False,False,6.0,0.0,0.0,60.0,85.0,25.0,0.5448,0.0,0.0,0,0,0,0,0,2,2,0,0,,,0,0,,,0,0,,,0,0,0,0,0,0,1,9,10,0,0,,0.0,0,0,,1.0,0,0,,1.0,0,0,0,0,0,0,0,5,5,0,0,,,0,0,,,0,0,,,0,0,,,,False,False,False,False,False,REVIEW_INSUFFICIENT_DATA,ACTION_COLLECT_MORE_DATA_OR_MANUAL_REVIEW,review,REVIEW_SHORT_OBS_ACTIVE_LIKE,,,REVIEW_SHORT_OBS_ACTIVE_LIKE,low,観測期間<120日でactive様（flat_tail<60）。経過観察で十分なことが多い。,57.7,6.0,"obs_days=109.8, n_samples=1272, quality=QUALITY_SHORT_OBS -> insufficient/uncertain data",観測期間・サンプル数・カウンタ整合性のいずれかが不足しており信頼できる判定ができません。review_priorityに従い追加データ収集または手動レビューを行ってください。,v2.0-final,v2.0-final,v2.0-final,0.0,,,,,0.0,-1.0,n/a,ThinkPad P16s Gen 5,COSMX,5B11M90178,2026-06-03T16:38:27
AIII1-PW0J2TQF_aiii1,2572,2025-08-20 11:34:54,2026-01-28 11:18:45,160.99,0.5,4.703,114,27,0,0,0,0,1,QUALITY_OK,54760.0,54130.0,54130.0,54760.0,41,40,0,40,2026-01-28 09:48:45,0.1,24.846,2.0,49.0,47.0,106.63,85.106,0,0,1.15,98.87,False,False,0.1,0.0,0.0,79.0,80.0,1.0,1.0,0.0,0.0,0,0,0,0,0,0,0,0,0,,,0,0,,,0,0,,,0,0,0,0,0,0,0,10,10,0,0,,,0,0,,,0,0,,,0,0,0,0,0,0,0,0,0,0,0,,,0,0,,,0,0,,,0,0,,,,False,False,False,False,False,NORMAL_OR_RESPONDING,ACTION_NONE,high,NOT_NO_LOW_CHANGE_CANDIDATE,,,,,,70.0,10.0,"flat_tail=0.1d, fcc_changes=40, tail_cyc=0.0, tail_ok[90/80]=0/0, unresp_complete[90/80]=0/0, large_gap[90/80]=0/0 -> FCC still updating / not a no-low-change candidate",,v2.0-final,v2.0-final,v2.0-final,0.0,,,,,0.0,-1.0,n/a,ThinkPad L13 2-in-1 Gen 6,SMP,5B11M90129,2026-06-03T16:38:27
AINOW_UX,396,2025-12-22 10:35:29,2025-12-29 16:55:49,7.26,0.163,0.5,2,1,0,0,0,0,1,QUALITY_SHORT_OBS,58580.0,58560.0,58560.0,58580.0,3,2,0,2,2025-12-24 16:48:07,5.0,27.548,5.0,7.0,2.0,100.62,100.0,0,0,0.03,100.97,False,False,5.0,0.0,0.0,29.0,100.0,71.0,0.8247,0.7705,0.0,0,0,0,0,0,1,1,0,0,,,0,0,,,0,0,,,0,0,0,0,0,0,0,1,1,0,0,,,0,0,,,0,0,,,0,0,0,0,0,0,0,1,1,0,0,,,0,0,,,0,0,,,0,0,,,,False,False,False,False,False,REVIEW_INSUFFICIENT_DATA,ACTION_COLLECT_MORE_DATA_OR_MANUAL_REVIEW,review,REVIEW_SHORT_OBS_ACTIVE_LIKE,,,REVIEW_SHORT_OBS_ACTIVE_LIKE,low,観測期間<120日でactive様（flat_tail<60）。経過観察で十分なことが多い。,62.3,5.8,"obs_days=7.3, n_samples=396, quality=QUALITY_SHORT_OBS -> insufficient/uncertain data",観測期間・サンプル数・カウンタ整合性のいずれかが不足しており信頼できる判定ができません。review_priorityに従い追加データ収集または手動レビューを行ってください。,v2.0-final,v2.0-final,v2.0-final,0.0,,,,,0.0,-1.0,n/a,ThinkPad X1 Carbon Gen 14,ATL,5B11M90161,2026-06-03T16:38:27
AKOZLOWSKI-ALZD_akozlowski,346,2026-05-04 15:20:52,2026-06-01 14:04:54,27.95,0.5,11.926,26,4,0,0,0,0,1,QUALITY_SHORT_OBS,75010.0,74940.0,74940.0,75010.0,7,6,0,6,2026-05-28 14:10:15,4.0,21.467,1.0,15.0,14.0,182.95,42.857,0,0,0.09,99.92,False,False,4.0,0.0,0.0,16.0,100.0,84.0,0.3498,0.1333,0.0,0,0,0,0,0,1,1,0,0,,,0,0,,,0,0,,,0,0,0,0,0,0,0,3,3,0,0,,,0,0,,,0,0,,,0,0,0,0,0,0,0,2,2,0,0,,,0,0,,,0,0,,,0,0,,,,False,False,False,False,False,REVIEW_INSUFFICIENT_DATA,ACTION_COLLECT_MORE_DATA_OR_MANUAL_REVIEW,review,REVIEW_SHORT_OBS_ACTIVE_LIKE,,,REVIEW_SHORT_OBS_ACTIVE_LIKE,low,観測期間<120日でactive様（flat_tail<60）。経過観察で十分なことが多い。,52.7,5.7,"obs_days=27.9, n_samples=346, quality=QUALITY_SHORT_OBS -> insufficient/uncertain data",観測期間・サンプル数・カウンタ整合性のいずれかが不足しており信頼できる判定ができません。review_priorityに従い追加データ収集または手動レビューを行ってください。,v2.0-final,v2.0-final,v2.0-final,0.0,,,,,0.0,-1.0,n/a,ThinkPad T14 Gen 7,COSMX,5B11M90167,2026-06-03T16:38:27
AL-SVT7_xuxru,526,2025-02-18 11:27:19,2025-03-17 08:43:27,26.89,0.446,8.163,29,2,0,0,0,0,1,QUALITY_SHORT_OBS,55310.0,54290.0,53840.0,55310.0,23,22,2,20,2025-03-14 13:41:17,2.8,81.815,33.0,52.0,19.0,258.08,115.789,5,5,2.67,98.53,False,False,2.8,0.0,0.0,42.0,100.0,58.0,0.2294,0.0254,0.0,0,0,0,0,0,3,3,0,0,,,0,0,,,0,0,,,0,0,0,0,0,0,1,7,8,0,0,,1.0,0,0,,1.0,0,0,,1.0,0,0,0,0,0,0,1,4,5,0,0,,1.0,0,0,,1.0,0,0,,1.0,0,0,,,,False,False,False,False,False,REVIEW_INSUFFICIENT_DATA,ACTION_COLLECT_MORE_DATA_OR_MANUAL_REVIEW,review,REVIEW_SHORT_OBS_ACTIVE_LIKE,,,REVIEW_SHORT_OBS_ACTIVE_LIKE,low,観測期間<120日でactive様（flat_tail<60）。経過観察で十分なことが多い。,50.1,5.5,"obs_days=26.9, n_samples=526, quality=QUALITY_SHORT_OBS -> insufficient/uncertain data",観測期間・サンプル数・カウンタ整合性のいずれかが不足しており信頼できる判定ができません。review_priorityに従い追加データ収集または手動レビューを行ってください。,v2.0-final,v2.0-final,v2.0-final,0.0,,,,,0.0,-1.0,n/a,ThinkPad X9-14 Gen 1,Sunwoda,LNV-5B11M90102@,2026-06-03T16:38:27
ALLOY-SIT_mripp,299,2024-11-22 20:27:07,2024-12-31 05:26:06,38.37,0.5,13.875,23,9,0,0,0,0,1,QUALITY_SHORT_OBS,55130.0,55120.0,55120.0,55130.0,2,1,0,1,2024-11-25 07:00:31,35.9,2.606,5.0,6.0,1.0,9.52,100.0,0,0,0.01,100.04,False,False,35.9,0.0,0.0,77.0,100.0,23.0,0.9761,0.4126,0.0,0,0,0,0,0,0,0,0,0,,,0,0,,,0,0,,,0,0,0,0,0,0,0,0,0,0,0,,,0,0,,,0,0,,,0,0,0,0,0,0,0,0,0,0,0,,,0,0,,,0,0,,,0,0,,,,False,False,False,False,False,REVIEW_INSUFFICIENT_DATA,ACTION_COLLECT_MORE_DATA_OR_MANUAL_REVIEW,review,REVIEW_SHORT_OBS_ACTIVE_LIKE,,,REVIEW_SHORT_OBS_ACTIVE_LIKE,low,観測期間<120日でactive様（flat_tail<60）。経過観察で十分なことが多い。,70.5,11.0,"obs_days=38.4, n_samples=299, quality=QUALITY_SHORT_OBS -> insufficient/uncertain data",観測期間・サンプル数・カウンタ整合性のいずれかが不足しており信頼できる判定ができません。review_priorityに従い追加データ収集または手動レビューを行ってください。,v2.0-final,v2.0-final,v2.0-final,0.0,,,,,0.0,-1.0,n/a,ThinkPad X9-14 Gen 1,Sunwoda,LNV-5B11M90102,2026-06-03T16:38:27
ALLOY_FINALSVT,2693,2025-04-14 23:54:41,2025-07-25 08:31:28,101.36,0.5,0.501,70,14,0,0,0,0,1,QUALITY_SHORT_OBS,55080.0,54520.0,53780.0,55080.0,31,30,1,29,2025-07-24 21:59:07,0.4,29.597,9.0,36.0,27.0,97.29,111.111,3,3,2.36,98.95,False,False,0.4,0.0,0.0,74.0,95.0,21.0,0.8978,0.0,0.0,0,0,0,0,0,1,1,0,0,,,0,0,,,0,0,,,0,0,0,0,0,0,0,1,1,0,0,,,0,0,,,0,0,,,0,0,0,0,0,0,0,1,1,0,0,,,0,0,,,0,0,,,0,0,,,,False,False,False,False,False,REVIEW_INSUFFICIENT_DATA,ACTION_COLLECT_MORE_DATA_OR_MANUAL_REVIEW,review,REVIEW_SHORT_OBS_ACTIVE_LIKE,,,REVIEW_SHORT_OBS_ACTIVE_LIKE,low,観測期間<120日でactive様（flat_tail<60）。経過観察で十分なことが多い。,63.0,5.1,"obs_days=101.4, n_samples=2693, quality=QUALITY_SHORT_OBS -> insufficient/uncertain data",観測期間・サンプル数・カウンタ整合性のいずれかが不足しており信頼できる判定ができません。review_priorityに従い追加データ収集または手動レビューを行ってください。,v2.0-final,v2.0-final,v2.0-final,0.0,,,,,0.0,-1.0,n/a,ThinkPad X9-14 Gen 1,BYD,LNV-5B11M90101@,2026-06-03T16:38:27
AMALU_asanthosh,1863,2025-01-23 13:33:24,2025-05-29 13:27:35,126.0,0.5,8.576,127,14,0,0,0,0,1,QUALITY_OK,57040.0,54260.0,49400.0,59240.0,104,120,20,100,2025-05-29 12:09:04,0.1,95.238,1.0,79.0,78.0,226.11,153.846,49,49,17.26,95.14,False,False,0.1,0.0,0.0,93.0,100.0,7.0,0.4088,0.277,0.0,0,0,0,0,16,30,46,0,0,,0.9375,0,0,,1.0,0,0,,1.0,0,0,0,0,0,0,20,34,54,0,0,,0.95,0,0,,1.0,0,0,,1.0,0,0,0,0,0,0,18,33,51,0,0,,0.9444,0,0,,1.0,0,0,,1.0,0,0,,,,False,False,False,False,False,NORMAL_OR_RESPONDING,ACTION_NONE,high,NOT_NO_LOW_CHANGE_CANDIDATE,,,,,,67.7,10.0,"flat_tail=0.1d, fcc_changes=120, tail_cyc=0.0, tail_ok[90/80]=0/0, unresp_complete[90/80]=0/0, large_gap[90/80]=0/0 -> FCC still updating / not a no-low-change candidate",,v2.0-final,v2.0-final,v2.0-final,0.0,,,,,0.0,-1.0,n/a,ThinkPad X1 Carbon Gen 13,BYD,5B11M90100,2026-06-03T16:38:27
AMANDELBLOO-4SM_amandelbloom,6293,2025-01-08 11:12:54,2026-05-19 19:08:14,496.33,0.5,4.681,289,52,0,0,0,0,1,QUALITY_OK,55130.0,52290.0,49610.0,56550.0,129,142,17,125,2026-04-27 13:47:34,22.2,28.61,2.0,114.0,112.0,82.42,126.786,36,36,12.59,94.9,False,False,22.2,0.0,0.0,3.0,100.0,97.0,0.9165,0.7583,0.0004,0,0,0,0,2,18,20,0,0,,1.0,0,0,,1.0,0,0,,1.0,0,0,0,0,0,0,3,26,29,0,0,,1.0,0,0,,1.0,0,0,,1.0,0,0,0,0,0,0,3,20,23,0,0,,1.0,0,0,,1.0,0,0,,1.0,0,0,,,,False,False,False,False,False,NORMAL_OR_RESPONDING,ACTION_NONE,high,NOT_NO_LOW_CHANGE_CANDIDATE,,,,,,72.0,13.7,"flat_tail=22.2d, fcc_changes=142, tail_cyc=0.0, tail_ok[90/80]=0/0, unresp_complete[90/80]=0/0, large_gap[90/80]=0/0 -> FCC still updating / not a no-low-change candidate",,v2.0-final,v2.0-final,v2.0-final,0.0,,,,,0.0,-1.0,n/a,ThinkPad X9-14 Gen 1,Sunwoda,LNV-5B11M90102,2026-06-03T16:38:27
AMANDELBLOO-9TD_amandelbloom,1171,2026-01-14 13:19:27,2026-05-12 08:08:15,117.78,0.5,14.889,79,19,0,0,0,0,1,QUALITY_SHORT_OBS,75010.0,74820.0,74820.0,75730.0,18,17,1,16,2026-05-11 07:30:18,1.0,14.434,2.0,19.0,17.0,52.72,100.0,2,2,1.21,99.76,False,False,1.0,0.0,0.0,86.0,100.0,14.0,0.6437,0.4388,0.0,0,0,0,0,2,2,4,0,0,,1.0,0,0,,1.0,0,0,,1.0,0,0,0,0,0,0,2,5,7,0,0,,1.0,0,0,,1.0,0,0,,1.0,0,0,0,0,0,0,2,3,5,0,0,,1.0,0,0,,1.0,0,0,,1.0,0,0,,,,False,False,False,False,False,REVIEW_INSUFFICIENT_DATA,ACTION_COLLECT_MORE_DATA_OR_MANUAL_REVIEW,review,REVIEW_SHORT_OBS_ACTIVE_LIKE,,,REVIEW_SHORT_OBS_ACTIVE_LIKE,low,観測期間<120日でactive様（flat_tail<60）。経過観察で十分なことが多い。,60.5,5.2,"obs_days=117.8, n_samples=1171, quality=QUALITY_SHORT_OBS -> insufficient/uncertain data",観測期間・サンプル数・カウンタ整合性のいずれかが不足しており信頼できる判定ができません。review_priorityに従い追加データ収集または手動レビューを行ってください。,v2.0-final,v2.0-final,v2.0-final,0.0,,,,,0.0,-1.0,n/a,ThinkPad T14 Gen 7,COSMX,5B11M90167,2026-06-03T16:38:27
AMANDELBLOO-VBQ_amandelbloom,1501,2023-08-30 13:09:23,2024-11-27 10:16:47,454.88,0.5,12.073,112,35,0,0,0,0,1,QUALITY_OK,54890.0,52230.0,52230.0,54890.0,26,25,1,24,2024-04-26 12:23:59,214.9,5.496,2.0,23.0,21.0,16.86,119.048,4,4,4.87,95.48,False,False,214.9,0.0,0.0,30.0,99.0,69.0,0.5984,0.0027,0.0,0,0,0,0,1,4,5,0,0,,1.0,0,0,,1.0,0,0,,1.0,0,0,0,0,0,0,1,5,6,0,0,,1.0,0,0,,1.0,0,0,,1.0,0,0,0,0,0,0,1,5,6,0,0,,1.0,0,0,,1.0,0,0,,1.0,0,0,,,,False,True,False,False,True,ACTIONABLE_GAUGE_RESET_INSUFFICIENT_LEARNING_OPPORTUNITY,ACTION_GAUGE_RESET,high,GAUGE_HIGH_NO_OPPORTUNITY,NO_OPPORTUNITY_LOW_CYCLING;NO_OPPORTUNITY_SHALLOW_RANGE,,,,,92.0,40.0,"flat_tail=214.9d, fcc_changes=25, tail_cyc=0.0, tail_ok[90/80]=0/0, unresp_complete[90/80]=0/0, large_gap[90/80]=0/0, ac=0.60, min_rsoc=30.0 -> insufficient learning opportunity",FCC/SoHが長期間更新されておらず、ログ上は深い放電→再充電の学習機会が十分に確認できません（OK品質の機会が無く、large-gapを含めても判定可能な機会がない）。安全な環境でOEM推奨のバッテリーゲージリセット/キャリブレーションを実施し、その後72h〜7日間のテレメトリでFCC更新有無を確認してください。,v2.0-final,v2.0-final,v2.0-final,0.0,,,,,0.0,1.0,MIXED,ThinkPad X13 Gen 4,Sunwoda,5B11H56368,2026-06-03T16:38:27
AMANDELBLOOXH8H_amandelbloom,4658,2024-01-11 10:32:00,2025-01-09 13:30:29,364.12,0.5,8.467,254,55,0,0,0,0,1,QUALITY_OK,52500.0,48770.0,44110.0,53190.0,82,85,11,74,2025-01-02 09:35:57,7.2,23.344,1.0,75.0,74.0,74.23,114.865,19,18,17.29,92.9,False,False,7.2,0.0,0.0,71.0,100.0,29.0,0.9471,0.0805,0.0,0,0,0,0,0,22,22,0,0,,,0,0,,,0,0,,,0,0,0,0,0,0,0,25,25,0,0,,,0,0,,,0,0,,,0,0,0,0,0,0,0,23,23,0,0,,,0,0,,,0,0,,,0,0,,,,False,False,False,False,False,NORMAL_OR_RESPONDING,ACTION_NONE,high,NOT_NO_LOW_CHANGE_CANDIDATE,,,,,,70.1,11.2,"flat_tail=7.2d, fcc_changes=85, tail_cyc=0.0, tail_ok[90/80]=0/0, unresp_complete[90/80]=0/0, large_gap[90/80]=0/0 -> FCC still updating / not a no-low-change candidate",,v2.0-final,v2.0-final,v2.0-final,0.0,,,,,0.0,-1.0,n/a,ThinkPad T14 Gen 5,BYD,5B11H56417,2026-06-03T16:38:27
AMCCLARNON-1Z35_amcclarnon,1399,2024-03-14 12:02:59,2024-06-06 14:38:18,84.11,0.5,0.501,55,13,0,0,0,0,1,QUALITY_SHORT_OBS,46190.0,46090.0,46060.0,46620.0,16,18,8,10,2024-04-10 08:13:54,57.3,21.401,2.0,12.0,10.0,43.43,180.0,14,10,1.22,100.2,False,False,57.3,4.0,25.51,34.0,100.0,66.0,0.9543,0.7448,0.0,0,0,0,0,0,1,1,0,0,,,0,0,,,0,0,,,0,0,0,0,0,0,0,2,2,0,0,,,0,0,,,0,0,,,0,0,0,0,0,0,0,1,1,0,0,,,0,0,,,0,0,,,0,0,,,,False,False,False,False,False,REVIEW_INSUFFICIENT_DATA,ACTION_COLLECT_MORE_DATA_OR_MANUAL_REVIEW,review,REVIEW_SHORT_OBS_ACTIVE_LIKE,,,REVIEW_SHORT_OBS_ACTIVE_LIKE,low,観測期間<120日でactive様（flat_tail<60）。経過観察で十分なことが多い。,71.6,15.3,"obs_days=84.1, n_samples=1399, quality=QUALITY_SHORT_OBS -> insufficient/uncertain data",観測期間・サンプル数・カウンタ整合性のいずれかが不足しており信頼できる判定ができません。review_priorityに従い追加データ収集または手動レビューを行ってください。,v2.0-final,v2.0-final,v2.0-final,0.0,,,,,0.0,-1.0,n/a,ThinkPad L13 2-in-1 Gen 5,Sunwoda,5B11H56425,2026-06-03T16:38:27
AMCCLARNON-69JL_amcclarnon,667,2024-10-15 09:29:17,2024-11-06 13:57:02,22.19,0.5,0.5,11,2,0,0,0,0,1,QUALITY_SHORT_OBS,57950.0,57900.0,57900.0,57950.0,5,4,0,4,2024-11-04 07:01:49,2.3,18.026,1.0,5.0,4.0,65.84,100.0,0,0,0.08,101.53,False,False,2.3,0.0,0.0,58.0,100.0,42.0,1.0,0.867,0.0,0,0,0,0,0,1,1,0,0,,,0,0,,,0,0,,,0,0,0,0,0,0,0,1,1,0,0,,,0,0,,,0,0,,,0,0,0,0,0,0,0,1,1,0,0,,,0,0,,,0,0,,,0,0,,,,False,False,False,False,False,REVIEW_INSUFFICIENT_DATA,ACTION_COLLECT_MORE_DATA_OR_MANUAL_REVIEW,review,REVIEW_SHORT_OBS_ACTIVE_LIKE,,,REVIEW_SHORT_OBS_ACTIVE_LIKE,low,観測期間<120日でactive様（flat_tail<60）。経過観察で十分なことが多い。,65.4,5.4,"obs_days=22.2, n_samples=667, quality=QUALITY_SHORT_OBS -> insufficient/uncertain data",観測期間・サンプル数・カウンタ整合性のいずれかが不足しており信頼できる判定ができません。review_priorityに従い追加データ収集または手動レビューを行ってください。,v2.0-final,v2.0-final,v2.0-final,0.0,,,,,0.0,-1.0,n/a,ThinkPad X1 Carbon Gen 13,Celxpert,5B11M90098,2026-06-03T16:38:27
AMCCLARNON-TSEM_amcclarnon,2607,2025-05-28 13:45:24,2025-11-19 13:37:22,174.99,0.5,0.635,121,25,0,0,0,0,1,QUALITY_OK,58750.0,57980.0,57980.0,58750.0,7,6,0,6,2025-11-13 16:53:14,5.9,3.429,1.0,6.0,5.0,10.44,120.0,1,1,1.32,99.97,False,False,5.9,0.0,0.0,99.0,100.0,1.0,1.0,1.0,0.0,0,0,0,0,0,0,0,0,0,,,0,0,,,0,0,,,0,0,0,0,0,0,0,0,0,0,0,,,0,0,,,0,0,,,0,0,0,0,0,0,0,0,0,0,0,,,0,0,,,0,0,,,0,0,,,,False,False,False,False,False,NORMAL_OR_RESPONDING,ACTION_NONE,high,NOT_NO_LOW_CHANGE_CANDIDATE,,,,,,71.0,11.0,"flat_tail=5.9d, fcc_changes=6, tail_cyc=0.0, tail_ok[90/80]=0/0, unresp_complete[90/80]=0/0, large_gap[90/80]=0/0 -> FCC still updating / not a no-low-change candidate",,v2.0-final,v2.0-final,v2.0-final,0.0,,,,,0.0,-1.0,n/a,ThinkPad T14s 2-in-1 Gen 1,Celxpert,5B11M90106,2026-06-03T16:38:27
AMIGDOL-F67CCZ1_amigdol,291,2026-05-04 15:20:47,2026-06-01 09:56:49,27.78,0.5,15.496,23,4,0,0,0,0,1,QUALITY_SHORT_OBS,60120.0,60010.0,60010.0,60120.0,10,9,0,9,2026-06-01 09:56:49,0.0,32.397,3.0,12.0,9.0,118.33,100.0,0,0,0.18,100.02,False,False,0.0,0.0,,78.0,78.0,0.0,,,,0,0,0,0,0,0,0,0,0,,,0,0,,,0,0,,,0,0,0,0,0,0,0,0,0,0,0,,,0,0,,,0,0,,,0,0,0,0,0,0,0,0,0,0,0,,,0,0,,,0,0,,,0,0,,,,False,False,False,False,False,REVIEW_INSUFFICIENT_DATA,ACTION_COLLECT_MORE_DATA_OR_MANUAL_REVIEW,review,REVIEW_SHORT_OBS_ACTIVE_LIKE,,,REVIEW_SHORT_OBS_ACTIVE_LIKE,low,観測期間<120日でactive様（flat_tail<60）。経過観察で十分なことが多い。,65.0,5.0,"obs_days=27.8, n_samples=291, quality=QUALITY_SHORT_OBS -> insufficient/uncertain data",観測期間・サンプル数・カウンタ整合性のいずれかが不足しており信頼できる判定ができません。review_priorityに従い追加データ収集または手動レビューを行ってください。,v2.0-final,v2.0-final,v2.0-final,0.0,,,,,0.0,-1.0,n/a,ThinkPad T14 Gen 7,ATL,5B11M90172,2026-06-03T16:38:27
AMIKAMI-F49VQPZ_amikami,7843,2023-03-20 16:34:52,2024-12-09 09:52:57,629.72,0.5,1.51,323,81,0,0,0,0,1,QUALITY_OK,58990.0,57770.0,57770.0,58990.0,3,2,0,2,2024-11-07 12:59:19,31.9,0.318,1.0,130.0,129.0,74.82,1.55,2,2,2.14,101.26,False,False,31.9,5.0,57.3,46.0,100.0,54.0,0.873,0.3936,0.0,0,0,0,0,0,3,3,0,0,,,0,0,,,0,0,,,0,0,0,0,0,0,0,28,28,0,0,,,0,0,,,0,0,,,0,0,0,0,0,0,0,4,4,0,0,,,0,0,,,0,0,,,0,0,,,,False,False,True,True,True,WATCH_LOW_UPDATE_RATE_AMBIGUOUS,ACTION_MONITOR_OR_MANUAL_REVIEW,low,WATCH_ACTIVE_LOW_CADENCE,,WATCH_ACTIVE_LOW_CADENCE,,,,70.3,16.3,"flat_tail=31.9d, fcc_changes=2, tail_cyc=5.0, tail_ok[90/80]=0/0, unresp_complete[90/80]=0/0, large_gap[90/80]=0/0 -> ambiguous (watch)",FCC更新率は低いが完全凍結ではない/学習機会がlarge-gapまたは打ち切りで確証が弱い/境界的のため、FW確認に回す前にモニタリングまたは手動レビューを推奨します。,v2.0-final,v2.0-final,v2.0-final,0.0,,,,,0.0,0.0,AC_BOUND+SHALLOW_RANGE+LOW_CYCLING,ThinkPad X1 Yoga Gen 7,SMP,5B10W13973,2026-06-03T16:38:27
ANAKAMURA8-3ZVB_anakamura8,25241,2023-02-09 09:15:48,2026-05-19 17:15:26,1195.33,0.479,1.844,883,188,0,0,0,0,1,QUALITY_OK,57570.0,42430.0,41900.0,57570.0,11,10,3,7,2026-05-08 17:47:59,11.0,0.837,68.0,910.0,842.0,257.29,1.188,10,10,27.49,74.44,False,False,11.0,3.0,99.82,2.0,100.0,98.0,0.612,0.4105,0.0654,0,1,1,1,17,92,109,0,0,,0.1176,0,0,,0.1176,0,0,,0.1176,0,0,0,1,1,1,69,156,225,0,0,,0.029,0,0,,0.029,0,0,,0.0435,0,0,0,1,1,1,36,124,160,0,0,,0.0556,0,0,,0.0556,0,0,,0.0833,0,0,,,,False,False,True,True,True,WATCH_LOW_UPDATE_RATE_AMBIGUOUS,ACTION_MONITOR_OR_MANUAL_REVIEW,low,WATCH_POSSIBLE_OPPORTUNITY_WITH_LARGE_GAPS,,WATCH_POSSIBLE_OPPORTUNITY_WITH_LARGE_GAPS,,,,50.1,12.4,"flat_tail=11.0d, fcc_changes=10, tail_cyc=3.0, tail_ok[90/80]=0/0, unresp_complete[90/80]=0/0, large_gap[90/80]=1/1 -> ambiguous (watch)",FCC更新率は低いが完全凍結ではない/学習機会がlarge-gapまたは打ち切りで確証が弱い/境界的のため、FW確認に回す前にモニタリングまたは手動レビューを推奨します。,v2.0-final,v2.0-final,v2.0-final,0.0,,,,,0.0,1.0,MIXED,ThinkPad X1 Carbon Gen 9,Sunwoda,5B10W13975,2026-06-03T16:38:27
ANDY-TH1_zuyin,13116,2024-01-12 22:16:39,2026-03-24 11:50:32,801.57,0.5,5.034,518,84,0,1,0,0,1,QUALITY_COUNTER_RESET,57040.0,52940.0,52940.0,57740.0,143,177,5,172,2026-03-15 23:43:21,8.5,22.082,0.0,185.0,185.0,84.3,95.676,14,14,8.41,92.83,False,False,8.5,0.0,0.0,60.0,79.0,19.0,0.9682,0.0,0.0,0,0,0,0,1,9,10,0,0,,0.0,0,0,,0.0,0,0,,0.0,0,0,0,0,0,0,15,26,41,0,0,,0.8,0,0,,0.8,0,0,,0.8,0,0,0,0,0,0,2,13,15,0,0,,0.0,0,0,,0.0,0,0,,0.0,0,0,,,,False,False,False,False,False,REVIEW_INSUFFICIENT_DATA,ACTION_COLLECT_MORE_DATA_OR_MANUAL_REVIEW,review,REVIEW_COUNTER_RESET,,,REVIEW_COUNTER_RESET,high,cycleCountが減少（カウンタリセット/パック異常疑い）。生ログ確認が必要。,60.8,1.4,"obs_days=801.6, n_samples=13116, quality=QUALITY_COUNTER_RESET -> insufficient/uncertain data",観測期間・サンプル数・カウンタ整合性のいずれかが不足しており信頼できる判定ができません。review_priorityに従い追加データ収集または手動レビューを行ってください。,v2.0-final,v2.0-final,v2.0-final,0.0,,,,,0.0,-1.0,n/a,ThinkPad X1 Carbon Gen 12,Celxpert,5B11H56384,2026-06-03T16:38:27
ANDY_zuyin,1373,2023-12-28 16:41:29,2024-05-08 19:12:32,132.1,0.5,5.197,63,21,0,0,0,0,1,QUALITY_OK,51750.0,51750.0,51750.0,51750.0,1,0,0,0,2023-12-28 16:41:29,132.1,0.0,101.0,115.0,14.0,38.71,0.0,0,0,0.0,90.71,False,False,132.1,14.0,38.71,38.0,100.0,62.0,0.728,0.363,0.0,0,0,0,0,0,0,0,0,0,,,0,0,,,0,0,,,0,0,0,0,0,0,0,0,0,0,0,,,0,0,,,0,0,,,0,0,0,0,0,0,0,0,0,0,0,,,0,0,,,0,0,,,0,0,,,,True,False,False,False,True,ACTIONABLE_GAUGE_RESET_INSUFFICIENT_LEARNING_OPPORTUNITY,ACTION_GAUGE_RESET,high,GAUGE_HIGH_NO_OPPORTUNITY,NO_OPPORTUNITY_LOW_CYCLING;NO_OPPORTUNITY_SHALLOW_RANGE,,,,,79.6,34.8,"flat_tail=132.1d, fcc_changes=0, tail_cyc=14.0, tail_ok[90/80]=0/0, unresp_complete[90/80]=0/0, large_gap[90/80]=0/0, ac=0.73, min_rsoc=38.0 -> insufficient learning opportunity",FCC/SoHが長期間更新されておらず、ログ上は深い放電→再充電の学習機会が十分に確認できません（OK品質の機会が無く、large-gapを含めても判定可能な機会がない）。安全な環境でOEM推奨のバッテリーゲージリセット/キャリブレーションを実施し、その後72h〜7日間のテレメトリでFCC更新有無を確認してください。,v2.0-final,v2.0-final,v2.0-final,0.0,,,,,0.0,1.0,MIXED,ThinkPad X1 Carbon Gen 11,SMP,5B10W13973,2026-06-03T16:38:27
ANIETO1-F5GNTSH_anieto1,1033,2025-05-06 14:13:15,2026-03-17 07:57:38,314.74,0.5,14.328,68,18,0,0,0,0,1,QUALITY_OK,57000.0,56750.0,56750.0,57000.0,17,16,0,16,2025-09-16 11:33:44,181.8,5.084,0.0,17.0,17.0,19.73,94.118,0,0,0.44,99.56,False,False,181.8,0.0,0.0,2.0,95.0,93.0,1.0,0.0,0.0,0,0,0,0,0,0,0,0,0,,,0,0,,,0,0,,,0,0,0,0,0,0,0,0,0,0,0,,,0,0,,,0,0,,,0,0,0,0,0,0,0,0,0,0,0,,,0,0,,,0,0,,,0,0,,,,False,True,False,False,True,ACTIONABLE_GAUGE_RESET_INSUFFICIENT_LEARNING_OPPORTUNITY,ACTION_GAUGE_RESET,high,GAUGE_HIGH_NO_OPPORTUNITY,NO_OPPORTUNITY_AC_BOUND;NO_OPPORTUNITY_LOW_CYCLING,,,,,100.0,40.0,"flat_tail=181.8d, fcc_changes=16, tail_cyc=0.0, tail_ok[90/80]=0/0, unresp_complete[90/80]=0/0, large_gap[90/80]=0/0, ac=1.00, min_rsoc=2.0 -> insufficient learning opportunity",FCC/SoHが長期間更新されておらず、ログ上は深い放電→再充電の学習機会が十分に確認できません（OK品質の機会が無く、large-gapを含めても判定可能な機会がない）。安全な環境でOEM推奨のバッテリーゲージリセット/キャリブレーションを実施し、その後72h〜7日間のテレメトリでFCC更新有無を確認してください。,v2.0-final,v2.0-final,v2.0-final,0.0,,,,,0.0,1.0,MIXED,ThinkPad T14 Gen 6,Celxpert,5B11M90126,2026-06-03T16:38:27
ANODA-PF5E0G8K_anoda,1266,2026-02-17 16:21:35,2026-04-22 17:04:45,64.03,0.499,2.86,58,10,0,0,0,0,1,QUALITY_SHORT_OBS,58050.0,53790.0,53420.0,58050.0,28,29,3,26,2026-04-22 10:04:46,0.3,45.291,1.0,1.0,0.0,0.0,2900000000000.0,7,7,7.99,92.74,False,False,0.3,0.0,0.0,83.0,100.0,17.0,1.0,0.8571,0.0,0,0,0,0,0,5,5,0,0,,,0,0,,,0,0,,,0,0,0,0,0,0,0,8,8,0,0,,,0,0,,,0,0,,,0,0,0,0,0,0,0,7,7,0,0,,,0,0,,,0,0,,,0,0,,,,False,False,False,False,False,REVIEW_INSUFFICIENT_DATA,ACTION_COLLECT_MORE_DATA_OR_MANUAL_REVIEW,review,REVIEW_SHORT_OBS_ACTIVE_LIKE,,,REVIEW_SHORT_OBS_ACTIVE_LIKE,low,観測期間<120日でactive様（flat_tail<60）。経過観察で十分なことが多い。,65.0,5.0,"obs_days=64.0, n_samples=1266, quality=QUALITY_SHORT_OBS -> insufficient/uncertain data",観測期間・サンプル数・カウンタ整合性のいずれかが不足しており信頼できる判定ができません。review_priorityに従い追加データ収集または手動レビューを行ってください。,v2.0-final,v2.0-final,v2.0-final,0.0,,,,,0.0,-1.0,n/a,ThinkPad T14s Gen 6,ATL,5B11H56408,2026-06-03T16:38:27
ANUPT14S_avachali,7586,2024-03-13 10:00:21,2025-11-11 11:35:33,608.07,0.5,7.597,485,97,0,0,0,0,1,QUALITY_OK,54740.0,44780.0,44780.0,54970.0,95,98,3,95,2025-11-04 11:18:15,7.0,16.117,0.0,94.0,94.0,56.46,104.255,11,11,18.63,81.86,False,False,7.0,0.0,0.0,62.0,100.0,38.0,1.0,0.3426,0.0,0,0,0,0,1,9,10,0,0,,1.0,0,0,,1.0,0,0,,1.0,0,0,0,0,0,0,1,15,16,0,0,,1.0,0,0,,1.0,0,0,,1.0,0,0,0,0,0,0,1,10,11,0,0,,1.0,0,0,,1.0,0,0,,1.0,0,0,,,,False,False,False,False,False,NORMAL_OR_RESPONDING,ACTION_NONE,high,NOT_NO_LOW_CHANGE_CANDIDATE,,,,,,71.2,11.2,"flat_tail=7.0d, fcc_changes=98, tail_cyc=0.0, tail_ok[90/80]=0/0, unresp_complete[90/80]=0/0, large_gap[90/80]=0/0 -> FCC still updating / not a no-low-change candidate",,v2.0-final,v2.0-final,v2.0-final,0.0,,,,,0.0,-1.0,n/a,ThinkPad X13 2-in-1 Gen 5,BYD,5B11M90051,2026-06-03T16:38:27
ANUP_TINY,7491,2024-03-13 10:00:21,2025-11-04 11:48:15,601.07,0.5,7.563,478,96,0,0,0,0,1,QUALITY_OK,54740.0,44780.0,44780.0,54970.0,95,98,3,95,2025-11-04 11:18:15,0.0,16.304,0.0,94.0,94.0,57.12,104.255,11,11,18.63,81.86,False,False,0.0,0.0,0.0,62.0,81.0,19.0,1.0,0.0,0.0,0,0,0,0,1,9,10,0,0,,1.0,0,0,,1.0,0,0,,1.0,0,0,0,0,0,0,1,15,16,0,0,,1.0,0,0,,1.0,0,0,,1.0,0,0,0,0,0,0,1,10,11,0,0,,1.0,0,0,,1.0,0,0,,1.0,0,0,,,,False,False,False,False,False,NORMAL_OR_RESPONDING,ACTION_NONE,high,NOT_NO_LOW_CHANGE_CANDIDATE,,,,,,70.0,10.0,"flat_tail=0.0d, fcc_changes=98, tail_cyc=0.0, tail_ok[90/80]=0/0, unresp_complete[90/80]=0/0, large_gap[90/80]=0/0 -> FCC still updating / not a no-low-change candidate",,v2.0-final,v2.0-final,v2.0-final,0.0,,,,,0.0,-1.0,n/a,ThinkPad X13 2-in-1 Gen 5,BYD,5B11M90051,2026-06-03T16:38:27
AOHYAMA-F3Y6JVY_aohyama,10415,2023-02-06 10:07:59,2024-06-18 19:34:04,498.39,0.369,1.677,348,70,0,0,0,0,1,QUALITY_OK,57050.0,34600.0,34600.0,57050.0,405,459,38,421,2024-06-18 13:00:01,0.3,92.097,35.0,425.0,390.0,285.82,117.692,75,75,39.39,60.7,False,False,0.3,0.0,0.0,62.0,100.0,38.0,0.7687,0.4555,0.0,0,0,0,0,22,71,93,0,0,,1.0,0,0,,1.0,0,0,,1.0,0,0,0,0,0,0,49,113,162,0,0,,1.0,0,0,,1.0,0,0,,1.0,0,0,0,0,0,0,26,81,107,0,0,,1.0,0,0,,1.0,0,0,,1.0,0,0,,,,False,False,False,False,False,NORMAL_OR_RESPONDING,ACTION_NONE,high,NOT_NO_LOW_CHANGE_CANDIDATE,,,,,,65.4,10.1,"flat_tail=0.3d, fcc_changes=459, tail_cyc=0.0, tail_ok[90/80]=0/0, unresp_complete[90/80]=0/0, large_gap[90/80]=0/0 -> FCC still updating / not a no-low-change candidate",,v2.0-final,v2.0-final,v2.0-final,0.0,,,,,0.0,-1.0,n/a,ThinkPad T14s Gen 3,,,2026-06-03T16:38:27
APARAMESWAR-G5E_aparameswara,1073,2023-08-08 09:57:47,2023-11-08 10:18:25,92.01,0.5,9.454,76,15,0,0,0,0,1,QUALITY_SHORT_OBS,86000.0,83810.0,83810.0,86860.0,3,2,1,1,2023-10-12 05:02:33,27.2,2.174,2.0,35.0,33.0,131.0,6.061,2,2,3.55,97.45,False,False,27.2,8.0,107.35,5.0,100.0,95.0,0.3685,0.285,0.0242,0,0,0,0,1,4,5,0,0,,1.0,0,0,,1.0,0,0,,1.0,0,0,0,4,4,4,3,16,19,0,0,,0.3333,0,0,,0.3333,0,0,,0.3333,0,0,0,1,1,1,1,6,7,0,0,,1.0,0,0,,1.0,0,0,,1.0,0,0,,,,False,False,False,False,False,REVIEW_INSUFFICIENT_DATA,ACTION_COLLECT_MORE_DATA_OR_MANUAL_REVIEW,review,REVIEW_SHORT_OBS_ACTIVE_LIKE,,,REVIEW_SHORT_OBS_ACTIVE_LIKE,low,観測期間<120日でactive様（flat_tail<60）。経過観察で十分なことが多い。,32.9,11.1,"obs_days=92.0, n_samples=1073, quality=QUALITY_SHORT_OBS -> insufficient/uncertain data",観測期間・サンプル数・カウンタ整合性のいずれかが不足しており信頼できる判定ができません。review_priorityに従い追加データ収集または手動レビューを行ってください。,v2.0-final,v2.0-final,v2.0-final,0.0,,,,,0.0,-1.0,n/a,ThinkPad T16 Gen 2,Sunwoda,5B10W51873,2026-06-03T16:38:27
APARAMESWAR-PAD_aparameswara,6210,2024-04-09 11:19:29,2024-11-26 14:33:46,231.13,0.5,0.581,135,20,0,0,0,0,1,QUALITY_OK,55250.0,47040.0,46490.0,57350.0,135,153,26,127,2024-11-26 09:40:23,0.2,66.197,3.0,101.0,98.0,154.87,156.122,58,54,19.85,86.0,False,False,0.2,0.0,0.0,71.0,100.0,29.0,0.8674,0.409,0.0,0,0,0,0,15,33,48,0,0,,1.0,0,0,,1.0,0,0,,1.0,0,0,0,0,0,0,23,40,63,0,0,,1.0,0,0,,1.0,0,0,,1.0,0,0,0,0,0,0,17,35,52,0,0,,1.0,0,0,,1.0,0,0,,1.0,0,0,,,,False,False,False,False,False,NORMAL_OR_RESPONDING,ACTION_NONE,high,NOT_NO_LOW_CHANGE_CANDIDATE,,,,,,67.4,10.0,"flat_tail=0.2d, fcc_changes=153, tail_cyc=0.0, tail_ok[90/80]=0/0, unresp_complete[90/80]=0/0, large_gap[90/80]=0/0 -> FCC still updating / not a no-low-change candidate",,v2.0-final,v2.0-final,v2.0-final,0.0,,,,,0.0,-1.0,n/a,ThinkPad X13 2-in-1 Gen 5,Celxpert,5B11M90049,2026-06-03T16:38:27
ARAMAR-R9109T7G_aramar,9515,2023-02-08 10:35:11,2024-07-15 09:33:12,522.96,0.5,1.913,399,63,0,0,0,0,1,QUALITY_OK,68470.0,68000.0,65140.0,70430.0,254,420,218,202,2024-07-14 15:29:03,0.8,80.312,565.0,851.0,286.0,199.75,146.853,323,228,6.58,84.58,False,False,0.8,0.0,0.0,55.0,82.0,27.0,0.8351,0.0,0.0,0,0,0,0,0,21,21,0,0,,,0,0,,,0,0,,,0,0,0,0,0,0,7,46,53,0,0,,1.0,0,0,,1.0,0,0,,1.0,0,0,0,0,0,0,4,27,31,0,0,,1.0,0,0,,1.0,0,0,,1.0,0,0,,,,False,False,False,False,False,NORMAL_OR_RESPONDING,ACTION_NONE,high,NOT_NO_LOW_CHANGE_CANDIDATE,,,,,,66.8,10.1,"flat_tail=0.8d, fcc_changes=420, tail_cyc=0.0, tail_ok[90/80]=0/0, unresp_complete[90/80]=0/0, large_gap[90/80]=0/0 -> FCC still updating / not a no-low-change candidate",,v2.0-final,v2.0-final,v2.0-final,0.0,,,,,0.0,-1.0,n/a,ThinkPad X1 Extreme Gen 3,SMP,5B10X19049,2026-06-03T16:38:27
ARANGANATHA-8QB_aranganathan,1481,2023-08-21 11:21:40,2023-12-11 14:19:40,112.12,0.5,8.512,86,17,0,0,0,0,1,QUALITY_SHORT_OBS,53170.0,56400.0,50420.0,58530.0,22,22,14,8,2023-12-10 22:02:28,0.7,19.622,2.0,56.0,54.0,175.91,40.741,22,20,14.22,98.95,False,False,0.7,0.0,0.0,35.0,100.0,65.0,0.3463,0.4257,0.0,0,0,0,0,0,1,1,0,0,,,0,0,,,0,0,,,0,0,0,0,0,0,3,15,18,0,0,,0.3333,0,0,,0.6667,0,0,,1.0,0,0,0,0,0,0,0,1,1,0,0,,,0,0,,,0,0,,,0,0,,,,False,False,False,False,False,REVIEW_INSUFFICIENT_DATA,ACTION_COLLECT_MORE_DATA_OR_MANUAL_REVIEW,review,REVIEW_SHORT_OBS_ACTIVE_LIKE,,,REVIEW_SHORT_OBS_ACTIVE_LIKE,low,観測期間<120日でactive様（flat_tail<60）。経過観察で十分なことが多い。,52.0,5.1,"obs_days=112.1, n_samples=1481, quality=QUALITY_SHORT_OBS -> insufficient/uncertain data",観測期間・サンプル数・カウンタ整合性のいずれかが不足しており信頼できる判定ができません。review_priorityに従い追加データ収集または手動レビューを行ってください。,v2.0-final,v2.0-final,v2.0-final,0.0,,,,,0.0,-1.0,n/a,ThinkPad T14s Gen 4,SMP,5B10W51875,2026-06-03T16:38:27
ASANTHOSH-9S10E_asanthosh,1954,2024-02-15 11:49:27,2024-08-09 12:24:36,176.02,0.5,10.022,130,26,0,0,0,0,1,QUALITY_OK,57170.0,56750.0,56230.0,60330.0,118,137,25,112,2024-07-10 14:25:53,29.9,77.832,2.0,97.0,95.0,197.13,144.211,47,44,7.19,99.56,False,False,29.9,0.0,0.0,36.0,100.0,64.0,0.4062,0.3913,0.0,0,0,0,0,14,41,55,0,0,,1.0,0,0,,1.0,0,0,,1.0,0,0,0,0,0,0,30,48,78,0,0,,1.0,0,0,,1.0,0,0,,1.0,0,0,0,0,0,0,19,42,61,0,0,,1.0,0,0,,1.0,0,0,,1.0,0,0,,,,False,False,False,False,False,NORMAL_OR_RESPONDING,ACTION_NONE,high,NOT_NO_LOW_CHANGE_CANDIDATE,,,,,,63.1,15.0,"flat_tail=29.9d, fcc_changes=137, tail_cyc=0.0, tail_ok[90/80]=0/0, unresp_complete[90/80]=0/0, large_gap[90/80]=0/0 -> FCC still updating / not a no-low-change candidate",,v2.0-final,v2.0-final,v2.0-final,0.0,,,,,0.0,-1.0,n/a,ThinkPad L16 Gen 1,Sunwoda,5B11H56398,2026-06-03T16:38:27
ASANTHOSH-FT15Y_X1,666,2025-07-08 13:19:08,2025-10-14 10:43:42,97.89,0.5,17.27,66,19,0,0,0,0,1,QUALITY_SHORT_OBS,57040.0,54910.0,54910.0,58510.0,46,50,8,42,2025-10-13 10:54:15,1.0,51.078,2.0,36.0,34.0,126.86,147.059,15,14,6.32,96.28,False,False,1.0,0.0,0.0,6.0,69.0,63.0,0.2232,0.0,0.1663,0,0,0,0,1,20,21,0,0,,1.0,0,0,,1.0,0,0,,1.0,0,0,0,0,0,0,3,22,25,0,0,,1.0,0,0,,1.0,0,0,,1.0,0,0,0,0,0,0,2,21,23,0,0,,1.0,0,0,,1.0,0,0,,1.0,0,0,,,,False,False,False,False,False,REVIEW_INSUFFICIENT_DATA,ACTION_COLLECT_MORE_DATA_OR_MANUAL_REVIEW,review,REVIEW_SHORT_OBS_ACTIVE_LIKE,,,REVIEW_SHORT_OBS_ACTIVE_LIKE,low,観測期間<120日でactive様（flat_tail<60）。経過観察で十分なことが多い。,49.6,5.2,"obs_days=97.9, n_samples=666, quality=QUALITY_SHORT_OBS -> insufficient/uncertain data",観測期間・サンプル数・カウンタ整合性のいずれかが不足しており信頼できる判定ができません。review_priorityに従い追加データ収集または手動レビューを行ってください。,v2.0-final,v2.0-final,v2.0-final,0.0,,,,,0.0,-1.0,n/a,ThinkPad X1 2-in-1 Gen 10,BYD,5B11M90100,2026-06-03T16:38:27
ASANTHOSH-FT15Y_asanthosh,675,2025-07-08 13:19:08,2025-11-10 11:26:36,124.92,0.5,17.947,70,22,0,0,0,0,1,QUALITY_OK,57040.0,54350.0,54350.0,58510.0,47,51,8,43,2025-10-29 15:28:30,11.8,40.826,2.0,37.0,35.0,102.34,145.714,16,15,7.3,95.3,False,False,11.8,0.0,0.0,4.0,56.0,52.0,0.0,0.0,0.346,0,0,0,0,1,20,21,0,0,,1.0,0,0,,1.0,0,0,,1.0,0,0,0,0,0,0,3,22,25,0,0,,1.0,0,0,,1.0,0,0,,1.0,0,0,0,0,0,0,2,21,23,0,0,,1.0,0,0,,1.0,0,0,,1.0,0,0,,,,False,False,False,False,False,NORMAL_OR_RESPONDING,ACTION_NONE,high,NOT_NO_LOW_CHANGE_CANDIDATE,,,,,,54.6,12.0,"flat_tail=11.8d, fcc_changes=51, tail_cyc=0.0, tail_ok[90/80]=0/0, unresp_complete[90/80]=0/0, large_gap[90/80]=0/0 -> FCC still updating / not a no-low-change candidate",,v2.0-final,v2.0-final,v2.0-final,0.0,,,,,0.0,-1.0,n/a,ThinkPad X1 2-in-1 Gen 10,BYD,5B11M90100,2026-06-03T16:38:27
ASANTHOSH_asanthosh,904,2026-02-03 16:23:48,2026-05-29 22:40:36,115.26,0.5,14.504,98,16,0,0,0,0,1,QUALITY_SHORT_OBS,60000.0,58960.0,58260.0,61800.0,58,57,7,50,2026-05-29 08:06:57,0.6,49.453,1.0,48.0,47.0,148.94,121.277,16,16,5.9,98.27,False,False,0.6,0.0,0.0,10.0,100.0,90.0,0.1627,0.2246,0.0174,0,0,0,0,5,26,31,0,0,,1.0,0,0,,1.0,0,0,,1.0,0,0,0,0,0,0,6,27,33,0,0,,1.0,0,0,,1.0,0,0,,1.0,0,0,0,0,0,0,5,27,32,0,0,,1.0,0,0,,1.0,0,0,,1.0,0,0,,,,False,False,False,False,False,REVIEW_INSUFFICIENT_DATA,ACTION_COLLECT_MORE_DATA_OR_MANUAL_REVIEW,review,REVIEW_SHORT_OBS_ACTIVE_LIKE,,,REVIEW_SHORT_OBS_ACTIVE_LIKE,low,観測期間<120日でactive様（flat_tail<60）。経過観察で十分なことが多い。,48.4,5.1,"obs_days=115.3, n_samples=904, quality=QUALITY_SHORT_OBS -> insufficient/uncertain data",観測期間・サンプル数・カウンタ整合性のいずれかが不足しており信頼できる判定ができません。review_priorityに従い追加データ収集または手動レビューを行ってください。,v2.0-final,v2.0-final,v2.0-final,0.0,,,,,0.0,-1.0,n/a,ThinkPad P14s Gen 7,BYD,5B11M90175,2026-06-03T16:38:27
ASHISHIDO-RHBV7_ashishido,1490,2024-08-28 09:57:27,2024-11-06 19:50:42,70.41,0.5,0.5,26,9,0,0,0,0,1,QUALITY_SHORT_OBS,48320.0,47280.0,47190.0,48940.0,39,41,18,23,2024-11-06 10:38:13,0.4,58.23,241.0,248.0,7.0,36.31,585.714,25,16,3.47,93.72,False,False,0.4,0.0,0.0,30.0,100.0,70.0,0.3801,0.4344,0.0,0,0,0,0,0,1,1,0,0,,,0,0,,,0,0,,,0,0,0,0,0,0,0,1,1,0,0,,,0,0,,,0,0,,,0,0,0,0,0,0,0,1,1,0,0,,,0,0,,,0,0,,,0,0,,,,False,False,False,False,False,REVIEW_INSUFFICIENT_DATA,ACTION_COLLECT_MORE_DATA_OR_MANUAL_REVIEW,review,REVIEW_SHORT_OBS_ACTIVE_LIKE,,,REVIEW_SHORT_OBS_ACTIVE_LIKE,low,観測期間<120日でactive様（flat_tail<60）。経過観察で十分なことが多い。,52.7,5.1,"obs_days=70.4, n_samples=1490, quality=QUALITY_SHORT_OBS -> insufficient/uncertain data",観測期間・サンプル数・カウンタ整合性のいずれかが不足しており信頼できる判定ができません。review_priorityに従い追加データ収集または手動レビューを行ってください。,v2.0-final,v2.0-final,v2.0-final,0.0,,,,,0.0,-1.0,n/a,ThinkPad T14 Gen 1,SMP,5B10W13906,2026-06-03T16:38:27
ATOKYO-PF3TQD0N_atokyo,12328,2023-02-06 09:32:53,2024-07-16 10:49:35,526.05,0.377,3.753,488,63,0,0,0,0,1,QUALITY_OK,57570.0,57570.0,57570.0,57570.0,1,0,0,0,2023-02-06 09:32:53,526.1,0.0,77.0,249.0,172.0,119.42,0.0,0,0,0.0,101.0,True,True,526.1,172.0,119.42,2.0,100.0,98.0,0.5946,0.0489,0.0025,0,2,2,2,0,2,2,0,0,,,0,0,,,0,0,,,0,0,1,7,8,8,1,7,8,1,0,0.0,0.0,1,0,0.0,0.0,1,0,0.0,0.0,1,0,0,2,2,2,0,2,2,0,0,,,0,0,,,0,0,,,0,0,0.0,0.0,0.0,True,True,True,True,True,WATCH_LOW_UPDATE_RATE_AMBIGUOUS,ACTION_MONITOR_OR_MANUAL_REVIEW,low,WATCH_OTHER_AMBIGUOUS,,WATCH_OTHER_AMBIGUOUS,,,,54.7,76.0,"flat_tail=526.1d, fcc_changes=0, tail_cyc=172.0, tail_ok[90/80]=0/1, unresp_complete[90/80]=0/1, large_gap[90/80]=2/7 -> ambiguous (watch)",FCC更新率は低いが完全凍結ではない/学習機会がlarge-gapまたは打ち切りで確証が弱い/境界的のため、FW確認に回す前にモニタリングまたは手動レビューを推奨します。,v2.0-final,v2.0-final,v2.0-final,1.0,0.921,0.0,-0.921,-3.408,32.3,1.0,MIXED,ThinkPad X1 Yoga Gen 6,Sunwoda,5B10W13975,2026-06-03T16:38:27
AVACHALI-4SM98Q_avachali,7621,2024-03-13 10:00:21,2025-11-12 16:47:54,609.28,0.5,7.566,487,97,0,0,0,0,1,QUALITY_OK,54740.0,44780.0,44780.0,54970.0,95,98,3,95,2025-11-04 11:18:15,8.2,16.085,0.0,94.0,94.0,56.35,104.255,11,11,18.63,81.86,False,False,8.2,0.0,0.0,62.0,100.0,38.0,0.9706,0.3446,0.0,0,0,0,0,1,9,10,0,0,,1.0,0,0,,1.0,0,0,,1.0,0,0,0,0,0,0,1,15,16,0,0,,1.0,0,0,,1.0,0,0,,1.0,0,0,0,0,0,0,1,10,11,0,0,,1.0,0,0,,1.0,0,0,,1.0,0,0,,,,False,False,False,False,False,NORMAL_OR_RESPONDING,ACTION_NONE,high,NOT_NO_LOW_CHANGE_CANDIDATE,,,,,,70.8,11.4,"flat_tail=8.2d, fcc_changes=98, tail_cyc=0.0, tail_ok[90/80]=0/0, unresp_complete[90/80]=0/0, large_gap[90/80]=0/0 -> FCC still updating / not a no-low-change candidate",,v2.0-final,v2.0-final,v2.0-final,0.0,,,,,0.0,-1.0,n/a,ThinkPad X13 2-in-1 Gen 5,BYD,5B11M90051,2026-06-03T16:38:27
AVON-SVTSKU3_Avon,1170,2026-03-16 19:28:59,2026-06-01 16:37:34,76.88,0.5,7.924,69,11,0,0,0,0,1,QUALITY_SHORT_OBS,58030.0,57340.0,57340.0,58710.0,42,50,1,49,2026-06-01 13:34:59,0.1,65.036,2.0,56.0,54.0,256.55,92.593,3,3,2.36,98.86,False,False,0.1,0.0,0.0,1.0,55.0,54.0,0.0194,0.0,0.4291,0,0,0,0,3,7,10,0,0,,0.6667,0,0,,0.6667,0,0,,1.0,0,0,0,0,0,0,8,13,21,0,0,,1.0,0,0,,1.0,0,0,,1.0,0,0,0,0,0,0,6,8,14,0,0,,0.8333,0,0,,0.8333,0,0,,1.0,0,0,,,,False,False,False,False,False,REVIEW_INSUFFICIENT_DATA,ACTION_COLLECT_MORE_DATA_OR_MANUAL_REVIEW,review,REVIEW_SHORT_OBS_ACTIVE_LIKE,,,REVIEW_SHORT_OBS_ACTIVE_LIKE,low,観測期間<120日でactive様（flat_tail<60）。経過観察で十分なことが多い。,47.0,5.0,"obs_days=76.9, n_samples=1170, quality=QUALITY_SHORT_OBS -> insufficient/uncertain data",観測期間・サンプル数・カウンタ整合性のいずれかが不足しており信頼できる判定ができません。review_priorityに従い追加データ収集または手動レビューを行ってください。,v2.0-final,v2.0-final,v2.0-final,0.0,,,,,0.0,-1.0,n/a,ThinkPad X1 Carbon Gen 14,Sunwoda,5B11M90160,2026-06-03T16:38:27
AVON_SIT2,702,2026-02-10 20:42:36,2026-05-15 16:50:07,93.84,0.5,18.678,79,14,0,0,0,0,1,QUALITY_SHORT_OBS,58030.0,52450.0,52450.0,58030.0,14,13,0,13,2026-05-05 13:39:50,10.1,13.853,3.0,17.0,14.0,54.49,92.857,2,2,9.62,90.43,False,False,10.1,0.0,0.0,9.0,100.0,91.0,0.4525,0.3178,0.0238,0,0,0,0,0,3,3,0,0,,,0,0,,,0,0,,,0,0,0,0,0,0,0,6,6,0,0,,,0,0,,,0,0,,,0,0,0,0,0,0,0,4,4,0,0,,,0,0,,,0,0,,,0,0,,,,False,False,False,False,False,REVIEW_INSUFFICIENT_DATA,ACTION_COLLECT_MORE_DATA_OR_MANUAL_REVIEW,review,REVIEW_SHORT_OBS_ACTIVE_LIKE,,,REVIEW_SHORT_OBS_ACTIVE_LIKE,low,観測期間<120日でactive様（flat_tail<60）。経過観察で十分なことが多い。,55.7,6.7,"obs_days=93.8, n_samples=702, quality=QUALITY_SHORT_OBS -> insufficient/uncertain data",観測期間・サンプル数・カウンタ整合性のいずれかが不足しており信頼できる判定ができません。review_priorityに従い追加データ収集または手動レビューを行ってください。,v2.0-final,v2.0-final,v2.0-final,0.0,,,,,0.0,-1.0,n/a,ThinkPad X1 Carbon Gen 14,ATL,5B11M90161,2026-06-03T16:38:27
BDILLON-F4RV0ZR_bdillon,18500,2024-01-29 12:09:22,2025-09-13 17:20:31,593.22,0.5,0.5,57,5,0,0,0,0,1,QUALITY_OK,52930.0,42830.0,42830.0,52930.0,144,148,2,146,2025-09-13 17:20:14,0.0,24.949,1.0,151.0,150.0,92.36,98.667,13,12,19.21,81.47,False,False,0.0,0.0,0.0,92.0,92.0,0.0,1.0,0.0,0.0,0,0,0,0,0,0,0,0,0,,,0,0,,,0,0,,,0,0,0,0,0,0,3,3,6,0,0,,1.0,0,0,,1.0,0,0,,1.0,0,0,0,0,0,0,0,0,0,0,0,,,0,0,,,0,0,,,0,0,,,,False,False,False,False,False,NORMAL_OR_RESPONDING,ACTION_NONE,high,NOT_NO_LOW_CHANGE_CANDIDATE,,,,,,70.0,10.0,"flat_tail=0.0d, fcc_changes=148, tail_cyc=0.0, tail_ok[90/80]=0/0, unresp_complete[90/80]=0/0, large_gap[90/80]=0/0 -> FCC still updating / not a no-low-change candidate",,v2.0-final,v2.0-final,v2.0-final,0.0,,,,,0.0,-1.0,n/a,ThinkPad T14 Gen 5,SMP,5B11H56415,2026-06-03T16:38:27
BDILLON-F58TDBM_bdillon,14352,2025-03-20 09:39:00,2026-04-29 20:04:27,405.43,0.5,0.5,58,3,0,0,0,0,1,QUALITY_OK,57040.0,55260.0,55260.0,57040.0,101,100,0,100,2026-04-29 19:04:00,0.0,24.665,1.0,105.0,104.0,93.69,96.154,1,1,3.12,96.9,False,False,0.0,0.0,0.0,71.0,90.0,19.0,1.0,0.0,0.0,0,0,0,0,0,0,0,0,0,,,0,0,,,0,0,,,0,0,0,0,0,0,0,0,0,0,0,,,0,0,,,0,0,,,0,0,0,0,0,0,0,0,0,0,0,,,0,0,,,0,0,,,0,0,,,,False,False,False,False,False,NORMAL_OR_RESPONDING,ACTION_NONE,high,NOT_NO_LOW_CHANGE_CANDIDATE,,,,,,70.0,10.0,"flat_tail=0.0d, fcc_changes=100, tail_cyc=0.0, tail_ok[90/80]=0/0, unresp_complete[90/80]=0/0, large_gap[90/80]=0/0 -> FCC still updating / not a no-low-change candidate",,v2.0-final,v2.0-final,v2.0-final,0.0,,,,,0.0,-1.0,n/a,ThinkPad X1 2-in-1 Gen 10,Celxpert,5B11M90098,2026-06-03T16:38:27
BDILLON-F5CZRRY_T14,1158,2025-02-06 14:13:34,2025-03-06 10:27:31,27.84,0.5,0.512,10,0,0,0,0,0,1,QUALITY_SHORT_OBS,57000.0,56860.0,56860.0,57000.0,10,9,0,9,2025-03-04 16:15:12,1.8,32.328,3.0,12.0,9.0,118.08,100.0,0,0,0.25,99.75,False,False,1.8,0.0,0.0,65.0,100.0,35.0,0.8969,0.767,0.0,0,0,0,0,0,0,0,0,0,,,0,0,,,0,0,,,0,0,0,0,0,0,0,0,0,0,0,,,0,0,,,0,0,,,0,0,0,0,0,0,0,0,0,0,0,,,0,0,,,0,0,,,0,0,,,,False,False,False,False,False,REVIEW_INSUFFICIENT_DATA,ACTION_COLLECT_MORE_DATA_OR_MANUAL_REVIEW,review,REVIEW_SHORT_OBS_ACTIVE_LIKE,,,REVIEW_SHORT_OBS_ACTIVE_LIKE,low,観測期間<120日でactive様（flat_tail<60）。経過観察で十分なことが多い。,63.2,5.3,"obs_days=27.8, n_samples=1158, quality=QUALITY_SHORT_OBS -> insufficient/uncertain data",観測期間・サンプル数・カウンタ整合性のいずれかが不足しており信頼できる判定ができません。review_priorityに従い追加データ収集または手動レビューを行ってください。,v2.0-final,v2.0-final,v2.0-final,0.0,,,,,0.0,-1.0,n/a,ThinkPad T14 Gen 6,ATL,5B11M90125,2026-06-03T16:38:27
BDILLON-F5CZRRY_bdillon,1148,2025-02-06 14:13:34,2025-03-05 21:51:58,27.32,0.5,0.5,9,0,0,0,0,0,1,QUALITY_SHORT_OBS,57000.0,56860.0,56860.0,57000.0,10,9,0,9,2025-03-04 16:15:12,1.2,32.943,3.0,12.0,9.0,120.32,100.0,0,0,0.25,99.75,False,False,1.2,0.0,0.0,86.0,100.0,14.0,0.9447,0.8462,0.0,0,0,0,0,0,0,0,0,0,,,0,0,,,0,0,,,0,0,0,0,0,0,0,0,0,0,0,,,0,0,,,0,0,,,0,0,0,0,0,0,0,0,0,0,0,,,0,0,,,0,0,,,0,0,,,,False,False,False,False,False,REVIEW_INSUFFICIENT_DATA,ACTION_COLLECT_MORE_DATA_OR_MANUAL_REVIEW,review,REVIEW_SHORT_OBS_ACTIVE_LIKE,,,REVIEW_SHORT_OBS_ACTIVE_LIKE,low,観測期間<120日でactive様（flat_tail<60）。経過観察で十分なことが多い。,64.1,5.2,"obs_days=27.3, n_samples=1148, quality=QUALITY_SHORT_OBS -> insufficient/uncertain data",観測期間・サンプル数・カウンタ整合性のいずれかが不足しており信頼できる判定ができません。review_priorityに従い追加データ収集または手動レビューを行ってください。,v2.0-final,v2.0-final,v2.0-final,0.0,,,,,0.0,-1.0,n/a,ThinkPad T14 Gen 6,ATL,5B11M90125,2026-06-03T16:38:27
BDILLON-F62WZTG_bdillon,3821,2026-01-22 10:10:58,2026-04-28 09:40:16,95.98,0.5,0.802,32,0,0,0,0,0,1,QUALITY_SHORT_OBS,60000.0,59750.0,59750.0,60000.0,23,22,0,22,2026-04-27 20:28:19,0.5,22.921,0.0,25.0,25.0,95.14,88.0,0,0,0.42,99.58,False,False,0.5,0.0,0.0,92.0,100.0,8.0,0.9295,0.9515,0.0,0,0,0,0,0,0,0,0,0,,,0,0,,,0,0,,,0,0,0,0,0,0,0,0,0,0,0,,,0,0,,,0,0,,,0,0,0,0,0,0,0,0,0,0,0,,,0,0,,,0,0,,,0,0,,,,False,False,False,False,False,REVIEW_INSUFFICIENT_DATA,ACTION_COLLECT_MORE_DATA_OR_MANUAL_REVIEW,review,REVIEW_SHORT_OBS_ACTIVE_LIKE,,,REVIEW_SHORT_OBS_ACTIVE_LIKE,low,観測期間<120日でactive様（flat_tail<60）。経過観察で十分なことが多い。,63.7,5.1,"obs_days=96.0, n_samples=3821, quality=QUALITY_SHORT_OBS -> insufficient/uncertain data",観測期間・サンプル数・カウンタ整合性のいずれかが不足しており信頼できる判定ができません。review_priorityに従い追加データ収集または手動レビューを行ってください。,v2.0-final,v2.0-final,v2.0-final,0.0,,,,,0.0,-1.0,n/a,ThinkPad T16 Gen 5,Celxpert,5B11M90173,2026-06-03T16:38:27
BDILLON-F65JXS1_bdillon,553,2026-04-29 11:17:46,2026-05-19 15:49:01,20.19,0.5,4.172,19,0,0,0,0,0,1,QUALITY_SHORT_OBS,54760.0,54720.0,54720.0,54760.0,3,2,0,2,2026-05-17 16:07:07,2.0,9.906,1.0,5.0,4.0,72.36,50.0,0,0,0.07,100.04,False,False,2.0,0.0,0.0,74.0,100.0,26.0,0.8369,0.5961,0.0,0,0,0,0,0,0,0,0,0,,,0,0,,,0,0,,,0,0,0,0,0,0,0,0,0,0,0,,,0,0,,,0,0,,,0,0,0,0,0,0,0,0,0,0,0,,,0,0,,,0,0,,,0,0,,,,False,False,False,False,False,REVIEW_INSUFFICIENT_DATA,ACTION_COLLECT_MORE_DATA_OR_MANUAL_REVIEW,review,REVIEW_SHORT_OBS_ACTIVE_LIKE,,,REVIEW_SHORT_OBS_ACTIVE_LIKE,low,観測期間<120日でactive様（flat_tail<60）。経過観察で十分なことが多い。,62.1,5.3,"obs_days=20.2, n_samples=553, quality=QUALITY_SHORT_OBS -> insufficient/uncertain data",観測期間・サンプル数・カウンタ整合性のいずれかが不足しており信頼できる判定ができません。review_priorityに従い追加データ収集または手動レビューを行ってください。,v2.0-final,v2.0-final,v2.0-final,0.0,,,,,0.0,-1.0,n/a,ThinkPad X13 Gen 7,Sunwoda,5B11M90142,2026-06-03T16:38:27
BDILLON-F67NKP7_bdillon,316,2026-05-19 13:20:29,2026-05-27 16:54:00,8.15,0.5,1.499,3,0,0,0,0,0,1,QUALITY_SHORT_OBS,75010.0,75010.0,75010.0,75010.0,1,0,0,0,2026-05-19 13:20:29,8.1,0.0,2.0,4.0,2.0,89.63,0.0,0,0,0.0,100.01,True,False,8.1,2.0,89.65,67.0,100.0,33.0,0.9142,0.6402,0.0,0,0,0,0,0,0,0,0,0,,,0,0,,,0,0,,,0,0,0,0,0,0,0,0,0,0,0,,,0,0,,,0,0,,,0,0,0,0,0,0,0,0,0,0,0,,,0,0,,,0,0,,,0,0,,,,False,False,False,False,False,REVIEW_INSUFFICIENT_DATA,ACTION_COLLECT_MORE_DATA_OR_MANUAL_REVIEW,review,REVIEW_SHORT_OBS_ACTIVE_LIKE,,,REVIEW_SHORT_OBS_ACTIVE_LIKE,low,観測期間<120日でactive様（flat_tail<60）。経過観察で十分なことが多い。,63.6,6.8,"obs_days=8.2, n_samples=316, quality=QUALITY_SHORT_OBS -> insufficient/uncertain data",観測期間・サンプル数・カウンタ整合性のいずれかが不足しており信頼できる判定ができません。review_priorityに従い追加データ収集または手動レビューを行ってください。,v2.0-final,v2.0-final,v2.0-final,0.0,,,,,0.0,-1.0,n/a,ThinkPad P14s Gen 7,Sunwoda,5B11M90181,2026-06-03T16:38:27
BFALEIRO-0A1NXZ_bfaleiro,5130,2024-03-15 10:41:14,2026-02-06 10:54:39,693.01,0.5,6.662,261,53,0,0,0,0,1,QUALITY_OK,46000.0,42010.0,39900.0,46000.0,208,378,196,182,2025-01-29 19:15:30,372.7,54.545,2.0,146.0,144.0,75.9,262.5,262,179,13.26,91.33,False,False,372.7,2.0,1.96,0.0,100.0,100.0,0.458,0.0884,0.4735,0,0,0,0,6,30,36,0,0,,1.0,0,0,,1.0,0,0,,1.0,0,0,0,0,0,0,16,49,65,0,0,,0.9375,0,0,,0.9375,0,0,,1.0,0,0,0,0,0,0,7,38,45,0,0,,1.0,0,0,,1.0,0,0,,1.0,0,0,,,,False,True,False,False,True,ACTIONABLE_GAUGE_RESET_INSUFFICIENT_LEARNING_OPPORTUNITY,ACTION_GAUGE_RESET,high,GAUGE_HIGH_NO_OPPORTUNITY,NO_OPPORTUNITY_LOW_CYCLING,,,,,88.2,40.4,"flat_tail=372.7d, fcc_changes=378, tail_cyc=2.0, tail_ok[90/80]=0/0, unresp_complete[90/80]=0/0, large_gap[90/80]=0/0, ac=0.46, min_rsoc=0.0 -> insufficient learning opportunity",FCC/SoHが長期間更新されておらず、ログ上は深い放電→再充電の学習機会が十分に確認できません（OK品質の機会が無く、large-gapを含めても判定可能な機会がない）。安全な環境でOEM推奨のバッテリーゲージリセット/キャリブレーションを実施し、その後72h〜7日間のテレメトリでFCC更新有無を確認してください。,v2.0-final,v2.0-final,v2.0-final,0.0,,,,,0.0,3.0,LOW_CYCLING,ThinkPad L13 Gen 5,Celxpert,5B11H56424,2026-06-03T16:38:27
BFALEIRO-5C6ATS_bfaleiro,7074,2025-01-29 09:57:25,2026-05-16 12:26:59,472.1,0.5,0.565,186,47,0,0,0,0,1,QUALITY_OK,57040.0,50260.0,46320.0,57040.0,56,55,5,50,2026-04-25 11:26:02,21.0,11.65,2.0,51.0,49.0,37.91,112.245,11,11,18.8,88.13,False,False,21.0,0.0,0.0,0.0,90.0,90.0,0.0564,0.0,0.0564,0,0,0,0,0,6,6,0,0,,,0,0,,,0,0,,,0,0,0,0,0,0,0,7,7,0,0,,,0,0,,,0,0,,,0,0,0,0,0,0,0,6,6,0,0,,,0,0,,,0,0,,,0,0,,,,False,False,False,False,False,NORMAL_OR_RESPONDING,ACTION_NONE,high,NOT_NO_LOW_CHANGE_CANDIDATE,,,,,,54.6,13.5,"flat_tail=21.0d, fcc_changes=55, tail_cyc=0.0, tail_ok[90/80]=0/0, unresp_complete[90/80]=0/0, large_gap[90/80]=0/0 -> FCC still updating / not a no-low-change candidate",,v2.0-final,v2.0-final,v2.0-final,0.0,,,,,0.0,-1.0,n/a,ThinkPad X1 Carbon Gen 13,BYD,5B11M90100,2026-06-03T16:38:27
BFALEIRO-629K3A_bfaleiro,1865,2026-01-29 16:49:03,2026-05-27 11:07:49,117.76,0.5,9.574,117,12,0,0,0,0,1,QUALITY_SHORT_OBS,75010.0,77070.0,74660.0,77070.0,43,46,9,37,2026-05-20 10:17:27,7.0,39.062,1.0,39.0,38.0,117.86,121.053,12,11,3.21,102.76,False,False,7.0,0.0,0.0,65.0,100.0,35.0,0.6477,0.7169,0.0,0,0,0,0,0,3,3,0,0,,,0,0,,,0,0,,,0,0,0,0,0,0,0,8,8,0,0,,,0,0,,,0,0,,,0,0,0,0,0,0,0,6,6,0,0,,,0,0,,,0,0,,,0,0,,,,False,False,False,False,False,REVIEW_INSUFFICIENT_DATA,ACTION_COLLECT_MORE_DATA_OR_MANUAL_REVIEW,review,REVIEW_SHORT_OBS_ACTIVE_LIKE,,,REVIEW_SHORT_OBS_ACTIVE_LIKE,low,観測期間<120日でactive様（flat_tail<60）。経過観察で十分なことが多い。,59.1,6.2,"obs_days=117.8, n_samples=1865, quality=QUALITY_SHORT_OBS -> insufficient/uncertain data",観測期間・サンプル数・カウンタ整合性のいずれかが不足しており信頼できる判定ができません。review_priorityに従い追加データ収集または手動レビューを行ってください。,v2.0-final,v2.0-final,v2.0-final,0.0,,,,,0.0,-1.0,n/a,ThinkPad T14 Gen 7,COSMX,5B11M90167,2026-06-03T16:38:27
BILLWORK2_ottow,2239,2024-03-18 12:45:51,2024-06-06 14:12:40,80.06,0.5,0.5,52,1,0,0,0,0,1,QUALITY_SHORT_OBS,77100.0,76960.0,76960.0,77100.0,4,3,0,3,2024-06-01 05:20:40,5.4,3.747,4.0,7.0,3.0,13.69,100.0,2,0,0.19,102.61,False,False,5.4,0.0,0.0,98.0,100.0,2.0,1.0,0.5656,0.0,0,0,0,0,0,0,0,0,0,,,0,0,,,0,0,,,0,0,0,0,0,0,0,1,1,0,0,,,0,0,,,0,0,,,0,0,0,0,0,0,0,0,0,0,0,,,0,0,,,0,0,,,0,0,,,,False,False,False,False,False,REVIEW_INSUFFICIENT_DATA,ACTION_COLLECT_MORE_DATA_OR_MANUAL_REVIEW,review,REVIEW_SHORT_OBS_ACTIVE_LIKE,,,REVIEW_SHORT_OBS_ACTIVE_LIKE,low,観測期間<120日でactive様（flat_tail<60）。経過観察で十分なことが多い。,65.9,5.9,"obs_days=80.1, n_samples=2239, quality=QUALITY_SHORT_OBS -> insufficient/uncertain data",観測期間・サンプル数・カウンタ整合性のいずれかが不足しており信頼できる判定ができません。review_priorityに従い追加データ収集または手動レビューを行ってください。,v2.0-final,v2.0-final,v2.0-final,0.0,,,,,0.0,-1.0,n/a,ThinkPad P14s Gen 5,SMP,5B11H56401,2026-06-03T16:38:27
BKOCHUPARAM-BR2_bkochuparamb,5023,2025-09-16 15:15:36,2026-05-26 15:16:05,252.0,0.5,3.335,163,32,0,0,0,0,1,QUALITY_OK,91450.0,82740.0,82740.0,92150.0,117,119,11,108,2026-05-24 11:16:06,2.2,47.222,3.0,98.0,95.0,137.69,125.263,26,26,10.46,91.93,False,False,2.2,0.0,0.0,70.0,100.0,30.0,0.6816,0.2619,0.0,0,0,0,0,2,8,10,0,0,,1.0,0,0,,1.0,0,0,,1.0,0,0,0,0,0,0,3,12,15,0,0,,1.0,0,0,,1.0,0,0,,1.0,0,0,0,0,0,0,2,10,12,0,0,,1.0,0,0,,1.0,0,0,,1.0,0,0,,,,False,False,False,False,False,NORMAL_OR_RESPONDING,ACTION_NONE,high,NOT_NO_LOW_CHANGE_CANDIDATE,,,,,,64.0,10.4,"flat_tail=2.2d, fcc_changes=119, tail_cyc=0.0, tail_ok[90/80]=0/0, unresp_complete[90/80]=0/0, large_gap[90/80]=0/0 -> FCC still updating / not a no-low-change candidate",,v2.0-final,v2.0-final,v2.0-final,0.0,,,,,0.0,-1.0,n/a,ThinkPad T1g Gen 8,Sunwoda,5B11M37553,2026-06-03T16:38:27
BMIAO-PF4CFQ04_bmiao,1263,2023-06-09 13:45:11,2023-11-13 09:27:06,156.82,0.5,2.253,33,8,0,0,0,0,1,QUALITY_OK,86000.0,86000.0,86000.0,86000.0,1,0,0,0,2023-06-09 13:45:11,156.8,0.0,2.0,8.0,6.0,13.97,0.0,0,0,0.0,100.0,True,False,156.8,6.0,13.97,2.0,100.0,98.0,0.9251,0.531,0.0059,0,1,1,1,0,1,1,0,0,,,0,0,,,0,0,,,0,0,0,1,1,1,0,1,1,0,0,,,0,0,,,0,0,,,0,0,0,1,1,1,0,1,1,0,0,,,0,0,,,0,0,,,0,0,,,,True,False,False,False,True,WATCH_LOW_UPDATE_RATE_AMBIGUOUS,ACTION_MONITOR_OR_MANUAL_REVIEW,low,WATCH_POSSIBLE_OPPORTUNITY_WITH_LARGE_GAPS,,WATCH_POSSIBLE_OPPORTUNITY_WITH_LARGE_GAPS,,,,79.1,37.3,"flat_tail=156.8d, fcc_changes=0, tail_cyc=6.0, tail_ok[90/80]=0/0, unresp_complete[90/80]=0/0, large_gap[90/80]=1/1 -> ambiguous (watch)",FCC更新率は低いが完全凍結ではない/学習機会がlarge-gapまたは打ち切りで確証が弱い/境界的のため、FW確認に回す前にモニタリングまたは手動レビューを推奨します。,v2.0-final,v2.0-final,v2.0-final,0.0,,,,,0.0,1.0,MIXED,ThinkPad T16 Gen 2,Celxpert,5B10W51872,2026-06-03T16:38:27
BOB_Libra2.1-ELP2-SVT34,6228,2024-04-29 11:33:15,2025-07-03 09:34:30,429.92,0.5,0.5,110,46,0,2,0,0,1,QUALITY_COUNTER_RESET,91080.0,96310.0,90680.0,98820.0,9,8,3,5,2024-10-10 14:04:05,265.8,1.861,3.0,64.0,61.0,51.82,13.115,8,8,8.7,102.96,False,False,265.8,34.0,46.72,4.0,100.0,96.0,0.9898,0.4825,0.0014,0,0,0,0,0,3,3,0,0,,,0,0,,,0,0,,,0,0,0,0,0,0,0,5,5,0,0,,,0,0,,,0,0,,,0,0,0,0,0,0,0,4,4,0,0,,,0,0,,,0,0,,,0,0,,,,False,True,False,False,True,REVIEW_INSUFFICIENT_DATA,ACTION_COLLECT_MORE_DATA_OR_MANUAL_REVIEW,review,REVIEW_COUNTER_RESET,,,REVIEW_COUNTER_RESET,high,cycleCountが減少（カウンタリセット/パック異常疑い）。生ログ確認が必要。,74.8,36.8,"obs_days=429.9, n_samples=6228, quality=QUALITY_COUNTER_RESET -> insufficient/uncertain data",観測期間・サンプル数・カウンタ整合性のいずれかが不足しており信頼できる判定ができません。review_priorityに従い追加データ収集または手動レビューを行ってください。,v2.0-final,v2.0-final,v2.0-final,0.0,,,,,0.0,-1.0,n/a,ThinkPad P16 Gen 2,SMP,5B10W51893,2026-06-03T16:38:27
BRIAN_bcampbell,653,2026-04-06 14:34:24,2026-06-01 13:52:36,55.97,0.5,12.195,41,13,0,0,0,0,1,QUALITY_SHORT_OBS,58030.0,57990.0,57990.0,58030.0,5,4,0,4,2026-05-26 11:40:44,6.1,7.147,1.0,9.0,8.0,52.21,50.0,0,0,0.07,99.98,False,False,6.1,0.0,0.0,56.0,100.0,44.0,0.7296,0.6083,0.0,0,0,0,0,0,1,1,0,0,,,0,0,,,0,0,,,0,0,0,0,0,0,0,1,1,0,0,,,0,0,,,0,0,,,0,0,0,0,0,0,0,1,1,0,0,,,0,0,,,0,0,,,0,0,,,,False,False,False,False,False,REVIEW_INSUFFICIENT_DATA,ACTION_COLLECT_MORE_DATA_OR_MANUAL_REVIEW,review,REVIEW_SHORT_OBS_ACTIVE_LIKE,,,REVIEW_SHORT_OBS_ACTIVE_LIKE,low,観測期間<120日でactive様（flat_tail<60）。経過観察で十分なことが多い。,60.6,6.0,"obs_days=56.0, n_samples=653, quality=QUALITY_SHORT_OBS -> insufficient/uncertain data",観測期間・サンプル数・カウンタ整合性のいずれかが不足しており信頼できる判定ができません。review_priorityに従い追加データ収集または手動レビューを行ってください。,v2.0-final,v2.0-final,v2.0-final,0.0,,,,,0.0,-1.0,n/a,ThinkPad X1 Carbon Gen 14,COSMX,5B11M90162,2026-06-03T16:38:27
BRYAN_X1,8142,2023-04-04 22:34:38,2025-10-08 13:59:45,917.64,0.5,14.018,691,161,0,0,0,0,1,QUALITY_OK,58990.0,48590.0,48590.0,58990.0,14,13,3,10,2024-04-17 09:04:09,539.2,1.417,1.0,128.0,127.0,50.55,10.236,12,12,18.23,85.17,False,False,539.2,51.0,34.55,2.0,100.0,98.0,0.8481,0.3495,0.0057,0,4,4,4,2,15,17,0,0,,0.5,0,0,,0.5,0,0,,1.0,0,0,0,9,9,9,8,34,42,0,0,,0.5,0,0,,0.5,0,0,,0.875,0,0,0,6,6,6,2,21,23,0,0,,0.5,0,0,,0.5,0,0,,1.0,0,0,,,,False,True,False,False,True,WATCH_LOW_UPDATE_RATE_AMBIGUOUS,ACTION_MONITOR_OR_MANUAL_REVIEW,low,WATCH_POSSIBLE_OPPORTUNITY_WITH_LARGE_GAPS,,WATCH_POSSIBLE_OPPORTUNITY_WITH_LARGE_GAPS,,,,59.5,50.0,"flat_tail=539.2d, fcc_changes=13, tail_cyc=51.0, tail_ok[90/80]=0/0, unresp_complete[90/80]=0/0, large_gap[90/80]=4/9 -> ambiguous (watch)",FCC更新率は低いが完全凍結ではない/学習機会がlarge-gapまたは打ち切りで確証が弱い/境界的のため、FW確認に回す前にモニタリングまたは手動レビューを推奨します。,v2.0-final,v2.0-final,v2.0-final,0.0,,,,,0.0,1.0,MIXED,ThinkPad X1 Yoga Gen 8,SMP,5B11M90056,2026-06-03T16:38:27
CARBON9TH_Dexter,10159,2023-02-04 11:14:49,2024-06-07 09:10:29,488.91,0.5,3.806,342,46,0,0,0,0,1,QUALITY_OK,49600.0,49140.0,49140.0,49600.0,5,4,0,4,2023-07-10 16:06:29,332.7,0.818,206.0,433.0,227.0,169.58,1.762,2,2,0.81,86.13,False,False,332.7,139.0,152.59,2.0,100.0,98.0,0.8053,0.4456,0.0053,0,3,3,3,2,8,10,0,0,,0.5,0,0,,0.5,0,0,,0.5,0,0,4,23,27,27,13,35,48,4,0,0.0,0.0769,4,0,0.0,0.1538,4,0,0.0,0.1538,4,0,0,7,7,7,4,14,18,0,0,,0.25,0,0,,0.5,0,0,,0.5,0,0,0.0,0.0,0.0,False,True,True,True,True,ACTIONABLE_FW_CHECK_OPPORTUNITY_NO_RESPONSE,ACTION_FW_CHECK,high,FW_HIGH_UNRESPONDED_COMPLETE_WINDOWS,TERMINAL_FREEZE_AFTER_OPPORTUNITIES,,,,,57.0,94.0,"flat_tail=332.7d, fcc_changes=4, tail_cyc=139.0, tail_ok[90/80]=0/4, unresp_complete[90/80]=0/4, large_gap[90/80]=3/23 -> complete-window opportunities present but FCC did not respond",FCC/SoHが長期間更新されておらず、ログ上は深い放電→再充電の学習機会（完全窓・OK品質）が複数回確認されるのにFCCが応答していません。BIOS/EC/バッテリー関連FWのVersion確認とアップデート有無確認を優先してください。アップデート後、次回の学習機会後72h〜7日間でFCC更新有無を確認してください。,v2.0-final,v2.0-final,v2.0-final,4.0,0.979,0.0,-0.979,-1.213,77.1,1.0,MIXED,ThinkPad X1 Carbon Gen 9,SMP,5B10W13973,2026-06-03T16:38:27
CARLLAPTOP_CarlWu,8747,2023-05-05 20:52:11,2024-07-15 15:09:37,436.76,0.5,5.303,314,6,0,0,0,0,1,QUALITY_OK,57570.0,46400.0,46060.0,57570.0,5,5,1,4,2024-02-23 19:13:27,142.8,1.145,4.0,248.0,244.0,204.05,2.049,5,5,20.19,81.4,False,False,142.8,83.0,212.25,0.0,100.0,100.0,0.4648,0.3424,0.0192,3,8,11,11,14,18,32,3,0,0.0,0.2857,3,0,0.0,0.2857,3,0,0.0,0.2857,3,0,9,9,18,18,32,29,61,9,0,0.0,0.0938,9,0,0.0,0.125,9,0,0.0,0.1562,9,0,5,8,13,13,18,24,42,5,0,0.0,0.1667,5,0,0.0,0.1667,5,0,0.0,0.2222,5,0,0.0,0.0,0.0,False,False,True,True,True,ACTIONABLE_FW_CHECK_OPPORTUNITY_NO_RESPONSE,ACTION_FW_CHECK,medium,FW_MEDIUM_UNRESPONDED_COMPLETE_WINDOWS,LOW_UPDATE_RATE_WITH_OPPORTUNITIES,,,,,44.2,93.8,"flat_tail=142.8d, fcc_changes=5, tail_cyc=83.0, tail_ok[90/80]=3/9, unresp_complete[90/80]=3/9, large_gap[90/80]=8/9 -> complete-window opportunities present but FCC did not respond",FCC/SoHが長期間更新されておらず、ログ上は深い放電→再充電の学習機会（完全窓・OK品質）が複数回確認されるのにFCCが応答していません。BIOS/EC/バッテリー関連FWのVersion確認とアップデート有無確認を優先してください。アップデート後、次回の学習機会後72h〜7日間でFCC更新有無を確認してください。,v2.0-final,v2.0-final,v2.0-final,17.0,3.644,0.0,-3.644,-2.725,93.8,1.0,MIXED,ThinkPad X1 Carbon Gen 11,Sunwoda,5B10W13975,2026-06-03T16:38:27
CARZADON-3JDEXX_carzadon,9940,2023-02-03 09:09:44,2025-03-07 13:57:49,763.2,0.5,2.814,449,98,0,0,0,0,1,QUALITY_OK,46430.0,43140.0,42770.0,48680.0,428,1061,549,512,2025-03-06 16:54:59,0.9,139.02,168.0,662.0,494.0,236.42,214.777,721,479,11.71,85.51,False,False,0.9,0.0,0.0,90.0,97.0,7.0,0.0,0.0,0.0,0,0,0,0,8,62,70,0,0,,1.0,0,0,,1.0,0,0,,1.0,0,0,0,0,0,0,21,128,149,0,0,,1.0,0,0,,1.0,0,0,,1.0,0,0,0,0,0,0,10,89,99,0,0,,1.0,0,0,,1.0,0,0,,1.0,0,0,,,,False,False,False,False,False,NORMAL_OR_RESPONDING,ACTION_NONE,high,NOT_NO_LOW_CHANGE_CANDIDATE,,,,,,67.8,10.2,"flat_tail=0.9d, fcc_changes=1061, tail_cyc=0.0, tail_ok[90/80]=0/0, unresp_complete[90/80]=0/0, large_gap[90/80]=0/0 -> FCC still updating / not a no-low-change candidate",,v2.0-final,v2.0-final,v2.0-final,0.0,,,,,0.0,-1.0,n/a,ThinkPad T14 Gen 2i,SMP,5B10W51827,2026-06-03T16:38:27
CBLACKBURN-E2WL_cblackburn,802,2026-01-30 11:07:59,2026-03-30 07:59:57,58.87,0.5,14.886,44,10,0,0,0,0,1,QUALITY_SHORT_OBS,92230.0,92630.0,90420.0,92660.0,11,13,2,11,2026-03-20 10:43:42,9.9,22.083,2.0,11.0,9.0,55.84,144.444,5,5,2.49,102.92,False,False,9.9,0.0,0.0,78.0,100.0,22.0,0.9202,0.897,0.0,0,0,0,0,0,2,2,0,0,,,0,0,,,0,0,,,0,0,0,0,0,0,0,4,4,0,0,,,0,0,,,0,0,,,0,0,0,0,0,0,0,2,2,0,0,,,0,0,,,0,0,,,0,0,,,,False,False,False,False,False,REVIEW_INSUFFICIENT_DATA,ACTION_COLLECT_MORE_DATA_OR_MANUAL_REVIEW,review,REVIEW_SHORT_OBS_ACTIVE_LIKE,,,REVIEW_SHORT_OBS_ACTIVE_LIKE,low,観測期間<120日でactive様（flat_tail<60）。経過観察で十分なことが多い。,65.1,6.7,"obs_days=58.9, n_samples=802, quality=QUALITY_SHORT_OBS -> insufficient/uncertain data",観測期間・サンプル数・カウンタ整合性のいずれかが不足しており信頼できる判定ができません。review_priorityに従い追加データ収集または手動レビューを行ってください。,v2.0-final,v2.0-final,v2.0-final,0.0,,,,,0.0,-1.0,n/a,ThinkPad P16s Gen 5,COSMX,5B11M90179,2026-06-03T16:38:27
CBLACKBURN-TSG2_cblackburn,2576,2025-06-02 11:25:09,2026-05-18 11:09:31,349.99,0.5,15.894,160,51,0,0,0,0,1,QUALITY_OK,59130.0,53710.0,52210.0,59130.0,73,73,11,62,2026-05-08 10:50:38,10.0,20.858,1.0,54.0,53.0,55.31,137.736,28,28,11.93,92.6,False,False,10.0,0.0,0.0,57.0,100.0,43.0,0.8876,0.8267,0.0,0,0,0,0,0,15,15,0,0,,,0,0,,,0,0,,,0,0,0,0,0,0,1,23,24,0,0,,1.0,0,0,,1.0,0,0,,1.0,0,0,0,0,0,0,0,16,16,0,0,,,0,0,,,0,0,,,0,0,,,,False,False,False,False,False,NORMAL_OR_RESPONDING,ACTION_NONE,high,NOT_NO_LOW_CHANGE_CANDIDATE,,,,,,69.4,11.7,"flat_tail=10.0d, fcc_changes=73, tail_cyc=0.0, tail_ok[90/80]=0/0, unresp_complete[90/80]=0/0, large_gap[90/80]=0/0 -> FCC still updating / not a no-low-change candidate",,v2.0-final,v2.0-final,v2.0-final,0.0,,,,,0.0,-1.0,n/a,ThinkPad T14s 2-in-1 Gen 1,Celxpert,5B11M90106,2026-06-03T16:38:27
CBLACKBURNXY23A_cblackburn,2036,2024-02-13 06:40:17,2024-08-06 14:11:51,175.31,0.5,3.112,101,28,0,0,0,0,1,QUALITY_OK,52720.0,48990.0,44230.0,52720.0,50,50,7,43,2024-07-25 13:12:45,12.0,28.521,5.0,36.0,31.0,64.59,161.29,20,20,16.17,93.31,False,False,12.0,0.0,0.0,57.0,99.0,42.0,0.0,0.0658,0.0,0,0,0,0,0,14,14,0,0,,,0,0,,,0,0,,,0,0,0,0,0,0,0,19,19,0,0,,,0,0,,,0,0,,,0,0,0,0,0,0,0,17,17,0,0,,,0,0,,,0,0,,,0,0,,,,False,False,False,False,False,NORMAL_OR_RESPONDING,ACTION_NONE,high,NOT_NO_LOW_CHANGE_CANDIDATE,,,,,,58.0,12.0,"flat_tail=12.0d, fcc_changes=50, tail_cyc=0.0, tail_ok[90/80]=0/0, unresp_complete[90/80]=0/0, large_gap[90/80]=0/0 -> FCC still updating / not a no-low-change candidate",,v2.0-final,v2.0-final,v2.0-final,0.0,,,,,0.0,-1.0,n/a,ThinkPad P14s Gen 5 AMD,Celxpert,5B11H56416,2026-06-03T16:38:27
CBOULTON-5METJ1_cboulton,3142,2025-09-17 15:12:48,2026-06-01 08:27:48,256.72,0.5,9.296,195,33,0,0,0,0,1,QUALITY_OK,74990.0,69890.0,69220.0,74990.0,116,124,8,116,2026-05-28 11:18:24,3.9,48.302,1.0,105.0,104.0,147.97,119.231,23,23,7.7,93.19,False,False,3.9,0.0,0.0,66.0,99.0,33.0,0.0,0.0943,0.0,0,0,0,0,1,9,10,0,0,,1.0,0,0,,1.0,0,0,,1.0,0,0,0,0,0,0,1,12,13,0,0,,1.0,0,0,,1.0,0,0,,1.0,0,0,0,0,0,0,1,9,10,0,0,,1.0,0,0,,1.0,0,0,,1.0,0,0,,,,False,False,False,False,False,NORMAL_OR_RESPONDING,ACTION_NONE,high,NOT_NO_LOW_CHANGE_CANDIDATE,,,,,,59.6,10.7,"flat_tail=3.9d, fcc_changes=124, tail_cyc=0.0, tail_ok[90/80]=0/0, unresp_complete[90/80]=0/0, large_gap[90/80]=0/0 -> FCC still updating / not a no-low-change candidate",,v2.0-final,v2.0-final,v2.0-final,0.0,,,,,0.0,-1.0,n/a,ThinkPad P14s Gen 6,Sunwoda,5B11M90121,2026-06-03T16:38:27
CCHEN50-F3PD01M_cchen50,8751,2023-02-08 18:20:00,2024-10-18 09:54:01,617.65,0.5,2.615,377,89,0,0,0,0,1,QUALITY_OK,56020.0,50240.0,49890.0,56450.0,88,103,53,50,2024-07-09 19:25:33,100.6,16.676,26.0,118.0,92.0,54.4,111.957,73,60,11.51,88.14,False,False,100.6,10.0,36.31,32.0,100.0,68.0,0.9246,0.4148,0.0,0,0,0,0,0,2,2,0,0,,,0,0,,,0,0,,,0,0,0,0,0,0,0,6,6,0,0,,,0,0,,,0,0,,,0,0,0,0,0,0,0,5,5,0,0,,,0,0,,,0,0,,,0,0,,,,False,False,False,False,False,NORMAL_OR_RESPONDING,ACTION_NONE,high,NOT_NO_LOW_CHANGE_CANDIDATE,,,,,,80.3,28.8,"flat_tail=100.6d, fcc_changes=103, tail_cyc=10.0, tail_ok[90/80]=0/0, unresp_complete[90/80]=0/0, large_gap[90/80]=0/0 -> FCC still updating / not a no-low-change candidate",,v2.0-final,v2.0-final,v2.0-final,0.0,,,,,0.0,-1.0,n/a,ThinkPad X1 Carbon Gen 9,Celxpert,5B10W13974,2026-06-03T16:38:27
CCHOW3-PF4S7DN8_cchow3,1545,2024-01-29 12:12:47,2024-05-28 07:57:25,119.82,0.5,11.511,105,18,0,0,0,0,1,QUALITY_SHORT_OBS,39380.0,38300.0,38100.0,41850.0,25,25,3,22,2024-05-23 20:07:37,4.5,20.865,1.0,27.0,26.0,79.26,96.154,6,6,9.54,97.46,False,False,4.5,0.0,0.0,3.0,100.0,97.0,0.0001,0.1631,0.0001,0,0,0,0,0,5,5,0,0,,,0,0,,,0,0,,,0,0,0,0,0,0,1,8,9,0,0,,1.0,0,0,,1.0,0,0,,1.0,0,0,0,0,0,0,0,5,5,0,0,,,0,0,,,0,0,,,0,0,,,,False,False,False,False,False,REVIEW_INSUFFICIENT_DATA,ACTION_COLLECT_MORE_DATA_OR_MANUAL_REVIEW,review,REVIEW_SHORT_OBS_ACTIVE_LIKE,,,REVIEW_SHORT_OBS_ACTIVE_LIKE,low,観測期間<120日でactive様（flat_tail<60）。経過観察で十分なことが多い。,45.8,5.8,"obs_days=119.8, n_samples=1545, quality=QUALITY_SHORT_OBS -> insufficient/uncertain data",観測期間・サンプル数・カウンタ整合性のいずれかが不足しており信頼できる判定ができません。review_priorityに従い追加データ収集または手動レビューを行ってください。,v2.0-final,v2.0-final,v2.0-final,0.0,,,,,0.0,-1.0,n/a,ThinkPad T14 Gen 5,Celxpert,5B11H56413,2026-06-03T16:38:27
CCHOW3-PF4YBY4D_cchow3,1260,2024-06-10 11:38:47,2024-08-29 09:17:51,79.9,0.5,6.946,71,10,0,0,0,0,1,QUALITY_SHORT_OBS,72750.0,74370.0,70770.0,75210.0,19,18,1,17,2024-08-21 10:50:36,7.9,22.528,1.0,15.0,14.0,64.0,128.571,13,4,5.92,99.16,False,False,7.9,0.0,0.0,2.0,100.0,98.0,0.8549,0.4765,0.0611,0,0,0,0,0,6,6,0,0,,,0,0,,,0,0,,,0,0,0,0,0,0,0,6,6,0,0,,,0,0,,,0,0,,,0,0,0,0,0,0,0,6,6,0,0,,,0,0,,,0,0,,,0,0,,,,False,False,False,False,False,REVIEW_INSUFFICIENT_DATA,ACTION_COLLECT_MORE_DATA_OR_MANUAL_REVIEW,review,REVIEW_SHORT_OBS_ACTIVE_LIKE,,,REVIEW_SHORT_OBS_ACTIVE_LIKE,low,観測期間<120日でactive様（flat_tail<60）。経過観察で十分なことが多い。,63.4,6.3,"obs_days=79.9, n_samples=1260, quality=QUALITY_SHORT_OBS -> insufficient/uncertain data",観測期間・サンプル数・カウンタ整合性のいずれかが不足しており信頼できる判定ができません。review_priorityに従い追加データ収集または手動レビューを行ってください。,v2.0-final,v2.0-final,v2.0-final,0.0,,,,,0.0,-1.0,n/a,ThinkPad P14s Gen 5,SMP,5B11H56401,2026-06-03T16:38:27
CCOLGLAZIER-V05_ccolglazier,580,2026-04-30 11:12:58,2026-06-01 09:32:16,31.93,0.5,0.783,23,6,0,0,0,0,1,QUALITY_SHORT_OBS,60000.0,59920.0,59920.0,60000.0,8,7,0,7,2026-05-29 11:21:10,2.9,21.923,1.0,8.0,7.0,80.07,100.0,0,0,0.13,99.87,False,False,2.9,0.0,0.0,17.0,79.0,62.0,0.1143,0.0,0.0,0,0,0,0,0,0,0,0,0,,,0,0,,,0,0,,,0,0,0,0,0,0,0,1,1,0,0,,,0,0,,,0,0,,,0,0,0,0,0,0,0,0,0,0,0,,,0,0,,,0,0,,,0,0,,,,False,False,False,False,False,REVIEW_INSUFFICIENT_DATA,ACTION_COLLECT_MORE_DATA_OR_MANUAL_REVIEW,review,REVIEW_SHORT_OBS_ACTIVE_LIKE,,,REVIEW_SHORT_OBS_ACTIVE_LIKE,low,観測期間<120日でactive様（flat_tail<60）。経過観察で十分なことが多い。,47.8,5.5,"obs_days=31.9, n_samples=580, quality=QUALITY_SHORT_OBS -> insufficient/uncertain data",観測期間・サンプル数・カウンタ整合性のいずれかが不足しており信頼できる判定ができません。review_priorityに従い追加データ収集または手動レビューを行ってください。,v2.0-final,v2.0-final,v2.0-final,0.0,,,,,0.0,-1.0,n/a,ThinkPad P14s Gen 7 AMD,Sunwoda,5B11M90168,2026-06-03T16:38:27
CCOURTEIX-C7ECE_ccourteix,331,2024-08-07 08:19:47,2024-09-06 09:18:01,30.04,0.5,14.122,29,5,0,0,0,0,1,QUALITY_SHORT_OBS,58030.0,58030.0,58030.0,58030.0,1,0,0,0,2024-08-07 08:19:47,30.0,0.0,3.0,8.0,5.0,60.79,0.0,0,0,0.0,100.05,True,False,30.0,5.0,60.79,0.0,99.0,99.0,0.4116,0.003,0.0066,0,0,0,0,0,0,0,0,0,,,0,0,,,0,0,,,0,0,0,1,1,1,0,1,1,0,0,,,0,0,,,0,0,,,0,0,0,1,1,1,0,1,1,0,0,,,0,0,,,0,0,,,0,0,,,,False,False,False,False,False,REVIEW_INSUFFICIENT_DATA,ACTION_COLLECT_MORE_DATA_OR_MANUAL_REVIEW,review,REVIEW_SHORT_OBS_ACTIVE_LIKE,,,REVIEW_SHORT_OBS_ACTIVE_LIKE,low,観測期間<120日でactive様（flat_tail<60）。経過観察で十分なことが多い。,43.2,11.0,"obs_days=30.0, n_samples=331, quality=QUALITY_SHORT_OBS -> insufficient/uncertain data",観測期間・サンプル数・カウンタ整合性のいずれかが不足しており信頼できる判定ができません。review_priorityに従い追加データ収集または手動レビューを行ってください。,v2.0-final,v2.0-final,v2.0-final,0.0,,,,,0.0,-1.0,n/a,ThinkPad T14s Gen 6,Sunwoda,LNV-5B11H56404,2026-06-03T16:38:27
CDORNER-F5WFAPN_cdorner,291,2026-05-13 15:43:23,2026-06-01 12:21:33,18.86,0.5,3.984,12,3,0,0,0,0,1,QUALITY_SHORT_OBS,99900.0,99840.0,99840.0,99900.0,5,4,0,4,2026-05-29 11:06:21,3.1,21.209,2.0,6.0,4.0,77.47,100.0,0,0,0.06,99.94,False,False,3.1,0.0,0.0,72.0,100.0,28.0,0.7229,0.1305,0.0,0,0,0,0,0,0,0,0,0,,,0,0,,,0,0,,,0,0,0,0,0,0,0,0,0,0,0,,,0,0,,,0,0,,,0,0,0,0,0,0,0,0,0,0,0,,,0,0,,,0,0,,,0,0,,,,False,False,False,False,False,REVIEW_INSUFFICIENT_DATA,ACTION_COLLECT_MORE_DATA_OR_MANUAL_REVIEW,review,REVIEW_SHORT_OBS_ACTIVE_LIKE,,,REVIEW_SHORT_OBS_ACTIVE_LIKE,low,観測期間<120日でactive様（flat_tail<60）。経過観察で十分なことが多い。,60.0,5.5,"obs_days=18.9, n_samples=291, quality=QUALITY_SHORT_OBS -> insufficient/uncertain data",観測期間・サンプル数・カウンタ整合性のいずれかが不足しており信頼できる判定ができません。review_priorityに従い追加データ収集または手動レビューを行ってください。,v2.0-final,v2.0-final,v2.0-final,0.0,,,,,0.0,-1.0,n/a,ThinkPad T16g Gen 3,SMP,5B11M90135,2026-06-03T16:38:27
CFERLAND-0DYS2P_cferland,3057,2024-11-05 11:15:53,2025-05-21 08:00:32,196.86,0.5,9.031,215,21,0,0,0,0,1,QUALITY_OK,59850.0,59100.0,59100.0,59850.0,62,61,0,61,2025-05-20 07:21:06,1.0,30.986,2.0,46.0,44.0,81.64,138.636,0,0,1.29,101.9,False,False,1.0,0.0,0.0,91.0,99.0,8.0,0.8089,0.4471,0.0,0,0,0,0,0,0,0,0,0,,,0,0,,,0,0,,,0,0,0,0,0,0,0,0,0,0,0,,,0,0,,,0,0,,,0,0,0,0,0,0,0,0,0,0,0,,,0,0,,,0,0,,,0,0,,,,False,False,False,False,False,NORMAL_OR_RESPONDING,ACTION_NONE,high,NOT_NO_LOW_CHANGE_CANDIDATE,,,,,,67.5,10.2,"flat_tail=1.0d, fcc_changes=61, tail_cyc=0.0, tail_ok[90/80]=0/0, unresp_complete[90/80]=0/0, large_gap[90/80]=0/0 -> FCC still updating / not a no-low-change candidate",,v2.0-final,v2.0-final,v2.0-final,0.0,,,,,0.0,-1.0,n/a,ThinkPad T14s Gen 6,SMP,LNV-5B11H56403,2026-06-03T16:38:27
CGOOTEE-F66K4JN_cgootee,263,2026-05-05 14:17:01,2026-06-01 11:34:17,26.89,0.5,10.513,22,5,0,0,0,0,1,QUALITY_SHORT_OBS,75010.0,74970.0,74970.0,75010.0,4,3,0,3,2026-06-01 09:34:18,0.1,11.157,1.0,6.0,5.0,67.92,60.0,0,0,0.05,99.96,False,False,0.1,0.0,0.0,55.0,100.0,45.0,1.0,0.2499,0.0,0,0,0,0,0,0,0,0,0,,,0,0,,,0,0,,,0,0,0,0,0,0,0,0,0,0,0,,,0,0,,,0,0,,,0,0,0,0,0,0,0,0,0,0,0,,,0,0,,,0,0,,,0,0,,,,False,False,False,False,False,REVIEW_INSUFFICIENT_DATA,ACTION_COLLECT_MORE_DATA_OR_MANUAL_REVIEW,review,REVIEW_SHORT_OBS_ACTIVE_LIKE,,,REVIEW_SHORT_OBS_ACTIVE_LIKE,low,観測期間<120日でactive様（flat_tail<60）。経過観察で十分なことが多い。,65.0,5.0,"obs_days=26.9, n_samples=263, quality=QUALITY_SHORT_OBS -> insufficient/uncertain data",観測期間・サンプル数・カウンタ整合性のいずれかが不足しており信頼できる判定ができません。review_priorityに従い追加データ収集または手動レビューを行ってください。,v2.0-final,v2.0-final,v2.0-final,0.0,,,,,0.0,-1.0,n/a,ThinkPad T14 Gen 7,Sunwoda,5B11M90169,2026-06-03T16:38:27
CHANGYC2-1QSR8D_changyc2,15329,2023-02-06 09:37:20,2024-01-23 15:13:58,351.23,0.5,0.5,28,13,0,0,0,0,1,QUALITY_OK,40090.0,35900.0,34750.0,40450.0,66,87,39,48,2024-01-22 19:43:58,0.8,24.77,334.0,398.0,64.0,66.55,135.938,63,45,11.87,74.78,False,False,0.8,0.0,0.0,100.0,100.0,0.0,1.0,1.0,0.0,0,0,0,0,15,9,24,0,0,,1.0,0,0,,1.0,0,0,,1.0,0,0,0,0,0,0,24,11,35,0,0,,1.0,0,0,,1.0,0,0,,1.0,0,0,0,0,0,0,20,11,31,0,0,,1.0,0,0,,1.0,0,0,,1.0,0,0,,,,False,False,False,False,False,NORMAL_OR_RESPONDING,ACTION_NONE,high,NOT_NO_LOW_CHANGE_CANDIDATE,,,,,,70.1,10.1,"flat_tail=0.8d, fcc_changes=87, tail_cyc=0.0, tail_ok[90/80]=0/0, unresp_complete[90/80]=0/0, large_gap[90/80]=0/0 -> FCC still updating / not a no-low-change candidate",,v2.0-final,v2.0-final,v2.0-final,0.0,,,,,0.0,-1.0,n/a,ThinkPad X280,SMP,01AV471,2026-06-03T16:38:27
CHIKARA7-3PAB5T_chikara7,8007,2023-02-06 10:28:56,2024-07-29 16:38:14,539.26,0.48,2.803,357,76,0,0,0,0,1,QUALITY_OK,48080.0,48080.0,48080.0,48080.0,1,0,0,0,2023-02-06 10:28:56,539.3,0.0,80.0,302.0,222.0,150.36,0.0,0,0,0.0,84.28,False,False,539.3,222.0,150.37,1.0,100.0,99.0,0.5728,0.151,0.0214,0,2,2,2,0,2,2,0,0,,,0,0,,,0,0,,,0,0,5,64,69,69,5,64,69,5,0,0.0,0.0,5,0,0.0,0.0,5,0,0.0,0.0,5,0,0,10,10,10,0,10,10,0,0,,,0,0,,,0,0,,,0,0,0.0,0.0,0.0,True,True,True,True,True,ACTIONABLE_FW_CHECK_OPPORTUNITY_NO_RESPONSE,ACTION_FW_CHECK,high,FW_HIGH_UNRESPONDED_COMPLETE_WINDOWS,ZERO_UPDATE_AFTER_OPPORTUNITIES,,,,,51.8,100.0,"flat_tail=539.3d, fcc_changes=0, tail_cyc=222.0, tail_ok[90/80]=0/5, unresp_complete[90/80]=0/5, large_gap[90/80]=2/64 -> complete-window opportunities present but FCC did not respond",FCC/SoHが長期間更新されておらず、ログ上は深い放電→再充電の学習機会（完全窓・OK品質）が複数回確認されるのにFCCが応答していません。BIOS/EC/バッテリー関連FWのVersion確認とアップデート有無確認を優先してください。アップデート後、次回の学習機会後72h〜7日間でFCC更新有無を確認してください。,v2.0-final,v2.0-final,v2.0-final,5.0,0.27,0.0,-0.27,-0.557,63.6,1.0,MIXED,ThinkPad X1 Yoga Gen 6,SMP,5B10W13973,2026-06-03T16:38:27
CHIKARA7-ZBPQUS_chikara7,602,2024-07-02 19:20:54,2024-08-13 09:06:41,41.57,0.382,5.71,30,8,0,0,0,0,1,QUALITY_SHORT_OBS,56980.0,56840.0,56840.0,56980.0,13,12,0,12,2024-08-08 14:25:46,4.8,28.867,5.0,17.0,12.0,105.44,100.0,0,0,0.24,99.67,False,False,4.8,0.0,0.0,78.0,100.0,22.0,0.5799,0.4257,0.0,0,0,0,0,0,0,0,0,0,,,0,0,,,0,0,,,0,0,0,0,0,0,0,0,0,0,0,,,0,0,,,0,0,,,0,0,0,0,0,0,0,0,0,0,0,,,0,0,,,0,0,,,0,0,,,,False,False,False,False,False,REVIEW_INSUFFICIENT_DATA,ACTION_COLLECT_MORE_DATA_OR_MANUAL_REVIEW,review,REVIEW_SHORT_OBS_ACTIVE_LIKE,,,REVIEW_SHORT_OBS_ACTIVE_LIKE,low,観測期間<120日でactive様（flat_tail<60）。経過観察で十分なことが多い。,58.5,5.8,"obs_days=41.6, n_samples=602, quality=QUALITY_SHORT_OBS -> insufficient/uncertain data",観測期間・サンプル数・カウンタ整合性のいずれかが不足しており信頼できる判定ができません。review_priorityに従い追加データ収集または手動レビューを行ってください。,v2.0-final,v2.0-final,v2.0-final,0.0,,,,,0.0,-1.0,n/a,ThinkPad X1 2-in-1 Gen 9,BYD,5B11H56386,2026-06-03T16:38:27
CMORATAYA-MDFJZ_cmorataya,944,2025-10-08 11:09:18,2025-12-20 16:19:39,73.22,0.5,9.99,57,12,0,0,0,0,1,QUALITY_SHORT_OBS,75860.0,76420.0,75840.0,76590.0,19,18,1,17,2025-12-09 16:38:29,11.0,24.583,2.0,19.0,17.0,84.8,105.882,1,1,1.0,101.89,False,False,11.0,0.0,0.0,80.0,100.0,20.0,0.8498,0.7158,0.0,0,0,0,0,0,1,1,0,0,,,0,0,,,0,0,,,0,0,0,0,0,0,0,2,2,0,0,,,0,0,,,0,0,,,0,0,0,0,0,0,0,1,1,0,0,,,0,0,,,0,0,,,0,0,,,,False,False,False,False,False,REVIEW_INSUFFICIENT_DATA,ACTION_COLLECT_MORE_DATA_OR_MANUAL_REVIEW,review,REVIEW_SHORT_OBS_ACTIVE_LIKE,,,REVIEW_SHORT_OBS_ACTIVE_LIKE,low,観測期間<120日でactive様（flat_tail<60）。経過観察で十分なことが多い。,63.8,6.8,"obs_days=73.2, n_samples=944, quality=QUALITY_SHORT_OBS -> insufficient/uncertain data",観測期間・サンプル数・カウンタ整合性のいずれかが不足しており信頼できる判定ができません。review_priorityに従い追加データ収集または手動レビューを行ってください。,v2.0-final,v2.0-final,v2.0-final,0.0,,,,,0.0,-1.0,n/a,ThinkPad P16s Gen 4,Sunwoda,5B11M90121,2026-06-03T16:38:27
COC-X9-BE1_kojik,522,2025-03-25 13:40:27,2025-05-16 13:39:39,52.0,0.5,9.11,31,9,0,0,0,0,1,QUALITY_SHORT_OBS,55130.0,55410.0,55130.0,56180.0,17,16,2,14,2025-05-15 14:45:00,1.0,30.769,0.0,17.0,17.0,119.41,94.118,4,4,1.91,100.56,False,False,1.0,0.0,0.0,72.0,100.0,28.0,0.5392,0.3139,0.0,0,0,0,0,0,1,1,0,0,,,0,0,,,0,0,,,0,0,0,0,0,0,0,2,2,0,0,,,0,0,,,0,0,,,0,0,0,0,0,0,0,2,2,0,0,,,0,0,,,0,0,,,0,0,,,,False,False,False,False,False,REVIEW_INSUFFICIENT_DATA,ACTION_COLLECT_MORE_DATA_OR_MANUAL_REVIEW,review,REVIEW_SHORT_OBS_ACTIVE_LIKE,,,REVIEW_SHORT_OBS_ACTIVE_LIKE,low,観測期間<120日でactive様（flat_tail<60）。経過観察で十分なことが多い。,56.0,5.2,"obs_days=52.0, n_samples=522, quality=QUALITY_SHORT_OBS -> insufficient/uncertain data",観測期間・サンプル数・カウンタ整合性のいずれかが不足しており信頼できる判定ができません。review_priorityに従い追加データ収集または手動レビューを行ってください。,v2.0-final,v2.0-final,v2.0-final,0.0,,,,,0.0,-1.0,n/a,ThinkPad X9-14 Gen 1,BYD,LNV-5B11M90101,2026-06-03T16:38:27
COLIN_cdorner,1790,2025-10-13 15:02:56,2026-05-12 12:27:16,210.89,0.5,9.015,105,26,0,0,0,0,1,QUALITY_OK,99900.0,99620.0,99620.0,99900.0,19,18,0,18,2026-04-30 14:50:28,11.9,8.535,1.0,27.0,26.0,45.03,69.231,0,0,0.28,99.72,False,False,11.9,0.0,0.0,65.0,80.0,15.0,0.8083,0.0,0.0,0,0,0,0,0,0,0,0,0,,,0,0,,,0,0,,,0,0,0,0,0,0,0,4,4,0,0,,,0,0,,,0,0,,,0,0,0,0,0,0,0,0,0,0,0,,,0,0,,,0,0,,,0,0,,,,False,False,False,False,False,NORMAL_OR_RESPONDING,ACTION_NONE,high,NOT_NO_LOW_CHANGE_CANDIDATE,,,,,,68.1,12.0,"flat_tail=11.9d, fcc_changes=18, tail_cyc=0.0, tail_ok[90/80]=0/0, unresp_complete[90/80]=0/0, large_gap[90/80]=0/0 -> FCC still updating / not a no-low-change candidate",,v2.0-final,v2.0-final,v2.0-final,0.0,,,,,0.0,-1.0,n/a,ThinkPad P16 Gen 3,SMP,5B11M90135,2026-06-03T16:38:27
CPC-TESTER5_Ridge_Jia,1596,2023-08-14 14:50:43,2023-11-28 16:52:14,106.08,0.5,2.464,67,19,0,0,0,0,1,QUALITY_SHORT_OBS,52500.0,54070.0,52500.0,54070.0,2,1,1,0,2023-08-21 14:20:53,99.1,0.943,1.0,15.0,14.0,48.2,7.143,1,1,2.99,102.99,False,False,99.1,14.0,51.6,32.0,100.0,68.0,0.9265,0.5694,0.0,0,0,0,0,0,0,0,0,0,,,0,0,,,0,0,,,0,0,0,0,0,0,0,0,0,0,0,,,0,0,,,0,0,,,0,0,0,0,0,0,0,0,0,0,0,,,0,0,,,0,0,,,0,0,,,,False,False,False,False,False,REVIEW_INSUFFICIENT_DATA,ACTION_COLLECT_MORE_DATA_OR_MANUAL_REVIEW,review,REVIEW_SHORT_OBS_STALE_OR_VERY_STALE,,,REVIEW_SHORT_OBS_STALE_OR_VERY_STALE,high,観測期間<120日だがflat_tail>=60日（stale様）。優先的に追加観測。,73.0,24.3,"obs_days=106.1, n_samples=1596, quality=QUALITY_SHORT_OBS -> insufficient/uncertain data",観測期間・サンプル数・カウンタ整合性のいずれかが不足しており信頼できる判定ができません。review_priorityに従い追加データ収集または手動レビューを行ってください。,v2.0-final,v2.0-final,v2.0-final,0.0,,,,,0.0,-1.0,n/a,ThinkPad T14 Gen 4,LG,5B10W51863,2026-06-03T16:38:27
CPCTESTER202407_49005,1361,2024-07-08 15:40:49,2024-11-25 15:19:09,139.98,0.5,10.511,101,17,0,0,0,0,1,QUALITY_OK,59840.0,62910.0,57800.0,62980.0,19,18,1,17,2024-11-12 13:02:42,13.1,12.859,2.0,11.0,9.0,23.48,200.0,3,2,8.93,108.47,False,False,13.1,0.0,0.0,6.0,100.0,94.0,0.7293,0.7291,0.0002,0,0,0,0,0,2,2,0,0,,,0,0,,,0,0,,,0,0,0,0,0,0,0,3,3,0,0,,,0,0,,,0,0,,,0,0,0,0,0,0,0,2,2,0,0,,,0,0,,,0,0,,,0,0,,,,False,False,False,False,False,NORMAL_OR_RESPONDING,ACTION_NONE,high,NOT_NO_LOW_CHANGE_CANDIDATE,,,,,,66.8,12.2,"flat_tail=13.1d, fcc_changes=18, tail_cyc=0.0, tail_ok[90/80]=0/0, unresp_complete[90/80]=0/0, large_gap[90/80]=0/0 -> FCC still updating / not a no-low-change candidate",,v2.0-final,v2.0-final,v2.0-final,0.0,,,,,0.0,-1.0,n/a,ThinkPad T14s Gen 6,SMP,LNV-5B11H56403?,2026-06-03T16:38:27
CPOWELL1-577MKQ_cpowell1,432,2024-11-06 16:15:45,2024-12-12 09:14:20,35.71,0.5,15.958,32,4,0,0,0,0,1,QUALITY_SHORT_OBS,57100.0,57060.0,57060.0,57100.0,4,3,0,3,2024-12-03 14:10:46,8.8,8.401,0.0,3.0,3.0,30.68,100.0,0,0,0.07,100.05,False,False,8.8,0.0,0.0,83.0,100.0,17.0,0.8616,0.8863,0.0,0,0,0,0,0,0,0,0,0,,,0,0,,,0,0,,,0,0,0,0,0,0,0,0,0,0,0,,,0,0,,,0,0,,,0,0,0,0,0,0,0,0,0,0,0,,,0,0,,,0,0,,,0,0,,,,False,False,False,False,False,REVIEW_INSUFFICIENT_DATA,ACTION_COLLECT_MORE_DATA_OR_MANUAL_REVIEW,review,REVIEW_SHORT_OBS_ACTIVE_LIKE,,,REVIEW_SHORT_OBS_ACTIVE_LIKE,low,観測期間<120日でactive様（flat_tail<60）。経過観察で十分なことが多い。,63.7,6.5,"obs_days=35.7, n_samples=432, quality=QUALITY_SHORT_OBS -> insufficient/uncertain data",観測期間・サンプル数・カウンタ整合性のいずれかが不足しており信頼できる判定ができません。review_priorityに従い追加データ収集または手動レビューを行ってください。,v2.0-final,v2.0-final,v2.0-final,0.0,,,,,0.0,-1.0,n/a,ThinkPad X1 Carbon Gen 13,BYD,5B11M90100,2026-06-03T16:38:27
CPOWELL1-PF4Z89_cpowell1,1238,2024-08-20 16:15:56,2024-12-09 08:37:36,110.68,0.5,4.493,60,16,0,0,0,0,1,QUALITY_SHORT_OBS,48250.0,46920.0,46440.0,49720.0,36,39,8,31,2024-11-27 12:07:00,11.9,35.237,32.0,57.0,25.0,82.5,156.0,14,13,6.24,89.37,False,False,11.9,0.0,0.0,3.0,96.0,93.0,0.0,0.0,0.3801,0,0,0,0,3,11,14,0,0,,1.0,0,0,,1.0,0,0,,1.0,0,0,0,0,0,0,3,13,16,0,0,,1.0,0,0,,1.0,0,0,,1.0,0,0,0,0,0,0,3,12,15,0,0,,1.0,0,0,,1.0,0,0,,1.0,0,0,,,,False,False,False,False,False,REVIEW_INSUFFICIENT_DATA,ACTION_COLLECT_MORE_DATA_OR_MANUAL_REVIEW,review,REVIEW_SHORT_OBS_ACTIVE_LIKE,,,REVIEW_SHORT_OBS_ACTIVE_LIKE,low,観測期間<120日でactive様（flat_tail<60）。経過観察で十分なことが多い。,47.0,7.0,"obs_days=110.7, n_samples=1238, quality=QUALITY_SHORT_OBS -> insufficient/uncertain data",観測期間・サンプル数・カウンタ整合性のいずれかが不足しており信頼できる判定ができません。review_priorityに従い追加データ収集または手動レビューを行ってください。,v2.0-final,v2.0-final,v2.0-final,0.0,,,,,0.0,-1.0,n/a,ThinkPad T14 Gen 5,Sunwoda,5B11H56418,2026-06-03T16:38:27
CQUEEN-PW06FV2M_cqueen,16556,2023-10-23 08:37:45,2026-05-13 14:02:10,933.23,0.5,4.154,704,119,0,0,0,0,1,QUALITY_OK,92670.0,74190.0,70080.0,93510.0,82,90,34,56,2026-04-21 08:38:30,22.2,9.644,1.0,316.0,315.0,123.29,28.571,82,79,26.01,82.35,False,False,22.2,5.0,82.17,5.0,100.0,95.0,0.7512,0.6165,0.0122,0,1,1,1,8,45,53,0,0,,0.375,0,0,,0.5,0,0,,0.75,0,0,0,1,1,1,35,96,131,0,0,,0.5714,0,0,,0.6286,0,0,,0.7714,0,0,0,1,1,1,15,65,80,0,0,,0.3333,0,0,,0.4667,0,0,,0.6667,0,0,,,,False,False,False,False,False,NORMAL_OR_RESPONDING,ACTION_NONE,high,NOT_NO_LOW_CHANGE_CANDIDATE,,,,,,53.7,14.7,"flat_tail=22.2d, fcc_changes=90, tail_cyc=5.0, tail_ok[90/80]=0/0, unresp_complete[90/80]=0/0, large_gap[90/80]=1/1 -> FCC still updating / not a no-low-change candidate",,v2.0-final,v2.0-final,v2.0-final,0.0,,,,,0.0,-1.0,n/a,ThinkPad P1 Gen 5,SMP,5B11B79217,2026-06-03T16:38:27
CQUICK-PF4H4VXC_cquick,3012,2023-08-30 13:08:08,2024-01-17 16:39:52,140.15,0.5,3.812,98,15,0,0,0,0,1,QUALITY_OK,54740.0,50250.0,49400.0,54740.0,68,68,5,63,2024-01-16 21:12:44,0.8,48.519,3.0,67.0,64.0,166.79,106.25,10,10,9.76,91.86,False,False,0.8,0.0,0.0,19.0,100.0,81.0,0.5577,0.3505,0.0057,0,0,0,0,0,3,3,0,0,,,0,0,,,0,0,,,0,0,0,0,0,0,0,5,5,0,0,,,0,0,,,0,0,,,0,0,0,0,0,0,0,3,3,0,0,,,0,0,,,0,0,,,0,0,,,,False,False,False,False,False,NORMAL_OR_RESPONDING,ACTION_NONE,high,NOT_NO_LOW_CHANGE_CANDIDATE,,,,,,61.3,10.1,"flat_tail=0.8d, fcc_changes=68, tail_cyc=0.0, tail_ok[90/80]=0/0, unresp_complete[90/80]=0/0, large_gap[90/80]=0/0 -> FCC still updating / not a no-low-change candidate",,v2.0-final,v2.0-final,v2.0-final,0.0,,,,,0.0,-1.0,n/a,ThinkPad X13 Gen 4,Sunwoda,5B11H56368,2026-06-03T16:38:27
CQUITIAN-5E0G78_cquitian,360,2026-04-02 16:08:17,2026-04-22 16:41:46,20.02,0.5,9.328,20,1,0,0,0,0,1,QUALITY_SHORT_OBS,58050.0,58490.0,58050.0,58630.0,6,5,1,4,2026-04-22 10:36:50,0.3,24.975,1.0,1.0,0.0,0.0,500000000000.0,1,1,1.0,100.84,False,False,0.3,0.0,0.0,58.0,100.0,42.0,0.4375,0.3288,0.0,0,0,0,0,0,0,0,0,0,,,0,0,,,0,0,,,0,0,0,0,0,0,0,1,1,0,0,,,0,0,,,0,0,,,0,0,0,0,0,0,0,1,1,0,0,,,0,0,,,0,0,,,0,0,,,,False,False,False,False,False,REVIEW_INSUFFICIENT_DATA,ACTION_COLLECT_MORE_DATA_OR_MANUAL_REVIEW,review,REVIEW_SHORT_OBS_ACTIVE_LIKE,,,REVIEW_SHORT_OBS_ACTIVE_LIKE,low,観測期間<120日でactive様（flat_tail<60）。経過観察で十分なことが多い。,53.8,5.0,"obs_days=20.0, n_samples=360, quality=QUALITY_SHORT_OBS -> insufficient/uncertain data",観測期間・サンプル数・カウンタ整合性のいずれかが不足しており信頼できる判定ができません。review_priorityに従い追加データ収集または手動レビューを行ってください。,v2.0-final,v2.0-final,v2.0-final,0.0,,,,,0.0,-1.0,n/a,ThinkPad T14s Gen 6,ATL,5B11H56408,2026-06-03T16:38:27
CRAMPELBERG-VRJ_T14,1086,2025-04-22 10:05:32,2025-07-29 09:47:52,97.99,0.5,11.78,81,16,0,0,0,0,1,QUALITY_SHORT_OBS,57000.0,57330.0,57000.0,57560.0,17,16,1,15,2025-07-17 12:01:06,11.9,16.328,2.0,17.0,15.0,55.91,106.667,1,1,0.98,100.58,False,False,11.9,0.0,0.0,20.0,100.0,80.0,0.5318,0.3819,0.0,0,0,0,0,0,0,0,0,0,,,0,0,,,0,0,,,0,0,0,0,0,0,0,1,1,0,0,,,0,0,,,0,0,,,0,0,0,0,0,0,0,0,0,0,0,,,0,0,,,0,0,,,0,0,,,,False,False,False,False,False,REVIEW_INSUFFICIENT_DATA,ACTION_COLLECT_MORE_DATA_OR_MANUAL_REVIEW,review,REVIEW_SHORT_OBS_ACTIVE_LIKE,,,REVIEW_SHORT_OBS_ACTIVE_LIKE,low,観測期間<120日でactive様（flat_tail<60）。経過観察で十分なことが多い。,57.6,7.0,"obs_days=98.0, n_samples=1086, quality=QUALITY_SHORT_OBS -> insufficient/uncertain data",観測期間・サンプル数・カウンタ整合性のいずれかが不足しており信頼できる判定ができません。review_priorityに従い追加データ収集または手動レビューを行ってください。,v2.0-final,v2.0-final,v2.0-final,0.0,,,,,0.0,-1.0,n/a,ThinkPad T14 Gen 6,ATL,5B11M90125,2026-06-03T16:38:27
CRAMPELBERG-VRJ_crampelberg,1085,2025-04-22 10:05:32,2025-07-28 15:16:51,97.22,0.5,11.69,80,16,0,0,0,0,1,QUALITY_SHORT_OBS,57000.0,57330.0,57000.0,57560.0,17,16,1,15,2025-07-17 12:01:06,11.1,16.458,2.0,17.0,15.0,56.35,106.667,1,1,0.98,100.58,False,False,11.1,0.0,0.0,20.0,100.0,80.0,0.4945,0.4124,0.0,0,0,0,0,0,0,0,0,0,,,0,0,,,0,0,,,0,0,0,0,0,0,0,1,1,0,0,,,0,0,,,0,0,,,0,0,0,0,0,0,0,0,0,0,0,,,0,0,,,0,0,,,0,0,,,,False,False,False,False,False,REVIEW_INSUFFICIENT_DATA,ACTION_COLLECT_MORE_DATA_OR_MANUAL_REVIEW,review,REVIEW_SHORT_OBS_ACTIVE_LIKE,,,REVIEW_SHORT_OBS_ACTIVE_LIKE,low,観測期間<120日でactive様（flat_tail<60）。経過観察で十分なことが多い。,56.7,6.8,"obs_days=97.2, n_samples=1085, quality=QUALITY_SHORT_OBS -> insufficient/uncertain data",観測期間・サンプル数・カウンタ整合性のいずれかが不足しており信頼できる判定ができません。review_priorityに従い追加データ収集または手動レビューを行ってください。,v2.0-final,v2.0-final,v2.0-final,0.0,,,,,0.0,-1.0,n/a,ThinkPad T14 Gen 6,ATL,5B11M90125,2026-06-03T16:38:27
CRISTIAN_cmorataya,645,2025-09-05 11:28:35,2025-10-07 11:42:40,32.01,0.215,3.486,26,6,0,0,0,0,1,QUALITY_SHORT_OBS,54760.0,54690.0,54690.0,54760.0,5,4,0,4,2025-10-03 09:39:09,4.1,12.496,2.0,8.0,6.0,68.46,66.667,0,0,0.13,99.98,False,False,4.1,0.0,0.0,49.0,100.0,51.0,0.5367,0.8282,0.0,0,0,0,0,0,0,0,0,0,,,0,0,,,0,0,,,0,0,0,0,0,0,0,0,0,0,0,,,0,0,,,0,0,,,0,0,0,0,0,0,0,0,0,0,0,,,0,0,,,0,0,,,0,0,,,,False,False,False,False,False,REVIEW_INSUFFICIENT_DATA,ACTION_COLLECT_MORE_DATA_OR_MANUAL_REVIEW,review,REVIEW_SHORT_OBS_ACTIVE_LIKE,,,REVIEW_SHORT_OBS_ACTIVE_LIKE,low,観測期間<120日でactive様（flat_tail<60）。経過観察で十分なことが多い。,56.4,5.7,"obs_days=32.0, n_samples=645, quality=QUALITY_SHORT_OBS -> insufficient/uncertain data",観測期間・サンプル数・カウンタ整合性のいずれかが不足しており信頼できる判定ができません。review_priorityに従い追加データ収集または手動レビューを行ってください。,v2.0-final,v2.0-final,v2.0-final,0.0,,,,,0.0,-1.0,n/a,ThinkPad L13 Gen 6,Sunwoda,5B11M90128,2026-06-03T16:38:27
CSILVA30-674ERX_csilva30,413,2026-04-22 13:22:00,2026-05-26 16:27:53,34.13,0.5,10.417,34,6,0,0,0,0,1,QUALITY_SHORT_OBS,58030.0,58010.0,58010.0,58030.0,3,2,0,2,2026-05-22 13:54:01,4.1,5.86,2.0,4.0,2.0,21.4,100.0,0,0,0.03,100.02,False,False,4.1,0.0,0.0,84.0,100.0,16.0,0.8564,0.8582,0.0,0,0,0,0,0,0,0,0,0,,,0,0,,,0,0,,,0,0,0,0,0,0,0,0,0,0,0,,,0,0,,,0,0,,,0,0,0,0,0,0,0,0,0,0,0,,,0,0,,,0,0,,,0,0,,,,False,False,False,False,False,REVIEW_INSUFFICIENT_DATA,ACTION_COLLECT_MORE_DATA_OR_MANUAL_REVIEW,review,REVIEW_SHORT_OBS_ACTIVE_LIKE,,,REVIEW_SHORT_OBS_ACTIVE_LIKE,low,観測期間<120日でactive様（flat_tail<60）。経過観察で十分なことが多い。,62.8,5.7,"obs_days=34.1, n_samples=413, quality=QUALITY_SHORT_OBS -> insufficient/uncertain data",観測期間・サンプル数・カウンタ整合性のいずれかが不足しており信頼できる判定ができません。review_priorityに従い追加データ収集または手動レビューを行ってください。,v2.0-final,v2.0-final,v2.0-final,0.0,,,,,0.0,-1.0,n/a,ThinkPad T14s 2-in-1 Gen 2,Sunwoda,5B11M90160,2026-06-03T16:38:27
CTURNER-1000036_cturner,1741,2025-07-09 13:42:00,2025-09-04 13:12:32,56.98,0.135,2.676,53,5,0,0,0,0,1,QUALITY_SHORT_OBS,91400.0,88610.0,86410.0,95280.0,42,41,6,35,2025-09-04 09:42:32,0.1,71.955,5.0,38.0,33.0,211.53,124.242,11,11,9.86,98.46,False,False,0.1,0.0,0.0,100.0,100.0,0.0,1.0,1.0,0.0,0,0,0,0,0,5,5,0,0,,,0,0,,,0,0,,,0,0,0,0,0,0,1,8,9,0,0,,1.0,0,0,,1.0,0,0,,1.0,0,0,0,0,0,0,0,6,6,0,0,,,0,0,,,0,0,,,0,0,,,,False,False,False,False,False,REVIEW_INSUFFICIENT_DATA,ACTION_COLLECT_MORE_DATA_OR_MANUAL_REVIEW,review,REVIEW_SHORT_OBS_ACTIVE_LIKE,,,REVIEW_SHORT_OBS_ACTIVE_LIKE,low,観測期間<120日でactive様（flat_tail<60）。経過観察で十分なことが多い。,65.0,5.0,"obs_days=57.0, n_samples=1741, quality=QUALITY_SHORT_OBS -> insufficient/uncertain data",観測期間・サンプル数・カウンタ整合性のいずれかが不足しており信頼できる判定ができません。review_priorityに従い追加データ収集または手動レビューを行ってください。,v2.0-final,v2.0-final,v2.0-final,0.0,,,,,0.0,-1.0,n/a,ThinkPad P1 Gen 8,Celxpert,5B11M37552,2026-06-03T16:38:27
CTURNER-F4T62ZK_cturner,1003,2024-01-23 12:05:54,2024-04-09 15:11:14,77.13,0.496,13.391,60,12,0,0,0,0,1,QUALITY_SHORT_OBS,79400.0,73610.0,73610.0,79400.0,37,36,2,34,2024-04-09 13:08:42,0.1,46.674,2.0,31.0,29.0,137.33,124.138,7,7,7.72,98.15,False,False,0.1,0.0,0.0,63.0,93.0,30.0,0.0,0.0,0.0,0,0,0,0,0,6,6,0,0,,,0,0,,,0,0,,,0,0,0,0,0,0,1,8,9,0,0,,1.0,0,0,,1.0,0,0,,1.0,0,0,0,0,0,0,1,6,7,0,0,,1.0,0,0,,1.0,0,0,,1.0,0,0,,,,False,False,False,False,False,REVIEW_INSUFFICIENT_DATA,ACTION_COLLECT_MORE_DATA_OR_MANUAL_REVIEW,review,REVIEW_SHORT_OBS_ACTIVE_LIKE,,,REVIEW_SHORT_OBS_ACTIVE_LIKE,low,観測期間<120日でactive様（flat_tail<60）。経過観察で十分なことが多い。,55.0,5.0,"obs_days=77.1, n_samples=1003, quality=QUALITY_SHORT_OBS -> insufficient/uncertain data",観測期間・サンプル数・カウンタ整合性のいずれかが不足しており信頼できる判定ができません。review_priorityに従い追加データ収集または手動レビューを行ってください。,v2.0-final,v2.0-final,v2.0-final,0.0,,,,,0.0,-1.0,n/a,ThinkPad P14s Gen 5,Sunwoda,5B11H56402,2026-06-03T16:38:27
CTURNER_cturner,6669,2023-04-25 13:15:09,2024-04-10 07:18:22,350.75,0.109,0.805,92,21,0,0,0,0,1,QUALITY_OK,55220.0,52140.0,52140.0,60200.0,11,10,2,8,2023-10-31 11:11:41,161.8,2.851,1.0,52.0,51.0,53.11,19.608,8,8,14.72,95.27,False,False,161.8,3.0,6.77,17.0,100.0,83.0,0.7239,0.1449,0.0116,0,0,0,0,0,9,9,0,0,,,0,0,,,0,0,,,0,0,0,1,1,1,2,24,26,0,0,,0.5,0,0,,0.5,0,0,,0.5,0,0,0,0,0,0,0,16,16,0,0,,,0,0,,,0,0,,,0,0,,,,False,False,False,False,False,NORMAL_OR_RESPONDING,ACTION_NONE,high,NOT_NO_LOW_CHANGE_CANDIDATE,,,,,,77.4,37.6,"flat_tail=161.8d, fcc_changes=10, tail_cyc=3.0, tail_ok[90/80]=0/0, unresp_complete[90/80]=0/0, large_gap[90/80]=0/1 -> FCC still updating / not a no-low-change candidate",,v2.0-final,v2.0-final,v2.0-final,0.0,,,,,0.0,-1.0,n/a,ThinkPad X13 Gen 4,SMP,5B11H56366,2026-06-03T16:38:27
CXTESTT14P_liufe,538,2024-08-16 09:20:35,2024-10-11 10:18:42,56.04,0.5,12.497,30,8,0,0,0,0,1,QUALITY_SHORT_OBS,70700.0,70660.0,70660.0,70700.0,5,4,0,4,2024-10-08 08:47:22,3.1,7.138,19.0,23.0,4.0,26.07,100.0,0,0,0.06,94.21,False,False,3.1,0.0,0.0,75.0,100.0,25.0,0.9365,0.4839,0.0,0,0,0,0,0,0,0,0,0,,,0,0,,,0,0,,,0,0,0,0,0,0,0,0,0,0,0,,,0,0,,,0,0,,,0,0,0,0,0,0,0,0,0,0,0,,,0,0,,,0,0,,,0,0,,,,False,False,False,False,False,REVIEW_INSUFFICIENT_DATA,ACTION_COLLECT_MORE_DATA_OR_MANUAL_REVIEW,review,REVIEW_SHORT_OBS_ACTIVE_LIKE,,,REVIEW_SHORT_OBS_ACTIVE_LIKE,low,観測期間<120日でactive様（flat_tail<60）。経過観察で十分なことが多い。,64.2,5.5,"obs_days=56.0, n_samples=538, quality=QUALITY_SHORT_OBS -> insufficient/uncertain data",観測期間・サンプル数・カウンタ整合性のいずれかが不足しており信頼できる判定ができません。review_priorityに従い追加データ収集または手動レビューを行ってください。,v2.0-final,v2.0-final,v2.0-final,0.0,,,,,0.0,-1.0,n/a,ThinkPad T14p Gen 2,Sunwoda,5B11H56402,2026-06-03T16:38:27
DAVID_dcosby,11566,2025-02-25 11:04:32,2026-05-26 11:06:41,455.0,0.5,2.652,223,32,0,0,0,0,1,QUALITY_OK,58030.0,56680.0,56680.0,58030.0,68,67,0,67,2026-05-25 11:08:10,1.0,14.725,1.0,68.0,67.0,53.78,100.0,1,1,2.33,97.72,False,False,1.0,0.0,0.0,92.0,100.0,8.0,0.9423,0.4474,0.0,0,0,0,0,0,0,0,0,0,,,0,0,,,0,0,,,0,0,0,0,0,0,0,0,0,0,0,,,0,0,,,0,0,,,0,0,0,0,0,0,0,0,0,0,0,,,0,0,,,0,0,,,0,0,,,,False,False,False,False,False,NORMAL_OR_RESPONDING,ACTION_NONE,high,NOT_NO_LOW_CHANGE_CANDIDATE,,,,,,69.0,10.2,"flat_tail=1.0d, fcc_changes=67, tail_cyc=0.0, tail_ok[90/80]=0/0, unresp_complete[90/80]=0/0, large_gap[90/80]=0/0 -> FCC still updating / not a no-low-change candidate",,v2.0-final,v2.0-final,v2.0-final,0.0,,,,,0.0,-1.0,n/a,ThinkPad T14s Gen 6,Sunwoda,5B11M90105,2026-06-03T16:38:27
DBROWN6-F4RV7QY_dbrown6,1853,2024-01-29 12:14:06,2024-05-06 18:30:02,98.26,0.5,5.004,86,12,0,0,0,0,1,QUALITY_SHORT_OBS,52930.0,48070.0,48070.0,52930.0,36,37,1,36,2024-05-03 07:39:20,3.5,37.655,1.0,37.0,36.0,133.82,102.778,3,3,9.24,91.44,False,False,3.5,0.0,0.0,98.0,100.0,2.0,0.9984,0.6338,0.0,0,0,0,0,0,5,5,0,0,,,0,0,,,0,0,,,0,0,0,0,0,0,0,9,9,0,0,,,0,0,,,0,0,,,0,0,0,0,0,0,0,6,6,0,0,,,0,0,,,0,0,,,0,0,,,,False,False,False,False,False,REVIEW_INSUFFICIENT_DATA,ACTION_COLLECT_MORE_DATA_OR_MANUAL_REVIEW,review,REVIEW_SHORT_OBS_ACTIVE_LIKE,,,REVIEW_SHORT_OBS_ACTIVE_LIKE,low,観測期間<120日でactive様（flat_tail<60）。経過観察で十分なことが多い。,65.6,5.6,"obs_days=98.3, n_samples=1853, quality=QUALITY_SHORT_OBS -> insufficient/uncertain data",観測期間・サンプル数・カウンタ整合性のいずれかが不足しており信頼できる判定ができません。review_priorityに従い追加データ収集または手動レビューを行ってください。,v2.0-final,v2.0-final,v2.0-final,0.0,,,,,0.0,-1.0,n/a,ThinkPad T14 Gen 5,SMP,5B11H56415,2026-06-03T16:38:27
DEBORAH_drepplier,3674,2025-02-25 11:04:47,2026-03-10 10:52:21,377.99,0.5,13.573,249,48,0,0,0,0,1,QUALITY_OK,58030.0,57920.0,57920.0,58030.0,10,9,0,9,2026-03-02 09:00:44,8.1,2.381,1.0,10.0,9.0,8.7,100.0,0,0,0.19,99.86,False,False,8.1,0.0,0.0,75.0,80.0,5.0,0.9618,0.0,0.0,0,0,0,0,0,0,0,0,0,,,0,0,,,0,0,,,0,0,0,0,0,0,0,1,1,0,0,,,0,0,,,0,0,,,0,0,0,0,0,0,0,0,0,0,0,,,0,0,,,0,0,,,0,0,,,,False,False,False,False,False,NORMAL_OR_RESPONDING,ACTION_NONE,high,NOT_NO_LOW_CHANGE_CANDIDATE,,,,,,70.6,11.3,"flat_tail=8.1d, fcc_changes=9, tail_cyc=0.0, tail_ok[90/80]=0/0, unresp_complete[90/80]=0/0, large_gap[90/80]=0/0 -> FCC still updating / not a no-low-change candidate",,v2.0-final,v2.0-final,v2.0-final,0.0,,,,,0.0,-1.0,n/a,ThinkPad T14s Gen 6,Sunwoda,5B11M90105,2026-06-03T16:38:27
DESKTOP-0OFMVDC_x1,17637,2025-01-14 08:52:34,2026-05-28 14:01:53,499.21,0.5,0.5,131,43,0,0,0,0,1,QUALITY_OK,57400.0,46920.0,41300.0,59110.0,188,208,41,167,2026-05-26 08:01:52,2.3,41.666,1.0,151.0,150.0,109.75,138.667,76,74,31.23,82.27,False,False,2.3,0.0,0.0,99.0,100.0,1.0,0.9999,1.0,0.0,0,0,0,0,11,34,45,0,0,,1.0,0,0,,1.0,0,0,,1.0,0,0,0,0,0,0,14,38,52,0,0,,1.0,0,0,,1.0,0,0,,1.0,0,0,0,0,0,0,13,34,47,0,0,,1.0,0,0,,1.0,0,0,,1.0,0,0,,,,False,False,False,False,False,NORMAL_OR_RESPONDING,ACTION_NONE,high,NOT_NO_LOW_CHANGE_CANDIDATE,,,,,,70.4,10.4,"flat_tail=2.3d, fcc_changes=208, tail_cyc=0.0, tail_ok[90/80]=0/0, unresp_complete[90/80]=0/0, large_gap[90/80]=0/0 -> FCC still updating / not a no-low-change candidate",,v2.0-final,v2.0-final,v2.0-final,0.0,,,,,0.0,-1.0,n/a,ThinkPad X1 2-in-1 Gen 10,Celxpert,5B11M90098,2026-06-03T16:38:27
DESKTOP-0R32PSA_ah,6204,2024-07-17 17:12:32,2025-02-27 18:46:30,225.07,0.5,0.501,86,27,0,0,0,0,1,QUALITY_OK,57420.0,54870.0,50000.0,57420.0,22,22,1,21,2025-02-20 19:07:32,7.0,9.775,6.0,22.0,16.0,25.97,137.5,6,6,12.79,94.6,False,False,7.0,0.0,0.0,87.0,100.0,13.0,0.9511,0.8518,0.0,0,0,0,0,0,3,3,0,0,,,0,0,,,0,0,,,0,0,0,0,0,0,0,3,3,0,0,,,0,0,,,0,0,,,0,0,0,0,0,0,0,3,3,0,0,,,0,0,,,0,0,,,0,0,,,,False,False,False,False,False,NORMAL_OR_RESPONDING,ACTION_NONE,high,NOT_NO_LOW_CHANGE_CANDIDATE,,,,,,70.2,11.2,"flat_tail=7.0d, fcc_changes=22, tail_cyc=0.0, tail_ok[90/80]=0/0, unresp_complete[90/80]=0/0, large_gap[90/80]=0/0 -> FCC still updating / not a no-low-change candidate",,v2.0-final,v2.0-final,v2.0-final,0.0,,,,,0.0,-1.0,n/a,ThinkPad T14s Gen 6,Sunwoda,LNV-5B11H56404,2026-06-03T16:38:27
DESKTOP-2OI6HV8_jnunez5,333,2024-05-28 15:42:32,2024-06-28 10:20:38,30.78,0.485,16.793,26,5,0,0,0,0,1,QUALITY_SHORT_OBS,59580.0,59490.0,59490.0,59580.0,7,6,0,6,2024-06-24 10:07:55,4.0,19.493,7.0,12.0,5.0,59.33,120.0,0,0,0.15,102.57,False,False,4.0,0.0,0.0,85.0,100.0,15.0,0.7228,0.4819,0.0,0,0,0,0,0,0,0,0,0,,,0,0,,,0,0,,,0,0,0,0,0,0,1,0,1,0,0,,1.0,0,0,,1.0,0,0,,1.0,0,0,0,0,0,0,0,0,0,0,0,,,0,0,,,0,0,,,0,0,,,,False,False,False,False,False,REVIEW_INSUFFICIENT_DATA,ACTION_COLLECT_MORE_DATA_OR_MANUAL_REVIEW,review,REVIEW_SHORT_OBS_ACTIVE_LIKE,,,REVIEW_SHORT_OBS_ACTIVE_LIKE,low,観測期間<120日でactive様（flat_tail<60）。経過観察で十分なことが多い。,60.7,5.7,"obs_days=30.8, n_samples=333, quality=QUALITY_SHORT_OBS -> insufficient/uncertain data",観測期間・サンプル数・カウンタ整合性のいずれかが不足しており信頼できる判定ができません。review_priorityに従い追加データ収集または手動レビューを行ってください。,v2.0-final,v2.0-final,v2.0-final,0.0,,,,,0.0,-1.0,n/a,ThinkPad T14s Gen 6 Qualcomm,SMP,LNV-5B11H56403,2026-06-03T16:38:27
DESKTOP-56S79KM_DEV-condor,254,2024-05-15 09:23:18,2024-05-22 19:12:25,7.41,0.5,0.504,2,1,0,0,0,0,1,QUALITY_SHORT_OBS,59890.0,59740.0,59740.0,59890.0,4,3,0,3,2024-05-21 20:12:26,1.0,40.486,6.0,13.0,7.0,345.04,42.857,2,0,0.26,103.0,False,False,1.0,0.0,0.0,94.0,100.0,6.0,1.0,0.4565,0.0,0,0,0,0,0,1,1,0,0,,,0,0,,,0,0,,,0,0,0,0,0,0,0,1,1,0,0,,,0,0,,,0,0,,,0,0,0,0,0,0,0,1,1,0,0,,,0,0,,,0,0,,,0,0,,,,False,False,False,False,False,REVIEW_INSUFFICIENT_DATA,ACTION_COLLECT_MORE_DATA_OR_MANUAL_REVIEW,review,REVIEW_SHORT_OBS_ACTIVE_LIKE,,,REVIEW_SHORT_OBS_ACTIVE_LIKE,low,観測期間<120日でactive様（flat_tail<60）。経過観察で十分なことが多い。,65.2,5.2,"obs_days=7.4, n_samples=254, quality=QUALITY_SHORT_OBS -> insufficient/uncertain data",観測期間・サンプル数・カウンタ整合性のいずれかが不足しており信頼できる判定ができません。review_priorityに従い追加データ収集または手動レビューを行ってください。,v2.0-final,v2.0-final,v2.0-final,0.0,,,,,0.0,-1.0,n/a,ThinkPad T14s Gen 6 Qualcomm,SMP,LNV-5B11H56403,2026-06-03T16:38:27
DESKTOP-5TU0QIM_igluzman,2123,2024-08-05 16:57:39,2025-01-13 09:18:06,160.68,0.5,11.967,152,29,0,0,0,0,1,QUALITY_OK,59810.0,59510.0,59510.0,59810.0,15,14,0,14,2024-12-18 10:19:42,26.0,8.713,2.0,7.0,5.0,11.37,280.0,2,0,0.52,102.6,False,False,26.0,0.0,0.0,99.0,100.0,1.0,0.9973,1.0,0.0,0,0,0,0,0,0,0,0,0,,,0,0,,,0,0,,,0,0,0,0,0,0,0,0,0,0,0,,,0,0,,,0,0,,,0,0,0,0,0,0,0,0,0,0,0,,,0,0,,,0,0,,,0,0,,,,False,False,False,False,False,NORMAL_OR_RESPONDING,ACTION_NONE,high,NOT_NO_LOW_CHANGE_CANDIDATE,,,,,,74.3,14.3,"flat_tail=26.0d, fcc_changes=14, tail_cyc=0.0, tail_ok[90/80]=0/0, unresp_complete[90/80]=0/0, large_gap[90/80]=0/0 -> FCC still updating / not a no-low-change candidate",,v2.0-final,v2.0-final,v2.0-final,0.0,,,,,0.0,-1.0,n/a,ThinkPad T14s Gen 6,SMP,LNV-5B11H56403,2026-06-03T16:38:27
DESKTOP-65B5D4E_Mark,12511,2018-07-02 14:01:29,2024-03-15 14:41:33,2083.03,0.5,0.5,17,11,0,38,0,0,1,QUALITY_COUNTER_RESET,92970.0,75050.0,64260.0,92970.0,51,136,67,69,2024-02-28 13:32:02,16.0,6.529,2.0,343.0,341.0,59.79,39.883,133,124,31.9,83.39,False,False,16.0,0.0,0.0,100.0,100.0,0.0,1.0,1.0,0.0,0,0,0,0,1,5,6,0,0,,1.0,0,0,,1.0,0,0,,1.0,0,0,0,0,0,0,1,5,6,0,0,,1.0,0,0,,1.0,0,0,,1.0,0,0,0,0,0,0,1,5,6,0,0,,1.0,0,0,,1.0,0,0,,1.0,0,0,,,,False,False,False,False,False,REVIEW_INSUFFICIENT_DATA,ACTION_COLLECT_MORE_DATA_OR_MANUAL_REVIEW,review,REVIEW_COUNTER_RESET,,,REVIEW_COUNTER_RESET,high,cycleCountが減少（カウンタリセット/パック異常疑い）。生ログ確認が必要。,62.7,2.7,"obs_days=2083.0, n_samples=12511, quality=QUALITY_COUNTER_RESET -> insufficient/uncertain data",観測期間・サンプル数・カウンタ整合性のいずれかが不足しており信頼できる判定ができません。review_priorityに従い追加データ収集または手動レビューを行ってください。,v2.0-final,v2.0-final,v2.0-final,0.0,,,,,0.0,-1.0,n/a,ThinkPad P51 W10DG,,,2026-06-03T16:38:27
DESKTOP-6BVEF2H_PF4LS9A1,1995,2025-02-27 13:47:18,2025-06-04 01:28:48,96.49,0.013,0.5,5,5,0,0,0,0,1,QUALITY_SHORT_OBS,58010.0,56350.0,56350.0,58010.0,3,2,0,2,2025-03-09 14:50:49,86.4,2.073,7.0,8.0,1.0,3.79,200.0,1,1,2.91,98.86,False,False,86.4,0.0,0.0,2.0,100.0,98.0,0.9601,0.5159,0.0414,0,0,0,0,0,1,1,0,0,,,0,0,,,0,0,,,0,0,0,0,0,0,0,1,1,0,0,,,0,0,,,0,0,,,0,0,0,0,0,0,0,1,1,0,0,,,0,0,,,0,0,,,0,0,,,,False,False,False,False,False,REVIEW_INSUFFICIENT_DATA,ACTION_COLLECT_MORE_DATA_OR_MANUAL_REVIEW,review,REVIEW_SHORT_OBS_STALE_OR_VERY_STALE,,,REVIEW_SHORT_OBS_STALE_OR_VERY_STALE,high,観測期間<120日だがflat_tail>=60日（stale様）。優先的に追加観測。,78.6,19.4,"obs_days=96.5, n_samples=1995, quality=QUALITY_SHORT_OBS -> insufficient/uncertain data",観測期間・サンプル数・カウンタ整合性のいずれかが不足しており信頼できる判定ができません。review_priorityに従い追加データ収集または手動レビューを行ってください。,v2.0-final,v2.0-final,v2.0-final,0.0,,,,,0.0,-1.0,n/a,ThinkPad X1 2-in-1 Gen 9,Sunwoda,5B11H56385,2026-06-03T16:38:27
DESKTOP-8L6GNCN_Winson_Chiu,1535,2025-01-09 21:02:44,2025-09-15 08:47:11,248.49,0.5,3.365,62,9,0,0,0,0,1,QUALITY_OK,56750.0,56510.0,56510.0,56750.0,22,21,0,21,2025-09-11 18:01:31,3.6,8.451,54.0,68.0,14.0,20.58,150.0,0,0,0.41,97.43,False,False,3.6,0.0,0.0,93.0,100.0,7.0,0.9008,0.4262,0.0,0,0,0,0,0,1,1,0,0,,,0,0,,,0,0,,,0,0,0,0,0,0,0,1,1,0,0,,,0,0,,,0,0,,,0,0,0,0,0,0,0,1,1,0,0,,,0,0,,,0,0,,,0,0,,,,False,False,False,False,False,NORMAL_OR_RESPONDING,ACTION_NONE,high,NOT_NO_LOW_CHANGE_CANDIDATE,,,,,,68.6,10.6,"flat_tail=3.6d, fcc_changes=21, tail_cyc=0.0, tail_ok[90/80]=0/0, unresp_complete[90/80]=0/0, large_gap[90/80]=0/0 -> FCC still updating / not a no-low-change candidate",,v2.0-final,v2.0-final,v2.0-final,0.0,,,,,0.0,-1.0,n/a,ThinkPad T14s Gen 6,SMP,LNV-5B11H56403,2026-06-03T16:38:27
DESKTOP-AN20HIT_kpatton,678,2024-08-26 15:26:59,2024-10-17 10:57:23,51.81,0.5,4.845,34,10,0,0,0,0,1,QUALITY_SHORT_OBS,58030.0,55090.0,54630.0,59330.0,22,21,5,16,2024-10-15 15:18:38,1.8,40.533,1.0,17.0,16.0,112.8,131.25,7,7,8.1,94.98,False,False,1.8,0.0,0.0,59.0,100.0,41.0,0.7049,0.7546,0.0,0,0,0,0,0,2,2,0,0,,,0,0,,,0,0,,,0,0,0,0,0,0,0,7,7,0,0,,,0,0,,,0,0,,,0,0,0,0,0,0,0,5,5,0,0,,,0,0,,,0,0,,,0,0,,,,False,False,False,False,False,REVIEW_INSUFFICIENT_DATA,ACTION_COLLECT_MORE_DATA_OR_MANUAL_REVIEW,review,REVIEW_SHORT_OBS_ACTIVE_LIKE,,,REVIEW_SHORT_OBS_ACTIVE_LIKE,low,観測期間<120日でactive様（flat_tail<60）。経過観察で十分なことが多い。,59.4,5.3,"obs_days=51.8, n_samples=678, quality=QUALITY_SHORT_OBS -> insufficient/uncertain data",観測期間・サンプル数・カウンタ整合性のいずれかが不足しており信頼できる判定ができません。review_priorityに従い追加データ収集または手動レビューを行ってください。,v2.0-final,v2.0-final,v2.0-final,0.0,,,,,0.0,-1.0,n/a,ThinkPad T14s Gen 6,Sunwoda,LNV-5B11H56404,2026-06-03T16:38:27
DESKTOP-BJGS966_DEV,266,2024-05-16 22:25:50,2024-05-22 19:11:29,5.87,0.5,0.501,1,0,0,0,0,0,1,QUALITY_SHORT_OBS,58000.0,46240.0,46240.0,58000.0,11,10,0,10,2024-05-22 17:41:34,0.1,170.358,7.0,16.0,9.0,560.01,111.111,1,1,20.28,79.72,False,False,0.1,0.0,0.0,99.0,100.0,1.0,1.0,1.0,0.0,0,0,0,0,0,1,1,0,0,,,0,0,,,0,0,,,0,0,0,0,0,0,0,1,1,0,0,,,0,0,,,0,0,,,0,0,0,0,0,0,0,1,1,0,0,,,0,0,,,0,0,,,0,0,,,,False,False,False,False,False,REVIEW_INSUFFICIENT_DATA,ACTION_COLLECT_MORE_DATA_OR_MANUAL_REVIEW,review,REVIEW_SHORT_OBS_ACTIVE_LIKE,,,REVIEW_SHORT_OBS_ACTIVE_LIKE,low,観測期間<120日でactive様（flat_tail<60）。経過観察で十分なことが多い。,65.0,5.0,"obs_days=5.9, n_samples=266, quality=QUALITY_SHORT_OBS -> insufficient/uncertain data",観測期間・サンプル数・カウンタ整合性のいずれかが不足しており信頼できる判定ができません。review_priorityに従い追加データ収集または手動レビューを行ってください。,v2.0-final,v2.0-final,v2.0-final,0.0,,,,,0.0,-1.0,n/a,ThinkPad T14s Gen 6 Qualcomm,Sunwoda,LNV-5B11H56404,2026-06-03T16:38:27
DESKTOP-BUL3M0Q_DEV,261,2024-05-15 09:42:43,2024-05-22 19:12:08,7.4,0.5,0.501,2,1,0,0,0,0,1,QUALITY_SHORT_OBS,59850.0,59800.0,59800.0,59850.0,5,4,0,4,2024-05-22 10:12:08,0.4,54.054,2.0,4.0,2.0,98.72,200.0,0,0,0.09,103.1,False,False,0.4,0.0,0.0,95.0,100.0,5.0,1.0,0.4444,0.0,0,0,0,0,0,0,0,0,0,,,0,0,,,0,0,,,0,0,0,0,0,0,0,0,0,0,0,,,0,0,,,0,0,,,0,0,0,0,0,0,0,0,0,0,0,,,0,0,,,0,0,,,0,0,,,,False,False,False,False,False,REVIEW_INSUFFICIENT_DATA,ACTION_COLLECT_MORE_DATA_OR_MANUAL_REVIEW,review,REVIEW_SHORT_OBS_ACTIVE_LIKE,,,REVIEW_SHORT_OBS_ACTIVE_LIKE,low,観測期間<120日でactive様（flat_tail<60）。経過観察で十分なことが多い。,65.1,5.1,"obs_days=7.4, n_samples=261, quality=QUALITY_SHORT_OBS -> insufficient/uncertain data",観測期間・サンプル数・カウンタ整合性のいずれかが不足しており信頼できる判定ができません。review_priorityに従い追加データ収集または手動レビューを行ってください。,v2.0-final,v2.0-final,v2.0-final,0.0,,,,,0.0,-1.0,n/a,ThinkPad T14s Gen 6 Qualcomm,SMP,LNV-5B11H56403,2026-06-03T16:38:27
DESKTOP-CDUSM1A_T14s,511,2024-08-26 07:48:54,2024-10-11 10:08:34,46.1,0.221,9.399,41,12,0,0,0,0,1,QUALITY_SHORT_OBS,58410.0,58330.0,58330.0,58410.0,8,7,0,7,2024-10-07 11:15:18,4.0,15.184,9.0,16.0,7.0,55.46,100.0,0,0,0.14,100.57,False,False,4.0,0.0,0.0,72.0,100.0,28.0,0.4881,0.5338,0.0,0,0,0,0,0,0,0,0,0,,,0,0,,,0,0,,,0,0,0,0,0,0,0,0,0,0,0,,,0,0,,,0,0,,,0,0,0,0,0,0,0,0,0,0,0,,,0,0,,,0,0,,,0,0,,,,False,False,False,False,False,REVIEW_INSUFFICIENT_DATA,ACTION_COLLECT_MORE_DATA_OR_MANUAL_REVIEW,review,REVIEW_SHORT_OBS_ACTIVE_LIKE,,,REVIEW_SHORT_OBS_ACTIVE_LIKE,low,観測期間<120日でactive様（flat_tail<60）。経過観察で十分なことが多い。,56.3,5.7,"obs_days=46.1, n_samples=511, quality=QUALITY_SHORT_OBS -> insufficient/uncertain data",観測期間・サンプル数・カウンタ整合性のいずれかが不足しており信頼できる判定ができません。review_priorityに従い追加データ収集または手動レビューを行ってください。,v2.0-final,v2.0-final,v2.0-final,0.0,,,,,0.0,-1.0,n/a,ThinkPad T14s Gen 6,Sunwoda,LNV-5B11H56404,2026-06-03T16:38:27
DESKTOP-DR88TUK_DEV-Condor,258,2024-05-17 05:23:54,2024-05-22 19:12:45,5.58,0.5,0.5,1,0,0,0,0,0,1,QUALITY_SHORT_OBS,58030.0,58030.0,58030.0,58030.0,1,0,0,0,2024-05-17 05:23:54,5.6,0.0,3.0,7.0,4.0,261.83,0.0,0,0,0.0,100.05,True,False,5.6,4.0,262.04,62.0,100.0,38.0,0.9635,0.3713,0.0,0,0,0,0,0,0,0,0,0,,,0,0,,,0,0,,,0,0,0,0,0,0,0,0,0,0,0,,,0,0,,,0,0,,,0,0,0,0,0,0,0,0,0,0,0,,,0,0,,,0,0,,,0,0,,,,False,False,False,False,False,REVIEW_INSUFFICIENT_DATA,ACTION_COLLECT_MORE_DATA_OR_MANUAL_REVIEW,review,REVIEW_SHORT_OBS_ACTIVE_LIKE,,,REVIEW_SHORT_OBS_ACTIVE_LIKE,low,観測期間<120日でactive様（flat_tail<60）。経過観察で十分なことが多い。,63.2,6.7,"obs_days=5.6, n_samples=258, quality=QUALITY_SHORT_OBS -> insufficient/uncertain data",観測期間・サンプル数・カウンタ整合性のいずれかが不足しており信頼できる判定ができません。review_priorityに従い追加データ収集または手動レビューを行ってください。,v2.0-final,v2.0-final,v2.0-final,0.0,,,,,0.0,-1.0,n/a,ThinkPad T14s Gen 6 Qualcomm,Sunwoda,LNV-5B11H56404,2026-06-03T16:38:27
DESKTOP-EP8TDGT_nmadhani,452,2024-07-31 07:54:25,2024-09-16 09:07:24,47.05,0.5,10.196,70,7,0,0,0,0,1,QUALITY_SHORT_OBS,59820.0,59580.0,59200.0,59820.0,6,5,1,4,2024-09-13 06:05:09,3.1,10.627,5.0,19.0,14.0,108.68,35.714,3,2,1.07,102.72,False,False,3.1,0.0,0.0,70.0,92.0,22.0,0.0,0.0,0.0,0,0,0,0,0,0,0,0,0,,,0,0,,,0,0,,,0,0,0,0,0,0,1,1,2,0,0,,1.0,0,0,,1.0,0,0,,1.0,0,0,0,0,0,0,0,1,1,0,0,,,0,0,,,0,0,,,0,0,,,,False,False,False,False,False,REVIEW_INSUFFICIENT_DATA,ACTION_COLLECT_MORE_DATA_OR_MANUAL_REVIEW,review,REVIEW_SHORT_OBS_ACTIVE_LIKE,,,REVIEW_SHORT_OBS_ACTIVE_LIKE,low,観測期間<120日でactive様（flat_tail<60）。経過観察で十分なことが多い。,58.2,5.5,"obs_days=47.0, n_samples=452, quality=QUALITY_SHORT_OBS -> insufficient/uncertain data",観測期間・サンプル数・カウンタ整合性のいずれかが不足しており信頼できる判定ができません。review_priorityに従い追加データ収集または手動レビューを行ってください。,v2.0-final,v2.0-final,v2.0-final,0.0,,,,,0.0,-1.0,n/a,ThinkPad T14s Gen 6,SMP,LNV-5B11H56403,2026-06-03T16:38:27
DESKTOP-F4I6BLL_jl240,300,2023-02-06 22:48:38,2024-01-19 11:53:24,346.54,0.5,0.501,11,9,0,0,0,0,1,QUALITY_OK,51990.0,50990.0,50990.0,51990.0,2,1,0,1,2023-05-22 22:48:39,241.5,0.289,139.0,143.0,4.0,4.22,25.0,1,1,1.96,99.98,False,False,241.5,2.0,3.02,6.0,80.0,74.0,0.6835,0.0,0.0721,0,0,0,0,0,1,1,0,0,,,0,0,,,0,0,,,0,0,0,1,1,1,0,3,3,0,0,,,0,0,,,0,0,,,0,0,0,0,0,0,0,1,1,0,0,,,0,0,,,0,0,,,0,0,,,,False,True,False,True,True,WATCH_LOW_UPDATE_RATE_AMBIGUOUS,ACTION_MONITOR_OR_MANUAL_REVIEW,low,WATCH_POSSIBLE_OPPORTUNITY_WITH_LARGE_GAPS,,WATCH_POSSIBLE_OPPORTUNITY_WITH_LARGE_GAPS,,,,80.2,40.4,"flat_tail=241.5d, fcc_changes=1, tail_cyc=2.0, tail_ok[90/80]=0/0, unresp_complete[90/80]=0/0, large_gap[90/80]=0/1 -> ambiguous (watch)",FCC更新率は低いが完全凍結ではない/学習機会がlarge-gapまたは打ち切りで確証が弱い/境界的のため、FW確認に回す前にモニタリングまたは手動レビューを推奨します。,v2.0-final,v2.0-final,v2.0-final,0.0,,,,,0.0,1.0,MIXED,ThinkPad X1 Yoga Gen 5,LG,5B10W13930,2026-06-03T16:38:27
DESKTOP-K1B42LP_SVT-GM5-who2-No-B,2114,2024-07-17 04:55:29,2025-09-12 18:11:57,422.55,0.5,19.086,223,82,0,0,0,0,1,QUALITY_OK,61620.0,62970.0,57940.0,63800.0,33,38,12,26,2025-09-10 23:35:19,1.8,8.993,4.0,69.0,65.0,56.19,58.462,24,19,10.1,108.57,False,False,1.8,0.0,0.0,79.0,100.0,21.0,0.9099,0.8577,0.0,0,0,0,0,0,10,10,0,0,,,0,0,,,0,0,,,0,0,0,0,0,0,0,17,17,0,0,,,0,0,,,0,0,,,0,0,0,0,0,0,0,11,11,0,0,,,0,0,,,0,0,,,0,0,,,,False,False,False,False,False,NORMAL_OR_RESPONDING,ACTION_NONE,high,NOT_NO_LOW_CHANGE_CANDIDATE,,,,,,68.5,10.3,"flat_tail=1.8d, fcc_changes=38, tail_cyc=0.0, tail_ok[90/80]=0/0, unresp_complete[90/80]=0/0, large_gap[90/80]=0/0 -> FCC still updating / not a no-low-change candidate",,v2.0-final,v2.0-final,v2.0-final,0.0,,,,,0.0,-1.0,n/a,ThinkPad T14s Gen 6,SMP,LNV-5B11H56403,2026-06-03T16:38:27
DESKTOP-KQ90P7N_jkleissler,937,2024-05-24 10:41:54,2024-08-27 12:48:07,95.09,0.5,9.863,59,15,0,0,0,0,1,QUALITY_SHORT_OBS,59140.0,59330.0,58990.0,59940.0,22,21,2,19,2024-08-26 09:18:03,1.1,22.084,10.0,23.0,13.0,49.93,161.538,3,2,1.63,102.29,False,False,1.1,0.0,0.0,88.0,100.0,12.0,0.8378,0.4984,0.0,0,0,0,0,0,2,2,0,0,,,0,0,,,0,0,,,0,0,0,0,0,0,0,3,3,0,0,,,0,0,,,0,0,,,0,0,0,0,0,0,0,3,3,0,0,,,0,0,,,0,0,,,0,0,,,,False,False,False,False,False,REVIEW_INSUFFICIENT_DATA,ACTION_COLLECT_MORE_DATA_OR_MANUAL_REVIEW,review,REVIEW_SHORT_OBS_ACTIVE_LIKE,,,REVIEW_SHORT_OBS_ACTIVE_LIKE,low,観測期間<120日でactive様（flat_tail<60）。経過観察で十分なことが多い。,61.9,5.2,"obs_days=95.1, n_samples=937, quality=QUALITY_SHORT_OBS -> insufficient/uncertain data",観測期間・サンプル数・カウンタ整合性のいずれかが不足しており信頼できる判定ができません。review_priorityに従い追加データ収集または手動レビューを行ってください。,v2.0-final,v2.0-final,v2.0-final,0.0,,,,,0.0,-1.0,n/a,ThinkPad T14s Gen 6 Qualcomm,SMP,LNV-5B11H56403,2026-06-03T16:38:27
DESKTOP-LBSEJ4D_perf-test,311,2023-09-05 18:43:16,2024-01-16 08:11:46,132.56,0.51,60.627,67,20,0,0,0,0,1,QUALITY_SPARSE,55490.0,55450.0,55270.0,56230.0,10,11,7,4,2024-01-16 07:27:54,0.0,8.298,15.0,22.0,7.0,19.29,157.143,8,8,1.69,97.28,False,False,0.0,0.0,0.0,75.0,78.0,3.0,0.0,0.0,0.0,0,0,0,0,0,1,1,0,0,,,0,0,,,0,0,,,0,0,0,0,0,0,0,4,4,0,0,,,0,0,,,0,0,,,0,0,0,0,0,0,0,3,3,0,0,,,0,0,,,0,0,,,0,0,,,,False,False,False,False,False,NORMAL_OR_RESPONDING,ACTION_NONE,high,NOT_NO_LOW_CHANGE_CANDIDATE,,,,,,64.0,5.0,"flat_tail=0.0d, fcc_changes=11, tail_cyc=0.0, tail_ok[90/80]=0/0, unresp_complete[90/80]=0/0, large_gap[90/80]=0/0 -> FCC still updating / not a no-low-change candidate",,v2.0-final,v2.0-final,v2.0-final,0.0,,,,,0.0,-1.0,n/a,ThinkPad X1 Yoga Gen 8,Celxpert,5B10W13974,2026-06-03T16:38:27
DESKTOP-MMH8JIS_chee1,444,2023-10-24 18:15:19,2024-03-29 11:33:42,156.72,0.5,18.423,44,15,0,0,0,0,1,QUALITY_OK,49530.0,49530.0,49530.0,49530.0,1,0,0,0,2023-10-24 18:15:19,156.7,0.0,16.0,27.0,11.0,25.64,0.0,0,0,0.0,100.06,True,False,156.7,11.0,25.64,3.0,100.0,97.0,0.5889,0.6214,0.0038,0,2,2,2,0,2,2,0,0,,,0,0,,,0,0,,,0,0,0,2,2,2,0,2,2,0,0,,,0,0,,,0,0,,,0,0,0,2,2,2,0,2,2,0,0,,,0,0,,,0,0,,,0,0,,,,True,False,False,False,True,WATCH_LOW_UPDATE_RATE_AMBIGUOUS,ACTION_MONITOR_OR_MANUAL_REVIEW,low,WATCH_POSSIBLE_OPPORTUNITY_WITH_LARGE_GAPS,,WATCH_POSSIBLE_OPPORTUNITY_WITH_LARGE_GAPS,,,,65.7,38.3,"flat_tail=156.7d, fcc_changes=0, tail_cyc=11.0, tail_ok[90/80]=0/0, unresp_complete[90/80]=0/0, large_gap[90/80]=2/2 -> ambiguous (watch)",FCC更新率は低いが完全凍結ではない/学習機会がlarge-gapまたは打ち切りで確証が弱い/境界的のため、FW確認に回す前にモニタリングまたは手動レビューを推奨します。,v2.0-final,v2.0-final,v2.0-final,0.0,,,,,0.0,1.0,MIXED,ThinkPad X13s Gen 1,Celxpert,LNV-5B10W51879,2026-06-03T16:38:27
DESKTOP-N9S9JC9_think,873,2024-04-24 11:30:05,2024-06-26 13:47:12,63.1,0.5,2.47,39,9,0,0,0,0,1,QUALITY_SHORT_OBS,48610.0,47490.0,46990.0,48610.0,5,4,2,2,2024-06-04 09:29:02,22.2,6.339,6.0,14.0,8.0,46.31,50.0,3,3,3.45,101.04,False,False,22.2,3.0,49.4,45.0,100.0,55.0,0.8534,0.5797,0.0,0,0,0,0,0,1,1,0,0,,,0,0,,,0,0,,,0,0,0,0,0,0,0,1,1,0,0,,,0,0,,,0,0,,,0,0,0,0,0,0,0,1,1,0,0,,,0,0,,,0,0,,,0,0,,,,False,False,False,False,False,REVIEW_INSUFFICIENT_DATA,ACTION_COLLECT_MORE_DATA_OR_MANUAL_REVIEW,review,REVIEW_SHORT_OBS_ACTIVE_LIKE,,,REVIEW_SHORT_OBS_ACTIVE_LIKE,low,観測期間<120日でactive様（flat_tail<60）。経過観察で十分なことが多い。,64.3,9.3,"obs_days=63.1, n_samples=873, quality=QUALITY_SHORT_OBS -> insufficient/uncertain data",観測期間・サンプル数・カウンタ整合性のいずれかが不足しており信頼できる判定ができません。review_priorityに従い追加データ収集または手動レビューを行ってください。,v2.0-final,v2.0-final,v2.0-final,0.0,,,,,0.0,-1.0,n/a,ThinkPad R14 Gen 5,Sunwoda,L22D3PG4,2026-06-03T16:38:27
DESKTOP-QAH5T71_ehowe,505,2024-08-08 08:57:51,2024-10-02 07:57:48,54.96,0.5,11.683,49,8,0,0,0,0,1,QUALITY_SHORT_OBS,63800.0,63800.0,59400.0,63800.0,17,17,6,11,2024-09-25 07:44:32,7.0,30.932,13.0,32.0,19.0,126.27,89.474,14,9,7.59,110.0,False,False,7.0,1.0,52.11,46.0,100.0,54.0,0.2627,0.189,0.0,0,0,0,0,0,1,1,0,0,,,0,0,,,0,0,,,0,0,0,0,0,0,0,2,2,0,0,,,0,0,,,0,0,,,0,0,0,0,0,0,0,1,1,0,0,,,0,0,,,0,0,,,0,0,,,,False,False,False,False,False,REVIEW_INSUFFICIENT_DATA,ACTION_COLLECT_MORE_DATA_OR_MANUAL_REVIEW,review,REVIEW_SHORT_OBS_ACTIVE_LIKE,,,REVIEW_SHORT_OBS_ACTIVE_LIKE,low,観測期間<120日でactive様（flat_tail<60）。経過観察で十分なことが多い。,50.9,6.4,"obs_days=55.0, n_samples=505, quality=QUALITY_SHORT_OBS -> insufficient/uncertain data",観測期間・サンプル数・カウンタ整合性のいずれかが不足しており信頼できる判定ができません。review_priorityに従い追加データ収集または手動レビューを行ってください。,v2.0-final,v2.0-final,v2.0-final,0.0,,,,,0.0,-1.0,n/a,ThinkPad T14s Gen 6,SMP,LNV-5B11H56403,2026-06-03T16:38:27
DESKTOP-QLOL3EV_ehowe,366,2024-05-14 10:37:08,2024-06-26 13:29:00,43.12,0.5,12.581,46,6,0,0,0,0,1,QUALITY_SHORT_OBS,63800.0,63800.0,63800.0,63800.0,1,0,0,0,2024-05-14 10:37:08,43.1,0.0,6.0,20.0,14.0,118.59,0.0,0,0,0.0,110.0,False,False,43.1,14.0,118.59,10.0,100.0,90.0,0.1401,0.0622,0.0214,0,1,1,1,0,1,1,0,0,,,0,0,,,0,0,,,0,0,0,3,3,3,0,3,3,0,0,,,0,0,,,0,0,,,0,0,0,1,1,1,0,1,1,0,0,,,0,0,,,0,0,,,0,0,,,,False,False,False,False,False,REVIEW_INSUFFICIENT_DATA,ACTION_COLLECT_MORE_DATA_OR_MANUAL_REVIEW,review,REVIEW_SHORT_OBS_ACTIVE_LIKE,,,REVIEW_SHORT_OBS_ACTIVE_LIKE,low,観測期間<120日でactive様（flat_tail<60）。経過観察で十分なことが多い。,29.2,15.0,"obs_days=43.1, n_samples=366, quality=QUALITY_SHORT_OBS -> insufficient/uncertain data",観測期間・サンプル数・カウンタ整合性のいずれかが不足しており信頼できる判定ができません。review_priorityに従い追加データ収集または手動レビューを行ってください。,v2.0-final,v2.0-final,v2.0-final,0.0,,,,,0.0,-1.0,n/a,ThinkPad T14s Gen 6 Qualcomm,SMP,LNV-5B11H56403,2026-06-03T16:38:27
DESKTOP-VBGKQ59_rtwall,841,2024-10-14 16:13:54,2024-11-25 15:51:28,41.98,0.5,6.739,45,3,0,0,0,0,1,QUALITY_SHORT_OBS,60880.0,60690.0,60690.0,60880.0,13,12,0,12,2024-11-20 20:39:15,4.8,28.585,3.0,10.0,7.0,60.9,171.429,1,0,0.33,104.64,False,False,4.8,0.0,0.0,73.0,100.0,27.0,0.9318,0.8296,0.0,0,0,0,0,0,0,0,0,0,,,0,0,,,0,0,,,0,0,0,0,0,0,0,0,0,0,0,,,0,0,,,0,0,,,0,0,0,0,0,0,0,0,0,0,0,,,0,0,,,0,0,,,0,0,,,,False,False,False,False,False,REVIEW_INSUFFICIENT_DATA,ACTION_COLLECT_MORE_DATA_OR_MANUAL_REVIEW,review,REVIEW_SHORT_OBS_ACTIVE_LIKE,,,REVIEW_SHORT_OBS_ACTIVE_LIKE,low,観測期間<120日でactive様（flat_tail<60）。経過観察で十分なことが多い。,64.4,5.8,"obs_days=42.0, n_samples=841, quality=QUALITY_SHORT_OBS -> insufficient/uncertain data",観測期間・サンプル数・カウンタ整合性のいずれかが不足しており信頼できる判定ができません。review_priorityに従い追加データ収集または手動レビューを行ってください。,v2.0-final,v2.0-final,v2.0-final,0.0,,,,,0.0,-1.0,n/a,ThinkPad T14s Gen 6,SMP,LNV-5B11H56403,2026-06-03T16:38:27
DHARDING-55C9NC_dharding,1720,2025-03-04 16:54:45,2025-06-11 11:10:14,98.76,0.5,1.966,66,13,0,0,0,0,1,QUALITY_SHORT_OBS,60240.0,60040.0,60040.0,60240.0,7,6,0,6,2025-06-03 10:27:21,8.0,6.075,14.0,20.0,6.0,22.19,100.0,0,0,0.34,103.52,False,False,8.0,0.0,0.0,83.0,100.0,17.0,0.7508,0.7898,0.0,0,0,0,0,0,0,0,0,0,,,0,0,,,0,0,,,0,0,0,0,0,0,0,0,0,0,0,,,0,0,,,0,0,,,0,0,0,0,0,0,0,0,0,0,0,,,0,0,,,0,0,,,0,0,,,,False,False,False,False,False,REVIEW_INSUFFICIENT_DATA,ACTION_COLLECT_MORE_DATA_OR_MANUAL_REVIEW,review,REVIEW_SHORT_OBS_ACTIVE_LIKE,,,REVIEW_SHORT_OBS_ACTIVE_LIKE,low,観測期間<120日でactive様（flat_tail<60）。経過観察で十分なことが多い。,61.3,6.3,"obs_days=98.8, n_samples=1720, quality=QUALITY_SHORT_OBS -> insufficient/uncertain data",観測期間・サンプル数・カウンタ整合性のいずれかが不足しており信頼できる判定ができません。review_priorityに従い追加データ収集または手動レビューを行ってください。,v2.0-final,v2.0-final,v2.0-final,0.0,,,,,0.0,-1.0,n/a,ThinkPad T14s Gen 6,Celxpert,5B11H56406,2026-06-03T16:38:27
DHERRING1-6KYF4_dherring1,451,2026-04-30 11:12:40,2026-05-29 13:38:25,29.1,0.5,10.805,26,3,0,0,0,0,1,QUALITY_SHORT_OBS,75010.0,76010.0,75010.0,77260.0,9,14,3,11,2026-05-29 07:08:25,0.3,48.11,1.0,15.0,14.0,175.72,100.0,3,3,3.0,101.35,False,False,0.3,0.0,0.0,87.0,100.0,13.0,0.7369,0.6154,0.0,0,0,0,0,0,6,6,0,0,,,0,0,,,0,0,,,0,0,0,0,0,0,1,8,9,0,0,,0.0,0,0,,1.0,0,0,,1.0,0,0,0,0,0,0,1,8,9,0,0,,0.0,0,0,,1.0,0,0,,1.0,0,0,,,,False,False,False,False,False,REVIEW_INSUFFICIENT_DATA,ACTION_COLLECT_MORE_DATA_OR_MANUAL_REVIEW,review,REVIEW_SHORT_OBS_ACTIVE_LIKE,,,REVIEW_SHORT_OBS_ACTIVE_LIKE,low,観測期間<120日でactive様（flat_tail<60）。経過観察で十分なことが多い。,60.7,5.0,"obs_days=29.1, n_samples=451, quality=QUALITY_SHORT_OBS -> insufficient/uncertain data",観測期間・サンプル数・カウンタ整合性のいずれかが不足しており信頼できる判定ができません。review_priorityに従い追加データ収集または手動レビューを行ってください。,v2.0-final,v2.0-final,v2.0-final,0.0,,,,,0.0,-1.0,n/a,ThinkPad P14s Gen 7 AMD,BYD,5B11M90171,2026-06-03T16:38:27
DILIPB-PF66R2P1_dilipb,405,2026-05-06 14:09:16,2026-05-28 13:47:29,21.98,0.5,5.049,18,1,0,0,0,0,1,QUALITY_SHORT_OBS,58030.0,58010.0,58010.0,58030.0,3,2,0,2,2026-05-27 17:00:52,0.9,9.099,4.0,8.0,4.0,66.47,50.0,0,0,0.03,100.02,False,False,0.9,0.0,0.0,83.0,100.0,17.0,0.6958,0.1945,0.0,0,0,0,0,0,0,0,0,0,,,0,0,,,0,0,,,0,0,0,0,0,0,0,0,0,0,0,,,0,0,,,0,0,,,0,0,0,0,0,0,0,0,0,0,0,,,0,0,,,0,0,,,0,0,,,,False,False,False,False,False,REVIEW_INSUFFICIENT_DATA,ACTION_COLLECT_MORE_DATA_OR_MANUAL_REVIEW,review,REVIEW_SHORT_OBS_ACTIVE_LIKE,,,REVIEW_SHORT_OBS_ACTIVE_LIKE,low,観測期間<120日でactive様（flat_tail<60）。経過観察で十分なことが多い。,59.5,5.2,"obs_days=22.0, n_samples=405, quality=QUALITY_SHORT_OBS -> insufficient/uncertain data",観測期間・サンプル数・カウンタ整合性のいずれかが不足しており信頼できる判定ができません。review_priorityに従い追加データ収集または手動レビューを行ってください。,v2.0-final,v2.0-final,v2.0-final,0.0,,,,,0.0,-1.0,n/a,ThinkPad X1 2-in-1 Gen 11,COSMX,5B11M90162,2026-06-03T16:38:27
DILLON_dpaquin,1276,2025-05-06 14:32:21,2025-08-13 07:37:53,98.71,0.5,1.236,61,13,0,0,0,0,1,QUALITY_SHORT_OBS,57000.0,56690.0,56690.0,57000.0,21,20,0,20,2025-08-11 08:11:37,2.0,20.261,1.0,22.0,21.0,77.7,95.238,0,0,0.54,99.46,False,False,2.0,0.0,0.0,71.0,80.0,9.0,0.5766,0.0,0.0,0,0,0,0,0,0,0,0,0,,,0,0,,,0,0,,,0,0,0,0,0,0,0,1,1,0,0,,,0,0,,,0,0,,,0,0,0,0,0,0,0,0,0,0,0,,,0,0,,,0,0,,,0,0,,,,False,False,False,False,False,REVIEW_INSUFFICIENT_DATA,ACTION_COLLECT_MORE_DATA_OR_MANUAL_REVIEW,review,REVIEW_SHORT_OBS_ACTIVE_LIKE,,,REVIEW_SHORT_OBS_ACTIVE_LIKE,low,観測期間<120日でactive様（flat_tail<60）。経過観察で十分なことが多い。,62.3,5.3,"obs_days=98.7, n_samples=1276, quality=QUALITY_SHORT_OBS -> insufficient/uncertain data",観測期間・サンプル数・カウンタ整合性のいずれかが不足しており信頼できる判定ができません。review_priorityに従い追加データ収集または手動レビューを行ってください。,v2.0-final,v2.0-final,v2.0-final,0.0,,,,,0.0,-1.0,n/a,ThinkPad T14 Gen 6,Sunwoda,5B11M90127,2026-06-03T16:38:27
DJR-PF3R8T3C_djr,28464,2023-02-08 21:53:10,2025-04-10 08:08:22,791.43,0.5,0.5,226,50,0,0,0,0,1,QUALITY_OK,55500.0,53070.0,52010.0,55500.0,32,35,17,18,2025-01-15 17:57:58,84.6,4.422,11.0,65.0,54.0,24.92,64.815,29,23,6.12,93.11,False,False,84.6,16.0,69.09,45.0,100.0,55.0,0.7981,0.2403,0.0,0,0,0,0,0,1,1,0,0,,,0,0,,,0,0,,,0,0,0,0,0,0,0,2,2,0,0,,,0,0,,,0,0,,,0,0,0,0,0,0,0,2,2,0,0,,,0,0,,,0,0,,,0,0,,,,False,False,False,False,False,NORMAL_OR_RESPONDING,ACTION_NONE,high,NOT_NO_LOW_CHANGE_CANDIDATE,,,,,,72.1,27.3,"flat_tail=84.6d, fcc_changes=35, tail_cyc=16.0, tail_ok[90/80]=0/0, unresp_complete[90/80]=0/0, large_gap[90/80]=0/0 -> FCC still updating / not a no-low-change candidate",,v2.0-final,v2.0-final,v2.0-final,0.0,,,,,0.0,-1.0,n/a,ThinkPad X1 Carbon Gen 10,Celxpert,5B10W13974,2026-06-03T16:38:27
DKUNTTU-F4JTB5W_dkunttu,15519,2023-09-21 15:00:12,2024-12-12 16:20:49,448.06,0.5,0.5,90,20,0,1,0,0,1,QUALITY_COUNTER_RESET,72160.0,59630.0,56200.0,72540.0,67,66,5,61,2024-12-11 09:56:39,1.3,14.73,1.0,81.0,80.0,65.21,82.5,16,16,22.65,82.64,False,False,1.3,0.0,0.0,45.0,94.0,49.0,0.733,0.0,0.0,0,0,0,0,1,10,11,0,0,,1.0,0,0,,1.0,0,0,,1.0,0,0,0,0,0,0,1,14,15,0,0,,1.0,0,0,,1.0,0,0,,1.0,0,0,0,0,0,0,1,12,13,0,0,,1.0,0,0,,1.0,0,0,,1.0,0,0,,,,False,False,False,False,False,REVIEW_INSUFFICIENT_DATA,ACTION_COLLECT_MORE_DATA_OR_MANUAL_REVIEW,review,REVIEW_COUNTER_RESET,,,REVIEW_COUNTER_RESET,high,cycleCountが減少（カウンタリセット/パック異常疑い）。生ログ確認が必要。,54.9,0.2,"obs_days=448.1, n_samples=15519, quality=QUALITY_COUNTER_RESET -> insufficient/uncertain data",観測期間・サンプル数・カウンタ整合性のいずれかが不足しており信頼できる判定ができません。review_priorityに従い追加データ収集または手動レビューを行ってください。,v2.0-final,v2.0-final,v2.0-final,0.0,,,,,0.0,-1.0,n/a,ThinkPad Z16 Gen 2,Celxpert,5B10W51888,2026-06-03T16:38:27
DKUNTTU-F4ML5R6_dkunttu,4514,2023-12-13 14:49:18,2024-08-23 15:45:40,254.04,0.5,1.5,99,35,0,0,0,0,1,QUALITY_OK,60100.0,58780.0,56620.0,60100.0,72,78,4,74,2024-08-21 19:30:41,1.8,30.704,4.0,49.0,45.0,64.7,173.333,13,11,6.1,103.07,False,False,1.8,0.0,0.0,85.0,99.0,14.0,0.0,0.148,0.0,0,0,0,0,0,8,8,0,0,,,0,0,,,0,0,,,0,0,0,0,0,0,1,12,13,0,0,,1.0,0,0,,1.0,0,0,,1.0,0,0,0,0,0,0,0,8,8,0,0,,,0,0,,,0,0,,,0,0,,,,False,False,False,False,False,NORMAL_OR_RESPONDING,ACTION_NONE,high,NOT_NO_LOW_CHANGE_CANDIDATE,,,,,,65.6,10.3,"flat_tail=1.8d, fcc_changes=78, tail_cyc=0.0, tail_ok[90/80]=0/0, unresp_complete[90/80]=0/0, large_gap[90/80]=0/0 -> FCC still updating / not a no-low-change candidate",,v2.0-final,v2.0-final,v2.0-final,0.0,,,,,0.0,-1.0,n/a,ThinkPad X1 Carbon Gen 12,SMP,5B11H56383,2026-06-03T16:38:27
DKUNTTU-F5AZ5F3_dkunttu,2417,2025-01-09 16:16:13,2026-03-14 20:23:29,429.17,0.5,3.36,105,52,0,0,0,0,1,QUALITY_OK,81080.0,83570.0,80800.0,83570.0,10,9,5,4,2026-02-02 11:43:15,40.4,2.097,1.0,26.0,25.0,21.28,36.0,9,8,3.46,104.46,False,False,40.4,0.0,0.0,91.0,100.0,9.0,0.6153,0.8118,0.0,0,0,0,0,0,2,2,0,0,,,0,0,,,0,0,,,0,0,0,0,0,0,0,4,4,0,0,,,0,0,,,0,0,,,0,0,0,0,0,0,0,2,2,0,0,,,0,0,,,0,0,,,0,0,,,,False,False,False,False,False,NORMAL_OR_RESPONDING,ACTION_NONE,high,NOT_NO_LOW_CHANGE_CANDIDATE,,,,,,73.7,16.7,"flat_tail=40.4d, fcc_changes=9, tail_cyc=0.0, tail_ok[90/80]=0/0, unresp_complete[90/80]=0/0, large_gap[90/80]=0/0 -> FCC still updating / not a no-low-change candidate",,v2.0-final,v2.0-final,v2.0-final,0.0,,,,,0.0,-1.0,n/a,ThinkPad X9-15 Gen 1,BYD,L24B4PE2,2026-06-03T16:38:27
DKUNTTU-W0CXCFB_dkunttu,538,2024-08-26 10:05:33,2024-09-17 12:12:05,22.09,0.5,2.888,15,2,0,0,0,0,1,QUALITY_SHORT_OBS,58030.0,57170.0,50000.0,60100.0,10,12,4,8,2024-09-16 09:03:26,1.1,54.323,1.0,7.0,6.0,99.21,200.0,7,7,17.41,98.57,False,False,1.1,0.0,0.0,63.0,99.0,36.0,0.9186,0.8835,0.0,0,0,0,0,2,1,3,0,0,,1.0,0,0,,1.0,0,0,,1.0,0,0,0,0,0,0,2,1,3,0,0,,1.0,0,0,,1.0,0,0,,1.0,0,0,0,0,0,0,2,1,3,0,0,,1.0,0,0,,1.0,0,0,,1.0,0,0,,,,False,False,False,False,False,REVIEW_INSUFFICIENT_DATA,ACTION_COLLECT_MORE_DATA_OR_MANUAL_REVIEW,review,REVIEW_SHORT_OBS_ACTIVE_LIKE,,,REVIEW_SHORT_OBS_ACTIVE_LIKE,low,観測期間<120日でactive様（flat_tail<60）。経過観察で十分なことが多い。,63.6,5.2,"obs_days=22.1, n_samples=538, quality=QUALITY_SHORT_OBS -> insufficient/uncertain data",観測期間・サンプル数・カウンタ整合性のいずれかが不足しており信頼できる判定ができません。review_priorityに従い追加データ収集または手動レビューを行ってください。,v2.0-final,v2.0-final,v2.0-final,0.0,,,,,0.0,-1.0,n/a,ThinkPad T14s Gen 6,,,2026-06-03T16:38:27
DLI13-PW0HKDEK_dli13,1793,2025-05-27 14:18:19,2025-11-04 13:43:02,160.98,0.5,9.231,145,23,0,0,0,0,1,QUALITY_OK,57600.0,56950.0,56950.0,57600.0,9,8,0,8,2025-10-16 08:23:25,19.2,4.97,3.0,10.0,7.0,15.88,114.286,1,1,1.14,99.91,False,False,19.2,0.0,0.0,95.0,100.0,5.0,0.9999,0.2774,0.0,0,0,0,0,0,0,0,0,0,,,0,0,,,0,0,,,0,0,0,0,0,0,0,0,0,0,0,,,0,0,,,0,0,,,0,0,0,0,0,0,0,0,0,0,0,,,0,0,,,0,0,,,0,0,,,,False,False,False,False,False,NORMAL_OR_RESPONDING,ACTION_NONE,high,NOT_NO_LOW_CHANGE_CANDIDATE,,,,,,73.2,13.2,"flat_tail=19.2d, fcc_changes=8, tail_cyc=0.0, tail_ok[90/80]=0/0, unresp_complete[90/80]=0/0, large_gap[90/80]=0/0 -> FCC still updating / not a no-low-change candidate",,v2.0-final,v2.0-final,v2.0-final,0.0,,,,,0.0,-1.0,n/a,ThinkPad L16 Gen 2,Sunwoda,5B11M90114,2026-06-03T16:38:27
DLOMIS-PF58PBCR_X1,757,2025-05-28 12:20:43,2025-07-25 12:23:41,58.0,0.5,8.767,40,12,0,0,0,0,1,QUALITY_SHORT_OBS,57030.0,57480.0,56430.0,57520.0,8,7,1,6,2025-07-18 08:24:13,7.2,12.069,3.0,8.0,5.0,31.49,140.0,2,2,1.91,100.79,False,False,7.2,0.0,0.0,46.0,100.0,54.0,0.7808,0.7923,0.0,0,0,0,0,0,0,0,0,0,,,0,0,,,0,0,,,0,0,0,0,0,0,0,0,0,0,0,,,0,0,,,0,0,,,0,0,0,0,0,0,0,0,0,0,0,,,0,0,,,0,0,,,0,0,,,,False,False,False,False,False,REVIEW_INSUFFICIENT_DATA,ACTION_COLLECT_MORE_DATA_OR_MANUAL_REVIEW,review,REVIEW_SHORT_OBS_ACTIVE_LIKE,,,REVIEW_SHORT_OBS_ACTIVE_LIKE,low,観測期間<120日でactive様（flat_tail<60）。経過観察で十分なことが多い。,61.8,6.2,"obs_days=58.0, n_samples=757, quality=QUALITY_SHORT_OBS -> insufficient/uncertain data",観測期間・サンプル数・カウンタ整合性のいずれかが不足しており信頼できる判定ができません。review_priorityに従い追加データ収集または手動レビューを行ってください。,v2.0-final,v2.0-final,v2.0-final,0.0,,,,,0.0,-1.0,n/a,ThinkPad X1 Carbon Gen 13,Celxpert,5B11M90098,2026-06-03T16:38:27
DLOMIS-PF58PBCR_dlomis,715,2025-05-28 12:20:43,2025-07-23 12:41:28,56.01,0.5,8.922,38,12,0,0,0,0,1,QUALITY_SHORT_OBS,57030.0,57480.0,56430.0,57520.0,8,7,1,6,2025-07-18 08:24:13,5.2,12.498,3.0,8.0,5.0,32.61,140.0,2,2,1.91,100.79,False,False,5.2,0.0,0.0,46.0,100.0,54.0,0.7762,0.7791,0.0,0,0,0,0,0,0,0,0,0,,,0,0,,,0,0,,,0,0,0,0,0,0,0,0,0,0,0,,,0,0,,,0,0,,,0,0,0,0,0,0,0,0,0,0,0,,,0,0,,,0,0,,,0,0,,,,False,False,False,False,False,REVIEW_INSUFFICIENT_DATA,ACTION_COLLECT_MORE_DATA_OR_MANUAL_REVIEW,review,REVIEW_SHORT_OBS_ACTIVE_LIKE,,,REVIEW_SHORT_OBS_ACTIVE_LIKE,low,観測期間<120日でactive様（flat_tail<60）。経過観察で十分なことが多い。,61.4,5.9,"obs_days=56.0, n_samples=715, quality=QUALITY_SHORT_OBS -> insufficient/uncertain data",観測期間・サンプル数・カウンタ整合性のいずれかが不足しており信頼できる判定ができません。review_priorityに従い追加データ収集または手動レビューを行ってください。,v2.0-final,v2.0-final,v2.0-final,0.0,,,,,0.0,-1.0,n/a,ThinkPad X1 Carbon Gen 13,Celxpert,5B11M90098,2026-06-03T16:38:27
DONGQZ-PF4RM5MZ_dongqz,1958,2024-02-05 11:36:40,2025-03-21 15:32:32,410.16,0.055,12.009,146,48,0,0,0,0,1,QUALITY_OK,60260.0,61200.0,57500.0,62730.0,39,46,7,39,2025-03-11 22:02:06,9.7,11.215,1.0,34.0,33.0,29.39,139.394,14,9,9.17,107.31,False,False,9.7,0.0,0.0,60.0,98.0,38.0,0.1403,0.0,0.0,0,0,0,0,3,9,12,0,0,,1.0,0,0,,1.0,0,0,,1.0,0,0,0,0,0,0,3,12,15,0,0,,1.0,0,0,,1.0,0,0,,1.0,0,0,0,0,0,0,3,11,14,0,0,,1.0,0,0,,1.0,0,0,,1.0,0,0,,,,False,False,False,False,False,NORMAL_OR_RESPONDING,ACTION_NONE,high,NOT_NO_LOW_CHANGE_CANDIDATE,,,,,,59.0,11.6,"flat_tail=9.7d, fcc_changes=46, tail_cyc=0.0, tail_ok[90/80]=0/0, unresp_complete[90/80]=0/0, large_gap[90/80]=0/0 -> FCC still updating / not a no-low-change candidate",,v2.0-final,v2.0-final,v2.0-final,0.0,,,,,0.0,-1.0,n/a,ThinkPad X1 Carbon Gen 12,SMP,5B11H56383,2026-06-03T16:38:27
DONGQZ-PF505XME_dongqz,1457,2024-10-10 15:19:09,2024-12-19 17:02:35,70.07,0.5,4.435,53,11,0,0,0,0,1,QUALITY_SHORT_OBS,58760.0,59190.0,58610.0,59190.0,14,13,1,12,2024-12-11 08:27:56,8.4,18.553,1.0,14.0,13.0,67.76,100.0,1,1,1.02,103.84,False,False,8.4,0.0,0.0,75.0,100.0,25.0,0.972,0.9091,0.0,0,0,0,0,0,1,1,0,0,,,0,0,,,0,0,,,0,0,0,0,0,0,0,1,1,0,0,,,0,0,,,0,0,,,0,0,0,0,0,0,0,1,1,0,0,,,0,0,,,0,0,,,0,0,,,,False,False,False,False,False,REVIEW_INSUFFICIENT_DATA,ACTION_COLLECT_MORE_DATA_OR_MANUAL_REVIEW,review,REVIEW_SHORT_OBS_ACTIVE_LIKE,,,REVIEW_SHORT_OBS_ACTIVE_LIKE,low,観測期間<120日でactive様（flat_tail<60）。経過観察で十分なことが多い。,65.8,6.4,"obs_days=70.1, n_samples=1457, quality=QUALITY_SHORT_OBS -> insufficient/uncertain data",観測期間・サンプル数・カウンタ整合性のいずれかが不足しており信頼できる判定ができません。review_priorityに従い追加データ収集または手動レビューを行ってください。,v2.0-final,v2.0-final,v2.0-final,0.0,,,,,0.0,-1.0,n/a,ThinkPad X1 Carbon Gen 13,Sunwoda,5B11M90099,2026-06-03T16:38:27
DONGQZ-PF5HTSGV_dongqz,5557,2025-05-28 13:25:30,2026-05-27 12:39:02,363.97,0.5,4.121,236,30,0,0,0,0,1,QUALITY_OK,59610.0,52580.0,52580.0,59730.0,49,48,2,46,2026-05-19 09:08:41,8.1,13.188,1.0,40.0,39.0,39.14,123.077,10,10,12.32,90.66,False,False,8.1,0.0,0.0,68.0,100.0,32.0,0.8911,0.4984,0.0,0,0,0,0,0,7,7,0,0,,,0,0,,,0,0,,,0,0,0,0,0,0,0,7,7,0,0,,,0,0,,,0,0,,,0,0,0,0,0,0,0,7,7,0,0,,,0,0,,,0,0,,,0,0,,,,False,False,False,False,False,NORMAL_OR_RESPONDING,ACTION_NONE,high,NOT_NO_LOW_CHANGE_CANDIDATE,,,,,,69.2,11.3,"flat_tail=8.1d, fcc_changes=48, tail_cyc=0.0, tail_ok[90/80]=0/0, unresp_complete[90/80]=0/0, large_gap[90/80]=0/0 -> FCC still updating / not a no-low-change candidate",,v2.0-final,v2.0-final,v2.0-final,0.0,,,,,0.0,-1.0,n/a,ThinkPad T14s 2-in-1 Gen 1,Celxpert,5B11M90106,2026-06-03T16:38:27
DONGQZ-PF6229ZN_dongqz,1106,2026-01-20 13:50:00,2026-04-01 13:14:11,70.98,0.5,10.249,73,6,0,0,0,0,1,QUALITY_SHORT_OBS,58030.0,57690.0,57180.0,59320.0,26,25,5,20,2026-03-29 22:38:02,2.6,35.221,2.0,25.0,23.0,118.35,108.696,7,7,3.69,99.47,False,False,2.6,0.0,0.0,70.0,100.0,30.0,0.8377,0.5349,0.0,0,0,0,0,0,2,2,0,0,,,0,0,,,0,0,,,0,0,0,0,0,0,0,5,5,0,0,,,0,0,,,0,0,,,0,0,0,0,0,0,0,4,4,0,0,,,0,0,,,0,0,,,0,0,,,,False,False,False,False,False,REVIEW_INSUFFICIENT_DATA,ACTION_COLLECT_MORE_DATA_OR_MANUAL_REVIEW,review,REVIEW_SHORT_OBS_ACTIVE_LIKE,,,REVIEW_SHORT_OBS_ACTIVE_LIKE,low,観測期間<120日でactive様（flat_tail<60）。経過観察で十分なことが多い。,62.2,5.4,"obs_days=71.0, n_samples=1106, quality=QUALITY_SHORT_OBS -> insufficient/uncertain data",観測期間・サンプル数・カウンタ整合性のいずれかが不足しており信頼できる判定ができません。review_priorityに従い追加データ収集または手動レビューを行ってください。,v2.0-final,v2.0-final,v2.0-final,0.0,,,,,0.0,-1.0,n/a,ThinkPad X1 Carbon Gen 14,ATL,5B11M90161,2026-06-03T16:38:27
DONGQZ-PF66VXBZ_dongqz,528,2026-04-01 16:15:07,2026-05-04 14:07:56,32.91,0.5,9.07,31,5,0,0,0,0,1,QUALITY_SHORT_OBS,58030.0,57970.0,57970.0,58030.0,6,5,0,5,2026-04-29 19:35:02,4.8,15.193,1.0,7.0,6.0,66.59,83.333,0,0,0.1,99.95,False,False,4.8,0.0,0.0,71.0,100.0,29.0,0.7483,0.6682,0.0,0,0,0,0,0,0,0,0,0,,,0,0,,,0,0,,,0,0,0,0,0,0,0,1,1,0,0,,,0,0,,,0,0,,,0,0,0,0,0,0,0,0,0,0,0,,,0,0,,,0,0,,,0,0,,,,False,False,False,False,False,REVIEW_INSUFFICIENT_DATA,ACTION_COLLECT_MORE_DATA_OR_MANUAL_REVIEW,review,REVIEW_SHORT_OBS_ACTIVE_LIKE,,,REVIEW_SHORT_OBS_ACTIVE_LIKE,low,観測期間<120日でactive様（flat_tail<60）。経過観察で十分なことが多い。,60.8,5.8,"obs_days=32.9, n_samples=528, quality=QUALITY_SHORT_OBS -> insufficient/uncertain data",観測期間・サンプル数・カウンタ整合性のいずれかが不足しており信頼できる判定ができません。review_priorityに従い追加データ収集または手動レビューを行ってください。,v2.0-final,v2.0-final,v2.0-final,0.0,,,,,0.0,-1.0,n/a,ThinkPad X1 Carbon Gen 14,SMP,5B11M90163,2026-06-03T16:38:27
DONGQZ-PW0B15P6_dongqz,765,2024-06-06 08:22:16,2024-06-21 13:22:57,15.21,0.007,0.698,10,2,0,0,0,0,1,QUALITY_SHORT_OBS,90010.0,90530.0,89980.0,90530.0,4,3,1,2,2024-06-09 11:18:44,12.1,19.724,5.0,7.0,2.0,48.03,150.0,1,1,0.61,100.59,False,False,12.1,0.0,0.0,77.0,100.0,23.0,0.8459,0.6441,0.0,0,0,0,0,0,0,0,0,0,,,0,0,,,0,0,,,0,0,0,0,0,0,0,0,0,0,0,,,0,0,,,0,0,,,0,0,0,0,0,0,0,0,0,0,0,,,0,0,,,0,0,,,0,0,,,,False,False,False,False,False,REVIEW_INSUFFICIENT_DATA,ACTION_COLLECT_MORE_DATA_OR_MANUAL_REVIEW,review,REVIEW_SHORT_OBS_ACTIVE_LIKE,,,REVIEW_SHORT_OBS_ACTIVE_LIKE,low,観測期間<120日でactive様（flat_tail<60）。経過観察で十分なことが多い。,63.9,7.0,"obs_days=15.2, n_samples=765, quality=QUALITY_SHORT_OBS -> insufficient/uncertain data",観測期間・サンプル数・カウンタ整合性のいずれかが不足しており信頼できる判定ができません。review_priorityに従い追加データ収集または手動レビューを行ってください。,v2.0-final,v2.0-final,v2.0-final,0.0,,,,,0.0,-1.0,n/a,ThinkPad P1 Gen 7,Celxpert,5B11M37552,2026-06-03T16:38:27
DRICKARD-5GLCFY_drickard,3229,2025-05-28 14:46:22,2025-12-17 15:06:50,203.01,0.5,3.681,144,35,0,0,0,0,1,QUALITY_OK,54760.0,52260.0,52260.0,56020.0,38,38,5,33,2025-12-08 08:59:27,9.3,18.718,1.0,32.0,31.0,55.77,122.581,13,13,6.87,95.45,False,False,9.3,0.0,0.0,79.0,100.0,21.0,1.0,0.4193,0.0,0,0,0,0,0,7,7,0,0,,,0,0,,,0,0,,,0,0,0,0,0,0,0,12,12,0,0,,,0,0,,,0,0,,,0,0,0,0,0,0,0,10,10,0,0,,,0,0,,,0,0,,,0,0,,,,False,False,False,False,False,NORMAL_OR_RESPONDING,ACTION_NONE,high,NOT_NO_LOW_CHANGE_CANDIDATE,,,,,,71.5,11.6,"flat_tail=9.3d, fcc_changes=38, tail_cyc=0.0, tail_ok[90/80]=0/0, unresp_complete[90/80]=0/0, large_gap[90/80]=0/0 -> FCC still updating / not a no-low-change candidate",,v2.0-final,v2.0-final,v2.0-final,0.0,,,,,0.0,-1.0,n/a,ThinkPad X13 Gen 6,SMP,5B11M90123,2026-06-03T16:38:27
DRUBRIGHT-320B9_drubright,901,2026-01-14 11:12:24,2026-03-05 07:57:59,49.86,0.5,8.614,49,4,0,0,0,0,1,QUALITY_SHORT_OBS,58030.0,56140.0,56140.0,58030.0,22,21,0,21,2026-03-04 10:10:45,0.9,42.118,1.0,23.0,22.0,161.16,95.455,1,1,3.26,96.79,False,False,0.9,0.0,0.0,71.0,100.0,29.0,0.5348,0.4829,0.0,0,0,0,0,0,1,1,0,0,,,0,0,,,0,0,,,0,0,0,0,0,0,0,1,1,0,0,,,0,0,,,0,0,,,0,0,0,0,0,0,0,1,1,0,0,,,0,0,,,0,0,,,0,0,,,,False,False,False,False,False,REVIEW_INSUFFICIENT_DATA,ACTION_COLLECT_MORE_DATA_OR_MANUAL_REVIEW,review,REVIEW_SHORT_OBS_ACTIVE_LIKE,,,REVIEW_SHORT_OBS_ACTIVE_LIKE,low,観測期間<120日でactive様（flat_tail<60）。経過観察で十分なことが多い。,55.8,5.2,"obs_days=49.9, n_samples=901, quality=QUALITY_SHORT_OBS -> insufficient/uncertain data",観測期間・サンプル数・カウンタ整合性のいずれかが不足しており信頼できる判定ができません。review_priorityに従い追加データ収集または手動レビューを行ってください。,v2.0-final,v2.0-final,v2.0-final,0.0,,,,,0.0,-1.0,n/a,ThinkPad X1 Carbon Gen 14,ATL,5B11M90161,2026-06-03T16:38:27
DRUBRIGHT-DPJ32_drubright,3662,2025-01-07 13:53:42,2025-05-27 21:41:54,140.33,0.5,3.074,142,1,0,0,0,0,1,QUALITY_OK,55130.0,50080.0,49900.0,55760.0,78,78,7,71,2025-05-26 14:44:11,1.3,55.583,1.0,69.0,68.0,176.99,114.706,16,16,10.64,90.89,False,False,1.3,0.0,0.0,29.0,100.0,71.0,0.3999,0.3708,0.0,0,0,0,0,0,0,0,0,0,,,0,0,,,0,0,,,0,0,0,0,0,0,0,2,2,0,0,,,0,0,,,0,0,,,0,0,0,0,0,0,0,0,0,0,0,,,0,0,,,0,0,,,0,0,,,,False,False,False,False,False,NORMAL_OR_RESPONDING,ACTION_NONE,high,NOT_NO_LOW_CHANGE_CANDIDATE,,,,,,58.2,10.2,"flat_tail=1.3d, fcc_changes=78, tail_cyc=0.0, tail_ok[90/80]=0/0, unresp_complete[90/80]=0/0, large_gap[90/80]=0/0 -> FCC still updating / not a no-low-change candidate",,v2.0-final,v2.0-final,v2.0-final,0.0,,,,,0.0,-1.0,n/a,ThinkPad X9-14 Gen 1,BYD,LNV-5B11M90101,2026-06-03T16:38:27
DRUBRIGHT-EHFA6_drubright,2574,2023-09-07 10:53:24,2024-02-11 11:00:09,157.0,0.5,4.313,76,7,0,0,0,0,1,QUALITY_OK,55430.0,46330.0,45120.0,55910.0,63,73,7,66,2023-12-15 11:32:33,58.0,46.497,3.0,62.0,59.0,137.26,123.729,15,15,19.72,84.7,False,False,58.0,0.0,0.0,33.0,100.0,67.0,0.0525,0.0157,0.0,0,0,0,0,0,1,1,0,0,,,0,0,,,0,0,,,0,0,0,0,0,0,6,4,10,0,0,,1.0,0,0,,1.0,0,0,,1.0,0,0,0,0,0,0,0,2,2,0,0,,,0,0,,,0,0,,,0,0,,,,False,False,False,False,False,NORMAL_OR_RESPONDING,ACTION_NONE,high,NOT_NO_LOW_CHANGE_CANDIDATE,,,,,,60.7,19.7,"flat_tail=58.0d, fcc_changes=73, tail_cyc=0.0, tail_ok[90/80]=0/0, unresp_complete[90/80]=0/0, large_gap[90/80]=0/0 -> FCC still updating / not a no-low-change candidate",,v2.0-final,v2.0-final,v2.0-final,0.0,,,,,0.0,-1.0,n/a,ThinkPad X13 Gen 4,Celxpert,5B11H56367,2026-06-03T16:38:27
DRUBRIGHT-FSTTJ_drubright,4914,2025-06-11 14:08:58,2026-05-27 19:26:33,350.22,0.5,7.685,281,33,0,0,0,0,1,QUALITY_OK,57040.0,47300.0,47300.0,58080.0,135,141,10,131,2026-05-27 11:24:19,0.3,40.26,2.0,124.0,122.0,127.24,115.574,23,23,18.91,82.98,False,False,0.3,0.0,0.0,30.0,100.0,70.0,0.2011,0.0685,0.0,0,0,0,0,0,7,7,0,0,,,0,0,,,0,0,,,0,0,0,0,0,0,0,7,7,0,0,,,0,0,,,0,0,,,0,0,0,0,0,0,0,7,7,0,0,,,0,0,,,0,0,,,0,0,,,,False,False,False,False,False,NORMAL_OR_RESPONDING,ACTION_NONE,high,NOT_NO_LOW_CHANGE_CANDIDATE,,,,,,54.1,10.1,"flat_tail=0.3d, fcc_changes=141, tail_cyc=0.0, tail_ok[90/80]=0/0, unresp_complete[90/80]=0/0, large_gap[90/80]=0/0 -> FCC still updating / not a no-low-change candidate",,v2.0-final,v2.0-final,v2.0-final,0.0,,,,,0.0,-1.0,n/a,ThinkPad X1 2-in-1 Gen 10,Sunwoda,5B11M90099,2026-06-03T16:38:27
DRUBRIGHT-N1GRS_drubright,356,2023-12-15 13:06:55,2024-01-04 12:53:00,19.99,0.5,5.017,11,2,0,0,0,0,1,QUALITY_SHORT_OBS,61110.0,60430.0,60430.0,61110.0,7,6,0,6,2023-12-24 08:24:03,11.2,30.015,2.0,7.0,5.0,91.36,120.0,1,1,1.19,105.96,False,False,11.2,0.0,0.0,94.0,100.0,6.0,0.9285,0.4645,0.0,0,0,0,0,0,0,0,0,0,,,0,0,,,0,0,,,0,0,0,0,0,0,1,1,2,0,0,,1.0,0,0,,1.0,0,0,,1.0,0,0,0,0,0,0,0,0,0,0,0,,,0,0,,,0,0,,,0,0,,,,False,False,False,False,False,REVIEW_INSUFFICIENT_DATA,ACTION_COLLECT_MORE_DATA_OR_MANUAL_REVIEW,review,REVIEW_SHORT_OBS_ACTIVE_LIKE,,,REVIEW_SHORT_OBS_ACTIVE_LIKE,low,観測期間<120日でactive様（flat_tail<60）。経過観察で十分なことが多い。,65.4,6.9,"obs_days=20.0, n_samples=356, quality=QUALITY_SHORT_OBS -> insufficient/uncertain data",観測期間・サンプル数・カウンタ整合性のいずれかが不足しており信頼できる判定ができません。review_priorityに従い追加データ収集または手動レビューを行ってください。,v2.0-final,v2.0-final,v2.0-final,0.0,,,,,0.0,-1.0,n/a,ThinkPad X1 Carbon Gen 12,Celxpert,5B11H56384,2026-06-03T16:38:27
DRUBRIGHT-NXE61_drubright,4115,2024-01-12 12:38:00,2025-12-08 15:46:31,696.13,0.5,3.323,128,28,0,0,0,0,1,QUALITY_OK,58390.0,54990.0,50600.0,58390.0,80,84,6,78,2025-07-23 09:55:27,138.2,12.067,2.0,76.0,74.0,38.83,113.514,19,13,13.65,96.42,False,False,138.2,0.0,0.0,2.0,100.0,98.0,0.6145,0.5653,0.0543,0,0,0,0,4,8,12,0,0,,1.0,0,0,,1.0,0,0,,1.0,0,0,0,0,0,0,9,16,25,0,0,,0.7778,0,0,,1.0,0,0,,1.0,0,0,0,0,0,0,5,12,17,0,0,,0.8,0,0,,1.0,0,0,,1.0,0,0,,,,False,False,False,False,False,NORMAL_OR_RESPONDING,ACTION_NONE,high,NOT_NO_LOW_CHANGE_CANDIDATE,,,,,,85.3,33.0,"flat_tail=138.2d, fcc_changes=84, tail_cyc=0.0, tail_ok[90/80]=0/0, unresp_complete[90/80]=0/0, large_gap[90/80]=0/0 -> FCC still updating / not a no-low-change candidate",,v2.0-final,v2.0-final,v2.0-final,0.0,,,,,0.0,-1.0,n/a,ThinkPad X1 2-in-1 Gen 9,SMP,5B11H56383,2026-06-03T16:38:27
DSABOGAL-66ZRAR_dsabogal,498,2026-05-11 09:52:38,2026-05-25 16:06:53,14.26,0.5,0.658,4,1,0,0,0,0,1,QUALITY_SHORT_OBS,58030.0,58020.0,58020.0,58030.0,2,1,0,1,2026-05-20 17:35:35,4.9,7.013,2.0,4.0,2.0,51.23,50.0,0,0,0.02,100.03,False,False,4.9,0.0,0.0,81.0,100.0,19.0,0.9703,0.9211,0.0,0,0,0,0,0,0,0,0,0,,,0,0,,,0,0,,,0,0,0,0,0,0,0,0,0,0,0,,,0,0,,,0,0,,,0,0,0,0,0,0,0,0,0,0,0,,,0,0,,,0,0,,,0,0,,,,False,False,False,False,False,REVIEW_INSUFFICIENT_DATA,ACTION_COLLECT_MORE_DATA_OR_MANUAL_REVIEW,review,REVIEW_SHORT_OBS_ACTIVE_LIKE,,,REVIEW_SHORT_OBS_ACTIVE_LIKE,low,観測期間<120日でactive様（flat_tail<60）。経過観察で十分なことが多い。,65.2,5.8,"obs_days=14.3, n_samples=498, quality=QUALITY_SHORT_OBS -> insufficient/uncertain data",観測期間・サンプル数・カウンタ整合性のいずれかが不足しており信頼できる判定ができません。review_priorityに従い追加データ収集または手動レビューを行ってください。,v2.0-final,v2.0-final,v2.0-final,0.0,,,,,0.0,-1.0,n/a,ThinkPad T14s Gen 7,SMP,5B11M90163,2026-06-03T16:38:27
DSMITH3-F66KH2F_dsmith3,267,2026-05-05 14:16:25,2026-06-01 11:54:11,26.9,0.5,11.127,18,4,0,0,0,0,1,QUALITY_SHORT_OBS,75010.0,75000.0,75000.0,75010.0,2,1,0,1,2026-05-29 13:15:13,2.9,3.717,1.0,4.0,3.0,40.73,33.333,0,0,0.01,100.0,False,False,2.9,0.0,0.0,90.0,100.0,10.0,0.5455,0.7157,0.0,0,0,0,0,0,0,0,0,0,,,0,0,,,0,0,,,0,0,0,0,0,0,0,0,0,0,0,,,0,0,,,0,0,,,0,0,0,0,0,0,0,0,0,0,0,,,0,0,,,0,0,,,0,0,,,,False,False,False,False,False,REVIEW_INSUFFICIENT_DATA,ACTION_COLLECT_MORE_DATA_OR_MANUAL_REVIEW,review,REVIEW_SHORT_OBS_ACTIVE_LIKE,,,REVIEW_SHORT_OBS_ACTIVE_LIKE,low,観測期間<120日でactive様（flat_tail<60）。経過観察で十分なことが多い。,62.2,5.5,"obs_days=26.9, n_samples=267, quality=QUALITY_SHORT_OBS -> insufficient/uncertain data",観測期間・サンプル数・カウンタ整合性のいずれかが不足しており信頼できる判定ができません。review_priorityに従い追加データ収集または手動レビューを行ってください。,v2.0-final,v2.0-final,v2.0-final,0.0,,,,,0.0,-1.0,n/a,ThinkPad T14 Gen 7,Sunwoda,5B11M90169,2026-06-03T16:38:27
DWATTS-PF5C6AV8_dwatts,16911,2025-01-28 15:44:19,2026-05-02 13:18:40,458.9,0.5,0.5,52,7,0,0,0,0,1,QUALITY_OK,57040.0,50680.0,50680.0,57040.0,73,72,1,71,2026-04-25 20:06:25,6.7,15.69,1.0,67.0,66.0,52.53,109.091,7,7,11.15,88.87,False,False,6.7,0.0,0.0,80.0,100.0,20.0,0.9977,0.9653,0.0,0,0,0,0,0,0,0,0,0,,,0,0,,,0,0,,,0,0,0,0,0,0,0,2,2,0,0,,,0,0,,,0,0,,,0,0,0,0,0,0,0,1,1,0,0,,,0,0,,,0,0,,,0,0,,,,False,False,False,False,False,NORMAL_OR_RESPONDING,ACTION_NONE,high,NOT_NO_LOW_CHANGE_CANDIDATE,,,,,,71.1,11.1,"flat_tail=6.7d, fcc_changes=72, tail_cyc=0.0, tail_ok[90/80]=0/0, unresp_complete[90/80]=0/0, large_gap[90/80]=0/0 -> FCC still updating / not a no-low-change candidate",,v2.0-final,v2.0-final,v2.0-final,0.0,,,,,0.0,-1.0,n/a,ThinkPad X1 Carbon Gen 13,BYD,5B11M90100,2026-06-03T16:38:27
DWATTS-PF627DJB_dwatts,4074,2026-01-30 11:50:23,2026-04-24 13:30:53,84.07,0.5,0.5,2,0,0,0,0,0,1,QUALITY_SHORT_OBS,60000.0,59860.0,59860.0,60000.0,13,12,0,12,2026-04-13 20:22:30,10.7,14.274,1.0,16.0,15.0,65.17,80.0,0,0,0.23,99.77,False,False,10.7,0.0,0.0,67.0,100.0,33.0,0.9496,0.3366,0.0,0,0,0,0,0,1,1,0,0,,,0,0,,,0,0,,,0,0,0,0,0,0,0,1,1,0,0,,,0,0,,,0,0,,,0,0,0,0,0,0,0,1,1,0,0,,,0,0,,,0,0,,,0,0,,,,False,False,False,False,False,REVIEW_INSUFFICIENT_DATA,ACTION_COLLECT_MORE_DATA_OR_MANUAL_REVIEW,review,REVIEW_SHORT_OBS_ACTIVE_LIKE,,,REVIEW_SHORT_OBS_ACTIVE_LIKE,low,観測期間<120日でactive様（flat_tail<60）。経過観察で十分なことが多い。,65.8,6.8,"obs_days=84.1, n_samples=4074, quality=QUALITY_SHORT_OBS -> insufficient/uncertain data",観測期間・サンプル数・カウンタ整合性のいずれかが不足しており信頼できる判定ができません。review_priorityに従い追加データ収集または手動レビューを行ってください。,v2.0-final,v2.0-final,v2.0-final,0.0,,,,,0.0,-1.0,n/a,ThinkPad P14s Gen 7,COSMX,5B11M90178,2026-06-03T16:38:27
DWATTS-PF668VNV_dwatts,1140,2026-04-29 11:20:37,2026-05-26 21:05:30,27.41,0.5,0.5,9,0,0,0,0,0,1,QUALITY_SHORT_OBS,54760.0,55550.0,54760.0,55610.0,7,6,2,4,2026-05-24 22:18:21,1.9,21.89,0.0,5.0,5.0,66.63,120.0,2,2,1.55,101.55,False,False,1.9,0.0,0.0,79.0,100.0,21.0,0.8743,0.7089,0.0,0,0,0,0,0,0,0,0,0,,,0,0,,,0,0,,,0,0,0,0,0,0,0,0,0,0,0,,,0,0,,,0,0,,,0,0,0,0,0,0,0,0,0,0,0,,,0,0,,,0,0,,,0,0,,,,False,False,False,False,False,REVIEW_INSUFFICIENT_DATA,ACTION_COLLECT_MORE_DATA_OR_MANUAL_REVIEW,review,REVIEW_SHORT_OBS_ACTIVE_LIKE,,,REVIEW_SHORT_OBS_ACTIVE_LIKE,low,観測期間<120日でactive様（flat_tail<60）。経過観察で十分なことが多い。,62.8,5.3,"obs_days=27.4, n_samples=1140, quality=QUALITY_SHORT_OBS -> insufficient/uncertain data",観測期間・サンプル数・カウンタ整合性のいずれかが不足しており信頼できる判定ができません。review_priorityに従い追加データ収集または手動レビューを行ってください。,v2.0-final,v2.0-final,v2.0-final,0.0,,,,,0.0,-1.0,n/a,ThinkPad X13 Gen 7,Sunwoda,5B11M90142,2026-06-03T16:38:27
E14_test,510,2024-05-14 10:12:05,2026-03-24 09:36:40,678.98,0.033,3.607,25,17,0,0,0,0,1,QUALITY_OK,47000.0,46520.0,46520.0,47000.0,2,1,0,1,2025-12-26 12:45:50,87.9,0.147,2.0,6.0,4.0,2.15,25.0,1,1,1.02,98.98,False,False,87.9,1.0,4.16,1.0,100.0,99.0,0.7695,0.6396,0.043,0,0,0,0,0,3,3,0,0,,,0,0,,,0,0,,,0,0,0,0,0,0,0,3,3,0,0,,,0,0,,,0,0,,,0,0,0,0,0,0,0,3,3,0,0,,,0,0,,,0,0,,,0,0,,,,False,False,False,True,True,ACTIONABLE_GAUGE_RESET_INSUFFICIENT_LEARNING_OPPORTUNITY,ACTION_GAUGE_RESET,medium,GAUGE_MEDIUM_NO_OPPORTUNITY,NO_OPPORTUNITY_LOW_CYCLING,,,,,79.5,24.9,"flat_tail=87.9d, fcc_changes=1, tail_cyc=1.0, tail_ok[90/80]=0/0, unresp_complete[90/80]=0/0, large_gap[90/80]=0/0, ac=0.77, min_rsoc=1.0 -> insufficient learning opportunity",FCC/SoHが長期間更新されておらず、ログ上は深い放電→再充電の学習機会が十分に確認できません（OK品質の機会が無く、large-gapを含めても判定可能な機会がない）。安全な環境でOEM推奨のバッテリーゲージリセット/キャリブレーションを実施し、その後72h〜7日間のテレメトリでFCC更新有無を確認してください。,v2.0-final,v2.0-final,v2.0-final,0.0,,,,,0.0,1.0,MIXED,ThinkPad E14 Gen 6,BYD,L22B3PG4,2026-06-03T16:38:27
E28386-PF3X7BXZ_e28386,13395,2023-02-08 10:07:25,2025-10-29 22:15:42,994.51,0.5,4.005,415,27,0,5,0,0,1,QUALITY_COUNTER_RESET,57570.0,57570.0,57570.0,57570.0,1,0,0,0,2023-02-08 10:07:25,994.5,0.0,15.0,62.0,47.0,17.26,0.0,0,0,0.0,101.0,True,True,994.5,47.0,17.26,0.0,100.0,100.0,0.931,0.5195,0.0016,0,4,4,4,0,4,4,0,0,,,0,0,,,0,0,,,0,0,0,7,7,7,0,7,7,0,0,,,0,0,,,0,0,,,0,0,0,5,5,5,0,5,5,0,0,,,0,0,,,0,0,,,0,0,,,,True,True,False,True,True,REVIEW_INSUFFICIENT_DATA,ACTION_COLLECT_MORE_DATA_OR_MANUAL_REVIEW,review,REVIEW_COUNTER_RESET,,,REVIEW_COUNTER_RESET,high,cycleCountが減少（カウンタリセット/パック異常疑い）。生ログ確認が必要。,51.7,39.4,"obs_days=994.5, n_samples=13395, quality=QUALITY_COUNTER_RESET -> insufficient/uncertain data",観測期間・サンプル数・カウンタ整合性のいずれかが不足しており信頼できる判定ができません。review_priorityに従い追加データ収集または手動レビューを行ってください。,v2.0-final,v2.0-final,v2.0-final,0.0,,,,,0.0,-1.0,n/a,ThinkPad X1 Yoga Gen 6,Sunwoda,5B10W13975,2026-06-03T16:38:27
E31583-PW0BLY7A_ohsaw,437,2024-06-10 16:12:51,2024-08-22 12:03:24,72.83,0.5,12.855,32,13,0,0,0,0,1,QUALITY_SHORT_OBS,58030.0,57960.0,57960.0,58030.0,7,6,0,6,2024-07-26 09:08:17,27.1,8.238,4.0,10.0,6.0,30.09,100.0,0,0,0.12,99.93,False,False,27.1,0.0,0.0,15.0,96.0,81.0,0.5561,0.0,0.1661,0,0,0,0,0,0,0,0,0,,,0,0,,,0,0,,,0,0,0,0,0,0,0,0,0,0,0,,,0,0,,,0,0,,,0,0,0,0,0,0,0,0,0,0,0,,,0,0,,,0,0,,,0,0,,,,False,False,False,False,False,REVIEW_INSUFFICIENT_DATA,ACTION_COLLECT_MORE_DATA_OR_MANUAL_REVIEW,review,REVIEW_SHORT_OBS_ACTIVE_LIKE,,,REVIEW_SHORT_OBS_ACTIVE_LIKE,low,観測期間<120日でactive様（flat_tail<60）。経過観察で十分なことが多い。,60.6,9.5,"obs_days=72.8, n_samples=437, quality=QUALITY_SHORT_OBS -> insufficient/uncertain data",観測期間・サンプル数・カウンタ整合性のいずれかが不足しており信頼できる判定ができません。review_priorityに従い追加データ収集または手動レビューを行ってください。,v2.0-final,v2.0-final,v2.0-final,0.0,,,,,0.0,-1.0,n/a,ThinkPad T14s Gen 6,Sunwoda,LNV-5B11H56404,2026-06-03T16:38:27
EAAGM1_pasw-,3404,2025-04-14 18:23:29,2025-09-05 17:27:16,143.96,0.5,0.5,54,18,0,0,0,0,1,QUALITY_OK,58110.0,58920.0,58070.0,59800.0,14,13,1,12,2025-09-04 18:24:40,1.0,9.03,18.0,23.0,5.0,12.69,260.0,5,2,3.04,103.31,False,False,1.0,0.0,0.0,92.0,100.0,8.0,0.9972,0.9496,0.0,0,0,0,0,0,2,2,0,0,,,0,0,,,0,0,,,0,0,0,0,0,0,0,2,2,0,0,,,0,0,,,0,0,,,0,0,0,0,0,0,0,2,2,0,0,,,0,0,,,0,0,,,0,0,,,,False,False,False,False,False,NORMAL_OR_RESPONDING,ACTION_NONE,high,NOT_NO_LOW_CHANGE_CANDIDATE,,,,,,70.1,10.2,"flat_tail=1.0d, fcc_changes=13, tail_cyc=0.0, tail_ok[90/80]=0/0, unresp_complete[90/80]=0/0, large_gap[90/80]=0/0 -> FCC still updating / not a no-low-change candidate",,v2.0-final,v2.0-final,v2.0-final,0.0,,,,,0.0,-1.0,n/a,ThinkPad X1 Carbon Gen 13,SMP,5B11M90097,2026-06-03T16:38:27
EB16034-F2RY6ZG_eb16034,14489,2023-02-02 17:38:06,2025-10-28 12:35:52,998.79,0.5,4.937,628,145,0,0,0,0,1,QUALITY_OK,51480.0,40550.0,40550.0,51480.0,3,2,0,2,2025-10-10 12:55:52,18.0,0.2,27.0,265.0,238.0,87.03,0.84,2,2,21.64,80.3,False,False,18.0,7.0,142.15,2.0,100.0,98.0,0.7865,0.7654,0.0372,0,2,2,2,0,19,19,0,0,,,0,0,,,0,0,,,0,0,0,3,3,3,2,25,27,0,0,,0.0,0,0,,0.0,0,0,,0.0,0,0,0,3,3,3,2,23,25,0,0,,0.0,0,0,,0.0,0,0,,0.0,0,0,,,,False,False,True,True,True,WATCH_LOW_UPDATE_RATE_AMBIGUOUS,ACTION_MONITOR_OR_MANUAL_REVIEW,low,WATCH_POSSIBLE_OPPORTUNITY_WITH_LARGE_GAPS,,WATCH_POSSIBLE_OPPORTUNITY_WITH_LARGE_GAPS,,,,46.5,14.4,"flat_tail=18.0d, fcc_changes=2, tail_cyc=7.0, tail_ok[90/80]=0/0, unresp_complete[90/80]=0/0, large_gap[90/80]=2/3 -> ambiguous (watch)",FCC更新率は低いが完全凍結ではない/学習機会がlarge-gapまたは打ち切りで確証が弱い/境界的のため、FW確認に回す前にモニタリングまたは手動レビューを推奨します。,v2.0-final,v2.0-final,v2.0-final,0.0,,,,,0.0,1.0,MIXED,ThinkPad T14 Gen 1,LG,5B10W139,2026-06-03T16:38:27
EB16034-F4414Y8_eb16034,2690,2023-04-10 10:36:36,2023-10-30 11:16:18,203.03,0.5,12.04,143,40,0,0,0,0,1,QUALITY_OK,56990.0,56990.0,56990.0,56990.0,1,0,0,0,2023-04-10 10:36:36,203.0,0.0,5.0,85.0,80.0,143.92,0.0,0,0,0.0,99.98,True,False,203.0,80.0,143.92,2.0,100.0,98.0,0.2516,0.1976,0.0104,2,2,4,4,2,2,4,2,0,0.0,0.0,2,0,0.0,0.0,2,0,0.0,0.0,2,0,2,2,4,4,2,2,4,2,0,0.0,0.0,2,0,0.0,0.0,2,0,0.0,0.0,2,0,2,2,4,4,2,2,4,2,0,0.0,0.0,2,0,0.0,0.0,2,0,0.0,0.0,2,0,0.0,0.0,0.0,True,True,True,True,True,ACTIONABLE_FW_CHECK_OPPORTUNITY_NO_RESPONSE,ACTION_FW_CHECK,high,FW_HIGH_UNRESPONDED_COMPLETE_WINDOWS,LOW_UPDATE_RATE_WITH_OPPORTUNITIES,,,,,48.6,100.0,"flat_tail=203.0d, fcc_changes=0, tail_cyc=80.0, tail_ok[90/80]=2/2, unresp_complete[90/80]=2/2, large_gap[90/80]=2/2 -> complete-window opportunities present but FCC did not respond",FCC/SoHが長期間更新されておらず、ログ上は深い放電→再充電の学習機会（完全窓・OK品質）が複数回確認されるのにFCCが応答していません。BIOS/EC/バッテリー関連FWのVersion確認とアップデート有無確認を優先してください。アップデート後、次回の学習機会後72h〜7日間でFCC更新有無を確認してください。,v2.0-final,v2.0-final,v2.0-final,6.0,1.605,0.0,-1.605,-1.526,82.1,1.0,MIXED,ThinkPad X1 Carbon Gen 11,,,2026-06-03T16:38:27
EB16034-F4QX17S_eb16034,1600,2024-05-29 13:10:17,2024-09-26 19:34:39,120.27,0.5,11.357,93,18,0,0,0,0,1,QUALITY_OK,61830.0,61260.0,61260.0,61830.0,42,41,0,41,2024-09-19 16:45:29,7.1,34.09,2.0,45.0,43.0,130.59,95.349,0,0,1.0,107.42,False,False,7.1,2.0,102.63,54.0,100.0,46.0,0.2254,0.1647,0.0,0,0,0,0,0,0,0,0,0,,,0,0,,,0,0,,,0,0,0,0,0,0,0,0,0,0,0,,,0,0,,,0,0,,,0,0,0,0,0,0,0,0,0,0,0,,,0,0,,,0,0,,,0,0,,,,False,False,False,False,False,NORMAL_OR_RESPONDING,ACTION_NONE,high,NOT_NO_LOW_CHANGE_CANDIDATE,,,,,,54.9,11.6,"flat_tail=7.1d, fcc_changes=41, tail_cyc=2.0, tail_ok[90/80]=0/0, unresp_complete[90/80]=0/0, large_gap[90/80]=0/0 -> FCC still updating / not a no-low-change candidate",,v2.0-final,v2.0-final,v2.0-final,0.0,,,,,0.0,-1.0,n/a,ThinkPad X1 Carbon Gen 12,SMP,5B11H56383,2026-06-03T16:38:27
EBUCHHOLZ-HKD6N_ebuchholz,850,2025-05-27 14:24:58,2025-08-06 10:10:25,70.82,0.5,11.168,74,11,0,0,0,0,1,QUALITY_SHORT_OBS,57000.0,55960.0,55860.0,57060.0,23,23,2,21,2025-08-01 14:04:41,4.8,32.477,3.0,26.0,23.0,118.62,100.0,4,3,2.11,98.18,False,False,4.8,0.0,0.0,55.0,100.0,45.0,0.643,0.2377,0.0,0,0,0,0,0,1,1,0,0,,,0,0,,,0,0,,,0,0,0,0,0,0,2,5,7,0,0,,1.0,0,0,,1.0,0,0,,1.0,0,0,0,0,0,0,0,4,4,0,0,,,0,0,,,0,0,,,0,0,,,,False,False,False,False,False,REVIEW_INSUFFICIENT_DATA,ACTION_COLLECT_MORE_DATA_OR_MANUAL_REVIEW,review,REVIEW_SHORT_OBS_ACTIVE_LIKE,,,REVIEW_SHORT_OBS_ACTIVE_LIKE,low,観測期間<120日でactive様（flat_tail<60）。経過観察で十分なことが多い。,58.7,5.8,"obs_days=70.8, n_samples=850, quality=QUALITY_SHORT_OBS -> insufficient/uncertain data",観測期間・サンプル数・カウンタ整合性のいずれかが不足しており信頼できる判定ができません。review_priorityに従い追加データ収集または手動レビューを行ってください。,v2.0-final,v2.0-final,v2.0-final,0.0,,,,,0.0,-1.0,n/a,ThinkPad L16 Gen 2,Sunwoda,5B11M90113,2026-06-03T16:38:27
ECOOK-PF67560P_ecook,309,2026-05-06 16:03:16,2026-05-27 12:21:18,20.85,0.5,5.899,15,3,0,0,0,0,1,QUALITY_SHORT_OBS,60000.0,59990.0,59990.0,60000.0,2,1,0,1,2026-05-18 17:26:16,8.8,4.796,0.0,2.0,2.0,35.04,50.0,0,0,0.02,99.98,False,False,8.8,0.0,0.0,77.0,100.0,23.0,0.836,0.8227,0.0,0,0,0,0,0,0,0,0,0,,,0,0,,,0,0,,,0,0,0,0,0,0,0,0,0,0,0,,,0,0,,,0,0,,,0,0,0,0,0,0,0,0,0,0,0,,,0,0,,,0,0,,,0,0,,,,False,False,False,False,False,REVIEW_INSUFFICIENT_DATA,ACTION_COLLECT_MORE_DATA_OR_MANUAL_REVIEW,review,REVIEW_SHORT_OBS_ACTIVE_LIKE,,,REVIEW_SHORT_OBS_ACTIVE_LIKE,low,観測期間<120日でactive様（flat_tail<60）。経過観察で十分なことが多い。,63.2,6.5,"obs_days=20.9, n_samples=309, quality=QUALITY_SHORT_OBS -> insufficient/uncertain data",観測期間・サンプル数・カウンタ整合性のいずれかが不足しており信頼できる判定ができません。review_priorityに従い追加データ収集または手動レビューを行ってください。,v2.0-final,v2.0-final,v2.0-final,0.0,,,,,0.0,-1.0,n/a,ThinkPad T14 Gen 7,Sunwoda,5B11M90168,2026-06-03T16:38:27
EDANG-PF5TMMM8_edang,1187,2025-10-13 15:24:33,2026-06-01 15:42:47,231.01,0.5,20.915,153,43,0,0,0,0,1,QUALITY_OK,99900.0,92870.0,92870.0,99900.0,25,24,1,23,2026-05-13 16:38:48,19.0,10.389,2.0,20.0,18.0,28.46,133.333,9,9,7.04,92.96,False,False,19.0,0.0,0.0,92.0,100.0,8.0,1.0,0.3865,0.0,0,0,0,0,0,4,4,0,0,,,0,0,,,0,0,,,0,0,0,0,0,0,0,8,8,0,0,,,0,0,,,0,0,,,0,0,0,0,0,0,0,7,7,0,0,,,0,0,,,0,0,,,0,0,,,,False,False,False,False,False,NORMAL_OR_RESPONDING,ACTION_NONE,high,NOT_NO_LOW_CHANGE_CANDIDATE,,,,,,73.2,13.2,"flat_tail=19.0d, fcc_changes=24, tail_cyc=0.0, tail_ok[90/80]=0/0, unresp_complete[90/80]=0/0, large_gap[90/80]=0/0 -> FCC still updating / not a no-low-change candidate",,v2.0-final,v2.0-final,v2.0-final,0.0,,,,,0.0,-1.0,n/a,ThinkPad P16 Gen 3,SMP,5B11M90135,2026-06-03T16:38:27
EIGERAMD_44900,11833,2024-09-26 17:09:28,2026-06-01 10:00:12,612.7,0.5,6.838,605,32,0,0,0,0,1,QUALITY_OK,58030.0,41040.0,41040.0,58600.0,145,144,2,142,2026-05-29 15:28:33,2.8,23.503,3.0,137.0,134.0,79.88,107.463,14,14,30.27,70.73,False,False,2.8,0.0,0.0,80.0,100.0,20.0,0.7711,0.7931,0.0,0,0,0,0,0,8,8,0,0,,,0,0,,,0,0,,,0,0,0,0,0,0,0,12,12,0,0,,,0,0,,,0,0,,,0,0,0,0,0,0,0,10,10,0,0,,,0,0,,,0,0,,,0,0,,,,False,False,False,False,False,NORMAL_OR_RESPONDING,ACTION_NONE,high,NOT_NO_LOW_CHANGE_CANDIDATE,,,,,,65.9,10.5,"flat_tail=2.8d, fcc_changes=144, tail_cyc=0.0, tail_ok[90/80]=0/0, unresp_complete[90/80]=0/0, large_gap[90/80]=0/0 -> FCC still updating / not a no-low-change candidate",,v2.0-final,v2.0-final,v2.0-final,0.0,,,,,0.0,-1.0,n/a,ThinkPad T14s Gen 6,SMP,5B11H56407,2026-06-03T16:38:27
EMOURA3-W0A2BQE_emoura3,2187,2024-03-26 16:16:35,2024-07-02 16:25:02,98.01,0.5,1.666,71,10,0,0,0,0,1,QUALITY_SHORT_OBS,47760.0,47380.0,47380.0,47760.0,35,34,0,34,2024-06-27 18:57:43,4.9,34.69,4.0,38.0,34.0,126.71,100.0,0,0,0.82,101.89,False,False,4.9,0.0,0.0,100.0,100.0,0.0,1.0,1.0,0.0,0,0,0,0,3,10,13,0,0,,1.0,0,0,,1.0,0,0,,1.0,0,0,0,0,0,0,4,10,14,0,0,,1.0,0,0,,1.0,0,0,,1.0,0,0,0,0,0,0,4,10,14,0,0,,1.0,0,0,,1.0,0,0,,1.0,0,0,,,,False,False,False,False,False,REVIEW_INSUFFICIENT_DATA,ACTION_COLLECT_MORE_DATA_OR_MANUAL_REVIEW,review,REVIEW_SHORT_OBS_ACTIVE_LIKE,,,REVIEW_SHORT_OBS_ACTIVE_LIKE,low,観測期間<120日でactive様（flat_tail<60）。経過観察で十分なことが多い。,65.8,5.8,"obs_days=98.0, n_samples=2187, quality=QUALITY_SHORT_OBS -> insufficient/uncertain data",観測期間・サンプル数・カウンタ整合性のいずれかが不足しており信頼できる判定ができません。review_priorityに従い追加データ収集または手動レビューを行ってください。,v2.0-final,v2.0-final,v2.0-final,0.0,,,,,0.0,-1.0,n/a,ThinkPad L14 Gen 5,Sunwoda,5B11H56394,2026-06-03T16:38:27
ENOZAKI1-38LRB0_enozaki1,9041,2023-02-05 11:01:33,2025-06-12 10:39:15,857.98,0.5,2.153,353,78,0,0,0,0,1,QUALITY_OK,55370.0,48260.0,48260.0,55590.0,352,835,394,441,2025-05-30 23:13:02,12.5,97.322,62.0,246.0,184.0,78.33,453.804,677,536,12.86,84.67,False,False,12.5,0.0,0.0,2.0,20.0,18.0,0.0069,0.0,0.0087,0,0,0,0,1,15,16,0,0,,1.0,0,0,,1.0,0,0,,1.0,0,0,0,0,0,0,6,31,37,0,0,,1.0,0,0,,1.0,0,0,,1.0,0,0,0,0,0,0,1,21,22,0,0,,1.0,0,0,,1.0,0,0,,1.0,0,0,,,,False,False,False,False,False,NORMAL_OR_RESPONDING,ACTION_NONE,high,NOT_NO_LOW_CHANGE_CANDIDATE,,,,,,66.1,12.1,"flat_tail=12.5d, fcc_changes=835, tail_cyc=0.0, tail_ok[90/80]=0/0, unresp_complete[90/80]=0/0, large_gap[90/80]=0/0 -> FCC still updating / not a no-low-change candidate",,v2.0-final,v2.0-final,v2.0-final,0.0,,,,,0.0,-1.0,n/a,ThinkPad X1 Yoga Gen 6,Celxpert,5B10W13974,2026-06-03T16:38:27
ESHORT_L13,6411,2023-03-24 10:37:41,2024-07-29 11:56:24,493.05,0.5,5.349,314,73,0,0,0,0,1,QUALITY_OK,46120.0,41700.0,40020.0,46990.0,353,789,394,395,2024-07-29 10:26:24,0.1,160.024,8.0,314.0,306.0,226.68,257.843,563,429,15.15,90.65,False,False,0.1,0.0,0.0,70.0,100.0,30.0,1.0,0.3333,0.0,0,0,0,0,0,12,12,0,0,,,0,0,,,0,0,,,0,0,0,0,0,0,8,36,44,0,0,,1.0,0,0,,1.0,0,0,,1.0,0,0,0,0,0,0,0,18,18,0,0,,,0,0,,,0,0,,,0,0,,,,False,False,False,False,False,NORMAL_OR_RESPONDING,ACTION_NONE,high,NOT_NO_LOW_CHANGE_CANDIDATE,,,,,,70.0,10.0,"flat_tail=0.1d, fcc_changes=789, tail_cyc=0.0, tail_ok[90/80]=0/0, unresp_complete[90/80]=0/0, large_gap[90/80]=0/0 -> FCC still updating / not a no-low-change candidate",,v2.0-final,v2.0-final,v2.0-final,0.0,,,,,0.0,-1.0,n/a,ThinkPad L13 Gen 4,Sunwoda,LNV-5B11H56336,2026-06-03T16:38:27
ETURNER-F54Q6Z0_eturner,3405,2024-09-11 14:46:15,2025-06-11 11:04:49,272.85,0.5,10.119,208,38,0,0,0,0,1,QUALITY_OK,58020.0,53080.0,52010.0,58020.0,105,111,14,97,2025-06-11 11:04:49,0.0,40.682,2.0,80.0,78.0,104.41,142.308,33,33,10.36,91.52,False,False,0.0,0.0,,65.0,65.0,0.0,,,,0,0,0,0,2,14,16,0,0,,1.0,0,0,,1.0,0,0,,1.0,0,0,0,0,0,0,3,21,24,0,0,,1.0,0,0,,1.0,0,0,,1.0,0,0,0,0,0,0,2,16,18,0,0,,1.0,0,0,,1.0,0,0,,1.0,0,0,,,,False,False,False,False,False,NORMAL_OR_RESPONDING,ACTION_NONE,high,NOT_NO_LOW_CHANGE_CANDIDATE,,,,,,70.0,10.0,"flat_tail=0.0d, fcc_changes=111, tail_cyc=0.0, tail_ok[90/80]=0/0, unresp_complete[90/80]=0/0, large_gap[90/80]=0/0 -> FCC still updating / not a no-low-change candidate",,v2.0-final,v2.0-final,v2.0-final,0.0,,,,,0.0,-1.0,n/a,ThinkPad T14s Gen 6,Sunwoda,5B11H56405,2026-06-03T16:38:27
EWALLACE-5AM7XJ_ewallace,994,2026-02-05 17:19:13,2026-05-29 09:28:33,112.67,0.5,17.196,88,16,0,0,0,0,1,QUALITY_SHORT_OBS,60930.0,60750.0,60750.0,61040.0,20,21,1,20,2026-05-26 10:51:22,2.9,18.639,3.0,23.0,20.0,64.84,105.0,1,1,0.51,106.58,False,False,2.9,0.0,0.0,56.0,100.0,44.0,0.6966,0.7598,0.0,0,0,0,0,0,1,1,0,0,,,0,0,,,0,0,,,0,0,0,0,0,0,0,1,1,0,0,,,0,0,,,0,0,,,0,0,0,0,0,0,0,1,1,0,0,,,0,0,,,0,0,,,0,0,,,,False,False,False,False,False,REVIEW_INSUFFICIENT_DATA,ACTION_COLLECT_MORE_DATA_OR_MANUAL_REVIEW,review,REVIEW_SHORT_OBS_ACTIVE_LIKE,,,REVIEW_SHORT_OBS_ACTIVE_LIKE,low,観測期間<120日でactive様（flat_tail<60）。経過観察で十分なことが多い。,59.4,5.5,"obs_days=112.7, n_samples=994, quality=QUALITY_SHORT_OBS -> insufficient/uncertain data",観測期間・サンプル数・カウンタ整合性のいずれかが不足しており信頼できる判定ができません。review_priorityに従い追加データ収集または手動レビューを行ってください。,v2.0-final,v2.0-final,v2.0-final,0.0,,,,,0.0,-1.0,n/a,ThinkPad T14 Gen 6,Sunwoda,5B11M90127,2026-06-03T16:38:27
FALMODOVAR-ZGVG_falmodovar,553,2025-02-04 14:09:35,2025-04-01 14:14:07,56.0,0.5,5.674,27,7,0,0,0,0,1,QUALITY_SHORT_OBS,89300.0,84090.0,81110.0,89300.0,14,14,2,12,2025-03-31 21:46:11,0.7,25.0,2.0,14.0,12.0,78.27,116.667,5,2,9.38,96.23,False,False,0.7,0.0,0.0,59.0,100.0,41.0,0.2673,0.0813,0.0,0,0,0,0,0,0,0,0,0,,,0,0,,,0,0,,,0,0,0,0,0,0,0,2,2,0,0,,,0,0,,,0,0,,,0,0,0,0,0,0,0,1,1,0,0,,,0,0,,,0,0,,,0,0,,,,False,False,False,False,False,REVIEW_INSUFFICIENT_DATA,ACTION_COLLECT_MORE_DATA_OR_MANUAL_REVIEW,review,REVIEW_SHORT_OBS_ACTIVE_LIKE,,,REVIEW_SHORT_OBS_ACTIVE_LIKE,low,観測期間<120日でactive様（flat_tail<60）。経過観察で十分なことが多い。,51.5,5.1,"obs_days=56.0, n_samples=553, quality=QUALITY_SHORT_OBS -> insufficient/uncertain data",観測期間・サンプル数・カウンタ整合性のいずれかが不足しており信頼できる判定ができません。review_priorityに従い追加データ収集または手動レビューを行ってください。,v2.0-final,v2.0-final,v2.0-final,0.0,,,,,0.0,-1.0,n/a,ThinkPad T16 Gen 4,SMP,5B11H56412,2026-06-03T16:38:27
FANG_X13,9552,2023-05-10 12:24:40,2025-06-18 02:16:47,769.58,0.5,9.39,605,113,0,0,0,0,1,QUALITY_OK,55510.0,54590.0,54590.0,55740.0,4,3,1,2,2025-05-28 11:03:27,20.6,0.39,0.0,70.0,70.0,33.22,4.286,3,3,2.11,99.74,False,False,20.6,2.0,35.4,14.0,100.0,86.0,0.8639,0.4862,0.0078,0,0,0,0,0,1,1,0,0,,,0,0,,,0,0,,,0,0,0,0,0,0,0,4,4,0,0,,,0,0,,,0,0,,,0,0,0,0,0,0,0,2,2,0,0,,,0,0,,,0,0,,,0,0,,,,False,False,False,True,True,WATCH_LOW_UPDATE_RATE_AMBIGUOUS,ACTION_MONITOR_OR_MANUAL_REVIEW,low,WATCH_ACTIVE_LOW_CADENCE,,WATCH_ACTIVE_LOW_CADENCE,,,,69.7,13.8,"flat_tail=20.6d, fcc_changes=3, tail_cyc=2.0, tail_ok[90/80]=0/0, unresp_complete[90/80]=0/0, large_gap[90/80]=0/0 -> ambiguous (watch)",FCC更新率は低いが完全凍結ではない/学習機会がlarge-gapまたは打ち切りで確証が弱い/境界的のため、FW確認に回す前にモニタリングまたは手動レビューを推奨します。,v2.0-final,v2.0-final,v2.0-final,0.0,,,,,0.0,1.0,MIXED,ThinkPad X13 Gen 4,SMP,5B11H56366,2026-06-03T16:38:27
FBOWER-PF59NQY8_fbower,7956,2025-04-08 11:11:01,2026-05-01 09:24:28,387.93,0.5,0.5,38,15,0,0,0,0,1,QUALITY_OK,89410.0,86480.0,86480.0,89410.0,32,31,0,31,2026-05-01 07:50:35,0.1,7.991,1.0,12.0,11.0,10.36,281.818,9,4,3.35,98.97,False,False,0.1,0.0,0.0,95.0,95.0,0.0,1.0,0.0,0.0,0,0,0,0,0,0,0,0,0,,,0,0,,,0,0,,,0,0,0,0,0,0,0,0,0,0,0,,,0,0,,,0,0,,,0,0,0,0,0,0,0,0,0,0,0,,,0,0,,,0,0,,,0,0,,,,False,False,False,False,False,NORMAL_OR_RESPONDING,ACTION_NONE,high,NOT_NO_LOW_CHANGE_CANDIDATE,,,,,,70.0,10.0,"flat_tail=0.1d, fcc_changes=31, tail_cyc=0.0, tail_ok[90/80]=0/0, unresp_complete[90/80]=0/0, large_gap[90/80]=0/0 -> FCC still updating / not a no-low-change candidate",,v2.0-final,v2.0-final,v2.0-final,0.0,,,,,0.0,-1.0,n/a,ThinkPad T16 Gen 4,SMP,5B11H56412,2026-06-03T16:38:27
FBOWER-PF5PJKZL_fbower,9864,2025-10-01 13:15:58,2026-05-27 13:13:41,238.0,0.5,0.5,37,7,0,0,0,0,1,QUALITY_OK,55600.0,52010.0,51630.0,55600.0,29,30,5,25,2026-05-13 17:21:02,13.8,12.605,4.0,21.0,17.0,26.09,176.471,14,14,6.96,91.25,False,False,13.8,0.0,0.0,89.0,100.0,11.0,0.9929,0.3558,0.0,0,0,0,0,0,0,0,0,0,,,0,0,,,0,0,,,0,0,0,0,0,0,1,3,4,0,0,,1.0,0,0,,1.0,0,0,,1.0,0,0,0,0,0,0,0,0,0,0,0,,,0,0,,,0,0,,,0,0,,,,False,False,False,False,False,NORMAL_OR_RESPONDING,ACTION_NONE,high,NOT_NO_LOW_CHANGE_CANDIDATE,,,,,,72.2,12.3,"flat_tail=13.8d, fcc_changes=30, tail_cyc=0.0, tail_ok[90/80]=0/0, unresp_complete[90/80]=0/0, large_gap[90/80]=0/0 -> FCC still updating / not a no-low-change candidate",,v2.0-final,v2.0-final,v2.0-final,0.0,,,,,0.0,-1.0,n/a,ThinkPad P16s Gen 4,Sunwoda,5B11M90119,2026-06-03T16:38:27
FFEI-PF5PFHPB_ffei,2133,2025-09-16 14:12:25,2026-05-26 14:33:21,252.01,0.5,13.197,210,34,0,0,0,0,1,QUALITY_OK,90000.0,84970.0,84970.0,92710.0,58,60,3,57,2026-05-26 11:27:37,0.1,23.809,2.0,60.0,58.0,84.06,103.448,8,8,8.6,94.41,False,False,0.1,0.0,0.0,100.0,100.0,0.0,1.0,1.0,0.0,0,0,0,0,0,1,1,0,0,,,0,0,,,0,0,,,0,0,0,0,0,0,0,5,5,0,0,,,0,0,,,0,0,,,0,0,0,0,0,0,0,2,2,0,0,,,0,0,,,0,0,,,0,0,,,,False,False,False,False,False,NORMAL_OR_RESPONDING,ACTION_NONE,high,NOT_NO_LOW_CHANGE_CANDIDATE,,,,,,70.0,10.0,"flat_tail=0.1d, fcc_changes=60, tail_cyc=0.0, tail_ok[90/80]=0/0, unresp_complete[90/80]=0/0, large_gap[90/80]=0/0 -> FCC still updating / not a no-low-change candidate",,v2.0-final,v2.0-final,v2.0-final,0.0,,,,,0.0,-1.0,n/a,ThinkPad P16v Gen 3,COSMX,5B11M90137,2026-06-03T16:38:27
FFENG-PF5FSWGF_ffeng,971,2025-06-16 16:04:57,2025-09-19 15:03:41,94.96,0.5,12.159,69,16,0,0,0,0,1,QUALITY_SHORT_OBS,57040.0,56940.0,56940.0,57040.0,9,8,0,8,2025-09-18 10:33:39,1.2,8.425,1.0,9.0,8.0,30.77,100.0,0,0,0.18,99.89,False,False,1.2,0.0,0.0,86.0,100.0,14.0,0.8558,0.8196,0.0,0,0,0,0,0,0,0,0,0,,,0,0,,,0,0,,,0,0,0,0,0,0,0,0,0,0,0,,,0,0,,,0,0,,,0,0,0,0,0,0,0,0,0,0,0,,,0,0,,,0,0,,,0,0,,,,False,False,False,False,False,REVIEW_INSUFFICIENT_DATA,ACTION_COLLECT_MORE_DATA_OR_MANUAL_REVIEW,review,REVIEW_SHORT_OBS_ACTIVE_LIKE,,,REVIEW_SHORT_OBS_ACTIVE_LIKE,low,観測期間<120日でactive様（flat_tail<60）。経過観察で十分なことが多い。,62.3,5.2,"obs_days=95.0, n_samples=971, quality=QUALITY_SHORT_OBS -> insufficient/uncertain data",観測期間・サンプル数・カウンタ整合性のいずれかが不足しており信頼できる判定ができません。review_priorityに従い追加データ収集または手動レビューを行ってください。,v2.0-final,v2.0-final,v2.0-final,0.0,,,,,0.0,-1.0,n/a,ThinkPad X1 2-in-1 Gen 10,Sunwoda,5B11M90099,2026-06-03T16:38:27
FORIPF_radac,4054,2024-02-26 10:48:22,2026-03-25 13:59:21,758.13,0.5,16.291,448,120,0,0,0,0,1,QUALITY_OK,54470.0,48350.0,48140.0,54470.0,219,344,171,173,2026-03-25 13:29:21,0.0,45.375,64.0,198.0,134.0,64.56,256.716,251,203,11.1,84.82,False,False,0.0,1.0,17532.0,60.0,84.0,24.0,1.0,0.0,0.0,0,0,0,0,3,28,31,0,0,,1.0,0,0,,1.0,0,0,,1.0,0,0,0,0,0,0,7,40,47,0,0,,1.0,0,0,,1.0,0,0,,1.0,0,0,0,0,0,0,4,31,35,0,0,,1.0,0,0,,1.0,0,0,,1.0,0,0,,,,False,False,False,False,False,NORMAL_OR_RESPONDING,ACTION_NONE,high,NOT_NO_LOW_CHANGE_CANDIDATE,,,,,,69.5,10.2,"flat_tail=0.0d, fcc_changes=344, tail_cyc=1.0, tail_ok[90/80]=0/0, unresp_complete[90/80]=0/0, large_gap[90/80]=0/0 -> FCC still updating / not a no-low-change candidate",,v2.0-final,v2.0-final,v2.0-final,0.0,,,,,0.0,-1.0,n/a,ThinkPad X1 Yoga Gen 8,Celxpert,5B10W13974,2026-06-03T16:38:27
FRED_Fred_Bower,3998,2026-01-20 11:41:08,2026-05-11 10:10:30,110.94,0.5,0.5,27,9,0,1,0,0,1,QUALITY_COUNTER_RESET,75010.0,74900.0,74900.0,75010.0,10,11,1,10,2026-04-28 13:01:01,12.9,9.915,2.0,11.0,9.0,29.63,122.222,0,0,0.14,99.87,False,False,12.9,0.0,0.0,80.0,100.0,20.0,0.8404,0.5519,0.0,0,0,0,0,0,1,1,0,0,,,0,0,,,0,0,,,0,0,0,0,0,0,0,2,2,0,0,,,0,0,,,0,0,,,0,0,0,0,0,0,0,2,2,0,0,,,0,0,,,0,0,,,0,0,,,,False,False,False,False,False,REVIEW_INSUFFICIENT_DATA,ACTION_COLLECT_MORE_DATA_OR_MANUAL_REVIEW,review,REVIEW_COUNTER_RESET,,,REVIEW_COUNTER_RESET,high,cycleCountが減少（カウンタリセット/パック異常疑い）。生ログ確認が必要。,59.0,2.1,"obs_days=110.9, n_samples=3998, quality=QUALITY_COUNTER_RESET -> insufficient/uncertain data",観測期間・サンプル数・カウンタ整合性のいずれかが不足しており信頼できる判定ができません。review_priorityに従い追加データ収集または手動レビューを行ってください。,v2.0-final,v2.0-final,v2.0-final,0.0,,,,,0.0,-1.0,n/a,ThinkPad T16 Gen 5,Sunwoda,5B11M90169,2026-06-03T16:38:27
FRED_fbower,2127,2025-02-04 14:28:15,2025-03-20 13:46:49,43.97,0.5,0.5,5,1,0,0,0,0,1,QUALITY_SHORT_OBS,86000.0,85950.0,85950.0,86000.0,4,3,0,3,2025-03-19 15:46:20,0.9,6.823,0.0,3.0,3.0,24.92,100.0,0,0,0.06,99.94,False,False,0.9,0.0,0.0,13.0,100.0,87.0,0.9793,0.727,0.0246,0,0,0,0,0,0,0,0,0,,,0,0,,,0,0,,,0,0,0,0,0,0,0,0,0,0,0,,,0,0,,,0,0,,,0,0,0,0,0,0,0,0,0,0,0,,,0,0,,,0,0,,,0,0,,,,False,False,False,False,False,REVIEW_INSUFFICIENT_DATA,ACTION_COLLECT_MORE_DATA_OR_MANUAL_REVIEW,review,REVIEW_SHORT_OBS_ACTIVE_LIKE,,,REVIEW_SHORT_OBS_ACTIVE_LIKE,low,観測期間<120日でactive様（flat_tail<60）。経過観察で十分なことが多い。,64.7,5.2,"obs_days=44.0, n_samples=2127, quality=QUALITY_SHORT_OBS -> insufficient/uncertain data",観測期間・サンプル数・カウンタ整合性のいずれかが不足しており信頼できる判定ができません。review_priorityに従い追加データ収集または手動レビューを行ってください。,v2.0-final,v2.0-final,v2.0-final,0.0,,,,,0.0,-1.0,n/a,ThinkPad T16 Gen 4,Celxpert,5B11H56411,2026-06-03T16:38:27
FSUN3-PC133Y8H_LicenseServer,2577,2023-02-07 19:00:19,2026-05-25 13:54:39,1202.79,0.5,0.5,55,41,0,0,0,0,1,QUALITY_OK,50540.0,47760.0,47760.0,51040.0,21,23,13,10,2026-05-17 06:05:31,8.3,1.912,111.0,126.0,15.0,4.56,153.333,20,16,5.75,83.76,False,False,8.3,0.0,0.0,99.0,100.0,1.0,1.0,1.0,0.0,0,0,0,0,0,0,0,0,0,,,0,0,,,0,0,,,0,0,0,0,0,0,0,1,1,0,0,,,0,0,,,0,0,,,0,0,0,0,0,0,0,0,0,0,0,,,0,0,,,0,0,,,0,0,,,,False,False,False,False,False,NORMAL_OR_RESPONDING,ACTION_NONE,high,NOT_NO_LOW_CHANGE_CANDIDATE,,,,,,71.4,11.4,"flat_tail=8.3d, fcc_changes=23, tail_cyc=0.0, tail_ok[90/80]=0/0, unresp_complete[90/80]=0/0, large_gap[90/80]=0/0 -> FCC still updating / not a no-low-change candidate",,v2.0-final,v2.0-final,v2.0-final,0.0,,,,,0.0,-1.0,n/a,ThinkPad T480s,SMP,01AV479,2026-06-03T16:38:27
FSUN3-PC133Y8H_fsun3,408,2023-02-07 19:00:19,2024-03-05 15:54:52,391.87,0.5,58.07,40,29,0,0,0,0,1,QUALITY_SPARSE,50540.0,50620.0,50010.0,51040.0,15,16,11,5,2024-03-04 15:59:51,1.0,4.083,111.0,120.0,9.0,8.39,177.778,14,11,1.8,88.78,False,False,1.0,0.0,0.0,17.0,100.0,83.0,0.3552,0.3781,0.0,0,0,0,0,0,0,0,0,0,,,0,0,,,0,0,,,0,0,0,0,0,0,0,0,0,0,0,,,0,0,,,0,0,,,0,0,0,0,0,0,0,0,0,0,0,,,0,0,,,0,0,,,0,0,,,,False,False,False,False,False,NORMAL_OR_RESPONDING,ACTION_NONE,high,NOT_NO_LOW_CHANGE_CANDIDATE,,,,,,52.3,5.2,"flat_tail=1.0d, fcc_changes=16, tail_cyc=0.0, tail_ok[90/80]=0/0, unresp_complete[90/80]=0/0, large_gap[90/80]=0/0 -> FCC still updating / not a no-low-change candidate",,v2.0-final,v2.0-final,v2.0-final,0.0,,,,,0.0,-1.0,n/a,ThinkPad T480s,,,2026-06-03T16:38:27
FTEK-PW09S10C_ftek,1146,2024-02-16 07:10:24,2024-08-05 22:19:49,171.63,0.5,10.276,102,25,0,0,0,0,1,QUALITY_OK,57060.0,57290.0,56980.0,59990.0,32,35,3,32,2024-05-20 12:43:35,77.4,20.393,2.0,31.0,29.0,61.72,120.69,9,9,5.29,100.51,False,False,77.4,0.0,0.0,17.0,100.0,83.0,0.2289,0.2318,0.0,0,0,0,0,1,2,3,0,0,,1.0,0,0,,1.0,0,0,,1.0,0,0,0,0,0,0,1,6,7,0,0,,1.0,0,0,,1.0,0,0,,1.0,0,0,0,0,0,0,1,2,3,0,0,,1.0,0,0,,1.0,0,0,,1.0,0,0,,,,False,False,False,False,False,NORMAL_OR_RESPONDING,ACTION_NONE,high,NOT_NO_LOW_CHANGE_CANDIDATE,,,,,,67.5,22.9,"flat_tail=77.4d, fcc_changes=35, tail_cyc=0.0, tail_ok[90/80]=0/0, unresp_complete[90/80]=0/0, large_gap[90/80]=0/0 -> FCC still updating / not a no-low-change candidate",,v2.0-final,v2.0-final,v2.0-final,0.0,,,,,0.0,-1.0,n/a,ThinkPad L16 Gen 1,Sunwoda,5B11H56398,2026-06-03T16:38:27
GGILLETT-5D9MVD_ggillett,7320,2025-02-05 11:07:45,2026-05-27 10:51:54,475.99,0.5,3.463,323,75,0,0,0,0,1,QUALITY_OK,53280.0,47910.0,47910.0,53280.0,137,136,1,135,2026-05-22 09:34:44,5.1,28.572,3.0,132.0,129.0,98.99,105.426,9,9,10.23,91.26,False,False,5.1,0.0,0.0,66.0,100.0,34.0,0.6583,0.4101,0.0,0,0,0,0,0,3,3,0,0,,,0,0,,,0,0,,,0,0,0,0,0,0,1,6,7,0,0,,1.0,0,0,,1.0,0,0,,1.0,0,0,0,0,0,0,0,3,3,0,0,,,0,0,,,0,0,,,0,0,,,,False,False,False,False,False,NORMAL_OR_RESPONDING,ACTION_NONE,high,NOT_NO_LOW_CHANGE_CANDIDATE,,,,,,64.0,10.8,"flat_tail=5.1d, fcc_changes=136, tail_cyc=0.0, tail_ok[90/80]=0/0, unresp_complete[90/80]=0/0, large_gap[90/80]=0/0 -> FCC still updating / not a no-low-change candidate",,v2.0-final,v2.0-final,v2.0-final,0.0,,,,,0.0,-1.0,n/a,ThinkPad T14 Gen 6,Sunwoda,5B11H56418,2026-06-03T16:38:27
GHIROSE-F453D0C_ghirose,14915,2023-03-27 16:17:23,2025-06-10 11:02:55,805.78,0.5,4.285,660,82,0,0,0,0,1,QUALITY_OK,40290.0,34650.0,34320.0,40780.0,283,711,374,337,2025-06-09 18:33:21,0.7,88.237,0.0,335.0,335.0,151.85,212.239,334,197,16.41,87.99,False,False,0.7,0.0,0.0,72.0,94.0,22.0,0.8253,0.0,0.0,0,0,0,0,1,21,22,0,0,,1.0,0,0,,1.0,0,0,,1.0,0,0,0,0,0,0,14,43,57,0,0,,1.0,0,0,,1.0,0,0,,1.0,0,0,0,0,0,0,8,34,42,0,0,,1.0,0,0,,1.0,0,0,,1.0,0,0,,,,False,False,False,False,False,NORMAL_OR_RESPONDING,ACTION_NONE,high,NOT_NO_LOW_CHANGE_CANDIDATE,,,,,,66.6,10.1,"flat_tail=0.7d, fcc_changes=711, tail_cyc=0.0, tail_ok[90/80]=0/0, unresp_complete[90/80]=0/0, large_gap[90/80]=0/0 -> FCC still updating / not a no-low-change candidate",,v2.0-final,v2.0-final,v2.0-final,0.0,,,,,0.0,-1.0,n/a,ThinkPad T14 Gen 3,SMP,5B10W51861,2026-06-03T16:38:27
GHOOGAR-F3KPQQX_ghoogar,1477,2023-02-14 08:51:39,2024-02-27 10:59:24,378.09,0.492,23.536,144,70,0,0,0,0,1,QUALITY_OK,54820.0,48600.0,48590.0,54820.0,7,7,1,6,2024-02-14 09:03:09,13.1,1.851,23.0,87.0,64.0,61.83,10.938,5,5,10.92,85.19,False,False,13.1,3.0,83.77,3.0,90.0,87.0,0.2448,0.0,0.1757,0,0,0,0,0,19,19,0,0,,,0,0,,,0,0,,,0,0,0,0,0,0,2,30,32,0,0,,0.0,0,0,,0.0,0,0,,0.0,0,0,0,0,0,0,0,24,24,0,0,,,0,0,,,0,0,,,0,0,,,,False,False,False,False,False,NORMAL_OR_RESPONDING,ACTION_NONE,high,NOT_NO_LOW_CHANGE_CANDIDATE,,,,,,55.6,12.8,"flat_tail=13.1d, fcc_changes=7, tail_cyc=3.0, tail_ok[90/80]=0/0, unresp_complete[90/80]=0/0, large_gap[90/80]=0/0 -> FCC still updating / not a no-low-change candidate",,v2.0-final,v2.0-final,v2.0-final,0.0,,,,,0.0,-1.0,n/a,ThinkPad X1 Carbon Gen 10,,,2026-06-03T16:38:27
GKONDO-PF4RM5PL_gkondo,3893,2024-05-16 17:36:00,2024-09-11 19:56:17,118.1,0.058,1.38,84,15,0,0,0,0,1,QUALITY_SHORT_OBS,62730.0,51900.0,51900.0,62730.0,39,43,3,40,2024-09-11 19:56:08,0.0,36.41,3.0,51.0,48.0,148.45,89.583,9,9,18.99,91.0,False,False,0.0,0.0,0.0,100.0,100.0,0.0,1.0,1.0,0.0,0,0,0,0,2,8,10,0,0,,1.0,0,0,,1.0,0,0,,1.0,0,0,0,0,0,0,3,11,14,0,0,,1.0,0,0,,1.0,0,0,,1.0,0,0,0,0,0,0,2,10,12,0,0,,1.0,0,0,,1.0,0,0,,1.0,0,0,,,,False,False,False,False,False,REVIEW_INSUFFICIENT_DATA,ACTION_COLLECT_MORE_DATA_OR_MANUAL_REVIEW,review,REVIEW_SHORT_OBS_ACTIVE_LIKE,,,REVIEW_SHORT_OBS_ACTIVE_LIKE,low,観測期間<120日でactive様（flat_tail<60）。経過観察で十分なことが多い。,65.0,5.0,"obs_days=118.1, n_samples=3893, quality=QUALITY_SHORT_OBS -> insufficient/uncertain data",観測期間・サンプル数・カウンタ整合性のいずれかが不足しており信頼できる判定ができません。review_priorityに従い追加データ収集または手動レビューを行ってください。,v2.0-final,v2.0-final,v2.0-final,0.0,,,,,0.0,-1.0,n/a,ThinkPad X1 Carbon Gen 12,SMP,5B11H56383,2026-06-03T16:38:27
GKONDOXPF3TRKJD_gkondo,13912,2023-02-02 16:46:38,2026-06-01 20:55:40,1215.17,0.5,2.985,561,179,0,0,0,0,1,QUALITY_OK,48600.0,43640.0,40410.0,50970.0,44,44,21,23,2026-04-08 02:43:15,54.8,3.621,85.0,515.0,430.0,129.25,10.233,44,43,18.53,76.56,False,False,54.8,9.0,60.03,1.0,100.0,99.0,0.6035,0.5182,0.161,1,4,5,5,21,129,150,1,0,0.0,0.381,1,0,0.0,0.4762,1,0,0.0,0.5238,1,0,1,5,6,6,45,164,209,1,0,0.0,0.2222,1,0,0.0,0.3111,1,0,0.0,0.4889,1,0,1,4,5,5,28,142,170,1,0,0.0,0.2857,1,0,0.0,0.3929,1,0,0.0,0.5,1,0,0.0,0.0,0.0,False,False,False,False,False,NORMAL_OR_RESPONDING,ACTION_NONE,high,NOT_NO_LOW_CHANGE_CANDIDATE,,,,,,44.8,55.9,"flat_tail=54.8d, fcc_changes=44, tail_cyc=9.0, tail_ok[90/80]=1/1, unresp_complete[90/80]=1/1, large_gap[90/80]=4/5 -> FCC still updating / not a no-low-change candidate",,v2.0-final,v2.0-final,v2.0-final,3.0,0.834,0.0,-0.834,-1.075,74.6,-1.0,n/a,ThinkPad X1 Yoga Gen 6,Sunwoda,5B10W13975,2026-06-03T16:38:27
GLANCE_GM4,7953,2023-02-20 22:20:49,2025-08-22 13:04:27,913.61,0.5,6.299,402,74,0,2,0,0,1,QUALITY_COUNTER_RESET,51110.0,46290.0,45210.0,51950.0,312,564,280,284,2025-08-21 21:24:58,0.7,61.733,15.0,195.0,180.0,71.96,313.333,362,219,13.61,93.46,False,False,0.7,0.0,0.0,100.0,100.0,0.0,0.9989,1.0,0.0,0,0,0,0,2,17,19,0,0,,1.0,0,0,,1.0,0,0,,1.0,0,0,0,0,0,0,7,49,56,0,0,,1.0,0,0,,1.0,0,0,,1.0,0,0,0,0,0,0,4,23,27,0,0,,1.0,0,0,,1.0,0,0,,1.0,0,0,,,,False,False,False,False,False,REVIEW_INSUFFICIENT_DATA,ACTION_COLLECT_MORE_DATA_OR_MANUAL_REVIEW,review,REVIEW_COUNTER_RESET,,,REVIEW_COUNTER_RESET,high,cycleCountが減少（カウンタリセット/パック異常疑い）。生ログ確認が必要。,60.1,0.1,"obs_days=913.6, n_samples=7953, quality=QUALITY_COUNTER_RESET -> insufficient/uncertain data",観測期間・サンプル数・カウンタ整合性のいずれかが不足しており信頼できる判定ができません。review_priorityに従い追加データ収集または手動レビューを行ってください。,v2.0-final,v2.0-final,v2.0-final,0.0,,,,,0.0,-1.0,n/a,ThinkPad X13s Gen 1,SMP,LNV-5B10W51878,2026-06-03T16:38:27
GLRTEST_s,513,2024-06-25 14:38:20,2024-07-18 14:12:50,22.98,0.5,1.7,16,2,0,0,0,0,1,QUALITY_SHORT_OBS,59840.0,59760.0,59760.0,59840.0,6,5,0,5,2024-07-18 11:31:11,0.1,21.758,3.0,4.0,1.0,15.89,500.0,0,0,0.14,103.03,False,False,0.1,0.0,0.0,99.0,100.0,1.0,1.0,1.0,0.0,0,0,0,0,0,0,0,0,0,,,0,0,,,0,0,,,0,0,0,0,0,0,0,0,0,0,0,,,0,0,,,0,0,,,0,0,0,0,0,0,0,0,0,0,0,,,0,0,,,0,0,,,0,0,,,,False,False,False,False,False,REVIEW_INSUFFICIENT_DATA,ACTION_COLLECT_MORE_DATA_OR_MANUAL_REVIEW,review,REVIEW_SHORT_OBS_ACTIVE_LIKE,,,REVIEW_SHORT_OBS_ACTIVE_LIKE,low,観測期間<120日でactive様（flat_tail<60）。経過観察で十分なことが多い。,65.0,5.0,"obs_days=23.0, n_samples=513, quality=QUALITY_SHORT_OBS -> insufficient/uncertain data",観測期間・サンプル数・カウンタ整合性のいずれかが不足しており信頼できる判定ができません。review_priorityに従い追加データ収集または手動レビューを行ってください。,v2.0-final,v2.0-final,v2.0-final,0.0,,,,,0.0,-1.0,n/a,ThinkPad T14s Gen 6,SMP,LNV-5B11H56403,2026-06-03T16:38:27
GM201_an1,1483,2026-03-30 13:01:02,2026-04-22 17:57:57,23.21,0.046,0.5,8,2,0,0,0,0,1,QUALITY_SHORT_OBS,56860.0,56230.0,56230.0,56860.0,5,4,0,4,2026-04-17 14:48:11,5.1,17.234,38.0,41.0,3.0,47.21,133.333,1,1,1.08,96.95,False,False,5.1,0.0,0.0,20.0,100.0,80.0,0.9033,0.1038,0.0,0,0,0,0,0,0,0,0,0,,,0,0,,,0,0,,,0,0,0,0,0,0,0,1,1,0,0,,,0,0,,,0,0,,,0,0,0,0,0,0,0,0,0,0,0,,,0,0,,,0,0,,,0,0,,,,False,False,False,False,False,REVIEW_INSUFFICIENT_DATA,ACTION_COLLECT_MORE_DATA_OR_MANUAL_REVIEW,review,REVIEW_SHORT_OBS_ACTIVE_LIKE,,,REVIEW_SHORT_OBS_ACTIVE_LIKE,low,観測期間<120日でactive様（flat_tail<60）。経過観察で十分なことが多い。,63.9,5.8,"obs_days=23.2, n_samples=1483, quality=QUALITY_SHORT_OBS -> insufficient/uncertain data",観測期間・サンプル数・カウンタ整合性のいずれかが不足しており信頼できる判定ができません。review_priorityに従い追加データ収集または手動レビューを行ってください。,v2.0-final,v2.0-final,v2.0-final,0.0,,,,,0.0,-1.0,n/a,ThinkPad X1 2-in-1 Gen 11,SMP,5B11M90163,2026-06-03T16:38:27
GMCNEIL-F55JALH_gmcneil,2092,2024-09-17 15:21:50,2024-11-25 15:44:09,69.02,0.5,1.504,37,6,0,0,0,0,1,QUALITY_SHORT_OBS,57720.0,53810.0,53140.0,58820.0,56,57,9,48,2024-11-25 09:37:40,0.3,82.585,4.0,43.0,39.0,206.39,146.154,19,19,9.79,92.78,False,False,0.3,0.0,0.0,63.0,100.0,37.0,0.9348,0.4093,0.0,0,0,0,0,8,8,16,0,0,,1.0,0,0,,1.0,0,0,,1.0,0,0,0,0,0,0,10,10,20,0,0,,1.0,0,0,,1.0,0,0,,1.0,0,0,0,0,0,0,8,9,17,0,0,,1.0,0,0,,1.0,0,0,,1.0,0,0,,,,False,False,False,False,False,REVIEW_INSUFFICIENT_DATA,ACTION_COLLECT_MORE_DATA_OR_MANUAL_REVIEW,review,REVIEW_SHORT_OBS_ACTIVE_LIKE,,,REVIEW_SHORT_OBS_ACTIVE_LIKE,low,観測期間<120日でactive様（flat_tail<60）。経過観察で十分なことが多い。,63.7,5.0,"obs_days=69.0, n_samples=2092, quality=QUALITY_SHORT_OBS -> insufficient/uncertain data",観測期間・サンプル数・カウンタ整合性のいずれかが不足しており信頼できる判定ができません。review_priorityに従い追加データ収集または手動レビューを行ってください。,v2.0-final,v2.0-final,v2.0-final,0.0,,,,,0.0,-1.0,n/a,ThinkPad T14s Gen 6,Celxpert,5B11H56406,2026-06-03T16:38:27
GREG-WORK-X13Y_gmcneil,9900,2023-05-12 21:19:28,2024-09-06 22:00:20,483.03,0.5,2.806,271,61,0,3,0,0,1,QUALITY_COUNTER_RESET,57030.0,47140.0,47140.0,58040.0,29,28,7,21,2024-08-01 12:59:45,36.4,5.797,1.0,165.0,164.0,124.01,17.073,26,26,19.92,86.13,False,False,36.4,22.0,220.9,3.0,100.0,97.0,0.717,0.4205,0.0297,3,4,7,7,11,47,58,3,0,0.0,0.2727,3,0,0.0,0.2727,2,1,0.0,0.3636,3,0,7,4,11,11,36,58,94,7,0,0.0,0.2222,6,1,0.0,0.25,5,2,0.0,0.4167,6,1,4,4,8,8,18,52,70,4,0,0.0,0.2222,4,0,0.0,0.2778,3,1,0.0,0.3889,4,0,0.0,0.0,0.0,False,False,False,False,False,REVIEW_INSUFFICIENT_DATA,ACTION_COLLECT_MORE_DATA_OR_MANUAL_REVIEW,review,REVIEW_COUNTER_RESET,,,REVIEW_COUNTER_RESET,high,cycleCountが減少（カウンタリセット/パック異常疑い）。生ログ確認が必要。,26.1,60.5,"obs_days=483.0, n_samples=9900, quality=QUALITY_COUNTER_RESET -> insufficient/uncertain data",観測期間・サンプル数・カウンタ整合性のいずれかが不足しており信頼できる判定ができません。review_priorityに従い追加データ収集または手動レビューを行ってください。,v2.0-final,v2.0-final,v2.0-final,13.0,5.358,0.0,-5.358,-3.169,96.0,-1.0,n/a,ThinkPad X13 Yoga Gen 4,SMP,5B11H56366,2026-06-03T16:38:27
GTORRES3-0ABC7N_gtorres3,1606,2024-04-04 12:13:20,2025-06-13 15:22:59,435.13,0.5,15.578,109,36,0,0,0,0,1,QUALITY_OK,43970.0,42780.0,41780.0,43970.0,13,12,6,6,2025-06-09 08:09:46,4.3,2.758,1.0,17.0,16.0,13.43,75.0,9,6,5.18,101.33,False,False,4.3,0.0,0.0,6.0,22.0,16.0,0.0,0.0,0.8892,0,0,0,0,0,2,2,0,0,,,0,0,,,0,0,,,0,0,0,0,0,0,0,2,2,0,0,,,0,0,,,0,0,,,0,0,0,0,0,0,0,2,2,0,0,,,0,0,,,0,0,,,0,0,,,,False,False,False,False,False,NORMAL_OR_RESPONDING,ACTION_NONE,high,NOT_NO_LOW_CHANGE_CANDIDATE,,,,,,65.4,10.7,"flat_tail=4.3d, fcc_changes=12, tail_cyc=0.0, tail_ok[90/80]=0/0, unresp_complete[90/80]=0/0, large_gap[90/80]=0/0 -> FCC still updating / not a no-low-change candidate",,v2.0-final,v2.0-final,v2.0-final,0.0,,,,,0.0,-1.0,n/a,ThinkPad X12 Detachable Gen 2,SMP,5B10Z26480,2026-06-03T16:38:27
GTORRES3-0C7G0F_gtorres3,965,2024-08-14 09:26:53,2024-11-11 09:36:17,89.01,0.5,9.277,77,13,0,0,0,0,1,QUALITY_SHORT_OBS,58020.0,56710.0,56710.0,59080.0,25,26,4,22,2024-11-03 09:56:51,8.0,29.21,4.0,24.0,20.0,82.07,130.0,9,9,4.08,97.78,False,False,8.0,0.0,0.0,8.0,100.0,92.0,0.6073,0.5582,0.0,0,0,0,0,0,4,4,0,0,,,0,0,,,0,0,,,0,0,0,0,0,0,1,7,8,0,0,,1.0,0,0,,1.0,0,0,,1.0,0,0,0,0,0,0,0,5,5,0,0,,,0,0,,,0,0,,,0,0,,,,False,False,False,False,False,REVIEW_INSUFFICIENT_DATA,ACTION_COLLECT_MORE_DATA_OR_MANUAL_REVIEW,review,REVIEW_SHORT_OBS_ACTIVE_LIKE,,,REVIEW_SHORT_OBS_ACTIVE_LIKE,low,観測期間<120日でactive様（flat_tail<60）。経過観察で十分なことが多い。,58.5,6.3,"obs_days=89.0, n_samples=965, quality=QUALITY_SHORT_OBS -> insufficient/uncertain data",観測期間・サンプル数・カウンタ整合性のいずれかが不足しており信頼できる判定ができません。review_priorityに従い追加データ収集または手動レビューを行ってください。,v2.0-final,v2.0-final,v2.0-final,0.0,,,,,0.0,-1.0,n/a,ThinkPad T14s Gen 6,Sunwoda,LNV-5B11H56404,2026-06-03T16:38:27
GTORRES3-5AZJEC_gtorres3,2148,2025-01-13 09:25:31,2026-05-27 14:01:26,499.19,0.5,24.925,273,109,0,0,0,0,1,QUALITY_SPARSE,81080.0,81940.0,80300.0,81940.0,6,6,2,4,2026-01-27 14:52:40,120.0,1.202,1.0,48.0,47.0,34.39,12.766,5,3,2.04,102.42,False,False,120.0,8.0,24.36,1.0,100.0,99.0,0.3118,0.3186,0.0224,0,1,1,1,0,6,6,0,0,,,0,0,,,0,0,,,0,0,0,1,1,1,0,10,10,0,0,,,0,0,,,0,0,,,0,0,0,1,1,1,0,7,7,0,0,,,0,0,,,0,0,,,0,0,,,,False,False,False,True,True,WATCH_LOW_UPDATE_RATE_AMBIGUOUS,ACTION_MONITOR_OR_MANUAL_REVIEW,low,WATCH_POSSIBLE_OPPORTUNITY_WITH_LARGE_GAPS,,WATCH_POSSIBLE_OPPORTUNITY_WITH_LARGE_GAPS,,,,54.7,26.6,"flat_tail=120.0d, fcc_changes=6, tail_cyc=8.0, tail_ok[90/80]=0/0, unresp_complete[90/80]=0/0, large_gap[90/80]=1/1 -> ambiguous (watch)",FCC更新率は低いが完全凍結ではない/学習機会がlarge-gapまたは打ち切りで確証が弱い/境界的のため、FW確認に回す前にモニタリングまたは手動レビューを推奨します。,v2.0-final,v2.0-final,v2.0-final,0.0,,,,,0.0,1.0,MIXED,ThinkPad X9-15 Gen 1,BYD,L24B4PE2,2026-06-03T16:38:27
GUERRILLAPC-M_GPC-1,391,2023-12-18 13:58:45,2024-01-05 10:59:03,17.88,0.016,3.919,14,2,0,0,0,0,1,QUALITY_SHORT_OBS,57000.0,57000.0,57000.0,57000.0,1,0,0,0,2023-12-18 13:58:45,17.9,0.0,2.0,7.0,5.0,102.14,0.0,0,0,0.0,100.0,True,False,17.9,5.0,102.17,1.0,100.0,99.0,0.3525,0.0348,0.0909,0,0,0,0,0,0,0,0,0,,,0,0,,,0,0,,,0,0,0,2,2,2,0,2,2,0,0,,,0,0,,,0,0,,,0,0,0,0,0,0,0,0,0,0,0,,,0,0,,,0,0,,,0,0,,,,False,False,False,False,False,REVIEW_INSUFFICIENT_DATA,ACTION_COLLECT_MORE_DATA_OR_MANUAL_REVIEW,review,REVIEW_SHORT_OBS_ACTIVE_LIKE,,,REVIEW_SHORT_OBS_ACTIVE_LIKE,low,観測期間<120日でactive様（flat_tail<60）。経過観察で十分なことが多い。,35.9,9.0,"obs_days=17.9, n_samples=391, quality=QUALITY_SHORT_OBS -> insufficient/uncertain data",観測期間・サンプル数・カウンタ整合性のいずれかが不足しており信頼できる判定ができません。review_priorityに従い追加データ収集または手動レビューを行ってください。,v2.0-final,v2.0-final,v2.0-final,0.0,,,,,0.0,-1.0,n/a,ThinkPad L16 Gen 1,Sunwoda,5B11H56397,2026-06-03T16:38:27
HAOJING6-501MPD_haojing6,5468,2025-03-17 13:51:58,2026-04-22 10:27:39,400.86,0.5,9.6,360,54,0,0,0,0,1,QUALITY_OK,56770.0,37980.0,35550.0,56770.0,88,89,12,77,2026-04-22 09:57:39,0.0,22.202,14.0,73.0,59.0,53.76,150.847,33,32,36.58,65.46,False,False,0.0,0.0,0.0,99.0,100.0,1.0,1.0,1.0,0.0,0,0,0,0,1,15,16,0,0,,1.0,0,0,,1.0,0,0,,1.0,0,0,0,0,0,0,2,23,25,0,0,,1.0,0,0,,1.0,0,0,,1.0,0,0,0,0,0,0,1,20,21,0,0,,1.0,0,0,,1.0,0,0,,1.0,0,0,,,,False,False,False,False,False,NORMAL_OR_RESPONDING,ACTION_NONE,high,NOT_NO_LOW_CHANGE_CANDIDATE,,,,,,70.0,10.0,"flat_tail=0.0d, fcc_changes=89, tail_cyc=0.0, tail_ok[90/80]=0/0, unresp_complete[90/80]=0/0, large_gap[90/80]=0/0 -> FCC still updating / not a no-low-change candidate",,v2.0-final,v2.0-final,v2.0-final,0.0,,,,,0.0,-1.0,n/a,ThinkPad T14s Gen 6,SMP,5B11H56407,2026-06-03T16:38:27
HARDBAR-F4VMMMN_hardbar,1291,2024-01-11 10:30:19,2024-10-29 22:37:13,292.5,0.5,14.298,106,40,0,0,0,0,1,QUALITY_OK,52510.0,52680.0,51840.0,53280.0,34,37,4,33,2024-07-11 10:34:53,110.5,12.65,1.0,35.0,34.0,42.46,108.824,7,7,2.75,100.34,False,False,110.5,0.0,0.0,21.0,100.0,79.0,0.3754,0.3937,0.0,0,0,0,0,0,4,4,0,0,,,0,0,,,0,0,,,0,0,0,0,0,0,0,9,9,0,0,,,0,0,,,0,0,,,0,0,0,0,0,0,0,6,6,0,0,,,0,0,,,0,0,,,0,0,,,,False,False,False,False,False,NORMAL_OR_RESPONDING,ACTION_NONE,high,NOT_NO_LOW_CHANGE_CANDIDATE,,,,,,75.9,28.4,"flat_tail=110.5d, fcc_changes=37, tail_cyc=0.0, tail_ok[90/80]=0/0, unresp_complete[90/80]=0/0, large_gap[90/80]=0/0 -> FCC still updating / not a no-low-change candidate",,v2.0-final,v2.0-final,v2.0-final,0.0,,,,,0.0,-1.0,n/a,ThinkPad T14 Gen 5,Sunwoda,5B11H56418,2026-06-03T16:38:27
HARRLIXPF4PFNTC_harrli,1000,2023-11-16 10:33:05,2023-12-28 16:11:19,42.23,0.5,2.63,38,1,0,0,0,0,1,QUALITY_SHORT_OBS,57320.0,57560.0,56160.0,57570.0,10,9,3,6,2023-12-14 08:10:06,14.3,21.312,13.0,56.0,43.0,371.91,20.93,6,6,2.47,100.89,False,False,14.3,15.0,382.22,4.0,100.0,96.0,0.6841,0.3142,0.0828,2,3,5,5,7,10,17,2,0,0.0,0.7143,2,0,0.0,0.7143,2,0,0.0,0.7143,2,0,4,6,10,10,15,15,30,4,0,0.0,0.6,4,0,0.0,0.7333,3,1,0.0,0.7333,4,0,4,6,10,10,11,14,25,4,0,0.0,0.6364,4,0,0.0,0.6364,3,1,0.0,0.6364,4,0,0.0,0.0,0.0,False,False,False,False,False,REVIEW_INSUFFICIENT_DATA,ACTION_COLLECT_MORE_DATA_OR_MANUAL_REVIEW,review,REVIEW_SHORT_OBS_ACTIVE_LIKE,,,REVIEW_SHORT_OBS_ACTIVE_LIKE,low,観測期間<120日でactive様（flat_tail<60）。経過観察で十分なことが多い。,30.5,60.4,"obs_days=42.2, n_samples=1000, quality=QUALITY_SHORT_OBS -> insufficient/uncertain data",観測期間・サンプル数・カウンタ整合性のいずれかが不足しており信頼できる判定ができません。review_priorityに従い追加データ収集または手動レビューを行ってください。,v2.0-final,v2.0-final,v2.0-final,10.0,7.456,0.0,-7.456,-7.058,99.9,-1.0,n/a,ThinkPad X1 Carbon Gen 11,SMP,5B10W13973,2026-06-03T16:38:27
HARSHADA-X1CG12_hghodke,3500,2024-09-08 10:50:18,2026-05-27 09:12:36,625.93,0.5,18.148,428,84,0,0,0,0,1,QUALITY_OK,57250.0,49840.0,48570.0,58000.0,110,114,11,103,2026-05-26 20:52:32,0.5,18.213,1.0,100.0,99.0,57.77,115.152,29,28,16.53,87.39,False,False,0.5,0.0,0.0,98.0,99.0,1.0,1.0,0.375,0.0,0,0,0,0,1,17,18,0,0,,1.0,0,0,,1.0,0,0,,1.0,0,0,0,0,0,0,4,28,32,0,0,,1.0,0,0,,1.0,0,0,,1.0,0,0,0,0,0,0,3,22,25,0,0,,1.0,0,0,,1.0,0,0,,1.0,0,0,,,,False,False,False,False,False,NORMAL_OR_RESPONDING,ACTION_NONE,high,NOT_NO_LOW_CHANGE_CANDIDATE,,,,,,70.1,10.1,"flat_tail=0.5d, fcc_changes=114, tail_cyc=0.0, tail_ok[90/80]=0/0, unresp_complete[90/80]=0/0, large_gap[90/80]=0/0 -> FCC still updating / not a no-low-change candidate",,v2.0-final,v2.0-final,v2.0-final,0.0,,,,,0.0,-1.0,n/a,ThinkPad X1 Carbon Gen 12,Celxpert,5B11H56384,2026-06-03T16:38:27
HBOUHYA-F5GLH13_hbouhya,2451,2025-05-28 14:44:00,2025-11-05 15:14:05,161.02,0.5,6.136,125,20,0,0,0,0,1,QUALITY_OK,54760.0,52770.0,52770.0,54760.0,23,22,0,22,2025-10-24 10:58:15,12.2,13.663,1.0,20.0,19.0,43.1,115.789,3,3,3.64,96.38,False,False,12.2,0.0,0.0,63.0,100.0,37.0,0.8624,0.572,0.0,0,0,0,0,0,1,1,0,0,,,0,0,,,0,0,,,0,0,0,0,0,0,0,3,3,0,0,,,0,0,,,0,0,,,0,0,0,0,0,0,0,2,2,0,0,,,0,0,,,0,0,,,0,0,,,,False,False,False,False,False,NORMAL_OR_RESPONDING,ACTION_NONE,high,NOT_NO_LOW_CHANGE_CANDIDATE,,,,,,69.3,12.0,"flat_tail=12.2d, fcc_changes=22, tail_cyc=0.0, tail_ok[90/80]=0/0, unresp_complete[90/80]=0/0, large_gap[90/80]=0/0 -> FCC still updating / not a no-low-change candidate",,v2.0-final,v2.0-final,v2.0-final,0.0,,,,,0.0,-1.0,n/a,ThinkPad X13 Gen 6,SMP,5B11M90123,2026-06-03T16:38:27
HBOUHYA-F62XRZ6_hbouhya,868,2026-01-22 15:01:07,2026-03-17 14:09:22,53.96,0.5,6.407,45,6,0,0,0,0,1,QUALITY_SHORT_OBS,60000.0,57560.0,57560.0,60000.0,9,8,1,7,2026-03-17 09:47:38,0.2,14.826,0.0,6.0,6.0,40.61,133.333,3,3,4.07,95.93,False,False,0.2,0.0,0.0,56.0,100.0,44.0,1.0,0.5415,0.0,0,0,0,0,0,3,3,0,0,,,0,0,,,0,0,,,0,0,0,0,0,0,0,3,3,0,0,,,0,0,,,0,0,,,0,0,0,0,0,0,0,3,3,0,0,,,0,0,,,0,0,,,0,0,,,,False,False,False,False,False,REVIEW_INSUFFICIENT_DATA,ACTION_COLLECT_MORE_DATA_OR_MANUAL_REVIEW,review,REVIEW_SHORT_OBS_ACTIVE_LIKE,,,REVIEW_SHORT_OBS_ACTIVE_LIKE,low,観測期間<120日でactive様（flat_tail<60）。経過観察で十分なことが多い。,65.0,5.0,"obs_days=54.0, n_samples=868, quality=QUALITY_SHORT_OBS -> insufficient/uncertain data",観測期間・サンプル数・カウンタ整合性のいずれかが不足しており信頼できる判定ができません。review_priorityに従い追加データ収集または手動レビューを行ってください。,v2.0-final,v2.0-final,v2.0-final,0.0,,,,,0.0,-1.0,n/a,ThinkPad T16 Gen 5,BYD,5B11M90170,2026-06-03T16:38:27
HDIZ1PF59HFLQ_hdiz,7522,2025-05-14 11:41:03,2026-05-27 11:02:11,377.97,0.5,4.232,332,49,0,0,0,0,1,QUALITY_OK,59070.0,51460.0,51460.0,62730.0,177,195,17,178,2026-05-27 10:32:11,0.0,51.591,1.0,247.0,246.0,237.72,79.268,59,38,19.76,90.23,False,False,0.0,0.0,0.0,100.0,100.0,0.0,1.0,1.0,0.0,0,0,0,0,1,15,16,0,0,,1.0,0,0,,1.0,0,0,,1.0,0,0,0,0,0,0,6,22,28,0,0,,1.0,0,0,,1.0,0,0,,1.0,0,0,0,0,0,0,1,18,19,0,0,,1.0,0,0,,1.0,0,0,,1.0,0,0,,,,False,False,False,False,False,NORMAL_OR_RESPONDING,ACTION_NONE,high,NOT_NO_LOW_CHANGE_CANDIDATE,,,,,,70.0,10.0,"flat_tail=0.0d, fcc_changes=195, tail_cyc=0.0, tail_ok[90/80]=0/0, unresp_complete[90/80]=0/0, large_gap[90/80]=0/0 -> FCC still updating / not a no-low-change candidate",,v2.0-final,v2.0-final,v2.0-final,0.0,,,,,0.0,-1.0,n/a,ThinkPad X1 2-in-1 Gen 10,SMP,5B11M90097,2026-06-03T16:38:27
HELS-PW0C7G11_Lanshan,493,2024-07-18 14:10:14,2024-08-22 08:17:49,34.76,0.5,9.371,37,6,0,0,0,0,1,QUALITY_SHORT_OBS,58030.0,57970.0,57970.0,58030.0,6,5,0,5,2024-08-20 09:29:56,1.9,14.384,2.0,12.0,10.0,105.08,50.0,0,0,0.1,99.95,False,False,1.9,0.0,0.0,81.0,100.0,19.0,0.6046,0.6202,0.0,0,0,0,0,0,0,0,0,0,,,0,0,,,0,0,,,0,0,0,0,0,0,0,0,0,0,0,,,0,0,,,0,0,,,0,0,0,0,0,0,0,0,0,0,0,,,0,0,,,0,0,,,0,0,,,,False,False,False,False,False,REVIEW_INSUFFICIENT_DATA,ACTION_COLLECT_MORE_DATA_OR_MANUAL_REVIEW,review,REVIEW_SHORT_OBS_ACTIVE_LIKE,,,REVIEW_SHORT_OBS_ACTIVE_LIKE,low,観測期間<120日でactive様（flat_tail<60）。経過観察で十分なことが多い。,59.0,5.3,"obs_days=34.8, n_samples=493, quality=QUALITY_SHORT_OBS -> insufficient/uncertain data",観測期間・サンプル数・カウンタ整合性のいずれかが不足しており信頼できる判定ができません。review_priorityに従い追加データ収集または手動レビューを行ってください。,v2.0-final,v2.0-final,v2.0-final,0.0,,,,,0.0,-1.0,n/a,ThinkPad T14s Gen 6,Sunwoda,LNV-5B11H56404,2026-06-03T16:38:27
HHUDELSON-B0WN2_hhudelson,14786,2024-05-06 14:29:03,2026-06-01 14:46:29,756.01,0.5,3.41,568,97,0,0,0,0,1,QUALITY_OK,90010.0,72770.0,68890.0,90370.0,146,154,28,126,2026-05-29 07:57:35,3.3,20.37,2.0,109.0,107.0,51.69,143.925,49,49,23.87,80.86,False,False,3.3,0.0,0.0,56.0,100.0,44.0,0.7353,0.6514,0.0,0,0,0,0,0,4,4,0,0,,,0,0,,,0,0,,,0,0,0,0,0,0,5,15,20,0,0,,1.0,0,0,,1.0,0,0,,1.0,0,0,0,0,0,0,1,4,5,0,0,,1.0,0,0,,1.0,0,0,,1.0,0,0,,,,False,False,False,False,False,NORMAL_OR_RESPONDING,ACTION_NONE,high,NOT_NO_LOW_CHANGE_CANDIDATE,,,,,,65.3,10.6,"flat_tail=3.3d, fcc_changes=154, tail_cyc=0.0, tail_ok[90/80]=0/0, unresp_complete[90/80]=0/0, large_gap[90/80]=0/0 -> FCC still updating / not a no-low-change candidate",,v2.0-final,v2.0-final,v2.0-final,0.0,,,,,0.0,-1.0,n/a,ThinkPad P1 Gen 7,Celxpert,5B11M37552,2026-06-03T16:38:27
HIDEKIK-F3T9NA0_hidekik,10106,2023-02-03 15:00:42,2024-08-06 15:12:42,550.01,0.5,2.433,395,87,0,0,0,0,1,QUALITY_OK,58990.0,52240.0,52240.0,58990.0,5,4,0,4,2024-06-17 10:08:15,50.2,0.727,29.0,166.0,137.0,90.98,2.92,4,4,11.83,91.57,False,False,50.2,16.0,116.39,15.0,100.0,85.0,0.6866,0.5755,0.0006,0,0,0,0,0,3,3,0,0,,,0,0,,,0,0,,,0,0,0,0,0,0,0,4,4,0,0,,,0,0,,,0,0,,,0,0,0,0,0,0,0,4,4,0,0,,,0,0,,,0,0,,,0,0,,,,False,False,True,True,True,WATCH_LOW_UPDATE_RATE_AMBIGUOUS,ACTION_MONITOR_OR_MANUAL_REVIEW,low,WATCH_ACTIVE_LOW_CADENCE,,WATCH_ACTIVE_LOW_CADENCE,,,,64.1,21.6,"flat_tail=50.2d, fcc_changes=4, tail_cyc=16.0, tail_ok[90/80]=0/0, unresp_complete[90/80]=0/0, large_gap[90/80]=0/0 -> ambiguous (watch)",FCC更新率は低いが完全凍結ではない/学習機会がlarge-gapまたは打ち切りで確証が弱い/境界的のため、FW確認に回す前にモニタリングまたは手動レビューを推奨します。,v2.0-final,v2.0-final,v2.0-final,0.0,,,,,0.0,1.0,MIXED,ThinkPad X1 Carbon Gen 9,SMP,5B10W13973,2026-06-03T16:38:27
HIKAWA-PF38LTK0_hikawa,3918,2023-02-15 14:00:41,2026-02-24 13:47:02,1104.99,0.5,13.453,237,130,0,0,0,0,1,QUALITY_OK,55900.0,50370.0,50100.0,55900.0,35,36,15,21,2025-11-26 20:12:33,89.7,3.258,40.0,102.0,62.0,20.49,58.065,27,21,10.18,88.37,False,False,89.7,3.0,12.21,32.0,100.0,68.0,0.9221,0.7274,0.0,0,0,0,0,0,6,6,0,0,,,0,0,,,0,0,,,0,0,0,0,0,0,0,8,8,0,0,,,0,0,,,0,0,,,0,0,0,0,0,0,0,7,7,0,0,,,0,0,,,0,0,,,0,0,,,,False,False,False,False,False,NORMAL_OR_RESPONDING,ACTION_NONE,high,NOT_NO_LOW_CHANGE_CANDIDATE,,,,,,81.9,25.6,"flat_tail=89.7d, fcc_changes=36, tail_cyc=3.0, tail_ok[90/80]=0/0, unresp_complete[90/80]=0/0, large_gap[90/80]=0/0 -> FCC still updating / not a no-low-change candidate",,v2.0-final,v2.0-final,v2.0-final,0.0,,,,,0.0,-1.0,n/a,ThinkPad X1 Yoga Gen 6,Celxpert,5B10W13974,2026-06-03T16:38:27
HIKAWAXPF3Z84A1_hikawa,13177,2023-02-09 10:41:46,2026-05-22 13:20:21,1198.11,0.5,2.013,561,155,0,0,0,0,1,QUALITY_OK,53120.0,45980.0,45980.0,53120.0,9,8,1,7,2024-03-13 19:55:45,799.7,0.668,81.0,332.0,251.0,76.52,3.187,7,7,12.51,80.6,False,False,799.7,100.0,45.67,0.0,100.0,100.0,0.8136,0.3624,0.002,0,3,3,3,1,15,16,0,0,,0.0,0,0,,0.0,0,0,,0.0,0,0,0,10,10,10,3,32,35,0,0,,0.0,0,0,,0.0,0,0,,0.0,0,0,0,6,6,6,2,22,24,0,0,,0.5,0,0,,0.5,0,0,,0.5,0,0,,,,False,True,True,True,True,WATCH_LOW_UPDATE_RATE_AMBIGUOUS,ACTION_MONITOR_OR_MANUAL_REVIEW,low,WATCH_POSSIBLE_OPPORTUNITY_WITH_LARGE_GAPS,,WATCH_POSSIBLE_OPPORTUNITY_WITH_LARGE_GAPS,,,,58.5,50.0,"flat_tail=799.7d, fcc_changes=8, tail_cyc=100.0, tail_ok[90/80]=0/0, unresp_complete[90/80]=0/0, large_gap[90/80]=3/10 -> ambiguous (watch)",FCC更新率は低いが完全凍結ではない/学習機会がlarge-gapまたは打ち切りで確証が弱い/境界的のため、FW確認に回す前にモニタリングまたは手動レビューを推奨します。,v2.0-final,v2.0-final,v2.0-final,0.0,,,,,0.0,1.0,MIXED,ThinkPad X1 Carbon Gen 10,SMP,5B11M90056,2026-06-03T16:38:27
HIROSE-PF4AKXKG_hirose,1294,2023-04-25 16:09:03,2024-01-31 11:22:07,280.8,0.5,12.281,79,37,0,0,0,0,1,QUALITY_OK,74560.0,79210.0,74560.0,79210.0,2,1,1,0,2024-01-24 16:01:44,6.8,0.356,1.0,8.0,7.0,9.11,14.286,1,1,6.46,110.0,False,False,6.8,1.0,53.67,90.0,100.0,10.0,0.6947,0.4433,0.0,0,0,0,0,0,0,0,0,0,,,0,0,,,0,0,,,0,0,0,0,0,0,0,1,1,0,0,,,0,0,,,0,0,,,0,0,0,0,0,0,0,0,0,0,0,,,0,0,,,0,0,,,0,0,,,,False,False,False,True,True,WATCH_LOW_UPDATE_RATE_AMBIGUOUS,ACTION_MONITOR_OR_MANUAL_REVIEW,low,WATCH_ACTIVE_LOW_CADENCE,,WATCH_ACTIVE_LOW_CADENCE,,,,67.3,11.3,"flat_tail=6.8d, fcc_changes=1, tail_cyc=1.0, tail_ok[90/80]=0/0, unresp_complete[90/80]=0/0, large_gap[90/80]=0/0 -> ambiguous (watch)",FCC更新率は低いが完全凍結ではない/学習機会がlarge-gapまたは打ち切りで確証が弱い/境界的のため、FW確認に回す前にモニタリングまたは手動レビューを推奨します。,v2.0-final,v2.0-final,v2.0-final,0.0,,,,,0.0,0.0,AC_BOUND+SHALLOW_RANGE+LOW_CYCLING,ThinkPad Z16 Gen 2,SMP,5B10W51887,2026-06-03T16:38:27
HMORI-PF49QH1A_HMORI,13701,2023-03-08 14:22:37,2025-01-16 08:51:04,679.77,0.5,1.64,478,89,0,0,0,0,1,QUALITY_OK,57080.0,48040.0,46510.0,57540.0,440,1010,501,509,2025-01-16 08:51:04,0.0,148.58,1.0,305.0,304.0,163.34,332.237,622,430,19.35,84.28,False,False,0.0,0.0,,42.0,42.0,0.0,,,,0,0,0,0,4,42,46,0,0,,1.0,0,0,,1.0,0,0,,1.0,0,0,0,0,0,0,18,87,105,0,0,,1.0,0,0,,1.0,0,0,,1.0,0,0,0,0,0,0,8,53,61,0,0,,1.0,0,0,,1.0,0,0,,1.0,0,0,,,,False,False,False,False,False,NORMAL_OR_RESPONDING,ACTION_NONE,high,NOT_NO_LOW_CHANGE_CANDIDATE,,,,,,70.0,10.0,"flat_tail=0.0d, fcc_changes=1010, tail_cyc=0.0, tail_ok[90/80]=0/0, unresp_complete[90/80]=0/0, large_gap[90/80]=0/0 -> FCC still updating / not a no-low-change candidate",,v2.0-final,v2.0-final,v2.0-final,0.0,,,,,0.0,-1.0,n/a,ThinkPad X1 Carbon Gen 10,,,2026-06-03T16:38:27
HNAKA-PF43B9PV_hnaka,10676,2023-03-20 14:52:18,2025-05-22 22:05:49,794.3,0.5,5.324,522,111,0,0,0,0,1,QUALITY_OK,58990.0,45660.0,44690.0,58990.0,23,22,6,16,2025-04-18 13:16:15,34.4,2.77,0.0,306.0,306.0,140.71,7.19,12,11,25.07,80.04,False,False,34.4,4.0,42.51,4.0,100.0,96.0,0.8964,0.8718,0.0075,0,0,0,0,4,58,62,0,0,,0.25,0,0,,0.25,0,0,,0.25,0,0,0,0,0,0,16,98,114,0,0,,0.25,0,0,,0.375,0,0,,0.375,0,0,0,0,0,0,8,75,83,0,0,,0.25,0,0,,0.5,0,0,,0.5,0,0,,,,False,False,False,False,False,NORMAL_OR_RESPONDING,ACTION_NONE,high,NOT_NO_LOW_CHANGE_CANDIDATE,,,,,,71.7,16.5,"flat_tail=34.4d, fcc_changes=22, tail_cyc=4.0, tail_ok[90/80]=0/0, unresp_complete[90/80]=0/0, large_gap[90/80]=0/0 -> FCC still updating / not a no-low-change candidate",,v2.0-final,v2.0-final,v2.0-final,0.0,,,,,0.0,-1.0,n/a,ThinkPad X1 Yoga Gen 7,SMP,5B11M90056,2026-06-03T16:38:27
HSUMI-GM132TGM_hsumi,4232,2025-09-12 17:03:59,2026-05-28 19:53:54,258.12,0.5,8.338,238,31,0,0,0,0,1,QUALITY_OK,58030.0,51790.0,51790.0,58030.0,46,47,1,46,2026-05-26 17:26:47,2.1,18.209,0.0,40.0,40.0,56.6,117.5,8,8,10.76,89.29,False,False,2.1,0.0,0.0,67.0,100.0,33.0,0.7198,0.3334,0.0,0,0,0,0,0,1,1,0,0,,,0,0,,,0,0,,,0,0,0,0,0,0,0,1,1,0,0,,,0,0,,,0,0,,,0,0,0,0,0,0,0,1,1,0,0,,,0,0,,,0,0,,,0,0,,,,False,False,False,False,False,NORMAL_OR_RESPONDING,ACTION_NONE,high,NOT_NO_LOW_CHANGE_CANDIDATE,,,,,,64.7,10.3,"flat_tail=2.1d, fcc_changes=47, tail_cyc=0.0, tail_ok[90/80]=0/0, unresp_complete[90/80]=0/0, large_gap[90/80]=0/0 -> FCC still updating / not a no-low-change candidate",,v2.0-final,v2.0-final,v2.0-final,0.0,,,,,0.0,-1.0,n/a,ThinkPad T14s Gen 6,Celxpert,5B11H56406,2026-06-03T16:38:27
HSUMIXPF3MN51B_Hiroyuki_Sumi,15258,2023-02-18 14:17:09,2025-08-13 08:04:33,906.74,0.5,4.063,331,28,0,0,0,0,1,QUALITY_OK,55990.0,47110.0,47080.0,56080.0,249,391,190,201,2025-08-13 08:04:19,0.0,43.122,4.0,156.0,152.0,61.23,257.237,245,166,15.79,82.65,False,False,0.0,0.0,0.0,8.0,8.0,0.0,1.0,0.0,1.0,0,0,0,0,6,11,17,0,0,,1.0,0,0,,1.0,0,0,,1.0,0,0,0,0,0,0,12,19,31,0,0,,1.0,0,0,,1.0,0,0,,1.0,0,0,0,0,0,0,8,14,22,0,0,,1.0,0,0,,1.0,0,0,,1.0,0,0,,,,False,False,False,False,False,NORMAL_OR_RESPONDING,ACTION_NONE,high,NOT_NO_LOW_CHANGE_CANDIDATE,,,,,,70.0,10.0,"flat_tail=0.0d, fcc_changes=391, tail_cyc=0.0, tail_ok[90/80]=0/0, unresp_complete[90/80]=0/0, large_gap[90/80]=0/0 -> FCC still updating / not a no-low-change candidate",,v2.0-final,v2.0-final,v2.0-final,0.0,,,,,0.0,-1.0,n/a,ThinkPad X1 Carbon Gen 10,Celxpert,5B10W13974,2026-06-03T16:38:27
HSUMIXPF3T9QH8_hsumi,1494,2023-02-08 01:21:16,2025-01-31 10:46:57,723.39,0.5,52.064,275,152,0,0,0,0,1,QUALITY_SPARSE,53820.0,47100.0,43270.0,53830.0,12,11,4,7,2024-07-06 10:51:08,209.0,1.521,15.0,61.0,46.0,23.23,23.913,7,7,18.51,82.56,False,False,209.0,10.0,17.48,1.0,100.0,99.0,0.5021,0.196,0.0744,0,1,1,1,0,8,8,0,0,,,0,0,,,0,0,,,0,0,0,2,2,2,0,15,15,0,0,,,0,0,,,0,0,,,0,0,0,1,1,1,0,12,12,0,0,,,0,0,,,0,0,,,0,0,,,,False,True,False,False,True,WATCH_LOW_UPDATE_RATE_AMBIGUOUS,ACTION_MONITOR_OR_MANUAL_REVIEW,low,WATCH_POSSIBLE_OPPORTUNITY_WITH_LARGE_GAPS,,WATCH_POSSIBLE_OPPORTUNITY_WITH_LARGE_GAPS,,,,63.4,37.0,"flat_tail=209.0d, fcc_changes=11, tail_cyc=10.0, tail_ok[90/80]=0/0, unresp_complete[90/80]=0/0, large_gap[90/80]=1/2 -> ambiguous (watch)",FCC更新率は低いが完全凍結ではない/学習機会がlarge-gapまたは打ち切りで確証が弱い/境界的のため、FW確認に回す前にモニタリングまたは手動レビューを推奨します。,v2.0-final,v2.0-final,v2.0-final,0.0,,,,,0.0,1.0,MIXED,ThinkPad X1 Carbon Gen 9,SMP,5B10W13973,2026-06-03T16:38:27
HWPA-NL1-SKU8-S_HWPA,376,2025-09-23 19:43:31,2026-01-14 10:57:59,112.64,0.101,9.227,25,7,0,1,0,0,1,QUALITY_COUNTER_RESET,58030.0,58310.0,57750.0,58310.0,5,4,1,3,2026-01-14 10:57:59,0.0,3.551,1.0,6.0,5.0,16.21,80.0,2,2,0.96,100.53,False,False,0.0,0.0,,100.0,100.0,0.0,,,,0,0,0,0,0,1,1,0,0,,,0,0,,,0,0,,,0,0,0,0,0,0,0,1,1,0,0,,,0,0,,,0,0,,,0,0,0,0,0,0,0,1,1,0,0,,,0,0,,,0,0,,,0,0,,,,False,False,False,False,False,REVIEW_INSUFFICIENT_DATA,ACTION_COLLECT_MORE_DATA_OR_MANUAL_REVIEW,review,REVIEW_COUNTER_RESET,,,REVIEW_COUNTER_RESET,high,cycleCountが減少（カウンタリセット/パック異常疑い）。生ログ確認が必要。,60.0,0.0,"obs_days=112.6, n_samples=376, quality=QUALITY_COUNTER_RESET -> insufficient/uncertain data",観測期間・サンプル数・カウンタ整合性のいずれかが不足しており信頼できる判定ができません。review_priorityに従い追加データ収集または手動レビューを行ってください。,v2.0-final,v2.0-final,v2.0-final,0.0,,,,,0.0,-1.0,n/a,ThinkPad X1 2-in-1 Gen 11,COSMX,5B11M90162,2026-06-03T16:38:27
HWPA-SKU2-03_YSKOBA,668,2023-10-26 17:50:22,2023-12-20 11:58:44,54.76,0.5,1.532,19,10,0,0,0,0,1,QUALITY_SHORT_OBS,57000.0,56930.0,56930.0,57000.0,3,2,0,2,2023-12-18 14:13:33,1.9,3.652,3.0,5.0,2.0,13.34,100.0,0,0,0.13,99.82,False,False,1.9,0.0,0.0,100.0,100.0,0.0,1.0,1.0,0.0,0,0,0,0,0,0,0,0,0,,,0,0,,,0,0,,,0,0,0,0,0,0,0,0,0,0,0,,,0,0,,,0,0,,,0,0,0,0,0,0,0,0,0,0,0,,,0,0,,,0,0,,,0,0,,,,False,False,False,False,False,REVIEW_INSUFFICIENT_DATA,ACTION_COLLECT_MORE_DATA_OR_MANUAL_REVIEW,review,REVIEW_SHORT_OBS_ACTIVE_LIKE,,,REVIEW_SHORT_OBS_ACTIVE_LIKE,low,観測期間<120日でactive様（flat_tail<60）。経過観察で十分なことが多い。,65.3,5.3,"obs_days=54.8, n_samples=668, quality=QUALITY_SHORT_OBS -> insufficient/uncertain data",観測期間・サンプル数・カウンタ整合性のいずれかが不足しており信頼できる判定ができません。review_priorityに従い追加データ収集または手動レビューを行ってください。,v2.0-final,v2.0-final,v2.0-final,0.0,,,,,0.0,-1.0,n/a,ThinkPad X1 Carbon Gen 12,Celxpert,5B11H56384,2026-06-03T16:38:27
HWPA-TH1-SKU1B-_TEST,2534,2023-10-31 10:37:32,2023-11-14 11:24:34,14.03,0.024,0.5,4,1,0,0,0,0,1,QUALITY_SHORT_OBS,57000.0,56990.0,56990.0,57000.0,2,1,0,1,2023-11-07 18:33:36,6.7,7.128,3.0,4.0,1.0,26.03,100.0,0,0,0.02,99.98,False,False,6.7,0.0,0.0,51.0,100.0,49.0,0.8697,0.3703,0.0,0,0,0,0,0,0,0,0,0,,,0,0,,,0,0,,,0,0,0,0,0,0,0,0,0,0,0,,,0,0,,,0,0,,,0,0,0,0,0,0,0,0,0,0,0,,,0,0,,,0,0,,,0,0,,,,False,False,False,False,False,REVIEW_INSUFFICIENT_DATA,ACTION_COLLECT_MORE_DATA_OR_MANUAL_REVIEW,review,REVIEW_SHORT_OBS_ACTIVE_LIKE,,,REVIEW_SHORT_OBS_ACTIVE_LIKE,low,観測期間<120日でactive様（flat_tail<60）。経過観察で十分なことが多い。,63.5,6.1,"obs_days=14.0, n_samples=2534, quality=QUALITY_SHORT_OBS -> insufficient/uncertain data",観測期間・サンプル数・カウンタ整合性のいずれかが不足しており信頼できる判定ができません。review_priorityに従い追加データ収集または手動レビューを行ってください。,v2.0-final,v2.0-final,v2.0-final,0.0,,,,,0.0,-1.0,n/a,ThinkPad X1 Carbon Gen 12,Sunwoda,5B11H56385,2026-06-03T16:38:27
HYKW_X1CG11,1143,2024-06-03 10:26:36,2024-11-15 17:29:54,165.29,0.5,0.5,15,10,0,0,0,0,1,QUALITY_OK,54500.0,55030.0,54290.0,55030.0,8,7,1,6,2024-11-15 17:29:54,0.0,4.235,41.0,47.0,6.0,13.26,116.667,1,1,1.29,96.49,False,False,0.0,0.0,,100.0,100.0,0.0,,,,0,0,0,0,0,1,1,0,0,,,0,0,,,0,0,,,0,0,0,0,0,0,0,1,1,0,0,,,0,0,,,0,0,,,0,0,0,0,0,0,0,1,1,0,0,,,0,0,,,0,0,,,0,0,,,,False,False,False,False,False,NORMAL_OR_RESPONDING,ACTION_NONE,high,NOT_NO_LOW_CHANGE_CANDIDATE,,,,,,70.0,10.0,"flat_tail=0.0d, fcc_changes=7, tail_cyc=0.0, tail_ok[90/80]=0/0, unresp_complete[90/80]=0/0, large_gap[90/80]=0/0 -> FCC still updating / not a no-low-change candidate",,v2.0-final,v2.0-final,v2.0-final,0.0,,,,,0.0,-1.0,n/a,ThinkPad X1 Carbon Gen 12,Celxpert,5B11H56384,2026-06-03T16:38:27
HZHANG16-5GLDJK_hzhang16,9643,2025-05-28 14:44:06,2026-05-27 15:15:15,364.02,0.5,0.585,184,40,0,0,0,0,1,QUALITY_OK,54760.0,52280.0,52280.0,54760.0,25,24,0,24,2026-04-24 13:28:17,33.1,6.593,1.0,21.0,20.0,20.07,120.0,4,4,4.53,95.49,False,False,33.1,0.0,0.0,94.0,100.0,6.0,1.0,0.1892,0.0,0,0,0,0,0,0,0,0,0,,,0,0,,,0,0,,,0,0,0,0,0,0,0,0,0,0,0,,,0,0,,,0,0,,,0,0,0,0,0,0,0,0,0,0,0,,,0,0,,,0,0,,,0,0,,,,False,False,False,False,False,NORMAL_OR_RESPONDING,ACTION_NONE,high,NOT_NO_LOW_CHANGE_CANDIDATE,,,,,,75.5,15.5,"flat_tail=33.1d, fcc_changes=24, tail_cyc=0.0, tail_ok[90/80]=0/0, unresp_complete[90/80]=0/0, large_gap[90/80]=0/0 -> FCC still updating / not a no-low-change candidate",,v2.0-final,v2.0-final,v2.0-final,0.0,,,,,0.0,-1.0,n/a,ThinkPad X13 Gen 6,SMP,5B11M90123,2026-06-03T16:38:27
ICA_USER,643,2024-07-24 10:06:02,2025-06-05 14:51:18,316.2,0.5,20.638,94,30,0,0,0,0,1,QUALITY_OK,60160.0,53160.0,53160.0,60160.0,6,5,1,4,2025-03-20 14:58:42,77.0,1.581,8.0,33.0,25.0,28.88,20.0,3,3,12.28,93.26,False,False,77.0,4.0,18.98,2.0,100.0,98.0,0.2865,0.2014,0.0883,0,1,1,1,0,9,9,0,0,,,0,0,,,0,0,,,0,0,0,2,2,2,2,10,12,0,0,,0.0,0,0,,1.0,0,0,,1.0,0,0,0,1,1,1,2,9,11,0,0,,0.0,0,0,,1.0,0,0,,1.0,0,0,,,,False,False,False,False,False,NORMAL_OR_RESPONDING,ACTION_NONE,high,NOT_NO_LOW_CHANGE_CANDIDATE,,,,,,49.9,23.6,"flat_tail=77.0d, fcc_changes=5, tail_cyc=4.0, tail_ok[90/80]=0/0, unresp_complete[90/80]=0/0, large_gap[90/80]=1/2 -> FCC still updating / not a no-low-change candidate",,v2.0-final,v2.0-final,v2.0-final,0.0,,,,,0.0,-1.0,n/a,ThinkPad T14s Gen 3,SMP,5B10W51875,2026-06-03T16:38:27
IMANARANG1-3A19_imanarang1,12732,2023-02-20 16:54:54,2025-09-01 08:35:29,923.65,0.5,0.604,573,133,0,1,0,0,1,QUALITY_COUNTER_RESET,39300.0,35430.0,35430.0,39370.0,3,2,1,1,2023-09-15 15:07:24,716.7,0.217,1.0,383.0,382.0,151.06,0.524,2,1,10.03,90.15,False,False,716.7,223.0,113.64,2.0,100.0,98.0,0.8043,0.3708,0.007,0,22,22,22,1,52,53,0,0,,0.0,0,0,,0.0,0,0,,0.0,0,0,4,50,54,54,9,110,119,4,0,0.0,0.0,4,0,0.0,0.2222,4,0,0.0,0.2222,4,0,0,29,29,29,2,65,67,0,0,,0.0,0,0,,0.0,0,0,,0.0,0,0,0.0,0.0,0.0,False,True,True,True,True,REVIEW_INSUFFICIENT_DATA,ACTION_COLLECT_MORE_DATA_OR_MANUAL_REVIEW,review,REVIEW_COUNTER_RESET,,,REVIEW_COUNTER_RESET,high,cycleCountが減少（カウンタリセット/パック異常疑い）。生ログ確認が必要。,46.5,84.0,"obs_days=923.6, n_samples=12732, quality=QUALITY_COUNTER_RESET -> insufficient/uncertain data",観測期間・サンプル数・カウンタ整合性のいずれかが不足しており信頼できる判定ができません。review_priorityに従い追加データ収集または手動レビューを行ってください。,v2.0-final,v2.0-final,v2.0-final,4.0,1.872,0.0,-1.872,-2.084,88.9,-1.0,n/a,ThinkPad T14 Gen 3,Celxpert,5B10W51862,2026-06-03T16:38:27
IMIHO-PF2SCRY9_imiho,12743,2023-02-13 09:15:58,2024-10-09 15:46:21,604.27,0.5,0.5,215,77,0,0,0,0,1,QUALITY_OK,51480.0,51480.0,51480.0,51480.0,1,0,0,0,2023-02-13 09:15:58,604.3,0.0,113.0,272.0,159.0,96.11,0.0,0,0,0.0,101.94,True,False,604.3,159.0,96.11,1.0,100.0,99.0,0.8381,0.5726,0.002,0,3,3,3,0,3,3,0,0,,,0,0,,,0,0,,,0,0,0,7,7,7,0,7,7,0,0,,,0,0,,,0,0,,,0,0,0,5,5,5,0,5,5,0,0,,,0,0,,,0,0,,,0,0,,,,True,True,True,True,True,WATCH_LOW_UPDATE_RATE_AMBIGUOUS,ACTION_MONITOR_OR_MANUAL_REVIEW,low,WATCH_POSSIBLE_OPPORTUNITY_WITH_LARGE_GAPS,,WATCH_POSSIBLE_OPPORTUNITY_WITH_LARGE_GAPS,,,,59.9,50.0,"flat_tail=604.3d, fcc_changes=0, tail_cyc=159.0, tail_ok[90/80]=0/0, unresp_complete[90/80]=0/0, large_gap[90/80]=3/7 -> ambiguous (watch)",FCC更新率は低いが完全凍結ではない/学習機会がlarge-gapまたは打ち切りで確証が弱い/境界的のため、FW確認に回す前にモニタリングまたは手動レビューを推奨します。,v2.0-final,v2.0-final,v2.0-final,0.0,,,,,0.0,1.0,MIXED,ThinkPad T14 Gen 1,LG,5B10W139,2026-06-03T16:38:27
IYOSHIMITSU-VKS_iyoshimitsu,4886,2023-02-02 22:24:11,2026-01-23 15:36:28,1085.72,0.5,17.735,449,199,0,0,0,0,1,QUALITY_OK,40550.0,34870.0,34870.0,40550.0,3,2,0,2,2024-09-14 19:28:19,495.8,0.184,7.0,158.0,151.0,50.8,1.325,2,2,14.45,88.73,False,False,495.8,65.0,47.88,0.0,100.0,100.0,0.855,0.3581,0.0241,0,8,8,8,0,20,20,0,0,,,0,0,,,0,0,,,0,0,0,22,22,22,4,47,51,0,0,,0.25,0,0,,0.5,0,0,,0.5,0,0,0,10,10,10,1,26,27,0,0,,1.0,0,0,,1.0,0,0,,1.0,0,0,,,,False,True,True,True,True,WATCH_LOW_UPDATE_RATE_AMBIGUOUS,ACTION_MONITOR_OR_MANUAL_REVIEW,low,WATCH_POSSIBLE_OPPORTUNITY_WITH_LARGE_GAPS,,WATCH_POSSIBLE_OPPORTUNITY_WITH_LARGE_GAPS,,,,58.2,50.0,"flat_tail=495.8d, fcc_changes=2, tail_cyc=65.0, tail_ok[90/80]=0/0, unresp_complete[90/80]=0/0, large_gap[90/80]=8/22 -> ambiguous (watch)",FCC更新率は低いが完全凍結ではない/学習機会がlarge-gapまたは打ち切りで確証が弱い/境界的のため、FW確認に回す前にモニタリングまたは手動レビューを推奨します。,v2.0-final,v2.0-final,v2.0-final,0.0,,,,,0.0,1.0,MIXED,ThinkPad T14 Gen 3,LG,5B10W51860,2026-06-03T16:38:27
JACKX1_jkleissler,5844,2025-03-18 15:28:36,2026-05-26 15:29:52,434.0,0.5,10.856,388,82,0,0,0,0,1,QUALITY_OK,57040.0,54490.0,44680.0,57040.0,133,138,6,132,2026-05-19 09:31:15,7.2,31.797,0.0,131.0,131.0,110.25,105.344,15,15,21.68,95.55,False,False,7.2,0.0,0.0,67.0,100.0,33.0,0.8232,0.5017,0.0,0,0,0,0,0,6,6,0,0,,,0,0,,,0,0,,,0,0,0,0,0,0,0,16,16,0,0,,,0,0,,,0,0,,,0,0,0,0,0,0,0,10,10,0,0,,,0,0,,,0,0,,,0,0,,,,False,False,False,False,False,NORMAL_OR_RESPONDING,ACTION_NONE,high,NOT_NO_LOW_CHANGE_CANDIDATE,,,,,,67.7,11.2,"flat_tail=7.2d, fcc_changes=138, tail_cyc=0.0, tail_ok[90/80]=0/0, unresp_complete[90/80]=0/0, large_gap[90/80]=0/0 -> FCC still updating / not a no-low-change candidate",,v2.0-final,v2.0-final,v2.0-final,0.0,,,,,0.0,-1.0,n/a,ThinkPad X1 Carbon Gen 13,BYD,5B11M90100,2026-06-03T16:38:27
JAGUAR3_SVT,2164,2023-03-09 00:46:45,2023-12-05 08:47:11,271.33,0.5,10.381,141,34,0,1,0,0,1,QUALITY_COUNTER_RESET,58990.0,58970.0,58970.0,58990.0,2,1,0,1,2023-09-20 04:02:03,76.2,0.369,1.0,28.0,27.0,36.35,3.704,0,0,0.03,103.37,False,False,76.2,5.0,23.97,5.0,100.0,95.0,0.4207,0.2243,0.0054,0,0,0,0,1,1,2,0,0,,1.0,0,0,,1.0,0,0,,1.0,0,0,0,0,0,0,1,2,3,0,0,,1.0,0,0,,1.0,0,0,,1.0,0,0,0,0,0,0,1,1,2,0,0,,1.0,0,0,,1.0,0,0,,1.0,0,0,,,,False,False,False,True,True,REVIEW_INSUFFICIENT_DATA,ACTION_COLLECT_MORE_DATA_OR_MANUAL_REVIEW,review,REVIEW_COUNTER_RESET,,,REVIEW_COUNTER_RESET,high,cycleCountが減少（カウンタリセット/パック異常疑い）。生ログ確認が必要。,58.6,13.7,"obs_days=271.3, n_samples=2164, quality=QUALITY_COUNTER_RESET -> insufficient/uncertain data",観測期間・サンプル数・カウンタ整合性のいずれかが不足しており信頼できる判定ができません。review_priorityに従い追加データ収集または手動レビューを行ってください。,v2.0-final,v2.0-final,v2.0-final,0.0,,,,,0.0,-1.0,n/a,ThinkPad X1 Yoga Gen 8,SMP,5B10W13973,2026-06-03T16:38:27
JANUMOLU-0A203W_janumolu,3314,2024-03-19 12:13:20,2024-11-02 21:43:59,228.4,0.5,8.228,229,17,0,0,0,0,1,QUALITY_OK,46000.0,46460.0,46000.0,46460.0,2,1,1,0,2024-04-03 11:55:36,213.4,0.438,2.0,97.0,95.0,151.92,1.053,1,1,1.0,101.0,False,False,213.4,85.0,145.48,1.0,100.0,99.0,0.3677,0.3015,0.0233,0,10,10,10,1,12,13,0,0,,0.0,0,0,,0.0,0,0,,1.0,0,0,2,18,20,20,5,20,25,2,0,0.0,0.0,2,0,0.0,0.0,2,0,0.0,0.2,2,0,1,12,13,13,3,14,17,1,0,0.0,0.0,1,0,0.0,0.0,1,0,0.0,0.3333,1,0,0.0,0.0,0.0,False,True,True,True,True,ACTIONABLE_FW_CHECK_OPPORTUNITY_NO_RESPONSE,ACTION_FW_CHECK,medium,FW_MEDIUM_UNRESPONDED_COMPLETE_WINDOWS,LOW_UPDATE_RATE_WITH_OPPORTUNITIES,,,,,48.5,82.0,"flat_tail=213.4d, fcc_changes=1, tail_cyc=85.0, tail_ok[90/80]=0/2, unresp_complete[90/80]=0/2, large_gap[90/80]=10/18 -> complete-window opportunities present but FCC did not respond",FCC/SoHが長期間更新されておらず、ログ上は深い放電→再充電の学習機会（完全窓・OK品質）が複数回確認されるのにFCCが応答していません。BIOS/EC/バッテリー関連FWのVersion確認とアップデート有無確認を優先してください。アップデート後、次回の学習機会後72h〜7日間でFCC更新有無を確認してください。,v2.0-final,v2.0-final,v2.0-final,3.0,1.158,0.0,-1.158,-1.411,80.4,1.0,MIXED,ThinkPad L13 2-in-1 Gen 5,LG,5B11H56426,2026-06-03T16:38:27
JBARRETT-4SA7XV_jbarrett,7853,2024-04-03 12:03:15,2025-09-03 14:55:38,518.12,0.5,7.527,497,66,0,0,0,0,1,QUALITY_OK,54740.0,34850.0,34400.0,54740.0,135,163,15,148,2025-09-03 12:51:07,0.1,31.46,2.0,135.0,133.0,93.76,122.556,40,39,37.18,63.71,False,False,0.1,0.0,0.0,69.0,100.0,31.0,1.0,0.5181,0.0,0,0,0,0,4,13,17,0,0,,1.0,0,0,,1.0,0,0,,1.0,0,0,0,0,0,0,16,25,41,0,0,,1.0,0,0,,1.0,0,0,,1.0,0,0,0,0,0,0,6,18,24,0,0,,1.0,0,0,,1.0,0,0,,1.0,0,0,,,,False,False,False,False,False,NORMAL_OR_RESPONDING,ACTION_NONE,high,NOT_NO_LOW_CHANGE_CANDIDATE,,,,,,70.0,10.0,"flat_tail=0.1d, fcc_changes=163, tail_cyc=0.0, tail_ok[90/80]=0/0, unresp_complete[90/80]=0/0, large_gap[90/80]=0/0 -> FCC still updating / not a no-low-change candidate",,v2.0-final,v2.0-final,v2.0-final,0.0,,,,,0.0,-1.0,n/a,ThinkPad X13 Gen 5,BYD,5B11M90051,2026-06-03T16:38:27
JBOWEN2-F62KRD0_jbowen2,1843,2026-01-14 11:42:48,2026-05-18 15:25:45,124.15,0.5,1.461,83,19,0,0,0,0,1,QUALITY_OK,75010.0,71000.0,71000.0,75010.0,39,38,0,38,2026-05-15 11:11:43,3.2,30.608,0.0,39.0,39.0,114.74,97.436,5,5,5.34,94.67,False,False,3.2,0.0,0.0,72.0,100.0,28.0,0.9463,0.8713,0.0,0,0,0,0,1,10,11,0,0,,1.0,0,0,,1.0,0,0,,1.0,0,0,0,0,0,0,2,21,23,0,0,,1.0,0,0,,1.0,0,0,,1.0,0,0,0,0,0,0,1,11,12,0,0,,1.0,0,0,,1.0,0,0,,1.0,0,0,,,,False,False,False,False,False,NORMAL_OR_RESPONDING,ACTION_NONE,high,NOT_NO_LOW_CHANGE_CANDIDATE,,,,,,69.5,10.5,"flat_tail=3.2d, fcc_changes=38, tail_cyc=0.0, tail_ok[90/80]=0/0, unresp_complete[90/80]=0/0, large_gap[90/80]=0/0 -> FCC still updating / not a no-low-change candidate",,v2.0-final,v2.0-final,v2.0-final,0.0,,,,,0.0,-1.0,n/a,ThinkPad T16 Gen 5,COSMX,5B11M90167,2026-06-03T16:38:27
JBRUNDIDGE-EPQ0_jbrundidge,2986,2025-09-17 15:14:13,2026-05-27 15:33:22,252.01,0.5,10.173,247,36,0,0,0,0,1,QUALITY_OK,75000.0,70660.0,70660.0,75870.0,16,15,2,13,2026-05-13 21:26:31,13.8,5.952,1.0,13.0,12.0,17.39,125.0,5,5,6.95,94.21,False,False,13.8,0.0,0.0,81.0,100.0,19.0,0.9535,0.7126,0.0,0,0,0,0,0,0,0,0,0,,,0,0,,,0,0,,,0,0,0,0,0,0,0,1,1,0,0,,,0,0,,,0,0,,,0,0,0,0,0,0,0,1,1,0,0,,,0,0,,,0,0,,,0,0,,,,False,False,False,False,False,NORMAL_OR_RESPONDING,ACTION_NONE,high,NOT_NO_LOW_CHANGE_CANDIDATE,,,,,,71.4,12.3,"flat_tail=13.8d, fcc_changes=15, tail_cyc=0.0, tail_ok[90/80]=0/0, unresp_complete[90/80]=0/0, large_gap[90/80]=0/0 -> FCC still updating / not a no-low-change candidate",,v2.0-final,v2.0-final,v2.0-final,0.0,,,,,0.0,-1.0,n/a,ThinkPad P14s Gen 6,Sunwoda,5B11M90121,2026-06-03T16:38:27
JCAMARADOR-4NYS_jcamarador,14283,2023-02-03 19:35:50,2025-09-19 10:57:38,958.64,0.5,1.007,588,147,0,0,0,0,1,QUALITY_OK,50370.0,44140.0,43120.0,50630.0,173,218,107,111,2025-07-30 10:12:46,51.0,22.741,17.0,176.0,159.0,60.58,137.107,144,115,14.72,86.55,False,False,51.0,3.0,21.47,53.0,100.0,47.0,0.9621,0.8369,0.0,0,0,0,0,0,8,8,0,0,,,0,0,,,0,0,,,0,0,0,0,0,0,0,22,22,0,0,,,0,0,,,0,0,,,0,0,0,0,0,0,0,13,13,0,0,,,0,0,,,0,0,,,0,0,,,,False,False,False,False,False,NORMAL_OR_RESPONDING,ACTION_NONE,high,NOT_NO_LOW_CHANGE_CANDIDATE,,,,,,76.2,19.1,"flat_tail=51.0d, fcc_changes=218, tail_cyc=3.0, tail_ok[90/80]=0/0, unresp_complete[90/80]=0/0, large_gap[90/80]=0/0 -> FCC still updating / not a no-low-change candidate",,v2.0-final,v2.0-final,v2.0-final,0.0,,,,,0.0,-1.0,n/a,ThinkPad T14 Gen 2a,Celxpert,5B10W51829,2026-06-03T16:38:27
JCOMBS-PF5BRRYC_jcombs,2727,2025-01-23 10:48:47,2026-03-06 10:26:05,406.98,0.5,12.019,234,41,0,0,0,0,1,QUALITY_OK,57040.0,54150.0,49680.0,59850.0,89,89,12,77,2026-02-17 14:20:26,16.8,21.868,1.0,65.0,64.0,57.44,139.062,31,30,17.84,95.0,False,False,16.8,0.0,0.0,2.0,100.0,98.0,0.1394,0.0643,0.0984,0,0,0,0,1,12,13,0,0,,1.0,0,0,,1.0,0,0,,1.0,0,0,0,0,0,0,2,24,26,0,0,,1.0,0,0,,1.0,0,0,,1.0,0,0,0,0,0,0,2,17,19,0,0,,1.0,0,0,,1.0,0,0,,1.0,0,0,,,,False,False,False,False,False,NORMAL_OR_RESPONDING,ACTION_NONE,high,NOT_NO_LOW_CHANGE_CANDIDATE,,,,,,55.6,12.8,"flat_tail=16.8d, fcc_changes=89, tail_cyc=0.0, tail_ok[90/80]=0/0, unresp_complete[90/80]=0/0, large_gap[90/80]=0/0 -> FCC still updating / not a no-low-change candidate",,v2.0-final,v2.0-final,v2.0-final,0.0,,,,,0.0,-1.0,n/a,ThinkPad X1 Carbon Gen 13,Sunwoda,5B11M90099,2026-06-03T16:38:27
JCOMBS-PF5PEZSE_jcombs,2346,2025-09-16 13:01:09,2026-05-12 13:23:24,238.02,0.5,13.271,229,31,0,0,0,0,1,QUALITY_OK,90890.0,83740.0,83740.0,92710.0,84,95,13,82,2026-05-05 15:21:00,6.9,39.913,2.0,76.0,74.0,113.56,128.378,29,28,9.97,93.04,False,False,6.9,0.0,0.0,82.0,100.0,18.0,0.7635,0.7473,0.0,0,0,0,0,0,10,10,0,0,,,0,0,,,0,0,,,0,0,0,0,0,0,1,28,29,0,0,,1.0,0,0,,1.0,0,0,,1.0,0,0,0,0,0,0,0,19,19,0,0,,,0,0,,,0,0,,,0,0,,,,False,False,False,False,False,NORMAL_OR_RESPONDING,ACTION_NONE,high,NOT_NO_LOW_CHANGE_CANDIDATE,,,,,,66.4,11.2,"flat_tail=6.9d, fcc_changes=95, tail_cyc=0.0, tail_ok[90/80]=0/0, unresp_complete[90/80]=0/0, large_gap[90/80]=0/0 -> FCC still updating / not a no-low-change candidate",,v2.0-final,v2.0-final,v2.0-final,0.0,,,,,0.0,-1.0,n/a,ThinkPad P16v Gen 3,COSMX,5B11M90137,2026-06-03T16:38:27
JCOYNE_jcoyne,482,2024-04-18 10:27:33,2024-10-25 08:16:37,189.91,0.5,11.816,45,18,0,0,0,0,1,QUALITY_OK,52510.0,52150.0,52150.0,52510.0,12,11,0,11,2024-10-25 08:06:43,0.0,5.792,3.0,14.0,11.0,21.16,100.0,1,1,0.69,99.33,False,False,0.0,0.0,0.0,57.0,62.0,5.0,1.0,0.0,0.0,0,0,0,0,0,3,3,0,0,,,0,0,,,0,0,,,0,0,0,0,0,0,0,5,5,0,0,,,0,0,,,0,0,,,0,0,0,0,0,0,0,3,3,0,0,,,0,0,,,0,0,,,0,0,,,,False,False,False,False,False,NORMAL_OR_RESPONDING,ACTION_NONE,high,NOT_NO_LOW_CHANGE_CANDIDATE,,,,,,70.0,10.0,"flat_tail=0.0d, fcc_changes=11, tail_cyc=0.0, tail_ok[90/80]=0/0, unresp_complete[90/80]=0/0, large_gap[90/80]=0/0 -> FCC still updating / not a no-low-change candidate",,v2.0-final,v2.0-final,v2.0-final,0.0,,,,,0.0,-1.0,n/a,ThinkPad T14 Gen 5,Celxpert,5B11H56416,2026-06-03T16:38:27
JDASILVA-4QWMA3_jdasilva,1581,2024-04-15 15:07:09,2024-08-05 14:52:04,111.99,0.5,9.887,119,16,0,0,0,0,1,QUALITY_SHORT_OBS,58030.0,54450.0,54310.0,58030.0,31,33,2,31,2024-08-01 15:09:09,4.0,29.467,1.0,31.0,30.0,97.84,110.0,4,4,6.41,93.85,False,False,4.0,0.0,0.0,77.0,100.0,23.0,0.9395,0.189,0.0,0,0,0,0,0,0,0,0,0,,,0,0,,,0,0,,,0,0,0,0,0,0,0,4,4,0,0,,,0,0,,,0,0,,,0,0,0,0,0,0,0,0,0,0,0,,,0,0,,,0,0,,,0,0,,,,False,False,False,False,False,REVIEW_INSUFFICIENT_DATA,ACTION_COLLECT_MORE_DATA_OR_MANUAL_REVIEW,review,REVIEW_SHORT_OBS_ACTIVE_LIKE,,,REVIEW_SHORT_OBS_ACTIVE_LIKE,low,観測期間<120日でactive様（flat_tail<60）。経過観察で十分なことが多い。,64.5,5.7,"obs_days=112.0, n_samples=1581, quality=QUALITY_SHORT_OBS -> insufficient/uncertain data",観測期間・サンプル数・カウンタ整合性のいずれかが不足しており信頼できる判定ができません。review_priorityに従い追加データ収集または手動レビューを行ってください。,v2.0-final,v2.0-final,v2.0-final,0.0,,,,,0.0,-1.0,n/a,ThinkPad T14s Gen 5,SMP,5B11H56407,2026-06-03T16:38:27
JEFFREYX9-14_jeffreyf1,733,2025-01-08 12:50:25,2025-02-21 10:36:42,43.91,0.5,8.27,57,3,0,0,0,0,1,QUALITY_SHORT_OBS,55130.0,56420.0,55130.0,56560.0,16,15,2,13,2025-02-18 15:46:34,2.8,34.161,1.0,16.0,15.0,124.77,100.0,2,2,2.6,102.4,False,False,2.8,0.0,0.0,82.0,100.0,18.0,0.9601,0.8747,0.0,0,0,0,0,0,1,1,0,0,,,0,0,,,0,0,,,0,0,0,0,0,0,0,1,1,0,0,,,0,0,,,0,0,,,0,0,0,0,0,0,0,1,1,0,0,,,0,0,,,0,0,,,0,0,,,,False,False,False,False,False,REVIEW_INSUFFICIENT_DATA,ACTION_COLLECT_MORE_DATA_OR_MANUAL_REVIEW,review,REVIEW_SHORT_OBS_ACTIVE_LIKE,,,REVIEW_SHORT_OBS_ACTIVE_LIKE,low,観測期間<120日でactive様（flat_tail<60）。経過観察で十分なことが多い。,64.7,5.5,"obs_days=43.9, n_samples=733, quality=QUALITY_SHORT_OBS -> insufficient/uncertain data",観測期間・サンプル数・カウンタ整合性のいずれかが不足しており信頼できる判定ができません。review_priorityに従い追加データ収集または手動レビューを行ってください。,v2.0-final,v2.0-final,v2.0-final,0.0,,,,,0.0,-1.0,n/a,ThinkPad X9-14 Gen 1,Sunwoda,LNV-5B11M90102,2026-06-03T16:38:27
JEREMYCA-4BWNT1_jeremyca,6737,2023-06-05 12:22:24,2024-12-04 10:46:26,547.93,0.5,3.241,267,56,0,0,0,0,1,QUALITY_OK,94660.0,91840.0,86360.0,94660.0,47,46,2,44,2024-12-02 13:02:18,1.9,8.395,3.0,42.0,39.0,26.0,117.949,30,10,8.83,97.69,False,False,1.9,0.0,0.0,78.0,78.0,0.0,1.0,0.0,0.0,0,0,0,0,1,3,4,0,0,,1.0,0,0,,1.0,0,0,,1.0,0,0,0,0,0,0,1,12,13,0,0,,1.0,0,0,,1.0,0,0,,1.0,0,0,0,0,0,0,1,4,5,0,0,,1.0,0,0,,1.0,0,0,,1.0,0,0,,,,False,False,False,False,False,NORMAL_OR_RESPONDING,ACTION_NONE,high,NOT_NO_LOW_CHANGE_CANDIDATE,,,,,,70.3,10.3,"flat_tail=1.9d, fcc_changes=46, tail_cyc=0.0, tail_ok[90/80]=0/0, unresp_complete[90/80]=0/0, large_gap[90/80]=0/0 -> FCC still updating / not a no-low-change candidate",,v2.0-final,v2.0-final,v2.0-final,0.0,,,,,0.0,-1.0,n/a,ThinkPad P16 Gen 2,LG,5B10W51894,2026-06-03T16:38:27
JEREMY_jeremyca,1470,2026-01-22 11:14:26,2026-05-12 10:14:51,109.96,0.5,10.906,97,15,0,0,0,0,1,QUALITY_SHORT_OBS,90010.0,89760.0,89760.0,90010.0,17,16,0,16,2026-05-07 12:00:37,4.9,14.551,0.0,17.0,17.0,56.47,94.118,0,0,0.28,99.73,False,False,4.9,0.0,0.0,95.0,100.0,5.0,0.9802,0.7568,0.0,0,0,0,0,0,1,1,0,0,,,0,0,,,0,0,,,0,0,0,0,0,0,0,2,2,0,0,,,0,0,,,0,0,,,0,0,0,0,0,0,0,1,1,0,0,,,0,0,,,0,0,,,0,0,,,,False,False,False,False,False,REVIEW_INSUFFICIENT_DATA,ACTION_COLLECT_MORE_DATA_OR_MANUAL_REVIEW,review,REVIEW_SHORT_OBS_ACTIVE_LIKE,,,REVIEW_SHORT_OBS_ACTIVE_LIKE,low,観測期間<120日でactive様（flat_tail<60）。経過観察で十分なことが多い。,65.4,5.8,"obs_days=110.0, n_samples=1470, quality=QUALITY_SHORT_OBS -> insufficient/uncertain data",観測期間・サンプル数・カウンタ整合性のいずれかが不足しており信頼できる判定ができません。review_priorityに従い追加データ収集または手動レビューを行ってください。,v2.0-final,v2.0-final,v2.0-final,0.0,,,,,0.0,-1.0,n/a,ThinkPad P16s Gen 5,COSMX,5B11M90179,2026-06-03T16:38:27
JESSICAWANG2025_wangyun,2952,2025-01-02 14:11:02,2025-10-17 09:40:03,287.81,0.5,13.279,208,46,0,0,0,0,1,QUALITY_OK,55800.0,53360.0,53360.0,57680.0,102,106,4,102,2025-10-16 12:02:12,0.9,36.83,14.0,113.0,99.0,125.64,107.071,13,13,7.58,93.61,False,False,0.9,0.0,0.0,24.0,100.0,76.0,0.4265,0.2134,0.0,0,0,0,0,0,10,10,0,0,,,0,0,,,0,0,,,0,0,0,0,0,0,0,19,19,0,0,,,0,0,,,0,0,,,0,0,0,0,0,0,0,14,14,0,0,,,0,0,,,0,0,,,0,0,,,,False,False,False,False,False,NORMAL_OR_RESPONDING,ACTION_NONE,high,NOT_NO_LOW_CHANGE_CANDIDATE,,,,,,58.7,10.2,"flat_tail=0.9d, fcc_changes=106, tail_cyc=0.0, tail_ok[90/80]=0/0, unresp_complete[90/80]=0/0, large_gap[90/80]=0/0 -> FCC still updating / not a no-low-change candidate",,v2.0-final,v2.0-final,v2.0-final,0.0,,,,,0.0,-1.0,n/a,ThinkPad X1 Carbon Gen 12,Sunwoda,5B11H56385,2026-06-03T16:38:27
JESTROFF-4G0AHW_jestroff,3410,2023-08-04 13:15:51,2024-07-23 14:08:42,354.04,0.5,8.024,203,34,0,0,0,0,1,QUALITY_OK,52500.0,47770.0,47770.0,54070.0,3,2,1,1,2023-12-08 10:18:32,228.2,0.565,2.0,89.0,87.0,89.75,2.299,2,2,12.0,90.99,False,False,228.2,41.0,65.63,5.0,100.0,95.0,0.5104,0.4696,0.0141,0,9,9,9,0,14,14,0,0,,,0,0,,,0,0,,,0,0,3,14,17,17,4,23,27,3,0,0.0,0.0,3,0,0.0,0.0,3,0,0.0,0.0,3,0,0,11,11,11,0,19,19,0,0,,,0,0,,,0,0,,,0,0,0.0,0.0,0.0,False,True,True,True,True,ACTIONABLE_FW_CHECK_OPPORTUNITY_NO_RESPONSE,ACTION_FW_CHECK,high,FW_HIGH_UNRESPONDED_COMPLETE_WINDOWS,TERMINAL_FREEZE_AFTER_OPPORTUNITIES,,,,,51.6,86.2,"flat_tail=228.2d, fcc_changes=2, tail_cyc=41.0, tail_ok[90/80]=0/3, unresp_complete[90/80]=0/3, large_gap[90/80]=9/14 -> complete-window opportunities present but FCC did not respond",FCC/SoHが長期間更新されておらず、ログ上は深い放電→再充電の学習機会（完全窓・OK品質）が複数回確認されるのにFCCが応答していません。BIOS/EC/バッテリー関連FWのVersion確認とアップデート有無確認を優先してください。アップデート後、次回の学習機会後72h〜7日間でFCC更新有無を確認してください。,v2.0-final,v2.0-final,v2.0-final,3.0,0.724,0.0,-0.724,-1.139,75.7,1.0,MIXED,ThinkPad T14 Gen 4,LG,5B10W51863,2026-06-03T16:38:27
JESTROFF-4SA4E9_jestroff,3934,2024-04-03 11:59:32,2025-04-24 08:13:43,385.84,0.5,8.713,322,30,0,0,0,0,1,QUALITY_OK,57370.0,48820.0,48660.0,60090.0,17,16,5,11,2025-03-29 09:12:56,26.0,4.147,1.0,66.0,65.0,61.53,24.615,16,16,20.88,89.2,False,False,26.0,8.0,112.56,7.0,100.0,93.0,0.4322,0.4246,0.0086,0,0,0,0,0,5,5,0,0,,,0,0,,,0,0,,,0,0,1,1,2,2,4,14,18,1,0,0.0,0.5,1,0,0.0,0.5,1,0,0.0,0.75,1,0,0,0,0,0,0,6,6,0,0,,,0,0,,,0,0,,,0,0,0.0,0.0,0.0,False,False,False,False,False,NORMAL_OR_RESPONDING,ACTION_NONE,high,NOT_NO_LOW_CHANGE_CANDIDATE,,,,,,42.3,41.9,"flat_tail=26.0d, fcc_changes=16, tail_cyc=8.0, tail_ok[90/80]=0/1, unresp_complete[90/80]=0/1, large_gap[90/80]=0/1 -> FCC still updating / not a no-low-change candidate",,v2.0-final,v2.0-final,v2.0-final,1.0,0.195,0.0,-0.195,-0.492,20.7,-1.0,n/a,ThinkPad X13 Gen 5,SMP,5B11M90048,2026-06-03T16:38:27
JESTROFF-504AKS_jestroff,1436,2024-10-10 16:18:13,2025-02-06 08:36:43,118.68,0.5,11.898,115,21,0,0,0,0,1,QUALITY_SHORT_OBS,58150.0,55820.0,55820.0,58870.0,31,31,3,28,2025-02-03 08:59:04,3.0,26.121,1.0,25.0,24.0,73.86,129.167,7,6,5.35,97.88,False,False,3.0,0.0,0.0,80.0,100.0,20.0,0.792,0.8764,0.0,0,0,0,0,0,3,3,0,0,,,0,0,,,0,0,,,0,0,0,0,0,0,0,7,7,0,0,,,0,0,,,0,0,,,0,0,0,0,0,0,0,5,5,0,0,,,0,0,,,0,0,,,0,0,,,,False,False,False,False,False,REVIEW_INSUFFICIENT_DATA,ACTION_COLLECT_MORE_DATA_OR_MANUAL_REVIEW,review,REVIEW_SHORT_OBS_ACTIVE_LIKE,,,REVIEW_SHORT_OBS_ACTIVE_LIKE,low,観測期間<120日でactive様（flat_tail<60）。経過観察で十分なことが多い。,61.3,5.5,"obs_days=118.7, n_samples=1436, quality=QUALITY_SHORT_OBS -> insufficient/uncertain data",観測期間・サンプル数・カウンタ整合性のいずれかが不足しており信頼できる判定ができません。review_priorityに従い追加データ収集または手動レビューを行ってください。,v2.0-final,v2.0-final,v2.0-final,0.0,,,,,0.0,-1.0,n/a,ThinkPad X1 Carbon Gen 13,Celxpert,5B11M90098,2026-06-03T16:38:27
JFASANO-F4RXM66_jfasano,12862,2024-01-30 12:11:10,2025-11-25 09:49:32,664.9,0.5,4.891,563,70,0,0,0,0,1,QUALITY_OK,39430.0,37850.0,37850.0,39430.0,103,102,0,102,2025-11-19 09:48:09,6.0,15.341,2.0,111.0,109.0,59.88,93.578,1,1,4.01,96.02,False,False,6.0,0.0,0.0,72.0,79.0,7.0,0.9896,0.0,0.0,0,0,0,0,0,0,0,0,0,,,0,0,,,0,0,,,0,0,0,0,0,0,3,11,14,0,0,,1.0,0,0,,1.0,0,0,,1.0,0,0,0,0,0,0,0,0,0,0,0,,,0,0,,,0,0,,,0,0,,,,False,False,False,False,False,NORMAL_OR_RESPONDING,ACTION_NONE,high,NOT_NO_LOW_CHANGE_CANDIDATE,,,,,,70.8,11.0,"flat_tail=6.0d, fcc_changes=102, tail_cyc=0.0, tail_ok[90/80]=0/0, unresp_complete[90/80]=0/0, large_gap[90/80]=0/0 -> FCC still updating / not a no-low-change candidate",,v2.0-final,v2.0-final,v2.0-final,0.0,,,,,0.0,-1.0,n/a,ThinkPad P14s Gen 5 AMD,SMP,5B11H56414,2026-06-03T16:38:27
JFISHEL-F56FAH2_jfishel,1649,2024-11-13 15:02:38,2025-05-07 09:47:36,174.78,0.5,16.497,130,31,0,0,0,0,1,QUALITY_OK,59060.0,59060.0,59060.0,59060.0,1,0,0,0,2024-11-13 15:02:38,174.8,0.0,0.0,26.0,26.0,54.33,0.0,0,0,0.0,103.56,False,False,174.8,26.0,54.33,5.0,100.0,95.0,0.7627,0.0282,0.0021,0,0,0,0,0,0,0,0,0,,,0,0,,,0,0,,,0,0,0,2,2,2,0,2,2,0,0,,,0,0,,,0,0,,,0,0,0,0,0,0,0,0,0,0,0,,,0,0,,,0,0,,,0,0,,,,True,False,False,False,True,WATCH_LOW_UPDATE_RATE_AMBIGUOUS,ACTION_MONITOR_OR_MANUAL_REVIEW,low,WATCH_POSSIBLE_OPPORTUNITY_WITH_LARGE_GAPS,,WATCH_POSSIBLE_OPPORTUNITY_WITH_LARGE_GAPS,,,,64.7,44.3,"flat_tail=174.8d, fcc_changes=0, tail_cyc=26.0, tail_ok[90/80]=0/0, unresp_complete[90/80]=0/0, large_gap[90/80]=0/2 -> ambiguous (watch)",FCC更新率は低いが完全凍結ではない/学習機会がlarge-gapまたは打ち切りで確証が弱い/境界的のため、FW確認に回す前にモニタリングまたは手動レビューを推奨します。,v2.0-final,v2.0-final,v2.0-final,0.0,,,,,0.0,1.0,MIXED,ThinkPad X1 Carbon Gen 13,SMP,5B11M90097,2026-06-03T16:38:27
JG3-SIT-OS_Maru1tom,769,2023-10-18 18:49:18,2024-05-14 13:32:14,208.78,0.5,6.407,42,13,0,0,0,0,1,QUALITY_OK,57570.0,57570.0,57570.0,57570.0,1,0,0,0,2023-10-18 18:49:18,208.8,0.0,9.0,9.0,0.0,0.0,0.0,0,0,0.0,101.0,True,True,208.8,0.0,0.0,77.0,100.0,23.0,0.9627,0.5439,0.0,0,0,0,0,0,0,0,0,0,,,0,0,,,0,0,,,0,0,0,0,0,0,0,0,0,0,0,,,0,0,,,0,0,,,0,0,0,0,0,0,0,0,0,0,0,,,0,0,,,0,0,,,0,0,,,,True,True,False,True,True,ACTIONABLE_GAUGE_RESET_INSUFFICIENT_LEARNING_OPPORTUNITY,ACTION_GAUGE_RESET,high,GAUGE_HIGH_NO_OPPORTUNITY,NO_OPPORTUNITY_AC_BOUND;NO_OPPORTUNITY_LOW_CYCLING;NO_OPPORTUNITY_SHALLOW_RANGE,,,,,99.3,40.0,"flat_tail=208.8d, fcc_changes=0, tail_cyc=0.0, tail_ok[90/80]=0/0, unresp_complete[90/80]=0/0, large_gap[90/80]=0/0, ac=0.96, min_rsoc=77.0 -> insufficient learning opportunity",FCC/SoHが長期間更新されておらず、ログ上は深い放電→再充電の学習機会が十分に確認できません（OK品質の機会が無く、large-gapを含めても判定可能な機会がない）。安全な環境でOEM推奨のバッテリーゲージリセット/キャリブレーションを実施し、その後72h〜7日間のテレメトリでFCC更新有無を確認してください。,v2.0-final,v2.0-final,v2.0-final,0.0,,,,,0.0,0.0,AC_BOUND+SHALLOW_RANGE+LOW_CYCLING,ThinkPad X1 Yoga Gen 8,Sunwoda,5B10W13975,2026-06-03T16:38:27
JGERMANO-5PHRQ0_jgermano,3354,2025-09-16 14:12:55,2026-05-26 14:17:26,252.0,0.5,7.528,186,45,0,0,0,0,1,QUALITY_OK,90890.0,87920.0,85220.0,90890.0,95,104,16,88,2026-05-26 13:47:26,0.0,41.27,2.0,79.0,77.0,111.6,135.065,29,29,6.3,97.69,False,False,0.0,0.0,0.0,100.0,100.0,0.0,1.0,1.0,0.0,0,0,0,0,0,6,6,0,0,,,0,0,,,0,0,,,0,0,0,0,0,0,0,14,14,0,0,,,0,0,,,0,0,,,0,0,0,0,0,0,0,12,12,0,0,,,0,0,,,0,0,,,0,0,,,,False,False,False,False,False,NORMAL_OR_RESPONDING,ACTION_NONE,high,NOT_NO_LOW_CHANGE_CANDIDATE,,,,,,70.0,10.0,"flat_tail=0.0d, fcc_changes=104, tail_cyc=0.0, tail_ok[90/80]=0/0, unresp_complete[90/80]=0/0, large_gap[90/80]=0/0 -> FCC still updating / not a no-low-change candidate",,v2.0-final,v2.0-final,v2.0-final,0.0,,,,,0.0,-1.0,n/a,ThinkPad P16v Gen 3,Sunwoda,5B11M90138,2026-06-03T16:38:27
JINOUE1-F49SYAH_jinoue1,13995,2023-07-07 15:58:34,2025-12-03 21:44:08,880.24,0.5,1.224,523,111,0,0,0,0,1,QUALITY_OK,58990.0,47920.0,46040.0,58990.0,14,13,1,12,2025-08-19 10:26:45,106.5,1.477,0.0,168.0,168.0,69.71,7.738,11,11,22.7,84.0,False,False,106.5,3.0,10.29,6.0,100.0,94.0,0.8452,0.1757,0.0199,0,2,2,2,1,17,18,0,0,,1.0,0,0,,1.0,0,0,,1.0,0,0,0,2,2,2,10,38,48,0,0,,0.1,0,0,,0.2,0,0,,0.4,0,0,0,2,2,2,10,35,45,0,0,,0.1,0,0,,0.2,0,0,,0.4,0,0,,,,False,False,False,False,False,NORMAL_OR_RESPONDING,ACTION_NONE,high,NOT_NO_LOW_CHANGE_CANDIDATE,,,,,,66.5,28.4,"flat_tail=106.5d, fcc_changes=13, tail_cyc=3.0, tail_ok[90/80]=0/0, unresp_complete[90/80]=0/0, large_gap[90/80]=2/2 -> FCC still updating / not a no-low-change candidate",,v2.0-final,v2.0-final,v2.0-final,0.0,,,,,0.0,-1.0,n/a,ThinkPad X1 Carbon Gen 10,SMP,5B10W13973,2026-06-03T16:38:27
JJOHNSON16-QW2P_jjohnson16,7523,2023-06-27 19:24:07,2024-05-15 07:30:44,322.5,0.5,0.5,122,37,0,0,0,0,1,QUALITY_OK,56990.0,59660.0,56190.0,60330.0,31,30,2,28,2024-05-14 13:02:02,0.8,9.302,3.0,29.0,26.0,29.45,115.385,4,4,7.26,104.67,False,False,0.8,0.0,0.0,78.0,100.0,22.0,0.0618,0.0616,0.0,0,0,0,0,0,5,5,0,0,,,0,0,,,0,0,,,0,0,0,0,0,0,0,5,5,0,0,,,0,0,,,0,0,,,0,0,0,0,0,0,0,5,5,0,0,,,0,0,,,0,0,,,0,0,,,,False,False,False,False,False,NORMAL_OR_RESPONDING,ACTION_NONE,high,NOT_NO_LOW_CHANGE_CANDIDATE,,,,,,62.8,10.1,"flat_tail=0.8d, fcc_changes=30, tail_cyc=0.0, tail_ok[90/80]=0/0, unresp_complete[90/80]=0/0, large_gap[90/80]=0/0 -> FCC still updating / not a no-low-change candidate",,v2.0-final,v2.0-final,v2.0-final,0.0,,,,,0.0,-1.0,n/a,ThinkPad T14s Gen 4,Sunwoda,5B10W51876,2026-06-03T16:38:27
JJOHNSON18-T4GM_jjohnson18,221,2026-05-11 10:00:45,2026-06-01 16:00:03,21.25,0.5,13.539,15,6,0,0,0,0,1,QUALITY_SHORT_OBS,58030.0,57970.0,57970.0,58030.0,6,5,0,5,2026-05-29 09:59:16,3.3,23.529,2.0,9.0,7.0,120.32,71.429,0,0,0.1,99.95,False,False,3.3,0.0,0.0,70.0,100.0,30.0,0.4564,0.3604,0.0,0,0,0,0,0,0,0,0,0,,,0,0,,,0,0,,,0,0,0,0,0,0,0,0,0,0,0,,,0,0,,,0,0,,,0,0,0,0,0,0,0,0,0,0,0,,,0,0,,,0,0,,,0,0,,,,False,False,False,False,False,REVIEW_INSUFFICIENT_DATA,ACTION_COLLECT_MORE_DATA_OR_MANUAL_REVIEW,review,REVIEW_SHORT_OBS_ACTIVE_LIKE,,,REVIEW_SHORT_OBS_ACTIVE_LIKE,low,観測期間<120日でactive様（flat_tail<60）。経過観察で十分なことが多い。,55.5,5.5,"obs_days=21.2, n_samples=221, quality=QUALITY_SHORT_OBS -> insufficient/uncertain data",観測期間・サンプル数・カウンタ整合性のいずれかが不足しており信頼できる判定ができません。review_priorityに従い追加データ収集または手動レビューを行ってください。,v2.0-final,v2.0-final,v2.0-final,0.0,,,,,0.0,-1.0,n/a,ThinkPad T14s Gen 7,Sunwoda,5B11M90160,2026-06-03T16:38:27
JKLEISSLER-DNZK_jkleissler,699,2025-01-24 10:08:32,2025-03-14 10:00:37,48.99,0.5,3.749,34,5,0,0,0,0,1,QUALITY_SHORT_OBS,57040.0,56160.0,50010.0,59480.0,23,22,2,20,2025-03-14 08:30:41,0.1,44.907,1.0,23.0,22.0,164.02,100.0,5,5,16.61,98.47,False,False,0.1,0.0,0.0,94.0,100.0,6.0,1.0,0.6672,0.0,0,0,0,0,0,2,2,0,0,,,0,0,,,0,0,,,0,0,0,0,0,0,0,4,4,0,0,,,0,0,,,0,0,,,0,0,0,0,0,0,0,2,2,0,0,,,0,0,,,0,0,,,0,0,,,,False,False,False,False,False,REVIEW_INSUFFICIENT_DATA,ACTION_COLLECT_MORE_DATA_OR_MANUAL_REVIEW,review,REVIEW_SHORT_OBS_ACTIVE_LIKE,,,REVIEW_SHORT_OBS_ACTIVE_LIKE,low,観測期間<120日でactive様（flat_tail<60）。経過観察で十分なことが多い。,65.0,5.0,"obs_days=49.0, n_samples=699, quality=QUALITY_SHORT_OBS -> insufficient/uncertain data",観測期間・サンプル数・カウンタ整合性のいずれかが不足しており信頼できる判定ができません。review_priorityに従い追加データ収集または手動レビューを行ってください。,v2.0-final,v2.0-final,v2.0-final,0.0,,,,,0.0,-1.0,n/a,ThinkPad X1 Carbon Gen 13,BYD,5B11M90100,2026-06-03T16:38:27
JL18156-F3Z1LJN_JL18156,16866,2023-02-05 10:46:49,2025-10-16 18:03:00,984.3,0.5,7.01,900,87,0,0,0,0,1,QUALITY_OK,50260.0,45860.0,45860.0,51420.0,288,887,447,440,2025-10-16 17:55:35,0.0,90.115,42.0,299.0,257.0,95.37,345.136,632,453,10.16,83.81,False,False,0.0,0.0,0.0,99.0,100.0,1.0,0.9663,1.0,0.0,0,0,0,0,2,32,34,0,0,,1.0,0,0,,1.0,0,0,,1.0,0,0,0,0,0,0,7,68,75,0,0,,1.0,0,0,,1.0,0,0,,1.0,0,0,0,0,0,0,4,43,47,0,0,,1.0,0,0,,1.0,0,0,,1.0,0,0,,,,False,False,False,False,False,NORMAL_OR_RESPONDING,ACTION_NONE,high,NOT_NO_LOW_CHANGE_CANDIDATE,,,,,,69.7,10.0,"flat_tail=0.0d, fcc_changes=887, tail_cyc=0.0, tail_ok[90/80]=0/0, unresp_complete[90/80]=0/0, large_gap[90/80]=0/0 -> FCC still updating / not a no-low-change candidate",,v2.0-final,v2.0-final,v2.0-final,0.0,,,,,0.0,-1.0,n/a,ThinkPad X13 Gen 3,Celxpert,5B10W51854,2026-06-03T16:38:27
JL24078-F3YZT26_jl24078,5089,2023-02-08 10:48:23,2024-05-10 14:37:16,457.16,0.5,7.826,289,96,0,0,0,0,1,QUALITY_OK,57570.0,57570.0,57570.0,57570.0,1,0,0,0,2023-02-08 10:48:23,457.2,0.0,7.0,80.0,73.0,58.32,0.0,0,0,0.0,101.0,True,True,457.2,73.0,58.32,2.0,97.0,95.0,0.6943,0.0,0.0041,0,0,0,0,0,0,0,0,0,,,0,0,,,0,0,,,0,0,0,8,8,8,0,8,8,0,0,,,0,0,,,0,0,,,0,0,0,2,2,2,0,2,2,0,0,,,0,0,,,0,0,,,0,0,,,,True,True,True,True,True,WATCH_LOW_UPDATE_RATE_AMBIGUOUS,ACTION_MONITOR_OR_MANUAL_REVIEW,low,WATCH_POSSIBLE_OPPORTUNITY_WITH_LARGE_GAPS,,WATCH_POSSIBLE_OPPORTUNITY_WITH_LARGE_GAPS,,,,56.7,50.0,"flat_tail=457.2d, fcc_changes=0, tail_cyc=73.0, tail_ok[90/80]=0/0, unresp_complete[90/80]=0/0, large_gap[90/80]=0/8 -> ambiguous (watch)",FCC更新率は低いが完全凍結ではない/学習機会がlarge-gapまたは打ち切りで確証が弱い/境界的のため、FW確認に回す前にモニタリングまたは手動レビューを推奨します。,v2.0-final,v2.0-final,v2.0-final,0.0,,,,,0.0,1.0,MIXED,ThinkPad X1 Carbon Gen 10,Sunwoda,5B10W13975,2026-06-03T16:38:27
JLEWIS9-W0A2BP7_jlewis9,9056,2024-03-21 10:40:50,2024-07-18 11:07:04,119.02,0.001,0.5,72,19,0,0,0,0,1,QUALITY_SHORT_OBS,57000.0,56860.0,56860.0,57000.0,14,13,0,13,2024-07-15 16:11:43,2.8,10.923,3.0,19.0,16.0,49.1,81.25,0,0,0.25,99.75,False,False,2.8,0.0,0.0,59.0,100.0,41.0,0.8769,0.743,0.0,0,0,0,0,0,1,1,0,0,,,0,0,,,0,0,,,0,0,0,0,0,0,0,3,3,0,0,,,0,0,,,0,0,,,0,0,0,0,0,0,0,1,1,0,0,,,0,0,,,0,0,,,0,0,,,,False,False,False,False,False,REVIEW_INSUFFICIENT_DATA,ACTION_COLLECT_MORE_DATA_OR_MANUAL_REVIEW,review,REVIEW_SHORT_OBS_ACTIVE_LIKE,,,REVIEW_SHORT_OBS_ACTIVE_LIKE,low,観測期間<120日でactive様（flat_tail<60）。経過観察で十分なことが多い。,63.0,5.5,"obs_days=119.0, n_samples=9056, quality=QUALITY_SHORT_OBS -> insufficient/uncertain data",観測期間・サンプル数・カウンタ整合性のいずれかが不足しており信頼できる判定ができません。review_priorityに従い追加データ収集または手動レビューを行ってください。,v2.0-final,v2.0-final,v2.0-final,0.0,,,,,0.0,-1.0,n/a,ThinkPad L16 Gen 1,Sunwoda,5B11H56397,2026-06-03T16:38:27
JMANCHESTER-LQ5_jmanchester,451,2026-04-22 11:20:25,2026-05-21 15:55:42,29.19,0.5,1.526,20,4,0,0,0,0,1,QUALITY_SHORT_OBS,58590.0,58540.0,58540.0,58590.0,6,5,0,5,2026-05-18 11:00:14,3.2,17.129,3.0,8.0,5.0,62.56,100.0,0,0,0.09,100.93,False,False,3.2,0.0,0.0,84.0,100.0,16.0,0.9078,0.721,0.0,0,0,0,0,0,0,0,0,0,,,0,0,,,0,0,,,0,0,0,0,0,0,0,0,0,0,0,,,0,0,,,0,0,,,0,0,0,0,0,0,0,0,0,0,0,,,0,0,,,0,0,,,0,0,,,,False,False,False,False,False,REVIEW_INSUFFICIENT_DATA,ACTION_COLLECT_MORE_DATA_OR_MANUAL_REVIEW,review,REVIEW_SHORT_OBS_ACTIVE_LIKE,,,REVIEW_SHORT_OBS_ACTIVE_LIKE,low,観測期間<120日でactive様（flat_tail<60）。経過観察で十分なことが多い。,63.7,5.5,"obs_days=29.2, n_samples=451, quality=QUALITY_SHORT_OBS -> insufficient/uncertain data",観測期間・サンプル数・カウンタ整合性のいずれかが不足しており信頼できる判定ができません。review_priorityに従い追加データ収集または手動レビューを行ってください。,v2.0-final,v2.0-final,v2.0-final,0.0,,,,,0.0,-1.0,n/a,ThinkPad X1 2-in-1 Gen 11,Sunwoda,5B11M90160,2026-06-03T16:38:27
JMATTHEWS2-YXHQ_jmatthews2,16554,2023-08-09 12:36:03,2024-10-03 11:10:42,420.94,0.5,0.5,68,14,0,0,0,0,1,QUALITY_OK,101460.0,85340.0,81330.0,101460.0,33,34,14,20,2024-09-19 08:51:31,14.1,8.077,1.0,92.0,91.0,78.96,37.363,32,31,21.52,91.23,False,False,14.1,1.0,25.91,10.0,100.0,90.0,0.2025,0.0088,0.1284,0,0,0,0,17,22,39,0,0,,0.5294,0,0,,0.6471,0,0,,0.7059,0,0,1,0,1,1,38,22,60,1,0,0.0,0.5,1,0,0.0,0.6316,1,0,0.0,0.7632,1,0,0,0,0,0,25,22,47,0,0,,0.6,0,0,,0.72,0,0,,0.76,0,0,0.0,0.0,0.0,False,False,False,False,False,NORMAL_OR_RESPONDING,ACTION_NONE,high,NOT_NO_LOW_CHANGE_CANDIDATE,,,,,,43.4,38.5,"flat_tail=14.1d, fcc_changes=34, tail_cyc=1.0, tail_ok[90/80]=0/1, unresp_complete[90/80]=0/1, large_gap[90/80]=0/0 -> FCC still updating / not a no-low-change candidate",,v2.0-final,v2.0-final,v2.0-final,1.0,0.938,0.0,-0.938,-3.878,32.7,-1.0,n/a,ThinkPad P16 Gen 2,SMP,5B10W51893,2026-06-03T16:38:27
JMAYERSALMA-252_jmayersalman,395,2026-04-29 11:33:44,2026-05-21 12:29:07,22.04,0.5,5.644,20,3,0,0,0,0,1,QUALITY_SHORT_OBS,54760.0,55210.0,54720.0,55240.0,8,9,3,6,2026-05-21 11:07:22,0.1,40.835,0.0,11.0,11.0,182.29,81.818,5,3,0.95,100.93,False,False,0.1,0.0,0.0,74.0,100.0,26.0,0.6022,0.2363,0.0,0,0,0,0,0,1,1,0,0,,,0,0,,,0,0,,,0,0,0,0,0,0,0,2,2,0,0,,,0,0,,,0,0,,,0,0,0,0,0,0,0,1,1,0,0,,,0,0,,,0,0,,,0,0,,,,False,False,False,False,False,REVIEW_INSUFFICIENT_DATA,ACTION_COLLECT_MORE_DATA_OR_MANUAL_REVIEW,review,REVIEW_SHORT_OBS_ACTIVE_LIKE,,,REVIEW_SHORT_OBS_ACTIVE_LIKE,low,観測期間<120日でactive様（flat_tail<60）。経過観察で十分なことが多い。,57.1,5.0,"obs_days=22.0, n_samples=395, quality=QUALITY_SHORT_OBS -> insufficient/uncertain data",観測期間・サンプル数・カウンタ整合性のいずれかが不足しており信頼できる判定ができません。review_priorityに従い追加データ収集または手動レビューを行ってください。,v2.0-final,v2.0-final,v2.0-final,0.0,,,,,0.0,-1.0,n/a,ThinkPad X13 Gen 7,Sunwoda,5B11M90142,2026-06-03T16:38:27
JMAYERSALMA-HDJ_jmayersalman,1390,2025-05-13 14:50:23,2025-08-26 02:14:28,104.48,0.5,9.934,99,10,0,0,0,0,1,QUALITY_SHORT_OBS,57000.0,56640.0,53060.0,57860.0,52,56,9,47,2025-08-22 10:14:15,3.7,53.599,1.0,47.0,46.0,160.81,121.739,14,13,8.42,99.37,False,False,3.7,0.0,0.0,81.0,100.0,19.0,0.7362,0.6029,0.0,0,0,0,0,2,6,8,0,0,,1.0,0,0,,1.0,0,0,,1.0,0,0,0,0,0,0,3,9,12,0,0,,1.0,0,0,,1.0,0,0,,1.0,0,0,0,0,0,0,2,8,10,0,0,,1.0,0,0,,1.0,0,0,,1.0,0,0,,,,False,False,False,False,False,REVIEW_INSUFFICIENT_DATA,ACTION_COLLECT_MORE_DATA_OR_MANUAL_REVIEW,review,REVIEW_SHORT_OBS_ACTIVE_LIKE,,,REVIEW_SHORT_OBS_ACTIVE_LIKE,low,観測期間<120日でactive様（flat_tail<60）。経過観察で十分なことが多い。,60.3,5.6,"obs_days=104.5, n_samples=1390, quality=QUALITY_SHORT_OBS -> insufficient/uncertain data",観測期間・サンプル数・カウンタ整合性のいずれかが不足しており信頼できる判定ができません。review_priorityに従い追加データ収集または手動レビューを行ってください。,v2.0-final,v2.0-final,v2.0-final,0.0,,,,,0.0,-1.0,n/a,ThinkPad T14 Gen 6,Celxpert,5B11M90126,2026-06-03T16:38:27
JMAYERSALMA-TNQ_jmayersalman,2225,2025-08-21 13:11:21,2026-02-03 12:12:07,165.96,0.5,9.013,161,18,0,0,0,0,1,QUALITY_OK,54760.0,51900.0,49340.0,55460.0,102,119,20,99,2026-01-20 09:52:58,14.1,71.704,0.0,102.0,102.0,224.48,116.667,38,38,11.18,94.79,False,False,14.1,0.0,0.0,47.0,100.0,53.0,0.0556,0.1778,0.0,0,0,0,0,0,4,4,0,0,,,0,0,,,0,0,,,0,0,0,0,0,0,6,15,21,0,0,,1.0,0,0,,1.0,0,0,,1.0,0,0,0,0,0,0,3,8,11,0,0,,1.0,0,0,,1.0,0,0,,1.0,0,0,,,,False,False,False,False,False,NORMAL_OR_RESPONDING,ACTION_NONE,high,NOT_NO_LOW_CHANGE_CANDIDATE,,,,,,54.7,12.3,"flat_tail=14.1d, fcc_changes=119, tail_cyc=0.0, tail_ok[90/80]=0/0, unresp_complete[90/80]=0/0, large_gap[90/80]=0/0 -> FCC still updating / not a no-low-change candidate",,v2.0-final,v2.0-final,v2.0-final,0.0,,,,,0.0,-1.0,n/a,ThinkPad L13 Gen 6,SMP,5B11M90129,2026-06-03T16:38:27
JMESTLER-5FS8KD_jmestler,6739,2025-05-12 15:11:39,2026-05-23 12:29:42,375.89,0.5,7.501,372,21,0,0,0,0,1,QUALITY_OK,57040.0,56620.0,56240.0,57040.0,22,21,1,20,2026-05-20 11:49:08,3.0,5.587,2.0,24.0,22.0,21.38,95.455,2,2,1.4,99.33,False,False,3.0,0.0,0.0,94.0,100.0,6.0,0.9725,0.3464,0.0,0,0,0,0,0,0,0,0,0,,,0,0,,,0,0,,,0,0,0,0,0,0,0,0,0,0,0,,,0,0,,,0,0,,,0,0,0,0,0,0,0,0,0,0,0,,,0,0,,,0,0,,,0,0,,,,False,False,False,False,False,NORMAL_OR_RESPONDING,ACTION_NONE,high,NOT_NO_LOW_CHANGE_CANDIDATE,,,,,,70.0,10.5,"flat_tail=3.0d, fcc_changes=21, tail_cyc=0.0, tail_ok[90/80]=0/0, unresp_complete[90/80]=0/0, large_gap[90/80]=0/0 -> FCC still updating / not a no-low-change candidate",,v2.0-final,v2.0-final,v2.0-final,0.0,,,,,0.0,-1.0,n/a,ThinkPad X1 Carbon Gen 13,Sunwoda,5B11M90099,2026-06-03T16:38:27
JNICHOL-F5MCDZS_jnichol,781,2025-09-11 08:02:07,2025-10-08 16:22:52,27.35,0.5,1.281,21,1,0,0,0,0,1,QUALITY_SHORT_OBS,75000.0,76820.0,73930.0,76850.0,16,15,4,11,2025-10-06 21:59:33,1.8,54.845,2.0,12.0,10.0,133.55,150.0,5,5,3.9,102.43,False,False,1.8,0.0,0.0,88.0,100.0,12.0,0.8202,0.7176,0.0,0,0,0,0,0,2,2,0,0,,,0,0,,,0,0,,,0,0,0,0,0,0,1,2,3,0,0,,1.0,0,0,,1.0,0,0,,1.0,0,0,0,0,0,0,1,2,3,0,0,,1.0,0,0,,1.0,0,0,,1.0,0,0,,,,False,False,False,False,False,REVIEW_INSUFFICIENT_DATA,ACTION_COLLECT_MORE_DATA_OR_MANUAL_REVIEW,review,REVIEW_SHORT_OBS_ACTIVE_LIKE,,,REVIEW_SHORT_OBS_ACTIVE_LIKE,low,観測期間<120日でactive様（flat_tail<60）。経過観察で十分なことが多い。,61.7,5.3,"obs_days=27.4, n_samples=781, quality=QUALITY_SHORT_OBS -> insufficient/uncertain data",観測期間・サンプル数・カウンタ整合性のいずれかが不足しており信頼できる判定ができません。review_priorityに従い追加データ収集または手動レビューを行ってください。,v2.0-final,v2.0-final,v2.0-final,0.0,,,,,0.0,-1.0,n/a,ThinkPad P14s Gen 6,Sunwoda,5B11M90121,2026-06-03T16:38:27
JNUNEZ5-3000012_jnunez5,819,2026-03-03 14:22:09,2026-05-13 14:49:51,71.02,0.5,10.958,72,8,0,0,0,0,1,QUALITY_SHORT_OBS,46160.0,45630.0,43620.0,46600.0,27,27,3,24,2026-05-08 14:19:18,5.0,38.017,2.0,22.0,20.0,102.86,135.0,8,8,6.63,101.4,False,False,5.0,0.0,0.0,15.0,90.0,75.0,0.6897,0.0,0.0776,0,0,0,0,2,7,9,0,0,,1.0,0,0,,1.0,0,0,,1.0,0,0,0,0,0,0,3,8,11,0,0,,1.0,0,0,,1.0,0,0,,1.0,0,0,0,0,0,0,3,8,11,0,0,,1.0,0,0,,1.0,0,0,,1.0,0,0,,,,False,False,False,False,False,REVIEW_INSUFFICIENT_DATA,ACTION_COLLECT_MORE_DATA_OR_MANUAL_REVIEW,review,REVIEW_SHORT_OBS_ACTIVE_LIKE,,,REVIEW_SHORT_OBS_ACTIVE_LIKE,low,観測期間<120日でactive様（flat_tail<60）。経過観察で十分なことが多い。,59.6,5.8,"obs_days=71.0, n_samples=819, quality=QUALITY_SHORT_OBS -> insufficient/uncertain data",観測期間・サンプル数・カウンタ整合性のいずれかが不足しており信頼できる判定ができません。review_priorityに従い追加データ収集または手動レビューを行ってください。,v2.0-final,v2.0-final,v2.0-final,0.0,,,,,0.0,-1.0,n/a,ThinkPad X13 Detachable Gen 1,ATL,5B11M90183,2026-06-03T16:38:27
JNUNEZ5-F4KXMXN_jnunez5,4024,2023-09-19 08:43:39,2025-03-23 19:22:12,551.44,0.5,5.057,146,59,0,0,0,0,1,QUALITY_OK,51980.0,47840.0,47500.0,52480.0,45,46,6,40,2025-01-22 09:53:29,60.4,8.342,2.0,36.0,34.0,22.52,135.294,14,14,9.66,92.88,False,False,60.4,0.0,0.0,2.0,100.0,98.0,0.6769,0.556,0.045,0,0,0,0,1,7,8,0,0,,1.0,0,0,,1.0,0,0,,1.0,0,0,0,0,0,0,1,14,15,0,0,,1.0,0,0,,1.0,0,0,,1.0,0,0,0,0,0,0,1,9,10,0,0,,1.0,0,0,,1.0,0,0,,1.0,0,0,,,,False,False,False,False,False,NORMAL_OR_RESPONDING,ACTION_NONE,high,NOT_NO_LOW_CHANGE_CANDIDATE,,,,,,73.6,20.1,"flat_tail=60.4d, fcc_changes=46, tail_cyc=0.0, tail_ok[90/80]=0/0, unresp_complete[90/80]=0/0, large_gap[90/80]=0/0 -> FCC still updating / not a no-low-change candidate",,v2.0-final,v2.0-final,v2.0-final,0.0,,,,,0.0,-1.0,n/a,ThinkPad Z13 Gen 2,BYD,5B10W51883,2026-06-03T16:38:27
JNUNEZ5-F4ML5N5_jnunez5,1235,2023-12-05 07:44:37,2024-03-08 13:19:55,94.23,0.5,5.415,54,14,0,0,0,0,1,QUALITY_SHORT_OBS,59550.0,62040.0,59540.0,62380.0,29,28,4,24,2024-02-22 12:33:23,15.0,29.715,2.0,29.0,27.0,104.66,103.704,7,5,4.98,108.78,False,False,15.0,0.0,0.0,3.0,100.0,97.0,0.4877,0.4199,0.1161,0,0,0,0,0,5,5,0,0,,,0,0,,,0,0,,,0,0,0,0,0,0,3,11,14,0,0,,1.0,0,0,,1.0,0,0,,1.0,0,0,0,0,0,0,2,9,11,0,0,,1.0,0,0,,1.0,0,0,,1.0,0,0,,,,False,False,False,False,False,REVIEW_INSUFFICIENT_DATA,ACTION_COLLECT_MORE_DATA_OR_MANUAL_REVIEW,review,REVIEW_SHORT_OBS_ACTIVE_LIKE,,,REVIEW_SHORT_OBS_ACTIVE_LIKE,low,観測期間<120日でactive様（flat_tail<60）。経過観察で十分なことが多い。,57.3,7.5,"obs_days=94.2, n_samples=1235, quality=QUALITY_SHORT_OBS -> insufficient/uncertain data",観測期間・サンプル数・カウンタ整合性のいずれかが不足しており信頼できる判定ができません。review_priorityに従い追加データ収集または手動レビューを行ってください。,v2.0-final,v2.0-final,v2.0-final,0.0,,,,,0.0,-1.0,n/a,ThinkPad X1 Carbon Gen 12,SMP,5B11H56383,2026-06-03T16:38:27
JNUNEZ5-F4RX1S4_jnunez5,1838,2024-03-14 08:52:05,2025-06-30 13:58:26,473.21,0.5,16.454,137,58,0,0,0,0,1,QUALITY_OK,58370.0,57510.0,57510.0,58890.0,25,24,1,23,2025-05-13 11:45:08,48.1,5.072,6.0,27.0,21.0,16.21,114.286,3,3,2.42,100.84,False,False,48.1,0.0,0.0,1.0,100.0,99.0,0.1517,0.1653,0.2835,0,0,0,0,0,8,8,0,0,,,0,0,,,0,0,,,0,0,0,0,0,0,0,9,9,0,0,,,0,0,,,0,0,,,0,0,0,0,0,0,0,8,8,0,0,,,0,0,,,0,0,,,0,0,,,,False,False,False,False,False,NORMAL_OR_RESPONDING,ACTION_NONE,high,NOT_NO_LOW_CHANGE_CANDIDATE,,,,,,61.1,18.0,"flat_tail=48.1d, fcc_changes=24, tail_cyc=0.0, tail_ok[90/80]=0/0, unresp_complete[90/80]=0/0, large_gap[90/80]=0/0 -> FCC still updating / not a no-low-change candidate",,v2.0-final,v2.0-final,v2.0-final,0.0,,,,,0.0,-1.0,n/a,ThinkPad X1 2-in-1 Gen 9,Celxpert,5B11H56384,2026-06-03T16:38:27
JNUNEZ5-F57YZZH_jnunez5,281,2024-10-08 15:26:02,2024-10-24 10:40:35,15.8,0.13,6.83,15,3,0,0,0,0,1,QUALITY_SHORT_OBS,55130.0,55130.0,55130.0,55680.0,3,3,1,2,2024-10-14 08:04:26,10.1,18.987,1.0,6.0,5.0,115.59,60.0,2,2,1.0,100.05,False,False,10.1,3.0,108.4,6.0,100.0,94.0,0.549,0.341,0.0136,0,0,0,0,0,1,1,0,0,,,0,0,,,0,0,,,0,0,0,0,0,0,0,1,1,0,0,,,0,0,,,0,0,,,0,0,0,0,0,0,0,1,1,0,0,,,0,0,,,0,0,,,0,0,,,,False,False,False,False,False,REVIEW_INSUFFICIENT_DATA,ACTION_COLLECT_MORE_DATA_OR_MANUAL_REVIEW,review,REVIEW_SHORT_OBS_ACTIVE_LIKE,,,REVIEW_SHORT_OBS_ACTIVE_LIKE,low,観測期間<120日でactive様（flat_tail<60）。経過観察で十分なことが多い。,56.2,7.3,"obs_days=15.8, n_samples=281, quality=QUALITY_SHORT_OBS -> insufficient/uncertain data",観測期間・サンプル数・カウンタ整合性のいずれかが不足しており信頼できる判定ができません。review_priorityに従い追加データ収集または手動レビューを行ってください。,v2.0-final,v2.0-final,v2.0-final,0.0,,,,,0.0,-1.0,n/a,ThinkPad X9-14 Gen 1,BYD,LNV-5B11M90101@,2026-06-03T16:38:27
JNUNEZ5-F5801NF_jnunez5,441,2024-11-19 13:08:30,2025-01-16 14:15:00,58.05,0.5,15.943,39,9,0,0,0,0,1,QUALITY_SHORT_OBS,55430.0,5614.0,5614.0,56780.0,12,14,3,11,2025-01-16 14:14:58,0.0,24.117,7.0,16.0,9.0,56.63,155.556,4,4,92.86,10.19,False,False,0.0,0.0,0.0,0.0,0.0,0.0,1.0,0.0,1.0,0,0,0,0,0,2,2,0,0,,,0,0,,,0,0,,,0,0,0,0,0,0,0,2,2,0,0,,,0,0,,,0,0,,,0,0,0,0,0,0,0,2,2,0,0,,,0,0,,,0,0,,,0,0,,,,False,False,False,False,False,REVIEW_INSUFFICIENT_DATA,ACTION_COLLECT_MORE_DATA_OR_MANUAL_REVIEW,review,REVIEW_SHORT_OBS_ACTIVE_LIKE,,,REVIEW_SHORT_OBS_ACTIVE_LIKE,low,観測期間<120日でactive様（flat_tail<60）。経過観察で十分なことが多い。,65.0,5.0,"obs_days=58.0, n_samples=441, quality=QUALITY_SHORT_OBS -> insufficient/uncertain data",観測期間・サンプル数・カウンタ整合性のいずれかが不足しており信頼できる判定ができません。review_priorityに従い追加データ収集または手動レビューを行ってください。,v2.0-final,v2.0-final,v2.0-final,0.0,,,,,0.0,-1.0,n/a,ThinkPad X9-14 Gen 1,BYD,LNV-5B11M90101,2026-06-03T16:38:27
JNUNEZ5-F588R5E_jnunez5,1248,2025-03-18 14:22:32,2025-09-07 14:50:14,173.02,0.5,5.558,59,15,0,1,0,0,1,QUALITY_COUNTER_RESET,59660.0,58570.0,58570.0,59750.0,39,49,6,43,2025-08-22 09:08:51,16.2,28.32,2.0,41.0,39.0,82.33,125.641,12,11,2.07,102.7,False,False,16.2,2.0,44.99,0.0,100.0,100.0,0.0683,0.0315,0.1417,0,1,1,1,13,12,25,0,0,,0.9231,0,0,,1.0,0,0,,1.0,0,0,0,1,1,1,18,13,31,0,0,,0.9444,0,0,,1.0,0,0,,1.0,0,0,0,1,1,1,16,13,29,0,0,,0.9375,0,0,,1.0,0,0,,1.0,0,0,,,,False,False,False,False,False,REVIEW_INSUFFICIENT_DATA,ACTION_COLLECT_MORE_DATA_OR_MANUAL_REVIEW,review,REVIEW_COUNTER_RESET,,,REVIEW_COUNTER_RESET,high,cycleCountが減少（カウンタリセット/パック異常疑い）。生ログ確認が必要。,30.6,3.1,"obs_days=173.0, n_samples=1248, quality=QUALITY_COUNTER_RESET -> insufficient/uncertain data",観測期間・サンプル数・カウンタ整合性のいずれかが不足しており信頼できる判定ができません。review_priorityに従い追加データ収集または手動レビューを行ってください。,v2.0-final,v2.0-final,v2.0-final,0.0,,,,,0.0,-1.0,n/a,ThinkPad X1 2-in-1 Gen 10,SMP,5B11M90097,2026-06-03T16:38:27
JNUNEZ5-F5HP4BE_jnunez5,1668,2025-11-06 16:30:03,2026-04-22 09:46:41,166.72,0.5,7.019,87,31,0,0,0,0,1,QUALITY_OK,99900.0,99780.0,99780.0,99900.0,9,8,0,8,2026-04-22 09:46:41,0.0,4.798,5.0,13.0,8.0,17.53,100.0,0,0,0.12,99.88,False,False,0.0,0.0,,97.0,97.0,0.0,,,,0,0,0,0,0,0,0,0,0,,,0,0,,,0,0,,,0,0,0,0,0,0,0,2,2,0,0,,,0,0,,,0,0,,,0,0,0,0,0,0,0,0,0,0,0,,,0,0,,,0,0,,,0,0,,,,False,False,False,False,False,NORMAL_OR_RESPONDING,ACTION_NONE,high,NOT_NO_LOW_CHANGE_CANDIDATE,,,,,,70.0,10.0,"flat_tail=0.0d, fcc_changes=8, tail_cyc=0.0, tail_ok[90/80]=0/0, unresp_complete[90/80]=0/0, large_gap[90/80]=0/0 -> FCC still updating / not a no-low-change candidate",,v2.0-final,v2.0-final,v2.0-final,0.0,,,,,0.0,-1.0,n/a,ThinkPad P16 Gen 3,SMP,5B11M90135,2026-06-03T16:38:27
JNUNEZ5-F5L9LW0_jnunez5,306,2025-06-16 11:40:29,2025-07-28 15:39:48,42.17,0.557,11.338,29,8,0,0,0,0,1,QUALITY_SHORT_OBS,87480.0,85710.0,85710.0,87480.0,3,2,0,2,2025-07-24 13:22:34,4.1,4.743,3.0,3.0,0.0,0.0,200000000000.0,2,2,1.97,95.23,False,False,4.1,0.0,0.0,99.0,99.0,0.0,0.9994,1.0,0.0,0,0,0,0,0,0,0,0,0,,,0,0,,,0,0,,,0,0,0,0,0,0,0,0,0,0,0,,,0,0,,,0,0,,,0,0,0,0,0,0,0,0,0,0,0,,,0,0,,,0,0,,,0,0,,,,False,False,False,False,False,REVIEW_INSUFFICIENT_DATA,ACTION_COLLECT_MORE_DATA_OR_MANUAL_REVIEW,review,REVIEW_SHORT_OBS_ACTIVE_LIKE,,,REVIEW_SHORT_OBS_ACTIVE_LIKE,low,観測期間<120日でactive様（flat_tail<60）。経過観察で十分なことが多い。,65.7,5.7,"obs_days=42.2, n_samples=306, quality=QUALITY_SHORT_OBS -> insufficient/uncertain data",観測期間・サンプル数・カウンタ整合性のいずれかが不足しており信頼できる判定ができません。review_priorityに従い追加データ収集または手動レビューを行ってください。,v2.0-final,v2.0-final,v2.0-final,0.0,,,,,0.0,-1.0,n/a,ThinkPad P16v Gen 3,Sunwoda,5B11M90138,2026-06-03T16:38:27
JNUNEZ5-F626M4T_jnunez5,294,2026-01-06 16:06:18,2026-03-13 16:07:42,66.0,0.5,21.934,42,10,0,0,0,0,1,QUALITY_SHORT_OBS,58090.0,58010.0,58010.0,58090.0,8,7,0,7,2026-03-09 13:07:02,4.1,10.606,1.0,11.0,10.0,55.34,70.0,0,0,0.14,100.02,False,False,4.1,0.0,0.0,42.0,99.0,57.0,0.3385,0.0042,0.0,0,0,0,0,0,0,0,0,0,,,0,0,,,0,0,,,0,0,0,0,0,0,0,2,2,0,0,,,0,0,,,0,0,,,0,0,0,0,0,0,0,1,1,0,0,,,0,0,,,0,0,,,0,0,,,,False,False,False,False,False,REVIEW_INSUFFICIENT_DATA,ACTION_COLLECT_MORE_DATA_OR_MANUAL_REVIEW,review,REVIEW_SHORT_OBS_ACTIVE_LIKE,,,REVIEW_SHORT_OBS_ACTIVE_LIKE,low,観測期間<120日でactive様（flat_tail<60）。経過観察で十分なことが多い。,52.5,5.7,"obs_days=66.0, n_samples=294, quality=QUALITY_SHORT_OBS -> insufficient/uncertain data",観測期間・サンプル数・カウンタ整合性のいずれかが不足しており信頼できる判定ができません。review_priorityに従い追加データ収集または手動レビューを行ってください。,v2.0-final,v2.0-final,v2.0-final,0.0,,,,,0.0,-1.0,n/a,ThinkPad X1 2-in-1 Gen 11,COSMX,5B11M90162,2026-06-03T16:38:27
JNUNEZ5-W05SG98_jnunez5,6656,2023-08-07 10:17:24,2024-07-18 00:25:46,345.59,0.5,1.818,203,33,0,0,0,0,1,QUALITY_OK,90080.0,89080.0,89080.0,92710.0,36,35,2,33,2024-06-25 22:33:10,22.1,10.128,7.0,40.0,33.0,34.88,106.061,5,5,4.03,98.97,False,False,22.1,0.0,0.0,1.0,100.0,99.0,0.9218,0.3621,0.0283,0,0,0,0,0,5,5,0,0,,,0,0,,,0,0,,,0,0,0,0,0,0,1,9,10,0,0,,1.0,0,0,,1.0,0,0,,1.0,0,0,0,0,0,0,1,6,7,0,0,,1.0,0,0,,1.0,0,0,,1.0,0,0,,,,False,False,False,False,False,NORMAL_OR_RESPONDING,ACTION_NONE,high,NOT_NO_LOW_CHANGE_CANDIDATE,,,,,,72.1,13.7,"flat_tail=22.1d, fcc_changes=35, tail_cyc=0.0, tail_ok[90/80]=0/0, unresp_complete[90/80]=0/0, large_gap[90/80]=0/0 -> FCC still updating / not a no-low-change candidate",,v2.0-final,v2.0-final,v2.0-final,0.0,,,,,0.0,-1.0,n/a,ThinkPad P1 Gen 6,Sunwoda,5B11K07737,2026-06-03T16:38:27
JNUNEZ5-W0KPY33_T1g,1220,2025-08-27 11:46:31,2026-03-03 17:01:44,188.22,0.5,16.994,120,29,0,4,0,0,1,QUALITY_COUNTER_RESET,90010.0,88650.0,85710.0,90010.0,17,24,6,18,2026-03-01 12:18:37,2.2,12.751,2.0,12.0,10.0,19.41,240.0,7,7,4.78,98.5,False,False,2.2,0.0,0.0,17.0,95.0,78.0,0.6127,0.0,0.037,0,0,0,0,0,4,4,0,0,,,0,0,,,0,0,,,0,0,0,1,1,1,0,5,5,0,0,,,0,0,,,0,0,,,0,0,0,0,0,0,0,4,4,0,0,,,0,0,,,0,0,,,0,0,,,,False,False,False,False,False,REVIEW_INSUFFICIENT_DATA,ACTION_COLLECT_MORE_DATA_OR_MANUAL_REVIEW,review,REVIEW_COUNTER_RESET,,,REVIEW_COUNTER_RESET,high,cycleCountが減少（カウンタリセット/パック異常疑い）。生ログ確認が必要。,40.1,0.4,"obs_days=188.2, n_samples=1220, quality=QUALITY_COUNTER_RESET -> insufficient/uncertain data",観測期間・サンプル数・カウンタ整合性のいずれかが不足しており信頼できる判定ができません。review_priorityに従い追加データ収集または手動レビューを行ってください。,v2.0-final,v2.0-final,v2.0-final,0.0,,,,,0.0,-1.0,n/a,ThinkPad T1g Gen 8,Sunwoda,5B11M37553,2026-06-03T16:38:27
JNUNEZ5-W0KPY33_jnunez5,1100,2025-08-27 11:46:31,2026-02-25 11:40:47,182.0,0.5,17.497,115,28,0,0,0,0,1,QUALITY_OK,90010.0,87520.0,87200.0,90010.0,12,11,1,10,2026-02-24 23:08:17,0.5,6.044,2.0,10.0,8.0,16.05,137.5,4,4,3.12,97.24,False,False,0.5,0.0,0.0,28.0,65.0,37.0,0.9467,0.0,0.0,0,0,0,0,0,2,2,0,0,,,0,0,,,0,0,,,0,0,0,0,0,0,0,2,2,0,0,,,0,0,,,0,0,,,0,0,0,0,0,0,0,2,2,0,0,,,0,0,,,0,0,,,0,0,,,,False,False,False,False,False,NORMAL_OR_RESPONDING,ACTION_NONE,high,NOT_NO_LOW_CHANGE_CANDIDATE,,,,,,69.0,10.1,"flat_tail=0.5d, fcc_changes=11, tail_cyc=0.0, tail_ok[90/80]=0/0, unresp_complete[90/80]=0/0, large_gap[90/80]=0/0 -> FCC still updating / not a no-low-change candidate",,v2.0-final,v2.0-final,v2.0-final,0.0,,,,,0.0,-1.0,n/a,ThinkPad T1g Gen 8,Sunwoda,5B11M37553,2026-06-03T16:38:27
JN_jnunez5,416,2024-07-12 12:53:14,2024-08-09 14:04:28,28.05,0.5,7.912,27,6,0,0,0,0,1,QUALITY_SHORT_OBS,58030.0,58440.0,58000.0,58460.0,5,4,1,3,2024-08-08 10:01:25,1.2,14.26,2.0,6.0,4.0,52.09,100.0,1,1,0.79,100.76,False,False,1.2,0.0,0.0,88.0,99.0,11.0,0.728,0.5705,0.0,0,0,0,0,0,0,0,0,0,,,0,0,,,0,0,,,0,0,0,0,0,0,0,0,0,0,0,,,0,0,,,0,0,,,0,0,0,0,0,0,0,0,0,0,0,,,0,0,,,0,0,,,0,0,,,,False,False,False,False,False,REVIEW_INSUFFICIENT_DATA,ACTION_COLLECT_MORE_DATA_OR_MANUAL_REVIEW,review,REVIEW_SHORT_OBS_ACTIVE_LIKE,,,REVIEW_SHORT_OBS_ACTIVE_LIKE,low,観測期間<120日でactive様（flat_tail<60）。経過観察で十分なことが多い。,61.5,5.2,"obs_days=28.1, n_samples=416, quality=QUALITY_SHORT_OBS -> insufficient/uncertain data",観測期間・サンプル数・カウンタ整合性のいずれかが不足しており信頼できる判定ができません。review_priorityに従い追加データ収集または手動レビューを行ってください。,v2.0-final,v2.0-final,v2.0-final,0.0,,,,,0.0,-1.0,n/a,ThinkPad T14s Gen 6,Sunwoda,LNV-5B11H56404,2026-06-03T16:38:27
JOSEPH_jmayersalman,1553,2026-01-14 14:45:18,2026-04-17 12:56:43,92.92,0.5,7.042,82,10,0,0,0,0,1,QUALITY_SHORT_OBS,75010.0,73090.0,72140.0,77100.0,67,66,6,60,2026-04-16 16:56:38,0.8,71.029,1.0,61.0,60.0,235.85,110.0,15,15,6.61,97.45,False,False,0.8,0.0,0.0,33.0,100.0,67.0,0.4761,0.2941,0.0,0,0,0,0,0,7,7,0,0,,,0,0,,,0,0,,,0,0,0,0,0,0,3,11,14,0,0,,1.0,0,0,,1.0,0,0,,1.0,0,0,0,0,0,0,0,9,9,0,0,,,0,0,,,0,0,,,0,0,,,,False,False,False,False,False,REVIEW_INSUFFICIENT_DATA,ACTION_COLLECT_MORE_DATA_OR_MANUAL_REVIEW,review,REVIEW_SHORT_OBS_ACTIVE_LIKE,,,REVIEW_SHORT_OBS_ACTIVE_LIKE,low,観測期間<120日でactive様（flat_tail<60）。経過観察で十分なことが多い。,54.7,5.1,"obs_days=92.9, n_samples=1553, quality=QUALITY_SHORT_OBS -> insufficient/uncertain data",観測期間・サンプル数・カウンタ整合性のいずれかが不足しており信頼できる判定ができません。review_priorityに従い追加データ収集または手動レビューを行ってください。,v2.0-final,v2.0-final,v2.0-final,0.0,,,,,0.0,-1.0,n/a,ThinkPad P14s Gen 7 AMD,Celxpert,5B11M90174,2026-06-03T16:38:27
JOSHUA_jbowen2,2840,2025-06-24 14:10:02,2026-01-08 10:49:12,197.86,0.5,0.619,129,32,0,0,0,0,1,QUALITY_OK,55320.0,33870.0,33870.0,56360.0,83,89,8,81,2026-01-06 09:54:40,2.0,44.981,2.0,63.0,61.0,112.61,145.902,30,30,41.08,61.86,False,False,2.0,0.0,0.0,86.0,100.0,14.0,0.9847,0.4268,0.0,0,0,0,0,0,7,7,0,0,,,0,0,,,0,0,,,0,0,0,0,0,0,1,33,34,0,0,,1.0,0,0,,1.0,0,0,,1.0,0,0,0,0,0,0,0,8,8,0,0,,,0,0,,,0,0,,,0,0,,,,False,False,False,False,False,NORMAL_OR_RESPONDING,ACTION_NONE,high,NOT_NO_LOW_CHANGE_CANDIDATE,,,,,,70.0,10.3,"flat_tail=2.0d, fcc_changes=89, tail_cyc=0.0, tail_ok[90/80]=0/0, unresp_complete[90/80]=0/0, large_gap[90/80]=0/0 -> FCC still updating / not a no-low-change candidate",,v2.0-final,v2.0-final,v2.0-final,0.0,,,,,0.0,-1.0,n/a,ThinkPad L13 Gen 6,SMP,5B11M90129,2026-06-03T16:38:27
JP2-E3-05_e3,998,2023-03-15 18:48:39,2025-02-21 13:55:08,708.8,0.5,49.485,87,58,0,0,0,0,1,QUALITY_SPARSE,56990.0,56990.0,56990.0,56990.0,1,0,0,0,2023-03-15 18:48:39,708.8,0.0,11.0,24.0,13.0,6.7,0.0,0,0,0.0,99.98,True,False,708.8,13.0,6.7,5.0,100.0,95.0,0.6068,0.5522,0.0111,0,6,6,6,0,6,6,0,0,,,0,0,,,0,0,,,0,0,0,7,7,7,0,7,7,0,0,,,0,0,,,0,0,,,0,0,0,6,6,6,0,6,6,0,0,,,0,0,,,0,0,,,0,0,,,,True,True,False,True,True,WATCH_LOW_UPDATE_RATE_AMBIGUOUS,ACTION_MONITOR_OR_MANUAL_REVIEW,low,WATCH_POSSIBLE_OPPORTUNITY_WITH_LARGE_GAPS,,WATCH_POSSIBLE_OPPORTUNITY_WITH_LARGE_GAPS,,,,58.8,37.6,"flat_tail=708.8d, fcc_changes=0, tail_cyc=13.0, tail_ok[90/80]=0/0, unresp_complete[90/80]=0/0, large_gap[90/80]=6/7 -> ambiguous (watch)",FCC更新率は低いが完全凍結ではない/学習機会がlarge-gapまたは打ち切りで確証が弱い/境界的のため、FW確認に回す前にモニタリングまたは手動レビューを推奨します。,v2.0-final,v2.0-final,v2.0-final,0.0,,,,,0.0,1.0,MIXED,ThinkPad,Sunwoda,5B10W13975,2026-06-03T16:38:27
JPIPER-PF689FNM_jpiper,377,2026-04-22 11:17:35,2026-05-28 14:06:46,36.12,0.5,15.562,28,6,0,0,0,0,1,QUALITY_SHORT_OBS,58030.0,57990.0,57990.0,58030.0,5,4,0,4,2026-05-28 12:57:54,0.0,11.074,4.0,13.0,9.0,91.01,44.444,0,0,0.07,99.98,False,False,0.0,0.0,0.0,79.0,95.0,16.0,0.0,0.0,0.0,0,0,0,0,0,0,0,0,0,,,0,0,,,0,0,,,0,0,0,0,0,0,0,0,0,0,0,,,0,0,,,0,0,,,0,0,0,0,0,0,0,0,0,0,0,,,0,0,,,0,0,,,0,0,,,,False,False,False,False,False,REVIEW_INSUFFICIENT_DATA,ACTION_COLLECT_MORE_DATA_OR_MANUAL_REVIEW,review,REVIEW_SHORT_OBS_ACTIVE_LIKE,,,REVIEW_SHORT_OBS_ACTIVE_LIKE,low,観測期間<120日でactive様（flat_tail<60）。経過観察で十分なことが多い。,59.7,5.0,"obs_days=36.1, n_samples=377, quality=QUALITY_SHORT_OBS -> insufficient/uncertain data",観測期間・サンプル数・カウンタ整合性のいずれかが不足しており信頼できる判定ができません。review_priorityに従い追加データ収集または手動レビューを行ってください。,v2.0-final,v2.0-final,v2.0-final,0.0,,,,,0.0,-1.0,n/a,ThinkPad X1 Carbon Gen 14,Sunwoda,5B11M90160,2026-06-03T16:38:27
JPROULX-F5GQ0BB_jproulx,5959,2025-05-13 14:50:25,2026-05-27 07:41:49,378.7,0.5,2.709,227,51,0,0,0,0,1,QUALITY_OK,86000.0,75520.0,75520.0,86510.0,146,161,29,132,2026-05-26 09:25:25,0.9,42.514,2.0,115.0,113.0,108.99,142.478,51,51,12.78,87.81,False,False,0.9,0.0,0.0,50.0,100.0,50.0,0.281,0.2029,0.0,0,0,0,0,0,5,5,0,0,,,0,0,,,0,0,,,0,0,0,0,0,0,6,27,33,0,0,,1.0,0,0,,1.0,0,0,,1.0,0,0,0,0,0,0,1,12,13,0,0,,1.0,0,0,,1.0,0,0,,1.0,0,0,,,,False,False,False,False,False,NORMAL_OR_RESPONDING,ACTION_NONE,high,NOT_NO_LOW_CHANGE_CANDIDATE,,,,,,55.8,10.2,"flat_tail=0.9d, fcc_changes=161, tail_cyc=0.0, tail_ok[90/80]=0/0, unresp_complete[90/80]=0/0, large_gap[90/80]=0/0 -> FCC still updating / not a no-low-change candidate",,v2.0-final,v2.0-final,v2.0-final,0.0,,,,,0.0,-1.0,n/a,ThinkPad T16 Gen 4,Celxpert,5B11H56411,2026-06-03T16:38:27
JQUINTERO-A2BYW_jquintero,8555,2024-03-20 08:11:18,2025-10-08 11:27:10,567.14,0.5,6.972,482,93,0,0,0,0,1,QUALITY_OK,58380.0,55090.0,52650.0,58380.0,111,113,8,105,2025-09-29 15:40:22,8.8,19.925,2.0,102.0,100.0,64.4,113.0,17,17,10.03,96.36,False,False,8.8,0.0,0.0,79.0,100.0,21.0,0.7893,0.7793,0.0,0,0,0,0,1,16,17,0,0,,1.0,0,0,,1.0,0,0,,1.0,0,0,0,0,0,0,3,22,25,0,0,,1.0,0,0,,1.0,0,0,,1.0,0,0,0,0,0,0,1,18,19,0,0,,1.0,0,0,,1.0,0,0,,1.0,0,0,,,,False,False,False,False,False,NORMAL_OR_RESPONDING,ACTION_NONE,high,NOT_NO_LOW_CHANGE_CANDIDATE,,,,,,67.3,11.5,"flat_tail=8.8d, fcc_changes=113, tail_cyc=0.0, tail_ok[90/80]=0/0, unresp_complete[90/80]=0/0, large_gap[90/80]=0/0 -> FCC still updating / not a no-low-change candidate",,v2.0-final,v2.0-final,v2.0-final,0.0,,,,,0.0,-1.0,n/a,ThinkPad L16 Gen 1,SMP,5B11H56396,2026-06-03T16:38:27
JUAN_jnunez5,1225,2025-05-13 12:46:49,2026-01-05 10:19:23,236.9,0.5,23.032,162,57,0,1,0,0,1,QUALITY_COUNTER_RESET,58030.0,53730.0,53210.0,59090.0,47,55,10,45,2026-01-02 09:14:40,3.0,23.217,1.0,41.0,40.0,61.67,137.5,16,15,10.13,92.61,False,False,3.0,0.0,0.0,87.0,100.0,13.0,0.0,1.0,0.0,0,0,0,0,0,10,10,0,0,,,0,0,,,0,0,,,0,0,0,0,0,0,0,19,19,0,0,,,0,0,,,0,0,,,0,0,0,0,0,0,0,12,12,0,0,,,0,0,,,0,0,,,0,0,,,,False,False,False,False,False,REVIEW_INSUFFICIENT_DATA,ACTION_COLLECT_MORE_DATA_OR_MANUAL_REVIEW,review,REVIEW_COUNTER_RESET,,,REVIEW_COUNTER_RESET,high,cycleCountが減少（カウンタリセット/パック異常疑い）。生ログ確認が必要。,56.2,0.5,"obs_days=236.9, n_samples=1225, quality=QUALITY_COUNTER_RESET -> insufficient/uncertain data",観測期間・サンプル数・カウンタ整合性のいずれかが不足しており信頼できる判定ができません。review_priorityに従い追加データ収集または手動レビューを行ってください。,v2.0-final,v2.0-final,v2.0-final,0.0,,,,,0.0,-1.0,n/a,ThinkPad T14s 2-in-1 Gen 1,SMP,5B11M90107,2026-06-03T16:38:27
JURAKAWA-3319AM_jurakawa,8473,2023-02-16 14:50:55,2026-03-19 19:23:28,1127.19,0.5,10.841,568,155,0,0,0,0,1,QUALITY_OK,50670.0,47280.0,47280.0,50670.0,10,9,2,7,2024-05-13 11:12:38,675.3,0.798,49.0,215.0,166.0,53.79,5.422,9,9,5.95,82.87,False,False,675.3,56.0,30.29,0.0,100.0,100.0,0.5694,0.4625,0.0333,0,15,15,15,1,26,27,0,0,,1.0,0,0,,1.0,0,0,,1.0,0,0,0,16,16,16,3,40,43,0,0,,0.3333,0,0,,0.3333,0,0,,0.3333,0,0,0,15,15,15,2,33,35,0,0,,0.5,0,0,,0.5,0,0,,0.5,0,0,,,,False,True,False,True,True,WATCH_LOW_UPDATE_RATE_AMBIGUOUS,ACTION_MONITOR_OR_MANUAL_REVIEW,low,WATCH_POSSIBLE_OPPORTUNITY_WITH_LARGE_GAPS,,WATCH_POSSIBLE_OPPORTUNITY_WITH_LARGE_GAPS,,,,52.9,50.0,"flat_tail=675.3d, fcc_changes=9, tail_cyc=56.0, tail_ok[90/80]=0/0, unresp_complete[90/80]=0/0, large_gap[90/80]=15/16 -> ambiguous (watch)",FCC更新率は低いが完全凍結ではない/学習機会がlarge-gapまたは打ち切りで確証が弱い/境界的のため、FW確認に回す前にモニタリングまたは手動レビューを推奨します。,v2.0-final,v2.0-final,v2.0-final,0.0,,,,,0.0,1.0,MIXED,ThinkPad X1 Carbon Gen 9,SMP,5B10W13973,2026-06-03T16:38:27
JXU9-PF3SLCZ3_jxu9,4481,2023-09-07 10:09:40,2026-04-16 13:02:12,952.12,0.5,1.495,113,64,0,0,0,0,1,QUALITY_OK,90000.0,80110.0,79010.0,90000.0,39,40,7,33,2026-04-13 02:05:22,3.5,4.201,1.0,37.0,36.0,13.81,111.111,33,14,12.21,89.01,False,False,3.5,0.0,0.0,99.0,100.0,1.0,1.0,1.0,0.0,0,0,0,0,0,4,4,0,0,,,0,0,,,0,0,,,0,0,0,0,0,0,1,6,7,0,0,,1.0,0,0,,1.0,0,0,,1.0,0,0,0,0,0,0,1,4,5,0,0,,1.0,0,0,,1.0,0,0,,1.0,0,0,,,,False,False,False,False,False,NORMAL_OR_RESPONDING,ACTION_NONE,high,NOT_NO_LOW_CHANGE_CANDIDATE,,,,,,70.6,10.6,"flat_tail=3.5d, fcc_changes=40, tail_cyc=0.0, tail_ok[90/80]=0/0, unresp_complete[90/80]=0/0, large_gap[90/80]=0/0 -> FCC still updating / not a no-low-change candidate",,v2.0-final,v2.0-final,v2.0-final,0.0,,,,,0.0,-1.0,n/a,ThinkPad P16v Gen 1,Celxpert,5B11H56374,2026-06-03T16:38:27
JYANGO-PF462GGQ_jyango,3998,2023-02-07 13:40:27,2023-10-24 16:00:55,259.1,0.5,7.196,209,36,0,0,0,0,1,QUALITY_OK,58360.0,55950.0,55950.0,58360.0,5,4,0,4,2023-04-03 03:25:05,204.5,1.544,37.0,131.0,94.0,132.51,4.255,4,4,4.23,98.07,False,False,204.5,64.0,114.29,3.0,100.0,97.0,0.812,0.3836,0.0037,0,0,0,0,0,3,3,0,0,,,0,0,,,0,0,,,0,0,0,5,5,5,0,9,9,0,0,,,0,0,,,0,0,,,0,0,0,0,0,0,0,3,3,0,0,,,0,0,,,0,0,,,0,0,,,,False,True,False,False,True,WATCH_LOW_UPDATE_RATE_AMBIGUOUS,ACTION_MONITOR_OR_MANUAL_REVIEW,low,WATCH_POSSIBLE_OPPORTUNITY_WITH_LARGE_GAPS,,WATCH_POSSIBLE_OPPORTUNITY_WITH_LARGE_GAPS,,,,60.4,50.0,"flat_tail=204.5d, fcc_changes=4, tail_cyc=64.0, tail_ok[90/80]=0/0, unresp_complete[90/80]=0/0, large_gap[90/80]=0/5 -> ambiguous (watch)",FCC更新率は低いが完全凍結ではない/学習機会がlarge-gapまたは打ち切りで確証が弱い/境界的のため、FW確認に回す前にモニタリングまたは手動レビューを推奨します。,v2.0-final,v2.0-final,v2.0-final,0.0,,,,,0.0,1.0,MIXED,ThinkPad X1 Yoga Gen 7,,,2026-06-03T16:38:27
KANGYINGB-LFXB1_kangyingb,1930,2025-05-08 10:15:18,2025-10-09 13:49:38,154.15,0.5,6.211,111,20,0,0,0,0,1,QUALITY_OK,55130.0,53000.0,52490.0,55810.0,66,92,16,76,2025-10-09 11:07:17,0.1,59.682,0.0,77.0,77.0,182.45,119.481,28,28,6.03,96.19,False,False,0.1,0.0,0.0,77.0,100.0,23.0,0.2544,0.0446,0.0,0,0,0,0,2,9,11,0,0,,0.5,0,0,,0.5,0,0,,0.5,0,0,0,0,0,0,2,11,13,0,0,,0.5,0,0,,0.5,0,0,,0.5,0,0,0,0,0,0,2,9,11,0,0,,0.5,0,0,,0.5,0,0,,0.5,0,0,,,,False,False,False,False,False,NORMAL_OR_RESPONDING,ACTION_NONE,high,NOT_NO_LOW_CHANGE_CANDIDATE,,,,,,62.4,10.0,"flat_tail=0.1d, fcc_changes=92, tail_cyc=0.0, tail_ok[90/80]=0/0, unresp_complete[90/80]=0/0, large_gap[90/80]=0/0 -> FCC still updating / not a no-low-change candidate",,v2.0-final,v2.0-final,v2.0-final,0.0,,,,,0.0,-1.0,n/a,ThinkPad X9-14 Gen 1,BYD,LNV-5B11M90101@,2026-06-03T16:38:27
KARAI6-PF4PTTHT_karai6,3105,2024-01-15 23:04:07,2024-09-06 11:33:54,234.52,0.5,5.773,150,35,0,0,0,0,1,QUALITY_OK,54190.0,51540.0,51540.0,54190.0,85,84,0,84,2024-09-04 15:01:32,1.9,35.818,3.0,59.0,56.0,87.22,150.0,3,3,4.65,90.37,False,False,1.9,0.0,0.0,74.0,100.0,26.0,0.5698,0.4713,0.0,0,0,0,0,0,4,4,0,0,,,0,0,,,0,0,,,0,0,0,0,0,0,0,4,4,0,0,,,0,0,,,0,0,,,0,0,0,0,0,0,0,4,4,0,0,,,0,0,,,0,0,,,0,0,,,,False,False,False,False,False,NORMAL_OR_RESPONDING,ACTION_NONE,high,NOT_NO_LOW_CHANGE_CANDIDATE,,,,,,61.7,10.3,"flat_tail=1.9d, fcc_changes=84, tail_cyc=0.0, tail_ok[90/80]=0/0, unresp_complete[90/80]=0/0, large_gap[90/80]=0/0 -> FCC still updating / not a no-low-change candidate",,v2.0-final,v2.0-final,v2.0-final,0.0,,,,,0.0,-1.0,n/a,ThinkPad X1 Carbon Gen 12,SMP,5B11H56383,2026-06-03T16:38:27
KATIE_kjackson,1851,2025-03-20 11:37:35,2025-07-17 14:55:37,119.14,0.5,2.263,71,17,0,0,0,0,1,QUALITY_SHORT_OBS,56380.0,56250.0,56250.0,56380.0,9,8,0,8,2025-07-17 09:04:24,0.2,6.715,1.0,9.0,8.0,24.53,100.0,0,0,0.24,102.74,False,False,0.2,0.0,0.0,46.0,100.0,54.0,0.2984,0.2774,0.0,0,0,0,0,0,0,0,0,0,,,0,0,,,0,0,,,0,0,0,0,0,0,0,0,0,0,0,,,0,0,,,0,0,,,0,0,0,0,0,0,0,0,0,0,0,,,0,0,,,0,0,,,0,0,,,,False,False,False,False,False,REVIEW_INSUFFICIENT_DATA,ACTION_COLLECT_MORE_DATA_OR_MANUAL_REVIEW,review,REVIEW_SHORT_OBS_ACTIVE_LIKE,,,REVIEW_SHORT_OBS_ACTIVE_LIKE,low,観測期間<120日でactive様（flat_tail<60）。経過観察で十分なことが多い。,51.0,5.0,"obs_days=119.1, n_samples=1851, quality=QUALITY_SHORT_OBS -> insufficient/uncertain data",観測期間・サンプル数・カウンタ整合性のいずれかが不足しており信頼できる判定ができません。review_priorityに従い追加データ収集または手動レビューを行ってください。,v2.0-final,v2.0-final,v2.0-final,0.0,,,,,0.0,-1.0,n/a,ThinkPad L13 2-in-1 Gen 6,SMP,5B11M90129,2026-06-03T16:38:27
KAYLEY_Kayle,2229,2025-03-28 11:48:20,2026-05-26 20:52:00,424.38,0.5,20.937,497,73,0,0,0,0,1,QUALITY_OK,59670.0,58480.0,58480.0,62730.0,54,55,2,53,2026-05-26 09:40:29,0.5,12.96,1.0,17.0,16.0,13.77,343.75,5,3,7.45,102.54,False,False,0.5,0.0,0.0,99.0,100.0,1.0,1.0,1.0,0.0,0,0,0,0,1,1,2,0,0,,1.0,0,0,,1.0,0,0,,1.0,0,0,0,0,0,0,1,2,3,0,0,,1.0,0,0,,1.0,0,0,,1.0,0,0,0,0,0,0,1,1,2,0,0,,1.0,0,0,,1.0,0,0,,1.0,0,0,,,,False,False,False,False,False,NORMAL_OR_RESPONDING,ACTION_NONE,high,NOT_NO_LOW_CHANGE_CANDIDATE,,,,,,70.1,10.1,"flat_tail=0.5d, fcc_changes=55, tail_cyc=0.0, tail_ok[90/80]=0/0, unresp_complete[90/80]=0/0, large_gap[90/80]=0/0 -> FCC still updating / not a no-low-change candidate",,v2.0-final,v2.0-final,v2.0-final,0.0,,,,,0.0,-1.0,n/a,ThinkPad X1 2-in-1 Gen 10,SMP,5B11M90097,2026-06-03T16:38:27
KAZUK_PR2,7491,2023-02-17 04:28:14,2025-06-06 11:17:45,840.28,0.5,2.173,142,47,0,1,0,0,1,QUALITY_COUNTER_RESET,57130.0,48750.0,48340.0,57660.0,277,405,198,207,2025-06-06 10:47:46,0.0,48.198,2.0,115.0,113.0,49.12,358.407,286,218,16.35,85.53,False,False,0.0,0.0,0.0,51.0,71.0,20.0,1.0,0.0,0.0,0,0,0,0,13,31,44,0,0,,1.0,0,0,,1.0,0,0,,1.0,0,0,0,0,0,0,21,37,58,0,0,,1.0,0,0,,1.0,0,0,,1.0,0,0,0,0,0,0,16,33,49,0,0,,1.0,0,0,,1.0,0,0,,1.0,0,0,,,,False,False,False,False,False,REVIEW_INSUFFICIENT_DATA,ACTION_COLLECT_MORE_DATA_OR_MANUAL_REVIEW,review,REVIEW_COUNTER_RESET,,,REVIEW_COUNTER_RESET,high,cycleCountが減少（カウンタリセット/パック異常疑い）。生ログ確認が必要。,60.0,0.0,"obs_days=840.3, n_samples=7491, quality=QUALITY_COUNTER_RESET -> insufficient/uncertain data",観測期間・サンプル数・カウンタ整合性のいずれかが不足しており信頼できる判定ができません。review_priorityに従い追加データ収集または手動レビューを行ってください。,v2.0-final,v2.0-final,v2.0-final,0.0,,,,,0.0,-1.0,n/a,ThinkPad X1 Carbon Gen 10,Celxpert,5B10W13974,2026-06-03T16:38:27
KCHAUHAN1-Y538L_kchauhan1,638,2024-06-17 11:41:42,2024-08-22 11:34:23,65.99,0.5,12.656,53,10,0,0,0,0,1,QUALITY_SHORT_OBS,75000.0,72350.0,72350.0,76780.0,25,30,5,25,2024-08-17 17:46:19,4.7,45.461,3.0,32.0,29.0,160.51,103.448,24,8,5.9,96.47,False,False,4.7,0.0,0.0,24.0,100.0,76.0,0.1353,0.1082,0.0,0,0,0,0,1,9,10,0,0,,0.0,0,0,,0.0,0,0,,0.0,0,0,0,0,0,0,5,17,22,0,0,,0.6,0,0,,0.6,0,0,,0.6,0,0,0,0,0,0,2,11,13,0,0,,0.5,0,0,,0.5,0,0,,0.5,0,0,,,,False,False,False,False,False,REVIEW_INSUFFICIENT_DATA,ACTION_COLLECT_MORE_DATA_OR_MANUAL_REVIEW,review,REVIEW_SHORT_OBS_ACTIVE_LIKE,,,REVIEW_SHORT_OBS_ACTIVE_LIKE,low,観測期間<120日でactive様（flat_tail<60）。経過観察で十分なことが多い。,48.5,5.8,"obs_days=66.0, n_samples=638, quality=QUALITY_SHORT_OBS -> insufficient/uncertain data",観測期間・サンプル数・カウンタ整合性のいずれかが不足しており信頼できる判定ができません。review_priorityに従い追加データ収集または手動レビューを行ってください。,v2.0-final,v2.0-final,v2.0-final,0.0,,,,,0.0,-1.0,n/a,ThinkPad P16s Gen 3,SMP,5B11H56401,2026-06-03T16:38:27
KCHEON-PF5A9YHM_kcheon,5715,2025-02-25 10:48:40,2026-05-25 15:49:45,454.21,0.5,6.165,295,52,0,0,0,0,1,QUALITY_OK,58030.0,54330.0,51730.0,58030.0,101,100,1,99,2026-04-06 09:52:53,49.2,22.016,1.0,99.0,98.0,78.81,102.041,6,6,10.86,93.67,False,False,49.2,0.0,0.0,52.0,100.0,48.0,1.0,1.0,0.0,0,0,0,0,0,1,1,0,0,,,0,0,,,0,0,,,0,0,0,0,0,0,0,7,7,0,0,,,0,0,,,0,0,,,0,0,0,0,0,0,0,5,5,0,0,,,0,0,,,0,0,,,0,0,,,,False,False,False,False,False,NORMAL_OR_RESPONDING,ACTION_NONE,high,NOT_NO_LOW_CHANGE_CANDIDATE,,,,,,78.2,18.2,"flat_tail=49.2d, fcc_changes=100, tail_cyc=0.0, tail_ok[90/80]=0/0, unresp_complete[90/80]=0/0, large_gap[90/80]=0/0 -> FCC still updating / not a no-low-change candidate",,v2.0-final,v2.0-final,v2.0-final,0.0,,,,,0.0,-1.0,n/a,ThinkPad T14s Gen 6,Sunwoda,5B11M90105,2026-06-03T16:38:27
KDARDEN-F4CFJD9_kdarden,8242,2023-06-06 15:44:35,2024-08-01 10:35:57,421.79,0.5,5.002,233,48,0,0,0,0,1,QUALITY_OK,52490.0,43780.0,43780.0,52490.0,3,2,0,2,2024-06-25 07:04:23,37.1,0.474,5.0,302.0,297.0,257.19,0.673,2,2,16.59,83.39,False,False,37.1,24.0,235.98,1.0,100.0,99.0,0.6317,0.435,0.0125,0,2,2,2,2,16,18,0,0,,0.0,0,0,,0.0,0,0,,0.0,0,0,0,2,2,2,4,22,26,0,0,,0.0,0,0,,0.0,0,0,,0.0,0,0,0,2,2,2,3,16,19,0,0,,0.0,0,0,,0.0,0,0,,0.0,0,0,,,,False,False,True,True,True,WATCH_LOW_UPDATE_RATE_AMBIGUOUS,ACTION_MONITOR_OR_MANUAL_REVIEW,low,WATCH_POSSIBLE_OPPORTUNITY_WITH_LARGE_GAPS,,WATCH_POSSIBLE_OPPORTUNITY_WITH_LARGE_GAPS,,,,40.2,21.0,"flat_tail=37.1d, fcc_changes=2, tail_cyc=24.0, tail_ok[90/80]=0/0, unresp_complete[90/80]=0/0, large_gap[90/80]=2/2 -> ambiguous (watch)",FCC更新率は低いが完全凍結ではない/学習機会がlarge-gapまたは打ち切りで確証が弱い/境界的のため、FW確認に回す前にモニタリングまたは手動レビューを推奨します。,v2.0-final,v2.0-final,v2.0-final,0.0,,,,,0.0,1.0,MIXED,ThinkPad T14 Gen 4,Celxpert,5B10W51866,2026-06-03T16:38:27
KGU-PF5DEB5C_kgu,1619,2025-10-26 13:20:38,2026-01-30 11:52:24,95.94,0.5,5.689,75,12,0,1,0,0,1,QUALITY_COUNTER_RESET,75000.0,74210.0,74210.0,75000.0,18,19,1,18,2026-01-27 18:42:22,2.7,19.804,0.0,26.0,26.0,98.98,73.077,13,0,1.05,98.95,False,False,2.7,0.0,0.0,91.0,100.0,9.0,0.8636,0.2639,0.0,0,0,0,0,0,0,0,0,0,,,0,0,,,0,0,,,0,0,0,0,0,0,0,3,3,0,0,,,0,0,,,0,0,,,0,0,0,0,0,0,0,0,0,0,0,,,0,0,,,0,0,,,0,0,,,,False,False,False,False,False,REVIEW_INSUFFICIENT_DATA,ACTION_COLLECT_MORE_DATA_OR_MANUAL_REVIEW,review,REVIEW_COUNTER_RESET,,,REVIEW_COUNTER_RESET,high,cycleCountが減少（カウンタリセット/パック異常疑い）。生ログ確認が必要。,57.7,0.5,"obs_days=95.9, n_samples=1619, quality=QUALITY_COUNTER_RESET -> insufficient/uncertain data",観測期間・サンプル数・カウンタ整合性のいずれかが不足しており信頼できる判定ができません。review_priorityに従い追加データ収集または手動レビューを行ってください。,v2.0-final,v2.0-final,v2.0-final,0.0,,,,,0.0,-1.0,n/a,ThinkPad P16s Gen 3,SMP,5B11H56401,2026-06-03T16:38:27
KGUO1-PF4R03CL_kguo1,682,2024-04-09 14:33:15,2024-05-24 10:25:04,44.83,0.143,1.111,26,8,0,0,0,0,1,QUALITY_SHORT_OBS,58020.0,57970.0,57970.0,58020.0,5,4,0,4,2024-05-14 10:23:53,10.0,8.923,2.0,6.0,4.0,32.59,100.0,0,0,0.08,99.95,False,False,10.0,0.0,0.0,35.0,68.0,33.0,0.4309,0.0,0.0,0,0,0,0,0,0,0,0,0,,,0,0,,,0,0,,,0,0,0,0,0,0,0,0,0,0,0,,,0,0,,,0,0,,,0,0,0,0,0,0,0,0,0,0,0,,,0,0,,,0,0,,,0,0,,,,False,False,False,False,False,REVIEW_INSUFFICIENT_DATA,ACTION_COLLECT_MORE_DATA_OR_MANUAL_REVIEW,review,REVIEW_SHORT_OBS_ACTIVE_LIKE,,,REVIEW_SHORT_OBS_ACTIVE_LIKE,low,観測期間<120日でactive様（flat_tail<60）。経過観察で十分なことが多い。,55.7,6.7,"obs_days=44.8, n_samples=682, quality=QUALITY_SHORT_OBS -> insufficient/uncertain data",観測期間・サンプル数・カウンタ整合性のいずれかが不足しており信頼できる判定ができません。review_priorityに従い追加データ収集または手動レビューを行ってください。,v2.0-final,v2.0-final,v2.0-final,0.0,,,,,0.0,-1.0,n/a,ThinkPad T14s Gen 5,Sunwoda,5B11H56405,2026-06-03T16:38:27
KGUO1-PF4Z3832_kguo1,297,2024-05-08 13:44:11,2024-05-29 14:31:29,21.03,0.422,5.174,14,3,0,0,0,0,1,QUALITY_SHORT_OBS,52510.0,52460.0,52460.0,52510.0,4,3,0,3,2024-05-21 13:34:56,8.0,14.265,1.0,4.0,3.0,52.1,100.0,0,0,0.1,99.92,False,False,8.0,0.0,0.0,67.0,100.0,33.0,0.8848,0.4062,0.0,0,0,0,0,0,0,0,0,0,,,0,0,,,0,0,,,0,0,0,0,0,0,0,1,1,0,0,,,0,0,,,0,0,,,0,0,0,0,0,0,0,1,1,0,0,,,0,0,,,0,0,,,0,0,,,,False,False,False,False,False,REVIEW_INSUFFICIENT_DATA,ACTION_COLLECT_MORE_DATA_OR_MANUAL_REVIEW,review,REVIEW_SHORT_OBS_ACTIVE_LIKE,,,REVIEW_SHORT_OBS_ACTIVE_LIKE,low,観測期間<120日でactive様（flat_tail<60）。経過観察で十分なことが多い。,64.0,6.3,"obs_days=21.0, n_samples=297, quality=QUALITY_SHORT_OBS -> insufficient/uncertain data",観測期間・サンプル数・カウンタ整合性のいずれかが不足しており信頼できる判定ができません。review_priorityに従い追加データ収集または手動レビューを行ってください。,v2.0-final,v2.0-final,v2.0-final,0.0,,,,,0.0,-1.0,n/a,ThinkPad T14 Gen 5,Celxpert,5B11H56416,2026-06-03T16:38:27
KGUO1-PF55Q5S3_kguo1,1314,2025-04-21 10:37:55,2025-06-09 10:31:06,49.0,0.5,0.5,10,7,0,0,0,0,1,QUALITY_SHORT_OBS,89410.0,89270.0,89270.0,89410.0,9,8,0,8,2025-06-02 13:28:13,6.9,16.327,1.0,2.0,1.0,7.45,800.0,0,0,0.16,102.16,False,False,6.9,0.0,0.0,89.0,100.0,11.0,0.9942,0.2822,0.0,0,0,0,0,0,0,0,0,0,,,0,0,,,0,0,,,0,0,0,0,0,0,0,0,0,0,0,,,0,0,,,0,0,,,0,0,0,0,0,0,0,0,0,0,0,,,0,0,,,0,0,,,0,0,,,,False,False,False,False,False,REVIEW_INSUFFICIENT_DATA,ACTION_COLLECT_MORE_DATA_OR_MANUAL_REVIEW,review,REVIEW_SHORT_OBS_ACTIVE_LIKE,,,REVIEW_SHORT_OBS_ACTIVE_LIKE,low,観測期間<120日でactive様（flat_tail<60）。経過観察で十分なことが多い。,66.0,6.2,"obs_days=49.0, n_samples=1314, quality=QUALITY_SHORT_OBS -> insufficient/uncertain data",観測期間・サンプル数・カウンタ整合性のいずれかが不足しており信頼できる判定ができません。review_priorityに従い追加データ収集または手動レビューを行ってください。,v2.0-final,v2.0-final,v2.0-final,0.0,,,,,0.0,-1.0,n/a,ThinkPad T16 Gen 4,SMP,5B11H56412,2026-06-03T16:38:27
KGUO1-PF5GR16K_kguo1,2380,2025-06-10 12:48:45,2026-01-13 12:23:24,216.98,0.5,2.139,98,32,0,0,0,0,1,QUALITY_OK,58030.0,57830.0,57830.0,58030.0,18,17,0,17,2026-01-12 15:23:25,0.9,7.835,1.0,18.0,17.0,28.62,100.0,0,0,0.34,99.71,False,False,0.9,0.0,0.0,75.0,79.0,4.0,1.0,0.0,0.0,0,0,0,0,0,0,0,0,0,,,0,0,,,0,0,,,0,0,0,0,0,0,0,0,0,0,0,,,0,0,,,0,0,,,0,0,0,0,0,0,0,0,0,0,0,,,0,0,,,0,0,,,0,0,,,,False,False,False,False,False,NORMAL_OR_RESPONDING,ACTION_NONE,high,NOT_NO_LOW_CHANGE_CANDIDATE,,,,,,70.2,10.2,"flat_tail=0.9d, fcc_changes=17, tail_cyc=0.0, tail_ok[90/80]=0/0, unresp_complete[90/80]=0/0, large_gap[90/80]=0/0 -> FCC still updating / not a no-low-change candidate",,v2.0-final,v2.0-final,v2.0-final,0.0,,,,,0.0,-1.0,n/a,ThinkPad T14s Gen 6,Sunwoda,5B11M90105,2026-06-03T16:38:27
KGUO1-PF62LBME_kguo1,3242,2026-01-14 13:13:27,2026-05-18 15:02:52,124.08,0.5,0.5,28,18,0,0,0,0,1,QUALITY_OK,75010.0,74930.0,74930.0,75010.0,8,7,0,7,2026-05-04 15:22:56,14.0,5.642,0.0,7.0,7.0,20.61,100.0,0,0,0.1,99.91,False,False,14.0,0.0,0.0,66.0,75.0,9.0,1.0,0.0,0.0,0,0,0,0,0,0,0,0,0,,,0,0,,,0,0,,,0,0,0,0,0,0,0,0,0,0,0,,,0,0,,,0,0,,,0,0,0,0,0,0,0,0,0,0,0,,,0,0,,,0,0,,,0,0,,,,False,False,False,False,False,NORMAL_OR_RESPONDING,ACTION_NONE,high,NOT_NO_LOW_CHANGE_CANDIDATE,,,,,,72.3,12.3,"flat_tail=14.0d, fcc_changes=7, tail_cyc=0.0, tail_ok[90/80]=0/0, unresp_complete[90/80]=0/0, large_gap[90/80]=0/0 -> FCC still updating / not a no-low-change candidate",,v2.0-final,v2.0-final,v2.0-final,0.0,,,,,0.0,-1.0,n/a,ThinkPad T16 Gen 5,COSMX,5B11M90167,2026-06-03T16:38:27
KGUO1-PW09S0X5_kguo1,639,2024-02-14 10:09:17,2024-04-03 17:34:29,49.31,0.476,10.532,35,8,0,0,0,0,1,QUALITY_SHORT_OBS,57000.0,56930.0,56930.0,57000.0,7,6,0,6,2024-04-03 12:20:53,0.2,12.168,1.0,10.0,9.0,66.66,66.667,0,0,0.12,99.88,False,False,0.2,0.0,0.0,49.0,100.0,51.0,0.4874,0.1113,0.0,0,0,0,0,0,0,0,0,0,,,0,0,,,0,0,,,0,0,0,0,0,0,0,1,1,0,0,,,0,0,,,0,0,,,0,0,0,0,0,0,0,1,1,0,0,,,0,0,,,0,0,,,0,0,,,,False,False,False,False,False,REVIEW_INSUFFICIENT_DATA,ACTION_COLLECT_MORE_DATA_OR_MANUAL_REVIEW,review,REVIEW_SHORT_OBS_ACTIVE_LIKE,,,REVIEW_SHORT_OBS_ACTIVE_LIKE,low,観測期間<120日でactive様（flat_tail<60）。経過観察で十分なことが多い。,54.8,5.0,"obs_days=49.3, n_samples=639, quality=QUALITY_SHORT_OBS -> insufficient/uncertain data",観測期間・サンプル数・カウンタ整合性のいずれかが不足しており信頼できる判定ができません。review_priorityに従い追加データ収集または手動レビューを行ってください。,v2.0-final,v2.0-final,v2.0-final,0.0,,,,,0.0,-1.0,n/a,ThinkPad L14 Gen 5,Sunwoda,5B11H56397,2026-06-03T16:38:27
KHORINOUCHI-42K_khorinouchi,232,2023-10-12 17:25:07,2024-04-25 15:11:07,195.91,0.5,131.499,32,25,0,0,0,0,1,QUALITY_SPARSE,51480.0,51480.0,51480.0,51480.0,1,0,0,0,2023-10-12 17:25:07,195.9,0.0,438.0,448.0,10.0,18.64,0.0,0,0,0.0,101.94,True,False,195.9,10.0,18.64,1.0,100.0,99.0,0.4415,0.2195,0.1912,0,4,4,4,0,4,4,0,0,,,0,0,,,0,0,,,0,0,0,5,5,5,0,5,5,0,0,,,0,0,,,0,0,,,0,0,0,5,5,5,0,5,5,0,0,,,0,0,,,0,0,,,0,0,,,,True,True,False,True,True,WATCH_LOW_UPDATE_RATE_AMBIGUOUS,ACTION_MONITOR_OR_MANUAL_REVIEW,low,WATCH_POSSIBLE_OPPORTUNITY_WITH_LARGE_GAPS,,WATCH_POSSIBLE_OPPORTUNITY_WITH_LARGE_GAPS,,,,58.0,37.0,"flat_tail=195.9d, fcc_changes=0, tail_cyc=10.0, tail_ok[90/80]=0/0, unresp_complete[90/80]=0/0, large_gap[90/80]=4/5 -> ambiguous (watch)",FCC更新率は低いが完全凍結ではない/学習機会がlarge-gapまたは打ち切りで確証が弱い/境界的のため、FW確認に回す前にモニタリングまたは手動レビューを推奨します。,v2.0-final,v2.0-final,v2.0-final,0.0,,,,,0.0,1.0,MIXED,ThinkPad T14 Gen 1,LG,5B10W13905,2026-06-03T16:38:27
KILLEBREW,14881,2023-05-02 14:12:48,2026-04-27 15:03:27,1091.04,0.5,9.256,958,122,0,0,0,0,1,QUALITY_OK,55220.0,46140.0,44770.0,60200.0,31,34,17,17,2026-02-10 09:42:24,76.2,3.116,1.0,241.0,240.0,80.35,14.167,30,30,28.19,84.3,False,False,76.2,25.0,119.8,25.0,100.0,75.0,0.7892,0.5386,0.0,0,0,0,0,2,17,19,0,0,,0.0,0,0,,0.0,0,0,,0.0,0,0,0,0,0,0,7,29,36,0,0,,0.1429,0,0,,0.4286,0,0,,0.5714,0,0,0,0,0,0,3,19,22,0,0,,0.0,0,0,,0.0,0,0,,0.0,0,0,,,,False,False,False,False,False,NORMAL_OR_RESPONDING,ACTION_NONE,high,NOT_NO_LOW_CHANGE_CANDIDATE,,,,,,66.0,27.7,"flat_tail=76.2d, fcc_changes=34, tail_cyc=25.0, tail_ok[90/80]=0/0, unresp_complete[90/80]=0/0, large_gap[90/80]=0/0 -> FCC still updating / not a no-low-change candidate",,v2.0-final,v2.0-final,v2.0-final,0.0,,,,,0.0,-1.0,n/a,ThinkPad X13 Gen 4,SMP,5B11H56366,2026-06-03T16:38:27
KINOUE4XF49VR0W_kinoue4,11138,2023-04-14 16:40:20,2025-04-09 13:40:28,725.88,0.5,4.912,523,109,0,0,0,0,1,QUALITY_OK,58990.0,44340.0,44340.0,58990.0,19,19,2,17,2024-12-20 17:22:16,109.8,2.618,0.0,353.0,353.0,177.62,5.382,15,15,25.68,77.72,False,False,109.8,37.0,123.03,3.0,100.0,97.0,0.5961,0.3692,0.0084,0,0,0,0,3,52,55,0,0,,0.0,0,0,,0.0,0,0,,0.3333,0,0,0,5,5,5,12,117,129,0,0,,0.0,0,0,,0.0,0,0,,0.0833,0,0,0,0,0,0,6,81,87,0,0,,0.0,0,0,,0.0,0,0,,0.1667,0,0,,,,False,False,False,False,False,NORMAL_OR_RESPONDING,ACTION_NONE,high,NOT_NO_LOW_CHANGE_CANDIDATE,,,,,,44.4,35.7,"flat_tail=109.8d, fcc_changes=19, tail_cyc=37.0, tail_ok[90/80]=0/0, unresp_complete[90/80]=0/0, large_gap[90/80]=0/5 -> FCC still updating / not a no-low-change candidate",,v2.0-final,v2.0-final,v2.0-final,0.0,,,,,0.0,-1.0,n/a,ThinkPad X1 Yoga Gen 7,SMP,5B10W13973,2026-06-03T16:38:27
KIRRO-ALLOYSIT7_Kirro,8663,2024-12-11 21:10:39,2026-05-28 13:58:09,532.7,0.5,7.271,548,68,0,0,0,0,1,QUALITY_OK,55390.0,45970.0,43290.0,56780.0,293,343,37,306,2026-05-27 10:53:12,1.1,64.389,21.0,305.0,284.0,194.73,120.775,70,66,24.48,83.43,False,False,1.1,0.0,0.0,41.0,100.0,59.0,0.6227,0.1791,0.0,0,0,0,0,5,33,38,0,0,,1.0,0,0,,1.0,0,0,,1.0,0,0,0,0,0,0,14,47,61,0,0,,1.0,0,0,,1.0,0,0,,1.0,0,0,0,0,0,0,8,39,47,0,0,,1.0,0,0,,1.0,0,0,,1.0,0,0,,,,False,False,False,False,False,NORMAL_OR_RESPONDING,ACTION_NONE,high,NOT_NO_LOW_CHANGE_CANDIDATE,,,,,,62.6,10.2,"flat_tail=1.1d, fcc_changes=343, tail_cyc=0.0, tail_ok[90/80]=0/0, unresp_complete[90/80]=0/0, large_gap[90/80]=0/0 -> FCC still updating / not a no-low-change candidate",,v2.0-final,v2.0-final,v2.0-final,0.0,,,,,0.0,-1.0,n/a,ThinkPad X9-14 Gen 1,Sunwoda,LNV-5B11M90102@,2026-06-03T16:38:27
KIWAO-PF4KXHHL_kiwao,2177,2023-09-14 16:12:50,2024-02-01 19:07:33,140.12,0.5,4.896,95,21,0,0,0,0,1,QUALITY_OK,51510.0,50890.0,50890.0,51510.0,10,9,0,9,2024-01-29 08:40:12,3.4,6.423,2.0,10.0,8.0,20.85,112.5,1,1,1.2,98.8,False,False,3.4,0.0,0.0,71.0,100.0,29.0,0.8489,0.482,0.0,0,0,0,0,0,0,0,0,0,,,0,0,,,0,0,,,0,0,0,0,0,0,0,0,0,0,0,,,0,0,,,0,0,,,0,0,0,0,0,0,0,0,0,0,0,,,0,0,,,0,0,,,0,0,,,,False,False,False,False,False,NORMAL_OR_RESPONDING,ACTION_NONE,high,NOT_NO_LOW_CHANGE_CANDIDATE,,,,,,67.5,10.6,"flat_tail=3.4d, fcc_changes=9, tail_cyc=0.0, tail_ok[90/80]=0/0, unresp_complete[90/80]=0/0, large_gap[90/80]=0/0 -> FCC still updating / not a no-low-change candidate",,v2.0-final,v2.0-final,v2.0-final,0.0,,,,,0.0,-1.0,n/a,ThinkPad Z13 Gen 2,BYD,5B10W51883,2026-06-03T16:38:27
KIWAO_kiwao,313,2026-01-06 09:46:39,2026-03-23 10:30:48,76.03,0.5,20.503,32,12,0,0,0,0,1,QUALITY_SHORT_OBS,58030.0,58000.0,58000.0,58030.0,4,3,0,3,2026-02-24 10:44:07,27.0,3.946,4.0,11.0,7.0,33.63,42.857,0,0,0.05,100.0,False,False,27.0,0.0,0.0,81.0,100.0,19.0,0.5101,0.0297,0.0,0,0,0,0,0,0,0,0,0,,,0,0,,,0,0,,,0,0,0,0,0,0,0,0,0,0,0,,,0,0,,,0,0,,,0,0,0,0,0,0,0,0,0,0,0,,,0,0,,,0,0,,,0,0,,,,False,False,False,False,False,REVIEW_INSUFFICIENT_DATA,ACTION_COLLECT_MORE_DATA_OR_MANUAL_REVIEW,review,REVIEW_SHORT_OBS_ACTIVE_LIKE,,,REVIEW_SHORT_OBS_ACTIVE_LIKE,low,観測期間<120日でactive様（flat_tail<60）。経過観察で十分なことが多い。,63.2,9.5,"obs_days=76.0, n_samples=313, quality=QUALITY_SHORT_OBS -> insufficient/uncertain data",観測期間・サンプル数・カウンタ整合性のいずれかが不足しており信頼できる判定ができません。review_priorityに従い追加データ収集または手動レビューを行ってください。,v2.0-final,v2.0-final,v2.0-final,0.0,,,,,0.0,-1.0,n/a,ThinkPad X1 Carbon Gen 14,ATL,5B11M90161,2026-06-03T16:38:27
KKITTS-PF58LF52_kkitts,2194,2025-04-22 10:04:58,2026-05-27 09:52:09,399.99,0.5,18.658,187,76,0,0,0,0,1,QUALITY_OK,57170.0,57190.0,56460.0,59650.0,47,54,6,48,2026-05-19 09:08:58,8.0,13.5,1.0,47.0,46.0,42.0,117.391,13,13,5.6,100.33,False,False,8.0,0.0,0.0,0.0,100.0,100.0,0.2803,0.2759,0.0915,0,0,0,0,0,3,3,0,0,,,0,0,,,0,0,,,0,0,0,0,0,0,0,7,7,0,0,,,0,0,,,0,0,,,0,0,0,0,0,0,0,4,4,0,0,,,0,0,,,0,0,,,0,0,,,,False,False,False,False,False,NORMAL_OR_RESPONDING,ACTION_NONE,high,NOT_NO_LOW_CHANGE_CANDIDATE,,,,,,56.9,11.3,"flat_tail=8.0d, fcc_changes=54, tail_cyc=0.0, tail_ok[90/80]=0/0, unresp_complete[90/80]=0/0, large_gap[90/80]=0/0 -> FCC still updating / not a no-low-change candidate",,v2.0-final,v2.0-final,v2.0-final,0.0,,,,,0.0,-1.0,n/a,ThinkPad T14 Gen 6,Sunwoda,5B11M90127,2026-06-03T16:38:27
KMAKI-PF45ET63_kmaki,4334,2024-04-04 18:48:20,2024-08-14 23:50:27,132.21,0.29,2.053,118,5,0,0,0,0,1,QUALITY_OK,57570.0,57570.0,57570.0,57570.0,1,0,0,0,2024-04-04 18:48:20,132.2,0.0,3.0,89.0,86.0,237.59,0.0,0,0,0.0,101.0,True,True,132.2,86.0,237.59,2.0,100.0,98.0,0.5668,0.3127,0.0124,0,5,5,5,0,5,5,0,0,,,0,0,,,0,0,,,0,0,4,12,16,16,4,12,16,4,0,0.0,0.0,4,0,0.0,0.0,4,0,0.0,0.0,4,0,1,7,8,8,1,7,8,1,0,0.0,0.0,1,0,0.0,0.0,1,0,0.0,0.0,1,0,0.0,0.0,0.0,True,False,True,False,True,ACTIONABLE_FW_CHECK_OPPORTUNITY_NO_RESPONSE,ACTION_FW_CHECK,medium,FW_MEDIUM_UNRESPONDED_COMPLETE_WINDOWS,ZERO_UPDATE_AFTER_OPPORTUNITIES,,,,,44.8,86.0,"flat_tail=132.2d, fcc_changes=0, tail_cyc=86.0, tail_ok[90/80]=0/4, unresp_complete[90/80]=0/4, large_gap[90/80]=5/12 -> complete-window opportunities present but FCC did not respond",FCC/SoHが長期間更新されておらず、ログ上は深い放電→再充電の学習機会（完全窓・OK品質）が複数回確認されるのにFCCが応答していません。BIOS/EC/バッテリー関連FWのVersion確認とアップデート有無確認を優先してください。アップデート後、次回の学習機会後72h〜7日間でFCC更新有無を確認してください。,v2.0-final,v2.0-final,v2.0-final,5.0,2.062,0.0,-2.062,-2.753,94.0,1.0,MIXED,ThinkPad X1 Carbon Gen 10,Sunwoda,5B10W13975,2026-06-03T16:38:27
KMAKI-PF4WSHXN_kmaki,7886,2024-10-18 16:16:38,2025-10-08 20:48:35,355.19,0.5,4.374,342,14,0,3,0,0,1,QUALITY_COUNTER_RESET,56180.0,50800.0,49100.0,56180.0,170,181,9,172,2025-09-22 03:32:29,16.7,50.959,31.0,192.0,161.0,165.56,112.422,16,16,12.41,89.08,False,False,16.7,0.0,0.0,9.0,100.0,91.0,0.1841,0.1092,0.0006,0,0,0,0,1,6,7,0,0,,1.0,0,0,,1.0,0,0,,1.0,0,0,0,0,0,0,3,12,15,0,0,,1.0,0,0,,1.0,0,0,,1.0,0,0,0,0,0,0,3,9,12,0,0,,1.0,0,0,,1.0,0,0,,1.0,0,0,,,,False,False,False,False,False,REVIEW_INSUFFICIENT_DATA,ACTION_COLLECT_MORE_DATA_OR_MANUAL_REVIEW,review,REVIEW_COUNTER_RESET,,,REVIEW_COUNTER_RESET,high,cycleCountが減少（カウンタリセット/パック異常疑い）。生ログ確認が必要。,46.5,2.8,"obs_days=355.2, n_samples=7886, quality=QUALITY_COUNTER_RESET -> insufficient/uncertain data",観測期間・サンプル数・カウンタ整合性のいずれかが不足しており信頼できる判定ができません。review_priorityに従い追加データ収集または手動レビューを行ってください。,v2.0-final,v2.0-final,v2.0-final,0.0,,,,,0.0,-1.0,n/a,ThinkPad X1 Carbon Gen 12,BYD,5B11H56386,2026-06-03T16:38:27
KMORIGUCHI-SY92_kmoriguchi,8454,2023-04-20 12:02:06,2026-05-27 13:52:29,1133.08,0.5,13.709,463,228,0,0,0,0,1,QUALITY_OK,58990.0,58380.0,58380.0,58990.0,2,1,0,1,2025-04-24 17:41:37,397.8,0.088,1.0,107.0,106.0,34.17,0.943,1,1,1.07,102.33,False,False,397.8,7.0,6.43,64.0,100.0,36.0,0.9024,0.454,0.0,0,0,0,0,0,0,0,0,0,,,0,0,,,0,0,,,0,0,0,0,0,0,0,0,0,0,0,,,0,0,,,0,0,,,0,0,0,0,0,0,0,0,0,0,0,,,0,0,,,0,0,,,0,0,,,,False,True,True,True,True,ACTIONABLE_GAUGE_RESET_INSUFFICIENT_LEARNING_OPPORTUNITY,ACTION_GAUGE_RESET,high,GAUGE_HIGH_NO_OPPORTUNITY,NO_OPPORTUNITY_AC_BOUND;NO_OPPORTUNITY_LOW_CYCLING;NO_OPPORTUNITY_SHALLOW_RANGE,,,,,94.5,41.4,"flat_tail=397.8d, fcc_changes=1, tail_cyc=7.0, tail_ok[90/80]=0/0, unresp_complete[90/80]=0/0, large_gap[90/80]=0/0, ac=0.90, min_rsoc=64.0 -> insufficient learning opportunity",FCC/SoHが長期間更新されておらず、ログ上は深い放電→再充電の学習機会が十分に確認できません（OK品質の機会が無く、large-gapを含めても判定可能な機会がない）。安全な環境でOEM推奨のバッテリーゲージリセット/キャリブレーションを実施し、その後72h〜7日間のテレメトリでFCC更新有無を確認してください。,v2.0-final,v2.0-final,v2.0-final,0.0,,,,,0.0,0.0,AC_BOUND+SHALLOW_RANGE+LOW_CYCLING,ThinkPad X1 Carbon Gen 10,SMP,5B11M90056,2026-06-03T16:38:27
KSAMBDMA-62KJHP_ksambdma,1422,2026-01-15 11:06:01,2026-05-28 13:36:27,133.1,0.5,11.451,89,19,0,0,0,0,1,QUALITY_OK,75010.0,74920.0,74920.0,75010.0,9,8,0,8,2026-05-20 09:22:19,8.2,6.011,0.0,10.0,10.0,27.44,80.0,0,0,0.12,99.89,False,False,8.2,0.0,0.0,94.0,100.0,6.0,0.7187,0.3563,0.0,0,0,0,0,0,0,0,0,0,,,0,0,,,0,0,,,0,0,0,0,0,0,0,0,0,0,0,,,0,0,,,0,0,,,0,0,0,0,0,0,0,0,0,0,0,,,0,0,,,0,0,,,0,0,,,,False,False,False,False,False,NORMAL_OR_RESPONDING,ACTION_NONE,high,NOT_NO_LOW_CHANGE_CANDIDATE,,,,,,69.4,11.4,"flat_tail=8.2d, fcc_changes=8, tail_cyc=0.0, tail_ok[90/80]=0/0, unresp_complete[90/80]=0/0, large_gap[90/80]=0/0 -> FCC still updating / not a no-low-change candidate",,v2.0-final,v2.0-final,v2.0-final,0.0,,,,,0.0,-1.0,n/a,ThinkPad T16 Gen 5,Sunwoda,5B11M90169,2026-06-03T16:38:27
KSERDAR-W0A2BP3_kserdar,12638,2024-03-21 10:42:46,2026-05-28 11:02:36,798.01,0.5,2.221,553,98,0,0,0,0,1,QUALITY_OK,57000.0,45330.0,45330.0,59150.0,250,289,54,235,2026-05-28 10:32:36,0.0,36.215,3.0,216.0,213.0,97.49,135.681,85,84,24.24,79.53,False,False,0.0,0.0,0.0,100.0,100.0,0.0,1.0,1.0,0.0,0,0,0,0,0,32,32,0,0,,,0,0,,,0,0,,,0,0,0,0,0,0,4,48,52,0,0,,1.0,0,0,,1.0,0,0,,1.0,0,0,0,0,0,0,0,36,36,0,0,,,0,0,,,0,0,,,0,0,,,,False,False,False,False,False,NORMAL_OR_RESPONDING,ACTION_NONE,high,NOT_NO_LOW_CHANGE_CANDIDATE,,,,,,70.0,10.0,"flat_tail=0.0d, fcc_changes=289, tail_cyc=0.0, tail_ok[90/80]=0/0, unresp_complete[90/80]=0/0, large_gap[90/80]=0/0 -> FCC still updating / not a no-low-change candidate",,v2.0-final,v2.0-final,v2.0-final,0.0,,,,,0.0,-1.0,n/a,ThinkPad L16 Gen 1,Sunwoda,5B11H56397,2026-06-03T16:38:27
KSHIBATAX3Y83N9_KSHIBATA,22648,2023-02-03 18:14:24,2025-10-01 16:24:11,970.92,0.5,3.452,668,71,0,0,0,0,1,QUALITY_OK,57570.0,57570.0,57570.0,57570.0,1,0,0,0,2023-02-03 18:14:24,970.9,0.0,16.0,266.0,250.0,94.05,0.0,0,0,0.0,101.0,True,True,970.9,250.0,94.05,2.0,100.0,98.0,0.848,0.4624,0.0067,2,31,33,33,2,31,33,2,0,0.0,0.0,2,0,0.0,0.0,2,0,0.0,0.0,2,0,13,44,57,57,13,44,57,13,0,0.0,0.0,13,0,0.0,0.0,13,0,0.0,0.0,13,0,9,39,48,48,9,39,48,9,0,0.0,0.0,9,0,0.0,0.0,9,0,0.0,0.0,9,0,0.0,0.0,0.0,True,True,True,True,True,ACTIONABLE_FW_CHECK_OPPORTUNITY_NO_RESPONSE,ACTION_FW_CHECK,high,FW_HIGH_UNRESPONDED_COMPLETE_WINDOWS,ZERO_UPDATE_AFTER_OPPORTUNITIES,,,,,57.4,100.0,"flat_tail=970.9d, fcc_changes=0, tail_cyc=250.0, tail_ok[90/80]=2/13, unresp_complete[90/80]=2/13, large_gap[90/80]=31/44 -> complete-window opportunities present but FCC did not respond",FCC/SoHが長期間更新されておらず、ログ上は深い放電→再充電の学習機会（完全窓・OK品質）が複数回確認されるのにFCCが応答していません。BIOS/EC/バッテリー関連FWのVersion確認とアップデート有無確認を優先してください。アップデート後、次回の学習機会後72h〜7日間でFCC更新有無を確認してください。,v2.0-final,v2.0-final,v2.0-final,24.0,3.895,0.0,-3.895,-2.218,90.2,2.0,AC_BOUND+HIGH_OPP_NO_RESPONSE,ThinkPad X1 Yoga Gen 7,Sunwoda,5B10W13975,2026-06-03T16:38:27
KSHIBAYAMA-TB38_kshibayama,5142,2023-12-19 16:33:39,2024-08-21 09:01:34,245.69,0.5,3.208,186,29,0,0,0,0,1,QUALITY_OK,59620.0,55280.0,55280.0,59620.0,110,109,0,109,2024-08-20 15:48:59,0.7,44.365,1.0,96.0,95.0,141.23,114.737,6,5,7.61,96.93,False,False,0.7,0.0,0.0,91.0,100.0,9.0,0.4227,0.0172,0.0,0,0,0,0,1,4,5,0,0,,1.0,0,0,,1.0,0,0,,1.0,0,0,0,0,0,0,3,12,15,0,0,,1.0,0,0,,1.0,0,0,,1.0,0,0,0,0,0,0,2,7,9,0,0,,1.0,0,0,,1.0,0,0,,1.0,0,0,,,,False,False,False,False,False,NORMAL_OR_RESPONDING,ACTION_NONE,high,NOT_NO_LOW_CHANGE_CANDIDATE,,,,,,67.1,10.1,"flat_tail=0.7d, fcc_changes=109, tail_cyc=0.0, tail_ok[90/80]=0/0, unresp_complete[90/80]=0/0, large_gap[90/80]=0/0 -> FCC still updating / not a no-low-change candidate",,v2.0-final,v2.0-final,v2.0-final,0.0,,,,,0.0,-1.0,n/a,ThinkPad X1 2-in-1 Gen 9,SMP,5B11H56383,2026-06-03T16:38:27
KTAKEDA5-3ZPVTQ_ktakeda5,7430,2023-02-09 01:22:17,2024-03-25 14:39:45,410.55,0.5,4.87,296,64,0,0,0,0,1,QUALITY_OK,54230.0,49990.0,49990.0,54230.0,8,7,0,7,2023-08-21 14:12:15,217.0,1.705,13.0,45.0,32.0,28.47,21.875,6,6,7.44,87.62,False,False,217.0,15.0,25.25,6.0,100.0,94.0,0.9292,0.6146,0.0025,0,3,3,3,0,7,7,0,0,,,0,0,,,0,0,,,0,0,0,5,5,5,0,9,9,0,0,,,0,0,,,0,0,,,0,0,0,4,4,4,0,8,8,0,0,,,0,0,,,0,0,,,0,0,,,,False,True,False,False,True,WATCH_LOW_UPDATE_RATE_AMBIGUOUS,ACTION_MONITOR_OR_MANUAL_REVIEW,low,WATCH_POSSIBLE_OPPORTUNITY_WITH_LARGE_GAPS,,WATCH_POSSIBLE_OPPORTUNITY_WITH_LARGE_GAPS,,,,70.3,43.0,"flat_tail=217.0d, fcc_changes=7, tail_cyc=15.0, tail_ok[90/80]=0/0, unresp_complete[90/80]=0/0, large_gap[90/80]=3/5 -> ambiguous (watch)",FCC更新率は低いが完全凍結ではない/学習機会がlarge-gapまたは打ち切りで確証が弱い/境界的のため、FW確認に回す前にモニタリングまたは手動レビューを推奨します。,v2.0-final,v2.0-final,v2.0-final,0.0,,,,,0.0,1.0,MIXED,ThinkPad X1 Carbon Gen 10,,,2026-06-03T16:38:27
KTATE2-PW0A2BTJ_ktate2,5677,2024-03-26 16:12:55,2025-05-06 16:15:01,406.0,0.5,7.966,342,63,0,0,0,0,1,QUALITY_OK,57170.0,53290.0,51270.0,57170.0,106,110,5,105,2025-05-03 14:30:35,3.1,27.094,2.0,105.0,103.0,92.66,106.796,12,12,10.32,93.21,False,False,3.1,0.0,0.0,88.0,100.0,12.0,0.8524,0.71,0.0,0,0,0,0,5,25,30,0,0,,1.0,0,0,,1.0,0,0,,1.0,0,0,0,0,0,0,9,43,52,0,0,,0.8889,0,0,,0.8889,0,0,,0.8889,0,0,0,0,0,0,5,32,37,0,0,,1.0,0,0,,1.0,0,0,,1.0,0,0,,,,False,False,False,False,False,NORMAL_OR_RESPONDING,ACTION_NONE,high,NOT_NO_LOW_CHANGE_CANDIDATE,,,,,,67.6,10.5,"flat_tail=3.1d, fcc_changes=110, tail_cyc=0.0, tail_ok[90/80]=0/0, unresp_complete[90/80]=0/0, large_gap[90/80]=0/0 -> FCC still updating / not a no-low-change candidate",,v2.0-final,v2.0-final,v2.0-final,0.0,,,,,0.0,-1.0,n/a,ThinkPad L14 Gen 5,SMP,5B11H56396,2026-06-03T16:38:27
KURADA-32000014_kurada,269,2025-06-24 13:53:37,2025-07-09 09:03:57,14.8,0.5,0.722,11,2,0,0,0,0,1,QUALITY_SHORT_OBS,90010.0,90010.0,90010.0,90010.0,1,0,0,0,2025-06-24 13:53:37,14.8,0.0,2.0,2.0,0.0,0.0,0.0,0,0,0.0,100.01,True,False,14.8,0.0,0.0,84.0,100.0,16.0,0.979,0.6764,0.0,0,0,0,0,0,0,0,0,0,,,0,0,,,0,0,,,0,0,0,0,0,0,0,0,0,0,0,,,0,0,,,0,0,,,0,0,0,0,0,0,0,0,0,0,0,,,0,0,,,0,0,,,0,0,,,,False,False,False,False,False,REVIEW_INSUFFICIENT_DATA,ACTION_COLLECT_MORE_DATA_OR_MANUAL_REVIEW,review,REVIEW_SHORT_OBS_ACTIVE_LIKE,,,REVIEW_SHORT_OBS_ACTIVE_LIKE,low,観測期間<120日でactive様（flat_tail<60）。経過観察で十分なことが多い。,67.0,7.5,"obs_days=14.8, n_samples=269, quality=QUALITY_SHORT_OBS -> insufficient/uncertain data",観測期間・サンプル数・カウンタ整合性のいずれかが不足しており信頼できる判定ができません。review_priorityに従い追加データ収集または手動レビューを行ってください。,v2.0-final,v2.0-final,v2.0-final,0.0,,,,,0.0,-1.0,n/a,ThinkPad P1 Gen 8,Sunwoda,5B11M37553,2026-06-03T16:38:27
KURADA-3_kurada,946,2024-01-18 09:15:18,2024-03-08 19:14:05,50.42,0.5,0.5,30,7,0,0,0,0,1,QUALITY_SHORT_OBS,43550.0,43390.0,43350.0,43550.0,6,5,2,3,2024-02-09 13:47:45,28.2,9.917,4.0,7.0,3.0,21.73,166.667,3,1,0.47,102.77,False,False,28.2,1.0,12.94,83.0,100.0,17.0,0.979,0.4852,0.0,0,0,0,0,0,0,0,0,0,,,0,0,,,0,0,,,0,0,0,0,0,0,0,0,0,0,0,,,0,0,,,0,0,,,0,0,0,0,0,0,0,0,0,0,0,,,0,0,,,0,0,,,0,0,,,,False,False,False,False,False,REVIEW_INSUFFICIENT_DATA,ACTION_COLLECT_MORE_DATA_OR_MANUAL_REVIEW,review,REVIEW_SHORT_OBS_ACTIVE_LIKE,,,REVIEW_SHORT_OBS_ACTIVE_LIKE,low,観測期間<120日でactive様（flat_tail<60）。経過観察で十分なことが多い。,68.8,9.9,"obs_days=50.4, n_samples=946, quality=QUALITY_SHORT_OBS -> insufficient/uncertain data",観測期間・サンプル数・カウンタ整合性のいずれかが不足しており信頼できる判定ができません。review_priorityに従い追加データ収集または手動レビューを行ってください。,v2.0-final,v2.0-final,v2.0-final,0.0,,,,,0.0,-1.0,n/a,ThinkPad X12 Detachable Gen 2,SMP,5B10Z26480,2026-06-03T16:38:27
KURADA-4_kurada,2896,2024-03-15 10:10:06,2025-06-23 08:36:41,464.94,0.5,12.869,174,87,0,0,0,0,1,QUALITY_OK,43580.0,42550.0,42550.0,43690.0,6,5,2,3,2024-06-21 18:03:54,366.6,1.075,1.0,29.0,28.0,22.0,17.857,4,2,2.7,100.78,False,False,366.6,20.0,19.93,23.0,100.0,77.0,0.9823,0.4415,0.0,0,0,0,0,0,0,0,0,0,,,0,0,,,0,0,,,0,0,0,0,0,0,0,1,1,0,0,,,0,0,,,0,0,,,0,0,0,0,0,0,0,0,0,0,0,,,0,0,,,0,0,,,0,0,,,,False,True,False,True,True,ACTIONABLE_GAUGE_RESET_INSUFFICIENT_LEARNING_OPPORTUNITY,ACTION_GAUGE_RESET,high,GAUGE_HIGH_NO_OPPORTUNITY,NO_OPPORTUNITY_AC_BOUND;NO_OPPORTUNITY_SHALLOW_RANGE,,,,,89.6,44.0,"flat_tail=366.6d, fcc_changes=5, tail_cyc=20.0, tail_ok[90/80]=0/0, unresp_complete[90/80]=0/0, large_gap[90/80]=0/0, ac=0.98, min_rsoc=23.0 -> insufficient learning opportunity",FCC/SoHが長期間更新されておらず、ログ上は深い放電→再充電の学習機会が十分に確認できません（OK品質の機会が無く、large-gapを含めても判定可能な機会がない）。安全な環境でOEM推奨のバッテリーゲージリセット/キャリブレーションを実施し、その後72h〜7日間のテレメトリでFCC更新有無を確認してください。,v2.0-final,v2.0-final,v2.0-final,0.0,,,,,0.0,1.0,MIXED,ThinkPad X12 Detachable Gen 2,SMP,5B10Z26480,2026-06-03T16:38:27
KWATAMURA-BLXLJ_kwatamura,8477,2023-02-06 12:33:21,2024-10-10 13:53:51,612.06,0.499,6.619,432,94,0,0,0,0,1,QUALITY_OK,41080.0,36540.0,32670.0,43090.0,375,854,424,430,2024-10-10 13:53:44,0.0,139.529,397.0,702.0,305.0,182.01,280.0,624,514,20.43,71.65,False,False,0.0,0.0,0.0,41.0,41.0,0.0,1.0,0.0,0.0,0,0,0,0,0,34,34,0,0,,,0,0,,,0,0,,,0,0,0,0,0,0,8,88,96,0,0,,0.875,0,0,,1.0,0,0,,1.0,0,0,0,0,0,0,3,63,66,0,0,,1.0,0,0,,1.0,0,0,,1.0,0,0,,,,False,False,False,False,False,NORMAL_OR_RESPONDING,ACTION_NONE,high,NOT_NO_LOW_CHANGE_CANDIDATE,,,,,,70.0,10.0,"flat_tail=0.0d, fcc_changes=854, tail_cyc=0.0, tail_ok[90/80]=0/0, unresp_complete[90/80]=0/0, large_gap[90/80]=0/0 -> FCC still updating / not a no-low-change candidate",,v2.0-final,v2.0-final,v2.0-final,0.0,,,,,0.0,-1.0,n/a,ThinkPad T490,,,2026-06-03T16:38:27
L13G4-A-CGBETA_cgridley,1857,2023-03-17 00:43:19,2024-08-01 11:19:13,503.44,0.5,12.493,156,41,0,0,0,0,1,QUALITY_OK,46000.0,44940.0,44270.0,46920.0,43,50,23,27,2024-08-01 11:19:13,0.0,9.932,5.0,35.0,30.0,21.77,166.667,40,26,5.76,97.7,False,False,0.0,0.0,,99.0,99.0,0.0,,,,0,0,0,0,0,4,4,0,0,,,0,0,,,0,0,,,0,0,0,0,0,0,0,6,6,0,0,,,0,0,,,0,0,,,0,0,0,0,0,0,0,4,4,0,0,,,0,0,,,0,0,,,0,0,,,,False,False,False,False,False,NORMAL_OR_RESPONDING,ACTION_NONE,high,NOT_NO_LOW_CHANGE_CANDIDATE,,,,,,70.0,10.0,"flat_tail=0.0d, fcc_changes=50, tail_cyc=0.0, tail_ok[90/80]=0/0, unresp_complete[90/80]=0/0, large_gap[90/80]=0/0 -> FCC still updating / not a no-low-change candidate",,v2.0-final,v2.0-final,v2.0-final,0.0,,,,,0.0,-1.0,n/a,ThinkPad L13 Gen 4,Sunwoda,LNV-5B11H56336,2026-06-03T16:38:27
L13_jboxer,1602,2023-04-28 15:12:43,2025-07-09 09:57:18,802.78,0.5,11.726,130,33,0,1,0,0,1,QUALITY_COUNTER_RESET,46000.0,43770.0,43770.0,46150.0,72,120,54,66,2024-10-08 13:14:56,273.9,14.948,7.0,59.0,52.0,23.66,230.769,82,53,5.18,95.15,False,False,273.9,1.0,1.33,0.0,85.0,85.0,0.5638,0.0,0.2857,0,0,0,0,2,7,9,0,0,,1.0,0,0,,1.0,0,0,,1.0,0,0,0,0,0,0,5,20,25,0,0,,1.0,0,0,,1.0,0,0,,1.0,0,0,0,0,0,0,2,13,15,0,0,,1.0,0,0,,1.0,0,0,,1.0,0,0,,,,False,True,False,False,True,REVIEW_INSUFFICIENT_DATA,ACTION_COLLECT_MORE_DATA_OR_MANUAL_REVIEW,review,REVIEW_COUNTER_RESET,,,REVIEW_COUNTER_RESET,high,cycleCountが減少（カウンタリセット/パック異常疑い）。生ログ確認が必要。,80.8,30.2,"obs_days=802.8, n_samples=1602, quality=QUALITY_COUNTER_RESET -> insufficient/uncertain data",観測期間・サンプル数・カウンタ整合性のいずれかが不足しており信頼できる判定ができません。review_priorityに従い追加データ収集または手動レビューを行ってください。,v2.0-final,v2.0-final,v2.0-final,0.0,,,,,0.0,-1.0,n/a,ThinkPad L13 Yoga Gen 4,Celxpert,LNV-5B11H56335,2026-06-03T16:38:27
L14G5I_Richard,1107,2024-03-18 14:12:26,2024-06-27 12:35:35,100.93,0.5,13.303,65,18,0,0,0,0,1,QUALITY_SHORT_OBS,47640.0,47400.0,47400.0,47640.0,22,21,0,21,2024-06-23 21:55:26,3.6,20.806,2.0,23.0,21.0,76.0,100.0,0,0,0.51,101.94,False,False,3.6,0.0,0.0,53.0,100.0,47.0,0.3763,0.2512,0.0,0,0,0,0,0,0,0,0,0,,,0,0,,,0,0,,,0,0,0,0,0,0,0,1,1,0,0,,,0,0,,,0,0,,,0,0,0,0,0,0,0,0,0,0,0,,,0,0,,,0,0,,,0,0,,,,False,False,False,False,False,REVIEW_INSUFFICIENT_DATA,ACTION_COLLECT_MORE_DATA_OR_MANUAL_REVIEW,review,REVIEW_SHORT_OBS_ACTIVE_LIKE,,,REVIEW_SHORT_OBS_ACTIVE_LIKE,low,観測期間<120日でactive様（flat_tail<60）。経過観察で十分なことが多い。,53.1,5.6,"obs_days=100.9, n_samples=1107, quality=QUALITY_SHORT_OBS -> insufficient/uncertain data",観測期間・サンプル数・カウンタ整合性のいずれかが不足しており信頼できる判定ができません。review_priorityに従い追加データ収集または手動レビューを行ってください。,v2.0-final,v2.0-final,v2.0-final,0.0,,,,,0.0,-1.0,n/a,ThinkPad L14 Gen 5,Sunwoda,5B11H56394,2026-06-03T16:38:27
LALLURI-F5FS8HX_lalluri,1077,2025-05-12 15:20:26,2025-09-02 09:08:32,112.74,0.5,16.849,108,17,0,0,0,0,1,QUALITY_SHORT_OBS,57040.0,57560.0,56310.0,57720.0,40,41,4,37,2025-08-28 12:02:33,4.9,36.367,2.0,43.0,41.0,132.83,100.0,7,7,2.47,100.98,False,False,4.9,0.0,0.0,26.0,100.0,74.0,0.1367,0.0677,0.0,0,0,0,0,0,4,4,0,0,,,0,0,,,0,0,,,0,0,0,0,0,0,1,10,11,0,0,,1.0,0,0,,1.0,0,0,,1.0,0,0,0,0,0,0,0,6,6,0,0,,,0,0,,,0,0,,,0,0,,,,False,False,False,False,False,REVIEW_INSUFFICIENT_DATA,ACTION_COLLECT_MORE_DATA_OR_MANUAL_REVIEW,review,REVIEW_SHORT_OBS_ACTIVE_LIKE,,,REVIEW_SHORT_OBS_ACTIVE_LIKE,low,観測期間<120日でactive様（flat_tail<60）。経過観察で十分なことが多い。,48.6,5.8,"obs_days=112.7, n_samples=1077, quality=QUALITY_SHORT_OBS -> insufficient/uncertain data",観測期間・サンプル数・カウンタ整合性のいずれかが不足しており信頼できる判定ができません。review_priorityに従い追加データ収集または手動レビューを行ってください。,v2.0-final,v2.0-final,v2.0-final,0.0,,,,,0.0,-1.0,n/a,ThinkPad X1 Carbon Gen 13,Sunwoda,5B11M90099,2026-06-03T16:38:27
LAPTOP-080TD3DG_HWPA,326,2024-01-12 18:17:31,2024-07-03 13:51:00,172.81,0.27,3.328,12,10,0,0,0,0,1,QUALITY_OK,92130.0,91530.0,89320.0,92130.0,8,7,1,6,2024-06-12 16:53:57,20.9,4.051,1.0,6.0,5.0,10.57,140.0,3,3,3.13,101.69,False,False,20.9,1.0,17.5,3.0,43.0,40.0,0.5531,0.0,0.9505,0,0,0,0,0,0,0,0,0,,,0,0,,,0,0,,,0,0,0,0,0,0,0,1,1,0,0,,,0,0,,,0,0,,,0,0,0,0,0,0,0,0,0,0,0,,,0,0,,,0,0,,,0,0,,,,False,False,False,False,False,NORMAL_OR_RESPONDING,ACTION_NONE,high,NOT_NO_LOW_CHANGE_CANDIDATE,,,,,,64.0,13.7,"flat_tail=20.9d, fcc_changes=7, tail_cyc=1.0, tail_ok[90/80]=0/0, unresp_complete[90/80]=0/0, large_gap[90/80]=0/0 -> FCC still updating / not a no-low-change candidate",,v2.0-final,v2.0-final,v2.0-final,0.0,,,,,0.0,-1.0,n/a,ThinkPad P1 Gen 6,Sunwoda,5B11K07737,2026-06-03T16:38:27
LAPTOP-0JJ03K9D_rgibson,3556,2023-05-15 14:13:48,2024-02-12 14:20:57,273.0,0.5,5.388,175,41,0,0,0,0,1,QUALITY_OK,92690.0,92590.0,92590.0,92690.0,11,10,0,10,2024-02-06 14:58:23,6.0,3.663,2.0,13.0,11.0,14.72,90.909,0,0,0.11,102.87,False,False,6.0,0.0,0.0,59.0,90.0,31.0,1.0,0.0,0.0,0,0,0,0,0,2,2,0,0,,,0,0,,,0,0,,,0,0,0,0,0,0,0,3,3,0,0,,,0,0,,,0,0,,,0,0,0,0,0,0,0,2,2,0,0,,,0,0,,,0,0,,,0,0,,,,False,False,False,False,False,NORMAL_OR_RESPONDING,ACTION_NONE,high,NOT_NO_LOW_CHANGE_CANDIDATE,,,,,,71.0,11.0,"flat_tail=6.0d, fcc_changes=10, tail_cyc=0.0, tail_ok[90/80]=0/0, unresp_complete[90/80]=0/0, large_gap[90/80]=0/0 -> FCC still updating / not a no-low-change candidate",,v2.0-final,v2.0-final,v2.0-final,0.0,,,,,0.0,-1.0,n/a,ThinkPad P1 Gen 6,Sunwoda,5B11K07737,2026-06-03T16:38:27
LAPTOP-0NPD7G3O_Tsutomu_Chonan,321,2024-08-29 11:04:48,2024-11-25 09:36:25,87.94,0.5,13.702,20,12,0,0,0,0,1,QUALITY_SHORT_OBS,57040.0,54720.0,54720.0,57040.0,5,4,0,4,2024-11-20 18:04:57,4.6,4.549,1.0,6.0,5.0,20.77,80.0,1,1,4.07,95.95,False,False,4.6,0.0,0.0,86.0,100.0,14.0,0.5159,0.8772,0.0,0,0,0,0,0,0,0,0,0,,,0,0,,,0,0,,,0,0,0,0,0,0,0,0,0,0,0,,,0,0,,,0,0,,,0,0,0,0,0,0,0,0,0,0,0,,,0,0,,,0,0,,,0,0,,,,False,False,False,False,False,REVIEW_INSUFFICIENT_DATA,ACTION_COLLECT_MORE_DATA_OR_MANUAL_REVIEW,review,REVIEW_SHORT_OBS_ACTIVE_LIKE,,,REVIEW_SHORT_OBS_ACTIVE_LIKE,low,観測期間<120日でactive様（flat_tail<60）。経過観察で十分なことが多い。,61.1,5.8,"obs_days=87.9, n_samples=321, quality=QUALITY_SHORT_OBS -> insufficient/uncertain data",観測期間・サンプル数・カウンタ整合性のいずれかが不足しており信頼できる判定ができません。review_priorityに従い追加データ収集または手動レビューを行ってください。,v2.0-final,v2.0-final,v2.0-final,0.0,,,,,0.0,-1.0,n/a,ThinkPad X1 Carbon Gen 13,BYD,5B11M90100,2026-06-03T16:38:27
LAPTOP-0P70H8T7_Naito,230,2024-07-22 15:25:29,2024-09-18 11:37:44,57.84,0.5,19.592,40,7,0,0,0,0,1,QUALITY_SHORT_OBS,58230.0,52890.0,52890.0,58230.0,7,6,0,6,2024-09-15 20:17:07,2.6,10.373,42.0,49.0,7.0,44.2,85.714,2,1,9.36,92.74,False,False,2.6,0.0,0.0,33.0,95.0,62.0,0.0001,0.0,0.0,0,0,0,0,0,2,2,0,0,,,0,0,,,0,0,,,0,0,0,0,0,0,0,2,2,0,0,,,0,0,,,0,0,,,0,0,0,0,0,0,0,2,2,0,0,,,0,0,,,0,0,,,0,0,,,,False,False,False,False,False,REVIEW_INSUFFICIENT_DATA,ACTION_COLLECT_MORE_DATA_OR_MANUAL_REVIEW,review,REVIEW_SHORT_OBS_ACTIVE_LIKE,,,REVIEW_SHORT_OBS_ACTIVE_LIKE,low,観測期間<120日でactive様（flat_tail<60）。経過観察で十分なことが多い。,45.4,5.4,"obs_days=57.8, n_samples=230, quality=QUALITY_SHORT_OBS -> insufficient/uncertain data",観測期間・サンプル数・カウンタ整合性のいずれかが不足しており信頼できる判定ができません。review_priorityに従い追加データ収集または手動レビューを行ってください。,v2.0-final,v2.0-final,v2.0-final,0.0,,,,,0.0,-1.0,n/a,ThinkPad X1 Carbon Gen 12,SMP,5B11H56383,2026-06-03T16:38:27
LAPTOP-0S7K8PQH_Stan,8575,2023-02-09 08:48:38,2023-10-26 18:12:55,259.39,0.5,0.5,71,16,0,0,0,0,1,QUALITY_OK,71820.0,69830.0,69830.0,71820.0,17,16,0,16,2023-10-16 15:34:30,10.1,6.168,77.0,84.0,7.0,9.86,228.571,15,13,2.21,77.54,False,False,10.1,0.0,0.0,43.0,100.0,57.0,0.9922,0.7248,0.0,0,0,0,0,0,0,0,0,0,,,0,0,,,0,0,,,0,0,0,0,0,0,0,1,1,0,0,,,0,0,,,0,0,,,0,0,0,0,0,0,0,1,1,0,0,,,0,0,,,0,0,,,0,0,,,,False,False,False,False,False,NORMAL_OR_RESPONDING,ACTION_NONE,high,NOT_NO_LOW_CHANGE_CANDIDATE,,,,,,71.5,11.7,"flat_tail=10.1d, fcc_changes=16, tail_cyc=0.0, tail_ok[90/80]=0/0, unresp_complete[90/80]=0/0, large_gap[90/80]=0/0 -> FCC still updating / not a no-low-change candidate",,v2.0-final,v2.0-final,v2.0-final,0.0,,,,,0.0,-1.0,n/a,ThinkPad P52,LG,01AV495,2026-06-03T16:38:27
LAPTOP-11P5VLEF_tianx,344,2025-03-21 18:10:08,2025-05-19 08:55:15,58.61,0.5,12.654,27,10,0,0,0,0,1,QUALITY_SHORT_OBS,57950.0,58040.0,55440.0,58070.0,19,18,5,13,2025-05-16 15:44:27,2.7,30.711,7.0,18.0,11.0,68.55,163.636,8,8,4.53,100.07,False,False,2.7,0.0,0.0,51.0,85.0,34.0,0.0607,0.0,0.0,0,0,0,0,0,1,1,0,0,,,0,0,,,0,0,,,0,0,0,0,0,0,0,3,3,0,0,,,0,0,,,0,0,,,0,0,0,0,0,0,0,2,2,0,0,,,0,0,,,0,0,,,0,0,,,,False,False,False,False,False,REVIEW_INSUFFICIENT_DATA,ACTION_COLLECT_MORE_DATA_OR_MANUAL_REVIEW,review,REVIEW_SHORT_OBS_ACTIVE_LIKE,,,REVIEW_SHORT_OBS_ACTIVE_LIKE,low,観測期間<120日でactive様（flat_tail<60）。経過観察で十分なことが多い。,54.1,5.5,"obs_days=58.6, n_samples=344, quality=QUALITY_SHORT_OBS -> insufficient/uncertain data",観測期間・サンプル数・カウンタ整合性のいずれかが不足しており信頼できる判定ができません。review_priorityに従い追加データ収集または手動レビューを行ってください。,v2.0-final,v2.0-final,v2.0-final,0.0,,,,,0.0,-1.0,n/a,ThinkPad T14s Gen 6,ATL,5B11M90108,2026-06-03T16:38:27
LAPTOP-11RRGHRF_2ndH28,382,2023-12-18 00:38:22,2024-01-10 15:09:15,23.6,0.243,6.324,21,2,0,0,0,0,1,QUALITY_SHORT_OBS,59670.0,59520.0,59520.0,59670.0,9,8,0,8,2024-01-10 11:23:14,0.2,33.898,1.0,7.0,6.0,92.86,133.333,0,0,0.26,104.37,False,False,0.2,0.0,0.0,100.0,100.0,0.0,0.9986,1.0,0.0,0,0,0,0,0,0,0,0,0,,,0,0,,,0,0,,,0,0,0,0,0,0,0,0,0,0,0,,,0,0,,,0,0,,,0,0,0,0,0,0,0,0,0,0,0,,,0,0,,,0,0,,,0,0,,,,False,False,False,False,False,REVIEW_INSUFFICIENT_DATA,ACTION_COLLECT_MORE_DATA_OR_MANUAL_REVIEW,review,REVIEW_SHORT_OBS_ACTIVE_LIKE,,,REVIEW_SHORT_OBS_ACTIVE_LIKE,low,観測期間<120日でactive様（flat_tail<60）。経過観察で十分なことが多い。,65.0,5.0,"obs_days=23.6, n_samples=382, quality=QUALITY_SHORT_OBS -> insufficient/uncertain data",観測期間・サンプル数・カウンタ整合性のいずれかが不足しており信頼できる判定ができません。review_priorityに従い追加データ収集または手動レビューを行ってください。,v2.0-final,v2.0-final,v2.0-final,0.0,,,,,0.0,-1.0,n/a,ThinkPad X1 Carbon Gen 12,SMP,5B11H56383,2026-06-03T16:38:27
LAPTOP-146432PF_PQM,2776,2024-01-08 21:13:56,2024-08-22 09:32:50,226.51,0.5,6.892,144,34,0,0,0,0,1,QUALITY_OK,51900.0,54320.0,51900.0,60420.0,123,126,15,111,2024-08-21 17:40:04,0.7,55.627,3.0,95.0,92.0,148.35,136.957,36,36,14.94,95.25,False,False,0.7,0.0,0.0,42.0,100.0,58.0,0.9377,0.1678,0.0,0,0,0,0,3,28,31,0,0,,1.0,0,0,,1.0,0,0,,1.0,0,0,0,0,0,0,15,45,60,0,0,,1.0,0,0,,1.0,0,0,,1.0,0,0,0,0,0,0,5,31,36,0,0,,1.0,0,0,,1.0,0,0,,1.0,0,0,,,,False,False,False,False,False,NORMAL_OR_RESPONDING,ACTION_NONE,high,NOT_NO_LOW_CHANGE_CANDIDATE,,,,,,68.9,10.1,"flat_tail=0.7d, fcc_changes=126, tail_cyc=0.0, tail_ok[90/80]=0/0, unresp_complete[90/80]=0/0, large_gap[90/80]=0/0 -> FCC still updating / not a no-low-change candidate",,v2.0-final,v2.0-final,v2.0-final,0.0,,,,,0.0,-1.0,n/a,ThinkPad X1 2-in-1 Gen 9,BYD,5B11H56386,2026-06-03T16:38:27
LAPTOP-19J6LO6A_ytakeda,552,2023-09-15 15:02:33,2023-10-24 13:01:36,38.92,0.493,5.111,25,8,0,0,0,0,1,QUALITY_SHORT_OBS,57010.0,57010.0,57010.0,57010.0,1,0,0,0,2023-09-15 15:02:33,38.9,0.0,5.0,7.0,2.0,18.77,0.0,0,0,0.0,100.02,True,False,38.9,2.0,18.77,63.0,100.0,37.0,0.6312,0.3832,0.0,0,0,0,0,0,0,0,0,0,,,0,0,,,0,0,,,0,0,0,0,0,0,0,0,0,0,0,,,0,0,,,0,0,,,0,0,0,0,0,0,0,0,0,0,0,,,0,0,,,0,0,,,0,0,,,,False,False,False,False,False,REVIEW_INSUFFICIENT_DATA,ACTION_COLLECT_MORE_DATA_OR_MANUAL_REVIEW,review,REVIEW_SHORT_OBS_ACTIVE_LIKE,,,REVIEW_SHORT_OBS_ACTIVE_LIKE,low,観測期間<120日でactive様（flat_tail<60）。経過観察で十分なことが多い。,63.1,11.9,"obs_days=38.9, n_samples=552, quality=QUALITY_SHORT_OBS -> insufficient/uncertain data",観測期間・サンプル数・カウンタ整合性のいずれかが不足しており信頼できる判定ができません。review_priorityに従い追加データ収集または手動レビューを行ってください。,v2.0-final,v2.0-final,v2.0-final,0.0,,,,,0.0,-1.0,n/a,ThinkPad X1 Yoga Gen 8,Celxpert,5B10W13974,2026-06-03T16:38:27
LAPTOP-1KS1Q32S_T14s,11802,2023-02-12 20:22:31,2024-09-04 15:35:00,569.8,0.5,2.381,480,64,0,0,0,0,1,QUALITY_OK,58420.0,49360.0,47110.0,58420.0,31,31,14,17,2024-08-04 18:57:10,30.9,5.441,2.0,244.0,242.0,155.13,12.81,28,28,19.84,86.6,False,False,30.9,12.0,142.03,5.0,100.0,95.0,0.4929,0.4282,0.0154,0,0,0,0,2,6,8,0,0,,1.0,0,0,,1.0,0,0,,1.0,0,0,0,2,2,2,6,18,24,0,0,,0.3333,0,0,,0.6667,0,0,,1.0,0,0,0,0,0,0,2,9,11,0,0,,1.0,0,0,,1.0,0,0,,1.0,0,0,,,,False,False,False,False,False,NORMAL_OR_RESPONDING,ACTION_NONE,high,NOT_NO_LOW_CHANGE_CANDIDATE,,,,,,42.3,17.5,"flat_tail=30.9d, fcc_changes=31, tail_cyc=12.0, tail_ok[90/80]=0/0, unresp_complete[90/80]=0/0, large_gap[90/80]=0/2 -> FCC still updating / not a no-low-change candidate",,v2.0-final,v2.0-final,v2.0-final,0.0,,,,,0.0,-1.0,n/a,ThinkPad T14s Gen 3,SMP,LNV-5B10W51875,2026-06-03T16:38:27
LAPTOP-1M50QFPI_GM,551,2024-02-05 21:09:32,2024-05-08 11:18:44,92.59,0.083,13.889,40,17,0,0,0,0,1,QUALITY_SHORT_OBS,56990.0,56940.0,56940.0,56990.0,5,4,0,4,2024-04-21 20:43:15,16.6,4.32,10.0,14.0,4.0,15.78,100.0,0,0,0.09,99.84,False,False,16.6,0.0,0.0,85.0,100.0,15.0,0.5691,0.5739,0.0,0,0,0,0,0,1,1,0,0,,,0,0,,,0,0,,,0,0,0,0,0,0,0,1,1,0,0,,,0,0,,,0,0,,,0,0,0,0,0,0,0,1,1,0,0,,,0,0,,,0,0,,,0,0,,,,False,False,False,False,False,REVIEW_INSUFFICIENT_DATA,ACTION_COLLECT_MORE_DATA_OR_MANUAL_REVIEW,review,REVIEW_SHORT_OBS_ACTIVE_LIKE,,,REVIEW_SHORT_OBS_ACTIVE_LIKE,low,観測期間<120日でactive様（flat_tail<60）。経過観察で十分なことが多い。,62.8,7.8,"obs_days=92.6, n_samples=551, quality=QUALITY_SHORT_OBS -> insufficient/uncertain data",観測期間・サンプル数・カウンタ整合性のいずれかが不足しており信頼できる判定ができません。review_priorityに従い追加データ収集または手動レビューを行ってください。,v2.0-final,v2.0-final,v2.0-final,0.0,,,,,0.0,-1.0,n/a,ThinkPad X1 2-in-1 Gen 9,BYD,5B11H56386,2026-06-03T16:38:27
LAPTOP-1MK05N4P_hwpa,413,2023-10-06 18:32:40,2023-11-02 15:20:01,26.87,0.5,2.537,13,5,0,0,0,0,1,QUALITY_SHORT_OBS,59580.0,60040.0,59580.0,60130.0,6,5,1,4,2023-10-30 14:01:44,3.1,18.608,3.0,5.0,2.0,27.19,250.0,1,1,0.97,105.28,False,False,3.1,0.0,0.0,72.0,100.0,28.0,0.9774,0.9827,0.0,0,0,0,0,0,0,0,0,0,,,0,0,,,0,0,,,0,0,0,0,0,0,0,0,0,0,0,,,0,0,,,0,0,,,0,0,0,0,0,0,0,0,0,0,0,,,0,0,,,0,0,,,0,0,,,,False,False,False,False,False,REVIEW_INSUFFICIENT_DATA,ACTION_COLLECT_MORE_DATA_OR_MANUAL_REVIEW,review,REVIEW_SHORT_OBS_ACTIVE_LIKE,,,REVIEW_SHORT_OBS_ACTIVE_LIKE,low,観測期間<120日でactive様（flat_tail<60）。経過観察で十分なことが多い。,65.1,5.5,"obs_days=26.9, n_samples=413, quality=QUALITY_SHORT_OBS -> insufficient/uncertain data",観測期間・サンプル数・カウンタ整合性のいずれかが不足しており信頼できる判定ができません。review_priorityに従い追加データ収集または手動レビューを行ってください。,v2.0-final,v2.0-final,v2.0-final,0.0,,,,,0.0,-1.0,n/a,ThinkPad X1 Carbon Gen 12,SMP,5B11H56383,2026-06-03T16:38:27
LAPTOP-1QC1JCNE_CPC-Tester12,1165,2023-12-04 10:53:33,2024-02-25 20:47:30,83.41,0.5,5.033,55,14,0,0,0,0,1,QUALITY_SHORT_OBS,60580.0,58320.0,58320.0,60580.0,26,25,1,24,2024-02-21 13:22:19,4.3,29.972,0.0,15.0,15.0,65.68,166.667,4,3,3.96,102.26,False,False,4.3,0.0,0.0,77.0,100.0,23.0,0.9632,0.9331,0.0,0,0,0,0,0,3,3,0,0,,,0,0,,,0,0,,,0,0,0,0,0,0,0,4,4,0,0,,,0,0,,,0,0,,,0,0,0,0,0,0,0,3,3,0,0,,,0,0,,,0,0,,,0,0,,,,False,False,False,False,False,REVIEW_INSUFFICIENT_DATA,ACTION_COLLECT_MORE_DATA_OR_MANUAL_REVIEW,review,REVIEW_SHORT_OBS_ACTIVE_LIKE,,,REVIEW_SHORT_OBS_ACTIVE_LIKE,low,観測期間<120日でactive様（flat_tail<60）。経過観察で十分なことが多い。,65.0,5.7,"obs_days=83.4, n_samples=1165, quality=QUALITY_SHORT_OBS -> insufficient/uncertain data",観測期間・サンプル数・カウンタ整合性のいずれかが不足しており信頼できる判定ができません。review_priorityに従い追加データ収集または手動レビューを行ってください。,v2.0-final,v2.0-final,v2.0-final,0.0,,,,,0.0,-1.0,n/a,ThinkPad X1 Carbon Gen 12,SMP,5B11H56383,2026-06-03T16:38:27
LAPTOP-25UDU5UN_jestroff,2282,2025-04-29 10:51:51,2025-11-14 10:00:13,198.96,0.5,11.75,218,33,0,0,0,0,1,QUALITY_OK,55810.0,50870.0,50400.0,55930.0,60,59,6,53,2025-11-10 19:44:52,3.6,29.654,26.0,68.0,42.0,77.1,140.476,18,18,9.7,89.2,False,False,3.6,0.0,0.0,48.0,100.0,52.0,0.8086,0.7979,0.0,0,0,0,0,1,5,6,0,0,,1.0,0,0,,1.0,0,0,,1.0,0,0,0,0,0,0,1,6,7,0,0,,1.0,0,0,,1.0,0,0,,1.0,0,0,0,0,0,0,1,5,6,0,0,,1.0,0,0,,1.0,0,0,,1.0,0,0,,,,False,False,False,False,False,NORMAL_OR_RESPONDING,ACTION_NONE,high,NOT_NO_LOW_CHANGE_CANDIDATE,,,,,,66.8,10.6,"flat_tail=3.6d, fcc_changes=59, tail_cyc=0.0, tail_ok[90/80]=0/0, unresp_complete[90/80]=0/0, large_gap[90/80]=0/0 -> FCC still updating / not a no-low-change candidate",,v2.0-final,v2.0-final,v2.0-final,0.0,,,,,0.0,-1.0,n/a,ThinkPad X1 Carbon Gen 13,Celxpert,5B11M90098,2026-06-03T16:38:27
LAPTOP-2D6R853Q_jnunez5,343,2026-04-28 10:56:26,2026-05-26 13:20:47,28.1,0.5,9.574,21,6,0,0,0,0,1,QUALITY_SHORT_OBS,54760.0,54680.0,54680.0,54760.0,6,5,0,5,2026-05-19 16:26:59,6.9,17.794,1.0,6.0,5.0,64.99,100.0,0,0,0.15,99.96,False,False,6.9,0.0,0.0,93.0,100.0,7.0,0.9552,0.6269,0.0,0,0,0,0,0,1,1,0,0,,,0,0,,,0,0,,,0,0,0,0,0,0,0,2,2,0,0,,,0,0,,,0,0,,,0,0,0,0,0,0,0,2,2,0,0,,,0,0,,,0,0,,,0,0,,,,False,False,False,False,False,REVIEW_INSUFFICIENT_DATA,ACTION_COLLECT_MORE_DATA_OR_MANUAL_REVIEW,review,REVIEW_SHORT_OBS_ACTIVE_LIKE,,,REVIEW_SHORT_OBS_ACTIVE_LIKE,low,観測期間<120日でactive様（flat_tail<60）。経過観察で十分なことが多い。,65.3,6.2,"obs_days=28.1, n_samples=343, quality=QUALITY_SHORT_OBS -> insufficient/uncertain data",観測期間・サンプル数・カウンタ整合性のいずれかが不足しており信頼できる判定ができません。review_priorityに従い追加データ収集または手動レビューを行ってください。,v2.0-final,v2.0-final,v2.0-final,0.0,,,,,0.0,-1.0,n/a,ThinkPad X13 Gen 7,Sunwoda,5B11M90142,2026-06-03T16:38:27
LAPTOP-2OC97423_Administrator,929,2025-02-06 18:28:57,2025-02-11 22:45:11,5.18,0.047,0.5,0,0,0,0,0,0,1,QUALITY_SHORT_OBS,62600.0,62600.0,62600.0,62600.0,1,0,0,0,2025-02-06 18:28:57,5.2,0.0,13.0,13.0,0.0,0.0,0.0,0,0,0.0,109.77,False,False,5.2,0.0,0.0,63.0,100.0,37.0,0.9808,0.6191,0.0,0,0,0,0,0,0,0,0,0,,,0,0,,,0,0,,,0,0,0,0,0,0,0,0,0,0,0,,,0,0,,,0,0,,,0,0,0,0,0,0,0,0,0,0,0,,,0,0,,,0,0,,,0,0,,,,False,False,False,False,False,REVIEW_INSUFFICIENT_DATA,ACTION_COLLECT_MORE_DATA_OR_MANUAL_REVIEW,review,REVIEW_SHORT_OBS_ACTIVE_LIKE,,,REVIEW_SHORT_OBS_ACTIVE_LIKE,low,観測期間<120日でactive様（flat_tail<60）。経過観察で十分なことが多い。,65.5,5.9,"obs_days=5.2, n_samples=929, quality=QUALITY_SHORT_OBS -> insufficient/uncertain data",観測期間・サンプル数・カウンタ整合性のいずれかが不足しており信頼できる判定ができません。review_priorityに従い追加データ収集または手動レビューを行ってください。,v2.0-final,v2.0-final,v2.0-final,0.0,,,,,0.0,-1.0,n/a,ThinkPad X1 2-in-1 Gen 10,SMP,5B11M90097,2026-06-03T16:38:27
LAPTOP-2RQJAUEN_nyama,728,2025-03-25 09:00:58,2025-07-31 09:52:50,128.04,0.833,14.796,91,18,0,0,0,0,1,QUALITY_OK,57040.0,56970.0,56970.0,57040.0,7,6,0,6,2025-07-15 09:28:48,16.0,4.686,1.0,7.0,6.0,17.12,100.0,0,0,0.12,99.95,False,False,16.0,0.0,0.0,89.0,100.0,11.0,0.9053,0.817,0.0,0,0,0,0,0,0,0,0,0,,,0,0,,,0,0,,,0,0,0,0,0,0,0,0,0,0,0,,,0,0,,,0,0,,,0,0,0,0,0,0,0,0,0,0,0,,,0,0,,,0,0,,,0,0,,,,False,False,False,False,False,NORMAL_OR_RESPONDING,ACTION_NONE,high,NOT_NO_LOW_CHANGE_CANDIDATE,,,,,,70.8,12.7,"flat_tail=16.0d, fcc_changes=6, tail_cyc=0.0, tail_ok[90/80]=0/0, unresp_complete[90/80]=0/0, large_gap[90/80]=0/0 -> FCC still updating / not a no-low-change candidate",,v2.0-final,v2.0-final,v2.0-final,0.0,,,,,0.0,-1.0,n/a,ThinkPad X1 Carbon Gen 13,Sunwoda,5B11M90099,2026-06-03T16:38:27
LAPTOP-38PBJKV3_Dan,14526,2023-05-17 09:40:30,2026-05-28 10:35:08,1107.04,0.5,9.185,764,169,0,0,0,0,1,QUALITY_OK,91770.0,84540.0,84540.0,92710.0,114,115,4,111,2026-05-26 13:50:53,1.9,10.388,2.0,118.0,116.0,38.27,99.138,16,15,9.08,93.92,False,False,1.9,0.0,0.0,32.0,80.0,48.0,0.9419,0.0,0.0,0,0,0,0,0,2,2,0,0,,,0,0,,,0,0,,,0,0,0,0,0,0,2,21,23,0,0,,1.0,0,0,,1.0,0,0,,1.0,0,0,0,0,0,0,0,2,2,0,0,,,0,0,,,0,0,,,0,0,,,,False,False,False,False,False,NORMAL_OR_RESPONDING,ACTION_NONE,high,NOT_NO_LOW_CHANGE_CANDIDATE,,,,,,69.2,10.3,"flat_tail=1.9d, fcc_changes=115, tail_cyc=0.0, tail_ok[90/80]=0/0, unresp_complete[90/80]=0/0, large_gap[90/80]=0/0 -> FCC still updating / not a no-low-change candidate",,v2.0-final,v2.0-final,v2.0-final,0.0,,,,,0.0,-1.0,n/a,ThinkPad P1 Gen 6,Sunwoda,5B11K07737,2026-06-03T16:38:27
LAPTOP-3GSNHJDB_GM3,5162,2024-04-21 23:47:20,2024-08-23 09:31:35,123.41,0.025,0.5,29,12,0,0,0,0,1,QUALITY_OK,76020.0,73250.0,73250.0,76780.0,8,7,1,6,2024-08-20 14:45:27,2.8,5.672,10.0,15.0,5.0,14.8,140.0,2,2,4.7,97.67,False,False,2.8,0.0,0.0,89.0,100.0,11.0,1.0,0.9309,0.0,0,0,0,0,0,2,2,0,0,,,0,0,,,0,0,,,0,0,0,0,0,0,0,2,2,0,0,,,0,0,,,0,0,,,0,0,0,0,0,0,0,2,2,0,0,,,0,0,,,0,0,,,0,0,,,,False,False,False,False,False,NORMAL_OR_RESPONDING,ACTION_NONE,high,NOT_NO_LOW_CHANGE_CANDIDATE,,,,,,70.5,10.5,"flat_tail=2.8d, fcc_changes=7, tail_cyc=0.0, tail_ok[90/80]=0/0, unresp_complete[90/80]=0/0, large_gap[90/80]=0/0 -> FCC still updating / not a no-low-change candidate",,v2.0-final,v2.0-final,v2.0-final,0.0,,,,,0.0,-1.0,n/a,ThinkPad P14s Gen 5,Sunwoda,5B11H56402,2026-06-03T16:38:27
LAPTOP-49PO0SU0_ssugimoto2,1828,2025-07-16 11:04:41,2026-02-09 10:27:11,207.97,0.093,2.09,67,30,0,0,0,0,1,QUALITY_OK,90010.0,89810.0,89810.0,90010.0,14,13,0,13,2025-12-15 11:30:27,56.0,6.251,3.0,16.0,13.0,22.83,100.0,0,0,0.22,99.79,False,False,56.0,0.0,0.0,75.0,100.0,25.0,0.8499,0.7106,0.0,0,0,0,0,0,1,1,0,0,,,0,0,,,0,0,,,0,0,0,0,0,0,0,1,1,0,0,,,0,0,,,0,0,,,0,0,0,0,0,0,0,1,1,0,0,,,0,0,,,0,0,,,0,0,,,,False,False,False,False,False,NORMAL_OR_RESPONDING,ACTION_NONE,high,NOT_NO_LOW_CHANGE_CANDIDATE,,,,,,76.3,19.3,"flat_tail=56.0d, fcc_changes=13, tail_cyc=0.0, tail_ok[90/80]=0/0, unresp_complete[90/80]=0/0, large_gap[90/80]=0/0 -> FCC still updating / not a no-low-change candidate",,v2.0-final,v2.0-final,v2.0-final,0.0,,,,,0.0,-1.0,n/a,ThinkPad P1 Gen 8,Sunwoda,5B11M37553,2026-06-03T16:38:27
LAPTOP-4K9G9BRE_TM1,20715,2025-06-22 18:15:50,2025-09-02 22:19:51,72.17,0.016,0.024,21,9,0,0,0,0,1,QUALITY_SHORT_OBS,57860.0,53820.0,53820.0,57860.0,15,14,0,14,2025-08-12 00:06:16,21.9,19.399,17.0,26.0,9.0,45.55,155.556,5,5,7.09,94.37,False,False,21.9,0.0,0.0,0.0,100.0,100.0,0.6434,0.5593,0.0377,0,0,0,0,0,2,2,0,0,,,0,0,,,0,0,,,0,0,0,0,0,0,0,2,2,0,0,,,0,0,,,0,0,,,0,0,0,0,0,0,0,2,2,0,0,,,0,0,,,0,0,,,0,0,,,,False,False,False,False,False,REVIEW_INSUFFICIENT_DATA,ACTION_COLLECT_MORE_DATA_OR_MANUAL_REVIEW,review,REVIEW_SHORT_OBS_ACTIVE_LIKE,,,REVIEW_SHORT_OBS_ACTIVE_LIKE,low,観測期間<120日でactive様（flat_tail<60）。経過観察で十分なことが多い。,61.5,8.7,"obs_days=72.2, n_samples=20715, quality=QUALITY_SHORT_OBS -> insufficient/uncertain data",観測期間・サンプル数・カウンタ整合性のいずれかが不足しており信頼できる判定ができません。review_priorityに従い追加データ収集または手動レビューを行ってください。,v2.0-final,v2.0-final,v2.0-final,0.0,,,,,0.0,-1.0,n/a,ThinkPad X1 2-in-1 Gen 9,BYD,5B11H56386,2026-06-03T16:38:27
LAPTOP-5U1GRQST_AN1484GM11,1607,2026-02-02 11:45:34,2026-06-01 09:03:44,118.89,0.5,0.501,65,19,0,0,0,0,1,QUALITY_SHORT_OBS,59850.0,56000.0,56000.0,59850.0,6,5,0,5,2026-04-23 10:59:18,38.9,4.206,2.0,6.0,4.0,12.29,125.0,1,1,6.64,96.55,False,False,38.9,0.0,0.0,70.0,100.0,30.0,0.9454,0.2777,0.0,0,0,0,0,1,1,2,0,0,,1.0,0,0,,1.0,0,0,,1.0,0,0,0,0,0,0,1,1,2,0,0,,1.0,0,0,,1.0,0,0,,1.0,0,0,0,0,0,0,1,1,2,0,0,,1.0,0,0,,1.0,0,0,,1.0,0,0,,,,False,False,False,False,False,REVIEW_INSUFFICIENT_DATA,ACTION_COLLECT_MORE_DATA_OR_MANUAL_REVIEW,review,REVIEW_SHORT_OBS_ACTIVE_LIKE,,,REVIEW_SHORT_OBS_ACTIVE_LIKE,low,観測期間<120日でactive様（flat_tail<60）。経過観察で十分なことが多い。,70.4,11.5,"obs_days=118.9, n_samples=1607, quality=QUALITY_SHORT_OBS -> insufficient/uncertain data",観測期間・サンプル数・カウンタ整合性のいずれかが不足しており信頼できる判定ができません。review_priorityに従い追加データ収集または手動レビューを行ってください。,v2.0-final,v2.0-final,v2.0-final,0.0,,,,,0.0,-1.0,n/a,ThinkPad X1 2-in-1 Gen 11,SMP,5B11M90163,2026-06-03T16:38:27
LAPTOP-6HHN380C_QuFei_Ou,551,2025-06-04 16:57:17,2025-07-02 13:39:20,27.86,0.5,4.741,25,3,0,0,0,0,1,QUALITY_SHORT_OBS,58490.0,58860.0,58340.0,58910.0,19,18,1,17,2025-06-27 11:51:57,5.1,64.609,52.0,69.0,17.0,222.87,105.882,1,1,1.0,103.21,False,False,5.1,0.0,0.0,55.0,100.0,45.0,0.3481,0.1854,0.0,0,0,0,0,0,1,1,0,0,,,0,0,,,0,0,,,0,0,0,0,0,0,0,1,1,0,0,,,0,0,,,0,0,,,0,0,0,0,0,0,0,1,1,0,0,,,0,0,,,0,0,,,0,0,,,,False,False,False,False,False,REVIEW_INSUFFICIENT_DATA,ACTION_COLLECT_MORE_DATA_OR_MANUAL_REVIEW,review,REVIEW_SHORT_OBS_ACTIVE_LIKE,,,REVIEW_SHORT_OBS_ACTIVE_LIKE,low,観測期間<120日でactive様（flat_tail<60）。経過観察で十分なことが多い。,52.8,5.8,"obs_days=27.9, n_samples=551, quality=QUALITY_SHORT_OBS -> insufficient/uncertain data",観測期間・サンプル数・カウンタ整合性のいずれかが不足しており信頼できる判定ができません。review_priorityに従い追加データ収集または手動レビューを行ってください。,v2.0-final,v2.0-final,v2.0-final,0.0,,,,,0.0,-1.0,n/a,ThinkPad X1 Carbon Gen 13,Celxpert,5B11M90098,2026-06-03T16:38:27
LAPTOP-72AKT2DB_1,888,2026-03-10 00:02:48,2026-05-19 13:51:11,70.58,0.5,9.195,53,12,0,0,0,0,1,QUALITY_SHORT_OBS,58030.0,54520.0,54520.0,58590.0,36,36,6,30,2026-05-15 13:13:01,4.0,51.006,0.0,31.0,31.0,160.42,116.129,11,11,7.02,94.0,False,False,4.0,0.0,0.0,74.0,100.0,26.0,0.2411,0.253,0.0,0,0,0,0,2,10,12,0,0,,1.0,0,0,,1.0,0,0,,1.0,0,0,0,0,0,0,2,10,12,0,0,,1.0,0,0,,1.0,0,0,,1.0,0,0,0,0,0,0,2,10,12,0,0,,1.0,0,0,,1.0,0,0,,1.0,0,0,,,,False,False,False,False,False,REVIEW_INSUFFICIENT_DATA,ACTION_COLLECT_MORE_DATA_OR_MANUAL_REVIEW,review,REVIEW_SHORT_OBS_ACTIVE_LIKE,,,REVIEW_SHORT_OBS_ACTIVE_LIKE,low,観測期間<120日でactive様（flat_tail<60）。経過観察で十分なことが多い。,57.0,5.7,"obs_days=70.6, n_samples=888, quality=QUALITY_SHORT_OBS -> insufficient/uncertain data",観測期間・サンプル数・カウンタ整合性のいずれかが不足しており信頼できる判定ができません。review_priorityに従い追加データ収集または手動レビューを行ってください。,v2.0-final,v2.0-final,v2.0-final,0.0,,,,,0.0,-1.0,n/a,ThinkPad X1 Carbon Gen 14,SMP,5B11M90163,2026-06-03T16:38:27
LAPTOP-77S3EOA5_Mao_Nakabauashi,2276,2025-12-24 11:57:48,2026-05-27 16:46:27,154.2,0.5,1.183,90,23,0,0,0,0,1,QUALITY_OK,58030.0,55730.0,55650.0,58030.0,34,33,1,32,2026-05-21 17:23:25,6.0,21.401,1.0,32.0,31.0,73.43,106.452,6,6,4.1,96.09,False,False,6.0,0.0,0.0,65.0,100.0,35.0,0.8954,0.8367,0.0,0,0,0,0,0,0,0,0,0,,,0,0,,,0,0,,,0,0,0,0,0,0,0,1,1,0,0,,,0,0,,,0,0,,,0,0,0,0,0,0,0,0,0,0,0,,,0,0,,,0,0,,,0,0,,,,False,False,False,False,False,NORMAL_OR_RESPONDING,ACTION_NONE,high,NOT_NO_LOW_CHANGE_CANDIDATE,,,,,,68.9,11.0,"flat_tail=6.0d, fcc_changes=33, tail_cyc=0.0, tail_ok[90/80]=0/0, unresp_complete[90/80]=0/0, large_gap[90/80]=0/0 -> FCC still updating / not a no-low-change candidate",,v2.0-final,v2.0-final,v2.0-final,0.0,,,,,0.0,-1.0,n/a,ThinkPad X1 Carbon Gen 14,Sunwoda,5B11M90160,2026-06-03T16:38:27
LAPTOP-7CFQ50BM_Carl,4308,2024-01-09 17:21:44,2025-03-14 20:10:38,430.12,0.5,5.471,207,70,0,0,0,0,1,QUALITY_OK,59240.0,52640.0,52470.0,60340.0,110,129,14,115,2025-01-10 12:22:04,63.3,29.992,7.0,182.0,175.0,148.61,73.714,30,28,13.8,92.3,False,False,63.3,1.0,5.77,1.0,100.0,99.0,0.7489,0.6807,0.1442,0,0,0,0,16,49,65,0,0,,1.0,0,0,,1.0,0,0,,1.0,0,0,0,0,0,0,32,66,98,0,0,,1.0,0,0,,1.0,0,0,,1.0,0,0,0,0,0,0,24,57,81,0,0,,1.0,0,0,,1.0,0,0,,1.0,0,0,,,,False,False,False,False,False,NORMAL_OR_RESPONDING,ACTION_NONE,high,NOT_NO_LOW_CHANGE_CANDIDATE,,,,,,75.0,20.8,"flat_tail=63.3d, fcc_changes=129, tail_cyc=1.0, tail_ok[90/80]=0/0, unresp_complete[90/80]=0/0, large_gap[90/80]=0/0 -> FCC still updating / not a no-low-change candidate",,v2.0-final,v2.0-final,v2.0-final,0.0,,,,,0.0,-1.0,n/a,ThinkPad X1 Carbon Gen 12,SMP,5B11H56383,2026-06-03T16:38:27
LAPTOP-7HDJI946_MobilePE,372,2024-10-04 02:50:06,2024-10-09 19:36:21,5.7,0.494,0.511,1,0,0,6,0,0,1,QUALITY_COUNTER_RESET,58990.0,58990.0,58990.0,58990.0,1,0,0,0,2024-10-04 02:50:06,5.7,0.0,9.0,24.0,15.0,961.18,0.0,0,0,0.0,103.4,False,False,5.7,15.0,961.39,2.0,100.0,98.0,0.9975,0.2093,0.0103,0,0,0,0,0,0,0,0,0,,,0,0,,,0,0,,,0,0,0,1,1,1,0,1,1,0,0,,,0,0,,,0,0,,,0,0,0,0,0,0,0,0,0,0,0,,,0,0,,,0,0,,,0,0,,,,False,False,False,False,False,REVIEW_INSUFFICIENT_DATA,ACTION_COLLECT_MORE_DATA_OR_MANUAL_REVIEW,review,REVIEW_COUNTER_RESET,,,REVIEW_COUNTER_RESET,high,cycleCountが減少（カウンタリセット/パック異常疑い）。生ログ確認が必要。,40.9,4.0,"obs_days=5.7, n_samples=372, quality=QUALITY_COUNTER_RESET -> insufficient/uncertain data",観測期間・サンプル数・カウンタ整合性のいずれかが不足しており信頼できる判定ができません。review_priorityに従い追加データ収集または手動レビューを行ってください。,v2.0-final,v2.0-final,v2.0-final,0.0,,,,,0.0,-1.0,n/a,ThinkPad X1 Yoga Gen 8,SMP,5B10W13973,2026-06-03T16:38:27
LAPTOP-869LCUOI_panjun1,432,2023-03-22 10:44:30,2023-05-12 07:00:22,50.84,0.406,10.401,30,7,0,0,0,0,1,QUALITY_SHORT_OBS,49570.0,49020.0,48170.0,49570.0,28,37,19,18,2023-05-11 15:43:40,0.6,72.777,3.0,22.0,19.0,136.5,194.737,30,19,2.82,98.89,False,False,0.6,0.0,0.0,25.0,83.0,58.0,0.1531,0.0,0.0,0,0,0,0,0,2,2,0,0,,,0,0,,,0,0,,,0,0,0,0,0,0,0,5,5,0,0,,,0,0,,,0,0,,,0,0,0,0,0,0,0,3,3,0,0,,,0,0,,,0,0,,,0,0,,,,False,False,False,False,False,REVIEW_INSUFFICIENT_DATA,ACTION_COLLECT_MORE_DATA_OR_MANUAL_REVIEW,review,REVIEW_SHORT_OBS_ACTIVE_LIKE,,,REVIEW_SHORT_OBS_ACTIVE_LIKE,low,観測期間<120日でactive様（flat_tail<60）。経過観察で十分なことが多い。,48.2,5.1,"obs_days=50.8, n_samples=432, quality=QUALITY_SHORT_OBS -> insufficient/uncertain data",観測期間・サンプル数・カウンタ整合性のいずれかが不足しており信頼できる判定ができません。review_priorityに従い追加データ収集または手動レビューを行ってください。,v2.0-final,v2.0-final,v2.0-final,0.0,,,,,0.0,-1.0,n/a,ThinkPad X1 Nano Gen 3,SMP,5B11F28680,2026-06-03T16:38:27
LAPTOP-88BMF4J6_Mersey,2153,2023-12-11 16:15:39,2024-06-11 17:30:04,183.05,0.309,5.001,94,31,0,1,0,0,1,QUALITY_COUNTER_RESET,58030.0,58360.0,53590.0,58480.0,32,33,5,28,2024-06-04 13:03:44,7.2,18.028,3.0,29.0,26.0,51.88,126.923,6,6,8.57,102.33,False,False,7.2,0.0,0.0,66.0,100.0,34.0,0.513,0.4356,0.0,0,0,0,0,0,5,5,0,0,,,0,0,,,0,0,,,0,0,0,0,0,0,0,6,6,0,0,,,0,0,,,0,0,,,0,0,0,0,0,0,0,6,6,0,0,,,0,0,,,0,0,,,0,0,,,,False,False,False,False,False,REVIEW_INSUFFICIENT_DATA,ACTION_COLLECT_MORE_DATA_OR_MANUAL_REVIEW,review,REVIEW_COUNTER_RESET,,,REVIEW_COUNTER_RESET,high,cycleCountが減少（カウンタリセット/パック異常疑い）。生ログ確認が必要。,51.5,1.2,"obs_days=183.1, n_samples=2153, quality=QUALITY_COUNTER_RESET -> insufficient/uncertain data",観測期間・サンプル数・カウンタ整合性のいずれかが不足しており信頼できる判定ができません。review_priorityに従い追加データ収集または手動レビューを行ってください。,v2.0-final,v2.0-final,v2.0-final,0.0,,,,,0.0,-1.0,n/a,ThinkPad,BYD,5B11H56386,2026-06-03T16:38:27
LAPTOP-891HSHPM_p14s,526,2026-01-09 10:13:28,2026-02-27 13:17:54,49.13,0.5,0.5,13,7,0,0,0,0,1,QUALITY_SHORT_OBS,75010.0,75010.0,75010.0,75010.0,1,0,0,0,2026-01-09 10:13:28,49.1,0.0,1.0,1.0,0.0,0.0,0.0,0,0,0.0,100.01,True,False,49.1,0.0,0.0,64.0,100.0,36.0,0.915,0.1848,0.0,0,0,0,0,0,0,0,0,0,,,0,0,,,0,0,,,0,0,0,0,0,0,0,0,0,0,0,,,0,0,,,0,0,,,0,0,0,0,0,0,0,0,0,0,0,,,0,0,,,0,0,,,0,0,,,,False,False,False,False,False,REVIEW_INSUFFICIENT_DATA,ACTION_COLLECT_MORE_DATA_OR_MANUAL_REVIEW,review,REVIEW_SHORT_OBS_ACTIVE_LIKE,,,REVIEW_SHORT_OBS_ACTIVE_LIKE,low,観測期間<120日でactive様（flat_tail<60）。経過観察で十分なことが多い。,71.5,13.2,"obs_days=49.1, n_samples=526, quality=QUALITY_SHORT_OBS -> insufficient/uncertain data",観測期間・サンプル数・カウンタ整合性のいずれかが不足しており信頼できる判定ができません。review_priorityに従い追加データ収集または手動レビューを行ってください。,v2.0-final,v2.0-final,v2.0-final,0.0,,,,,0.0,-1.0,n/a,ThinkPad P14s Gen 7 AMD,Celxpert,5B11M90174,2026-06-03T16:38:27
LAPTOP-8HCCR0QE_PE,44009,2024-05-17 14:13:10,2024-10-29 18:17:50,165.17,0.017,0.019,16,6,0,10,0,0,1,QUALITY_COUNTER_RESET,57040.0,57840.0,57030.0,58420.0,37,56,11,45,2024-07-18 16:15:34,103.1,33.904,1.0,35.0,34.0,75.19,164.706,2,2,2.44,101.42,False,False,103.1,0.0,0.0,85.0,100.0,15.0,0.2777,0.5956,0.0,0,0,0,0,0,3,3,0,0,,,0,0,,,0,0,,,0,0,0,0,0,0,0,4,4,0,0,,,0,0,,,0,0,,,0,0,0,0,0,0,0,4,4,0,0,,,0,0,,,0,0,,,0,0,,,,False,False,False,False,False,REVIEW_INSUFFICIENT_DATA,ACTION_COLLECT_MORE_DATA_OR_MANUAL_REVIEW,review,REVIEW_COUNTER_RESET,,,REVIEW_COUNTER_RESET,high,cycleCountが減少（カウンタリセット/パック異常疑い）。生ログ確認が必要。,72.2,17.2,"obs_days=165.2, n_samples=44009, quality=QUALITY_COUNTER_RESET -> insufficient/uncertain data",観測期間・サンプル数・カウンタ整合性のいずれかが不足しており信頼できる判定ができません。review_priorityに従い追加データ収集または手動レビューを行ってください。,v2.0-final,v2.0-final,v2.0-final,0.0,,,,,0.0,-1.0,n/a,ThinkPad X1 2-in-1 Gen 9,BYD,5B11H56386,2026-06-03T16:38:27
LAPTOP-8KIMRE5B_cturner,780,2024-04-11 14:48:53,2024-06-26 11:13:50,75.85,0.5,13.795,65,15,0,0,0,0,1,QUALITY_SHORT_OBS,74330.0,71670.0,71670.0,74360.0,18,22,1,21,2024-06-26 10:11:07,0.0,29.005,32.0,49.0,17.0,81.86,129.412,5,5,3.59,95.56,False,False,0.0,0.0,0.0,45.0,80.0,35.0,0.9663,0.0,0.0,0,0,0,0,0,3,3,0,0,,,0,0,,,0,0,,,0,0,0,0,0,0,0,4,4,0,0,,,0,0,,,0,0,,,0,0,0,0,0,0,0,3,3,0,0,,,0,0,,,0,0,,,0,0,,,,False,False,False,False,False,REVIEW_INSUFFICIENT_DATA,ACTION_COLLECT_MORE_DATA_OR_MANUAL_REVIEW,review,REVIEW_SHORT_OBS_ACTIVE_LIKE,,,REVIEW_SHORT_OBS_ACTIVE_LIKE,low,観測期間<120日でactive様（flat_tail<60）。経過観察で十分なことが多い。,64.3,5.0,"obs_days=75.8, n_samples=780, quality=QUALITY_SHORT_OBS -> insufficient/uncertain data",観測期間・サンプル数・カウンタ整合性のいずれかが不足しており信頼できる判定ができません。review_priorityに従い追加データ収集または手動レビューを行ってください。,v2.0-final,v2.0-final,v2.0-final,0.0,,,,,0.0,-1.0,n/a,ThinkPad P14s Gen 5,Sunwoda,5B11H56402,2026-06-03T16:38:27
LAPTOP-93KHSN6N_hsouma,1078,2025-07-14 10:00:29,2025-09-01 08:56:33,48.96,0.024,0.5,25,11,0,0,0,0,1,QUALITY_SHORT_OBS,90000.0,89950.0,89950.0,90000.0,4,3,0,3,2025-08-26 15:39:53,5.7,6.127,3.0,6.0,3.0,22.38,100.0,0,0,0.06,99.94,False,False,5.7,0.0,0.0,97.0,100.0,3.0,0.8036,0.4731,0.0,0,0,0,0,0,0,0,0,0,,,0,0,,,0,0,,,0,0,0,0,0,0,0,0,0,0,0,,,0,0,,,0,0,,,0,0,0,0,0,0,0,0,0,0,0,,,0,0,,,0,0,,,0,0,,,,False,False,False,False,False,REVIEW_INSUFFICIENT_DATA,ACTION_COLLECT_MORE_DATA_OR_MANUAL_REVIEW,review,REVIEW_SHORT_OBS_ACTIVE_LIKE,,,REVIEW_SHORT_OBS_ACTIVE_LIKE,low,観測期間<120日でactive様（flat_tail<60）。経過観察で十分なことが多い。,65.0,6.0,"obs_days=49.0, n_samples=1078, quality=QUALITY_SHORT_OBS -> insufficient/uncertain data",観測期間・サンプル数・カウンタ整合性のいずれかが不足しており信頼できる判定ができません。review_priorityに従い追加データ収集または手動レビューを行ってください。,v2.0-final,v2.0-final,v2.0-final,0.0,,,,,0.0,-1.0,n/a,ThinkPad P1 Gen 8,Sunwoda,5B11M37553,2026-06-03T16:38:27
LAPTOP-97DA2E9K_johnny,3958,2023-02-10 02:21:33,2023-11-09 13:57:58,272.48,0.5,3.13,119,40,0,0,0,0,1,QUALITY_OK,54440.0,49720.0,44650.0,54440.0,59,90,8,82,2023-11-09 13:57:58,0.0,33.03,115.0,193.0,78.0,104.56,115.385,14,13,17.18,87.23,False,False,0.0,0.0,,97.0,97.0,0.0,,,,0,0,0,0,4,15,19,0,0,,1.0,0,0,,1.0,0,0,,1.0,0,0,0,0,0,0,15,20,35,0,0,,1.0,0,0,,1.0,0,0,,1.0,0,0,0,0,0,0,11,17,28,0,0,,1.0,0,0,,1.0,0,0,,1.0,0,0,,,,False,False,False,False,False,NORMAL_OR_RESPONDING,ACTION_NONE,high,NOT_NO_LOW_CHANGE_CANDIDATE,,,,,,70.0,10.0,"flat_tail=0.0d, fcc_changes=90, tail_cyc=0.0, tail_ok[90/80]=0/0, unresp_complete[90/80]=0/0, large_gap[90/80]=0/0 -> FCC still updating / not a no-low-change candidate",,v2.0-final,v2.0-final,v2.0-final,0.0,,,,,0.0,-1.0,n/a,ThinkPad T14s Gen 3,Sunwoda,5B10W51876,2026-06-03T16:38:27
LAPTOP-9D1AU1OG_Mersey,361,2023-01-18 10:52:32,2024-01-30 17:51:22,377.29,0.5,4.588,12,2,0,1,0,0,1,QUALITY_COUNTER_RESET,59010.0,58930.0,58930.0,59030.0,8,8,1,7,2024-01-29 01:04:16,1.7,2.12,31.0,38.0,7.0,6.78,114.286,0,0,0.18,103.33,False,False,1.7,1.0,214.93,48.0,100.0,52.0,0.4062,0.3531,0.0,0,0,0,0,0,0,0,0,0,,,0,0,,,0,0,,,0,0,0,0,0,0,0,0,0,0,0,,,0,0,,,0,0,,,0,0,0,0,0,0,0,0,0,0,0,,,0,0,,,0,0,,,0,0,,,,False,False,False,False,False,REVIEW_INSUFFICIENT_DATA,ACTION_COLLECT_MORE_DATA_OR_MANUAL_REVIEW,review,REVIEW_COUNTER_RESET,,,REVIEW_COUNTER_RESET,high,cycleCountが減少（カウンタリセット/パック異常疑い）。生ログ確認が必要。,47.9,0.5,"obs_days=377.3, n_samples=361, quality=QUALITY_COUNTER_RESET -> insufficient/uncertain data",観測期間・サンプル数・カウンタ整合性のいずれかが不足しており信頼できる判定ができません。review_priorityに従い追加データ収集または手動レビューを行ってください。,v2.0-final,v2.0-final,v2.0-final,0.0,,,,,0.0,-1.0,n/a,ThinkPad X1 2-in-1 Gen 9,Celxpert,5B11H56384,2026-06-03T16:38:27
LAPTOP-9PGJOH9P_tianx,285,2024-11-26 13:47:28,2024-12-12 17:20:24,16.15,0.5,7.834,16,1,0,0,0,0,1,QUALITY_SHORT_OBS,58270.0,59340.0,58220.0,59350.0,11,10,2,8,2024-12-11 10:10:16,1.3,61.92,2.0,10.0,8.0,180.93,125.0,2,2,1.95,102.28,False,False,1.3,0.0,0.0,74.0,100.0,26.0,0.622,0.5014,0.0,0,0,0,0,0,1,1,0,0,,,0,0,,,0,0,,,0,0,0,0,0,0,0,2,2,0,0,,,0,0,,,0,0,,,0,0,0,0,0,0,0,1,1,0,0,,,0,0,,,0,0,,,0,0,,,,False,False,False,False,False,REVIEW_INSUFFICIENT_DATA,ACTION_COLLECT_MORE_DATA_OR_MANUAL_REVIEW,review,REVIEW_SHORT_OBS_ACTIVE_LIKE,,,REVIEW_SHORT_OBS_ACTIVE_LIKE,low,観測期間<120日でactive様（flat_tail<60）。経過観察で十分なことが多い。,57.7,5.2,"obs_days=16.1, n_samples=285, quality=QUALITY_SHORT_OBS -> insufficient/uncertain data",観測期間・サンプル数・カウンタ整合性のいずれかが不足しており信頼できる判定ができません。review_priorityに従い追加データ収集または手動レビューを行ってください。,v2.0-final,v2.0-final,v2.0-final,0.0,,,,,0.0,-1.0,n/a,ThinkPad T14s Gen 6,SMP,5B11M90107,2026-06-03T16:38:27
LAPTOP-A5C39DUF_ssugimoto2,249,2026-03-31 11:24:02,2026-05-12 08:39:30,41.89,0.5,9.604,13,7,0,0,0,0,1,QUALITY_SHORT_OBS,90000.0,89970.0,89970.0,90000.0,3,2,0,2,2026-04-22 20:41:15,19.5,4.774,3.0,5.0,2.0,17.44,100.0,0,0,0.03,99.97,False,False,19.5,0.0,0.0,42.0,100.0,58.0,0.7815,0.6108,0.0,0,0,0,0,0,0,0,0,0,,,0,0,,,0,0,,,0,0,0,0,0,0,0,1,1,0,0,,,0,0,,,0,0,,,0,0,0,0,0,0,0,0,0,0,0,,,0,0,,,0,0,,,0,0,,,,False,False,False,False,False,REVIEW_INSUFFICIENT_DATA,ACTION_COLLECT_MORE_DATA_OR_MANUAL_REVIEW,review,REVIEW_SHORT_OBS_ACTIVE_LIKE,,,REVIEW_SHORT_OBS_ACTIVE_LIKE,low,観測期間<120日でactive様（flat_tail<60）。経過観察で十分なことが多い。,63.9,8.2,"obs_days=41.9, n_samples=249, quality=QUALITY_SHORT_OBS -> insufficient/uncertain data",観測期間・サンプル数・カウンタ整合性のいずれかが不足しており信頼できる判定ができません。review_priorityに従い追加データ収集または手動レビューを行ってください。,v2.0-final,v2.0-final,v2.0-final,0.0,,,,,0.0,-1.0,n/a,ThinkPad P1 Gen 9,COSMX,5B11M90164,2026-06-03T16:38:27
LAPTOP-A68FDH6Q_amcclarnon,3882,2024-11-13 16:45:55,2025-05-28 12:30:38,195.82,0.5,0.5,105,28,0,0,0,0,1,QUALITY_OK,57890.0,56080.0,56080.0,57890.0,12,11,0,11,2025-04-23 15:52:59,34.9,5.617,6.0,17.0,11.0,20.52,100.0,1,1,3.18,98.33,False,False,34.9,0.0,0.0,67.0,100.0,33.0,0.9825,0.1165,0.0,0,0,0,0,0,0,0,0,0,,,0,0,,,0,0,,,0,0,0,0,0,0,0,0,0,0,0,,,0,0,,,0,0,,,0,0,0,0,0,0,0,0,0,0,0,,,0,0,,,0,0,,,0,0,,,,False,False,False,False,False,NORMAL_OR_RESPONDING,ACTION_NONE,high,NOT_NO_LOW_CHANGE_CANDIDATE,,,,,,75.5,15.8,"flat_tail=34.9d, fcc_changes=11, tail_cyc=0.0, tail_ok[90/80]=0/0, unresp_complete[90/80]=0/0, large_gap[90/80]=0/0 -> FCC still updating / not a no-low-change candidate",,v2.0-final,v2.0-final,v2.0-final,0.0,,,,,0.0,-1.0,n/a,ThinkPad X1 Carbon Gen 13,Celxpert,5B11M90098,2026-06-03T16:38:27
LAPTOP-A86VO230_PQM,649,2023-11-21 21:02:39,2024-01-23 15:52:06,62.78,0.5,9.647,35,12,0,0,0,0,1,QUALITY_SHORT_OBS,59670.0,58280.0,58280.0,62730.0,17,16,1,15,2024-01-10 14:14:39,13.1,25.486,1.0,19.0,18.0,104.72,88.889,4,4,7.8,102.19,False,False,13.1,1.0,27.95,6.0,100.0,94.0,0.0472,0.0255,0.0,0,0,0,0,0,4,4,0,0,,,0,0,,,0,0,,,0,0,0,0,0,0,0,7,7,0,0,,,0,0,,,0,0,,,0,0,0,0,0,0,0,6,6,0,0,,,0,0,,,0,0,,,0,0,,,,False,False,False,False,False,REVIEW_INSUFFICIENT_DATA,ACTION_COLLECT_MORE_DATA_OR_MANUAL_REVIEW,review,REVIEW_SHORT_OBS_ACTIVE_LIKE,,,REVIEW_SHORT_OBS_ACTIVE_LIKE,low,観測期間<120日でactive様（flat_tail<60）。経過観察で十分なことが多い。,47.6,7.4,"obs_days=62.8, n_samples=649, quality=QUALITY_SHORT_OBS -> insufficient/uncertain data",観測期間・サンプル数・カウンタ整合性のいずれかが不足しており信頼できる判定ができません。review_priorityに従い追加データ収集または手動レビューを行ってください。,v2.0-final,v2.0-final,v2.0-final,0.0,,,,,0.0,-1.0,n/a,ThinkPad X1 2-in-1 Gen 9,SMP,5B11H56383,2026-06-03T16:38:27
LAPTOP-A9PSKJU9_panjun1,4079,2025-12-10 08:48:23,2026-05-20 14:35:17,161.24,0.141,1.725,122,23,0,0,0,0,1,QUALITY_OK,58030.0,56660.0,53950.0,58850.0,123,134,16,118,2026-05-20 10:39:37,0.2,83.106,4.0,119.0,115.0,260.5,116.522,29,29,8.45,97.69,False,False,0.2,0.0,0.0,39.0,100.0,61.0,0.4175,0.2902,0.0,0,0,0,0,8,32,40,0,0,,1.0,0,0,,1.0,0,0,,1.0,0,0,0,0,0,0,14,48,62,0,0,,1.0,0,0,,1.0,0,0,,1.0,0,0,0,0,0,0,10,43,53,0,0,,1.0,0,0,,1.0,0,0,,1.0,0,0,,,,False,False,False,False,False,NORMAL_OR_RESPONDING,ACTION_NONE,high,NOT_NO_LOW_CHANGE_CANDIDATE,,,,,,58.4,10.0,"flat_tail=0.2d, fcc_changes=134, tail_cyc=0.0, tail_ok[90/80]=0/0, unresp_complete[90/80]=0/0, large_gap[90/80]=0/0 -> FCC still updating / not a no-low-change candidate",,v2.0-final,v2.0-final,v2.0-final,0.0,,,,,0.0,-1.0,n/a,ThinkPad X1 Carbon Gen 14,COSMX,5B11M90162,2026-06-03T16:38:27
LAPTOP-A9RJIBMS_kurada,554,2025-07-16 11:27:07,2025-08-28 11:22:46,43.0,0.5,0.502,22,5,0,0,0,0,1,QUALITY_SHORT_OBS,90000.0,89980.0,89980.0,90000.0,2,1,0,1,2025-08-14 09:25:13,14.1,2.326,3.0,4.0,1.0,8.49,100.0,0,0,0.02,99.98,False,False,14.1,0.0,0.0,88.0,100.0,12.0,0.9788,0.3655,0.0,0,0,0,0,0,0,0,0,0,,,0,0,,,0,0,,,0,0,0,0,0,0,0,0,0,0,0,,,0,0,,,0,0,,,0,0,0,0,0,0,0,0,0,0,0,,,0,0,,,0,0,,,0,0,,,,False,False,False,False,False,REVIEW_INSUFFICIENT_DATA,ACTION_COLLECT_MORE_DATA_OR_MANUAL_REVIEW,review,REVIEW_SHORT_OBS_ACTIVE_LIKE,,,REVIEW_SHORT_OBS_ACTIVE_LIKE,low,観測期間<120日でactive様（flat_tail<60）。経過観察で十分なことが多い。,66.9,7.3,"obs_days=43.0, n_samples=554, quality=QUALITY_SHORT_OBS -> insufficient/uncertain data",観測期間・サンプル数・カウンタ整合性のいずれかが不足しており信頼できる判定ができません。review_priorityに従い追加データ収集または手動レビューを行ってください。,v2.0-final,v2.0-final,v2.0-final,0.0,,,,,0.0,-1.0,n/a,ThinkPad P1 Gen 8,Sunwoda,5B11M37553,2026-06-03T16:38:27
LAPTOP-ADS95E8B_TM2,664,2019-05-06 01:31:37,2025-08-28 12:17:55,2306.45,0.5,14.095,42,27,0,1,0,0,1,QUALITY_COUNTER_RESET,61270.0,57210.0,57210.0,61270.0,11,11,1,10,2025-08-28 12:10:00,0.0,0.477,1.0,6.0,5.0,0.79,220.0,6,3,7.11,100.32,False,False,0.0,0.0,0.0,100.0,100.0,0.0,1.0,1.0,0.0,0,0,0,0,0,1,1,0,0,,,0,0,,,0,0,,,0,0,0,0,0,0,0,1,1,0,0,,,0,0,,,0,0,,,0,0,0,0,0,0,0,1,1,0,0,,,0,0,,,0,0,,,0,0,,,,False,False,False,True,True,REVIEW_INSUFFICIENT_DATA,ACTION_COLLECT_MORE_DATA_OR_MANUAL_REVIEW,review,REVIEW_COUNTER_RESET,,,REVIEW_COUNTER_RESET,high,cycleCountが減少（カウンタリセット/パック異常疑い）。生ログ確認が必要。,60.0,0.0,"obs_days=2306.4, n_samples=664, quality=QUALITY_COUNTER_RESET -> insufficient/uncertain data",観測期間・サンプル数・カウンタ整合性のいずれかが不足しており信頼できる判定ができません。review_priorityに従い追加データ収集または手動レビューを行ってください。,v2.0-final,v2.0-final,v2.0-final,0.0,,,,,0.0,-1.0,n/a,ThinkPad X1 Carbon Gen 13,SMP,5B11M90097,2026-06-03T16:38:27
LAPTOP-APU7HF6F_Administrator,196,2024-11-20 12:50:00,2025-03-18 10:01:25,117.88,0.5,0.627,7,4,0,0,0,0,1,QUALITY_SPARSE,47780.0,47160.0,47160.0,47780.0,3,2,0,2,2025-03-14 21:32:34,3.5,1.697,146.0,149.0,3.0,9.3,66.667,1,1,1.09,82.69,False,False,3.5,0.0,0.0,93.0,100.0,7.0,1.0,0.9231,0.0,0,0,0,0,0,0,0,0,0,,,0,0,,,0,0,,,0,0,0,0,0,0,0,1,1,0,0,,,0,0,,,0,0,,,0,0,0,0,0,0,0,1,1,0,0,,,0,0,,,0,0,,,0,0,,,,False,False,False,False,False,REVIEW_INSUFFICIENT_DATA,ACTION_COLLECT_MORE_DATA_OR_MANUAL_REVIEW,review,REVIEW_SPARSE_LOG,,,REVIEW_SPARSE_LOG,medium,ログが疎（p95サンプル間隔>24hまたはサンプル少）。episode判定の信頼度が低い。,65.6,5.6,"obs_days=117.9, n_samples=196, quality=QUALITY_SPARSE -> insufficient/uncertain data",観測期間・サンプル数・カウンタ整合性のいずれかが不足しており信頼できる判定ができません。review_priorityに従い追加データ収集または手動レビューを行ってください。,v2.0-final,v2.0-final,v2.0-final,0.0,,,,,0.0,-1.0,n/a,ThinkPad X1 Carbon Gen 12,Celxpert,5B11H56384,2026-06-03T16:38:27
LAPTOP-APU7HF6F_Carl_Pan,3194,2023-10-16 09:33:21,2024-10-17 10:20:43,367.03,0.5,5.398,147,53,0,0,0,0,1,QUALITY_OK,58450.0,46720.0,46720.0,58450.0,133,156,16,140,2024-10-17 10:20:04,0.0,42.503,20.0,146.0,126.0,125.39,123.81,41,41,20.57,81.92,False,False,0.0,0.0,0.0,93.0,93.0,0.0,1.0,0.0,0.0,0,0,0,0,4,40,44,0,0,,1.0,0,0,,1.0,0,0,,1.0,0,0,0,0,0,0,24,66,90,0,0,,1.0,0,0,,1.0,0,0,,1.0,0,0,0,0,0,0,10,46,56,0,0,,1.0,0,0,,1.0,0,0,,1.0,0,0,,,,False,False,False,False,False,NORMAL_OR_RESPONDING,ACTION_NONE,high,NOT_NO_LOW_CHANGE_CANDIDATE,,,,,,70.0,10.0,"flat_tail=0.0d, fcc_changes=156, tail_cyc=0.0, tail_ok[90/80]=0/0, unresp_complete[90/80]=0/0, large_gap[90/80]=0/0 -> FCC still updating / not a no-low-change candidate",,v2.0-final,v2.0-final,v2.0-final,0.0,,,,,0.0,-1.0,n/a,ThinkPad X1 Carbon Gen 12,Celxpert,5B11H56384,2026-06-03T16:38:27
LAPTOP-ARLD326G_X1CG14,1075,2026-03-10 02:40:13,2026-05-21 20:05:52,72.73,0.5,5.819,54,8,0,0,0,0,1,QUALITY_SHORT_OBS,58020.0,57990.0,57990.0,58020.0,4,3,0,3,2026-05-13 10:49:28,8.4,4.125,2.0,5.0,3.0,15.07,100.0,0,0,0.05,99.98,False,False,8.4,0.0,0.0,68.0,100.0,32.0,0.9245,0.4967,0.0,0,0,0,0,0,0,0,0,0,,,0,0,,,0,0,,,0,0,0,0,0,0,0,0,0,0,0,,,0,0,,,0,0,,,0,0,0,0,0,0,0,0,0,0,0,,,0,0,,,0,0,,,0,0,,,,False,False,False,False,False,REVIEW_INSUFFICIENT_DATA,ACTION_COLLECT_MORE_DATA_OR_MANUAL_REVIEW,review,REVIEW_SHORT_OBS_ACTIVE_LIKE,,,REVIEW_SHORT_OBS_ACTIVE_LIKE,low,観測期間<120日でactive様（flat_tail<60）。経過観察で十分なことが多い。,64.9,6.4,"obs_days=72.7, n_samples=1075, quality=QUALITY_SHORT_OBS -> insufficient/uncertain data",観測期間・サンプル数・カウンタ整合性のいずれかが不足しており信頼できる判定ができません。review_priorityに従い追加データ収集または手動レビューを行ってください。,v2.0-final,v2.0-final,v2.0-final,0.0,,,,,0.0,-1.0,n/a,ThinkPad X1 Carbon Gen 14,COSMX,5B11M90162,2026-06-03T16:38:27
LAPTOP-B21SDAHL_Nile,399,2025-12-16 10:39:56,2026-01-14 12:53:30,29.09,0.5,5.714,18,6,0,1,0,0,1,QUALITY_COUNTER_RESET,58030.0,58980.0,56590.0,59030.0,22,24,3,21,2026-01-09 19:10:56,4.7,82.503,7.0,25.0,18.0,226.01,133.333,6,6,4.21,101.69,False,False,4.7,0.0,0.0,2.0,100.0,98.0,0.1806,0.1808,0.1326,0,0,0,0,6,4,10,0,0,,1.0,0,0,,1.0,0,0,,1.0,0,0,0,0,0,0,7,5,12,0,0,,1.0,0,0,,1.0,0,0,,1.0,0,0,0,0,0,0,6,5,11,0,0,,1.0,0,0,,1.0,0,0,,1.0,0,0,,,,False,False,False,False,False,REVIEW_INSUFFICIENT_DATA,ACTION_COLLECT_MORE_DATA_OR_MANUAL_REVIEW,review,REVIEW_COUNTER_RESET,,,REVIEW_COUNTER_RESET,high,cycleCountが減少（カウンタリセット/パック異常疑い）。生ログ確認が必要。,44.4,0.8,"obs_days=29.1, n_samples=399, quality=QUALITY_COUNTER_RESET -> insufficient/uncertain data",観測期間・サンプル数・カウンタ整合性のいずれかが不足しており信頼できる判定ができません。review_priorityに従い追加データ収集または手動レビューを行ってください。,v2.0-final,v2.0-final,v2.0-final,0.0,,,,,0.0,-1.0,n/a,ThinkPad X1 2-in-1 Gen 11,SMP,5B11M90163,2026-06-03T16:38:27
LAPTOP-BD8L6116_Think,469,2025-05-21 16:56:12,2025-07-10 10:09:44,49.72,0.5,2.462,17,6,0,0,0,0,1,QUALITY_SHORT_OBS,55390.0,53510.0,53510.0,60200.0,8,7,1,6,2025-07-02 10:43:58,8.0,14.079,13.0,29.0,16.0,117.54,43.75,6,6,12.22,97.77,False,False,8.0,2.0,91.58,6.0,100.0,94.0,0.66,0.4653,0.0321,0,0,0,0,1,6,7,0,0,,1.0,0,0,,1.0,0,0,,1.0,0,0,0,0,0,0,4,6,10,0,0,,0.25,0,0,,0.5,0,0,,0.5,0,0,0,0,0,0,2,6,8,0,0,,0.5,0,0,,1.0,0,0,,1.0,0,0,,,,False,False,False,False,False,REVIEW_INSUFFICIENT_DATA,ACTION_COLLECT_MORE_DATA_OR_MANUAL_REVIEW,review,REVIEW_SHORT_OBS_ACTIVE_LIKE,,,REVIEW_SHORT_OBS_ACTIVE_LIKE,low,観測期間<120日でactive様（flat_tail<60）。経過観察で十分なことが多い。,58.5,6.7,"obs_days=49.7, n_samples=469, quality=QUALITY_SHORT_OBS -> insufficient/uncertain data",観測期間・サンプル数・カウンタ整合性のいずれかが不足しており信頼できる判定ができません。review_priorityに従い追加データ収集または手動レビューを行ってください。,v2.0-final,v2.0-final,v2.0-final,0.0,,,,,0.0,-1.0,n/a,ThinkPad X13 Gen 5,SMP,5B11M90048,2026-06-03T16:38:27
LAPTOP-C1EEVLRC_86138,718,2024-03-26 10:39:57,2024-05-22 13:30:48,57.12,0.5,10.117,51,8,0,0,0,0,1,QUALITY_SHORT_OBS,58360.0,57560.0,56100.0,60150.0,32,33,6,27,2024-05-21 09:33:00,1.2,57.773,22.0,50.0,28.0,179.04,117.857,9,8,7.1,100.93,False,False,1.2,0.0,0.0,21.0,100.0,79.0,0.4649,0.2436,0.0,0,0,0,0,2,7,9,0,0,,1.0,0,0,,1.0,0,0,,1.0,0,0,0,0,0,0,8,10,18,0,0,,1.0,0,0,,1.0,0,0,,1.0,0,0,0,0,0,0,3,7,10,0,0,,1.0,0,0,,1.0,0,0,,1.0,0,0,,,,False,False,False,False,False,REVIEW_INSUFFICIENT_DATA,ACTION_COLLECT_MORE_DATA_OR_MANUAL_REVIEW,review,REVIEW_SHORT_OBS_ACTIVE_LIKE,,,REVIEW_SHORT_OBS_ACTIVE_LIKE,low,観測期間<120日でactive様（flat_tail<60）。経過観察で十分なことが多い。,54.5,5.2,"obs_days=57.1, n_samples=718, quality=QUALITY_SHORT_OBS -> insufficient/uncertain data",観測期間・サンプル数・カウンタ整合性のいずれかが不足しており信頼できる判定ができません。review_priorityに従い追加データ収集または手動レビューを行ってください。,v2.0-final,v2.0-final,v2.0-final,0.0,,,,,0.0,-1.0,n/a,ThinkPad X1 Carbon Gen 12,Celxpert,5B11H56384,2026-06-03T16:38:27
LAPTOP-C2TA9AP9_Thames-2_LNL_BE_SIT,279,2024-11-27 12:31:28,2025-04-24 15:46:16,148.14,0.319,72.161,64,37,0,0,0,0,1,QUALITY_SPARSE,57200.0,57120.0,57120.0,57200.0,8,7,0,7,2025-04-04 15:47:32,20.0,4.725,1.0,8.0,7.0,17.26,100.0,0,0,0.14,100.16,False,False,20.0,0.0,0.0,42.0,100.0,58.0,0.2263,0.0351,0.0,0,0,0,0,0,0,0,0,0,,,0,0,,,0,0,,,0,0,0,0,0,0,0,1,1,0,0,,,0,0,,,0,0,,,0,0,0,0,0,0,0,0,0,0,0,,,0,0,,,0,0,,,0,0,,,,False,False,False,False,False,NORMAL_OR_RESPONDING,ACTION_NONE,high,NOT_NO_LOW_CHANGE_CANDIDATE,,,,,,52.9,8.3,"flat_tail=20.0d, fcc_changes=7, tail_cyc=0.0, tail_ok[90/80]=0/0, unresp_complete[90/80]=0/0, large_gap[90/80]=0/0 -> FCC still updating / not a no-low-change candidate",,v2.0-final,v2.0-final,v2.0-final,0.0,,,,,0.0,-1.0,n/a,ThinkPad X1 Carbon Gen 13,BYD,5B11M90100,2026-06-03T16:38:27
LAPTOP-CIKD46CF_Zeus2,403,2023-09-11 11:51:57,2024-06-11 17:02:21,274.22,0.5,17.081,30,16,0,0,0,0,1,QUALITY_OK,48840.0,47420.0,47310.0,49180.0,16,15,5,10,2024-06-11 15:10:40,0.1,5.47,16.0,24.0,8.0,10.66,187.5,14,11,3.77,95.66,False,False,0.1,0.0,0.0,92.0,100.0,8.0,0.1279,1.0,0.0,0,0,0,0,0,3,3,0,0,,,0,0,,,0,0,,,0,0,0,0,0,0,0,3,3,0,0,,,0,0,,,0,0,,,0,0,0,0,0,0,0,3,3,0,0,,,0,0,,,0,0,,,0,0,,,,False,False,False,False,False,NORMAL_OR_RESPONDING,ACTION_NONE,high,NOT_NO_LOW_CHANGE_CANDIDATE,,,,,,67.3,10.0,"flat_tail=0.1d, fcc_changes=15, tail_cyc=0.0, tail_ok[90/80]=0/0, unresp_complete[90/80]=0/0, large_gap[90/80]=0/0 -> FCC still updating / not a no-low-change candidate",,v2.0-final,v2.0-final,v2.0-final,0.0,,,,,0.0,-1.0,n/a,ThinkPad X1 Nano Gen 2,SMP,5B11F28680,2026-06-03T16:38:27
LAPTOP-CJP1C30S_TM2,1725,2025-06-06 04:36:31,2025-09-05 02:05:22,90.9,0.017,0.5,23,11,0,0,0,0,1,QUALITY_SHORT_OBS,58490.0,62730.0,58430.0,62730.0,4,3,1,2,2025-07-07 02:42:28,60.0,3.3,7.0,10.0,3.0,12.05,100.0,1,1,7.54,109.99,False,False,60.0,2.0,12.18,9.0,100.0,91.0,0.3921,0.3286,0.0425,0,0,0,0,0,2,2,0,0,,,0,0,,,0,0,,,0,0,0,0,0,0,0,2,2,0,0,,,0,0,,,0,0,,,0,0,0,0,0,0,0,2,2,0,0,,,0,0,,,0,0,,,0,0,,,,False,False,False,False,False,REVIEW_INSUFFICIENT_DATA,ACTION_COLLECT_MORE_DATA_OR_MANUAL_REVIEW,review,REVIEW_SHORT_OBS_STALE_OR_VERY_STALE,,,REVIEW_SHORT_OBS_STALE_OR_VERY_STALE,high,観測期間<120日だがflat_tail>=60日（stale様）。優先的に追加観測。,61.8,15.4,"obs_days=90.9, n_samples=1725, quality=QUALITY_SHORT_OBS -> insufficient/uncertain data",観測期間・サンプル数・カウンタ整合性のいずれかが不足しており信頼できる判定ができません。review_priorityに従い追加データ収集または手動レビューを行ってください。,v2.0-final,v2.0-final,v2.0-final,0.0,,,,,0.0,-1.0,n/a,ThinkPad X1 Carbon Gen 13,SMP,5B11M90097,2026-06-03T16:38:27
LAPTOP-CPPVM862_LL,3698,2023-02-06 10:52:10,2024-09-18 09:20:24,589.94,0.5,12.45,240,76,0,0,0,0,1,QUALITY_OK,54380.0,52440.0,52440.0,54380.0,2,1,0,1,2023-03-14 21:03:24,553.5,0.17,67.0,140.0,73.0,45.2,1.37,1,1,3.67,99.32,False,False,553.5,63.0,41.57,5.0,100.0,95.0,0.8289,0.4388,0.0005,0,0,0,0,0,1,1,0,0,,,0,0,,,0,0,,,0,0,1,1,2,2,3,2,5,1,0,0.0,0.6667,1,0,0.0,0.6667,1,0,0.0,0.6667,1,0,0,0,0,0,0,2,2,0,0,,,0,0,,,0,0,,,0,0,0.0,0.0,0.0,False,True,True,True,True,WATCH_LOW_UPDATE_RATE_AMBIGUOUS,ACTION_MONITOR_OR_MANUAL_REVIEW,low,WATCH_OTHER_AMBIGUOUS,,WATCH_OTHER_AMBIGUOUS,,,,64.9,76.0,"flat_tail=553.5d, fcc_changes=1, tail_cyc=63.0, tail_ok[90/80]=0/1, unresp_complete[90/80]=0/1, large_gap[90/80]=0/1 -> ambiguous (watch)",FCC更新率は低いが完全凍結ではない/学習機会がlarge-gapまたは打ち切りで確証が弱い/境界的のため、FW確認に回す前にモニタリングまたは手動レビューを推奨します。,v2.0-final,v2.0-final,v2.0-final,1.0,0.095,0.0,-0.095,-0.324,19.3,1.0,MIXED,ThinkPad X13 Yoga Gen 3,LG,5B11A14635,2026-06-03T16:38:27
LAPTOP-CU8DTV76_CamTest,396,2024-11-06 15:38:45,2024-11-20 17:37:50,14.08,0.5,0.577,6,2,0,1,0,0,1,QUALITY_COUNTER_RESET,56380.0,56900.0,56380.0,56940.0,6,7,2,5,2024-11-14 11:28:59,6.3,49.716,8.0,12.0,4.0,103.76,175.0,1,1,0.98,99.77,False,False,6.3,0.0,0.0,77.0,100.0,23.0,0.9394,0.8692,0.0,0,0,0,0,0,1,1,0,0,,,0,0,,,0,0,,,0,0,0,0,0,0,0,1,1,0,0,,,0,0,,,0,0,,,0,0,0,0,0,0,0,1,1,0,0,,,0,0,,,0,0,,,0,0,,,,False,False,False,False,False,REVIEW_INSUFFICIENT_DATA,ACTION_COLLECT_MORE_DATA_OR_MANUAL_REVIEW,review,REVIEW_COUNTER_RESET,,,REVIEW_COUNTER_RESET,high,cycleCountが減少（カウンタリセット/パック異常疑い）。生ログ確認が必要。,59.8,1.0,"obs_days=14.1, n_samples=396, quality=QUALITY_COUNTER_RESET -> insufficient/uncertain data",観測期間・サンプル数・カウンタ整合性のいずれかが不足しており信頼できる判定ができません。review_priorityに従い追加データ収集または手動レビューを行ってください。,v2.0-final,v2.0-final,v2.0-final,0.0,,,,,0.0,-1.0,n/a,ThinkPad X1 Carbon Gen 13,BYD,5B11M90100,2026-06-03T16:38:27
LAPTOP-D986V7T9_EAASIT1.12,478,2025-03-03 20:08:10,2025-09-02 13:01:25,182.7,0.5,5.207,23,15,0,0,0,0,1,QUALITY_OK,53160.0,53460.0,52580.0,53470.0,8,7,2,5,2025-08-25 10:57:16,8.1,3.831,14.0,18.0,4.0,8.0,175.0,4,4,1.56,93.79,False,False,8.1,0.0,0.0,52.0,100.0,48.0,0.7572,0.2848,0.0,0,0,0,0,0,1,1,0,0,,,0,0,,,0,0,,,0,0,0,0,0,0,0,1,1,0,0,,,0,0,,,0,0,,,0,0,0,0,0,0,0,1,1,0,0,,,0,0,,,0,0,,,0,0,,,,False,False,False,False,False,NORMAL_OR_RESPONDING,ACTION_NONE,high,NOT_NO_LOW_CHANGE_CANDIDATE,,,,,,66.5,11.3,"flat_tail=8.1d, fcc_changes=7, tail_cyc=0.0, tail_ok[90/80]=0/0, unresp_complete[90/80]=0/0, large_gap[90/80]=0/0 -> FCC still updating / not a no-low-change candidate",,v2.0-final,v2.0-final,v2.0-final,0.0,,,,,0.0,-1.0,n/a,ThinkPad X1 Carbon Gen 12,Sunwoda,5B11H56385,2026-06-03T16:38:27
LAPTOP-DCOJFCQ0_TM_X1_MTL,5968,2024-03-26 16:02:24,2025-03-15 15:49:44,353.99,0.5,6.259,317,41,0,2,0,0,1,QUALITY_COUNTER_RESET,57040.0,49610.0,47020.0,59390.0,100,122,14,108,2025-03-12 21:21:20,2.8,34.464,2.0,103.0,101.0,104.21,120.792,26,26,21.69,86.99,False,False,2.8,0.0,0.0,61.0,100.0,39.0,0.9109,0.8274,0.0,0,0,0,0,3,11,14,0,0,,1.0,0,0,,1.0,0,0,,1.0,0,0,0,0,0,0,14,26,40,0,0,,0.9286,0,0,,0.9286,0,0,,0.9286,0,0,0,0,0,0,5,15,20,0,0,,1.0,0,0,,1.0,0,0,,1.0,0,0,,,,False,False,False,False,False,REVIEW_INSUFFICIENT_DATA,ACTION_COLLECT_MORE_DATA_OR_MANUAL_REVIEW,review,REVIEW_COUNTER_RESET,,,REVIEW_COUNTER_RESET,high,cycleCountが減少（カウンタリセット/パック異常疑い）。生ログ確認が必要。,58.7,0.5,"obs_days=354.0, n_samples=5968, quality=QUALITY_COUNTER_RESET -> insufficient/uncertain data",観測期間・サンプル数・カウンタ整合性のいずれかが不足しており信頼できる判定ができません。review_priorityに従い追加データ収集または手動レビューを行ってください。,v2.0-final,v2.0-final,v2.0-final,0.0,,,,,0.0,-1.0,n/a,ThinkPad X1 2-in-1 Gen 9,BYD,5B11H56386,2026-06-03T16:38:27
LAPTOP-DDJ0EVTT_T14s2in1,1497,2026-01-28 12:13:32,2026-05-27 14:03:48,119.08,0.5,10.986,106,17,0,0,0,0,1,QUALITY_SHORT_OBS,59050.0,57210.0,57210.0,59320.0,33,32,1,31,2026-05-27 13:33:48,0.0,26.873,0.0,30.0,30.0,92.02,106.667,2,2,3.64,98.64,False,False,0.0,0.0,0.0,97.0,100.0,3.0,1.0,0.0,0.0,0,0,0,0,0,4,4,0,0,,,0,0,,,0,0,,,0,0,0,0,0,0,0,4,4,0,0,,,0,0,,,0,0,,,0,0,0,0,0,0,0,4,4,0,0,,,0,0,,,0,0,,,0,0,,,,False,False,False,False,False,REVIEW_INSUFFICIENT_DATA,ACTION_COLLECT_MORE_DATA_OR_MANUAL_REVIEW,review,REVIEW_SHORT_OBS_ACTIVE_LIKE,,,REVIEW_SHORT_OBS_ACTIVE_LIKE,low,観測期間<120日でactive様（flat_tail<60）。経過観察で十分なことが多い。,65.0,5.0,"obs_days=119.1, n_samples=1497, quality=QUALITY_SHORT_OBS -> insufficient/uncertain data",観測期間・サンプル数・カウンタ整合性のいずれかが不足しており信頼できる判定ができません。review_priorityに従い追加データ収集または手動レビューを行ってください。,v2.0-final,v2.0-final,v2.0-final,0.0,,,,,0.0,-1.0,n/a,ThinkPad T14s 2-in-1 Gen 2,SMP,5B11M90163,2026-06-03T16:38:27
LAPTOP-E1AAB86F_X1_2-1,6371,2024-02-01 13:11:56,2025-03-03 10:27:18,395.89,0.5,8.049,434,28,0,0,0,0,1,QUALITY_OK,57040.0,48480.0,48410.0,59240.0,217,259,21,238,2025-03-03 07:02:11,0.1,65.422,1.0,229.0,228.0,210.35,113.596,41,40,18.99,85.01,False,False,0.1,0.0,0.0,29.0,93.0,64.0,0.0,0.0,0.0,0,0,0,0,6,39,45,0,0,,1.0,0,0,,1.0,0,0,,1.0,0,0,0,0,0,0,33,65,98,0,0,,1.0,0,0,,1.0,0,0,,1.0,0,0,0,0,0,0,8,46,54,0,0,,1.0,0,0,,1.0,0,0,,1.0,0,0,,,,False,False,False,False,False,NORMAL_OR_RESPONDING,ACTION_NONE,high,NOT_NO_LOW_CHANGE_CANDIDATE,,,,,,50.0,10.0,"flat_tail=0.1d, fcc_changes=259, tail_cyc=0.0, tail_ok[90/80]=0/0, unresp_complete[90/80]=0/0, large_gap[90/80]=0/0 -> FCC still updating / not a no-low-change candidate",,v2.0-final,v2.0-final,v2.0-final,0.0,,,,,0.0,-1.0,n/a,ThinkPad X1 2-in-1 Gen 9,Celxpert,5B11H56384,2026-06-03T16:38:27
LAPTOP-E1N6C0NF_Nile,1395,2025-12-11 05:58:43,2026-03-11 09:12:53,90.13,0.003,0.5,28,9,0,0,0,0,1,QUALITY_SHORT_OBS,58030.0,58000.0,58000.0,58030.0,4,3,0,3,2026-03-11 09:12:53,0.0,3.329,1.0,7.0,6.0,24.31,50.0,0,0,0.05,100.0,False,False,0.0,0.0,,99.0,99.0,0.0,,,,0,0,0,0,0,1,1,0,0,,,0,0,,,0,0,,,0,0,0,0,0,0,0,1,1,0,0,,,0,0,,,0,0,,,0,0,0,0,0,0,0,1,1,0,0,,,0,0,,,0,0,,,0,0,,,,False,False,False,False,False,REVIEW_INSUFFICIENT_DATA,ACTION_COLLECT_MORE_DATA_OR_MANUAL_REVIEW,review,REVIEW_SHORT_OBS_ACTIVE_LIKE,,,REVIEW_SHORT_OBS_ACTIVE_LIKE,low,観測期間<120日でactive様（flat_tail<60）。経過観察で十分なことが多い。,65.0,5.0,"obs_days=90.1, n_samples=1395, quality=QUALITY_SHORT_OBS -> insufficient/uncertain data",観測期間・サンプル数・カウンタ整合性のいずれかが不足しており信頼できる判定ができません。review_priorityに従い追加データ収集または手動レビューを行ってください。,v2.0-final,v2.0-final,v2.0-final,0.0,,,,,0.0,-1.0,n/a,ThinkPad X1 2-in-1 Gen 11,SMP,5B11M90163,2026-06-03T16:38:27
LAPTOP-ENFNG5MU_1,16329,2025-12-03 13:31:27,2026-03-09 09:24:24,95.83,0.002,0.5,47,12,0,0,0,0,1,QUALITY_SHORT_OBS,58030.0,57900.0,57900.0,58030.0,10,9,0,9,2026-02-04 16:17:17,32.7,9.392,3.0,20.0,17.0,64.79,52.941,0,0,0.22,99.83,False,False,32.7,0.0,0.0,89.0,100.0,11.0,1.0,0.1143,0.0,0,0,0,0,0,0,0,0,0,,,0,0,,,0,0,,,0,0,0,0,0,0,0,1,1,0,0,,,0,0,,,0,0,,,0,0,0,0,0,0,0,0,0,0,0,,,0,0,,,0,0,,,0,0,,,,False,False,False,False,False,REVIEW_INSUFFICIENT_DATA,ACTION_COLLECT_MORE_DATA_OR_MANUAL_REVIEW,review,REVIEW_SHORT_OBS_ACTIVE_LIKE,,,REVIEW_SHORT_OBS_ACTIVE_LIKE,low,観測期間<120日でactive様（flat_tail<60）。経過観察で十分なことが多い。,70.5,10.4,"obs_days=95.8, n_samples=16329, quality=QUALITY_SHORT_OBS -> insufficient/uncertain data",観測期間・サンプル数・カウンタ整合性のいずれかが不足しており信頼できる判定ができません。review_priorityに従い追加データ収集または手動レビューを行ってください。,v2.0-final,v2.0-final,v2.0-final,0.0,,,,,0.0,-1.0,n/a,ThinkPad X1 Carbon Gen 14,ATL,5B11M90161,2026-06-03T16:38:27
LAPTOP-EVNV9CFQ_Monica,1201,2024-11-15 10:12:54,2025-03-27 14:53:07,132.19,0.5,14.472,83,23,0,0,0,0,1,QUALITY_OK,57040.0,58590.0,57040.0,58610.0,16,15,3,12,2025-03-21 10:07:37,6.2,11.347,1.0,15.0,14.0,38.68,107.143,3,3,2.75,102.74,False,False,6.2,0.0,0.0,75.0,100.0,25.0,0.7838,0.6252,0.0,0,0,0,0,0,1,1,0,0,,,0,0,,,0,0,,,0,0,0,0,0,0,0,4,4,0,0,,,0,0,,,0,0,,,0,0,0,0,0,0,0,3,3,0,0,,,0,0,,,0,0,,,0,0,,,,False,False,False,False,False,NORMAL_OR_RESPONDING,ACTION_NONE,high,NOT_NO_LOW_CHANGE_CANDIDATE,,,,,,66.7,11.0,"flat_tail=6.2d, fcc_changes=15, tail_cyc=0.0, tail_ok[90/80]=0/0, unresp_complete[90/80]=0/0, large_gap[90/80]=0/0 -> FCC still updating / not a no-low-change candidate",,v2.0-final,v2.0-final,v2.0-final,0.0,,,,,0.0,-1.0,n/a,ThinkPad X1 Carbon Gen 13,BYD,5B11M90100,2026-06-03T16:38:27
LAPTOP-FEFDP1D9_test,1988,2026-01-06 00:36:21,2026-06-01 08:32:36,146.33,0.493,2.59,91,22,0,0,0,0,1,QUALITY_OK,58030.0,57450.0,57450.0,58100.0,46,45,1,44,2026-05-29 17:36:51,2.6,30.752,2.0,46.0,44.0,109.83,102.273,2,2,1.12,99.05,False,False,2.6,0.0,0.0,38.0,85.0,47.0,1.0,0.0,0.0,0,0,0,0,0,1,1,0,0,,,0,0,,,0,0,,,0,0,0,0,0,0,0,1,1,0,0,,,0,0,,,0,0,,,0,0,0,0,0,0,0,1,1,0,0,,,0,0,,,0,0,,,0,0,,,,False,False,False,False,False,NORMAL_OR_RESPONDING,ACTION_NONE,high,NOT_NO_LOW_CHANGE_CANDIDATE,,,,,,70.4,10.4,"flat_tail=2.6d, fcc_changes=45, tail_cyc=0.0, tail_ok[90/80]=0/0, unresp_complete[90/80]=0/0, large_gap[90/80]=0/0 -> FCC still updating / not a no-low-change candidate",,v2.0-final,v2.0-final,v2.0-final,0.0,,,,,0.0,-1.0,n/a,ThinkPad X1 Carbon Gen 14,Sunwoda,5B11M90160,2026-06-03T16:38:27
LAPTOP-FG0TTKQT_amurugan1,2103,2025-03-20 19:56:45,2025-06-26 15:51:49,97.83,0.5,3.278,62,11,0,0,0,0,1,QUALITY_SHORT_OBS,57620.0,56460.0,55840.0,57620.0,31,43,5,38,2025-06-26 13:51:49,0.1,43.954,1.0,35.0,34.0,126.94,126.471,10,10,3.12,99.0,False,False,0.1,0.0,0.0,79.0,100.0,21.0,1.0,0.5,0.0,0,0,0,0,0,0,0,0,0,,,0,0,,,0,0,,,0,0,0,0,0,0,1,3,4,0,0,,1.0,0,0,,1.0,0,0,,1.0,0,0,0,0,0,0,0,2,2,0,0,,,0,0,,,0,0,,,0,0,,,,False,False,False,False,False,REVIEW_INSUFFICIENT_DATA,ACTION_COLLECT_MORE_DATA_OR_MANUAL_REVIEW,review,REVIEW_SHORT_OBS_ACTIVE_LIKE,,,REVIEW_SHORT_OBS_ACTIVE_LIKE,low,観測期間<120日でactive様（flat_tail<60）。経過観察で十分なことが多い。,65.0,5.0,"obs_days=97.8, n_samples=2103, quality=QUALITY_SHORT_OBS -> insufficient/uncertain data",観測期間・サンプル数・カウンタ整合性のいずれかが不足しており信頼できる判定ができません。review_priorityに従い追加データ収集または手動レビューを行ってください。,v2.0-final,v2.0-final,v2.0-final,0.0,,,,,0.0,-1.0,n/a,ThinkPad X1 Carbon Gen 13,Celxpert,5B11M90098,2026-06-03T16:38:27
LAPTOP-G59PGF6O_Avon,947,2026-02-05 00:53:07,2026-05-08 08:32:48,92.32,0.5,10.602,88,12,0,1,0,0,1,QUALITY_COUNTER_RESET,58550.0,56520.0,55500.0,58580.0,43,47,5,42,2026-05-07 14:38:28,0.7,50.91,1.0,37.0,36.0,142.43,130.556,10,10,5.31,97.45,False,False,0.7,0.0,0.0,90.0,100.0,10.0,0.7065,0.4716,0.0,0,0,0,0,0,9,9,0,0,,,0,0,,,0,0,,,0,0,0,0,0,0,3,13,16,0,0,,1.0,0,0,,1.0,0,0,,1.0,0,0,0,0,0,0,2,11,13,0,0,,1.0,0,0,,1.0,0,0,,1.0,0,0,,,,False,False,False,False,False,REVIEW_INSUFFICIENT_DATA,ACTION_COLLECT_MORE_DATA_OR_MANUAL_REVIEW,review,REVIEW_COUNTER_RESET,,,REVIEW_COUNTER_RESET,high,cycleCountが減少（カウンタリセット/パック異常疑い）。生ログ確認が必要。,56.8,0.1,"obs_days=92.3, n_samples=947, quality=QUALITY_COUNTER_RESET -> insufficient/uncertain data",観測期間・サンプル数・カウンタ整合性のいずれかが不足しており信頼できる判定ができません。review_priorityに従い追加データ収集または手動レビューを行ってください。,v2.0-final,v2.0-final,v2.0-final,0.0,,,,,0.0,-1.0,n/a,ThinkPad X1 2-in-1 Gen 11,SMP,5B11M90163,2026-06-03T16:38:27
LAPTOP-GAVGVR9P_panjun1,3757,2025-03-14 17:27:30,2026-02-11 09:16:31,333.66,0.5,11.219,226,57,0,0,0,0,1,QUALITY_OK,48790.0,52210.0,46240.0,56000.0,197,211,27,184,2026-01-20 08:19:26,22.0,63.238,143.0,320.0,177.0,193.76,119.209,52,49,17.11,91.55,False,False,22.0,0.0,0.0,1.0,65.0,64.0,0.1297,0.0,0.4065,0,0,0,0,4,28,32,0,0,,1.0,0,0,,1.0,0,0,,1.0,0,0,0,0,0,0,5,56,61,0,0,,1.0,0,0,,1.0,0,0,,1.0,0,0,0,0,0,0,5,39,44,0,0,,1.0,0,0,,1.0,0,0,,1.0,0,0,,,,False,False,False,False,False,NORMAL_OR_RESPONDING,ACTION_NONE,high,NOT_NO_LOW_CHANGE_CANDIDATE,,,,,,56.3,13.7,"flat_tail=22.0d, fcc_changes=211, tail_cyc=0.0, tail_ok[90/80]=0/0, unresp_complete[90/80]=0/0, large_gap[90/80]=0/0 -> FCC still updating / not a no-low-change candidate",,v2.0-final,v2.0-final,v2.0-final,0.0,,,,,0.0,-1.0,n/a,ThinkPad X1 Carbon Gen 13,BYD,5B11M90100,2026-06-03T16:38:27
LAPTOP-GGLFATQJ_kazuk,3212,2023-02-08 07:36:25,2023-10-13 19:12:21,247.48,0.5,1.651,72,13,0,0,0,0,1,QUALITY_OK,43560.0,43130.0,42230.0,45190.0,77,98,50,48,2023-10-09 01:10:25,4.8,39.599,174.0,223.0,49.0,72.32,200.0,81,74,5.47,79.78,False,False,4.8,0.0,0.0,100.0,100.0,0.0,1.0,1.0,0.0,0,0,0,0,5,15,20,0,0,,1.0,0,0,,1.0,0,0,,1.0,0,0,0,0,0,0,7,17,24,0,0,,1.0,0,0,,1.0,0,0,,1.0,0,0,0,0,0,0,6,15,21,0,0,,1.0,0,0,,1.0,0,0,,1.0,0,0,,,,False,False,False,False,False,NORMAL_OR_RESPONDING,ACTION_NONE,high,NOT_NO_LOW_CHANGE_CANDIDATE,,,,,,70.8,10.8,"flat_tail=4.8d, fcc_changes=98, tail_cyc=0.0, tail_ok[90/80]=0/0, unresp_complete[90/80]=0/0, large_gap[90/80]=0/0 -> FCC still updating / not a no-low-change candidate",,v2.0-final,v2.0-final,v2.0-final,0.0,,,,,0.0,-1.0,n/a,ThinkPad X1 Yoga 3rd,SMP,02DL003,2026-06-03T16:38:27
LAPTOP-H0IEOCT5_zuyin,2871,2024-09-20 19:03:02,2025-05-12 11:57:55,233.7,0.5,9.526,212,23,0,0,0,0,1,QUALITY_OK,93400.0,84010.0,84010.0,93400.0,25,24,0,24,2025-05-05 09:53:32,7.1,10.27,6.0,24.0,18.0,28.13,133.333,7,7,10.44,93.34,False,False,7.1,0.0,0.0,84.0,100.0,16.0,0.9476,0.9213,0.0,0,0,0,0,0,2,2,0,0,,,0,0,,,0,0,,,0,0,0,0,0,0,0,4,4,0,0,,,0,0,,,0,0,,,0,0,0,0,0,0,0,4,4,0,0,,,0,0,,,0,0,,,0,0,,,,False,False,False,False,False,NORMAL_OR_RESPONDING,ACTION_NONE,high,NOT_NO_LOW_CHANGE_CANDIDATE,,,,,,70.1,11.2,"flat_tail=7.1d, fcc_changes=24, tail_cyc=0.0, tail_ok[90/80]=0/0, unresp_complete[90/80]=0/0, large_gap[90/80]=0/0 -> FCC still updating / not a no-low-change candidate",,v2.0-final,v2.0-final,v2.0-final,0.0,,,,,0.0,-1.0,n/a,ThinkPad P1 Gen 7,Sunwoda,5B11M37553,2026-06-03T16:38:27
LAPTOP-H11NV2VL_hwpa,651,2024-10-30 12:38:45,2025-04-01 13:51:53,153.05,0.5,15.0,56,14,0,0,0,0,1,QUALITY_OK,52580.0,54600.0,52580.0,55650.0,5,4,2,2,2025-03-11 17:09:20,20.9,2.614,0.0,20.0,20.0,47.73,20.0,4,4,5.91,105.06,False,False,20.9,4.0,70.03,12.0,100.0,88.0,0.2171,0.0612,0.0853,0,0,0,0,0,2,2,0,0,,,0,0,,,0,0,,,0,0,0,1,1,1,0,5,5,0,0,,,0,0,,,0,0,,,0,0,0,1,1,1,0,3,3,0,0,,,0,0,,,0,0,,,0,0,,,,False,False,False,False,False,NORMAL_OR_RESPONDING,ACTION_NONE,high,NOT_NO_LOW_CHANGE_CANDIDATE,,,,,,43.3,14.3,"flat_tail=20.9d, fcc_changes=4, tail_cyc=4.0, tail_ok[90/80]=0/0, unresp_complete[90/80]=0/0, large_gap[90/80]=0/1 -> FCC still updating / not a no-low-change candidate",,v2.0-final,v2.0-final,v2.0-final,0.0,,,,,0.0,-1.0,n/a,ThinkPad Z13 Gen 2,SMP,5B11M90082,2026-06-03T16:38:27
LAPTOP-H1CK928J_rreaves,4847,2023-10-30 06:10:11,2025-05-18 18:42:32,566.52,0.5,2.889,150,33,0,0,0,0,1,QUALITY_OK,16430.0,15850.0,14550.0,16430.0,9,8,1,7,2025-05-18 09:48:51,0.4,1.412,1.0,108.0,107.0,68.99,7.477,7,7,11.44,96.47,False,False,0.4,0.0,0.0,79.0,100.0,21.0,0.812,0.0068,0.0,0,0,0,0,1,9,10,0,0,,0.0,0,0,,0.0,0,0,,0.0,0,0,0,0,0,0,3,15,18,0,0,,0.0,0,0,,0.0,0,0,,0.0,0,0,0,0,0,0,1,11,12,0,0,,0.0,0,0,,0.0,0,0,,0.0,0,0,,,,False,False,False,False,False,NORMAL_OR_RESPONDING,ACTION_NONE,high,NOT_NO_LOW_CHANGE_CANDIDATE,,,,,,66.3,10.1,"flat_tail=0.4d, fcc_changes=8, tail_cyc=0.0, tail_ok[90/80]=0/0, unresp_complete[90/80]=0/0, large_gap[90/80]=0/0 -> FCC still updating / not a no-low-change candidate",,v2.0-final,v2.0-final,v2.0-final,0.0,,,,,0.0,-1.0,n/a,ThinkPad X1 Fold 16 Gen 1,SMP,5B10W51897,2026-06-03T16:38:27
LAPTOP-HR5L43FU_Avon1,16290,2025-12-09 12:46:44,2025-12-11 19:04:39,2.26,0.001,0.002,1,0,0,0,0,0,1,QUALITY_SHORT_OBS,58030.0,58030.0,58030.0,58030.0,1,0,0,0,2025-12-09 12:46:44,2.3,0.0,1.0,4.0,3.0,484.85,0.0,0,0,0.0,100.05,True,False,2.3,3.0,484.32,34.0,100.0,66.0,0.4334,0.278,0.0,0,0,0,0,0,0,0,0,0,,,0,0,,,0,0,,,0,0,0,0,0,0,0,0,0,0,0,,,0,0,,,0,0,,,0,0,0,0,0,0,0,0,0,0,0,,,0,0,,,0,0,,,0,0,,,,False,False,False,False,False,REVIEW_INSUFFICIENT_DATA,ACTION_COLLECT_MORE_DATA_OR_MANUAL_REVIEW,review,REVIEW_SHORT_OBS_ACTIVE_LIKE,,,REVIEW_SHORT_OBS_ACTIVE_LIKE,low,観測期間<120日でactive様（flat_tail<60）。経過観察で十分なことが多い。,52.6,6.0,"obs_days=2.3, n_samples=16290, quality=QUALITY_SHORT_OBS -> insufficient/uncertain data",観測期間・サンプル数・カウンタ整合性のいずれかが不足しており信頼できる判定ができません。review_priorityに従い追加データ収集または手動レビューを行ってください。,v2.0-final,v2.0-final,v2.0-final,0.0,,,,,0.0,-1.0,n/a,ThinkPad X1 Carbon Gen 14,COSMX,5B11M90162,2026-06-03T16:38:27
LAPTOP-I551TCUQ_Eiger-1,442,2023-12-28 03:05:55,2024-02-29 18:18:33,63.63,0.5,13.577,52,11,0,0,0,0,1,QUALITY_SHORT_OBS,58050.0,55930.0,55930.0,59090.0,12,11,2,9,2024-02-29 11:48:33,0.3,17.287,2.0,10.0,8.0,45.92,137.5,5,5,5.45,96.43,False,False,0.3,0.0,0.0,100.0,100.0,0.0,1.0,1.0,0.0,0,0,0,0,0,2,2,0,0,,,0,0,,,0,0,,,0,0,0,0,0,0,0,6,6,0,0,,,0,0,,,0,0,,,0,0,0,0,0,0,0,4,4,0,0,,,0,0,,,0,0,,,0,0,,,,False,False,False,False,False,REVIEW_INSUFFICIENT_DATA,ACTION_COLLECT_MORE_DATA_OR_MANUAL_REVIEW,review,REVIEW_SHORT_OBS_ACTIVE_LIKE,,,REVIEW_SHORT_OBS_ACTIVE_LIKE,low,観測期間<120日でactive様（flat_tail<60）。経過観察で十分なことが多い。,65.0,5.0,"obs_days=63.6, n_samples=442, quality=QUALITY_SHORT_OBS -> insufficient/uncertain data",観測期間・サンプル数・カウンタ整合性のいずれかが不足しており信頼できる判定ができません。review_priorityに従い追加データ収集または手動レビューを行ってください。,v2.0-final,v2.0-final,v2.0-final,0.0,,,,,0.0,-1.0,n/a,ThinkPad T14s Gen 5,ATL,5B11H56408,2026-06-03T16:38:27
LAPTOP-IHE4MH4F_mriddle,1797,2026-04-16 15:27:42,2026-05-28 14:39:15,41.97,0.5,0.5,4,1,0,0,0,0,1,QUALITY_SHORT_OBS,90280.0,87690.0,86890.0,91150.0,15,14,2,12,2026-05-27 10:17:20,1.2,33.357,2.0,13.0,11.0,95.73,127.273,3,3,4.74,97.43,False,False,1.2,0.0,0.0,74.0,100.0,26.0,0.9174,0.9226,0.0,0,0,0,0,0,0,0,0,0,,,0,0,,,0,0,,,0,0,0,0,0,0,1,1,2,0,0,,1.0,0,0,,1.0,0,0,,1.0,0,0,0,0,0,0,0,1,1,0,0,,,0,0,,,0,0,,,0,0,,,,False,False,False,False,False,REVIEW_INSUFFICIENT_DATA,ACTION_COLLECT_MORE_DATA_OR_MANUAL_REVIEW,review,REVIEW_SHORT_OBS_ACTIVE_LIKE,,,REVIEW_SHORT_OBS_ACTIVE_LIKE,low,観測期間<120日でactive様（flat_tail<60）。経過観察で十分なことが多い。,63.5,5.2,"obs_days=42.0, n_samples=1797, quality=QUALITY_SHORT_OBS -> insufficient/uncertain data",観測期間・サンプル数・カウンタ整合性のいずれかが不足しており信頼できる判定ができません。review_priorityに従い追加データ収集または手動レビューを行ってください。,v2.0-final,v2.0-final,v2.0-final,0.0,,,,,0.0,-1.0,n/a,ThinkPad P1 Gen 9,COSMX,5B11M90164,2026-06-03T16:38:27
LAPTOP-II2JP927_Oak2-SVT-REX-1,1000,2024-04-25 12:01:32,2025-01-04 16:01:22,254.17,0.5,8.039,57,36,0,0,0,0,1,QUALITY_OK,89950.0,76160.0,76160.0,90200.0,25,24,2,22,2024-12-25 17:40:16,9.9,9.442,4.0,19.0,15.0,21.56,160.0,17,12,15.6,84.62,False,False,9.9,0.0,0.0,78.0,80.0,2.0,1.0,0.0,0.0,0,0,0,0,0,5,5,0,0,,,0,0,,,0,0,,,0,0,0,0,0,0,0,9,9,0,0,,,0,0,,,0,0,,,0,0,0,0,0,0,0,7,7,0,0,,,0,0,,,0,0,,,0,0,,,,False,False,False,False,False,NORMAL_OR_RESPONDING,ACTION_NONE,high,NOT_NO_LOW_CHANGE_CANDIDATE,,,,,,71.7,11.7,"flat_tail=9.9d, fcc_changes=24, tail_cyc=0.0, tail_ok[90/80]=0/0, unresp_complete[90/80]=0/0, large_gap[90/80]=0/0 -> FCC still updating / not a no-low-change candidate",,v2.0-final,v2.0-final,v2.0-final,0.0,,,,,0.0,-1.0,n/a,ThinkPad P16v Gen 2,Celxpert,5B11M90093,2026-06-03T16:38:27
LAPTOP-IJG7MG54_test,4423,2023-10-31 04:12:43,2023-11-20 09:36:44,20.23,0.024,0.5,8,2,0,0,0,0,1,QUALITY_SHORT_OBS,57350.0,56710.0,56710.0,57350.0,4,3,0,3,2023-11-17 15:25:19,2.8,14.829,8.0,10.0,2.0,36.11,150.0,1,1,1.12,99.44,False,False,2.8,0.0,0.0,97.0,100.0,3.0,0.9988,0.0614,0.0,0,0,0,0,0,1,1,0,0,,,0,0,,,0,0,,,0,0,0,0,0,0,0,1,1,0,0,,,0,0,,,0,0,,,0,0,0,0,0,0,0,1,1,0,0,,,0,0,,,0,0,,,0,0,,,,False,False,False,False,False,REVIEW_INSUFFICIENT_DATA,ACTION_COLLECT_MORE_DATA_OR_MANUAL_REVIEW,review,REVIEW_SHORT_OBS_ACTIVE_LIKE,,,REVIEW_SHORT_OBS_ACTIVE_LIKE,low,観測期間<120日でactive様（flat_tail<60）。経過観察で十分なことが多い。,65.4,5.5,"obs_days=20.2, n_samples=4423, quality=QUALITY_SHORT_OBS -> insufficient/uncertain data",観測期間・サンプル数・カウンタ整合性のいずれかが不足しており信頼できる判定ができません。review_priorityに従い追加データ収集または手動レビューを行ってください。,v2.0-final,v2.0-final,v2.0-final,0.0,,,,,0.0,-1.0,n/a,ThinkPad X1 Carbon Gen 12,Celxpert,5B11H56384,2026-06-03T16:38:27
LAPTOP-J2HRJNCI_Feng,1310,2024-01-24 01:20:08,2025-11-09 12:04:51,655.45,0.5,62.089,160,96,0,0,0,0,1,QUALITY_SPARSE,74950.0,71540.0,71540.0,77240.0,28,29,2,27,2025-10-26 17:39:13,13.8,4.424,2.0,25.0,23.0,12.82,126.087,23,10,7.6,95.39,False,False,13.8,0.0,0.0,60.0,100.0,40.0,0.9781,0.5279,0.0,0,0,0,0,0,1,1,0,0,,,0,0,,,0,0,,,0,0,0,0,0,0,0,4,4,0,0,,,0,0,,,0,0,,,0,0,0,0,0,0,0,3,3,0,0,,,0,0,,,0,0,,,0,0,,,,False,False,False,False,False,NORMAL_OR_RESPONDING,ACTION_NONE,high,NOT_NO_LOW_CHANGE_CANDIDATE,,,,,,66.9,7.3,"flat_tail=13.8d, fcc_changes=29, tail_cyc=0.0, tail_ok[90/80]=0/0, unresp_complete[90/80]=0/0, large_gap[90/80]=0/0 -> FCC still updating / not a no-low-change candidate",,v2.0-final,v2.0-final,v2.0-final,0.0,,,,,0.0,-1.0,n/a,ThinkPad T14p Gen 2,SMP,5B11H56401,2026-06-03T16:38:27
LAPTOP-J2L4OE0Q_ANakamura,2925,2025-12-23 18:00:42,2026-05-29 09:39:02,156.65,0.47,0.98,100,22,0,0,0,0,1,QUALITY_OK,58030.0,55830.0,54430.0,58510.0,69,68,4,64,2026-05-28 10:05:42,1.0,43.409,1.0,68.0,67.0,156.22,101.493,9,9,7.04,96.26,False,False,1.0,0.0,0.0,81.0,100.0,19.0,0.6465,0.7214,0.0,0,0,0,0,1,14,15,0,0,,1.0,0,0,,1.0,0,0,,1.0,0,0,0,0,0,0,3,18,21,0,0,,1.0,0,0,,1.0,0,0,,1.0,0,0,0,0,0,0,3,14,17,0,0,,1.0,0,0,,1.0,0,0,,1.0,0,0,,,,False,False,False,False,False,NORMAL_OR_RESPONDING,ACTION_NONE,high,NOT_NO_LOW_CHANGE_CANDIDATE,,,,,,63.8,10.2,"flat_tail=1.0d, fcc_changes=68, tail_cyc=0.0, tail_ok[90/80]=0/0, unresp_complete[90/80]=0/0, large_gap[90/80]=0/0 -> FCC still updating / not a no-low-change candidate",,v2.0-final,v2.0-final,v2.0-final,0.0,,,,,0.0,-1.0,n/a,ThinkPad X1 Carbon Gen 14,ATL,5B11M90161,2026-06-03T16:38:27
LAPTOP-J9M9N0H9_X9-14,1093,2025-01-13 15:47:37,2025-06-05 20:53:47,143.21,0.5,16.015,112,27,0,0,0,0,1,QUALITY_OK,55130.0,54920.0,54920.0,55130.0,19,18,0,18,2025-06-04 22:28:12,0.9,12.569,0.0,20.0,20.0,51.01,90.0,0,0,0.38,99.67,False,False,0.9,0.0,0.0,57.0,100.0,43.0,0.4791,0.696,0.0,0,0,0,0,0,2,2,0,0,,,0,0,,,0,0,,,0,0,0,0,0,0,0,2,2,0,0,,,0,0,,,0,0,,,0,0,0,0,0,0,0,2,2,0,0,,,0,0,,,0,0,,,0,0,,,,False,False,False,False,False,NORMAL_OR_RESPONDING,ACTION_NONE,high,NOT_NO_LOW_CHANGE_CANDIDATE,,,,,,59.7,10.2,"flat_tail=0.9d, fcc_changes=18, tail_cyc=0.0, tail_ok[90/80]=0/0, unresp_complete[90/80]=0/0, large_gap[90/80]=0/0 -> FCC still updating / not a no-low-change candidate",,v2.0-final,v2.0-final,v2.0-final,0.0,,,,,0.0,-1.0,n/a,ThinkPad X9-14 Gen 1,BYD,LNV-5B11M90101@,2026-06-03T16:38:27
LAPTOP-JHPGK11C_NL1SKU6SIT1LR,1730,2026-01-06 18:04:00,2026-01-20 16:38:51,13.94,0.04,0.5,2,1,0,0,0,0,1,QUALITY_SHORT_OBS,56900.0,56870.0,56870.0,56900.0,3,2,0,2,2026-01-09 15:40:46,11.0,14.347,9.0,11.0,2.0,52.4,100.0,0,0,0.05,98.05,False,False,11.0,0.0,0.0,2.0,100.0,98.0,0.8625,0.1469,0.0457,0,0,0,0,1,0,1,0,0,,1.0,0,0,,1.0,0,0,,1.0,0,0,0,0,0,0,1,0,1,0,0,,1.0,0,0,,1.0,0,0,,1.0,0,0,0,0,0,0,1,0,1,0,0,,1.0,0,0,,1.0,0,0,,1.0,0,0,,,,False,False,False,False,False,REVIEW_INSUFFICIENT_DATA,ACTION_COLLECT_MORE_DATA_OR_MANUAL_REVIEW,review,REVIEW_SHORT_OBS_ACTIVE_LIKE,,,REVIEW_SHORT_OBS_ACTIVE_LIKE,low,観測期間<120日でactive様（flat_tail<60）。経過観察で十分なことが多い。,64.1,6.8,"obs_days=13.9, n_samples=1730, quality=QUALITY_SHORT_OBS -> insufficient/uncertain data",観測期間・サンプル数・カウンタ整合性のいずれかが不足しており信頼できる判定ができません。review_priorityに従い追加データ収集または手動レビューを行ってください。,v2.0-final,v2.0-final,v2.0-final,0.0,,,,,0.0,-1.0,n/a,ThinkPad X1 2-in-1 Gen 11,COSMX,5B11M90162,2026-06-03T16:38:27
LAPTOP-JL4J612V_jnunez5,885,2025-01-06 08:48:48,2025-03-17 15:53:43,70.3,0.5,10.376,64,12,0,0,0,0,1,QUALITY_SHORT_OBS,81080.0,81610.0,81080.0,81610.0,3,2,2,0,2025-03-10 11:03:56,7.2,2.845,1.0,11.0,10.0,51.96,20.0,2,2,0.66,102.01,False,False,7.2,1.0,50.72,64.0,100.0,36.0,0.6952,0.5577,0.0,0,0,0,0,0,2,2,0,0,,,0,0,,,0,0,,,0,0,0,0,0,0,0,2,2,0,0,,,0,0,,,0,0,,,0,0,0,0,0,0,0,2,2,0,0,,,0,0,,,0,0,,,0,0,,,,False,False,False,False,False,REVIEW_INSUFFICIENT_DATA,ACTION_COLLECT_MORE_DATA_OR_MANUAL_REVIEW,review,REVIEW_SHORT_OBS_ACTIVE_LIKE,,,REVIEW_SHORT_OBS_ACTIVE_LIKE,low,観測期間<120日でactive様（flat_tail<60）。経過観察で十分なことが多い。,59.6,6.4,"obs_days=70.3, n_samples=885, quality=QUALITY_SHORT_OBS -> insufficient/uncertain data",観測期間・サンプル数・カウンタ整合性のいずれかが不足しており信頼できる判定ができません。review_priorityに従い追加データ収集または手動レビューを行ってください。,v2.0-final,v2.0-final,v2.0-final,0.0,,,,,0.0,-1.0,n/a,ThinkPad X9-15 Gen 1,BYD,L24B4PE2,2026-06-03T16:38:27
LAPTOP-JLDUH829_11096,675,2026-03-24 19:50:03,2026-04-10 13:22:32,16.73,0.38,0.5,10,2,0,0,0,0,1,QUALITY_SHORT_OBS,57040.0,57010.0,57010.0,57040.0,3,2,0,2,2026-04-09 15:03:00,0.9,11.955,2.0,11.0,9.0,196.49,22.222,0,0,0.06,99.96,False,False,0.9,0.0,0.0,64.0,100.0,36.0,0.7579,0.7114,0.0,0,0,0,0,0,1,1,0,0,,,0,0,,,0,0,,,0,0,0,0,0,0,0,1,1,0,0,,,0,0,,,0,0,,,0,0,0,0,0,0,0,1,1,0,0,,,0,0,,,0,0,,,0,0,,,,False,False,False,False,False,REVIEW_INSUFFICIENT_DATA,ACTION_COLLECT_MORE_DATA_OR_MANUAL_REVIEW,review,REVIEW_SHORT_OBS_ACTIVE_LIKE,,,REVIEW_SHORT_OBS_ACTIVE_LIKE,low,観測期間<120日でactive様（flat_tail<60）。経過観察で十分なことが多い。,60.3,5.2,"obs_days=16.7, n_samples=675, quality=QUALITY_SHORT_OBS -> insufficient/uncertain data",観測期間・サンプル数・カウンタ整合性のいずれかが不足しており信頼できる判定ができません。review_priorityに従い追加データ収集または手動レビューを行ってください。,v2.0-final,v2.0-final,v2.0-final,0.0,,,,,0.0,-1.0,n/a,ThinkPad X1 Carbon Gen 13,Celxpert,5B11M90098,2026-06-03T16:38:27
LAPTOP-K2B03PT9_Mersey2,345,2025-02-25 07:03:40,2025-06-16 11:12:31,111.17,0.5,16.101,37,8,0,0,0,0,1,QUALITY_SHORT_OBS,58340.0,58270.0,58270.0,58340.0,7,6,0,6,2025-06-02 08:18:31,14.1,5.397,2.0,8.0,6.0,19.71,100.0,0,0,0.12,102.23,False,False,14.1,0.0,0.0,27.0,100.0,73.0,0.5167,0.3923,0.0,0,0,0,0,0,0,0,0,0,,,0,0,,,0,0,,,0,0,0,0,0,0,0,0,0,0,0,,,0,0,,,0,0,,,0,0,0,0,0,0,0,0,0,0,0,,,0,0,,,0,0,,,0,0,,,,False,False,False,False,False,REVIEW_INSUFFICIENT_DATA,ACTION_COLLECT_MORE_DATA_OR_MANUAL_REVIEW,review,REVIEW_SHORT_OBS_ACTIVE_LIKE,,,REVIEW_SHORT_OBS_ACTIVE_LIKE,low,観測期間<120日でactive様（flat_tail<60）。経過観察で十分なことが多い。,57.7,7.3,"obs_days=111.2, n_samples=345, quality=QUALITY_SHORT_OBS -> insufficient/uncertain data",観測期間・サンプル数・カウンタ整合性のいずれかが不足しており信頼できる判定ができません。review_priorityに従い追加データ収集または手動レビューを行ってください。,v2.0-final,v2.0-final,v2.0-final,0.0,,,,,0.0,-1.0,n/a,ThinkPad X1 2-in-1 Gen 10,Sunwoda,5B11M90099,2026-06-03T16:38:27
LAPTOP-K2Q4C3UQ_1,2063,2023-02-07 08:47:11,2023-11-21 15:35:21,287.28,0.5,5.973,103,36,0,0,0,0,1,QUALITY_OK,73350.0,66900.0,61050.0,78140.0,28,28,13,15,2023-11-17 08:46:41,4.3,9.747,62.0,102.0,40.0,50.86,70.0,26,26,23.73,92.9,False,False,4.3,1.0,85.26,9.0,100.0,91.0,0.8863,0.1079,0.7551,0,0,0,0,1,12,13,0,0,,1.0,0,0,,1.0,0,0,,1.0,0,0,0,0,0,0,4,20,24,0,0,,1.0,0,0,,1.0,0,0,,1.0,0,0,0,0,0,0,1,14,15,0,0,,1.0,0,0,,1.0,0,0,,1.0,0,0,,,,False,False,False,False,False,NORMAL_OR_RESPONDING,ACTION_NONE,high,NOT_NO_LOW_CHANGE_CANDIDATE,,,,,,67.9,10.9,"flat_tail=4.3d, fcc_changes=28, tail_cyc=1.0, tail_ok[90/80]=0/0, unresp_complete[90/80]=0/0, large_gap[90/80]=0/0 -> FCC still updating / not a no-low-change candidate",,v2.0-final,v2.0-final,v2.0-final,0.0,,,,,0.0,-1.0,n/a,ThinkPad Z16 Gen 1,SMP,5B10W51887,2026-06-03T16:38:27
LAPTOP-K5TN4699_ThinkPad,1157,2024-05-20 15:08:33,2024-09-28 14:59:41,130.99,0.5,18.65,104,28,0,0,0,0,1,QUALITY_OK,57000.0,56900.0,56770.0,57580.0,14,13,8,5,2024-09-20 21:35:02,7.7,9.924,0.0,12.0,12.0,33.46,108.333,11,8,1.42,99.82,False,False,7.7,1.0,47.28,82.0,100.0,18.0,0.9671,0.4663,0.0,0,0,0,0,0,0,0,0,0,,,0,0,,,0,0,,,0,0,0,0,0,0,0,0,0,0,0,,,0,0,,,0,0,,,0,0,0,0,0,0,0,0,0,0,0,,,0,0,,,0,0,,,0,0,,,,False,False,False,False,False,NORMAL_OR_RESPONDING,ACTION_NONE,high,NOT_NO_LOW_CHANGE_CANDIDATE,,,,,,70.1,11.5,"flat_tail=7.7d, fcc_changes=13, tail_cyc=1.0, tail_ok[90/80]=0/0, unresp_complete[90/80]=0/0, large_gap[90/80]=0/0 -> FCC still updating / not a no-low-change candidate",,v2.0-final,v2.0-final,v2.0-final,0.0,,,,,0.0,-1.0,n/a,ThinkPad X1 Carbon Gen 11,Celxpert,5B11M90057,2026-06-03T16:38:27
LAPTOP-K8IULGVA_Sun,2181,2023-09-10 09:43:22,2024-09-24 10:25:59,380.03,0.5,19.509,274,79,0,0,0,0,1,QUALITY_OK,52960.0,47270.0,47270.0,53120.0,12,11,1,10,2024-08-17 21:41:12,37.5,2.895,9.0,67.0,58.0,55.74,18.966,11,11,10.25,82.86,False,False,37.5,6.0,58.39,5.0,100.0,95.0,0.5478,0.5787,0.0015,0,0,0,0,0,8,8,0,0,,,0,0,,,0,0,,,0,0,0,0,0,0,0,21,21,0,0,,,0,0,,,0,0,,,0,0,0,0,0,0,0,14,14,0,0,,,0,0,,,0,0,,,0,0,,,,False,False,False,False,False,NORMAL_OR_RESPONDING,ACTION_NONE,high,NOT_NO_LOW_CHANGE_CANDIDATE,,,,,,64.2,17.4,"flat_tail=37.5d, fcc_changes=11, tail_cyc=6.0, tail_ok[90/80]=0/0, unresp_complete[90/80]=0/0, large_gap[90/80]=0/0 -> FCC still updating / not a no-low-change candidate",,v2.0-final,v2.0-final,v2.0-final,0.0,,,,,0.0,-1.0,n/a,ThinkPad X1 Carbon Gen 10,SMP,5B10W13973,2026-06-03T16:38:27
LAPTOP-K9NORC70_SIT,433,2025-03-26 14:44:31,2025-09-11 20:07:44,169.22,0.322,19.233,50,16,0,0,0,0,1,QUALITY_OK,55050.0,55580.0,55000.0,55610.0,12,11,2,9,2025-09-11 19:18:36,0.0,6.5,10.0,20.0,10.0,21.58,110.0,2,1,1.11,100.87,False,False,0.0,0.0,0.0,100.0,100.0,0.0,1.0,1.0,0.0,0,0,0,0,0,1,1,0,0,,,0,0,,,0,0,,,0,0,0,0,0,0,0,3,3,0,0,,,0,0,,,0,0,,,0,0,0,0,0,0,0,3,3,0,0,,,0,0,,,0,0,,,0,0,,,,False,False,False,False,False,NORMAL_OR_RESPONDING,ACTION_NONE,high,NOT_NO_LOW_CHANGE_CANDIDATE,,,,,,70.0,10.0,"flat_tail=0.0d, fcc_changes=11, tail_cyc=0.0, tail_ok[90/80]=0/0, unresp_complete[90/80]=0/0, large_gap[90/80]=0/0 -> FCC still updating / not a no-low-change candidate",,v2.0-final,v2.0-final,v2.0-final,0.0,,,,,0.0,-1.0,n/a,ThinkPad X9-14 Gen 1,Sunwoda,LNV-5B11M90102,2026-06-03T16:38:27
LAPTOP-KQTSA7PM_1,1751,2023-08-31 16:00:49,2023-12-07 09:41:08,97.74,0.5,5.892,84,11,0,1,0,0,1,QUALITY_COUNTER_RESET,59680.0,57470.0,57470.0,59680.0,49,48,0,48,2023-12-07 07:28:36,0.1,49.11,1.0,35.0,34.0,127.06,141.176,1,1,3.88,100.77,False,False,0.1,0.0,0.0,99.0,100.0,1.0,0.5298,1.0,0.0,0,0,0,0,0,1,1,0,0,,,0,0,,,0,0,,,0,0,0,0,0,0,0,2,2,0,0,,,0,0,,,0,0,,,0,0,0,0,0,0,0,1,1,0,0,,,0,0,,,0,0,,,0,0,,,,False,False,False,False,False,REVIEW_INSUFFICIENT_DATA,ACTION_COLLECT_MORE_DATA_OR_MANUAL_REVIEW,review,REVIEW_COUNTER_RESET,,,REVIEW_COUNTER_RESET,high,cycleCountが減少（カウンタリセット/パック異常疑い）。生ログ確認が必要。,59.7,0.0,"obs_days=97.7, n_samples=1751, quality=QUALITY_COUNTER_RESET -> insufficient/uncertain data",観測期間・サンプル数・カウンタ整合性のいずれかが不足しており信頼できる判定ができません。review_priorityに従い追加データ収集または手動レビューを行ってください。,v2.0-final,v2.0-final,v2.0-final,0.0,,,,,0.0,-1.0,n/a,ThinkPad X1 Carbon Gen 12,SMP,5B11H56383,2026-06-03T16:38:27
LAPTOP-LM31Q23F_NL1SKU6LR,890,2025-12-05 16:45:26,2025-12-09 14:24:26,3.9,0.033,0.5,0,0,0,0,0,0,1,QUALITY_SHORT_OBS,58590.0,58590.0,58590.0,58590.0,1,0,0,0,2025-12-05 16:45:26,3.9,0.0,2.0,2.0,0.0,0.0,0.0,0,0,0.0,101.02,True,True,3.9,0.0,0.0,87.0,100.0,13.0,0.9427,0.9239,0.0,0,0,0,0,0,0,0,0,0,,,0,0,,,0,0,,,0,0,0,0,0,0,0,0,0,0,0,,,0,0,,,0,0,,,0,0,0,0,0,0,0,0,0,0,0,,,0,0,,,0,0,,,0,0,,,,False,False,False,False,False,REVIEW_INSUFFICIENT_DATA,ACTION_COLLECT_MORE_DATA_OR_MANUAL_REVIEW,review,REVIEW_SHORT_OBS_ACTIVE_LIKE,,,REVIEW_SHORT_OBS_ACTIVE_LIKE,low,観測期間<120日でactive様（flat_tail<60）。経過観察で十分なことが多い。,64.5,5.7,"obs_days=3.9, n_samples=890, quality=QUALITY_SHORT_OBS -> insufficient/uncertain data",観測期間・サンプル数・カウンタ整合性のいずれかが不足しており信頼できる判定ができません。review_priorityに従い追加データ収集または手動レビューを行ってください。,v2.0-final,v2.0-final,v2.0-final,0.0,,,,,0.0,-1.0,n/a,ThinkPad X1 2-in-1 Gen 11,COSMX,5B11M90162,2026-06-03T16:38:27
LAPTOP-LNBSJHQF_AV1SKU10SIT1p2,1495,2025-12-18 16:41:05,2026-02-19 10:58:30,62.76,0.5,0.5,3,2,0,0,0,0,1,QUALITY_SHORT_OBS,58300.0,58300.0,58300.0,58300.0,1,0,0,0,2025-12-18 16:41:05,62.8,0.0,3.0,4.0,1.0,5.82,0.0,0,0,0.0,100.52,True,False,62.8,1.0,5.82,95.0,100.0,5.0,0.9973,0.3027,0.0,0,0,0,0,0,0,0,0,0,,,0,0,,,0,0,,,0,0,0,0,0,0,0,0,0,0,0,,,0,0,,,0,0,,,0,0,0,0,0,0,0,0,0,0,0,,,0,0,,,0,0,,,0,0,,,,False,False,False,False,False,REVIEW_INSUFFICIENT_DATA,ACTION_COLLECT_MORE_DATA_OR_MANUAL_REVIEW,review,REVIEW_SHORT_OBS_STALE_OR_VERY_STALE,,,REVIEW_SHORT_OBS_STALE_OR_VERY_STALE,high,観測期間<120日だがflat_tail>=60日（stale様）。優先的に追加観測。,74.9,15.7,"obs_days=62.8, n_samples=1495, quality=QUALITY_SHORT_OBS -> insufficient/uncertain data",観測期間・サンプル数・カウンタ整合性のいずれかが不足しており信頼できる判定ができません。review_priorityに従い追加データ収集または手動レビューを行ってください。,v2.0-final,v2.0-final,v2.0-final,0.0,,,,,0.0,-1.0,n/a,ThinkPad X1 2-in-1 Gen 11,COSMX,5B11M90162,2026-06-03T16:38:27
LAPTOP-LVNFDHDN_EAA,8059,2025-04-09 00:02:55,2025-09-04 01:38:29,148.07,0.018,0.5,49,24,0,0,0,0,1,QUALITY_OK,55330.0,58230.0,55250.0,58850.0,12,11,1,10,2025-09-03 23:41:10,0.1,7.429,17.0,27.0,10.0,24.67,110.0,2,2,6.31,102.1,False,False,0.1,0.0,0.0,100.0,100.0,0.0,1.0,1.0,0.0,0,0,0,0,0,5,5,0,0,,,0,0,,,0,0,,,0,0,0,0,0,0,0,5,5,0,0,,,0,0,,,0,0,,,0,0,0,0,0,0,0,5,5,0,0,,,0,0,,,0,0,,,0,0,,,,False,False,False,False,False,NORMAL_OR_RESPONDING,ACTION_NONE,high,NOT_NO_LOW_CHANGE_CANDIDATE,,,,,,70.0,10.0,"flat_tail=0.1d, fcc_changes=11, tail_cyc=0.0, tail_ok[90/80]=0/0, unresp_complete[90/80]=0/0, large_gap[90/80]=0/0 -> FCC still updating / not a no-low-change candidate",,v2.0-final,v2.0-final,v2.0-final,0.0,,,,,0.0,-1.0,n/a,ThinkPad X1 Carbon Gen 13,BYD,5B11M90100,2026-06-03T16:38:27
LAPTOP-MGP5FI9R_longrun,3892,2025-12-05 13:13:19,2025-12-13 04:36:43,7.64,0.002,0.5,2,1,0,1,0,0,1,QUALITY_COUNTER_RESET,58170.0,58150.0,58150.0,58170.0,3,4,1,3,2025-12-10 17:10:34,2.5,52.356,4.0,6.0,2.0,95.62,200.0,0,0,0.03,100.26,False,False,2.5,0.0,0.0,75.0,100.0,25.0,1.0,0.409,0.0,0,0,0,0,0,0,0,0,0,,,0,0,,,0,0,,,0,0,0,0,0,0,0,0,0,0,0,,,0,0,,,0,0,,,0,0,0,0,0,0,0,0,0,0,0,,,0,0,,,0,0,,,0,0,,,,False,False,False,False,False,REVIEW_INSUFFICIENT_DATA,ACTION_COLLECT_MORE_DATA_OR_MANUAL_REVIEW,review,REVIEW_COUNTER_RESET,,,REVIEW_COUNTER_RESET,high,cycleCountが減少（カウンタリセット/パック異常疑い）。生ログ確認が必要。,60.4,0.4,"obs_days=7.6, n_samples=3892, quality=QUALITY_COUNTER_RESET -> insufficient/uncertain data",観測期間・サンプル数・カウンタ整合性のいずれかが不足しており信頼できる判定ができません。review_priorityに従い追加データ収集または手動レビューを行ってください。,v2.0-final,v2.0-final,v2.0-final,0.0,,,,,0.0,-1.0,n/a,ThinkPad X1 2-in-1 Gen 11,SMP,5B11M90163,2026-06-03T16:38:27
LAPTOP-MUEEDSGP_NL1SKU7SIT2LR,1361,2026-01-15 12:13:11,2026-01-20 09:45:46,4.9,0.041,0.214,0,0,0,0,0,0,1,QUALITY_SHORT_OBS,57550.0,56210.0,56210.0,57550.0,4,3,0,3,2026-01-16 19:19:34,3.6,61.224,9.0,11.0,2.0,149.08,150.0,1,1,2.31,96.91,False,False,3.6,0.0,0.0,84.0,100.0,16.0,0.9979,0.3271,0.0,0,0,0,0,1,0,1,0,0,,1.0,0,0,,1.0,0,0,,1.0,0,0,0,0,0,0,1,0,1,0,0,,1.0,0,0,,1.0,0,0,,1.0,0,0,0,0,0,0,1,0,1,0,0,,1.0,0,0,,1.0,0,0,,1.0,0,0,,,,False,False,False,False,False,REVIEW_INSUFFICIENT_DATA,ACTION_COLLECT_MORE_DATA_OR_MANUAL_REVIEW,review,REVIEW_SHORT_OBS_ACTIVE_LIKE,,,REVIEW_SHORT_OBS_ACTIVE_LIKE,low,観測期間<120日でactive様（flat_tail<60）。経過観察で十分なことが多い。,65.6,5.6,"obs_days=4.9, n_samples=1361, quality=QUALITY_SHORT_OBS -> insufficient/uncertain data",観測期間・サンプル数・カウンタ整合性のいずれかが不足しており信頼できる判定ができません。review_priorityに従い追加データ収集または手動レビューを行ってください。,v2.0-final,v2.0-final,v2.0-final,0.0,,,,,0.0,-1.0,n/a,ThinkPad X1 2-in-1 Gen 11,COSMX,5B11M90162,2026-06-03T16:38:27
LAPTOP-N0IFBCJM_AV1,833,2026-04-10 12:49:51,2026-06-01 09:57:24,51.88,0.49,6.217,42,9,0,0,0,0,1,QUALITY_SHORT_OBS,58010.0,58250.0,57940.0,58380.0,19,18,1,17,2026-05-29 18:38:46,2.6,34.695,4.0,22.0,18.0,126.73,100.0,1,1,0.76,100.43,False,False,2.6,0.0,0.0,43.0,75.0,32.0,0.5,0.0,0.0,0,0,0,0,0,1,1,0,0,,,0,0,,,0,0,,,0,0,0,0,0,0,0,3,3,0,0,,,0,0,,,0,0,,,0,0,0,0,0,0,0,3,3,0,0,,,0,0,,,0,0,,,0,0,,,,False,False,False,False,False,REVIEW_INSUFFICIENT_DATA,ACTION_COLLECT_MORE_DATA_OR_MANUAL_REVIEW,review,REVIEW_SHORT_OBS_ACTIVE_LIKE,,,REVIEW_SHORT_OBS_ACTIVE_LIKE,low,観測期間<120日でactive様（flat_tail<60）。経過観察で十分なことが多い。,55.4,5.4,"obs_days=51.9, n_samples=833, quality=QUALITY_SHORT_OBS -> insufficient/uncertain data",観測期間・サンプル数・カウンタ整合性のいずれかが不足しており信頼できる判定ができません。review_priorityに従い追加データ収集または手動レビューを行ってください。,v2.0-final,v2.0-final,v2.0-final,0.0,,,,,0.0,-1.0,n/a,ThinkPad X1 Carbon Gen 14,ATL,5B11M90161,2026-06-03T16:38:27
LAPTOP-N4IHLN0J_MS2,290,2025-12-19 16:01:26,2026-01-16 11:06:39,27.8,0.5,0.516,4,2,0,0,0,0,1,QUALITY_SHORT_OBS,57030.0,55560.0,55560.0,57030.0,2,1,0,1,2026-01-07 15:33:19,8.8,3.597,1.0,2.0,1.0,13.14,100.0,1,1,2.58,97.42,False,False,8.8,1.0,41.44,0.0,100.0,100.0,0.0182,0.0702,0.2747,0,0,0,0,0,0,0,0,0,,,0,0,,,0,0,,,0,0,0,0,0,0,0,0,0,0,0,,,0,0,,,0,0,,,0,0,0,0,0,0,0,0,0,0,0,,,0,0,,,0,0,,,0,0,,,,False,False,False,False,False,REVIEW_INSUFFICIENT_DATA,ACTION_COLLECT_MORE_DATA_OR_MANUAL_REVIEW,review,REVIEW_SHORT_OBS_ACTIVE_LIKE,,,REVIEW_SHORT_OBS_ACTIVE_LIKE,low,観測期間<120日でactive様（flat_tail<60）。経過観察で十分なことが多い。,46.3,6.7,"obs_days=27.8, n_samples=290, quality=QUALITY_SHORT_OBS -> insufficient/uncertain data",観測期間・サンプル数・カウンタ整合性のいずれかが不足しており信頼できる判定ができません。review_priorityに従い追加データ収集または手動レビューを行ってください。,v2.0-final,v2.0-final,v2.0-final,0.0,,,,,0.0,-1.0,n/a,ThinkPad X1 2-in-1 Gen 10,SMP,5B11M90097,2026-06-03T16:38:27
LAPTOP-OLNLOES4_SIT21,303,2025-12-19 20:01:33,2025-12-23 12:01:09,3.67,0.055,0.357,1,1,0,0,0,0,1,QUALITY_SHORT_OBS,58000.0,57990.0,57990.0,58000.0,2,1,0,1,2025-12-22 20:14:26,0.7,27.248,12.0,13.0,1.0,99.52,100.0,0,0,0.02,99.98,False,False,0.7,0.0,0.0,92.0,100.0,8.0,0.9913,0.9737,0.0,0,0,0,0,0,0,0,0,0,,,0,0,,,0,0,,,0,0,0,0,0,0,0,0,0,0,0,,,0,0,,,0,0,,,0,0,0,0,0,0,0,0,0,0,0,,,0,0,,,0,0,,,0,0,,,,False,False,False,False,False,REVIEW_INSUFFICIENT_DATA,ACTION_COLLECT_MORE_DATA_OR_MANUAL_REVIEW,review,REVIEW_SHORT_OBS_ACTIVE_LIKE,,,REVIEW_SHORT_OBS_ACTIVE_LIKE,low,観測期間<120日でactive様（flat_tail<60）。経過観察で十分なことが多い。,64.9,5.1,"obs_days=3.7, n_samples=303, quality=QUALITY_SHORT_OBS -> insufficient/uncertain data",観測期間・サンプル数・カウンタ整合性のいずれかが不足しており信頼できる判定ができません。review_priorityに従い追加データ収集または手動レビューを行ってください。,v2.0-final,v2.0-final,v2.0-final,0.0,,,,,0.0,-1.0,n/a,ThinkPad X1 Carbon Gen 14,Sunwoda,5B11M90160,2026-06-03T16:38:27
LAPTOP-OMDL8LQ4_EESIT,3100,2024-08-21 13:01:52,2025-03-12 13:51:11,203.03,0.5,4.825,150,35,0,0,0,0,1,QUALITY_OK,58870.0,55460.0,53060.0,59200.0,131,167,21,146,2025-03-12 11:47:50,0.1,82.254,14.0,141.0,127.0,228.47,131.496,48,48,10.77,97.25,False,False,0.1,0.0,0.0,84.0,95.0,11.0,0.8303,0.0,0.0,0,0,0,0,7,40,47,0,0,,1.0,0,0,,1.0,0,0,,1.0,0,0,0,0,0,0,22,55,77,0,0,,1.0,0,0,,1.0,0,0,,1.0,0,0,0,0,0,0,15,48,63,0,0,,1.0,0,0,,1.0,0,0,,1.0,0,0,,,,False,False,False,False,False,NORMAL_OR_RESPONDING,ACTION_NONE,high,NOT_NO_LOW_CHANGE_CANDIDATE,,,,,,66.6,10.0,"flat_tail=0.1d, fcc_changes=167, tail_cyc=0.0, tail_ok[90/80]=0/0, unresp_complete[90/80]=0/0, large_gap[90/80]=0/0 -> FCC still updating / not a no-low-change candidate",,v2.0-final,v2.0-final,v2.0-final,0.0,,,,,0.0,-1.0,n/a,ThinkPad X1 Carbon Gen 13,BYD,5B11M90100,2026-06-03T16:38:27
LAPTOP-OTD6NS5M_lnvni,1079,2023-12-08 00:39:55,2024-05-16 13:06:50,160.52,0.446,12.119,91,32,0,0,0,0,1,QUALITY_OK,59640.0,59210.0,59210.0,59640.0,24,23,0,23,2024-05-07 12:48:42,9.0,14.328,2.0,16.0,14.0,31.86,164.286,2,0,0.76,103.82,False,False,9.0,0.0,0.0,22.0,100.0,78.0,0.0303,0.0251,0.0,0,0,0,0,0,0,0,0,0,,,0,0,,,0,0,,,0,0,0,0,0,0,0,0,0,0,0,,,0,0,,,0,0,,,0,0,0,0,0,0,0,0,0,0,0,,,0,0,,,0,0,,,0,0,,,,False,False,False,False,False,NORMAL_OR_RESPONDING,ACTION_NONE,high,NOT_NO_LOW_CHANGE_CANDIDATE,,,,,,52.1,11.5,"flat_tail=9.0d, fcc_changes=23, tail_cyc=0.0, tail_ok[90/80]=0/0, unresp_complete[90/80]=0/0, large_gap[90/80]=0/0 -> FCC still updating / not a no-low-change candidate",,v2.0-final,v2.0-final,v2.0-final,0.0,,,,,0.0,-1.0,n/a,ThinkPad X1 Carbon Gen 12,SMP,5B11H56383,2026-06-03T16:38:27
LAPTOP-OV7Q4J55_PE,495,2024-09-17 18:28:19,2024-09-29 18:18:34,11.99,0.5,0.5,2,1,0,0,0,0,1,QUALITY_SHORT_OBS,57000.0,57570.0,57000.0,57570.0,2,1,1,0,2024-09-25 04:27:00,4.6,8.34,2.0,6.0,4.0,121.85,25.0,1,1,1.0,101.0,False,False,4.6,1.0,79.79,2.0,100.0,98.0,1.0,0.767,0.0738,0,0,0,0,1,2,3,0,0,,0.0,0,0,,1.0,0,0,,1.0,0,0,0,0,0,0,1,2,3,0,0,,0.0,0,0,,1.0,0,0,,1.0,0,0,0,0,0,0,1,2,3,0,0,,0.0,0,0,,1.0,0,0,,1.0,0,0,,,,False,False,False,False,False,REVIEW_INSUFFICIENT_DATA,ACTION_COLLECT_MORE_DATA_OR_MANUAL_REVIEW,review,REVIEW_SHORT_OBS_ACTIVE_LIKE,,,REVIEW_SHORT_OBS_ACTIVE_LIKE,low,観測期間<120日でactive様（flat_tail<60）。経過観察で十分なことが多い。,65.3,6.0,"obs_days=12.0, n_samples=495, quality=QUALITY_SHORT_OBS -> insufficient/uncertain data",観測期間・サンプル数・カウンタ整合性のいずれかが不足しており信頼できる判定ができません。review_priorityに従い追加データ収集または手動レビューを行ってください。,v2.0-final,v2.0-final,v2.0-final,0.0,,,,,0.0,-1.0,n/a,ThinkPad X1 Yoga Gen 8,Sunwoda,5B10W13975,2026-06-03T16:38:27
LAPTOP-P9BQ8OLJ_Neal,3232,2025-07-08 00:39:09,2026-04-22 22:35:26,288.91,0.5,9.677,189,71,0,0,0,0,1,QUALITY_OK,55650.0,52630.0,52630.0,55650.0,70,69,0,69,2026-04-19 09:25:36,3.5,23.883,1.0,71.0,70.0,88.5,98.571,5,4,5.52,96.22,False,False,3.5,0.0,0.0,45.0,100.0,55.0,0.2,0.1931,0.0,0,0,0,0,0,2,2,0,0,,,0,0,,,0,0,,,0,0,0,0,0,0,0,4,4,0,0,,,0,0,,,0,0,,,0,0,0,0,0,0,0,3,3,0,0,,,0,0,,,0,0,,,0,0,,,,False,False,False,False,False,NORMAL_OR_RESPONDING,ACTION_NONE,high,NOT_NO_LOW_CHANGE_CANDIDATE,,,,,,54.6,10.6,"flat_tail=3.5d, fcc_changes=69, tail_cyc=0.0, tail_ok[90/80]=0/0, unresp_complete[90/80]=0/0, large_gap[90/80]=0/0 -> FCC still updating / not a no-low-change candidate",,v2.0-final,v2.0-final,v2.0-final,0.0,,,,,0.0,-1.0,n/a,ThinkPad X13 Gen 6,Sunwoda,5B11M90122,2026-06-03T16:38:27
LAPTOP-Q5JPEGGD_Nate,2291,2026-01-28 14:35:33,2026-04-09 14:20:39,70.99,0.5,0.503,27,7,0,0,0,0,1,QUALITY_SHORT_OBS,58030.0,57290.0,57290.0,58030.0,22,21,0,21,2026-04-08 15:14:19,1.0,29.582,2.0,24.0,22.0,113.19,95.455,1,1,1.27,98.78,False,False,1.0,0.0,0.0,31.0,100.0,69.0,0.7581,0.5542,0.0,0,0,0,0,1,2,3,0,0,,1.0,0,0,,1.0,0,0,,1.0,0,0,0,0,0,0,1,2,3,0,0,,1.0,0,0,,1.0,0,0,,1.0,0,0,0,0,0,0,1,2,3,0,0,,1.0,0,0,,1.0,0,0,,1.0,0,0,,,,False,False,False,False,False,REVIEW_INSUFFICIENT_DATA,ACTION_COLLECT_MORE_DATA_OR_MANUAL_REVIEW,review,REVIEW_SHORT_OBS_ACTIVE_LIKE,,,REVIEW_SHORT_OBS_ACTIVE_LIKE,low,観測期間<120日でactive様（flat_tail<60）。経過観察で十分なことが多い。,60.3,5.2,"obs_days=71.0, n_samples=2291, quality=QUALITY_SHORT_OBS -> insufficient/uncertain data",観測期間・サンプル数・カウンタ整合性のいずれかが不足しており信頼できる判定ができません。review_priorityに従い追加データ収集または手動レビューを行ってください。,v2.0-final,v2.0-final,v2.0-final,0.0,,,,,0.0,-1.0,n/a,ThinkPad X1 Carbon Gen 14,ATL,5B11M90161,2026-06-03T16:38:27
LAPTOP-Q6HOEUNN_tyler,4684,2023-05-02 09:13:46,2024-06-25 10:27:13,420.05,0.5,6.211,238,57,0,0,0,0,1,QUALITY_OK,54980.0,50280.0,50280.0,54980.0,8,7,0,7,2024-03-22 09:49:15,95.0,1.666,9.0,71.0,62.0,53.91,11.29,6,6,8.24,88.13,False,False,95.0,16.0,61.5,6.0,100.0,94.0,0.774,0.4323,0.0087,0,0,0,0,0,4,4,0,0,,,0,0,,,0,0,,,0,0,1,3,4,4,1,11,12,1,0,0.0,0.0,1,0,0.0,0.0,1,0,0.0,0.0,1,0,0,0,0,0,0,5,5,0,0,,,0,0,,,0,0,,,0,0,0.0,0.0,0.0,False,False,False,False,False,NORMAL_OR_RESPONDING,ACTION_NONE,high,NOT_NO_LOW_CHANGE_CANDIDATE,,,,,,53.3,55.0,"flat_tail=95.0d, fcc_changes=7, tail_cyc=16.0, tail_ok[90/80]=0/1, unresp_complete[90/80]=0/1, large_gap[90/80]=0/3 -> FCC still updating / not a no-low-change candidate",,v2.0-final,v2.0-final,v2.0-final,1.0,0.214,0.0,-0.214,-0.522,20.9,-1.0,n/a,ThinkPad X1 Carbon Gen 11,SMP,5B10W13973,2026-06-03T16:38:27
LAPTOP-QQKPMET2_longrun,244,2026-03-06 17:42:11,2026-05-11 11:14:45,65.73,0.423,23.485,34,11,0,0,0,0,1,QUALITY_SHORT_OBS,90010.0,89370.0,89370.0,92710.0,17,18,6,12,2026-04-28 16:24:13,12.8,27.385,1.0,14.0,13.0,72.24,138.462,10,10,3.71,99.3,False,False,12.8,0.0,0.0,1.0,21.0,20.0,0.4105,0.0,0.7079,0,0,0,0,0,4,4,0,0,,,0,0,,,0,0,,,0,0,0,0,0,0,0,6,6,0,0,,,0,0,,,0,0,,,0,0,0,0,0,0,0,4,4,0,0,,,0,0,,,0,0,,,0,0,,,,False,False,False,False,False,REVIEW_INSUFFICIENT_DATA,ACTION_COLLECT_MORE_DATA_OR_MANUAL_REVIEW,review,REVIEW_SHORT_OBS_ACTIVE_LIKE,,,REVIEW_SHORT_OBS_ACTIVE_LIKE,low,観測期間<120日でactive様（flat_tail<60）。経過観察で十分なことが多い。,60.5,7.1,"obs_days=65.7, n_samples=244, quality=QUALITY_SHORT_OBS -> insufficient/uncertain data",観測期間・サンプル数・カウンタ整合性のいずれかが不足しており信頼できる判定ができません。review_priorityに従い追加データ収集または手動レビューを行ってください。,v2.0-final,v2.0-final,v2.0-final,0.0,,,,,0.0,-1.0,n/a,ThinkPad P1 Gen 9,COSMX,5B11M90164,2026-06-03T16:38:27
LAPTOP-QQLCC3QB_jl240,7744,2023-02-11 23:28:12,2024-05-22 08:23:47,465.37,0.5,0.5,65,56,0,0,0,0,1,QUALITY_OK,46670.0,45200.0,45200.0,46670.0,7,6,1,5,2024-05-01 20:54:23,20.5,1.289,145.0,153.0,8.0,6.28,75.0,4,4,2.88,88.61,False,False,20.5,0.0,0.0,76.0,80.0,4.0,1.0,0.0,0.0,0,0,0,0,0,0,0,0,0,,,0,0,,,0,0,,,0,0,0,0,0,0,0,4,4,0,0,,,0,0,,,0,0,,,0,0,0,0,0,0,0,0,0,0,0,,,0,0,,,0,0,,,0,0,,,,False,False,False,True,True,WATCH_LOW_UPDATE_RATE_AMBIGUOUS,ACTION_MONITOR_OR_MANUAL_REVIEW,low,WATCH_ACTIVE_LOW_CADENCE,,WATCH_ACTIVE_LOW_CADENCE,,,,73.4,13.4,"flat_tail=20.5d, fcc_changes=6, tail_cyc=0.0, tail_ok[90/80]=0/0, unresp_complete[90/80]=0/0, large_gap[90/80]=0/0 -> ambiguous (watch)",FCC更新率は低いが完全凍結ではない/学習機会がlarge-gapまたは打ち切りで確証が弱い/境界的のため、FW確認に回す前にモニタリングまたは手動レビューを推奨します。,v2.0-final,v2.0-final,v2.0-final,0.0,,,,,0.0,0.0,AC_BOUND+SHALLOW_RANGE+LOW_CYCLING,ThinkPad X1 Yoga 4th,SMP,02DL005,2026-06-03T16:38:27
LAPTOP-RCQD7R5B_kazuk,7250,2023-02-17 04:28:14,2024-01-29 16:51:46,346.52,0.5,1.85,129,41,0,1,0,0,1,QUALITY_COUNTER_RESET,57130.0,50510.0,50140.0,57660.0,261,378,183,195,2024-01-29 16:51:43,0.0,109.085,2.0,105.0,103.0,108.57,366.99,270,205,13.2,88.61,False,False,0.0,0.0,0.0,2.0,2.0,0.0,1.0,0.0,1.0,0,0,0,0,13,26,39,0,0,,1.0,0,0,,1.0,0,0,,1.0,0,0,0,0,0,0,21,32,53,0,0,,1.0,0,0,,1.0,0,0,,1.0,0,0,0,0,0,0,16,28,44,0,0,,1.0,0,0,,1.0,0,0,,1.0,0,0,,,,False,False,False,False,False,REVIEW_INSUFFICIENT_DATA,ACTION_COLLECT_MORE_DATA_OR_MANUAL_REVIEW,review,REVIEW_COUNTER_RESET,,,REVIEW_COUNTER_RESET,high,cycleCountが減少（カウンタリセット/パック異常疑い）。生ログ確認が必要。,60.0,0.0,"obs_days=346.5, n_samples=7250, quality=QUALITY_COUNTER_RESET -> insufficient/uncertain data",観測期間・サンプル数・カウンタ整合性のいずれかが不足しており信頼できる判定ができません。review_priorityに従い追加データ収集または手動レビューを行ってください。,v2.0-final,v2.0-final,v2.0-final,0.0,,,,,0.0,-1.0,n/a,ThinkPad X1 Carbon Gen 10,Celxpert,5B10W13974,2026-06-03T16:38:27
LAPTOP-S8IHCLL8_x1,2798,2025-01-13 11:27:43,2026-05-22 19:58:36,494.35,0.5,12.735,218,31,0,0,0,0,1,QUALITY_OK,57040.0,48700.0,48330.0,57040.0,50,49,4,45,2026-05-14 18:16:51,8.1,9.912,0.0,42.0,42.0,31.03,116.667,8,8,15.28,85.39,False,False,8.1,0.0,0.0,46.0,80.0,34.0,0.8941,0.0,0.0,0,0,0,0,0,2,2,0,0,,,0,0,,,0,0,,,0,0,0,0,0,0,0,21,21,0,0,,,0,0,,,0,0,,,0,0,0,0,0,0,0,4,4,0,0,,,0,0,,,0,0,,,0,0,,,,False,False,False,False,False,NORMAL_OR_RESPONDING,ACTION_NONE,high,NOT_NO_LOW_CHANGE_CANDIDATE,,,,,,69.2,11.3,"flat_tail=8.1d, fcc_changes=49, tail_cyc=0.0, tail_ok[90/80]=0/0, unresp_complete[90/80]=0/0, large_gap[90/80]=0/0 -> FCC still updating / not a no-low-change candidate",,v2.0-final,v2.0-final,v2.0-final,0.0,,,,,0.0,-1.0,n/a,ThinkPad X1 2-in-1 Gen 10,BYD,5B11M90100,2026-06-03T16:38:27
LAPTOP-SE41CTD4_gaojiangwei,1884,2023-02-03 13:58:59,2023-12-25 15:45:53,325.07,0.5,15.663,156,42,0,0,0,0,1,QUALITY_OK,52630.0,46880.0,46850.0,52630.0,69,93,48,45,2023-12-25 13:15:53,0.1,28.609,46.0,101.0,55.0,61.8,169.091,65,49,11.34,91.92,False,False,0.1,0.0,0.0,100.0,100.0,0.0,1.0,1.0,0.0,0,0,0,0,0,4,4,0,0,,,0,0,,,0,0,,,0,0,0,0,0,0,0,6,6,0,0,,,0,0,,,0,0,,,0,0,0,0,0,0,0,4,4,0,0,,,0,0,,,0,0,,,0,0,,,,False,False,False,False,False,NORMAL_OR_RESPONDING,ACTION_NONE,high,NOT_NO_LOW_CHANGE_CANDIDATE,,,,,,70.0,10.0,"flat_tail=0.1d, fcc_changes=93, tail_cyc=0.0, tail_ok[90/80]=0/0, unresp_complete[90/80]=0/0, large_gap[90/80]=0/0 -> FCC still updating / not a no-low-change candidate",,v2.0-final,v2.0-final,v2.0-final,0.0,,,,,0.0,-1.0,n/a,ThinkPad T14 Gen 2i,Celxpert,5B10W51830,2026-06-03T16:38:27
LAPTOP-SH0NRR9B_Mesery2,1066,2022-08-29 05:00:32,2025-09-05 01:01:08,1102.83,0.018,0.034,7,4,0,0,0,0,1,QUALITY_OK,55200.0,55740.0,55200.0,55740.0,2,1,1,0,2025-09-04 23:23:29,0.1,0.091,14.0,15.0,1.0,0.33,100.0,1,1,0.95,97.74,False,False,0.1,0.0,0.0,99.0,100.0,1.0,0.9881,1.0,0.0,0,0,0,0,0,0,0,0,0,,,0,0,,,0,0,,,0,0,0,0,0,0,0,0,0,0,0,,,0,0,,,0,0,,,0,0,0,0,0,0,0,0,0,0,0,,,0,0,,,0,0,,,0,0,,,,False,False,False,True,True,WATCH_LOW_UPDATE_RATE_AMBIGUOUS,ACTION_MONITOR_OR_MANUAL_REVIEW,low,WATCH_ACTIVE_LOW_CADENCE,,WATCH_ACTIVE_LOW_CADENCE,,,,69.8,10.0,"flat_tail=0.1d, fcc_changes=1, tail_cyc=0.0, tail_ok[90/80]=0/0, unresp_complete[90/80]=0/0, large_gap[90/80]=0/0 -> ambiguous (watch)",FCC更新率は低いが完全凍結ではない/学習機会がlarge-gapまたは打ち切りで確証が弱い/境界的のため、FW確認に回す前にモニタリングまたは手動レビューを推奨します。,v2.0-final,v2.0-final,v2.0-final,0.0,,,,,0.0,0.0,AC_BOUND+SHALLOW_RANGE+LOW_CYCLING,ThinkPad X1 2-in-1 Gen 10,Celxpert,5B11M90098,2026-06-03T16:38:27
LAPTOP-SHD3G568_Test,1556,2025-06-26 01:38:03,2026-03-15 11:17:15,262.4,0.5,23.962,228,77,0,0,0,0,1,QUALITY_OK,56570.0,53070.0,50970.0,56570.0,72,81,15,66,2026-03-14 16:58:55,0.8,30.869,147.0,214.0,67.0,93.26,120.896,31,31,10.17,96.32,False,False,0.8,0.0,0.0,80.0,94.0,14.0,0.0,0.0,0.0,0,0,0,0,0,11,11,0,0,,,0,0,,,0,0,,,0,0,0,0,0,0,4,22,26,0,0,,1.0,0,0,,1.0,0,0,,1.0,0,0,0,0,0,0,1,17,18,0,0,,1.0,0,0,,1.0,0,0,,1.0,0,0,,,,False,False,False,False,False,NORMAL_OR_RESPONDING,ACTION_NONE,high,NOT_NO_LOW_CHANGE_CANDIDATE,,,,,,65.5,10.1,"flat_tail=0.8d, fcc_changes=81, tail_cyc=0.0, tail_ok[90/80]=0/0, unresp_complete[90/80]=0/0, large_gap[90/80]=0/0 -> FCC still updating / not a no-low-change candidate",,v2.0-final,v2.0-final,v2.0-final,0.0,,,,,0.0,-1.0,n/a,ThinkPad X9-14 Gen 1,BYD,LNV-5B11M90101,2026-06-03T16:38:27
LAPTOP-SHOBTFD7_TM1,319,2025-09-05 13:55:37,2025-10-02 03:05:38,26.55,0.5,1.897,11,3,0,1,0,0,1,QUALITY_COUNTER_RESET,54590.0,54360.0,54360.0,57010.0,10,11,3,8,2025-10-01 13:00:27,0.6,41.431,27.0,31.0,4.0,55.03,275.0,7,7,4.64,95.32,False,False,0.6,0.0,0.0,92.0,100.0,8.0,0.9951,0.278,0.0,0,0,0,0,1,2,3,0,0,,1.0,0,0,,1.0,0,0,,1.0,0,0,0,0,0,0,2,2,4,0,0,,1.0,0,0,,1.0,0,0,,1.0,0,0,0,0,0,0,1,2,3,0,0,,1.0,0,0,,1.0,0,0,,1.0,0,0,,,,False,False,False,False,False,REVIEW_INSUFFICIENT_DATA,ACTION_COLLECT_MORE_DATA_OR_MANUAL_REVIEW,review,REVIEW_COUNTER_RESET,,,REVIEW_COUNTER_RESET,high,cycleCountが減少（カウンタリセット/パック異常疑い）。生ログ確認が必要。,60.0,0.1,"obs_days=26.6, n_samples=319, quality=QUALITY_COUNTER_RESET -> insufficient/uncertain data",観測期間・サンプル数・カウンタ整合性のいずれかが不足しており信頼できる判定ができません。review_priorityに従い追加データ収集または手動レビューを行ってください。,v2.0-final,v2.0-final,v2.0-final,0.0,,,,,0.0,-1.0,n/a,ThinkPad X1 2-in-1 Gen 9,BYD,5B11H56386,2026-06-03T16:38:27
LAPTOP-SJCL3CJL_scollins1,22184,2023-02-02 09:03:00,2025-05-22 13:00:02,840.16,0.5,0.5,113,44,0,0,0,0,1,QUALITY_OK,56970.0,56990.0,56970.0,56990.0,2,1,1,0,2023-05-12 13:28:22,741.0,0.119,32.0,90.0,58.0,25.21,1.724,0,0,0.03,99.98,False,False,741.0,40.0,19.72,0.0,86.0,86.0,0.9551,0.0,0.015,0,0,0,0,0,0,0,0,0,,,0,0,,,0,0,,,0,0,3,7,10,10,3,11,14,3,0,0.0,0.0,3,0,0.0,0.0,3,0,0.0,0.0,3,0,0,1,1,1,0,1,1,0,0,,,0,0,,,0,0,,,0,0,0.0,0.0,0.0,False,True,True,True,True,ACTIONABLE_FW_CHECK_OPPORTUNITY_NO_RESPONSE,ACTION_FW_CHECK,high,FW_HIGH_UNRESPONDED_COMPLETE_WINDOWS,TERMINAL_FREEZE_AFTER_OPPORTUNITIES,,,,,61.4,86.0,"flat_tail=741.0d, fcc_changes=1, tail_cyc=40.0, tail_ok[90/80]=0/3, unresp_complete[90/80]=0/3, large_gap[90/80]=0/7 -> complete-window opportunities present but FCC did not respond",FCC/SoHが長期間更新されておらず、ログ上は深い放電→再充電の学習機会（完全窓・OK品質）が複数回確認されるのにFCCが応答していません。BIOS/EC/バッテリー関連FWのVersion確認とアップデート有無確認を優先してください。アップデート後、次回の学習機会後72h〜7日間でFCC更新有無を確認してください。,v2.0-final,v2.0-final,v2.0-final,3.0,0.823,0.0,-0.823,-1.324,79.0,1.0,MIXED,ThinkPad T14s Gen 2a,,,2026-06-03T16:38:27
LAPTOP-STAV4QJC_PQM,4877,2023-03-05 21:06:10,2023-12-28 08:46:33,297.49,0.5,5.387,191,42,0,0,0,0,1,QUALITY_OK,57570.0,57570.0,57570.0,57570.0,1,0,0,0,2023-03-05 21:06:10,297.5,0.0,25.0,145.0,120.0,147.33,0.0,0,0,0.0,101.0,True,True,297.5,120.0,147.33,1.0,100.0,99.0,0.4808,0.2887,0.0078,0,5,5,5,0,5,5,0,0,,,0,0,,,0,0,,,0,0,1,7,8,8,1,7,8,1,0,0.0,0.0,1,0,0.0,0.0,1,0,0.0,0.0,1,0,1,6,7,7,1,6,7,1,0,0.0,0.0,1,0,0.0,0.0,1,0,0.0,0.0,1,0,0.0,0.0,0.0,True,True,True,True,True,WATCH_LOW_UPDATE_RATE_AMBIGUOUS,ACTION_MONITOR_OR_MANUAL_REVIEW,low,WATCH_OTHER_AMBIGUOUS,,WATCH_OTHER_AMBIGUOUS,,,,52.4,76.0,"flat_tail=297.5d, fcc_changes=0, tail_cyc=120.0, tail_ok[90/80]=0/1, unresp_complete[90/80]=0/1, large_gap[90/80]=5/7 -> ambiguous (watch)",FCC更新率は低いが完全凍結ではない/学習機会がlarge-gapまたは打ち切りで確証が弱い/境界的のため、FW確認に回す前にモニタリングまたは手動レビューを推奨します。,v2.0-final,v2.0-final,v2.0-final,2.0,0.027,0.0,-0.027,-0.164,36.1,1.0,MIXED,ThinkPad X1 Yoga Gen 8,Sunwoda,5B10W13975,2026-06-03T16:38:27
LAPTOP-T2RCOIA2_SVT,2778,2024-05-29 18:33:39,2024-11-18 13:55:37,172.81,0.5,3.185,99,20,0,0,0,0,1,QUALITY_OK,57590.0,54070.0,54070.0,57590.0,39,38,1,37,2024-10-08 18:45:30,40.8,21.989,2.0,36.0,34.0,71.86,111.765,5,5,6.18,94.86,False,False,40.8,0.0,0.0,63.0,100.0,37.0,0.5627,0.6492,0.0,0,0,0,0,0,1,1,0,0,,,0,0,,,0,0,,,0,0,0,0,0,0,0,3,3,0,0,,,0,0,,,0,0,,,0,0,0,0,0,0,0,2,2,0,0,,,0,0,,,0,0,,,0,0,,,,False,False,False,False,False,NORMAL_OR_RESPONDING,ACTION_NONE,high,NOT_NO_LOW_CHANGE_CANDIDATE,,,,,,68.1,16.8,"flat_tail=40.8d, fcc_changes=38, tail_cyc=0.0, tail_ok[90/80]=0/0, unresp_complete[90/80]=0/0, large_gap[90/80]=0/0 -> FCC still updating / not a no-low-change candidate",,v2.0-final,v2.0-final,v2.0-final,0.0,,,,,0.0,-1.0,n/a,ThinkPad X1 Carbon Gen 12,Sunwoda,5B11H56385,2026-06-03T16:38:27
LAPTOP-T4UU1BOP_Nikle,3026,2025-11-16 17:57:35,2026-04-23 14:02:34,157.84,0.5,2.837,125,16,0,0,0,0,1,QUALITY_OK,54760.0,56920.0,53320.0,57380.0,92,113,15,98,2026-04-23 12:20:42,0.1,71.591,2.0,95.0,93.0,215.21,121.505,26,26,7.42,104.06,False,False,0.1,0.0,0.0,70.0,82.0,12.0,0.2034,0.0,0.0,0,0,0,0,1,3,4,0,0,,1.0,0,0,,1.0,0,0,,1.0,0,0,0,0,0,0,4,13,17,0,0,,1.0,0,0,,1.0,0,0,,1.0,0,0,0,0,0,0,3,7,10,0,0,,1.0,0,0,,1.0,0,0,,1.0,0,0,,,,False,False,False,False,False,NORMAL_OR_RESPONDING,ACTION_NONE,high,NOT_NO_LOW_CHANGE_CANDIDATE,,,,,,66.0,10.0,"flat_tail=0.1d, fcc_changes=113, tail_cyc=0.0, tail_ok[90/80]=0/0, unresp_complete[90/80]=0/0, large_gap[90/80]=0/0 -> FCC still updating / not a no-low-change candidate",,v2.0-final,v2.0-final,v2.0-final,0.0,,,,,0.0,-1.0,n/a,ThinkPad X13 Gen 6,Sunwoda,5B11M90122,2026-06-03T16:38:27
LAPTOP-T83863L5_EigerSIT11,5773,2023-12-28 02:39:48,2026-05-31 21:07:11,885.77,0.5,12.886,699,92,0,0,0,0,1,QUALITY_OK,58030.0,49010.0,44070.0,58030.0,224,245,39,206,2026-05-27 22:14:31,4.0,27.66,2.0,184.0,182.0,75.05,134.615,69,62,24.07,84.5,False,False,4.0,0.0,0.0,20.0,100.0,80.0,0.0912,0.2027,0.0,0,0,0,0,13,62,75,0,0,,1.0,0,0,,1.0,0,0,,1.0,0,0,0,0,0,0,21,89,110,0,0,,1.0,0,0,,1.0,0,0,,1.0,0,0,0,0,0,0,15,71,86,0,0,,0.9333,0,0,,0.9333,0,0,,1.0,0,0,,,,False,False,False,False,False,NORMAL_OR_RESPONDING,ACTION_NONE,high,NOT_NO_LOW_CHANGE_CANDIDATE,,,,,,52.5,10.7,"flat_tail=4.0d, fcc_changes=245, tail_cyc=0.0, tail_ok[90/80]=0/0, unresp_complete[90/80]=0/0, large_gap[90/80]=0/0 -> FCC still updating / not a no-low-change candidate",,v2.0-final,v2.0-final,v2.0-final,0.0,,,,,0.0,-1.0,n/a,ThinkPad,Sunwoda,5B11H56405,2026-06-03T16:38:27
LAPTOP-TH4417NP_MobilePE,507,2024-10-02 19:00:01,2024-10-09 19:36:45,7.03,0.5,0.5,1,0,0,0,0,0,1,QUALITY_SHORT_OBS,57000.0,57570.0,57000.0,57570.0,2,1,1,0,2024-10-09 19:36:45,0.0,14.225,5.0,19.0,14.0,727.38,7.143,1,1,1.0,101.0,False,False,0.0,0.0,,100.0,100.0,0.0,,,,0,0,0,0,0,1,1,0,0,,,0,0,,,0,0,,,0,0,0,0,0,0,0,1,1,0,0,,,0,0,,,0,0,,,0,0,0,0,0,0,0,1,1,0,0,,,0,0,,,0,0,,,0,0,,,,False,False,False,False,False,REVIEW_INSUFFICIENT_DATA,ACTION_COLLECT_MORE_DATA_OR_MANUAL_REVIEW,review,REVIEW_SHORT_OBS_ACTIVE_LIKE,,,REVIEW_SHORT_OBS_ACTIVE_LIKE,low,観測期間<120日でactive様（flat_tail<60）。経過観察で十分なことが多い。,65.0,5.0,"obs_days=7.0, n_samples=507, quality=QUALITY_SHORT_OBS -> insufficient/uncertain data",観測期間・サンプル数・カウンタ整合性のいずれかが不足しており信頼できる判定ができません。review_priorityに従い追加データ収集または手動レビューを行ってください。,v2.0-final,v2.0-final,v2.0-final,0.0,,,,,0.0,-1.0,n/a,ThinkPad X1 Yoga Gen 8,Sunwoda,5B10W13975,2026-06-03T16:38:27
LAPTOP-TH5V7J86_CQE_Test,1997,2023-05-19 09:42:35,2023-10-23 09:32:19,156.99,0.5,6.552,103,29,0,0,0,0,1,QUALITY_OK,56990.0,56990.0,56990.0,56990.0,1,0,0,0,2023-05-19 09:42:35,157.0,0.0,337.0,402.0,65.0,151.23,0.0,0,0,0.0,99.98,True,False,157.0,65.0,151.23,1.0,100.0,99.0,0.6437,0.3543,0.0577,1,13,14,14,1,13,14,1,0,0.0,0.0,1,0,0.0,0.0,1,0,0.0,0.0,1,0,8,18,26,26,8,18,26,8,0,0.0,0.0,8,0,0.0,0.0,8,0,0.0,0.0,8,0,3,15,18,18,3,15,18,3,0,0.0,0.0,3,0,0.0,0.0,3,0,0.0,0.0,3,0,0.0,0.0,0.0,True,False,True,False,True,ACTIONABLE_FW_CHECK_OPPORTUNITY_NO_RESPONSE,ACTION_FW_CHECK,medium,FW_MEDIUM_UNRESPONDED_COMPLETE_WINDOWS,ZERO_UPDATE_AFTER_OPPORTUNITIES,,,,,49.9,96.2,"flat_tail=157.0d, fcc_changes=0, tail_cyc=65.0, tail_ok[90/80]=1/8, unresp_complete[90/80]=1/8, large_gap[90/80]=13/18 -> complete-window opportunities present but FCC did not respond",FCC/SoHが長期間更新されておらず、ログ上は深い放電→再充電の学習機会（完全窓・OK品質）が複数回確認されるのにFCCが応答していません。BIOS/EC/バッテリー関連FWのVersion確認とアップデート有無確認を優先してください。アップデート後、次回の学習機会後72h〜7日間でFCC更新有無を確認してください。,v2.0-final,v2.0-final,v2.0-final,12.0,1.656,0.0,-1.656,-1.465,81.2,1.0,MIXED,ThinkPad X1 Carbon Gen 9,Sunwoda,5B10W13975,2026-06-03T16:38:27
LAPTOP-TSQ0GU66_motty,1352,2023-04-17 22:02:32,2024-02-03 07:33:04,291.4,0.5,7.081,86,17,0,2,0,0,1,QUALITY_COUNTER_RESET,16630.0,15250.0,15250.0,16630.0,3,2,0,2,2024-01-13 07:15:28,21.0,0.686,3.0,49.0,46.0,57.66,4.348,2,2,8.4,92.82,False,False,21.0,1.0,17.38,12.0,100.0,88.0,0.6135,0.4248,0.04,0,0,0,0,2,6,8,0,0,,0.5,0,0,,0.5,0,0,,0.5,0,0,0,0,0,0,3,10,13,0,0,,0.3333,0,0,,0.3333,0,0,,0.3333,0,0,0,0,0,0,3,9,12,0,0,,0.3333,0,0,,0.3333,0,0,,0.3333,0,0,,,,False,False,False,True,True,REVIEW_INSUFFICIENT_DATA,ACTION_COLLECT_MORE_DATA_OR_MANUAL_REVIEW,review,REVIEW_COUNTER_RESET,,,REVIEW_COUNTER_RESET,high,cycleCountが減少（カウンタリセット/パック異常疑い）。生ログ確認が必要。,55.3,3.7,"obs_days=291.4, n_samples=1352, quality=QUALITY_COUNTER_RESET -> insufficient/uncertain data",観測期間・サンプル数・カウンタ整合性のいずれかが不足しており信頼できる判定ができません。review_priorityに従い追加データ収集または手動レビューを行ってください。,v2.0-final,v2.0-final,v2.0-final,0.0,,,,,0.0,-1.0,n/a,ThinkPad X1 Fold 16 Gen 1,SMP,5B10W51897,2026-06-03T16:38:27
LAPTOP-U4336J0U_P14s,4691,2025-09-18 10:20:19,2026-04-17 14:14:58,211.16,0.5,0.5,79,31,0,0,0,0,1,QUALITY_OK,75000.0,72190.0,72190.0,75530.0,37,36,1,35,2026-04-14 18:44:50,2.8,17.049,4.0,35.0,31.0,53.62,116.129,5,5,4.46,96.25,False,False,2.8,0.0,0.0,45.0,100.0,55.0,0.9423,0.4948,0.0,0,0,0,0,0,2,2,0,0,,,0,0,,,0,0,,,0,0,0,0,0,0,0,3,3,0,0,,,0,0,,,0,0,,,0,0,0,0,0,0,0,3,3,0,0,,,0,0,,,0,0,,,0,0,,,,False,False,False,False,False,NORMAL_OR_RESPONDING,ACTION_NONE,high,NOT_NO_LOW_CHANGE_CANDIDATE,,,,,,69.3,10.5,"flat_tail=2.8d, fcc_changes=36, tail_cyc=0.0, tail_ok[90/80]=0/0, unresp_complete[90/80]=0/0, large_gap[90/80]=0/0 -> FCC still updating / not a no-low-change candidate",,v2.0-final,v2.0-final,v2.0-final,0.0,,,,,0.0,-1.0,n/a,ThinkPad P14s Gen 6,Sunwoda,5B11M90121,2026-06-03T16:38:27
LAPTOP-UFSPNVK8_SIT2,300,2023-12-14 16:46:41,2023-12-25 15:34:41,10.95,0.5,1.67,6,1,0,0,0,0,1,QUALITY_SHORT_OBS,45250.0,46630.0,44780.0,46640.0,6,5,1,4,2023-12-25 15:25:22,0.0,45.662,4.0,7.0,3.0,100.07,166.667,2,2,3.99,100.09,False,False,0.0,0.0,0.0,53.0,58.0,5.0,0.4902,0.0,0.0,0,0,0,0,0,0,0,0,0,,,0,0,,,0,0,,,0,0,0,0,0,0,0,0,0,0,0,,,0,0,,,0,0,,,0,0,0,0,0,0,0,0,0,0,0,,,0,0,,,0,0,,,0,0,,,,False,False,False,False,False,REVIEW_INSUFFICIENT_DATA,ACTION_COLLECT_MORE_DATA_OR_MANUAL_REVIEW,review,REVIEW_SHORT_OBS_ACTIVE_LIKE,,,REVIEW_SHORT_OBS_ACTIVE_LIKE,low,観測期間<120日でactive様（flat_tail<60）。経過観察で十分なことが多い。,63.3,5.0,"obs_days=10.9, n_samples=300, quality=QUALITY_SHORT_OBS -> insufficient/uncertain data",観測期間・サンプル数・カウンタ整合性のいずれかが不足しており信頼できる判定ができません。review_priorityに従い追加データ収集または手動レビューを行ってください。,v2.0-final,v2.0-final,v2.0-final,0.0,,,,,0.0,-1.0,n/a,ThinkPad L16 Gen 1,SMP,5B11H56393,2026-06-03T16:38:27
LAPTOP-UQQQG0S3_ThinkPad,6112,2024-12-02 08:22:35,2025-07-30 08:35:38,240.01,0.5,0.5,69,25,0,2,0,0,1,QUALITY_COUNTER_RESET,57050.0,55380.0,55380.0,57440.0,37,40,3,37,2025-07-23 22:34:03,6.4,16.666,0.0,32.0,32.0,48.7,125.0,4,4,3.61,97.11,False,False,6.4,0.0,0.0,50.0,80.0,30.0,0.9728,0.0,0.0,0,0,0,0,1,2,3,0,0,,1.0,0,0,,1.0,0,0,,1.0,0,0,0,0,0,0,3,5,8,0,0,,1.0,0,0,,1.0,0,0,,1.0,0,0,0,0,0,0,1,2,3,0,0,,1.0,0,0,,1.0,0,0,,1.0,0,0,,,,False,False,False,False,False,REVIEW_INSUFFICIENT_DATA,ACTION_COLLECT_MORE_DATA_OR_MANUAL_REVIEW,review,REVIEW_COUNTER_RESET,,,REVIEW_COUNTER_RESET,high,cycleCountが減少（カウンタリセット/パック異常疑い）。生ログ確認が必要。,60.5,1.1,"obs_days=240.0, n_samples=6112, quality=QUALITY_COUNTER_RESET -> insufficient/uncertain data",観測期間・サンプル数・カウンタ整合性のいずれかが不足しており信頼できる判定ができません。review_priorityに従い追加データ収集または手動レビューを行ってください。,v2.0-final,v2.0-final,v2.0-final,0.0,,,,,0.0,-1.0,n/a,ThinkPad X1 Carbon Gen 13,Celxpert,5B11M90098,2026-06-03T16:38:27
LAPTOP-USS5OCA4_Cui_Qi,339,2024-01-25 14:11:47,2024-03-19 10:40:10,53.85,0.5,6.447,18,8,0,0,0,0,1,QUALITY_SHORT_OBS,57040.0,56990.0,56990.0,57040.0,5,4,0,4,2024-03-17 10:19:35,2.0,7.428,0.0,6.0,6.0,40.7,66.667,0,0,0.09,99.98,False,False,2.0,0.0,0.0,33.0,100.0,67.0,0.7304,0.6824,0.0,0,0,0,0,0,0,0,0,0,,,0,0,,,0,0,,,0,0,0,0,0,0,0,0,0,0,0,,,0,0,,,0,0,,,0,0,0,0,0,0,0,0,0,0,0,,,0,0,,,0,0,,,0,0,,,,False,False,False,False,False,REVIEW_INSUFFICIENT_DATA,ACTION_COLLECT_MORE_DATA_OR_MANUAL_REVIEW,review,REVIEW_SHORT_OBS_ACTIVE_LIKE,,,REVIEW_SHORT_OBS_ACTIVE_LIKE,low,観測期間<120日でactive様（flat_tail<60）。経過観察で十分なことが多い。,59.9,5.3,"obs_days=53.9, n_samples=339, quality=QUALITY_SHORT_OBS -> insufficient/uncertain data",観測期間・サンプル数・カウンタ整合性のいずれかが不足しており信頼できる判定ができません。review_priorityに従い追加データ収集または手動レビューを行ってください。,v2.0-final,v2.0-final,v2.0-final,0.0,,,,,0.0,-1.0,n/a,ThinkPad X1 Carbon Gen 12,Sunwoda,5B11H56385,2026-06-03T16:38:27
LAPTOP-UU99D8BO_T14p_CX_SVT,4999,2024-03-19 22:21:18,2024-08-08 14:06:57,141.66,0.5,0.5,25,9,0,0,0,0,1,QUALITY_OK,76490.0,74250.0,74250.0,76490.0,22,21,1,20,2024-08-07 16:18:34,0.9,14.824,1.0,18.0,17.0,43.83,123.529,5,5,2.99,99.0,False,False,0.9,0.0,0.0,66.0,100.0,34.0,0.9671,0.9172,0.0,0,0,0,0,0,2,2,0,0,,,0,0,,,0,0,,,0,0,0,0,0,0,1,4,5,0,0,,1.0,0,0,,1.0,0,0,,1.0,0,0,0,0,0,0,0,2,2,0,0,,,0,0,,,0,0,,,0,0,,,,False,False,False,False,False,NORMAL_OR_RESPONDING,ACTION_NONE,high,NOT_NO_LOW_CHANGE_CANDIDATE,,,,,,69.5,10.2,"flat_tail=0.9d, fcc_changes=21, tail_cyc=0.0, tail_ok[90/80]=0/0, unresp_complete[90/80]=0/0, large_gap[90/80]=0/0 -> FCC still updating / not a no-low-change candidate",,v2.0-final,v2.0-final,v2.0-final,0.0,,,,,0.0,-1.0,n/a,ThinkPad T14p Gen 2,Sunwoda,5B11H56402,2026-06-03T16:38:27
LAPTOP-V1IRQ8I4_1,13939,2025-12-03 13:29:25,2026-03-05 10:42:07,91.88,0.003,0.487,60,9,0,0,0,0,1,QUALITY_SHORT_OBS,58030.0,56920.0,56920.0,58610.0,23,22,1,21,2026-03-04 12:26:04,0.9,23.944,2.0,29.0,27.0,107.33,81.481,2,2,2.91,98.14,False,False,0.9,0.0,0.0,92.0,100.0,8.0,0.9976,0.9775,0.0,0,0,0,0,0,1,1,0,0,,,0,0,,,0,0,,,0,0,0,0,0,0,0,1,1,0,0,,,0,0,,,0,0,,,0,0,0,0,0,0,0,1,1,0,0,,,0,0,,,0,0,,,0,0,,,,False,False,False,False,False,REVIEW_INSUFFICIENT_DATA,ACTION_COLLECT_MORE_DATA_OR_MANUAL_REVIEW,review,REVIEW_SHORT_OBS_ACTIVE_LIKE,,,REVIEW_SHORT_OBS_ACTIVE_LIKE,low,観測期間<120日でactive様（flat_tail<60）。経過観察で十分なことが多い。,65.1,5.2,"obs_days=91.9, n_samples=13939, quality=QUALITY_SHORT_OBS -> insufficient/uncertain data",観測期間・サンプル数・カウンタ整合性のいずれかが不足しており信頼できる判定ができません。review_priorityに従い追加データ収集または手動レビューを行ってください。,v2.0-final,v2.0-final,v2.0-final,0.0,,,,,0.0,-1.0,n/a,ThinkPad X1 2-in-1 Gen 11,COSMX,5B11M90162,2026-06-03T16:38:27
LAPTOP-V450TO4P_Rob,1758,2024-05-13 14:22:37,2025-12-02 16:02:48,568.07,0.5,32.397,360,119,0,0,0,0,1,QUALITY_SPARSE,91420.0,91460.0,91230.0,94400.0,25,24,2,22,2025-09-15 19:54:50,77.8,4.225,5.0,26.0,21.0,13.5,114.286,5,5,3.52,101.62,False,False,77.8,0.0,0.0,74.0,100.0,26.0,0.9733,0.7424,0.0,0,0,0,0,0,2,2,0,0,,,0,0,,,0,0,,,0,0,0,0,0,0,0,2,2,0,0,,,0,0,,,0,0,,,0,0,0,0,0,0,0,2,2,0,0,,,0,0,,,0,0,,,0,0,,,,False,False,False,False,False,NORMAL_OR_RESPONDING,ACTION_NONE,high,NOT_NO_LOW_CHANGE_CANDIDATE,,,,,,77.4,18.0,"flat_tail=77.8d, fcc_changes=24, tail_cyc=0.0, tail_ok[90/80]=0/0, unresp_complete[90/80]=0/0, large_gap[90/80]=0/0 -> FCC still updating / not a no-low-change candidate",,v2.0-final,v2.0-final,v2.0-final,0.0,,,,,0.0,-1.0,n/a,ThinkPad P1 Gen 7,Celxpert,5B11M37552,2026-06-03T16:38:27
LAPTOP-V5HIJJIL_Admin,15342,2024-06-27 14:07:12,2026-04-02 17:31:31,644.14,0.5,0.749,284,68,0,1,0,0,1,QUALITY_COUNTER_RESET,92670.0,69500.0,69500.0,92670.0,14,15,2,13,2026-03-16 18:00:46,17.0,2.329,1.0,124.0,123.0,69.75,12.195,13,13,25.71,77.15,False,False,17.0,7.0,150.58,31.0,100.0,69.0,0.6951,0.3053,0.0,0,0,0,0,0,6,6,0,0,,,0,0,,,0,0,,,0,0,0,0,0,0,2,10,12,0,0,,0.5,0,0,,1.0,0,0,,1.0,0,0,0,0,0,0,0,8,8,0,0,,,0,0,,,0,0,,,0,0,,,,False,False,False,False,False,REVIEW_INSUFFICIENT_DATA,ACTION_COLLECT_MORE_DATA_OR_MANUAL_REVIEW,review,REVIEW_COUNTER_RESET,,,REVIEW_COUNTER_RESET,high,cycleCountが減少（カウンタリセット/パック異常疑い）。生ログ確認が必要。,53.2,4.2,"obs_days=644.1, n_samples=15342, quality=QUALITY_COUNTER_RESET -> insufficient/uncertain data",観測期間・サンプル数・カウンタ整合性のいずれかが不足しており信頼できる判定ができません。review_priorityに従い追加データ収集または手動レビューを行ってください。,v2.0-final,v2.0-final,v2.0-final,0.0,,,,,0.0,-1.0,n/a,ThinkPad P1 Gen 6,SMP,5B11K07736,2026-06-03T16:38:27
LAPTOP-VHFOHP1Q_Neal,12868,2025-07-08 00:39:06,2026-04-24 09:23:22,290.36,0.5,0.5,17,7,0,0,0,0,1,QUALITY_OK,54760.0,50230.0,50220.0,54760.0,52,55,3,52,2026-04-24 09:23:22,0.0,18.942,1.0,47.0,46.0,57.86,119.565,10,10,8.3,91.83,False,False,0.0,0.0,,100.0,100.0,0.0,,,,0,0,0,0,0,3,3,0,0,,,0,0,,,0,0,,,0,0,0,0,0,0,1,4,5,0,0,,1.0,0,0,,1.0,0,0,,1.0,0,0,0,0,0,0,0,3,3,0,0,,,0,0,,,0,0,,,0,0,,,,False,False,False,False,False,NORMAL_OR_RESPONDING,ACTION_NONE,high,NOT_NO_LOW_CHANGE_CANDIDATE,,,,,,70.0,10.0,"flat_tail=0.0d, fcc_changes=55, tail_cyc=0.0, tail_ok[90/80]=0/0, unresp_complete[90/80]=0/0, large_gap[90/80]=0/0 -> FCC still updating / not a no-low-change candidate",,v2.0-final,v2.0-final,v2.0-final,0.0,,,,,0.0,-1.0,n/a,ThinkPad X13 Gen 6,Sunwoda,5B11M90122,2026-06-03T16:38:27
LAPTOP-VM3TTE0T_Totoro,27767,2023-02-14 09:13:50,2024-11-29 10:10:50,654.04,0.5,0.5,38,19,0,14,0,0,1,QUALITY_COUNTER_RESET,61710.0,58000.0,58000.0,61850.0,56,87,38,49,2024-11-26 09:10:50,3.0,13.302,20.0,58.0,38.0,21.22,228.947,71,57,5.67,85.29,False,False,3.0,0.0,0.0,100.0,100.0,0.0,1.0,1.0,0.0,0,0,0,0,0,3,3,0,0,,,0,0,,,0,0,,,0,0,0,0,0,0,0,5,5,0,0,,,0,0,,,0,0,,,0,0,0,0,0,0,0,3,3,0,0,,,0,0,,,0,0,,,0,0,,,,False,False,False,False,False,REVIEW_INSUFFICIENT_DATA,ACTION_COLLECT_MORE_DATA_OR_MANUAL_REVIEW,review,REVIEW_COUNTER_RESET,,,REVIEW_COUNTER_RESET,high,cycleCountが減少（カウンタリセット/パック異常疑い）。生ログ確認が必要。,60.5,0.5,"obs_days=654.0, n_samples=27767, quality=QUALITY_COUNTER_RESET -> insufficient/uncertain data",観測期間・サンプル数・カウンタ整合性のいずれかが不足しており信頼できる判定ができません。review_priorityに従い追加データ収集または手動レビューを行ってください。,v2.0-final,v2.0-final,v2.0-final,0.0,,,,,0.0,-1.0,n/a,ThinkPad P15v Gen 2i,Celxpert,5B10W13961,2026-06-03T16:38:27
LAPTOP-VMR2DHBF_test,2666,2024-10-29 08:58:16,2025-08-22 10:43:13,297.07,0.488,12.793,202,61,0,1,0,0,1,QUALITY_COUNTER_RESET,58930.0,56230.0,56040.0,59860.0,78,86,6,80,2025-08-20 15:24:36,1.8,28.949,5.0,81.0,76.0,93.44,113.158,9,9,6.7,98.65,False,False,1.8,0.0,0.0,53.0,100.0,47.0,0.3256,0.0564,0.0,0,0,0,0,0,4,4,0,0,,,0,0,,,0,0,,,0,0,0,0,0,0,0,6,6,0,0,,,0,0,,,0,0,,,0,0,0,0,0,0,0,4,4,0,0,,,0,0,,,0,0,,,0,0,,,,False,False,False,False,False,REVIEW_INSUFFICIENT_DATA,ACTION_COLLECT_MORE_DATA_OR_MANUAL_REVIEW,review,REVIEW_COUNTER_RESET,,,REVIEW_COUNTER_RESET,high,cycleCountが減少（カウンタリセット/パック異常疑い）。生ログ確認が必要。,46.8,0.3,"obs_days=297.1, n_samples=2666, quality=QUALITY_COUNTER_RESET -> insufficient/uncertain data",観測期間・サンプル数・カウンタ整合性のいずれかが不足しており信頼できる判定ができません。review_priorityに従い追加データ収集または手動レビューを行ってください。,v2.0-final,v2.0-final,v2.0-final,0.0,,,,,0.0,-1.0,n/a,ThinkPad X1 Carbon Gen 13,Sunwoda,5B11M90099,2026-06-03T16:38:27
LAPTOP-VSQFIELJ_L16HPT,5252,2025-06-06 12:54:49,2026-04-28 09:30:41,325.86,0.5,1.761,183,42,0,1,0,0,1,QUALITY_COUNTER_RESET,57000.0,51540.0,51160.0,57000.0,68,69,5,64,2026-04-27 20:29:37,0.5,21.175,1.0,59.0,58.0,65.01,118.966,12,12,10.25,90.42,False,False,0.5,0.0,0.0,1.0,2.0,1.0,0.0003,0.0,1.0,0,0,0,0,1,5,6,0,0,,1.0,0,0,,1.0,0,0,,1.0,0,0,0,0,0,0,1,10,11,0,0,,1.0,0,0,,1.0,0,0,,1.0,0,0,0,0,0,0,1,8,9,0,0,,1.0,0,0,,1.0,0,0,,1.0,0,0,,,,False,False,False,False,False,REVIEW_INSUFFICIENT_DATA,ACTION_COLLECT_MORE_DATA_OR_MANUAL_REVIEW,review,REVIEW_COUNTER_RESET,,,REVIEW_COUNTER_RESET,high,cycleCountが減少（カウンタリセット/パック異常疑い）。生ログ確認が必要。,59.8,0.1,"obs_days=325.9, n_samples=5252, quality=QUALITY_COUNTER_RESET -> insufficient/uncertain data",観測期間・サンプル数・カウンタ整合性のいずれかが不足しており信頼できる判定ができません。review_priorityに従い追加データ収集または手動レビューを行ってください。,v2.0-final,v2.0-final,v2.0-final,0.0,,,,,0.0,-1.0,n/a,ThinkPad L16 Gen 2,Sunwoda,5B11M90113,2026-06-03T16:38:27
LISA_loconnor,4320,2025-04-30 15:37:48,2026-05-28 07:23:01,392.66,0.5,15.918,250,62,0,0,0,0,1,QUALITY_OK,58050.0,56260.0,55220.0,58080.0,19,22,3,19,2026-04-20 07:25:36,38.0,5.603,1.0,16.0,15.0,13.95,146.667,5,4,4.93,97.0,False,False,38.0,0.0,0.0,85.0,100.0,15.0,0.9688,0.435,0.0,0,0,0,0,0,4,4,0,0,,,0,0,,,0,0,,,0,0,0,0,0,0,0,4,4,0,0,,,0,0,,,0,0,,,0,0,0,0,0,0,0,4,4,0,0,,,0,0,,,0,0,,,0,0,,,,False,False,False,False,False,NORMAL_OR_RESPONDING,ACTION_NONE,high,NOT_NO_LOW_CHANGE_CANDIDATE,,,,,,75.7,16.3,"flat_tail=38.0d, fcc_changes=22, tail_cyc=0.0, tail_ok[90/80]=0/0, unresp_complete[90/80]=0/0, large_gap[90/80]=0/0 -> FCC still updating / not a no-low-change candidate",,v2.0-final,v2.0-final,v2.0-final,0.0,,,,,0.0,-1.0,n/a,ThinkPad T14s Gen 6,ATL,5B11M90108,2026-06-03T16:38:27
LIUFENG7-26Y6JC_liufeng7,4141,2023-02-08 11:20:38,2024-07-10 15:33:15,518.18,0.5,14.008,298,95,0,0,0,0,1,QUALITY_OK,54720.0,54720.0,51160.0,54720.0,2,2,1,1,2024-06-07 14:13:56,33.1,0.386,7.0,55.0,48.0,33.83,4.167,2,2,6.51,100.04,False,False,33.1,1.0,11.05,0.0,93.0,93.0,0.511,0.0,0.1691,0,0,0,0,0,10,10,0,0,,,0,0,,,0,0,,,0,0,0,0,0,0,1,14,15,0,0,,0.0,0,0,,0.0,0,0,,0.0,0,0,0,0,0,0,1,13,14,0,0,,0.0,0,0,,0.0,0,0,,0.0,0,0,,,,False,False,False,True,True,WATCH_LOW_UPDATE_RATE_AMBIGUOUS,ACTION_MONITOR_OR_MANUAL_REVIEW,low,WATCH_ACTIVE_LOW_CADENCE,,WATCH_ACTIVE_LOW_CADENCE,,,,65.2,15.7,"flat_tail=33.1d, fcc_changes=2, tail_cyc=1.0, tail_ok[90/80]=0/0, unresp_complete[90/80]=0/0, large_gap[90/80]=0/0 -> ambiguous (watch)",FCC更新率は低いが完全凍結ではない/学習機会がlarge-gapまたは打ち切りで確証が弱い/境界的のため、FW確認に回す前にモニタリングまたは手動レビューを推奨します。,v2.0-final,v2.0-final,v2.0-final,0.0,,,,,0.0,1.0,MIXED,ThinkPad X13 Gen 2i,Sunwoda,5B10W51820,2026-06-03T16:38:27
LIUFENG_liufeng7,5856,2024-04-11 16:32:50,2025-09-18 22:06:01,525.23,0.5,5.935,292,83,0,0,0,0,1,QUALITY_OK,58250.0,52950.0,52950.0,58250.0,133,132,0,132,2025-09-17 14:57:50,1.3,25.132,7.0,83.0,76.0,52.85,173.684,9,4,9.29,92.85,False,False,1.3,0.0,0.0,89.0,100.0,11.0,0.6423,0.4775,0.0,0,0,0,0,0,2,2,0,0,,,0,0,,,0,0,,,0,0,0,0,0,0,0,6,6,0,0,,,0,0,,,0,0,,,0,0,0,0,0,0,0,4,4,0,0,,,0,0,,,0,0,,,0,0,,,,False,False,False,False,False,NORMAL_OR_RESPONDING,ACTION_NONE,high,NOT_NO_LOW_CHANGE_CANDIDATE,,,,,,66.5,10.2,"flat_tail=1.3d, fcc_changes=132, tail_cyc=0.0, tail_ok[90/80]=0/0, unresp_complete[90/80]=0/0, large_gap[90/80]=0/0 -> FCC still updating / not a no-low-change candidate",,v2.0-final,v2.0-final,v2.0-final,0.0,,,,,0.0,-1.0,n/a,ThinkPad X1 Carbon Gen 12,SMP,5B11H56383,2026-06-03T16:38:27
LIUHY24-X1C8_Miss_Ling,1497,2023-09-06 09:57:58,2025-07-23 16:43:11,686.28,0.5,44.574,229,112,0,0,0,0,1,QUALITY_SPARSE,51990.0,50990.0,50990.0,51990.0,2,1,0,1,2023-09-06 11:27:35,686.2,0.146,76.0,134.0,58.0,30.87,1.724,1,1,1.96,99.98,False,False,686.2,58.0,30.87,6.0,100.0,94.0,0.673,0.2578,0.019,0,5,5,5,0,6,6,0,0,,,0,0,,,0,0,,,0,0,0,13,13,13,0,14,14,0,0,,,0,0,,,0,0,,,0,0,0,9,9,9,0,10,10,0,0,,,0,0,,,0,0,,,0,0,,,,False,True,True,True,True,WATCH_LOW_UPDATE_RATE_AMBIGUOUS,ACTION_MONITOR_OR_MANUAL_REVIEW,low,WATCH_POSSIBLE_OPPORTUNITY_WITH_LARGE_GAPS,,WATCH_POSSIBLE_OPPORTUNITY_WITH_LARGE_GAPS,,,,50.2,45.0,"flat_tail=686.2d, fcc_changes=1, tail_cyc=58.0, tail_ok[90/80]=0/0, unresp_complete[90/80]=0/0, large_gap[90/80]=5/13 -> ambiguous (watch)",FCC更新率は低いが完全凍結ではない/学習機会がlarge-gapまたは打ち切りで確証が弱い/境界的のため、FW確認に回す前にモニタリングまたは手動レビューを推奨します。,v2.0-final,v2.0-final,v2.0-final,0.0,,,,,0.0,1.0,MIXED,ThinkPad X1 Carbon Gen 8,LG,5B10W13930,2026-06-03T16:38:27
LIUHY24-X1EGEN4_liuhy24,29432,2023-02-27 10:56:16,2025-04-28 09:30:34,790.94,0.5,0.5,123,39,0,0,0,0,1,QUALITY_OK,88150.0,76980.0,76980.0,88150.0,4,3,0,3,2024-11-11 10:32:40,168.0,0.379,13.0,26.0,13.0,6.0,23.077,3,3,12.4,85.45,False,False,168.0,6.0,13.05,53.0,100.0,47.0,0.9933,0.6238,0.0,0,0,0,0,0,3,3,0,0,,,0,0,,,0,0,,,0,0,0,0,0,0,0,3,3,0,0,,,0,0,,,0,0,,,0,0,0,0,0,0,0,3,3,0,0,,,0,0,,,0,0,,,0,0,,,,False,False,False,True,True,ACTIONABLE_GAUGE_RESET_INSUFFICIENT_LEARNING_OPPORTUNITY,ACTION_GAUGE_RESET,high,GAUGE_HIGH_NO_OPPORTUNITY,NO_OPPORTUNITY_AC_BOUND;NO_OPPORTUNITY_LOW_CYCLING;NO_OPPORTUNITY_SHALLOW_RANGE,,,,,94.9,39.2,"flat_tail=168.0d, fcc_changes=3, tail_cyc=6.0, tail_ok[90/80]=0/0, unresp_complete[90/80]=0/0, large_gap[90/80]=0/0, ac=0.99, min_rsoc=53.0 -> insufficient learning opportunity",FCC/SoHが長期間更新されておらず、ログ上は深い放電→再充電の学習機会が十分に確認できません（OK品質の機会が無く、large-gapを含めても判定可能な機会がない）。安全な環境でOEM推奨のバッテリーゲージリセット/キャリブレーションを実施し、その後72h〜7日間のテレメトリでFCC更新有無を確認してください。,v2.0-final,v2.0-final,v2.0-final,0.0,,,,,0.0,0.0,AC_BOUND+SHALLOW_RANGE+LOW_CYCLING,ThinkPad X1 Extreme Gen 4i,SMP,5B11B79217,2026-06-03T16:38:27
LIXINB-PF5G1XJE_lixinb,2969,2025-07-28 14:51:05,2026-02-09 10:44:21,195.83,0.5,9.017,215,17,0,0,0,0,1,QUALITY_OK,57040.0,56440.0,55700.0,57050.0,73,78,6,72,2026-02-06 15:22:17,2.8,39.83,0.0,76.0,76.0,141.75,102.632,7,7,2.37,98.97,False,False,2.8,0.0,0.0,82.0,100.0,18.0,0.9851,0.4982,0.0,0,0,0,0,0,3,3,0,0,,,0,0,,,0,0,,,0,0,0,0,0,0,0,4,4,0,0,,,0,0,,,0,0,,,0,0,0,0,0,0,0,3,3,0,0,,,0,0,,,0,0,,,0,0,,,,False,False,False,False,False,NORMAL_OR_RESPONDING,ACTION_NONE,high,NOT_NO_LOW_CHANGE_CANDIDATE,,,,,,70.2,10.5,"flat_tail=2.8d, fcc_changes=78, tail_cyc=0.0, tail_ok[90/80]=0/0, unresp_complete[90/80]=0/0, large_gap[90/80]=0/0 -> FCC still updating / not a no-low-change candidate",,v2.0-final,v2.0-final,v2.0-final,0.0,,,,,0.0,-1.0,n/a,ThinkPad X1 Carbon Gen 13,BYD,5B11M90100,2026-06-03T16:38:27
LL_LLL,8233,2025-08-04 17:48:34,2026-04-20 17:08:12,258.97,0.5,0.5,84,20,0,0,0,0,1,QUALITY_OK,75000.0,71770.0,71770.0,76100.0,56,55,2,53,2026-04-20 09:26:49,0.3,21.238,0.0,48.0,48.0,67.7,114.583,9,9,5.78,95.69,False,False,0.3,0.0,0.0,90.0,100.0,10.0,0.9348,0.87,0.0,0,0,0,0,2,2,4,0,0,,1.0,0,0,,1.0,0,0,,1.0,0,0,0,0,0,0,4,3,7,0,0,,1.0,0,0,,1.0,0,0,,1.0,0,0,0,0,0,0,3,3,6,0,0,,1.0,0,0,,1.0,0,0,,1.0,0,0,,,,False,False,False,False,False,NORMAL_OR_RESPONDING,ACTION_NONE,high,NOT_NO_LOW_CHANGE_CANDIDATE,,,,,,68.7,10.1,"flat_tail=0.3d, fcc_changes=55, tail_cyc=0.0, tail_ok[90/80]=0/0, unresp_complete[90/80]=0/0, large_gap[90/80]=0/0 -> FCC still updating / not a no-low-change candidate",,v2.0-final,v2.0-final,v2.0-final,0.0,,,,,0.0,-1.0,n/a,ThinkPad T14p Gen 3,Sunwoda,5B11M90121,2026-06-03T16:38:27
LOEBACHJ-4SMBAL_X13_2-1,13981,2024-04-05 14:29:01,2025-03-21 10:31:24,349.83,0.5,0.5,56,13,0,0,0,0,1,QUALITY_OK,53050.0,52400.0,52400.0,53050.0,43,42,0,42,2025-03-17 11:47:48,3.9,12.006,3.0,45.0,42.0,43.85,100.0,0,0,1.18,95.8,False,False,3.9,0.0,0.0,71.0,100.0,29.0,0.6023,0.4794,0.0,0,0,0,0,1,0,1,0,0,,1.0,0,0,,1.0,0,0,,1.0,0,0,0,0,0,0,1,0,1,0,0,,1.0,0,0,,1.0,0,0,,1.0,0,0,0,0,0,0,1,0,1,0,0,,1.0,0,0,,1.0,0,0,,1.0,0,0,,,,False,False,False,False,False,NORMAL_OR_RESPONDING,ACTION_NONE,high,NOT_NO_LOW_CHANGE_CANDIDATE,,,,,,62.7,10.7,"flat_tail=3.9d, fcc_changes=42, tail_cyc=0.0, tail_ok[90/80]=0/0, unresp_complete[90/80]=0/0, large_gap[90/80]=0/0 -> FCC still updating / not a no-low-change candidate",,v2.0-final,v2.0-final,v2.0-final,0.0,,,,,0.0,-1.0,n/a,ThinkPad X13 2-in-1 Gen 5,BYD,5B11M90051,2026-06-03T16:38:27
LOEBACHJ-4SMBAL_loebachj,13774,2024-04-05 14:29:01,2025-03-14 14:36:08,343.0,0.5,0.5,51,13,0,0,0,0,1,QUALITY_OK,53050.0,52420.0,52420.0,53050.0,42,41,0,41,2025-03-07 16:32:18,6.9,11.953,3.0,44.0,41.0,43.66,100.0,0,0,1.15,95.83,False,False,6.9,0.0,0.0,78.0,100.0,22.0,0.9573,0.1897,0.0,0,0,0,0,1,0,1,0,0,,1.0,0,0,,1.0,0,0,,1.0,0,0,0,0,0,0,1,0,1,0,0,,1.0,0,0,,1.0,0,0,,1.0,0,0,0,0,0,0,1,0,1,0,0,,1.0,0,0,,1.0,0,0,,1.0,0,0,,,,False,False,False,False,False,NORMAL_OR_RESPONDING,ACTION_NONE,high,NOT_NO_LOW_CHANGE_CANDIDATE,,,,,,70.3,11.2,"flat_tail=6.9d, fcc_changes=41, tail_cyc=0.0, tail_ok[90/80]=0/0, unresp_complete[90/80]=0/0, large_gap[90/80]=0/0 -> FCC still updating / not a no-low-change candidate",,v2.0-final,v2.0-final,v2.0-final,0.0,,,,,0.0,-1.0,n/a,ThinkPad X13 2-in-1 Gen 5,BYD,5B11M90051,2026-06-03T16:38:27
LOEBACHJ-58TDMH_loebachj,19217,2025-03-18 09:42:16,2026-05-26 09:38:57,434.0,0.5,0.5,52,13,0,0,0,0,1,QUALITY_OK,57040.0,55550.0,55550.0,57050.0,41,49,1,48,2026-05-26 07:20:19,0.1,11.29,1.0,49.0,48.0,40.4,102.083,3,3,2.64,97.4,False,False,0.1,0.0,0.0,96.0,100.0,4.0,0.2673,0.7315,0.0,0,0,0,0,0,1,1,0,0,,,0,0,,,0,0,,,0,0,0,0,0,0,0,1,1,0,0,,,0,0,,,0,0,,,0,0,0,0,0,0,0,1,1,0,0,,,0,0,,,0,0,,,0,0,,,,False,False,False,False,False,NORMAL_OR_RESPONDING,ACTION_NONE,high,NOT_NO_LOW_CHANGE_CANDIDATE,,,,,,68.7,10.0,"flat_tail=0.1d, fcc_changes=49, tail_cyc=0.0, tail_ok[90/80]=0/0, unresp_complete[90/80]=0/0, large_gap[90/80]=0/0 -> FCC still updating / not a no-low-change candidate",,v2.0-final,v2.0-final,v2.0-final,0.0,,,,,0.0,-1.0,n/a,ThinkPad X1 2-in-1 Gen 10,BYD,5B11M90100,2026-06-03T16:38:27
LSU4-PF5FS8LS_lsu4,5681,2025-05-12 15:11:06,2026-06-01 15:17:56,385.0,0.5,8.145,463,22,0,0,0,0,1,QUALITY_OK,57040.0,52980.0,52980.0,57040.0,14,13,0,13,2026-05-14 14:44:14,18.0,3.377,2.0,8.0,6.0,5.69,216.667,7,7,7.12,92.95,False,False,18.0,0.0,0.0,96.0,100.0,4.0,0.9886,0.3835,0.0,0,0,0,0,0,0,0,0,0,,,0,0,,,0,0,,,0,0,0,0,0,0,0,0,0,0,0,,,0,0,,,0,0,,,0,0,0,0,0,0,0,0,0,0,0,,,0,0,,,0,0,,,0,0,,,,False,False,False,False,False,NORMAL_OR_RESPONDING,ACTION_NONE,high,NOT_NO_LOW_CHANGE_CANDIDATE,,,,,,72.8,13.0,"flat_tail=18.0d, fcc_changes=13, tail_cyc=0.0, tail_ok[90/80]=0/0, unresp_complete[90/80]=0/0, large_gap[90/80]=0/0 -> FCC still updating / not a no-low-change candidate",,v2.0-final,v2.0-final,v2.0-final,0.0,,,,,0.0,-1.0,n/a,ThinkPad X1 Carbon Gen 13,Sunwoda,5B11M90099,2026-06-03T16:38:27
LWANG5-PW0A203M_lwang5,3525,2024-03-19 12:13:22,2026-05-29 21:19:14,801.38,0.5,8.351,233,39,0,0,0,0,1,QUALITY_OK,46000.0,39240.0,39240.0,46460.0,4,3,1,2,2025-10-06 07:27:46,235.6,0.374,2.0,65.0,63.0,28.71,4.762,3,2,15.7,85.3,False,False,235.6,4.0,6.2,2.0,100.0,98.0,0.8437,0.7008,0.0176,0,0,0,0,1,9,10,0,0,,1.0,0,0,,1.0,0,0,,1.0,0,0,0,0,0,0,1,10,11,0,0,,1.0,0,0,,1.0,0,0,,1.0,0,0,0,0,0,0,1,9,10,0,0,,1.0,0,0,,1.0,0,0,,1.0,0,0,,,,False,True,False,True,True,ACTIONABLE_GAUGE_RESET_INSUFFICIENT_LEARNING_OPPORTUNITY,ACTION_GAUGE_RESET,high,GAUGE_HIGH_NO_OPPORTUNITY,NO_OPPORTUNITY_AC_BOUND;NO_OPPORTUNITY_LOW_CYCLING,,,,,94.9,40.8,"flat_tail=235.6d, fcc_changes=3, tail_cyc=4.0, tail_ok[90/80]=0/0, unresp_complete[90/80]=0/0, large_gap[90/80]=0/0, ac=0.84, min_rsoc=2.0 -> insufficient learning opportunity",FCC/SoHが長期間更新されておらず、ログ上は深い放電→再充電の学習機会が十分に確認できません（OK品質の機会が無く、large-gapを含めても判定可能な機会がない）。安全な環境でOEM推奨のバッテリーゲージリセット/キャリブレーションを実施し、その後72h〜7日間のテレメトリでFCC更新有無を確認してください。,v2.0-final,v2.0-final,v2.0-final,0.0,,,,,0.0,1.0,MIXED,ThinkPad L13 2-in-1 Gen 5,LG,5B11H56426,2026-06-03T16:38:27
LXIAO1-PF3T9L7M_lxiao1,10892,2023-02-08 10:19:37,2025-08-08 13:57:50,912.15,0.5,3.514,471,108,0,0,0,0,1,QUALITY_OK,58990.0,55960.0,55960.0,58990.0,6,5,0,5,2024-03-01 09:49:55,525.2,0.548,43.0,285.0,242.0,96.9,2.066,5,5,5.31,98.09,False,False,525.2,85.0,59.12,2.0,100.0,98.0,0.5337,0.0019,0.0117,0,2,2,2,0,2,2,0,0,,,0,0,,,0,0,,,0,0,0,9,9,9,0,9,9,0,0,,,0,0,,,0,0,,,0,0,0,2,2,2,0,2,2,0,0,,,0,0,,,0,0,,,0,0,,,,False,True,True,True,True,WATCH_LOW_UPDATE_RATE_AMBIGUOUS,ACTION_MONITOR_OR_MANUAL_REVIEW,low,WATCH_POSSIBLE_OPPORTUNITY_WITH_LARGE_GAPS,,WATCH_POSSIBLE_OPPORTUNITY_WITH_LARGE_GAPS,,,,53.2,50.0,"flat_tail=525.2d, fcc_changes=5, tail_cyc=85.0, tail_ok[90/80]=0/0, unresp_complete[90/80]=0/0, large_gap[90/80]=2/9 -> ambiguous (watch)",FCC更新率は低いが完全凍結ではない/学習機会がlarge-gapまたは打ち切りで確証が弱い/境界的のため、FW確認に回す前にモニタリングまたは手動レビューを推奨します。,v2.0-final,v2.0-final,v2.0-final,0.0,,,,,0.0,1.0,MIXED,ThinkPad X1 Carbon Gen 9,SMP,5B10W13973,2026-06-03T16:38:27
M-PA3_Atsus,2649,2023-07-11 15:20:05,2024-07-19 11:17:45,373.83,0.5,1.591,115,34,0,0,0,0,1,QUALITY_OK,52470.0,51390.0,51390.0,52470.0,3,2,0,2,2024-04-16 15:58:36,93.8,0.535,28.0,62.0,34.0,33.22,5.882,2,2,1.89,90.08,False,False,93.8,0.0,0.0,8.0,87.0,79.0,0.5253,0.0,0.4499,0,0,0,0,0,1,1,0,0,,,0,0,,,0,0,,,0,0,0,0,0,0,0,2,2,0,0,,,0,0,,,0,0,,,0,0,0,0,0,0,0,1,1,0,0,,,0,0,,,0,0,,,0,0,,,,False,False,False,True,True,ACTIONABLE_GAUGE_RESET_INSUFFICIENT_LEARNING_OPPORTUNITY,ACTION_GAUGE_RESET,medium,GAUGE_MEDIUM_NO_OPPORTUNITY,NO_OPPORTUNITY_LOW_CYCLING,,,,,76.1,25.6,"flat_tail=93.8d, fcc_changes=2, tail_cyc=0.0, tail_ok[90/80]=0/0, unresp_complete[90/80]=0/0, large_gap[90/80]=0/0, ac=0.53, min_rsoc=8.0 -> insufficient learning opportunity",FCC/SoHが長期間更新されておらず、ログ上は深い放電→再充電の学習機会が十分に確認できません（OK品質の機会が無く、large-gapを含めても判定可能な機会がない）。安全な環境でOEM推奨のバッテリーゲージリセット/キャリブレーションを実施し、その後72h〜7日間のテレメトリでFCC更新有無を確認してください。,v2.0-final,v2.0-final,v2.0-final,0.0,,,,,0.0,1.0,MIXED,ThinkPad X1 Carbon Gen 11,SMP,5B10W13973,2026-06-03T16:38:27
MAGSHINE_wangyl,3398,2025-01-06 14:13:20,2025-09-23 10:53:35,259.86,0.5,9.837,191,45,0,0,0,0,1,QUALITY_OK,85940.0,86010.0,83920.0,86010.0,12,11,2,9,2025-08-18 09:31:53,36.1,4.233,8.0,99.0,91.0,127.91,12.088,11,11,2.61,107.51,False,False,36.1,12.0,121.56,2.0,100.0,98.0,0.7507,0.5274,0.0087,0,1,1,1,0,18,18,0,0,,,0,0,,,0,0,,,0,0,0,2,2,2,0,23,23,0,0,,,0,0,,,0,0,,,0,0,0,1,1,1,0,20,20,0,0,,,0,0,,,0,0,,,0,0,,,,False,False,False,False,False,NORMAL_OR_RESPONDING,ACTION_NONE,high,NOT_NO_LOW_CHANGE_CANDIDATE,,,,,,48.4,18.4,"flat_tail=36.1d, fcc_changes=11, tail_cyc=12.0, tail_ok[90/80]=0/0, unresp_complete[90/80]=0/0, large_gap[90/80]=1/2 -> FCC still updating / not a no-low-change candidate",,v2.0-final,v2.0-final,v2.0-final,0.0,,,,,0.0,-1.0,n/a,ThinkPad Aladdin,BYD,L24B4PE2,2026-06-03T16:38:27
MAOXY1-PF1H5KSF_maoxy1,10983,2023-02-06 09:50:32,2025-05-27 11:06:25,841.05,0.5,9.877,576,120,0,0,0,0,1,QUALITY_OK,41300.0,40530.0,38860.0,42870.0,206,390,193,197,2025-05-27 09:00:30,0.1,46.371,416.0,582.0,166.0,72.09,234.94,339,295,8.86,89.51,False,False,0.1,1.0,4177.05,5.0,99.0,94.0,1.0,0.0,0.2852,0,0,0,0,2,25,27,0,0,,1.0,0,0,,1.0,0,0,,1.0,0,0,0,0,0,0,4,41,45,0,0,,1.0,0,0,,1.0,0,0,,1.0,0,0,0,0,0,0,2,35,37,0,0,,1.0,0,0,,1.0,0,0,,1.0,0,0,,,,False,False,False,False,False,NORMAL_OR_RESPONDING,ACTION_NONE,high,NOT_NO_LOW_CHANGE_CANDIDATE,,,,,,69.5,10.2,"flat_tail=0.1d, fcc_changes=390, tail_cyc=1.0, tail_ok[90/80]=0/0, unresp_complete[90/80]=0/0, large_gap[90/80]=0/0 -> FCC still updating / not a no-low-change candidate",,v2.0-final,v2.0-final,v2.0-final,0.0,,,,,0.0,-1.0,n/a,ThinkPad E490,SMP,01AV446,2026-06-03T16:38:27
MARKUSTH1_theberlein,2974,2024-05-17 15:31:03,2024-12-11 17:55:45,208.1,0.5,7.709,194,30,0,0,0,0,1,QUALITY_OK,57040.0,58040.0,56730.0,58180.0,55,54,3,51,2024-12-10 18:55:58,1.0,25.949,0.0,55.0,55.0,96.53,98.182,3,3,2.55,101.77,False,False,1.0,0.0,0.0,87.0,100.0,13.0,0.766,0.2048,0.0,0,0,0,0,0,3,3,0,0,,,0,0,,,0,0,,,0,0,0,0,0,0,1,7,8,0,0,,1.0,0,0,,1.0,0,0,,1.0,0,0,0,0,0,0,0,5,5,0,0,,,0,0,,,0,0,,,0,0,,,,False,False,False,False,False,NORMAL_OR_RESPONDING,ACTION_NONE,high,NOT_NO_LOW_CHANGE_CANDIDATE,,,,,,65.8,10.2,"flat_tail=1.0d, fcc_changes=54, tail_cyc=0.0, tail_ok[90/80]=0/0, unresp_complete[90/80]=0/0, large_gap[90/80]=0/0 -> FCC still updating / not a no-low-change candidate",,v2.0-final,v2.0-final,v2.0-final,0.0,,,,,0.0,-1.0,n/a,ThinkPad X1 Carbon Gen 12,BYD,5B11H56386,2026-06-03T16:38:27
MARUICHIT-CRC21_MARUICHIT,14773,2023-02-09 12:07:55,2026-05-20 09:48:24,1195.9,0.5,2.622,609,165,0,0,0,0,1,QUALITY_OK,56970.0,50680.0,50680.0,56990.0,3,2,1,1,2024-09-09 22:56:17,617.5,0.167,20.0,152.0,132.0,40.32,1.515,1,1,11.07,88.91,False,False,617.5,53.0,31.35,0.0,100.0,100.0,0.8397,0.4814,0.0023,0,2,2,2,0,5,5,0,0,,,0,0,,,0,0,,,0,0,0,3,3,3,1,5,6,0,0,,1.0,0,0,,1.0,0,0,,1.0,0,0,0,3,3,3,1,5,6,0,0,,1.0,0,0,,1.0,0,0,,1.0,0,0,,,,False,True,True,True,True,WATCH_LOW_UPDATE_RATE_AMBIGUOUS,ACTION_MONITOR_OR_MANUAL_REVIEW,low,WATCH_POSSIBLE_OPPORTUNITY_WITH_LARGE_GAPS,,WATCH_POSSIBLE_OPPORTUNITY_WITH_LARGE_GAPS,,,,63.0,50.0,"flat_tail=617.5d, fcc_changes=2, tail_cyc=53.0, tail_ok[90/80]=0/0, unresp_complete[90/80]=0/0, large_gap[90/80]=2/3 -> ambiguous (watch)",FCC更新率は低いが完全凍結ではない/学習機会がlarge-gapまたは打ち切りで確証が弱い/境界的のため、FW確認に回す前にモニタリングまたは手動レビューを推奨します。,v2.0-final,v2.0-final,v2.0-final,0.0,,,,,0.0,1.0,MIXED,ThinkPad T14s Gen 2a,LG,5B10W13976,2026-06-03T16:38:27
MATJONES-56FF1H_MATJONES,384,2024-12-16 09:57:41,2025-01-23 15:57:07,38.25,0.5,11.843,33,7,0,0,0,0,1,QUALITY_SHORT_OBS,57110.0,56980.0,56980.0,57110.0,10,9,0,9,2025-01-22 12:43:05,1.1,23.529,0.0,10.0,10.0,95.49,90.0,0,0,0.23,99.91,False,False,1.1,0.0,0.0,68.0,100.0,32.0,0.7671,0.546,0.0,0,0,0,0,0,0,0,0,0,,,0,0,,,0,0,,,0,0,0,0,0,0,0,0,0,0,0,,,0,0,,,0,0,,,0,0,0,0,0,0,0,0,0,0,0,,,0,0,,,0,0,,,0,0,,,,False,False,False,False,False,REVIEW_INSUFFICIENT_DATA,ACTION_COLLECT_MORE_DATA_OR_MANUAL_REVIEW,review,REVIEW_SHORT_OBS_ACTIVE_LIKE,,,REVIEW_SHORT_OBS_ACTIVE_LIKE,low,観測期間<120日でactive様（flat_tail<60）。経過観察で十分なことが多い。,60.5,5.2,"obs_days=38.2, n_samples=384, quality=QUALITY_SHORT_OBS -> insufficient/uncertain data",観測期間・サンプル数・カウンタ整合性のいずれかが不足しており信頼できる判定ができません。review_priorityに従い追加データ収集または手動レビューを行ってください。,v2.0-final,v2.0-final,v2.0-final,0.0,,,,,0.0,-1.0,n/a,ThinkPad X1 Carbon Gen 13,Celxpert,5B11M90098,2026-06-03T16:38:27
MATT-T16G1_lietzke,9399,2023-02-08 19:24:59,2024-03-04 12:02:08,389.69,0.5,3.071,367,11,0,0,0,0,1,QUALITY_OK,83760.0,71150.0,71150.0,83760.0,3,2,0,2,2023-10-16 13:44:37,139.9,0.513,111.0,252.0,141.0,132.16,1.418,2,2,14.67,82.73,False,False,139.9,41.0,107.02,5.0,100.0,95.0,0.9012,0.2981,0.0052,2,2,4,4,4,6,10,2,0,0.0,0.5,2,0,0.0,0.5,2,0,0.0,0.5,2,0,4,4,8,8,11,11,22,4,0,0.0,0.2727,4,0,0.0,0.2727,4,0,0.0,0.2727,4,0,2,3,5,5,7,7,14,2,0,0.0,0.4286,2,0,0.0,0.4286,2,0,0.0,0.4286,2,0,0.0,0.0,0.0,False,False,True,True,True,ACTIONABLE_FW_CHECK_OPPORTUNITY_NO_RESPONSE,ACTION_FW_CHECK,medium,FW_MEDIUM_UNRESPONDED_COMPLETE_WINDOWS,LOW_UPDATE_RATE_WITH_OPPORTUNITIES,,,,,53.6,91.5,"flat_tail=139.9d, fcc_changes=2, tail_cyc=41.0, tail_ok[90/80]=2/4, unresp_complete[90/80]=2/4, large_gap[90/80]=2/4 -> complete-window opportunities present but FCC did not respond",FCC/SoHが長期間更新されておらず、ログ上は深い放電→再充電の学習機会（完全窓・OK品質）が複数回確認されるのにFCCが応答していません。BIOS/EC/バッテリー関連FWのVersion確認とアップデート有無確認を優先してください。アップデート後、次回の学習機会後72h〜7日間でFCC更新有無を確認してください。,v2.0-final,v2.0-final,v2.0-final,8.0,3.247,0.0,-3.247,-2.514,92.5,1.0,MIXED,ThinkPad T16 Gen 1,,,2026-06-03T16:38:27
MBHAVSAR-3R8CWY_mbhavsar,11381,2023-02-07 08:14:34,2025-01-30 16:12:07,723.33,0.5,5.457,544,105,0,0,0,0,1,QUALITY_OK,56990.0,43920.0,43640.0,56990.0,6,5,1,4,2024-10-15 16:21:36,107.0,0.691,153.0,608.0,455.0,229.76,1.099,5,5,23.42,77.05,False,False,107.0,57.0,194.58,1.0,100.0,99.0,0.6043,0.1962,0.0499,2,9,11,11,33,108,141,2,0,0.0,0.1212,1,1,0.0,0.1212,1,1,0.0,0.1515,1,1,11,15,26,26,90,152,242,11,0,0.0,0.0556,9,2,0.0,0.0556,9,2,0.0,0.0778,9,2,2,12,14,14,37,127,164,2,0,0.0,0.0811,2,0,0.0,0.0811,2,0,0.0,0.1351,2,0,0.0,0.0,0.0,False,False,True,True,True,WATCH_LOW_UPDATE_RATE_AMBIGUOUS,ACTION_MONITOR_OR_MANUAL_REVIEW,low,WATCH_BORDERLINE_FLAT_TAIL_OR_CYCLES,,WATCH_BORDERLINE_FLAT_TAIL_OR_CYCLES,,,,40.8,87.8,"flat_tail=107.0d, fcc_changes=5, tail_cyc=57.0, tail_ok[90/80]=2/11, unresp_complete[90/80]=1/9, large_gap[90/80]=9/15 -> ambiguous (watch)",FCC更新率は低いが完全凍結ではない/学習機会がlarge-gapまたは打ち切りで確証が弱い/境界的のため、FW確認に回す前にモニタリングまたは手動レビューを推奨します。,v2.0-final,v2.0-final,v2.0-final,12.0,0.791,0.0,-0.791,-0.927,71.7,1.0,MIXED,ThinkPad X1 Carbon Gen 10,Celxpert,5B10W13974,2026-06-03T16:38:27
MBHAVSAR-5FSFDE_mbhavsar,1540,2025-05-12 14:09:16,2025-08-11 14:26:19,91.01,0.5,8.346,84,11,0,0,0,0,1,QUALITY_SHORT_OBS,57600.0,56300.0,55760.0,58380.0,70,73,9,64,2025-08-11 12:45:38,0.1,80.211,1.0,56.0,55.0,220.73,132.727,19,19,4.6,98.72,False,False,0.1,0.0,0.0,82.0,100.0,18.0,1.0,0.0,0.0,0,0,0,0,3,9,12,0,0,,1.0,0,0,,1.0,0,0,,1.0,0,0,0,0,0,0,5,13,18,0,0,,1.0,0,0,,1.0,0,0,,1.0,0,0,0,0,0,0,3,10,13,0,0,,1.0,0,0,,1.0,0,0,,1.0,0,0,,,,False,False,False,False,False,REVIEW_INSUFFICIENT_DATA,ACTION_COLLECT_MORE_DATA_OR_MANUAL_REVIEW,review,REVIEW_SHORT_OBS_ACTIVE_LIKE,,,REVIEW_SHORT_OBS_ACTIVE_LIKE,low,観測期間<120日でactive様（flat_tail<60）。経過観察で十分なことが多い。,65.0,5.0,"obs_days=91.0, n_samples=1540, quality=QUALITY_SHORT_OBS -> insufficient/uncertain data",観測期間・サンプル数・カウンタ整合性のいずれかが不足しており信頼できる判定ができません。review_priorityに従い追加データ収集または手動レビューを行ってください。,v2.0-final,v2.0-final,v2.0-final,0.0,,,,,0.0,-1.0,n/a,ThinkPad X1 Carbon Gen 13,BYD,5B11M90100,2026-06-03T16:38:27
MBHAVSAR-GM0WY2_mbhavsar,839,2025-04-01 10:33:28,2025-08-14 13:50:21,135.14,0.5,12.299,56,17,0,0,0,0,1,QUALITY_OK,58030.0,58150.0,57920.0,58990.0,22,24,4,20,2025-07-21 14:52:25,24.0,17.759,0.0,23.0,23.0,62.16,104.348,6,5,1.85,100.26,False,False,24.0,0.0,0.0,55.0,100.0,45.0,0.206,0.3927,0.0,0,0,0,0,0,6,6,0,0,,,0,0,,,0,0,,,0,0,0,0,0,0,1,8,9,0,0,,1.0,0,0,,1.0,0,0,,1.0,0,0,0,0,0,0,0,7,7,0,0,,,0,0,,,0,0,,,0,0,,,,False,False,False,False,False,NORMAL_OR_RESPONDING,ACTION_NONE,high,NOT_NO_LOW_CHANGE_CANDIDATE,,,,,,59.0,14.0,"flat_tail=24.0d, fcc_changes=24, tail_cyc=0.0, tail_ok[90/80]=0/0, unresp_complete[90/80]=0/0, large_gap[90/80]=0/0 -> FCC still updating / not a no-low-change candidate",,v2.0-final,v2.0-final,v2.0-final,0.0,,,,,0.0,-1.0,n/a,ThinkPad T14s Gen 5,Celxpert,5B11H56406,2026-06-03T16:38:27
MBUT-PF3DMVFZ_mbutt,697,2026-04-16 10:58:39,2026-05-28 11:04:45,42.0,0.5,6.68,37,7,0,0,0,0,1,QUALITY_SHORT_OBS,51990.0,51200.0,48980.0,54070.0,48,52,9,43,2026-05-28 10:34:45,0.0,123.81,20.0,58.0,38.0,330.46,136.842,17,17,9.69,97.52,False,False,0.0,0.0,0.0,93.0,100.0,7.0,1.0,0.0,0.0,0,0,0,0,9,9,18,0,0,,1.0,0,0,,1.0,0,0,,1.0,0,0,0,0,0,0,15,12,27,0,0,,1.0,0,0,,1.0,0,0,,1.0,0,0,0,0,0,0,13,11,24,0,0,,1.0,0,0,,1.0,0,0,,1.0,0,0,,,,False,False,False,False,False,REVIEW_INSUFFICIENT_DATA,ACTION_COLLECT_MORE_DATA_OR_MANUAL_REVIEW,review,REVIEW_SHORT_OBS_ACTIVE_LIKE,,,REVIEW_SHORT_OBS_ACTIVE_LIKE,low,観測期間<120日でactive様（flat_tail<60）。経過観察で十分なことが多い。,65.0,5.0,"obs_days=42.0, n_samples=697, quality=QUALITY_SHORT_OBS -> insufficient/uncertain data",観測期間・サンプル数・カウンタ整合性のいずれかが不足しており信頼できる判定ができません。review_priorityに従い追加データ収集または手動レビューを行ってください。,v2.0-final,v2.0-final,v2.0-final,0.0,,,,,0.0,-1.0,n/a,ThinkPad T14 Gen 6,BYD,5B11H56417,2026-06-03T16:38:27
MC702142-0275JW_MC702142,4830,2023-02-02 17:28:46,2025-07-11 18:22:03,890.04,0.5,19.623,501,157,0,0,0,0,1,QUALITY_OK,57140.0,47710.0,47710.0,61210.0,240,268,43,225,2025-07-11 18:21:58,0.0,30.111,2.0,208.0,206.0,84.54,130.097,82,81,23.62,83.5,False,False,0.0,0.0,0.0,6.0,6.0,0.0,0.0,0.0,1.0,0,0,0,0,0,42,42,0,0,,,0,0,,,0,0,,,0,0,0,0,0,0,3,122,125,0,0,,1.0,0,0,,1.0,0,0,,1.0,0,0,0,0,0,0,1,78,79,0,0,,1.0,0,0,,1.0,0,0,,1.0,0,0,,,,False,False,False,False,False,NORMAL_OR_RESPONDING,ACTION_NONE,high,NOT_NO_LOW_CHANGE_CANDIDATE,,,,,,70.0,10.0,"flat_tail=0.0d, fcc_changes=268, tail_cyc=0.0, tail_ok[90/80]=0/0, unresp_complete[90/80]=0/0, large_gap[90/80]=0/0 -> FCC still updating / not a no-low-change candidate",,v2.0-final,v2.0-final,v2.0-final,0.0,,,,,0.0,-1.0,n/a,ThinkPad T14s Gen 3,BYD,LNV-5B10W51877,2026-06-03T16:38:27
MCOCKMAN-09S0ZB_mcockman,10672,2024-02-16 08:47:58,2026-05-29 12:25:43,833.15,0.5,0.754,402,83,0,0,0,0,1,QUALITY_OK,57000.0,56890.0,56450.0,57000.0,50,50,1,49,2026-05-28 21:19:21,0.6,6.001,2.0,53.0,51.0,22.36,98.039,1,1,0.96,99.81,False,False,0.6,0.0,0.0,91.0,100.0,9.0,0.6287,1.0,0.0,0,0,0,0,0,0,0,0,0,,,0,0,,,0,0,,,0,0,0,0,0,0,0,1,1,0,0,,,0,0,,,0,0,,,0,0,0,0,0,0,0,1,1,0,0,,,0,0,,,0,0,,,0,0,,,,False,False,False,False,False,NORMAL_OR_RESPONDING,ACTION_NONE,high,NOT_NO_LOW_CHANGE_CANDIDATE,,,,,,67.1,10.1,"flat_tail=0.6d, fcc_changes=50, tail_cyc=0.0, tail_ok[90/80]=0/0, unresp_complete[90/80]=0/0, large_gap[90/80]=0/0 -> FCC still updating / not a no-low-change candidate",,v2.0-final,v2.0-final,v2.0-final,0.0,,,,,0.0,-1.0,n/a,ThinkPad L14 Gen 5,Sunwoda,5B11H56398,2026-06-03T16:38:27
MCOONER1-67PP9K_mcooner1,351,2026-05-13 13:37:50,2026-05-26 08:58:28,12.81,0.5,1.967,8,0,0,0,0,0,1,QUALITY_SHORT_OBS,91600.0,91460.0,91460.0,91600.0,5,4,0,4,2026-05-25 20:39:06,0.5,31.226,1.0,4.0,3.0,85.54,133.333,1,1,0.16,101.62,False,False,0.5,0.0,0.0,91.0,100.0,9.0,0.9106,0.9106,0.0,0,0,0,0,0,0,0,0,0,,,0,0,,,0,0,,,0,0,0,0,0,0,0,1,1,0,0,,,0,0,,,0,0,,,0,0,0,0,0,0,0,1,1,0,0,,,0,0,,,0,0,,,0,0,,,,False,False,False,False,False,REVIEW_INSUFFICIENT_DATA,ACTION_COLLECT_MORE_DATA_OR_MANUAL_REVIEW,review,REVIEW_SHORT_OBS_ACTIVE_LIKE,,,REVIEW_SHORT_OBS_ACTIVE_LIKE,low,観測期間<120日でactive様（flat_tail<60）。経過観察で十分なことが多い。,63.3,5.1,"obs_days=12.8, n_samples=351, quality=QUALITY_SHORT_OBS -> insufficient/uncertain data",観測期間・サンプル数・カウンタ整合性のいずれかが不足しており信頼できる判定ができません。review_priorityに従い追加データ収集または手動レビューを行ってください。,v2.0-final,v2.0-final,v2.0-final,0.0,,,,,0.0,-1.0,n/a,ThinkPad P16s Gen 5,COSMX,5B11M90179,2026-06-03T16:38:27
MCROWNOVER-1540_mcrownover,14471,2024-05-06 14:27:33,2025-05-12 14:27:48,371.0,0.5,0.5,69,24,0,0,0,0,1,QUALITY_OK,90110.0,81490.0,81490.0,90110.0,43,42,3,39,2025-04-16 15:58:38,25.9,11.321,3.0,33.0,30.0,29.54,140.0,11,11,9.58,90.54,False,False,25.9,0.0,0.0,80.0,100.0,20.0,0.9608,0.9363,0.0,0,0,0,0,0,1,1,0,0,,,0,0,,,0,0,,,0,0,0,0,0,0,1,5,6,0,0,,1.0,0,0,,1.0,0,0,,1.0,0,0,0,0,0,0,0,3,3,0,0,,,0,0,,,0,0,,,0,0,,,,False,False,False,False,False,NORMAL_OR_RESPONDING,ACTION_NONE,high,NOT_NO_LOW_CHANGE_CANDIDATE,,,,,,73.5,14.3,"flat_tail=25.9d, fcc_changes=42, tail_cyc=0.0, tail_ok[90/80]=0/0, unresp_complete[90/80]=0/0, large_gap[90/80]=0/0 -> FCC still updating / not a no-low-change candidate",,v2.0-final,v2.0-final,v2.0-final,0.0,,,,,0.0,-1.0,n/a,ThinkPad P1 Gen 7,Sunwoda,5B11M37553,2026-06-03T16:38:27
MCROWNOVER-QC11_mcrownover,11041,2025-09-02 13:13:27,2026-05-26 12:55:13,265.99,0.5,0.5,49,6,0,0,0,0,1,QUALITY_OK,90010.0,82410.0,81600.0,90010.0,61,62,9,53,2026-05-18 18:43:22,7.8,23.309,2.0,45.0,43.0,59.05,144.186,25,23,9.34,91.57,False,False,7.8,0.0,0.0,90.0,100.0,10.0,0.9864,0.1183,0.0,0,0,0,0,13,5,18,0,0,,1.0,0,0,,1.0,0,0,,1.0,0,0,0,0,0,0,15,5,20,0,0,,1.0,0,0,,1.0,0,0,,1.0,0,0,0,0,0,0,15,5,20,0,0,,1.0,0,0,,1.0,0,0,,1.0,0,0,,,,False,False,False,False,False,NORMAL_OR_RESPONDING,ACTION_NONE,high,NOT_NO_LOW_CHANGE_CANDIDATE,,,,,,71.0,11.3,"flat_tail=7.8d, fcc_changes=62, tail_cyc=0.0, tail_ok[90/80]=0/0, unresp_complete[90/80]=0/0, large_gap[90/80]=0/0 -> FCC still updating / not a no-low-change candidate",,v2.0-final,v2.0-final,v2.0-final,0.0,,,,,0.0,-1.0,n/a,ThinkPad P1 Gen 8,Sunwoda,5B11M37553,2026-06-03T16:38:27
MCROWNOVER-WLK4_mcrownover,10597,2023-08-07 12:11:53,2024-05-06 20:42:35,273.35,0.5,0.5,50,13,0,0,0,0,1,QUALITY_OK,92640.0,80800.0,75940.0,92640.0,28,27,2,25,2024-04-17 04:04:16,19.7,9.877,12.0,31.0,19.0,25.39,142.105,13,10,17.76,85.95,False,False,19.7,0.0,0.0,65.0,100.0,35.0,0.963,0.2289,0.0,0,0,0,0,0,4,4,0,0,,,0,0,,,0,0,,,0,0,0,0,0,0,1,6,7,0,0,,0.0,0,0,,1.0,0,0,,1.0,0,0,0,0,0,0,0,6,6,0,0,,,0,0,,,0,0,,,0,0,,,,False,False,False,False,False,NORMAL_OR_RESPONDING,ACTION_NONE,high,NOT_NO_LOW_CHANGE_CANDIDATE,,,,,,72.5,13.3,"flat_tail=19.7d, fcc_changes=27, tail_cyc=0.0, tail_ok[90/80]=0/0, unresp_complete[90/80]=0/0, large_gap[90/80]=0/0 -> FCC still updating / not a no-low-change candidate",,v2.0-final,v2.0-final,v2.0-final,0.0,,,,,0.0,-1.0,n/a,ThinkPad P16 Gen 2,LG,5B10W51894,2026-06-03T16:38:27
MD2-SVT-3FCN_xuxru,3725,2023-09-25 11:12:55,2024-04-12 20:55:32,200.4,0.5,5.317,140,19,0,0,0,0,1,QUALITY_OK,74200.0,69620.0,69620.0,79210.0,24,26,17,9,2024-04-12 01:13:32,0.8,12.974,2.0,99.0,97.0,176.79,26.804,24,21,13.32,96.68,False,False,0.8,1.0,444.97,2.0,100.0,98.0,0.1693,0.0321,0.3212,0,0,0,0,7,12,19,0,0,,0.7143,0,0,,0.7143,0,0,,1.0,0,0,0,0,0,0,34,26,60,0,0,,0.5588,0,0,,0.7647,0,0,,0.9706,0,0,0,0,0,0,10,17,27,0,0,,0.7,0,0,,0.8,0,0,,1.0,0,0,,,,False,False,False,False,False,NORMAL_OR_RESPONDING,ACTION_NONE,high,NOT_NO_LOW_CHANGE_CANDIDATE,,,,,,53.0,10.3,"flat_tail=0.8d, fcc_changes=26, tail_cyc=1.0, tail_ok[90/80]=0/0, unresp_complete[90/80]=0/0, large_gap[90/80]=0/0 -> FCC still updating / not a no-low-change candidate",,v2.0-final,v2.0-final,v2.0-final,0.0,,,,,0.0,-1.0,n/a,ThinkPad Z16 Gen 2,SMP,5B10W51887,2026-06-03T16:38:27
MEHLINGER1-QNSG_mehlinger1,705,2026-04-22 11:17:40,2026-05-28 22:01:14,36.45,0.5,2.611,29,5,0,0,0,0,1,QUALITY_SHORT_OBS,58030.0,58010.0,58010.0,58030.0,3,2,0,2,2026-05-27 15:08:13,1.3,5.487,4.0,6.0,2.0,20.04,100.0,0,0,0.03,100.02,False,False,1.3,0.0,0.0,99.0,100.0,1.0,1.0,1.0,0.0,0,0,0,0,0,0,0,0,0,,,0,0,,,0,0,,,0,0,0,0,0,0,0,0,0,0,0,,,0,0,,,0,0,,,0,0,0,0,0,0,0,0,0,0,0,,,0,0,,,0,0,,,0,0,,,,False,False,False,False,False,REVIEW_INSUFFICIENT_DATA,ACTION_COLLECT_MORE_DATA_OR_MANUAL_REVIEW,review,REVIEW_SHORT_OBS_ACTIVE_LIKE,,,REVIEW_SHORT_OBS_ACTIVE_LIKE,low,観測期間<120日でactive様（flat_tail<60）。経過観察で十分なことが多い。,65.2,5.2,"obs_days=36.5, n_samples=705, quality=QUALITY_SHORT_OBS -> insufficient/uncertain data",観測期間・サンプル数・カウンタ整合性のいずれかが不足しており信頼できる判定ができません。review_priorityに従い追加データ収集または手動レビューを行ってください。,v2.0-final,v2.0-final,v2.0-final,0.0,,,,,0.0,-1.0,n/a,ThinkPad X1 Carbon Gen 14,Sunwoda,5B11M90160,2026-06-03T16:38:27
MERSEY1_Jeffrey_Farringer,4742,2024-05-06 11:10:55,2025-02-06 10:23:00,275.97,0.5,6.893,273,15,0,0,0,0,1,QUALITY_OK,56910.0,50100.0,48680.0,56910.0,78,88,11,77,2025-02-06 10:23:00,0.0,31.888,12.0,91.0,79.0,104.56,111.392,19,19,14.43,87.85,False,False,0.0,0.0,,77.0,77.0,0.0,,,,0,0,0,0,0,0,0,0,0,,,0,0,,,0,0,,,0,0,0,0,0,0,4,8,12,0,0,,1.0,0,0,,1.0,0,0,,1.0,0,0,0,0,0,0,0,1,1,0,0,,,0,0,,,0,0,,,0,0,,,,False,False,False,False,False,NORMAL_OR_RESPONDING,ACTION_NONE,high,NOT_NO_LOW_CHANGE_CANDIDATE,,,,,,70.0,10.0,"flat_tail=0.0d, fcc_changes=88, tail_cyc=0.0, tail_ok[90/80]=0/0, unresp_complete[90/80]=0/0, large_gap[90/80]=0/0 -> FCC still updating / not a no-low-change candidate",,v2.0-final,v2.0-final,v2.0-final,0.0,,,,,0.0,-1.0,n/a,ThinkPad X1 2-in-1 Gen 9,BYD,5B11H56386,2026-06-03T16:38:27
MERSEY1_SIT,854,2024-01-28 18:11:51,2024-03-04 19:59:25,36.07,0.5,2.994,32,2,0,0,0,0,1,QUALITY_SHORT_OBS,48940.0,56850.0,48380.0,56860.0,10,9,1,8,2024-03-04 16:58:16,0.1,24.951,11.0,18.0,7.0,70.88,128.571,2,2,14.87,99.68,False,False,0.1,0.0,0.0,31.0,100.0,69.0,1.0,0.0,0.0,0,0,0,0,1,1,2,0,0,,1.0,0,0,,1.0,0,0,,1.0,0,0,0,0,0,0,1,1,2,0,0,,1.0,0,0,,1.0,0,0,,1.0,0,0,0,0,0,0,1,1,2,0,0,,1.0,0,0,,1.0,0,0,,1.0,0,0,,,,False,False,False,False,False,REVIEW_INSUFFICIENT_DATA,ACTION_COLLECT_MORE_DATA_OR_MANUAL_REVIEW,review,REVIEW_SHORT_OBS_ACTIVE_LIKE,,,REVIEW_SHORT_OBS_ACTIVE_LIKE,low,観測期間<120日でactive様（flat_tail<60）。経過観察で十分なことが多い。,65.0,5.0,"obs_days=36.1, n_samples=854, quality=QUALITY_SHORT_OBS -> insufficient/uncertain data",観測期間・サンプル数・カウンタ整合性のいずれかが不足しており信頼できる判定ができません。review_priorityに従い追加データ収集または手動レビューを行ってください。,v2.0-final,v2.0-final,v2.0-final,0.0,,,,,0.0,-1.0,n/a,ThinkPad X1 2-in-1 Gen 9,BYD,5B11H56386,2026-06-03T16:38:27
MERSEY1_SVT,1574,2024-05-15 10:19:37,2024-09-13 10:02:27,120.99,0.5,8.172,97,13,0,0,0,0,1,QUALITY_OK,57710.0,58340.0,57350.0,58350.0,30,29,2,27,2024-08-16 07:27:21,28.1,23.969,20.0,38.0,18.0,54.34,161.111,3,3,1.75,102.3,False,False,28.1,1.0,12.99,9.0,99.0,90.0,0.1071,0.0885,0.0234,0,1,1,1,0,3,3,0,0,,,0,0,,,0,0,,,0,0,0,1,1,1,0,4,4,0,0,,,0,0,,,0,0,,,0,0,0,1,1,1,0,4,4,0,0,,,0,0,,,0,0,,,0,0,,,,False,False,False,False,False,NORMAL_OR_RESPONDING,ACTION_NONE,high,NOT_NO_LOW_CHANGE_CANDIDATE,,,,,,43.8,14.9,"flat_tail=28.1d, fcc_changes=29, tail_cyc=1.0, tail_ok[90/80]=0/0, unresp_complete[90/80]=0/0, large_gap[90/80]=1/1 -> FCC still updating / not a no-low-change candidate",,v2.0-final,v2.0-final,v2.0-final,0.0,,,,,0.0,-1.0,n/a,ThinkPad X1 2-in-1 Gen 9,SMP,5B11H56383,2026-06-03T16:38:27
MERSEY2BELNL_jeffreyf1,395,2025-03-20 11:38:50,2025-05-04 21:14:16,45.4,0.5,5.336,19,1,0,0,0,0,1,QUALITY_SHORT_OBS,60310.0,61400.0,60310.0,61510.0,8,7,1,6,2025-05-02 09:36:41,2.5,15.419,1.0,7.0,6.0,48.27,116.667,2,1,2.11,107.66,False,False,2.5,0.0,0.0,92.0,100.0,8.0,0.8365,0.7387,0.0,0,0,0,0,0,1,1,0,0,,,0,0,,,0,0,,,0,0,0,0,0,0,0,1,1,0,0,,,0,0,,,0,0,,,0,0,0,0,0,0,0,1,1,0,0,,,0,0,,,0,0,,,0,0,,,,False,False,False,False,False,REVIEW_INSUFFICIENT_DATA,ACTION_COLLECT_MORE_DATA_OR_MANUAL_REVIEW,review,REVIEW_SHORT_OBS_ACTIVE_LIKE,,,REVIEW_SHORT_OBS_ACTIVE_LIKE,low,観測期間<120日でactive様（flat_tail<60）。経過観察で十分なことが多い。,62.8,5.4,"obs_days=45.4, n_samples=395, quality=QUALITY_SHORT_OBS -> insufficient/uncertain data",観測期間・サンプル数・カウンタ整合性のいずれかが不足しており信頼できる判定ができません。review_priorityに従い追加データ収集または手動レビューを行ってください。,v2.0-final,v2.0-final,v2.0-final,0.0,,,,,0.0,-1.0,n/a,ThinkPad X1 2-in-1 Gen 10,SMP,5B11M90097,2026-06-03T16:38:27
MERSEYPQMBETA_hels,2254,2024-03-06 09:21:42,2024-12-13 16:16:13,282.29,0.5,8.976,121,28,0,0,0,0,1,QUALITY_OK,57040.0,53550.0,53550.0,58020.0,65,71,3,68,2024-11-25 22:04:16,17.8,25.151,3.0,68.0,65.0,84.1,109.231,7,7,7.84,93.95,False,False,17.8,0.0,0.0,2.0,100.0,98.0,0.6825,0.6825,0.104,0,0,0,0,0,8,8,0,0,,,0,0,,,0,0,,,0,0,0,0,0,0,0,16,16,0,0,,,0,0,,,0,0,,,0,0,0,0,0,0,0,9,9,0,0,,,0,0,,,0,0,,,0,0,,,,False,False,False,False,False,NORMAL_OR_RESPONDING,ACTION_NONE,high,NOT_NO_LOW_CHANGE_CANDIDATE,,,,,,66.6,13.0,"flat_tail=17.8d, fcc_changes=71, tail_cyc=0.0, tail_ok[90/80]=0/0, unresp_complete[90/80]=0/0, large_gap[90/80]=0/0 -> FCC still updating / not a no-low-change candidate",,v2.0-final,v2.0-final,v2.0-final,0.0,,,,,0.0,-1.0,n/a,ThinkPad X1 2-in-1 Gen 9,Sunwoda,5B11H56385,2026-06-03T16:38:27
MERSEY_SIT,778,2023-12-05 13:48:12,2024-01-26 13:15:39,51.98,0.5,3.883,27,5,0,1,0,0,1,QUALITY_COUNTER_RESET,57040.0,48940.0,48480.0,57040.0,8,9,2,7,2024-01-24 09:41:07,2.1,17.314,0.0,11.0,11.0,77.29,81.818,2,2,15.01,85.81,False,False,2.1,0.0,0.0,80.0,100.0,20.0,0.7161,0.2784,0.0,0,0,0,0,0,0,0,0,0,,,0,0,,,0,0,,,0,0,0,0,0,0,0,1,1,0,0,,,0,0,,,0,0,,,0,0,0,0,0,0,0,0,0,0,0,,,0,0,,,0,0,,,0,0,,,,False,False,False,False,False,REVIEW_INSUFFICIENT_DATA,ACTION_COLLECT_MORE_DATA_OR_MANUAL_REVIEW,review,REVIEW_COUNTER_RESET,,,REVIEW_COUNTER_RESET,high,cycleCountが減少（カウンタリセット/パック異常疑い）。生ログ確認が必要。,54.7,0.4,"obs_days=52.0, n_samples=778, quality=QUALITY_COUNTER_RESET -> insufficient/uncertain data",観測期間・サンプル数・カウンタ整合性のいずれかが不足しており信頼できる判定ができません。review_priorityに従い追加データ収集または手動レビューを行ってください。,v2.0-final,v2.0-final,v2.0-final,0.0,,,,,0.0,-1.0,n/a,ThinkPad X1 2-in-1 Gen 9,BYD,5B11H56386,2026-06-03T16:38:27
MFINK-PF667W8F_mfink,1005,2026-04-22 11:26:37,2026-06-01 10:47:56,39.97,0.5,1.684,33,6,0,0,0,0,1,QUALITY_SHORT_OBS,58020.0,57840.0,57840.0,58020.0,16,15,0,15,2026-05-28 09:17:46,4.1,37.528,3.0,18.0,15.0,137.07,100.0,0,0,0.31,99.72,False,False,4.1,0.0,0.0,58.0,100.0,42.0,0.9517,0.3292,0.0,0,0,0,0,0,0,0,0,0,,,0,0,,,0,0,,,0,0,0,0,0,0,0,0,0,0,0,,,0,0,,,0,0,,,0,0,0,0,0,0,0,0,0,0,0,,,0,0,,,0,0,,,0,0,,,,False,False,False,False,False,REVIEW_INSUFFICIENT_DATA,ACTION_COLLECT_MORE_DATA_OR_MANUAL_REVIEW,review,REVIEW_SHORT_OBS_ACTIVE_LIKE,,,REVIEW_SHORT_OBS_ACTIVE_LIKE,low,観測期間<120日でactive様（flat_tail<60）。経過観察で十分なことが多い。,64.7,5.7,"obs_days=40.0, n_samples=1005, quality=QUALITY_SHORT_OBS -> insufficient/uncertain data",観測期間・サンプル数・カウンタ整合性のいずれかが不足しており信頼できる判定ができません。review_priorityに従い追加データ収集または手動レビューを行ってください。,v2.0-final,v2.0-final,v2.0-final,0.0,,,,,0.0,-1.0,n/a,ThinkPad X1 2-in-1 Gen 11,Sunwoda,5B11M90160,2026-06-03T16:38:27
MGOMES3-W0HKDCB_L14,1358,2025-05-27 11:14:51,2025-08-20 15:06:11,85.16,0.5,2.397,55,12,0,0,0,0,1,QUALITY_SHORT_OBS,57910.0,57790.0,57790.0,57910.0,11,10,0,10,2025-08-08 11:27:39,12.2,11.743,1.0,11.0,10.0,42.89,100.0,0,0,0.21,101.08,False,False,12.2,0.0,0.0,66.0,100.0,34.0,0.8096,0.2571,0.0,0,0,0,0,0,2,2,0,0,,,0,0,,,0,0,,,0,0,0,0,0,0,0,3,3,0,0,,,0,0,,,0,0,,,0,0,0,0,0,0,0,2,2,0,0,,,0,0,,,0,0,,,0,0,,,,False,False,False,False,False,REVIEW_INSUFFICIENT_DATA,ACTION_COLLECT_MORE_DATA_OR_MANUAL_REVIEW,review,REVIEW_SHORT_OBS_ACTIVE_LIKE,,,REVIEW_SHORT_OBS_ACTIVE_LIKE,low,観測期間<120日でactive様（flat_tail<60）。経過観察で十分なことが多い。,63.2,7.0,"obs_days=85.2, n_samples=1358, quality=QUALITY_SHORT_OBS -> insufficient/uncertain data",観測期間・サンプル数・カウンタ整合性のいずれかが不足しており信頼できる判定ができません。review_priorityに従い追加データ収集または手動レビューを行ってください。,v2.0-final,v2.0-final,v2.0-final,0.0,,,,,0.0,-1.0,n/a,ThinkPad L14 Gen 6,SMP,5B11M90112,2026-06-03T16:38:27
MGOMES3-W0HKDCB_mgomes3,1331,2025-05-27 11:14:51,2025-08-18 21:21:09,83.42,0.5,2.401,54,11,0,0,0,0,1,QUALITY_SHORT_OBS,57910.0,57790.0,57790.0,57910.0,11,10,0,10,2025-08-08 11:27:39,10.4,11.988,1.0,11.0,10.0,43.78,100.0,0,0,0.21,101.08,False,False,10.4,0.0,0.0,66.0,100.0,34.0,0.6895,0.4206,0.0,0,0,0,0,0,2,2,0,0,,,0,0,,,0,0,,,0,0,0,0,0,0,0,3,3,0,0,,,0,0,,,0,0,,,0,0,0,0,0,0,0,2,2,0,0,,,0,0,,,0,0,,,0,0,,,,False,False,False,False,False,REVIEW_INSUFFICIENT_DATA,ACTION_COLLECT_MORE_DATA_OR_MANUAL_REVIEW,review,REVIEW_SHORT_OBS_ACTIVE_LIKE,,,REVIEW_SHORT_OBS_ACTIVE_LIKE,low,観測期間<120日でactive様（flat_tail<60）。経過観察で十分なことが多い。,60.5,6.7,"obs_days=83.4, n_samples=1331, quality=QUALITY_SHORT_OBS -> insufficient/uncertain data",観測期間・サンプル数・カウンタ整合性のいずれかが不足しており信頼できる判定ができません。review_priorityに従い追加データ収集または手動レビューを行ってください。,v2.0-final,v2.0-final,v2.0-final,0.0,,,,,0.0,-1.0,n/a,ThinkPad L14 Gen 6,SMP,5B11M90112,2026-06-03T16:38:27
MHAGI-PF3YCK6H_mhagi,29894,2023-02-04 14:18:25,2025-01-13 11:18:36,708.88,0.5,0.5,141,18,0,0,0,0,1,QUALITY_OK,57000.0,51030.0,51030.0,57570.0,4,3,1,2,2023-06-03 23:03:56,589.5,0.423,2.0,322.0,320.0,164.88,0.938,3,3,11.47,89.53,False,False,589.5,253.0,156.75,1.0,100.0,99.0,0.8532,0.3989,0.0155,10,9,19,19,10,14,24,10,0,0.0,0.0,10,0,0.0,0.0,10,0,0.0,0.0,10,0,36,16,52,52,38,26,64,36,0,0.0,0.0,36,0,0.0,0.0,36,0,0.0,0.0,36,0,15,14,29,29,17,22,39,15,0,0.0,0.0,15,0,0.0,0.0,15,0,0.0,0.0,15,0,0.0,0.0,0.0,False,True,True,True,True,ACTIONABLE_FW_CHECK_OPPORTUNITY_NO_RESPONSE,ACTION_FW_CHECK,high,FW_HIGH_UNRESPONDED_COMPLETE_WINDOWS,TERMINAL_FREEZE_AFTER_OPPORTUNITIES,,,,,57.5,100.0,"flat_tail=589.5d, fcc_changes=3, tail_cyc=253.0, tail_ok[90/80]=10/36, unresp_complete[90/80]=10/36, large_gap[90/80]=9/16 -> complete-window opportunities present but FCC did not respond",FCC/SoHが長期間更新されておらず、ログ上は深い放電→再充電の学習機会（完全窓・OK品質）が複数回確認されるのにFCCが応答していません。BIOS/EC/バッテリー関連FWのVersion確認とアップデート有無確認を優先してください。アップデート後、次回の学習機会後72h〜7日間でFCC更新有無を確認してください。,v2.0-final,v2.0-final,v2.0-final,61.0,14.796,0.0,-14.796,-5.6,99.6,2.0,AC_BOUND+HIGH_OPP_NO_RESPONSE,ThinkPad X1 Carbon Gen 10,Sunwoda,5B10W13975,2026-06-03T16:38:27
MHALE1-PF55QFC9_mhale1,14503,2025-04-21 10:47:15,2026-06-01 10:35:43,405.99,0.001,0.886,306,52,0,0,0,0,1,QUALITY_OK,89410.0,88100.0,88100.0,89410.0,72,71,0,71,2026-06-01 09:05:43,0.1,17.488,0.0,29.0,29.0,26.09,244.828,2,0,1.5,100.82,False,False,0.1,0.0,0.0,100.0,100.0,0.0,1.0,1.0,0.0,0,0,0,0,0,0,0,0,0,,,0,0,,,0,0,,,0,0,0,0,0,0,0,0,0,0,0,,,0,0,,,0,0,,,0,0,0,0,0,0,0,0,0,0,0,,,0,0,,,0,0,,,0,0,,,,False,False,False,False,False,NORMAL_OR_RESPONDING,ACTION_NONE,high,NOT_NO_LOW_CHANGE_CANDIDATE,,,,,,70.0,10.0,"flat_tail=0.1d, fcc_changes=71, tail_cyc=0.0, tail_ok[90/80]=0/0, unresp_complete[90/80]=0/0, large_gap[90/80]=0/0 -> FCC still updating / not a no-low-change candidate",,v2.0-final,v2.0-final,v2.0-final,0.0,,,,,0.0,-1.0,n/a,ThinkPad T16 Gen 4,SMP,5B11H56412,2026-06-03T16:38:27
MHALE1-PF5CXE0G_mhale1,1310,2025-02-04 10:14:57,2025-04-15 09:51:13,69.98,0.5,4.472,61,10,0,0,0,0,1,QUALITY_SHORT_OBS,52510.0,52420.0,52420.0,52510.0,7,6,0,6,2025-04-14 16:47:56,0.7,8.574,2.0,8.0,6.0,31.32,100.0,0,0,0.17,99.85,False,False,0.7,0.0,0.0,44.0,100.0,56.0,0.9993,0.8534,0.0,0,0,0,0,0,0,0,0,0,,,0,0,,,0,0,,,0,0,0,0,0,0,0,1,1,0,0,,,0,0,,,0,0,,,0,0,0,0,0,0,0,0,0,0,0,,,0,0,,,0,0,,,0,0,,,,False,False,False,False,False,REVIEW_INSUFFICIENT_DATA,ACTION_COLLECT_MORE_DATA_OR_MANUAL_REVIEW,review,REVIEW_SHORT_OBS_ACTIVE_LIKE,,,REVIEW_SHORT_OBS_ACTIVE_LIKE,low,観測期間<120日でactive様（flat_tail<60）。経過観察で十分なことが多い。,65.1,5.1,"obs_days=70.0, n_samples=1310, quality=QUALITY_SHORT_OBS -> insufficient/uncertain data",観測期間・サンプル数・カウンタ整合性のいずれかが不足しており信頼できる判定ができません。review_priorityに従い追加データ収集または手動レビューを行ってください。,v2.0-final,v2.0-final,v2.0-final,0.0,,,,,0.0,-1.0,n/a,ThinkPad T16 Gen 4,Celxpert,5B11M90103,2026-06-03T16:38:27
MHALE1-PF62L9EM_mhale1,1220,2026-01-22 10:47:58,2026-04-06 15:11:07,74.18,0.5,8.856,68,13,0,0,0,0,1,QUALITY_SHORT_OBS,75000.0,74920.0,74920.0,75000.0,8,7,0,7,2026-03-26 10:25:45,11.2,9.437,1.0,8.0,7.0,34.47,100.0,0,0,0.11,99.89,False,False,11.2,0.0,0.0,78.0,100.0,22.0,0.884,0.4483,0.0,0,0,0,0,0,0,0,0,0,,,0,0,,,0,0,,,0,0,0,0,0,0,0,0,0,0,0,,,0,0,,,0,0,,,0,0,0,0,0,0,0,0,0,0,0,,,0,0,,,0,0,,,0,0,,,,False,False,False,False,False,REVIEW_INSUFFICIENT_DATA,ACTION_COLLECT_MORE_DATA_OR_MANUAL_REVIEW,review,REVIEW_SHORT_OBS_ACTIVE_LIKE,,,REVIEW_SHORT_OBS_ACTIVE_LIKE,low,観測期間<120日でactive様（flat_tail<60）。経過観察で十分なことが多い。,64.5,6.9,"obs_days=74.2, n_samples=1220, quality=QUALITY_SHORT_OBS -> insufficient/uncertain data",観測期間・サンプル数・カウンタ整合性のいずれかが不足しており信頼できる判定ができません。review_priorityに従い追加データ収集または手動レビューを行ってください。,v2.0-final,v2.0-final,v2.0-final,0.0,,,,,0.0,-1.0,n/a,ThinkPad T16 Gen 5,COSMX,5B11M90167,2026-06-03T16:38:27
MHALE1-PW0A1P1J_mhale1,4994,2024-03-15 10:41:08,2025-01-24 10:54:31,315.01,0.5,5.717,244,49,0,0,0,0,1,QUALITY_OK,46430.0,42600.0,42590.0,46630.0,55,62,27,35,2025-01-23 15:22:27,0.8,19.682,2.0,43.0,41.0,47.54,151.22,37,29,8.78,92.61,False,False,0.8,0.0,0.0,97.0,98.0,1.0,0.9689,0.0,0.0,0,0,0,0,1,4,5,0,0,,1.0,0,0,,1.0,0,0,,1.0,0,0,0,0,0,0,2,5,7,0,0,,1.0,0,0,,1.0,0,0,,1.0,0,0,0,0,0,0,2,4,6,0,0,,1.0,0,0,,1.0,0,0,,1.0,0,0,,,,False,False,False,False,False,NORMAL_OR_RESPONDING,ACTION_NONE,high,NOT_NO_LOW_CHANGE_CANDIDATE,,,,,,69.8,10.1,"flat_tail=0.8d, fcc_changes=62, tail_cyc=0.0, tail_ok[90/80]=0/0, unresp_complete[90/80]=0/0, large_gap[90/80]=0/0 -> FCC still updating / not a no-low-change candidate",,v2.0-final,v2.0-final,v2.0-final,0.0,,,,,0.0,-1.0,n/a,ThinkPad L13 Gen 5,Sunwoda,5B11H56425,2026-06-03T16:38:27
MHEIDENFELD-CJ1_mheidenfeldt,822,2024-08-06 07:58:30,2024-10-23 15:13:30,78.3,0.5,8.851,73,12,0,0,0,0,1,QUALITY_SHORT_OBS,62150.0,62150.0,62150.0,62150.0,1,0,0,0,2024-08-06 07:58:30,78.3,0.0,2.0,13.0,11.0,51.31,0.0,0,0,0.0,107.16,False,False,78.3,11.0,51.31,1.0,94.0,93.0,0.5342,0.0,0.0068,0,1,1,1,0,1,1,0,0,,,0,0,,,0,0,,,0,0,0,1,1,1,0,1,1,0,0,,,0,0,,,0,0,,,0,0,0,1,1,1,0,1,1,0,0,,,0,0,,,0,0,,,0,0,,,,False,False,False,False,False,REVIEW_INSUFFICIENT_DATA,ACTION_COLLECT_MORE_DATA_OR_MANUAL_REVIEW,review,REVIEW_SHORT_OBS_STALE_OR_VERY_STALE,,,REVIEW_SHORT_OBS_STALE_OR_VERY_STALE,high,観測期間<120日だがflat_tail>=60日（stale様）。優先的に追加観測。,50.7,20.2,"obs_days=78.3, n_samples=822, quality=QUALITY_SHORT_OBS -> insufficient/uncertain data",観測期間・サンプル数・カウンタ整合性のいずれかが不足しており信頼できる判定ができません。review_priorityに従い追加データ収集または手動レビューを行ってください。,v2.0-final,v2.0-final,v2.0-final,0.0,,,,,0.0,-1.0,n/a,ThinkPad T14s Gen 6,SMP,LNV-5B11H56403,2026-06-03T16:38:27
MHEIDENFELD-XSD_mheidenfeldt,3547,2025-02-24 15:16:36,2026-04-13 22:01:06,413.28,0.5,9.434,290,65,0,2,0,0,1,QUALITY_COUNTER_RESET,58140.0,54960.0,54430.0,58630.0,75,83,7,76,2026-04-09 13:00:58,4.4,20.083,2.0,68.0,66.0,58.33,125.758,14,14,7.25,94.76,False,False,4.4,0.0,0.0,65.0,100.0,35.0,0.414,0.4087,0.0,0,0,0,0,1,7,8,0,0,,1.0,0,0,,1.0,0,0,,1.0,0,0,0,0,0,0,2,9,11,0,0,,1.0,0,0,,1.0,0,0,,1.0,0,0,0,0,0,0,2,8,10,0,0,,1.0,0,0,,1.0,0,0,,1.0,0,0,,,,False,False,False,False,False,REVIEW_INSUFFICIENT_DATA,ACTION_COLLECT_MORE_DATA_OR_MANUAL_REVIEW,review,REVIEW_COUNTER_RESET,,,REVIEW_COUNTER_RESET,high,cycleCountが減少（カウンタリセット/パック異常疑い）。生ログ確認が必要。,49.1,0.7,"obs_days=413.3, n_samples=3547, quality=QUALITY_COUNTER_RESET -> insufficient/uncertain data",観測期間・サンプル数・カウンタ整合性のいずれかが不足しており信頼できる判定ができません。review_priorityに従い追加データ収集または手動レビューを行ってください。,v2.0-final,v2.0-final,v2.0-final,0.0,,,,,0.0,-1.0,n/a,ThinkPad T14s Gen 6,Sunwoda,5B11M90105,2026-06-03T16:38:27
MIT_mpatel13,6198,2025-05-27 14:42:24,2026-05-26 14:41:47,364.0,0.5,4.349,259,44,0,0,0,0,1,QUALITY_OK,57000.0,50760.0,50220.0,57570.0,171,205,37,168,2026-05-25 16:42:01,0.9,56.319,2.0,132.0,130.0,130.45,157.692,79,75,12.89,89.05,False,False,0.9,0.0,0.0,85.0,100.0,15.0,0.6229,0.5122,0.0,0,0,0,0,8,30,38,0,0,,1.0,0,0,,1.0,0,0,,1.0,0,0,0,0,0,0,21,45,66,0,0,,1.0,0,0,,1.0,0,0,,1.0,0,0,0,0,0,0,12,35,47,0,0,,1.0,0,0,,1.0,0,0,,1.0,0,0,,,,False,False,False,False,False,NORMAL_OR_RESPONDING,ACTION_NONE,high,NOT_NO_LOW_CHANGE_CANDIDATE,,,,,,65.2,10.2,"flat_tail=0.9d, fcc_changes=205, tail_cyc=0.0, tail_ok[90/80]=0/0, unresp_complete[90/80]=0/0, large_gap[90/80]=0/0 -> FCC still updating / not a no-low-change candidate",,v2.0-final,v2.0-final,v2.0-final,0.0,,,,,0.0,-1.0,n/a,ThinkPad L16 Gen 2,Sunwoda,5B11M90113,2026-06-03T16:38:27
MKITAMURA-N0XRP_mkitamura,10136,2023-02-03 12:48:21,2024-04-10 13:40:09,432.04,0.5,2.025,376,45,0,0,0,0,1,QUALITY_OK,50890.0,49360.0,48130.0,52570.0,261,861,435,426,2024-04-09 20:05:29,0.7,199.287,87.0,298.0,211.0,178.38,408.057,477,334,7.79,86.6,False,False,0.7,1.0,498.7,49.0,100.0,51.0,0.9156,0.4251,0.0,0,0,0,0,1,15,16,0,0,,1.0,0,0,,1.0,0,0,,1.0,0,0,0,0,0,0,9,39,48,0,0,,1.0,0,0,,1.0,0,0,,1.0,0,0,0,0,0,0,1,24,25,0,0,,1.0,0,0,,1.0,0,0,,1.0,0,0,,,,False,False,False,False,False,NORMAL_OR_RESPONDING,ACTION_NONE,high,NOT_NO_LOW_CHANGE_CANDIDATE,,,,,,67.9,10.3,"flat_tail=0.7d, fcc_changes=861, tail_cyc=1.0, tail_ok[90/80]=0/0, unresp_complete[90/80]=0/0, large_gap[90/80]=0/0 -> FCC still updating / not a no-low-change candidate",,v2.0-final,v2.0-final,v2.0-final,0.0,,,,,0.0,-1.0,n/a,ThinkPad X1 Carbon Gen 9,,,2026-06-03T16:38:27
MKOZO-PF3W9L3K_mkozo,13786,2023-02-07 17:11:25,2026-05-29 01:54:04,1206.36,0.5,3.96,611,208,0,0,0,0,1,QUALITY_OK,55710.0,48510.0,46890.0,55710.0,271,430,207,223,2026-05-28 16:35:24,0.4,35.644,25.0,224.0,199.0,60.25,216.08,283,192,15.48,85.11,False,False,0.4,0.0,0.0,95.0,100.0,5.0,0.9848,0.3382,0.0,0,0,0,0,2,23,25,0,0,,1.0,0,0,,1.0,0,0,,1.0,0,0,0,0,0,0,2,49,51,0,0,,1.0,0,0,,1.0,0,0,,1.0,0,0,0,0,0,0,2,33,35,0,0,,1.0,0,0,,1.0,0,0,,1.0,0,0,,,,False,False,False,False,False,NORMAL_OR_RESPONDING,ACTION_NONE,high,NOT_NO_LOW_CHANGE_CANDIDATE,,,,,,69.8,10.1,"flat_tail=0.4d, fcc_changes=430, tail_cyc=0.0, tail_ok[90/80]=0/0, unresp_complete[90/80]=0/0, large_gap[90/80]=0/0 -> FCC still updating / not a no-low-change candidate",,v2.0-final,v2.0-final,v2.0-final,0.0,,,,,0.0,-1.0,n/a,ThinkPad X1 Carbon Gen 9,Celxpert,5B10W13974,2026-06-03T16:38:27
MKRYNOCK-67L6RD_mkrynock,259,2026-05-12 13:20:59,2026-06-01 16:47:35,20.14,0.5,10.965,21,3,0,0,0,0,1,QUALITY_SHORT_OBS,75010.0,74990.0,74990.0,75010.0,3,2,0,2,2026-05-29 16:38:25,3.0,9.93,1.0,5.0,4.0,72.54,50.0,0,0,0.02,99.99,False,False,3.0,0.0,0.0,55.0,100.0,45.0,0.5055,0.1777,0.0,0,0,0,0,0,0,0,0,0,,,0,0,,,0,0,,,0,0,0,0,0,0,0,0,0,0,0,,,0,0,,,0,0,,,0,0,0,0,0,0,0,0,0,0,0,,,0,0,,,0,0,,,0,0,,,,False,False,False,False,False,REVIEW_INSUFFICIENT_DATA,ACTION_COLLECT_MORE_DATA_OR_MANUAL_REVIEW,review,REVIEW_SHORT_OBS_ACTIVE_LIKE,,,REVIEW_SHORT_OBS_ACTIVE_LIKE,low,観測期間<120日でactive様（flat_tail<60）。経過観察で十分なことが多い。,55.6,5.5,"obs_days=20.1, n_samples=259, quality=QUALITY_SHORT_OBS -> insufficient/uncertain data",観測期間・サンプル数・カウンタ整合性のいずれかが不足しており信頼できる判定ができません。review_priorityに従い追加データ収集または手動レビューを行ってください。,v2.0-final,v2.0-final,v2.0-final,0.0,,,,,0.0,-1.0,n/a,ThinkPad T16 Gen 5,BYD,5B11M90171,2026-06-03T16:38:27
MMERCHANT-H0CAW_mmerchant,4142,2025-04-30 15:14:27,2026-05-27 15:44:42,392.02,0.5,14.287,335,79,0,0,0,0,1,QUALITY_OK,58030.0,50780.0,48260.0,61440.0,230,258,33,225,2026-05-26 15:53:54,1.0,65.813,2.0,197.0,195.0,181.68,132.308,71,70,22.72,87.55,False,False,1.0,0.0,0.0,19.0,86.0,67.0,0.2289,0.0,0.0,0,0,0,0,0,12,12,0,0,,,0,0,,,0,0,,,0,0,0,0,0,0,1,40,41,0,0,,1.0,0,0,,1.0,0,0,,1.0,0,0,0,0,0,0,0,19,19,0,0,,,0,0,,,0,0,,,0,0,,,,False,False,False,False,False,NORMAL_OR_RESPONDING,ACTION_NONE,high,NOT_NO_LOW_CHANGE_CANDIDATE,,,,,,54.7,10.2,"flat_tail=1.0d, fcc_changes=258, tail_cyc=0.0, tail_ok[90/80]=0/0, unresp_complete[90/80]=0/0, large_gap[90/80]=0/0 -> FCC still updating / not a no-low-change candidate",,v2.0-final,v2.0-final,v2.0-final,0.0,,,,,0.0,-1.0,n/a,ThinkPad T14s Gen 6,Sunwoda,5B11M90105,2026-06-03T16:38:27
MMISTURIK-CXCF3_mmisturik,757,2024-08-26 10:05:14,2024-10-16 16:05:24,51.25,0.5,9.215,45,7,0,0,0,0,1,QUALITY_SHORT_OBS,58030.0,58320.0,58000.0,58460.0,16,15,1,14,2024-10-15 13:13:44,1.1,29.268,1.0,18.0,17.0,121.16,88.235,1,1,0.79,100.55,False,False,1.1,0.0,0.0,77.0,100.0,23.0,0.7646,0.3202,0.0,0,0,0,0,0,1,1,0,0,,,0,0,,,0,0,,,0,0,0,0,0,0,0,1,1,0,0,,,0,0,,,0,0,,,0,0,0,0,0,0,0,1,1,0,0,,,0,0,,,0,0,,,0,0,,,,False,False,False,False,False,REVIEW_INSUFFICIENT_DATA,ACTION_COLLECT_MORE_DATA_OR_MANUAL_REVIEW,review,REVIEW_SHORT_OBS_ACTIVE_LIKE,,,REVIEW_SHORT_OBS_ACTIVE_LIKE,low,観測期間<120日でactive様（flat_tail<60）。経過観察で十分なことが多い。,60.5,5.2,"obs_days=51.2, n_samples=757, quality=QUALITY_SHORT_OBS -> insufficient/uncertain data",観測期間・サンプル数・カウンタ整合性のいずれかが不足しており信頼できる判定ができません。review_priorityに従い追加データ収集または手動レビューを行ってください。,v2.0-final,v2.0-final,v2.0-final,0.0,,,,,0.0,-1.0,n/a,ThinkPad T14s Gen 6,Sunwoda,LNV-5B11H56404,2026-06-03T16:38:27
MNAKABAYASH-XPZ_mnakabayashi1,7455,2023-07-04 16:26:51,2026-05-27 14:45:46,1057.93,0.5,2.7,343,113,0,0,0,0,1,QUALITY_OK,58990.0,51880.0,51880.0,58990.0,7,6,0,6,2024-03-21 13:33:25,797.1,0.567,0.0,188.0,188.0,64.91,3.191,6,6,12.46,90.94,False,False,797.1,97.0,44.45,1.0,100.0,99.0,0.7245,0.3826,0.0159,0,7,7,7,0,10,10,0,0,,,0,0,,,0,0,,,0,0,0,26,26,26,0,36,36,0,0,,,0,0,,,0,0,,,0,0,0,12,12,12,0,18,18,0,0,,,0,0,,,0,0,,,0,0,,,,False,True,True,True,True,WATCH_LOW_UPDATE_RATE_AMBIGUOUS,ACTION_MONITOR_OR_MANUAL_REVIEW,low,WATCH_POSSIBLE_OPPORTUNITY_WITH_LARGE_GAPS,,WATCH_POSSIBLE_OPPORTUNITY_WITH_LARGE_GAPS,,,,55.4,50.0,"flat_tail=797.1d, fcc_changes=6, tail_cyc=97.0, tail_ok[90/80]=0/0, unresp_complete[90/80]=0/0, large_gap[90/80]=7/26 -> ambiguous (watch)",FCC更新率は低いが完全凍結ではない/学習機会がlarge-gapまたは打ち切りで確証が弱い/境界的のため、FW確認に回す前にモニタリングまたは手動レビューを推奨します。,v2.0-final,v2.0-final,v2.0-final,0.0,,,,,0.0,1.0,MIXED,ThinkPad X1 Carbon Gen 10,SMP,5B11M90056,2026-06-03T16:38:27
MNAKATA1-3Y659D_mnakata1,17671,2023-02-03 09:33:37,2025-11-14 18:10:20,1015.36,0.5,0.595,343,84,0,0,0,0,1,QUALITY_OK,61960.0,45910.0,40850.0,62690.0,177,181,21,160,2025-10-08 15:41:27,37.1,17.826,5.0,154.0,149.0,53.6,121.477,50,50,38.31,80.54,False,False,37.1,0.0,0.0,4.0,100.0,96.0,0.9738,0.9379,0.0,0,0,0,0,0,15,15,0,0,,,0,0,,,0,0,,,0,0,0,0,0,0,1,28,29,0,0,,1.0,0,0,,1.0,0,0,,1.0,0,0,0,0,0,0,0,22,22,0,0,,,0,0,,,0,0,,,0,0,,,,False,False,False,False,False,NORMAL_OR_RESPONDING,ACTION_NONE,high,NOT_NO_LOW_CHANGE_CANDIDATE,,,,,,75.7,16.2,"flat_tail=37.1d, fcc_changes=181, tail_cyc=0.0, tail_ok[90/80]=0/0, unresp_complete[90/80]=0/0, large_gap[90/80]=0/0 -> FCC still updating / not a no-low-change candidate",,v2.0-final,v2.0-final,v2.0-final,0.0,,,,,0.0,-1.0,n/a,ThinkPad T14s Gen 3,LG,LNV-5B10W51874,2026-06-03T16:38:27
MNISHIO1-2DR71T_mnishio1,1170,2023-02-02 20:49:03,2025-10-24 14:06:46,994.72,0.5,43.133,173,80,0,0,0,0,1,QUALITY_SPARSE,56410.0,56980.0,55280.0,56980.0,4,16,8,8,2024-06-13 22:08:59,497.7,1.608,8.0,29.0,21.0,7.71,76.19,16,16,2.98,99.96,False,False,497.7,5.0,3.67,0.0,100.0,100.0,0.5494,0.3696,0.0598,0,3,3,3,0,9,9,0,0,,,0,0,,,0,0,,,0,0,0,3,3,3,1,9,10,0,0,,0.0,0,0,,0.0,0,0,,0.0,0,0,0,3,3,3,0,9,9,0,0,,,0,0,,,0,0,,,0,0,,,,False,True,False,False,True,WATCH_LOW_UPDATE_RATE_AMBIGUOUS,ACTION_MONITOR_OR_MANUAL_REVIEW,low,WATCH_POSSIBLE_OPPORTUNITY_WITH_LARGE_GAPS,,WATCH_POSSIBLE_OPPORTUNITY_WITH_LARGE_GAPS,,,,64.7,36.0,"flat_tail=497.7d, fcc_changes=16, tail_cyc=5.0, tail_ok[90/80]=0/0, unresp_complete[90/80]=0/0, large_gap[90/80]=3/3 -> ambiguous (watch)",FCC更新率は低いが完全凍結ではない/学習機会がlarge-gapまたは打ち切りで確証が弱い/境界的のため、FW確認に回す前にモニタリングまたは手動レビューを推奨します。,v2.0-final,v2.0-final,v2.0-final,0.0,,,,,0.0,1.0,MIXED,ThinkPad T14s Gen 2a,Celxpert,5B10W51815,2026-06-03T16:38:27
MNISHIO1-43AFSK_Debug,9336,2023-02-06 18:29:29,2024-07-24 10:57:53,533.69,0.5,2.543,374,87,0,0,0,0,1,QUALITY_OK,58990.0,48210.0,48210.0,58990.0,9,8,0,8,2024-06-24 21:41:10,29.6,1.499,20.0,242.0,222.0,151.93,3.604,8,8,18.9,84.5,False,False,29.6,15.0,185.39,2.0,100.0,98.0,0.4999,0.2353,0.0756,0,1,1,1,0,9,9,0,0,,,0,0,,,0,0,,,0,0,1,3,4,4,7,32,39,1,0,0.0,0.1429,1,0,0.0,0.1429,1,0,0.0,0.1429,1,0,0,1,1,1,2,15,17,0,0,,0.0,0,0,,0.0,0,0,,0.0,0,0,0.0,0.0,0.0,False,False,True,False,True,WATCH_LOW_UPDATE_RATE_AMBIGUOUS,ACTION_MONITOR_OR_MANUAL_REVIEW,low,WATCH_ACTIVE_LOW_CADENCE,,WATCH_ACTIVE_LOW_CADENCE,,,,37.4,43.9,"flat_tail=29.6d, fcc_changes=8, tail_cyc=15.0, tail_ok[90/80]=0/1, unresp_complete[90/80]=0/1, large_gap[90/80]=1/3 -> ambiguous (watch)",FCC更新率は低いが完全凍結ではない/学習機会がlarge-gapまたは打ち切りで確証が弱い/境界的のため、FW確認に回す前にモニタリングまたは手動レビューを推奨します。,v2.0-final,v2.0-final,v2.0-final,1.0,0.097,0.0,-0.097,-0.328,19.4,1.0,MIXED,ThinkPad X1 Carbon Gen 10,SMP,5B10W13973,2026-06-03T16:38:27
MNISHIO1-43AFSK_mnishio1,10194,2023-02-06 18:29:29,2025-09-12 13:25:28,948.79,0.5,3.019,431,121,0,0,0,0,1,QUALITY_OK,58990.0,48650.0,48210.0,58990.0,10,9,1,8,2025-08-01 23:49:33,41.6,0.949,20.0,261.0,241.0,92.78,3.734,9,9,18.9,85.28,False,False,41.6,3.0,26.36,1.0,100.0,99.0,0.9292,0.8605,0.0476,0,1,1,1,0,20,20,0,0,,,0,0,,,0,0,,,0,0,0,1,1,1,7,46,53,0,0,,0.1429,0,0,,0.1429,0,0,,0.1429,0,0,0,1,1,1,2,27,29,0,0,,0.0,0,0,,0.0,0,0,,0.0,0,0,,,,False,False,True,True,True,WATCH_LOW_UPDATE_RATE_AMBIGUOUS,ACTION_MONITOR_OR_MANUAL_REVIEW,low,WATCH_POSSIBLE_OPPORTUNITY_WITH_LARGE_GAPS,,WATCH_POSSIBLE_OPPORTUNITY_WITH_LARGE_GAPS,,,,61.5,17.5,"flat_tail=41.6d, fcc_changes=9, tail_cyc=3.0, tail_ok[90/80]=0/0, unresp_complete[90/80]=0/0, large_gap[90/80]=1/1 -> ambiguous (watch)",FCC更新率は低いが完全凍結ではない/学習機会がlarge-gapまたは打ち切りで確証が弱い/境界的のため、FW確認に回す前にモニタリングまたは手動レビューを推奨します。,v2.0-final,v2.0-final,v2.0-final,0.0,,,,,0.0,1.0,MIXED,ThinkPad X1 Carbon Gen 10,SMP,5B10W13973,2026-06-03T16:38:27
MNISHIO1X121QM6_mnishio1,931,2023-02-27 14:24:21,2024-08-20 15:28:14,540.04,0.5,58.417,126,70,0,0,0,0,1,QUALITY_SPARSE,39720.0,39460.0,38820.0,40820.0,29,28,16,12,2024-08-02 11:08:30,18.2,5.185,255.0,278.0,23.0,15.56,121.739,19,16,4.15,81.87,False,False,18.2,0.0,0.0,30.0,100.0,70.0,0.2634,0.0,0.0,0,0,0,0,0,2,2,0,0,,,0,0,,,0,0,,,0,0,0,0,0,0,0,3,3,0,0,,,0,0,,,0,0,,,0,0,0,0,0,0,0,3,3,0,0,,,0,0,,,0,0,,,0,0,,,,False,False,False,False,False,NORMAL_OR_RESPONDING,ACTION_NONE,high,NOT_NO_LOW_CHANGE_CANDIDATE,,,,,,53.3,8.0,"flat_tail=18.2d, fcc_changes=28, tail_cyc=0.0, tail_ok[90/80]=0/0, unresp_complete[90/80]=0/0, large_gap[90/80]=0/0 -> FCC still updating / not a no-low-change candidate",,v2.0-final,v2.0-final,v2.0-final,0.0,,,,,0.0,-1.0,n/a,ThinkPad X1 Nano Gen 1,Celxpert,5B10W13964,2026-06-03T16:38:27
MOBILEPE-4HM087_MobilePE,3571,2024-07-22 07:41:48,2024-10-07 13:41:59,77.25,0.494,0.508,17,8,0,0,0,0,1,QUALITY_SHORT_OBS,54370.0,54370.0,54370.0,54370.0,1,0,0,0,2024-07-22 07:41:48,77.3,0.0,16.0,70.0,54.0,255.32,0.0,0,0,0.0,95.39,False,False,77.3,54.0,255.32,2.0,100.0,98.0,0.9827,0.3127,0.0017,0,1,1,1,0,1,1,0,0,,,0,0,,,0,0,,,0,0,0,1,1,1,0,1,1,0,0,,,0,0,,,0,0,,,0,0,0,1,1,1,0,1,1,0,0,,,0,0,,,0,0,,,0,0,,,,False,False,True,False,True,REVIEW_INSUFFICIENT_DATA,ACTION_COLLECT_MORE_DATA_OR_MANUAL_REVIEW,review,REVIEW_NO_LOW_CHANGE_BUT_INSUFFICIENT_DATA,,,REVIEW_NO_LOW_CHANGE_BUT_INSUFFICIENT_DATA,high,no/low-change候補だが観測期間<120日。優先的に追加観測。,50.0,27.9,"obs_days=77.2, n_samples=3571, quality=QUALITY_SHORT_OBS -> insufficient/uncertain data",観測期間・サンプル数・カウンタ整合性のいずれかが不足しており信頼できる判定ができません。review_priorityに従い追加データ収集または手動レビューを行ってください。,v2.0-final,v2.0-final,v2.0-final,0.0,,,,,0.0,-1.0,n/a,ThinkPad X1 Yoga Gen 8,Sunwoda,5B10W13975,2026-06-03T16:38:27
MOBILEPE-4N8HJ9_MobilePE,2541,2024-07-24 06:26:03,2024-10-09 18:13:09,77.49,0.497,0.517,15,7,0,0,0,0,1,QUALITY_SHORT_OBS,56890.0,56080.0,55550.0,57000.0,63,94,45,49,2024-10-09 18:13:09,0.0,121.306,5.0,56.0,51.0,240.39,184.314,42,22,2.54,98.39,False,False,0.0,0.0,,61.0,61.0,0.0,,,,0,0,0,0,1,4,5,0,0,,1.0,0,0,,1.0,0,0,,1.0,0,0,0,0,0,0,2,5,7,0,0,,1.0,0,0,,1.0,0,0,,1.0,0,0,0,0,0,0,1,4,5,0,0,,1.0,0,0,,1.0,0,0,,1.0,0,0,,,,False,False,False,False,False,REVIEW_INSUFFICIENT_DATA,ACTION_COLLECT_MORE_DATA_OR_MANUAL_REVIEW,review,REVIEW_SHORT_OBS_ACTIVE_LIKE,,,REVIEW_SHORT_OBS_ACTIVE_LIKE,low,観測期間<120日でactive様（flat_tail<60）。経過観察で十分なことが多い。,65.0,5.0,"obs_days=77.5, n_samples=2541, quality=QUALITY_SHORT_OBS -> insufficient/uncertain data",観測期間・サンプル数・カウンタ整合性のいずれかが不足しており信頼できる判定ができません。review_priorityに従い追加データ収集または手動レビューを行ってください。,v2.0-final,v2.0-final,v2.0-final,0.0,,,,,0.0,-1.0,n/a,ThinkPad X1 Yoga Gen 8,Celxpert,5B10W13974,2026-06-03T16:38:27
MORISAN-F291M86_morisan,10121,2023-02-10 09:08:38,2026-05-08 17:14:18,1183.34,0.5,12.376,1129,206,0,0,0,0,1,QUALITY_OK,48230.0,48220.0,46420.0,48660.0,54,146,70,76,2026-05-04 23:29:14,3.7,12.338,42.0,58.0,16.0,4.94,912.5,109,71,4.44,95.58,False,False,3.7,0.0,0.0,95.0,100.0,5.0,0.9998,0.3163,0.0,0,0,0,0,0,0,0,0,0,,,0,0,,,0,0,,,0,0,0,0,0,0,0,0,0,0,0,,,0,0,,,0,0,,,0,0,0,0,0,0,0,0,0,0,0,,,0,0,,,0,0,,,0,0,,,,False,False,False,False,False,NORMAL_OR_RESPONDING,ACTION_NONE,high,NOT_NO_LOW_CHANGE_CANDIDATE,,,,,,70.6,10.6,"flat_tail=3.7d, fcc_changes=146, tail_cyc=0.0, tail_ok[90/80]=0/0, unresp_complete[90/80]=0/0, large_gap[90/80]=0/0 -> FCC still updating / not a no-low-change candidate",,v2.0-final,v2.0-final,v2.0-final,0.0,,,,,0.0,-1.0,n/a,ThinkPad T14 Gen 1,SMP,5B10W13906,2026-06-03T16:38:27
MOTO-T14S-Q_motty,480,2024-06-05 09:06:08,2024-08-20 21:46:55,76.53,0.499,10.13,38,10,0,0,0,0,1,QUALITY_SHORT_OBS,58020.0,57910.0,57910.0,58020.0,10,9,0,9,2024-08-07 21:53:11,13.0,11.76,5.0,14.0,9.0,42.95,100.0,0,0,0.19,99.84,False,False,13.0,0.0,0.0,85.0,100.0,15.0,0.5746,0.3641,0.0,0,0,0,0,0,1,1,0,0,,,0,0,,,0,0,,,0,0,0,0,0,0,0,1,1,0,0,,,0,0,,,0,0,,,0,0,0,0,0,0,0,1,1,0,0,,,0,0,,,0,0,,,0,0,,,,False,False,False,False,False,REVIEW_INSUFFICIENT_DATA,ACTION_COLLECT_MORE_DATA_OR_MANUAL_REVIEW,review,REVIEW_SHORT_OBS_ACTIVE_LIKE,,,REVIEW_SHORT_OBS_ACTIVE_LIKE,low,観測期間<120日でactive様（flat_tail<60）。経過観察で十分なことが多い。,62.2,7.2,"obs_days=76.5, n_samples=480, quality=QUALITY_SHORT_OBS -> insufficient/uncertain data",観測期間・サンプル数・カウンタ整合性のいずれかが不足しており信頼できる判定ができません。review_priorityに従い追加データ収集または手動レビューを行ってください。,v2.0-final,v2.0-final,v2.0-final,0.0,,,,,0.0,-1.0,n/a,ThinkPad T14s Gen 6,Sunwoda,LNV-5B11H56404,2026-06-03T16:38:27
MOTO-X1C_motty,2132,2025-12-26 16:19:44,2026-04-22 17:27:29,117.05,0.5,6.352,113,15,0,2,0,0,1,QUALITY_COUNTER_RESET,58030.0,58680.0,58030.0,59170.0,46,49,5,44,2026-04-22 17:06:00,0.0,41.862,2.0,46.0,44.0,137.3,111.364,4,4,1.97,101.17,False,False,0.0,0.0,0.0,90.0,98.0,8.0,1.0,0.0,0.0,0,0,0,0,0,1,1,0,0,,,0,0,,,0,0,,,0,0,0,0,0,0,0,4,4,0,0,,,0,0,,,0,0,,,0,0,0,0,0,0,0,2,2,0,0,,,0,0,,,0,0,,,0,0,,,,False,False,False,False,False,REVIEW_INSUFFICIENT_DATA,ACTION_COLLECT_MORE_DATA_OR_MANUAL_REVIEW,review,REVIEW_COUNTER_RESET,,,REVIEW_COUNTER_RESET,high,cycleCountが減少（カウンタリセット/パック異常疑い）。生ログ確認が必要。,60.0,0.0,"obs_days=117.0, n_samples=2132, quality=QUALITY_COUNTER_RESET -> insufficient/uncertain data",観測期間・サンプル数・カウンタ整合性のいずれかが不足しており信頼できる判定ができません。review_priorityに従い追加データ収集または手動レビューを行ってください。,v2.0-final,v2.0-final,v2.0-final,0.0,,,,,0.0,-1.0,n/a,ThinkPad,COSMX,5B11M90162,2026-06-03T16:38:27
MOTO_AURA,519,2024-11-05 09:29:17,2025-12-25 12:19:52,415.12,0.5,17.645,66,17,0,0,0,0,1,QUALITY_OK,55130.0,55520.0,54980.0,55520.0,15,14,1,13,2025-12-10 16:13:09,14.8,3.373,2.0,15.0,13.0,11.44,107.692,1,1,0.98,100.76,False,False,14.8,0.0,0.0,81.0,100.0,19.0,0.0501,0.475,0.0,0,0,0,0,0,2,2,0,0,,,0,0,,,0,0,,,0,0,0,0,0,0,0,2,2,0,0,,,0,0,,,0,0,,,0,0,0,0,0,0,0,2,2,0,0,,,0,0,,,0,0,,,0,0,,,,False,False,False,False,False,NORMAL_OR_RESPONDING,ACTION_NONE,high,NOT_NO_LOW_CHANGE_CANDIDATE,,,,,,66.1,12.5,"flat_tail=14.8d, fcc_changes=14, tail_cyc=0.0, tail_ok[90/80]=0/0, unresp_complete[90/80]=0/0, large_gap[90/80]=0/0 -> FCC still updating / not a no-low-change candidate",,v2.0-final,v2.0-final,v2.0-final,0.0,,,,,0.0,-1.0,n/a,ThinkPad X9-14 Gen 1,BYD,LNV-5B11M90101,2026-06-03T16:38:27
MPCD-TNA_HWPA,1190,2025-01-23 15:14:26,2025-06-25 07:14:53,152.67,0.5,12.232,74,27,0,0,0,0,1,QUALITY_OK,58030.0,57810.0,57810.0,58030.0,20,19,0,19,2025-06-25 07:14:53,0.0,12.445,1.0,21.0,20.0,47.85,95.0,0,0,0.38,99.67,False,False,0.0,0.0,,1.0,1.0,0.0,,,,0,0,0,0,0,0,0,0,0,,,0,0,,,0,0,,,0,0,0,0,0,0,0,1,1,0,0,,,0,0,,,0,0,,,0,0,0,0,0,0,0,0,0,0,0,,,0,0,,,0,0,,,0,0,,,,False,False,False,False,False,NORMAL_OR_RESPONDING,ACTION_NONE,high,NOT_NO_LOW_CHANGE_CANDIDATE,,,,,,70.0,10.0,"flat_tail=0.0d, fcc_changes=19, tail_cyc=0.0, tail_ok[90/80]=0/0, unresp_complete[90/80]=0/0, large_gap[90/80]=0/0 -> FCC still updating / not a no-low-change candidate",,v2.0-final,v2.0-final,v2.0-final,0.0,,,,,0.0,-1.0,n/a,ThinkPad T14s Gen 6,Sunwoda,LNV-5B11H56404,2026-06-03T16:38:27
MRIGGS-PW0A1NXC_mriggs,5767,2024-03-14 12:02:50,2026-05-28 12:57:50,805.04,0.5,16.381,496,164,0,0,0,0,1,QUALITY_OK,46000.0,43400.0,43400.0,46460.0,40,45,20,25,2026-04-30 14:05:35,28.0,5.59,1.0,59.0,58.0,26.31,77.586,33,27,6.65,94.35,False,False,28.0,2.0,26.13,31.0,100.0,69.0,0.7664,0.7117,0.0,0,0,0,0,0,3,3,0,0,,,0,0,,,0,0,,,0,0,0,0,0,0,0,6,6,0,0,,,0,0,,,0,0,,,0,0,0,0,0,0,0,3,3,0,0,,,0,0,,,0,0,,,0,0,,,,False,False,False,False,False,NORMAL_OR_RESPONDING,ACTION_NONE,high,NOT_NO_LOW_CHANGE_CANDIDATE,,,,,,69.0,15.1,"flat_tail=28.0d, fcc_changes=45, tail_cyc=2.0, tail_ok[90/80]=0/0, unresp_complete[90/80]=0/0, large_gap[90/80]=0/0 -> FCC still updating / not a no-low-change candidate",,v2.0-final,v2.0-final,v2.0-final,0.0,,,,,0.0,-1.0,n/a,ThinkPad L13 Gen 5,Celxpert,5B11H56424,2026-06-03T16:38:27
MS1-2ND-3C_HWPA,334,2024-01-10 13:07:21,2024-02-15 15:47:29,36.11,0.5,12.281,26,6,0,0,0,0,1,QUALITY_SHORT_OBS,57340.0,57270.0,57270.0,57340.0,7,6,0,6,2024-02-15 15:47:29,0.0,16.616,1.0,7.0,6.0,60.69,100.0,0,0,0.13,100.47,False,False,0.0,0.0,,86.0,86.0,0.0,,,,0,0,0,0,0,0,0,0,0,,,0,0,,,0,0,,,0,0,0,0,0,0,0,1,1,0,0,,,0,0,,,0,0,,,0,0,0,0,0,0,0,1,1,0,0,,,0,0,,,0,0,,,0,0,,,,False,False,False,False,False,REVIEW_INSUFFICIENT_DATA,ACTION_COLLECT_MORE_DATA_OR_MANUAL_REVIEW,review,REVIEW_SHORT_OBS_ACTIVE_LIKE,,,REVIEW_SHORT_OBS_ACTIVE_LIKE,low,観測期間<120日でactive様（flat_tail<60）。経過観察で十分なことが多い。,65.0,5.0,"obs_days=36.1, n_samples=334, quality=QUALITY_SHORT_OBS -> insufficient/uncertain data",観測期間・サンプル数・カウンタ整合性のいずれかが不足しており信頼できる判定ができません。review_priorityに従い追加データ収集または手動レビューを行ってください。,v2.0-final,v2.0-final,v2.0-final,0.0,,,,,0.0,-1.0,n/a,ThinkPad X1 2-in-1 Gen 9,Sunwoda,5B11H56385,2026-06-03T16:38:27
MSUMMERVILL-VCL_msummerville,30829,2023-06-23 11:48:52,2026-05-29 13:56:37,1071.09,0.5,1.566,845,29,0,0,0,0,1,QUALITY_OK,101460.0,80930.0,80930.0,102890.0,21,22,7,15,2026-05-19 20:11:51,9.7,2.054,2.0,151.0,149.0,50.81,14.765,18,18,23.48,86.52,False,False,9.7,1.0,37.5,68.0,100.0,32.0,0.8932,0.3514,0.0,0,0,0,0,6,32,38,0,0,,0.3333,0,0,,0.5,0,0,,0.8333,0,0,0,0,0,0,9,37,46,0,0,,0.4444,0,0,,0.6667,0,0,,0.8889,0,0,0,0,0,0,8,35,43,0,0,,0.375,0,0,,0.625,0,0,,0.875,0,0,,,,False,False,False,False,False,NORMAL_OR_RESPONDING,ACTION_NONE,high,NOT_NO_LOW_CHANGE_CANDIDATE,,,,,,69.0,11.8,"flat_tail=9.7d, fcc_changes=22, tail_cyc=1.0, tail_ok[90/80]=0/0, unresp_complete[90/80]=0/0, large_gap[90/80]=0/0 -> FCC still updating / not a no-low-change candidate",,v2.0-final,v2.0-final,v2.0-final,0.0,,,,,0.0,-1.0,n/a,ThinkPad P16 Gen 2,SMP,5B10W51893,2026-06-03T16:38:27
MTSUKADA-3MYFQH_mtsukada,10718,2023-02-03 13:45:04,2024-03-12 15:15:16,403.06,0.5,0.72,269,45,0,0,0,0,1,QUALITY_OK,45930.0,44600.0,43590.0,47680.0,158,284,142,142,2024-03-12 14:42:30,0.0,70.461,142.0,270.0,128.0,115.99,221.875,174,131,8.02,87.45,False,False,0.0,0.0,0.0,95.0,100.0,5.0,0.6882,0.9156,0.0,0,0,0,0,0,20,20,0,0,,,0,0,,,0,0,,,0,0,0,0,0,0,0,28,28,0,0,,,0,0,,,0,0,,,0,0,0,0,0,0,0,23,23,0,0,,,0,0,,,0,0,,,0,0,,,,False,False,False,False,False,NORMAL_OR_RESPONDING,ACTION_NONE,high,NOT_NO_LOW_CHANGE_CANDIDATE,,,,,,68.3,10.0,"flat_tail=0.0d, fcc_changes=284, tail_cyc=0.0, tail_ok[90/80]=0/0, unresp_complete[90/80]=0/0, large_gap[90/80]=0/0 -> FCC still updating / not a no-low-change candidate",,v2.0-final,v2.0-final,v2.0-final,0.0,,,,,0.0,-1.0,n/a,ThinkPad T14 Gen 2i,,,2026-06-03T16:38:27
MYERSP-PF5FSZHR_MYERSP,4946,2025-07-07 10:15:53,2026-06-01 10:04:05,328.99,0.5,8.759,277,59,0,0,0,0,1,QUALITY_OK,57040.0,51060.0,51060.0,57040.0,40,39,0,39,2026-05-28 08:42:56,4.1,11.854,1.0,40.0,39.0,43.3,100.0,1,1,10.49,89.53,False,False,4.1,0.0,0.0,93.0,100.0,7.0,1.0,0.9769,0.0,0,0,0,0,0,0,0,0,0,,,0,0,,,0,0,,,0,0,0,0,0,0,0,2,2,0,0,,,0,0,,,0,0,,,0,0,0,0,0,0,0,1,1,0,0,,,0,0,,,0,0,,,0,0,,,,False,False,False,False,False,NORMAL_OR_RESPONDING,ACTION_NONE,high,NOT_NO_LOW_CHANGE_CANDIDATE,,,,,,70.7,10.7,"flat_tail=4.1d, fcc_changes=39, tail_cyc=0.0, tail_ok[90/80]=0/0, unresp_complete[90/80]=0/0, large_gap[90/80]=0/0 -> FCC still updating / not a no-low-change candidate",,v2.0-final,v2.0-final,v2.0-final,0.0,,,,,0.0,-1.0,n/a,ThinkPad X1 2-in-1 Gen 10,BYD,5B11M90100,2026-06-03T16:38:27
MYERSP-PW0HKDA6_L14,559,2025-05-27 11:14:29,2025-06-30 13:21:32,34.09,0.5,4.255,25,6,0,0,0,0,1,QUALITY_SHORT_OBS,57820.0,57750.0,57750.0,57820.0,7,6,0,6,2025-06-29 18:23:32,0.8,17.6,1.0,7.0,6.0,64.29,100.0,0,0,0.13,101.01,False,False,0.8,0.0,0.0,90.0,100.0,10.0,0.5111,0.5111,0.0,0,0,0,0,0,0,0,0,0,,,0,0,,,0,0,,,0,0,0,0,0,0,0,0,0,0,0,,,0,0,,,0,0,,,0,0,0,0,0,0,0,0,0,0,0,,,0,0,,,0,0,,,0,0,,,,False,False,False,False,False,REVIEW_INSUFFICIENT_DATA,ACTION_COLLECT_MORE_DATA_OR_MANUAL_REVIEW,review,REVIEW_SHORT_OBS_ACTIVE_LIKE,,,REVIEW_SHORT_OBS_ACTIVE_LIKE,low,観測期間<120日でactive様（flat_tail<60）。経過観察で十分なことが多い。,61.8,5.1,"obs_days=34.1, n_samples=559, quality=QUALITY_SHORT_OBS -> insufficient/uncertain data",観測期間・サンプル数・カウンタ整合性のいずれかが不足しており信頼できる判定ができません。review_priorityに従い追加データ収集または手動レビューを行ってください。,v2.0-final,v2.0-final,v2.0-final,0.0,,,,,0.0,-1.0,n/a,ThinkPad L14 Gen 6,SMP,5B11M90112,2026-06-03T16:38:27
MYERSP-PW0HKDA6_MYERSP,502,2025-05-27 11:14:29,2025-06-25 11:54:26,29.03,0.5,3.312,21,5,0,0,0,0,1,QUALITY_SHORT_OBS,57820.0,57760.0,57760.0,57820.0,6,5,0,5,2025-06-24 13:30:07,0.9,17.224,1.0,6.0,5.0,62.91,100.0,0,0,0.11,101.03,False,False,0.9,0.0,0.0,70.0,100.0,30.0,0.5474,0.2366,0.0,0,0,0,0,0,0,0,0,0,,,0,0,,,0,0,,,0,0,0,0,0,0,0,0,0,0,0,,,0,0,,,0,0,,,0,0,0,0,0,0,0,0,0,0,0,,,0,0,,,0,0,,,0,0,,,,False,False,False,False,False,REVIEW_INSUFFICIENT_DATA,ACTION_COLLECT_MORE_DATA_OR_MANUAL_REVIEW,review,REVIEW_SHORT_OBS_ACTIVE_LIKE,,,REVIEW_SHORT_OBS_ACTIVE_LIKE,low,観測期間<120日でactive様（flat_tail<60）。経過観察で十分なことが多い。,56.1,5.2,"obs_days=29.0, n_samples=502, quality=QUALITY_SHORT_OBS -> insufficient/uncertain data",観測期間・サンプル数・カウンタ整合性のいずれかが不足しており信頼できる判定ができません。review_priorityに従い追加データ収集または手動レビューを行ってください。,v2.0-final,v2.0-final,v2.0-final,0.0,,,,,0.0,-1.0,n/a,ThinkPad L14 Gen 6,SMP,5B11M90112,2026-06-03T16:38:27
NAITOX9A_arimasa,266,2024-11-06 11:45:13,2024-12-11 09:44:29,34.92,0.5,16.441,37,6,0,0,0,0,1,QUALITY_SHORT_OBS,55120.0,55050.0,55050.0,55120.0,7,6,0,6,2024-12-03 09:47:41,8.0,17.182,1.0,7.0,6.0,62.76,100.0,0,0,0.13,99.91,False,False,8.0,0.0,0.0,44.0,100.0,56.0,0.3125,0.1989,0.0,0,0,0,0,0,0,0,0,0,,,0,0,,,0,0,,,0,0,0,0,0,0,0,0,0,0,0,,,0,0,,,0,0,,,0,0,0,0,0,0,0,0,0,0,0,,,0,0,,,0,0,,,0,0,,,,False,False,False,False,False,REVIEW_INSUFFICIENT_DATA,ACTION_COLLECT_MORE_DATA_OR_MANUAL_REVIEW,review,REVIEW_SHORT_OBS_ACTIVE_LIKE,,,REVIEW_SHORT_OBS_ACTIVE_LIKE,low,観測期間<120日でactive様（flat_tail<60）。経過観察で十分なことが多い。,52.6,6.3,"obs_days=34.9, n_samples=266, quality=QUALITY_SHORT_OBS -> insufficient/uncertain data",観測期間・サンプル数・カウンタ整合性のいずれかが不足しており信頼できる判定ができません。review_priorityに従い追加データ収集または手動レビューを行ってください。,v2.0-final,v2.0-final,v2.0-final,0.0,,,,,0.0,-1.0,n/a,ThinkPad X9-14 Gen 1,BYD,LNV-5B11M90101@,2026-06-03T16:38:27
NANO_G3,5257,2023-04-24 10:10:26,2024-03-25 13:28:32,336.14,0.5,5.377,234,49,0,0,0,0,1,QUALITY_OK,49680.0,45960.0,45800.0,50370.0,155,264,131,133,2024-03-25 11:21:55,0.1,78.539,8.0,117.0,109.0,118.44,242.202,187,143,9.22,92.72,False,False,0.1,0.0,0.0,89.0,100.0,11.0,0.7616,0.9477,0.0,0,0,0,0,0,0,0,0,0,,,0,0,,,0,0,,,0,0,0,0,0,0,0,9,9,0,0,,,0,0,,,0,0,,,0,0,0,0,0,0,0,3,3,0,0,,,0,0,,,0,0,,,0,0,,,,False,False,False,False,False,NORMAL_OR_RESPONDING,ACTION_NONE,high,NOT_NO_LOW_CHANGE_CANDIDATE,,,,,,66.3,10.0,"flat_tail=0.1d, fcc_changes=264, tail_cyc=0.0, tail_ok[90/80]=0/0, unresp_complete[90/80]=0/0, large_gap[90/80]=0/0 -> FCC still updating / not a no-low-change candidate",,v2.0-final,v2.0-final,v2.0-final,0.0,,,,,0.0,-1.0,n/a,ThinkPad X1 Nano Gen 3,Sunwoda,5B11F28681,2026-06-03T16:38:27
NATHANP-F4YAYFH_nathanp,10943,2024-06-17 11:42:09,2025-12-01 14:45:46,532.13,0.5,2.222,425,70,0,0,0,0,1,QUALITY_OK,76100.0,66660.0,65120.0,76100.0,125,124,2,122,2025-11-28 20:43:02,2.8,23.303,2.0,117.0,115.0,78.94,107.826,12,12,14.64,88.88,False,False,2.8,0.0,0.0,95.0,100.0,5.0,0.9606,0.7246,0.0,0,0,0,0,0,6,6,0,0,,,0,0,,,0,0,,,0,0,0,0,0,0,1,13,14,0,0,,1.0,0,0,,1.0,0,0,,1.0,0,0,0,0,0,0,1,11,12,0,0,,1.0,0,0,,1.0,0,0,,1.0,0,0,,,,False,False,False,False,False,NORMAL_OR_RESPONDING,ACTION_NONE,high,NOT_NO_LOW_CHANGE_CANDIDATE,,,,,,69.7,10.5,"flat_tail=2.8d, fcc_changes=124, tail_cyc=0.0, tail_ok[90/80]=0/0, unresp_complete[90/80]=0/0, large_gap[90/80]=0/0 -> FCC still updating / not a no-low-change candidate",,v2.0-final,v2.0-final,v2.0-final,0.0,,,,,0.0,-1.0,n/a,ThinkPad P16s Gen 3,Sunwoda,5B11H56402,2026-06-03T16:38:27
NHEIDENFELD-CDY_nheidenfeldt,1621,2024-04-04 12:11:53,2025-04-10 13:24:20,371.05,0.5,5.309,73,14,0,0,0,0,1,QUALITY_OK,54740.0,52830.0,48480.0,54740.0,30,29,2,27,2025-01-30 20:10:00,69.7,7.816,3.0,28.0,25.0,24.61,116.0,6,6,11.44,96.58,False,False,69.7,0.0,0.0,1.0,100.0,99.0,0.8443,0.6573,0.0081,0,0,0,0,1,4,5,0,0,,1.0,0,0,,1.0,0,0,,1.0,0,0,0,0,0,0,1,5,6,0,0,,1.0,0,0,,1.0,0,0,,1.0,0,0,0,0,0,0,1,4,5,0,0,,1.0,0,0,,1.0,0,0,,1.0,0,0,,,,False,False,False,False,False,NORMAL_OR_RESPONDING,ACTION_NONE,high,NOT_NO_LOW_CHANGE_CANDIDATE,,,,,,78.5,21.6,"flat_tail=69.7d, fcc_changes=29, tail_cyc=0.0, tail_ok[90/80]=0/0, unresp_complete[90/80]=0/0, large_gap[90/80]=0/0 -> FCC still updating / not a no-low-change candidate",,v2.0-final,v2.0-final,v2.0-final,0.0,,,,,0.0,-1.0,n/a,ThinkPad X13 Gen 5,BYD,5B11M90051,2026-06-03T16:38:27
NICOLEX1CG12_nbaker,4548,2024-04-17 12:39:16,2025-02-24 17:56:30,313.22,0.5,8.899,319,34,0,0,0,0,1,QUALITY_OK,57680.0,52160.0,52160.0,59090.0,126,130,11,119,2025-02-24 09:25:34,0.4,41.504,1.0,117.0,116.0,135.27,112.069,22,21,12.15,91.46,False,False,0.4,0.0,0.0,46.0,100.0,54.0,0.8368,0.5057,0.0,0,0,0,0,1,14,15,0,0,,1.0,0,0,,1.0,0,0,,1.0,0,0,0,0,0,0,2,19,21,0,0,,1.0,0,0,,1.0,0,0,,1.0,0,0,0,0,0,0,2,16,18,0,0,,1.0,0,0,,1.0,0,0,,1.0,0,0,,,,False,False,False,False,False,NORMAL_OR_RESPONDING,ACTION_NONE,high,NOT_NO_LOW_CHANGE_CANDIDATE,,,,,,66.8,10.1,"flat_tail=0.4d, fcc_changes=130, tail_cyc=0.0, tail_ok[90/80]=0/0, unresp_complete[90/80]=0/0, large_gap[90/80]=0/0 -> FCC still updating / not a no-low-change candidate",,v2.0-final,v2.0-final,v2.0-final,0.0,,,,,0.0,-1.0,n/a,ThinkPad X1 Carbon Gen 12,Celxpert,5B11H56384,2026-06-03T16:38:27
NILE_SVT,658,2026-03-25 07:54:33,2026-05-29 07:29:46,64.98,0.5,15.931,46,9,0,0,0,0,1,QUALITY_SHORT_OBS,58030.0,57960.0,57960.0,58030.0,7,6,0,6,2026-05-28 10:33:10,0.9,9.234,1.0,15.0,14.0,78.69,42.857,0,0,0.12,99.93,False,False,0.9,0.0,0.0,44.0,100.0,56.0,0.3344,0.3344,0.0,0,0,0,0,0,0,0,0,0,,,0,0,,,0,0,,,0,0,0,0,0,0,1,2,3,0,0,,0.0,0,0,,0.0,0,0,,0.0,0,0,0,0,0,0,1,1,2,0,0,,0.0,0,0,,0.0,0,0,,0.0,0,0,,,,False,False,False,False,False,REVIEW_INSUFFICIENT_DATA,ACTION_COLLECT_MORE_DATA_OR_MANUAL_REVIEW,review,REVIEW_SHORT_OBS_ACTIVE_LIKE,,,REVIEW_SHORT_OBS_ACTIVE_LIKE,low,観測期間<120日でactive様（flat_tail<60）。経過観察で十分なことが多い。,51.8,5.2,"obs_days=65.0, n_samples=658, quality=QUALITY_SHORT_OBS -> insufficient/uncertain data",観測期間・サンプル数・カウンタ整合性のいずれかが不足しており信頼できる判定ができません。review_priorityに従い追加データ収集または手動レビューを行ってください。,v2.0-final,v2.0-final,v2.0-final,0.0,,,,,0.0,-1.0,n/a,ThinkPad X1 2-in-1 Gen 11,COSMX,5B11M90162,2026-06-03T16:38:27
NMARX-PF4DMZPC_nmarx,1457,2023-09-05 10:42:14,2024-01-30 13:38:53,147.12,0.5,10.3,114,22,0,0,0,0,1,QUALITY_OK,58080.0,54690.0,52690.0,60270.0,14,14,6,8,2024-01-12 15:27:44,17.9,9.516,2.0,31.0,29.0,72.0,48.276,14,14,13.3,95.95,False,False,17.9,4.0,81.51,2.0,100.0,98.0,0.6407,0.4525,0.0099,0,0,0,0,0,4,4,0,0,,,0,0,,,0,0,,,0,0,0,0,0,0,1,8,9,0,0,,0.0,0,0,,1.0,0,0,,1.0,0,0,0,0,0,0,0,4,4,0,0,,,0,0,,,0,0,,,0,0,,,,False,False,False,False,False,NORMAL_OR_RESPONDING,ACTION_NONE,high,NOT_NO_LOW_CHANGE_CANDIDATE,,,,,,63.8,13.8,"flat_tail=17.9d, fcc_changes=14, tail_cyc=4.0, tail_ok[90/80]=0/0, unresp_complete[90/80]=0/0, large_gap[90/80]=0/0 -> FCC still updating / not a no-low-change candidate",,v2.0-final,v2.0-final,v2.0-final,0.0,,,,,0.0,-1.0,n/a,ThinkPad T14s Gen 4,SMP,5B10W51875,2026-06-03T16:38:27
NMCKOY-PF5H0PJZ_nmckoy,4715,2025-04-30 15:12:50,2026-05-28 08:39:32,392.73,0.5,7.17,244,53,0,0,0,0,1,QUALITY_OK,58050.0,44770.0,44770.0,58560.0,178,190,23,167,2026-05-28 08:37:03,0.0,48.379,1.0,171.0,170.0,158.1,111.765,51,50,23.78,77.19,False,False,0.0,0.0,0.0,2.0,4.0,2.0,0.1611,0.0,1.0,0,0,0,0,5,39,44,0,0,,1.0,0,0,,1.0,0,0,,1.0,0,0,0,0,0,0,18,52,70,0,0,,1.0,0,0,,1.0,0,0,,1.0,0,0,0,0,0,0,9,44,53,0,0,,1.0,0,0,,1.0,0,0,,1.0,0,0,,,,False,False,False,False,False,NORMAL_OR_RESPONDING,ACTION_NONE,high,NOT_NO_LOW_CHANGE_CANDIDATE,,,,,,69.3,10.0,"flat_tail=0.0d, fcc_changes=190, tail_cyc=0.0, tail_ok[90/80]=0/0, unresp_complete[90/80]=0/0, large_gap[90/80]=0/0 -> FCC still updating / not a no-low-change candidate",,v2.0-final,v2.0-final,v2.0-final,0.0,,,,,0.0,-1.0,n/a,ThinkPad T14s Gen 6,ATL,5B11M90108,2026-06-03T16:38:27
NMMILLER-4T259L_nmmiller,1430,2024-01-11 10:46:59,2024-10-14 13:30:25,277.11,0.5,22.239,136,63,0,0,0,0,1,QUALITY_OK,52510.0,45640.0,45190.0,55460.0,51,50,4,46,2024-10-07 12:15:28,7.1,18.043,1.0,42.0,41.0,54.04,121.951,14,14,19.56,86.93,False,False,7.1,0.0,0.0,94.0,100.0,6.0,0.8015,0.5685,0.0,0,0,0,0,1,7,8,0,0,,1.0,0,0,,1.0,0,0,,1.0,0,0,0,0,0,0,1,10,11,0,0,,1.0,0,0,,1.0,0,0,,1.0,0,0,0,0,0,0,1,8,9,0,0,,1.0,0,0,,1.0,0,0,,1.0,0,0,,,,False,False,False,False,False,NORMAL_OR_RESPONDING,ACTION_NONE,high,NOT_NO_LOW_CHANGE_CANDIDATE,,,,,,69.2,11.2,"flat_tail=7.1d, fcc_changes=50, tail_cyc=0.0, tail_ok[90/80]=0/0, unresp_complete[90/80]=0/0, large_gap[90/80]=0/0 -> FCC still updating / not a no-low-change candidate",,v2.0-final,v2.0-final,v2.0-final,0.0,,,,,0.0,-1.0,n/a,ThinkPad T14 Gen 5,Sunwoda,5B11H56418,2026-06-03T16:38:27
NMMILLER-577H4Q_nmmiller,1601,2024-11-06 13:08:00,2026-01-20 10:53:17,439.91,0.5,21.471,175,67,0,0,0,0,1,QUALITY_OK,57040.0,54530.0,54530.0,57040.0,29,28,0,28,2025-12-16 13:33:50,34.9,6.365,1.0,29.0,28.0,23.25,100.0,1,1,4.4,95.62,False,False,34.9,0.0,0.0,69.0,100.0,31.0,0.8988,0.9178,0.0,0,0,0,0,0,1,1,0,0,,,0,0,,,0,0,,,0,0,0,0,0,0,0,2,2,0,0,,,0,0,,,0,0,,,0,0,0,0,0,0,0,2,2,0,0,,,0,0,,,0,0,,,0,0,,,,False,False,False,False,False,NORMAL_OR_RESPONDING,ACTION_NONE,high,NOT_NO_LOW_CHANGE_CANDIDATE,,,,,,73.8,15.8,"flat_tail=34.9d, fcc_changes=28, tail_cyc=0.0, tail_ok[90/80]=0/0, unresp_complete[90/80]=0/0, large_gap[90/80]=0/0 -> FCC still updating / not a no-low-change candidate",,v2.0-final,v2.0-final,v2.0-final,0.0,,,,,0.0,-1.0,n/a,ThinkPad X1 Carbon Gen 13,BYD,5B11M90100,2026-06-03T16:38:27
NMMILLER-62XHX6_nmmiller,506,2026-01-23 13:29:18,2026-05-26 13:16:36,122.99,0.5,20.371,50,19,0,0,0,0,1,QUALITY_OK,60910.0,59280.0,59280.0,60910.0,10,9,0,9,2026-05-26 10:42:43,0.1,7.318,3.0,12.0,9.0,26.73,100.0,1,1,2.72,98.8,False,False,0.1,0.0,0.0,78.0,100.0,22.0,0.7241,0.4042,0.0,0,0,0,0,0,0,0,0,0,,,0,0,,,0,0,,,0,0,0,0,0,0,0,0,0,0,0,,,0,0,,,0,0,,,0,0,0,0,0,0,0,0,0,0,0,,,0,0,,,0,0,,,0,0,,,,False,False,False,False,False,NORMAL_OR_RESPONDING,ACTION_NONE,high,NOT_NO_LOW_CHANGE_CANDIDATE,,,,,,64.5,10.0,"flat_tail=0.1d, fcc_changes=9, tail_cyc=0.0, tail_ok[90/80]=0/0, unresp_complete[90/80]=0/0, large_gap[90/80]=0/0 -> FCC still updating / not a no-low-change candidate",,v2.0-final,v2.0-final,v2.0-final,0.0,,,,,0.0,-1.0,n/a,ThinkPad T16 Gen 5,ATL,5B11M90172,2026-06-03T16:38:27
NORITY-PF3C8AE9_nority,3823,2023-02-07 12:54:42,2025-10-14 12:17:06,979.97,0.5,29.929,592,228,0,0,0,0,1,QUALITY_SPARSE,49320.0,49160.0,49160.0,49320.0,2,1,0,1,2023-06-21 17:20:04,845.8,0.102,71.0,128.0,57.0,21.24,1.754,1,1,0.28,86.17,False,False,845.8,36.0,15.55,0.0,100.0,100.0,0.9363,0.6762,0.0102,0,6,6,6,0,8,8,0,0,,,0,0,,,0,0,,,0,0,1,15,16,16,1,29,30,1,0,0.0,0.0,1,0,0.0,0.0,1,0,0.0,0.0,1,0,0,8,8,8,0,12,12,0,0,,,0,0,,,0,0,,,0,0,0.0,0.0,0.0,False,True,True,True,True,WATCH_LOW_UPDATE_RATE_AMBIGUOUS,ACTION_MONITOR_OR_MANUAL_REVIEW,low,WATCH_OTHER_AMBIGUOUS,,WATCH_OTHER_AMBIGUOUS,,,,55.2,68.2,"flat_tail=845.8d, fcc_changes=1, tail_cyc=36.0, tail_ok[90/80]=0/1, unresp_complete[90/80]=0/1, large_gap[90/80]=6/15 -> ambiguous (watch)",FCC更新率は低いが完全凍結ではない/学習機会がlarge-gapまたは打ち切りで確証が弱い/境界的のため、FW確認に回す前にモニタリングまたは手動レビューを推奨します。,v2.0-final,v2.0-final,v2.0-final,1.0,0.093,0.0,-0.093,-0.32,19.3,1.0,MIXED,ThinkPad X1 Carbon Gen 9,SMP,5B10W13973,2026-06-03T16:38:27
NORITY-X1YOGA_nority,19873,2023-02-07 01:57:03,2026-05-20 08:49:05,1198.29,0.5,6.829,1096,20,0,4,0,0,1,QUALITY_COUNTER_RESET,56990.0,56990.0,56990.0,56990.0,1,0,0,0,2023-02-07 01:57:03,1198.3,0.0,5.0,186.0,181.0,55.17,0.0,0,0,0.0,99.98,True,False,1198.3,181.0,55.17,1.0,100.0,99.0,0.9245,0.3107,0.0024,0,11,11,11,0,11,11,0,0,,,0,0,,,0,0,,,0,0,0,18,18,18,0,18,18,0,0,,,0,0,,,0,0,,,0,0,0,15,15,15,0,15,15,0,0,,,0,0,,,0,0,,,0,0,,,,True,True,True,True,True,REVIEW_INSUFFICIENT_DATA,ACTION_COLLECT_MORE_DATA_OR_MANUAL_REVIEW,review,REVIEW_COUNTER_RESET,,,REVIEW_COUNTER_RESET,high,cycleCountが減少（カウンタリセット/パック異常疑い）。生ログ確認が必要。,49.8,40.0,"obs_days=1198.3, n_samples=19873, quality=QUALITY_COUNTER_RESET -> insufficient/uncertain data",観測期間・サンプル数・カウンタ整合性のいずれかが不足しており信頼できる判定ができません。review_priorityに従い追加データ収集または手動レビューを行ってください。,v2.0-final,v2.0-final,v2.0-final,0.0,,,,,0.0,-1.0,n/a,ThinkPad X1 Yoga Gen 7,Sunwoda,5B10W13975,2026-06-03T16:38:27
NPATEL6-F4C403Q_npatel6,14210,2023-06-06 11:49:37,2026-02-19 18:54:35,989.3,0.5,5.325,580,102,0,6,0,0,1,QUALITY_COUNTER_RESET,90000.0,77130.0,70800.0,92510.0,426,556,87,469,2026-02-18 16:10:21,1.1,56.201,1.0,409.0,408.0,150.63,136.275,427,155,24.12,85.7,False,False,1.1,0.0,0.0,50.0,100.0,50.0,0.0153,0.0273,0.0,0,0,0,0,27,83,110,0,0,,0.963,0,0,,1.0,0,0,,1.0,0,0,0,0,0,0,79,128,207,0,0,,0.9873,0,0,,1.0,0,0,,1.0,0,0,0,0,0,0,45,97,142,0,0,,0.9778,0,0,,1.0,0,0,,1.0,0,0,,,,False,False,False,False,False,REVIEW_INSUFFICIENT_DATA,ACTION_COLLECT_MORE_DATA_OR_MANUAL_REVIEW,review,REVIEW_COUNTER_RESET,,,REVIEW_COUNTER_RESET,high,cycleCountが減少（カウンタリセット/パック異常疑い）。生ログ確認が必要。,43.5,0.2,"obs_days=989.3, n_samples=14210, quality=QUALITY_COUNTER_RESET -> insufficient/uncertain data",観測期間・サンプル数・カウンタ整合性のいずれかが不足しており信頼できる判定ができません。review_priorityに従い追加データ収集または手動レビューを行ってください。,v2.0-final,v2.0-final,v2.0-final,0.0,,,,,0.0,-1.0,n/a,ThinkPad P16v Gen 1,Celxpert,5B11H56374,2026-06-03T16:38:27
NPUTSALA-0A1Z31_nputsala,6925,2024-03-19 12:13:33,2025-05-23 19:04:13,430.29,0.5,7.252,384,61,0,0,0,0,1,QUALITY_OK,46000.0,44350.0,44270.0,46770.0,35,36,18,18,2025-05-17 12:17:21,6.3,8.366,5.0,80.0,75.0,63.66,48.0,24,18,5.43,96.41,False,False,6.3,0.0,0.0,49.0,65.0,16.0,0.9002,0.0,0.0,0,0,0,0,0,3,3,0,0,,,0,0,,,0,0,,,0,0,0,0,0,0,0,3,3,0,0,,,0,0,,,0,0,,,0,0,0,0,0,0,0,3,3,0,0,,,0,0,,,0,0,,,0,0,,,,False,False,False,False,False,NORMAL_OR_RESPONDING,ACTION_NONE,high,NOT_NO_LOW_CHANGE_CANDIDATE,,,,,,69.1,11.1,"flat_tail=6.3d, fcc_changes=36, tail_cyc=0.0, tail_ok[90/80]=0/0, unresp_complete[90/80]=0/0, large_gap[90/80]=0/0 -> FCC still updating / not a no-low-change candidate",,v2.0-final,v2.0-final,v2.0-final,0.0,,,,,0.0,-1.0,n/a,ThinkPad L13 2-in-1 Gen 5,Sunwoda,5B11H56425,2026-06-03T16:38:27
OALI-PF5TMH9T_oali,4717,2025-10-13 15:24:40,2026-06-01 16:00:45,231.03,0.5,1.451,162,33,0,0,0,0,1,QUALITY_OK,99900.0,94990.0,94990.0,99900.0,29,28,2,26,2026-05-19 13:34:39,13.1,12.12,3.0,26.0,23.0,36.36,121.739,7,6,4.91,95.09,False,False,13.1,0.0,0.0,52.0,100.0,48.0,0.9345,0.5105,0.0,0,0,0,0,0,3,3,0,0,,,0,0,,,0,0,,,0,0,0,0,0,0,1,5,6,0,0,,1.0,0,0,,1.0,0,0,,1.0,0,0,0,0,0,0,1,3,4,0,0,,1.0,0,0,,1.0,0,0,,1.0,0,0,,,,False,False,False,False,False,NORMAL_OR_RESPONDING,ACTION_NONE,high,NOT_NO_LOW_CHANGE_CANDIDATE,,,,,,70.9,12.2,"flat_tail=13.1d, fcc_changes=28, tail_cyc=0.0, tail_ok[90/80]=0/0, unresp_complete[90/80]=0/0, large_gap[90/80]=0/0 -> FCC still updating / not a no-low-change candidate",,v2.0-final,v2.0-final,v2.0-final,0.0,,,,,0.0,-1.0,n/a,ThinkPad P16 Gen 3,SMP,5B11M90135,2026-06-03T16:38:27
OHSAWAAURA_e3158,2677,2025-10-22 10:08:03,2026-05-28 13:01:18,218.12,0.5,8.938,159,11,0,0,0,0,1,QUALITY_OK,57460.0,56820.0,56820.0,57460.0,56,55,0,55,2026-05-26 22:05:34,1.6,25.215,1.0,56.0,55.0,92.1,100.0,0,0,1.12,99.63,False,False,1.6,0.0,0.0,40.0,100.0,60.0,0.4336,0.3084,0.0,0,0,0,0,0,0,0,0,0,,,0,0,,,0,0,,,0,0,0,0,0,0,0,0,0,0,0,,,0,0,,,0,0,,,0,0,0,0,0,0,0,0,0,0,0,,,0,0,,,0,0,,,0,0,,,,False,False,False,False,False,NORMAL_OR_RESPONDING,ACTION_NONE,high,NOT_NO_LOW_CHANGE_CANDIDATE,,,,,,58.9,10.3,"flat_tail=1.6d, fcc_changes=55, tail_cyc=0.0, tail_ok[90/80]=0/0, unresp_complete[90/80]=0/0, large_gap[90/80]=0/0 -> FCC still updating / not a no-low-change candidate",,v2.0-final,v2.0-final,v2.0-final,0.0,,,,,0.0,-1.0,n/a,ThinkPad X1 Carbon Gen 13,Celxpert,5B11M90098,2026-06-03T16:38:27
OHSAWACONDOR4_ohsaw,2993,2024-07-03 20:04:50,2024-12-20 17:04:59,169.88,0.5,8.057,190,7,0,0,0,0,1,QUALITY_OK,59920.0,58990.0,50000.0,59920.0,78,79,2,77,2024-12-20 14:47:54,0.1,46.503,1.0,54.0,53.0,113.95,149.057,2,2,17.1,101.71,False,False,0.1,0.0,0.0,83.0,100.0,17.0,0.2349,0.2349,0.0,0,0,0,0,0,1,1,0,0,,,0,0,,,0,0,,,0,0,0,0,0,0,0,1,1,0,0,,,0,0,,,0,0,,,0,0,0,0,0,0,0,1,1,0,0,,,0,0,,,0,0,,,0,0,,,,False,False,False,False,False,NORMAL_OR_RESPONDING,ACTION_NONE,high,NOT_NO_LOW_CHANGE_CANDIDATE,,,,,,64.3,10.0,"flat_tail=0.1d, fcc_changes=79, tail_cyc=0.0, tail_ok[90/80]=0/0, unresp_complete[90/80]=0/0, large_gap[90/80]=0/0 -> FCC still updating / not a no-low-change candidate",,v2.0-final,v2.0-final,v2.0-final,0.0,,,,,0.0,-1.0,n/a,ThinkPad T14s Gen 6,SMP,LNV-5B11H56403,2026-06-03T16:38:27
OHSAWAEAGLE7_ohsaw,9164,2023-03-28 11:25:27,2024-07-04 09:18:15,463.91,0.5,6.188,473,9,0,7,0,0,1,QUALITY_COUNTER_RESET,52530.0,46920.0,46920.0,52530.0,69,91,46,45,2024-07-03 09:38:50,1.0,19.616,3.0,172.0,169.0,133.06,53.846,42,21,11.33,94.73,False,False,1.0,0.0,0.0,65.0,99.0,34.0,0.4659,0.0582,0.0,0,0,0,0,0,2,2,0,0,,,0,0,,,0,0,,,0,0,0,0,0,0,0,6,6,0,0,,,0,0,,,0,0,,,0,0,0,0,0,0,0,3,3,0,0,,,0,0,,,0,0,,,0,0,,,,False,False,False,False,False,REVIEW_INSUFFICIENT_DATA,ACTION_COLLECT_MORE_DATA_OR_MANUAL_REVIEW,review,REVIEW_COUNTER_RESET,,,REVIEW_COUNTER_RESET,high,cycleCountが減少（カウンタリセット/パック異常疑い）。生ログ確認が必要。,49.5,0.2,"obs_days=463.9, n_samples=9164, quality=QUALITY_COUNTER_RESET -> insufficient/uncertain data",観測期間・サンプル数・カウンタ整合性のいずれかが不足しており信頼できる判定ができません。review_priorityに従い追加データ収集または手動レビューを行ってください。,v2.0-final,v2.0-final,v2.0-final,0.0,,,,,0.0,-1.0,n/a,ThinkPad X13s Gen 1,SMP,LNV-5B10W51878,2026-06-03T16:38:27
P1G7_SKU5,13076,2024-05-14 13:01:11,2025-11-14 11:10:49,548.92,0.5,1.935,359,26,0,0,0,0,1,QUALITY_OK,90010.0,88800.0,88800.0,90010.0,77,76,0,76,2025-09-18 16:49:32,56.8,13.845,2.0,87.0,85.0,56.56,89.412,0,0,1.34,98.67,False,False,56.8,0.0,0.0,53.0,90.0,37.0,0.9037,0.0,0.0,0,0,0,0,0,0,0,0,0,,,0,0,,,0,0,,,0,0,0,0,0,0,0,3,3,0,0,,,0,0,,,0,0,,,0,0,0,0,0,0,0,3,3,0,0,,,0,0,,,0,0,,,0,0,,,,False,False,False,False,False,NORMAL_OR_RESPONDING,ACTION_NONE,high,NOT_NO_LOW_CHANGE_CANDIDATE,,,,,,77.5,19.5,"flat_tail=56.8d, fcc_changes=76, tail_cyc=0.0, tail_ok[90/80]=0/0, unresp_complete[90/80]=0/0, large_gap[90/80]=0/0 -> FCC still updating / not a no-low-change candidate",,v2.0-final,v2.0-final,v2.0-final,0.0,,,,,0.0,-1.0,n/a,ThinkPad P1 Gen 7,Sunwoda,5B11M37553,2026-06-03T16:38:27
P1G7_SVT,5080,2024-05-15 03:39:55,2025-07-22 15:08:18,433.48,0.5,0.547,162,46,0,0,0,0,1,QUALITY_OK,92600.0,89560.0,87270.0,92600.0,54,53,2,51,2025-07-21 08:36:08,1.3,12.227,1.0,51.0,50.0,42.13,106.0,5,5,5.92,99.51,False,False,1.3,0.0,0.0,65.0,99.0,34.0,0.9997,0.0376,0.0,0,0,0,0,0,5,5,0,0,,,0,0,,,0,0,,,0,0,0,0,0,0,0,7,7,0,0,,,0,0,,,0,0,,,0,0,0,0,0,0,0,6,6,0,0,,,0,0,,,0,0,,,0,0,,,,False,False,False,False,False,NORMAL_OR_RESPONDING,ACTION_NONE,high,NOT_NO_LOW_CHANGE_CANDIDATE,,,,,,70.2,10.2,"flat_tail=1.3d, fcc_changes=53, tail_cyc=0.0, tail_ok[90/80]=0/0, unresp_complete[90/80]=0/0, large_gap[90/80]=0/0 -> FCC still updating / not a no-low-change candidate",,v2.0-final,v2.0-final,v2.0-final,0.0,,,,,0.0,-1.0,n/a,ThinkPad P1 Gen 7,Celxpert,5B11M37552,2026-06-03T16:38:27
PANTHER3_SVT,1268,2023-03-23 13:04:35,2024-01-18 13:13:46,301.01,0.5,18.889,138,41,0,0,0,0,1,QUALITY_OK,58990.0,58990.0,58990.0,58990.0,1,0,0,0,2023-03-23 13:04:35,301.0,0.0,1.0,20.0,19.0,23.05,0.0,0,0,0.0,103.4,False,False,301.0,19.0,23.06,2.0,100.0,98.0,0.7453,0.3584,0.0019,0,1,1,1,0,1,1,0,0,,,0,0,,,0,0,,,0,0,0,2,2,2,0,2,2,0,0,,,0,0,,,0,0,,,0,0,0,1,1,1,0,1,1,0,0,,,0,0,,,0,0,,,0,0,,,,True,True,False,True,True,WATCH_LOW_UPDATE_RATE_AMBIGUOUS,ACTION_MONITOR_OR_MANUAL_REVIEW,low,WATCH_POSSIBLE_OPPORTUNITY_WITH_LARGE_GAPS,,WATCH_POSSIBLE_OPPORTUNITY_WITH_LARGE_GAPS,,,,68.7,43.8,"flat_tail=301.0d, fcc_changes=0, tail_cyc=19.0, tail_ok[90/80]=0/0, unresp_complete[90/80]=0/0, large_gap[90/80]=1/2 -> ambiguous (watch)",FCC更新率は低いが完全凍結ではない/学習機会がlarge-gapまたは打ち切りで確証が弱い/境界的のため、FW確認に回す前にモニタリングまたは手動レビューを推奨します。,v2.0-final,v2.0-final,v2.0-final,0.0,,,,,0.0,1.0,MIXED,ThinkPad X1 Carbon Gen 11,SMP,5B10W13973,2026-06-03T16:38:27
PCHEN23-1000044_pchen23,2248,2026-03-04 15:11:54,2026-05-27 15:17:47,84.0,0.5,0.5,30,6,0,0,0,0,1,QUALITY_SHORT_OBS,45010.0,46250.0,45010.0,46350.0,8,7,1,6,2026-05-05 13:01:47,22.1,8.333,0.0,14.0,14.0,60.88,50.0,1,1,2.98,102.78,False,False,22.1,0.0,0.0,25.0,100.0,75.0,0.969,0.1383,0.0,0,0,0,0,0,6,6,0,0,,,0,0,,,0,0,,,0,0,0,0,0,0,0,8,8,0,0,,,0,0,,,0,0,,,0,0,0,0,0,0,0,7,7,0,0,,,0,0,,,0,0,,,0,0,,,,False,False,False,False,False,REVIEW_INSUFFICIENT_DATA,ACTION_COLLECT_MORE_DATA_OR_MANUAL_REVIEW,review,REVIEW_SHORT_OBS_ACTIVE_LIKE,,,REVIEW_SHORT_OBS_ACTIVE_LIKE,low,観測期間<120日でactive様（flat_tail<60）。経過観察で十分なことが多い。,68.1,8.7,"obs_days=84.0, n_samples=2248, quality=QUALITY_SHORT_OBS -> insufficient/uncertain data",観測期間・サンプル数・カウンタ整合性のいずれかが不足しており信頼できる判定ができません。review_priorityに従い追加データ収集または手動レビューを行ってください。,v2.0-final,v2.0-final,v2.0-final,0.0,,,,,0.0,-1.0,n/a,ThinkPad X13 Detachable Gen 1,BYD,5B11M90182,2026-06-03T16:38:27
PCHEN23-5000001_pchen23,567,2024-09-13 08:21:27,2024-11-15 13:10:07,63.2,0.5,14.862,48,11,0,0,0,0,1,QUALITY_SHORT_OBS,59870.0,57810.0,57810.0,59870.0,16,15,0,15,2024-11-12 10:46:42,3.1,23.734,1.0,16.0,15.0,86.69,100.0,7,3,3.55,99.67,False,False,3.1,0.0,0.0,41.0,100.0,59.0,0.5869,0.5231,0.0,0,0,0,0,0,1,1,0,0,,,0,0,,,0,0,,,0,0,0,0,0,0,0,4,4,0,0,,,0,0,,,0,0,,,0,0,0,0,0,0,0,3,3,0,0,,,0,0,,,0,0,,,0,0,,,,False,False,False,False,False,REVIEW_INSUFFICIENT_DATA,ACTION_COLLECT_MORE_DATA_OR_MANUAL_REVIEW,review,REVIEW_SHORT_OBS_ACTIVE_LIKE,,,REVIEW_SHORT_OBS_ACTIVE_LIKE,low,観測期間<120日でactive様（flat_tail<60）。経過観察で十分なことが多い。,57.3,5.5,"obs_days=63.2, n_samples=567, quality=QUALITY_SHORT_OBS -> insufficient/uncertain data",観測期間・サンプル数・カウンタ整合性のいずれかが不足しており信頼できる判定ができません。review_priorityに従い追加データ収集または手動レビューを行ってください。,v2.0-final,v2.0-final,v2.0-final,0.0,,,,,0.0,-1.0,n/a,ThinkPad T14s Gen 6,SMP,LNV-5B11H56403,2026-06-03T16:38:27
PCHEN23-F4KXHBP_pchen23,644,2023-09-20 08:08:02,2024-01-17 11:02:38,119.12,0.5,20.74,55,29,0,0,0,0,1,QUALITY_SHORT_OBS,51510.0,50970.0,50970.0,51510.0,3,2,0,2,2023-12-15 13:51:55,32.9,1.679,2.0,3.0,1.0,3.07,200.0,1,1,1.05,98.95,False,False,32.9,0.0,0.0,95.0,100.0,5.0,0.9732,0.0259,0.0,0,0,0,0,0,0,0,0,0,,,0,0,,,0,0,,,0,0,0,0,0,0,0,0,0,0,0,,,0,0,,,0,0,,,0,0,0,0,0,0,0,0,0,0,0,,,0,0,,,0,0,,,0,0,,,,False,False,False,False,False,REVIEW_INSUFFICIENT_DATA,ACTION_COLLECT_MORE_DATA_OR_MANUAL_REVIEW,review,REVIEW_SHORT_OBS_ACTIVE_LIKE,,,REVIEW_SHORT_OBS_ACTIVE_LIKE,low,観測期間<120日でactive様（flat_tail<60）。経過観察で十分なことが多い。,69.9,10.5,"obs_days=119.1, n_samples=644, quality=QUALITY_SHORT_OBS -> insufficient/uncertain data",観測期間・サンプル数・カウンタ整合性のいずれかが不足しており信頼できる判定ができません。review_priorityに従い追加データ収集または手動レビューを行ってください。,v2.0-final,v2.0-final,v2.0-final,0.0,,,,,0.0,-1.0,n/a,ThinkPad Z13 Gen 2,BYD,5B10W51883,2026-06-03T16:38:27
PCHEN23-F5FSWCG_pchen23,780,2025-05-20 15:00:01,2025-09-17 09:48:51,119.78,0.5,20.198,79,23,0,0,0,0,1,QUALITY_SHORT_OBS,57040.0,54830.0,53690.0,58310.0,46,45,8,37,2025-09-16 12:39:03,0.9,37.569,1.0,38.0,37.0,112.83,121.622,19,19,8.11,96.19,False,False,0.9,0.0,0.0,40.0,100.0,60.0,0.1,0.1,0.0,0,0,0,0,1,13,14,0,0,,1.0,0,0,,1.0,0,0,,1.0,0,0,0,0,0,0,2,22,24,0,0,,1.0,0,0,,1.0,0,0,,1.0,0,0,0,0,0,0,1,19,20,0,0,,1.0,0,0,,1.0,0,0,,1.0,0,0,,,,False,False,False,False,False,REVIEW_INSUFFICIENT_DATA,ACTION_COLLECT_MORE_DATA_OR_MANUAL_REVIEW,review,REVIEW_SHORT_OBS_ACTIVE_LIKE,,,REVIEW_SHORT_OBS_ACTIVE_LIKE,low,観測期間<120日でactive様（flat_tail<60）。経過観察で十分なことが多い。,47.1,5.2,"obs_days=119.8, n_samples=780, quality=QUALITY_SHORT_OBS -> insufficient/uncertain data",観測期間・サンプル数・カウンタ整合性のいずれかが不足しており信頼できる判定ができません。review_priorityに従い追加データ収集または手動レビューを行ってください。,v2.0-final,v2.0-final,v2.0-final,0.0,,,,,0.0,-1.0,n/a,ThinkPad X1 2-in-1 Gen 10,Sunwoda,5B11M90099,2026-06-03T16:38:27
PCHEN23-W0ABC67_pchen23,576,2024-04-10 11:48:36,2024-05-19 23:29:40,39.49,0.5,3.304,24,8,0,0,0,0,1,QUALITY_SHORT_OBS,42000.0,40150.0,40150.0,42000.0,22,30,14,16,2024-05-19 23:29:40,0.0,75.969,1.0,16.0,15.0,138.74,200.0,20,16,4.4,95.6,False,False,0.0,0.0,,95.0,95.0,0.0,,,,0,0,0,0,1,2,3,0,0,,0.0,0,0,,0.0,0,0,,1.0,0,0,0,0,0,0,2,5,7,0,0,,0.0,0,0,,0.5,0,0,,1.0,0,0,0,0,0,0,1,3,4,0,0,,0.0,0,0,,0.0,0,0,,1.0,0,0,,,,False,False,False,False,False,REVIEW_INSUFFICIENT_DATA,ACTION_COLLECT_MORE_DATA_OR_MANUAL_REVIEW,review,REVIEW_SHORT_OBS_ACTIVE_LIKE,,,REVIEW_SHORT_OBS_ACTIVE_LIKE,low,観測期間<120日でactive様（flat_tail<60）。経過観察で十分なことが多い。,65.0,5.0,"obs_days=39.5, n_samples=576, quality=QUALITY_SHORT_OBS -> insufficient/uncertain data",観測期間・サンプル数・カウンタ整合性のいずれかが不足しており信頼できる判定ができません。review_priorityに従い追加データ収集または手動レビューを行ってください。,v2.0-final,v2.0-final,v2.0-final,0.0,,,,,0.0,-1.0,n/a,ThinkPad X12 Detachable Gen 2,Celxpert,5B11M90067,2026-06-03T16:38:27
PEGGY_2,772,2023-11-07 17:42:11,2024-02-21 10:07:00,105.68,0.5,3.104,28,9,0,0,0,0,1,QUALITY_SHORT_OBS,48290.0,48150.0,47700.0,48290.0,11,10,1,9,2024-01-22 17:17:02,29.7,9.463,5.0,14.0,9.0,31.11,111.111,2,2,1.15,93.48,False,False,29.7,0.0,0.0,72.0,100.0,28.0,0.0335,0.1371,0.0,0,0,0,0,0,1,1,0,0,,,0,0,,,0,0,,,0,0,0,0,0,0,0,2,2,0,0,,,0,0,,,0,0,,,0,0,0,0,0,0,0,1,1,0,0,,,0,0,,,0,0,,,0,0,,,,False,False,False,False,False,REVIEW_INSUFFICIENT_DATA,ACTION_COLLECT_MORE_DATA_OR_MANUAL_REVIEW,review,REVIEW_SHORT_OBS_ACTIVE_LIKE,,,REVIEW_SHORT_OBS_ACTIVE_LIKE,low,観測期間<120日でactive様（flat_tail<60）。経過観察で十分なことが多い。,60.6,9.9,"obs_days=105.7, n_samples=772, quality=QUALITY_SHORT_OBS -> insufficient/uncertain data",観測期間・サンプル数・カウンタ整合性のいずれかが不足しており信頼できる判定ができません。review_priorityに従い追加データ収集または手動レビューを行ってください。,v2.0-final,v2.0-final,v2.0-final,0.0,,,,,0.0,-1.0,n/a,ThinkPad Z13 Gen 2,BYD,5B10W51883,2026-06-03T16:38:27
PETER_pchen23,558,2026-01-14 14:19:42,2026-03-17 20:39:54,62.26,0.5,16.6,39,9,0,0,0,0,1,QUALITY_SHORT_OBS,58030.0,57010.0,57010.0,58900.0,15,14,1,13,2026-03-16 20:07:27,1.0,22.486,1.0,22.0,21.0,123.2,66.667,2,2,3.26,98.29,False,False,1.0,0.0,0.0,7.0,98.0,91.0,0.1287,0.0,0.0561,0,0,0,0,0,6,6,0,0,,,0,0,,,0,0,,,0,0,0,0,0,0,1,11,12,0,0,,0.0,0,0,,0.0,0,0,,0.0,0,0,0,0,0,0,0,10,10,0,0,,,0,0,,,0,0,,,0,0,,,,False,False,False,False,False,REVIEW_INSUFFICIENT_DATA,ACTION_COLLECT_MORE_DATA_OR_MANUAL_REVIEW,review,REVIEW_SHORT_OBS_ACTIVE_LIKE,,,REVIEW_SHORT_OBS_ACTIVE_LIKE,low,観測期間<120日でactive様（flat_tail<60）。経過観察で十分なことが多い。,47.7,5.2,"obs_days=62.3, n_samples=558, quality=QUALITY_SHORT_OBS -> insufficient/uncertain data",観測期間・サンプル数・カウンタ整合性のいずれかが不足しており信頼できる判定ができません。review_priorityに従い追加データ収集または手動レビューを行ってください。,v2.0-final,v2.0-final,v2.0-final,0.0,,,,,0.0,-1.0,n/a,ThinkPad X1 2-in-1 Gen 11,COSMX,5B11M90162,2026-06-03T16:38:27
PF3KG4XY_TP-Telemetry,1245,2024-07-24 13:25:19,2025-01-14 09:38:20,173.84,0.5,14.997,80,28,0,0,0,0,1,QUALITY_OK,56990.0,56990.0,56990.0,56990.0,1,0,0,0,2024-07-24 13:25:19,173.8,0.0,34.0,37.0,3.0,6.3,0.0,0,0,0.0,99.98,True,False,173.8,3.0,6.3,6.0,100.0,94.0,0.9792,0.0755,0.0013,0,0,0,0,0,0,0,0,0,,,0,0,,,0,0,,,0,0,0,0,0,0,0,0,0,0,0,,,0,0,,,0,0,,,0,0,0,0,0,0,0,0,0,0,0,,,0,0,,,0,0,,,0,0,,,,True,False,False,False,True,ACTIONABLE_GAUGE_RESET_INSUFFICIENT_LEARNING_OPPORTUNITY,ACTION_GAUGE_RESET,high,GAUGE_HIGH_NO_OPPORTUNITY,NO_OPPORTUNITY_AC_BOUND;NO_OPPORTUNITY_LOW_CYCLING,,,,,97.1,39.6,"flat_tail=173.8d, fcc_changes=0, tail_cyc=3.0, tail_ok[90/80]=0/0, unresp_complete[90/80]=0/0, large_gap[90/80]=0/0, ac=0.98, min_rsoc=6.0 -> insufficient learning opportunity",FCC/SoHが長期間更新されておらず、ログ上は深い放電→再充電の学習機会が十分に確認できません（OK品質の機会が無く、large-gapを含めても判定可能な機会がない）。安全な環境でOEM推奨のバッテリーゲージリセット/キャリブレーションを実施し、その後72h〜7日間のテレメトリでFCC更新有無を確認してください。,v2.0-final,v2.0-final,v2.0-final,0.0,,,,,0.0,1.0,MIXED,ThinkPad X1 Carbon Gen 10,Sunwoda,5B10W13975,2026-06-03T16:38:27
PF3MBEZV_TP-Telemetry,257,2024-11-20 17:19:10,2024-12-16 18:15:03,26.04,0.5,16.811,24,6,0,0,0,0,1,QUALITY_SHORT_OBS,56990.0,56990.0,56990.0,56990.0,1,0,0,0,2024-11-20 17:19:10,26.0,0.0,5.0,8.0,3.0,42.08,0.0,0,0,0.0,99.98,True,False,26.0,3.0,42.08,2.0,100.0,98.0,0.9136,0.2652,0.0268,0,2,2,2,0,2,2,0,0,,,0,0,,,0,0,,,0,0,0,2,2,2,0,2,2,0,0,,,0,0,,,0,0,,,0,0,0,2,2,2,0,2,2,0,0,,,0,0,,,0,0,,,0,0,,,,False,False,False,False,False,REVIEW_INSUFFICIENT_DATA,ACTION_COLLECT_MORE_DATA_OR_MANUAL_REVIEW,review,REVIEW_SHORT_OBS_ACTIVE_LIKE,,,REVIEW_SHORT_OBS_ACTIVE_LIKE,low,観測期間<120日でactive様（flat_tail<60）。経過観察で十分なことが多い。,49.4,9.9,"obs_days=26.0, n_samples=257, quality=QUALITY_SHORT_OBS -> insufficient/uncertain data",観測期間・サンプル数・カウンタ整合性のいずれかが不足しており信頼できる判定ができません。review_priorityに従い追加データ収集または手動レビューを行ってください。,v2.0-final,v2.0-final,v2.0-final,0.0,,,,,0.0,-1.0,n/a,ThinkPad X1 Carbon Gen 10,Sunwoda,5B10W13975,2026-06-03T16:38:27
PF3MBQME_TP-Telemetry,510,2024-07-24 18:16:00,2024-11-11 18:33:06,110.01,0.5,19.647,47,16,0,0,0,0,1,QUALITY_SHORT_OBS,51310.0,51300.0,51300.0,51310.0,2,1,0,1,2024-07-25 09:46:51,109.4,0.909,14.0,15.0,1.0,3.32,100.0,0,0,0.02,89.92,False,False,109.4,1.0,3.34,76.0,100.0,24.0,0.9764,0.162,0.0,0,0,0,0,0,0,0,0,0,,,0,0,,,0,0,,,0,0,0,0,0,0,0,0,0,0,0,,,0,0,,,0,0,,,0,0,0,0,0,0,0,0,0,0,0,,,0,0,,,0,0,,,0,0,,,,False,False,False,False,False,REVIEW_INSUFFICIENT_DATA,ACTION_COLLECT_MORE_DATA_OR_MANUAL_REVIEW,review,REVIEW_SHORT_OBS_STALE_OR_VERY_STALE,,,REVIEW_SHORT_OBS_STALE_OR_VERY_STALE,high,観測期間<120日だがflat_tail>=60日（stale様）。優先的に追加観測。,82.3,23.4,"obs_days=110.0, n_samples=510, quality=QUALITY_SHORT_OBS -> insufficient/uncertain data",観測期間・サンプル数・カウンタ整合性のいずれかが不足しており信頼できる判定ができません。review_priorityに従い追加データ収集または手動レビューを行ってください。,v2.0-final,v2.0-final,v2.0-final,0.0,,,,,0.0,-1.0,n/a,ThinkPad X1 Carbon Gen 10,SMP,5B10W13973,2026-06-03T16:38:27
PF3MC003_TP-Telemetry,381,2024-07-26 16:11:25,2024-10-10 13:36:19,75.89,0.5,16.412,33,12,0,0,0,0,1,QUALITY_SHORT_OBS,57140.0,56970.0,56970.0,57140.0,3,2,0,2,2024-07-29 09:26:22,73.2,2.635,3.0,5.0,2.0,9.63,100.0,1,1,0.3,99.95,False,False,73.2,1.0,4.99,39.0,100.0,61.0,0.9205,0.2539,0.0,0,0,0,0,0,0,0,0,0,,,0,0,,,0,0,,,0,0,0,0,0,0,0,0,0,0,0,,,0,0,,,0,0,,,0,0,0,0,0,0,0,0,0,0,0,,,0,0,,,0,0,,,0,0,,,,False,False,False,False,False,REVIEW_INSUFFICIENT_DATA,ACTION_COLLECT_MORE_DATA_OR_MANUAL_REVIEW,review,REVIEW_SHORT_OBS_STALE_OR_VERY_STALE,,,REVIEW_SHORT_OBS_STALE_OR_VERY_STALE,high,観測期間<120日だがflat_tail>=60日（stale様）。優先的に追加観測。,75.1,17.4,"obs_days=75.9, n_samples=381, quality=QUALITY_SHORT_OBS -> insufficient/uncertain data",観測期間・サンプル数・カウンタ整合性のいずれかが不足しており信頼できる判定ができません。review_priorityに従い追加データ収集または手動レビューを行ってください。,v2.0-final,v2.0-final,v2.0-final,0.0,,,,,0.0,-1.0,n/a,ThinkPad X1 Yoga Gen 7,Celxpert,5B10W13974,2026-06-03T16:38:27
PF3MC0GA_TP-Telemetry,669,2024-07-26 12:28:36,2024-12-13 19:05:55,140.28,0.5,19.693,69,21,0,0,0,0,1,QUALITY_OK,58960.0,58960.0,58960.0,58960.0,1,0,0,0,2024-07-26 12:28:36,140.3,0.0,3.0,4.0,1.0,2.6,0.0,0,0,0.0,103.35,False,False,140.3,1.0,2.6,75.0,100.0,25.0,0.9713,0.086,0.0,0,0,0,0,0,0,0,0,0,,,0,0,,,0,0,,,0,0,0,0,0,0,0,0,0,0,0,,,0,0,,,0,0,,,0,0,0,0,0,0,0,0,0,0,0,,,0,0,,,0,0,,,0,0,,,,True,False,False,False,True,ACTIONABLE_GAUGE_RESET_INSUFFICIENT_LEARNING_OPPORTUNITY,ACTION_GAUGE_RESET,high,GAUGE_HIGH_NO_OPPORTUNITY,NO_OPPORTUNITY_AC_BOUND;NO_OPPORTUNITY_LOW_CYCLING;NO_OPPORTUNITY_SHALLOW_RANGE,,,,,92.3,33.6,"flat_tail=140.3d, fcc_changes=0, tail_cyc=1.0, tail_ok[90/80]=0/0, unresp_complete[90/80]=0/0, large_gap[90/80]=0/0, ac=0.97, min_rsoc=75.0 -> insufficient learning opportunity",FCC/SoHが長期間更新されておらず、ログ上は深い放電→再充電の学習機会が十分に確認できません（OK品質の機会が無く、large-gapを含めても判定可能な機会がない）。安全な環境でOEM推奨のバッテリーゲージリセット/キャリブレーションを実施し、その後72h〜7日間のテレメトリでFCC更新有無を確認してください。,v2.0-final,v2.0-final,v2.0-final,0.0,,,,,0.0,0.0,AC_BOUND+SHALLOW_RANGE+LOW_CYCLING,ThinkPad X1 Carbon Gen 10,SMP,5B10W13973,2026-06-03T16:38:27
PF3MDFBG_TP-Telemetry,327,2024-11-19 14:41:18,2025-01-14 09:39:08,55.79,0.5,17.198,28,6,0,0,0,0,1,QUALITY_SHORT_OBS,56990.0,56990.0,56990.0,56990.0,1,0,0,0,2024-11-19 14:41:18,55.8,0.0,21.0,21.0,0.0,0.0,0.0,0,0,0.0,99.98,True,False,55.8,0.0,0.0,62.0,100.0,38.0,0.9768,0.0215,0.0,0,0,0,0,0,0,0,0,0,,,0,0,,,0,0,,,0,0,0,0,0,0,0,0,0,0,0,,,0,0,,,0,0,,,0,0,0,0,0,0,0,0,0,0,0,,,0,0,,,0,0,,,0,0,,,,False,False,False,False,False,REVIEW_INSUFFICIENT_DATA,ACTION_COLLECT_MORE_DATA_OR_MANUAL_REVIEW,review,REVIEW_SHORT_OBS_ACTIVE_LIKE,,,REVIEW_SHORT_OBS_ACTIVE_LIKE,low,観測期間<120日でactive様（flat_tail<60）。経過観察で十分なことが多い。,73.8,14.3,"obs_days=55.8, n_samples=327, quality=QUALITY_SHORT_OBS -> insufficient/uncertain data",観測期間・サンプル数・カウンタ整合性のいずれかが不足しており信頼できる判定ができません。review_priorityに従い追加データ収集または手動レビューを行ってください。,v2.0-final,v2.0-final,v2.0-final,0.0,,,,,0.0,-1.0,n/a,ThinkPad X1 Yoga Gen 7,Sunwoda,5B10W13975,2026-06-03T16:38:27
PF3MDFJC_TP-Telemetry,1070,2024-07-24 10:49:27,2024-11-25 08:31:28,123.9,0.5,10.095,57,20,0,0,0,0,1,QUALITY_OK,58970.0,58970.0,58970.0,58970.0,1,0,0,0,2024-07-24 10:49:27,123.9,0.0,3.0,5.0,2.0,5.9,0.0,0,0,0.0,103.37,False,False,123.9,2.0,5.9,3.0,100.0,97.0,0.971,0.123,0.0014,0,0,0,0,0,0,0,0,0,,,0,0,,,0,0,,,0,0,0,0,0,0,0,0,0,0,0,,,0,0,,,0,0,,,0,0,0,0,0,0,0,0,0,0,0,,,0,0,,,0,0,,,0,0,,,,True,False,False,False,True,ACTIONABLE_GAUGE_RESET_INSUFFICIENT_LEARNING_OPPORTUNITY,ACTION_GAUGE_RESET,high,GAUGE_HIGH_NO_OPPORTUNITY,NO_OPPORTUNITY_AC_BOUND;NO_OPPORTUNITY_LOW_CYCLING,,,,,89.1,31.1,"flat_tail=123.9d, fcc_changes=0, tail_cyc=2.0, tail_ok[90/80]=0/0, unresp_complete[90/80]=0/0, large_gap[90/80]=0/0, ac=0.97, min_rsoc=3.0 -> insufficient learning opportunity",FCC/SoHが長期間更新されておらず、ログ上は深い放電→再充電の学習機会が十分に確認できません（OK品質の機会が無く、large-gapを含めても判定可能な機会がない）。安全な環境でOEM推奨のバッテリーゲージリセット/キャリブレーションを実施し、その後72h〜7日間のテレメトリでFCC更新有無を確認してください。,v2.0-final,v2.0-final,v2.0-final,0.0,,,,,0.0,1.0,MIXED,ThinkPad X1 Carbon Gen 10,SMP,5B10W13973,2026-06-03T16:38:27
PF3MDXHT_TP-Telemetry,694,2024-07-23 17:12:48,2024-11-11 14:21:34,110.88,0.5,16.464,45,17,0,0,0,0,1,QUALITY_SHORT_OBS,57050.0,51860.0,51860.0,57050.0,2,1,0,1,2024-07-30 13:23:47,104.0,0.902,3.0,4.0,1.0,3.29,100.0,1,1,9.1,90.9,False,False,104.0,1.0,3.51,68.0,100.0,32.0,0.9709,0.1051,0.0,0,0,0,0,0,0,0,0,0,,,0,0,,,0,0,,,0,0,0,0,0,0,0,0,0,0,0,,,0,0,,,0,0,,,0,0,0,0,0,0,0,0,0,0,0,,,0,0,,,0,0,,,0,0,,,,False,False,False,False,False,REVIEW_INSUFFICIENT_DATA,ACTION_COLLECT_MORE_DATA_OR_MANUAL_REVIEW,review,REVIEW_SHORT_OBS_STALE_OR_VERY_STALE,,,REVIEW_SHORT_OBS_STALE_OR_VERY_STALE,high,観測期間<120日だがflat_tail>=60日（stale様）。優先的に追加観測。,81.3,22.5,"obs_days=110.9, n_samples=694, quality=QUALITY_SHORT_OBS -> insufficient/uncertain data",観測期間・サンプル数・カウンタ整合性のいずれかが不足しており信頼できる判定ができません。review_priorityに従い追加データ収集または手動レビューを行ってください。,v2.0-final,v2.0-final,v2.0-final,0.0,,,,,0.0,-1.0,n/a,ThinkPad X1 Carbon Gen 10,SMP,5B10W13973,2026-06-03T16:38:27
PF3MF7LQ_TP-Telemetry,234,2024-11-19 14:33:25,2024-12-13 19:29:18,24.21,0.5,14.87,21,4,0,0,0,0,1,QUALITY_SHORT_OBS,58970.0,58960.0,58960.0,58970.0,2,1,0,1,2024-11-19 16:36:21,24.1,4.131,2.0,3.0,1.0,15.09,100.0,0,0,0.02,103.35,False,False,24.1,0.0,0.0,63.0,100.0,37.0,0.9472,0.0026,0.0,0,0,0,0,0,0,0,0,0,,,0,0,,,0,0,,,0,0,0,0,0,0,0,0,0,0,0,,,0,0,,,0,0,,,0,0,0,0,0,0,0,0,0,0,0,,,0,0,,,0,0,,,0,0,,,,False,False,False,False,False,REVIEW_INSUFFICIENT_DATA,ACTION_COLLECT_MORE_DATA_OR_MANUAL_REVIEW,review,REVIEW_SHORT_OBS_ACTIVE_LIKE,,,REVIEW_SHORT_OBS_ACTIVE_LIKE,low,観測期間<120日でactive様（flat_tail<60）。経過観察で十分なことが多い。,68.0,9.0,"obs_days=24.2, n_samples=234, quality=QUALITY_SHORT_OBS -> insufficient/uncertain data",観測期間・サンプル数・カウンタ整合性のいずれかが不足しており信頼できる判定ができません。review_priorityに従い追加データ収集または手動レビューを行ってください。,v2.0-final,v2.0-final,v2.0-final,0.0,,,,,0.0,-1.0,n/a,ThinkPad X1 Carbon Gen 10,SMP,5B10W13973,2026-06-03T16:38:27
PF3QE5N0_TP-Telemetry,270,2024-11-20 13:57:26,2024-12-16 18:22:45,26.18,0.5,12.399,21,5,0,0,0,0,1,QUALITY_SHORT_OBS,56990.0,56990.0,56990.0,56990.0,1,0,0,0,2024-11-20 13:57:26,26.2,0.0,8.0,11.0,3.0,41.85,0.0,0,0,0.0,99.98,True,False,26.2,3.0,41.85,2.0,100.0,98.0,0.9768,0.0156,0.0177,0,0,0,0,0,0,0,0,0,,,0,0,,,0,0,,,0,0,0,1,1,1,0,1,1,0,0,,,0,0,,,0,0,,,0,0,0,0,0,0,0,0,0,0,0,,,0,0,,,0,0,,,0,0,,,,False,False,False,False,False,REVIEW_INSUFFICIENT_DATA,ACTION_COLLECT_MORE_DATA_OR_MANUAL_REVIEW,review,REVIEW_SHORT_OBS_ACTIVE_LIKE,,,REVIEW_SHORT_OBS_ACTIVE_LIKE,low,観測期間<120日でactive様（flat_tail<60）。経過観察で十分なことが多い。,54.9,10.0,"obs_days=26.2, n_samples=270, quality=QUALITY_SHORT_OBS -> insufficient/uncertain data",観測期間・サンプル数・カウンタ整合性のいずれかが不足しており信頼できる判定ができません。review_priorityに従い追加データ収集または手動レビューを行ってください。,v2.0-final,v2.0-final,v2.0-final,0.0,,,,,0.0,-1.0,n/a,ThinkPad X1 Yoga Gen 7,Sunwoda,5B10W13975,2026-06-03T16:38:27
PF6299VT_LIP,2009,2026-02-17 02:29:15,2026-04-10 10:26:10,52.33,0.5,0.5,4,1,0,0,0,0,1,QUALITY_SHORT_OBS,59200.0,59170.0,59170.0,59200.0,4,3,0,3,2026-04-01 15:52:53,8.8,5.733,2.0,5.0,3.0,20.94,100.0,0,0,0.05,102.02,False,False,8.8,0.0,0.0,95.0,100.0,5.0,1.0,0.2707,0.0,0,0,0,0,0,0,0,0,0,,,0,0,,,0,0,,,0,0,0,0,0,0,0,0,0,0,0,,,0,0,,,0,0,,,0,0,0,0,0,0,0,0,0,0,0,,,0,0,,,0,0,,,0,0,,,,False,False,False,False,False,REVIEW_INSUFFICIENT_DATA,ACTION_COLLECT_MORE_DATA_OR_MANUAL_REVIEW,review,REVIEW_SHORT_OBS_ACTIVE_LIKE,,,REVIEW_SHORT_OBS_ACTIVE_LIKE,low,観測期間<120日でactive様（flat_tail<60）。経過観察で十分なことが多い。,66.5,6.5,"obs_days=52.3, n_samples=2009, quality=QUALITY_SHORT_OBS -> insufficient/uncertain data",観測期間・サンプル数・カウンタ整合性のいずれかが不足しており信頼できる判定ができません。review_priorityに従い追加データ収集または手動レビューを行ってください。,v2.0-final,v2.0-final,v2.0-final,0.0,,,,,0.0,-1.0,n/a,ThinkPad X1 2-in-1 Gen 11,SMP,5B11M90163,2026-06-03T16:38:27
PF62AGYW_LIP,4201,2026-02-16 21:01:27,2026-06-01 09:17:42,104.51,0.5,0.5,7,2,0,0,0,0,1,QUALITY_SHORT_OBS,59330.0,59200.0,59200.0,59330.0,12,11,0,11,2026-05-13 17:20:36,18.7,10.525,0.0,13.0,13.0,45.43,84.615,0,0,0.22,102.07,False,False,18.7,2.0,39.14,93.0,100.0,7.0,0.9935,0.6752,0.0,0,0,0,0,0,0,0,0,0,,,0,0,,,0,0,,,0,0,0,0,0,0,0,0,0,0,0,,,0,0,,,0,0,,,0,0,0,0,0,0,0,0,0,0,0,,,0,0,,,0,0,,,0,0,,,,False,False,False,False,False,REVIEW_INSUFFICIENT_DATA,ACTION_COLLECT_MORE_DATA_OR_MANUAL_REVIEW,review,REVIEW_SHORT_OBS_ACTIVE_LIKE,,,REVIEW_SHORT_OBS_ACTIVE_LIKE,low,観測期間<120日でactive様（flat_tail<60）。経過観察で十分なことが多い。,67.0,8.5,"obs_days=104.5, n_samples=4201, quality=QUALITY_SHORT_OBS -> insufficient/uncertain data",観測期間・サンプル数・カウンタ整合性のいずれかが不足しており信頼できる判定ができません。review_priorityに従い追加データ収集または手動レビューを行ってください。,v2.0-final,v2.0-final,v2.0-final,0.0,,,,,0.0,-1.0,n/a,ThinkPad X1 2-in-1 Gen 11,SMP,5B11M90163,2026-06-03T16:38:27
PF62AL6S_LIP,4165,2026-02-18 09:04:49,2026-06-01 09:17:20,103.01,0.5,0.5,6,2,0,0,0,0,1,QUALITY_SHORT_OBS,58110.0,58090.0,58090.0,58110.0,3,2,0,2,2026-04-19 16:54:17,42.7,1.942,1.0,4.0,3.0,10.64,66.667,0,0,0.03,100.16,False,False,42.7,1.0,8.56,83.0,100.0,17.0,0.9888,0.3196,0.0,0,0,0,0,0,0,0,0,0,,,0,0,,,0,0,,,0,0,0,0,0,0,0,0,0,0,0,,,0,0,,,0,0,,,0,0,0,0,0,0,0,0,0,0,0,,,0,0,,,0,0,,,0,0,,,,False,False,False,False,False,REVIEW_INSUFFICIENT_DATA,ACTION_COLLECT_MORE_DATA_OR_MANUAL_REVIEW,review,REVIEW_SHORT_OBS_ACTIVE_LIKE,,,REVIEW_SHORT_OBS_ACTIVE_LIKE,low,観測期間<120日でactive様（flat_tail<60）。経過観察で十分なことが多い。,71.4,12.3,"obs_days=103.0, n_samples=4165, quality=QUALITY_SHORT_OBS -> insufficient/uncertain data",観測期間・サンプル数・カウンタ整合性のいずれかが不足しており信頼できる判定ができません。review_priorityに従い追加データ収集または手動レビューを行ってください。,v2.0-final,v2.0-final,v2.0-final,0.0,,,,,0.0,-1.0,n/a,ThinkPad X1 2-in-1 Gen 11,COSMX,5B11M90162,2026-06-03T16:38:27
PF62APQP_LIP,2009,2026-02-17 02:35:08,2026-04-10 10:42:19,52.34,0.5,0.5,4,1,0,0,0,0,1,QUALITY_SHORT_OBS,58030.0,58030.0,58030.0,58030.0,1,0,0,0,2026-02-17 02:35:08,52.3,0.0,1.0,2.0,1.0,6.98,0.0,0,0,0.0,100.05,True,False,52.3,1.0,6.98,48.0,100.0,52.0,0.9928,0.2262,0.0,0,0,0,0,0,0,0,0,0,,,0,0,,,0,0,,,0,0,0,0,0,0,0,0,0,0,0,,,0,0,,,0,0,,,0,0,0,0,0,0,0,0,0,0,0,,,0,0,,,0,0,,,0,0,,,,False,False,False,False,False,REVIEW_INSUFFICIENT_DATA,ACTION_COLLECT_MORE_DATA_OR_MANUAL_REVIEW,review,REVIEW_SHORT_OBS_ACTIVE_LIKE,,,REVIEW_SHORT_OBS_ACTIVE_LIKE,low,観測期間<120日でactive様（flat_tail<60）。経過観察で十分なことが多い。,73.1,13.9,"obs_days=52.3, n_samples=2009, quality=QUALITY_SHORT_OBS -> insufficient/uncertain data",観測期間・サンプル数・カウンタ整合性のいずれかが不足しており信頼できる判定ができません。review_priorityに従い追加データ収集または手動レビューを行ってください。,v2.0-final,v2.0-final,v2.0-final,0.0,,,,,0.0,-1.0,n/a,ThinkPad X1 2-in-1 Gen 11,COSMX,5B11M90162,2026-06-03T16:38:27
PF62APRB_LIP,4168,2026-02-17 14:19:26,2026-06-01 09:17:09,103.79,0.5,0.5,7,2,0,0,0,0,1,QUALITY_SHORT_OBS,58030.0,56840.0,56840.0,58030.0,4,3,0,3,2026-05-23 04:00:13,9.2,2.89,1.0,3.0,2.0,7.04,150.0,2,2,2.05,98.0,False,False,9.2,0.0,0.0,95.0,100.0,5.0,1.0,0.7135,0.0,0,0,0,0,0,0,0,0,0,,,0,0,,,0,0,,,0,0,0,0,0,0,0,0,0,0,0,,,0,0,,,0,0,,,0,0,0,0,0,0,0,0,0,0,0,,,0,0,,,0,0,,,0,0,,,,False,False,False,False,False,REVIEW_INSUFFICIENT_DATA,ACTION_COLLECT_MORE_DATA_OR_MANUAL_REVIEW,review,REVIEW_SHORT_OBS_ACTIVE_LIKE,,,REVIEW_SHORT_OBS_ACTIVE_LIKE,low,観測期間<120日でactive様（flat_tail<60）。経過観察で十分なことが多い。,66.5,6.5,"obs_days=103.8, n_samples=4168, quality=QUALITY_SHORT_OBS -> insufficient/uncertain data",観測期間・サンプル数・カウンタ整合性のいずれかが不足しており信頼できる判定ができません。review_priorityに従い追加データ収集または手動レビューを行ってください。,v2.0-final,v2.0-final,v2.0-final,0.0,,,,,0.0,-1.0,n/a,ThinkPad X1 2-in-1 Gen 11,COSMX,5B11M90162,2026-06-03T16:38:27
PHAYES-PF4H9L6S_PHAYES,2423,2023-08-17 11:11:43,2024-02-08 14:13:41,175.13,0.5,7.716,150,19,0,0,0,0,1,QUALITY_OK,52500.0,54070.0,52500.0,54070.0,2,1,1,0,2023-08-28 23:02:03,163.6,0.571,0.0,40.0,40.0,83.42,2.5,1,1,2.99,102.99,False,False,163.6,40.0,89.29,19.0,100.0,81.0,0.8065,0.5679,0.0005,0,0,0,0,0,0,0,0,0,,,0,0,,,0,0,,,0,0,0,0,0,0,0,1,1,0,0,,,0,0,,,0,0,,,0,0,0,0,0,0,0,0,0,0,0,,,0,0,,,0,0,,,0,0,,,,False,False,False,False,False,NORMAL_OR_RESPONDING,ACTION_NONE,high,NOT_NO_LOW_CHANGE_CANDIDATE,,,,,,78.4,45.3,"flat_tail=163.6d, fcc_changes=1, tail_cyc=40.0, tail_ok[90/80]=0/0, unresp_complete[90/80]=0/0, large_gap[90/80]=0/0 -> FCC still updating / not a no-low-change candidate",,v2.0-final,v2.0-final,v2.0-final,0.0,,,,,0.0,-1.0,n/a,ThinkPad T14 Gen 4,LG,5B10W51863,2026-06-03T16:38:27
PHAYES-PF62TDKH_PHAYES,2685,2026-01-15 11:06:27,2026-05-28 15:20:03,133.18,0.5,3.67,98,13,0,0,0,0,1,QUALITY_OK,75010.0,74890.0,74890.0,75010.0,11,10,0,10,2026-05-25 18:08:02,2.9,7.509,1.0,13.0,12.0,32.91,83.333,0,0,0.16,99.85,False,False,2.9,0.0,0.0,82.0,100.0,18.0,0.7442,0.6918,0.0,0,0,0,0,0,0,0,0,0,,,0,0,,,0,0,,,0,0,0,0,0,0,0,2,2,0,0,,,0,0,,,0,0,,,0,0,0,0,0,0,0,2,2,0,0,,,0,0,,,0,0,,,0,0,,,,False,False,False,False,False,NORMAL_OR_RESPONDING,ACTION_NONE,high,NOT_NO_LOW_CHANGE_CANDIDATE,,,,,,65.4,10.5,"flat_tail=2.9d, fcc_changes=10, tail_cyc=0.0, tail_ok[90/80]=0/0, unresp_complete[90/80]=0/0, large_gap[90/80]=0/0 -> FCC still updating / not a no-low-change candidate",,v2.0-final,v2.0-final,v2.0-final,0.0,,,,,0.0,-1.0,n/a,ThinkPad T14 Gen 7,Celxpert,5B11M90174,2026-06-03T16:38:27
PHIL_pjjakes,2144,2025-01-15 14:18:33,2025-11-04 18:12:24,293.16,0.5,9.73,166,22,0,0,0,0,1,QUALITY_OK,59620.0,54970.0,52710.0,59620.0,80,84,3,81,2025-11-04 18:12:24,0.0,28.653,79.0,152.0,73.0,90.95,115.068,13,8,11.91,94.78,False,False,0.0,0.0,,99.0,99.0,0.0,,,,0,0,0,0,0,5,5,0,0,,,0,0,,,0,0,,,0,0,0,0,0,0,2,9,11,0,0,,1.0,0,0,,1.0,0,0,,1.0,0,0,0,0,0,0,1,6,7,0,0,,1.0,0,0,,1.0,0,0,,1.0,0,0,,,,False,False,False,False,False,NORMAL_OR_RESPONDING,ACTION_NONE,high,NOT_NO_LOW_CHANGE_CANDIDATE,,,,,,70.0,10.0,"flat_tail=0.0d, fcc_changes=84, tail_cyc=0.0, tail_ok[90/80]=0/0, unresp_complete[90/80]=0/0, large_gap[90/80]=0/0 -> FCC still updating / not a no-low-change candidate",,v2.0-final,v2.0-final,v2.0-final,0.0,,,,,0.0,-1.0,n/a,ThinkPad T14s Gen 6,SMP,LNV-5B11H56403,2026-06-03T16:38:27
PHIL_pweinstein,4844,2025-05-06 14:29:42,2026-05-26 14:31:14,385.0,0.5,8.746,293,57,0,0,0,0,1,QUALITY_OK,57000.0,50360.0,48980.0,58330.0,103,110,16,94,2026-05-26 14:01:14,0.0,28.571,0.0,84.0,84.0,79.69,130.952,31,30,16.4,88.35,False,False,0.0,0.0,0.0,100.0,100.0,0.0,1.0,1.0,0.0,0,0,0,0,0,10,10,0,0,,,0,0,,,0,0,,,0,0,0,0,0,0,0,24,24,0,0,,,0,0,,,0,0,,,0,0,0,0,0,0,0,15,15,0,0,,,0,0,,,0,0,,,0,0,,,,False,False,False,False,False,NORMAL_OR_RESPONDING,ACTION_NONE,high,NOT_NO_LOW_CHANGE_CANDIDATE,,,,,,70.0,10.0,"flat_tail=0.0d, fcc_changes=110, tail_cyc=0.0, tail_ok[90/80]=0/0, unresp_complete[90/80]=0/0, large_gap[90/80]=0/0 -> FCC still updating / not a no-low-change candidate",,v2.0-final,v2.0-final,v2.0-final,0.0,,,,,0.0,-1.0,n/a,ThinkPad T14 Gen 6,Sunwoda,5B11M90127,2026-06-03T16:38:27
PHOULBROOKE-DFV_phoulbrooke,923,2026-04-30 11:12:49,2026-05-29 18:33:47,29.31,0.5,0.546,12,2,0,0,0,0,1,QUALITY_SHORT_OBS,75150.0,75140.0,75140.0,75150.0,2,1,0,1,2026-05-12 08:04:57,17.4,3.412,1.0,2.0,1.0,12.46,100.0,0,0,0.01,100.19,False,False,17.4,0.0,0.0,94.0,100.0,6.0,0.9575,0.3713,0.0,0,0,0,0,0,0,0,0,0,,,0,0,,,0,0,,,0,0,0,0,0,0,0,0,0,0,0,,,0,0,,,0,0,,,0,0,0,0,0,0,0,0,0,0,0,,,0,0,,,0,0,,,0,0,,,,False,False,False,False,False,REVIEW_INSUFFICIENT_DATA,ACTION_COLLECT_MORE_DATA_OR_MANUAL_REVIEW,review,REVIEW_SHORT_OBS_ACTIVE_LIKE,,,REVIEW_SHORT_OBS_ACTIVE_LIKE,low,観測期間<120日でactive様（flat_tail<60）。経過観察で十分なことが多い。,67.0,7.9,"obs_days=29.3, n_samples=923, quality=QUALITY_SHORT_OBS -> insufficient/uncertain data",観測期間・サンプル数・カウンタ整合性のいずれかが不足しており信頼できる判定ができません。review_priorityに従い追加データ収集または手動レビューを行ってください。,v2.0-final,v2.0-final,v2.0-final,0.0,,,,,0.0,-1.0,n/a,ThinkPad P14s Gen 7 AMD,BYD,5B11M90171,2026-06-03T16:38:27
PHOVEY-PW0KPSPG_phovey,1527,2025-09-02 13:25:37,2026-04-29 13:24:21,239.0,0.5,12.243,115,24,0,0,0,0,1,QUALITY_OK,90400.0,87030.0,87030.0,91230.0,16,15,1,14,2026-04-23 10:15:59,6.1,6.276,2.0,14.0,12.0,18.34,125.0,3,3,4.67,96.7,False,False,6.1,0.0,0.0,61.0,100.0,39.0,1.0,0.646,0.0,0,0,0,0,0,2,2,0,0,,,0,0,,,0,0,,,0,0,0,0,0,0,0,2,2,0,0,,,0,0,,,0,0,,,0,0,0,0,0,0,0,2,2,0,0,,,0,0,,,0,0,,,0,0,,,,False,False,False,False,False,NORMAL_OR_RESPONDING,ACTION_NONE,high,NOT_NO_LOW_CHANGE_CANDIDATE,,,,,,71.0,11.0,"flat_tail=6.1d, fcc_changes=15, tail_cyc=0.0, tail_ok[90/80]=0/0, unresp_complete[90/80]=0/0, large_gap[90/80]=0/0 -> FCC still updating / not a no-low-change candidate",,v2.0-final,v2.0-final,v2.0-final,0.0,,,,,0.0,-1.0,n/a,ThinkPad T1g Gen 8,Sunwoda,5B11M37553,2026-06-03T16:38:27
PJJAKES-F3SKNHW_pjjakes,2142,2023-09-28 08:19:38,2024-03-06 13:36:57,160.22,0.5,7.046,122,11,0,0,0,0,1,QUALITY_OK,93980.0,94200.0,89570.0,94200.0,8,7,3,4,2024-03-04 07:23:08,2.3,4.369,1.0,54.0,53.0,120.82,13.208,7,7,5.14,104.56,False,False,2.3,2.0,323.29,37.0,100.0,63.0,0.365,0.2588,0.0,0,0,0,0,0,5,5,0,0,,,0,0,,,0,0,,,0,0,0,0,0,0,3,6,9,0,0,,0.3333,0,0,,0.3333,0,0,,1.0,0,0,0,0,0,0,1,5,6,0,0,,0.0,0,0,,0.0,0,0,,1.0,0,0,,,,False,False,False,False,False,NORMAL_OR_RESPONDING,ACTION_NONE,high,NOT_NO_LOW_CHANGE_CANDIDATE,,,,,,56.7,10.8,"flat_tail=2.3d, fcc_changes=7, tail_cyc=2.0, tail_ok[90/80]=0/0, unresp_complete[90/80]=0/0, large_gap[90/80]=0/0 -> FCC still updating / not a no-low-change candidate",,v2.0-final,v2.0-final,v2.0-final,0.0,,,,,0.0,-1.0,n/a,ThinkPad P16v Gen 1,SMP,5B11H56373,2026-06-03T16:38:27
PJJAKES-F4QW4SK_pjjakes,3454,2024-03-14 07:50:53,2026-03-31 12:56:50,747.21,0.5,4.615,158,21,0,0,0,0,1,QUALITY_OK,59460.0,48470.0,48020.0,60210.0,135,145,14,131,2026-03-18 17:31:47,12.8,19.406,1.0,120.0,119.0,58.17,121.849,42,41,21.38,84.99,False,False,12.8,0.0,0.0,63.0,76.0,13.0,0.8763,0.0,0.0,0,0,0,0,7,17,24,0,0,,1.0,0,0,,1.0,0,0,,1.0,0,0,0,0,0,0,16,24,40,0,0,,1.0,0,0,,1.0,0,0,,1.0,0,0,0,0,0,0,11,20,31,0,0,,1.0,0,0,,1.0,0,0,,1.0,0,0,,,,False,False,False,False,False,NORMAL_OR_RESPONDING,ACTION_NONE,high,NOT_NO_LOW_CHANGE_CANDIDATE,,,,,,69.7,12.1,"flat_tail=12.8d, fcc_changes=145, tail_cyc=0.0, tail_ok[90/80]=0/0, unresp_complete[90/80]=0/0, large_gap[90/80]=0/0 -> FCC still updating / not a no-low-change candidate",,v2.0-final,v2.0-final,v2.0-final,0.0,,,,,0.0,-1.0,n/a,ThinkPad X1 2-in-1 Gen 9,BYD,5B11H56386,2026-06-03T16:38:27
PJJAKES-F5B1GVP_pjjakes,267,2025-01-09 14:39:33,2025-02-18 11:31:58,39.87,0.5,12.718,22,7,0,0,0,0,1,QUALITY_SHORT_OBS,81080.0,81080.0,81080.0,81080.0,1,0,0,0,2025-01-09 14:39:33,39.9,0.0,2.0,11.0,9.0,82.45,0.0,0,0,0.0,101.35,True,False,39.9,9.0,82.45,27.0,100.0,73.0,0.3433,0.2115,0.0,0,0,0,0,0,0,0,0,0,,,0,0,,,0,0,,,0,0,0,0,0,0,0,0,0,0,0,,,0,0,,,0,0,,,0,0,0,0,0,0,0,0,0,0,0,,,0,0,,,0,0,,,0,0,,,,False,False,False,False,False,REVIEW_INSUFFICIENT_DATA,ACTION_COLLECT_MORE_DATA_OR_MANUAL_REVIEW,review,REVIEW_SHORT_OBS_ACTIVE_LIKE,,,REVIEW_SHORT_OBS_ACTIVE_LIKE,low,観測期間<120日でactive様（flat_tail<60）。経過観察で十分なことが多い。,54.0,13.4,"obs_days=39.9, n_samples=267, quality=QUALITY_SHORT_OBS -> insufficient/uncertain data",観測期間・サンプル数・カウンタ整合性のいずれかが不足しており信頼できる判定ができません。review_priorityに従い追加データ収集または手動レビューを行ってください。,v2.0-final,v2.0-final,v2.0-final,0.0,,,,,0.0,-1.0,n/a,ThinkPad X9-15 Gen 1,BYD,L24B4PE2,2026-06-03T16:38:27
PJJAKES-F5HTSDQ_pjjakes,2468,2025-05-27 13:12:32,2026-05-19 09:07:40,356.83,0.5,9.134,151,13,0,0,0,0,1,QUALITY_OK,58750.0,52730.0,52730.0,59640.0,115,123,13,110,2026-05-19 08:37:15,0.0,34.47,1.0,109.0,108.0,110.55,113.889,30,30,11.92,90.91,False,False,0.0,0.0,0.0,74.0,79.0,5.0,1.0,0.0,0.0,0,0,0,0,0,8,8,0,0,,,0,0,,,0,0,,,0,0,0,0,0,0,7,17,24,0,0,,1.0,0,0,,1.0,0,0,,1.0,0,0,0,0,0,0,3,13,16,0,0,,1.0,0,0,,1.0,0,0,,1.0,0,0,,,,False,False,False,False,False,NORMAL_OR_RESPONDING,ACTION_NONE,high,NOT_NO_LOW_CHANGE_CANDIDATE,,,,,,70.0,10.0,"flat_tail=0.0d, fcc_changes=123, tail_cyc=0.0, tail_ok[90/80]=0/0, unresp_complete[90/80]=0/0, large_gap[90/80]=0/0 -> FCC still updating / not a no-low-change candidate",,v2.0-final,v2.0-final,v2.0-final,0.0,,,,,0.0,-1.0,n/a,ThinkPad T14s 2-in-1 Gen 1,Celxpert,5B11M90106,2026-06-03T16:38:27
PJJAKES-F63ATFB_X1,543,2026-01-14 10:23:40,2026-02-17 16:35:14,34.26,0.5,9.763,37,0,0,0,0,0,1,QUALITY_SHORT_OBS,58030.0,57580.0,57580.0,58580.0,18,17,1,16,2026-02-17 09:01:22,0.3,49.621,2.0,25.0,23.0,245.21,73.913,4,3,1.72,99.28,False,False,0.3,0.0,0.0,45.0,100.0,55.0,0.384,0.1354,0.0,0,0,0,0,0,2,2,0,0,,,0,0,,,0,0,,,0,0,0,0,0,0,0,6,6,0,0,,,0,0,,,0,0,,,0,0,0,0,0,0,0,4,4,0,0,,,0,0,,,0,0,,,0,0,,,,False,False,False,False,False,REVIEW_INSUFFICIENT_DATA,ACTION_COLLECT_MORE_DATA_OR_MANUAL_REVIEW,review,REVIEW_SHORT_OBS_ACTIVE_LIKE,,,REVIEW_SHORT_OBS_ACTIVE_LIKE,low,観測期間<120日でactive様（flat_tail<60）。経過観察で十分なことが多い。,52.7,5.0,"obs_days=34.3, n_samples=543, quality=QUALITY_SHORT_OBS -> insufficient/uncertain data",観測期間・サンプル数・カウンタ整合性のいずれかが不足しており信頼できる判定ができません。review_priorityに従い追加データ収集または手動レビューを行ってください。,v2.0-final,v2.0-final,v2.0-final,0.0,,,,,0.0,-1.0,n/a,ThinkPad X1 Carbon Gen 14,ATL,5B11M90161,2026-06-03T16:38:27
PJJAKES-F63ATFB_pjjakes,342,2026-01-14 10:23:40,2026-02-04 13:43:40,21.14,0.5,9.632,22,0,0,0,0,0,1,QUALITY_SHORT_OBS,58030.0,58340.0,58020.0,58580.0,9,8,1,7,2026-02-04 08:18:23,0.2,37.843,2.0,17.0,15.0,259.17,53.333,2,2,0.97,100.59,False,False,0.2,0.0,0.0,63.0,100.0,37.0,0.258,0.0714,0.0,0,0,0,0,0,2,2,0,0,,,0,0,,,0,0,,,0,0,0,0,0,0,0,3,3,0,0,,,0,0,,,0,0,,,0,0,0,0,0,0,0,2,2,0,0,,,0,0,,,0,0,,,0,0,,,,False,False,False,False,False,REVIEW_INSUFFICIENT_DATA,ACTION_COLLECT_MORE_DATA_OR_MANUAL_REVIEW,review,REVIEW_SHORT_OBS_ACTIVE_LIKE,,,REVIEW_SHORT_OBS_ACTIVE_LIKE,low,観測期間<120日でactive様（flat_tail<60）。経過観察で十分なことが多い。,52.7,5.0,"obs_days=21.1, n_samples=342, quality=QUALITY_SHORT_OBS -> insufficient/uncertain data",観測期間・サンプル数・カウンタ整合性のいずれかが不足しており信頼できる判定ができません。review_priorityに従い追加データ収集または手動レビューを行ってください。,v2.0-final,v2.0-final,v2.0-final,0.0,,,,,0.0,-1.0,n/a,ThinkPad X1 Carbon Gen 14,ATL,5B11M90161,2026-06-03T16:38:27
PJJAKES-W0C7DHV_pjjakes,1711,2024-08-23 09:46:32,2024-11-21 16:18:24,90.27,0.5,7.685,98,3,0,0,0,0,1,QUALITY_SHORT_OBS,59930.0,59110.0,50000.0,63800.0,44,43,4,39,2024-11-20 13:12:01,1.1,47.635,3.0,54.0,51.0,206.36,84.314,9,6,23.79,101.91,False,False,1.1,1.0,323.39,49.0,100.0,51.0,0.4446,0.2824,0.0,0,0,0,0,0,1,1,0,0,,,0,0,,,0,0,,,0,0,0,0,0,0,0,3,3,0,0,,,0,0,,,0,0,,,0,0,0,0,0,0,0,3,3,0,0,,,0,0,,,0,0,,,0,0,,,,False,False,False,False,False,REVIEW_INSUFFICIENT_DATA,ACTION_COLLECT_MORE_DATA_OR_MANUAL_REVIEW,review,REVIEW_SHORT_OBS_ACTIVE_LIKE,,,REVIEW_SHORT_OBS_ACTIVE_LIKE,low,観測期間<120日でactive様（flat_tail<60）。経過観察で十分なことが多い。,53.6,5.4,"obs_days=90.3, n_samples=1711, quality=QUALITY_SHORT_OBS -> insufficient/uncertain data",観測期間・サンプル数・カウンタ整合性のいずれかが不足しており信頼できる判定ができません。review_priorityに従い追加データ収集または手動レビューを行ってください。,v2.0-final,v2.0-final,v2.0-final,0.0,,,,,0.0,-1.0,n/a,ThinkPad T14s Gen 6,SMP,LNV-5B11H56403,2026-06-03T16:38:27
PMCINNIS-09S0XG_pmcinnis,4743,2024-02-16 07:09:59,2025-09-15 15:32:38,577.35,0.5,3.152,160,29,0,0,0,0,1,QUALITY_OK,57000.0,52330.0,52330.0,57570.0,175,212,27,185,2025-06-17 23:47:37,89.7,36.719,1.0,176.0,175.0,110.71,121.143,53,52,9.19,91.81,False,False,89.7,0.0,0.0,26.0,99.0,73.0,0.7146,0.539,0.0,0,0,0,0,31,31,62,0,0,,1.0,0,0,,1.0,0,0,,1.0,0,0,0,0,0,0,79,34,113,0,0,,1.0,0,0,,1.0,0,0,,1.0,0,0,0,0,0,0,41,31,72,0,0,,1.0,0,0,,1.0,0,0,,1.0,0,0,,,,False,False,False,False,False,NORMAL_OR_RESPONDING,ACTION_NONE,high,NOT_NO_LOW_CHANGE_CANDIDATE,,,,,,79.2,25.0,"flat_tail=89.7d, fcc_changes=212, tail_cyc=0.0, tail_ok[90/80]=0/0, unresp_complete[90/80]=0/0, large_gap[90/80]=0/0 -> FCC still updating / not a no-low-change candidate",,v2.0-final,v2.0-final,v2.0-final,0.0,,,,,0.0,-1.0,n/a,ThinkPad L14 Gen 5,Sunwoda,5B11H56397,2026-06-03T16:38:27
PPOOJA-PW0C7CJW_ppooja,1029,2024-07-24 11:29:46,2024-11-11 07:57:20,109.85,0.5,9.676,110,17,0,0,0,0,1,QUALITY_SHORT_OBS,59940.0,60260.0,59420.0,63800.0,22,24,7,17,2024-11-07 20:24:35,3.5,21.848,1.0,34.0,33.0,109.72,72.727,20,12,7.55,103.9,False,False,3.5,0.0,0.0,18.0,100.0,82.0,0.3265,0.3265,0.0,0,0,0,0,3,6,9,0,0,,1.0,0,0,,1.0,0,0,,1.0,0,0,0,0,0,0,5,11,16,0,0,,0.8,0,0,,1.0,0,0,,1.0,0,0,0,0,0,0,4,8,12,0,0,,1.0,0,0,,1.0,0,0,,1.0,0,0,,,,False,False,False,False,False,REVIEW_INSUFFICIENT_DATA,ACTION_COLLECT_MORE_DATA_OR_MANUAL_REVIEW,review,REVIEW_SHORT_OBS_ACTIVE_LIKE,,,REVIEW_SHORT_OBS_ACTIVE_LIKE,low,観測期間<120日でactive様（flat_tail<60）。経過観察で十分なことが多い。,52.1,5.6,"obs_days=109.8, n_samples=1029, quality=QUALITY_SHORT_OBS -> insufficient/uncertain data",観測期間・サンプル数・カウンタ整合性のいずれかが不足しており信頼できる判定ができません。review_priorityに従い追加データ収集または手動レビューを行ってください。,v2.0-final,v2.0-final,v2.0-final,0.0,,,,,0.0,-1.0,n/a,ThinkPad T14s Gen 6,,,2026-06-03T16:38:27
PQM-AN1-BETA_hels,2336,2026-01-07 15:47:46,2026-05-20 17:20:30,133.06,0.479,8.823,125,12,0,0,0,0,1,QUALITY_OK,58210.0,58380.0,58020.0,59760.0,94,105,6,99,2026-05-20 15:23:17,0.1,78.912,1.0,101.0,100.0,274.5,105.0,10,10,3.0,100.66,False,False,0.1,0.0,0.0,29.0,62.0,33.0,0.1915,0.0,0.0,0,0,0,0,0,2,2,0,0,,,0,0,,,0,0,,,0,0,0,0,0,0,2,11,13,0,0,,1.0,0,0,,1.0,0,0,,1.0,0,0,0,0,0,0,0,5,5,0,0,,,0,0,,,0,0,,,0,0,,,,False,False,False,False,False,NORMAL_OR_RESPONDING,ACTION_NONE,high,NOT_NO_LOW_CHANGE_CANDIDATE,,,,,,59.0,10.0,"flat_tail=0.1d, fcc_changes=105, tail_cyc=0.0, tail_ok[90/80]=0/0, unresp_complete[90/80]=0/0, large_gap[90/80]=0/0 -> FCC still updating / not a no-low-change candidate",,v2.0-final,v2.0-final,v2.0-final,0.0,,,,,0.0,-1.0,n/a,ThinkPad X1 Carbon Gen 14,COSMX,5B11M90162,2026-06-03T16:38:27
PQM-BETA_frank,4388,2025-03-12 12:01:33,2026-05-12 15:44:17,426.15,0.5,11.474,285,77,0,2,0,0,1,QUALITY_COUNTER_RESET,57040.0,55560.0,54420.0,57040.0,91,101,7,94,2026-05-12 14:14:18,0.1,23.701,5.0,105.0,100.0,85.71,101.0,10,10,4.6,97.47,False,False,0.1,0.0,0.0,41.0,47.0,6.0,1.0,0.0,0.0,0,0,0,0,0,5,5,0,0,,,0,0,,,0,0,,,0,0,0,0,0,0,0,7,7,0,0,,,0,0,,,0,0,,,0,0,0,0,0,0,0,6,6,0,0,,,0,0,,,0,0,,,0,0,,,,False,False,False,False,False,REVIEW_INSUFFICIENT_DATA,ACTION_COLLECT_MORE_DATA_OR_MANUAL_REVIEW,review,REVIEW_COUNTER_RESET,,,REVIEW_COUNTER_RESET,high,cycleCountが減少（カウンタリセット/パック異常疑い）。生ログ確認が必要。,60.0,0.0,"obs_days=426.1, n_samples=4388, quality=QUALITY_COUNTER_RESET -> insufficient/uncertain data",観測期間・サンプル数・カウンタ整合性のいずれかが不足しており信頼できる判定ができません。review_priorityに従い追加データ収集または手動レビューを行ってください。,v2.0-final,v2.0-final,v2.0-final,0.0,,,,,0.0,-1.0,n/a,ThinkPad X1 2-in-1 Gen 10,Sunwoda,5B11M90099,2026-06-03T16:38:27
PQM-BETA_hels,5710,2025-12-08 15:10:12,2025-12-23 08:28:39,14.72,0.002,0.092,16,1,0,0,0,0,1,QUALITY_SHORT_OBS,58030.0,57960.0,57960.0,58030.0,7,6,0,6,2025-12-22 21:06:14,0.5,40.761,5.0,15.0,10.0,248.13,60.0,0,0,0.12,99.93,False,False,0.5,0.0,0.0,82.0,88.0,6.0,1.0,0.0,0.0,0,0,0,0,0,0,0,0,0,,,0,0,,,0,0,,,0,0,0,0,0,0,0,0,0,0,0,,,0,0,,,0,0,,,0,0,0,0,0,0,0,0,0,0,0,,,0,0,,,0,0,,,0,0,,,,False,False,False,False,False,REVIEW_INSUFFICIENT_DATA,ACTION_COLLECT_MORE_DATA_OR_MANUAL_REVIEW,review,REVIEW_SHORT_OBS_ACTIVE_LIKE,,,REVIEW_SHORT_OBS_ACTIVE_LIKE,low,観測期間<120日でactive様（flat_tail<60）。経過観察で十分なことが多い。,65.1,5.1,"obs_days=14.7, n_samples=5710, quality=QUALITY_SHORT_OBS -> insufficient/uncertain data",観測期間・サンプル数・カウンタ整合性のいずれかが不足しており信頼できる判定ができません。review_priorityに従い追加データ収集または手動レビューを行ってください。,v2.0-final,v2.0-final,v2.0-final,0.0,,,,,0.0,-1.0,n/a,ThinkPad X1 Carbon Gen 14,COSMX,5B11M90162,2026-06-03T16:38:27
PQM_tianx,387,2026-01-21 13:55:28,2026-03-20 16:53:31,58.12,0.5,16.039,34,12,0,0,0,0,1,QUALITY_SHORT_OBS,58030.0,59110.0,58030.0,59750.0,16,15,2,13,2026-03-18 11:25:04,2.2,25.809,2.0,13.0,11.0,69.13,136.364,4,4,2.97,101.91,False,False,2.2,0.0,0.0,85.0,100.0,15.0,0.5205,0.875,0.0,0,0,0,0,0,1,1,0,0,,,0,0,,,0,0,,,0,0,0,0,0,0,0,6,6,0,0,,,0,0,,,0,0,,,0,0,0,0,0,0,0,3,3,0,0,,,0,0,,,0,0,,,0,0,,,,False,False,False,False,False,REVIEW_INSUFFICIENT_DATA,ACTION_COLLECT_MORE_DATA_OR_MANUAL_REVIEW,review,REVIEW_SHORT_OBS_ACTIVE_LIKE,,,REVIEW_SHORT_OBS_ACTIVE_LIKE,low,観測期間<120日でactive様（flat_tail<60）。経過観察で十分なことが多い。,60.4,5.4,"obs_days=58.1, n_samples=387, quality=QUALITY_SHORT_OBS -> insufficient/uncertain data",観測期間・サンプル数・カウンタ整合性のいずれかが不足しており信頼できる判定ができません。review_priorityに従い追加データ収集または手動レビューを行ってください。,v2.0-final,v2.0-final,v2.0-final,0.0,,,,,0.0,-1.0,n/a,ThinkPad T14s Gen 7,ATL,5B11M90161,2026-06-03T16:38:27
PR2-SVT-M1_MARUICHIT,422,2023-08-07 14:53:43,2023-12-13 09:10:12,127.76,0.5,11.999,32,12,0,0,0,0,1,QUALITY_OK,56990.0,56990.0,56990.0,56990.0,1,0,0,0,2023-08-07 14:53:43,127.8,0.0,9.0,11.0,2.0,5.72,0.0,0,0,0.0,99.98,True,False,127.8,2.0,5.72,76.0,100.0,24.0,0.9657,0.4117,0.0,0,0,0,0,0,0,0,0,0,,,0,0,,,0,0,,,0,0,0,0,0,0,0,0,0,0,0,,,0,0,,,0,0,,,0,0,0,0,0,0,0,0,0,0,0,,,0,0,,,0,0,,,0,0,,,,True,False,False,False,True,ACTIONABLE_GAUGE_RESET_INSUFFICIENT_LEARNING_OPPORTUNITY,ACTION_GAUGE_RESET,high,GAUGE_HIGH_NO_OPPORTUNITY,NO_OPPORTUNITY_AC_BOUND;NO_OPPORTUNITY_LOW_CYCLING;NO_OPPORTUNITY_SHALLOW_RANGE,,,,,89.6,31.7,"flat_tail=127.8d, fcc_changes=0, tail_cyc=2.0, tail_ok[90/80]=0/0, unresp_complete[90/80]=0/0, large_gap[90/80]=0/0, ac=0.97, min_rsoc=76.0 -> insufficient learning opportunity",FCC/SoHが長期間更新されておらず、ログ上は深い放電→再充電の学習機会が十分に確認できません（OK品質の機会が無く、large-gapを含めても判定可能な機会がない）。安全な環境でOEM推奨のバッテリーゲージリセット/キャリブレーションを実施し、その後72h〜7日間のテレメトリでFCC更新有無を確認してください。,v2.0-final,v2.0-final,v2.0-final,0.0,,,,,0.0,0.0,AC_BOUND+SHALLOW_RANGE+LOW_CYCLING,ThinkPad X1 Carbon Gen 10,Sunwoda,5B10W13975,2026-06-03T16:38:27
PRAMINENI-00010_pramineni,915,2025-07-07 11:08:44,2025-09-22 10:45:35,76.98,0.169,8.944,61,14,0,0,0,0,1,QUALITY_SHORT_OBS,90010.0,91620.0,89920.0,91620.0,8,7,1,6,2025-09-09 11:10:00,13.0,9.093,3.0,11.0,8.0,37.96,87.5,1,1,1.89,101.8,False,False,13.0,0.0,0.0,16.0,100.0,84.0,0.1107,0.2656,0.0,0,0,0,0,0,1,1,0,0,,,0,0,,,0,0,,,0,0,0,0,0,0,0,3,3,0,0,,,0,0,,,0,0,,,0,0,0,0,0,0,0,1,1,0,0,,,0,0,,,0,0,,,0,0,,,,False,False,False,False,False,REVIEW_INSUFFICIENT_DATA,ACTION_COLLECT_MORE_DATA_OR_MANUAL_REVIEW,review,REVIEW_SHORT_OBS_ACTIVE_LIKE,,,REVIEW_SHORT_OBS_ACTIVE_LIKE,low,観測期間<120日でactive様（flat_tail<60）。経過観察で十分なことが多い。,49.4,7.2,"obs_days=77.0, n_samples=915, quality=QUALITY_SHORT_OBS -> insufficient/uncertain data",観測期間・サンプル数・カウンタ整合性のいずれかが不足しており信頼できる判定ができません。review_priorityに従い追加データ収集または手動レビューを行ってください。,v2.0-final,v2.0-final,v2.0-final,0.0,,,,,0.0,-1.0,n/a,ThinkPad T1g Gen 8,Celxpert,5B11M37552,2026-06-03T16:38:27
PRIMUS_tscott2,4876,2023-03-16 15:15:16,2024-04-16 11:08:40,396.83,0.5,9.806,276,60,0,0,0,0,1,QUALITY_OK,58990.0,47440.0,47440.0,58990.0,8,7,0,7,2024-03-25 22:43:56,21.5,1.764,3.0,124.0,121.0,111.37,5.785,7,7,20.24,83.16,False,False,21.5,8.0,135.8,4.0,100.0,96.0,0.4825,0.37,0.0333,0,0,0,0,0,2,2,0,0,,,0,0,,,0,0,,,0,0,1,3,4,4,6,33,39,1,0,0.0,0.1667,1,0,0.0,0.1667,1,0,0.0,0.3333,1,0,0,0,0,0,0,9,9,0,0,,,0,0,,,0,0,,,0,0,0.0,0.0,0.0,False,False,False,False,False,NORMAL_OR_RESPONDING,ACTION_NONE,high,NOT_NO_LOW_CHANGE_CANDIDATE,,,,,,39.2,41.2,"flat_tail=21.5d, fcc_changes=7, tail_cyc=8.0, tail_ok[90/80]=0/1, unresp_complete[90/80]=0/1, large_gap[90/80]=0/3 -> FCC still updating / not a no-low-change candidate",,v2.0-final,v2.0-final,v2.0-final,1.0,0.064,0.0,-0.064,-0.262,18.8,-1.0,n/a,ThinkPad X1 Carbon Gen 11,SMP,5B10W13973,2026-06-03T16:38:27
PSCHMIDT1-00044_pschmidt1,349,2026-05-05 15:20:50,2026-05-21 08:49:13,15.73,0.446,4.094,16,2,0,0,0,0,1,QUALITY_SHORT_OBS,90010.0,89980.0,89980.0,90010.0,3,2,0,2,2026-05-18 08:51:11,3.0,12.715,4.0,6.0,2.0,46.44,100.0,0,0,0.03,99.98,False,False,3.0,0.0,0.0,90.0,100.0,10.0,0.6613,0.6095,0.0,0,0,0,0,0,0,0,0,0,,,0,0,,,0,0,,,0,0,0,0,0,0,0,0,0,0,0,,,0,0,,,0,0,,,0,0,0,0,0,0,0,0,0,0,0,,,0,0,,,0,0,,,0,0,,,,False,False,False,False,False,REVIEW_INSUFFICIENT_DATA,ACTION_COLLECT_MORE_DATA_OR_MANUAL_REVIEW,review,REVIEW_SHORT_OBS_ACTIVE_LIKE,,,REVIEW_SHORT_OBS_ACTIVE_LIKE,low,観測期間<120日でactive様（flat_tail<60）。経過観察で十分なことが多い。,62.2,5.5,"obs_days=15.7, n_samples=349, quality=QUALITY_SHORT_OBS -> insufficient/uncertain data",観測期間・サンプル数・カウンタ整合性のいずれかが不足しており信頼できる判定ができません。review_priorityに従い追加データ収集または手動レビューを行ってください。,v2.0-final,v2.0-final,v2.0-final,0.0,,,,,0.0,-1.0,n/a,ThinkPad P1 Gen 9,COSMX,5B11M90164,2026-06-03T16:38:27
PW05SGBF_LIP-Telemetry,649,2025-03-07 10:41:00,2025-04-25 14:45:36,49.17,0.5,5.609,30,8,0,0,0,0,1,QUALITY_SHORT_OBS,90010.0,90010.0,90010.0,90010.0,1,0,0,0,2025-03-07 10:41:00,49.2,0.0,3.0,3.0,0.0,0.0,0.0,0,0,0.0,100.0,True,False,49.2,0.0,0.0,64.0,84.0,20.0,0.9819,0.0,0.0,0,0,0,0,0,0,0,0,0,,,0,0,,,0,0,,,0,0,0,0,0,0,0,0,0,0,0,,,0,0,,,0,0,,,0,0,0,0,0,0,0,0,0,0,0,,,0,0,,,0,0,,,0,0,,,,False,False,False,False,False,REVIEW_INSUFFICIENT_DATA,ACTION_COLLECT_MORE_DATA_OR_MANUAL_REVIEW,review,REVIEW_SHORT_OBS_ACTIVE_LIKE,,,REVIEW_SHORT_OBS_ACTIVE_LIKE,low,観測期間<120日でactive様（flat_tail<60）。経過観察で十分なことが多い。,72.8,13.2,"obs_days=49.2, n_samples=649, quality=QUALITY_SHORT_OBS -> insufficient/uncertain data",観測期間・サンプル数・カウンタ整合性のいずれかが不足しており信頼できる判定ができません。review_priorityに従い追加データ収集または手動レビューを行ってください。,v2.0-final,v2.0-final,v2.0-final,0.0,,,,,0.0,-1.0,n/a,ThinkPad P1 Gen 6,Sunwoda,5B11K07737,2026-06-03T16:38:27
PW05SGBG_LIP-Telemetry,680,2025-03-07 13:46:30,2025-04-25 14:45:59,49.04,0.5,3.433,26,8,0,0,0,0,1,QUALITY_SHORT_OBS,90010.0,90010.0,90010.0,90010.0,1,0,0,0,2025-03-07 13:46:30,49.0,0.0,3.0,3.0,0.0,0.0,0.0,0,0,0.0,100.0,True,False,49.0,0.0,0.0,69.0,83.0,14.0,0.9757,0.0,0.0,0,0,0,0,0,0,0,0,0,,,0,0,,,0,0,,,0,0,0,0,0,0,0,0,0,0,0,,,0,0,,,0,0,,,0,0,0,0,0,0,0,0,0,0,0,,,0,0,,,0,0,,,0,0,,,,False,False,False,False,False,REVIEW_INSUFFICIENT_DATA,ACTION_COLLECT_MORE_DATA_OR_MANUAL_REVIEW,review,REVIEW_SHORT_OBS_ACTIVE_LIKE,,,REVIEW_SHORT_OBS_ACTIVE_LIKE,low,観測期間<120日でactive様（flat_tail<60）。経過観察で十分なことが多い。,72.7,13.2,"obs_days=49.0, n_samples=680, quality=QUALITY_SHORT_OBS -> insufficient/uncertain data",観測期間・サンプル数・カウンタ整合性のいずれかが不足しており信頼できる判定ができません。review_priorityに従い追加データ収集または手動レビューを行ってください。,v2.0-final,v2.0-final,v2.0-final,0.0,,,,,0.0,-1.0,n/a,ThinkPad P1 Gen 6,Sunwoda,5B11K07737,2026-06-03T16:38:27
PW06AQ17_LIP-Telemetry,762,2025-03-07 11:31:51,2025-04-27 22:05:00,51.44,0.5,5.184,33,9,0,0,0,0,1,QUALITY_SHORT_OBS,99880.0,99880.0,99880.0,99880.0,1,0,0,0,2025-03-07 11:31:51,51.4,0.0,2.0,3.0,1.0,7.1,0.0,0,0,0.0,110.87,False,False,51.4,1.0,7.1,69.0,88.0,19.0,0.8011,0.0,0.0,0,0,0,0,0,0,0,0,0,,,0,0,,,0,0,,,0,0,0,0,0,0,0,0,0,0,0,,,0,0,,,0,0,,,0,0,0,0,0,0,0,0,0,0,0,,,0,0,,,0,0,,,0,0,,,,False,False,False,False,False,REVIEW_INSUFFICIENT_DATA,ACTION_COLLECT_MORE_DATA_OR_MANUAL_REVIEW,review,REVIEW_SHORT_OBS_ACTIVE_LIKE,,,REVIEW_SHORT_OBS_ACTIVE_LIKE,low,観測期間<120日でactive様（flat_tail<60）。経過観察で十分なことが多い。,69.1,13.8,"obs_days=51.4, n_samples=762, quality=QUALITY_SHORT_OBS -> insufficient/uncertain data",観測期間・サンプル数・カウンタ整合性のいずれかが不足しており信頼できる判定ができません。review_priorityに従い追加データ収集または手動レビューを行ってください。,v2.0-final,v2.0-final,v2.0-final,0.0,,,,,0.0,-1.0,n/a,ThinkPad P1 Gen 6,SMP,5B11K07736,2026-06-03T16:38:27
PW06AQ1F_LIP-Telemetry,857,2025-02-27 17:28:16,2025-04-24 16:54:17,55.98,0.5,5.017,41,9,0,0,0,0,1,QUALITY_SHORT_OBS,95430.0,95430.0,95430.0,95430.0,1,0,0,0,2025-02-27 17:28:16,56.0,0.0,2.0,3.0,1.0,6.52,0.0,0,0,0.0,105.93,False,False,56.0,1.0,6.53,50.0,86.0,36.0,0.9714,0.0,0.0,0,0,0,0,0,0,0,0,0,,,0,0,,,0,0,,,0,0,0,0,0,0,0,0,0,0,0,,,0,0,,,0,0,,,0,0,0,0,0,0,0,0,0,0,0,,,0,0,,,0,0,,,0,0,,,,False,False,False,False,False,REVIEW_INSUFFICIENT_DATA,ACTION_COLLECT_MORE_DATA_OR_MANUAL_REVIEW,review,REVIEW_SHORT_OBS_ACTIVE_LIKE,,,REVIEW_SHORT_OBS_ACTIVE_LIKE,low,観測期間<120日でactive様（flat_tail<60）。経過観察で十分なことが多い。,73.3,14.5,"obs_days=56.0, n_samples=857, quality=QUALITY_SHORT_OBS -> insufficient/uncertain data",観測期間・サンプル数・カウンタ整合性のいずれかが不足しており信頼できる判定ができません。review_priorityに従い追加データ収集または手動レビューを行ってください。,v2.0-final,v2.0-final,v2.0-final,0.0,,,,,0.0,-1.0,n/a,ThinkPad P1 Gen 6,SMP,5B11K07736,2026-06-03T16:38:27
PW0KZBL0_LIP,372,2026-05-12 10:42:00,2026-05-25 09:55:53,12.97,0.5,0.5,3,1,0,0,0,0,1,QUALITY_SHORT_OBS,90010.0,90010.0,90010.0,90010.0,1,0,0,0,2026-05-12 10:42:00,13.0,0.0,1.0,2.0,1.0,28.16,0.0,0,0,0.0,100.01,True,False,13.0,1.0,28.17,95.0,100.0,5.0,1.0,0.7589,0.0,0,0,0,0,0,0,0,0,0,,,0,0,,,0,0,,,0,0,0,0,0,0,0,0,0,0,0,,,0,0,,,0,0,,,0,0,0,0,0,0,0,0,0,0,0,,,0,0,,,0,0,,,0,0,,,,False,False,False,False,False,REVIEW_INSUFFICIENT_DATA,ACTION_COLLECT_MORE_DATA_OR_MANUAL_REVIEW,review,REVIEW_SHORT_OBS_ACTIVE_LIKE,,,REVIEW_SHORT_OBS_ACTIVE_LIKE,low,観測期間<120日でactive様（flat_tail<60）。経過観察で十分なことが多い。,66.7,7.4,"obs_days=13.0, n_samples=372, quality=QUALITY_SHORT_OBS -> insufficient/uncertain data",観測期間・サンプル数・カウンタ整合性のいずれかが不足しており信頼できる判定ができません。review_priorityに従い追加データ収集または手動レビューを行ってください。,v2.0-final,v2.0-final,v2.0-final,0.0,,,,,0.0,-1.0,n/a,ThinkPad P1 Gen 8,Sunwoda,5B11M37553,2026-06-03T16:38:27
PW0KZBLW_LIP,389,2026-05-12 10:41:57,2026-05-25 09:11:09,12.94,0.5,0.5,3,1,0,0,0,0,1,QUALITY_SHORT_OBS,90010.0,90010.0,90010.0,90010.0,1,0,0,0,2026-05-12 10:41:57,12.9,0.0,1.0,1.0,0.0,0.0,0.0,0,0,0.0,100.01,True,False,12.9,0.0,0.0,91.0,100.0,9.0,0.9796,0.3907,0.0,0,0,0,0,0,0,0,0,0,,,0,0,,,0,0,,,0,0,0,0,0,0,0,0,0,0,0,,,0,0,,,0,0,,,0,0,0,0,0,0,0,0,0,0,0,,,0,0,,,0,0,,,0,0,,,,False,False,False,False,False,REVIEW_INSUFFICIENT_DATA,ACTION_COLLECT_MORE_DATA_OR_MANUAL_REVIEW,review,REVIEW_SHORT_OBS_ACTIVE_LIKE,,,REVIEW_SHORT_OBS_ACTIVE_LIKE,low,観測期間<120日でactive様（flat_tail<60）。経過観察で十分なことが多い。,66.7,7.2,"obs_days=12.9, n_samples=389, quality=QUALITY_SHORT_OBS -> insufficient/uncertain data",観測期間・サンプル数・カウンタ整合性のいずれかが不足しており信頼できる判定ができません。review_priorityに従い追加データ収集または手動レビューを行ってください。,v2.0-final,v2.0-final,v2.0-final,0.0,,,,,0.0,-1.0,n/a,ThinkPad P1 Gen 8,Sunwoda,5B11M37553,2026-06-03T16:38:27
PW0KZBMA_LIP,368,2026-05-12 13:57:30,2026-05-25 10:41:37,12.86,0.5,0.5,3,1,0,0,0,0,1,QUALITY_SHORT_OBS,93940.0,93940.0,93940.0,93940.0,1,0,0,0,2026-05-12 13:57:30,12.9,0.0,1.0,1.0,0.0,0.0,0.0,0,0,0.0,104.38,False,False,12.9,0.0,0.0,93.0,100.0,7.0,1.0,0.8505,0.0,0,0,0,0,0,0,0,0,0,,,0,0,,,0,0,,,0,0,0,0,0,0,0,0,0,0,0,,,0,0,,,0,0,,,0,0,0,0,0,0,0,0,0,0,0,,,0,0,,,0,0,,,0,0,,,,False,False,False,False,False,REVIEW_INSUFFICIENT_DATA,ACTION_COLLECT_MORE_DATA_OR_MANUAL_REVIEW,review,REVIEW_SHORT_OBS_ACTIVE_LIKE,,,REVIEW_SHORT_OBS_ACTIVE_LIKE,low,観測期間<120日でactive様（flat_tail<60）。経過観察で十分なことが多い。,67.2,7.2,"obs_days=12.9, n_samples=368, quality=QUALITY_SHORT_OBS -> insufficient/uncertain data",観測期間・サンプル数・カウンタ整合性のいずれかが不足しており信頼できる判定ができません。review_priorityに従い追加データ収集または手動レビューを行ってください。,v2.0-final,v2.0-final,v2.0-final,0.0,,,,,0.0,-1.0,n/a,ThinkPad P1 Gen 8,Celxpert,5B11M37552,2026-06-03T16:38:27
PW0KZBVB_LIP,370,2026-05-12 11:16:41,2026-05-25 10:27:01,12.97,0.5,0.5,3,1,0,0,0,0,1,QUALITY_SHORT_OBS,90010.0,90010.0,90010.0,90010.0,1,0,0,0,2026-05-12 11:16:41,13.0,0.0,1.0,2.0,1.0,28.16,0.0,0,0,0.0,100.01,True,False,13.0,1.0,28.17,83.0,100.0,17.0,0.9741,0.5722,0.0,0,0,0,0,0,0,0,0,0,,,0,0,,,0,0,,,0,0,0,0,0,0,0,0,0,0,0,,,0,0,,,0,0,,,0,0,0,0,0,0,0,0,0,0,0,,,0,0,,,0,0,,,0,0,,,,False,False,False,False,False,REVIEW_INSUFFICIENT_DATA,ACTION_COLLECT_MORE_DATA_OR_MANUAL_REVIEW,review,REVIEW_SHORT_OBS_ACTIVE_LIKE,,,REVIEW_SHORT_OBS_ACTIVE_LIKE,low,観測期間<120日でactive様（flat_tail<60）。経過観察で十分なことが多い。,66.1,7.4,"obs_days=13.0, n_samples=370, quality=QUALITY_SHORT_OBS -> insufficient/uncertain data",観測期間・サンプル数・カウンタ整合性のいずれかが不足しており信頼できる判定ができません。review_priorityに従い追加データ収集または手動レビューを行ってください。,v2.0-final,v2.0-final,v2.0-final,0.0,,,,,0.0,-1.0,n/a,ThinkPad P1 Gen 8,Sunwoda,5B11M37553,2026-06-03T16:38:27
QCOM-DCV40DDOIB_jowill,3759,2024-07-10 12:43:07,2024-10-29 08:27:49,110.82,0.5,0.5,44,6,0,0,0,0,1,QUALITY_SHORT_OBS,62390.0,59730.0,59730.0,62700.0,43,42,3,39,2024-10-29 08:27:49,0.0,37.899,2.0,25.0,23.0,75.81,182.609,10,9,5.12,102.98,False,False,0.0,0.0,,58.0,58.0,0.0,,,,0,0,0,0,0,3,3,0,0,,,0,0,,,0,0,,,0,0,0,0,0,0,0,3,3,0,0,,,0,0,,,0,0,,,0,0,0,0,0,0,0,3,3,0,0,,,0,0,,,0,0,,,0,0,,,,False,False,False,False,False,REVIEW_INSUFFICIENT_DATA,ACTION_COLLECT_MORE_DATA_OR_MANUAL_REVIEW,review,REVIEW_SHORT_OBS_ACTIVE_LIKE,,,REVIEW_SHORT_OBS_ACTIVE_LIKE,low,観測期間<120日でactive様（flat_tail<60）。経過観察で十分なことが多い。,65.0,5.0,"obs_days=110.8, n_samples=3759, quality=QUALITY_SHORT_OBS -> insufficient/uncertain data",観測期間・サンプル数・カウンタ整合性のいずれかが不足しており信頼できる判定ができません。review_priorityに従い追加データ収集または手動レビューを行ってください。,v2.0-final,v2.0-final,v2.0-final,0.0,,,,,0.0,-1.0,n/a,ThinkPad T14s Gen 6,SMP,LNV-5B11H56403,2026-06-03T16:38:27
QCOM-MDUXZELAOC_mikejp,3315,2024-07-22 09:36:09,2025-02-15 21:20:05,208.49,0.5,0.741,101,32,0,0,0,0,1,QUALITY_OK,59850.0,59180.0,58760.0,63800.0,69,72,7,65,2025-02-13 05:59:17,2.6,34.534,2.0,44.0,42.0,73.58,171.429,18,15,8.69,102.03,False,False,2.6,0.0,0.0,94.0,100.0,6.0,0.9786,0.854,0.0,0,0,0,0,0,13,13,0,0,,,0,0,,,0,0,,,0,0,0,0,0,0,0,13,13,0,0,,,0,0,,,0,0,,,0,0,0,0,0,0,0,13,13,0,0,,,0,0,,,0,0,,,0,0,,,,False,False,False,False,False,NORMAL_OR_RESPONDING,ACTION_NONE,high,NOT_NO_LOW_CHANGE_CANDIDATE,,,,,,70.0,10.4,"flat_tail=2.6d, fcc_changes=72, tail_cyc=0.0, tail_ok[90/80]=0/0, unresp_complete[90/80]=0/0, large_gap[90/80]=0/0 -> FCC still updating / not a no-low-change candidate",,v2.0-final,v2.0-final,v2.0-final,0.0,,,,,0.0,-1.0,n/a,ThinkPad T14s Gen 6,SMP,LNV-5B11H56403,2026-06-03T16:38:27
QCOM-YQK1OVIMJV_dereks,420,2024-07-10 10:45:42,2024-08-07 10:20:05,27.98,0.5,5.374,21,4,0,0,0,0,1,QUALITY_SHORT_OBS,59870.0,59770.0,59770.0,59870.0,10,9,0,9,2024-08-05 09:34:50,2.0,32.166,1.0,5.0,4.0,52.22,225.0,0,0,0.17,103.05,False,False,2.0,0.0,0.0,90.0,100.0,10.0,0.9542,0.7293,0.0,0,0,0,0,0,0,0,0,0,,,0,0,,,0,0,,,0,0,0,0,0,0,0,0,0,0,0,,,0,0,,,0,0,,,0,0,0,0,0,0,0,0,0,0,0,,,0,0,,,0,0,,,0,0,,,,False,False,False,False,False,REVIEW_INSUFFICIENT_DATA,ACTION_COLLECT_MORE_DATA_OR_MANUAL_REVIEW,review,REVIEW_SHORT_OBS_ACTIVE_LIKE,,,REVIEW_SHORT_OBS_ACTIVE_LIKE,low,観測期間<120日でactive様（flat_tail<60）。経過観察で十分なことが多い。,64.4,5.3,"obs_days=28.0, n_samples=420, quality=QUALITY_SHORT_OBS -> insufficient/uncertain data",観測期間・サンプル数・カウンタ整合性のいずれかが不足しており信頼できる判定ができません。review_priorityに従い追加データ収集または手動レビューを行ってください。,v2.0-final,v2.0-final,v2.0-final,0.0,,,,,0.0,-1.0,n/a,ThinkPad T14s Gen 6,SMP,LNV-5B11H56403,2026-06-03T16:38:27
RADACHI-F5AL4EK_radachi,1043,2026-02-11 20:33:49,2026-05-25 08:45:23,102.51,0.5,13.341,75,13,0,0,0,0,1,QUALITY_SHORT_OBS,59070.0,60050.0,59010.0,60140.0,20,23,4,19,2026-05-20 11:56:03,4.9,22.437,1.0,20.0,19.0,67.7,121.053,3,2,1.98,105.3,False,False,4.9,0.0,0.0,50.0,100.0,50.0,0.8114,0.8008,0.0,0,0,0,0,0,1,1,0,0,,,0,0,,,0,0,,,0,0,0,0,0,0,0,5,5,0,0,,,0,0,,,0,0,,,0,0,0,0,0,0,0,3,3,0,0,,,0,0,,,0,0,,,0,0,,,,False,False,False,False,False,REVIEW_INSUFFICIENT_DATA,ACTION_COLLECT_MORE_DATA_OR_MANUAL_REVIEW,review,REVIEW_SHORT_OBS_ACTIVE_LIKE,,,REVIEW_SHORT_OBS_ACTIVE_LIKE,low,観測期間<120日でactive様（flat_tail<60）。経過観察で十分なことが多い。,62.0,5.8,"obs_days=102.5, n_samples=1043, quality=QUALITY_SHORT_OBS -> insufficient/uncertain data",観測期間・サンプル数・カウンタ整合性のいずれかが不足しており信頼できる判定ができません。review_priorityに従い追加データ収集または手動レビューを行ってください。,v2.0-final,v2.0-final,v2.0-final,0.0,,,,,0.0,-1.0,n/a,ThinkPad X1 2-in-1 Gen 10,SMP,5B11M90097,2026-06-03T16:38:27
RANDERSON4-Q4VG_randerson4,4738,2025-05-13 14:46:19,2026-05-26 14:53:34,378.01,0.5,1.159,226,61,0,0,0,0,1,QUALITY_OK,85990.0,85780.0,85780.0,85990.0,14,13,0,13,2026-05-20 09:21:01,6.2,3.439,1.0,14.0,13.0,12.56,100.0,0,0,0.25,99.74,False,False,6.2,0.0,0.0,92.0,100.0,8.0,0.9221,0.3726,0.0,0,0,0,0,0,0,0,0,0,,,0,0,,,0,0,,,0,0,0,0,0,0,0,0,0,0,0,,,0,0,,,0,0,,,0,0,0,0,0,0,0,0,0,0,0,,,0,0,,,0,0,,,0,0,,,,False,False,False,False,False,NORMAL_OR_RESPONDING,ACTION_NONE,high,NOT_NO_LOW_CHANGE_CANDIDATE,,,,,,69.5,11.0,"flat_tail=6.2d, fcc_changes=13, tail_cyc=0.0, tail_ok[90/80]=0/0, unresp_complete[90/80]=0/0, large_gap[90/80]=0/0 -> FCC still updating / not a no-low-change candidate",,v2.0-final,v2.0-final,v2.0-final,0.0,,,,,0.0,-1.0,n/a,ThinkPad T16 Gen 4,Celxpert,5B11H56411,2026-06-03T16:38:27
RAY-X1-9_Ratan,18888,2023-02-08 09:01:35,2025-03-06 16:09:54,757.3,0.5,4.987,690,46,0,0,0,0,1,QUALITY_OK,49960.0,44620.0,44020.0,49960.0,8,8,3,5,2025-02-07 10:40:37,27.2,1.056,101.0,586.0,485.0,233.92,1.649,5,5,10.41,78.21,False,False,27.2,5.0,67.07,0.0,100.0,100.0,0.5633,0.5953,0.0448,1,0,1,1,28,40,68,1,0,0.0,0.1071,1,0,0.0,0.1429,1,0,0.0,0.1429,1,0,1,0,1,1,55,61,116,1,0,0.0,0.0545,1,0,0.0,0.0727,1,0,0.0,0.0909,1,0,1,0,1,1,39,51,90,1,0,0.0,0.0769,1,0,0.0,0.1026,1,0,0.0,0.1026,1,0,0.0,0.0,0.0,False,False,True,True,True,WATCH_LOW_UPDATE_RATE_AMBIGUOUS,ACTION_MONITOR_OR_MANUAL_REVIEW,low,WATCH_ACTIVE_LOW_CADENCE,,WATCH_ACTIVE_LOW_CADENCE,,,,46.6,50.5,"flat_tail=27.2d, fcc_changes=8, tail_cyc=5.0, tail_ok[90/80]=1/1, unresp_complete[90/80]=1/1, large_gap[90/80]=0/0 -> ambiguous (watch)",FCC更新率は低いが完全凍結ではない/学習機会がlarge-gapまたは打ち切りで確証が弱い/境界的のため、FW確認に回す前にモニタリングまたは手動レビューを推奨します。,v2.0-final,v2.0-final,v2.0-final,3.0,2.509,0.0,-2.509,-3.926,98.1,1.0,MIXED,ThinkPad X1 Carbon Gen 9,SMP,5B10W13973,2026-06-03T16:38:27
RBULLARD-4S7F11_rbullard,2703,2024-01-30 12:08:18,2024-09-17 15:19:23,231.13,0.5,8.743,176,42,0,0,0,0,1,QUALITY_OK,39380.0,38810.0,38810.0,39380.0,17,16,0,16,2024-09-17 07:28:16,0.3,6.923,1.0,17.0,16.0,25.28,100.0,1,1,1.45,98.75,False,False,0.3,0.0,0.0,100.0,100.0,0.0,1.0,1.0,0.0,0,0,0,0,0,2,2,0,0,,,0,0,,,0,0,,,0,0,0,0,0,0,0,2,2,0,0,,,0,0,,,0,0,,,0,0,0,0,0,0,0,2,2,0,0,,,0,0,,,0,0,,,0,0,,,,False,False,False,False,False,NORMAL_OR_RESPONDING,ACTION_NONE,high,NOT_NO_LOW_CHANGE_CANDIDATE,,,,,,70.0,10.1,"flat_tail=0.3d, fcc_changes=16, tail_cyc=0.0, tail_ok[90/80]=0/0, unresp_complete[90/80]=0/0, large_gap[90/80]=0/0 -> FCC still updating / not a no-low-change candidate",,v2.0-final,v2.0-final,v2.0-final,0.0,,,,,0.0,-1.0,n/a,ThinkPad T14 Gen 5,Celxpert,5B11H56413,2026-06-03T16:38:27
RCLEMENTS-DS3BG_rclements,2058,2025-01-23 15:51:18,2025-06-26 09:48:39,153.75,0.5,9.977,137,22,0,0,0,0,1,QUALITY_OK,55130.0,53260.0,52780.0,55580.0,31,36,3,33,2025-06-26 09:18:39,0.0,23.415,2.0,35.0,33.0,78.4,109.091,6,5,5.08,96.66,False,False,0.0,0.0,0.0,95.0,100.0,5.0,1.0,0.0,0.0,0,0,0,0,0,2,2,0,0,,,0,0,,,0,0,,,0,0,0,0,0,0,0,4,4,0,0,,,0,0,,,0,0,,,0,0,0,0,0,0,0,3,3,0,0,,,0,0,,,0,0,,,0,0,,,,False,False,False,False,False,NORMAL_OR_RESPONDING,ACTION_NONE,high,NOT_NO_LOW_CHANGE_CANDIDATE,,,,,,70.0,10.0,"flat_tail=0.0d, fcc_changes=36, tail_cyc=0.0, tail_ok[90/80]=0/0, unresp_complete[90/80]=0/0, large_gap[90/80]=0/0 -> FCC still updating / not a no-low-change candidate",,v2.0-final,v2.0-final,v2.0-final,0.0,,,,,0.0,-1.0,n/a,ThinkPad X9-14 Gen 1,BYD,LNV-5B11M90101@,2026-06-03T16:38:27
RDONAHUE-0A2BYP_rdonahue,7399,2024-03-20 08:11:20,2025-07-23 19:27:01,490.47,0.5,4.335,340,69,0,0,0,0,1,QUALITY_OK,57930.0,45400.0,45400.0,57930.0,141,147,5,142,2025-07-22 09:07:00,1.4,29.971,2.0,136.0,134.0,99.79,109.701,15,15,21.92,79.41,False,False,1.4,0.0,0.0,45.0,100.0,55.0,0.5295,0.3626,0.0,0,0,0,0,1,8,9,0,0,,1.0,0,0,,1.0,0,0,,1.0,0,0,0,0,0,0,3,28,31,0,0,,1.0,0,0,,1.0,0,0,,1.0,0,0,0,0,0,0,1,12,13,0,0,,1.0,0,0,,1.0,0,0,,1.0,0,0,,,,False,False,False,False,False,NORMAL_OR_RESPONDING,ACTION_NONE,high,NOT_NO_LOW_CHANGE_CANDIDATE,,,,,,60.8,10.2,"flat_tail=1.4d, fcc_changes=147, tail_cyc=0.0, tail_ok[90/80]=0/0, unresp_complete[90/80]=0/0, large_gap[90/80]=0/0 -> FCC still updating / not a no-low-change candidate",,v2.0-final,v2.0-final,v2.0-final,0.0,,,,,0.0,-1.0,n/a,ThinkPad L16 Gen 1,SMP,5B11H56396,2026-06-03T16:38:27
RLOTRINIA-A7W6D_rlotrinia,9172,2023-02-03 11:08:17,2025-09-17 10:41:49,956.98,0.5,13.219,499,136,0,1,0,0,1,QUALITY_COUNTER_RESET,53330.0,46390.0,46340.0,53770.0,43,47,21,26,2025-08-11 12:15:16,36.9,4.911,0.0,105.0,105.0,40.08,44.762,34,24,14.73,91.95,False,False,36.9,0.0,0.0,1.0,28.0,27.0,0.1733,0.0,1.0,0,0,0,0,0,3,3,0,0,,,0,0,,,0,0,,,0,0,0,0,0,0,0,6,6,0,0,,,0,0,,,0,0,,,0,0,0,0,0,0,0,4,4,0,0,,,0,0,,,0,0,,,0,0,,,,False,False,False,False,False,REVIEW_INSUFFICIENT_DATA,ACTION_COLLECT_MORE_DATA_OR_MANUAL_REVIEW,review,REVIEW_COUNTER_RESET,,,REVIEW_COUNTER_RESET,high,cycleCountが減少（カウンタリセット/パック異常疑い）。生ログ確認が必要。,57.1,6.1,"obs_days=957.0, n_samples=9172, quality=QUALITY_COUNTER_RESET -> insufficient/uncertain data",観測期間・サンプル数・カウンタ整合性のいずれかが不足しており信頼できる判定ができません。review_priorityに従い追加データ収集または手動レビューを行ってください。,v2.0-final,v2.0-final,v2.0-final,0.0,,,,,0.0,-1.0,n/a,ThinkPad T14 Gen 2i,SMP,5B10W51827,2026-06-03T16:38:27
RMCCARTHY2-0063_rmccarthy2,2564,2025-03-20 11:15:02,2026-01-02 09:30:19,287.93,0.5,16.152,268,51,0,0,0,0,1,QUALITY_OK,55660.0,53290.0,53290.0,55660.0,46,45,1,44,2025-12-29 10:37:14,4.0,15.629,1.0,43.0,42.0,53.28,107.143,3,3,4.33,97.33,False,False,4.0,0.0,0.0,23.0,100.0,77.0,0.3087,0.3446,0.0,0,0,0,0,0,4,4,0,0,,,0,0,,,0,0,,,0,0,0,0,0,0,0,4,4,0,0,,,0,0,,,0,0,,,0,0,0,0,0,0,0,4,4,0,0,,,0,0,,,0,0,,,0,0,,,,False,False,False,False,False,NORMAL_OR_RESPONDING,ACTION_NONE,high,NOT_NO_LOW_CHANGE_CANDIDATE,,,,,,56.8,10.7,"flat_tail=4.0d, fcc_changes=45, tail_cyc=0.0, tail_ok[90/80]=0/0, unresp_complete[90/80]=0/0, large_gap[90/80]=0/0 -> FCC still updating / not a no-low-change candidate",,v2.0-final,v2.0-final,v2.0-final,0.0,,,,,0.0,-1.0,n/a,ThinkPad L13 2-in-1 Gen 6,SMP,5B11M90129,2026-06-03T16:38:27
RMCFADDEN1-S8MT_rmcfadden1,13961,2025-05-12 15:23:00,2026-04-16 11:56:47,338.86,0.5,0.5,85,9,0,0,0,0,1,QUALITY_OK,57040.0,47400.0,47400.0,57290.0,149,153,7,146,2026-04-16 11:26:47,0.0,45.151,2.0,147.0,145.0,156.29,105.517,15,15,17.35,83.16,False,False,0.0,0.0,0.0,59.0,80.0,21.0,1.0,0.0,0.0,0,0,0,0,0,5,5,0,0,,,0,0,,,0,0,,,0,0,0,0,0,0,2,8,10,0,0,,1.0,0,0,,1.0,0,0,,1.0,0,0,0,0,0,0,1,5,6,0,0,,1.0,0,0,,1.0,0,0,,1.0,0,0,,,,False,False,False,False,False,NORMAL_OR_RESPONDING,ACTION_NONE,high,NOT_NO_LOW_CHANGE_CANDIDATE,,,,,,70.0,10.0,"flat_tail=0.0d, fcc_changes=153, tail_cyc=0.0, tail_ok[90/80]=0/0, unresp_complete[90/80]=0/0, large_gap[90/80]=0/0 -> FCC still updating / not a no-low-change candidate",,v2.0-final,v2.0-final,v2.0-final,0.0,,,,,0.0,-1.0,n/a,ThinkPad X1 Carbon Gen 13,,,2026-06-03T16:38:27
ROBBIET-F67BA37_robbiet,252,2026-04-20 15:50:46,2026-05-27 11:45:55,36.83,0.5,19.083,38,7,0,0,0,0,1,QUALITY_SHORT_OBS,58020.0,59070.0,57970.0,59100.0,11,10,2,8,2026-05-20 11:59:06,7.0,27.152,1.0,10.0,9.0,89.25,111.111,2,2,1.95,101.84,False,False,7.0,0.0,0.0,37.0,100.0,63.0,0.2546,0.2921,0.0,0,0,0,0,0,0,0,0,0,,,0,0,,,0,0,,,0,0,0,0,0,0,0,1,1,0,0,,,0,0,,,0,0,,,0,0,0,0,0,0,0,1,1,0,0,,,0,0,,,0,0,,,0,0,,,,False,False,False,False,False,REVIEW_INSUFFICIENT_DATA,ACTION_COLLECT_MORE_DATA_OR_MANUAL_REVIEW,review,REVIEW_SHORT_OBS_ACTIVE_LIKE,,,REVIEW_SHORT_OBS_ACTIVE_LIKE,low,観測期間<120日でactive様（flat_tail<60）。経過観察で十分なことが多い。,51.3,6.2,"obs_days=36.8, n_samples=252, quality=QUALITY_SHORT_OBS -> insufficient/uncertain data",観測期間・サンプル数・カウンタ整合性のいずれかが不足しており信頼できる判定ができません。review_priorityに従い追加データ収集または手動レビューを行ってください。,v2.0-final,v2.0-final,v2.0-final,0.0,,,,,0.0,-1.0,n/a,ThinkPad T14s 2-in-1 Gen 2,Sunwoda,5B11M90160,2026-06-03T16:38:27
ROCK_yuqj1,426,2024-11-25 14:02:18,2024-12-25 10:05:50,29.84,0.5,9.821,29,3,0,0,0,0,1,QUALITY_SHORT_OBS,57390.0,57630.0,56790.0,57650.0,11,10,2,8,2024-12-25 08:55:08,0.0,33.512,2.0,9.0,7.0,85.68,142.857,4,4,1.51,101.05,False,False,0.0,0.0,0.0,95.0,100.0,5.0,0.8487,0.5757,0.0,0,0,0,0,0,3,3,0,0,,,0,0,,,0,0,,,0,0,0,0,0,0,0,3,3,0,0,,,0,0,,,0,0,,,0,0,0,0,0,0,0,3,3,0,0,,,0,0,,,0,0,,,0,0,,,,False,False,False,False,False,REVIEW_INSUFFICIENT_DATA,ACTION_COLLECT_MORE_DATA_OR_MANUAL_REVIEW,review,REVIEW_SHORT_OBS_ACTIVE_LIKE,,,REVIEW_SHORT_OBS_ACTIVE_LIKE,low,観測期間<120日でactive様（flat_tail<60）。経過観察で十分なことが多い。,63.3,5.0,"obs_days=29.8, n_samples=426, quality=QUALITY_SHORT_OBS -> insufficient/uncertain data",観測期間・サンプル数・カウンタ整合性のいずれかが不足しており信頼できる判定ができません。review_priorityに従い追加データ収集または手動レビューを行ってください。,v2.0-final,v2.0-final,v2.0-final,0.0,,,,,0.0,-1.0,n/a,ThinkPad X1 Carbon Gen 13,BYD,5B11M90100,2026-06-03T16:38:27
ROROSAS-F4HH26Y_rorosas,4866,2023-08-17 11:40:35,2025-09-04 21:27:08,749.41,0.5,10.854,402,102,0,0,0,0,1,QUALITY_OK,86000.0,86000.0,86000.0,86000.0,1,0,0,0,2023-08-17 11:40:35,749.4,0.0,1.0,103.0,102.0,49.71,0.0,0,0,0.0,100.0,True,False,749.4,102.0,49.71,15.0,100.0,85.0,0.6003,0.4134,0.0012,0,0,0,0,0,0,0,0,0,,,0,0,,,0,0,,,0,0,0,5,5,5,0,5,5,0,0,,,0,0,,,0,0,,,0,0,0,1,1,1,0,1,1,0,0,,,0,0,,,0,0,,,0,0,,,,True,True,True,True,True,WATCH_LOW_UPDATE_RATE_AMBIGUOUS,ACTION_MONITOR_OR_MANUAL_REVIEW,low,WATCH_POSSIBLE_OPPORTUNITY_WITH_LARGE_GAPS,,WATCH_POSSIBLE_OPPORTUNITY_WITH_LARGE_GAPS,,,,56.2,50.0,"flat_tail=749.4d, fcc_changes=0, tail_cyc=102.0, tail_ok[90/80]=0/0, unresp_complete[90/80]=0/0, large_gap[90/80]=0/5 -> ambiguous (watch)",FCC更新率は低いが完全凍結ではない/学習機会がlarge-gapまたは打ち切りで確証が弱い/境界的のため、FW確認に回す前にモニタリングまたは手動レビューを推奨します。,v2.0-final,v2.0-final,v2.0-final,0.0,,,,,0.0,1.0,MIXED,ThinkPad T16 Gen 2,Celxpert,5B10W51872,2026-06-03T16:38:27
ROROSAS-W0BX6X0_rorosas,2913,2024-07-31 13:04:57,2025-05-12 14:43:38,285.07,0.5,10.839,242,48,0,0,0,0,1,QUALITY_OK,59850.0,60130.0,50000.0,63800.0,54,54,3,51,2025-04-15 13:34:01,27.0,18.943,3.0,46.0,43.0,55.09,125.581,10,7,23.79,103.67,False,False,27.0,0.0,0.0,39.0,99.0,60.0,0.3393,0.3392,0.0,0,0,0,0,1,4,5,0,0,,1.0,0,0,,1.0,0,0,,1.0,0,0,0,0,0,0,1,5,6,0,0,,1.0,0,0,,1.0,0,0,,1.0,0,0,0,0,0,0,1,4,5,0,0,,1.0,0,0,,1.0,0,0,,1.0,0,0,,,,False,False,False,False,False,NORMAL_OR_RESPONDING,ACTION_NONE,high,NOT_NO_LOW_CHANGE_CANDIDATE,,,,,,61.3,14.5,"flat_tail=27.0d, fcc_changes=54, tail_cyc=0.0, tail_ok[90/80]=0/0, unresp_complete[90/80]=0/0, large_gap[90/80]=0/0 -> FCC still updating / not a no-low-change candidate",,v2.0-final,v2.0-final,v2.0-final,0.0,,,,,0.0,-1.0,n/a,ThinkPad T14s Gen 6,SMP,LNV-5B11H56403,2026-06-03T16:38:27
RPHILLIPS1-MR01_rphillips1,7861,2025-10-13 15:25:48,2026-05-25 15:47:51,224.02,0.5,0.5,40,15,0,0,0,0,1,QUALITY_OK,99890.0,90420.0,89930.0,99890.0,52,52,4,48,2026-05-11 12:06:52,14.2,23.212,3.0,40.0,37.0,60.33,140.541,17,17,9.97,90.51,False,False,14.2,0.0,0.0,92.0,100.0,8.0,0.9716,0.6335,0.0,0,0,0,0,3,3,6,0,0,,1.0,0,0,,1.0,0,0,,1.0,0,0,0,0,0,0,5,5,10,0,0,,1.0,0,0,,1.0,0,0,,1.0,0,0,0,0,0,0,4,3,7,0,0,,1.0,0,0,,1.0,0,0,,1.0,0,0,,,,False,False,False,False,False,NORMAL_OR_RESPONDING,ACTION_NONE,high,NOT_NO_LOW_CHANGE_CANDIDATE,,,,,,71.8,12.4,"flat_tail=14.2d, fcc_changes=52, tail_cyc=0.0, tail_ok[90/80]=0/0, unresp_complete[90/80]=0/0, large_gap[90/80]=0/0 -> FCC still updating / not a no-low-change candidate",,v2.0-final,v2.0-final,v2.0-final,0.0,,,,,0.0,-1.0,n/a,ThinkPad P16 Gen 3,SMP,5B11M90135,2026-06-03T16:38:27
RSEKINOXF43CNVB_rsekino,8027,2023-06-06 14:57:25,2025-03-31 12:34:03,663.9,0.5,11.901,494,126,0,0,0,0,1,QUALITY_OK,58990.0,48010.0,48010.0,58990.0,8,7,0,7,2024-12-24 11:44:25,97.0,1.054,14.0,211.0,197.0,108.38,3.553,6,6,19.25,84.15,False,False,97.0,22.0,82.81,6.0,100.0,94.0,0.2726,0.0917,0.1399,0,9,9,9,0,14,14,0,0,,,0,0,,,0,0,,,0,0,1,10,11,11,2,42,44,1,0,0.0,0.0,1,0,0.0,0.0,1,0,0.0,0.0,1,0,0,10,10,10,0,28,28,0,0,,,0,0,,,0,0,,,0,0,0.0,0.0,0.0,False,False,True,True,True,WATCH_LOW_UPDATE_RATE_AMBIGUOUS,ACTION_MONITOR_OR_MANUAL_REVIEW,low,WATCH_BORDERLINE_FLAT_TAIL_OR_CYCLES,,WATCH_BORDERLINE_FLAT_TAIL_OR_CYCLES,,,,37.7,56.6,"flat_tail=97.0d, fcc_changes=7, tail_cyc=22.0, tail_ok[90/80]=0/1, unresp_complete[90/80]=0/1, large_gap[90/80]=9/10 -> ambiguous (watch)",FCC更新率は低いが完全凍結ではない/学習機会がlarge-gapまたは打ち切りで確証が弱い/境界的のため、FW確認に回す前にモニタリングまたは手動レビューを推奨します。,v2.0-final,v2.0-final,v2.0-final,1.0,0.08,0.0,-0.08,-0.295,19.1,1.0,MIXED,ThinkPad X1 Yoga Gen 7,SMP,5B10W13973,2026-06-03T16:38:27
RTWALL-PF4JTB8S_rtwall,5534,2023-10-12 10:53:15,2024-07-26 08:45:40,287.91,0.5,6.851,306,9,0,0,0,0,1,QUALITY_OK,67970.0,62180.0,61410.0,75770.0,87,91,21,70,2024-07-17 09:07:41,9.0,31.607,3.0,79.0,76.0,96.42,119.737,35,34,19.9,86.17,False,False,9.0,1.0,40.65,49.0,100.0,51.0,0.8329,0.8634,0.0,0,0,0,0,0,7,7,0,0,,,0,0,,,0,0,,,0,0,0,0,0,0,3,15,18,0,0,,1.0,0,0,,1.0,0,0,,1.0,0,0,0,0,0,0,1,9,10,0,0,,1.0,0,0,,1.0,0,0,,1.0,0,0,,,,False,False,False,False,False,NORMAL_OR_RESPONDING,ACTION_NONE,high,NOT_NO_LOW_CHANGE_CANDIDATE,,,,,,67.7,11.7,"flat_tail=9.0d, fcc_changes=91, tail_cyc=1.0, tail_ok[90/80]=0/0, unresp_complete[90/80]=0/0, large_gap[90/80]=0/0 -> FCC still updating / not a no-low-change candidate",,v2.0-final,v2.0-final,v2.0-final,0.0,,,,,0.0,-1.0,n/a,ThinkPad Z16 Gen 2,Celxpert,5B10W51888,2026-06-03T16:38:27
RUBYHE_HEHP,3019,2024-11-12 09:22:17,2025-12-01 08:10:56,383.95,0.5,11.894,196,53,0,0,0,0,1,QUALITY_OK,57030.0,54790.0,54370.0,57030.0,42,41,2,39,2025-11-20 10:32:34,10.9,10.678,3.0,38.0,35.0,33.3,117.143,7,7,4.66,96.07,False,False,10.9,0.0,0.0,77.0,100.0,23.0,0.7985,0.6707,0.0,0,0,0,0,0,1,1,0,0,,,0,0,,,0,0,,,0,0,0,0,0,0,0,1,1,0,0,,,0,0,,,0,0,,,0,0,0,0,0,0,0,1,1,0,0,,,0,0,,,0,0,,,0,0,,,,False,False,False,False,False,NORMAL_OR_RESPONDING,ACTION_NONE,high,NOT_NO_LOW_CHANGE_CANDIDATE,,,,,,67.8,11.8,"flat_tail=10.9d, fcc_changes=41, tail_cyc=0.0, tail_ok[90/80]=0/0, unresp_complete[90/80]=0/0, large_gap[90/80]=0/0 -> FCC still updating / not a no-low-change candidate",,v2.0-final,v2.0-final,v2.0-final,0.0,,,,,0.0,-1.0,n/a,ThinkPad X1 Carbon Gen 13,BYD,5B11M90100,2026-06-03T16:38:27
RUMBLE_zawacki,399,2024-04-11 11:01:31,2024-06-20 07:54:23,69.87,0.5,23.013,45,18,0,0,0,0,1,QUALITY_SHORT_OBS,42000.0,41350.0,41350.0,42000.0,5,4,1,3,2024-05-20 11:26:48,30.9,5.725,1.0,11.0,10.0,52.28,40.0,2,2,1.55,98.45,False,False,30.9,1.0,11.84,23.0,100.0,77.0,0.1653,0.0821,0.0,0,0,0,0,0,0,0,0,0,,,0,0,,,0,0,,,0,0,0,0,0,0,0,3,3,0,0,,,0,0,,,0,0,,,0,0,0,0,0,0,0,1,1,0,0,,,0,0,,,0,0,,,0,0,,,,False,False,False,False,False,REVIEW_INSUFFICIENT_DATA,ACTION_COLLECT_MORE_DATA_OR_MANUAL_REVIEW,review,REVIEW_SHORT_OBS_ACTIVE_LIKE,,,REVIEW_SHORT_OBS_ACTIVE_LIKE,low,観測期間<120日でactive様（flat_tail<60）。経過観察で十分なことが多い。,53.0,10.3,"obs_days=69.9, n_samples=399, quality=QUALITY_SHORT_OBS -> insufficient/uncertain data",観測期間・サンプル数・カウンタ整合性のいずれかが不足しており信頼できる判定ができません。review_priorityに従い追加データ収集または手動レビューを行ってください。,v2.0-final,v2.0-final,v2.0-final,0.0,,,,,0.0,-1.0,n/a,ThinkPad X12 Detachable Gen 2,Celxpert,5B11M90067,2026-06-03T16:38:27
RUSSELL_rgantman,589,2026-04-30 11:08:23,2026-05-29 09:33:09,28.93,0.5,1.471,19,5,0,0,0,0,1,QUALITY_SHORT_OBS,75000.0,74960.0,74960.0,75000.0,4,3,0,3,2026-05-25 20:05:01,3.6,10.37,2.0,5.0,3.0,37.88,100.0,0,0,0.05,99.95,False,False,3.6,0.0,0.0,75.0,80.0,5.0,1.0,0.0,0.0,0,0,0,0,0,0,0,0,0,,,0,0,,,0,0,,,0,0,0,0,0,0,0,0,0,0,0,,,0,0,,,0,0,,,0,0,0,0,0,0,0,0,0,0,0,,,0,0,,,0,0,,,0,0,,,,False,False,False,False,False,REVIEW_INSUFFICIENT_DATA,ACTION_COLLECT_MORE_DATA_OR_MANUAL_REVIEW,review,REVIEW_SHORT_OBS_ACTIVE_LIKE,,,REVIEW_SHORT_OBS_ACTIVE_LIKE,low,観測期間<120日でactive様（flat_tail<60）。経過観察で十分なことが多い。,65.6,5.6,"obs_days=28.9, n_samples=589, quality=QUALITY_SHORT_OBS -> insufficient/uncertain data",観測期間・サンプル数・カウンタ整合性のいずれかが不足しており信頼できる判定ができません。review_priorityに従い追加データ収集または手動レビューを行ってください。,v2.0-final,v2.0-final,v2.0-final,0.0,,,,,0.0,-1.0,n/a,ThinkPad P14s Gen 7 AMD,BYD,5B11M90171,2026-06-03T16:38:27
SADACHI1-4H67H3_sadachi1,1912,2023-12-25 17:26:40,2024-09-30 08:46:50,279.64,0.5,1.594,88,22,0,0,0,0,1,QUALITY_OK,40280.0,37180.0,36460.0,40280.0,106,164,75,89,2024-09-27 18:20:04,2.6,58.647,0.0,147.0,147.0,192.0,111.565,60,34,9.7,94.41,False,False,2.6,0.0,0.0,100.0,100.0,0.0,1.0,1.0,0.0,0,0,0,0,2,11,13,0,0,,1.0,0,0,,1.0,0,0,,1.0,0,0,0,0,0,0,5,34,39,0,0,,1.0,0,0,,1.0,0,0,,1.0,0,0,0,0,0,0,2,14,16,0,0,,1.0,0,0,,1.0,0,0,,1.0,0,0,,,,False,False,False,False,False,NORMAL_OR_RESPONDING,ACTION_NONE,high,NOT_NO_LOW_CHANGE_CANDIDATE,,,,,,70.4,10.4,"flat_tail=2.6d, fcc_changes=164, tail_cyc=0.0, tail_ok[90/80]=0/0, unresp_complete[90/80]=0/0, large_gap[90/80]=0/0 -> FCC still updating / not a no-low-change candidate",,v2.0-final,v2.0-final,v2.0-final,0.0,,,,,0.0,-1.0,n/a,ThinkPad T14 Gen 4,SMP,5B10W51861,2026-06-03T16:38:27
SAYINGZIYIN_yinsyz1,15062,2023-02-14 10:41:19,2024-10-25 01:56:21,618.64,0.5,0.5,60,23,0,0,0,0,1,QUALITY_OK,55220.0,50610.0,47250.0,56020.0,95,98,14,84,2024-08-17 02:05:07,69.0,15.841,31.0,103.0,72.0,42.51,136.111,30,30,15.39,88.79,False,False,69.0,0.0,0.0,1.0,100.0,99.0,0.4679,0.5854,0.0,0,0,0,0,6,21,27,0,0,,1.0,0,0,,1.0,0,0,,1.0,0,0,0,0,0,0,7,22,29,0,0,,1.0,0,0,,1.0,0,0,,1.0,0,0,0,0,0,0,7,21,28,0,0,,1.0,0,0,,1.0,0,0,,1.0,0,0,,,,False,False,False,False,False,NORMAL_OR_RESPONDING,ACTION_NONE,high,NOT_NO_LOW_CHANGE_CANDIDATE,,,,,,70.9,21.5,"flat_tail=69.0d, fcc_changes=98, tail_cyc=0.0, tail_ok[90/80]=0/0, unresp_complete[90/80]=0/0, large_gap[90/80]=0/0 -> FCC still updating / not a no-low-change candidate",,v2.0-final,v2.0-final,v2.0-final,0.0,,,,,0.0,-1.0,n/a,ThinkPad T14s Gen 3,Sunwoda,5B10W51876,2026-06-03T16:38:27
SBARATAM-000032_sbaratam,418,2025-03-20 10:15:03,2025-09-05 13:17:39,169.13,0.5,21.982,52,19,0,0,0,0,1,QUALITY_OK,54760.0,55380.0,54760.0,55490.0,9,8,1,7,2025-08-27 10:57:51,9.1,4.73,1.0,13.0,12.0,25.91,66.667,1,1,1.33,101.24,False,False,9.1,0.0,0.0,60.0,100.0,40.0,0.3981,0.5011,0.0,0,0,0,0,0,2,2,0,0,,,0,0,,,0,0,,,0,0,0,0,0,0,0,2,2,0,0,,,0,0,,,0,0,,,0,0,0,0,0,0,0,2,2,0,0,,,0,0,,,0,0,,,0,0,,,,False,False,False,False,False,NORMAL_OR_RESPONDING,ACTION_NONE,high,NOT_NO_LOW_CHANGE_CANDIDATE,,,,,,59.5,11.5,"flat_tail=9.1d, fcc_changes=8, tail_cyc=0.0, tail_ok[90/80]=0/0, unresp_complete[90/80]=0/0, large_gap[90/80]=0/0 -> FCC still updating / not a no-low-change candidate",,v2.0-final,v2.0-final,v2.0-final,0.0,,,,,0.0,-1.0,n/a,ThinkPad L13 Gen 6,Sunwoda,5B11M90128,2026-06-03T16:38:27
SBLEAKLEY-742XA_sbleakley,959,2026-04-22 13:21:34,2026-05-27 10:37:31,34.89,0.5,0.945,15,2,0,0,0,0,1,QUALITY_SHORT_OBS,58030.0,57990.0,57990.0,58030.0,5,4,0,4,2026-05-21 12:33:39,5.9,11.465,1.0,6.0,5.0,52.34,80.0,0,0,0.07,99.98,False,False,5.9,0.0,0.0,80.0,100.0,20.0,0.9373,0.1325,0.0,0,0,0,0,0,0,0,0,0,,,0,0,,,0,0,,,0,0,0,0,0,0,0,0,0,0,0,,,0,0,,,0,0,,,0,0,0,0,0,0,0,0,0,0,0,,,0,0,,,0,0,,,0,0,,,,False,False,False,False,False,REVIEW_INSUFFICIENT_DATA,ACTION_COLLECT_MORE_DATA_OR_MANUAL_REVIEW,review,REVIEW_SHORT_OBS_ACTIVE_LIKE,,,REVIEW_SHORT_OBS_ACTIVE_LIKE,low,観測期間<120日でactive様（flat_tail<60）。経過観察で十分なことが多い。,64.7,6.0,"obs_days=34.9, n_samples=959, quality=QUALITY_SHORT_OBS -> insufficient/uncertain data",観測期間・サンプル数・カウンタ整合性のいずれかが不足しており信頼できる判定ができません。review_priorityに従い追加データ収集または手動レビューを行ってください。,v2.0-final,v2.0-final,v2.0-final,0.0,,,,,0.0,-1.0,n/a,ThinkPad T14s 2-in-1 Gen 2,Sunwoda,5B11M90160,2026-06-03T16:38:27
SDESCHENES-FH3M_sdeschenes,12086,2023-06-06 16:03:55,2025-11-12 08:04:53,889.67,0.5,8.241,718,121,0,0,0,0,1,QUALITY_OK,52500.0,46740.0,43390.0,52500.0,18,21,10,11,2025-10-03 11:13:11,39.9,2.36,4.0,673.0,669.0,274.65,3.139,21,21,17.35,89.03,False,False,39.9,21.0,192.39,3.0,100.0,97.0,0.6358,0.2554,0.0414,2,2,4,4,16,85,101,2,0,0.0,0.0625,2,0,0.0,0.0625,2,0,0.0,0.3125,2,0,4,2,6,6,47,130,177,4,0,0.0,0.0638,4,0,0.0,0.0638,4,0,0.0,0.2766,4,0,4,2,6,6,31,110,141,4,0,0.0,0.0645,4,0,0.0,0.0645,4,0,0.0,0.2581,4,0,0.0,0.0,0.0,False,False,True,False,True,WATCH_LOW_UPDATE_RATE_AMBIGUOUS,ACTION_MONITOR_OR_MANUAL_REVIEW,low,WATCH_ACTIVE_LOW_CADENCE,,WATCH_ACTIVE_LOW_CADENCE,,,,36.6,70.8,"flat_tail=39.9d, fcc_changes=21, tail_cyc=21.0, tail_ok[90/80]=2/4, unresp_complete[90/80]=2/4, large_gap[90/80]=2/2 -> ambiguous (watch)",FCC更新率は低いが完全凍結ではない/学習機会がlarge-gapまたは打ち切りで確証が弱い/境界的のため、FW確認に回す前にモニタリングまたは手動レビューを推奨します。,v2.0-final,v2.0-final,v2.0-final,10.0,5.861,0.0,-5.861,-3.97,98.1,1.0,MIXED,ThinkPad T14 Gen 4,SMP,5B10W51864,2026-06-03T16:38:27
SDILLARD1-2S9T3_sdillard1,1189,2026-01-14 13:19:15,2026-05-19 08:43:43,124.81,0.5,16.441,106,20,0,0,0,0,1,QUALITY_OK,75010.0,74950.0,71880.0,76170.0,37,37,6,31,2026-05-13 13:39:12,5.8,29.645,1.0,29.0,28.0,81.94,132.143,12,12,5.72,99.93,False,False,5.8,0.0,0.0,27.0,89.0,62.0,0.0657,0.0,0.0,0,0,0,0,0,6,6,0,0,,,0,0,,,0,0,,,0,0,0,0,0,0,1,7,8,0,0,,0.0,0,0,,0.0,0,0,,1.0,0,0,0,0,0,0,0,7,7,0,0,,,0,0,,,0,0,,,0,0,,,,False,False,False,False,False,NORMAL_OR_RESPONDING,ACTION_NONE,high,NOT_NO_LOW_CHANGE_CANDIDATE,,,,,,52.3,11.0,"flat_tail=5.8d, fcc_changes=37, tail_cyc=0.0, tail_ok[90/80]=0/0, unresp_complete[90/80]=0/0, large_gap[90/80]=0/0 -> FCC still updating / not a no-low-change candidate",,v2.0-final,v2.0-final,v2.0-final,0.0,,,,,0.0,-1.0,n/a,ThinkPad T14 Gen 7,COSMX,5B11M90167,2026-06-03T16:38:27
SDILLARD1-GR30Q_sdillard1,1567,2025-06-04 15:17:09,2025-12-18 11:42:34,196.85,0.5,17.181,171,48,0,0,0,0,1,QUALITY_OK,58020.0,55900.0,55810.0,58550.0,60,65,9,56,2025-12-16 08:30:22,2.1,33.02,2.0,53.0,51.0,94.63,127.451,15,15,4.73,96.38,False,False,2.1,0.0,0.0,83.0,100.0,17.0,0.5703,0.8358,0.0,0,0,0,0,0,1,1,0,0,,,0,0,,,0,0,,,0,0,0,0,0,0,0,8,8,0,0,,,0,0,,,0,0,,,0,0,0,0,0,0,0,1,1,0,0,,,0,0,,,0,0,,,0,0,,,,False,False,False,False,False,NORMAL_OR_RESPONDING,ACTION_NONE,high,NOT_NO_LOW_CHANGE_CANDIDATE,,,,,,64.7,10.3,"flat_tail=2.1d, fcc_changes=65, tail_cyc=0.0, tail_ok[90/80]=0/0, unresp_complete[90/80]=0/0, large_gap[90/80]=0/0 -> FCC still updating / not a no-low-change candidate",,v2.0-final,v2.0-final,v2.0-final,0.0,,,,,0.0,-1.0,n/a,ThinkPad T14s Gen 6,Sunwoda,5B11M90105,2026-06-03T16:38:27
SHAUSER-F62JTB9_shauser,242,2026-01-14 11:20:38,2026-02-05 10:30:24,21.97,0.5,16.491,17,4,0,0,0,0,1,QUALITY_SHORT_OBS,75010.0,74990.0,74990.0,75010.0,3,2,0,2,2026-02-02 14:04:02,2.9,9.103,1.0,4.0,3.0,49.87,66.667,0,0,0.02,99.99,False,False,2.9,0.0,0.0,23.0,100.0,77.0,0.5122,0.4382,0.0,0,0,0,0,0,0,0,0,0,,,0,0,,,0,0,,,0,0,0,0,0,0,0,0,0,0,0,,,0,0,,,0,0,,,0,0,0,0,0,0,0,0,0,0,0,,,0,0,,,0,0,,,0,0,,,,False,False,False,False,False,REVIEW_INSUFFICIENT_DATA,ACTION_COLLECT_MORE_DATA_OR_MANUAL_REVIEW,review,REVIEW_SHORT_OBS_ACTIVE_LIKE,,,REVIEW_SHORT_OBS_ACTIVE_LIKE,low,観測期間<120日でactive様（flat_tail<60）。経過観察で十分なことが多い。,55.7,5.5,"obs_days=22.0, n_samples=242, quality=QUALITY_SHORT_OBS -> insufficient/uncertain data",観測期間・サンプル数・カウンタ整合性のいずれかが不足しており信頼できる判定ができません。review_priorityに従い追加データ収集または手動レビューを行ってください。,v2.0-final,v2.0-final,v2.0-final,0.0,,,,,0.0,-1.0,n/a,ThinkPad T16 Gen 5,Sunwoda,5B11M90169,2026-06-03T16:38:27
SHAUSER-W0J2TNX_shauser,1227,2025-08-25 14:41:40,2026-01-12 15:21:03,140.03,0.5,15.293,120,29,0,0,0,0,1,QUALITY_OK,54760.0,53200.0,53200.0,55330.0,32,32,2,30,2026-01-08 13:57:45,4.1,22.852,1.0,28.0,27.0,70.43,118.519,6,6,3.89,97.17,False,False,4.1,0.0,0.0,30.0,100.0,70.0,0.6091,0.773,0.0,0,0,0,0,0,8,8,0,0,,,0,0,,,0,0,,,0,0,0,0,0,0,2,11,13,0,0,,1.0,0,0,,1.0,0,0,,1.0,0,0,0,0,0,0,0,9,9,0,0,,,0,0,,,0,0,,,0,0,,,,False,False,False,False,False,NORMAL_OR_RESPONDING,ACTION_NONE,high,NOT_NO_LOW_CHANGE_CANDIDATE,,,,,,62.9,10.7,"flat_tail=4.1d, fcc_changes=32, tail_cyc=0.0, tail_ok[90/80]=0/0, unresp_complete[90/80]=0/0, large_gap[90/80]=0/0 -> FCC still updating / not a no-low-change candidate",,v2.0-final,v2.0-final,v2.0-final,0.0,,,,,0.0,-1.0,n/a,ThinkPad L13 Gen 6,SMP,5B11M90129,2026-06-03T16:38:27
SHIGE_MS2ARL,1132,2025-05-13 10:48:07,2025-08-26 16:27:18,105.24,0.5,8.709,76,21,0,0,0,0,1,QUALITY_SHORT_OBS,59670.0,59180.0,59180.0,59670.0,34,33,0,33,2025-08-26 11:53:15,0.2,31.357,1.0,29.0,28.0,97.18,117.857,0,0,0.86,103.77,False,False,0.2,0.0,0.0,85.0,100.0,15.0,0.6424,0.7239,0.0,0,0,0,0,0,0,0,0,0,,,0,0,,,0,0,,,0,0,0,0,0,0,0,0,0,0,0,,,0,0,,,0,0,,,0,0,0,0,0,0,0,0,0,0,0,,,0,0,,,0,0,,,0,0,,,,False,False,False,False,False,REVIEW_INSUFFICIENT_DATA,ACTION_COLLECT_MORE_DATA_OR_MANUAL_REVIEW,review,REVIEW_SHORT_OBS_ACTIVE_LIKE,,,REVIEW_SHORT_OBS_ACTIVE_LIKE,low,観測期間<120日でactive様（flat_tail<60）。経過観察で十分なことが多い。,60.0,5.0,"obs_days=105.2, n_samples=1132, quality=QUALITY_SHORT_OBS -> insufficient/uncertain data",観測期間・サンプル数・カウンタ整合性のいずれかが不足しており信頼できる判定ができません。review_priorityに従い追加データ収集または手動レビューを行ってください。,v2.0-final,v2.0-final,v2.0-final,0.0,,,,,0.0,-1.0,n/a,ThinkPad X1 2-in-1 Gen 10,SMP,5B11M90097,2026-06-03T16:38:27
SHIGE_TH1,891,2023-12-19 14:23:34,2024-02-09 11:05:17,51.86,0.398,5.064,33,9,0,0,0,0,1,QUALITY_SHORT_OBS,59670.0,59390.0,59390.0,59670.0,19,18,0,18,2024-02-07 15:27:43,1.8,34.709,1.0,27.0,26.0,183.12,69.231,0,0,0.49,104.14,False,False,1.8,2.0,401.87,17.0,100.0,83.0,0.4659,0.018,0.0413,0,0,0,0,0,2,2,0,0,,,0,0,,,0,0,,,0,0,0,0,0,0,1,4,5,0,0,,1.0,0,0,,1.0,0,0,,1.0,0,0,0,0,0,0,0,2,2,0,0,,,0,0,,,0,0,,,0,0,,,,False,False,False,False,False,REVIEW_INSUFFICIENT_DATA,ACTION_COLLECT_MORE_DATA_OR_MANUAL_REVIEW,review,REVIEW_SHORT_OBS_ACTIVE_LIKE,,,REVIEW_SHORT_OBS_ACTIVE_LIKE,low,観測期間<120日でactive様（flat_tail<60）。経過観察で十分なことが多い。,53.6,5.7,"obs_days=51.9, n_samples=891, quality=QUALITY_SHORT_OBS -> insufficient/uncertain data",観測期間・サンプル数・カウンタ整合性のいずれかが不足しており信頼できる判定ができません。review_priorityに従い追加データ収集または手動レビューを行ってください。,v2.0-final,v2.0-final,v2.0-final,0.0,,,,,0.0,-1.0,n/a,ThinkPad X1 Carbon Gen 12,SMP,5B11H56383,2026-06-03T16:38:27
SHIGE_TH1SVT,3307,2024-02-08 13:04:39,2024-12-23 11:05:26,318.92,0.49,8.481,237,43,0,0,0,0,1,QUALITY_OK,57610.0,59600.0,55330.0,60330.0,97,111,7,104,2024-12-09 13:22:51,13.9,34.805,2.0,108.0,106.0,121.4,104.717,12,11,8.77,104.51,False,False,13.9,0.0,0.0,78.0,100.0,22.0,0.3256,0.1373,0.0,0,0,0,0,0,9,9,0,0,,,0,0,,,0,0,,,0,0,0,0,0,0,1,19,20,0,0,,1.0,0,0,,1.0,0,0,,1.0,0,0,0,0,0,0,0,10,10,0,0,,,0,0,,,0,0,,,0,0,,,,False,False,False,False,False,NORMAL_OR_RESPONDING,ACTION_NONE,high,NOT_NO_LOW_CHANGE_CANDIDATE,,,,,,65.0,12.3,"flat_tail=13.9d, fcc_changes=111, tail_cyc=0.0, tail_ok[90/80]=0/0, unresp_complete[90/80]=0/0, large_gap[90/80]=0/0 -> FCC still updating / not a no-low-change candidate",,v2.0-final,v2.0-final,v2.0-final,0.0,,,,,0.0,-1.0,n/a,ThinkPad X1 Carbon Gen 12,Celxpert,5B11H56384,2026-06-03T16:38:27
SHIGUCHI-3_shiguchi,446,2024-01-16 16:34:32,2024-05-21 09:30:16,125.71,0.5,17.653,69,17,0,0,0,0,1,QUALITY_OK,42000.0,40780.0,40420.0,42000.0,6,5,1,4,2024-04-26 13:12:23,24.8,3.977,1.0,5.0,4.0,11.62,125.0,4,4,3.76,97.1,False,False,24.8,0.0,0.0,81.0,100.0,19.0,0.9734,0.7642,0.0,0,0,0,0,0,0,0,0,0,,,0,0,,,0,0,,,0,0,0,0,0,0,0,1,1,0,0,,,0,0,,,0,0,,,0,0,0,0,0,0,0,0,0,0,0,,,0,0,,,0,0,,,0,0,,,,False,False,False,False,False,NORMAL_OR_RESPONDING,ACTION_NONE,high,NOT_NO_LOW_CHANGE_CANDIDATE,,,,,,73.6,14.1,"flat_tail=24.8d, fcc_changes=5, tail_cyc=0.0, tail_ok[90/80]=0/0, unresp_complete[90/80]=0/0, large_gap[90/80]=0/0 -> FCC still updating / not a no-low-change candidate",,v2.0-final,v2.0-final,v2.0-final,0.0,,,,,0.0,-1.0,n/a,ThinkPad X12 Detachable Gen 2,Celxpert,5B10Z26487,2026-06-03T16:38:27
SITZ13G2JN5BETA_jnunez5,932,2023-05-15 15:48:16,2023-10-24 09:48:31,161.75,0.5,7.317,53,18,0,0,0,0,1,QUALITY_OK,51510.0,48360.0,48360.0,52690.0,41,41,6,35,2023-10-24 09:48:31,0.0,25.348,2.0,41.0,39.0,88.07,105.128,13,13,8.41,93.88,False,False,0.0,0.0,,33.0,33.0,0.0,,,,0,0,0,0,0,13,13,0,0,,,0,0,,,0,0,,,0,0,0,0,0,0,1,16,17,0,0,,1.0,0,0,,1.0,0,0,,1.0,0,0,0,0,0,0,0,14,14,0,0,,,0,0,,,0,0,,,0,0,,,,False,False,False,False,False,NORMAL_OR_RESPONDING,ACTION_NONE,high,NOT_NO_LOW_CHANGE_CANDIDATE,,,,,,70.0,10.0,"flat_tail=0.0d, fcc_changes=41, tail_cyc=0.0, tail_ok[90/80]=0/0, unresp_complete[90/80]=0/0, large_gap[90/80]=0/0 -> FCC still updating / not a no-low-change candidate",,v2.0-final,v2.0-final,v2.0-final,0.0,,,,,0.0,-1.0,n/a,ThinkPad Z13 Gen 2,BYD,5B10W51883,2026-06-03T16:38:27
SIWAI-PF43AVX9_siwai,7074,2023-03-24 15:09:12,2024-07-06 05:45:06,469.61,0.5,7.138,399,69,0,0,0,0,1,QUALITY_OK,58990.0,48080.0,48080.0,58990.0,10,9,1,8,2024-03-19 06:07:42,109.0,1.916,0.0,209.0,209.0,162.55,4.306,8,8,19.12,84.28,False,False,109.0,41.0,137.41,0.0,100.0,100.0,0.4163,0.2151,0.0167,1,1,2,2,2,16,18,1,0,0.0,0.5,1,0,0.0,0.5,1,0,0.0,0.5,1,0,1,7,8,8,4,39,43,1,0,0.0,0.25,1,0,0.0,0.25,1,0,0.0,0.25,1,0,1,2,3,3,2,25,27,1,0,0.0,0.5,1,0,0.0,0.5,1,0,0.0,0.5,1,0,0.0,0.0,0.0,False,False,False,False,False,NORMAL_OR_RESPONDING,ACTION_NONE,high,NOT_NO_LOW_CHANGE_CANDIDATE,,,,,,39.0,71.4,"flat_tail=109.0d, fcc_changes=9, tail_cyc=41.0, tail_ok[90/80]=1/1, unresp_complete[90/80]=1/1, large_gap[90/80]=1/7 -> FCC still updating / not a no-low-change candidate",,v2.0-final,v2.0-final,v2.0-final,3.0,2.832,0.0,-2.832,-7.115,99.9,-1.0,n/a,ThinkPad X1 Yoga Gen 7,SMP,5B10W13973,2026-06-03T16:38:27
SIWAI-PF462GGQ_localuser,1616,2024-07-06 06:57:56,2024-10-28 11:52:16,114.2,0.5,6.861,93,17,0,0,0,0,1,QUALITY_SHORT_OBS,48080.0,48080.0,48080.0,48080.0,1,0,0,0,2024-07-06 06:57:56,114.2,0.0,209.0,256.0,47.0,150.32,0.0,0,0,0.0,84.28,False,False,114.2,47.0,150.32,7.0,100.0,93.0,0.4999,0.2132,0.0077,0,1,1,1,0,1,1,0,0,,,0,0,,,0,0,,,0,0,1,8,9,9,1,8,9,1,0,0.0,0.0,1,0,0.0,0.0,1,0,0.0,0.0,1,0,0,3,3,3,0,3,3,0,0,,,0,0,,,0,0,,,0,0,0.0,0.0,0.0,False,False,False,False,False,REVIEW_INSUFFICIENT_DATA,ACTION_COLLECT_MORE_DATA_OR_MANUAL_REVIEW,review,REVIEW_SHORT_OBS_STALE_OR_VERY_STALE,,,REVIEW_SHORT_OBS_STALE_OR_VERY_STALE,high,観測期間<120日だがflat_tail>=60日（stale様）。優先的に追加観測。,36.5,59.4,"obs_days=114.2, n_samples=1616, quality=QUALITY_SHORT_OBS -> insufficient/uncertain data",観測期間・サンプル数・カウンタ整合性のいずれかが不足しており信頼できる判定ができません。review_priorityに従い追加データ収集または手動レビューを行ってください。,v2.0-final,v2.0-final,v2.0-final,1.0,0.059,0.0,-0.059,-0.251,18.7,-1.0,n/a,ThinkPad X1 Yoga Gen 7,SMP,5B11M90056,2026-06-03T16:38:27
SIWAI-PF462GGQ_siwai,1459,2024-07-06 06:57:56,2024-10-21 15:29:34,107.36,0.5,7.113,87,16,0,0,0,0,1,QUALITY_SHORT_OBS,48080.0,48080.0,48080.0,48080.0,1,0,0,0,2024-07-06 06:57:56,107.4,0.0,209.0,252.0,43.0,146.29,0.0,0,0,0.0,84.28,False,False,107.4,43.0,146.3,7.0,100.0,93.0,0.4999,0.226,0.0054,0,1,1,1,0,1,1,0,0,,,0,0,,,0,0,,,0,0,1,8,9,9,1,8,9,1,0,0.0,0.0,1,0,0.0,0.0,1,0,0.0,0.0,1,0,0,3,3,3,0,3,3,0,0,,,0,0,,,0,0,,,0,0,0.0,0.0,0.0,False,False,False,False,False,REVIEW_INSUFFICIENT_DATA,ACTION_COLLECT_MORE_DATA_OR_MANUAL_REVIEW,review,REVIEW_SHORT_OBS_STALE_OR_VERY_STALE,,,REVIEW_SHORT_OBS_STALE_OR_VERY_STALE,high,観測期間<120日だがflat_tail>=60日（stale様）。優先的に追加観測。,35.4,57.5,"obs_days=107.4, n_samples=1459, quality=QUALITY_SHORT_OBS -> insufficient/uncertain data",観測期間・サンプル数・カウンタ整合性のいずれかが不足しており信頼できる判定ができません。review_priorityに従い追加データ収集または手動レビューを行ってください。,v2.0-final,v2.0-final,v2.0-final,1.0,0.104,0.0,-0.104,-0.34,19.5,-1.0,n/a,ThinkPad X1 Yoga Gen 7,SMP,5B11M90056,2026-06-03T16:38:27
SIWAI-PF5P5JF7_siwai,2445,2025-12-18 10:49:06,2026-06-01 15:09:59,165.18,0.5,6.88,130,30,0,0,0,0,1,QUALITY_OK,57040.0,56660.0,56660.0,57450.0,34,33,1,32,2026-06-01 08:58:36,0.3,19.978,0.0,33.0,33.0,72.97,100.0,2,2,1.39,99.35,False,False,0.3,0.0,0.0,79.0,100.0,21.0,0.3658,0.5087,0.0,0,0,0,0,0,0,0,0,0,,,0,0,,,0,0,,,0,0,0,0,0,0,0,1,1,0,0,,,0,0,,,0,0,,,0,0,0,0,0,0,0,0,0,0,0,,,0,0,,,0,0,,,0,0,,,,False,False,False,False,False,NORMAL_OR_RESPONDING,ACTION_NONE,high,NOT_NO_LOW_CHANGE_CANDIDATE,,,,,,63.0,10.1,"flat_tail=0.3d, fcc_changes=33, tail_cyc=0.0, tail_ok[90/80]=0/0, unresp_complete[90/80]=0/0, large_gap[90/80]=0/0 -> FCC still updating / not a no-low-change candidate",,v2.0-final,v2.0-final,v2.0-final,0.0,,,,,0.0,-1.0,n/a,ThinkPad X1 2-in-1 Gen 10,BYD,5B11M90100,2026-06-03T16:38:27
SKADUKUNTLA-MTB_skadukuntla,9157,2025-06-24 13:48:07,2026-01-31 14:44:13,221.04,0.5,0.5,25,10,0,0,0,0,1,QUALITY_OK,54760.0,52560.0,52560.0,54760.0,27,26,1,25,2026-01-24 15:50:32,7.0,11.763,2.0,24.0,22.0,36.35,118.182,5,5,4.02,96.0,False,False,7.0,0.0,0.0,31.0,81.0,50.0,0.6812,0.0,0.0,0,0,0,0,2,2,4,0,0,,1.0,0,0,,1.0,0,0,,1.0,0,0,0,0,0,0,2,3,5,0,0,,1.0,0,0,,1.0,0,0,,1.0,0,0,0,0,0,0,2,2,4,0,0,,1.0,0,0,,1.0,0,0,,1.0,0,0,,,,False,False,False,False,False,NORMAL_OR_RESPONDING,ACTION_NONE,high,NOT_NO_LOW_CHANGE_CANDIDATE,,,,,,64.8,11.2,"flat_tail=7.0d, fcc_changes=26, tail_cyc=0.0, tail_ok[90/80]=0/0, unresp_complete[90/80]=0/0, large_gap[90/80]=0/0 -> FCC still updating / not a no-low-change candidate",,v2.0-final,v2.0-final,v2.0-final,0.0,,,,,0.0,-1.0,n/a,ThinkPad L13 Gen 6,SMP,5B11M90129,2026-06-03T16:38:27
SKAWANO-F2PXEKF_seiuchi,2600,2023-07-26 16:16:26,2024-01-04 11:23:33,161.8,0.437,5.15,128,20,0,0,0,0,1,QUALITY_OK,48130.0,46870.0,46520.0,49520.0,156,312,149,163,2023-12-10 20:43:34,24.6,192.831,397.0,486.0,89.0,200.91,350.562,206,143,5.27,82.23,False,False,24.6,1.0,14.84,23.0,99.0,76.0,0.7738,0.2484,0.0,0,0,0,0,0,2,2,0,0,,,0,0,,,0,0,,,0,0,0,0,0,0,3,21,24,0,0,,1.0,0,0,,1.0,0,0,,1.0,0,0,0,0,0,0,0,6,6,0,0,,,0,0,,,0,0,,,0,0,,,,False,False,False,False,False,NORMAL_OR_RESPONDING,ACTION_NONE,high,NOT_NO_LOW_CHANGE_CANDIDATE,,,,,,69.1,14.3,"flat_tail=24.6d, fcc_changes=312, tail_cyc=1.0, tail_ok[90/80]=0/0, unresp_complete[90/80]=0/0, large_gap[90/80]=0/0 -> FCC still updating / not a no-low-change candidate",,v2.0-final,v2.0-final,v2.0-final,0.0,,,,,0.0,-1.0,n/a,ThinkPad X1 Carbon Gen 9,Celxpert,5B10W13974,2026-06-03T16:38:27
SKAWANO-F2PXEKF_skawano,2657,2023-07-26 16:16:26,2024-06-21 15:15:06,330.96,0.441,6.88,140,31,0,0,0,0,1,QUALITY_OK,48130.0,46720.0,45000.0,49520.0,160,317,150,167,2024-05-29 11:50:38,23.1,95.782,397.0,491.0,94.0,103.74,337.234,210,147,7.93,81.96,False,False,23.1,1.0,15.78,78.0,100.0,22.0,0.7758,0.2378,0.0,0,0,0,0,0,3,3,0,0,,,0,0,,,0,0,,,0,0,0,0,0,0,3,22,25,0,0,,1.0,0,0,,1.0,0,0,,1.0,0,0,0,0,0,0,0,7,7,0,0,,,0,0,,,0,0,,,0,0,,,,False,False,False,False,False,NORMAL_OR_RESPONDING,ACTION_NONE,high,NOT_NO_LOW_CHANGE_CANDIDATE,,,,,,68.9,14.1,"flat_tail=23.1d, fcc_changes=317, tail_cyc=1.0, tail_ok[90/80]=0/0, unresp_complete[90/80]=0/0, large_gap[90/80]=0/0 -> FCC still updating / not a no-low-change candidate",,v2.0-final,v2.0-final,v2.0-final,0.0,,,,,0.0,-1.0,n/a,ThinkPad X1 Carbon Gen 9,Celxpert,5B10W13974,2026-06-03T16:38:27
SKEENER-W0A2BT8_skeener,15550,2024-03-27 10:09:06,2026-05-27 13:28:12,791.14,0.5,2.916,650,118,0,0,0,0,1,QUALITY_OK,57740.0,34680.0,34460.0,57740.0,362,394,43,351,2026-05-24 22:31:47,2.6,49.802,2.0,294.0,292.0,134.81,134.932,108,107,40.72,60.66,False,False,2.6,0.0,0.0,83.0,100.0,17.0,0.9601,0.9504,0.0,0,0,0,0,7,48,55,0,0,,1.0,0,0,,1.0,0,0,,1.0,0,0,0,0,0,0,15,78,93,0,0,,1.0,0,0,,1.0,0,0,,1.0,0,0,0,0,0,0,8,59,67,0,0,,1.0,0,0,,1.0,0,0,,1.0,0,0,,,,False,False,False,False,False,NORMAL_OR_RESPONDING,ACTION_NONE,high,NOT_NO_LOW_CHANGE_CANDIDATE,,,,,,69.6,10.4,"flat_tail=2.6d, fcc_changes=394, tail_cyc=0.0, tail_ok[90/80]=0/0, unresp_complete[90/80]=0/0, large_gap[90/80]=0/0 -> FCC still updating / not a no-low-change candidate",,v2.0-final,v2.0-final,v2.0-final,0.0,,,,,0.0,-1.0,n/a,ThinkPad L14 Gen 5,SMP,5B11H56396,2026-06-03T16:38:27
SKOYAMA-F2Q1LZA_skoyama,2302,2023-02-06 15:01:07,2024-08-19 13:45:45,559.95,0.5,0.718,70,21,0,0,0,0,1,QUALITY_OK,46280.0,46360.0,45090.0,47380.0,84,123,65,58,2024-08-19 13:12:36,0.0,21.966,211.0,242.0,31.0,20.22,396.774,104,76,4.53,91.89,False,False,0.0,1.0,15866.06,37.0,70.0,33.0,1.0,0.0,0.0,0,0,0,0,0,0,0,0,0,,,0,0,,,0,0,,,0,0,0,0,0,0,0,1,1,0,0,,,0,0,,,0,0,,,0,0,0,0,0,0,0,1,1,0,0,,,0,0,,,0,0,,,0,0,,,,False,False,False,False,False,NORMAL_OR_RESPONDING,ACTION_NONE,high,NOT_NO_LOW_CHANGE_CANDIDATE,,,,,,69.5,10.2,"flat_tail=0.0d, fcc_changes=123, tail_cyc=1.0, tail_ok[90/80]=0/0, unresp_complete[90/80]=0/0, large_gap[90/80]=0/0 -> FCC still updating / not a no-low-change candidate",,v2.0-final,v2.0-final,v2.0-final,0.0,,,,,0.0,-1.0,n/a,ThinkPad T14 Gen 1,,,2026-06-03T16:38:27
SLO10-PF68EAMW_slo10,1126,2026-04-06 14:18:07,2026-05-27 15:09:59,51.04,0.5,2.665,43,8,0,0,0,0,1,QUALITY_SHORT_OBS,58030.0,57990.0,57990.0,58030.0,5,4,0,4,2026-05-22 14:54:43,5.0,7.837,3.0,9.0,6.0,42.94,66.667,0,0,0.07,99.98,False,False,5.0,0.0,0.0,97.0,100.0,3.0,0.9916,0.6732,0.0,0,0,0,0,0,1,1,0,0,,,0,0,,,0,0,,,0,0,0,0,0,0,0,1,1,0,0,,,0,0,,,0,0,,,0,0,0,0,0,0,0,1,1,0,0,,,0,0,,,0,0,,,0,0,,,,False,False,False,False,False,REVIEW_INSUFFICIENT_DATA,ACTION_COLLECT_MORE_DATA_OR_MANUAL_REVIEW,review,REVIEW_SHORT_OBS_ACTIVE_LIKE,,,REVIEW_SHORT_OBS_ACTIVE_LIKE,low,観測期間<120日でactive様（flat_tail<60）。経過観察で十分なことが多い。,65.7,5.8,"obs_days=51.0, n_samples=1126, quality=QUALITY_SHORT_OBS -> insufficient/uncertain data",観測期間・サンプル数・カウンタ整合性のいずれかが不足しており信頼できる判定ができません。review_priorityに従い追加データ収集または手動レビューを行ってください。,v2.0-final,v2.0-final,v2.0-final,0.0,,,,,0.0,-1.0,n/a,ThinkPad X1 Carbon Gen 14,ATL,5B11M90161,2026-06-03T16:38:27
SORIDE-50000008_soride,688,2024-02-13 16:35:07,2024-05-24 09:52:17,100.72,0.5,11.039,35,22,0,0,0,0,1,QUALITY_SHORT_OBS,91280.0,91230.0,91230.0,91280.0,4,3,0,3,2024-04-22 17:34:27,31.7,2.979,1.0,4.0,3.0,10.88,100.0,0,0,0.05,101.37,False,False,31.7,0.0,0.0,90.0,100.0,10.0,0.9548,0.4577,0.0,0,0,0,0,0,0,0,0,0,,,0,0,,,0,0,,,0,0,0,0,0,0,0,0,0,0,0,,,0,0,,,0,0,,,0,0,0,0,0,0,0,0,0,0,0,,,0,0,,,0,0,,,0,0,,,,False,False,False,False,False,REVIEW_INSUFFICIENT_DATA,ACTION_COLLECT_MORE_DATA_OR_MANUAL_REVIEW,review,REVIEW_SHORT_OBS_ACTIVE_LIKE,,,REVIEW_SHORT_OBS_ACTIVE_LIKE,low,観測期間<120日でactive様（flat_tail<60）。経過観察で十分なことが多い。,69.4,10.3,"obs_days=100.7, n_samples=688, quality=QUALITY_SHORT_OBS -> insufficient/uncertain data",観測期間・サンプル数・カウンタ整合性のいずれかが不足しており信頼できる判定ができません。review_priorityに従い追加データ収集または手動レビューを行ってください。,v2.0-final,v2.0-final,v2.0-final,0.0,,,,,0.0,-1.0,n/a,ThinkPad P1 Gen 7,Celxpert,5B11M37552,2026-06-03T16:38:27
SPAVLIC-F66MQCF_SPAVLIC,478,2026-05-05 14:19:48,2026-06-01 14:34:52,27.01,0.5,7.843,32,2,0,0,0,0,1,QUALITY_SHORT_OBS,75010.0,73710.0,73710.0,75010.0,8,7,0,7,2026-05-31 21:26:42,0.7,25.916,3.0,10.0,7.0,94.66,100.0,2,2,1.73,98.28,False,False,0.7,0.0,0.0,80.0,100.0,20.0,0.6216,0.5382,0.0,0,0,0,0,0,0,0,0,0,,,0,0,,,0,0,,,0,0,0,0,0,0,0,1,1,0,0,,,0,0,,,0,0,,,0,0,0,0,0,0,0,0,0,0,0,,,0,0,,,0,0,,,0,0,,,,False,False,False,False,False,REVIEW_INSUFFICIENT_DATA,ACTION_COLLECT_MORE_DATA_OR_MANUAL_REVIEW,review,REVIEW_SHORT_OBS_ACTIVE_LIKE,,,REVIEW_SHORT_OBS_ACTIVE_LIKE,low,観測期間<120日でactive様（flat_tail<60）。経過観察で十分なことが多い。,58.5,5.1,"obs_days=27.0, n_samples=478, quality=QUALITY_SHORT_OBS -> insufficient/uncertain data",観測期間・サンプル数・カウンタ整合性のいずれかが不足しており信頼できる判定ができません。review_priorityに従い追加データ収集または手動レビューを行ってください。,v2.0-final,v2.0-final,v2.0-final,0.0,,,,,0.0,-1.0,n/a,ThinkPad T14 Gen 7,Sunwoda,5B11M90169,2026-06-03T16:38:27
SPETERSEN2-SBS6_spetersen2,326,2025-06-04 15:08:12,2025-07-09 09:35:45,34.77,0.5,16.958,30,9,0,0,0,0,1,QUALITY_SHORT_OBS,58030.0,57950.0,57950.0,58030.0,8,7,0,7,2025-07-09 09:35:45,0.0,20.132,0.0,7.0,7.0,73.53,100.0,0,0,0.14,99.88,False,False,0.0,0.0,,93.0,93.0,0.0,,,,0,0,0,0,0,0,0,0,0,,,0,0,,,0,0,,,0,0,0,0,0,0,0,0,0,0,0,,,0,0,,,0,0,,,0,0,0,0,0,0,0,0,0,0,0,,,0,0,,,0,0,,,0,0,,,,False,False,False,False,False,REVIEW_INSUFFICIENT_DATA,ACTION_COLLECT_MORE_DATA_OR_MANUAL_REVIEW,review,REVIEW_SHORT_OBS_ACTIVE_LIKE,,,REVIEW_SHORT_OBS_ACTIVE_LIKE,low,観測期間<120日でactive様（flat_tail<60）。経過観察で十分なことが多い。,65.0,5.0,"obs_days=34.8, n_samples=326, quality=QUALITY_SHORT_OBS -> insufficient/uncertain data",観測期間・サンプル数・カウンタ整合性のいずれかが不足しており信頼できる判定ができません。review_priorityに従い追加データ収集または手動レビューを行ってください。,v2.0-final,v2.0-final,v2.0-final,0.0,,,,,0.0,-1.0,n/a,ThinkPad T14s Gen 6,SMP,5B11M90107,2026-06-03T16:38:27
SPOSHAR-W0J2TP0_sposhar,3241,2025-08-25 14:41:42,2026-06-01 15:26:19,280.03,0.5,11.825,238,51,0,0,0,0,1,QUALITY_OK,54760.0,46500.0,41780.0,55570.0,136,144,22,122,2026-06-01 10:54:11,0.2,51.423,1.0,114.0,113.0,147.39,127.434,44,44,25.19,84.93,False,False,0.2,0.0,0.0,40.0,100.0,60.0,0.0724,0.0397,0.0,0,0,0,0,0,3,3,0,0,,,0,0,,,0,0,,,0,0,0,0,0,0,0,18,18,0,0,,,0,0,,,0,0,,,0,0,0,0,0,0,0,6,6,0,0,,,0,0,,,0,0,,,0,0,,,,False,False,False,False,False,NORMAL_OR_RESPONDING,ACTION_NONE,high,NOT_NO_LOW_CHANGE_CANDIDATE,,,,,,51.5,10.0,"flat_tail=0.2d, fcc_changes=144, tail_cyc=0.0, tail_ok[90/80]=0/0, unresp_complete[90/80]=0/0, large_gap[90/80]=0/0 -> FCC still updating / not a no-low-change candidate",,v2.0-final,v2.0-final,v2.0-final,0.0,,,,,0.0,-1.0,n/a,ThinkPad L13 Gen 6,SMP,5B11M90129,2026-06-03T16:38:27
SSPINNER-000090_sspinner,4791,2025-03-20 11:15:03,2026-05-28 13:18:50,434.09,0.5,13.93,342,62,0,0,0,0,1,QUALITY_OK,55720.0,48060.0,45940.0,55720.0,212,246,32,214,2026-05-27 11:28:53,1.1,56.67,0.0,214.0,214.0,180.06,114.953,69,66,17.86,87.78,False,False,1.1,0.0,0.0,19.0,100.0,81.0,0.5292,0.6101,0.0,0,0,0,0,3,45,48,0,0,,1.0,0,0,,1.0,0,0,,1.0,0,0,0,0,0,0,8,75,83,0,0,,1.0,0,0,,1.0,0,0,,1.0,0,0,0,0,0,0,5,57,62,0,0,,1.0,0,0,,1.0,0,0,,1.0,0,0,,,,False,False,False,False,False,NORMAL_OR_RESPONDING,ACTION_NONE,high,NOT_NO_LOW_CHANGE_CANDIDATE,,,,,,60.8,10.2,"flat_tail=1.1d, fcc_changes=246, tail_cyc=0.0, tail_ok[90/80]=0/0, unresp_complete[90/80]=0/0, large_gap[90/80]=0/0 -> FCC still updating / not a no-low-change candidate",,v2.0-final,v2.0-final,v2.0-final,0.0,,,,,0.0,-1.0,n/a,ThinkPad L13 2-in-1 Gen 6,SMP,5B11M90129,2026-06-03T16:38:27
SSUGIMOTO2-0011_ssugimoto2,271,2025-06-23 14:45:23,2025-07-08 19:02:49,15.18,0.5,1.162,11,2,0,0,0,0,1,QUALITY_SHORT_OBS,90010.0,90010.0,90010.0,90010.0,1,0,0,0,2025-06-23 14:45:23,15.2,0.0,2.0,3.0,1.0,24.06,0.0,0,0,0.0,100.01,True,False,15.2,1.0,24.06,62.0,100.0,38.0,0.8477,0.6453,0.0,0,0,0,0,0,0,0,0,0,,,0,0,,,0,0,,,0,0,0,0,0,0,0,0,0,0,0,,,0,0,,,0,0,,,0,0,0,0,0,0,0,0,0,0,0,,,0,0,,,0,0,,,0,0,,,,False,False,False,False,False,REVIEW_INSUFFICIENT_DATA,ACTION_COLLECT_MORE_DATA_OR_MANUAL_REVIEW,review,REVIEW_SHORT_OBS_ACTIVE_LIKE,,,REVIEW_SHORT_OBS_ACTIVE_LIKE,low,観測期間<120日でactive様（flat_tail<60）。経過観察で十分なことが多い。,64.0,7.7,"obs_days=15.2, n_samples=271, quality=QUALITY_SHORT_OBS -> insufficient/uncertain data",観測期間・サンプル数・カウンタ整合性のいずれかが不足しており信頼できる判定ができません。review_priorityに従い追加データ収集または手動レビューを行ってください。,v2.0-final,v2.0-final,v2.0-final,0.0,,,,,0.0,-1.0,n/a,ThinkPad P1 Gen 8,Sunwoda,5B11M37553,2026-06-03T16:38:27
SSUGIMOTO2-6_ssugimoto2,2998,2024-02-22 13:21:24,2025-06-09 09:15:30,472.83,0.5,14.504,195,91,0,0,0,0,1,QUALITY_OK,91710.0,91100.0,91100.0,91710.0,40,39,0,39,2025-05-29 18:28:57,10.6,8.248,3.0,42.0,39.0,30.13,100.0,0,0,0.68,101.22,False,False,10.6,0.0,0.0,65.0,95.0,30.0,0.3369,0.0,0.0,0,0,0,0,0,0,0,0,0,,,0,0,,,0,0,,,0,0,0,0,0,0,0,2,2,0,0,,,0,0,,,0,0,,,0,0,0,0,0,0,0,1,1,0,0,,,0,0,,,0,0,,,0,0,,,,False,False,False,False,False,NORMAL_OR_RESPONDING,ACTION_NONE,high,NOT_NO_LOW_CHANGE_CANDIDATE,,,,,,61.8,11.8,"flat_tail=10.6d, fcc_changes=39, tail_cyc=0.0, tail_ok[90/80]=0/0, unresp_complete[90/80]=0/0, large_gap[90/80]=0/0 -> FCC still updating / not a no-low-change candidate",,v2.0-final,v2.0-final,v2.0-final,0.0,,,,,0.0,-1.0,n/a,ThinkPad P1 Gen 7,Sunwoda,5B11M37553,2026-06-03T16:38:27
SSUGIMOTO2-7_ssugimoto2,6660,2024-05-21 10:12:14,2026-05-13 13:14:12,722.13,0.5,2.855,307,130,0,0,0,0,1,QUALITY_OK,90010.0,88620.0,87920.0,90010.0,33,32,1,31,2026-04-13 19:11:00,29.8,4.431,3.0,35.0,32.0,16.19,100.0,3,3,2.32,98.47,False,False,29.8,0.0,0.0,52.0,100.0,48.0,0.9547,0.6811,0.0,0,0,0,0,0,0,0,0,0,,,0,0,,,0,0,,,0,0,0,0,0,0,0,1,1,0,0,,,0,0,,,0,0,,,0,0,0,0,0,0,0,1,1,0,0,,,0,0,,,0,0,,,0,0,,,,False,False,False,False,False,NORMAL_OR_RESPONDING,ACTION_NONE,high,NOT_NO_LOW_CHANGE_CANDIDATE,,,,,,74.1,15.0,"flat_tail=29.8d, fcc_changes=32, tail_cyc=0.0, tail_ok[90/80]=0/0, unresp_complete[90/80]=0/0, large_gap[90/80]=0/0 -> FCC still updating / not a no-low-change candidate",,v2.0-final,v2.0-final,v2.0-final,0.0,,,,,0.0,-1.0,n/a,ThinkPad P1 Gen 7,Sunwoda,5B11M37553,2026-06-03T16:38:27
SSUGIMOTO2-PSSK_ssugimoto2,2703,2025-09-04 09:58:55,2026-05-15 10:01:16,253.0,0.5,2.224,126,38,0,0,0,0,1,QUALITY_OK,90010.0,90750.0,90010.0,93150.0,29,28,4,24,2026-04-27 19:20:20,17.6,11.067,2.0,23.0,21.0,30.32,133.333,8,7,3.49,100.83,False,False,17.6,0.0,0.0,54.0,100.0,46.0,0.8046,0.6199,0.0,0,0,0,0,0,5,5,0,0,,,0,0,,,0,0,,,0,0,0,0,0,0,0,5,5,0,0,,,0,0,,,0,0,,,0,0,0,0,0,0,0,5,5,0,0,,,0,0,,,0,0,,,0,0,,,,False,False,False,False,False,NORMAL_OR_RESPONDING,ACTION_NONE,high,NOT_NO_LOW_CHANGE_CANDIDATE,,,,,,69.0,12.9,"flat_tail=17.6d, fcc_changes=28, tail_cyc=0.0, tail_ok[90/80]=0/0, unresp_complete[90/80]=0/0, large_gap[90/80]=0/0 -> FCC still updating / not a no-low-change candidate",,v2.0-final,v2.0-final,v2.0-final,0.0,,,,,0.0,-1.0,n/a,ThinkPad P1 Gen 8,Sunwoda,5B11M37553,2026-06-03T16:38:27
STAHAMTAN-MLH1C_stahamtan,9516,2023-12-14 10:11:34,2026-05-28 11:55:25,896.07,0.5,11.049,594,130,0,0,0,0,1,QUALITY_OK,58830.0,55750.0,55750.0,58830.0,114,113,0,113,2026-05-28 08:45:58,0.1,12.611,2.0,112.0,110.0,44.84,102.727,3,3,5.4,97.76,False,False,0.1,0.0,0.0,88.0,100.0,12.0,0.634,0.454,0.0,0,0,0,0,0,1,1,0,0,,,0,0,,,0,0,,,0,0,0,0,0,0,0,3,3,0,0,,,0,0,,,0,0,,,0,0,0,0,0,0,0,2,2,0,0,,,0,0,,,0,0,,,0,0,,,,False,False,False,False,False,NORMAL_OR_RESPONDING,ACTION_NONE,high,NOT_NO_LOW_CHANGE_CANDIDATE,,,,,,66.0,10.0,"flat_tail=0.1d, fcc_changes=113, tail_cyc=0.0, tail_ok[90/80]=0/0, unresp_complete[90/80]=0/0, large_gap[90/80]=0/0 -> FCC still updating / not a no-low-change candidate",,v2.0-final,v2.0-final,v2.0-final,0.0,,,,,0.0,-1.0,n/a,ThinkPad X1 Carbon Gen 12,Celxpert,5B11H56384,2026-06-03T16:38:27
STEVENLONG-EKAH_stevenlong,906,2024-12-16 06:56:12,2025-04-10 09:27:22,115.1,0.5,11.561,84,11,0,1,0,0,1,QUALITY_COUNTER_RESET,57350.0,58150.0,57320.0,58790.0,31,32,4,28,2025-04-10 08:51:22,0.0,27.802,3.0,30.0,27.0,85.68,118.519,4,4,2.58,101.96,False,False,0.0,0.0,0.0,99.0,100.0,1.0,0.2167,1.0,0.0,0,0,0,0,0,0,0,0,0,,,0,0,,,0,0,,,0,0,0,0,0,0,0,1,1,0,0,,,0,0,,,0,0,,,0,0,0,0,0,0,0,0,0,0,0,,,0,0,,,0,0,,,0,0,,,,False,False,False,False,False,REVIEW_INSUFFICIENT_DATA,ACTION_COLLECT_MORE_DATA_OR_MANUAL_REVIEW,review,REVIEW_COUNTER_RESET,,,REVIEW_COUNTER_RESET,high,cycleCountが減少（カウンタリセット/パック異常疑い）。生ログ確認が必要。,59.7,0.0,"obs_days=115.1, n_samples=906, quality=QUALITY_COUNTER_RESET -> insufficient/uncertain data",観測期間・サンプル数・カウンタ整合性のいずれかが不足しており信頼できる判定ができません。review_priorityに従い追加データ収集または手動レビューを行ってください。,v2.0-final,v2.0-final,v2.0-final,0.0,,,,,0.0,-1.0,n/a,ThinkPad X1 Carbon Gen 13,Celxpert,5B11M90098,2026-06-03T16:38:27
STEVENLONG-XACV_stevenlong,903,2024-04-22 10:24:36,2024-08-06 07:52:38,105.89,0.503,10.183,95,8,0,0,0,0,1,QUALITY_SHORT_OBS,58680.0,56790.0,56790.0,59590.0,43,42,4,38,2024-08-01 06:52:59,5.0,39.664,0.0,37.0,37.0,127.63,113.514,10,10,4.91,99.63,False,False,5.0,0.0,0.0,82.0,100.0,18.0,0.3652,0.3466,0.0,0,0,0,0,0,2,2,0,0,,,0,0,,,0,0,,,0,0,0,0,0,0,1,5,6,0,0,,1.0,0,0,,1.0,0,0,,1.0,0,0,0,0,0,0,0,2,2,0,0,,,0,0,,,0,0,,,0,0,,,,False,False,False,False,False,REVIEW_INSUFFICIENT_DATA,ACTION_COLLECT_MORE_DATA_OR_MANUAL_REVIEW,review,REVIEW_SHORT_OBS_ACTIVE_LIKE,,,REVIEW_SHORT_OBS_ACTIVE_LIKE,low,観測期間<120日でactive様（flat_tail<60）。経過観察で十分なことが多い。,59.8,5.8,"obs_days=105.9, n_samples=903, quality=QUALITY_SHORT_OBS -> insufficient/uncertain data",観測期間・サンプル数・カウンタ整合性のいずれかが不足しており信頼できる判定ができません。review_priorityに従い追加データ収集または手動レビューを行ってください。,v2.0-final,v2.0-final,v2.0-final,0.0,,,,,0.0,-1.0,n/a,ThinkPad X1 Carbon Gen 12,Sunwoda,5B11H56385,2026-06-03T16:38:27
SUGAP-PF2QQVFQ_SUGAP,8759,2023-02-03 12:45:16,2024-02-06 17:26:59,368.2,0.5,3.703,343,20,0,0,0,0,1,QUALITY_OK,48310.0,45080.0,44850.0,51250.0,320,704,345,359,2024-02-06 08:56:58,0.4,191.2,257.0,501.0,244.0,242.05,288.525,417,297,11.23,79.09,False,False,0.4,0.0,0.0,100.0,100.0,0.0,1.0,1.0,0.0,0,0,0,0,2,21,23,0,0,,1.0,0,0,,1.0,0,0,,1.0,0,0,0,0,0,0,15,56,71,0,0,,1.0,0,0,,1.0,0,0,,1.0,0,0,0,0,0,0,10,31,41,0,0,,1.0,0,0,,1.0,0,0,,1.0,0,0,,,,False,False,False,False,False,NORMAL_OR_RESPONDING,ACTION_NONE,high,NOT_NO_LOW_CHANGE_CANDIDATE,,,,,,70.1,10.1,"flat_tail=0.4d, fcc_changes=704, tail_cyc=0.0, tail_ok[90/80]=0/0, unresp_complete[90/80]=0/0, large_gap[90/80]=0/0 -> FCC still updating / not a no-low-change candidate",,v2.0-final,v2.0-final,v2.0-final,0.0,,,,,0.0,-1.0,n/a,ThinkPad X1 Carbon Gen 9,Celxpert,5B10W13974,2026-06-03T16:38:27
SWIGGINS-0HBMT4_swiggins,4820,2025-06-24 13:58:03,2026-05-26 15:03:02,336.05,0.5,9.195,338,47,0,0,0,0,1,QUALITY_OK,54760.0,47050.0,46460.0,56160.0,168,199,21,178,2026-05-26 13:27:05,0.1,59.217,1.0,168.0,167.0,181.51,119.162,39,37,17.72,85.94,False,False,0.1,0.0,0.0,33.0,94.0,61.0,0.0003,0.0,0.0,0,0,0,0,0,4,4,0,0,,,0,0,,,0,0,,,0,0,0,0,0,0,3,16,19,0,0,,1.0,0,0,,1.0,0,0,,1.0,0,0,0,0,0,0,1,9,10,0,0,,1.0,0,0,,1.0,0,0,,1.0,0,0,,,,False,False,False,False,False,NORMAL_OR_RESPONDING,ACTION_NONE,high,NOT_NO_LOW_CHANGE_CANDIDATE,,,,,,50.0,10.0,"flat_tail=0.1d, fcc_changes=199, tail_cyc=0.0, tail_ok[90/80]=0/0, unresp_complete[90/80]=0/0, large_gap[90/80]=0/0 -> FCC still updating / not a no-low-change candidate",,v2.0-final,v2.0-final,v2.0-final,0.0,,,,,0.0,-1.0,n/a,ThinkPad L13 Gen 6,SMP,5B11M90129,2026-06-03T16:38:27
SYADAVILLI-NH12_syadavilli,6158,2025-10-13 15:32:51,2026-05-25 15:47:55,224.01,0.5,0.5,68,20,0,0,0,0,1,QUALITY_OK,99900.0,91760.0,88620.0,99900.0,130,129,17,112,2026-05-13 17:02:10,11.9,57.587,2.0,103.0,101.0,164.68,127.723,38,37,11.29,91.85,False,False,11.9,0.0,0.0,48.0,100.0,52.0,1.0,0.3982,0.0,0,0,0,0,11,18,29,0,0,,1.0,0,0,,1.0,0,0,,1.0,0,0,0,0,0,0,13,20,33,0,0,,1.0,0,0,,1.0,0,0,,1.0,0,0,0,0,0,0,12,19,31,0,0,,1.0,0,0,,1.0,0,0,,1.0,0,0,,,,False,False,False,False,False,NORMAL_OR_RESPONDING,ACTION_NONE,high,NOT_NO_LOW_CHANGE_CANDIDATE,,,,,,72.0,12.0,"flat_tail=11.9d, fcc_changes=129, tail_cyc=0.0, tail_ok[90/80]=0/0, unresp_complete[90/80]=0/0, large_gap[90/80]=0/0 -> FCC still updating / not a no-low-change candidate",,v2.0-final,v2.0-final,v2.0-final,0.0,,,,,0.0,-1.0,n/a,ThinkPad P16 Gen 3,SMP,5B11M90135,2026-06-03T16:38:27
SYAMAKI-9000027_s,700,2024-09-10 20:20:30,2024-10-18 13:06:23,37.7,0.5,6.164,36,5,0,0,0,0,1,QUALITY_SHORT_OBS,58040.0,57420.0,57420.0,58040.0,5,4,0,4,2024-10-18 10:06:23,0.1,10.61,2.0,5.0,3.0,29.06,133.333,1,1,1.07,99.0,False,False,0.1,0.0,0.0,97.0,97.0,0.0,1.0,0.0,0.0,0,0,0,0,0,0,0,0,0,,,0,0,,,0,0,,,0,0,0,0,0,0,0,0,0,0,0,,,0,0,,,0,0,,,0,0,0,0,0,0,0,0,0,0,0,,,0,0,,,0,0,,,0,0,,,,False,False,False,False,False,REVIEW_INSUFFICIENT_DATA,ACTION_COLLECT_MORE_DATA_OR_MANUAL_REVIEW,review,REVIEW_SHORT_OBS_ACTIVE_LIKE,,,REVIEW_SHORT_OBS_ACTIVE_LIKE,low,観測期間<120日でactive様（flat_tail<60）。経過観察で十分なことが多い。,65.0,5.0,"obs_days=37.7, n_samples=700, quality=QUALITY_SHORT_OBS -> insufficient/uncertain data",観測期間・サンプル数・カウンタ整合性のいずれかが不足しており信頼できる判定ができません。review_priorityに従い追加データ収集または手動レビューを行ってください。,v2.0-final,v2.0-final,v2.0-final,0.0,,,,,0.0,-1.0,n/a,ThinkPad T14s Gen 6,Sunwoda,LNV-5B11H56404,2026-06-03T16:38:27
SYANG30-W0KZBQZ_syang30,5795,2025-09-15 14:17:58,2026-05-09 17:33:02,236.14,0.5,2.505,170,16,0,0,0,0,1,QUALITY_OK,92740.0,84460.0,83260.0,92740.0,89,95,9,86,2026-05-07 17:38:25,2.0,40.23,3.0,77.0,74.0,114.46,128.378,23,23,10.53,93.84,False,False,2.0,0.0,0.0,92.0,100.0,8.0,0.6891,0.7128,0.0,0,0,0,0,1,4,5,0,0,,1.0,0,0,,1.0,0,0,,1.0,0,0,0,0,0,0,3,13,16,0,0,,1.0,0,0,,1.0,0,0,,1.0,0,0,0,0,0,0,1,9,10,0,0,,1.0,0,0,,1.0,0,0,,1.0,0,0,,,,False,False,False,False,False,NORMAL_OR_RESPONDING,ACTION_NONE,high,NOT_NO_LOW_CHANGE_CANDIDATE,,,,,,67.7,10.3,"flat_tail=2.0d, fcc_changes=95, tail_cyc=0.0, tail_ok[90/80]=0/0, unresp_complete[90/80]=0/0, large_gap[90/80]=0/0 -> FCC still updating / not a no-low-change candidate",,v2.0-final,v2.0-final,v2.0-final,0.0,,,,,0.0,-1.0,n/a,ThinkPad T1g Gen 8,Sunwoda,5B11M37553,2026-06-03T16:38:27
SYD6_zf,314,2024-01-10 10:37:17,2024-01-24 18:30:54,14.33,0.5,1.495,9,2,0,0,0,0,1,QUALITY_SHORT_OBS,75000.0,75000.0,75000.0,75000.0,1,0,0,0,2024-01-10 10:37:17,14.3,0.0,1.0,4.0,3.0,76.47,0.0,0,0,0.0,100.0,True,False,14.3,3.0,76.47,29.0,100.0,71.0,0.7982,0.3589,0.0,0,0,0,0,0,0,0,0,0,,,0,0,,,0,0,,,0,0,0,0,0,0,0,0,0,0,0,,,0,0,,,0,0,,,0,0,0,0,0,0,0,0,0,0,0,,,0,0,,,0,0,,,0,0,,,,False,False,False,False,False,REVIEW_INSUFFICIENT_DATA,ACTION_COLLECT_MORE_DATA_OR_MANUAL_REVIEW,review,REVIEW_SHORT_OBS_ACTIVE_LIKE,,,REVIEW_SHORT_OBS_ACTIVE_LIKE,low,観測期間<120日でactive様（flat_tail<60）。経過観察で十分なことが多い。,61.8,8.0,"obs_days=14.3, n_samples=314, quality=QUALITY_SHORT_OBS -> insufficient/uncertain data",観測期間・サンプル数・カウンタ整合性のいずれかが不足しており信頼できる判定ができません。review_priorityに従い追加データ収集または手動レビューを行ってください。,v2.0-final,v2.0-final,v2.0-final,0.0,,,,,0.0,-1.0,n/a,ThinkPad T14p Gen 2,SMP,5B11H56401,2026-06-03T16:38:27
T14S-GEN5-REX_shensl3,8842,2024-04-30 21:02:18,2025-09-28 08:42:28,515.49,0.5,7.047,566,58,0,1,0,0,1,QUALITY_COUNTER_RESET,58030.0,34090.0,34090.0,58630.0,231,244,15,229,2025-09-11 21:47:35,16.5,47.334,3.0,217.0,214.0,151.63,114.019,36,36,42.29,58.76,False,False,16.5,0.0,0.0,20.0,100.0,80.0,0.1582,0.528,0.0,0,0,0,0,3,7,10,0,0,,1.0,0,0,,1.0,0,0,,1.0,0,0,0,0,0,0,11,21,32,0,0,,1.0,0,0,,1.0,0,0,,1.0,0,0,0,0,0,0,7,14,21,0,0,,1.0,0,0,,1.0,0,0,,1.0,0,0,,,,False,False,False,False,False,REVIEW_INSUFFICIENT_DATA,ACTION_COLLECT_MORE_DATA_OR_MANUAL_REVIEW,review,REVIEW_COUNTER_RESET,,,REVIEW_COUNTER_RESET,high,cycleCountが減少（カウンタリセット/パック異常疑い）。生ログ確認が必要。,45.9,2.8,"obs_days=515.5, n_samples=8842, quality=QUALITY_COUNTER_RESET -> insufficient/uncertain data",観測期間・サンプル数・カウンタ整合性のいずれかが不足しており信頼できる判定ができません。review_priorityに従い追加データ収集または手動レビューを行ってください。,v2.0-final,v2.0-final,v2.0-final,0.0,,,,,0.0,-1.0,n/a,ThinkPad T14s Gen 5,SMP,5B11H56407,2026-06-03T16:38:27
T14S2IN1_robbiet,858,2025-05-13 20:07:00,2025-08-11 14:43:08,89.78,0.5,13.175,88,16,0,0,0,0,1,QUALITY_SHORT_OBS,58050.0,57430.0,57430.0,58380.0,29,28,1,27,2025-08-11 09:53:53,0.2,31.187,0.0,28.0,28.0,113.91,100.0,1,1,1.64,99.02,False,False,0.2,0.0,0.0,66.0,100.0,34.0,0.6494,0.376,0.0,0,0,0,0,0,2,2,0,0,,,0,0,,,0,0,,,0,0,0,0,0,0,0,5,5,0,0,,,0,0,,,0,0,,,0,0,0,0,0,0,0,2,2,0,0,,,0,0,,,0,0,,,0,0,,,,False,False,False,False,False,REVIEW_INSUFFICIENT_DATA,ACTION_COLLECT_MORE_DATA_OR_MANUAL_REVIEW,review,REVIEW_SHORT_OBS_ACTIVE_LIKE,,,REVIEW_SHORT_OBS_ACTIVE_LIKE,low,観測期間<120日でactive様（flat_tail<60）。経過観察で十分なことが多い。,58.0,5.0,"obs_days=89.8, n_samples=858, quality=QUALITY_SHORT_OBS -> insufficient/uncertain data",観測期間・サンプル数・カウンタ整合性のいずれかが不足しており信頼できる判定ができません。review_priorityに従い追加データ収集または手動レビューを行ってください。,v2.0-final,v2.0-final,v2.0-final,0.0,,,,,0.0,-1.0,n/a,ThinkPad T14s 2-in-1 Gen 1,ATL,5B11M90108,2026-06-03T16:38:27
T14SG5-CBLI_cblindenbacher,7136,2024-02-09 13:47:39,2026-05-28 22:01:52,839.34,0.5,15.511,843,111,0,0,0,0,1,QUALITY_OK,58530.0,48650.0,46380.0,58640.0,99,101,17,84,2026-04-05 22:18:58,53.0,12.033,3.0,72.0,69.0,30.03,146.377,39,39,21.13,83.88,False,False,53.0,0.0,0.0,76.0,100.0,24.0,0.9741,0.7081,0.0,0,0,0,0,0,15,15,0,0,,,0,0,,,0,0,,,0,0,0,0,0,0,1,21,22,0,0,,1.0,0,0,,1.0,0,0,,1.0,0,0,0,0,0,0,0,17,17,0,0,,,0,0,,,0,0,,,0,0,,,,False,False,False,False,False,NORMAL_OR_RESPONDING,ACTION_NONE,high,NOT_NO_LOW_CHANGE_CANDIDATE,,,,,,78.3,18.8,"flat_tail=53.0d, fcc_changes=101, tail_cyc=0.0, tail_ok[90/80]=0/0, unresp_complete[90/80]=0/0, large_gap[90/80]=0/0 -> FCC still updating / not a no-low-change candidate",,v2.0-final,v2.0-final,v2.0-final,0.0,,,,,0.0,-1.0,n/a,ThinkPad T14s Gen 5,Celxpert,5B11H56406,2026-06-03T16:38:27
TAJISAKA-49SXPJ_tajisaka,14183,2023-05-25 09:41:51,2026-01-15 09:01:57,965.97,0.5,0.501,620,143,0,0,0,0,1,QUALITY_OK,58990.0,51540.0,51540.0,58990.0,6,5,0,5,2024-06-20 12:10:24,573.9,0.518,0.0,128.0,128.0,48.4,3.906,5,5,13.06,90.34,False,False,573.9,69.0,43.92,14.0,100.0,86.0,0.9438,0.383,0.0001,0,0,0,0,0,2,2,0,0,,,0,0,,,0,0,,,0,0,0,0,0,0,0,7,7,0,0,,,0,0,,,0,0,,,0,0,0,0,0,0,0,3,3,0,0,,,0,0,,,0,0,,,0,0,,,,False,True,True,True,True,ACTIONABLE_GAUGE_RESET_INSUFFICIENT_LEARNING_OPPORTUNITY,ACTION_GAUGE_RESET,high,GAUGE_HIGH_NO_OPPORTUNITY,NO_OPPORTUNITY_AC_BOUND,,,,,83.9,50.0,"flat_tail=573.9d, fcc_changes=5, tail_cyc=69.0, tail_ok[90/80]=0/0, unresp_complete[90/80]=0/0, large_gap[90/80]=0/0, ac=0.94, min_rsoc=14.0 -> insufficient learning opportunity",FCC/SoHが長期間更新されておらず、ログ上は深い放電→再充電の学習機会が十分に確認できません（OK品質の機会が無く、large-gapを含めても判定可能な機会がない）。安全な環境でOEM推奨のバッテリーゲージリセット/キャリブレーションを実施し、その後72h〜7日間のテレメトリでFCC更新有無を確認してください。,v2.0-final,v2.0-final,v2.0-final,0.0,,,,,0.0,1.0,MIXED,ThinkPad X1 Carbon Gen 10,SMP,5B11M90056,2026-06-03T16:38:27
TBERDAR-F4G0ASQ_tberdar,2400,2023-08-03 12:33:41,2024-02-01 15:28:12,182.12,0.5,7.215,125,29,0,0,0,0,1,QUALITY_OK,54610.0,53810.0,53810.0,54610.0,2,1,0,1,2023-08-30 12:58:18,155.1,0.549,2.0,76.0,74.0,148.41,1.351,1,1,1.52,102.5,False,False,155.1,61.0,143.65,4.0,100.0,96.0,0.657,0.5307,0.0218,0,3,3,3,0,7,7,0,0,,,0,0,,,0,0,,,0,0,2,24,26,26,2,31,33,2,0,0.0,0.0,2,0,0.0,0.0,2,0,0.0,0.0,2,0,0,7,7,7,0,14,14,0,0,,,0,0,,,0,0,,,0,0,0.0,0.0,0.0,False,False,True,True,True,ACTIONABLE_FW_CHECK_OPPORTUNITY_NO_RESPONSE,ACTION_FW_CHECK,medium,FW_MEDIUM_UNRESPONDED_COMPLETE_WINDOWS,LOW_UPDATE_RATE_WITH_OPPORTUNITIES,,,,,49.9,77.8,"flat_tail=155.1d, fcc_changes=1, tail_cyc=61.0, tail_ok[90/80]=0/2, unresp_complete[90/80]=0/2, large_gap[90/80]=3/24 -> complete-window opportunities present but FCC did not respond",FCC/SoHが長期間更新されておらず、ログ上は深い放電→再充電の学習機会（完全窓・OK品質）が複数回確認されるのにFCCが応答していません。BIOS/EC/バッテリー関連FWのVersion確認とアップデート有無確認を優先してください。アップデート後、次回の学習機会後72h〜7日間でFCC更新有無を確認してください。,v2.0-final,v2.0-final,v2.0-final,2.0,0.713,0.0,-0.713,-1.054,49.4,1.0,MIXED,ThinkPad T14 Gen 4,LG,5B10W51863,2026-06-03T16:38:27
TBERDAR-F4RM5MK_tberdar,1653,2024-02-06 09:29:32,2024-06-04 13:51:30,119.18,0.5,9.388,107,17,0,0,0,0,1,QUALITY_SHORT_OBS,59660.0,52460.0,52460.0,59660.0,52,51,3,48,2024-06-03 12:59:53,1.0,42.792,1.0,42.0,41.0,125.65,124.39,14,11,12.62,91.99,False,False,1.0,0.0,0.0,50.0,100.0,50.0,0.5529,0.5529,0.0,0,0,0,0,0,1,1,0,0,,,0,0,,,0,0,,,0,0,0,0,0,0,1,12,13,0,0,,1.0,0,0,,1.0,0,0,,1.0,0,0,0,0,0,0,0,1,1,0,0,,,0,0,,,0,0,,,0,0,,,,False,False,False,False,False,REVIEW_INSUFFICIENT_DATA,ACTION_COLLECT_MORE_DATA_OR_MANUAL_REVIEW,review,REVIEW_SHORT_OBS_ACTIVE_LIKE,,,REVIEW_SHORT_OBS_ACTIVE_LIKE,low,観測期間<120日でactive様（flat_tail<60）。経過観察で十分なことが多い。,56.2,5.2,"obs_days=119.2, n_samples=1653, quality=QUALITY_SHORT_OBS -> insufficient/uncertain data",観測期間・サンプル数・カウンタ整合性のいずれかが不足しており信頼できる判定ができません。review_priorityに従い追加データ収集または手動レビューを行ってください。,v2.0-final,v2.0-final,v2.0-final,0.0,,,,,0.0,-1.0,n/a,ThinkPad X1 Carbon Gen 12,SMP,5B11H56383,2026-06-03T16:38:27
TBERDAR-F5DC8CG_tberdar,4285,2025-01-13 11:27:15,2026-03-02 13:10:31,413.07,0.5,13.811,333,62,0,0,0,0,1,QUALITY_OK,55130.0,53620.0,49190.0,56780.0,132,150,11,139,2026-02-27 17:39:56,2.8,36.313,1.0,129.0,128.0,113.18,117.188,25,25,13.78,97.31,False,False,2.8,0.0,0.0,75.0,100.0,25.0,0.0946,0.2507,0.0,0,0,0,0,0,9,9,0,0,,,0,0,,,0,0,,,0,0,0,0,0,0,2,34,36,0,0,,1.0,0,0,,1.0,0,0,,1.0,0,0,0,0,0,0,0,20,20,0,0,,,0,0,,,0,0,,,0,0,,,,False,False,False,False,False,NORMAL_OR_RESPONDING,ACTION_NONE,high,NOT_NO_LOW_CHANGE_CANDIDATE,,,,,,62.1,10.5,"flat_tail=2.8d, fcc_changes=150, tail_cyc=0.0, tail_ok[90/80]=0/0, unresp_complete[90/80]=0/0, large_gap[90/80]=0/0 -> FCC still updating / not a no-low-change candidate",,v2.0-final,v2.0-final,v2.0-final,0.0,,,,,0.0,-1.0,n/a,ThinkPad X9-14 Gen 1,Sunwoda,LNV-5B11M90102,2026-06-03T16:38:27
TBERDAR-F62QQCF_tberdar,1622,2026-01-14 13:09:14,2026-05-20 15:55:39,126.12,0.5,14.621,104,34,0,0,0,0,1,QUALITY_OK,75010.0,76420.0,73010.0,77260.0,48,47,6,41,2026-05-19 10:37:45,1.2,37.266,1.0,44.0,43.0,124.53,109.302,12,11,5.66,101.89,False,False,1.2,0.0,0.0,15.0,100.0,85.0,0.3726,0.3726,0.0449,0,0,0,0,0,5,5,0,0,,,0,0,,,0,0,,,0,0,0,0,0,0,0,22,22,0,0,,,0,0,,,0,0,,,0,0,0,0,0,0,0,13,13,0,0,,,0,0,,,0,0,,,0,0,,,,False,False,False,False,False,NORMAL_OR_RESPONDING,ACTION_NONE,high,NOT_NO_LOW_CHANGE_CANDIDATE,,,,,,57.7,10.2,"flat_tail=1.2d, fcc_changes=47, tail_cyc=0.0, tail_ok[90/80]=0/0, unresp_complete[90/80]=0/0, large_gap[90/80]=0/0 -> FCC still updating / not a no-low-change candidate",,v2.0-final,v2.0-final,v2.0-final,0.0,,,,,0.0,-1.0,n/a,ThinkPad T14 Gen 7,Celxpert,5B11M90174,2026-06-03T16:38:27
TCHONAN-F49QH11_tchonan,9717,2023-02-02 15:13:37,2024-05-14 18:03:33,467.12,0.5,0.755,368,72,0,0,0,0,1,QUALITY_OK,57700.0,51650.0,50030.0,57870.0,440,955,479,476,2024-05-13 18:21:59,1.0,204.444,3.0,241.0,238.0,186.1,401.261,650,430,13.76,90.61,False,False,1.0,0.0,0.0,97.0,100.0,3.0,0.8299,0.9575,0.0,0,0,0,0,2,19,21,0,0,,1.0,0,0,,1.0,0,0,,1.0,0,0,0,0,0,0,4,60,64,0,0,,1.0,0,0,,1.0,0,0,,1.0,0,0,0,0,0,0,2,34,36,0,0,,1.0,0,0,,1.0,0,0,,1.0,0,0,,,,False,False,False,False,False,NORMAL_OR_RESPONDING,ACTION_NONE,high,NOT_NO_LOW_CHANGE_CANDIDATE,,,,,,69.2,10.2,"flat_tail=1.0d, fcc_changes=955, tail_cyc=0.0, tail_ok[90/80]=0/0, unresp_complete[90/80]=0/0, large_gap[90/80]=0/0 -> FCC still updating / not a no-low-change candidate",,v2.0-final,v2.0-final,v2.0-final,0.0,,,,,0.0,-1.0,n/a,ThinkPad X1 Carbon Gen 10,,,2026-06-03T16:38:27
THAMES2BESVT_apham,968,2025-01-29 10:34:04,2025-04-15 09:05:54,75.94,0.5,9.356,66,12,0,0,0,0,1,QUALITY_SHORT_OBS,59710.0,59410.0,59410.0,59710.0,22,21,0,21,2025-04-07 10:21:48,7.9,27.653,0.0,10.0,10.0,48.1,210.0,0,0,0.53,104.17,False,False,7.9,0.0,0.0,87.0,100.0,13.0,0.8815,0.5708,0.0,0,0,0,0,0,0,0,0,0,,,0,0,,,0,0,,,0,0,0,0,0,0,0,0,0,0,0,,,0,0,,,0,0,,,0,0,0,0,0,0,0,0,0,0,0,,,0,0,,,0,0,,,0,0,,,,False,False,False,False,False,REVIEW_INSUFFICIENT_DATA,ACTION_COLLECT_MORE_DATA_OR_MANUAL_REVIEW,review,REVIEW_SHORT_OBS_ACTIVE_LIKE,,,REVIEW_SHORT_OBS_ACTIVE_LIKE,low,観測期間<120日でactive様（flat_tail<60）。経過観察で十分なことが多い。,63.9,6.3,"obs_days=75.9, n_samples=968, quality=QUALITY_SHORT_OBS -> insufficient/uncertain data",観測期間・サンプル数・カウンタ整合性のいずれかが不足しており信頼できる判定ができません。review_priorityに従い追加データ収集または手動レビューを行ってください。,v2.0-final,v2.0-final,v2.0-final,0.0,,,,,0.0,-1.0,n/a,ThinkPad X1 Carbon Gen 13,SMP,5B11M90097,2026-06-03T16:38:27
THAMES2EEPSVT_apham,1518,2024-10-07 14:28:58,2024-12-12 22:03:45,66.32,0.5,3.042,48,7,0,0,0,0,1,QUALITY_SHORT_OBS,59660.0,59430.0,59430.0,59660.0,17,16,0,16,2024-12-09 20:43:22,3.1,24.125,1.0,10.0,9.0,49.57,177.778,0,0,0.4,104.21,False,False,3.1,0.0,0.0,92.0,100.0,8.0,0.8753,0.7788,0.0,0,0,0,0,0,0,0,0,0,,,0,0,,,0,0,,,0,0,0,0,0,0,0,0,0,0,0,,,0,0,,,0,0,,,0,0,0,0,0,0,0,0,0,0,0,,,0,0,,,0,0,,,0,0,,,,False,False,False,False,False,REVIEW_INSUFFICIENT_DATA,ACTION_COLLECT_MORE_DATA_OR_MANUAL_REVIEW,review,REVIEW_SHORT_OBS_ACTIVE_LIKE,,,REVIEW_SHORT_OBS_ACTIVE_LIKE,low,観測期間<120日でactive様（flat_tail<60）。経過観察で十分なことが多い。,63.0,5.5,"obs_days=66.3, n_samples=1518, quality=QUALITY_SHORT_OBS -> insufficient/uncertain data",観測期間・サンプル数・カウンタ整合性のいずれかが不足しており信頼できる判定ができません。review_priorityに従い追加データ収集または手動レビューを行ってください。,v2.0-final,v2.0-final,v2.0-final,0.0,,,,,0.0,-1.0,n/a,ThinkPad X1 Carbon Gen 13,SMP,5B11M90097,2026-06-03T16:38:27
THAMES_SIT,2347,2023-08-31 10:48:40,2024-01-25 08:23:22,146.9,0.5,2.961,76,15,0,0,0,0,1,QUALITY_OK,58360.0,58410.0,58040.0,58620.0,17,16,1,15,2023-12-15 16:00:25,40.7,10.892,1.0,16.0,15.0,37.3,106.667,1,1,1.02,102.42,False,False,40.7,0.0,0.0,33.0,98.0,65.0,0.1036,0.0,0.0,0,0,0,0,0,0,0,0,0,,,0,0,,,0,0,,,0,0,0,0,0,0,0,1,1,0,0,,,0,0,,,0,0,,,0,0,0,0,0,0,0,1,1,0,0,,,0,0,,,0,0,,,0,0,,,,False,False,False,False,False,NORMAL_OR_RESPONDING,ACTION_NONE,high,NOT_NO_LOW_CHANGE_CANDIDATE,,,,,,58.9,16.8,"flat_tail=40.7d, fcc_changes=16, tail_cyc=0.0, tail_ok[90/80]=0/0, unresp_complete[90/80]=0/0, large_gap[90/80]=0/0 -> FCC still updating / not a no-low-change candidate",,v2.0-final,v2.0-final,v2.0-final,0.0,,,,,0.0,-1.0,n/a,ThinkPad X1 Carbon Gen 12,Celxpert,5B11H56384,2026-06-03T16:38:27
THANNA-PF3SLBYQ_thanna,21666,2023-09-07 15:10:23,2025-10-05 22:20:19,759.3,0.5,0.5,320,53,0,0,0,0,1,QUALITY_OK,90890.0,72700.0,70290.0,90890.0,53,52,3,49,2025-08-18 08:01:13,48.6,6.848,1.0,41.0,40.0,19.24,130.0,41,13,22.89,80.78,False,False,48.6,0.0,0.0,36.0,100.0,64.0,0.959,0.2977,0.0,0,0,0,0,0,2,2,0,0,,,0,0,,,0,0,,,0,0,0,0,0,0,0,9,9,0,0,,,0,0,,,0,0,,,0,0,0,0,0,0,0,3,3,0,0,,,0,0,,,0,0,,,0,0,,,,False,False,False,False,False,NORMAL_OR_RESPONDING,ACTION_NONE,high,NOT_NO_LOW_CHANGE_CANDIDATE,,,,,,77.3,18.1,"flat_tail=48.6d, fcc_changes=52, tail_cyc=0.0, tail_ok[90/80]=0/0, unresp_complete[90/80]=0/0, large_gap[90/80]=0/0 -> FCC still updating / not a no-low-change candidate",,v2.0-final,v2.0-final,v2.0-final,0.0,,,,,0.0,-1.0,n/a,ThinkPad P16v Gen 1,Celxpert,5B11H56374,2026-06-03T16:38:27
THANNA-PW0KQC0Y_thanna,8455,2025-09-02 11:03:48,2026-05-26 11:01:01,266.0,0.5,0.5,109,16,0,0,0,0,1,QUALITY_OK,90010.0,82260.0,79080.0,90700.0,80,81,10,71,2026-05-19 11:26:41,7.0,30.451,1.0,61.0,60.0,82.39,135.0,22,22,12.91,91.4,False,False,7.0,0.0,0.0,87.0,100.0,13.0,0.9637,0.8048,0.0,0,0,0,0,6,23,29,0,0,,1.0,0,0,,1.0,0,0,,1.0,0,0,0,0,0,0,9,24,33,0,0,,1.0,0,0,,1.0,0,0,,1.0,0,0,0,0,0,0,6,24,30,0,0,,1.0,0,0,,1.0,0,0,,1.0,0,0,,,,False,False,False,False,False,NORMAL_OR_RESPONDING,ACTION_NONE,high,NOT_NO_LOW_CHANGE_CANDIDATE,,,,,,70.4,11.2,"flat_tail=7.0d, fcc_changes=81, tail_cyc=0.0, tail_ok[90/80]=0/0, unresp_complete[90/80]=0/0, large_gap[90/80]=0/0 -> FCC still updating / not a no-low-change candidate",,v2.0-final,v2.0-final,v2.0-final,0.0,,,,,0.0,-1.0,n/a,ThinkPad P1 Gen 8,Sunwoda,5B11M37553,2026-06-03T16:38:27
THANSON-F5NV1S7_thanson,2943,2025-09-17 15:13:32,2026-05-27 15:22:04,252.01,0.5,8.213,188,37,0,0,0,0,1,QUALITY_OK,57000.0,48440.0,47780.0,58720.0,125,132,21,111,2026-05-27 13:22:05,0.1,52.379,2.0,97.0,95.0,137.69,138.947,44,42,19.2,84.98,False,False,0.1,0.0,0.0,75.0,100.0,25.0,1.0,0.4999,0.0,0,0,0,0,3,5,8,0,0,,1.0,0,0,,1.0,0,0,,1.0,0,0,0,0,0,0,6,16,22,0,0,,1.0,0,0,,1.0,0,0,,1.0,0,0,0,0,0,0,3,11,14,0,0,,1.0,0,0,,1.0,0,0,,1.0,0,0,,,,False,False,False,False,False,NORMAL_OR_RESPONDING,ACTION_NONE,high,NOT_NO_LOW_CHANGE_CANDIDATE,,,,,,70.0,10.0,"flat_tail=0.1d, fcc_changes=132, tail_cyc=0.0, tail_ok[90/80]=0/0, unresp_complete[90/80]=0/0, large_gap[90/80]=0/0 -> FCC still updating / not a no-low-change candidate",,v2.0-final,v2.0-final,v2.0-final,0.0,,,,,0.0,-1.0,n/a,ThinkPad P14s Gen 6,Sunwoda,5B11M90119,2026-06-03T16:38:27
TK-THAMES2_takay,3507,2025-02-08 21:00:57,2026-01-06 13:03:35,331.67,0.483,7.42,191,40,0,0,0,0,1,QUALITY_OK,59670.0,59620.0,59620.0,59670.0,2,1,0,1,2025-06-27 09:12:46,193.2,0.302,1.0,57.0,56.0,61.67,1.786,1,0,0.09,104.54,False,False,193.2,18.0,34.04,6.0,100.0,94.0,0.5392,0.0025,0.0023,0,0,0,0,0,0,0,0,0,,,0,0,,,0,0,,,0,0,0,1,1,1,0,2,2,0,0,,,0,0,,,0,0,,,0,0,0,0,0,0,0,0,0,0,0,,,0,0,,,0,0,,,0,0,,,,False,True,True,True,True,WATCH_LOW_UPDATE_RATE_AMBIGUOUS,ACTION_MONITOR_OR_MANUAL_REVIEW,low,WATCH_POSSIBLE_OPPORTUNITY_WITH_LARGE_GAPS,,WATCH_POSSIBLE_OPPORTUNITY_WITH_LARGE_GAPS,,,,69.3,43.6,"flat_tail=193.2d, fcc_changes=1, tail_cyc=18.0, tail_ok[90/80]=0/0, unresp_complete[90/80]=0/0, large_gap[90/80]=0/1 -> ambiguous (watch)",FCC更新率は低いが完全凍結ではない/学習機会がlarge-gapまたは打ち切りで確証が弱い/境界的のため、FW確認に回す前にモニタリングまたは手動レビューを推奨します。,v2.0-final,v2.0-final,v2.0-final,0.0,,,,,0.0,1.0,MIXED,ThinkPad X1 Carbon Gen 13,SMP,5B11M90097,2026-06-03T16:38:27
TKOIKE-PF43BEK1_tkoide,8157,2023-03-28 14:14:03,2026-05-25 17:00:29,1154.12,0.5,12.249,646,191,0,0,0,0,1,QUALITY_OK,58990.0,47280.0,43080.0,58990.0,19,18,5,13,2026-01-06 16:31:11,139.0,1.56,1.0,337.0,336.0,106.34,5.357,13,13,27.89,82.87,False,False,139.0,11.0,28.9,0.0,100.0,100.0,0.5428,0.267,0.0701,0,5,5,5,1,47,48,0,0,,0.0,0,0,,0.0,0,0,,0.0,0,0,0,6,6,6,12,79,91,0,0,,0.25,0,0,,0.25,0,0,,0.3333,0,0,0,6,6,6,4,64,68,0,0,,0.25,0,0,,0.25,0,0,,0.25,0,0,,,,False,False,False,False,False,NORMAL_OR_RESPONDING,ACTION_NONE,high,NOT_NO_LOW_CHANGE_CANDIDATE,,,,,,57.1,35.4,"flat_tail=139.0d, fcc_changes=18, tail_cyc=11.0, tail_ok[90/80]=0/0, unresp_complete[90/80]=0/0, large_gap[90/80]=5/6 -> FCC still updating / not a no-low-change candidate",,v2.0-final,v2.0-final,v2.0-final,0.0,,,,,0.0,-1.0,n/a,ThinkPad X1 Carbon Gen 10,SMP,5B11M90056,2026-06-03T16:38:27
TLIN29-PF4EHFCT_tlin29,5328,2023-08-24 12:08:37,2024-05-30 14:32:57,280.1,0.5,5.002,171,28,0,0,0,0,1,QUALITY_OK,54740.0,53130.0,53130.0,54740.0,53,52,0,52,2024-05-29 08:55:46,1.2,18.565,2.0,54.0,52.0,67.81,100.0,0,0,2.94,97.13,False,False,1.2,0.0,0.0,90.0,100.0,10.0,0.8368,0.599,0.0,0,0,0,0,0,0,0,0,0,,,0,0,,,0,0,,,0,0,0,0,0,0,0,2,2,0,0,,,0,0,,,0,0,,,0,0,0,0,0,0,0,0,0,0,0,,,0,0,,,0,0,,,0,0,,,,False,False,False,False,False,NORMAL_OR_RESPONDING,ACTION_NONE,high,NOT_NO_LOW_CHANGE_CANDIDATE,,,,,,66.9,10.2,"flat_tail=1.2d, fcc_changes=52, tail_cyc=0.0, tail_ok[90/80]=0/0, unresp_complete[90/80]=0/0, large_gap[90/80]=0/0 -> FCC still updating / not a no-low-change candidate",,v2.0-final,v2.0-final,v2.0-final,0.0,,,,,0.0,-1.0,n/a,ThinkPad X13 Gen 4,Celxpert,5B11H56367,2026-06-03T16:38:27
TM1SIT1XPF4LA6X_EEP,9150,2023-10-31 17:49:13,2025-08-04 12:26:35,642.78,0.5,5.003,352,103,0,0,0,0,1,QUALITY_OK,60030.0,59700.0,59700.0,60030.0,14,13,0,13,2024-10-21 16:54:07,286.8,2.022,2.0,59.0,57.0,32.39,22.807,3,0,0.58,104.68,False,False,286.8,14.0,17.83,1.0,96.0,95.0,0.8668,0.0,0.0022,0,0,0,0,0,3,3,0,0,,,0,0,,,0,0,,,0,0,0,3,3,3,1,14,15,0,0,,0.0,0,0,,0.0,0,0,,0.0,0,0,0,0,0,0,0,3,3,0,0,,,0,0,,,0,0,,,0,0,,,,False,True,False,False,True,WATCH_LOW_UPDATE_RATE_AMBIGUOUS,ACTION_MONITOR_OR_MANUAL_REVIEW,low,WATCH_POSSIBLE_OPPORTUNITY_WITH_LARGE_GAPS,,WATCH_POSSIBLE_OPPORTUNITY_WITH_LARGE_GAPS,,,,71.6,42.8,"flat_tail=286.8d, fcc_changes=13, tail_cyc=14.0, tail_ok[90/80]=0/0, unresp_complete[90/80]=0/0, large_gap[90/80]=0/3 -> ambiguous (watch)",FCC更新率は低いが完全凍結ではない/学習機会がlarge-gapまたは打ち切りで確証が弱い/境界的のため、FW確認に回す前にモニタリングまたは手動レビューを推奨します。,v2.0-final,v2.0-final,v2.0-final,0.0,,,,,0.0,1.0,MIXED,ThinkPad X1 Carbon Gen 12,SMP,5B11H56383,2026-06-03T16:38:27
TMIYAMOTO1-75C2_tmiyamoto1,911,2024-11-27 17:48:00,2025-01-08 18:06:01,42.01,0.417,1.57,30,10,0,0,0,0,1,QUALITY_SHORT_OBS,57690.0,57110.0,55800.0,58690.0,41,45,6,39,2025-01-07 19:12:32,1.0,107.117,2.0,40.0,38.0,330.39,118.421,10,10,5.06,99.95,False,False,1.0,0.0,0.0,61.0,100.0,39.0,0.7018,0.3294,0.0,0,0,0,0,1,5,6,0,0,,1.0,0,0,,1.0,0,0,,1.0,0,0,0,0,0,0,6,10,16,0,0,,1.0,0,0,,1.0,0,0,,1.0,0,0,0,0,0,0,5,5,10,0,0,,1.0,0,0,,1.0,0,0,,1.0,0,0,,,,False,False,False,False,False,REVIEW_INSUFFICIENT_DATA,ACTION_COLLECT_MORE_DATA_OR_MANUAL_REVIEW,review,REVIEW_SHORT_OBS_ACTIVE_LIKE,,,REVIEW_SHORT_OBS_ACTIVE_LIKE,low,観測期間<120日でactive様（flat_tail<60）。経過観察で十分なことが多い。,59.2,5.2,"obs_days=42.0, n_samples=911, quality=QUALITY_SHORT_OBS -> insufficient/uncertain data",観測期間・サンプル数・カウンタ整合性のいずれかが不足しており信頼できる判定ができません。review_priorityに従い追加データ収集または手動レビューを行ってください。,v2.0-final,v2.0-final,v2.0-final,0.0,,,,,0.0,-1.0,n/a,ThinkPad T14s Gen 3,BYD,LNV-5B10W51877,2026-06-03T16:38:27
TMOCHIZUKI-FHMH_tmochizuki,449,2023-05-12 12:20:34,2024-03-19 18:39:05,312.26,0.5,14.911,27,18,0,0,0,0,1,QUALITY_OK,52490.0,52490.0,52490.0,52490.0,1,0,0,0,2023-05-12 12:20:34,312.3,0.0,5.0,9.0,4.0,4.68,0.0,0,0,0.0,99.98,True,False,312.3,4.0,4.68,2.0,100.0,98.0,0.9788,0.1802,0.023,0,3,3,3,0,3,3,0,0,,,0,0,,,0,0,,,0,0,0,3,3,3,0,3,3,0,0,,,0,0,,,0,0,,,0,0,0,3,3,3,0,3,3,0,0,,,0,0,,,0,0,,,0,0,,,,True,True,False,True,True,WATCH_LOW_UPDATE_RATE_AMBIGUOUS,ACTION_MONITOR_OR_MANUAL_REVIEW,low,WATCH_POSSIBLE_OPPORTUNITY_WITH_LARGE_GAPS,,WATCH_POSSIBLE_OPPORTUNITY_WITH_LARGE_GAPS,,,,78.8,40.8,"flat_tail=312.3d, fcc_changes=0, tail_cyc=4.0, tail_ok[90/80]=0/0, unresp_complete[90/80]=0/0, large_gap[90/80]=3/3 -> ambiguous (watch)",FCC更新率は低いが完全凍結ではない/学習機会がlarge-gapまたは打ち切りで確証が弱い/境界的のため、FW確認に回す前にモニタリングまたは手動レビューを推奨します。,v2.0-final,v2.0-final,v2.0-final,0.0,,,,,0.0,1.0,MIXED,ThinkPad T14 Gen 4,Celxpert,5B10W51866,2026-06-03T16:38:27
TMORIWAKI-00019_tmoriwaki,10570,2024-02-27 21:30:11,2024-11-27 18:03:27,273.86,0.5,0.5,54,18,0,0,0,0,1,QUALITY_OK,90590.0,80540.0,80540.0,91260.0,93,92,1,91,2024-11-27 14:33:27,0.1,33.594,3.0,86.0,83.0,110.7,110.843,9,9,11.91,89.49,False,False,0.1,0.0,0.0,100.0,100.0,0.0,1.0,1.0,0.0,0,0,0,0,0,3,3,0,0,,,0,0,,,0,0,,,0,0,0,0,0,0,1,4,5,0,0,,1.0,0,0,,1.0,0,0,,1.0,0,0,0,0,0,0,0,3,3,0,0,,,0,0,,,0,0,,,0,0,,,,False,False,False,False,False,NORMAL_OR_RESPONDING,ACTION_NONE,high,NOT_NO_LOW_CHANGE_CANDIDATE,,,,,,70.0,10.0,"flat_tail=0.1d, fcc_changes=92, tail_cyc=0.0, tail_ok[90/80]=0/0, unresp_complete[90/80]=0/0, large_gap[90/80]=0/0 -> FCC still updating / not a no-low-change candidate",,v2.0-final,v2.0-final,v2.0-final,0.0,,,,,0.0,-1.0,n/a,ThinkPad P1 Gen 7,Celxpert,5B11M37552,2026-06-03T16:38:27
TNAKAMURA8-CRZW_tnakamura8,22422,2023-02-10 14:03:19,2025-06-12 11:45:15,852.9,0.5,1.801,557,98,0,0,0,0,1,QUALITY_OK,57570.0,45370.0,45110.0,57570.0,12,11,3,8,2024-07-19 01:22:36,328.4,1.29,76.0,673.0,597.0,255.66,1.843,11,11,21.86,79.6,False,False,328.4,108.0,120.11,0.0,100.0,100.0,0.6882,0.5022,0.0057,3,11,14,14,17,53,70,3,0,0.0,0.1176,3,0,0.0,0.1176,3,0,0.0,0.2941,3,0,3,13,16,16,81,113,194,3,0,0.0,0.1235,3,0,0.0,0.1235,3,0,0.0,0.2346,3,0,3,11,14,14,31,79,110,3,0,0.0,0.1613,3,0,0.0,0.1613,3,0,0.0,0.3226,3,0,0.0,0.0,0.0,False,True,True,True,True,ACTIONABLE_FW_CHECK_OPPORTUNITY_NO_RESPONSE,ACTION_FW_CHECK,high,FW_HIGH_UNRESPONDED_COMPLETE_WINDOWS,TERMINAL_FREEZE_AFTER_OPPORTUNITIES,,,,,55.0,100.0,"flat_tail=328.4d, fcc_changes=11, tail_cyc=108.0, tail_ok[90/80]=3/3, unresp_complete[90/80]=3/3, large_gap[90/80]=11/13 -> complete-window opportunities present but FCC did not respond",FCC/SoHが長期間更新されておらず、ログ上は深い放電→再充電の学習機会（完全窓・OK品質）が複数回確認されるのにFCCが応答していません。BIOS/EC/バッテリー関連FWのVersion確認とアップデート有無確認を優先してください。アップデート後、次回の学習機会後72h〜7日間でFCC更新有無を確認してください。,v2.0-final,v2.0-final,v2.0-final,9.0,3.492,0.0,-3.492,-4.082,98.3,1.0,MIXED,ThinkPad X1 Carbon Gen 10,Sunwoda,5B10W13975,2026-06-03T16:38:27
TOM_thiller,4727,2025-05-27 14:35:57,2026-05-26 14:12:49,363.98,0.5,8.058,264,52,0,0,0,0,1,QUALITY_OK,47850.0,46250.0,45290.0,47850.0,35,38,5,33,2026-05-20 10:37:29,6.1,10.44,3.0,32.0,29.0,29.1,131.034,13,13,5.5,99.46,False,False,6.1,0.0,0.0,94.0,100.0,6.0,0.9301,0.6295,0.0,0,0,0,0,0,4,4,0,0,,,0,0,,,0,0,,,0,0,0,0,0,0,1,9,10,0,0,,1.0,0,0,,1.0,0,0,,1.0,0,0,0,0,0,0,0,4,4,0,0,,,0,0,,,0,0,,,0,0,,,,False,False,False,False,False,NORMAL_OR_RESPONDING,ACTION_NONE,high,NOT_NO_LOW_CHANGE_CANDIDATE,,,,,,69.6,11.0,"flat_tail=6.1d, fcc_changes=38, tail_cyc=0.0, tail_ok[90/80]=0/0, unresp_complete[90/80]=0/0, large_gap[90/80]=0/0 -> FCC still updating / not a no-low-change candidate",,v2.0-final,v2.0-final,v2.0-final,0.0,,,,,0.0,-1.0,n/a,ThinkPad L16 Gen 2,Sunwoda,5B11M90110,2026-06-03T16:38:27
TP-X1C-G11_emmet,1896,2023-04-17 15:38:11,2023-10-19 22:02:22,185.27,0.271,6.449,97,39,0,0,0,0,1,QUALITY_OK,57000.0,57570.0,57000.0,57570.0,2,1,1,0,2023-04-26 09:53:07,176.5,0.54,3.0,28.0,25.0,49.29,4.0,1,1,1.0,101.0,False,False,176.5,22.0,45.53,1.0,100.0,99.0,0.5968,0.3539,0.0079,0,1,1,1,0,2,2,0,0,,,0,0,,,0,0,,,0,0,0,4,4,4,0,5,5,0,0,,,0,0,,,0,0,,,0,0,0,3,3,3,0,4,4,0,0,,,0,0,,,0,0,,,0,0,,,,False,False,False,True,True,WATCH_LOW_UPDATE_RATE_AMBIGUOUS,ACTION_MONITOR_OR_MANUAL_REVIEW,low,WATCH_POSSIBLE_OPPORTUNITY_WITH_LARGE_GAPS,,WATCH_POSSIBLE_OPPORTUNITY_WITH_LARGE_GAPS,,,,60.4,43.8,"flat_tail=176.5d, fcc_changes=1, tail_cyc=22.0, tail_ok[90/80]=0/0, unresp_complete[90/80]=0/0, large_gap[90/80]=1/4 -> ambiguous (watch)",FCC更新率は低いが完全凍結ではない/学習機会がlarge-gapまたは打ち切りで確証が弱い/境界的のため、FW確認に回す前にモニタリングまたは手動レビューを推奨します。,v2.0-final,v2.0-final,v2.0-final,0.0,,,,,0.0,1.0,MIXED,ThinkPad X1 Carbon Gen 11,Sunwoda,5B10W13975,2026-06-03T16:38:27
TPARRISH2-00047_tparrish2,506,2026-02-17 16:53:31,2026-05-13 15:22:06,84.94,0.5,17.67,45,16,0,0,0,0,1,QUALITY_SHORT_OBS,90850.0,91730.0,90750.0,92710.0,15,14,2,12,2026-05-13 14:22:06,0.0,16.482,3.0,15.0,12.0,51.6,116.667,3,3,2.18,101.92,False,False,0.0,0.0,0.0,94.0,100.0,6.0,1.0,0.5003,0.0,0,0,0,0,0,1,1,0,0,,,0,0,,,0,0,,,0,0,0,0,0,0,1,3,4,0,0,,1.0,0,0,,1.0,0,0,,1.0,0,0,0,0,0,0,0,2,2,0,0,,,0,0,,,0,0,,,0,0,,,,False,False,False,False,False,REVIEW_INSUFFICIENT_DATA,ACTION_COLLECT_MORE_DATA_OR_MANUAL_REVIEW,review,REVIEW_SHORT_OBS_ACTIVE_LIKE,,,REVIEW_SHORT_OBS_ACTIVE_LIKE,low,観測期間<120日でactive様（flat_tail<60）。経過観察で十分なことが多い。,65.0,5.0,"obs_days=84.9, n_samples=506, quality=QUALITY_SHORT_OBS -> insufficient/uncertain data",観測期間・サンプル数・カウンタ整合性のいずれかが不足しており信頼できる判定ができません。review_priorityに従い追加データ収集または手動レビューを行ってください。,v2.0-final,v2.0-final,v2.0-final,0.0,,,,,0.0,-1.0,n/a,ThinkPad P1 Gen 9,COSMX,5B11M90164,2026-06-03T16:38:27
TRICHARDSON-GP9_trichardson,6989,2023-07-21 11:53:27,2025-05-12 11:32:15,660.99,0.5,10.607,409,104,0,0,0,0,1,QUALITY_OK,92520.0,87480.0,82090.0,92520.0,128,129,4,125,2025-05-12 11:32:15,0.0,19.516,4.0,140.0,136.0,75.15,94.853,14,14,11.59,97.19,False,False,0.0,0.0,,96.0,96.0,0.0,,,,0,0,0,0,1,20,21,0,0,,1.0,0,0,,1.0,0,0,,1.0,0,0,0,0,0,0,1,31,32,0,0,,1.0,0,0,,1.0,0,0,,1.0,0,0,0,0,0,0,1,24,25,0,0,,1.0,0,0,,1.0,0,0,,1.0,0,0,,,,False,False,False,False,False,NORMAL_OR_RESPONDING,ACTION_NONE,high,NOT_NO_LOW_CHANGE_CANDIDATE,,,,,,70.0,10.0,"flat_tail=0.0d, fcc_changes=129, tail_cyc=0.0, tail_ok[90/80]=0/0, unresp_complete[90/80]=0/0, large_gap[90/80]=0/0 -> FCC still updating / not a no-low-change candidate",,v2.0-final,v2.0-final,v2.0-final,0.0,,,,,0.0,-1.0,n/a,ThinkPad P1 Gen 6,Sunwoda,5B11K07737,2026-06-03T16:38:27
TRICHARDSON-NKH_trichardson,2594,2025-09-30 10:52:57,2026-05-26 11:45:29,238.04,0.5,10.527,208,40,0,0,0,0,1,QUALITY_OK,76100.0,74080.0,74080.0,77900.0,45,44,3,41,2026-05-25 20:55:34,0.6,18.484,3.0,39.0,36.0,55.24,122.222,10,10,5.1,98.77,False,False,0.6,0.0,0.0,49.0,99.0,50.0,0.5398,0.0403,0.0,0,0,0,0,0,1,1,0,0,,,0,0,,,0,0,,,0,0,0,0,0,0,0,2,2,0,0,,,0,0,,,0,0,,,0,0,0,0,0,0,0,2,2,0,0,,,0,0,,,0,0,,,0,0,,,,False,False,False,False,False,NORMAL_OR_RESPONDING,ACTION_NONE,high,NOT_NO_LOW_CHANGE_CANDIDATE,,,,,,60.9,10.1,"flat_tail=0.6d, fcc_changes=44, tail_cyc=0.0, tail_ok[90/80]=0/0, unresp_complete[90/80]=0/0, large_gap[90/80]=0/0 -> FCC still updating / not a no-low-change candidate",,v2.0-final,v2.0-final,v2.0-final,0.0,,,,,0.0,-1.0,n/a,ThinkPad P14s Gen 6,Sunwoda,5B11M90121,2026-06-03T16:38:27
TSCOTT2-F4RVJLS_tscott2,3643,2024-04-17 09:59:07,2025-06-02 22:10:34,411.51,0.5,9.956,318,53,0,0,0,0,1,QUALITY_OK,58030.0,48910.0,48910.0,58030.0,102,109,7,102,2025-05-10 11:30:21,23.4,26.488,2.0,95.0,93.0,82.55,117.204,18,17,15.72,84.3,False,False,23.4,0.0,0.0,3.0,12.0,9.0,0.0003,0.0,1.0,0,0,0,0,0,3,3,0,0,,,0,0,,,0,0,,,0,0,0,0,0,0,2,12,14,0,0,,1.0,0,0,,1.0,0,0,,1.0,0,0,0,0,0,0,0,6,6,0,0,,,0,0,,,0,0,,,0,0,,,,False,False,False,False,False,NORMAL_OR_RESPONDING,ACTION_NONE,high,NOT_NO_LOW_CHANGE_CANDIDATE,,,,,,70.9,13.9,"flat_tail=23.4d, fcc_changes=109, tail_cyc=0.0, tail_ok[90/80]=0/0, unresp_complete[90/80]=0/0, large_gap[90/80]=0/0 -> FCC still updating / not a no-low-change candidate",,v2.0-final,v2.0-final,v2.0-final,0.0,,,,,0.0,-1.0,n/a,ThinkPad T14s Gen 5,SMP,5B11H56407,2026-06-03T16:38:27
TSCOTT2-F58PHQH_tscott2,3704,2025-03-17 14:34:07,2026-04-20 14:41:41,399.01,0.5,16.231,341,78,0,0,0,0,1,QUALITY_OK,57040.0,54770.0,54770.0,57040.0,86,88,1,87,2026-04-20 11:23:51,0.1,22.055,0.0,84.0,84.0,76.89,104.762,5,5,3.98,96.04,False,False,0.1,0.0,0.0,88.0,100.0,12.0,0.2176,0.4233,0.0,0,0,0,0,0,1,1,0,0,,,0,0,,,0,0,,,0,0,0,0,0,0,0,5,5,0,0,,,0,0,,,0,0,,,0,0,0,0,0,0,0,2,2,0,0,,,0,0,,,0,0,,,0,0,,,,False,False,False,False,False,NORMAL_OR_RESPONDING,ACTION_NONE,high,NOT_NO_LOW_CHANGE_CANDIDATE,,,,,,66.0,10.0,"flat_tail=0.1d, fcc_changes=88, tail_cyc=0.0, tail_ok[90/80]=0/0, unresp_complete[90/80]=0/0, large_gap[90/80]=0/0 -> FCC still updating / not a no-low-change candidate",,v2.0-final,v2.0-final,v2.0-final,0.0,,,,,0.0,-1.0,n/a,ThinkPad X1 Carbon Gen 13,BYD,5B11M90100,2026-06-03T16:38:27
TSCOTT2-F5CERG3_tscott2,403,2025-01-23 16:18:21,2025-03-12 14:11:02,47.91,0.5,14.505,43,10,0,0,0,0,1,QUALITY_SHORT_OBS,59630.0,59470.0,59470.0,59630.0,14,13,0,13,2025-03-06 12:10:46,6.1,27.134,1.0,10.0,9.0,68.61,144.444,0,0,0.28,104.28,False,False,6.1,0.0,0.0,63.0,100.0,37.0,0.2312,0.1683,0.0,0,0,0,0,0,0,0,0,0,,,0,0,,,0,0,,,0,0,0,0,0,0,0,0,0,0,0,,,0,0,,,0,0,,,0,0,0,0,0,0,0,0,0,0,0,,,0,0,,,0,0,,,0,0,,,,False,False,False,False,False,REVIEW_INSUFFICIENT_DATA,ACTION_COLLECT_MORE_DATA_OR_MANUAL_REVIEW,review,REVIEW_SHORT_OBS_ACTIVE_LIKE,,,REVIEW_SHORT_OBS_ACTIVE_LIKE,low,観測期間<120日でactive様（flat_tail<60）。経過観察で十分なことが多い。,53.7,6.0,"obs_days=47.9, n_samples=403, quality=QUALITY_SHORT_OBS -> insufficient/uncertain data",観測期間・サンプル数・カウンタ整合性のいずれかが不足しており信頼できる判定ができません。review_priorityに従い追加データ収集または手動レビューを行ってください。,v2.0-final,v2.0-final,v2.0-final,0.0,,,,,0.0,-1.0,n/a,ThinkPad X1 2-in-1 Gen 10,SMP,5B11M90097,2026-06-03T16:38:27
TSUZUKI26-9VQR2_tsuzuki26,12599,2023-06-16 11:27:47,2025-10-03 19:11:33,840.32,0.5,1.519,516,134,0,0,0,0,1,QUALITY_OK,58990.0,45460.0,45450.0,58990.0,18,18,7,11,2025-10-01 22:42:07,1.9,2.142,0.0,350.0,350.0,152.13,5.143,11,10,23.73,79.68,False,False,1.9,0.0,0.0,2.0,14.0,12.0,0.0,0.0,1.0,0,0,0,0,0,33,33,0,0,,,0,0,,,0,0,,,0,0,0,0,0,0,8,92,100,0,0,,0.125,0,0,,0.125,0,0,,0.125,0,0,0,0,0,0,3,61,64,0,0,,0.3333,0,0,,0.3333,0,0,,0.3333,0,0,,,,False,False,False,False,False,NORMAL_OR_RESPONDING,ACTION_NONE,high,NOT_NO_LOW_CHANGE_CANDIDATE,,,,,,66.3,10.3,"flat_tail=1.9d, fcc_changes=18, tail_cyc=0.0, tail_ok[90/80]=0/0, unresp_complete[90/80]=0/0, large_gap[90/80]=0/0 -> FCC still updating / not a no-low-change candidate",,v2.0-final,v2.0-final,v2.0-final,0.0,,,,,0.0,-1.0,n/a,ThinkPad X1 Yoga Gen 7,SMP,5B11M90056,2026-06-03T16:38:27
TTARRATS-09S0Z9_ttarrats,3451,2024-02-16 07:10:32,2024-08-16 09:55:34,182.11,0.5,0.557,125,25,0,0,0,0,1,QUALITY_OK,57000.0,56880.0,56880.0,57000.0,12,11,0,11,2024-08-13 18:57:51,2.6,6.04,2.0,13.0,11.0,22.06,100.0,0,0,0.21,99.79,False,False,2.6,0.0,0.0,95.0,100.0,5.0,0.987,0.2837,0.0,0,0,0,0,0,0,0,0,0,,,0,0,,,0,0,,,0,0,0,0,0,0,0,0,0,0,0,,,0,0,,,0,0,,,0,0,0,0,0,0,0,0,0,0,0,,,0,0,,,0,0,,,0,0,,,,False,False,False,False,False,NORMAL_OR_RESPONDING,ACTION_NONE,high,NOT_NO_LOW_CHANGE_CANDIDATE,,,,,,70.2,10.4,"flat_tail=2.6d, fcc_changes=11, tail_cyc=0.0, tail_ok[90/80]=0/0, unresp_complete[90/80]=0/0, large_gap[90/80]=0/0 -> FCC still updating / not a no-low-change candidate",,v2.0-final,v2.0-final,v2.0-final,0.0,,,,,0.0,-1.0,n/a,ThinkPad L14 Gen 5,Sunwoda,5B11H56398,2026-06-03T16:38:27
TTOMIMATSU-DC3F_ttomimatsu,8315,2023-02-08 09:47:02,2024-08-30 15:00:16,569.22,0.5,0.584,240,102,0,0,0,0,1,QUALITY_OK,49190.0,46820.0,46460.0,49530.0,145,221,114,107,2024-08-27 17:24:06,2.9,38.825,144.0,235.0,91.0,58.39,242.857,160,92,5.38,82.14,False,False,2.9,0.0,0.0,48.0,79.0,31.0,1.0,0.0,0.0,0,0,0,0,0,2,2,0,0,,,0,0,,,0,0,,,0,0,0,0,0,0,2,21,23,0,0,,1.0,0,0,,1.0,0,0,,1.0,0,0,0,0,0,0,0,4,4,0,0,,,0,0,,,0,0,,,0,0,,,,False,False,False,False,False,NORMAL_OR_RESPONDING,ACTION_NONE,high,NOT_NO_LOW_CHANGE_CANDIDATE,,,,,,70.5,10.5,"flat_tail=2.9d, fcc_changes=221, tail_cyc=0.0, tail_ok[90/80]=0/0, unresp_complete[90/80]=0/0, large_gap[90/80]=0/0 -> FCC still updating / not a no-low-change candidate",,v2.0-final,v2.0-final,v2.0-final,0.0,,,,,0.0,-1.0,n/a,ThinkPad X1 Yoga Gen 6,Celxpert,5B10W13974,2026-06-03T16:38:27
TYLER_tparrish2,1208,2026-01-02 13:24:00,2026-05-01 12:10:30,118.95,0.5,15.408,82,22,0,0,0,0,1,QUALITY_SHORT_OBS,58750.0,58570.0,58570.0,58750.0,6,5,0,5,2026-04-22 14:07:21,8.9,4.203,2.0,7.0,5.0,15.35,100.0,0,0,0.31,100.98,False,False,8.9,0.0,0.0,82.0,100.0,18.0,0.9726,0.889,0.0,0,0,0,0,0,1,1,0,0,,,0,0,,,0,0,,,0,0,0,0,0,0,0,1,1,0,0,,,0,0,,,0,0,,,0,0,0,0,0,0,0,1,1,0,0,,,0,0,,,0,0,,,0,0,,,,False,False,False,False,False,REVIEW_INSUFFICIENT_DATA,ACTION_COLLECT_MORE_DATA_OR_MANUAL_REVIEW,review,REVIEW_SHORT_OBS_ACTIVE_LIKE,,,REVIEW_SHORT_OBS_ACTIVE_LIKE,low,観測期間<120日でactive様（flat_tail<60）。経過観察で十分なことが多い。,65.9,6.5,"obs_days=119.0, n_samples=1208, quality=QUALITY_SHORT_OBS -> insufficient/uncertain data",観測期間・サンプル数・カウンタ整合性のいずれかが不足しており信頼できる判定ができません。review_priorityに従い追加データ収集または手動レビューを行ってください。,v2.0-final,v2.0-final,v2.0-final,0.0,,,,,0.0,-1.0,n/a,ThinkPad T14s Gen 6,Celxpert,5B11M90106,2026-06-03T16:38:27
UINABA-GM114QLP_uinaba,295,2026-04-02 14:18:24,2026-04-22 16:05:04,20.07,0.5,5.571,14,3,0,0,0,0,1,QUALITY_SHORT_OBS,58030.0,58020.0,58020.0,58030.0,2,1,0,1,2026-04-21 10:35:28,1.2,4.983,0.0,3.0,3.0,54.6,33.333,0,0,0.02,100.0,False,False,1.2,0.0,0.0,90.0,100.0,10.0,0.6857,0.622,0.0,0,0,0,0,0,0,0,0,0,,,0,0,,,0,0,,,0,0,0,0,0,0,0,0,0,0,0,,,0,0,,,0,0,,,0,0,0,0,0,0,0,0,0,0,0,,,0,0,,,0,0,,,0,0,,,,False,False,False,False,False,REVIEW_INSUFFICIENT_DATA,ACTION_COLLECT_MORE_DATA_OR_MANUAL_REVIEW,review,REVIEW_SHORT_OBS_ACTIVE_LIKE,,,REVIEW_SHORT_OBS_ACTIVE_LIKE,low,観測期間<120日でactive様（flat_tail<60）。経過観察で十分なことが多い。,61.9,5.2,"obs_days=20.1, n_samples=295, quality=QUALITY_SHORT_OBS -> insufficient/uncertain data",観測期間・サンプル数・カウンタ整合性のいずれかが不足しており信頼できる判定ができません。review_priorityに従い追加データ収集または手動レビューを行ってください。,v2.0-final,v2.0-final,v2.0-final,0.0,,,,,0.0,-1.0,n/a,ThinkPad T14s Gen 6,SMP,5B11H56407,2026-06-03T16:38:27
VBARONE-F67TWPP_vbarone,272,2026-05-11 09:57:06,2026-05-25 11:49:23,14.08,0.5,6.037,14,1,0,0,0,0,1,QUALITY_SHORT_OBS,58030.0,58030.0,58030.0,58030.0,1,0,0,0,2026-05-11 09:57:06,14.1,0.0,2.0,3.0,1.0,25.94,0.0,0,0,0.0,100.05,True,False,14.1,1.0,25.94,49.0,100.0,51.0,0.8212,0.5942,0.0,0,0,0,0,0,0,0,0,0,,,0,0,,,0,0,,,0,0,0,0,0,0,0,0,0,0,0,,,0,0,,,0,0,,,0,0,0,0,0,0,0,0,0,0,0,,,0,0,,,0,0,,,0,0,,,,False,False,False,False,False,REVIEW_INSUFFICIENT_DATA,ACTION_COLLECT_MORE_DATA_OR_MANUAL_REVIEW,review,REVIEW_SHORT_OBS_ACTIVE_LIKE,,,REVIEW_SHORT_OBS_ACTIVE_LIKE,low,観測期間<120日でactive様（flat_tail<60）。経過観察で十分なことが多い。,63.3,7.6,"obs_days=14.1, n_samples=272, quality=QUALITY_SHORT_OBS -> insufficient/uncertain data",観測期間・サンプル数・カウンタ整合性のいずれかが不足しており信頼できる判定ができません。review_priorityに従い追加データ収集または手動レビューを行ってください。,v2.0-final,v2.0-final,v2.0-final,0.0,,,,,0.0,-1.0,n/a,ThinkPad T14s Gen 7,Sunwoda,5B11M90160,2026-06-03T16:38:27
VISHNU_vkotipalli1,897,2025-09-02 14:13:08,2026-05-27 12:13:50,266.92,0.5,23.831,153,43,0,0,0,0,1,QUALITY_OK,90010.0,91870.0,90010.0,95740.0,47,52,10,42,2026-05-26 14:16:56,0.9,19.481,3.0,42.0,39.0,53.37,133.333,19,19,6.37,102.08,False,False,0.9,0.0,0.0,10.0,100.0,90.0,0.0,0.0181,0.0,0,0,0,0,0,14,14,0,0,,,0,0,,,0,0,,,0,0,0,0,0,0,2,23,25,0,0,,1.0,0,0,,1.0,0,0,,1.0,0,0,0,0,0,0,0,16,16,0,0,,,0,0,,,0,0,,,0,0,,,,False,False,False,False,False,NORMAL_OR_RESPONDING,ACTION_NONE,high,NOT_NO_LOW_CHANGE_CANDIDATE,,,,,,50.1,10.2,"flat_tail=0.9d, fcc_changes=52, tail_cyc=0.0, tail_ok[90/80]=0/0, unresp_complete[90/80]=0/0, large_gap[90/80]=0/0 -> FCC still updating / not a no-low-change candidate",,v2.0-final,v2.0-final,v2.0-final,0.0,,,,,0.0,-1.0,n/a,ThinkPad P1 Gen 8,Sunwoda,5B11M37553,2026-06-03T16:38:27
VSHARAK-F66KN1E_vsharak,256,2026-04-30 11:16:05,2026-05-08 12:59:07,8.07,0.5,0.5,5,0,0,0,0,0,1,QUALITY_SHORT_OBS,75010.0,76750.0,75000.0,76760.0,4,3,1,2,2026-05-07 14:50:11,0.9,37.175,2.0,4.0,2.0,90.52,150.0,1,1,2.35,102.33,False,False,0.9,0.0,0.0,61.0,100.0,39.0,0.0,0.2533,0.0,0,0,0,0,1,1,2,0,0,,1.0,0,0,,1.0,0,0,,1.0,0,0,0,0,0,0,1,1,2,0,0,,1.0,0,0,,1.0,0,0,,1.0,0,0,0,0,0,0,1,1,2,0,0,,1.0,0,0,,1.0,0,0,,1.0,0,0,,,,False,False,False,False,False,REVIEW_INSUFFICIENT_DATA,ACTION_COLLECT_MORE_DATA_OR_MANUAL_REVIEW,review,REVIEW_SHORT_OBS_ACTIVE_LIKE,,,REVIEW_SHORT_OBS_ACTIVE_LIKE,low,観測期間<120日でactive様（flat_tail<60）。経過観察で十分なことが多い。,52.1,5.2,"obs_days=8.1, n_samples=256, quality=QUALITY_SHORT_OBS -> insufficient/uncertain data",観測期間・サンプル数・カウンタ整合性のいずれかが不足しており信頼できる判定ができません。review_priorityに従い追加データ収集または手動レビューを行ってください。,v2.0-final,v2.0-final,v2.0-final,0.0,,,,,0.0,-1.0,n/a,ThinkPad P14s Gen 7 AMD,BYD,5B11M90171,2026-06-03T16:38:27
WANGLYB-5FGJED_wanglyb,2201,2025-03-14 10:47:19,2025-07-22 10:50:42,130.0,0.5,8.633,136,11,0,3,0,0,1,QUALITY_COUNTER_RESET,59710.0,59710.0,59550.0,60210.0,55,55,1,54,2025-07-21 00:28:39,1.4,42.308,1.0,40.0,39.0,109.58,141.026,1,1,1.16,104.7,False,False,1.4,0.0,0.0,70.0,100.0,30.0,0.6803,0.3606,0.0,0,0,0,0,0,4,4,0,0,,,0,0,,,0,0,,,0,0,0,0,0,0,0,4,4,0,0,,,0,0,,,0,0,,,0,0,0,0,0,0,0,4,4,0,0,,,0,0,,,0,0,,,0,0,,,,False,False,False,False,False,REVIEW_INSUFFICIENT_DATA,ACTION_COLLECT_MORE_DATA_OR_MANUAL_REVIEW,review,REVIEW_COUNTER_RESET,,,REVIEW_COUNTER_RESET,high,cycleCountが減少（カウンタリセット/パック異常疑い）。生ログ確認が必要。,53.8,0.2,"obs_days=130.0, n_samples=2201, quality=QUALITY_COUNTER_RESET -> insufficient/uncertain data",観測期間・サンプル数・カウンタ整合性のいずれかが不足しており信頼できる判定ができません。review_priorityに従い追加データ収集または手動レビューを行ってください。,v2.0-final,v2.0-final,v2.0-final,0.0,,,,,0.0,-1.0,n/a,ThinkPad X1 Carbon Gen 13,SMP,5B11M90097,2026-06-03T16:38:27
WANGTC3-F4210KH_wangtc3,14092,2023-02-09 13:57:03,2025-06-10 10:31:49,851.86,0.5,4.956,388,87,0,0,0,0,1,QUALITY_OK,54570.0,48760.0,46220.0,57610.0,13,12,7,5,2025-05-05 15:03:47,35.8,1.409,25.0,177.0,152.0,65.17,7.895,8,8,19.98,85.54,False,False,35.8,12.0,122.39,2.0,100.0,98.0,0.8226,0.3445,0.0538,0,1,1,1,0,25,25,0,0,,,0,0,,,0,0,,,0,0,0,6,6,6,13,65,78,0,0,,0.0,0,0,,0.0,0,0,,0.1538,0,0,0,4,4,4,2,49,51,0,0,,0.0,0,0,,0.0,0,0,,0.0,0,0,,,,False,False,False,True,True,WATCH_LOW_UPDATE_RATE_AMBIGUOUS,ACTION_MONITOR_OR_MANUAL_REVIEW,low,WATCH_POSSIBLE_OPPORTUNITY_WITH_LARGE_GAPS,,WATCH_POSSIBLE_OPPORTUNITY_WITH_LARGE_GAPS,,,,45.0,18.4,"flat_tail=35.8d, fcc_changes=12, tail_cyc=12.0, tail_ok[90/80]=0/0, unresp_complete[90/80]=0/0, large_gap[90/80]=1/6 -> ambiguous (watch)",FCC更新率は低いが完全凍結ではない/学習機会がlarge-gapまたは打ち切りで確証が弱い/境界的のため、FW確認に回す前にモニタリングまたは手動レビューを推奨します。,v2.0-final,v2.0-final,v2.0-final,0.0,,,,,0.0,1.0,MIXED,ThinkPad T14s Gen 3,SMP,5B10W51875,2026-06-03T16:38:27
WCARTER-F3SKVGA_wcarter,1154,2023-09-07 15:10:14,2024-07-08 10:45:56,304.82,0.5,20.508,118,45,0,0,0,0,1,QUALITY_OK,95850.0,87840.0,87840.0,97070.0,9,8,3,5,2024-05-29 11:12:03,40.0,2.624,1.0,22.0,21.0,25.16,38.095,8,8,10.25,97.5,False,False,40.0,2.0,18.27,6.0,100.0,94.0,0.5728,0.6228,0.0463,0,0,0,0,0,10,10,0,0,,,0,0,,,0,0,,,0,0,0,0,0,0,0,12,12,0,0,,,0,0,,,0,0,,,0,0,0,0,0,0,0,11,11,0,0,,,0,0,,,0,0,,,0,0,,,,False,False,False,False,False,NORMAL_OR_RESPONDING,ACTION_NONE,high,NOT_NO_LOW_CHANGE_CANDIDATE,,,,,,67.1,17.1,"flat_tail=40.0d, fcc_changes=8, tail_cyc=2.0, tail_ok[90/80]=0/0, unresp_complete[90/80]=0/0, large_gap[90/80]=0/0 -> FCC still updating / not a no-low-change candidate",,v2.0-final,v2.0-final,v2.0-final,0.0,,,,,0.0,-1.0,n/a,ThinkPad P16v Gen 1,SMP,5B11H56373,2026-06-03T16:38:27
WCHANG11-4C429A_wchang11,9304,2023-06-21 15:14:14,2026-05-27 15:15:12,1071.0,0.5,14.965,600,160,0,0,0,0,1,QUALITY_OK,90000.0,81710.0,81710.0,90000.0,54,53,0,53,2026-05-14 11:38:41,13.2,4.949,2.0,48.0,46.0,15.69,115.217,37,7,9.21,90.79,False,False,13.2,0.0,0.0,95.0,100.0,5.0,1.0,0.3138,0.0,0,0,0,0,0,0,0,0,0,,,0,0,,,0,0,,,0,0,0,0,0,0,0,2,2,0,0,,,0,0,,,0,0,,,0,0,0,0,0,0,0,1,1,0,0,,,0,0,,,0,0,,,0,0,,,,False,False,False,False,False,NORMAL_OR_RESPONDING,ACTION_NONE,high,NOT_NO_LOW_CHANGE_CANDIDATE,,,,,,72.2,12.2,"flat_tail=13.2d, fcc_changes=53, tail_cyc=0.0, tail_ok[90/80]=0/0, unresp_complete[90/80]=0/0, large_gap[90/80]=0/0 -> FCC still updating / not a no-low-change candidate",,v2.0-final,v2.0-final,v2.0-final,0.0,,,,,0.0,-1.0,n/a,ThinkPad P16v Gen 1,Celxpert,5B11H56374,2026-06-03T16:38:27
WCHANG11-4Y8ZWG_wchang11,3670,2024-06-17 11:42:22,2026-05-18 16:17:41,700.19,0.5,19.048,335,138,0,0,0,0,1,QUALITY_OK,75000.0,73360.0,73360.0,75290.0,72,71,1,70,2026-04-21 14:43:11,27.1,10.14,3.0,72.0,69.0,35.99,102.899,3,3,2.58,97.81,False,False,27.1,0.0,0.0,65.0,100.0,35.0,0.2715,0.2131,0.0,0,0,0,0,0,0,0,0,0,,,0,0,,,0,0,,,0,0,0,0,0,0,0,2,2,0,0,,,0,0,,,0,0,,,0,0,0,0,0,0,0,0,0,0,0,,,0,0,,,0,0,,,0,0,,,,False,False,False,False,False,NORMAL_OR_RESPONDING,ACTION_NONE,high,NOT_NO_LOW_CHANGE_CANDIDATE,,,,,,62.9,14.5,"flat_tail=27.1d, fcc_changes=71, tail_cyc=0.0, tail_ok[90/80]=0/0, unresp_complete[90/80]=0/0, large_gap[90/80]=0/0 -> FCC still updating / not a no-low-change candidate",,v2.0-final,v2.0-final,v2.0-final,0.0,,,,,0.0,-1.0,n/a,ThinkPad P16s Gen 3,Sunwoda,5B11H56402,2026-06-03T16:38:27
WFELTER-F5HN5KV_wfelter,2251,2025-11-12 15:42:06,2026-05-19 05:57:39,187.59,0.5,9.573,177,22,0,0,0,0,1,QUALITY_OK,99900.0,98140.0,94630.0,99900.0,41,40,6,34,2026-05-14 11:37:00,4.8,21.323,2.0,33.0,31.0,60.36,129.032,13,13,5.28,98.24,False,False,4.8,0.0,0.0,81.0,100.0,19.0,0.9683,0.9429,0.0,0,0,0,0,0,1,1,0,0,,,0,0,,,0,0,,,0,0,0,0,0,0,0,4,4,0,0,,,0,0,,,0,0,,,0,0,0,0,0,0,0,2,2,0,0,,,0,0,,,0,0,,,0,0,,,,False,False,False,False,False,NORMAL_OR_RESPONDING,ACTION_NONE,high,NOT_NO_LOW_CHANGE_CANDIDATE,,,,,,70.2,10.8,"flat_tail=4.8d, fcc_changes=40, tail_cyc=0.0, tail_ok[90/80]=0/0, unresp_complete[90/80]=0/0, large_gap[90/80]=0/0 -> FCC still updating / not a no-low-change candidate",,v2.0-final,v2.0-final,v2.0-final,0.0,,,,,0.0,-1.0,n/a,ThinkPad P16 Gen 3,SMP,5B11M90135,2026-06-03T16:38:27
WII-PF67AM0B_wii,293,2026-05-04 15:20:38,2026-06-01 09:56:37,27.77,0.5,13.782,25,5,0,0,0,0,1,QUALITY_SHORT_OBS,75010.0,75000.0,75000.0,75010.0,2,1,0,1,2026-05-18 10:59:24,14.0,3.601,2.0,4.0,2.0,26.31,50.0,0,0,0.01,100.0,False,False,14.0,0.0,0.0,86.0,100.0,14.0,0.9048,0.5151,0.0,0,0,0,0,0,0,0,0,0,,,0,0,,,0,0,,,0,0,0,0,0,0,0,0,0,0,0,,,0,0,,,0,0,,,0,0,0,0,0,0,0,0,0,0,0,,,0,0,,,0,0,,,0,0,,,,False,False,False,False,False,REVIEW_INSUFFICIENT_DATA,ACTION_COLLECT_MORE_DATA_OR_MANUAL_REVIEW,review,REVIEW_SHORT_OBS_ACTIVE_LIKE,,,REVIEW_SHORT_OBS_ACTIVE_LIKE,low,観測期間<120日でactive様（flat_tail<60）。経過観察で十分なことが多い。,65.4,7.3,"obs_days=27.8, n_samples=293, quality=QUALITY_SHORT_OBS -> insufficient/uncertain data",観測期間・サンプル数・カウンタ整合性のいずれかが不足しており信頼できる判定ができません。review_priorityに従い追加データ収集または手動レビューを行ってください。,v2.0-final,v2.0-final,v2.0-final,0.0,,,,,0.0,-1.0,n/a,ThinkPad T14 Gen 7,COSMX,5B11M90167,2026-06-03T16:38:27
WOMALLEY-55RJ32_womalley,5315,2025-04-22 15:15:28,2026-05-19 15:39:13,392.02,0.5,8.994,375,62,0,0,0,0,1,QUALITY_OK,57000.0,51010.0,47950.0,59120.0,194,226,32,194,2026-05-18 13:14:42,1.1,57.65,2.0,170.0,168.0,156.53,134.524,67,65,19.6,89.49,False,False,1.1,0.0,0.0,24.0,100.0,76.0,0.1442,0.1099,0.0,0,0,0,0,0,8,8,0,0,,,0,0,,,0,0,,,0,0,0,0,0,0,8,26,34,0,0,,1.0,0,0,,1.0,0,0,,1.0,0,0,0,0,0,0,3,18,21,0,0,,1.0,0,0,,1.0,0,0,,1.0,0,0,,,,False,False,False,False,False,NORMAL_OR_RESPONDING,ACTION_NONE,high,NOT_NO_LOW_CHANGE_CANDIDATE,,,,,,53.1,10.2,"flat_tail=1.1d, fcc_changes=226, tail_cyc=0.0, tail_ok[90/80]=0/0, unresp_complete[90/80]=0/0, large_gap[90/80]=0/0 -> FCC still updating / not a no-low-change candidate",,v2.0-final,v2.0-final,v2.0-final,0.0,,,,,0.0,-1.0,n/a,ThinkPad T14 Gen 6,ATL,5B11M90125,2026-06-03T16:38:27
WSHX016709_Lenovo,1077,2025-04-15 11:00:59,2025-06-12 21:45:01,58.45,0.5,0.5,19,10,0,0,0,0,1,QUALITY_SHORT_OBS,56920.0,56760.0,56760.0,56920.0,7,6,0,6,2025-06-11 15:12:08,1.3,10.265,49.0,52.0,3.0,18.75,200.0,1,0,0.28,99.53,False,False,1.3,0.0,0.0,95.0,100.0,5.0,0.9313,0.0038,0.0,0,0,0,0,0,0,0,0,0,,,0,0,,,0,0,,,0,0,0,0,0,0,0,0,0,0,0,,,0,0,,,0,0,,,0,0,0,0,0,0,0,0,0,0,0,,,0,0,,,0,0,,,0,0,,,,False,False,False,False,False,REVIEW_INSUFFICIENT_DATA,ACTION_COLLECT_MORE_DATA_OR_MANUAL_REVIEW,review,REVIEW_SHORT_OBS_ACTIVE_LIKE,,,REVIEW_SHORT_OBS_ACTIVE_LIKE,low,観測期間<120日でactive様（flat_tail<60）。経過観察で十分なことが多い。,63.8,5.2,"obs_days=58.5, n_samples=1077, quality=QUALITY_SHORT_OBS -> insufficient/uncertain data",観測期間・サンプル数・カウンタ整合性のいずれかが不足しており信頼できる判定ができません。review_priorityに従い追加データ収集または手動レビューを行ってください。,v2.0-final,v2.0-final,v2.0-final,0.0,,,,,0.0,-1.0,n/a,ThinkPad X1 2-in-1 Gen 9,SMP,5B11H56383,2026-06-03T16:38:27
X1-CARBON-G12_hewei,1993,2024-09-27 14:51:10,2025-02-07 16:09:05,133.05,0.5,4.557,91,22,0,0,0,0,1,QUALITY_OK,59710.0,59620.0,59620.0,59710.0,3,2,0,2,2024-12-03 22:27:40,65.7,1.503,0.0,28.0,28.0,76.87,7.143,1,0,0.16,104.54,False,False,65.7,9.0,50.01,27.0,98.0,71.0,0.822,0.0,0.0,0,0,0,0,0,1,1,0,0,,,0,0,,,0,0,,,0,0,0,0,0,0,0,6,6,0,0,,,0,0,,,0,0,,,0,0,0,0,0,0,0,2,2,0,0,,,0,0,,,0,0,,,0,0,,,,False,False,False,False,False,NORMAL_OR_RESPONDING,ACTION_NONE,high,NOT_NO_LOW_CHANGE_CANDIDATE,,,,,,72.9,22.8,"flat_tail=65.7d, fcc_changes=2, tail_cyc=9.0, tail_ok[90/80]=0/0, unresp_complete[90/80]=0/0, large_gap[90/80]=0/0 -> FCC still updating / not a no-low-change candidate",,v2.0-final,v2.0-final,v2.0-final,0.0,,,,,0.0,-1.0,n/a,ThinkPad X1 Carbon Gen 12,SMP,5B11H56383,2026-06-03T16:38:27
X1-LNL-BE-SIT_mripp,996,2024-11-22 16:41:07,2025-01-28 08:47:09,66.67,0.5,7.81,59,8,0,0,0,0,1,QUALITY_SHORT_OBS,57610.0,57390.0,57390.0,58300.0,15,14,3,11,2025-01-25 08:03:18,3.0,20.999,1.0,13.0,12.0,65.74,116.667,5,5,1.6,100.63,False,False,3.0,0.0,0.0,93.0,100.0,7.0,0.9881,0.9741,0.0,0,0,0,0,0,3,3,0,0,,,0,0,,,0,0,,,0,0,0,0,0,0,0,4,4,0,0,,,0,0,,,0,0,,,0,0,0,0,0,0,0,4,4,0,0,,,0,0,,,0,0,,,0,0,,,,False,False,False,False,False,REVIEW_INSUFFICIENT_DATA,ACTION_COLLECT_MORE_DATA_OR_MANUAL_REVIEW,review,REVIEW_SHORT_OBS_ACTIVE_LIKE,,,REVIEW_SHORT_OBS_ACTIVE_LIKE,low,観測期間<120日でactive様（flat_tail<60）。経過観察で十分なことが多い。,65.3,5.5,"obs_days=66.7, n_samples=996, quality=QUALITY_SHORT_OBS -> insufficient/uncertain data",観測期間・サンプル数・カウンタ整合性のいずれかが不足しており信頼できる判定ができません。review_priorityに従い追加データ収集または手動レビューを行ってください。,v2.0-final,v2.0-final,v2.0-final,0.0,,,,,0.0,-1.0,n/a,ThinkPad X1 Carbon Gen 13,Celxpert,5B11M90098,2026-06-03T16:38:27
X13_2IN1,4273,2024-03-25 12:48:38,2025-03-10 14:28:21,350.07,0.5,8.833,287,51,0,0,0,0,1,QUALITY_OK,54720.0,37770.0,35590.0,55850.0,220,242,32,210,2025-03-10 10:44:28,0.2,69.129,2.0,171.0,169.0,176.33,143.195,83,83,37.04,69.05,False,False,0.2,0.0,0.0,15.0,93.0,78.0,0.0147,0.0,0.0318,0,0,0,0,1,17,18,0,0,,1.0,0,0,,1.0,0,0,,1.0,0,0,0,0,0,0,6,49,55,0,0,,1.0,0,0,,1.0,0,0,,1.0,0,0,0,0,0,0,1,19,20,0,0,,1.0,0,0,,1.0,0,0,,1.0,0,0,,,,False,False,False,False,False,NORMAL_OR_RESPONDING,ACTION_NONE,high,NOT_NO_LOW_CHANGE_CANDIDATE,,,,,,50.3,10.0,"flat_tail=0.2d, fcc_changes=242, tail_cyc=0.0, tail_ok[90/80]=0/0, unresp_complete[90/80]=0/0, large_gap[90/80]=0/0 -> FCC still updating / not a no-low-change candidate",,v2.0-final,v2.0-final,v2.0-final,0.0,,,,,0.0,-1.0,n/a,ThinkPad X13 2-in-1 Gen 5,BYD,5B11M90051,2026-06-03T16:38:27
X1C-G13-TK_E28508,517,2024-11-12 09:02:25,2026-05-07 15:11:13,541.26,0.483,15.234,36,16,0,0,0,0,1,QUALITY_OK,56490.0,56370.0,56370.0,56490.0,11,10,0,10,2026-05-07 10:50:05,0.2,1.848,6.0,16.0,10.0,6.75,100.0,0,0,0.21,98.84,False,False,0.2,0.0,0.0,100.0,100.0,0.0,1.0,1.0,0.0,0,0,0,0,0,2,2,0,0,,,0,0,,,0,0,,,0,0,0,0,0,0,0,2,2,0,0,,,0,0,,,0,0,,,0,0,0,0,0,0,0,2,2,0,0,,,0,0,,,0,0,,,0,0,,,,False,False,False,False,False,NORMAL_OR_RESPONDING,ACTION_NONE,high,NOT_NO_LOW_CHANGE_CANDIDATE,,,,,,70.0,10.0,"flat_tail=0.2d, fcc_changes=10, tail_cyc=0.0, tail_ok[90/80]=0/0, unresp_complete[90/80]=0/0, large_gap[90/80]=0/0 -> FCC still updating / not a no-low-change candidate",,v2.0-final,v2.0-final,v2.0-final,0.0,,,,,0.0,-1.0,n/a,ThinkPad X1 Carbon Gen 13,Celxpert,5B11M90098,2026-06-03T16:38:27
X1C-LNL-SIT-EEP_mripp,1112,2024-09-18 17:12:30,2024-11-13 19:55:36,56.11,0.5,6.475,58,4,0,5,0,0,1,QUALITY_COUNTER_RESET,59670.0,57680.0,57680.0,59670.0,21,22,1,21,2024-11-12 23:16:20,0.9,39.209,12.0,29.0,17.0,110.66,129.412,6,4,3.49,101.14,False,False,0.9,1.0,424.41,23.0,98.0,75.0,0.2637,0.0,0.0,0,0,0,0,0,3,3,0,0,,,0,0,,,0,0,,,0,0,0,0,0,0,0,4,4,0,0,,,0,0,,,0,0,,,0,0,0,0,0,0,0,4,4,0,0,,,0,0,,,0,0,,,0,0,,,,False,False,False,False,False,REVIEW_INSUFFICIENT_DATA,ACTION_COLLECT_MORE_DATA_OR_MANUAL_REVIEW,review,REVIEW_COUNTER_RESET,,,REVIEW_COUNTER_RESET,high,cycleCountが減少（カウンタリセット/パック異常疑い）。生ログ確認が必要。,44.9,0.3,"obs_days=56.1, n_samples=1112, quality=QUALITY_COUNTER_RESET -> insufficient/uncertain data",観測期間・サンプル数・カウンタ整合性のいずれかが不足しており信頼できる判定ができません。review_priorityに従い追加データ収集または手動レビューを行ってください。,v2.0-final,v2.0-final,v2.0-final,0.0,,,,,0.0,-1.0,n/a,ThinkPad X1 Carbon Gen 13,SMP,5B11M90097,2026-06-03T16:38:27
X1C13-2024_henry,300,2024-10-17 20:31:16,2024-10-24 13:09:30,6.69,0.007,0.836,6,1,0,0,0,0,1,QUALITY_SHORT_OBS,58720.0,58700.0,58700.0,58720.0,3,2,0,2,2024-10-22 10:05:14,2.1,29.895,4.0,6.0,2.0,109.19,100.0,0,0,0.04,102.98,False,False,2.1,0.0,0.0,92.0,100.0,8.0,0.9823,0.0616,0.0,0,0,0,0,0,0,0,0,0,,,0,0,,,0,0,,,0,0,0,0,0,0,0,0,0,0,0,,,0,0,,,0,0,,,0,0,0,0,0,0,0,0,0,0,0,,,0,0,,,0,0,,,0,0,,,,False,False,False,False,False,REVIEW_INSUFFICIENT_DATA,ACTION_COLLECT_MORE_DATA_OR_MANUAL_REVIEW,review,REVIEW_SHORT_OBS_ACTIVE_LIKE,,,REVIEW_SHORT_OBS_ACTIVE_LIKE,low,観測期間<120日でactive様（flat_tail<60）。経過観察で十分なことが多い。,65.0,5.3,"obs_days=6.7, n_samples=300, quality=QUALITY_SHORT_OBS -> insufficient/uncertain data",観測期間・サンプル数・カウンタ整合性のいずれかが不足しており信頼できる判定ができません。review_priorityに従い追加データ収集または手動レビューを行ってください。,v2.0-final,v2.0-final,v2.0-final,0.0,,,,,0.0,-1.0,n/a,ThinkPad X1 Carbon Gen 13,Sunwoda,5B11M90099,2026-06-03T16:38:27
X1C13-SIT_X1C13,540,2024-08-16 10:29:44,2024-12-12 11:56:14,118.06,0.345,20.056,60,21,0,1,0,0,1,QUALITY_COUNTER_RESET,59840.0,58050.0,52900.0,60950.0,15,16,5,11,2024-12-11 08:37:48,1.1,13.552,3.0,29.0,26.0,80.44,61.538,11,9,14.11,101.79,False,False,1.1,0.0,0.0,0.0,45.0,45.0,0.5747,0.0,0.133,0,0,0,0,1,7,8,0,0,,0.0,0,0,,0.0,0,0,,0.0,0,0,0,0,0,0,4,9,13,0,0,,0.25,0,0,,0.25,0,0,,0.5,0,0,0,0,0,0,4,9,13,0,0,,0.25,0,0,,0.25,0,0,,0.5,0,0,,,,False,False,False,False,False,REVIEW_INSUFFICIENT_DATA,ACTION_COLLECT_MORE_DATA_OR_MANUAL_REVIEW,review,REVIEW_COUNTER_RESET,,,REVIEW_COUNTER_RESET,high,cycleCountが減少（カウンタリセット/パック異常疑い）。生ログ確認が必要。,51.7,0.2,"obs_days=118.1, n_samples=540, quality=QUALITY_COUNTER_RESET -> insufficient/uncertain data",観測期間・サンプル数・カウンタ整合性のいずれかが不足しており信頼できる判定ができません。review_priorityに従い追加データ収集または手動レビューを行ってください。,v2.0-final,v2.0-final,v2.0-final,0.0,,,,,0.0,-1.0,n/a,ThinkPad X1 Carbon Gen 13,SMP,5B11M90097,2026-06-03T16:38:27
X1C_GEN13,429,2024-12-09 10:32:48,2024-12-19 07:26:52,9.87,0.5,0.633,2,0,0,0,0,0,1,QUALITY_SHORT_OBS,57790.0,58890.0,57770.0,58900.0,7,6,2,4,2024-12-18 15:00:08,0.7,60.79,1.0,5.0,4.0,148.02,150.0,2,2,1.98,103.26,False,False,0.7,0.0,0.0,73.0,100.0,27.0,0.9673,0.9392,0.0,0,0,0,0,0,0,0,0,0,,,0,0,,,0,0,,,0,0,0,0,0,0,1,0,1,0,0,,1.0,0,0,,1.0,0,0,,1.0,0,0,0,0,0,0,1,0,1,0,0,,1.0,0,0,,1.0,0,0,,1.0,0,0,,,,False,False,False,False,False,REVIEW_INSUFFICIENT_DATA,ACTION_COLLECT_MORE_DATA_OR_MANUAL_REVIEW,review,REVIEW_SHORT_OBS_ACTIVE_LIKE,,,REVIEW_SHORT_OBS_ACTIVE_LIKE,low,観測期間<120日でactive様（flat_tail<60）。経過観察で十分なことが多い。,64.5,5.1,"obs_days=9.9, n_samples=429, quality=QUALITY_SHORT_OBS -> insufficient/uncertain data",観測期間・サンプル数・カウンタ整合性のいずれかが不足しており信頼できる判定ができません。review_priorityに従い追加データ収集または手動レビューを行ってください。,v2.0-final,v2.0-final,v2.0-final,0.0,,,,,0.0,-1.0,n/a,ThinkPad X1 Carbon Gen 13,Celxpert,5B11M90098,2026-06-03T16:38:27
X1C_LNL,2277,2025-03-30 20:10:55,2026-01-24 16:24:40,299.84,0.5,15.39,251,47,0,0,0,0,1,QUALITY_OK,59520.0,52410.0,52410.0,60640.0,65,78,6,72,2026-01-01 09:10:28,23.3,26.014,8.0,61.0,53.0,64.56,147.17,19,14,14.43,91.9,False,False,23.3,0.0,0.0,67.0,94.0,27.0,0.0,0.0,0.0,0,0,0,0,0,3,3,0,0,,,0,0,,,0,0,,,0,0,0,0,0,0,1,11,12,0,0,,1.0,0,0,,1.0,0,0,,1.0,0,0,0,0,0,0,0,4,4,0,0,,,0,0,,,0,0,,,0,0,,,,False,False,False,False,False,NORMAL_OR_RESPONDING,ACTION_NONE,high,NOT_NO_LOW_CHANGE_CANDIDATE,,,,,,64.9,13.9,"flat_tail=23.3d, fcc_changes=78, tail_cyc=0.0, tail_ok[90/80]=0/0, unresp_complete[90/80]=0/0, large_gap[90/80]=0/0 -> FCC still updating / not a no-low-change candidate",,v2.0-final,v2.0-final,v2.0-final,0.0,,,,,0.0,-1.0,n/a,ThinkPad X1 Carbon Gen 13,SMP,5B11M90097,2026-06-03T16:38:27
X1C_METEOR,5610,2024-01-25 00:03:28,2024-06-20 14:22:30,147.6,0.5,0.686,49,9,0,0,0,0,1,QUALITY_OK,58930.0,50720.0,50720.0,58930.0,68,67,2,65,2024-06-12 15:00:51,8.0,45.393,6.0,66.0,60.0,148.48,111.667,9,9,14.39,88.94,False,False,8.0,0.0,0.0,66.0,100.0,34.0,0.9225,0.1834,0.0,0,0,0,0,1,6,7,0,0,,1.0,0,0,,1.0,0,0,,1.0,0,0,0,0,0,0,3,6,9,0,0,,1.0,0,0,,1.0,0,0,,1.0,0,0,0,0,0,0,3,6,9,0,0,,1.0,0,0,,1.0,0,0,,1.0,0,0,,,,False,False,False,False,False,NORMAL_OR_RESPONDING,ACTION_NONE,high,NOT_NO_LOW_CHANGE_CANDIDATE,,,,,,69.8,11.3,"flat_tail=8.0d, fcc_changes=67, tail_cyc=0.0, tail_ok[90/80]=0/0, unresp_complete[90/80]=0/0, large_gap[90/80]=0/0 -> FCC still updating / not a no-low-change candidate",,v2.0-final,v2.0-final,v2.0-final,0.0,,,,,0.0,-1.0,n/a,ThinkPad X1 Carbon Gen 12,Celxpert,5B11H56384,2026-06-03T16:38:27
X1C_SIT,713,2024-08-12 21:14:48,2024-09-12 09:21:12,30.5,0.5,2.182,17,4,0,0,0,0,1,QUALITY_SHORT_OBS,58750.0,59160.0,58670.0,59210.0,11,10,1,9,2024-09-11 13:08:25,0.8,32.787,2.0,10.0,8.0,95.8,125.0,1,1,0.94,103.73,False,False,0.8,0.0,0.0,99.0,100.0,1.0,0.9996,1.0,0.0,0,0,0,0,0,1,1,0,0,,,0,0,,,0,0,,,0,0,0,0,0,0,0,1,1,0,0,,,0,0,,,0,0,,,0,0,0,0,0,0,0,1,1,0,0,,,0,0,,,0,0,,,0,0,,,,False,False,False,False,False,REVIEW_INSUFFICIENT_DATA,ACTION_COLLECT_MORE_DATA_OR_MANUAL_REVIEW,review,REVIEW_SHORT_OBS_ACTIVE_LIKE,,,REVIEW_SHORT_OBS_ACTIVE_LIKE,low,観測期間<120日でactive様（flat_tail<60）。経過観察で十分なことが多い。,65.1,5.1,"obs_days=30.5, n_samples=713, quality=QUALITY_SHORT_OBS -> insufficient/uncertain data",観測期間・サンプル数・カウンタ整合性のいずれかが不足しており信頼できる判定ができません。review_priorityに従い追加データ収集または手動レビューを行ってください。,v2.0-final,v2.0-final,v2.0-final,0.0,,,,,0.0,-1.0,n/a,ThinkPad X1 Carbon Gen 13,SMP,5B11M90097,2026-06-03T16:38:27
X1FOLD16-TK_E28508,2538,2023-04-26 18:27:48,2023-10-13 14:07:23,169.82,0.378,5.001,73,23,0,0,0,0,1,QUALITY_OK,48260.0,45940.0,45940.0,48260.0,14,13,0,13,2023-09-19 16:45:28,23.9,7.655,5.0,28.0,23.0,49.47,56.522,2,2,4.81,95.15,False,False,23.9,0.0,0.0,85.0,100.0,15.0,0.7284,0.4779,0.0,0,0,0,0,0,1,1,0,0,,,0,0,,,0,0,,,0,0,0,0,0,0,0,1,1,0,0,,,0,0,,,0,0,,,0,0,0,0,0,0,0,1,1,0,0,,,0,0,,,0,0,,,0,0,,,,False,False,False,False,False,NORMAL_OR_RESPONDING,ACTION_NONE,high,NOT_NO_LOW_CHANGE_CANDIDATE,,,,,,69.0,14.0,"flat_tail=23.9d, fcc_changes=13, tail_cyc=0.0, tail_ok[90/80]=0/0, unresp_complete[90/80]=0/0, large_gap[90/80]=0/0 -> FCC still updating / not a no-low-change candidate",,v2.0-final,v2.0-final,v2.0-final,0.0,,,,,0.0,-1.0,n/a,ThinkPad X1 Fold 16 Gen 1,Celxpert,5B10W51898,2026-06-03T16:38:27
X1FOLDSVT_laher,2585,2023-04-19 13:50:07,2024-10-24 12:42:12,553.95,0.5,7.631,158,45,0,4,0,0,1,QUALITY_COUNTER_RESET,48280.0,46050.0,41040.0,48280.0,35,34,3,31,2024-10-24 10:38:24,0.1,6.138,1.0,60.0,59.0,38.9,57.627,11,11,15.0,95.38,False,False,0.1,0.0,0.0,84.0,99.0,15.0,0.0,0.2423,0.0,0,0,0,0,0,4,4,0,0,,,0,0,,,0,0,,,0,0,0,0,0,0,0,8,8,0,0,,,0,0,,,0,0,,,0,0,0,0,0,0,0,6,6,0,0,,,0,0,,,0,0,,,0,0,,,,False,False,False,False,False,REVIEW_INSUFFICIENT_DATA,ACTION_COLLECT_MORE_DATA_OR_MANUAL_REVIEW,review,REVIEW_COUNTER_RESET,,,REVIEW_COUNTER_RESET,high,cycleCountが減少（カウンタリセット/パック異常疑い）。生ログ確認が必要。,55.0,0.0,"obs_days=554.0, n_samples=2585, quality=QUALITY_COUNTER_RESET -> insufficient/uncertain data",観測期間・サンプル数・カウンタ整合性のいずれかが不足しており信頼できる判定ができません。review_priorityに従い追加データ収集または手動レビューを行ってください。,v2.0-final,v2.0-final,v2.0-final,0.0,,,,,0.0,-1.0,n/a,ThinkPad X1 Fold 16 Gen 1,Celxpert,5B10W51898,2026-06-03T16:38:27
X1YADL_KMK,15383,2023-03-02 23:21:46,2024-06-10 15:04:43,465.65,0.5,1.144,285,23,0,0,0,0,1,QUALITY_OK,55790.0,55560.0,55530.0,55790.0,3,2,1,1,2023-05-04 16:09:49,403.0,0.43,17.0,71.0,54.0,42.36,3.704,1,1,0.46,97.47,False,False,403.0,41.0,37.16,27.0,100.0,73.0,0.9162,0.4579,0.0,0,0,0,0,0,0,0,0,0,,,0,0,,,0,0,,,0,0,0,0,0,0,0,0,0,0,0,,,0,0,,,0,0,,,0,0,0,0,0,0,0,0,0,0,0,,,0,0,,,0,0,,,0,0,,,,False,True,True,True,True,ACTIONABLE_GAUGE_RESET_INSUFFICIENT_LEARNING_OPPORTUNITY,ACTION_GAUGE_RESET,high,GAUGE_HIGH_NO_OPPORTUNITY,NO_OPPORTUNITY_AC_BOUND;NO_OPPORTUNITY_SHALLOW_RANGE,,,,,83.3,48.2,"flat_tail=403.0d, fcc_changes=2, tail_cyc=41.0, tail_ok[90/80]=0/0, unresp_complete[90/80]=0/0, large_gap[90/80]=0/0, ac=0.92, min_rsoc=27.0 -> insufficient learning opportunity",FCC/SoHが長期間更新されておらず、ログ上は深い放電→再充電の学習機会が十分に確認できません（OK品質の機会が無く、large-gapを含めても判定可能な機会がない）。安全な環境でOEM推奨のバッテリーゲージリセット/キャリブレーションを実施し、その後72h〜7日間のテレメトリでFCC更新有無を確認してください。,v2.0-final,v2.0-final,v2.0-final,0.0,,,,,0.0,1.0,MIXED,ThinkPad X1 Yoga Gen 7,Celxpert,5B10W13974,2026-06-03T16:38:27
X1_2-IN-1,494,2025-06-03 09:53:26,2025-10-03 07:09:29,121.89,0.5,21.667,61,19,0,0,0,0,1,QUALITY_OK,57040.0,58440.0,57040.0,58550.0,11,10,1,9,2025-09-30 08:40:23,2.9,8.204,1.0,13.0,12.0,35.96,83.333,1,1,2.65,102.53,False,False,2.9,0.0,0.0,66.0,100.0,34.0,0.6257,0.3956,0.0,0,0,0,0,0,1,1,0,0,,,0,0,,,0,0,,,0,0,0,0,0,0,0,1,1,0,0,,,0,0,,,0,0,,,0,0,0,0,0,0,0,1,1,0,0,,,0,0,,,0,0,,,0,0,,,,False,False,False,False,False,NORMAL_OR_RESPONDING,ACTION_NONE,high,NOT_NO_LOW_CHANGE_CANDIDATE,,,,,,63.0,10.5,"flat_tail=2.9d, fcc_changes=10, tail_cyc=0.0, tail_ok[90/80]=0/0, unresp_complete[90/80]=0/0, large_gap[90/80]=0/0 -> FCC still updating / not a no-low-change candidate",,v2.0-final,v2.0-final,v2.0-final,0.0,,,,,0.0,-1.0,n/a,ThinkPad X1 2-in-1 Gen 10,Sunwoda,5B11M90099,2026-06-03T16:38:27
X9-14_SVT,761,2025-01-17 06:30:54,2025-04-18 09:41:21,91.13,0.5,18.595,93,21,0,0,0,0,1,QUALITY_SHORT_OBS,55130.0,55060.0,55060.0,55130.0,7,6,0,6,2025-04-17 15:25:45,0.8,6.584,1.0,7.0,6.0,24.05,100.0,0,0,0.12,99.93,False,False,0.8,0.0,0.0,89.0,100.0,11.0,0.6325,0.1812,0.0,0,0,0,0,0,0,0,0,0,,,0,0,,,0,0,,,0,0,0,0,0,0,0,1,1,0,0,,,0,0,,,0,0,,,0,0,0,0,0,0,0,0,0,0,0,,,0,0,,,0,0,,,0,0,,,,False,False,False,False,False,REVIEW_INSUFFICIENT_DATA,ACTION_COLLECT_MORE_DATA_OR_MANUAL_REVIEW,review,REVIEW_SHORT_OBS_ACTIVE_LIKE,,,REVIEW_SHORT_OBS_ACTIVE_LIKE,low,観測期間<120日でactive様（flat_tail<60）。経過観察で十分なことが多い。,61.5,5.1,"obs_days=91.1, n_samples=761, quality=QUALITY_SHORT_OBS -> insufficient/uncertain data",観測期間・サンプル数・カウンタ整合性のいずれかが不足しており信頼できる判定ができません。review_priorityに従い追加データ収集または手動レビューを行ってください。,v2.0-final,v2.0-final,v2.0-final,0.0,,,,,0.0,-1.0,n/a,ThinkPad X9-14 Gen 1,Sunwoda,LNV-5B11M90102,2026-06-03T16:38:27
X9-14_jeffreyf1,733,2025-01-08 12:50:25,2025-02-21 10:36:42,43.91,0.5,8.27,57,3,0,0,0,0,1,QUALITY_SHORT_OBS,55130.0,56420.0,55130.0,56560.0,16,15,2,13,2025-02-18 15:46:34,2.8,34.161,1.0,16.0,15.0,124.77,100.0,2,2,2.6,102.4,False,False,2.8,0.0,0.0,82.0,100.0,18.0,0.9601,0.8747,0.0,0,0,0,0,0,1,1,0,0,,,0,0,,,0,0,,,0,0,0,0,0,0,0,1,1,0,0,,,0,0,,,0,0,,,0,0,0,0,0,0,0,1,1,0,0,,,0,0,,,0,0,,,0,0,,,,False,False,False,False,False,REVIEW_INSUFFICIENT_DATA,ACTION_COLLECT_MORE_DATA_OR_MANUAL_REVIEW,review,REVIEW_SHORT_OBS_ACTIVE_LIKE,,,REVIEW_SHORT_OBS_ACTIVE_LIKE,low,観測期間<120日でactive様（flat_tail<60）。経過観察で十分なことが多い。,64.7,5.5,"obs_days=43.9, n_samples=733, quality=QUALITY_SHORT_OBS -> insufficient/uncertain data",観測期間・サンプル数・カウンタ整合性のいずれかが不足しており信頼できる判定ができません。review_priorityに従い追加データ収集または手動レビューを行ってください。,v2.0-final,v2.0-final,v2.0-final,0.0,,,,,0.0,-1.0,n/a,ThinkPad X9-14 Gen 1,Sunwoda,LNV-5B11M90102,2026-06-03T16:38:27
X9-SIT1_xuxru,1112,2024-11-09 21:12:44,2024-12-10 11:51:48,30.61,0.499,2.136,26,0,0,0,0,0,1,QUALITY_SHORT_OBS,54870.0,52570.0,52570.0,55530.0,43,50,5,45,2024-12-09 17:15:57,0.8,163.345,14.0,54.0,40.0,477.3,125.0,9,9,5.37,95.41,False,False,0.8,0.0,0.0,11.0,98.0,87.0,0.2138,0.0,0.2113,0,0,0,0,14,0,14,0,0,,1.0,0,0,,1.0,0,0,,1.0,0,0,0,0,0,0,23,0,23,0,0,,1.0,0,0,,1.0,0,0,,1.0,0,0,0,0,0,0,18,0,18,0,0,,1.0,0,0,,1.0,0,0,,1.0,0,0,,,,False,False,False,False,False,REVIEW_INSUFFICIENT_DATA,ACTION_COLLECT_MORE_DATA_OR_MANUAL_REVIEW,review,REVIEW_SHORT_OBS_ACTIVE_LIKE,,,REVIEW_SHORT_OBS_ACTIVE_LIKE,low,観測期間<120日でactive様（flat_tail<60）。経過観察で十分なことが多い。,49.4,5.1,"obs_days=30.6, n_samples=1112, quality=QUALITY_SHORT_OBS -> insufficient/uncertain data",観測期間・サンプル数・カウンタ整合性のいずれかが不足しており信頼できる判定ができません。review_priorityに従い追加データ収集または手動レビューを行ってください。,v2.0-final,v2.0-final,v2.0-final,0.0,,,,,0.0,-1.0,n/a,ThinkPad X9-14 Gen 1,BYD,LNV-5B11M90101,2026-06-03T16:38:27
X9-TK_E28508,850,2024-11-06 08:38:25,2025-09-26 11:17:12,324.11,0.5,10.716,64,18,0,0,0,0,1,QUALITY_OK,55120.0,54280.0,52440.0,55120.0,23,22,3,19,2025-09-04 14:39:31,21.9,6.788,4.0,23.0,19.0,21.41,115.789,4,4,4.87,98.51,False,False,21.9,0.0,0.0,47.0,100.0,53.0,0.673,0.5843,0.0,0,0,0,0,0,2,2,0,0,,,0,0,,,0,0,,,0,0,0,0,0,0,0,4,4,0,0,,,0,0,,,0,0,,,0,0,0,0,0,0,0,4,4,0,0,,,0,0,,,0,0,,,0,0,,,,False,False,False,False,False,NORMAL_OR_RESPONDING,ACTION_NONE,high,NOT_NO_LOW_CHANGE_CANDIDATE,,,,,,67.1,13.7,"flat_tail=21.9d, fcc_changes=22, tail_cyc=0.0, tail_ok[90/80]=0/0, unresp_complete[90/80]=0/0, large_gap[90/80]=0/0 -> FCC still updating / not a no-low-change candidate",,v2.0-final,v2.0-final,v2.0-final,0.0,,,,,0.0,-1.0,n/a,ThinkPad X9-14 Gen 1,BYD,LNV-5B11M90101,2026-06-03T16:38:27
X9ALADDIN-NAITO_arima,845,2025-01-31 13:21:20,2025-09-08 16:58:47,220.15,0.5,26.12,149,48,0,0,0,0,1,QUALITY_SPARSE,81080.0,81080.0,81080.0,81080.0,1,0,0,0,2025-01-31 13:21:20,220.2,0.0,2.0,26.0,24.0,39.82,0.0,0,0,0.0,101.35,True,False,220.2,24.0,39.82,0.0,100.0,100.0,0.3122,0.2282,0.0515,0,5,5,5,0,5,5,0,0,,,0,0,,,0,0,,,0,0,0,7,7,7,0,7,7,0,0,,,0,0,,,0,0,,,0,0,0,7,7,7,0,7,7,0,0,,,0,0,,,0,0,,,0,0,,,,True,True,False,True,True,WATCH_LOW_UPDATE_RATE_AMBIGUOUS,ACTION_MONITOR_OR_MANUAL_REVIEW,low,WATCH_POSSIBLE_OPPORTUNITY_WITH_LARGE_GAPS,,WATCH_POSSIBLE_OPPORTUNITY_WITH_LARGE_GAPS,,,,47.4,39.8,"flat_tail=220.2d, fcc_changes=0, tail_cyc=24.0, tail_ok[90/80]=0/0, unresp_complete[90/80]=0/0, large_gap[90/80]=5/7 -> ambiguous (watch)",FCC更新率は低いが完全凍結ではない/学習機会がlarge-gapまたは打ち切りで確証が弱い/境界的のため、FW確認に回す前にモニタリングまたは手動レビューを推奨します。,v2.0-final,v2.0-final,v2.0-final,0.0,,,,,0.0,1.0,MIXED,ThinkPad X9-15 Gen 1,BYD,L24B4PE2,2026-06-03T16:38:27
XBB20241007_Lenovo,1291,2025-02-11 14:54:37,2025-03-08 12:19:05,24.89,0.014,1.19,28,2,0,0,0,0,1,QUALITY_SHORT_OBS,57760.0,56140.0,56140.0,57760.0,8,9,1,8,2025-03-05 14:28:09,2.9,36.159,16.0,22.0,6.0,88.05,150.0,3,3,2.84,98.44,False,False,2.9,0.0,0.0,33.0,100.0,67.0,0.7657,0.7763,0.0,0,0,0,0,1,1,2,0,0,,1.0,0,0,,1.0,0,0,,1.0,0,0,0,0,0,0,1,2,3,0,0,,1.0,0,0,,1.0,0,0,,1.0,0,0,0,0,0,0,1,1,2,0,0,,1.0,0,0,,1.0,0,0,,1.0,0,0,,,,False,False,False,False,False,REVIEW_INSUFFICIENT_DATA,ACTION_COLLECT_MORE_DATA_OR_MANUAL_REVIEW,review,REVIEW_SHORT_OBS_ACTIVE_LIKE,,,REVIEW_SHORT_OBS_ACTIVE_LIKE,low,観測期間<120日でactive様（flat_tail<60）。経過観察で十分なことが多い。,60.8,5.5,"obs_days=24.9, n_samples=1291, quality=QUALITY_SHORT_OBS -> insufficient/uncertain data",観測期間・サンプル数・カウンタ整合性のいずれかが不足しており信頼できる判定ができません。review_priorityに従い追加データ収集または手動レビューを行ってください。,v2.0-final,v2.0-final,v2.0-final,0.0,,,,,0.0,-1.0,n/a,ThinkPad X1 Carbon Gen 12,Celxpert,5B11H56384,2026-06-03T16:38:27
XIUQIN_liuxq13,5239,2025-05-20 10:20:39,2026-04-27 08:22:25,341.92,0.5,5.521,261,49,0,0,0,0,1,QUALITY_OK,54760.0,48560.0,48560.0,55070.0,152,155,6,149,2026-04-24 08:50:51,3.0,45.332,0.0,144.0,144.0,153.83,107.639,17,16,11.89,88.69,False,False,3.0,0.0,0.0,64.0,100.0,36.0,0.7451,0.5676,0.0,0,0,0,0,0,6,6,0,0,,,0,0,,,0,0,,,0,0,0,0,0,0,0,19,19,0,0,,,0,0,,,0,0,,,0,0,0,0,0,0,0,12,12,0,0,,,0,0,,,0,0,,,0,0,,,,False,False,False,False,False,NORMAL_OR_RESPONDING,ACTION_NONE,high,NOT_NO_LOW_CHANGE_CANDIDATE,,,,,,65.4,10.5,"flat_tail=3.0d, fcc_changes=155, tail_cyc=0.0, tail_ok[90/80]=0/0, unresp_complete[90/80]=0/0, large_gap[90/80]=0/0 -> FCC still updating / not a no-low-change candidate",,v2.0-final,v2.0-final,v2.0-final,0.0,,,,,0.0,-1.0,n/a,ThinkPad X13 Gen 6,SMP,5B11M90123,2026-06-03T16:38:27
XLIN3-PF4RXZPZ_xlin3,9758,2024-02-08 08:40:27,2026-01-12 18:29:40,704.41,0.5,9.344,560,70,0,0,0,0,1,QUALITY_OK,52660.0,40290.0,35670.0,52660.0,262,315,12,303,2025-12-18 22:57:30,24.8,44.718,1.0,285.0,284.0,147.26,110.915,33,33,32.36,76.74,False,False,24.8,0.0,0.0,95.0,100.0,5.0,1.0,0.2381,0.0,0,0,0,0,21,57,78,0,0,,1.0,0,0,,1.0,0,0,,1.0,0,0,0,0,0,0,43,85,128,0,0,,1.0,0,0,,1.0,0,0,,1.0,0,0,0,0,0,0,23,68,91,0,0,,1.0,0,0,,1.0,0,0,,1.0,0,0,,,,False,False,False,False,False,NORMAL_OR_RESPONDING,ACTION_NONE,high,NOT_NO_LOW_CHANGE_CANDIDATE,,,,,,74.1,14.1,"flat_tail=24.8d, fcc_changes=315, tail_cyc=0.0, tail_ok[90/80]=0/0, unresp_complete[90/80]=0/0, large_gap[90/80]=0/0 -> FCC still updating / not a no-low-change candidate",,v2.0-final,v2.0-final,v2.0-final,0.0,,,,,0.0,-1.0,n/a,ThinkPad P14s Gen 5 AMD,Celxpert,5B11H56416,2026-06-03T16:38:27
Y25872-PC2DR71X_y25872,14515,2023-02-06 09:31:46,2026-05-28 09:18:27,1206.99,0.5,7.595,873,176,0,0,0,0,1,QUALITY_OK,56410.0,45370.0,45370.0,56980.0,11,37,18,19,2026-03-03 07:18:03,86.1,3.065,32.0,154.0,122.0,36.92,30.328,37,37,20.36,79.6,False,False,86.1,14.0,59.4,6.0,100.0,94.0,0.6232,0.6581,0.0003,0,1,1,1,0,24,24,0,0,,,0,0,,,0,0,,,0,0,0,0,0,0,1,37,38,0,0,,0.0,0,0,,0.0,0,0,,1.0,0,0,0,0,0,0,0,29,29,0,0,,,0,0,,,0,0,,,0,0,,,,False,False,False,False,False,NORMAL_OR_RESPONDING,ACTION_NONE,high,NOT_NO_LOW_CHANGE_CANDIDATE,,,,,,69.8,27.1,"flat_tail=86.1d, fcc_changes=37, tail_cyc=14.0, tail_ok[90/80]=0/0, unresp_complete[90/80]=0/0, large_gap[90/80]=1/0 -> FCC still updating / not a no-low-change candidate",,v2.0-final,v2.0-final,v2.0-final,0.0,,,,,0.0,-1.0,n/a,ThinkPad T14s Gen 2a,Celxpert,5B10W51815,2026-06-03T16:38:27
YANAGISAWA51_yanagisawa,538,2023-03-03 08:20:01,2023-10-16 09:33:27,227.05,1.649,58.977,126,52,0,0,0,0,1,QUALITY_SPARSE,47350.0,47320.0,47320.0,47350.0,4,3,0,3,2023-07-24 08:26:27,84.0,1.321,33.0,39.0,6.0,9.65,50.0,0,0,0.06,98.01,False,False,84.0,1.0,4.35,73.0,100.0,27.0,0.5742,0.3912,0.0,0,0,0,0,0,0,0,0,0,,,0,0,,,0,0,,,0,0,0,0,0,0,0,0,0,0,0,,,0,0,,,0,0,,,0,0,0,0,0,0,0,0,0,0,0,,,0,0,,,0,0,,,0,0,,,,False,False,False,True,True,ACTIONABLE_GAUGE_RESET_INSUFFICIENT_LEARNING_OPPORTUNITY,ACTION_GAUGE_RESET,medium,GAUGE_MEDIUM_NO_OPPORTUNITY,NO_OPPORTUNITY_LOW_CYCLING;NO_OPPORTUNITY_SHALLOW_RANGE,,,,,70.0,19.2,"flat_tail=84.0d, fcc_changes=3, tail_cyc=1.0, tail_ok[90/80]=0/0, unresp_complete[90/80]=0/0, large_gap[90/80]=0/0, ac=0.57, min_rsoc=73.0 -> insufficient learning opportunity",FCC/SoHが長期間更新されておらず、ログ上は深い放電→再充電の学習機会が十分に確認できません（OK品質の機会が無く、large-gapを含めても判定可能な機会がない）。安全な環境でOEM推奨のバッテリーゲージリセット/キャリブレーションを実施し、その後72h〜7日間のテレメトリでFCC更新有無を確認してください。,v2.0-final,v2.0-final,v2.0-final,0.0,,,,,0.0,0.0,AC_BOUND+SHALLOW_RANGE+LOW_CYCLING,ThinkPad X1 Fold 16 Gen 1,Celxpert,5B10W51898,2026-06-03T16:38:27
YANGYQ-PF50KB95_yangyq,4936,2024-07-09 14:04:15,2026-02-03 13:32:13,573.98,0.001,7.607,277,100,0,1,0,0,1,QUALITY_COUNTER_RESET,57040.0,54220.0,54220.0,57930.0,38,39,4,35,2026-01-21 00:27:08,13.5,6.795,1.0,33.0,32.0,20.36,121.875,7,7,6.51,95.12,False,False,13.5,0.0,0.0,63.0,100.0,37.0,0.784,0.1197,0.0,0,0,0,0,0,6,6,0,0,,,0,0,,,0,0,,,0,0,0,0,0,0,0,6,6,0,0,,,0,0,,,0,0,,,0,0,0,0,0,0,0,6,6,0,0,,,0,0,,,0,0,,,0,0,,,,False,False,False,False,False,REVIEW_INSUFFICIENT_DATA,ACTION_COLLECT_MORE_DATA_OR_MANUAL_REVIEW,review,REVIEW_COUNTER_RESET,,,REVIEW_COUNTER_RESET,high,cycleCountが減少（カウンタリセット/パック異常疑い）。生ログ確認が必要。,57.9,2.2,"obs_days=574.0, n_samples=4936, quality=QUALITY_COUNTER_RESET -> insufficient/uncertain data",観測期間・サンプル数・カウンタ整合性のいずれかが不足しており信頼できる判定ができません。review_priorityに従い追加データ収集または手動レビューを行ってください。,v2.0-final,v2.0-final,v2.0-final,0.0,,,,,0.0,-1.0,n/a,ThinkPad X1 Carbon Gen 12,Sunwoda,5B11H56385,2026-06-03T16:38:27
YCRANFORD-7CHLT_ycranford,380,2026-04-22 13:19:00,2026-05-19 17:50:42,27.19,0.5,11.527,30,2,0,0,0,0,1,QUALITY_SHORT_OBS,58030.0,58000.0,58000.0,58030.0,4,3,0,3,2026-05-15 08:10:29,4.4,11.033,2.0,5.0,3.0,40.3,100.0,0,0,0.05,100.0,False,False,4.4,0.0,0.0,73.0,100.0,27.0,0.7587,0.4927,0.0,0,0,0,0,0,0,0,0,0,,,0,0,,,0,0,,,0,0,0,0,0,0,0,0,0,0,0,,,0,0,,,0,0,,,0,0,0,0,0,0,0,0,0,0,0,,,0,0,,,0,0,,,0,0,,,,False,False,False,False,False,REVIEW_INSUFFICIENT_DATA,ACTION_COLLECT_MORE_DATA_OR_MANUAL_REVIEW,review,REVIEW_SHORT_OBS_ACTIVE_LIKE,,,REVIEW_SHORT_OBS_ACTIVE_LIKE,low,観測期間<120日でactive様（flat_tail<60）。経過観察で十分なことが多い。,60.9,5.7,"obs_days=27.2, n_samples=380, quality=QUALITY_SHORT_OBS -> insufficient/uncertain data",観測期間・サンプル数・カウンタ整合性のいずれかが不足しており信頼できる判定ができません。review_priorityに従い追加データ収集または手動レビューを行ってください。,v2.0-final,v2.0-final,v2.0-final,0.0,,,,,0.0,-1.0,n/a,ThinkPad T14s 2-in-1 Gen 2,Sunwoda,5B11M90160,2026-06-03T16:38:27
YICHIKAWA3-M43N_yichikawa3,3733,2025-09-26 10:43:34,2026-05-28 13:23:34,244.11,0.5,6.272,188,35,0,0,0,0,1,QUALITY_OK,53390.0,50430.0,50430.0,53390.0,123,122,0,122,2026-05-27 17:12:59,0.8,49.977,145.0,265.0,120.0,179.55,101.667,2,2,5.2,88.47,False,False,0.8,0.0,0.0,60.0,100.0,40.0,0.1344,0.0537,0.0,0,0,0,0,0,0,0,0,0,,,0,0,,,0,0,,,0,0,0,0,0,0,0,0,0,0,0,,,0,0,,,0,0,,,0,0,0,0,0,0,0,0,0,0,0,,,0,0,,,0,0,,,0,0,,,,False,False,False,False,False,NORMAL_OR_RESPONDING,ACTION_NONE,high,NOT_NO_LOW_CHANGE_CANDIDATE,,,,,,56.8,10.1,"flat_tail=0.8d, fcc_changes=122, tail_cyc=0.0, tail_ok[90/80]=0/0, unresp_complete[90/80]=0/0, large_gap[90/80]=0/0 -> FCC still updating / not a no-low-change candidate",,v2.0-final,v2.0-final,v2.0-final,0.0,,,,,0.0,-1.0,n/a,ThinkPad T14s Gen 4,BYD,5B10W51877,2026-06-03T16:38:27
YINGNIE-W01KL34_yingnie,5663,2023-02-22 22:46:01,2024-03-06 15:38:46,377.7,0.5,0.5,105,70,0,0,0,0,1,QUALITY_OK,49570.0,40150.0,40150.0,49570.0,3,2,0,2,2024-02-27 06:34:29,8.4,0.53,19.0,87.0,68.0,65.76,2.941,2,2,19.0,81.0,False,False,8.4,3.0,130.79,2.0,100.0,98.0,0.8888,0.8688,0.0216,1,0,1,1,1,14,15,1,0,0.0,0.0,0,1,0.0,0.0,0,1,0.0,0.0,0,1,1,0,1,1,2,26,28,1,0,0.0,0.0,0,1,0.0,0.0,0,1,0.0,0.0,0,1,1,0,1,1,1,18,19,1,0,0.0,0.0,0,1,0.0,0.0,0,1,0.0,0.0,0,1,0.0,0.0,0.0,False,False,True,True,True,WATCH_LOW_UPDATE_RATE_AMBIGUOUS,ACTION_MONITOR_OR_MANUAL_REVIEW,low,WATCH_INSUFFICIENT_COMPLETE_WINDOWS,,WATCH_INSUFFICIENT_COMPLETE_WINDOWS,,,,51.0,32.0,"flat_tail=8.4d, fcc_changes=2, tail_cyc=3.0, tail_ok[90/80]=1/1, unresp_complete[90/80]=0/0, large_gap[90/80]=0/0 -> ambiguous (watch)",FCC更新率は低いが完全凍結ではない/学習機会がlarge-gapまたは打ち切りで確証が弱い/境界的のため、FW確認に回す前にモニタリングまたは手動レビューを推奨します。,v2.0-final,v2.0-final,v2.0-final,0.0,,,,,0.0,1.0,MIXED,ThinkPad X1 Nano Gen 2,Celxpert,5B11F28682,2026-06-03T16:38:27
YNAN-PF4FDG4X_qizha,7799,2023-08-09 09:55:12,2024-01-20 15:57:18,164.25,0.5,0.5,149,1,0,0,0,0,1,QUALITY_OK,88400.0,84300.0,83040.0,88400.0,22,24,10,14,2023-12-20 21:48:44,30.8,14.612,1.0,32.0,31.0,68.94,77.419,18,16,6.23,98.02,False,False,30.8,8.0,95.01,31.0,100.0,69.0,0.783,0.7434,0.0,0,0,0,0,0,1,1,0,0,,,0,0,,,0,0,,,0,0,0,0,0,0,0,3,3,0,0,,,0,0,,,0,0,,,0,0,0,0,0,0,0,1,1,0,0,,,0,0,,,0,0,,,0,0,,,,False,False,False,False,False,NORMAL_OR_RESPONDING,ACTION_NONE,high,NOT_NO_LOW_CHANGE_CANDIDATE,,,,,,66.8,16.7,"flat_tail=30.8d, fcc_changes=24, tail_cyc=8.0, tail_ok[90/80]=0/0, unresp_complete[90/80]=0/0, large_gap[90/80]=0/0 -> FCC still updating / not a no-low-change candidate",,v2.0-final,v2.0-final,v2.0-final,0.0,,,,,0.0,-1.0,n/a,ThinkPad T16 Gen 2,SMP,5B10W51871,2026-06-03T16:38:27
YNAN-PF4FDG4X_ynan,7751,2023-08-09 09:55:12,2024-01-17 23:59:27,161.59,0.5,0.5,146,1,0,0,0,0,1,QUALITY_OK,88400.0,84300.0,83040.0,88400.0,22,24,10,14,2023-12-20 21:48:44,28.1,14.852,1.0,30.0,29.0,65.55,82.759,18,16,6.23,98.02,False,False,28.1,6.0,78.01,31.0,100.0,69.0,0.7917,0.7531,0.0,0,0,0,0,0,1,1,0,0,,,0,0,,,0,0,,,0,0,0,0,0,0,0,3,3,0,0,,,0,0,,,0,0,,,0,0,0,0,0,0,0,1,1,0,0,,,0,0,,,0,0,,,0,0,,,,False,False,False,False,False,NORMAL_OR_RESPONDING,ACTION_NONE,high,NOT_NO_LOW_CHANGE_CANDIDATE,,,,,,67.5,15.9,"flat_tail=28.1d, fcc_changes=24, tail_cyc=6.0, tail_ok[90/80]=0/0, unresp_complete[90/80]=0/0, large_gap[90/80]=0/0 -> FCC still updating / not a no-low-change candidate",,v2.0-final,v2.0-final,v2.0-final,0.0,,,,,0.0,-1.0,n/a,ThinkPad T16 Gen 2,SMP,5B10W51871,2026-06-03T16:38:27
YONDA-PF1BLXHW_yonda,14257,2023-02-06 20:11:43,2026-01-09 22:20:10,1068.09,0.5,1.036,359,177,0,0,0,0,1,QUALITY_OK,37610.0,38510.0,31780.0,43650.0,434,753,399,354,2026-01-08 21:44:58,1.0,70.5,245.0,448.0,203.0,69.42,370.936,506,402,23.28,75.51,False,False,1.0,0.0,0.0,98.0,100.0,2.0,0.9504,0.9124,0.0,0,0,0,0,1,33,34,0,0,,1.0,0,0,,1.0,0,0,,1.0,0,0,0,0,0,0,8,41,49,0,0,,1.0,0,0,,1.0,0,0,,1.0,0,0,0,0,0,0,5,37,42,0,0,,1.0,0,0,,1.0,0,0,,1.0,0,0,,,,False,False,False,False,False,NORMAL_OR_RESPONDING,ACTION_NONE,high,NOT_NO_LOW_CHANGE_CANDIDATE,,,,,,69.5,10.2,"flat_tail=1.0d, fcc_changes=753, tail_cyc=0.0, tail_ok[90/80]=0/0, unresp_complete[90/80]=0/0, large_gap[90/80]=0/0 -> FCC still updating / not a no-low-change candidate",,v2.0-final,v2.0-final,v2.0-final,0.0,,,,,0.0,-1.0,n/a,ThinkPad T490,Celxpert,5B10W13877,2026-06-03T16:38:27
YSONE-PF3993EL_ysone,14213,2023-02-06 15:01:00,2025-08-22 09:50:53,927.78,0.5,3.514,565,105,0,0,0,0,1,QUALITY_OK,45050.0,45300.0,43780.0,46630.0,132,263,129,134,2025-08-22 09:49:05,0.0,28.347,89.0,254.0,165.0,64.96,159.394,189,144,5.59,88.82,False,False,0.0,0.0,0.0,0.0,0.0,0.0,1.0,0.0,1.0,0,0,0,0,1,10,11,0,0,,1.0,0,0,,1.0,0,0,,1.0,0,0,0,0,0,0,8,38,46,0,0,,1.0,0,0,,1.0,0,0,,1.0,0,0,0,0,0,0,2,25,27,0,0,,1.0,0,0,,1.0,0,0,,1.0,0,0,,,,False,False,False,False,False,NORMAL_OR_RESPONDING,ACTION_NONE,high,NOT_NO_LOW_CHANGE_CANDIDATE,,,,,,70.0,10.0,"flat_tail=0.0d, fcc_changes=263, tail_cyc=0.0, tail_ok[90/80]=0/0, unresp_complete[90/80]=0/0, large_gap[90/80]=0/0 -> FCC still updating / not a no-low-change candidate",,v2.0-final,v2.0-final,v2.0-final,0.0,,,,,0.0,-1.0,n/a,ThinkPad T14 Gen 2i,Celxpert,5B10W51829,2026-06-03T16:38:27
YSUZUKI11-9S4B8_ysuzuki11,16317,2023-02-03 17:49:21,2024-06-26 07:42:42,508.58,0.5,0.5,343,34,0,0,0,0,1,QUALITY_OK,39300.0,39370.0,39300.0,39370.0,2,1,1,0,2023-02-13 13:05:46,498.8,0.197,1.0,220.0,219.0,157.28,0.457,1,0,0.18,100.18,False,False,498.8,215.0,157.44,3.0,100.0,97.0,0.9272,0.4176,0.0005,0,1,1,1,0,2,2,0,0,,,0,0,,,0,0,,,0,0,0,5,5,5,0,6,6,0,0,,,0,0,,,0,0,,,0,0,0,2,2,2,0,3,3,0,0,,,0,0,,,0,0,,,0,0,,,,False,True,True,True,True,WATCH_LOW_UPDATE_RATE_AMBIGUOUS,ACTION_MONITOR_OR_MANUAL_REVIEW,low,WATCH_POSSIBLE_OPPORTUNITY_WITH_LARGE_GAPS,,WATCH_POSSIBLE_OPPORTUNITY_WITH_LARGE_GAPS,,,,62.7,50.0,"flat_tail=498.8d, fcc_changes=1, tail_cyc=215.0, tail_ok[90/80]=0/0, unresp_complete[90/80]=0/0, large_gap[90/80]=1/5 -> ambiguous (watch)",FCC更新率は低いが完全凍結ではない/学習機会がlarge-gapまたは打ち切りで確証が弱い/境界的のため、FW確認に回す前にモニタリングまたは手動レビューを推奨します。,v2.0-final,v2.0-final,v2.0-final,0.0,,,,,0.0,1.0,MIXED,ThinkPad T14 Gen 3,,,2026-06-03T16:38:27
YTAGAMI-F3TQANR_ytagami,9210,2023-02-07 13:13:30,2025-07-16 12:48:30,889.98,0.5,8.958,588,112,0,0,0,0,1,QUALITY_OK,54420.0,45190.0,45190.0,54420.0,3,2,0,2,2024-01-12 10:58:11,551.1,0.225,58.0,278.0,220.0,90.29,0.909,2,2,16.19,79.28,False,False,551.1,107.0,70.92,0.0,100.0,100.0,0.388,0.3434,0.025,0,12,12,12,0,22,22,0,0,,,0,0,,,0,0,,,0,0,1,21,22,22,6,41,47,1,0,0.0,0.0,1,0,0.0,0.0,1,0,0.0,0.0,1,0,1,18,19,19,2,33,35,1,0,0.0,0.0,1,0,0.0,0.0,1,0,0.0,0.0,1,0,0.0,0.0,0.0,False,True,True,True,True,WATCH_LOW_UPDATE_RATE_AMBIGUOUS,ACTION_MONITOR_OR_MANUAL_REVIEW,low,WATCH_OTHER_AMBIGUOUS,,WATCH_OTHER_AMBIGUOUS,,,,48.8,76.0,"flat_tail=551.1d, fcc_changes=2, tail_cyc=107.0, tail_ok[90/80]=0/1, unresp_complete[90/80]=0/1, large_gap[90/80]=12/21 -> ambiguous (watch)",FCC更新率は低いが完全凍結ではない/学習機会がlarge-gapまたは打ち切りで確証が弱い/境界的のため、FW確認に回す前にモニタリングまたは手動レビューを推奨します。,v2.0-final,v2.0-final,v2.0-final,2.0,0.157,0.0,-0.157,-0.412,40.1,1.0,MIXED,ThinkPad X1 Yoga Gen 6,Sunwoda,5B10W13975,2026-06-03T16:38:27
YTAKEDA1-15_ytakeda1,5064,2024-06-06 13:12:38,2026-05-21 01:41:11,713.52,0.5,10.207,279,107,0,0,0,0,1,QUALITY_OK,91240.0,85940.0,85940.0,91240.0,41,40,0,40,2026-04-30 13:39:44,20.5,5.606,5.0,43.0,38.0,19.45,105.263,5,5,5.89,95.49,False,False,20.5,0.0,0.0,76.0,80.0,4.0,1.0,0.0,0.0,0,0,0,0,0,0,0,0,0,,,0,0,,,0,0,,,0,0,0,0,0,0,0,8,8,0,0,,,0,0,,,0,0,,,0,0,0,0,0,0,0,1,1,0,0,,,0,0,,,0,0,,,0,0,,,,False,False,False,False,False,NORMAL_OR_RESPONDING,ACTION_NONE,high,NOT_NO_LOW_CHANGE_CANDIDATE,,,,,,73.4,13.4,"flat_tail=20.5d, fcc_changes=40, tail_cyc=0.0, tail_ok[90/80]=0/0, unresp_complete[90/80]=0/0, large_gap[90/80]=0/0 -> FCC still updating / not a no-low-change candidate",,v2.0-final,v2.0-final,v2.0-final,0.0,,,,,0.0,-1.0,n/a,ThinkPad P1 Gen 7,Celxpert,5B11M37552,2026-06-03T16:38:27
YWADA-PF49SXTB_ywada,8209,2023-04-20 16:04:29,2024-05-30 12:44:05,405.86,0.5,1.751,340,54,0,0,0,0,1,QUALITY_OK,58990.0,49500.0,49500.0,58990.0,11,10,1,9,2024-02-28 08:45:33,92.2,2.464,0.0,136.0,136.0,122.39,7.353,7,7,16.63,86.77,False,False,92.2,34.0,134.74,3.0,100.0,97.0,0.7431,0.6481,0.0116,0,2,2,2,1,10,11,0,0,,0.0,0,0,,0.0,0,0,,0.0,0,0,0,10,10,10,1,24,25,0,0,,0.0,0,0,,0.0,0,0,,0.0,0,0,0,6,6,6,1,20,21,0,0,,0.0,0,0,,0.0,0,0,,0.0,0,0,,,,False,False,False,False,False,NORMAL_OR_RESPONDING,ACTION_NONE,high,NOT_NO_LOW_CHANGE_CANDIDATE,,,,,,42.5,32.2,"flat_tail=92.2d, fcc_changes=10, tail_cyc=34.0, tail_ok[90/80]=0/0, unresp_complete[90/80]=0/0, large_gap[90/80]=2/10 -> FCC still updating / not a no-low-change candidate",,v2.0-final,v2.0-final,v2.0-final,0.0,,,,,0.0,-1.0,n/a,ThinkPad X1 Carbon Gen 10,,,2026-06-03T16:38:27
ZAWACKIJE_j,508,2026-04-06 14:47:21,2026-05-20 23:01:04,44.34,0.5,17.902,42,11,0,0,0,0,1,QUALITY_SHORT_OBS,58030.0,58830.0,58030.0,58830.0,11,10,2,8,2026-05-18 13:30:27,2.4,22.553,2.0,11.0,9.0,74.14,111.111,2,2,1.38,101.43,False,False,2.4,0.0,0.0,67.0,100.0,33.0,0.3967,0.9035,0.0,0,0,0,0,0,0,0,0,0,,,0,0,,,0,0,,,0,0,0,0,0,0,0,0,0,0,0,,,0,0,,,0,0,,,0,0,0,0,0,0,0,0,0,0,0,,,0,0,,,0,0,,,0,0,,,,False,False,False,False,False,REVIEW_INSUFFICIENT_DATA,ACTION_COLLECT_MORE_DATA_OR_MANUAL_REVIEW,review,REVIEW_SHORT_OBS_ACTIVE_LIKE,,,REVIEW_SHORT_OBS_ACTIVE_LIKE,low,観測期間<120日でactive様（flat_tail<60）。経過観察で十分なことが多い。,54.4,5.4,"obs_days=44.3, n_samples=508, quality=QUALITY_SHORT_OBS -> insufficient/uncertain data",観測期間・サンプル数・カウンタ整合性のいずれかが不足しており信頼できる判定ができません。review_priorityに従い追加データ収集または手動レビューを行ってください。,v2.0-final,v2.0-final,v2.0-final,0.0,,,,,0.0,-1.0,n/a,ThinkPad X1 2-in-1 Gen 11,Sunwoda,5B11M90160,2026-06-03T16:38:27
ZHANGLU11-10_zhanglu11,482,2023-02-10 18:34:36,2024-01-30 08:08:05,353.56,0.5,19.063,39,24,0,0,0,0,1,QUALITY_OK,42620.0,40540.0,40540.0,42620.0,17,16,0,16,2024-01-30 08:07:18,0.0,4.525,84.0,108.0,24.0,24.79,66.667,3,2,4.34,84.67,False,False,0.0,0.0,0.0,95.0,95.0,0.0,1.0,0.0,0.0,0,0,0,0,0,5,5,0,0,,,0,0,,,0,0,,,0,0,0,0,0,0,0,5,5,0,0,,,0,0,,,0,0,,,0,0,0,0,0,0,0,5,5,0,0,,,0,0,,,0,0,,,0,0,,,,False,False,False,False,False,NORMAL_OR_RESPONDING,ACTION_NONE,high,NOT_NO_LOW_CHANGE_CANDIDATE,,,,,,70.0,10.0,"flat_tail=0.0d, fcc_changes=16, tail_cyc=0.0, tail_ok[90/80]=0/0, unresp_complete[90/80]=0/0, large_gap[90/80]=0/0 -> FCC still updating / not a no-low-change candidate",,v2.0-final,v2.0-final,v2.0-final,0.0,,,,,0.0,-1.0,n/a,ThinkPad X280,,,2026-06-03T16:38:27
ZWOXPF3V6VNY_zwo,9367,2023-02-02 17:12:11,2024-10-31 19:40:36,637.1,0.5,1.982,359,108,0,0,0,0,1,QUALITY_OK,48650.0,46830.0,44920.0,49360.0,197,399,209,190,2024-10-08 17:45:29,23.1,62.628,28.0,195.0,167.0,95.74,238.922,240,181,8.7,91.82,False,False,23.1,1.0,15.83,100.0,100.0,0.0,0.0,1.0,0.0,0,0,0,0,0,29,29,0,0,,,0,0,,,0,0,,,0,0,0,0,0,0,1,43,44,0,0,,1.0,0,0,,1.0,0,0,,1.0,0,0,0,0,0,0,0,37,37,0,0,,,0,0,,,0,0,,,0,0,,,,False,False,False,False,False,NORMAL_OR_RESPONDING,ACTION_NONE,high,NOT_NO_LOW_CHANGE_CANDIDATE,,,,,,73.3,14.1,"flat_tail=23.1d, fcc_changes=399, tail_cyc=1.0, tail_ok[90/80]=0/0, unresp_complete[90/80]=0/0, large_gap[90/80]=0/0 -> FCC still updating / not a no-low-change candidate",,v2.0-final,v2.0-final,v2.0-final,0.0,,,,,0.0,-1.0,n/a,ThinkPad T14 Gen 2a,,,2026-06-03T16:38:27
