user_id,threshold_name,start_ts,start_idx,low_idx,end_idx,fcc_changed_72h,pred_response_prob,model,analysis_timestamp
ABUCKNER-0B0WH8_abuckner,strict_90_10_90,2024-07-07 22:39:56,1063,1070,1075,1,0.9615204410027005,hgb,2026-06-03T16:38:27
ABUCKNER-0B0WH8_abuckner,primary_80_20_80,2024-07-07 22:26:46,1062,1070,1075,1,0.971956127045049,hgb,2026-06-03T16:38:27
ABUCKNER-0B0WH8_abuckner,primary_80_20_80,2024-07-08 08:40:20,1075,1141,1144,1,0.9643876413392599,hgb,2026-06-03T16:38:27
ABUCKNER-0B0WH8_abuckner,secondary_85_15_85,2024-07-07 22:26:46,1062,1070,1075,1,0.971956127045049,hgb,2026-06-03T16:38:27
ADAMS_JAGUAR3,strict_90_10_90,2024-08-04 13:14:03,9164,9470,9474,1,0.15582191592915265,hgb,2026-06-03T16:38:27
ADAMS_JAGUAR3,primary_80_20_80,2024-08-04 13:14:03,9164,9468,9474,1,0.08333298198866904,hgb,2026-06-03T16:38:27
ADAMS_JAGUAR3,secondary_85_15_85,2024-08-04 13:14:03,9164,9470,9474,1,0.15582191592915265,hgb,2026-06-03T16:38:27
ADIEHL-PF4CNVD9_adiehl,strict_90_10_90,2023-07-05 09:45:26,237,270,279,1,0.9138732904612331,hgb,2026-06-03T16:38:27
ADIEHL-PF4CNVD9_adiehl,strict_90_10_90,2023-07-19 14:34:53,485,528,534,1,0.9929440073161017,hgb,2026-06-03T16:38:27
ADIEHL-PF4CNVD9_adiehl,strict_90_10_90,2024-01-09 12:30:02,2714,2736,2744,1,0.9812167523968308,hgb,2026-06-03T16:38:27
ADIEHL-PF4CNVD9_adiehl,strict_90_10_90,2024-01-10 10:01:51,2744,2808,2812,0,0.9783324254880676,hgb,2026-06-03T16:38:27
ADIEHL-PF4CNVD9_adiehl,primary_80_20_80,2023-07-05 09:45:26,237,250,252,1,0.7443156906358698,hgb,2026-06-03T16:38:27
ADIEHL-PF4CNVD9_adiehl,primary_80_20_80,2023-07-05 16:40:13,252,269,279,1,0.859782498850721,hgb,2026-06-03T16:38:27
ADIEHL-PF4CNVD9_adiehl,primary_80_20_80,2023-07-13 10:27:29,377,392,396,0,0.9677604084692087,hgb,2026-06-03T16:38:27
ADIEHL-PF4CNVD9_adiehl,primary_80_20_80,2023-07-19 14:34:53,485,527,534,1,0.9866652877046973,hgb,2026-06-03T16:38:27
ADIEHL-PF4CNVD9_adiehl,primary_80_20_80,2023-08-31 16:06:45,1069,1093,1101,0,0.7684104858373065,hgb,2026-06-03T16:38:27
ADIEHL-PF4CNVD9_adiehl,primary_80_20_80,2024-01-09 12:30:02,2714,2734,2744,1,0.9701038188682505,hgb,2026-06-03T16:38:27
ADIEHL-PF4CNVD9_adiehl,primary_80_20_80,2024-01-10 10:01:51,2744,2806,2810,0,0.9539818195716909,hgb,2026-06-03T16:38:27
ADIEHL-PF4CNVD9_adiehl,secondary_85_15_85,2023-07-05 09:45:26,237,269,279,1,0.8867737457542441,hgb,2026-06-03T16:38:27
ADIEHL-PF4CNVD9_adiehl,secondary_85_15_85,2023-07-19 14:34:53,485,527,534,1,0.9866652877046973,hgb,2026-06-03T16:38:27
ADIEHL-PF4CNVD9_adiehl,secondary_85_15_85,2024-01-09 12:30:02,2714,2735,2744,1,0.9812167523968308,hgb,2026-06-03T16:38:27
ADIEHL-PF4CNVD9_adiehl,secondary_85_15_85,2024-01-10 10:01:51,2744,2807,2812,0,0.9783324254880676,hgb,2026-06-03T16:38:27
AH-PF2PXA6R_ah,primary_80_20_80,2025-10-14 17:06:36,10869,11393,11401,0,0.11511263755525568,hgb,2026-06-03T16:38:27
AIII1-PF6249QS_aiii1,primary_80_20_80,2026-03-03 09:43:50,354,362,366,1,0.9739807389170867,hgb,2026-06-03T16:38:27
AL-SVT7_xuxru,primary_80_20_80,2025-03-09 20:44:51,389,421,432,1,0.985381502382561,hgb,2026-06-03T16:38:27
AL-SVT7_xuxru,secondary_85_15_85,2025-03-09 20:44:51,389,421,432,1,0.985381502382561,hgb,2026-06-03T16:38:27
AMALU_asanthosh,strict_90_10_90,2025-02-10 09:59:39,177,221,222,1,0.9976734306009878,hgb,2026-06-03T16:38:27
AMALU_asanthosh,strict_90_10_90,2025-02-14 16:26:35,266,281,283,1,0.9924692091125745,hgb,2026-06-03T16:38:27
AMALU_asanthosh,strict_90_10_90,2025-02-19 13:01:37,358,398,406,1,0.9981324710815528,hgb,2026-06-03T16:38:27
AMALU_asanthosh,strict_90_10_90,2025-02-23 16:45:02,440,450,454,1,0.9930594638836687,hgb,2026-06-03T16:38:27
AMALU_asanthosh,strict_90_10_90,2025-02-24 10:14:00,454,505,510,1,0.9993281117724772,hgb,2026-06-03T16:38:27
AMALU_asanthosh,strict_90_10_90,2025-02-27 05:40:20,510,531,536,1,0.9939153836190124,hgb,2026-06-03T16:38:27
AMALU_asanthosh,strict_90_10_90,2025-03-03 18:55:48,580,650,656,1,0.99689450572483,hgb,2026-06-03T16:38:27
AMALU_asanthosh,strict_90_10_90,2025-04-15 07:10:57,1254,1271,1276,1,0.9842118180790478,hgb,2026-06-03T16:38:27
AMALU_asanthosh,strict_90_10_90,2025-04-16 06:09:26,1276,1295,1299,1,0.9745987632374364,hgb,2026-06-03T16:38:27
AMALU_asanthosh,strict_90_10_90,2025-04-21 19:25:34,1358,1379,1384,1,0.9927878332694742,hgb,2026-06-03T16:38:27
AMALU_asanthosh,strict_90_10_90,2025-04-24 10:31:24,1409,1423,1426,1,0.9882733762203948,hgb,2026-06-03T16:38:27
AMALU_asanthosh,strict_90_10_90,2025-04-30 08:31:25,1489,1498,1510,1,0.990712737513551,hgb,2026-06-03T16:38:27
AMALU_asanthosh,strict_90_10_90,2025-04-30 19:51:53,1510,1534,1543,1,0.9969582358330621,hgb,2026-06-03T16:38:27
AMALU_asanthosh,strict_90_10_90,2025-05-02 09:47:11,1543,1559,1564,1,0.9776123707523072,hgb,2026-06-03T16:38:27
AMALU_asanthosh,strict_90_10_90,2025-05-12 16:06:35,1633,1642,1662,1,0.9067533075592094,hgb,2026-06-03T16:38:27
AMALU_asanthosh,strict_90_10_90,2025-05-15 00:10:42,1686,1696,1701,1,0.9965697043142484,hgb,2026-06-03T16:38:27
AMALU_asanthosh,primary_80_20_80,2025-02-10 09:59:39,177,198,222,1,0.9969568636617928,hgb,2026-06-03T16:38:27
AMALU_asanthosh,primary_80_20_80,2025-02-14 16:26:35,266,278,283,1,0.9911580834809847,hgb,2026-06-03T16:38:27
AMALU_asanthosh,primary_80_20_80,2025-02-19 13:01:37,358,368,379,1,0.9956848749453521,hgb,2026-06-03T16:38:27
AMALU_asanthosh,primary_80_20_80,2025-02-20 11:20:26,379,397,406,1,0.9935676636495394,hgb,2026-06-03T16:38:27
AMALU_asanthosh,primary_80_20_80,2025-02-23 16:45:02,440,449,454,1,0.9908254890331022,hgb,2026-06-03T16:38:27
AMALU_asanthosh,primary_80_20_80,2025-02-24 10:14:00,454,505,510,1,0.9993281117724772,hgb,2026-06-03T16:38:27
AMALU_asanthosh,primary_80_20_80,2025-02-27 05:40:20,510,530,535,1,0.9910379157974872,hgb,2026-06-03T16:38:27
AMALU_asanthosh,primary_80_20_80,2025-03-03 18:25:48,579,650,656,1,0.9982732624171207,hgb,2026-06-03T16:38:27
AMALU_asanthosh,primary_80_20_80,2025-03-16 09:00:46,738,761,769,1,0.9739849150073374,hgb,2026-06-03T16:38:27
AMALU_asanthosh,primary_80_20_80,2025-03-26 09:00:10,866,897,902,1,0.9774973435692811,hgb,2026-06-03T16:38:27
AMALU_asanthosh,primary_80_20_80,2025-03-31 13:36:15,953,961,969,1,0.9996696846498007,hgb,2026-06-03T16:38:27
AMALU_asanthosh,primary_80_20_80,2025-04-15 07:10:57,1254,1269,1276,1,0.9811763303315517,hgb,2026-06-03T16:38:27
AMALU_asanthosh,primary_80_20_80,2025-04-16 06:09:26,1276,1293,1299,1,0.9711582519692964,hgb,2026-06-03T16:38:27
AMALU_asanthosh,primary_80_20_80,2025-04-21 19:25:34,1358,1378,1384,1,0.992241435868343,hgb,2026-06-03T16:38:27
AMALU_asanthosh,primary_80_20_80,2025-04-24 10:31:24,1409,1423,1426,1,0.9882733762203948,hgb,2026-06-03T16:38:27
AMALU_asanthosh,primary_80_20_80,2025-04-30 08:31:25,1489,1498,1510,1,0.990712737513551,hgb,2026-06-03T16:38:27
AMALU_asanthosh,primary_80_20_80,2025-04-30 19:51:53,1510,1533,1543,1,0.9958520153696115,hgb,2026-06-03T16:38:27
AMALU_asanthosh,primary_80_20_80,2025-05-02 09:47:11,1543,1558,1563,1,0.9741173065317529,hgb,2026-06-03T16:38:27
AMALU_asanthosh,primary_80_20_80,2025-05-12 16:06:35,1633,1640,1662,1,0.8621216625098562,hgb,2026-06-03T16:38:27
AMALU_asanthosh,primary_80_20_80,2025-05-15 00:10:42,1686,1695,1701,1,0.9943383225446869,hgb,2026-06-03T16:38:27
AMALU_asanthosh,secondary_85_15_85,2025-02-10 09:59:39,177,198,222,1,0.9969568636617928,hgb,2026-06-03T16:38:27
AMALU_asanthosh,secondary_85_15_85,2025-02-14 16:26:35,266,279,283,1,0.993530815123648,hgb,2026-06-03T16:38:27
AMALU_asanthosh,secondary_85_15_85,2025-02-19 13:01:37,358,397,406,1,0.997873422416182,hgb,2026-06-03T16:38:27
AMALU_asanthosh,secondary_85_15_85,2025-02-23 16:45:02,440,449,454,1,0.9908254890331022,hgb,2026-06-03T16:38:27
AMALU_asanthosh,secondary_85_15_85,2025-02-24 10:14:00,454,505,510,1,0.9993281117724772,hgb,2026-06-03T16:38:27
AMALU_asanthosh,secondary_85_15_85,2025-02-27 05:40:20,510,530,536,1,0.9922016165328654,hgb,2026-06-03T16:38:27
AMALU_asanthosh,secondary_85_15_85,2025-03-03 18:55:48,580,650,656,1,0.99689450572483,hgb,2026-06-03T16:38:27
AMALU_asanthosh,secondary_85_15_85,2025-03-16 09:00:46,738,761,769,1,0.9739849150073374,hgb,2026-06-03T16:38:27
AMALU_asanthosh,secondary_85_15_85,2025-03-31 13:36:15,953,961,971,1,0.9992429680031778,hgb,2026-06-03T16:38:27
AMALU_asanthosh,secondary_85_15_85,2025-04-15 07:10:57,1254,1270,1276,1,0.9830268054191501,hgb,2026-06-03T16:38:27
AMALU_asanthosh,secondary_85_15_85,2025-04-16 06:09:26,1276,1295,1299,1,0.9745987632374364,hgb,2026-06-03T16:38:27
AMALU_asanthosh,secondary_85_15_85,2025-04-21 19:25:34,1358,1378,1384,1,0.992241435868343,hgb,2026-06-03T16:38:27
AMALU_asanthosh,secondary_85_15_85,2025-04-24 10:31:24,1409,1423,1426,1,0.9882733762203948,hgb,2026-06-03T16:38:27
AMALU_asanthosh,secondary_85_15_85,2025-04-30 08:31:25,1489,1498,1510,1,0.990712737513551,hgb,2026-06-03T16:38:27
AMALU_asanthosh,secondary_85_15_85,2025-04-30 19:51:53,1510,1533,1543,1,0.9958520153696115,hgb,2026-06-03T16:38:27
AMALU_asanthosh,secondary_85_15_85,2025-05-02 09:47:11,1543,1559,1563,1,0.9836950178131751,hgb,2026-06-03T16:38:27
AMALU_asanthosh,secondary_85_15_85,2025-05-12 16:06:35,1633,1641,1662,1,0.8872632141282124,hgb,2026-06-03T16:38:27
AMALU_asanthosh,secondary_85_15_85,2025-05-15 00:10:42,1686,1696,1701,1,0.9965697043142484,hgb,2026-06-03T16:38:27
AMANDELBLOO-4SM_amandelbloom,strict_90_10_90,2025-06-05 20:20:50,3062,3271,3280,1,0.9479829127567337,hgb,2026-06-03T16:38:27
AMANDELBLOO-4SM_amandelbloom,strict_90_10_90,2025-06-11 11:50:14,3280,3319,3329,1,0.9942663544457857,hgb,2026-06-03T16:38:27
AMANDELBLOO-4SM_amandelbloom,primary_80_20_80,2025-06-05 20:20:50,3062,3268,3280,1,0.9404049489490188,hgb,2026-06-03T16:38:27
AMANDELBLOO-4SM_amandelbloom,primary_80_20_80,2025-06-11 11:50:14,3280,3300,3306,1,0.9855321422875999,hgb,2026-06-03T16:38:27
AMANDELBLOO-4SM_amandelbloom,primary_80_20_80,2025-06-12 11:19:54,3306,3319,3325,1,0.9895021863599059,hgb,2026-06-03T16:38:27
AMANDELBLOO-4SM_amandelbloom,secondary_85_15_85,2025-06-05 20:20:50,3062,3268,3280,1,0.9404049489490188,hgb,2026-06-03T16:38:27
AMANDELBLOO-4SM_amandelbloom,secondary_85_15_85,2025-06-11 11:50:14,3280,3300,3306,1,0.9855321422875999,hgb,2026-06-03T16:38:27
AMANDELBLOO-4SM_amandelbloom,secondary_85_15_85,2025-06-12 11:19:54,3306,3319,3325,1,0.9895021863599059,hgb,2026-06-03T16:38:27
AMANDELBLOO-9TD_amandelbloom,strict_90_10_90,2026-02-05 14:03:08,248,254,257,1,0.9661348984799928,hgb,2026-06-03T16:38:27
AMANDELBLOO-9TD_amandelbloom,strict_90_10_90,2026-04-14 13:34:19,935,979,994,1,0.955608718115687,hgb,2026-06-03T16:38:27
AMANDELBLOO-9TD_amandelbloom,primary_80_20_80,2026-02-05 13:03:08,246,254,257,1,0.9301441641783107,hgb,2026-06-03T16:38:27
AMANDELBLOO-9TD_amandelbloom,primary_80_20_80,2026-04-14 13:34:19,935,976,993,1,0.9439215136532461,hgb,2026-06-03T16:38:27
AMANDELBLOO-9TD_amandelbloom,secondary_85_15_85,2026-02-05 13:33:08,247,254,257,1,0.8825185052028304,hgb,2026-06-03T16:38:27
AMANDELBLOO-9TD_amandelbloom,secondary_85_15_85,2026-04-14 13:34:19,935,977,994,1,0.9478313702165745,hgb,2026-06-03T16:38:27
AMANDELBLOO-VBQ_amandelbloom,strict_90_10_90,2024-01-02 12:10:58,1270,1342,1350,1,0.9703116321869508,hgb,2026-06-03T16:38:27
AMANDELBLOO-VBQ_amandelbloom,primary_80_20_80,2024-01-02 12:10:58,1270,1339,1350,1,0.9664982006879296,hgb,2026-06-03T16:38:27
AMANDELBLOO-VBQ_amandelbloom,secondary_85_15_85,2024-01-02 12:10:58,1270,1341,1350,1,0.9664982006879296,hgb,2026-06-03T16:38:27
ANAKAMURA8-3ZVB_anakamura8,strict_90_10_90,2023-03-12 19:53:03,661,727,734,0,0.05031332957755805,hgb,2026-06-03T16:38:27
ANAKAMURA8-3ZVB_anakamura8,strict_90_10_90,2023-05-02 15:26:54,1809,1842,1850,0,0.15968815665804134,hgb,2026-06-03T16:38:27
ANAKAMURA8-3ZVB_anakamura8,strict_90_10_90,2023-10-12 20:29:05,5505,5513,5532,0,0.11768080035301612,hgb,2026-06-03T16:38:27
ANAKAMURA8-3ZVB_anakamura8,strict_90_10_90,2023-10-17 19:06:39,5618,5697,5703,0,0.07219716104561225,hgb,2026-06-03T16:38:27
ANAKAMURA8-3ZVB_anakamura8,strict_90_10_90,2023-11-18 20:47:10,6487,6501,6509,0,0.05513073349501502,hgb,2026-06-03T16:38:27
ANAKAMURA8-3ZVB_anakamura8,strict_90_10_90,2023-12-25 09:51:08,7362,7398,7404,0,0.1299628632663309,hgb,2026-06-03T16:38:27
ANAKAMURA8-3ZVB_anakamura8,strict_90_10_90,2024-03-18 09:21:58,9203,9211,9214,1,0.05282582548785476,hgb,2026-06-03T16:38:27
ANAKAMURA8-3ZVB_anakamura8,strict_90_10_90,2024-03-18 15:01:47,9214,9257,9305,0,0.9984080071804062,hgb,2026-06-03T16:38:27
ANAKAMURA8-3ZVB_anakamura8,strict_90_10_90,2024-03-26 11:43:07,9443,9489,9492,0,0.6819140046856166,hgb,2026-06-03T16:38:27
ANAKAMURA8-3ZVB_anakamura8,strict_90_10_90,2024-06-06 10:59:36,11078,11087,11090,0,0.40647228341258795,hgb,2026-06-03T16:38:27
ANAKAMURA8-3ZVB_anakamura8,strict_90_10_90,2024-10-15 10:38:50,14163,14231,14244,0,0.5808925356192151,hgb,2026-06-03T16:38:27
ANAKAMURA8-3ZVB_anakamura8,strict_90_10_90,2024-12-04 13:16:14,15312,15326,15332,0,0.5626188478897886,hgb,2026-06-03T16:38:27
ANAKAMURA8-3ZVB_anakamura8,strict_90_10_90,2024-12-09 10:21:29,15382,15455,15457,0,0.6482317892790359,hgb,2026-06-03T16:38:27
ANAKAMURA8-3ZVB_anakamura8,strict_90_10_90,2024-12-11 14:37:31,15457,15477,15479,0,0.7687663602957998,hgb,2026-06-03T16:38:27
ANAKAMURA8-3ZVB_anakamura8,strict_90_10_90,2025-03-16 08:07:15,17422,17450,17454,1,0.34531371237436487,hgb,2026-06-03T16:38:27
ANAKAMURA8-3ZVB_anakamura8,strict_90_10_90,2025-03-27 01:11:23,17713,17750,17753,0,0.03977875213987333,hgb,2026-06-03T16:38:27
ANAKAMURA8-3ZVB_anakamura8,strict_90_10_90,2025-08-19 14:09:46,20724,20731,20737,0,0.09129914519393013,hgb,2026-06-03T16:38:27
ANAKAMURA8-3ZVB_anakamura8,primary_80_20_80,2023-03-12 19:18:28,660,727,733,0,0.03634211620508164,hgb,2026-06-03T16:38:27
ANAKAMURA8-3ZVB_anakamura8,primary_80_20_80,2023-04-25 13:23:39,1702,1743,1746,0,0.08783560481388317,hgb,2026-06-03T16:38:27
ANAKAMURA8-3ZVB_anakamura8,primary_80_20_80,2023-05-02 15:26:54,1809,1841,1850,0,0.1535759555316789,hgb,2026-06-03T16:38:27
ANAKAMURA8-3ZVB_anakamura8,primary_80_20_80,2023-05-16 14:45:36,2070,2079,2081,0,0.04069031273853222,hgb,2026-06-03T16:38:27
ANAKAMURA8-3ZVB_anakamura8,primary_80_20_80,2023-05-16 19:20:55,2081,2126,2137,0,0.11105263824110048,hgb,2026-06-03T16:38:27
ANAKAMURA8-3ZVB_anakamura8,primary_80_20_80,2023-05-30 12:22:24,2352,2382,2384,0,0.07637504711019441,hgb,2026-06-03T16:38:27
ANAKAMURA8-3ZVB_anakamura8,primary_80_20_80,2023-08-16 09:38:09,4044,4075,4078,0,0.054555793474956454,hgb,2026-06-03T16:38:27
ANAKAMURA8-3ZVB_anakamura8,primary_80_20_80,2023-08-22 10:40:34,4137,4181,4187,0,0.04367768696455979,hgb,2026-06-03T16:38:27
ANAKAMURA8-3ZVB_anakamura8,primary_80_20_80,2023-09-05 19:26:29,4523,4585,4589,0,0.07234736059562095,hgb,2026-06-03T16:38:27
ANAKAMURA8-3ZVB_anakamura8,primary_80_20_80,2023-09-11 10:38:46,4636,4754,4757,0,0.6210247100423572,hgb,2026-06-03T16:38:27
ANAKAMURA8-3ZVB_anakamura8,primary_80_20_80,2023-09-18 18:50:47,4830,4914,4927,0,0.050464673339953185,hgb,2026-06-03T16:38:27
ANAKAMURA8-3ZVB_anakamura8,primary_80_20_80,2023-10-05 13:02:43,5280,5316,5333,0,0.06594838607948243,hgb,2026-06-03T16:38:27
ANAKAMURA8-3ZVB_anakamura8,primary_80_20_80,2023-10-11 21:52:27,5450,5497,5505,0,0.016443713716549048,hgb,2026-06-03T16:38:27
ANAKAMURA8-3ZVB_anakamura8,primary_80_20_80,2023-10-12 20:29:05,5505,5512,5530,0,0.04959842892559649,hgb,2026-06-03T16:38:27
ANAKAMURA8-3ZVB_anakamura8,primary_80_20_80,2023-10-17 15:15:59,5610,5645,5654,0,0.08146436344783166,hgb,2026-06-03T16:38:27
ANAKAMURA8-3ZVB_anakamura8,primary_80_20_80,2023-10-18 15:17:07,5654,5696,5703,0,0.04972135342456472,hgb,2026-06-03T16:38:27
ANAKAMURA8-3ZVB_anakamura8,primary_80_20_80,2023-11-13 12:36:18,6322,6335,6342,0,0.05689491430761295,hgb,2026-06-03T16:38:27
ANAKAMURA8-3ZVB_anakamura8,primary_80_20_80,2023-11-13 19:04:39,6342,6367,6369,0,0.06716660475120798,hgb,2026-06-03T16:38:27
ANAKAMURA8-3ZVB_anakamura8,primary_80_20_80,2023-11-16 10:32:18,6415,6460,6464,0,0.10505567446674634,hgb,2026-06-03T16:38:27
ANAKAMURA8-3ZVB_anakamura8,primary_80_20_80,2023-11-18 20:17:10,6486,6500,6509,0,0.04039561987891668,hgb,2026-06-03T16:38:27
ANAKAMURA8-3ZVB_anakamura8,primary_80_20_80,2023-11-30 15:34:50,6835,6841,6858,0,0.21293724394050942,hgb,2026-06-03T16:38:27
ANAKAMURA8-3ZVB_anakamura8,primary_80_20_80,2023-12-18 08:22:56,7205,7212,7213,0,0.11472434037169159,hgb,2026-06-03T16:38:27
ANAKAMURA8-3ZVB_anakamura8,primary_80_20_80,2023-12-20 12:50:17,7248,7263,7265,0,0.674301485303844,hgb,2026-06-03T16:38:27
ANAKAMURA8-3ZVB_anakamura8,primary_80_20_80,2023-12-20 19:11:23,7265,7301,7308,0,0.46368848391087464,hgb,2026-06-03T16:38:27
ANAKAMURA8-3ZVB_anakamura8,primary_80_20_80,2023-12-25 09:16:18,7360,7397,7403,0,0.0591439363133638,hgb,2026-06-03T16:38:27
ANAKAMURA8-3ZVB_anakamura8,primary_80_20_80,2024-02-01 09:38:30,8098,8119,8126,0,0.040368912263537726,hgb,2026-06-03T16:38:27
ANAKAMURA8-3ZVB_anakamura8,primary_80_20_80,2024-02-27 20:01:55,8656,8675,8680,0,0.04373365181543707,hgb,2026-06-03T16:38:27
ANAKAMURA8-3ZVB_anakamura8,primary_80_20_80,2024-02-28 13:07:39,8680,8704,8714,0,0.07880386151741604,hgb,2026-06-03T16:38:27
ANAKAMURA8-3ZVB_anakamura8,primary_80_20_80,2024-03-06 18:06:45,8916,8949,8954,0,0.02989576196172714,hgb,2026-06-03T16:38:27
ANAKAMURA8-3ZVB_anakamura8,primary_80_20_80,2024-03-18 09:21:58,9203,9210,9214,1,0.03461495290441889,hgb,2026-06-03T16:38:27
ANAKAMURA8-3ZVB_anakamura8,primary_80_20_80,2024-03-18 15:01:47,9214,9257,9304,0,0.998249421600023,hgb,2026-06-03T16:38:27
ANAKAMURA8-3ZVB_anakamura8,primary_80_20_80,2024-03-26 11:43:07,9443,9485,9491,0,0.5391216239868847,hgb,2026-06-03T16:38:27
ANAKAMURA8-3ZVB_anakamura8,primary_80_20_80,2024-04-16 17:46:43,9905,10026,10035,0,0.8593474556856959,hgb,2026-06-03T16:38:27
ANAKAMURA8-3ZVB_anakamura8,primary_80_20_80,2024-04-22 17:23:16,10062,10073,10080,0,0.5052707211078282,hgb,2026-06-03T16:38:27
ANAKAMURA8-3ZVB_anakamura8,primary_80_20_80,2024-04-23 10:42:03,10080,10155,10159,0,0.5720313959341324,hgb,2026-06-03T16:38:27
ANAKAMURA8-3ZVB_anakamura8,primary_80_20_80,2024-04-25 12:03:15,10159,10212,10218,0,0.5387549632918168,hgb,2026-06-03T16:38:27
ANAKAMURA8-3ZVB_anakamura8,primary_80_20_80,2024-05-28 16:24:47,10836,10911,10916,0,0.589406006423574,hgb,2026-06-03T16:38:27
ANAKAMURA8-3ZVB_anakamura8,primary_80_20_80,2024-05-30 19:08:41,10916,10941,10946,0,0.518405881512616,hgb,2026-06-03T16:38:27
ANAKAMURA8-3ZVB_anakamura8,primary_80_20_80,2024-06-06 10:29:36,11077,11086,11090,0,0.1775723860040208,hgb,2026-06-03T16:38:27
ANAKAMURA8-3ZVB_anakamura8,primary_80_20_80,2024-06-11 17:24:01,11179,11232,11234,0,0.3753451875815771,hgb,2026-06-03T16:38:27
ANAKAMURA8-3ZVB_anakamura8,primary_80_20_80,2024-06-28 01:21:09,11668,11701,11704,0,0.2818732895446214,hgb,2026-06-03T16:38:27
ANAKAMURA8-3ZVB_anakamura8,primary_80_20_80,2024-07-08 11:54:54,11912,11986,11989,0,0.7259438320710253,hgb,2026-06-03T16:38:27
ANAKAMURA8-3ZVB_anakamura8,primary_80_20_80,2024-07-17 14:04:21,12091,12102,12108,0,0.6802023615757404,hgb,2026-06-03T16:38:27
ANAKAMURA8-3ZVB_anakamura8,primary_80_20_80,2024-07-19 10:19:08,12149,12154,12162,0,0.29880261758243476,hgb,2026-06-03T16:38:27
ANAKAMURA8-3ZVB_anakamura8,primary_80_20_80,2024-08-19 20:19:51,12734,12833,12835,0,0.6746484706271616,hgb,2026-06-03T16:38:27
ANAKAMURA8-3ZVB_anakamura8,primary_80_20_80,2024-08-27 11:18:01,12950,13046,13055,0,0.6277647765380158,hgb,2026-06-03T16:38:27
ANAKAMURA8-3ZVB_anakamura8,primary_80_20_80,2024-09-16 09:53:56,13464,13491,13495,0,0.9028423970349297,hgb,2026-06-03T16:38:27
ANAKAMURA8-3ZVB_anakamura8,primary_80_20_80,2024-09-17 21:58:29,13495,13563,13580,0,0.7393044806357029,hgb,2026-06-03T16:38:27
ANAKAMURA8-3ZVB_anakamura8,primary_80_20_80,2024-10-07 12:00:58,14006,14022,14025,0,0.3706623419771767,hgb,2026-06-03T16:38:27
ANAKAMURA8-3ZVB_anakamura8,primary_80_20_80,2024-10-08 10:55:29,14025,14111,14115,0,0.32135186155923756,hgb,2026-06-03T16:38:27
ANAKAMURA8-3ZVB_anakamura8,primary_80_20_80,2024-10-10 13:18:32,14115,14122,14128,0,0.39258226805169516,hgb,2026-06-03T16:38:27
ANAKAMURA8-3ZVB_anakamura8,primary_80_20_80,2024-10-15 10:38:50,14163,14230,14244,0,0.5665804325610206,hgb,2026-06-03T16:38:27
ANAKAMURA8-3ZVB_anakamura8,primary_80_20_80,2024-11-18 09:30:17,14948,14988,15000,0,0.19324881634191457,hgb,2026-06-03T16:38:27
ANAKAMURA8-3ZVB_anakamura8,primary_80_20_80,2024-11-19 12:00:39,15000,15030,15033,0,0.3404486982369366,hgb,2026-06-03T16:38:27
ANAKAMURA8-3ZVB_anakamura8,primary_80_20_80,2024-11-20 11:21:37,15033,15073,15082,0,0.5663300665505744,hgb,2026-06-03T16:38:27
ANAKAMURA8-3ZVB_anakamura8,primary_80_20_80,2024-11-28 10:29:02,15200,15228,15231,0,0.41642483634782346,hgb,2026-06-03T16:38:27
ANAKAMURA8-3ZVB_anakamura8,primary_80_20_80,2024-12-04 13:16:14,15312,15326,15332,0,0.5626188478897886,hgb,2026-06-03T16:38:27
ANAKAMURA8-3ZVB_anakamura8,primary_80_20_80,2024-12-09 10:21:29,15382,15454,15457,0,0.3989456632216296,hgb,2026-06-03T16:38:27
ANAKAMURA8-3ZVB_anakamura8,primary_80_20_80,2024-12-11 14:37:31,15457,15477,15479,0,0.7687663602957998,hgb,2026-06-03T16:38:27
ANAKAMURA8-3ZVB_anakamura8,primary_80_20_80,2024-12-12 03:17:14,15479,15494,15498,0,0.3191538697538643,hgb,2026-06-03T16:38:27
ANAKAMURA8-3ZVB_anakamura8,primary_80_20_80,2025-01-07 14:40:24,15900,15977,15980,0,0.3060037804824762,hgb,2026-06-03T16:38:27
ANAKAMURA8-3ZVB_anakamura8,primary_80_20_80,2025-01-27 10:42:32,16264,16425,16429,0,0.5341959188616439,hgb,2026-06-03T16:38:27
ANAKAMURA8-3ZVB_anakamura8,primary_80_20_80,2025-03-16 07:37:15,17421,17449,17453,1,0.35803673297008826,hgb,2026-06-03T16:38:27
ANAKAMURA8-3ZVB_anakamura8,primary_80_20_80,2025-03-27 01:11:23,17713,17748,17753,0,0.05086336788046779,hgb,2026-06-03T16:38:27
ANAKAMURA8-3ZVB_anakamura8,primary_80_20_80,2025-06-02 12:42:16,18880,18935,18948,0,0.023412341469299276,hgb,2026-06-03T16:38:27
ANAKAMURA8-3ZVB_anakamura8,primary_80_20_80,2025-06-16 10:34:02,19298,19368,19369,0,0.09570398347010484,hgb,2026-06-03T16:38:27
ANAKAMURA8-3ZVB_anakamura8,primary_80_20_80,2025-08-17 20:37:45,20676,20717,20724,0,0.049686429263537314,hgb,2026-06-03T16:38:27
ANAKAMURA8-3ZVB_anakamura8,primary_80_20_80,2025-08-19 14:09:46,20724,20731,20737,0,0.09129914519393013,hgb,2026-06-03T16:38:27
ANAKAMURA8-3ZVB_anakamura8,primary_80_20_80,2025-09-01 10:51:38,21149,21276,21296,0,0.9215894864151025,hgb,2026-06-03T16:38:27
ANAKAMURA8-3ZVB_anakamura8,secondary_85_15_85,2023-03-12 19:53:03,661,727,734,0,0.05031332957755805,hgb,2026-06-03T16:38:27
ANAKAMURA8-3ZVB_anakamura8,secondary_85_15_85,2023-04-25 13:23:39,1702,1743,1746,0,0.08783560481388317,hgb,2026-06-03T16:38:27
ANAKAMURA8-3ZVB_anakamura8,secondary_85_15_85,2023-05-02 15:26:54,1809,1841,1850,0,0.1535759555316789,hgb,2026-06-03T16:38:27
ANAKAMURA8-3ZVB_anakamura8,secondary_85_15_85,2023-05-16 14:45:36,2070,2126,2137,0,0.11047985967043088,hgb,2026-06-03T16:38:27
ANAKAMURA8-3ZVB_anakamura8,secondary_85_15_85,2023-05-30 12:52:24,2353,2382,2384,0,0.10717711927827686,hgb,2026-06-03T16:38:27
ANAKAMURA8-3ZVB_anakamura8,secondary_85_15_85,2023-09-05 19:26:29,4523,4586,4589,0,0.07234736059562095,hgb,2026-06-03T16:38:27
ANAKAMURA8-3ZVB_anakamura8,secondary_85_15_85,2023-10-11 21:52:27,5450,5497,5505,0,0.016443713716549048,hgb,2026-06-03T16:38:27
ANAKAMURA8-3ZVB_anakamura8,secondary_85_15_85,2023-10-12 20:29:05,5505,5512,5530,0,0.04959842892559649,hgb,2026-06-03T16:38:27
ANAKAMURA8-3ZVB_anakamura8,secondary_85_15_85,2023-10-17 15:15:59,5610,5697,5703,0,0.062000886441639994,hgb,2026-06-03T16:38:27
ANAKAMURA8-3ZVB_anakamura8,secondary_85_15_85,2023-11-18 20:17:10,6486,6501,6509,0,0.03556676942602765,hgb,2026-06-03T16:38:27
ANAKAMURA8-3ZVB_anakamura8,secondary_85_15_85,2023-12-25 09:16:18,7360,7397,7403,0,0.0591439363133638,hgb,2026-06-03T16:38:27
ANAKAMURA8-3ZVB_anakamura8,secondary_85_15_85,2024-02-27 20:01:55,8656,8704,8714,0,0.13947810932224167,hgb,2026-06-03T16:38:27
ANAKAMURA8-3ZVB_anakamura8,secondary_85_15_85,2024-03-18 09:21:58,9203,9210,9214,1,0.03461495290441889,hgb,2026-06-03T16:38:27
ANAKAMURA8-3ZVB_anakamura8,secondary_85_15_85,2024-03-18 15:01:47,9214,9257,9304,0,0.998249421600023,hgb,2026-06-03T16:38:27
ANAKAMURA8-3ZVB_anakamura8,secondary_85_15_85,2024-03-26 11:43:07,9443,9489,9491,0,0.7131040476867704,hgb,2026-06-03T16:38:27
ANAKAMURA8-3ZVB_anakamura8,secondary_85_15_85,2024-04-16 17:46:43,9905,10026,10035,0,0.8593474556856959,hgb,2026-06-03T16:38:27
ANAKAMURA8-3ZVB_anakamura8,secondary_85_15_85,2024-04-23 10:42:03,10080,10156,10159,0,0.5720313959341324,hgb,2026-06-03T16:38:27
ANAKAMURA8-3ZVB_anakamura8,secondary_85_15_85,2024-05-28 16:24:47,10836,10912,10917,0,0.7801946060424145,hgb,2026-06-03T16:38:27
ANAKAMURA8-3ZVB_anakamura8,secondary_85_15_85,2024-05-30 19:38:41,10917,10941,10946,0,0.6433624821240779,hgb,2026-06-03T16:38:27
ANAKAMURA8-3ZVB_anakamura8,secondary_85_15_85,2024-06-06 10:29:36,11077,11086,11090,0,0.1775723860040208,hgb,2026-06-03T16:38:27
ANAKAMURA8-3ZVB_anakamura8,secondary_85_15_85,2024-07-17 14:04:21,12091,12103,12108,0,0.8544885589865975,hgb,2026-06-03T16:38:27
ANAKAMURA8-3ZVB_anakamura8,secondary_85_15_85,2024-09-17 21:58:29,13495,13564,13580,0,0.8860321583570366,hgb,2026-06-03T16:38:27
ANAKAMURA8-3ZVB_anakamura8,secondary_85_15_85,2024-10-07 12:00:58,14006,14111,14115,0,0.29306485669787424,hgb,2026-06-03T16:38:27
ANAKAMURA8-3ZVB_anakamura8,secondary_85_15_85,2024-10-10 13:18:32,14115,14122,14128,0,0.39258226805169516,hgb,2026-06-03T16:38:27
ANAKAMURA8-3ZVB_anakamura8,secondary_85_15_85,2024-10-15 10:38:50,14163,14230,14244,0,0.5665804325610206,hgb,2026-06-03T16:38:27
ANAKAMURA8-3ZVB_anakamura8,secondary_85_15_85,2024-11-18 09:30:17,14948,15030,15033,0,0.23959517076217768,hgb,2026-06-03T16:38:27
ANAKAMURA8-3ZVB_anakamura8,secondary_85_15_85,2024-11-20 11:21:37,15033,15073,15082,0,0.5663300665505744,hgb,2026-06-03T16:38:27
ANAKAMURA8-3ZVB_anakamura8,secondary_85_15_85,2024-12-04 13:16:14,15312,15326,15332,0,0.5626188478897886,hgb,2026-06-03T16:38:27
ANAKAMURA8-3ZVB_anakamura8,secondary_85_15_85,2024-12-09 10:21:29,15382,15454,15457,0,0.3989456632216296,hgb,2026-06-03T16:38:27
ANAKAMURA8-3ZVB_anakamura8,secondary_85_15_85,2024-12-11 14:37:31,15457,15477,15479,0,0.7687663602957998,hgb,2026-06-03T16:38:27
ANAKAMURA8-3ZVB_anakamura8,secondary_85_15_85,2024-12-12 03:17:14,15479,15495,15498,0,0.3191538697538643,hgb,2026-06-03T16:38:27
ANAKAMURA8-3ZVB_anakamura8,secondary_85_15_85,2025-01-07 14:40:24,15900,15977,15981,0,0.1992072682893108,hgb,2026-06-03T16:38:27
ANAKAMURA8-3ZVB_anakamura8,secondary_85_15_85,2025-03-16 07:37:15,17421,17450,17454,1,0.2094747008498007,hgb,2026-06-03T16:38:27
ANAKAMURA8-3ZVB_anakamura8,secondary_85_15_85,2025-03-27 01:11:23,17713,17749,17753,0,0.06578874235199726,hgb,2026-06-03T16:38:27
ANAKAMURA8-3ZVB_anakamura8,secondary_85_15_85,2025-06-16 11:04:02,19299,19368,19369,0,0.0896496827934009,hgb,2026-06-03T16:38:27
ANAKAMURA8-3ZVB_anakamura8,secondary_85_15_85,2025-08-19 14:09:46,20724,20731,20737,0,0.09129914519393013,hgb,2026-06-03T16:38:27
ANDY-TH1_zuyin,strict_90_10_90,2024-01-12 22:16:39,0,17,45,0,0.8201112683848523,hgb,2026-06-03T16:38:27
ANDY-TH1_zuyin,primary_80_20_80,2024-01-12 22:16:39,0,17,45,0,0.8201112683848523,hgb,2026-06-03T16:38:27
ANDY-TH1_zuyin,primary_80_20_80,2024-01-14 16:24:50,45,57,67,0,0.6733721304343797,hgb,2026-06-03T16:38:27
ANDY-TH1_zuyin,primary_80_20_80,2024-01-14 23:38:58,67,160,169,0,0.7476611834733298,hgb,2026-06-03T16:38:27
ANDY-TH1_zuyin,primary_80_20_80,2024-02-03 15:36:00,707,815,818,1,0.9522507298677636,hgb,2026-06-03T16:38:27
ANDY-TH1_zuyin,primary_80_20_80,2024-02-20 23:34:33,1121,1161,1173,1,0.9396205203524068,hgb,2026-06-03T16:38:27
ANDY-TH1_zuyin,primary_80_20_80,2024-02-25 10:40:54,1207,1245,1256,1,0.9609180177154223,hgb,2026-06-03T16:38:27
ANDY-TH1_zuyin,primary_80_20_80,2024-04-01 16:14:13,2009,2175,2177,1,0.9734510621757236,hgb,2026-06-03T16:38:27
ANDY-TH1_zuyin,primary_80_20_80,2024-04-07 14:03:10,2177,2245,2247,1,0.9380988245672601,hgb,2026-06-03T16:38:27
ANDY-TH1_zuyin,primary_80_20_80,2024-04-09 07:40:38,2247,2264,2282,1,0.9027238417251989,hgb,2026-06-03T16:38:27
ANDY-TH1_zuyin,primary_80_20_80,2024-04-09 19:10:38,2282,2287,2296,1,0.9030319466873624,hgb,2026-06-03T16:38:27
ANDY-TH1_zuyin,primary_80_20_80,2024-04-13 23:31:01,2450,2498,2509,1,0.9618818372831871,hgb,2026-06-03T16:38:27
ANDY-TH1_zuyin,primary_80_20_80,2024-05-11 18:33:18,3015,3026,3029,1,0.9596356445686071,hgb,2026-06-03T16:38:27
ANDY-TH1_zuyin,primary_80_20_80,2024-05-12 18:13:44,3029,3034,3037,1,0.9521705327702726,hgb,2026-06-03T16:38:27
ANDY-TH1_zuyin,primary_80_20_80,2024-06-20 19:08:58,4320,4535,4825,1,0.8425047848875202,hgb,2026-06-03T16:38:27
ANDY-TH1_zuyin,primary_80_20_80,2024-07-22 16:49:17,5481,5599,5626,1,0.9794292313514483,hgb,2026-06-03T16:38:27
ANDY-TH1_zuyin,secondary_85_15_85,2024-01-12 22:16:39,0,17,45,0,0.8201112683848523,hgb,2026-06-03T16:38:27
ANDY-TH1_zuyin,secondary_85_15_85,2024-01-14 16:24:50,45,161,170,0,0.7456039547523908,hgb,2026-06-03T16:38:27
ANUPT14S_avachali,strict_90_10_90,2024-12-22 20:35:43,2636,2656,2663,1,0.9905277478239357,hgb,2026-06-03T16:38:27
ANUPT14S_avachali,primary_80_20_80,2024-12-22 20:35:43,2636,2655,2663,1,0.9862331926810636,hgb,2026-06-03T16:38:27
ANUPT14S_avachali,secondary_85_15_85,2024-12-22 20:35:43,2636,2655,2663,1,0.9862331926810636,hgb,2026-06-03T16:38:27
ANUP_TINY,strict_90_10_90,2024-12-22 20:35:43,2636,2656,2663,1,0.9882517908088532,hgb,2026-06-03T16:38:27
ANUP_TINY,primary_80_20_80,2024-12-22 20:35:43,2636,2655,2663,1,0.9894510308903114,hgb,2026-06-03T16:38:27
ANUP_TINY,secondary_85_15_85,2024-12-22 20:35:43,2636,2655,2663,1,0.9894510308903114,hgb,2026-06-03T16:38:27
AOHYAMA-F3Y6JVY_aohyama,strict_90_10_90,2023-07-21 11:19:49,2587,2603,2610,1,0.9749034529285793,hgb,2026-06-03T16:38:27
AOHYAMA-F3Y6JVY_aohyama,strict_90_10_90,2023-08-27 12:19:14,3292,3327,3337,1,0.9718295851589093,hgb,2026-06-03T16:38:27
AOHYAMA-F3Y6JVY_aohyama,strict_90_10_90,2023-08-28 18:43:45,3337,3454,3464,1,0.9938702544674098,hgb,2026-06-03T16:38:27
AOHYAMA-F3Y6JVY_aohyama,strict_90_10_90,2023-11-01 10:52:33,5163,5189,5224,1,0.8355722958801222,hgb,2026-06-03T16:38:27
AOHYAMA-F3Y6JVY_aohyama,strict_90_10_90,2023-11-13 10:16:01,5406,5423,5470,1,0.8595557609525222,hgb,2026-06-03T16:38:27
AOHYAMA-F3Y6JVY_aohyama,strict_90_10_90,2023-11-14 13:17:00,5470,5513,5533,1,0.9366340798435521,hgb,2026-06-03T16:38:27
AOHYAMA-F3Y6JVY_aohyama,strict_90_10_90,2023-11-20 00:17:25,5623,5660,5683,1,0.787814033094625,hgb,2026-06-03T16:38:27
AOHYAMA-F3Y6JVY_aohyama,strict_90_10_90,2023-12-04 18:58:26,6009,6042,6048,1,0.9019610417863974,hgb,2026-06-03T16:38:27
AOHYAMA-F3Y6JVY_aohyama,strict_90_10_90,2023-12-18 14:02:52,6322,6378,6392,1,0.8542775767640879,hgb,2026-06-03T16:38:27
AOHYAMA-F3Y6JVY_aohyama,strict_90_10_90,2023-12-20 13:31:42,6392,6406,6419,1,0.94389631822374,hgb,2026-06-03T16:38:27
AOHYAMA-F3Y6JVY_aohyama,strict_90_10_90,2023-12-21 11:01:15,6419,6425,6431,1,0.919481234898897,hgb,2026-06-03T16:38:27
AOHYAMA-F3Y6JVY_aohyama,strict_90_10_90,2023-12-21 18:22:33,6431,6452,6456,1,0.9119970682931682,hgb,2026-06-03T16:38:27
AOHYAMA-F3Y6JVY_aohyama,strict_90_10_90,2023-12-22 15:19:34,6456,6461,6472,1,0.9643748943744177,hgb,2026-06-03T16:38:27
AOHYAMA-F3Y6JVY_aohyama,strict_90_10_90,2024-01-03 11:49:12,6679,6680,6686,1,0.33476506951250656,hgb,2026-06-03T16:38:27
AOHYAMA-F3Y6JVY_aohyama,strict_90_10_90,2024-01-09 19:52:24,6780,6815,6824,1,0.9630433178425376,hgb,2026-06-03T16:38:27
AOHYAMA-F3Y6JVY_aohyama,strict_90_10_90,2024-01-26 13:57:19,7158,7168,7174,1,0.774039676692027,hgb,2026-06-03T16:38:27
AOHYAMA-F3Y6JVY_aohyama,strict_90_10_90,2024-01-30 14:01:09,7217,7246,7253,1,0.9387930671500127,hgb,2026-06-03T16:38:27
AOHYAMA-F3Y6JVY_aohyama,strict_90_10_90,2024-01-31 13:51:26,7253,7265,7269,1,0.8839797344541321,hgb,2026-06-03T16:38:27
AOHYAMA-F3Y6JVY_aohyama,strict_90_10_90,2024-03-04 02:05:23,8090,8097,8105,1,0.8657613823014506,hgb,2026-06-03T16:38:27
AOHYAMA-F3Y6JVY_aohyama,strict_90_10_90,2024-03-26 18:48:56,8700,8730,8752,1,0.9548067669309841,hgb,2026-06-03T16:38:27
AOHYAMA-F3Y6JVY_aohyama,strict_90_10_90,2024-06-12 14:29:07,10236,10252,10268,1,0.8403287602185362,hgb,2026-06-03T16:38:27
AOHYAMA-F3Y6JVY_aohyama,primary_80_20_80,2023-06-12 16:11:14,1587,1618,1636,1,0.9520705147198418,hgb,2026-06-03T16:38:27
AOHYAMA-F3Y6JVY_aohyama,primary_80_20_80,2023-07-12 13:12:25,2374,2401,2439,1,0.9265386110435299,hgb,2026-06-03T16:38:27
AOHYAMA-F3Y6JVY_aohyama,primary_80_20_80,2023-07-21 10:49:49,2586,2601,2610,1,0.8458452858354614,hgb,2026-06-03T16:38:27
AOHYAMA-F3Y6JVY_aohyama,primary_80_20_80,2023-08-27 12:19:14,3292,3319,3337,1,0.9608789208673071,hgb,2026-06-03T16:38:27
AOHYAMA-F3Y6JVY_aohyama,primary_80_20_80,2023-08-28 18:43:45,3337,3448,3464,1,0.9934050833921759,hgb,2026-06-03T16:38:27
AOHYAMA-F3Y6JVY_aohyama,primary_80_20_80,2023-09-08 01:00:08,3635,3657,3670,1,0.9491261333132449,hgb,2026-06-03T16:38:27
AOHYAMA-F3Y6JVY_aohyama,primary_80_20_80,2023-09-13 15:07:12,3820,3884,3887,1,0.9769889930479172,hgb,2026-06-03T16:38:27
AOHYAMA-F3Y6JVY_aohyama,primary_80_20_80,2023-10-11 11:29:31,4499,4513,4518,1,0.9713616229333746,hgb,2026-06-03T16:38:27
AOHYAMA-F3Y6JVY_aohyama,primary_80_20_80,2023-10-19 07:43:12,4752,4807,4813,1,0.9557350113714927,hgb,2026-06-03T16:38:27
AOHYAMA-F3Y6JVY_aohyama,primary_80_20_80,2023-10-24 18:00:44,4959,5018,5049,1,0.9740861372323726,hgb,2026-06-03T16:38:27
AOHYAMA-F3Y6JVY_aohyama,primary_80_20_80,2023-10-26 18:35:15,5049,5088,5096,1,0.9830080111949733,hgb,2026-06-03T16:38:27
AOHYAMA-F3Y6JVY_aohyama,primary_80_20_80,2023-11-01 10:52:33,5163,5173,5176,1,0.8973448687200328,hgb,2026-06-03T16:38:27
AOHYAMA-F3Y6JVY_aohyama,primary_80_20_80,2023-11-01 16:47:07,5176,5187,5204,1,0.7572652767937089,hgb,2026-06-03T16:38:27
AOHYAMA-F3Y6JVY_aohyama,primary_80_20_80,2023-11-02 13:53:46,5204,5208,5224,1,0.8192151350934311,hgb,2026-06-03T16:38:27
AOHYAMA-F3Y6JVY_aohyama,primary_80_20_80,2023-11-06 11:09:48,5244,5257,5265,1,0.9824699808903785,hgb,2026-06-03T16:38:27
AOHYAMA-F3Y6JVY_aohyama,primary_80_20_80,2023-11-10 11:03:24,5358,5364,5392,1,0.9146511006271357,hgb,2026-06-03T16:38:27
AOHYAMA-F3Y6JVY_aohyama,primary_80_20_80,2023-11-13 10:16:01,5406,5413,5468,1,0.7720965461954952,hgb,2026-06-03T16:38:27
AOHYAMA-F3Y6JVY_aohyama,primary_80_20_80,2023-11-14 12:12:16,5468,5483,5486,1,0.8671402946792165,hgb,2026-06-03T16:38:27
AOHYAMA-F3Y6JVY_aohyama,primary_80_20_80,2023-11-14 19:37:15,5486,5497,5503,1,0.8642913375436134,hgb,2026-06-03T16:38:27
AOHYAMA-F3Y6JVY_aohyama,primary_80_20_80,2023-11-15 13:37:55,5503,5511,5532,1,0.8482122930228775,hgb,2026-06-03T16:38:27
AOHYAMA-F3Y6JVY_aohyama,primary_80_20_80,2023-11-20 00:17:25,5623,5651,5665,1,0.7321776734711862,hgb,2026-06-03T16:38:27
AOHYAMA-F3Y6JVY_aohyama,primary_80_20_80,2023-11-21 11:31:00,5665,5670,5683,1,0.9696742121933933,hgb,2026-06-03T16:38:27
AOHYAMA-F3Y6JVY_aohyama,primary_80_20_80,2023-11-28 16:00:18,5821,5870,5915,1,0.9865866545959847,hgb,2026-06-03T16:38:27
AOHYAMA-F3Y6JVY_aohyama,primary_80_20_80,2023-12-01 14:30:12,5915,5919,5925,1,0.9513371253294515,hgb,2026-06-03T16:38:27
AOHYAMA-F3Y6JVY_aohyama,primary_80_20_80,2023-12-04 18:58:26,6009,6041,6048,1,0.8782392571393101,hgb,2026-06-03T16:38:27
AOHYAMA-F3Y6JVY_aohyama,primary_80_20_80,2023-12-18 13:32:52,6321,6367,6392,1,0.891000464309694,hgb,2026-06-03T16:38:27
AOHYAMA-F3Y6JVY_aohyama,primary_80_20_80,2023-12-20 13:31:42,6392,6401,6418,1,0.9166069277507429,hgb,2026-06-03T16:38:27
AOHYAMA-F3Y6JVY_aohyama,primary_80_20_80,2023-12-21 10:31:15,6418,6423,6431,1,0.9371605702656651,hgb,2026-06-03T16:38:27
AOHYAMA-F3Y6JVY_aohyama,primary_80_20_80,2023-12-21 18:22:33,6431,6445,6456,1,0.9105795936980894,hgb,2026-06-03T16:38:27
AOHYAMA-F3Y6JVY_aohyama,primary_80_20_80,2023-12-22 15:19:34,6456,6461,6471,1,0.9553561950470593,hgb,2026-06-03T16:38:27
AOHYAMA-F3Y6JVY_aohyama,primary_80_20_80,2023-12-25 13:27:52,6506,6545,6548,1,0.92625233157998,hgb,2026-06-03T16:38:27
AOHYAMA-F3Y6JVY_aohyama,primary_80_20_80,2023-12-26 11:35:13,6548,6559,6562,1,0.9743784043385381,hgb,2026-06-03T16:38:27
AOHYAMA-F3Y6JVY_aohyama,primary_80_20_80,2023-12-26 17:28:41,6562,6587,6616,1,0.8904568696810088,hgb,2026-06-03T16:38:27
AOHYAMA-F3Y6JVY_aohyama,primary_80_20_80,2024-01-03 11:49:12,6679,6680,6686,1,0.35382358923513546,hgb,2026-06-03T16:38:27
AOHYAMA-F3Y6JVY_aohyama,primary_80_20_80,2024-01-09 19:52:24,6780,6791,6794,1,0.9562642366421048,hgb,2026-06-03T16:38:27
AOHYAMA-F3Y6JVY_aohyama,primary_80_20_80,2024-01-10 00:55:34,6794,6810,6824,1,0.9646022963278673,hgb,2026-06-03T16:38:27
AOHYAMA-F3Y6JVY_aohyama,primary_80_20_80,2024-01-19 12:22:24,7000,7006,7013,1,0.9178432842773901,hgb,2026-06-03T16:38:27
AOHYAMA-F3Y6JVY_aohyama,primary_80_20_80,2024-01-24 21:59:10,7112,7134,7158,1,0.7503169824148145,hgb,2026-06-03T16:38:27
AOHYAMA-F3Y6JVY_aohyama,primary_80_20_80,2024-01-26 13:57:19,7158,7166,7174,1,0.77192151827207,hgb,2026-06-03T16:38:27
AOHYAMA-F3Y6JVY_aohyama,primary_80_20_80,2024-01-30 14:01:09,7217,7242,7252,1,0.9412631732611899,hgb,2026-06-03T16:38:27
AOHYAMA-F3Y6JVY_aohyama,primary_80_20_80,2024-01-31 13:29:39,7252,7259,7269,1,0.9349328071608997,hgb,2026-06-03T16:38:27
AOHYAMA-F3Y6JVY_aohyama,primary_80_20_80,2024-03-04 01:35:23,8089,8095,8105,1,0.8544984337277381,hgb,2026-06-03T16:38:27
AOHYAMA-F3Y6JVY_aohyama,primary_80_20_80,2024-03-18 21:05:19,8502,8513,8520,1,0.3831798458589198,hgb,2026-06-03T16:38:27
AOHYAMA-F3Y6JVY_aohyama,primary_80_20_80,2024-03-25 13:12:48,8671,8683,8699,1,0.680649673576902,hgb,2026-06-03T16:38:27
AOHYAMA-F3Y6JVY_aohyama,primary_80_20_80,2024-03-26 18:18:56,8699,8729,8752,1,0.9672150685999362,hgb,2026-06-03T16:38:27
AOHYAMA-F3Y6JVY_aohyama,primary_80_20_80,2024-05-08 21:18:31,9286,9336,9352,1,0.9380932994490915,hgb,2026-06-03T16:38:27
AOHYAMA-F3Y6JVY_aohyama,primary_80_20_80,2024-06-12 14:05:18,10235,10250,10268,1,0.8420627389431377,hgb,2026-06-03T16:38:27
AOHYAMA-F3Y6JVY_aohyama,primary_80_20_80,2024-06-13 14:22:23,10268,10283,10286,1,0.6799882058469987,hgb,2026-06-03T16:38:27
AOHYAMA-F3Y6JVY_aohyama,secondary_85_15_85,2023-07-21 11:19:49,2587,2602,2610,1,0.9745776293053094,hgb,2026-06-03T16:38:27
AOHYAMA-F3Y6JVY_aohyama,secondary_85_15_85,2023-08-27 12:19:14,3292,3327,3337,1,0.9718295851589093,hgb,2026-06-03T16:38:27
AOHYAMA-F3Y6JVY_aohyama,secondary_85_15_85,2023-08-28 18:43:45,3337,3453,3464,1,0.9938702544674098,hgb,2026-06-03T16:38:27
AOHYAMA-F3Y6JVY_aohyama,secondary_85_15_85,2023-09-08 01:00:08,3635,3662,3673,1,0.9454895326170398,hgb,2026-06-03T16:38:27
AOHYAMA-F3Y6JVY_aohyama,secondary_85_15_85,2023-11-01 10:52:33,5163,5188,5205,1,0.8872657324458421,hgb,2026-06-03T16:38:27
AOHYAMA-F3Y6JVY_aohyama,secondary_85_15_85,2023-11-02 14:04:36,5205,5208,5224,1,0.9529234215742941,hgb,2026-06-03T16:38:27
AOHYAMA-F3Y6JVY_aohyama,secondary_85_15_85,2023-11-10 11:03:24,5358,5374,5393,1,0.9202250843150488,hgb,2026-06-03T16:38:27
AOHYAMA-F3Y6JVY_aohyama,secondary_85_15_85,2023-11-13 10:16:01,5406,5422,5470,1,0.8556699369422929,hgb,2026-06-03T16:38:27
AOHYAMA-F3Y6JVY_aohyama,secondary_85_15_85,2023-11-14 13:17:00,5470,5512,5532,1,0.9145050468255991,hgb,2026-06-03T16:38:27
AOHYAMA-F3Y6JVY_aohyama,secondary_85_15_85,2023-11-20 00:17:25,5623,5659,5683,1,0.7855934518330879,hgb,2026-06-03T16:38:27
AOHYAMA-F3Y6JVY_aohyama,secondary_85_15_85,2023-12-04 18:58:26,6009,6042,6048,1,0.9091783476191332,hgb,2026-06-03T16:38:27
AOHYAMA-F3Y6JVY_aohyama,secondary_85_15_85,2023-12-18 14:02:52,6322,6372,6392,1,0.8475177727689968,hgb,2026-06-03T16:38:27
AOHYAMA-F3Y6JVY_aohyama,secondary_85_15_85,2023-12-20 13:31:42,6392,6405,6419,1,0.9474113002948273,hgb,2026-06-03T16:38:27
AOHYAMA-F3Y6JVY_aohyama,secondary_85_15_85,2023-12-21 11:01:15,6419,6424,6431,1,0.9382594979420139,hgb,2026-06-03T16:38:27
AOHYAMA-F3Y6JVY_aohyama,secondary_85_15_85,2023-12-21 18:22:33,6431,6451,6456,1,0.9083976652270305,hgb,2026-06-03T16:38:27
AOHYAMA-F3Y6JVY_aohyama,secondary_85_15_85,2023-12-22 15:19:34,6456,6461,6471,1,0.9553561950470593,hgb,2026-06-03T16:38:27
AOHYAMA-F3Y6JVY_aohyama,secondary_85_15_85,2024-01-03 11:49:12,6679,6680,6686,1,0.35382358923513546,hgb,2026-06-03T16:38:27
AOHYAMA-F3Y6JVY_aohyama,secondary_85_15_85,2024-01-09 19:52:24,6780,6814,6824,1,0.9680524719701181,hgb,2026-06-03T16:38:27
AOHYAMA-F3Y6JVY_aohyama,secondary_85_15_85,2024-01-26 13:57:19,7158,7167,7174,1,0.7846219495088128,hgb,2026-06-03T16:38:27
AOHYAMA-F3Y6JVY_aohyama,secondary_85_15_85,2024-01-30 14:01:09,7217,7245,7253,1,0.9353004185667342,hgb,2026-06-03T16:38:27
AOHYAMA-F3Y6JVY_aohyama,secondary_85_15_85,2024-01-31 13:51:26,7253,7265,7269,1,0.892362795863088,hgb,2026-06-03T16:38:27
AOHYAMA-F3Y6JVY_aohyama,secondary_85_15_85,2024-03-04 02:05:23,8090,8096,8105,1,0.8633192066065137,hgb,2026-06-03T16:38:27
AOHYAMA-F3Y6JVY_aohyama,secondary_85_15_85,2024-03-25 13:12:48,8671,8685,8700,1,0.7207285125920815,hgb,2026-06-03T16:38:27
AOHYAMA-F3Y6JVY_aohyama,secondary_85_15_85,2024-03-26 18:48:56,8700,8730,8752,1,0.9548067669309841,hgb,2026-06-03T16:38:27
AOHYAMA-F3Y6JVY_aohyama,secondary_85_15_85,2024-06-12 14:05:18,10235,10251,10268,1,0.8516082272867178,hgb,2026-06-03T16:38:27
APARAMESWAR-G5E_aparameswara,strict_90_10_90,2023-08-08 09:57:47,0,32,39,1,0.7685531165574226,hgb,2026-06-03T16:38:27
APARAMESWAR-G5E_aparameswara,primary_80_20_80,2023-08-08 09:57:47,0,31,38,1,0.6935701382818544,hgb,2026-06-03T16:38:27
APARAMESWAR-G5E_aparameswara,primary_80_20_80,2023-09-11 17:05:10,395,405,417,0,0.48629356125892564,hgb,2026-06-03T16:38:27
APARAMESWAR-G5E_aparameswara,primary_80_20_80,2023-09-27 10:24:11,607,624,627,0,0.5061980494631694,hgb,2026-06-03T16:38:27
APARAMESWAR-G5E_aparameswara,secondary_85_15_85,2023-08-08 09:57:47,0,31,38,1,0.6935701382818544,hgb,2026-06-03T16:38:27
APARAMESWAR-PAD_aparameswara,strict_90_10_90,2024-04-09 11:19:29,0,28,37,1,0.9940920546235509,hgb,2026-06-03T16:38:27
APARAMESWAR-PAD_aparameswara,strict_90_10_90,2024-05-15 10:20:53,975,1075,1107,1,0.9864208197526807,hgb,2026-06-03T16:38:27
APARAMESWAR-PAD_aparameswara,strict_90_10_90,2024-06-11 13:21:48,1356,1400,1414,1,0.9901116123226487,hgb,2026-06-03T16:38:27
APARAMESWAR-PAD_aparameswara,strict_90_10_90,2024-06-17 14:12:51,1489,1812,1817,1,0.9204186683605657,hgb,2026-06-03T16:38:27
APARAMESWAR-PAD_aparameswara,strict_90_10_90,2024-06-24 09:22:32,1817,1934,1949,1,0.9985852435122983,hgb,2026-06-03T16:38:27
APARAMESWAR-PAD_aparameswara,strict_90_10_90,2024-07-03 10:31:41,2070,2076,2083,1,0.9931539878421954,hgb,2026-06-03T16:38:27
APARAMESWAR-PAD_aparameswara,strict_90_10_90,2024-07-08 10:25:29,2118,2268,2275,1,0.9975438964916915,hgb,2026-06-03T16:38:27
APARAMESWAR-PAD_aparameswara,strict_90_10_90,2024-07-15 10:07:06,2345,2378,2384,1,0.973631950422089,hgb,2026-06-03T16:38:27
APARAMESWAR-PAD_aparameswara,strict_90_10_90,2024-09-03 12:55:38,3582,3598,3608,1,0.9168855152690188,hgb,2026-06-03T16:38:27
APARAMESWAR-PAD_aparameswara,strict_90_10_90,2024-09-09 11:02:08,3741,3771,3776,1,0.8994881891395677,hgb,2026-06-03T16:38:27
APARAMESWAR-PAD_aparameswara,strict_90_10_90,2024-09-10 10:58:37,3776,3856,3862,1,0.9927520707033091,hgb,2026-06-03T16:38:27
APARAMESWAR-PAD_aparameswara,strict_90_10_90,2024-09-16 10:23:10,3909,4234,4242,1,0.9972458744278421,hgb,2026-06-03T16:38:27
APARAMESWAR-PAD_aparameswara,strict_90_10_90,2024-10-14 13:16:14,4798,4961,4980,1,0.9430585736206438,hgb,2026-06-03T16:38:27
APARAMESWAR-PAD_aparameswara,strict_90_10_90,2024-11-18 10:56:33,5859,5941,5970,1,0.9524002615867618,hgb,2026-06-03T16:38:27
APARAMESWAR-PAD_aparameswara,strict_90_10_90,2024-11-20 20:08:17,5970,6017,6026,1,0.957948620405664,hgb,2026-06-03T16:38:27
APARAMESWAR-PAD_aparameswara,primary_80_20_80,2024-04-09 11:19:29,0,25,37,1,0.9924426822771513,hgb,2026-06-03T16:38:27
APARAMESWAR-PAD_aparameswara,primary_80_20_80,2024-04-10 17:11:07,37,47,57,1,0.9644397576486705,hgb,2026-06-03T16:38:27
APARAMESWAR-PAD_aparameswara,primary_80_20_80,2024-05-15 10:20:53,975,1075,1107,1,0.9864208197526807,hgb,2026-06-03T16:38:27
APARAMESWAR-PAD_aparameswara,primary_80_20_80,2024-06-03 11:46:59,1115,1145,1159,1,0.4967955426708061,hgb,2026-06-03T16:38:27
APARAMESWAR-PAD_aparameswara,primary_80_20_80,2024-06-11 08:49:32,1344,1351,1355,1,0.7391535081919184,hgb,2026-06-03T16:38:27
APARAMESWAR-PAD_aparameswara,primary_80_20_80,2024-06-11 12:51:48,1355,1399,1411,1,0.9849038019577704,hgb,2026-06-03T16:38:27
APARAMESWAR-PAD_aparameswara,primary_80_20_80,2024-06-17 11:09:12,1481,1812,1817,1,0.9933074702642638,hgb,2026-06-03T16:38:27
APARAMESWAR-PAD_aparameswara,primary_80_20_80,2024-06-24 09:22:32,1817,1933,1941,1,0.9955460097116515,hgb,2026-06-03T16:38:27
APARAMESWAR-PAD_aparameswara,primary_80_20_80,2024-07-01 21:56:18,2025,2053,2057,1,0.9872649424989717,hgb,2026-06-03T16:38:27
APARAMESWAR-PAD_aparameswara,primary_80_20_80,2024-07-03 10:13:51,2069,2075,2083,1,0.881909719077413,hgb,2026-06-03T16:38:27
APARAMESWAR-PAD_aparameswara,primary_80_20_80,2024-07-08 10:25:29,2118,2138,2142,1,0.9896032491235761,hgb,2026-06-03T16:38:27
APARAMESWAR-PAD_aparameswara,primary_80_20_80,2024-07-09 11:29:56,2142,2181,2187,1,0.9918293455316177,hgb,2026-06-03T16:38:27
APARAMESWAR-PAD_aparameswara,primary_80_20_80,2024-07-10 16:14:08,2187,2266,2275,1,0.8391953824418504,hgb,2026-06-03T16:38:27
APARAMESWAR-PAD_aparameswara,primary_80_20_80,2024-07-15 10:07:06,2345,2378,2383,1,0.9540338671396347,hgb,2026-06-03T16:38:27
APARAMESWAR-PAD_aparameswara,primary_80_20_80,2024-08-22 16:01:39,3373,3393,3397,1,0.9810916567772725,hgb,2026-06-03T16:38:27
APARAMESWAR-PAD_aparameswara,primary_80_20_80,2024-09-03 11:29:26,3581,3598,3608,1,0.9145565837184254,hgb,2026-06-03T16:38:27
APARAMESWAR-PAD_aparameswara,primary_80_20_80,2024-09-09 10:32:08,3740,3771,3776,1,0.9854826194420112,hgb,2026-06-03T16:38:27
APARAMESWAR-PAD_aparameswara,primary_80_20_80,2024-09-10 10:58:37,3776,3856,3861,1,0.991300624052958,hgb,2026-06-03T16:38:27
APARAMESWAR-PAD_aparameswara,primary_80_20_80,2024-09-16 09:53:11,3908,4062,4067,1,0.7390331610383385,hgb,2026-06-03T16:38:27
APARAMESWAR-PAD_aparameswara,primary_80_20_80,2024-09-19 17:16:38,4067,4234,4241,1,0.9594679719670675,hgb,2026-06-03T16:38:27
APARAMESWAR-PAD_aparameswara,primary_80_20_80,2024-10-14 13:16:14,4798,4961,4966,1,0.9221169182901489,hgb,2026-06-03T16:38:27
APARAMESWAR-PAD_aparameswara,primary_80_20_80,2024-11-18 10:26:33,5858,5940,5969,1,0.919841414056421,hgb,2026-06-03T16:38:27
APARAMESWAR-PAD_aparameswara,primary_80_20_80,2024-11-20 19:38:17,5969,6015,6025,1,0.8890248706590135,hgb,2026-06-03T16:38:27
APARAMESWAR-PAD_aparameswara,secondary_85_15_85,2024-04-09 11:19:29,0,27,37,1,0.9924426822771513,hgb,2026-06-03T16:38:27
APARAMESWAR-PAD_aparameswara,secondary_85_15_85,2024-05-15 10:20:53,975,1075,1107,1,0.9864208197526807,hgb,2026-06-03T16:38:27
APARAMESWAR-PAD_aparameswara,secondary_85_15_85,2024-06-11 13:21:48,1356,1399,1411,1,0.9849038019577704,hgb,2026-06-03T16:38:27
APARAMESWAR-PAD_aparameswara,secondary_85_15_85,2024-06-17 14:12:51,1489,1812,1817,1,0.9204186683605657,hgb,2026-06-03T16:38:27
APARAMESWAR-PAD_aparameswara,secondary_85_15_85,2024-06-24 09:22:32,1817,1934,1949,1,0.9985852435122983,hgb,2026-06-03T16:38:27
APARAMESWAR-PAD_aparameswara,secondary_85_15_85,2024-07-01 21:56:18,2025,2054,2058,1,0.9933603565926963,hgb,2026-06-03T16:38:27
APARAMESWAR-PAD_aparameswara,secondary_85_15_85,2024-07-03 10:13:51,2069,2075,2083,1,0.881909719077413,hgb,2026-06-03T16:38:27
APARAMESWAR-PAD_aparameswara,secondary_85_15_85,2024-07-08 10:25:29,2118,2267,2275,1,0.9975438964916915,hgb,2026-06-03T16:38:27
APARAMESWAR-PAD_aparameswara,secondary_85_15_85,2024-07-15 10:07:06,2345,2378,2384,1,0.973631950422089,hgb,2026-06-03T16:38:27
APARAMESWAR-PAD_aparameswara,secondary_85_15_85,2024-09-03 12:55:38,3582,3598,3608,1,0.9168855152690188,hgb,2026-06-03T16:38:27
APARAMESWAR-PAD_aparameswara,secondary_85_15_85,2024-09-09 11:02:08,3741,3771,3776,1,0.8994881891395677,hgb,2026-06-03T16:38:27
APARAMESWAR-PAD_aparameswara,secondary_85_15_85,2024-09-10 10:58:37,3776,3856,3862,1,0.9927520707033091,hgb,2026-06-03T16:38:27
APARAMESWAR-PAD_aparameswara,secondary_85_15_85,2024-09-16 09:53:11,3908,4062,4067,1,0.7390331610383385,hgb,2026-06-03T16:38:27
APARAMESWAR-PAD_aparameswara,secondary_85_15_85,2024-09-19 17:16:38,4067,4234,4241,1,0.9594679719670675,hgb,2026-06-03T16:38:27
APARAMESWAR-PAD_aparameswara,secondary_85_15_85,2024-10-14 13:16:14,4798,4961,4980,1,0.9430585736206438,hgb,2026-06-03T16:38:27
APARAMESWAR-PAD_aparameswara,secondary_85_15_85,2024-11-18 10:26:33,5858,5941,5970,1,0.9541874440632165,hgb,2026-06-03T16:38:27
APARAMESWAR-PAD_aparameswara,secondary_85_15_85,2024-11-20 20:08:17,5970,6016,6026,1,0.9227961869753127,hgb,2026-06-03T16:38:27
ARAMAR-R9109T7G_aramar,primary_80_20_80,2023-03-06 10:56:16,589,630,636,1,0.6178636591365854,hgb,2026-06-03T16:38:27
ARAMAR-R9109T7G_aramar,primary_80_20_80,2023-03-07 11:28:42,636,705,714,1,0.494632294990467,hgb,2026-06-03T16:38:27
ARAMAR-R9109T7G_aramar,primary_80_20_80,2023-07-03 16:25:58,2866,2882,2888,1,0.7792275813003556,hgb,2026-06-03T16:38:27
ARAMAR-R9109T7G_aramar,primary_80_20_80,2024-06-24 15:17:24,8999,9029,9037,1,0.3588870621187764,hgb,2026-06-03T16:38:27
ARAMAR-R9109T7G_aramar,primary_80_20_80,2024-06-25 13:02:54,9037,9101,9112,1,0.6621327143552919,hgb,2026-06-03T16:38:27
ARAMAR-R9109T7G_aramar,primary_80_20_80,2024-06-27 10:44:03,9112,9123,9127,1,0.8132271194762171,hgb,2026-06-03T16:38:27
ARAMAR-R9109T7G_aramar,primary_80_20_80,2024-07-01 12:01:51,9170,9184,9195,1,0.8079065604205355,hgb,2026-06-03T16:38:27
ARAMAR-R9109T7G_aramar,secondary_85_15_85,2023-03-06 11:26:16,590,630,636,1,0.46171497039721054,hgb,2026-06-03T16:38:27
ARAMAR-R9109T7G_aramar,secondary_85_15_85,2023-03-07 11:28:42,636,706,714,1,0.5031346291318496,hgb,2026-06-03T16:38:27
ARAMAR-R9109T7G_aramar,secondary_85_15_85,2023-07-03 16:55:58,2867,2882,2892,1,0.7289174022129044,hgb,2026-06-03T16:38:27
ARAMAR-R9109T7G_aramar,secondary_85_15_85,2024-06-24 15:17:24,8999,9029,9037,1,0.3588870621187764,hgb,2026-06-03T16:38:27
ARANGANATHA-8QB_aranganathan,primary_80_20_80,2023-08-21 11:21:40,0,23,35,0,0.8541701617307752,hgb,2026-06-03T16:38:27
ARANGANATHA-8QB_aranganathan,primary_80_20_80,2023-11-13 13:25:00,1063,1075,1078,1,0.8880660348663838,hgb,2026-06-03T16:38:27
ARANGANATHA-8QB_aranganathan,primary_80_20_80,2023-12-03 00:08:40,1340,1409,1416,1,0.9667703303070291,hgb,2026-06-03T16:38:27
ASANTHOSH-9S10E_asanthosh,strict_90_10_90,2024-02-15 11:49:27,0,12,18,1,0.6914259097094133,hgb,2026-06-03T16:38:27
ASANTHOSH-9S10E_asanthosh,strict_90_10_90,2024-03-01 08:41:30,212,220,226,1,0.9716014481224254,hgb,2026-06-03T16:38:27
ASANTHOSH-9S10E_asanthosh,strict_90_10_90,2024-04-10 13:33:11,744,749,759,1,0.9797104572261439,hgb,2026-06-03T16:38:27
ASANTHOSH-9S10E_asanthosh,strict_90_10_90,2024-04-18 13:13:17,801,816,827,1,0.929954873423651,hgb,2026-06-03T16:38:27
ASANTHOSH-9S10E_asanthosh,strict_90_10_90,2024-04-24 09:39:37,887,910,918,1,0.9038548219835321,hgb,2026-06-03T16:38:27
ASANTHOSH-9S10E_asanthosh,strict_90_10_90,2024-05-06 20:00:55,997,1021,1028,1,0.9454073800753898,hgb,2026-06-03T16:38:27
ASANTHOSH-9S10E_asanthosh,strict_90_10_90,2024-05-08 13:31:11,1028,1040,1053,1,0.9231730918463253,hgb,2026-06-03T16:38:27
ASANTHOSH-9S10E_asanthosh,strict_90_10_90,2024-05-09 09:21:59,1053,1058,1066,1,0.9801848143011297,hgb,2026-06-03T16:38:27
ASANTHOSH-9S10E_asanthosh,strict_90_10_90,2024-05-22 16:10:31,1274,1294,1306,1,0.950668041329437,hgb,2026-06-03T16:38:27
ASANTHOSH-9S10E_asanthosh,strict_90_10_90,2024-05-29 16:13:00,1367,1396,1405,1,0.9612673107255629,hgb,2026-06-03T16:38:27
ASANTHOSH-9S10E_asanthosh,strict_90_10_90,2024-06-10 16:25:52,1517,1526,1530,1,0.9497014378839161,hgb,2026-06-03T16:38:27
ASANTHOSH-9S10E_asanthosh,strict_90_10_90,2024-06-17 11:30:09,1586,1591,1600,1,0.9361515075116301,hgb,2026-06-03T16:38:27
ASANTHOSH-9S10E_asanthosh,strict_90_10_90,2024-06-17 21:55:48,1600,1605,1610,1,0.9566716829492593,hgb,2026-06-03T16:38:27
ASANTHOSH-9S10E_asanthosh,strict_90_10_90,2024-06-26 14:32:09,1737,1748,1755,1,0.9976698194934642,hgb,2026-06-03T16:38:27
ASANTHOSH-9S10E_asanthosh,primary_80_20_80,2024-02-15 11:49:27,0,10,18,1,0.593961652476214,hgb,2026-06-03T16:38:27
ASANTHOSH-9S10E_asanthosh,primary_80_20_80,2024-02-27 16:10:09,154,161,166,1,0.9741224914863482,hgb,2026-06-03T16:38:27
ASANTHOSH-9S10E_asanthosh,primary_80_20_80,2024-02-29 12:43:04,188,197,212,1,0.9649609156016872,hgb,2026-06-03T16:38:27
ASANTHOSH-9S10E_asanthosh,primary_80_20_80,2024-03-01 08:41:30,212,220,225,1,0.9668878593092715,hgb,2026-06-03T16:38:27
ASANTHOSH-9S10E_asanthosh,primary_80_20_80,2024-03-05 07:50:13,241,255,259,1,0.9609382862476661,hgb,2026-06-03T16:38:27
ASANTHOSH-9S10E_asanthosh,primary_80_20_80,2024-03-05 15:44:39,259,270,277,1,0.8865939825294089,hgb,2026-06-03T16:38:27
ASANTHOSH-9S10E_asanthosh,primary_80_20_80,2024-03-07 13:10:07,301,307,322,1,0.5990756712498184,hgb,2026-06-03T16:38:27
ASANTHOSH-9S10E_asanthosh,primary_80_20_80,2024-04-02 15:38:26,620,630,653,1,0.9694332107877279,hgb,2026-06-03T16:38:27
ASANTHOSH-9S10E_asanthosh,primary_80_20_80,2024-04-08 13:19:41,705,718,731,1,0.9876417886841609,hgb,2026-06-03T16:38:27
ASANTHOSH-9S10E_asanthosh,primary_80_20_80,2024-04-10 13:33:11,744,748,759,1,0.9737055122508773,hgb,2026-06-03T16:38:27
ASANTHOSH-9S10E_asanthosh,primary_80_20_80,2024-04-18 13:13:17,801,815,825,1,0.902228923068672,hgb,2026-06-03T16:38:27
ASANTHOSH-9S10E_asanthosh,primary_80_20_80,2024-04-24 09:39:37,887,909,918,1,0.870346856297508,hgb,2026-06-03T16:38:27
ASANTHOSH-9S10E_asanthosh,primary_80_20_80,2024-05-06 20:00:55,997,1020,1028,1,0.941215510274596,hgb,2026-06-03T16:38:27
ASANTHOSH-9S10E_asanthosh,primary_80_20_80,2024-05-08 13:31:11,1028,1038,1051,1,0.8613461592713944,hgb,2026-06-03T16:38:27
ASANTHOSH-9S10E_asanthosh,primary_80_20_80,2024-05-09 08:48:22,1051,1057,1065,1,0.9657803670670829,hgb,2026-06-03T16:38:27
ASANTHOSH-9S10E_asanthosh,primary_80_20_80,2024-05-09 14:30:47,1065,1071,1087,1,0.9960185437379626,hgb,2026-06-03T16:38:27
ASANTHOSH-9S10E_asanthosh,primary_80_20_80,2024-05-16 11:57:38,1170,1180,1190,1,0.9844610622438422,hgb,2026-06-03T16:38:27
ASANTHOSH-9S10E_asanthosh,primary_80_20_80,2024-05-22 16:10:31,1274,1283,1286,1,0.9335294990805455,hgb,2026-06-03T16:38:27
ASANTHOSH-9S10E_asanthosh,primary_80_20_80,2024-05-23 14:43:55,1286,1293,1305,1,0.8885031744897348,hgb,2026-06-03T16:38:27
ASANTHOSH-9S10E_asanthosh,primary_80_20_80,2024-05-29 15:43:00,1366,1395,1405,1,0.9859919150897899,hgb,2026-06-03T16:38:27
ASANTHOSH-9S10E_asanthosh,primary_80_20_80,2024-06-05 16:47:59,1457,1471,1474,1,0.9636191961623944,hgb,2026-06-03T16:38:27
ASANTHOSH-9S10E_asanthosh,primary_80_20_80,2024-06-06 15:29:12,1474,1483,1491,1,0.9936983192732487,hgb,2026-06-03T16:38:27
ASANTHOSH-9S10E_asanthosh,primary_80_20_80,2024-06-10 16:25:52,1517,1525,1530,1,0.9173815735039961,hgb,2026-06-03T16:38:27
ASANTHOSH-9S10E_asanthosh,primary_80_20_80,2024-06-17 11:30:09,1586,1590,1600,1,0.8914820618392821,hgb,2026-06-03T16:38:27
ASANTHOSH-9S10E_asanthosh,primary_80_20_80,2024-06-17 21:55:48,1600,1605,1610,1,0.9566716829492593,hgb,2026-06-03T16:38:27
ASANTHOSH-9S10E_asanthosh,primary_80_20_80,2024-06-24 13:32:39,1683,1711,1713,1,0.961712619864114,hgb,2026-06-03T16:38:27
ASANTHOSH-9S10E_asanthosh,primary_80_20_80,2024-06-26 13:22:19,1736,1747,1755,1,0.9808697021948707,hgb,2026-06-03T16:38:27
ASANTHOSH-9S10E_asanthosh,primary_80_20_80,2024-07-01 22:21:28,1825,1837,1842,1,0.9039891204499296,hgb,2026-06-03T16:38:27
ASANTHOSH-9S10E_asanthosh,primary_80_20_80,2024-07-08 16:51:47,1875,1884,1894,1,0.9481246508006126,hgb,2026-06-03T16:38:27
ASANTHOSH-9S10E_asanthosh,primary_80_20_80,2024-07-09 10:43:34,1894,1901,1910,1,0.9579013027459213,hgb,2026-06-03T16:38:27
ASANTHOSH-9S10E_asanthosh,secondary_85_15_85,2024-02-15 11:49:27,0,11,18,1,0.5926608239091169,hgb,2026-06-03T16:38:27
ASANTHOSH-9S10E_asanthosh,secondary_85_15_85,2024-03-01 08:41:30,212,220,225,1,0.9668878593092715,hgb,2026-06-03T16:38:27
ASANTHOSH-9S10E_asanthosh,secondary_85_15_85,2024-03-05 07:50:13,241,270,277,1,0.96803669479145,hgb,2026-06-03T16:38:27
ASANTHOSH-9S10E_asanthosh,secondary_85_15_85,2024-04-10 13:33:11,744,749,759,1,0.9797104572261439,hgb,2026-06-03T16:38:27
ASANTHOSH-9S10E_asanthosh,secondary_85_15_85,2024-04-18 13:13:17,801,816,826,1,0.9410597868796641,hgb,2026-06-03T16:38:27
ASANTHOSH-9S10E_asanthosh,secondary_85_15_85,2024-04-24 09:39:37,887,909,918,1,0.870346856297508,hgb,2026-06-03T16:38:27
ASANTHOSH-9S10E_asanthosh,secondary_85_15_85,2024-05-06 20:00:55,997,1020,1028,1,0.941215510274596,hgb,2026-06-03T16:38:27
ASANTHOSH-9S10E_asanthosh,secondary_85_15_85,2024-05-08 13:31:11,1028,1039,1053,1,0.8731092156512319,hgb,2026-06-03T16:38:27
ASANTHOSH-9S10E_asanthosh,secondary_85_15_85,2024-05-09 09:21:59,1053,1058,1065,1,0.9789757781666227,hgb,2026-06-03T16:38:27
ASANTHOSH-9S10E_asanthosh,secondary_85_15_85,2024-05-22 16:10:31,1274,1283,1287,1,0.9364053832050533,hgb,2026-06-03T16:38:27
ASANTHOSH-9S10E_asanthosh,secondary_85_15_85,2024-05-23 15:13:26,1287,1293,1306,1,0.91447104186407,hgb,2026-06-03T16:38:27
ASANTHOSH-9S10E_asanthosh,secondary_85_15_85,2024-05-29 15:43:00,1366,1396,1405,1,0.9870532613265471,hgb,2026-06-03T16:38:27
ASANTHOSH-9S10E_asanthosh,secondary_85_15_85,2024-06-06 15:59:12,1475,1483,1491,1,0.9831632686850252,hgb,2026-06-03T16:38:27
ASANTHOSH-9S10E_asanthosh,secondary_85_15_85,2024-06-10 16:25:52,1517,1525,1530,1,0.9173815735039961,hgb,2026-06-03T16:38:27
ASANTHOSH-9S10E_asanthosh,secondary_85_15_85,2024-06-17 11:30:09,1586,1590,1600,1,0.8914820618392821,hgb,2026-06-03T16:38:27
ASANTHOSH-9S10E_asanthosh,secondary_85_15_85,2024-06-17 21:55:48,1600,1605,1610,1,0.9566716829492593,hgb,2026-06-03T16:38:27
ASANTHOSH-9S10E_asanthosh,secondary_85_15_85,2024-06-26 14:32:09,1737,1747,1755,1,0.9962982151065316,hgb,2026-06-03T16:38:27
ASANTHOSH-9S10E_asanthosh,secondary_85_15_85,2024-07-01 22:21:28,1825,1838,1842,1,0.9296591110775747,hgb,2026-06-03T16:38:27
ASANTHOSH-9S10E_asanthosh,secondary_85_15_85,2024-07-08 16:51:47,1875,1885,1895,1,0.9669615347355188,hgb,2026-06-03T16:38:27
ASANTHOSH-FT15Y_X1,strict_90_10_90,2025-07-21 10:29:15,86,106,113,1,0.9955439546435122,hgb,2026-06-03T16:38:27
ASANTHOSH-FT15Y_X1,primary_80_20_80,2025-07-21 10:29:15,86,105,113,1,0.9920165273872514,hgb,2026-06-03T16:38:27
ASANTHOSH-FT15Y_X1,primary_80_20_80,2025-09-02 11:53:48,194,203,209,1,0.9970406946363737,hgb,2026-06-03T16:38:27
ASANTHOSH-FT15Y_X1,primary_80_20_80,2025-10-02 11:20:56,520,530,541,1,0.9994545689833827,hgb,2026-06-03T16:38:27
ASANTHOSH-FT15Y_X1,secondary_85_15_85,2025-07-21 10:29:15,86,106,113,1,0.9955439546435122,hgb,2026-06-03T16:38:27
ASANTHOSH-FT15Y_X1,secondary_85_15_85,2025-10-02 11:20:56,520,530,541,1,0.9994545689833827,hgb,2026-06-03T16:38:27
ASANTHOSH-FT15Y_asanthosh,strict_90_10_90,2025-07-21 10:29:15,86,106,113,1,0.9955439546435122,hgb,2026-06-03T16:38:27
ASANTHOSH-FT15Y_asanthosh,primary_80_20_80,2025-07-21 10:29:15,86,105,113,1,0.9920165273872514,hgb,2026-06-03T16:38:27
ASANTHOSH-FT15Y_asanthosh,primary_80_20_80,2025-09-02 11:53:48,194,203,209,1,0.9970406946363737,hgb,2026-06-03T16:38:27
ASANTHOSH-FT15Y_asanthosh,primary_80_20_80,2025-10-02 11:20:56,520,530,541,1,0.9994545689833827,hgb,2026-06-03T16:38:27
ASANTHOSH-FT15Y_asanthosh,secondary_85_15_85,2025-07-21 10:29:15,86,106,113,1,0.9955439546435122,hgb,2026-06-03T16:38:27
ASANTHOSH-FT15Y_asanthosh,secondary_85_15_85,2025-10-02 11:20:56,520,530,541,1,0.9994545689833827,hgb,2026-06-03T16:38:27
ASANTHOSH_asanthosh,strict_90_10_90,2026-03-26 12:09:34,336,351,355,1,0.9930313695323044,hgb,2026-06-03T16:38:27
ASANTHOSH_asanthosh,strict_90_10_90,2026-05-06 10:19:34,645,668,674,1,0.9975900000908708,hgb,2026-06-03T16:38:27
ASANTHOSH_asanthosh,strict_90_10_90,2026-05-12 16:37:32,708,719,737,1,0.9971253922401071,hgb,2026-06-03T16:38:27
ASANTHOSH_asanthosh,strict_90_10_90,2026-05-20 14:51:21,808,821,829,1,0.995282077947928,hgb,2026-06-03T16:38:27
ASANTHOSH_asanthosh,primary_80_20_80,2026-03-26 12:09:34,336,350,355,1,0.9920646449066299,hgb,2026-06-03T16:38:27
ASANTHOSH_asanthosh,primary_80_20_80,2026-04-28 15:32:19,563,577,581,1,0.9829115106606845,hgb,2026-06-03T16:38:27
ASANTHOSH_asanthosh,primary_80_20_80,2026-05-06 10:19:34,645,667,674,1,0.9970401035975978,hgb,2026-06-03T16:38:27
ASANTHOSH_asanthosh,primary_80_20_80,2026-05-12 16:10:10,707,717,737,1,0.9981981610870756,hgb,2026-06-03T16:38:27
ASANTHOSH_asanthosh,primary_80_20_80,2026-05-20 14:21:21,807,819,829,1,0.9913144862245887,hgb,2026-06-03T16:38:27
ASANTHOSH_asanthosh,secondary_85_15_85,2026-03-26 12:09:34,336,351,355,1,0.9930313695323044,hgb,2026-06-03T16:38:27
ASANTHOSH_asanthosh,secondary_85_15_85,2026-05-06 10:19:34,645,668,674,1,0.9975900000908708,hgb,2026-06-03T16:38:27
ASANTHOSH_asanthosh,secondary_85_15_85,2026-05-12 16:37:32,708,718,737,1,0.9967482851970361,hgb,2026-06-03T16:38:27
ASANTHOSH_asanthosh,secondary_85_15_85,2026-05-20 14:21:21,807,820,829,1,0.9898391399463161,hgb,2026-06-03T16:38:27
ATOKYO-PF3TQD0N_atokyo,primary_80_20_80,2023-02-06 10:29:26,2,16,35,0,0.9207199618940138,hgb,2026-06-03T16:38:27
AVACHALI-4SM98Q_avachali,strict_90_10_90,2024-12-22 20:35:43,2636,2656,2663,1,0.9896459814598233,hgb,2026-06-03T16:38:27
AVACHALI-4SM98Q_avachali,primary_80_20_80,2024-12-22 20:35:43,2636,2655,2663,1,0.9864919631812704,hgb,2026-06-03T16:38:27
AVACHALI-4SM98Q_avachali,secondary_85_15_85,2024-12-22 20:35:43,2636,2655,2663,1,0.9864919631812704,hgb,2026-06-03T16:38:27
AVON-SVTSKU3_Avon,strict_90_10_90,2026-04-02 13:44:02,104,120,140,0,0.6004870954942774,hgb,2026-06-03T16:38:27
AVON-SVTSKU3_Avon,strict_90_10_90,2026-05-11 07:54:14,706,716,736,1,0.9722292511425678,hgb,2026-06-03T16:38:27
AVON-SVTSKU3_Avon,strict_90_10_90,2026-05-11 20:19:47,736,767,818,1,0.9803187009483372,hgb,2026-06-03T16:38:27
AVON-SVTSKU3_Avon,primary_80_20_80,2026-04-06 09:11:12,148,165,170,1,0.7869845783202014,hgb,2026-06-03T16:38:27
AVON-SVTSKU3_Avon,primary_80_20_80,2026-04-07 12:11:43,170,176,205,1,0.9885877135654463,hgb,2026-06-03T16:38:27
AVON-SVTSKU3_Avon,primary_80_20_80,2026-04-09 23:21:25,240,246,268,1,0.8733899715833465,hgb,2026-06-03T16:38:27
AVON-SVTSKU3_Avon,primary_80_20_80,2026-05-11 07:54:14,706,716,736,1,0.97442034646414,hgb,2026-06-03T16:38:27
AVON-SVTSKU3_Avon,primary_80_20_80,2026-05-11 20:19:47,736,766,797,1,0.9530380867874866,hgb,2026-06-03T16:38:27
AVON-SVTSKU3_Avon,primary_80_20_80,2026-05-13 16:32:50,797,803,818,1,0.993876721439985,hgb,2026-06-03T16:38:27
AVON-SVTSKU3_Avon,primary_80_20_80,2026-05-19 09:56:22,898,932,948,1,0.9856339681976869,hgb,2026-06-03T16:38:27
AVON-SVTSKU3_Avon,primary_80_20_80,2026-05-20 20:43:41,948,957,963,1,0.9855141865521108,hgb,2026-06-03T16:38:27
AVON-SVTSKU3_Avon,secondary_85_15_85,2026-04-02 13:44:02,104,120,127,0,0.5920600280033878,hgb,2026-06-03T16:38:27
AVON-SVTSKU3_Avon,secondary_85_15_85,2026-04-06 09:11:12,148,165,170,1,0.7869845783202014,hgb,2026-06-03T16:38:27
AVON-SVTSKU3_Avon,secondary_85_15_85,2026-04-07 12:11:43,170,176,205,1,0.9885877135654463,hgb,2026-06-03T16:38:27
AVON-SVTSKU3_Avon,secondary_85_15_85,2026-05-11 07:54:14,706,716,736,1,0.97442034646414,hgb,2026-06-03T16:38:27
AVON-SVTSKU3_Avon,secondary_85_15_85,2026-05-11 20:19:47,736,766,798,1,0.9530380867874866,hgb,2026-06-03T16:38:27
AVON-SVTSKU3_Avon,secondary_85_15_85,2026-05-13 16:36:11,798,803,818,1,0.9941702537467423,hgb,2026-06-03T16:38:27
BDILLON-F4RV0ZR_bdillon,primary_80_20_80,2024-10-03 19:24:29,11550,12102,12118,1,0.8812986071129532,hgb,2026-06-03T16:38:27
BDILLON-F4RV0ZR_bdillon,primary_80_20_80,2024-10-14 08:32:59,12118,13395,13400,1,0.868600510532845,hgb,2026-06-03T16:38:27
BDILLON-F4RV0ZR_bdillon,primary_80_20_80,2024-11-07 23:45:00,13400,14142,14144,1,0.7971768546971758,hgb,2026-06-03T16:38:27
BFALEIRO-0A1NXZ_bfaleiro,strict_90_10_90,2024-04-04 08:50:16,563,603,607,1,0.6748804505899774,hgb,2026-06-03T16:38:27
BFALEIRO-0A1NXZ_bfaleiro,strict_90_10_90,2024-05-06 10:31:07,1177,1226,1231,1,0.9252609261833249,hgb,2026-06-03T16:38:27
BFALEIRO-0A1NXZ_bfaleiro,strict_90_10_90,2024-10-29 08:30:45,4039,4077,4089,1,0.9021744560655793,hgb,2026-06-03T16:38:27
BFALEIRO-0A1NXZ_bfaleiro,strict_90_10_90,2024-10-29 23:02:57,4089,4139,4142,1,0.9538911105182777,hgb,2026-06-03T16:38:27
BFALEIRO-0A1NXZ_bfaleiro,strict_90_10_90,2024-10-31 07:17:41,4142,4170,4172,1,0.915459115348106,hgb,2026-06-03T16:38:27
BFALEIRO-0A1NXZ_bfaleiro,strict_90_10_90,2024-12-18 03:14:59,4700,4731,4739,1,0.9836419530496419,hgb,2026-06-03T16:38:27
BFALEIRO-0A1NXZ_bfaleiro,primary_80_20_80,2024-03-22 07:42:24,205,211,220,0,0.06178961913181489,hgb,2026-06-03T16:38:27
BFALEIRO-0A1NXZ_bfaleiro,primary_80_20_80,2024-04-04 08:50:16,563,602,607,1,0.6282599250744983,hgb,2026-06-03T16:38:27
BFALEIRO-0A1NXZ_bfaleiro,primary_80_20_80,2024-04-07 13:41:37,626,664,669,1,0.931237800679023,hgb,2026-06-03T16:38:27
BFALEIRO-0A1NXZ_bfaleiro,primary_80_20_80,2024-05-05 17:01:16,1163,1170,1177,1,0.9735275000342394,hgb,2026-06-03T16:38:27
BFALEIRO-0A1NXZ_bfaleiro,primary_80_20_80,2024-05-06 10:31:07,1177,1220,1231,1,0.8839099271919901,hgb,2026-06-03T16:38:27
BFALEIRO-0A1NXZ_bfaleiro,primary_80_20_80,2024-05-08 08:31:45,1231,1267,1274,1,0.8558644331166063,hgb,2026-06-03T16:38:27
BFALEIRO-0A1NXZ_bfaleiro,primary_80_20_80,2024-05-09 07:40:57,1274,1290,1298,1,0.7736205691121993,hgb,2026-06-03T16:38:27
BFALEIRO-0A1NXZ_bfaleiro,primary_80_20_80,2024-05-09 16:31:51,1298,1308,1311,1,0.9216818728298698,hgb,2026-06-03T16:38:27
BFALEIRO-0A1NXZ_bfaleiro,primary_80_20_80,2024-08-16 10:02:01,2706,2712,2715,1,0.757203329653194,hgb,2026-06-03T16:38:27
BFALEIRO-0A1NXZ_bfaleiro,primary_80_20_80,2024-09-10 12:01:24,3077,3140,3147,1,0.948080517580011,hgb,2026-06-03T16:38:27
BFALEIRO-0A1NXZ_bfaleiro,primary_80_20_80,2024-10-29 08:30:45,4039,4070,4089,1,0.841239500071948,hgb,2026-06-03T16:38:27
BFALEIRO-0A1NXZ_bfaleiro,primary_80_20_80,2024-10-29 23:02:57,4089,4138,4142,1,0.9334297398387885,hgb,2026-06-03T16:38:27
BFALEIRO-0A1NXZ_bfaleiro,primary_80_20_80,2024-10-31 07:17:41,4142,4169,4172,1,0.9052050189875739,hgb,2026-06-03T16:38:27
BFALEIRO-0A1NXZ_bfaleiro,primary_80_20_80,2024-12-18 03:14:59,4700,4729,4739,1,0.9581489192582628,hgb,2026-06-03T16:38:27
BFALEIRO-0A1NXZ_bfaleiro,primary_80_20_80,2024-12-19 09:46:00,4739,4750,4753,1,0.9713226478864491,hgb,2026-06-03T16:38:27
BFALEIRO-0A1NXZ_bfaleiro,primary_80_20_80,2024-12-24 23:04:32,4769,4774,4775,1,0.9344374059506804,hgb,2026-06-03T16:38:27
BFALEIRO-0A1NXZ_bfaleiro,secondary_85_15_85,2024-04-04 08:50:16,563,603,607,1,0.6748804505899774,hgb,2026-06-03T16:38:27
BFALEIRO-0A1NXZ_bfaleiro,secondary_85_15_85,2024-05-06 10:31:07,1177,1225,1231,1,0.9252609261833249,hgb,2026-06-03T16:38:27
BFALEIRO-0A1NXZ_bfaleiro,secondary_85_15_85,2024-08-16 10:02:01,2706,2712,2715,1,0.757203329653194,hgb,2026-06-03T16:38:27
BFALEIRO-0A1NXZ_bfaleiro,secondary_85_15_85,2024-10-29 08:30:45,4039,4076,4089,1,0.830669176164799,hgb,2026-06-03T16:38:27
BFALEIRO-0A1NXZ_bfaleiro,secondary_85_15_85,2024-10-29 23:02:57,4089,4139,4142,1,0.9538911105182777,hgb,2026-06-03T16:38:27
BFALEIRO-0A1NXZ_bfaleiro,secondary_85_15_85,2024-10-31 07:17:41,4142,4170,4172,1,0.915459115348106,hgb,2026-06-03T16:38:27
BFALEIRO-0A1NXZ_bfaleiro,secondary_85_15_85,2024-12-18 03:14:59,4700,4730,4739,1,0.9620604716688239,hgb,2026-06-03T16:38:27
BKOCHUPARAM-BR2_bkochuparamb,strict_90_10_90,2025-11-03 11:14:54,843,950,957,1,0.9250340934326435,hgb,2026-06-03T16:38:27
BKOCHUPARAM-BR2_bkochuparamb,strict_90_10_90,2025-11-06 11:13:57,957,982,991,1,0.9771054889498518,hgb,2026-06-03T16:38:27
BKOCHUPARAM-BR2_bkochuparamb,primary_80_20_80,2025-10-24 10:45:19,662,668,671,1,0.9083177303420634,hgb,2026-06-03T16:38:27
BKOCHUPARAM-BR2_bkochuparamb,primary_80_20_80,2025-11-03 10:44:54,842,948,956,1,0.9561570870682524,hgb,2026-06-03T16:38:27
BKOCHUPARAM-BR2_bkochuparamb,primary_80_20_80,2025-11-06 10:43:57,956,981,989,1,0.9696411880188972,hgb,2026-06-03T16:38:27
BKOCHUPARAM-BR2_bkochuparamb,secondary_85_15_85,2025-11-03 11:14:54,843,949,956,1,0.8636638901420165,hgb,2026-06-03T16:38:27
BKOCHUPARAM-BR2_bkochuparamb,secondary_85_15_85,2025-11-06 10:43:57,956,982,989,1,0.9772622873794922,hgb,2026-06-03T16:38:27
BRYAN_X1,strict_90_10_90,2023-08-01 15:59:05,1225,1260,1265,0,0.22827769625659322,hgb,2026-06-03T16:38:27
BRYAN_X1,strict_90_10_90,2023-08-02 15:40:14,1265,1447,1452,1,0.35457660386597323,hgb,2026-06-03T16:38:27
BRYAN_X1,primary_80_20_80,2023-06-07 06:59:16,686,692,700,1,0.17779165375139175,hgb,2026-06-03T16:38:27
BRYAN_X1,primary_80_20_80,2023-08-01 15:29:05,1224,1259,1264,0,0.1965092372454471,hgb,2026-06-03T16:38:27
BRYAN_X1,primary_80_20_80,2023-08-02 15:10:14,1264,1447,1451,1,0.26975869723651513,hgb,2026-06-03T16:38:27
BRYAN_X1,primary_80_20_80,2023-08-07 13:29:13,1451,1486,1496,0,0.9446168587852422,hgb,2026-06-03T16:38:27
BRYAN_X1,primary_80_20_80,2023-08-28 14:46:29,1603,1630,1633,0,0.4180650094817079,hgb,2026-06-03T16:38:27
BRYAN_X1,primary_80_20_80,2023-09-27 09:28:18,1993,2000,2004,0,0.12311113102947237,hgb,2026-06-03T16:38:27
BRYAN_X1,primary_80_20_80,2023-10-04 12:27:04,2021,2059,2064,1,0.9256543399160607,hgb,2026-06-03T16:38:27
BRYAN_X1,primary_80_20_80,2023-11-28 13:44:16,2579,2616,2622,1,0.27121986703581713,hgb,2026-06-03T16:38:27
BRYAN_X1,secondary_85_15_85,2023-08-01 15:29:05,1224,1260,1264,0,0.15523356819684692,hgb,2026-06-03T16:38:27
BRYAN_X1,secondary_85_15_85,2023-08-02 15:10:14,1264,1447,1452,1,0.3272045104640611,hgb,2026-06-03T16:38:27
CARBON9TH_Dexter,strict_90_10_90,2023-02-28 09:21:48,509,573,583,0,0.9297745692398267,hgb,2026-06-03T16:38:27
CARBON9TH_Dexter,strict_90_10_90,2023-03-28 18:10:54,1311,1347,1354,1,0.710399511562933,hgb,2026-06-03T16:38:27
CARBON9TH_Dexter,primary_80_20_80,2023-02-28 09:21:48,509,573,583,0,0.9297745692398267,hgb,2026-06-03T16:38:27
CARBON9TH_Dexter,primary_80_20_80,2023-03-07 08:44:38,635,737,739,0,0.2180922500389405,hgb,2026-06-03T16:38:27
CARBON9TH_Dexter,primary_80_20_80,2023-03-10 00:01:18,739,816,819,0,0.10606480336053378,hgb,2026-06-03T16:38:27
CARBON9TH_Dexter,primary_80_20_80,2023-03-12 21:51:56,819,864,871,0,0.1668877859370691,hgb,2026-06-03T16:38:27
CARBON9TH_Dexter,primary_80_20_80,2023-03-14 18:23:05,871,1094,1102,0,0.463402637617822,hgb,2026-06-03T16:38:27
CARBON9TH_Dexter,primary_80_20_80,2023-03-21 18:46:16,1102,1107,1113,0,0.34777939348438136,hgb,2026-06-03T16:38:27
CARBON9TH_Dexter,primary_80_20_80,2023-03-27 19:03:07,1283,1305,1310,1,0.24988097314758015,hgb,2026-06-03T16:38:27
CARBON9TH_Dexter,primary_80_20_80,2023-03-28 17:40:54,1310,1346,1353,1,0.5655447397074385,hgb,2026-06-03T16:38:27
CARBON9TH_Dexter,primary_80_20_80,2023-06-16 20:39:27,3279,3374,3377,0,0.8779849195099398,hgb,2026-06-03T16:38:27
CARBON9TH_Dexter,primary_80_20_80,2023-07-20 08:21:19,4113,4173,4179,0,0.2554748457387604,hgb,2026-06-03T16:38:27
CARBON9TH_Dexter,primary_80_20_80,2023-09-12 13:40:04,5854,5973,5990,0,0.48028374303612376,hgb,2026-06-03T16:38:27
CARBON9TH_Dexter,primary_80_20_80,2023-11-15 22:41:35,7028,7061,7068,0,0.09056629429482145,hgb,2026-06-03T16:38:27
CARBON9TH_Dexter,primary_80_20_80,2024-03-01 09:57:31,8272,8365,8370,0,0.15230481340539267,hgb,2026-06-03T16:38:27
CARBON9TH_Dexter,secondary_85_15_85,2023-02-28 09:21:48,509,573,583,0,0.9297745692398267,hgb,2026-06-03T16:38:27
CARBON9TH_Dexter,secondary_85_15_85,2023-03-10 10:12:03,740,1094,1102,0,0.1971413076294381,hgb,2026-06-03T16:38:27
CARBON9TH_Dexter,secondary_85_15_85,2023-03-27 19:03:07,1283,1305,1310,1,0.24988097314758015,hgb,2026-06-03T16:38:27
CARBON9TH_Dexter,secondary_85_15_85,2023-03-28 17:40:54,1310,1346,1354,1,0.6455049334982043,hgb,2026-06-03T16:38:27
CARLLAPTOP_CarlWu,strict_90_10_90,2023-06-26 22:21:29,1008,1054,1063,0,0.2409442514165411,hgb,2026-06-03T16:38:27
CARLLAPTOP_CarlWu,strict_90_10_90,2023-08-06 12:11:24,1680,1851,1863,1,0.06384060700627173,hgb,2026-06-03T16:38:27
CARLLAPTOP_CarlWu,strict_90_10_90,2023-08-13 07:01:53,1863,1875,1885,1,0.19748528994013712,hgb,2026-06-03T16:38:27
CARLLAPTOP_CarlWu,strict_90_10_90,2023-08-14 08:03:16,1885,2270,2282,0,0.9715198827248719,hgb,2026-06-03T16:38:27
CARLLAPTOP_CarlWu,strict_90_10_90,2023-08-31 08:12:45,2282,2326,2337,0,0.3016614361801761,hgb,2026-06-03T16:38:27
CARLLAPTOP_CarlWu,strict_90_10_90,2023-09-24 21:43:55,2776,2862,2900,1,0.18446617123727713,hgb,2026-06-03T16:38:27
CARLLAPTOP_CarlWu,strict_90_10_90,2023-09-27 00:16:08,2900,2935,2954,0,0.9497634891370929,hgb,2026-06-03T16:38:27
CARLLAPTOP_CarlWu,strict_90_10_90,2023-11-13 01:31:03,3816,4024,4041,0,0.6578415039863585,hgb,2026-06-03T16:38:27
CARLLAPTOP_CarlWu,strict_90_10_90,2023-11-22 07:48:04,4041,4082,4097,0,0.16529269126205387,hgb,2026-06-03T16:38:27
CARLLAPTOP_CarlWu,strict_90_10_90,2023-12-12 09:46:44,4402,4543,4547,1,0.09775647190046748,hgb,2026-06-03T16:38:27
CARLLAPTOP_CarlWu,strict_90_10_90,2024-01-22 12:16:01,5218,5295,5310,0,0.14585981842855517,hgb,2026-06-03T16:38:27
CARLLAPTOP_CarlWu,strict_90_10_90,2024-02-23 20:54:28,5781,5881,5897,0,0.7670472860990283,hgb,2026-06-03T16:38:27
CARLLAPTOP_CarlWu,strict_90_10_90,2024-04-07 14:00:16,6620,6665,6671,0,0.09985886741703404,hgb,2026-06-03T16:38:27
CARLLAPTOP_CarlWu,strict_90_10_90,2024-06-03 07:16:51,7688,7753,7758,0,0.07683206018299078,hgb,2026-06-03T16:38:27
CARLLAPTOP_CarlWu,primary_80_20_80,2023-05-18 10:29:23,215,233,239,0,0.17155137600092116,hgb,2026-06-03T16:38:27
CARLLAPTOP_CarlWu,primary_80_20_80,2023-05-19 11:56:09,239,248,251,0,0.17002233893660926,hgb,2026-06-03T16:38:27
CARLLAPTOP_CarlWu,primary_80_20_80,2023-06-26 22:21:29,1008,1014,1023,0,0.028488230185759807,hgb,2026-06-03T16:38:27
CARLLAPTOP_CarlWu,primary_80_20_80,2023-06-27 18:10:48,1023,1033,1063,0,0.07700106850008956,hgb,2026-06-03T16:38:27
CARLLAPTOP_CarlWu,primary_80_20_80,2023-08-02 14:23:42,1641,1664,1674,0,0.17200013801281003,hgb,2026-06-03T16:38:27
CARLLAPTOP_CarlWu,primary_80_20_80,2023-08-13 07:01:53,1863,1874,1885,1,0.14955521227351412,hgb,2026-06-03T16:38:27
CARLLAPTOP_CarlWu,primary_80_20_80,2023-08-14 08:03:16,1885,2269,2282,0,0.9626651912954928,hgb,2026-06-03T16:38:27
CARLLAPTOP_CarlWu,primary_80_20_80,2023-08-31 08:12:45,2282,2325,2337,0,0.13670798696217204,hgb,2026-06-03T16:38:27
CARLLAPTOP_CarlWu,primary_80_20_80,2023-09-02 10:21:19,2337,2373,2381,0,0.3230704699667811,hgb,2026-06-03T16:38:27
CARLLAPTOP_CarlWu,primary_80_20_80,2023-09-20 07:07:44,2664,2767,2776,1,0.5275101192929634,hgb,2026-06-03T16:38:27
CARLLAPTOP_CarlWu,primary_80_20_80,2023-09-24 21:43:55,2776,2862,2900,1,0.19750849886437466,hgb,2026-06-03T16:38:27
CARLLAPTOP_CarlWu,primary_80_20_80,2023-09-27 00:16:08,2900,2935,2953,0,0.9680113145057981,hgb,2026-06-03T16:38:27
CARLLAPTOP_CarlWu,primary_80_20_80,2023-09-28 08:43:33,2953,3018,3023,0,0.7511170900687065,hgb,2026-06-03T16:38:27
CARLLAPTOP_CarlWu,primary_80_20_80,2023-10-25 17:02:58,3427,3445,3450,0,0.20589337459857573,hgb,2026-06-03T16:38:27
CARLLAPTOP_CarlWu,primary_80_20_80,2023-10-27 00:22:01,3450,3482,3487,0,0.22403248955578553,hgb,2026-06-03T16:38:27
CARLLAPTOP_CarlWu,primary_80_20_80,2023-11-13 01:01:03,3815,4023,4041,0,0.6659543639823539,hgb,2026-06-03T16:38:27
CARLLAPTOP_CarlWu,primary_80_20_80,2023-11-22 07:48:04,4041,4081,4097,0,0.07653522131372985,hgb,2026-06-03T16:38:27
CARLLAPTOP_CarlWu,primary_80_20_80,2023-11-26 01:02:28,4097,4234,4238,0,0.17243620640793134,hgb,2026-06-03T16:38:27
CARLLAPTOP_CarlWu,primary_80_20_80,2023-12-12 09:16:44,4401,4467,4475,0,0.030924275092270984,hgb,2026-06-03T16:38:27
CARLLAPTOP_CarlWu,primary_80_20_80,2023-12-15 10:19:00,4475,4542,4546,1,0.019926385976748482,hgb,2026-06-03T16:38:27
CARLLAPTOP_CarlWu,primary_80_20_80,2023-12-18 23:17:41,4546,4641,4646,0,0.4571952877990275,hgb,2026-06-03T16:38:27
CARLLAPTOP_CarlWu,primary_80_20_80,2023-12-26 09:52:10,4681,4772,4776,0,0.10842930688978468,hgb,2026-06-03T16:38:27
CARLLAPTOP_CarlWu,primary_80_20_80,2024-01-22 11:46:01,5217,5294,5310,0,0.08824595187197935,hgb,2026-06-03T16:38:27
CARLLAPTOP_CarlWu,primary_80_20_80,2024-02-23 20:54:28,5781,5879,5897,0,0.7140370488325318,hgb,2026-06-03T16:38:27
CARLLAPTOP_CarlWu,primary_80_20_80,2024-02-29 22:09:43,5897,5906,5911,0,0.15215285443604398,hgb,2026-06-03T16:38:27
CARLLAPTOP_CarlWu,primary_80_20_80,2024-03-13 01:33:44,6156,6168,6179,0,0.2871422435431361,hgb,2026-06-03T16:38:27
CARLLAPTOP_CarlWu,primary_80_20_80,2024-03-18 01:05:47,6227,6235,6239,0,0.08546394820158919,hgb,2026-06-03T16:38:27
CARLLAPTOP_CarlWu,primary_80_20_80,2024-04-07 13:30:16,6619,6664,6671,0,0.05857338119299374,hgb,2026-06-03T16:38:27
CARLLAPTOP_CarlWu,primary_80_20_80,2024-04-24 11:30:39,6987,7126,7129,0,0.03277210550903017,hgb,2026-06-03T16:38:27
CARLLAPTOP_CarlWu,primary_80_20_80,2024-05-01 17:34:42,7129,7150,7151,0,0.02667403446078917,hgb,2026-06-03T16:38:27
CARLLAPTOP_CarlWu,primary_80_20_80,2024-06-03 07:16:51,7688,7753,7756,0,0.10444259868778796,hgb,2026-06-03T16:38:27
CARLLAPTOP_CarlWu,primary_80_20_80,2024-06-13 13:35:44,7872,8091,8155,0,0.01393528908019405,hgb,2026-06-03T16:38:27
CARLLAPTOP_CarlWu,secondary_85_15_85,2023-05-18 10:45:11,216,233,239,0,0.1784292977522562,hgb,2026-06-03T16:38:27
CARLLAPTOP_CarlWu,secondary_85_15_85,2023-06-26 22:21:29,1008,1054,1063,0,0.25672273806300894,hgb,2026-06-03T16:38:27
CARLLAPTOP_CarlWu,secondary_85_15_85,2023-08-13 07:01:53,1863,1874,1885,1,0.14955521227351412,hgb,2026-06-03T16:38:27
CARLLAPTOP_CarlWu,secondary_85_15_85,2023-08-14 08:03:16,1885,2269,2282,0,0.9626651912954928,hgb,2026-06-03T16:38:27
CARLLAPTOP_CarlWu,secondary_85_15_85,2023-08-31 08:12:45,2282,2326,2337,0,0.31974116513967354,hgb,2026-06-03T16:38:27
CARLLAPTOP_CarlWu,secondary_85_15_85,2023-09-24 21:43:55,2776,2862,2900,1,0.19750849886437466,hgb,2026-06-03T16:38:27
CARLLAPTOP_CarlWu,secondary_85_15_85,2023-09-27 00:16:08,2900,2935,2954,0,0.9536426023006335,hgb,2026-06-03T16:38:27
CARLLAPTOP_CarlWu,secondary_85_15_85,2023-11-13 01:01:03,3815,4023,4041,0,0.6659543639823539,hgb,2026-06-03T16:38:27
CARLLAPTOP_CarlWu,secondary_85_15_85,2023-11-22 07:48:04,4041,4082,4097,0,0.17727406917545677,hgb,2026-06-03T16:38:27
CARLLAPTOP_CarlWu,secondary_85_15_85,2023-11-26 01:02:28,4097,4234,4238,0,0.17243620640793134,hgb,2026-06-03T16:38:27
CARLLAPTOP_CarlWu,secondary_85_15_85,2023-12-12 09:16:44,4401,4467,4476,0,0.03120261404008252,hgb,2026-06-03T16:38:27
CARLLAPTOP_CarlWu,secondary_85_15_85,2023-12-15 10:49:00,4476,4542,4546,1,0.019926385976748482,hgb,2026-06-03T16:38:27
CARLLAPTOP_CarlWu,secondary_85_15_85,2024-01-22 12:16:01,5218,5295,5310,0,0.1566970220344472,hgb,2026-06-03T16:38:27
CARLLAPTOP_CarlWu,secondary_85_15_85,2024-02-23 20:54:28,5781,5879,5897,0,0.7140370488325318,hgb,2026-06-03T16:38:27
CARLLAPTOP_CarlWu,secondary_85_15_85,2024-03-13 01:33:44,6156,6168,6179,0,0.2871422435431361,hgb,2026-06-03T16:38:27
CARLLAPTOP_CarlWu,secondary_85_15_85,2024-04-07 14:00:16,6620,6665,6671,0,0.10770925241682168,hgb,2026-06-03T16:38:27
CARLLAPTOP_CarlWu,secondary_85_15_85,2024-04-24 11:30:39,6987,7126,7129,0,0.03277210550903017,hgb,2026-06-03T16:38:27
CARLLAPTOP_CarlWu,secondary_85_15_85,2024-06-03 07:16:51,7688,7753,7758,0,0.08303919504237092,hgb,2026-06-03T16:38:27
CARZADON-3JDEXX_carzadon,strict_90_10_90,2023-04-24 19:55:03,1044,1056,1071,1,0.9776377589945764,hgb,2026-06-03T16:38:27
CARZADON-3JDEXX_carzadon,strict_90_10_90,2023-05-08 11:20:48,1148,1158,1164,1,0.8704804409674132,hgb,2026-06-03T16:38:27
CARZADON-3JDEXX_carzadon,strict_90_10_90,2024-01-10 10:45:23,4952,4966,4983,1,0.8485346028356355,hgb,2026-06-03T16:38:27
CARZADON-3JDEXX_carzadon,strict_90_10_90,2024-01-10 23:37:27,4983,5068,5092,1,0.8417228036678706,hgb,2026-06-03T16:38:27
CARZADON-3JDEXX_carzadon,strict_90_10_90,2024-04-15 00:07:14,6176,6254,6266,1,0.880588612553715,hgb,2026-06-03T16:38:27
CARZADON-3JDEXX_carzadon,strict_90_10_90,2024-07-09 03:00:12,7521,7567,7575,1,0.5084140214749463,hgb,2026-06-03T16:38:27
CARZADON-3JDEXX_carzadon,strict_90_10_90,2024-07-20 00:20:49,7891,7928,7935,1,0.4836678312027141,hgb,2026-06-03T16:38:27
CARZADON-3JDEXX_carzadon,strict_90_10_90,2024-10-28 11:19:15,9298,9330,9334,1,0.457820793046676,hgb,2026-06-03T16:38:27
CARZADON-3JDEXX_carzadon,primary_80_20_80,2023-02-06 09:39:08,27,39,43,1,0.8965297591059305,hgb,2026-06-03T16:38:27
CARZADON-3JDEXX_carzadon,primary_80_20_80,2023-02-27 18:39:51,294,303,306,1,0.8990804235352431,hgb,2026-06-03T16:38:27
CARZADON-3JDEXX_carzadon,primary_80_20_80,2023-02-27 23:40:46,306,316,320,1,0.9920947894792739,hgb,2026-06-03T16:38:27
CARZADON-3JDEXX_carzadon,primary_80_20_80,2023-04-24 19:55:03,1044,1055,1060,1,0.9693767583075706,hgb,2026-06-03T16:38:27
CARZADON-3JDEXX_carzadon,primary_80_20_80,2023-04-25 11:18:19,1060,1067,1071,1,0.9694608801511655,hgb,2026-06-03T16:38:27
CARZADON-3JDEXX_carzadon,primary_80_20_80,2023-05-08 10:50:48,1147,1157,1163,1,0.8909323677037385,hgb,2026-06-03T16:38:27
CARZADON-3JDEXX_carzadon,primary_80_20_80,2023-05-29 08:58:35,1531,1543,1546,1,0.9465857271918507,hgb,2026-06-03T16:38:27
CARZADON-3JDEXX_carzadon,primary_80_20_80,2023-06-27 09:40:55,2042,2050,2055,1,0.8158155732004198,hgb,2026-06-03T16:38:27
CARZADON-3JDEXX_carzadon,primary_80_20_80,2023-09-11 13:38:28,3133,3159,3170,1,0.9055692432141131,hgb,2026-06-03T16:38:27
CARZADON-3JDEXX_carzadon,primary_80_20_80,2024-01-10 10:45:23,4952,4966,4982,1,0.8433017253632831,hgb,2026-06-03T16:38:27
CARZADON-3JDEXX_carzadon,primary_80_20_80,2024-01-10 23:07:27,4982,5068,5091,1,0.8470577547479081,hgb,2026-06-03T16:38:27
CARZADON-3JDEXX_carzadon,primary_80_20_80,2024-01-29 12:02:20,5269,5275,5278,1,0.9437013067577232,hgb,2026-06-03T16:38:27
CARZADON-3JDEXX_carzadon,primary_80_20_80,2024-02-28 10:53:09,5627,5657,5661,1,0.9602461588884564,hgb,2026-06-03T16:38:27
CARZADON-3JDEXX_carzadon,primary_80_20_80,2024-04-14 23:38:07,6175,6253,6266,1,0.8939492713661168,hgb,2026-06-03T16:38:27
CARZADON-3JDEXX_carzadon,primary_80_20_80,2024-05-17 14:30:17,6545,6552,6559,1,0.4663683927231282,hgb,2026-06-03T16:38:27
CARZADON-3JDEXX_carzadon,primary_80_20_80,2024-05-22 11:57:40,6680,6701,6705,1,0.14299346474966135,hgb,2026-06-03T16:38:27
CARZADON-3JDEXX_carzadon,primary_80_20_80,2024-07-09 02:30:12,7520,7564,7574,1,0.4193884337129708,hgb,2026-06-03T16:38:27
CARZADON-3JDEXX_carzadon,primary_80_20_80,2024-07-19 23:50:49,7890,7928,7934,1,0.4673886484475925,hgb,2026-06-03T16:38:27
CARZADON-3JDEXX_carzadon,primary_80_20_80,2024-10-15 10:50:28,9073,9089,9094,1,0.5078170158611865,hgb,2026-06-03T16:38:27
CARZADON-3JDEXX_carzadon,primary_80_20_80,2024-10-28 10:49:15,9297,9326,9334,1,0.3775378926697761,hgb,2026-06-03T16:38:27
CARZADON-3JDEXX_carzadon,primary_80_20_80,2024-10-30 11:30:40,9348,9358,9362,1,0.37809715082741546,hgb,2026-06-03T16:38:27
CARZADON-3JDEXX_carzadon,secondary_85_15_85,2023-02-06 10:09:08,28,39,43,1,0.9058012932182664,hgb,2026-06-03T16:38:27
CARZADON-3JDEXX_carzadon,secondary_85_15_85,2023-04-24 19:55:03,1044,1056,1060,1,0.9592160102321006,hgb,2026-06-03T16:38:27
CARZADON-3JDEXX_carzadon,secondary_85_15_85,2023-05-08 11:20:48,1148,1158,1164,1,0.8704804409674132,hgb,2026-06-03T16:38:27
CARZADON-3JDEXX_carzadon,secondary_85_15_85,2024-01-10 10:45:23,4952,4966,4983,1,0.8485346028356355,hgb,2026-06-03T16:38:27
CARZADON-3JDEXX_carzadon,secondary_85_15_85,2024-01-10 23:37:27,4983,5068,5091,1,0.838412500686291,hgb,2026-06-03T16:38:27
CARZADON-3JDEXX_carzadon,secondary_85_15_85,2024-04-15 00:07:14,6176,6253,6266,1,0.8823395764542993,hgb,2026-06-03T16:38:27
CARZADON-3JDEXX_carzadon,secondary_85_15_85,2024-07-09 03:00:12,7521,7567,7575,1,0.5084140214749463,hgb,2026-06-03T16:38:27
CARZADON-3JDEXX_carzadon,secondary_85_15_85,2024-07-19 23:50:49,7890,7928,7935,1,0.48589633808932287,hgb,2026-06-03T16:38:27
CARZADON-3JDEXX_carzadon,secondary_85_15_85,2024-10-28 11:19:15,9298,9327,9334,1,0.39443709983756486,hgb,2026-06-03T16:38:27
CARZADON-3JDEXX_carzadon,secondary_85_15_85,2024-10-30 11:30:40,9348,9359,9362,1,0.3764752078919475,hgb,2026-06-03T16:38:27
CBLACKBURN-TSG2_cblackburn,primary_80_20_80,2025-10-31 06:57:00,1671,1684,1687,1,0.7650657722956498,hgb,2026-06-03T16:38:27
CBOULTON-5METJ1_cboulton,strict_90_10_90,2025-12-10 12:18:35,1152,1173,1179,1,0.9433109241518264,hgb,2026-06-03T16:38:27
CBOULTON-5METJ1_cboulton,primary_80_20_80,2025-12-10 08:52:43,1144,1172,1179,1,0.9366426806239213,hgb,2026-06-03T16:38:27
CBOULTON-5METJ1_cboulton,secondary_85_15_85,2025-12-10 12:18:35,1152,1173,1179,1,0.9476608278590107,hgb,2026-06-03T16:38:27
CCHOW3-PF4S7DN8_cchow3,primary_80_20_80,2024-01-29 12:12:47,0,12,16,1,0.9033362282912726,hgb,2026-06-03T16:38:27
CHANGYC2-1QSR8D_changyc2,strict_90_10_90,2023-02-21 18:58:39,522,564,569,1,0.9957301506984945,hgb,2026-06-03T16:38:27
CHANGYC2-1QSR8D_changyc2,strict_90_10_90,2023-03-27 12:40:32,1511,2352,2359,1,0.9733117039144951,hgb,2026-06-03T16:38:27
CHANGYC2-1QSR8D_changyc2,strict_90_10_90,2023-04-13 17:58:50,2359,2947,2952,1,0.9970938032033403,hgb,2026-06-03T16:38:27
CHANGYC2-1QSR8D_changyc2,strict_90_10_90,2023-05-04 09:44:38,3081,3620,3625,1,0.9964014153290279,hgb,2026-06-03T16:38:27
CHANGYC2-1QSR8D_changyc2,strict_90_10_90,2023-05-24 10:32:09,4032,4966,4971,1,0.9945028723917014,hgb,2026-06-03T16:38:27
CHANGYC2-1QSR8D_changyc2,strict_90_10_90,2023-08-15 18:29:36,7610,7665,7670,1,0.987497902601843,hgb,2026-06-03T16:38:27
CHANGYC2-1QSR8D_changyc2,strict_90_10_90,2023-08-16 19:44:03,7670,7706,7709,1,0.9833997499456596,hgb,2026-06-03T16:38:27
CHANGYC2-1QSR8D_changyc2,strict_90_10_90,2023-08-17 13:15:06,7709,7718,7725,1,0.9936629229506815,hgb,2026-06-03T16:38:27
CHANGYC2-1QSR8D_changyc2,strict_90_10_90,2023-09-11 15:07:19,8892,9044,9052,1,0.9932014825235348,hgb,2026-06-03T16:38:27
CHANGYC2-1QSR8D_changyc2,strict_90_10_90,2023-09-14 16:37:43,9052,9417,9421,1,0.9699030681992641,hgb,2026-06-03T16:38:27
CHANGYC2-1QSR8D_changyc2,strict_90_10_90,2023-09-22 12:50:58,9421,9665,9670,1,0.9899678814006541,hgb,2026-06-03T16:38:27
CHANGYC2-1QSR8D_changyc2,strict_90_10_90,2023-09-27 15:02:48,9670,10148,10151,1,0.9915990006960865,hgb,2026-06-03T16:38:27
CHANGYC2-1QSR8D_changyc2,strict_90_10_90,2023-10-07 13:05:01,10151,10726,10730,1,0.9244287017419075,hgb,2026-06-03T16:38:27
CHANGYC2-1QSR8D_changyc2,strict_90_10_90,2023-10-18 17:00:52,10730,11647,11655,1,0.9964126963585646,hgb,2026-06-03T16:38:27
CHANGYC2-1QSR8D_changyc2,strict_90_10_90,2023-11-06 15:29:40,11655,11810,11817,1,0.9462797206267229,hgb,2026-06-03T16:38:27
CHANGYC2-1QSR8D_changyc2,primary_80_20_80,2023-02-21 18:28:39,521,564,568,1,0.9931856409995086,hgb,2026-06-03T16:38:27
CHANGYC2-1QSR8D_changyc2,primary_80_20_80,2023-03-20 12:03:35,1287,1490,1494,1,0.8018473987795472,hgb,2026-06-03T16:38:27
CHANGYC2-1QSR8D_changyc2,primary_80_20_80,2023-03-27 12:10:32,1510,2352,2358,1,0.9570545975879537,hgb,2026-06-03T16:38:27
CHANGYC2-1QSR8D_changyc2,primary_80_20_80,2023-04-13 17:28:50,2358,2541,2546,1,0.9934482147624353,hgb,2026-06-03T16:38:27
CHANGYC2-1QSR8D_changyc2,primary_80_20_80,2023-04-17 12:25:20,2546,2947,2951,1,0.9520898526524866,hgb,2026-06-03T16:38:27
CHANGYC2-1QSR8D_changyc2,primary_80_20_80,2023-05-04 09:14:50,3079,3329,3334,1,0.9769306095778398,hgb,2026-06-03T16:38:27
CHANGYC2-1QSR8D_changyc2,primary_80_20_80,2023-05-09 13:38:31,3334,3620,3624,1,0.976456065941309,hgb,2026-06-03T16:38:27
CHANGYC2-1QSR8D_changyc2,primary_80_20_80,2023-05-24 10:32:09,4032,4283,4286,1,0.9577653194014133,hgb,2026-06-03T16:38:27
CHANGYC2-1QSR8D_changyc2,primary_80_20_80,2023-05-29 12:46:41,4286,4296,4299,1,0.743348457290541,hgb,2026-06-03T16:38:27
CHANGYC2-1QSR8D_changyc2,primary_80_20_80,2023-05-29 18:20:28,4299,4966,4970,1,0.9884639149350769,hgb,2026-06-03T16:38:27
CHANGYC2-1QSR8D_changyc2,primary_80_20_80,2023-08-15 17:59:34,7607,7653,7656,1,0.9903517488546034,hgb,2026-06-03T16:38:27
CHANGYC2-1QSR8D_changyc2,primary_80_20_80,2023-08-16 16:30:37,7656,7664,7670,1,0.9563523634391041,hgb,2026-06-03T16:38:27
CHANGYC2-1QSR8D_changyc2,primary_80_20_80,2023-08-16 19:44:03,7670,7704,7708,1,0.9756906330346713,hgb,2026-06-03T16:38:27
CHANGYC2-1QSR8D_changyc2,primary_80_20_80,2023-08-17 12:45:06,7708,7715,7724,1,0.9830381364917067,hgb,2026-06-03T16:38:27
CHANGYC2-1QSR8D_changyc2,primary_80_20_80,2023-08-17 17:04:47,7724,8110,8114,1,0.9522619427048432,hgb,2026-06-03T16:38:27
CHANGYC2-1QSR8D_changyc2,primary_80_20_80,2023-09-11 14:37:19,8891,9043,9052,1,0.9955377725118812,hgb,2026-06-03T16:38:27
CHANGYC2-1QSR8D_changyc2,primary_80_20_80,2023-09-14 16:37:43,9052,9417,9420,1,0.9468023998157454,hgb,2026-06-03T16:38:27
CHANGYC2-1QSR8D_changyc2,primary_80_20_80,2023-09-22 12:20:58,9420,9665,9669,1,0.9802007731778328,hgb,2026-06-03T16:38:27
CHANGYC2-1QSR8D_changyc2,primary_80_20_80,2023-09-27 14:32:48,9669,10147,10150,1,0.9840738232496198,hgb,2026-06-03T16:38:27
CHANGYC2-1QSR8D_changyc2,primary_80_20_80,2023-10-07 12:35:01,10150,10474,10477,1,0.6862919284564448,hgb,2026-06-03T16:38:27
CHANGYC2-1QSR8D_changyc2,primary_80_20_80,2023-10-13 12:13:01,10477,10726,10729,1,0.9954599704093533,hgb,2026-06-03T16:38:27
CHANGYC2-1QSR8D_changyc2,primary_80_20_80,2023-10-18 16:30:52,10729,11647,11654,1,0.9856854089831399,hgb,2026-06-03T16:38:27
CHANGYC2-1QSR8D_changyc2,primary_80_20_80,2023-11-06 14:59:40,11654,11810,11813,1,0.7988063333879832,hgb,2026-06-03T16:38:27
CHANGYC2-1QSR8D_changyc2,primary_80_20_80,2023-11-09 18:06:30,11813,13563,13566,1,0.9712661925549249,hgb,2026-06-03T16:38:27
CHANGYC2-1QSR8D_changyc2,secondary_85_15_85,2023-02-21 18:58:39,522,564,568,1,0.9956224756256149,hgb,2026-06-03T16:38:27
CHANGYC2-1QSR8D_changyc2,secondary_85_15_85,2023-03-27 12:40:32,1511,2352,2358,1,0.9570545975879537,hgb,2026-06-03T16:38:27
CHANGYC2-1QSR8D_changyc2,secondary_85_15_85,2023-04-13 17:28:50,2358,2541,2546,1,0.9934482147624353,hgb,2026-06-03T16:38:27
CHANGYC2-1QSR8D_changyc2,secondary_85_15_85,2023-04-17 12:25:20,2546,2947,2951,1,0.9520898526524866,hgb,2026-06-03T16:38:27
CHANGYC2-1QSR8D_changyc2,secondary_85_15_85,2023-05-04 09:44:38,3081,3329,3334,1,0.9903569942879017,hgb,2026-06-03T16:38:27
CHANGYC2-1QSR8D_changyc2,secondary_85_15_85,2023-05-09 13:38:31,3334,3620,3624,1,0.976456065941309,hgb,2026-06-03T16:38:27
CHANGYC2-1QSR8D_changyc2,secondary_85_15_85,2023-05-24 10:32:09,4032,4283,4286,1,0.9577653194014133,hgb,2026-06-03T16:38:27
CHANGYC2-1QSR8D_changyc2,secondary_85_15_85,2023-05-29 12:46:41,4286,4966,4971,1,0.9857641058040565,hgb,2026-06-03T16:38:27
CHANGYC2-1QSR8D_changyc2,secondary_85_15_85,2023-08-15 18:29:36,7610,7665,7670,1,0.987497902601843,hgb,2026-06-03T16:38:27
CHANGYC2-1QSR8D_changyc2,secondary_85_15_85,2023-08-16 19:44:03,7670,7704,7708,1,0.9756906330346713,hgb,2026-06-03T16:38:27
CHANGYC2-1QSR8D_changyc2,secondary_85_15_85,2023-08-17 12:45:06,7708,7716,7724,1,0.9861413666933289,hgb,2026-06-03T16:38:27
CHANGYC2-1QSR8D_changyc2,secondary_85_15_85,2023-08-17 17:04:47,7724,8112,8114,1,0.903763437823438,hgb,2026-06-03T16:38:27
CHANGYC2-1QSR8D_changyc2,secondary_85_15_85,2023-09-11 14:37:19,8891,9044,9052,1,0.997500448642324,hgb,2026-06-03T16:38:27
CHANGYC2-1QSR8D_changyc2,secondary_85_15_85,2023-09-14 16:37:43,9052,9417,9420,1,0.9468023998157454,hgb,2026-06-03T16:38:27
CHANGYC2-1QSR8D_changyc2,secondary_85_15_85,2023-09-22 12:20:58,9420,9665,9669,1,0.9802007731778328,hgb,2026-06-03T16:38:27
CHANGYC2-1QSR8D_changyc2,secondary_85_15_85,2023-09-27 14:32:48,9669,10148,10150,1,0.9643178310135554,hgb,2026-06-03T16:38:27
CHANGYC2-1QSR8D_changyc2,secondary_85_15_85,2023-10-07 12:35:01,10150,10726,10730,1,0.9206235529207213,hgb,2026-06-03T16:38:27
CHANGYC2-1QSR8D_changyc2,secondary_85_15_85,2023-10-18 17:00:52,10730,11647,11654,1,0.9935234191047358,hgb,2026-06-03T16:38:27
CHANGYC2-1QSR8D_changyc2,secondary_85_15_85,2023-11-06 14:59:40,11654,11810,11817,1,0.9357400381230441,hgb,2026-06-03T16:38:27
CHANGYC2-1QSR8D_changyc2,secondary_85_15_85,2023-11-09 18:38:18,11817,13563,13566,1,0.9712661925549249,hgb,2026-06-03T16:38:27
CHIKARA7-3PAB5T_chikara7,primary_80_20_80,2023-12-13 10:58:53,3741,3754,3776,0,0.02468906534012948,hgb,2026-06-03T16:38:27
CHIKARA7-3PAB5T_chikara7,primary_80_20_80,2023-12-18 12:10:29,3822,3844,3857,0,0.016067601712469123,hgb,2026-06-03T16:38:27
CHIKARA7-3PAB5T_chikara7,primary_80_20_80,2024-01-16 10:45:41,4189,4210,4223,0,0.02968321461730604,hgb,2026-06-03T16:38:27
CHIKARA7-3PAB5T_chikara7,primary_80_20_80,2024-02-01 12:33:39,4558,4581,4593,0,0.018596713081444647,hgb,2026-06-03T16:38:27
CHIKARA7-3PAB5T_chikara7,primary_80_20_80,2024-05-06 16:53:31,6526,6586,6593,0,0.1812521661858434,hgb,2026-06-03T16:38:27
CPOWELL1-PF4Z89_cpowell1,strict_90_10_90,2024-10-14 09:41:05,769,797,803,1,0.990949516498584,hgb,2026-06-03T16:38:27
CPOWELL1-PF4Z89_cpowell1,strict_90_10_90,2024-10-15 10:07:49,803,828,835,1,0.9903023989912622,hgb,2026-06-03T16:38:27
CPOWELL1-PF4Z89_cpowell1,strict_90_10_90,2024-10-21 08:06:48,880,947,953,1,0.7870888213932541,hgb,2026-06-03T16:38:27
CPOWELL1-PF4Z89_cpowell1,primary_80_20_80,2024-10-14 09:11:05,768,796,802,1,0.8475450621264018,hgb,2026-06-03T16:38:27
CPOWELL1-PF4Z89_cpowell1,primary_80_20_80,2024-10-15 09:37:49,802,827,834,1,0.8710713077763585,hgb,2026-06-03T16:38:27
CPOWELL1-PF4Z89_cpowell1,primary_80_20_80,2024-10-21 08:06:48,880,946,952,1,0.6363520316826682,hgb,2026-06-03T16:38:27
CPOWELL1-PF4Z89_cpowell1,secondary_85_15_85,2024-10-14 09:11:05,768,797,803,1,0.9036740382482962,hgb,2026-06-03T16:38:27
CPOWELL1-PF4Z89_cpowell1,secondary_85_15_85,2024-10-15 10:07:49,803,828,834,1,0.9884863624882201,hgb,2026-06-03T16:38:27
CPOWELL1-PF4Z89_cpowell1,secondary_85_15_85,2024-10-21 08:06:48,880,947,953,1,0.7870888213932541,hgb,2026-06-03T16:38:27
CQUEEN-PW06FV2M_cqueen,strict_90_10_90,2023-10-30 15:30:05,67,79,87,0,0.9776438080296266,hgb,2026-06-03T16:38:27
CQUEEN-PW06FV2M_cqueen,strict_90_10_90,2023-10-31 13:38:22,87,127,130,0,0.975736160744376,hgb,2026-06-03T16:38:27
CQUEEN-PW06FV2M_cqueen,strict_90_10_90,2023-11-02 12:45:29,130,151,154,1,0.9320338939558834,hgb,2026-06-03T16:38:27
CQUEEN-PW06FV2M_cqueen,strict_90_10_90,2024-08-26 22:27:20,5892,5967,5985,1,0.5849560503073593,hgb,2026-06-03T16:38:27
CQUEEN-PW06FV2M_cqueen,strict_90_10_90,2024-08-29 06:30:50,5985,6000,6006,1,0.9175401160517641,hgb,2026-06-03T16:38:27
CQUEEN-PW06FV2M_cqueen,strict_90_10_90,2024-09-03 08:38:34,6044,6380,6386,0,0.7590764538827511,hgb,2026-06-03T16:38:27
CQUEEN-PW06FV2M_cqueen,strict_90_10_90,2024-10-29 08:32:34,7258,7266,7273,1,0.7623124604536164,hgb,2026-06-03T16:38:27
CQUEEN-PW06FV2M_cqueen,strict_90_10_90,2025-01-24 13:17:02,8371,8377,8380,0,0.6603330318907171,hgb,2026-06-03T16:38:27
CQUEEN-PW06FV2M_cqueen,primary_80_20_80,2023-10-30 15:30:05,67,78,87,0,0.9756289356287928,hgb,2026-06-03T16:38:27
CQUEEN-PW06FV2M_cqueen,primary_80_20_80,2023-10-31 13:38:22,87,96,99,0,0.9642850360464666,hgb,2026-06-03T16:38:27
CQUEEN-PW06FV2M_cqueen,primary_80_20_80,2023-11-01 11:23:12,99,116,119,0,0.9642730513189132,hgb,2026-06-03T16:38:27
CQUEEN-PW06FV2M_cqueen,primary_80_20_80,2023-11-02 07:45:29,119,126,130,0,0.935889503958918,hgb,2026-06-03T16:38:27
CQUEEN-PW06FV2M_cqueen,primary_80_20_80,2023-11-02 12:45:29,130,150,154,1,0.9282536944931485,hgb,2026-06-03T16:38:27
CQUEEN-PW06FV2M_cqueen,primary_80_20_80,2023-11-06 08:59:14,173,219,232,1,0.8656637646642281,hgb,2026-06-03T16:38:27
CQUEEN-PW06FV2M_cqueen,primary_80_20_80,2023-11-14 09:08:00,308,367,377,0,0.894527686302836,hgb,2026-06-03T16:38:27
CQUEEN-PW06FV2M_cqueen,primary_80_20_80,2023-11-16 11:55:22,377,395,401,0,0.8553044907161296,hgb,2026-06-03T16:38:27
CQUEEN-PW06FV2M_cqueen,primary_80_20_80,2023-11-20 09:49:46,436,492,495,0,0.6286263469878957,hgb,2026-06-03T16:38:27
CQUEEN-PW06FV2M_cqueen,primary_80_20_80,2023-11-28 11:06:56,605,631,640,1,0.9457095767465907,hgb,2026-06-03T16:38:27
CQUEEN-PW06FV2M_cqueen,primary_80_20_80,2023-12-04 08:34:50,736,748,752,1,0.9819942275170869,hgb,2026-06-03T16:38:27
CQUEEN-PW06FV2M_cqueen,primary_80_20_80,2023-12-10 11:18:24,861,976,985,1,0.7824109142582104,hgb,2026-06-03T16:38:27
CQUEEN-PW06FV2M_cqueen,primary_80_20_80,2023-12-14 12:11:02,985,1009,1012,1,0.9344891985636612,hgb,2026-06-03T16:38:27
CQUEEN-PW06FV2M_cqueen,primary_80_20_80,2024-01-22 14:52:06,1447,1468,1475,1,0.9636646761607819,hgb,2026-06-03T16:38:27
CQUEEN-PW06FV2M_cqueen,primary_80_20_80,2024-02-26 11:03:02,2108,2126,2134,1,0.9160166690065361,hgb,2026-06-03T16:38:27
CQUEEN-PW06FV2M_cqueen,primary_80_20_80,2024-02-28 12:20:44,2173,2190,2204,1,0.9177355230599225,hgb,2026-06-03T16:38:27
CQUEEN-PW06FV2M_cqueen,primary_80_20_80,2024-03-04 14:02:03,2250,2255,2272,0,0.9478315425415033,hgb,2026-06-03T16:38:27
CQUEEN-PW06FV2M_cqueen,primary_80_20_80,2024-03-05 06:55:11,2272,2297,2308,0,0.9087085505216138,hgb,2026-06-03T16:38:27
CQUEEN-PW06FV2M_cqueen,primary_80_20_80,2024-03-14 16:22:22,2466,2494,2501,1,0.8840006829582722,hgb,2026-06-03T16:38:27
CQUEEN-PW06FV2M_cqueen,primary_80_20_80,2024-03-31 22:45:13,2729,2751,2753,1,0.6117858717128075,hgb,2026-06-03T16:38:27
CQUEEN-PW06FV2M_cqueen,primary_80_20_80,2024-04-02 11:19:44,2779,2788,2800,1,0.9624613951256751,hgb,2026-06-03T16:38:27
CQUEEN-PW06FV2M_cqueen,primary_80_20_80,2024-07-16 08:52:39,5026,5044,5048,1,0.4769658680679998,hgb,2026-06-03T16:38:27
CQUEEN-PW06FV2M_cqueen,primary_80_20_80,2024-08-07 06:31:04,5324,5332,5341,0,0.9254308900786824,hgb,2026-06-03T16:38:27
CQUEEN-PW06FV2M_cqueen,primary_80_20_80,2024-08-14 08:19:48,5462,5883,5892,1,0.55531323112133,hgb,2026-06-03T16:38:27
CQUEEN-PW06FV2M_cqueen,primary_80_20_80,2024-08-26 22:27:20,5892,5966,5985,1,0.48538685463420145,hgb,2026-06-03T16:38:27
CQUEEN-PW06FV2M_cqueen,primary_80_20_80,2024-08-29 06:30:50,5985,5999,6006,1,0.8760680546151299,hgb,2026-06-03T16:38:27
CQUEEN-PW06FV2M_cqueen,primary_80_20_80,2024-09-03 08:08:34,6043,6380,6386,0,0.7590764538827511,hgb,2026-06-03T16:38:27
CQUEEN-PW06FV2M_cqueen,primary_80_20_80,2024-09-19 11:58:36,6613,6774,6777,1,0.5234026620128246,hgb,2026-06-03T16:38:27
CQUEEN-PW06FV2M_cqueen,primary_80_20_80,2024-10-02 13:23:05,6879,6934,6936,1,0.6242009145537443,hgb,2026-06-03T16:38:27
CQUEEN-PW06FV2M_cqueen,primary_80_20_80,2024-10-29 08:02:34,7257,7266,7273,1,0.7444593025067491,hgb,2026-06-03T16:38:27
CQUEEN-PW06FV2M_cqueen,primary_80_20_80,2024-12-09 17:20:07,7889,7905,7906,1,0.8411224170026356,hgb,2026-06-03T16:38:27
CQUEEN-PW06FV2M_cqueen,primary_80_20_80,2025-01-24 13:17:02,8371,8376,8380,0,0.4982104020074309,hgb,2026-06-03T16:38:27
CQUEEN-PW06FV2M_cqueen,primary_80_20_80,2025-05-19 16:20:43,10031,10038,10050,1,0.2061940445595366,hgb,2026-06-03T16:38:27
CQUEEN-PW06FV2M_cqueen,primary_80_20_80,2025-05-27 13:26:19,10142,10150,10154,1,0.9240064095991937,hgb,2026-06-03T16:38:27
CQUEEN-PW06FV2M_cqueen,primary_80_20_80,2025-05-28 08:06:42,10154,10168,10175,0,0.7744569687789192,hgb,2026-06-03T16:38:27
CQUEEN-PW06FV2M_cqueen,secondary_85_15_85,2023-10-30 15:30:05,67,79,87,0,0.9776438080296266,hgb,2026-06-03T16:38:27
CQUEEN-PW06FV2M_cqueen,secondary_85_15_85,2023-10-31 13:38:22,87,116,119,0,0.9843738129683597,hgb,2026-06-03T16:38:27
CQUEEN-PW06FV2M_cqueen,secondary_85_15_85,2023-11-02 07:45:29,119,126,130,0,0.935889503958918,hgb,2026-06-03T16:38:27
CQUEEN-PW06FV2M_cqueen,secondary_85_15_85,2023-11-02 12:45:29,130,151,154,1,0.9320338939558834,hgb,2026-06-03T16:38:27
CQUEEN-PW06FV2M_cqueen,secondary_85_15_85,2023-11-14 09:38:00,309,367,379,0,0.8871327345322928,hgb,2026-06-03T16:38:27
CQUEEN-PW06FV2M_cqueen,secondary_85_15_85,2023-11-16 12:13:53,379,397,401,0,0.836460710380515,hgb,2026-06-03T16:38:27
CQUEEN-PW06FV2M_cqueen,secondary_85_15_85,2023-11-28 14:02:03,615,631,640,1,0.9517324320086433,hgb,2026-06-03T16:38:27
CQUEEN-PW06FV2M_cqueen,secondary_85_15_85,2024-01-22 15:02:37,1448,1469,1475,1,0.9749602548050328,hgb,2026-06-03T16:38:27
CQUEEN-PW06FV2M_cqueen,secondary_85_15_85,2024-04-02 11:49:45,2780,2796,2801,1,0.9676782684178402,hgb,2026-06-03T16:38:27
CQUEEN-PW06FV2M_cqueen,secondary_85_15_85,2024-08-07 06:31:04,5324,5333,5341,0,0.9563623800741619,hgb,2026-06-03T16:38:27
CQUEEN-PW06FV2M_cqueen,secondary_85_15_85,2024-08-26 22:27:20,5892,5966,5985,1,0.48538685463420145,hgb,2026-06-03T16:38:27
CQUEEN-PW06FV2M_cqueen,secondary_85_15_85,2024-08-29 06:30:50,5985,6000,6006,1,0.9175401160517641,hgb,2026-06-03T16:38:27
CQUEEN-PW06FV2M_cqueen,secondary_85_15_85,2024-09-03 08:08:34,6043,6380,6386,0,0.7590764538827511,hgb,2026-06-03T16:38:27
CQUEEN-PW06FV2M_cqueen,secondary_85_15_85,2024-10-29 08:32:34,7258,7266,7273,1,0.7623124604536164,hgb,2026-06-03T16:38:27
CQUEEN-PW06FV2M_cqueen,secondary_85_15_85,2025-01-24 13:17:02,8371,8376,8380,0,0.4982104020074309,hgb,2026-06-03T16:38:27
CTURNER-1000036_cturner,primary_80_20_80,2025-08-14 07:07:00,967,971,974,1,0.9690578825725783,hgb,2026-06-03T16:38:27
CTURNER-F4T62ZK_cturner,primary_80_20_80,2024-01-23 12:05:54,0,33,41,1,0.7303047733293181,hgb,2026-06-03T16:38:27
CTURNER-F4T62ZK_cturner,secondary_85_15_85,2024-01-23 12:05:54,0,34,41,1,0.7852180324686681,hgb,2026-06-03T16:38:27
CTURNER_cturner,primary_80_20_80,2023-06-09 09:33:08,1207,1480,1484,1,0.9156982833938685,hgb,2026-06-03T16:38:27
CTURNER_cturner,primary_80_20_80,2023-07-27 08:31:46,5092,5134,5151,0,0.09343843803314394,hgb,2026-06-03T16:38:27
DESKTOP-0OFMVDC_x1,strict_90_10_90,2025-04-28 14:06:40,3001,3365,3379,1,0.9831681141547511,hgb,2026-06-03T16:38:27
DESKTOP-0OFMVDC_x1,strict_90_10_90,2025-05-20 16:40:53,3938,4075,4082,1,0.9645104910751384,hgb,2026-06-03T16:38:27
DESKTOP-0OFMVDC_x1,strict_90_10_90,2025-06-29 17:01:56,5513,5541,5546,1,0.9791676391094304,hgb,2026-06-03T16:38:27
DESKTOP-0OFMVDC_x1,strict_90_10_90,2025-06-30 09:01:17,5546,5848,5856,1,0.978332433429559,hgb,2026-06-03T16:38:27
DESKTOP-0OFMVDC_x1,strict_90_10_90,2025-08-25 07:38:58,7889,7969,7974,1,0.9724910832808321,hgb,2026-06-03T16:38:27
DESKTOP-0OFMVDC_x1,strict_90_10_90,2025-10-01 18:21:38,8992,9090,9095,1,0.885689495554985,hgb,2026-06-03T16:38:27
DESKTOP-0OFMVDC_x1,strict_90_10_90,2025-10-14 16:19:11,9484,9524,9530,1,0.967555583332899,hgb,2026-06-03T16:38:27
DESKTOP-0OFMVDC_x1,strict_90_10_90,2025-12-24 10:22:41,11874,12106,12115,1,0.9547171780303222,hgb,2026-06-03T16:38:27
DESKTOP-0OFMVDC_x1,strict_90_10_90,2026-01-27 21:15:29,13243,13279,13284,1,0.9741869907776365,hgb,2026-06-03T16:38:27
DESKTOP-0OFMVDC_x1,strict_90_10_90,2026-02-05 09:39:55,13513,13604,13611,1,0.9936567400226701,hgb,2026-06-03T16:38:27
DESKTOP-0OFMVDC_x1,strict_90_10_90,2026-02-07 12:55:29,13611,14245,14248,1,0.8978241796126174,hgb,2026-06-03T16:38:27
DESKTOP-0OFMVDC_x1,primary_80_20_80,2025-04-28 14:06:40,3001,3365,3378,1,0.9834422822823248,hgb,2026-06-03T16:38:27
DESKTOP-0OFMVDC_x1,primary_80_20_80,2025-05-06 12:56:04,3378,3435,3445,1,0.8734828808466895,hgb,2026-06-03T16:38:27
DESKTOP-0OFMVDC_x1,primary_80_20_80,2025-05-20 15:01:13,3933,4074,4081,1,0.9708391358085285,hgb,2026-06-03T16:38:27
DESKTOP-0OFMVDC_x1,primary_80_20_80,2025-06-29 17:01:56,5513,5537,5546,1,0.9594779571894457,hgb,2026-06-03T16:38:27
DESKTOP-0OFMVDC_x1,primary_80_20_80,2025-06-30 09:01:17,5546,5845,5855,1,0.9723929275771567,hgb,2026-06-03T16:38:27
DESKTOP-0OFMVDC_x1,primary_80_20_80,2025-08-11 09:35:10,7330,7514,7521,1,0.9830666322654343,hgb,2026-06-03T16:38:27
DESKTOP-0OFMVDC_x1,primary_80_20_80,2025-08-25 07:38:58,7889,7965,7974,1,0.9689486406628073,hgb,2026-06-03T16:38:27
DESKTOP-0OFMVDC_x1,primary_80_20_80,2025-10-01 17:51:38,8991,9088,9095,1,0.9271479830300351,hgb,2026-06-03T16:38:27
DESKTOP-0OFMVDC_x1,primary_80_20_80,2025-10-03 18:29:59,9095,9216,9223,1,0.9531402220736309,hgb,2026-06-03T16:38:27
DESKTOP-0OFMVDC_x1,primary_80_20_80,2025-10-14 16:19:11,9484,9522,9529,1,0.9107067640498374,hgb,2026-06-03T16:38:27
DESKTOP-0OFMVDC_x1,primary_80_20_80,2025-12-24 09:52:41,11873,12102,12115,1,0.9454919601347983,hgb,2026-06-03T16:38:27
DESKTOP-0OFMVDC_x1,primary_80_20_80,2026-01-27 21:15:29,13243,13278,13283,1,0.963969582985938,hgb,2026-06-03T16:38:27
DESKTOP-0OFMVDC_x1,primary_80_20_80,2026-02-05 09:09:55,13512,13599,13611,1,0.9018146282977848,hgb,2026-06-03T16:38:27
DESKTOP-0OFMVDC_x1,primary_80_20_80,2026-02-07 12:55:29,13611,14244,14248,1,0.8038343252489438,hgb,2026-06-03T16:38:27
DESKTOP-0OFMVDC_x1,secondary_85_15_85,2025-04-28 14:06:40,3001,3365,3379,1,0.9831681141547511,hgb,2026-06-03T16:38:27
DESKTOP-0OFMVDC_x1,secondary_85_15_85,2025-05-06 13:26:04,3379,3436,3445,1,0.9272114883725716,hgb,2026-06-03T16:38:27
DESKTOP-0OFMVDC_x1,secondary_85_15_85,2025-05-20 15:01:13,3933,4075,4081,1,0.9813291185940635,hgb,2026-06-03T16:38:27
DESKTOP-0OFMVDC_x1,secondary_85_15_85,2025-06-29 17:01:56,5513,5539,5546,1,0.9594779571894457,hgb,2026-06-03T16:38:27
DESKTOP-0OFMVDC_x1,secondary_85_15_85,2025-06-30 09:01:17,5546,5847,5856,1,0.9739119116254952,hgb,2026-06-03T16:38:27
DESKTOP-0OFMVDC_x1,secondary_85_15_85,2025-08-25 07:38:58,7889,7967,7974,1,0.9689486406628073,hgb,2026-06-03T16:38:27
DESKTOP-0OFMVDC_x1,secondary_85_15_85,2025-10-01 17:51:38,8991,9089,9095,1,0.9426903530516992,hgb,2026-06-03T16:38:27
DESKTOP-0OFMVDC_x1,secondary_85_15_85,2025-10-03 18:29:59,9095,9219,9223,1,0.949234352297184,hgb,2026-06-03T16:38:27
DESKTOP-0OFMVDC_x1,secondary_85_15_85,2025-10-14 16:19:11,9484,9523,9530,1,0.9306476423679011,hgb,2026-06-03T16:38:27
DESKTOP-0OFMVDC_x1,secondary_85_15_85,2025-12-24 10:22:41,11874,12104,12115,1,0.9457459541311455,hgb,2026-06-03T16:38:27
DESKTOP-0OFMVDC_x1,secondary_85_15_85,2026-01-27 21:15:29,13243,13278,13284,1,0.9598484815922378,hgb,2026-06-03T16:38:27
DESKTOP-0OFMVDC_x1,secondary_85_15_85,2026-02-05 09:09:55,13512,13602,13611,1,0.8990796524596469,hgb,2026-06-03T16:38:27
DESKTOP-0OFMVDC_x1,secondary_85_15_85,2026-02-07 12:55:29,13611,14245,14248,1,0.8978241796126174,hgb,2026-06-03T16:38:27
DESKTOP-2OI6HV8_jnunez5,primary_80_20_80,2024-06-04 15:27:54,29,56,61,1,0.7888544482791273,hgb,2026-06-03T16:38:27
DESKTOP-65B5D4E_Mark,strict_90_10_90,2023-10-13 12:56:13,9313,10476,10482,1,0.4226122107353724,hgb,2026-06-03T16:38:27
DESKTOP-65B5D4E_Mark,primary_80_20_80,2023-10-13 12:26:13,9312,10475,10481,1,0.6879779505816247,hgb,2026-06-03T16:38:27
DESKTOP-65B5D4E_Mark,secondary_85_15_85,2023-10-13 12:56:13,9313,10475,10481,1,0.41456838404788265,hgb,2026-06-03T16:38:27
DESKTOP-EP8TDGT_nmadhani,primary_80_20_80,2024-07-31 07:54:25,0,33,41,1,0.9683834358884061,hgb,2026-06-03T16:38:27
DHERRING1-6KYF4_dherring1,primary_80_20_80,2026-05-06 11:18:49,90,107,111,1,0.9538783842965415,hgb,2026-06-03T16:38:27
DHERRING1-6KYF4_dherring1,secondary_85_15_85,2026-05-06 11:18:49,90,108,113,1,0.9038624622580632,hgb,2026-06-03T16:38:27
DKUNTTU-F4JTB5W_dkunttu,strict_90_10_90,2024-10-03 10:26:07,13193,13199,13207,1,0.5284192950552599,hgb,2026-06-03T16:38:27
DKUNTTU-F4JTB5W_dkunttu,primary_80_20_80,2024-10-03 10:26:07,13193,13199,13206,1,0.5045658447862669,hgb,2026-06-03T16:38:27
DKUNTTU-F4JTB5W_dkunttu,secondary_85_15_85,2024-10-03 10:26:07,13193,13199,13206,1,0.5045658447862669,hgb,2026-06-03T16:38:27
DKUNTTU-F4ML5R6_dkunttu,primary_80_20_80,2024-02-27 08:30:25,2547,2866,2878,1,0.9382468907469058,hgb,2026-06-03T16:38:27
DKUNTTU-W0CXCFB_dkunttu,strict_90_10_90,2024-09-10 08:24:38,355,367,377,1,0.9789492092566411,hgb,2026-06-03T16:38:27
DKUNTTU-W0CXCFB_dkunttu,strict_90_10_90,2024-09-10 16:04:23,377,439,440,1,0.9836764739744461,hgb,2026-06-03T16:38:27
DKUNTTU-W0CXCFB_dkunttu,primary_80_20_80,2024-09-10 08:24:38,355,366,377,1,0.9244116353935591,hgb,2026-06-03T16:38:27
DKUNTTU-W0CXCFB_dkunttu,primary_80_20_80,2024-09-10 16:04:23,377,439,440,1,0.9849783451019208,hgb,2026-06-03T16:38:27
DKUNTTU-W0CXCFB_dkunttu,secondary_85_15_85,2024-09-10 08:24:38,355,367,377,1,0.9806206723643545,hgb,2026-06-03T16:38:27
DKUNTTU-W0CXCFB_dkunttu,secondary_85_15_85,2024-09-10 16:04:23,377,439,440,1,0.9849783451019208,hgb,2026-06-03T16:38:27
DONGQZ-PF4RM5MZ_dongqz,strict_90_10_90,2024-02-15 15:18:49,174,185,188,1,0.9465985144556832,hgb,2026-06-03T16:38:27
DONGQZ-PF4RM5MZ_dongqz,strict_90_10_90,2024-03-18 14:34:22,623,679,687,1,0.9412667372661564,hgb,2026-06-03T16:38:27
DONGQZ-PF4RM5MZ_dongqz,strict_90_10_90,2024-03-20 13:45:04,687,693,700,1,0.9366030030401568,hgb,2026-06-03T16:38:27
DONGQZ-PF4RM5MZ_dongqz,primary_80_20_80,2024-02-15 15:18:49,174,179,188,1,0.8260137951631844,hgb,2026-06-03T16:38:27
DONGQZ-PF4RM5MZ_dongqz,primary_80_20_80,2024-03-18 14:11:25,622,678,686,1,0.8784525970018398,hgb,2026-06-03T16:38:27
DONGQZ-PF4RM5MZ_dongqz,primary_80_20_80,2024-03-20 13:15:04,686,693,700,1,0.9326079235893773,hgb,2026-06-03T16:38:27
DONGQZ-PF4RM5MZ_dongqz,secondary_85_15_85,2024-02-15 15:18:49,174,185,188,1,0.9465985144556832,hgb,2026-06-03T16:38:27
DONGQZ-PF4RM5MZ_dongqz,secondary_85_15_85,2024-03-18 14:11:25,622,678,686,1,0.8784525970018398,hgb,2026-06-03T16:38:27
DONGQZ-PF4RM5MZ_dongqz,secondary_85_15_85,2024-03-20 13:15:04,686,693,700,1,0.9326079235893773,hgb,2026-06-03T16:38:27
DRUBRIGHT-EHFA6_drubright,primary_80_20_80,2023-09-08 00:22:24,8,59,73,1,0.9356230464615317,hgb,2026-06-03T16:38:27
DRUBRIGHT-EHFA6_drubright,primary_80_20_80,2023-09-11 11:12:51,73,290,293,1,0.9753623761483464,hgb,2026-06-03T16:38:27
DRUBRIGHT-EHFA6_drubright,primary_80_20_80,2023-10-11 13:46:38,859,895,900,1,0.9677719602866421,hgb,2026-06-03T16:38:27
DRUBRIGHT-EHFA6_drubright,primary_80_20_80,2023-10-12 21:12:07,900,1075,1077,1,0.9702236069296633,hgb,2026-06-03T16:38:27
DRUBRIGHT-EHFA6_drubright,primary_80_20_80,2023-11-30 07:19:08,2117,2144,2153,1,0.9260692078214048,hgb,2026-06-03T16:38:27
DRUBRIGHT-EHFA6_drubright,primary_80_20_80,2023-12-05 17:40:26,2271,2510,2513,1,0.7893086921791437,hgb,2026-06-03T16:38:27
DRUBRIGHT-N1GRS_drubright,primary_80_20_80,2023-12-20 08:06:45,119,195,198,1,0.9371450684436191,hgb,2026-06-03T16:38:27
DRUBRIGHT-NXE61_drubright,strict_90_10_90,2024-01-12 17:20:55,9,268,275,1,0.9272789810704504,hgb,2026-06-03T16:38:27
DRUBRIGHT-NXE61_drubright,strict_90_10_90,2024-01-24 10:48:56,275,291,307,1,0.9745631486652347,hgb,2026-06-03T16:38:27
DRUBRIGHT-NXE61_drubright,strict_90_10_90,2024-01-25 13:48:43,307,435,439,1,0.9717325775154401,hgb,2026-06-03T16:38:27
DRUBRIGHT-NXE61_drubright,strict_90_10_90,2024-04-16 11:01:13,2487,2556,2561,1,0.8907419121219429,hgb,2026-06-03T16:38:27
DRUBRIGHT-NXE61_drubright,primary_80_20_80,2024-01-12 12:38:00,0,19,24,1,0.8740879918726341,hgb,2026-06-03T16:38:27
DRUBRIGHT-NXE61_drubright,primary_80_20_80,2024-01-13 18:43:04,24,37,39,1,0.8922502757659756,hgb,2026-06-03T16:38:27
DRUBRIGHT-NXE61_drubright,primary_80_20_80,2024-01-14 18:55:36,39,267,274,1,0.983536103818727,hgb,2026-06-03T16:38:27
DRUBRIGHT-NXE61_drubright,primary_80_20_80,2024-01-24 10:18:55,274,291,306,1,0.9677694556128067,hgb,2026-06-03T16:38:27
DRUBRIGHT-NXE61_drubright,primary_80_20_80,2024-01-25 13:18:43,306,435,439,1,0.9700052674149044,hgb,2026-06-03T16:38:27
DRUBRIGHT-NXE61_drubright,primary_80_20_80,2024-01-29 05:48:19,439,468,478,1,0.9354583731933,hgb,2026-06-03T16:38:27
DRUBRIGHT-NXE61_drubright,primary_80_20_80,2024-02-05 16:17:18,649,760,795,1,0.9640574138675118,hgb,2026-06-03T16:38:27
DRUBRIGHT-NXE61_drubright,primary_80_20_80,2024-04-16 10:31:13,2486,2553,2561,1,0.8046411421632909,hgb,2026-06-03T16:38:27
DRUBRIGHT-NXE61_drubright,primary_80_20_80,2024-05-07 08:56:27,2999,3026,3032,1,0.8325250261217553,hgb,2026-06-03T16:38:27
DRUBRIGHT-NXE61_drubright,secondary_85_15_85,2024-01-12 12:38:00,0,20,24,1,0.9659955933377651,hgb,2026-06-03T16:38:27
DRUBRIGHT-NXE61_drubright,secondary_85_15_85,2024-01-13 18:43:04,24,267,275,1,0.8926844033986384,hgb,2026-06-03T16:38:27
DRUBRIGHT-NXE61_drubright,secondary_85_15_85,2024-01-24 10:48:56,275,291,306,1,0.9745720439622435,hgb,2026-06-03T16:38:27
DRUBRIGHT-NXE61_drubright,secondary_85_15_85,2024-01-25 13:18:43,306,435,439,1,0.9700052674149044,hgb,2026-06-03T16:38:27
DRUBRIGHT-NXE61_drubright,secondary_85_15_85,2024-04-16 10:31:13,2486,2556,2561,1,0.8688766489880969,hgb,2026-06-03T16:38:27
EB16034-F2RY6ZG_eb16034,primary_80_20_80,2024-12-24 10:40:47,10908,10943,10948,0,0.0497367744780789,hgb,2026-06-03T16:38:27
EB16034-F2RY6ZG_eb16034,primary_80_20_80,2025-02-13 10:08:48,11660,11666,11673,0,0.4447439316133212,hgb,2026-06-03T16:38:27
EB16034-F2RY6ZG_eb16034,secondary_85_15_85,2024-12-24 10:40:47,10908,10944,10948,0,0.0497367744780789,hgb,2026-06-03T16:38:27
EB16034-F2RY6ZG_eb16034,secondary_85_15_85,2025-02-13 10:08:48,11660,11667,11673,0,0.46754862149300247,hgb,2026-06-03T16:38:27
EB16034-F4414Y8_eb16034,strict_90_10_90,2023-08-01 11:48:19,1431,1497,1520,0,0.33719227054857404,hgb,2026-06-03T16:38:27
EB16034-F4414Y8_eb16034,strict_90_10_90,2023-08-02 15:44:28,1520,1610,1616,0,0.45858162914326617,hgb,2026-06-03T16:38:27
EB16034-F4414Y8_eb16034,primary_80_20_80,2023-08-01 11:39:52,1429,1494,1520,0,0.15182187538669553,hgb,2026-06-03T16:38:27
EB16034-F4414Y8_eb16034,primary_80_20_80,2023-08-02 15:44:28,1520,1607,1616,0,0.2565161671879144,hgb,2026-06-03T16:38:27
EB16034-F4414Y8_eb16034,secondary_85_15_85,2023-08-01 11:39:52,1429,1496,1520,0,0.14426265339650082,hgb,2026-06-03T16:38:27
EB16034-F4414Y8_eb16034,secondary_85_15_85,2023-08-02 15:44:28,1520,1609,1616,0,0.2565161671879144,hgb,2026-06-03T16:38:27
EBUCHHOLZ-HKD6N_ebuchholz,primary_80_20_80,2025-07-27 20:10:34,701,711,717,1,0.9793026743936171,hgb,2026-06-03T16:38:27
EBUCHHOLZ-HKD6N_ebuchholz,primary_80_20_80,2025-07-28 20:35:57,717,764,770,1,0.9882756267102063,hgb,2026-06-03T16:38:27
EMOURA3-W0A2BQE_emoura3,strict_90_10_90,2024-03-26 16:16:35,0,50,55,1,0.9741175455996242,hgb,2026-06-03T16:38:27
EMOURA3-W0A2BQE_emoura3,strict_90_10_90,2024-03-28 15:18:06,55,75,78,1,0.8572569064162621,hgb,2026-06-03T16:38:27
EMOURA3-W0A2BQE_emoura3,strict_90_10_90,2024-06-10 22:39:59,1504,1569,1575,1,0.9969237546133384,hgb,2026-06-03T16:38:27
EMOURA3-W0A2BQE_emoura3,primary_80_20_80,2024-03-26 16:16:35,0,11,14,1,0.958948726785512,hgb,2026-06-03T16:38:27
EMOURA3-W0A2BQE_emoura3,primary_80_20_80,2024-03-27 10:14:53,14,49,55,1,0.8979526560060846,hgb,2026-06-03T16:38:27
EMOURA3-W0A2BQE_emoura3,primary_80_20_80,2024-03-28 15:18:06,55,74,78,1,0.8450179683148169,hgb,2026-06-03T16:38:27
EMOURA3-W0A2BQE_emoura3,primary_80_20_80,2024-06-10 22:09:59,1503,1569,1575,1,0.9708074280550579,hgb,2026-06-03T16:38:27
EMOURA3-W0A2BQE_emoura3,secondary_85_15_85,2024-03-26 16:16:35,0,11,14,1,0.958948726785512,hgb,2026-06-03T16:38:27
EMOURA3-W0A2BQE_emoura3,secondary_85_15_85,2024-03-27 10:14:53,14,50,55,1,0.9380413160917143,hgb,2026-06-03T16:38:27
EMOURA3-W0A2BQE_emoura3,secondary_85_15_85,2024-03-28 15:18:06,55,74,78,1,0.8450179683148169,hgb,2026-06-03T16:38:27
EMOURA3-W0A2BQE_emoura3,secondary_85_15_85,2024-06-10 22:39:59,1504,1569,1575,1,0.9969237546133384,hgb,2026-06-03T16:38:27
ENOZAKI1-38LRB0_enozaki1,strict_90_10_90,2023-02-06 12:56:49,11,75,96,1,0.9505581947455608,hgb,2026-06-03T16:38:27
ENOZAKI1-38LRB0_enozaki1,primary_80_20_80,2023-02-05 11:01:33,0,74,95,1,0.9450448947139957,hgb,2026-06-03T16:38:27
ENOZAKI1-38LRB0_enozaki1,primary_80_20_80,2023-04-20 13:05:05,1460,1498,1508,1,0.9729580304989425,hgb,2026-06-03T16:38:27
ENOZAKI1-38LRB0_enozaki1,primary_80_20_80,2023-05-10 21:49:20,1766,1805,1836,1,0.9519671996056921,hgb,2026-06-03T16:38:27
ENOZAKI1-38LRB0_enozaki1,primary_80_20_80,2023-06-14 12:51:53,2454,2520,2526,1,0.8154561112661605,hgb,2026-06-03T16:38:27
ENOZAKI1-38LRB0_enozaki1,primary_80_20_80,2024-02-14 12:46:27,7099,7141,7170,1,0.7807018555199984,hgb,2026-06-03T16:38:27
ENOZAKI1-38LRB0_enozaki1,primary_80_20_80,2024-04-23 22:19:58,8804,8866,8888,1,0.8900500436304346,hgb,2026-06-03T16:38:27
ENOZAKI1-38LRB0_enozaki1,secondary_85_15_85,2023-02-05 11:01:33,0,74,96,1,0.9314816445229683,hgb,2026-06-03T16:38:27
ESHORT_L13,primary_80_20_80,2023-03-30 07:32:08,62,83,86,1,0.9756852928625233,hgb,2026-06-03T16:38:27
ESHORT_L13,primary_80_20_80,2023-04-04 17:43:08,144,154,159,1,0.9764264033197848,hgb,2026-06-03T16:38:27
ESHORT_L13,primary_80_20_80,2023-04-10 12:30:16,213,222,229,1,0.9576240670980151,hgb,2026-06-03T16:38:27
ESHORT_L13,primary_80_20_80,2023-04-24 10:36:51,372,397,401,1,0.97959070547463,hgb,2026-06-03T16:38:27
ESHORT_L13,primary_80_20_80,2023-05-31 14:21:17,877,887,888,1,0.9950427807281675,hgb,2026-06-03T16:38:27
ESHORT_L13,primary_80_20_80,2023-07-06 09:00:10,1364,1394,1398,1,0.9929151250297872,hgb,2026-06-03T16:38:27
ESHORT_L13,primary_80_20_80,2023-07-25 10:17:32,1678,1691,1694,1,0.9715399310258154,hgb,2026-06-03T16:38:27
ESHORT_L13,primary_80_20_80,2023-10-02 13:36:38,2672,2689,2692,1,0.9963953478922208,hgb,2026-06-03T16:38:27
ETURNER-F54Q6Z0_eturner,strict_90_10_90,2025-03-18 10:24:36,2387,2397,2402,1,0.9982777873675068,hgb,2026-06-03T16:38:27
ETURNER-F54Q6Z0_eturner,strict_90_10_90,2025-04-16 10:24:14,2638,2666,2673,1,0.9878581623749297,hgb,2026-06-03T16:38:27
ETURNER-F54Q6Z0_eturner,primary_80_20_80,2025-02-16 20:45:23,1795,1856,1867,1,0.9932195294847596,hgb,2026-06-03T16:38:27
ETURNER-F54Q6Z0_eturner,primary_80_20_80,2025-03-18 10:24:36,2387,2397,2402,1,0.9982777873675068,hgb,2026-06-03T16:38:27
ETURNER-F54Q6Z0_eturner,primary_80_20_80,2025-04-16 09:54:14,2637,2664,2672,1,0.991812491180336,hgb,2026-06-03T16:38:27
ETURNER-F54Q6Z0_eturner,secondary_85_15_85,2025-03-18 10:24:36,2387,2397,2402,1,0.9982777873675068,hgb,2026-06-03T16:38:27
ETURNER-F54Q6Z0_eturner,secondary_85_15_85,2025-04-16 09:54:14,2637,2665,2673,1,0.9928155027681694,hgb,2026-06-03T16:38:27
FBOWER-PF5PJKZL_fbower,primary_80_20_80,2025-10-24 09:06:29,457,715,718,1,0.9791948309289562,hgb,2026-06-03T16:38:27
FORIPF_radac,strict_90_10_90,2024-12-08 00:00:55,1299,1314,1320,1,0.946536739362739,hgb,2026-06-03T16:38:27
FORIPF_radac,strict_90_10_90,2025-05-28 19:45:29,1841,1854,1860,1,0.9636118736132417,hgb,2026-06-03T16:38:27
FORIPF_radac,strict_90_10_90,2025-06-10 15:10:55,1927,1965,1971,1,0.9291138560709284,hgb,2026-06-03T16:38:27
FORIPF_radac,primary_80_20_80,2024-12-08 00:00:55,1299,1312,1320,1,0.9142613466553361,hgb,2026-06-03T16:38:27
FORIPF_radac,primary_80_20_80,2025-05-28 19:45:29,1841,1853,1859,1,0.9408266088280329,hgb,2026-06-03T16:38:27
FORIPF_radac,primary_80_20_80,2025-06-04 14:07:15,1882,1893,1898,1,0.9600914790258186,hgb,2026-06-03T16:38:27
FORIPF_radac,primary_80_20_80,2025-06-10 15:10:55,1927,1963,1970,1,0.9148589233348936,hgb,2026-06-03T16:38:27
FORIPF_radac,primary_80_20_80,2025-06-13 11:41:29,1970,2032,2057,1,0.9215787804657362,hgb,2026-06-03T16:38:27
FORIPF_radac,primary_80_20_80,2025-09-05 11:14:55,2526,2538,2544,1,0.9753352085635011,hgb,2026-06-03T16:38:27
FORIPF_radac,primary_80_20_80,2025-11-07 23:29:40,3134,3145,3147,1,0.9351650497888119,hgb,2026-06-03T16:38:27
FORIPF_radac,secondary_85_15_85,2024-12-08 00:00:55,1299,1314,1320,1,0.9506520666102763,hgb,2026-06-03T16:38:27
FORIPF_radac,secondary_85_15_85,2025-05-28 19:45:29,1841,1853,1860,1,0.95400766593678,hgb,2026-06-03T16:38:27
FORIPF_radac,secondary_85_15_85,2025-06-04 14:10:16,1883,1893,1898,1,0.9624600327499161,hgb,2026-06-03T16:38:27
FORIPF_radac,secondary_85_15_85,2025-06-10 15:10:55,1927,1965,1970,1,0.9303276337168493,hgb,2026-06-03T16:38:27
FTEK-PW09S10C_ftek,strict_90_10_90,2024-04-08 12:53:59,794,817,821,1,0.9994030590079442,hgb,2026-06-03T16:38:27
FTEK-PW09S10C_ftek,primary_80_20_80,2024-04-08 12:53:59,794,816,821,1,0.9989631756835198,hgb,2026-06-03T16:38:27
FTEK-PW09S10C_ftek,secondary_85_15_85,2024-04-08 12:53:59,794,817,821,1,0.9994030590079442,hgb,2026-06-03T16:38:27
GGILLETT-5D9MVD_ggillett,primary_80_20_80,2025-08-26 07:39:03,2852,2893,2895,1,0.8654177481030918,hgb,2026-06-03T16:38:27
GHIROSE-F453D0C_ghirose,strict_90_10_90,2023-08-31 23:29:20,2927,2996,3030,1,0.9630448860663638,hgb,2026-06-03T16:38:27
GHIROSE-F453D0C_ghirose,primary_80_20_80,2023-07-15 23:21:53,1941,1952,1955,1,0.9637147304268755,hgb,2026-06-03T16:38:27
GHIROSE-F453D0C_ghirose,primary_80_20_80,2023-07-16 23:26:42,1955,2141,2145,1,0.9906199652707657,hgb,2026-06-03T16:38:27
GHIROSE-F453D0C_ghirose,primary_80_20_80,2023-07-23 12:47:13,2145,2157,2160,1,0.9389409106308977,hgb,2026-06-03T16:38:27
GHIROSE-F453D0C_ghirose,primary_80_20_80,2023-07-23 23:11:28,2160,2201,2204,1,0.9746065992697622,hgb,2026-06-03T16:38:27
GHIROSE-F453D0C_ghirose,primary_80_20_80,2023-07-25 08:45:45,2204,2238,2242,1,0.9655897771689252,hgb,2026-06-03T16:38:27
GHIROSE-F453D0C_ghirose,primary_80_20_80,2023-07-26 09:57:00,2242,2316,2319,1,0.972528260312362,hgb,2026-06-03T16:38:27
GHIROSE-F453D0C_ghirose,primary_80_20_80,2023-08-31 23:29:20,2927,2995,3000,1,0.9510373934506843,hgb,2026-06-03T16:38:27
GHIROSE-F453D0C_ghirose,primary_80_20_80,2023-11-26 20:47:17,4869,4939,4950,1,0.9857661275199884,hgb,2026-06-03T16:38:27
GHIROSE-F453D0C_ghirose,primary_80_20_80,2023-11-28 18:47:43,4950,5058,5063,1,0.9949666629152488,hgb,2026-06-03T16:38:27
GHIROSE-F453D0C_ghirose,primary_80_20_80,2023-12-07 10:36:04,5197,5260,5264,1,0.9899652291632437,hgb,2026-06-03T16:38:27
GHIROSE-F453D0C_ghirose,primary_80_20_80,2023-12-13 14:14:09,5318,5325,5326,1,0.9932064223619039,hgb,2026-06-03T16:38:27
GHIROSE-F453D0C_ghirose,primary_80_20_80,2023-12-14 00:04:41,5326,5353,5359,1,0.9827341575005801,hgb,2026-06-03T16:38:27
GHIROSE-F453D0C_ghirose,primary_80_20_80,2024-03-30 23:52:58,7585,7715,7721,1,0.989866893876972,hgb,2026-06-03T16:38:27
GHIROSE-F453D0C_ghirose,primary_80_20_80,2024-10-30 15:58:09,11794,11808,11818,1,0.990660163362241,hgb,2026-06-03T16:38:27
GHIROSE-F453D0C_ghirose,secondary_85_15_85,2023-07-16 23:26:42,1955,2141,2163,1,0.9935935279395223,hgb,2026-06-03T16:38:27
GHIROSE-F453D0C_ghirose,secondary_85_15_85,2023-07-23 23:41:28,2163,2201,2204,1,0.9583360005349301,hgb,2026-06-03T16:38:27
GHIROSE-F453D0C_ghirose,secondary_85_15_85,2023-07-25 08:45:45,2204,2238,2242,1,0.9655897771689252,hgb,2026-06-03T16:38:27
GHIROSE-F453D0C_ghirose,secondary_85_15_85,2023-07-26 09:57:00,2242,2317,2324,1,0.9626003380929351,hgb,2026-06-03T16:38:27
GHIROSE-F453D0C_ghirose,secondary_85_15_85,2023-08-31 23:29:20,2927,2996,3030,1,0.9630448860663638,hgb,2026-06-03T16:38:27
GHIROSE-F453D0C_ghirose,secondary_85_15_85,2023-11-26 21:17:17,4870,4939,4950,1,0.9897070561014624,hgb,2026-06-03T16:38:27
GHIROSE-F453D0C_ghirose,secondary_85_15_85,2023-12-13 14:14:09,5318,5325,5326,1,0.9932064223619039,hgb,2026-06-03T16:38:27
GHIROSE-F453D0C_ghirose,secondary_85_15_85,2023-12-14 00:04:41,5326,5353,5359,1,0.9827341575005801,hgb,2026-06-03T16:38:27
GHOOGAR-F3KPQQX_ghoogar,primary_80_20_80,2023-11-27 12:03:35,1259,1267,1271,0,0.16692056268486366,hgb,2026-06-03T16:38:27
GHOOGAR-F3KPQQX_ghoogar,primary_80_20_80,2023-11-28 13:41:05,1271,1284,1292,0,0.14369683905152492,hgb,2026-06-03T16:38:27
GKONDO-PF4RM5PL_gkondo,strict_90_10_90,2024-07-30 21:33:30,2924,2940,2948,1,0.9638412907567925,hgb,2026-06-03T16:38:27
GKONDO-PF4RM5PL_gkondo,strict_90_10_90,2024-08-05 11:02:29,3041,3063,3098,1,0.9221318623256302,hgb,2026-06-03T16:38:27
GKONDO-PF4RM5PL_gkondo,primary_80_20_80,2024-07-30 21:03:30,2923,2939,2947,1,0.9464979697316797,hgb,2026-06-03T16:38:27
GKONDO-PF4RM5PL_gkondo,primary_80_20_80,2024-08-05 11:02:29,3041,3062,3078,1,0.8641145613901438,hgb,2026-06-03T16:38:27
GKONDO-PF4RM5PL_gkondo,primary_80_20_80,2024-08-06 10:54:28,3078,3085,3097,1,0.9618065439771543,hgb,2026-06-03T16:38:27
GKONDO-PF4RM5PL_gkondo,secondary_85_15_85,2024-07-30 21:33:30,2924,2940,2948,1,0.9638412907567925,hgb,2026-06-03T16:38:27
GKONDO-PF4RM5PL_gkondo,secondary_85_15_85,2024-08-05 11:02:29,3041,3063,3098,1,0.9221318623256302,hgb,2026-06-03T16:38:27
GKONDOXPF3TRKJD_gkondo,strict_90_10_90,2023-03-01 13:02:49,264,281,288,0,0.05245962728581785,hgb,2026-06-03T16:38:27
GKONDOXPF3TRKJD_gkondo,strict_90_10_90,2023-05-10 11:24:23,1278,1288,1293,0,0.7910578950040809,hgb,2026-06-03T16:38:27
GKONDOXPF3TRKJD_gkondo,strict_90_10_90,2023-11-01 14:54:00,4401,4423,4444,0,0.7572199139462702,hgb,2026-06-03T16:38:27
GKONDOXPF3TRKJD_gkondo,strict_90_10_90,2023-11-16 13:29:53,4631,4651,4657,0,0.21742793673510494,hgb,2026-06-03T16:38:27
GKONDOXPF3TRKJD_gkondo,strict_90_10_90,2023-12-04 14:57:06,4880,4886,4892,1,0.0916725146403139,hgb,2026-06-03T16:38:27
GKONDOXPF3TRKJD_gkondo,strict_90_10_90,2023-12-07 16:17:22,4967,4979,4987,0,0.9742659662724859,hgb,2026-06-03T16:38:27
GKONDOXPF3TRKJD_gkondo,strict_90_10_90,2024-09-11 12:44:25,8055,8095,8107,0,0.06267243035488465,hgb,2026-06-03T16:38:27
GKONDOXPF3TRKJD_gkondo,strict_90_10_90,2024-09-12 13:58:52,8107,8203,8206,0,0.15232362053403847,hgb,2026-06-03T16:38:27
GKONDOXPF3TRKJD_gkondo,strict_90_10_90,2024-09-24 11:36:43,8411,8439,8447,0,0.1666206117986443,hgb,2026-06-03T16:38:27
GKONDOXPF3TRKJD_gkondo,strict_90_10_90,2024-09-30 14:17:56,8551,8566,8579,0,0.4601974274083646,hgb,2026-06-03T16:38:27
GKONDOXPF3TRKJD_gkondo,strict_90_10_90,2024-10-01 07:52:54,8579,8622,8636,0,0.4032926912592119,hgb,2026-06-03T16:38:27
GKONDOXPF3TRKJD_gkondo,strict_90_10_90,2025-01-18 12:07:27,9803,9818,9822,1,0.2782317394296426,hgb,2026-06-03T16:38:27
GKONDOXPF3TRKJD_gkondo,strict_90_10_90,2025-03-04 14:18:48,10466,10533,10543,1,0.12296719592876637,hgb,2026-06-03T16:38:27
GKONDOXPF3TRKJD_gkondo,strict_90_10_90,2025-03-31 10:44:23,11085,11170,11176,1,0.373120167815335,hgb,2026-06-03T16:38:27
GKONDOXPF3TRKJD_gkondo,strict_90_10_90,2025-04-02 11:10:43,11176,11207,11215,1,0.48898320462431494,hgb,2026-06-03T16:38:27
GKONDOXPF3TRKJD_gkondo,strict_90_10_90,2025-06-12 09:38:30,11669,11713,11724,1,0.28677427677005707,hgb,2026-06-03T16:38:27
GKONDOXPF3TRKJD_gkondo,strict_90_10_90,2025-10-02 11:07:14,12197,12225,12230,1,0.12490988457180902,hgb,2026-06-03T16:38:27
GKONDOXPF3TRKJD_gkondo,strict_90_10_90,2025-11-12 09:55:35,12594,12611,12617,1,0.1011033682938808,hgb,2026-06-03T16:38:27
GKONDOXPF3TRKJD_gkondo,strict_90_10_90,2025-12-19 11:16:30,12736,12755,12763,1,0.022847077231612216,hgb,2026-06-03T16:38:27
GKONDOXPF3TRKJD_gkondo,strict_90_10_90,2025-12-23 09:55:32,12811,12845,12853,1,0.252006903263762,hgb,2026-06-03T16:38:27
GKONDOXPF3TRKJD_gkondo,strict_90_10_90,2026-05-06 07:02:52,13688,13830,13836,0,0.2936653039097565,hgb,2026-06-03T16:38:27
GKONDOXPF3TRKJD_gkondo,primary_80_20_80,2023-02-09 12:02:17,81,87,90,0,0.2179602025820443,hgb,2026-06-03T16:38:27
GKONDOXPF3TRKJD_gkondo,primary_80_20_80,2023-02-28 12:12:20,240,248,251,0,0.02919489288626155,hgb,2026-06-03T16:38:27
GKONDOXPF3TRKJD_gkondo,primary_80_20_80,2023-03-01 12:19:44,263,279,286,0,0.0431939633755372,hgb,2026-06-03T16:38:27
GKONDOXPF3TRKJD_gkondo,primary_80_20_80,2023-04-28 21:08:29,1204,1208,1211,0,0.04754517767939572,hgb,2026-06-03T16:38:27
GKONDOXPF3TRKJD_gkondo,primary_80_20_80,2023-05-10 11:24:23,1278,1287,1293,0,0.7958280586959713,hgb,2026-06-03T16:38:27
GKONDOXPF3TRKJD_gkondo,primary_80_20_80,2023-05-26 12:01:22,1488,1494,1498,0,0.0548764920713128,hgb,2026-06-03T16:38:27
GKONDOXPF3TRKJD_gkondo,primary_80_20_80,2023-07-05 13:20:05,2158,2166,2203,0,0.4572826953075105,hgb,2026-06-03T16:38:27
GKONDOXPF3TRKJD_gkondo,primary_80_20_80,2023-07-12 11:30:21,2307,2327,2331,0,0.08413772613514994,hgb,2026-06-03T16:38:27
GKONDOXPF3TRKJD_gkondo,primary_80_20_80,2023-09-20 08:34:04,3373,3481,3526,1,0.0881951215082931,hgb,2026-06-03T16:38:27
GKONDOXPF3TRKJD_gkondo,primary_80_20_80,2023-09-26 08:54:50,3699,3728,3742,0,0.7208791137584996,hgb,2026-06-03T16:38:27
GKONDOXPF3TRKJD_gkondo,primary_80_20_80,2023-09-27 11:00:23,3742,3780,3782,0,0.16634669583366013,hgb,2026-06-03T16:38:27
GKONDOXPF3TRKJD_gkondo,primary_80_20_80,2023-09-28 16:32:04,3782,3809,3812,0,0.24220682184937647,hgb,2026-06-03T16:38:27
GKONDOXPF3TRKJD_gkondo,primary_80_20_80,2023-10-02 09:38:01,3827,3848,3853,0,0.11479576046922266,hgb,2026-06-03T16:38:27
GKONDOXPF3TRKJD_gkondo,primary_80_20_80,2023-10-30 11:20:34,4312,4323,4325,0,0.7824914076655582,hgb,2026-06-03T16:38:27
GKONDOXPF3TRKJD_gkondo,primary_80_20_80,2023-11-01 14:54:00,4401,4421,4444,0,0.6507413862677655,hgb,2026-06-03T16:38:27
GKONDOXPF3TRKJD_gkondo,primary_80_20_80,2023-11-16 12:49:46,4628,4650,4656,0,0.11819434337310623,hgb,2026-06-03T16:38:27
GKONDOXPF3TRKJD_gkondo,primary_80_20_80,2023-11-30 10:39:22,4808,4824,4832,0,0.11368002329101876,hgb,2026-06-03T16:38:27
GKONDOXPF3TRKJD_gkondo,primary_80_20_80,2023-12-01 04:58:21,4832,4842,4845,0,0.046035525861847566,hgb,2026-06-03T16:38:27
GKONDOXPF3TRKJD_gkondo,primary_80_20_80,2023-12-01 12:25:47,4845,4854,4859,0,0.027564418190033805,hgb,2026-06-03T16:38:27
GKONDOXPF3TRKJD_gkondo,primary_80_20_80,2023-12-04 14:57:06,4880,4885,4892,1,0.05668690382595333,hgb,2026-06-03T16:38:27
GKONDOXPF3TRKJD_gkondo,primary_80_20_80,2023-12-04 23:06:24,4892,4896,4904,1,0.06472606012722418,hgb,2026-06-03T16:38:27
GKONDOXPF3TRKJD_gkondo,primary_80_20_80,2023-12-06 15:04:34,4934,4957,4966,1,0.0410238955868843,hgb,2026-06-03T16:38:27
GKONDOXPF3TRKJD_gkondo,primary_80_20_80,2023-12-07 15:47:22,4966,4972,4986,0,0.9365166477367923,hgb,2026-06-03T16:38:27
GKONDOXPF3TRKJD_gkondo,primary_80_20_80,2024-02-01 10:15:03,5828,5891,5903,0,0.04885771767603535,hgb,2026-06-03T16:38:27
GKONDOXPF3TRKJD_gkondo,primary_80_20_80,2024-02-09 10:25:13,5993,5999,6007,0,0.06468332758843494,hgb,2026-06-03T16:38:27
GKONDOXPF3TRKJD_gkondo,primary_80_20_80,2024-03-06 14:34:08,6433,6481,6488,0,0.16567004526168222,hgb,2026-06-03T16:38:27
GKONDOXPF3TRKJD_gkondo,primary_80_20_80,2024-03-11 09:12:13,6507,6527,6529,1,0.16831836791792495,hgb,2026-06-03T16:38:27
GKONDOXPF3TRKJD_gkondo,primary_80_20_80,2024-03-14 13:52:26,6587,6637,6643,0,0.5768313338908135,hgb,2026-06-03T16:38:27
GKONDOXPF3TRKJD_gkondo,primary_80_20_80,2024-03-22 11:11:21,6753,6773,6777,0,0.045771341588482374,hgb,2026-06-03T16:38:27
GKONDOXPF3TRKJD_gkondo,primary_80_20_80,2024-09-11 12:26:18,8052,8093,8107,0,0.06676700188734008,hgb,2026-06-03T16:38:27
GKONDOXPF3TRKJD_gkondo,primary_80_20_80,2024-09-12 13:58:52,8107,8203,8206,0,0.15232362053403847,hgb,2026-06-03T16:38:27
GKONDOXPF3TRKJD_gkondo,primary_80_20_80,2024-09-24 11:36:43,8411,8438,8447,0,0.13659856816343133,hgb,2026-06-03T16:38:27
GKONDOXPF3TRKJD_gkondo,primary_80_20_80,2024-09-30 14:17:56,8551,8565,8578,0,0.18923483972601074,hgb,2026-06-03T16:38:27
GKONDOXPF3TRKJD_gkondo,primary_80_20_80,2024-10-01 07:30:57,8578,8622,8629,0,0.28753767030253546,hgb,2026-06-03T16:38:27
GKONDOXPF3TRKJD_gkondo,primary_80_20_80,2025-01-18 11:37:27,9802,9818,9821,1,0.24566222967423867,hgb,2026-06-03T16:38:27
GKONDOXPF3TRKJD_gkondo,primary_80_20_80,2025-03-04 13:48:48,10465,10531,10543,1,0.10255039788074427,hgb,2026-06-03T16:38:27
GKONDOXPF3TRKJD_gkondo,primary_80_20_80,2025-03-31 10:44:23,11085,11169,11176,1,0.22121727946771688,hgb,2026-06-03T16:38:27
GKONDOXPF3TRKJD_gkondo,primary_80_20_80,2025-04-02 11:10:43,11176,11204,11215,1,0.37726931260419305,hgb,2026-06-03T16:38:27
GKONDOXPF3TRKJD_gkondo,primary_80_20_80,2025-05-28 17:14:37,11418,11427,11435,0,0.10170516796936067,hgb,2026-06-03T16:38:27
GKONDOXPF3TRKJD_gkondo,primary_80_20_80,2025-06-12 09:38:30,11669,11711,11724,1,0.2413730906325735,hgb,2026-06-03T16:38:27
GKONDOXPF3TRKJD_gkondo,primary_80_20_80,2025-10-02 11:07:14,12197,12222,12230,1,0.10629277182131323,hgb,2026-06-03T16:38:27
GKONDOXPF3TRKJD_gkondo,primary_80_20_80,2025-11-12 09:55:35,12594,12610,12617,1,0.04847161514728661,hgb,2026-06-03T16:38:27
GKONDOXPF3TRKJD_gkondo,primary_80_20_80,2025-12-19 11:16:30,12736,12754,12762,1,0.010990518850371596,hgb,2026-06-03T16:38:27
GKONDOXPF3TRKJD_gkondo,primary_80_20_80,2025-12-23 09:55:32,12811,12844,12852,1,0.18278695643834378,hgb,2026-06-03T16:38:27
GKONDOXPF3TRKJD_gkondo,primary_80_20_80,2026-05-06 07:02:52,13688,13828,13835,0,0.272912599650311,hgb,2026-06-03T16:38:27
GKONDOXPF3TRKJD_gkondo,secondary_85_15_85,2023-03-01 12:19:44,263,279,288,0,0.05861516484556475,hgb,2026-06-03T16:38:27
GKONDOXPF3TRKJD_gkondo,secondary_85_15_85,2023-04-28 21:08:29,1204,1208,1211,0,0.04754517767939572,hgb,2026-06-03T16:38:27
GKONDOXPF3TRKJD_gkondo,secondary_85_15_85,2023-05-10 11:24:23,1278,1288,1293,0,0.7910578950040809,hgb,2026-06-03T16:38:27
GKONDOXPF3TRKJD_gkondo,secondary_85_15_85,2023-07-12 14:26:30,2315,2327,2331,0,0.06787866271993741,hgb,2026-06-03T16:38:27
GKONDOXPF3TRKJD_gkondo,secondary_85_15_85,2023-09-26 09:24:50,3700,3728,3743,0,0.6932595342981824,hgb,2026-06-03T16:38:27
GKONDOXPF3TRKJD_gkondo,secondary_85_15_85,2023-11-01 14:54:00,4401,4422,4444,0,0.6841696494072195,hgb,2026-06-03T16:38:27
GKONDOXPF3TRKJD_gkondo,secondary_85_15_85,2023-11-16 12:59:53,4630,4651,4657,0,0.18948441058762217,hgb,2026-06-03T16:38:27
GKONDOXPF3TRKJD_gkondo,secondary_85_15_85,2023-11-30 10:39:22,4808,4824,4833,0,0.11368002329101876,hgb,2026-06-03T16:38:27
GKONDOXPF3TRKJD_gkondo,secondary_85_15_85,2023-12-01 05:28:21,4833,4854,4859,0,0.04042211276188501,hgb,2026-06-03T16:38:27
GKONDOXPF3TRKJD_gkondo,secondary_85_15_85,2023-12-04 14:57:06,4880,4885,4892,1,0.05668690382595333,hgb,2026-06-03T16:38:27
GKONDOXPF3TRKJD_gkondo,secondary_85_15_85,2023-12-04 23:06:24,4892,4899,4905,1,0.040781488963026025,hgb,2026-06-03T16:38:27
GKONDOXPF3TRKJD_gkondo,secondary_85_15_85,2023-12-07 15:47:22,4966,4978,4987,0,0.9589101336609901,hgb,2026-06-03T16:38:27
GKONDOXPF3TRKJD_gkondo,secondary_85_15_85,2024-03-14 14:22:26,6588,6638,6644,0,0.6726190693633096,hgb,2026-06-03T16:38:27
GKONDOXPF3TRKJD_gkondo,secondary_85_15_85,2024-09-11 12:31:16,8053,8094,8107,0,0.07316937184719208,hgb,2026-06-03T16:38:27
GKONDOXPF3TRKJD_gkondo,secondary_85_15_85,2024-09-12 13:58:52,8107,8203,8206,0,0.15232362053403847,hgb,2026-06-03T16:38:27
GKONDOXPF3TRKJD_gkondo,secondary_85_15_85,2024-09-24 11:36:43,8411,8439,8447,0,0.1666206117986443,hgb,2026-06-03T16:38:27
GKONDOXPF3TRKJD_gkondo,secondary_85_15_85,2024-09-30 14:17:56,8551,8566,8578,0,0.4171377614960579,hgb,2026-06-03T16:38:27
GKONDOXPF3TRKJD_gkondo,secondary_85_15_85,2024-10-01 07:30:57,8578,8622,8629,0,0.28753767030253546,hgb,2026-06-03T16:38:27
GKONDOXPF3TRKJD_gkondo,secondary_85_15_85,2025-01-18 12:07:27,9803,9818,9822,1,0.2782317394296426,hgb,2026-06-03T16:38:27
GKONDOXPF3TRKJD_gkondo,secondary_85_15_85,2025-03-04 14:18:48,10466,10532,10543,1,0.10152364731647777,hgb,2026-06-03T16:38:27
GKONDOXPF3TRKJD_gkondo,secondary_85_15_85,2025-03-31 10:44:23,11085,11170,11176,1,0.373120167815335,hgb,2026-06-03T16:38:27
GKONDOXPF3TRKJD_gkondo,secondary_85_15_85,2025-04-02 11:10:43,11176,11206,11215,1,0.4496118555421556,hgb,2026-06-03T16:38:27
GKONDOXPF3TRKJD_gkondo,secondary_85_15_85,2025-06-12 09:38:30,11669,11712,11724,1,0.2413730906325735,hgb,2026-06-03T16:38:27
GKONDOXPF3TRKJD_gkondo,secondary_85_15_85,2025-10-02 11:07:14,12197,12223,12230,1,0.10629277182131323,hgb,2026-06-03T16:38:27
GKONDOXPF3TRKJD_gkondo,secondary_85_15_85,2025-11-12 09:55:35,12594,12611,12617,1,0.1011033682938808,hgb,2026-06-03T16:38:27
GKONDOXPF3TRKJD_gkondo,secondary_85_15_85,2025-12-19 11:16:30,12736,12755,12762,1,0.02069320827493434,hgb,2026-06-03T16:38:27
GKONDOXPF3TRKJD_gkondo,secondary_85_15_85,2025-12-23 09:55:32,12811,12844,12853,1,0.17351314851548985,hgb,2026-06-03T16:38:27
GKONDOXPF3TRKJD_gkondo,secondary_85_15_85,2026-05-06 07:02:52,13688,13829,13835,0,0.26727253928012146,hgb,2026-06-03T16:38:27
GLANCE_GM4,strict_90_10_90,2024-01-14 22:11:02,5349,5367,5374,1,0.836828094865425,hgb,2026-06-03T16:38:27
GLANCE_GM4,strict_90_10_90,2024-04-01 02:42:23,6667,6693,6706,1,0.797572165698455,hgb,2026-06-03T16:38:27
GLANCE_GM4,primary_80_20_80,2023-04-16 23:52:57,755,769,776,1,0.9888230472936168,hgb,2026-06-03T16:38:27
GLANCE_GM4,primary_80_20_80,2023-07-10 16:42:30,2247,2269,2280,1,0.9147844130475855,hgb,2026-06-03T16:38:27
GLANCE_GM4,primary_80_20_80,2024-01-14 22:11:02,5349,5367,5372,1,0.9210850035293923,hgb,2026-06-03T16:38:27
GLANCE_GM4,primary_80_20_80,2024-02-28 20:09:32,5974,6000,6006,1,0.783951828343038,hgb,2026-06-03T16:38:27
GLANCE_GM4,primary_80_20_80,2024-03-19 16:41:43,6449,6458,6465,1,0.8218351178518438,hgb,2026-06-03T16:38:27
GLANCE_GM4,primary_80_20_80,2024-04-01 02:12:23,6666,6691,6706,1,0.716167902840252,hgb,2026-06-03T16:38:27
GLANCE_GM4,primary_80_20_80,2024-04-01 18:22:09,6706,6739,6782,1,0.7701258973341146,hgb,2026-06-03T16:38:27
GLANCE_GM4,secondary_85_15_85,2023-07-10 16:42:30,2247,2269,2280,1,0.9147844130475855,hgb,2026-06-03T16:38:27
GLANCE_GM4,secondary_85_15_85,2024-01-14 22:11:02,5349,5367,5372,1,0.9210850035293923,hgb,2026-06-03T16:38:27
GLANCE_GM4,secondary_85_15_85,2024-03-19 16:41:43,6449,6458,6479,1,0.7115361840388943,hgb,2026-06-03T16:38:27
GLANCE_GM4,secondary_85_15_85,2024-04-01 02:42:23,6667,6692,6706,1,0.7445438605648254,hgb,2026-06-03T16:38:27
GMCNEIL-F55JALH_gmcneil,strict_90_10_90,2024-09-24 09:30:12,173,190,194,1,0.9865082812835289,hgb,2026-06-03T16:38:27
GMCNEIL-F55JALH_gmcneil,strict_90_10_90,2024-09-24 22:31:46,194,251,291,1,0.9955210951054596,hgb,2026-06-03T16:38:27
GMCNEIL-F55JALH_gmcneil,strict_90_10_90,2024-10-14 10:28:36,664,705,736,1,0.9822579928763887,hgb,2026-06-03T16:38:27
GMCNEIL-F55JALH_gmcneil,strict_90_10_90,2024-10-15 22:26:19,736,785,787,1,0.9400895517051949,hgb,2026-06-03T16:38:27
GMCNEIL-F55JALH_gmcneil,strict_90_10_90,2024-10-17 06:33:20,787,824,826,1,0.9599988959395621,hgb,2026-06-03T16:38:27
GMCNEIL-F55JALH_gmcneil,strict_90_10_90,2024-10-26 14:25:06,1054,1182,1203,1,0.9955026571616129,hgb,2026-06-03T16:38:27
GMCNEIL-F55JALH_gmcneil,strict_90_10_90,2024-10-30 01:22:05,1203,1339,1352,1,0.9938709352962355,hgb,2026-06-03T16:38:27
GMCNEIL-F55JALH_gmcneil,strict_90_10_90,2024-11-03 00:05:14,1352,1454,1480,1,0.9812274164663342,hgb,2026-06-03T16:38:27
GMCNEIL-F55JALH_gmcneil,primary_80_20_80,2024-09-24 09:30:12,173,188,194,1,0.9886641400451728,hgb,2026-06-03T16:38:27
GMCNEIL-F55JALH_gmcneil,primary_80_20_80,2024-09-24 22:31:46,194,250,263,1,0.9933175656159127,hgb,2026-06-03T16:38:27
GMCNEIL-F55JALH_gmcneil,primary_80_20_80,2024-09-26 10:06:21,263,283,290,1,0.8635321110141836,hgb,2026-06-03T16:38:27
GMCNEIL-F55JALH_gmcneil,primary_80_20_80,2024-10-08 22:14:55,541,591,612,1,0.981841925025128,hgb,2026-06-03T16:38:27
GMCNEIL-F55JALH_gmcneil,primary_80_20_80,2024-10-14 09:58:36,663,704,736,1,0.8809009686069115,hgb,2026-06-03T16:38:27
GMCNEIL-F55JALH_gmcneil,primary_80_20_80,2024-10-15 22:26:19,736,784,787,1,0.9336435491706706,hgb,2026-06-03T16:38:27
GMCNEIL-F55JALH_gmcneil,primary_80_20_80,2024-10-17 06:33:20,787,823,826,1,0.9253486843659864,hgb,2026-06-03T16:38:27
GMCNEIL-F55JALH_gmcneil,primary_80_20_80,2024-10-26 14:25:06,1054,1176,1203,1,0.9933767153060622,hgb,2026-06-03T16:38:27
GMCNEIL-F55JALH_gmcneil,primary_80_20_80,2024-10-30 01:22:05,1203,1339,1351,1,0.99259046677072,hgb,2026-06-03T16:38:27
GMCNEIL-F55JALH_gmcneil,primary_80_20_80,2024-11-02 23:35:17,1351,1453,1475,1,0.963404151469581,hgb,2026-06-03T16:38:27
GMCNEIL-F55JALH_gmcneil,secondary_85_15_85,2024-09-24 09:30:12,173,189,194,1,0.9883830048370564,hgb,2026-06-03T16:38:27
GMCNEIL-F55JALH_gmcneil,secondary_85_15_85,2024-09-24 22:31:46,194,251,263,1,0.9933175656159127,hgb,2026-06-03T16:38:27
GMCNEIL-F55JALH_gmcneil,secondary_85_15_85,2024-10-14 09:58:36,663,705,736,1,0.9138432159827994,hgb,2026-06-03T16:38:27
GMCNEIL-F55JALH_gmcneil,secondary_85_15_85,2024-10-15 22:26:19,736,785,787,1,0.9400895517051949,hgb,2026-06-03T16:38:27
GMCNEIL-F55JALH_gmcneil,secondary_85_15_85,2024-10-17 06:33:20,787,823,826,1,0.9253486843659864,hgb,2026-06-03T16:38:27
GMCNEIL-F55JALH_gmcneil,secondary_85_15_85,2024-10-26 14:25:06,1054,1176,1203,1,0.9933767153060622,hgb,2026-06-03T16:38:27
GMCNEIL-F55JALH_gmcneil,secondary_85_15_85,2024-10-30 01:22:05,1203,1339,1352,1,0.9943644125235686,hgb,2026-06-03T16:38:27
GMCNEIL-F55JALH_gmcneil,secondary_85_15_85,2024-11-03 00:05:14,1352,1453,1477,1,0.9577126405217715,hgb,2026-06-03T16:38:27
GREG-WORK-X13Y_gmcneil,strict_90_10_90,2023-05-17 08:27:26,46,76,89,1,0.8103424027006522,hgb,2026-06-03T16:38:27
GREG-WORK-X13Y_gmcneil,strict_90_10_90,2023-09-06 10:33:10,1933,1973,1981,1,0.9322988953025126,hgb,2026-06-03T16:38:27
GREG-WORK-X13Y_gmcneil,strict_90_10_90,2024-03-06 20:40:32,5634,5665,5675,1,0.20634888214627806,hgb,2026-06-03T16:38:27
GREG-WORK-X13Y_gmcneil,strict_90_10_90,2024-03-13 05:18:58,5778,5787,5814,0,0.7193999615094411,hgb,2026-06-03T16:38:27
GREG-WORK-X13Y_gmcneil,strict_90_10_90,2024-04-29 12:07:47,6703,6709,6710,0,0.30857303451064994,hgb,2026-06-03T16:38:27
GREG-WORK-X13Y_gmcneil,strict_90_10_90,2024-04-29 15:07:47,6710,6822,6833,0,0.18564988890462863,hgb,2026-06-03T16:38:27
GREG-WORK-X13Y_gmcneil,strict_90_10_90,2024-05-28 10:58:52,7489,7513,7521,0,0.20676433311738446,hgb,2026-06-03T16:38:27
GREG-WORK-X13Y_gmcneil,strict_90_10_90,2024-05-28 23:36:41,7521,7598,7603,0,0.37585233175181815,hgb,2026-06-03T16:38:27
GREG-WORK-X13Y_gmcneil,strict_90_10_90,2024-08-13 22:09:08,9185,9219,9226,0,0.6373077239062404,hgb,2026-06-03T16:38:27
GREG-WORK-X13Y_gmcneil,strict_90_10_90,2024-08-14 14:56:01,9226,9284,9295,0,0.6158236455385272,hgb,2026-06-03T16:38:27
GREG-WORK-X13Y_gmcneil,strict_90_10_90,2024-09-01 13:54:05,9710,9719,9736,0,0.19500660129341713,hgb,2026-06-03T16:38:27
GREG-WORK-X13Y_gmcneil,primary_80_20_80,2023-05-17 08:27:26,46,75,89,1,0.7849161604505875,hgb,2026-06-03T16:38:27
GREG-WORK-X13Y_gmcneil,primary_80_20_80,2023-07-06 10:15:21,706,723,733,0,0.663296409551545,hgb,2026-06-03T16:38:27
GREG-WORK-X13Y_gmcneil,primary_80_20_80,2023-07-12 14:50:44,852,879,890,0,0.9469973479674041,hgb,2026-06-03T16:38:27
GREG-WORK-X13Y_gmcneil,primary_80_20_80,2023-07-19 22:44:18,1035,1061,1068,0,0.6694964973504369,hgb,2026-06-03T16:38:27
GREG-WORK-X13Y_gmcneil,primary_80_20_80,2023-08-07 17:45:19,1178,1184,1188,0,0.3462278957642994,hgb,2026-06-03T16:38:27
GREG-WORK-X13Y_gmcneil,primary_80_20_80,2023-08-07 23:38:56,1188,1502,1515,1,0.4387731137110889,hgb,2026-06-03T16:38:27
GREG-WORK-X13Y_gmcneil,primary_80_20_80,2023-08-30 16:35:53,1802,1827,1843,1,0.4378571846929105,hgb,2026-06-03T16:38:27
GREG-WORK-X13Y_gmcneil,primary_80_20_80,2023-09-06 10:33:10,1933,1972,1981,1,0.8827439260065912,hgb,2026-06-03T16:38:27
GREG-WORK-X13Y_gmcneil,primary_80_20_80,2023-09-27 20:41:34,2432,2449,2452,0,0.9668052317674831,hgb,2026-06-03T16:38:27
GREG-WORK-X13Y_gmcneil,primary_80_20_80,2023-11-06 09:23:09,3090,3198,3209,0,0.23766426009956884,hgb,2026-06-03T16:38:27
GREG-WORK-X13Y_gmcneil,primary_80_20_80,2023-12-13 09:01:17,4022,4383,4389,0,0.2494914411006385,hgb,2026-06-03T16:38:27
GREG-WORK-X13Y_gmcneil,primary_80_20_80,2024-01-11 16:05:53,4693,4761,4764,0,0.9124761814694122,hgb,2026-06-03T16:38:27
GREG-WORK-X13Y_gmcneil,primary_80_20_80,2024-01-14 02:42:56,4764,4852,4870,1,0.8444660085938058,hgb,2026-06-03T16:38:27
GREG-WORK-X13Y_gmcneil,primary_80_20_80,2024-03-05 14:28:14,5579,5626,5634,1,0.1513303379582882,hgb,2026-06-03T16:38:27
GREG-WORK-X13Y_gmcneil,primary_80_20_80,2024-03-06 20:40:32,5634,5664,5675,1,0.2988513141314493,hgb,2026-06-03T16:38:27
GREG-WORK-X13Y_gmcneil,primary_80_20_80,2024-03-13 05:18:58,5778,5783,5814,0,0.69540033315066,hgb,2026-06-03T16:38:27
GREG-WORK-X13Y_gmcneil,primary_80_20_80,2024-03-19 16:18:17,5867,5897,5909,1,0.3921026536225645,hgb,2026-06-03T16:38:27
GREG-WORK-X13Y_gmcneil,primary_80_20_80,2024-03-20 13:22:54,5909,5963,5966,0,0.9093257118496988,hgb,2026-06-03T16:38:27
GREG-WORK-X13Y_gmcneil,primary_80_20_80,2024-04-29 11:37:47,6702,6709,6710,0,0.2539291235319967,hgb,2026-06-03T16:38:27
GREG-WORK-X13Y_gmcneil,primary_80_20_80,2024-04-29 15:07:47,6710,6711,6714,0,0.04683855063262163,hgb,2026-06-03T16:38:27
GREG-WORK-X13Y_gmcneil,primary_80_20_80,2024-04-29 15:37:47,6714,6821,6832,0,0.1169892310172772,hgb,2026-06-03T16:38:27
GREG-WORK-X13Y_gmcneil,primary_80_20_80,2024-05-02 13:16:57,6832,6840,6845,0,0.04657287466321902,hgb,2026-06-03T16:38:27
GREG-WORK-X13Y_gmcneil,primary_80_20_80,2024-05-28 10:29:52,7486,7512,7520,0,0.06080131441442422,hgb,2026-06-03T16:38:27
GREG-WORK-X13Y_gmcneil,primary_80_20_80,2024-05-28 23:06:41,7520,7597,7603,0,0.1698458434801351,hgb,2026-06-03T16:38:27
GREG-WORK-X13Y_gmcneil,primary_80_20_80,2024-06-11 05:10:22,7882,7893,7903,1,0.6714715088832057,hgb,2026-06-03T16:38:27
GREG-WORK-X13Y_gmcneil,primary_80_20_80,2024-06-17 09:11:19,7998,8133,8139,0,0.6873452927374796,hgb,2026-06-03T16:38:27
GREG-WORK-X13Y_gmcneil,primary_80_20_80,2024-06-24 09:56:44,8183,8312,8315,0,0.14354291539998507,hgb,2026-06-03T16:38:27
GREG-WORK-X13Y_gmcneil,primary_80_20_80,2024-07-15 09:04:39,8417,8529,8543,0,0.6913010398893629,hgb,2026-06-03T16:38:27
GREG-WORK-X13Y_gmcneil,primary_80_20_80,2024-07-25 10:11:47,8716,8720,8736,0,0.6633639660708646,hgb,2026-06-03T16:38:27
GREG-WORK-X13Y_gmcneil,primary_80_20_80,2024-08-13 11:31:01,9164,9170,9185,0,0.3736818411897213,hgb,2026-06-03T16:38:27
GREG-WORK-X13Y_gmcneil,primary_80_20_80,2024-08-13 22:09:08,9185,9215,9226,0,0.475581491205323,hgb,2026-06-03T16:38:27
GREG-WORK-X13Y_gmcneil,primary_80_20_80,2024-08-14 14:56:01,9226,9283,9294,0,0.38532080823867193,hgb,2026-06-03T16:38:27
GREG-WORK-X13Y_gmcneil,primary_80_20_80,2024-08-21 03:33:39,9435,9458,9459,0,0.30902834252769495,hgb,2026-06-03T16:38:27
GREG-WORK-X13Y_gmcneil,primary_80_20_80,2024-08-27 09:20:24,9627,9637,9642,0,0.5418191043002618,hgb,2026-06-03T16:38:27
GREG-WORK-X13Y_gmcneil,primary_80_20_80,2024-09-01 13:54:05,9710,9718,9733,0,0.20143820857107542,hgb,2026-06-03T16:38:27
GREG-WORK-X13Y_gmcneil,secondary_85_15_85,2023-05-17 08:27:26,46,76,89,1,0.8103424027006522,hgb,2026-06-03T16:38:27
GREG-WORK-X13Y_gmcneil,secondary_85_15_85,2023-07-12 14:50:44,852,886,890,0,0.9514270772297665,hgb,2026-06-03T16:38:27
GREG-WORK-X13Y_gmcneil,secondary_85_15_85,2023-08-30 16:35:53,1802,1827,1843,1,0.4378571846929105,hgb,2026-06-03T16:38:27
GREG-WORK-X13Y_gmcneil,secondary_85_15_85,2023-09-06 10:33:10,1933,1972,1981,1,0.8827439260065912,hgb,2026-06-03T16:38:27
GREG-WORK-X13Y_gmcneil,secondary_85_15_85,2023-09-27 20:41:34,2432,2450,2453,0,0.934677483462428,hgb,2026-06-03T16:38:27
GREG-WORK-X13Y_gmcneil,secondary_85_15_85,2024-01-11 16:05:53,4693,4853,4870,1,0.9239897096912788,hgb,2026-06-03T16:38:27
GREG-WORK-X13Y_gmcneil,secondary_85_15_85,2024-03-06 20:40:32,5634,5665,5675,1,0.20634888214627806,hgb,2026-06-03T16:38:27
GREG-WORK-X13Y_gmcneil,secondary_85_15_85,2024-03-13 05:18:58,5778,5787,5814,0,0.7193999615094411,hgb,2026-06-03T16:38:27
GREG-WORK-X13Y_gmcneil,secondary_85_15_85,2024-04-29 11:37:47,6702,6709,6710,0,0.2539291235319967,hgb,2026-06-03T16:38:27
GREG-WORK-X13Y_gmcneil,secondary_85_15_85,2024-04-29 15:07:47,6710,6711,6714,0,0.04683855063262163,hgb,2026-06-03T16:38:27
GREG-WORK-X13Y_gmcneil,secondary_85_15_85,2024-04-29 15:37:47,6714,6822,6833,0,0.18564988890462863,hgb,2026-06-03T16:38:27
GREG-WORK-X13Y_gmcneil,secondary_85_15_85,2024-05-28 10:29:54,7487,7513,7521,0,0.20101034382123426,hgb,2026-06-03T16:38:27
GREG-WORK-X13Y_gmcneil,secondary_85_15_85,2024-05-28 23:36:41,7521,7598,7603,0,0.37585233175181815,hgb,2026-06-03T16:38:27
GREG-WORK-X13Y_gmcneil,secondary_85_15_85,2024-07-15 09:34:39,8418,8530,8543,0,0.6793850946155616,hgb,2026-06-03T16:38:27
GREG-WORK-X13Y_gmcneil,secondary_85_15_85,2024-08-13 22:09:08,9185,9215,9226,0,0.475581491205323,hgb,2026-06-03T16:38:27
GREG-WORK-X13Y_gmcneil,secondary_85_15_85,2024-08-14 14:56:01,9226,9283,9295,0,0.4236377109028937,hgb,2026-06-03T16:38:27
GREG-WORK-X13Y_gmcneil,secondary_85_15_85,2024-08-27 09:20:24,9627,9638,9642,0,0.5418191043002618,hgb,2026-06-03T16:38:27
GREG-WORK-X13Y_gmcneil,secondary_85_15_85,2024-09-01 13:54:05,9710,9718,9735,0,0.18237506978899487,hgb,2026-06-03T16:38:27
GTORRES3-0C7G0F_gtorres3,primary_80_20_80,2024-10-23 11:21:12,758,772,774,1,0.9229464798247402,hgb,2026-06-03T16:38:27
HAOJING6-501MPD_haojing6,strict_90_10_90,2025-11-24 10:28:12,3434,3449,3455,1,0.6045652935396618,hgb,2026-06-03T16:38:27
HAOJING6-501MPD_haojing6,primary_80_20_80,2025-11-24 10:28:12,3434,3448,3455,1,0.6698179744425803,hgb,2026-06-03T16:38:27
HAOJING6-501MPD_haojing6,primary_80_20_80,2025-12-20 18:38:50,3866,3880,3892,1,0.9626861855904745,hgb,2026-06-03T16:38:27
HAOJING6-501MPD_haojing6,secondary_85_15_85,2025-11-24 10:28:12,3434,3448,3455,1,0.6698179744425803,hgb,2026-06-03T16:38:27
HARRLIXPF4PFNTC_harrli,strict_90_10_90,2023-12-03 08:32:05,308,371,409,1,0.5770683167942402,hgb,2026-06-03T16:38:27
HARRLIXPF4PFNTC_harrli,strict_90_10_90,2023-12-07 11:58:43,458,477,494,1,0.9110999061860929,hgb,2026-06-03T16:38:27
HARRLIXPF4PFNTC_harrli,strict_90_10_90,2023-12-10 16:24:50,547,594,618,1,0.9746056678689871,hgb,2026-06-03T16:38:27
HARRLIXPF4PFNTC_harrli,strict_90_10_90,2023-12-12 16:29:02,618,629,638,1,0.9575088715121266,hgb,2026-06-03T16:38:27
HARRLIXPF4PFNTC_harrli,strict_90_10_90,2023-12-13 11:23:39,638,663,668,1,0.9680890579029319,hgb,2026-06-03T16:38:27
HARRLIXPF4PFNTC_harrli,strict_90_10_90,2023-12-14 10:09:03,668,680,685,0,0.9652614569036725,hgb,2026-06-03T16:38:27
HARRLIXPF4PFNTC_harrli,strict_90_10_90,2023-12-17 22:26:08,727,775,779,0,0.8934692133285455,hgb,2026-06-03T16:38:27
HARRLIXPF4PFNTC_harrli,primary_80_20_80,2023-12-03 08:32:05,308,329,332,1,0.17574009390985082,hgb,2026-06-03T16:38:27
HARRLIXPF4PFNTC_harrli,primary_80_20_80,2023-12-03 21:30:41,332,370,409,1,0.1794808815680821,hgb,2026-06-03T16:38:27
HARRLIXPF4PFNTC_harrli,primary_80_20_80,2023-12-05 15:35:15,409,418,422,1,0.9516994224617246,hgb,2026-06-03T16:38:27
HARRLIXPF4PFNTC_harrli,primary_80_20_80,2023-12-05 22:43:16,422,423,441,1,0.9742371364147425,hgb,2026-06-03T16:38:27
HARRLIXPF4PFNTC_harrli,primary_80_20_80,2023-12-07 11:28:43,457,475,494,1,0.8636003588328731,hgb,2026-06-03T16:38:27
HARRLIXPF4PFNTC_harrli,primary_80_20_80,2023-12-08 07:51:36,494,510,517,1,0.9032437515892269,hgb,2026-06-03T16:38:27
HARRLIXPF4PFNTC_harrli,primary_80_20_80,2023-12-10 16:24:50,547,553,559,1,0.9693544889998256,hgb,2026-06-03T16:38:27
HARRLIXPF4PFNTC_harrli,primary_80_20_80,2023-12-10 22:12:21,559,561,565,1,0.9566676344881833,hgb,2026-06-03T16:38:27
HARRLIXPF4PFNTC_harrli,primary_80_20_80,2023-12-11 10:27:32,565,592,618,1,0.9225166130325235,hgb,2026-06-03T16:38:27
HARRLIXPF4PFNTC_harrli,primary_80_20_80,2023-12-12 16:29:02,618,628,638,1,0.9518998212032908,hgb,2026-06-03T16:38:27
HARRLIXPF4PFNTC_harrli,primary_80_20_80,2023-12-13 11:23:39,638,663,667,1,0.9633976424295854,hgb,2026-06-03T16:38:27
HARRLIXPF4PFNTC_harrli,primary_80_20_80,2023-12-14 09:39:03,667,679,684,0,0.9468361029933334,hgb,2026-06-03T16:38:27
HARRLIXPF4PFNTC_harrli,primary_80_20_80,2023-12-17 22:26:08,727,760,768,0,0.8677597102323639,hgb,2026-06-03T16:38:27
HARRLIXPF4PFNTC_harrli,primary_80_20_80,2023-12-18 21:11:59,768,774,779,0,0.753839140526692,hgb,2026-06-03T16:38:27
HARRLIXPF4PFNTC_harrli,primary_80_20_80,2023-12-23 18:47:38,888,894,900,0,0.19972524944048356,hgb,2026-06-03T16:38:27
HARRLIXPF4PFNTC_harrli,secondary_85_15_85,2023-12-03 08:32:05,308,370,409,1,0.39239047204287236,hgb,2026-06-03T16:38:27
HARRLIXPF4PFNTC_harrli,secondary_85_15_85,2023-12-07 11:58:43,458,475,494,1,0.8550840788451551,hgb,2026-06-03T16:38:27
HARRLIXPF4PFNTC_harrli,secondary_85_15_85,2023-12-08 07:51:36,494,511,517,1,0.9508876629991309,hgb,2026-06-03T16:38:27
HARRLIXPF4PFNTC_harrli,secondary_85_15_85,2023-12-10 16:24:50,547,561,565,1,0.9579480239539003,hgb,2026-06-03T16:38:27
HARRLIXPF4PFNTC_harrli,secondary_85_15_85,2023-12-11 10:27:32,565,592,618,1,0.9225166130325235,hgb,2026-06-03T16:38:27
HARRLIXPF4PFNTC_harrli,secondary_85_15_85,2023-12-12 16:29:02,618,628,638,1,0.9518998212032908,hgb,2026-06-03T16:38:27
HARRLIXPF4PFNTC_harrli,secondary_85_15_85,2023-12-13 11:23:39,638,663,668,1,0.9680890579029319,hgb,2026-06-03T16:38:27
HARRLIXPF4PFNTC_harrli,secondary_85_15_85,2023-12-14 10:09:03,668,679,684,0,0.9399822289898548,hgb,2026-06-03T16:38:27
HARRLIXPF4PFNTC_harrli,secondary_85_15_85,2023-12-17 22:26:08,727,760,769,0,0.8710062317600836,hgb,2026-06-03T16:38:27
HARRLIXPF4PFNTC_harrli,secondary_85_15_85,2023-12-18 21:41:59,769,774,779,0,0.8188919234183623,hgb,2026-06-03T16:38:27
HARRLIXPF4PFNTC_harrli,secondary_85_15_85,2023-12-23 18:47:38,888,894,900,0,0.19972524944048356,hgb,2026-06-03T16:38:27
HARSHADA-X1CG12_hghodke,strict_90_10_90,2025-02-10 10:40:53,176,185,193,1,0.9732504016449791,hgb,2026-06-03T16:38:27
HARSHADA-X1CG12_hghodke,primary_80_20_80,2025-02-10 10:40:53,176,183,192,1,0.9579121086264699,hgb,2026-06-03T16:38:27
HARSHADA-X1CG12_hghodke,primary_80_20_80,2026-05-03 19:43:19,3301,3331,3334,1,0.9395101225021039,hgb,2026-06-03T16:38:27
HARSHADA-X1CG12_hghodke,primary_80_20_80,2026-05-11 12:55:31,3376,3380,3384,1,0.9765453061611743,hgb,2026-06-03T16:38:27
HARSHADA-X1CG12_hghodke,primary_80_20_80,2026-05-20 08:17:58,3452,3460,3465,1,0.8958062107491426,hgb,2026-06-03T16:38:27
HARSHADA-X1CG12_hghodke,secondary_85_15_85,2025-02-10 10:40:53,176,183,193,1,0.9646425026726221,hgb,2026-06-03T16:38:27
HARSHADA-X1CG12_hghodke,secondary_85_15_85,2026-05-03 19:43:19,3301,3331,3334,1,0.9395101225021039,hgb,2026-06-03T16:38:27
HARSHADA-X1CG12_hghodke,secondary_85_15_85,2026-05-20 08:17:58,3452,3461,3465,1,0.9265002243933314,hgb,2026-06-03T16:38:27
HDIZ1PF59HFLQ_hdiz,strict_90_10_90,2026-03-17 17:21:17,5731,5796,5810,1,0.9626690716385945,hgb,2026-06-03T16:38:27
HDIZ1PF59HFLQ_hdiz,primary_80_20_80,2025-06-24 20:27:36,719,789,792,1,0.9693798223893868,hgb,2026-06-03T16:38:27
HDIZ1PF59HFLQ_hdiz,primary_80_20_80,2025-11-03 11:37:42,3170,3219,3238,1,0.9762348099126857,hgb,2026-06-03T16:38:27
HDIZ1PF59HFLQ_hdiz,primary_80_20_80,2026-03-16 13:34:30,5696,5709,5715,1,0.9269655699835847,hgb,2026-06-03T16:38:27
HDIZ1PF59HFLQ_hdiz,primary_80_20_80,2026-03-17 10:50:47,5715,5795,5809,1,0.9734093951092597,hgb,2026-06-03T16:38:27
HDIZ1PF59HFLQ_hdiz,primary_80_20_80,2026-03-30 11:38:59,6073,6182,6185,1,0.8990354700511932,hgb,2026-06-03T16:38:27
HDIZ1PF59HFLQ_hdiz,primary_80_20_80,2026-04-05 01:16:31,6216,6232,6236,1,0.8956389899126532,hgb,2026-06-03T16:38:27
HDIZ1PF59HFLQ_hdiz,secondary_85_15_85,2026-03-17 10:50:47,5715,5795,5809,1,0.9734093951092597,hgb,2026-06-03T16:38:27
HHUDELSON-B0WN2_hhudelson,primary_80_20_80,2025-09-02 08:07:59,8995,9073,9086,1,0.7185003606303899,hgb,2026-06-03T16:38:27
HHUDELSON-B0WN2_hhudelson,primary_80_20_80,2025-09-29 08:20:22,9681,9799,9802,1,0.971618633286222,hgb,2026-06-03T16:38:27
HHUDELSON-B0WN2_hhudelson,primary_80_20_80,2025-10-13 08:24:24,10049,10117,10121,1,0.9557462218692346,hgb,2026-06-03T16:38:27
HHUDELSON-B0WN2_hhudelson,primary_80_20_80,2026-02-15 10:56:38,12755,12891,12894,1,0.8710405332806692,hgb,2026-06-03T16:38:27
HHUDELSON-B0WN2_hhudelson,primary_80_20_80,2026-02-23 08:01:20,12925,13020,13023,1,0.8312482182285786,hgb,2026-06-03T16:38:27
HHUDELSON-B0WN2_hhudelson,secondary_85_15_85,2026-02-15 10:56:38,12755,12891,12894,1,0.8710405332806692,hgb,2026-06-03T16:38:27
HIKAWAXPF3Z84A1_hikawa,strict_90_10_90,2023-06-12 11:25:07,2327,2391,2396,0,0.5107555940471393,hgb,2026-06-03T16:38:27
HIKAWAXPF3Z84A1_hikawa,primary_80_20_80,2023-06-12 10:55:07,2326,2390,2396,0,0.4514146031962579,hgb,2026-06-03T16:38:27
HIKAWAXPF3Z84A1_hikawa,primary_80_20_80,2023-06-14 13:05:20,2396,2411,2418,0,0.11255274373709107,hgb,2026-06-03T16:38:27
HIKAWAXPF3Z84A1_hikawa,primary_80_20_80,2023-08-03 21:42:36,3415,3432,3444,0,0.11949493971605488,hgb,2026-06-03T16:38:27
HIKAWAXPF3Z84A1_hikawa,secondary_85_15_85,2023-06-12 11:25:07,2327,2391,2396,0,0.5107555940471393,hgb,2026-06-03T16:38:27
HIKAWAXPF3Z84A1_hikawa,secondary_85_15_85,2023-07-26 11:56:16,3190,3212,3227,1,0.06598404190165194,hgb,2026-06-03T16:38:27
HMORI-PF49QH1A_HMORI,strict_90_10_90,2023-09-05 10:44:29,2882,2910,2916,1,0.9687872866066248,hgb,2026-06-03T16:38:27
HMORI-PF49QH1A_HMORI,strict_90_10_90,2023-10-19 08:52:26,3808,3834,3839,1,0.9466055413446357,hgb,2026-06-03T16:38:27
HMORI-PF49QH1A_HMORI,strict_90_10_90,2024-11-12 20:54:58,12484,12514,12529,1,0.9498531687320816,hgb,2026-06-03T16:38:27
HMORI-PF49QH1A_HMORI,strict_90_10_90,2024-11-13 17:31:42,12529,12612,12619,1,0.8397347618688837,hgb,2026-06-03T16:38:27
HMORI-PF49QH1A_HMORI,primary_80_20_80,2023-07-26 10:18:18,2136,2208,2210,1,0.9604239761465663,hgb,2026-06-03T16:38:27
HMORI-PF49QH1A_HMORI,primary_80_20_80,2023-09-05 10:05:25,2879,2908,2916,1,0.9621998608703128,hgb,2026-06-03T16:38:27
HMORI-PF49QH1A_HMORI,primary_80_20_80,2023-09-14 08:55:25,3103,3127,3129,1,0.9147219996556184,hgb,2026-06-03T16:38:27
HMORI-PF49QH1A_HMORI,primary_80_20_80,2023-10-10 18:07:20,3630,3711,3715,1,0.8425479254097511,hgb,2026-06-03T16:38:27
HMORI-PF49QH1A_HMORI,primary_80_20_80,2023-10-19 08:22:26,3807,3833,3839,1,0.9091258678549312,hgb,2026-06-03T16:38:27
HMORI-PF49QH1A_HMORI,primary_80_20_80,2024-01-09 10:37:40,5323,5339,5343,1,0.922754005089569,hgb,2026-06-03T16:38:27
HMORI-PF49QH1A_HMORI,primary_80_20_80,2024-02-20 09:08:12,6360,6365,6370,1,0.7934498032183598,hgb,2026-06-03T16:38:27
HMORI-PF49QH1A_HMORI,primary_80_20_80,2024-03-14 02:04:25,7037,7135,7144,1,0.9724458532112804,hgb,2026-06-03T16:38:27
HMORI-PF49QH1A_HMORI,primary_80_20_80,2024-03-15 20:28:27,7144,7153,7157,1,0.9694052009376523,hgb,2026-06-03T16:38:27
HMORI-PF49QH1A_HMORI,primary_80_20_80,2024-03-18 20:24:20,7206,7258,7261,1,0.9731509979669167,hgb,2026-06-03T16:38:27
HMORI-PF49QH1A_HMORI,primary_80_20_80,2024-04-25 13:04:28,8146,8166,8167,1,0.9222006477269792,hgb,2026-06-03T16:38:27
HMORI-PF49QH1A_HMORI,primary_80_20_80,2024-08-20 12:34:50,10621,10639,10644,1,0.9365164832359552,hgb,2026-06-03T16:38:27
HMORI-PF49QH1A_HMORI,primary_80_20_80,2024-09-06 14:41:47,11097,11112,11118,1,0.9155232069835947,hgb,2026-06-03T16:38:27
HMORI-PF49QH1A_HMORI,primary_80_20_80,2024-10-02 10:23:42,11574,11641,11649,1,0.9613410527466447,hgb,2026-06-03T16:38:27
HMORI-PF49QH1A_HMORI,primary_80_20_80,2024-11-08 13:00:31,12344,12347,12352,1,0.4773205442979193,hgb,2026-06-03T16:38:27
HMORI-PF49QH1A_HMORI,primary_80_20_80,2024-11-12 20:24:58,12483,12513,12526,1,0.8860401658291028,hgb,2026-06-03T16:38:27
HMORI-PF49QH1A_HMORI,primary_80_20_80,2024-11-13 17:01:42,12526,12611,12618,1,0.8174021539525594,hgb,2026-06-03T16:38:27
HMORI-PF49QH1A_HMORI,primary_80_20_80,2024-12-10 18:57:13,13145,13181,13187,1,0.7364451180057385,hgb,2026-06-03T16:38:27
HMORI-PF49QH1A_HMORI,secondary_85_15_85,2023-09-05 10:05:25,2879,2908,2916,1,0.9621998608703128,hgb,2026-06-03T16:38:27
HMORI-PF49QH1A_HMORI,secondary_85_15_85,2023-10-19 08:22:26,3807,3834,3839,1,0.9279328823368417,hgb,2026-06-03T16:38:27
HMORI-PF49QH1A_HMORI,secondary_85_15_85,2024-01-09 10:37:40,5323,5339,5344,1,0.9303653173222612,hgb,2026-06-03T16:38:27
HMORI-PF49QH1A_HMORI,secondary_85_15_85,2024-02-20 09:12:47,6361,6365,6371,1,0.9156068133195356,hgb,2026-06-03T16:38:27
HMORI-PF49QH1A_HMORI,secondary_85_15_85,2024-03-14 02:04:25,7037,7154,7158,1,0.9722077395710966,hgb,2026-06-03T16:38:27
HMORI-PF49QH1A_HMORI,secondary_85_15_85,2024-11-12 20:24:58,12483,12513,12529,1,0.9011512905160045,hgb,2026-06-03T16:38:27
HMORI-PF49QH1A_HMORI,secondary_85_15_85,2024-11-13 17:31:42,12529,12611,12619,1,0.696758381200614,hgb,2026-06-03T16:38:27
HMORI-PF49QH1A_HMORI,secondary_85_15_85,2024-12-10 18:57:13,13145,13181,13188,1,0.7634552601471805,hgb,2026-06-03T16:38:27
HNAKA-PF43B9PV_hnaka,strict_90_10_90,2024-12-19 20:21:54,8757,8763,8768,0,0.44233637778234386,hgb,2026-06-03T16:38:27
HNAKA-PF43B9PV_hnaka,strict_90_10_90,2025-01-23 10:03:01,9060,9068,9074,0,0.7811619842612368,hgb,2026-06-03T16:38:27
HNAKA-PF43B9PV_hnaka,strict_90_10_90,2025-01-23 14:09:13,9074,9083,9087,0,0.6330674568108496,hgb,2026-06-03T16:38:27
HNAKA-PF43B9PV_hnaka,strict_90_10_90,2025-04-17 10:22:35,10434,10461,10469,1,0.046313017113649844,hgb,2026-06-03T16:38:27
HNAKA-PF43B9PV_hnaka,primary_80_20_80,2023-04-19 08:46:28,229,234,239,1,0.15400156365714682,hgb,2026-06-03T16:38:27
HNAKA-PF43B9PV_hnaka,primary_80_20_80,2023-12-17 21:57:05,3183,3205,3214,0,0.15376876874022047,hgb,2026-06-03T16:38:27
HNAKA-PF43B9PV_hnaka,primary_80_20_80,2024-12-19 19:51:54,8756,8763,8768,0,0.48225616503568586,hgb,2026-06-03T16:38:27
HNAKA-PF43B9PV_hnaka,primary_80_20_80,2025-01-20 09:57:15,9004,9009,9012,1,0.09447175336776985,hgb,2026-06-03T16:38:27
HNAKA-PF43B9PV_hnaka,primary_80_20_80,2025-01-20 13:40:23,9012,9017,9023,1,0.05111077696528833,hgb,2026-06-03T16:38:27
HNAKA-PF43B9PV_hnaka,primary_80_20_80,2025-01-21 09:57:12,9023,9026,9032,1,0.0586825607986006,hgb,2026-06-03T16:38:27
HNAKA-PF43B9PV_hnaka,primary_80_20_80,2025-01-22 10:00:57,9043,9046,9053,1,0.09082209645748746,hgb,2026-06-03T16:38:27
HNAKA-PF43B9PV_hnaka,primary_80_20_80,2025-01-23 10:03:01,9060,9063,9073,0,0.7363818472892819,hgb,2026-06-03T16:38:27
HNAKA-PF43B9PV_hnaka,primary_80_20_80,2025-01-23 13:39:13,9073,9083,9087,0,0.6330674568108496,hgb,2026-06-03T16:38:27
HNAKA-PF43B9PV_hnaka,primary_80_20_80,2025-01-27 09:58:30,9111,9120,9125,0,0.2663327727054158,hgb,2026-06-03T16:38:27
HNAKA-PF43B9PV_hnaka,primary_80_20_80,2025-02-03 10:00:44,9207,9212,9215,0,0.03346565589275494,hgb,2026-06-03T16:38:27
HNAKA-PF43B9PV_hnaka,primary_80_20_80,2025-02-04 10:25:53,9232,9235,9237,0,0.13171708566874651,hgb,2026-06-03T16:38:27
HNAKA-PF43B9PV_hnaka,primary_80_20_80,2025-02-05 10:17:11,9255,9275,9280,0,0.2571698169097128,hgb,2026-06-03T16:38:27
HNAKA-PF43B9PV_hnaka,primary_80_20_80,2025-03-05 10:09:08,9677,9686,9691,0,0.06375972238941856,hgb,2026-06-03T16:38:27
HNAKA-PF43B9PV_hnaka,primary_80_20_80,2025-03-07 10:26:17,9737,9747,9751,0,0.0833761792988832,hgb,2026-06-03T16:38:27
HNAKA-PF43B9PV_hnaka,primary_80_20_80,2025-04-17 10:22:35,10434,10461,10468,1,0.054383660204072815,hgb,2026-06-03T16:38:27
HNAKA-PF43B9PV_hnaka,secondary_85_15_85,2023-12-17 21:57:05,3183,3205,3214,0,0.15376876874022047,hgb,2026-06-03T16:38:27
HNAKA-PF43B9PV_hnaka,secondary_85_15_85,2024-12-19 20:21:54,8757,8763,8768,0,0.44233637778234386,hgb,2026-06-03T16:38:27
HNAKA-PF43B9PV_hnaka,secondary_85_15_85,2025-01-20 09:57:15,9004,9010,9012,1,0.09447175336776985,hgb,2026-06-03T16:38:27
HNAKA-PF43B9PV_hnaka,secondary_85_15_85,2025-01-20 13:40:23,9012,9017,9023,1,0.05111077696528833,hgb,2026-06-03T16:38:27
HNAKA-PF43B9PV_hnaka,secondary_85_15_85,2025-01-21 09:57:12,9023,9026,9032,1,0.0586825607986006,hgb,2026-06-03T16:38:27
HNAKA-PF43B9PV_hnaka,secondary_85_15_85,2025-01-23 10:03:01,9060,9063,9074,0,0.6785846225202627,hgb,2026-06-03T16:38:27
HNAKA-PF43B9PV_hnaka,secondary_85_15_85,2025-01-23 14:09:13,9074,9083,9087,0,0.6330674568108496,hgb,2026-06-03T16:38:27
HNAKA-PF43B9PV_hnaka,secondary_85_15_85,2025-04-17 10:22:35,10434,10461,10468,1,0.054383660204072815,hgb,2026-06-03T16:38:27
HSUMIXPF3MN51B_Hiroyuki_Sumi,strict_90_10_90,2024-05-01 06:45:22,9875,9980,9990,1,0.9489184487377015,hgb,2026-06-03T16:38:27
HSUMIXPF3MN51B_Hiroyuki_Sumi,strict_90_10_90,2024-06-03 07:27:03,10691,11036,11041,1,0.6272892724454902,hgb,2026-06-03T16:38:27
HSUMIXPF3MN51B_Hiroyuki_Sumi,strict_90_10_90,2024-06-18 00:24:03,11041,11230,11231,1,0.9426687516389612,hgb,2026-06-03T16:38:27
HSUMIXPF3MN51B_Hiroyuki_Sumi,strict_90_10_90,2024-09-10 10:36:39,12620,12742,12753,1,0.8997561714075218,hgb,2026-06-03T16:38:27
HSUMIXPF3MN51B_Hiroyuki_Sumi,strict_90_10_90,2024-09-17 07:18:44,12753,13059,13066,1,0.8584541764372308,hgb,2026-06-03T16:38:27
HSUMIXPF3MN51B_Hiroyuki_Sumi,strict_90_10_90,2024-09-29 20:07:38,13066,13286,13295,1,0.8575044629810582,hgb,2026-06-03T16:38:27
HSUMIXPF3MN51B_Hiroyuki_Sumi,primary_80_20_80,2023-02-18 14:17:09,0,18,20,1,0.9799552048683454,hgb,2026-06-03T16:38:27
HSUMIXPF3MN51B_Hiroyuki_Sumi,primary_80_20_80,2023-03-24 07:25:38,792,1909,1912,1,0.9358020557877136,hgb,2026-06-03T16:38:27
HSUMIXPF3MN51B_Hiroyuki_Sumi,primary_80_20_80,2023-12-25 07:23:55,7275,7416,7425,1,0.9233671140498068,hgb,2026-06-03T16:38:27
HSUMIXPF3MN51B_Hiroyuki_Sumi,primary_80_20_80,2024-02-13 17:28:09,8483,8587,8589,1,0.9673602656185212,hgb,2026-06-03T16:38:27
HSUMIXPF3MN51B_Hiroyuki_Sumi,primary_80_20_80,2024-02-19 07:13:15,8589,8680,8688,1,0.9454240596384879,hgb,2026-06-03T16:38:27
HSUMIXPF3MN51B_Hiroyuki_Sumi,primary_80_20_80,2024-05-01 06:45:22,9875,9979,9990,1,0.8997394902640761,hgb,2026-06-03T16:38:27
HSUMIXPF3MN51B_Hiroyuki_Sumi,primary_80_20_80,2024-06-03 07:27:03,10691,11029,11041,1,0.6586668037245329,hgb,2026-06-03T16:38:27
HSUMIXPF3MN51B_Hiroyuki_Sumi,primary_80_20_80,2024-06-18 00:24:03,11041,11229,11231,1,0.9275136039962212,hgb,2026-06-03T16:38:27
HSUMIXPF3MN51B_Hiroyuki_Sumi,primary_80_20_80,2024-09-10 10:36:39,12620,12741,12753,1,0.8151363686565228,hgb,2026-06-03T16:38:27
HSUMIXPF3MN51B_Hiroyuki_Sumi,primary_80_20_80,2024-09-17 07:18:44,12753,13059,13066,1,0.8584541764372308,hgb,2026-06-03T16:38:27
HSUMIXPF3MN51B_Hiroyuki_Sumi,primary_80_20_80,2024-09-29 20:07:38,13066,13285,13290,1,0.5664874902730064,hgb,2026-06-03T16:38:27
HSUMIXPF3MN51B_Hiroyuki_Sumi,primary_80_20_80,2025-04-22 10:52:30,14754,14765,14841,1,0.7761942821835143,hgb,2026-06-03T16:38:27
HSUMIXPF3MN51B_Hiroyuki_Sumi,secondary_85_15_85,2023-02-18 14:17:09,0,18,20,1,0.9799552048683454,hgb,2026-06-03T16:38:27
HSUMIXPF3MN51B_Hiroyuki_Sumi,secondary_85_15_85,2023-12-25 07:23:55,7275,7417,7425,1,0.9457179931396383,hgb,2026-06-03T16:38:27
HSUMIXPF3MN51B_Hiroyuki_Sumi,secondary_85_15_85,2024-05-01 06:45:22,9875,9979,9990,1,0.8997394902640761,hgb,2026-06-03T16:38:27
HSUMIXPF3MN51B_Hiroyuki_Sumi,secondary_85_15_85,2024-06-03 07:27:03,10691,11036,11041,1,0.6272892724454902,hgb,2026-06-03T16:38:27
HSUMIXPF3MN51B_Hiroyuki_Sumi,secondary_85_15_85,2024-06-18 00:24:03,11041,11229,11231,1,0.9275136039962212,hgb,2026-06-03T16:38:27
HSUMIXPF3MN51B_Hiroyuki_Sumi,secondary_85_15_85,2024-09-10 10:36:39,12620,12741,12753,1,0.8151363686565228,hgb,2026-06-03T16:38:27
HSUMIXPF3MN51B_Hiroyuki_Sumi,secondary_85_15_85,2024-09-17 07:18:44,12753,13059,13066,1,0.8584541764372308,hgb,2026-06-03T16:38:27
HSUMIXPF3MN51B_Hiroyuki_Sumi,secondary_85_15_85,2024-09-29 20:07:38,13066,13286,13290,1,0.46066408247653606,hgb,2026-06-03T16:38:27
ICA_USER,primary_80_20_80,2025-02-24 13:33:28,316,332,342,1,0.22492064068051282,hgb,2026-06-03T16:38:27
ICA_USER,primary_80_20_80,2025-03-17 10:40:30,503,512,516,1,0.7273339098749841,hgb,2026-06-03T16:38:27
ICA_USER,secondary_85_15_85,2025-02-24 14:03:20,317,333,342,1,0.3763468116111909,hgb,2026-06-03T16:38:27
ICA_USER,secondary_85_15_85,2025-03-17 10:40:30,503,513,517,1,0.7132762132771863,hgb,2026-06-03T16:38:27
IMANARANG1-3A19_imanarang1,strict_90_10_90,2023-09-08 11:12:22,2905,2910,2916,0,0.19704768210611273,hgb,2026-06-03T16:38:27
IMANARANG1-3A19_imanarang1,primary_80_20_80,2023-04-14 13:32:33,443,448,453,0,0.33363789011220935,hgb,2026-06-03T16:38:27
IMANARANG1-3A19_imanarang1,primary_80_20_80,2023-05-22 09:53:00,987,995,1000,0,0.04711982933224053,hgb,2026-06-03T16:38:27
IMANARANG1-3A19_imanarang1,primary_80_20_80,2023-09-08 11:12:22,2905,2909,2913,0,0.05466886010746931,hgb,2026-06-03T16:38:27
IMANARANG1-3A19_imanarang1,primary_80_20_80,2023-09-12 11:29:23,2950,2958,2961,1,0.2511031602510204,hgb,2026-06-03T16:38:27
IMANARANG1-3A19_imanarang1,primary_80_20_80,2023-09-14 10:39:57,2977,2988,2990,1,0.03926456404735885,hgb,2026-06-03T16:38:27
IMANARANG1-3A19_imanarang1,primary_80_20_80,2023-09-19 11:32:49,3052,3061,3063,0,0.8436181247357184,hgb,2026-06-03T16:38:27
IMANARANG1-3A19_imanarang1,primary_80_20_80,2023-09-26 11:44:29,3192,3201,3204,0,0.3595059041182013,hgb,2026-06-03T16:38:27
IMANARANG1-3A19_imanarang1,primary_80_20_80,2023-10-09 09:11:42,3407,3414,3417,0,0.3568153873546564,hgb,2026-06-03T16:38:27
IMANARANG1-3A19_imanarang1,primary_80_20_80,2023-12-07 12:05:30,4297,4319,4322,0,0.31164895200400067,hgb,2026-06-03T16:38:27
IMANARANG1-3A19_imanarang1,secondary_85_15_85,2023-04-14 13:32:33,443,449,454,0,0.33448061302358284,hgb,2026-06-03T16:38:27
IMANARANG1-3A19_imanarang1,secondary_85_15_85,2023-09-08 11:12:22,2905,2910,2913,0,0.08922448755180443,hgb,2026-06-03T16:38:27
IYOSHIMITSU-VKS_iyoshimitsu,primary_80_20_80,2024-05-30 10:08:11,1160,1174,1176,0,0.8211236190996717,hgb,2026-06-03T16:38:27
IYOSHIMITSU-VKS_iyoshimitsu,primary_80_20_80,2024-07-02 10:01:05,1491,1494,1500,0,0.37221973802174624,hgb,2026-06-03T16:38:27
IYOSHIMITSU-VKS_iyoshimitsu,primary_80_20_80,2024-09-11 16:00:52,2214,2236,2241,1,0.436688641575827,hgb,2026-06-03T16:38:27
IYOSHIMITSU-VKS_iyoshimitsu,primary_80_20_80,2024-09-13 17:36:19,2285,2328,2332,1,0.7286755628110912,hgb,2026-06-03T16:38:27
IYOSHIMITSU-VKS_iyoshimitsu,secondary_85_15_85,2024-09-13 17:36:19,2285,2328,2332,1,0.7286755628110912,hgb,2026-06-03T16:38:27
JAGUAR3_SVT,strict_90_10_90,2023-09-18 11:10:17,1968,2011,2018,1,0.2817910470172195,hgb,2026-06-03T16:38:27
JAGUAR3_SVT,primary_80_20_80,2023-09-18 10:40:17,1967,2010,2018,1,0.0888662375113067,hgb,2026-06-03T16:38:27
JAGUAR3_SVT,secondary_85_15_85,2023-09-18 10:40:17,1967,2011,2018,1,0.19614447028736756,hgb,2026-06-03T16:38:27
JANUMOLU-0A203W_janumolu,strict_90_10_90,2024-03-26 11:01:47,127,149,153,0,0.6107065143231698,hgb,2026-06-03T16:38:27
JANUMOLU-0A203W_janumolu,primary_80_20_80,2024-03-19 12:13:20,0,8,23,0,0.6476960435994129,hgb,2026-06-03T16:38:27
JANUMOLU-0A203W_janumolu,primary_80_20_80,2024-03-20 14:53:10,23,35,38,0,0.7896255684548459,hgb,2026-06-03T16:38:27
JANUMOLU-0A203W_janumolu,primary_80_20_80,2024-03-26 10:31:47,126,148,153,0,0.5631969308634555,hgb,2026-06-03T16:38:27
JANUMOLU-0A203W_janumolu,primary_80_20_80,2024-04-03 11:55:36,278,306,312,0,0.2419201511046022,hgb,2026-06-03T16:38:27
JANUMOLU-0A203W_janumolu,primary_80_20_80,2024-04-08 22:07:57,382,469,475,0,0.5147059439068342,hgb,2026-06-03T16:38:27
JANUMOLU-0A203W_janumolu,secondary_85_15_85,2024-03-19 12:13:20,0,8,23,0,0.6476960435994129,hgb,2026-06-03T16:38:27
JANUMOLU-0A203W_janumolu,secondary_85_15_85,2024-03-26 11:01:47,127,149,153,0,0.6107065143231698,hgb,2026-06-03T16:38:27
JANUMOLU-0A203W_janumolu,secondary_85_15_85,2024-04-03 11:55:36,278,307,312,0,0.40115637755070843,hgb,2026-06-03T16:38:27
JBARRETT-4SA7XV_jbarrett,strict_90_10_90,2024-06-22 08:49:28,994,1007,1008,1,0.9537850719995052,hgb,2026-06-03T16:38:27
JBARRETT-4SA7XV_jbarrett,strict_90_10_90,2024-06-22 23:14:38,1008,1018,1020,1,0.9498565551621172,hgb,2026-06-03T16:38:27
JBARRETT-4SA7XV_jbarrett,strict_90_10_90,2024-06-24 09:45:43,1020,1328,1334,1,0.716642530080813,hgb,2026-06-03T16:38:27
JBARRETT-4SA7XV_jbarrett,strict_90_10_90,2024-08-31 10:33:30,2149,2164,2171,1,0.9108699193376926,hgb,2026-06-03T16:38:27
JBARRETT-4SA7XV_jbarrett,primary_80_20_80,2024-04-10 00:21:24,28,51,54,1,0.5626008062006511,hgb,2026-06-03T16:38:27
JBARRETT-4SA7XV_jbarrett,primary_80_20_80,2024-04-11 00:02:55,54,84,93,1,0.9152421332327548,hgb,2026-06-03T16:38:27
JBARRETT-4SA7XV_jbarrett,primary_80_20_80,2024-04-16 13:58:07,148,155,161,1,0.8503504936471563,hgb,2026-06-03T16:38:27
JBARRETT-4SA7XV_jbarrett,primary_80_20_80,2024-06-22 08:49:28,994,1006,1008,1,0.9524304311292607,hgb,2026-06-03T16:38:27
JBARRETT-4SA7XV_jbarrett,primary_80_20_80,2024-06-22 23:14:38,1008,1015,1020,1,0.9297722296851403,hgb,2026-06-03T16:38:27
JBARRETT-4SA7XV_jbarrett,primary_80_20_80,2024-06-24 09:45:43,1020,1156,1161,1,0.8272820761039656,hgb,2026-06-03T16:38:27
JBARRETT-4SA7XV_jbarrett,primary_80_20_80,2024-06-28 00:21:22,1161,1327,1334,1,0.9951251627166559,hgb,2026-06-03T16:38:27
JBARRETT-4SA7XV_jbarrett,primary_80_20_80,2024-08-08 19:20:22,1761,1773,1776,1,0.5213655946677426,hgb,2026-06-03T16:38:27
JBARRETT-4SA7XV_jbarrett,primary_80_20_80,2024-08-31 10:33:30,2149,2163,2171,1,0.8622829694722568,hgb,2026-06-03T16:38:27
JBARRETT-4SA7XV_jbarrett,primary_80_20_80,2024-09-01 03:38:59,2171,2249,2254,1,0.911822296542961,hgb,2026-06-03T16:38:27
JBARRETT-4SA7XV_jbarrett,primary_80_20_80,2024-09-19 23:48:58,2554,2559,2564,1,0.5233990666104154,hgb,2026-06-03T16:38:27
JBARRETT-4SA7XV_jbarrett,primary_80_20_80,2024-10-06 23:55:35,2810,2927,2936,1,0.9888096651301883,hgb,2026-06-03T16:38:27
JBARRETT-4SA7XV_jbarrett,primary_80_20_80,2024-11-06 18:06:46,3378,3452,3459,1,0.9629291887651167,hgb,2026-06-03T16:38:27
JBARRETT-4SA7XV_jbarrett,primary_80_20_80,2024-12-07 15:33:01,3843,4024,4030,1,0.9654815137842025,hgb,2026-06-03T16:38:27
JBARRETT-4SA7XV_jbarrett,primary_80_20_80,2025-06-04 21:51:28,6235,6273,6276,1,0.998639886097901,hgb,2026-06-03T16:38:27
JBARRETT-4SA7XV_jbarrett,primary_80_20_80,2025-06-24 21:46:44,6589,6635,6637,1,0.9810315540676328,hgb,2026-06-03T16:38:27
JBARRETT-4SA7XV_jbarrett,secondary_85_15_85,2024-04-10 00:21:24,28,84,93,1,0.8126098786726523,hgb,2026-06-03T16:38:27
JBARRETT-4SA7XV_jbarrett,secondary_85_15_85,2024-06-22 08:49:28,994,1006,1008,1,0.9524304311292607,hgb,2026-06-03T16:38:27
JBARRETT-4SA7XV_jbarrett,secondary_85_15_85,2024-06-22 23:14:38,1008,1017,1020,1,0.9327467719741173,hgb,2026-06-03T16:38:27
JBARRETT-4SA7XV_jbarrett,secondary_85_15_85,2024-06-24 09:45:43,1020,1328,1334,1,0.716642530080813,hgb,2026-06-03T16:38:27
JBARRETT-4SA7XV_jbarrett,secondary_85_15_85,2024-08-31 10:33:30,2149,2164,2171,1,0.9108699193376926,hgb,2026-06-03T16:38:27
JBARRETT-4SA7XV_jbarrett,secondary_85_15_85,2024-09-01 03:38:59,2171,2249,2254,1,0.911822296542961,hgb,2026-06-03T16:38:27
JBOWEN2-F62KRD0_jbowen2,strict_90_10_90,2026-04-20 07:50:02,1373,1385,1390,1,0.8505149933478152,hgb,2026-06-03T16:38:27
JBOWEN2-F62KRD0_jbowen2,primary_80_20_80,2026-02-03 09:27:37,305,314,327,1,0.9856229682355198,hgb,2026-06-03T16:38:27
JBOWEN2-F62KRD0_jbowen2,primary_80_20_80,2026-04-20 07:50:02,1373,1384,1389,1,0.8666486984180293,hgb,2026-06-03T16:38:27
JBOWEN2-F62KRD0_jbowen2,secondary_85_15_85,2026-04-20 07:50:02,1373,1384,1390,1,0.8339979212899847,hgb,2026-06-03T16:38:27
JCOMBS-PF5BRRYC_jcombs,strict_90_10_90,2025-07-01 09:32:57,1803,1825,1827,1,0.9961117022605852,hgb,2026-06-03T16:38:27
JCOMBS-PF5BRRYC_jcombs,primary_80_20_80,2025-02-04 12:59:37,117,132,136,1,0.9963018459067127,hgb,2026-06-03T16:38:27
JCOMBS-PF5BRRYC_jcombs,primary_80_20_80,2025-07-01 09:32:57,1803,1824,1827,1,0.9944520169922855,hgb,2026-06-03T16:38:27
JCOMBS-PF5BRRYC_jcombs,secondary_85_15_85,2025-02-04 12:59:37,117,133,136,1,0.9963018459067127,hgb,2026-06-03T16:38:27
JCOMBS-PF5BRRYC_jcombs,secondary_85_15_85,2025-07-01 09:32:57,1803,1824,1827,1,0.9944520169922855,hgb,2026-06-03T16:38:27
JCOMBS-PF5PEZSE_jcombs,primary_80_20_80,2026-04-01 13:57:45,1986,2017,2038,1,0.960531862824391,hgb,2026-06-03T16:38:27
JEREMYCA-4BWNT1_jeremyca,strict_90_10_90,2023-11-28 14:25:30,3992,4023,4029,1,0.9876662421453364,hgb,2026-06-03T16:38:27
JEREMYCA-4BWNT1_jeremyca,primary_80_20_80,2023-11-28 13:55:25,3990,4023,4029,1,0.9556067158156772,hgb,2026-06-03T16:38:27
JEREMYCA-4BWNT1_jeremyca,secondary_85_15_85,2023-11-28 14:25:30,3992,4023,4029,1,0.9886535825254636,hgb,2026-06-03T16:38:27
JESTROFF-4G0AHW_jestroff,primary_80_20_80,2023-11-13 08:45:59,1369,1452,1454,0,0.40717862320530057,hgb,2026-06-03T16:38:27
JESTROFF-4G0AHW_jestroff,primary_80_20_80,2023-12-14 09:02:19,1791,1839,1842,0,0.5519319932020068,hgb,2026-06-03T16:38:27
JESTROFF-4G0AHW_jestroff,primary_80_20_80,2024-02-07 07:19:22,2530,2536,2539,0,0.10303986277161217,hgb,2026-06-03T16:38:27
JESTROFF-4G0AHW_jestroff,primary_80_20_80,2024-03-13 10:02:35,3072,3091,3096,0,0.06869195438092303,hgb,2026-06-03T16:38:27
JESTROFF-4SA4E9_jestroff,primary_80_20_80,2024-05-15 17:12:09,481,501,504,1,0.8196849182097261,hgb,2026-06-03T16:38:27
JESTROFF-4SA4E9_jestroff,primary_80_20_80,2024-08-05 08:57:45,1677,1802,1805,1,0.4678647667614272,hgb,2026-06-03T16:38:27
JESTROFF-4SA4E9_jestroff,primary_80_20_80,2024-10-01 14:15:45,2546,2591,2596,0,0.9454650346779051,hgb,2026-06-03T16:38:27
JESTROFF-4SA4E9_jestroff,primary_80_20_80,2025-04-06 15:37:40,3662,3755,3761,0,0.19467353564908693,hgb,2026-06-03T16:38:27
JFASANO-F4RXM66_jfasano,primary_80_20_80,2024-07-10 11:08:40,3003,3015,3023,1,0.994633001678429,hgb,2026-06-03T16:38:27
JFASANO-F4RXM66_jfasano,primary_80_20_80,2025-11-10 15:04:49,12594,12634,12653,1,0.9828017055148794,hgb,2026-06-03T16:38:27
JFASANO-F4RXM66_jfasano,primary_80_20_80,2025-11-12 16:27:44,12653,12665,12682,1,0.9787886395422969,hgb,2026-06-03T16:38:27
JINOUE1-F49SYAH_jinoue1,strict_90_10_90,2024-03-12 11:52:18,4407,4472,4480,1,0.9291635628013425,hgb,2026-06-03T16:38:27
JINOUE1-F49SYAH_jinoue1,primary_80_20_80,2024-01-15 11:27:19,3102,3116,3122,0,0.4149996005604345,hgb,2026-06-03T16:38:27
JINOUE1-F49SYAH_jinoue1,primary_80_20_80,2024-01-16 11:30:39,3122,3145,3150,0,0.4465270863802796,hgb,2026-06-03T16:38:27
JINOUE1-F49SYAH_jinoue1,primary_80_20_80,2024-01-17 11:29:29,3150,3170,3190,0,0.45131157050215764,hgb,2026-06-03T16:38:27
JINOUE1-F49SYAH_jinoue1,primary_80_20_80,2024-01-18 11:55:30,3190,3208,3213,0,0.4681252860762228,hgb,2026-06-03T16:38:27
JINOUE1-F49SYAH_jinoue1,primary_80_20_80,2024-01-22 09:53:49,3234,3259,3264,0,0.6787858983010981,hgb,2026-06-03T16:38:27
JINOUE1-F49SYAH_jinoue1,primary_80_20_80,2024-01-23 11:28:30,3264,3287,3292,0,0.4844318885111038,hgb,2026-06-03T16:38:27
JINOUE1-F49SYAH_jinoue1,primary_80_20_80,2024-02-16 11:20:10,3749,3771,3772,0,0.9759680139613259,hgb,2026-06-03T16:38:27
JINOUE1-F49SYAH_jinoue1,primary_80_20_80,2024-03-12 11:22:18,4406,4434,4439,1,0.9568539083349901,hgb,2026-06-03T16:38:27
JINOUE1-F49SYAH_jinoue1,primary_80_20_80,2024-03-13 11:26:53,4439,4468,4479,1,0.9466724157425277,hgb,2026-06-03T16:38:27
JINOUE1-F49SYAH_jinoue1,primary_80_20_80,2024-05-08 11:21:28,5470,5496,5507,0,0.6155725981533495,hgb,2026-06-03T16:38:27
JINOUE1-F49SYAH_jinoue1,secondary_85_15_85,2024-01-15 11:27:19,3102,3116,3122,0,0.4149996005604345,hgb,2026-06-03T16:38:27
JINOUE1-F49SYAH_jinoue1,secondary_85_15_85,2024-01-16 11:30:39,3122,3145,3150,0,0.4465270863802796,hgb,2026-06-03T16:38:27
JINOUE1-F49SYAH_jinoue1,secondary_85_15_85,2024-01-17 11:29:29,3150,3170,3190,0,0.45131157050215764,hgb,2026-06-03T16:38:27
JINOUE1-F49SYAH_jinoue1,secondary_85_15_85,2024-01-18 11:55:30,3190,3208,3213,0,0.4681252860762228,hgb,2026-06-03T16:38:27
JINOUE1-F49SYAH_jinoue1,secondary_85_15_85,2024-01-22 09:53:49,3234,3259,3264,0,0.6787858983010981,hgb,2026-06-03T16:38:27
JINOUE1-F49SYAH_jinoue1,secondary_85_15_85,2024-01-23 11:28:30,3264,3287,3292,0,0.4844318885111038,hgb,2026-06-03T16:38:27
JINOUE1-F49SYAH_jinoue1,secondary_85_15_85,2024-02-16 11:20:10,3749,3771,3772,0,0.9759680139613259,hgb,2026-06-03T16:38:27
JINOUE1-F49SYAH_jinoue1,secondary_85_15_85,2024-03-12 11:22:18,4406,4434,4439,1,0.9568539083349901,hgb,2026-06-03T16:38:27
JINOUE1-F49SYAH_jinoue1,secondary_85_15_85,2024-03-13 11:26:53,4439,4468,4480,1,0.9329294993985202,hgb,2026-06-03T16:38:27
JINOUE1-F49SYAH_jinoue1,secondary_85_15_85,2024-05-08 11:21:28,5470,5496,5507,0,0.6155725981533495,hgb,2026-06-03T16:38:27
JL18156-F3Z1LJN_JL18156,strict_90_10_90,2024-04-20 20:33:30,7882,7992,8000,1,0.9489863067735212,hgb,2026-06-03T16:38:27
JL18156-F3Z1LJN_JL18156,strict_90_10_90,2024-07-08 08:04:34,9270,9430,9447,1,0.8065482093173119,hgb,2026-06-03T16:38:27
JL18156-F3Z1LJN_JL18156,primary_80_20_80,2023-02-08 23:09:15,76,90,95,1,0.8809792485457407,hgb,2026-06-03T16:38:27
JL18156-F3Z1LJN_JL18156,primary_80_20_80,2023-04-18 22:26:57,1395,1416,1426,1,0.8678181415809828,hgb,2026-06-03T16:38:27
JL18156-F3Z1LJN_JL18156,primary_80_20_80,2024-02-08 12:40:47,6531,6538,6542,1,0.8708718954339031,hgb,2026-06-03T16:38:27
JL18156-F3Z1LJN_JL18156,primary_80_20_80,2024-04-20 19:43:00,7881,7986,8000,1,0.9146955200602729,hgb,2026-06-03T16:38:27
JL18156-F3Z1LJN_JL18156,primary_80_20_80,2024-07-08 08:04:34,9270,9404,9410,1,0.6784410269135571,hgb,2026-06-03T16:38:27
JL18156-F3Z1LJN_JL18156,primary_80_20_80,2024-07-12 09:01:11,9410,9429,9445,1,0.6931828674650263,hgb,2026-06-03T16:38:27
JL18156-F3Z1LJN_JL18156,primary_80_20_80,2025-10-06 17:25:49,16797,16801,16806,1,0.8558240543684819,hgb,2026-06-03T16:38:27
JL18156-F3Z1LJN_JL18156,secondary_85_15_85,2024-02-08 12:40:47,6531,6538,6542,1,0.8708718954339031,hgb,2026-06-03T16:38:27
JL18156-F3Z1LJN_JL18156,secondary_85_15_85,2024-04-20 20:33:30,7882,7986,8000,1,0.896666974948772,hgb,2026-06-03T16:38:27
JL18156-F3Z1LJN_JL18156,secondary_85_15_85,2024-07-08 08:04:34,9270,9405,9410,1,0.6835881497179519,hgb,2026-06-03T16:38:27
JL18156-F3Z1LJN_JL18156,secondary_85_15_85,2024-07-12 09:01:11,9410,9429,9446,1,0.6931828674650263,hgb,2026-06-03T16:38:27
JMATTHEWS2-YXHQ_jmatthews2,strict_90_10_90,2023-08-09 21:40:08,8,17,33,0,0.9026785425668559,hgb,2026-06-03T16:38:27
JMATTHEWS2-YXHQ_jmatthews2,strict_90_10_90,2023-08-10 07:13:35,33,60,64,0,0.929753475213229,hgb,2026-06-03T16:38:27
JMATTHEWS2-YXHQ_jmatthews2,strict_90_10_90,2023-08-29 13:33:43,855,1231,1236,0,0.9792721824338448,hgb,2026-06-03T16:38:27
JMATTHEWS2-YXHQ_jmatthews2,strict_90_10_90,2023-09-23 09:00:54,1882,2257,2262,1,0.9746747549806695,hgb,2026-06-03T16:38:27
JMATTHEWS2-YXHQ_jmatthews2,strict_90_10_90,2023-10-01 15:58:59,2262,2324,2328,1,0.9879283830295846,hgb,2026-06-03T16:38:27
JMATTHEWS2-YXHQ_jmatthews2,strict_90_10_90,2023-10-03 00:04:13,2328,2658,2664,1,0.9832022167862546,hgb,2026-06-03T16:38:27
JMATTHEWS2-YXHQ_jmatthews2,strict_90_10_90,2023-10-10 16:21:25,2664,3051,3054,0,0.9791472230957795,hgb,2026-06-03T16:38:27
JMATTHEWS2-YXHQ_jmatthews2,strict_90_10_90,2023-11-07 13:06:21,3878,3973,3977,1,0.8860787582040343,hgb,2026-06-03T16:38:27
JMATTHEWS2-YXHQ_jmatthews2,strict_90_10_90,2023-11-10 14:11:42,3977,4115,4118,1,0.9769354138878433,hgb,2026-06-03T16:38:27
JMATTHEWS2-YXHQ_jmatthews2,strict_90_10_90,2023-11-27 11:46:07,4487,4863,4865,1,0.9686945931448774,hgb,2026-06-03T16:38:27
JMATTHEWS2-YXHQ_jmatthews2,strict_90_10_90,2023-12-06 07:55:56,4865,5259,5280,0,0.9481272443069009,hgb,2026-06-03T16:38:27
JMATTHEWS2-YXHQ_jmatthews2,strict_90_10_90,2024-02-12 10:29:16,7688,8786,8792,1,0.7292577475224539,hgb,2026-06-03T16:38:27
JMATTHEWS2-YXHQ_jmatthews2,strict_90_10_90,2024-05-30 20:34:53,11934,12068,12073,1,0.9568497506459629,hgb,2026-06-03T16:38:27
JMATTHEWS2-YXHQ_jmatthews2,strict_90_10_90,2024-06-08 09:50:30,12308,12605,12611,1,0.9773715392333306,hgb,2026-06-03T16:38:27
JMATTHEWS2-YXHQ_jmatthews2,strict_90_10_90,2024-06-16 21:22:14,12632,12739,12742,1,0.9297462369612656,hgb,2026-06-03T16:38:27
JMATTHEWS2-YXHQ_jmatthews2,strict_90_10_90,2024-06-19 03:56:33,12742,12861,12864,1,0.9739984395305789,hgb,2026-06-03T16:38:27
JMATTHEWS2-YXHQ_jmatthews2,strict_90_10_90,2024-08-12 12:44:37,15057,15108,15112,0,0.9562649026335965,hgb,2026-06-03T16:38:27
JMATTHEWS2-YXHQ_jmatthews2,primary_80_20_80,2023-08-09 21:40:08,8,16,33,0,0.8760138306620393,hgb,2026-06-03T16:38:27
JMATTHEWS2-YXHQ_jmatthews2,primary_80_20_80,2023-08-10 07:13:35,33,60,63,0,0.929753475213229,hgb,2026-06-03T16:38:27
JMATTHEWS2-YXHQ_jmatthews2,primary_80_20_80,2023-08-29 13:33:43,855,1231,1235,0,0.9775029238726897,hgb,2026-06-03T16:38:27
JMATTHEWS2-YXHQ_jmatthews2,primary_80_20_80,2023-09-23 09:00:54,1882,2018,2057,1,0.9820696291511967,hgb,2026-06-03T16:38:27
JMATTHEWS2-YXHQ_jmatthews2,primary_80_20_80,2023-09-27 11:07:16,2057,2257,2262,1,0.9734523818126539,hgb,2026-06-03T16:38:27
JMATTHEWS2-YXHQ_jmatthews2,primary_80_20_80,2023-10-01 15:58:59,2262,2323,2327,1,0.988442683128122,hgb,2026-06-03T16:38:27
JMATTHEWS2-YXHQ_jmatthews2,primary_80_20_80,2023-10-02 23:34:13,2327,2606,2608,1,0.9919481166810791,hgb,2026-06-03T16:38:27
JMATTHEWS2-YXHQ_jmatthews2,primary_80_20_80,2023-10-09 11:41:50,2608,2657,2663,1,0.9704080374278692,hgb,2026-06-03T16:38:27
JMATTHEWS2-YXHQ_jmatthews2,primary_80_20_80,2023-10-10 15:51:25,2663,2754,2757,0,0.9714101905480733,hgb,2026-06-03T16:38:27
JMATTHEWS2-YXHQ_jmatthews2,primary_80_20_80,2023-10-12 21:00:55,2757,3050,3054,0,0.9640870263009446,hgb,2026-06-03T16:38:27
JMATTHEWS2-YXHQ_jmatthews2,primary_80_20_80,2023-11-07 13:06:21,3878,3973,3977,1,0.8860787582040343,hgb,2026-06-03T16:38:27
JMATTHEWS2-YXHQ_jmatthews2,primary_80_20_80,2023-11-10 14:11:42,3977,4114,4118,1,0.9754495134449493,hgb,2026-06-03T16:38:27
JMATTHEWS2-YXHQ_jmatthews2,primary_80_20_80,2023-11-21 13:16:58,4448,4459,4463,1,0.8585845377231871,hgb,2026-06-03T16:38:27
JMATTHEWS2-YXHQ_jmatthews2,primary_80_20_80,2023-11-27 11:46:07,4487,4863,4865,1,0.9686945931448774,hgb,2026-06-03T16:38:27
JMATTHEWS2-YXHQ_jmatthews2,primary_80_20_80,2023-12-06 07:55:56,4865,4872,4874,0,0.8816398482472183,hgb,2026-06-03T16:38:27
JMATTHEWS2-YXHQ_jmatthews2,primary_80_20_80,2023-12-06 12:56:02,4874,4889,4892,0,0.9185467526278114,hgb,2026-06-03T16:38:27
JMATTHEWS2-YXHQ_jmatthews2,primary_80_20_80,2023-12-07 12:46:50,4892,5259,5280,0,0.9562770091192712,hgb,2026-06-03T16:38:27
JMATTHEWS2-YXHQ_jmatthews2,primary_80_20_80,2024-02-12 10:29:16,7688,8481,8483,0,0.7506264965579833,hgb,2026-06-03T16:38:27
JMATTHEWS2-YXHQ_jmatthews2,primary_80_20_80,2024-02-29 00:43:48,8483,8785,8792,1,0.7686407676374304,hgb,2026-06-03T16:38:27
JMATTHEWS2-YXHQ_jmatthews2,primary_80_20_80,2024-03-06 11:35:56,8792,8845,8848,1,0.6855607745219182,hgb,2026-06-03T16:38:27
JMATTHEWS2-YXHQ_jmatthews2,primary_80_20_80,2024-03-07 12:37:55,8848,8871,8875,1,0.9690156790819723,hgb,2026-06-03T16:38:27
JMATTHEWS2-YXHQ_jmatthews2,primary_80_20_80,2024-03-11 07:12:37,8974,9000,9003,1,0.9615952402318275,hgb,2026-06-03T16:38:27
JMATTHEWS2-YXHQ_jmatthews2,primary_80_20_80,2024-03-12 06:59:01,9003,9052,9062,1,0.9700569112339864,hgb,2026-06-03T16:38:27
JMATTHEWS2-YXHQ_jmatthews2,primary_80_20_80,2024-03-13 18:51:56,9062,9085,9092,1,0.8988095482061994,hgb,2026-06-03T16:38:27
JMATTHEWS2-YXHQ_jmatthews2,primary_80_20_80,2024-05-30 20:34:53,11934,12068,12073,1,0.9568497506459629,hgb,2026-06-03T16:38:27
JMATTHEWS2-YXHQ_jmatthews2,primary_80_20_80,2024-06-08 09:50:30,12308,12472,12476,0,0.9877325631881111,hgb,2026-06-03T16:38:27
JMATTHEWS2-YXHQ_jmatthews2,primary_80_20_80,2024-06-11 20:55:25,12476,12604,12611,1,0.9764978713091708,hgb,2026-06-03T16:38:27
JMATTHEWS2-YXHQ_jmatthews2,primary_80_20_80,2024-06-16 21:22:14,12632,12739,12742,1,0.9297462369612656,hgb,2026-06-03T16:38:27
JMATTHEWS2-YXHQ_jmatthews2,primary_80_20_80,2024-06-19 03:56:33,12742,12861,12864,1,0.9739984395305789,hgb,2026-06-03T16:38:27
JMATTHEWS2-YXHQ_jmatthews2,primary_80_20_80,2024-06-27 15:56:54,13110,13310,13313,1,0.8982477953770198,hgb,2026-06-03T16:38:27
JMATTHEWS2-YXHQ_jmatthews2,primary_80_20_80,2024-07-02 09:11:05,13313,13656,13658,1,0.9604147510195019,hgb,2026-06-03T16:38:27
JMATTHEWS2-YXHQ_jmatthews2,primary_80_20_80,2024-07-18 08:56:05,14025,14032,14035,1,0.8846664146459347,hgb,2026-06-03T16:38:27
JMATTHEWS2-YXHQ_jmatthews2,primary_80_20_80,2024-07-20 16:25:18,14095,14298,14303,1,0.9948332453094856,hgb,2026-06-03T16:38:27
JMATTHEWS2-YXHQ_jmatthews2,primary_80_20_80,2024-08-12 11:44:37,15055,15108,15111,1,0.8956319044786298,hgb,2026-06-03T16:38:27
JMATTHEWS2-YXHQ_jmatthews2,primary_80_20_80,2024-08-13 14:44:38,15111,15117,15120,0,0.9801632508626184,hgb,2026-06-03T16:38:27
JMATTHEWS2-YXHQ_jmatthews2,primary_80_20_80,2024-08-23 20:24:40,15475,15659,15661,0,0.9336222129671389,hgb,2026-06-03T16:38:27
JMATTHEWS2-YXHQ_jmatthews2,primary_80_20_80,2024-08-27 23:59:02,15661,15733,15735,0,0.8800157496001467,hgb,2026-06-03T16:38:27
JMATTHEWS2-YXHQ_jmatthews2,primary_80_20_80,2024-09-19 08:51:31,16544,16547,16550,0,0.9376492326069363,hgb,2026-06-03T16:38:27
JMATTHEWS2-YXHQ_jmatthews2,secondary_85_15_85,2023-08-09 21:40:08,8,16,33,0,0.8760138306620393,hgb,2026-06-03T16:38:27
JMATTHEWS2-YXHQ_jmatthews2,secondary_85_15_85,2023-08-10 07:13:35,33,60,63,0,0.929753475213229,hgb,2026-06-03T16:38:27
JMATTHEWS2-YXHQ_jmatthews2,secondary_85_15_85,2023-08-29 13:33:43,855,1231,1236,0,0.9792721824338448,hgb,2026-06-03T16:38:27
JMATTHEWS2-YXHQ_jmatthews2,secondary_85_15_85,2023-09-23 09:00:54,1882,2019,2057,1,0.9752818179638226,hgb,2026-06-03T16:38:27
JMATTHEWS2-YXHQ_jmatthews2,secondary_85_15_85,2023-09-27 11:07:16,2057,2257,2262,1,0.9734523818126539,hgb,2026-06-03T16:38:27
JMATTHEWS2-YXHQ_jmatthews2,secondary_85_15_85,2023-10-01 15:58:59,2262,2324,2327,1,0.985914159228489,hgb,2026-06-03T16:38:27
JMATTHEWS2-YXHQ_jmatthews2,secondary_85_15_85,2023-10-02 23:34:13,2327,2658,2663,1,0.9913988843476318,hgb,2026-06-03T16:38:27
JMATTHEWS2-YXHQ_jmatthews2,secondary_85_15_85,2023-10-10 15:51:25,2663,3050,3054,0,0.9656319124137294,hgb,2026-06-03T16:38:27
JMATTHEWS2-YXHQ_jmatthews2,secondary_85_15_85,2023-11-07 13:06:21,3878,3973,3977,1,0.8860787582040343,hgb,2026-06-03T16:38:27
JMATTHEWS2-YXHQ_jmatthews2,secondary_85_15_85,2023-11-10 14:11:42,3977,4115,4118,1,0.9769354138878433,hgb,2026-06-03T16:38:27
JMATTHEWS2-YXHQ_jmatthews2,secondary_85_15_85,2023-11-21 13:16:58,4448,4460,4463,1,0.891513151025533,hgb,2026-06-03T16:38:27
JMATTHEWS2-YXHQ_jmatthews2,secondary_85_15_85,2023-11-27 11:46:07,4487,4863,4865,1,0.9686945931448774,hgb,2026-06-03T16:38:27
JMATTHEWS2-YXHQ_jmatthews2,secondary_85_15_85,2023-12-06 07:55:56,4865,4890,4892,0,0.9297355010773769,hgb,2026-06-03T16:38:27
JMATTHEWS2-YXHQ_jmatthews2,secondary_85_15_85,2023-12-07 12:46:50,4892,5259,5280,0,0.9562770091192712,hgb,2026-06-03T16:38:27
JMATTHEWS2-YXHQ_jmatthews2,secondary_85_15_85,2024-02-12 10:29:16,7688,8785,8792,1,0.7292577475224539,hgb,2026-06-03T16:38:27
JMATTHEWS2-YXHQ_jmatthews2,secondary_85_15_85,2024-03-06 11:35:56,8792,8871,8875,1,0.661262425534248,hgb,2026-06-03T16:38:27
JMATTHEWS2-YXHQ_jmatthews2,secondary_85_15_85,2024-03-11 07:12:37,8974,9086,9092,1,0.9744123346301837,hgb,2026-06-03T16:38:27
JMATTHEWS2-YXHQ_jmatthews2,secondary_85_15_85,2024-05-30 20:34:53,11934,12068,12073,1,0.9568497506459629,hgb,2026-06-03T16:38:27
JMATTHEWS2-YXHQ_jmatthews2,secondary_85_15_85,2024-06-08 09:50:30,12308,12604,12611,1,0.9773715392333306,hgb,2026-06-03T16:38:27
JMATTHEWS2-YXHQ_jmatthews2,secondary_85_15_85,2024-06-16 21:22:14,12632,12739,12742,1,0.9297462369612656,hgb,2026-06-03T16:38:27
JMATTHEWS2-YXHQ_jmatthews2,secondary_85_15_85,2024-06-19 03:56:33,12742,12861,12864,1,0.9739984395305789,hgb,2026-06-03T16:38:27
JMATTHEWS2-YXHQ_jmatthews2,secondary_85_15_85,2024-06-27 16:26:54,13111,13656,13658,1,0.9422053272085148,hgb,2026-06-03T16:38:27
JMATTHEWS2-YXHQ_jmatthews2,secondary_85_15_85,2024-07-18 08:56:05,14025,14032,14035,1,0.8846664146459347,hgb,2026-06-03T16:38:27
JMATTHEWS2-YXHQ_jmatthews2,secondary_85_15_85,2024-08-12 12:14:37,15056,15108,15111,1,0.8950215730147758,hgb,2026-06-03T16:38:27
JMATTHEWS2-YXHQ_jmatthews2,secondary_85_15_85,2024-08-13 14:44:38,15111,15117,15120,0,0.9801632508626184,hgb,2026-06-03T16:38:27
JMAYERSALMA-HDJ_jmayersalman,strict_90_10_90,2025-05-14 09:31:29,9,33,40,1,0.8850195649784918,hgb,2026-06-03T16:38:27
JMAYERSALMA-HDJ_jmayersalman,strict_90_10_90,2025-07-23 15:04:50,953,972,977,1,0.9938281550514483,hgb,2026-06-03T16:38:27
JMAYERSALMA-HDJ_jmayersalman,primary_80_20_80,2025-05-13 14:50:23,0,32,40,1,0.8978350680421765,hgb,2026-06-03T16:38:27
JMAYERSALMA-HDJ_jmayersalman,primary_80_20_80,2025-05-29 13:47:38,198,211,222,1,0.9868386101075142,hgb,2026-06-03T16:38:27
JMAYERSALMA-HDJ_jmayersalman,primary_80_20_80,2025-07-23 15:04:50,953,971,977,1,0.9940527877252423,hgb,2026-06-03T16:38:27
JMAYERSALMA-HDJ_jmayersalman,secondary_85_15_85,2025-05-14 09:31:29,9,33,40,1,0.8850195649784918,hgb,2026-06-03T16:38:27
JMAYERSALMA-HDJ_jmayersalman,secondary_85_15_85,2025-07-23 15:04:50,953,971,977,1,0.9940527877252423,hgb,2026-06-03T16:38:27
JMAYERSALMA-TNQ_jmayersalman,primary_80_20_80,2025-09-23 07:25:34,487,494,498,1,0.969256325506067,hgb,2026-06-03T16:38:27
JMAYERSALMA-TNQ_jmayersalman,primary_80_20_80,2025-10-07 15:08:17,742,785,787,1,0.9882487963753565,hgb,2026-06-03T16:38:27
JMAYERSALMA-TNQ_jmayersalman,primary_80_20_80,2025-12-02 11:53:22,1537,1584,1590,1,0.9843905255867577,hgb,2026-06-03T16:38:27
JMAYERSALMA-TNQ_jmayersalman,primary_80_20_80,2026-01-07 20:48:57,1999,2019,2021,1,0.9577447369480485,hgb,2026-06-03T16:38:27
JMAYERSALMA-TNQ_jmayersalman,primary_80_20_80,2026-01-15 22:20:49,2150,2185,2189,1,0.9597478138787531,hgb,2026-06-03T16:38:27
JMAYERSALMA-TNQ_jmayersalman,primary_80_20_80,2026-01-18 14:14:27,2189,2196,2197,1,0.9666737759594708,hgb,2026-06-03T16:38:27
JMAYERSALMA-TNQ_jmayersalman,secondary_85_15_85,2025-10-07 15:08:17,742,785,787,1,0.9882487963753565,hgb,2026-06-03T16:38:27
JMAYERSALMA-TNQ_jmayersalman,secondary_85_15_85,2026-01-07 20:48:57,1999,2019,2021,1,0.9577447369480485,hgb,2026-06-03T16:38:27
JMAYERSALMA-TNQ_jmayersalman,secondary_85_15_85,2026-01-15 22:20:49,2150,2185,2189,1,0.9597478138787531,hgb,2026-06-03T16:38:27
JNICHOL-F5MCDZS_jnichol,primary_80_20_80,2025-09-15 10:09:17,63,154,158,1,0.8924941987394261,hgb,2026-06-03T16:38:27
JNICHOL-F5MCDZS_jnichol,secondary_85_15_85,2025-09-15 10:09:17,63,155,159,1,0.9166712484418805,hgb,2026-06-03T16:38:27
JNUNEZ5-3000012_jnunez5,strict_90_10_90,2026-04-21 06:08:08,542,581,584,1,0.9757314114720083,hgb,2026-06-03T16:38:27
JNUNEZ5-3000012_jnunez5,strict_90_10_90,2026-05-05 00:13:47,738,785,790,1,0.9287620366319228,hgb,2026-06-03T16:38:27
JNUNEZ5-3000012_jnunez5,primary_80_20_80,2026-04-21 06:08:08,542,580,584,1,0.9475382596466724,hgb,2026-06-03T16:38:27
JNUNEZ5-3000012_jnunez5,primary_80_20_80,2026-05-05 00:13:47,738,755,761,1,0.8929490343899671,hgb,2026-06-03T16:38:27
JNUNEZ5-3000012_jnunez5,primary_80_20_80,2026-05-05 21:18:20,761,784,790,1,0.9265397897296441,hgb,2026-06-03T16:38:27
JNUNEZ5-3000012_jnunez5,secondary_85_15_85,2026-04-21 06:08:08,542,580,584,1,0.9475382596466724,hgb,2026-06-03T16:38:27
JNUNEZ5-3000012_jnunez5,secondary_85_15_85,2026-05-05 00:13:47,738,756,762,1,0.8719375161780363,hgb,2026-06-03T16:38:27
JNUNEZ5-3000012_jnunez5,secondary_85_15_85,2026-05-05 21:48:20,762,785,790,1,0.946267163852137,hgb,2026-06-03T16:38:27
JNUNEZ5-F4KXMXN_jnunez5,strict_90_10_90,2023-11-28 00:31:52,983,1026,1033,1,0.9724832730561345,hgb,2026-06-03T16:38:27
JNUNEZ5-F4KXMXN_jnunez5,primary_80_20_80,2023-11-28 00:31:52,983,1025,1033,1,0.950424041863722,hgb,2026-06-03T16:38:27
JNUNEZ5-F4KXMXN_jnunez5,secondary_85_15_85,2023-11-28 00:31:52,983,1026,1033,1,0.9746548486837437,hgb,2026-06-03T16:38:27
JNUNEZ5-F4ML5N5_jnunez5,primary_80_20_80,2023-12-11 20:21:52,95,128,138,1,0.9441820934351571,hgb,2026-06-03T16:38:27
JNUNEZ5-F4ML5N5_jnunez5,primary_80_20_80,2023-12-18 22:02:54,209,217,234,1,0.9655817631071182,hgb,2026-06-03T16:38:27
JNUNEZ5-F4ML5N5_jnunez5,primary_80_20_80,2023-12-19 18:39:30,234,245,254,1,0.9661279102973717,hgb,2026-06-03T16:38:27
JNUNEZ5-F4ML5N5_jnunez5,secondary_85_15_85,2023-12-18 22:02:54,209,218,234,1,0.9655817631071182,hgb,2026-06-03T16:38:27
JNUNEZ5-F4ML5N5_jnunez5,secondary_85_15_85,2023-12-19 18:39:30,234,245,255,1,0.9149366544683671,hgb,2026-06-03T16:38:27
JNUNEZ5-F588R5E_jnunez5,strict_90_10_90,2025-03-18 14:22:32,0,45,51,1,0.8559263076826553,hgb,2026-06-03T16:38:27
JNUNEZ5-F588R5E_jnunez5,strict_90_10_90,2025-03-19 11:53:55,51,84,90,1,0.9642444557020028,hgb,2026-06-03T16:38:27
JNUNEZ5-F588R5E_jnunez5,strict_90_10_90,2025-03-31 11:37:20,300,331,340,1,0.923454111309311,hgb,2026-06-03T16:38:27
JNUNEZ5-F588R5E_jnunez5,strict_90_10_90,2025-04-01 12:59:17,340,359,368,1,0.8931257572412001,hgb,2026-06-03T16:38:27
JNUNEZ5-F588R5E_jnunez5,strict_90_10_90,2025-04-02 13:09:34,368,396,407,1,0.9693130752006873,hgb,2026-06-03T16:38:27
JNUNEZ5-F588R5E_jnunez5,strict_90_10_90,2025-04-07 13:59:17,462,487,497,1,0.9724332872071509,hgb,2026-06-03T16:38:27
JNUNEZ5-F588R5E_jnunez5,strict_90_10_90,2025-04-08 13:01:16,497,536,546,1,0.9635639186228664,hgb,2026-06-03T16:38:27
JNUNEZ5-F588R5E_jnunez5,strict_90_10_90,2025-04-15 13:20:53,648,669,686,1,0.9256303991895051,hgb,2026-06-03T16:38:27
JNUNEZ5-F588R5E_jnunez5,strict_90_10_90,2025-04-16 13:13:04,686,704,707,1,0.9703703048840736,hgb,2026-06-03T16:38:27
JNUNEZ5-F588R5E_jnunez5,strict_90_10_90,2025-04-17 10:49:05,707,732,742,1,0.9148835922053349,hgb,2026-06-03T16:38:27
JNUNEZ5-F588R5E_jnunez5,strict_90_10_90,2025-04-26 00:07:17,838,891,938,1,0.9710892442287805,hgb,2026-06-03T16:38:27
JNUNEZ5-F588R5E_jnunez5,strict_90_10_90,2025-05-07 10:39:17,1072,1096,1105,1,0.9186241646702197,hgb,2026-06-03T16:38:27
JNUNEZ5-F588R5E_jnunez5,strict_90_10_90,2025-05-08 13:39:09,1105,1120,1130,1,0.9297845681435477,hgb,2026-06-03T16:38:27
JNUNEZ5-F588R5E_jnunez5,primary_80_20_80,2025-03-18 14:22:32,0,45,50,1,0.8670062152294882,hgb,2026-06-03T16:38:27
JNUNEZ5-F588R5E_jnunez5,primary_80_20_80,2025-03-19 11:23:55,50,84,90,1,0.9376065999489983,hgb,2026-06-03T16:38:27
JNUNEZ5-F588R5E_jnunez5,primary_80_20_80,2025-03-23 20:33:36,131,183,192,1,0.8674930089702014,hgb,2026-06-03T16:38:27
JNUNEZ5-F588R5E_jnunez5,primary_80_20_80,2025-03-31 11:37:20,300,331,338,1,0.8954048444035682,hgb,2026-06-03T16:38:27
JNUNEZ5-F588R5E_jnunez5,primary_80_20_80,2025-04-01 11:59:17,338,359,366,1,0.9037248025608352,hgb,2026-06-03T16:38:27
JNUNEZ5-F588R5E_jnunez5,primary_80_20_80,2025-04-02 12:09:34,366,396,407,1,0.9635929888575846,hgb,2026-06-03T16:38:27
JNUNEZ5-F588R5E_jnunez5,primary_80_20_80,2025-04-07 12:59:17,460,487,497,1,0.9391976313281482,hgb,2026-06-03T16:38:27
JNUNEZ5-F588R5E_jnunez5,primary_80_20_80,2025-04-08 13:01:16,497,534,546,1,0.936100561046536,hgb,2026-06-03T16:38:27
JNUNEZ5-F588R5E_jnunez5,primary_80_20_80,2025-04-15 13:20:53,648,669,686,1,0.9256303991895051,hgb,2026-06-03T16:38:27
JNUNEZ5-F588R5E_jnunez5,primary_80_20_80,2025-04-16 13:13:04,686,704,707,1,0.9703703048840736,hgb,2026-06-03T16:38:27
JNUNEZ5-F588R5E_jnunez5,primary_80_20_80,2025-04-17 10:49:05,707,708,711,1,0.8957772385592118,hgb,2026-06-03T16:38:27
JNUNEZ5-F588R5E_jnunez5,primary_80_20_80,2025-04-17 13:53:41,711,732,739,1,0.9192009847671232,hgb,2026-06-03T16:38:27
JNUNEZ5-F588R5E_jnunez5,primary_80_20_80,2025-04-21 13:54:04,762,797,805,1,0.8686385641953607,hgb,2026-06-03T16:38:27
JNUNEZ5-F588R5E_jnunez5,primary_80_20_80,2025-04-29 13:09:10,976,1000,1005,1,0.8689328160254062,hgb,2026-06-03T16:38:27
JNUNEZ5-F588R5E_jnunez5,primary_80_20_80,2025-05-01 11:33:07,1005,1016,1022,1,0.8671947780897054,hgb,2026-06-03T16:38:27
JNUNEZ5-F588R5E_jnunez5,primary_80_20_80,2025-05-05 12:17:15,1031,1063,1071,1,0.9027800835136964,hgb,2026-06-03T16:38:27
JNUNEZ5-F588R5E_jnunez5,primary_80_20_80,2025-05-07 10:09:17,1071,1095,1104,1,0.9140309036343348,hgb,2026-06-03T16:38:27
JNUNEZ5-F588R5E_jnunez5,primary_80_20_80,2025-05-08 13:09:09,1104,1118,1129,1,0.9258854201588613,hgb,2026-06-03T16:38:27
JNUNEZ5-F588R5E_jnunez5,secondary_85_15_85,2025-03-18 14:22:32,0,45,50,1,0.8670062152294882,hgb,2026-06-03T16:38:27
JNUNEZ5-F588R5E_jnunez5,secondary_85_15_85,2025-03-19 11:23:55,50,84,90,1,0.9376065999489983,hgb,2026-06-03T16:38:27
JNUNEZ5-F588R5E_jnunez5,secondary_85_15_85,2025-03-23 20:33:36,131,183,192,1,0.8674930089702014,hgb,2026-06-03T16:38:27
JNUNEZ5-F588R5E_jnunez5,secondary_85_15_85,2025-03-31 11:37:20,300,331,340,1,0.923454111309311,hgb,2026-06-03T16:38:27
JNUNEZ5-F588R5E_jnunez5,secondary_85_15_85,2025-04-01 12:59:17,340,359,368,1,0.8931257572412001,hgb,2026-06-03T16:38:27
JNUNEZ5-F588R5E_jnunez5,secondary_85_15_85,2025-04-02 13:09:34,368,396,407,1,0.9693130752006873,hgb,2026-06-03T16:38:27
JNUNEZ5-F588R5E_jnunez5,secondary_85_15_85,2025-04-07 12:59:17,460,487,497,1,0.9391976313281482,hgb,2026-06-03T16:38:27
JNUNEZ5-F588R5E_jnunez5,secondary_85_15_85,2025-04-08 13:01:16,497,535,546,1,0.9543294649306916,hgb,2026-06-03T16:38:27
JNUNEZ5-F588R5E_jnunez5,secondary_85_15_85,2025-04-15 13:20:53,648,669,686,1,0.9256303991895051,hgb,2026-06-03T16:38:27
JNUNEZ5-F588R5E_jnunez5,secondary_85_15_85,2025-04-16 13:13:04,686,704,707,1,0.9703703048840736,hgb,2026-06-03T16:38:27
JNUNEZ5-F588R5E_jnunez5,secondary_85_15_85,2025-04-17 10:49:05,707,732,739,1,0.9085000667453329,hgb,2026-06-03T16:38:27
JNUNEZ5-F588R5E_jnunez5,secondary_85_15_85,2025-04-21 13:54:04,762,797,805,1,0.8686385641953607,hgb,2026-06-03T16:38:27
JNUNEZ5-F588R5E_jnunez5,secondary_85_15_85,2025-04-29 13:09:10,976,1000,1005,1,0.8689328160254062,hgb,2026-06-03T16:38:27
JNUNEZ5-F588R5E_jnunez5,secondary_85_15_85,2025-05-05 12:17:15,1031,1064,1072,1,0.9089067545945859,hgb,2026-06-03T16:38:27
JNUNEZ5-F588R5E_jnunez5,secondary_85_15_85,2025-05-07 10:39:17,1072,1095,1105,1,0.9005231737488992,hgb,2026-06-03T16:38:27
JNUNEZ5-F588R5E_jnunez5,secondary_85_15_85,2025-05-08 13:39:09,1105,1119,1129,1,0.9201313121589288,hgb,2026-06-03T16:38:27
JNUNEZ5-W05SG98_jnunez5,primary_80_20_80,2023-08-30 21:04:36,522,575,581,1,0.98570927844597,hgb,2026-06-03T16:38:27
JNUNEZ5-W05SG98_jnunez5,secondary_85_15_85,2023-08-30 21:04:36,522,576,581,1,0.98570927844597,hgb,2026-06-03T16:38:27
JOSEPH_jmayersalman,primary_80_20_80,2026-02-02 08:25:38,126,177,184,1,0.8980143785409637,hgb,2026-06-03T16:38:27
JOSEPH_jmayersalman,primary_80_20_80,2026-02-19 06:50:13,419,442,443,1,0.977355723146625,hgb,2026-06-03T16:38:27
JOSEPH_jmayersalman,primary_80_20_80,2026-03-04 14:57:41,699,764,765,1,0.9774288282744966,hgb,2026-06-03T16:38:27
JOSHUA_jbowen2,primary_80_20_80,2025-12-05 11:28:14,2383,2411,2415,1,0.9802837580076671,hgb,2026-06-03T16:38:27
JPROULX-F5GQ0BB_jproulx,primary_80_20_80,2025-10-13 09:33:16,2190,2266,2270,1,0.9719514477113607,hgb,2026-06-03T16:38:27
JPROULX-F5GQ0BB_jproulx,primary_80_20_80,2025-10-20 10:10:42,2330,2384,2390,1,0.9722835842928332,hgb,2026-06-03T16:38:27
JPROULX-F5GQ0BB_jproulx,primary_80_20_80,2025-10-22 11:15:20,2390,2411,2417,1,0.9944081156640739,hgb,2026-06-03T16:38:27
JPROULX-F5GQ0BB_jproulx,primary_80_20_80,2025-12-15 10:11:49,3374,3465,3468,1,0.9690825152855672,hgb,2026-06-03T16:38:27
JPROULX-F5GQ0BB_jproulx,primary_80_20_80,2026-01-20 09:46:29,3849,3899,3908,1,0.9905589680547766,hgb,2026-06-03T16:38:27
JPROULX-F5GQ0BB_jproulx,primary_80_20_80,2026-02-17 09:10:02,4362,4387,4390,1,0.9853350199846722,hgb,2026-06-03T16:38:27
JPROULX-F5GQ0BB_jproulx,secondary_85_15_85,2025-10-20 10:10:42,2330,2385,2390,1,0.9855273755991267,hgb,2026-06-03T16:38:27
JQUINTERO-A2BYW_jquintero,strict_90_10_90,2025-06-09 12:34:46,6702,6750,6763,1,0.9979412618493747,hgb,2026-06-03T16:38:27
JQUINTERO-A2BYW_jquintero,primary_80_20_80,2024-03-20 08:11:18,0,44,50,1,0.9674877657178257,hgb,2026-06-03T16:38:27
JQUINTERO-A2BYW_jquintero,primary_80_20_80,2024-05-06 10:29:48,643,659,660,1,0.9575684614671702,hgb,2026-06-03T16:38:27
JQUINTERO-A2BYW_jquintero,primary_80_20_80,2025-06-09 12:34:46,6702,6749,6763,1,0.9968500526629509,hgb,2026-06-03T16:38:27
JQUINTERO-A2BYW_jquintero,secondary_85_15_85,2025-06-09 12:34:46,6702,6749,6763,1,0.9968500526629509,hgb,2026-06-03T16:38:27
JURAKAWA-3319AM_jurakawa,strict_90_10_90,2024-01-09 12:21:15,3988,3989,3996,1,0.8641478058618449,hgb,2026-06-03T16:38:27
JURAKAWA-3319AM_jurakawa,primary_80_20_80,2023-12-27 10:40:18,3958,3960,3967,0,0.09224637315383072,hgb,2026-06-03T16:38:27
JURAKAWA-3319AM_jurakawa,primary_80_20_80,2024-01-09 12:21:15,3988,3989,3996,1,0.8641478058618449,hgb,2026-06-03T16:38:27
JURAKAWA-3319AM_jurakawa,primary_80_20_80,2024-01-17 11:25:31,4082,4088,4093,0,0.6469065037794527,hgb,2026-06-03T16:38:27
JURAKAWA-3319AM_jurakawa,secondary_85_15_85,2024-01-09 12:21:15,3988,3989,3996,1,0.8641478058618449,hgb,2026-06-03T16:38:27
JURAKAWA-3319AM_jurakawa,secondary_85_15_85,2024-01-17 11:25:31,4082,4088,4093,0,0.6469065037794527,hgb,2026-06-03T16:38:27
JXU9-PF3SLCZ3_jxu9,primary_80_20_80,2025-11-05 11:07:58,4318,4329,4333,1,0.30137908573134775,hgb,2026-06-03T16:38:27
JXU9-PF3SLCZ3_jxu9,secondary_85_15_85,2025-11-05 11:07:58,4318,4330,4333,1,0.5771683706971914,hgb,2026-06-03T16:38:27
KANGYINGB-LFXB1_kangyingb,strict_90_10_90,2025-06-08 15:48:11,56,77,83,0,0.67592782661375,hgb,2026-06-03T16:38:27
KANGYINGB-LFXB1_kangyingb,strict_90_10_90,2025-06-30 10:59:13,399,432,437,1,0.994547039564733,hgb,2026-06-03T16:38:27
KANGYINGB-LFXB1_kangyingb,primary_80_20_80,2025-06-08 15:48:11,56,76,83,0,0.5467055340859692,hgb,2026-06-03T16:38:27
KANGYINGB-LFXB1_kangyingb,primary_80_20_80,2025-06-30 10:59:13,399,431,436,1,0.992115903515101,hgb,2026-06-03T16:38:27
KANGYINGB-LFXB1_kangyingb,secondary_85_15_85,2025-06-08 15:48:11,56,76,83,0,0.5467055340859692,hgb,2026-06-03T16:38:27
KANGYINGB-LFXB1_kangyingb,secondary_85_15_85,2025-06-30 10:59:13,399,432,436,1,0.9934115499680731,hgb,2026-06-03T16:38:27
KAYLEY_Kayle,strict_90_10_90,2025-04-28 20:02:33,119,129,133,1,0.9908981914389471,hgb,2026-06-03T16:38:27
KAYLEY_Kayle,primary_80_20_80,2025-04-28 20:02:33,119,129,133,1,0.9908981914389471,hgb,2026-06-03T16:38:27
KAYLEY_Kayle,secondary_85_15_85,2025-04-28 20:02:33,119,129,133,1,0.9908981914389471,hgb,2026-06-03T16:38:27
KAZUK_PR2,strict_90_10_90,2023-05-22 12:08:11,1620,1630,1639,1,0.9734620946139979,hgb,2026-06-03T16:38:27
KAZUK_PR2,strict_90_10_90,2023-05-22 18:40:16,1639,1656,1660,1,0.97378740767403,hgb,2026-06-03T16:38:27
KAZUK_PR2,strict_90_10_90,2023-07-12 19:58:13,3206,3519,3524,1,0.9767494683731448,hgb,2026-06-03T16:38:27
KAZUK_PR2,strict_90_10_90,2023-07-19 19:14:06,3524,3560,3566,1,0.9690032280646528,hgb,2026-06-03T16:38:27
KAZUK_PR2,strict_90_10_90,2023-08-29 03:00:41,4601,4652,4656,1,0.9355991378653642,hgb,2026-06-03T16:38:27
KAZUK_PR2,strict_90_10_90,2023-12-19 13:55:45,6325,6347,6354,1,0.9367579794424292,hgb,2026-06-03T16:38:27
KAZUK_PR2,strict_90_10_90,2023-12-29 06:12:09,6480,6518,6526,1,0.9417216903077749,hgb,2026-06-03T16:38:27
KAZUK_PR2,strict_90_10_90,2024-01-04 16:07:33,6683,6697,6703,1,0.9349459372674314,hgb,2026-06-03T16:38:27
KAZUK_PR2,strict_90_10_90,2024-01-05 14:52:30,6703,6710,6720,1,0.9620374833492512,hgb,2026-06-03T16:38:27
KAZUK_PR2,strict_90_10_90,2024-01-05 23:09:19,6720,6738,6743,1,0.9004584249771781,hgb,2026-06-03T16:38:27
KAZUK_PR2,strict_90_10_90,2024-01-07 03:16:49,6743,6767,6773,1,0.9440959021358231,hgb,2026-06-03T16:38:27
KAZUK_PR2,strict_90_10_90,2024-01-08 03:12:14,6773,6793,6798,1,0.9567299017946745,hgb,2026-06-03T16:38:27
KAZUK_PR2,strict_90_10_90,2024-01-09 13:01:30,6798,6839,6850,1,0.9344735866332463,hgb,2026-06-03T16:38:27
KAZUK_PR2,primary_80_20_80,2023-05-19 16:10:17,1553,1611,1619,1,0.9658191932238339,hgb,2026-06-03T16:38:27
KAZUK_PR2,primary_80_20_80,2023-05-22 11:38:11,1619,1629,1638,1,0.9554694108720694,hgb,2026-06-03T16:38:27
KAZUK_PR2,primary_80_20_80,2023-05-22 18:10:16,1638,1655,1660,1,0.9425928609580717,hgb,2026-06-03T16:38:27
KAZUK_PR2,primary_80_20_80,2023-06-05 23:22:23,2098,2177,2187,1,0.9406953992769135,hgb,2026-06-03T16:38:27
KAZUK_PR2,primary_80_20_80,2023-06-08 04:19:35,2187,2293,2314,1,0.9495767936652939,hgb,2026-06-03T16:38:27
KAZUK_PR2,primary_80_20_80,2023-06-11 07:44:45,2314,2520,2523,1,0.915790051342506,hgb,2026-06-03T16:38:27
KAZUK_PR2,primary_80_20_80,2023-07-12 19:28:13,3205,3519,3523,1,0.9742745189708576,hgb,2026-06-03T16:38:27
KAZUK_PR2,primary_80_20_80,2023-07-19 18:44:06,3523,3559,3566,1,0.8788353183552491,hgb,2026-06-03T16:38:27
KAZUK_PR2,primary_80_20_80,2023-08-29 02:30:41,4600,4651,4656,1,0.9630068755409467,hgb,2026-06-03T16:38:27
KAZUK_PR2,primary_80_20_80,2023-12-19 13:55:45,6325,6347,6353,1,0.948841436975665,hgb,2026-06-03T16:38:27
KAZUK_PR2,primary_80_20_80,2023-12-20 02:39:57,6353,6386,6389,1,0.8826978609459127,hgb,2026-06-03T16:38:27
KAZUK_PR2,primary_80_20_80,2023-12-29 06:12:09,6480,6517,6525,1,0.861118780743896,hgb,2026-06-03T16:38:27
KAZUK_PR2,primary_80_20_80,2024-01-02 04:53:45,6607,6633,6638,1,0.9861630215227347,hgb,2026-06-03T16:38:27
KAZUK_PR2,primary_80_20_80,2024-01-02 20:13:40,6638,6674,6683,1,0.8553601038206976,hgb,2026-06-03T16:38:27
KAZUK_PR2,primary_80_20_80,2024-01-04 16:07:33,6683,6697,6703,1,0.9349459372674314,hgb,2026-06-03T16:38:27
KAZUK_PR2,primary_80_20_80,2024-01-05 14:52:30,6703,6710,6720,1,0.9620374833492512,hgb,2026-06-03T16:38:27
KAZUK_PR2,primary_80_20_80,2024-01-05 23:09:19,6720,6738,6743,1,0.9004584249771781,hgb,2026-06-03T16:38:27
KAZUK_PR2,primary_80_20_80,2024-01-07 03:16:49,6743,6766,6772,1,0.9194540928830961,hgb,2026-06-03T16:38:27
KAZUK_PR2,primary_80_20_80,2024-01-08 02:42:14,6772,6793,6797,1,0.953250374930283,hgb,2026-06-03T16:38:27
KAZUK_PR2,primary_80_20_80,2024-01-09 12:31:30,6797,6838,6849,1,0.9715364675169971,hgb,2026-06-03T16:38:27
KAZUK_PR2,primary_80_20_80,2024-01-10 23:03:43,6849,6890,6907,1,0.8841074524204758,hgb,2026-06-03T16:38:27
KAZUK_PR2,secondary_85_15_85,2023-05-22 11:38:11,1619,1629,1638,1,0.9554694108720694,hgb,2026-06-03T16:38:27
KAZUK_PR2,secondary_85_15_85,2023-05-22 18:10:16,1638,1656,1660,1,0.9711611055708432,hgb,2026-06-03T16:38:27
KAZUK_PR2,secondary_85_15_85,2023-06-05 23:22:23,2098,2177,2187,1,0.9406953992769135,hgb,2026-06-03T16:38:27
KAZUK_PR2,secondary_85_15_85,2023-07-12 19:28:13,3205,3519,3524,1,0.9767494683731448,hgb,2026-06-03T16:38:27
KAZUK_PR2,secondary_85_15_85,2023-07-19 19:14:06,3524,3559,3566,1,0.9179692618906132,hgb,2026-06-03T16:38:27
KAZUK_PR2,secondary_85_15_85,2023-08-29 02:30:41,4600,4652,4656,1,0.9692168065980827,hgb,2026-06-03T16:38:27
KAZUK_PR2,secondary_85_15_85,2023-12-19 13:55:45,6325,6347,6353,1,0.948841436975665,hgb,2026-06-03T16:38:27
KAZUK_PR2,secondary_85_15_85,2023-12-20 02:39:57,6353,6386,6390,1,0.9313221973471286,hgb,2026-06-03T16:38:27
KAZUK_PR2,secondary_85_15_85,2023-12-29 06:12:09,6480,6518,6526,1,0.9417216903077749,hgb,2026-06-03T16:38:27
KAZUK_PR2,secondary_85_15_85,2024-01-02 04:53:45,6607,6674,6683,1,0.9868517293709557,hgb,2026-06-03T16:38:27
KAZUK_PR2,secondary_85_15_85,2024-01-04 16:07:33,6683,6697,6703,1,0.9349459372674314,hgb,2026-06-03T16:38:27
KAZUK_PR2,secondary_85_15_85,2024-01-05 14:52:30,6703,6710,6720,1,0.9620374833492512,hgb,2026-06-03T16:38:27
KAZUK_PR2,secondary_85_15_85,2024-01-05 23:09:19,6720,6738,6743,1,0.9004584249771781,hgb,2026-06-03T16:38:27
KAZUK_PR2,secondary_85_15_85,2024-01-07 03:16:49,6743,6766,6773,1,0.9022707766032739,hgb,2026-06-03T16:38:27
KAZUK_PR2,secondary_85_15_85,2024-01-08 03:12:14,6773,6793,6797,1,0.9548050696236615,hgb,2026-06-03T16:38:27
KAZUK_PR2,secondary_85_15_85,2024-01-09 12:31:30,6797,6839,6850,1,0.9668145594998176,hgb,2026-06-03T16:38:27
KCHAUHAN1-Y538L_kchauhan1,strict_90_10_90,2024-06-17 20:57:39,14,24,28,0,0.9456429107275224,hgb,2026-06-03T16:38:27
KCHAUHAN1-Y538L_kchauhan1,primary_80_20_80,2024-06-17 11:41:42,0,7,14,0,0.8897559257670661,hgb,2026-06-03T16:38:27
KCHAUHAN1-Y538L_kchauhan1,primary_80_20_80,2024-06-17 20:57:39,14,23,28,0,0.9279487703971345,hgb,2026-06-03T16:38:27
KCHAUHAN1-Y538L_kchauhan1,primary_80_20_80,2024-06-27 12:08:22,128,143,148,1,0.4299235352904906,hgb,2026-06-03T16:38:27
KCHAUHAN1-Y538L_kchauhan1,primary_80_20_80,2024-06-28 10:43:46,148,154,159,1,0.83639110200701,hgb,2026-06-03T16:38:27
KCHAUHAN1-Y538L_kchauhan1,primary_80_20_80,2024-08-08 09:43:48,500,511,514,1,0.9232410028027891,hgb,2026-06-03T16:38:27
KCHAUHAN1-Y538L_kchauhan1,secondary_85_15_85,2024-06-17 20:57:39,14,23,28,0,0.9279487703971345,hgb,2026-06-03T16:38:27
KCHAUHAN1-Y538L_kchauhan1,secondary_85_15_85,2024-06-28 10:43:46,148,155,159,1,0.7832364915747068,hgb,2026-06-03T16:38:27
KDARDEN-F4CFJD9_kdarden,strict_90_10_90,2023-08-24 10:29:54,1507,1549,1558,0,0.2325667736950325,hgb,2026-06-03T16:38:27
KDARDEN-F4CFJD9_kdarden,strict_90_10_90,2023-11-28 11:56:45,3517,3565,3571,0,0.050605869758707234,hgb,2026-06-03T16:38:27
KDARDEN-F4CFJD9_kdarden,primary_80_20_80,2023-08-24 09:59:54,1506,1548,1558,0,0.037873194868519304,hgb,2026-06-03T16:38:27
KDARDEN-F4CFJD9_kdarden,primary_80_20_80,2023-11-28 11:26:45,3516,3564,3570,0,0.044198291681638295,hgb,2026-06-03T16:38:27
KDARDEN-F4CFJD9_kdarden,primary_80_20_80,2023-12-05 20:52:14,3717,3749,3757,0,0.05143134375845559,hgb,2026-06-03T16:38:27
KDARDEN-F4CFJD9_kdarden,primary_80_20_80,2024-04-01 12:15:45,5841,5911,5916,0,0.006225717329304144,hgb,2026-06-03T16:38:27
KDARDEN-F4CFJD9_kdarden,secondary_85_15_85,2023-08-24 09:59:54,1506,1548,1558,0,0.037873194868519304,hgb,2026-06-03T16:38:27
KDARDEN-F4CFJD9_kdarden,secondary_85_15_85,2023-11-28 11:26:45,3516,3564,3571,0,0.04547024232604353,hgb,2026-06-03T16:38:27
KDARDEN-F4CFJD9_kdarden,secondary_85_15_85,2023-12-05 20:52:14,3717,3749,3757,0,0.05143134375845559,hgb,2026-06-03T16:38:27
KILLEBREW,strict_90_10_90,2025-06-16 22:49:17,9728,9775,9783,0,0.9931095200680617,hgb,2026-06-03T16:38:27
KILLEBREW,strict_90_10_90,2025-10-20 09:13:19,12167,12180,12184,0,0.758649308996483,hgb,2026-06-03T16:38:27
KILLEBREW,primary_80_20_80,2024-04-17 09:00:01,4188,4225,4228,1,0.16845817424957624,hgb,2026-06-03T16:38:27
KILLEBREW,primary_80_20_80,2024-11-20 07:21:40,7024,7037,7041,0,0.7328999112930537,hgb,2026-06-03T16:38:27
KILLEBREW,primary_80_20_80,2025-02-26 21:12:43,8188,8206,8209,0,0.1267109595359406,hgb,2026-06-03T16:38:27
KILLEBREW,primary_80_20_80,2025-06-16 22:49:17,9728,9773,9782,0,0.9659737670424495,hgb,2026-06-03T16:38:27
KILLEBREW,primary_80_20_80,2025-09-08 09:03:03,11047,11311,11316,1,0.9754431217011166,hgb,2026-06-03T16:38:27
KILLEBREW,primary_80_20_80,2025-10-20 09:13:19,12167,12179,12183,0,0.9091376014300233,hgb,2026-06-03T16:38:27
KILLEBREW,primary_80_20_80,2025-12-18 09:28:26,13160,13176,13177,1,0.9741210790271431,hgb,2026-06-03T16:38:27
KILLEBREW,secondary_85_15_85,2024-11-20 07:21:40,7024,7037,7042,0,0.7724411126150115,hgb,2026-06-03T16:38:27
KILLEBREW,secondary_85_15_85,2025-06-16 22:49:17,9728,9774,9782,0,0.9659737670424495,hgb,2026-06-03T16:38:27
KILLEBREW,secondary_85_15_85,2025-10-20 09:13:19,12167,12180,12183,0,0.8988819991109168,hgb,2026-06-03T16:38:27
KINOUE4XF49VR0W_kinoue4,strict_90_10_90,2023-12-14 02:06:40,3910,3920,3933,0,0.30297380108322064,hgb,2026-06-03T16:38:27
KINOUE4XF49VR0W_kinoue4,strict_90_10_90,2024-01-09 11:05:40,4175,4197,4208,0,0.9637010541244285,hgb,2026-06-03T16:38:27
KINOUE4XF49VR0W_kinoue4,strict_90_10_90,2024-08-23 13:46:13,7784,7794,7799,0,0.12547813634295027,hgb,2026-06-03T16:38:27
KINOUE4XF49VR0W_kinoue4,primary_80_20_80,2023-05-29 18:47:31,586,595,604,0,0.7209946381062623,hgb,2026-06-03T16:38:27
KINOUE4XF49VR0W_kinoue4,primary_80_20_80,2023-06-14 14:03:30,839,845,851,0,0.7364221936743544,hgb,2026-06-03T16:38:27
KINOUE4XF49VR0W_kinoue4,primary_80_20_80,2023-06-15 00:15:30,851,867,872,0,0.8009253843419233,hgb,2026-06-03T16:38:27
KINOUE4XF49VR0W_kinoue4,primary_80_20_80,2023-12-14 02:06:40,3910,3919,3928,0,0.3177668661638534,hgb,2026-06-03T16:38:27
KINOUE4XF49VR0W_kinoue4,primary_80_20_80,2024-01-09 11:05:40,4175,4196,4203,0,0.9321318731816701,hgb,2026-06-03T16:38:27
KINOUE4XF49VR0W_kinoue4,primary_80_20_80,2024-02-19 11:02:24,4918,4981,4984,0,0.03196177892403317,hgb,2026-06-03T16:38:27
KINOUE4XF49VR0W_kinoue4,primary_80_20_80,2024-03-05 11:47:40,5156,5164,5174,0,0.027039565381839492,hgb,2026-06-03T16:38:27
KINOUE4XF49VR0W_kinoue4,primary_80_20_80,2024-03-07 12:12:28,5212,5222,5232,0,0.032902138958368764,hgb,2026-06-03T16:38:27
KINOUE4XF49VR0W_kinoue4,primary_80_20_80,2024-03-13 13:20:26,5308,5315,5318,0,0.010672171264763199,hgb,2026-06-03T16:38:27
KINOUE4XF49VR0W_kinoue4,primary_80_20_80,2024-03-19 15:06:18,5385,5390,5395,0,0.012043300399294722,hgb,2026-06-03T16:38:27
KINOUE4XF49VR0W_kinoue4,primary_80_20_80,2024-08-23 13:23:27,7783,7794,7798,0,0.09063001088992256,hgb,2026-06-03T16:38:27
KINOUE4XF49VR0W_kinoue4,primary_80_20_80,2024-09-02 09:44:13,7956,7972,7982,0,0.08660664364138194,hgb,2026-06-03T16:38:27
KINOUE4XF49VR0W_kinoue4,secondary_85_15_85,2023-06-14 14:03:30,839,846,851,0,0.7225287659882178,hgb,2026-06-03T16:38:27
KINOUE4XF49VR0W_kinoue4,secondary_85_15_85,2023-12-14 02:06:40,3910,3919,3928,0,0.3177668661638534,hgb,2026-06-03T16:38:27
KINOUE4XF49VR0W_kinoue4,secondary_85_15_85,2024-01-09 11:05:40,4175,4197,4203,0,0.9542248454834557,hgb,2026-06-03T16:38:27
KINOUE4XF49VR0W_kinoue4,secondary_85_15_85,2024-03-13 13:20:26,5308,5315,5318,0,0.010672171264763199,hgb,2026-06-03T16:38:27
KINOUE4XF49VR0W_kinoue4,secondary_85_15_85,2024-03-19 15:06:18,5385,5391,5395,0,0.012638869055074609,hgb,2026-06-03T16:38:27
KINOUE4XF49VR0W_kinoue4,secondary_85_15_85,2024-08-23 13:23:27,7783,7794,7798,0,0.09063001088992256,hgb,2026-06-03T16:38:27
KIRRO-ALLOYSIT7_Kirro,strict_90_10_90,2025-08-17 23:13:03,3914,3946,3954,1,0.9848245645852864,hgb,2026-06-03T16:38:27
KIRRO-ALLOYSIT7_Kirro,strict_90_10_90,2025-09-03 02:26:35,4237,4273,4298,1,0.8228488109155877,hgb,2026-06-03T16:38:27
KIRRO-ALLOYSIT7_Kirro,strict_90_10_90,2025-10-15 08:06:58,4839,4864,4882,1,0.9496163274578991,hgb,2026-06-03T16:38:27
KIRRO-ALLOYSIT7_Kirro,strict_90_10_90,2025-11-05 14:28:29,5260,5289,5293,1,0.9665764097013319,hgb,2026-06-03T16:38:27
KIRRO-ALLOYSIT7_Kirro,strict_90_10_90,2026-04-13 11:58:51,7765,7777,7806,1,0.9597744826144284,hgb,2026-06-03T16:38:27
KIRRO-ALLOYSIT7_Kirro,primary_80_20_80,2025-01-13 14:07:49,719,931,937,1,0.9171515302998271,hgb,2026-06-03T16:38:27
KIRRO-ALLOYSIT7_Kirro,primary_80_20_80,2025-01-17 00:09:45,937,946,949,1,0.9828140025700479,hgb,2026-06-03T16:38:27
KIRRO-ALLOYSIT7_Kirro,primary_80_20_80,2025-01-17 13:25:41,949,968,972,1,0.8112894913152869,hgb,2026-06-03T16:38:27
KIRRO-ALLOYSIT7_Kirro,primary_80_20_80,2025-03-26 14:39:50,1680,1709,1723,1,0.9694041629343163,hgb,2026-06-03T16:38:27
KIRRO-ALLOYSIT7_Kirro,primary_80_20_80,2025-06-01 21:44:37,2655,2699,2703,1,0.8973753784770623,hgb,2026-06-03T16:38:27
KIRRO-ALLOYSIT7_Kirro,primary_80_20_80,2025-09-03 02:26:35,4237,4272,4297,1,0.8609924833842065,hgb,2026-06-03T16:38:27
KIRRO-ALLOYSIT7_Kirro,primary_80_20_80,2025-10-15 01:08:10,4837,4864,4882,1,0.9648335407524712,hgb,2026-06-03T16:38:27
KIRRO-ALLOYSIT7_Kirro,primary_80_20_80,2025-11-05 14:02:25,5259,5288,5293,1,0.947015852310483,hgb,2026-06-03T16:38:27
KIRRO-ALLOYSIT7_Kirro,primary_80_20_80,2025-11-13 13:34:47,5457,5464,5486,1,0.8786886166559568,hgb,2026-06-03T16:38:27
KIRRO-ALLOYSIT7_Kirro,primary_80_20_80,2025-12-09 15:02:32,5926,5991,5992,1,0.965479021381077,hgb,2026-06-03T16:38:27
KIRRO-ALLOYSIT7_Kirro,primary_80_20_80,2026-04-07 23:06:33,7677,7718,7722,1,0.8568643120113625,hgb,2026-06-03T16:38:27
KIRRO-ALLOYSIT7_Kirro,primary_80_20_80,2026-04-09 15:20:25,7722,7731,7737,1,0.9775500022964727,hgb,2026-06-03T16:38:27
KIRRO-ALLOYSIT7_Kirro,primary_80_20_80,2026-04-13 11:28:51,7764,7776,7782,1,0.7088931411833848,hgb,2026-06-03T16:38:27
KIRRO-ALLOYSIT7_Kirro,primary_80_20_80,2026-04-19 16:06:29,7910,7975,7981,1,0.4585245023231966,hgb,2026-06-03T16:38:27
KIRRO-ALLOYSIT7_Kirro,secondary_85_15_85,2025-01-13 14:07:49,719,932,937,1,0.9492696721018211,hgb,2026-06-03T16:38:27
KIRRO-ALLOYSIT7_Kirro,secondary_85_15_85,2025-09-03 02:26:35,4237,4272,4297,1,0.8609924833842065,hgb,2026-06-03T16:38:27
KIRRO-ALLOYSIT7_Kirro,secondary_85_15_85,2025-10-15 01:08:10,4837,4864,4882,1,0.9648335407524712,hgb,2026-06-03T16:38:27
KIRRO-ALLOYSIT7_Kirro,secondary_85_15_85,2025-11-05 14:02:25,5259,5289,5293,1,0.9499135040215186,hgb,2026-06-03T16:38:27
KIRRO-ALLOYSIT7_Kirro,secondary_85_15_85,2025-12-09 15:32:32,5927,5991,5992,1,0.965479021381077,hgb,2026-06-03T16:38:27
KIRRO-ALLOYSIT7_Kirro,secondary_85_15_85,2026-04-07 23:36:33,7678,7732,7737,1,0.8731834392138643,hgb,2026-06-03T16:38:27
KIRRO-ALLOYSIT7_Kirro,secondary_85_15_85,2026-04-13 11:28:51,7764,7776,7806,1,0.6392048983183796,hgb,2026-06-03T16:38:27
KIRRO-ALLOYSIT7_Kirro,secondary_85_15_85,2026-04-19 16:06:29,7910,7975,7982,1,0.4868513168144368,hgb,2026-06-03T16:38:27
KMAKI-PF45ET63_kmaki,primary_80_20_80,2024-04-04 18:48:20,0,21,41,0,0.8518275636330752,hgb,2026-06-03T16:38:27
KMAKI-PF45ET63_kmaki,primary_80_20_80,2024-05-06 01:47:38,587,596,599,0,0.18660551791164887,hgb,2026-06-03T16:38:27
KMAKI-PF45ET63_kmaki,primary_80_20_80,2024-05-06 21:41:30,599,670,673,0,0.09436233666771274,hgb,2026-06-03T16:38:27
KMAKI-PF45ET63_kmaki,primary_80_20_80,2024-05-22 09:25:51,1021,1052,1071,0,0.07779346157935288,hgb,2026-06-03T16:38:27
KMAKI-PF45ET63_kmaki,secondary_85_15_85,2024-04-04 18:48:20,0,21,41,0,0.8518275636330752,hgb,2026-06-03T16:38:27
KMAKI-PF4WSHXN_kmaki,strict_90_10_90,2025-03-13 10:24:02,3794,3866,3875,1,0.9958066140063607,hgb,2026-06-03T16:38:27
KMAKI-PF4WSHXN_kmaki,primary_80_20_80,2024-10-25 08:59:44,175,190,193,1,0.9901799059731767,hgb,2026-06-03T16:38:27
KMAKI-PF4WSHXN_kmaki,primary_80_20_80,2025-03-13 00:53:39,3788,3866,3875,1,0.9813293483606385,hgb,2026-06-03T16:38:27
KMAKI-PF4WSHXN_kmaki,primary_80_20_80,2025-07-23 11:51:42,7146,7163,7165,1,0.9926067793149892,hgb,2026-06-03T16:38:27
KMAKI-PF4WSHXN_kmaki,secondary_85_15_85,2024-10-25 09:29:35,177,190,193,1,0.9909996117641194,hgb,2026-06-03T16:38:27
KMAKI-PF4WSHXN_kmaki,secondary_85_15_85,2025-03-13 09:54:02,3793,3866,3875,1,0.9797147385308254,hgb,2026-06-03T16:38:27
KMAKI-PF4WSHXN_kmaki,secondary_85_15_85,2025-07-23 11:51:42,7146,7164,7165,1,0.9932800239720939,hgb,2026-06-03T16:38:27
KSERDAR-W0A2BP3_kserdar,primary_80_20_80,2024-09-14 19:07:45,3390,3494,3499,1,0.980073305898195,hgb,2026-06-03T16:38:27
KSERDAR-W0A2BP3_kserdar,primary_80_20_80,2024-09-17 11:13:19,3499,3519,3525,1,0.9941203006332999,hgb,2026-06-03T16:38:27
KSERDAR-W0A2BP3_kserdar,primary_80_20_80,2025-04-16 11:02:11,6599,6646,6650,1,0.5121374496875994,hgb,2026-06-03T16:38:27
KSERDAR-W0A2BP3_kserdar,primary_80_20_80,2025-04-18 10:38:36,6650,6664,6667,1,0.9764672733453368,hgb,2026-06-03T16:38:27
KSHIBATAX3Y83N9_KSHIBATA,strict_90_10_90,2024-01-22 00:25:23,10306,10382,10388,0,0.326185890687763,hgb,2026-06-03T16:38:27
KSHIBATAX3Y83N9_KSHIBATA,strict_90_10_90,2024-04-13 11:15:41,12781,13021,13025,0,0.09279196934341426,hgb,2026-06-03T16:38:27
KSHIBATAX3Y83N9_KSHIBATA,primary_80_20_80,2023-10-01 20:52:48,7287,7357,7389,0,0.16707736829966904,hgb,2026-06-03T16:38:27
KSHIBATAX3Y83N9_KSHIBATA,primary_80_20_80,2024-01-04 22:11:03,9846,9872,9877,0,0.24923454415895643,hgb,2026-06-03T16:38:27
KSHIBATAX3Y83N9_KSHIBATA,primary_80_20_80,2024-01-21 23:55:23,10305,10382,10387,0,0.17612923490571714,hgb,2026-06-03T16:38:27
KSHIBATAX3Y83N9_KSHIBATA,primary_80_20_80,2024-01-24 11:41:03,10387,10462,10466,0,0.07600256168773983,hgb,2026-06-03T16:38:27
KSHIBATAX3Y83N9_KSHIBATA,primary_80_20_80,2024-01-28 01:48:20,10512,10528,10531,0,0.16272428947635367,hgb,2026-06-03T16:38:27
KSHIBATAX3Y83N9_KSHIBATA,primary_80_20_80,2024-02-01 09:48:46,10646,10683,10686,0,0.0801721581690053,hgb,2026-06-03T16:38:27
KSHIBATAX3Y83N9_KSHIBATA,primary_80_20_80,2024-02-12 16:33:49,10895,10995,10998,0,0.05248873504914934,hgb,2026-06-03T16:38:27
KSHIBATAX3Y83N9_KSHIBATA,primary_80_20_80,2024-03-07 11:00:46,11727,11764,11768,0,0.1922885818249936,hgb,2026-06-03T16:38:27
KSHIBATAX3Y83N9_KSHIBATA,primary_80_20_80,2024-04-13 11:15:41,12781,13021,13025,0,0.09279196934341426,hgb,2026-06-03T16:38:27
KSHIBATAX3Y83N9_KSHIBATA,primary_80_20_80,2024-04-21 08:02:47,13025,13031,13037,0,0.09771390148878839,hgb,2026-06-03T16:38:27
KSHIBATAX3Y83N9_KSHIBATA,primary_80_20_80,2024-05-03 22:35:31,13364,13410,13416,0,0.33521878338728367,hgb,2026-06-03T16:38:27
KSHIBATAX3Y83N9_KSHIBATA,primary_80_20_80,2024-05-05 11:37:49,13416,13433,13440,0,0.1060356408635378,hgb,2026-06-03T16:38:27
KSHIBATAX3Y83N9_KSHIBATA,primary_80_20_80,2024-05-05 23:32:38,13440,13501,13505,0,0.1404263884091828,hgb,2026-06-03T16:38:27
KSHIBATAX3Y83N9_KSHIBATA,secondary_85_15_85,2024-01-04 22:11:03,9846,9872,9877,0,0.24923454415895643,hgb,2026-06-03T16:38:27
KSHIBATAX3Y83N9_KSHIBATA,secondary_85_15_85,2024-01-21 23:55:23,10305,10382,10387,0,0.17612923490571714,hgb,2026-06-03T16:38:27
KSHIBATAX3Y83N9_KSHIBATA,secondary_85_15_85,2024-01-24 11:41:03,10387,10462,10466,0,0.07600256168773983,hgb,2026-06-03T16:38:27
KSHIBATAX3Y83N9_KSHIBATA,secondary_85_15_85,2024-02-01 09:59:24,10647,10683,10686,0,0.09966869152549175,hgb,2026-06-03T16:38:27
KSHIBATAX3Y83N9_KSHIBATA,secondary_85_15_85,2024-03-07 11:19:50,11729,11764,11769,0,0.2721230078425493,hgb,2026-06-03T16:38:27
KSHIBATAX3Y83N9_KSHIBATA,secondary_85_15_85,2024-04-13 11:15:41,12781,13021,13025,0,0.09279196934341426,hgb,2026-06-03T16:38:27
KSHIBATAX3Y83N9_KSHIBATA,secondary_85_15_85,2024-04-21 08:02:47,13025,13031,13037,0,0.09771390148878839,hgb,2026-06-03T16:38:27
KSHIBATAX3Y83N9_KSHIBATA,secondary_85_15_85,2024-05-03 22:35:31,13364,13410,13416,0,0.33521878338728367,hgb,2026-06-03T16:38:27
KSHIBATAX3Y83N9_KSHIBATA,secondary_85_15_85,2024-05-05 11:37:49,13416,13501,13506,0,0.14851912775414988,hgb,2026-06-03T16:38:27
KSHIBAYAMA-TB38_kshibayama,strict_90_10_90,2024-06-17 07:43:40,3863,3919,3926,1,0.9658931621689241,hgb,2026-06-03T16:38:27
KSHIBAYAMA-TB38_kshibayama,primary_80_20_80,2024-02-05 16:04:48,891,996,1007,1,0.970938844107919,hgb,2026-06-03T16:38:27
KSHIBAYAMA-TB38_kshibayama,primary_80_20_80,2024-04-11 13:33:36,2520,2527,2540,1,0.9582996548989322,hgb,2026-06-03T16:38:27
KSHIBAYAMA-TB38_kshibayama,primary_80_20_80,2024-06-17 07:43:40,3863,3918,3921,1,0.9451087525670373,hgb,2026-06-03T16:38:27
KSHIBAYAMA-TB38_kshibayama,secondary_85_15_85,2024-02-05 16:04:48,891,1000,1008,1,0.9764235232138329,hgb,2026-06-03T16:38:27
KSHIBAYAMA-TB38_kshibayama,secondary_85_15_85,2024-06-17 07:43:40,3863,3919,3925,1,0.9652052750000715,hgb,2026-06-03T16:38:27
KTATE2-PW0A2BTJ_ktate2,strict_90_10_90,2024-09-02 22:45:53,2136,2144,2152,1,0.9965500050138983,hgb,2026-06-03T16:38:27
KTATE2-PW0A2BTJ_ktate2,strict_90_10_90,2024-09-23 16:59:22,2493,2520,2530,1,0.9553175560373771,hgb,2026-06-03T16:38:27
KTATE2-PW0A2BTJ_ktate2,strict_90_10_90,2024-10-23 16:07:26,3000,3075,3084,1,0.9785458338212614,hgb,2026-06-03T16:38:27
KTATE2-PW0A2BTJ_ktate2,strict_90_10_90,2024-11-18 18:13:20,3512,3519,3529,1,0.9561526688771742,hgb,2026-06-03T16:38:27
KTATE2-PW0A2BTJ_ktate2,strict_90_10_90,2025-03-11 08:53:54,4945,4959,4964,1,0.9627018070681591,hgb,2026-06-03T16:38:27
KTATE2-PW0A2BTJ_ktate2,primary_80_20_80,2024-03-26 16:46:23,1,14,20,0,0.4023463182048451,hgb,2026-06-03T16:38:27
KTATE2-PW0A2BTJ_ktate2,primary_80_20_80,2024-09-02 22:45:53,2136,2143,2151,1,0.9909046229463694,hgb,2026-06-03T16:38:27
KTATE2-PW0A2BTJ_ktate2,primary_80_20_80,2024-09-23 16:59:22,2493,2520,2530,1,0.9553175560373771,hgb,2026-06-03T16:38:27
KTATE2-PW0A2BTJ_ktate2,primary_80_20_80,2024-10-23 15:37:26,2999,3075,3084,1,0.9786177206669977,hgb,2026-06-03T16:38:27
KTATE2-PW0A2BTJ_ktate2,primary_80_20_80,2024-10-30 01:11:10,3162,3168,3177,1,0.9501861935437732,hgb,2026-06-03T16:38:27
KTATE2-PW0A2BTJ_ktate2,primary_80_20_80,2024-10-30 14:21:23,3177,3182,3190,1,0.895623890678198,hgb,2026-06-03T16:38:27
KTATE2-PW0A2BTJ_ktate2,primary_80_20_80,2024-11-18 18:13:20,3512,3519,3528,1,0.9671888563850167,hgb,2026-06-03T16:38:27
KTATE2-PW0A2BTJ_ktate2,primary_80_20_80,2024-11-19 12:22:55,3528,3539,3545,1,0.9911740933883928,hgb,2026-06-03T16:38:27
KTATE2-PW0A2BTJ_ktate2,primary_80_20_80,2025-03-11 08:53:54,4945,4959,4964,1,0.9627018070681591,hgb,2026-06-03T16:38:27
KTATE2-PW0A2BTJ_ktate2,secondary_85_15_85,2024-09-02 22:45:53,2136,2143,2152,1,0.9953475526503461,hgb,2026-06-03T16:38:27
KTATE2-PW0A2BTJ_ktate2,secondary_85_15_85,2024-09-23 16:59:22,2493,2520,2530,1,0.9553175560373771,hgb,2026-06-03T16:38:27
KTATE2-PW0A2BTJ_ktate2,secondary_85_15_85,2024-10-23 16:07:26,3000,3075,3084,1,0.9785458338212614,hgb,2026-06-03T16:38:27
KTATE2-PW0A2BTJ_ktate2,secondary_85_15_85,2024-11-18 18:13:20,3512,3519,3528,1,0.9671888563850167,hgb,2026-06-03T16:38:27
KTATE2-PW0A2BTJ_ktate2,secondary_85_15_85,2025-03-11 08:53:54,4945,4959,4964,1,0.9627018070681591,hgb,2026-06-03T16:38:27
KWATAMURA-BLXLJ_kwatamura,primary_80_20_80,2023-06-12 09:08:58,1914,1931,1934,1,0.48808725247629464,hgb,2026-06-03T16:38:27
KWATAMURA-BLXLJ_kwatamura,primary_80_20_80,2023-06-28 11:57:58,2218,2226,2233,1,0.9409965577768784,hgb,2026-06-03T16:38:27
KWATAMURA-BLXLJ_kwatamura,primary_80_20_80,2023-10-11 08:59:17,3584,3590,3594,1,0.12741892080060005,hgb,2026-06-03T16:38:27
KWATAMURA-BLXLJ_kwatamura,primary_80_20_80,2023-12-01 10:12:59,4208,4215,4223,1,0.34288400026609234,hgb,2026-06-03T16:38:27
KWATAMURA-BLXLJ_kwatamura,primary_80_20_80,2023-12-19 12:04:12,4467,4480,4486,1,0.8743709577622032,hgb,2026-06-03T16:38:27
KWATAMURA-BLXLJ_kwatamura,primary_80_20_80,2024-02-28 09:47:05,5264,5297,5304,1,0.5927669802552956,hgb,2026-06-03T16:38:27
KWATAMURA-BLXLJ_kwatamura,primary_80_20_80,2024-04-05 11:04:14,5811,5823,5827,1,0.7813663560431785,hgb,2026-06-03T16:38:27
KWATAMURA-BLXLJ_kwatamura,primary_80_20_80,2024-04-09 08:23:07,5850,5859,5867,1,0.6561838446635859,hgb,2026-06-03T16:38:27
KWATAMURA-BLXLJ_kwatamura,secondary_85_15_85,2023-06-12 09:08:58,1914,1931,1934,1,0.48808725247629464,hgb,2026-06-03T16:38:27
KWATAMURA-BLXLJ_kwatamura,secondary_85_15_85,2023-10-11 08:59:17,3584,3590,3595,1,0.17850363620499687,hgb,2026-06-03T16:38:27
KWATAMURA-BLXLJ_kwatamura,secondary_85_15_85,2024-02-28 09:47:05,5264,5297,5304,1,0.5927669802552956,hgb,2026-06-03T16:38:27
L13_jboxer,strict_90_10_90,2023-08-28 14:02:42,1322,1337,1341,1,0.9674288939312037,hgb,2026-06-03T16:38:27
L13_jboxer,strict_90_10_90,2023-08-29 14:57:35,1341,1358,1359,1,0.5246099955787303,hgb,2026-06-03T16:38:27
L13_jboxer,primary_80_20_80,2023-06-13 13:35:59,483,504,506,1,0.8311176945040758,hgb,2026-06-03T16:38:27
L13_jboxer,primary_80_20_80,2023-07-05 10:31:51,700,707,708,1,0.8001450899927962,hgb,2026-06-03T16:38:27
L13_jboxer,primary_80_20_80,2023-07-05 18:32:21,708,714,715,1,0.8369574999604967,hgb,2026-06-03T16:38:27
L13_jboxer,primary_80_20_80,2023-08-28 14:02:42,1322,1336,1341,1,0.964327200046394,hgb,2026-06-03T16:38:27
L13_jboxer,primary_80_20_80,2023-08-29 14:57:35,1341,1357,1359,1,0.5592244914904609,hgb,2026-06-03T16:38:27
L13_jboxer,secondary_85_15_85,2023-08-28 14:02:42,1322,1336,1341,1,0.964327200046394,hgb,2026-06-03T16:38:27
L13_jboxer,secondary_85_15_85,2023-08-29 14:57:35,1341,1358,1359,1,0.5246099955787303,hgb,2026-06-03T16:38:27
LALLURI-F5FS8HX_lalluri,primary_80_20_80,2025-08-19 19:12:39,955,975,976,1,0.9980172277571595,hgb,2026-06-03T16:38:27
LAPTOP-146432PF_PQM,strict_90_10_90,2024-01-16 03:29:24,96,117,130,1,0.9733162029410293,hgb,2026-06-03T16:38:27
LAPTOP-146432PF_PQM,strict_90_10_90,2024-01-23 12:13:52,195,220,226,1,0.9956146333687107,hgb,2026-06-03T16:38:27
LAPTOP-146432PF_PQM,strict_90_10_90,2024-02-28 16:36:32,626,649,659,1,0.9720634262377648,hgb,2026-06-03T16:38:27
LAPTOP-146432PF_PQM,primary_80_20_80,2024-01-16 02:59:24,95,112,130,1,0.9692007335567867,hgb,2026-06-03T16:38:27
LAPTOP-146432PF_PQM,primary_80_20_80,2024-01-23 11:35:58,193,219,226,1,0.9854872346023922,hgb,2026-06-03T16:38:27
LAPTOP-146432PF_PQM,primary_80_20_80,2024-02-22 10:42:56,456,484,488,1,0.9918717925436653,hgb,2026-06-03T16:38:27
LAPTOP-146432PF_PQM,primary_80_20_80,2024-02-23 13:52:35,488,499,523,1,0.9396227683703586,hgb,2026-06-03T16:38:27
LAPTOP-146432PF_PQM,primary_80_20_80,2024-02-23 21:04:21,523,547,576,1,0.9878456295839982,hgb,2026-06-03T16:38:27
LAPTOP-146432PF_PQM,primary_80_20_80,2024-02-28 16:36:32,626,649,659,1,0.974267258753546,hgb,2026-06-03T16:38:27
LAPTOP-146432PF_PQM,primary_80_20_80,2024-03-01 08:10:16,659,679,681,1,0.977926957485709,hgb,2026-06-03T16:38:27
LAPTOP-146432PF_PQM,primary_80_20_80,2024-03-21 11:34:38,1053,1067,1091,1,0.9269820953159765,hgb,2026-06-03T16:38:27
LAPTOP-146432PF_PQM,primary_80_20_80,2024-03-22 14:00:31,1091,1098,1100,1,0.951162280135812,hgb,2026-06-03T16:38:27
LAPTOP-146432PF_PQM,primary_80_20_80,2024-03-25 17:24:38,1120,1136,1149,1,0.8236779683647458,hgb,2026-06-03T16:38:27
LAPTOP-146432PF_PQM,primary_80_20_80,2024-03-26 15:48:53,1149,1161,1167,1,0.9869233015789101,hgb,2026-06-03T16:38:27
LAPTOP-146432PF_PQM,primary_80_20_80,2024-04-10 13:26:13,1388,1396,1439,1,0.9509056012774786,hgb,2026-06-03T16:38:27
LAPTOP-146432PF_PQM,primary_80_20_80,2024-04-11 17:20:29,1439,1474,1483,1,0.9957558402106416,hgb,2026-06-03T16:38:27
LAPTOP-146432PF_PQM,primary_80_20_80,2024-05-31 10:27:12,1773,1783,1795,1,0.9867600437404683,hgb,2026-06-03T16:38:27
LAPTOP-146432PF_PQM,primary_80_20_80,2024-08-07 07:14:58,2555,2572,2579,1,0.9911063977006981,hgb,2026-06-03T16:38:27
LAPTOP-146432PF_PQM,secondary_85_15_85,2024-01-16 03:29:24,96,114,130,1,0.9631546598870059,hgb,2026-06-03T16:38:27
LAPTOP-146432PF_PQM,secondary_85_15_85,2024-01-23 11:35:58,193,219,226,1,0.9854872346023922,hgb,2026-06-03T16:38:27
LAPTOP-146432PF_PQM,secondary_85_15_85,2024-02-28 16:36:32,626,649,659,1,0.974267258753546,hgb,2026-06-03T16:38:27
LAPTOP-146432PF_PQM,secondary_85_15_85,2024-04-10 13:26:13,1388,1410,1439,1,0.9754732708418409,hgb,2026-06-03T16:38:27
LAPTOP-146432PF_PQM,secondary_85_15_85,2024-05-31 10:27:12,1773,1783,1795,1,0.9867600437404683,hgb,2026-06-03T16:38:27
LAPTOP-1KS1Q32S_T14s,strict_90_10_90,2024-04-23 09:33:37,9476,9510,9523,1,0.9274120795929822,hgb,2026-06-03T16:38:27
LAPTOP-1KS1Q32S_T14s,strict_90_10_90,2024-05-28 13:11:21,10338,10370,10380,1,0.5970373974723192,hgb,2026-06-03T16:38:27
LAPTOP-1KS1Q32S_T14s,primary_80_20_80,2024-04-23 09:33:37,9476,9488,9491,1,0.8521059782402624,hgb,2026-06-03T16:38:27
LAPTOP-1KS1Q32S_T14s,primary_80_20_80,2024-04-23 15:55:04,9491,9509,9523,1,0.8587639938169985,hgb,2026-06-03T16:38:27
LAPTOP-1KS1Q32S_T14s,primary_80_20_80,2024-05-23 11:56:01,10207,10215,10221,0,0.11754864420121608,hgb,2026-06-03T16:38:27
LAPTOP-1KS1Q32S_T14s,primary_80_20_80,2024-05-26 21:47:11,10269,10318,10332,1,0.3172211638233518,hgb,2026-06-03T16:38:27
LAPTOP-1KS1Q32S_T14s,primary_80_20_80,2024-05-28 11:10:45,10332,10368,10379,1,0.49067612053855003,hgb,2026-06-03T16:38:27
LAPTOP-1KS1Q32S_T14s,primary_80_20_80,2024-05-30 10:42:56,10379,10393,10397,0,0.7149044023363831,hgb,2026-06-03T16:38:27
LAPTOP-1KS1Q32S_T14s,secondary_85_15_85,2024-04-23 09:33:37,9476,9509,9523,1,0.8893697599497576,hgb,2026-06-03T16:38:27
LAPTOP-1KS1Q32S_T14s,secondary_85_15_85,2024-05-28 11:10:45,10332,10369,10380,1,0.5880622289007391,hgb,2026-06-03T16:38:27
LAPTOP-25UDU5UN_jestroff,strict_90_10_90,2025-10-15 10:05:36,1878,1901,1908,1,0.946842933460595,hgb,2026-06-03T16:38:27
LAPTOP-25UDU5UN_jestroff,primary_80_20_80,2025-10-15 10:05:36,1878,1900,1906,1,0.9333550193781706,hgb,2026-06-03T16:38:27
LAPTOP-25UDU5UN_jestroff,secondary_85_15_85,2025-10-15 10:05:36,1878,1901,1908,1,0.946842933460595,hgb,2026-06-03T16:38:27
LAPTOP-38PBJKV3_Dan,primary_80_20_80,2023-09-25 07:13:47,1771,1788,1796,1,0.9149022349844124,hgb,2026-06-03T16:38:27
LAPTOP-38PBJKV3_Dan,primary_80_20_80,2024-06-13 07:13:44,5409,5413,5419,1,0.8294989835863895,hgb,2026-06-03T16:38:27
LAPTOP-5U1GRQST_AN1484GM11,strict_90_10_90,2026-02-17 11:07:47,242,291,298,1,0.9738482694408321,hgb,2026-06-03T16:38:27
LAPTOP-5U1GRQST_AN1484GM11,primary_80_20_80,2026-02-17 10:37:47,241,289,298,1,0.7202389743978024,hgb,2026-06-03T16:38:27
LAPTOP-5U1GRQST_AN1484GM11,secondary_85_15_85,2026-02-17 11:07:47,242,291,298,1,0.9738482694408321,hgb,2026-06-03T16:38:27
LAPTOP-72AKT2DB_1,strict_90_10_90,2026-04-08 17:58:33,469,482,491,1,0.9899111735457566,hgb,2026-06-03T16:38:27
LAPTOP-72AKT2DB_1,strict_90_10_90,2026-04-09 12:43:59,491,500,508,1,0.9877595980818094,hgb,2026-06-03T16:38:27
LAPTOP-72AKT2DB_1,primary_80_20_80,2026-04-08 17:28:33,468,481,490,1,0.9901895883575315,hgb,2026-06-03T16:38:27
LAPTOP-72AKT2DB_1,primary_80_20_80,2026-04-09 12:14:00,490,500,507,1,0.9747442978657654,hgb,2026-06-03T16:38:27
LAPTOP-72AKT2DB_1,secondary_85_15_85,2026-04-08 17:28:33,468,482,491,1,0.9941148013523999,hgb,2026-06-03T16:38:27
LAPTOP-72AKT2DB_1,secondary_85_15_85,2026-04-09 12:43:59,491,500,507,1,0.9852924403425491,hgb,2026-06-03T16:38:27
LAPTOP-7CFQ50BM_Carl,strict_90_10_90,2024-04-15 13:43:10,1298,1315,1326,1,0.9914397500199372,hgb,2026-06-03T16:38:27
LAPTOP-7CFQ50BM_Carl,strict_90_10_90,2024-04-28 14:39:07,1585,1591,1606,1,0.9751667777091307,hgb,2026-06-03T16:38:27
LAPTOP-7CFQ50BM_Carl,strict_90_10_90,2024-05-08 16:48:41,1817,1907,1913,1,0.9834258896858211,hgb,2026-06-03T16:38:27
LAPTOP-7CFQ50BM_Carl,strict_90_10_90,2024-05-13 10:41:44,1933,1950,1961,1,0.9936985061582347,hgb,2026-06-03T16:38:27
LAPTOP-7CFQ50BM_Carl,strict_90_10_90,2024-05-21 15:42:14,2116,2144,2148,1,0.9691186741683543,hgb,2026-06-03T16:38:27
LAPTOP-7CFQ50BM_Carl,strict_90_10_90,2024-06-12 13:05:02,2466,2509,2526,1,0.9798393157542038,hgb,2026-06-03T16:38:27
LAPTOP-7CFQ50BM_Carl,strict_90_10_90,2024-06-20 13:24:03,2635,2651,2655,1,0.9906992192306557,hgb,2026-06-03T16:38:27
LAPTOP-7CFQ50BM_Carl,strict_90_10_90,2024-07-04 13:53:47,2766,2772,2791,1,0.9505917275257943,hgb,2026-06-03T16:38:27
LAPTOP-7CFQ50BM_Carl,strict_90_10_90,2024-07-05 17:23:23,2791,2833,2844,1,0.97644651925013,hgb,2026-06-03T16:38:27
LAPTOP-7CFQ50BM_Carl,strict_90_10_90,2024-07-07 15:39:31,2844,2864,2877,1,0.9815082142142362,hgb,2026-06-03T16:38:27
LAPTOP-7CFQ50BM_Carl,strict_90_10_90,2024-07-08 11:51:02,2877,2901,2920,1,0.9835582350162538,hgb,2026-06-03T16:38:27
LAPTOP-7CFQ50BM_Carl,strict_90_10_90,2024-07-15 16:58:05,3017,3035,3039,1,0.9497375776907099,hgb,2026-06-03T16:38:27
LAPTOP-7CFQ50BM_Carl,strict_90_10_90,2024-07-23 12:59:17,3130,3186,3190,1,0.9559354987160176,hgb,2026-06-03T16:38:27
LAPTOP-7CFQ50BM_Carl,strict_90_10_90,2024-08-07 17:16:45,3355,3369,3400,1,0.9839744123607932,hgb,2026-06-03T16:38:27
LAPTOP-7CFQ50BM_Carl,strict_90_10_90,2024-08-26 13:29:51,3524,3555,3578,1,0.3921355769283782,hgb,2026-06-03T16:38:27
LAPTOP-7CFQ50BM_Carl,strict_90_10_90,2024-11-12 17:29:40,3916,3930,3935,1,0.9898112731001728,hgb,2026-06-03T16:38:27
LAPTOP-7CFQ50BM_Carl,primary_80_20_80,2024-01-30 17:52:34,277,291,298,1,0.991575960650445,hgb,2026-06-03T16:38:27
LAPTOP-7CFQ50BM_Carl,primary_80_20_80,2024-02-06 10:42:16,364,371,386,1,0.830784905857293,hgb,2026-06-03T16:38:27
LAPTOP-7CFQ50BM_Carl,primary_80_20_80,2024-02-19 15:30:44,456,462,475,1,0.9559981346385602,hgb,2026-06-03T16:38:27
LAPTOP-7CFQ50BM_Carl,primary_80_20_80,2024-02-26 10:12:06,547,564,575,1,0.8484853742836622,hgb,2026-06-03T16:38:27
LAPTOP-7CFQ50BM_Carl,primary_80_20_80,2024-02-27 10:11:57,575,584,590,1,0.7824558947147188,hgb,2026-06-03T16:38:27
LAPTOP-7CFQ50BM_Carl,primary_80_20_80,2024-03-03 20:22:33,631,644,650,1,0.8376473422966558,hgb,2026-06-03T16:38:27
LAPTOP-7CFQ50BM_Carl,primary_80_20_80,2024-04-09 15:58:28,1221,1246,1255,1,0.8337867258190085,hgb,2026-06-03T16:38:27
LAPTOP-7CFQ50BM_Carl,primary_80_20_80,2024-04-15 11:09:17,1295,1315,1325,1,0.9823774960805395,hgb,2026-06-03T16:38:27
LAPTOP-7CFQ50BM_Carl,primary_80_20_80,2024-04-22 15:01:44,1450,1487,1498,1,0.9869761063479358,hgb,2026-06-03T16:38:27
LAPTOP-7CFQ50BM_Carl,primary_80_20_80,2024-04-25 11:31:47,1533,1560,1564,1,0.9640859567963118,hgb,2026-06-03T16:38:27
LAPTOP-7CFQ50BM_Carl,primary_80_20_80,2024-04-28 14:39:07,1585,1591,1606,1,0.9751667777091307,hgb,2026-06-03T16:38:27
LAPTOP-7CFQ50BM_Carl,primary_80_20_80,2024-04-29 10:58:12,1606,1620,1636,1,0.968430596407873,hgb,2026-06-03T16:38:27
LAPTOP-7CFQ50BM_Carl,primary_80_20_80,2024-05-08 16:30:51,1816,1907,1913,1,0.9833844907612076,hgb,2026-06-03T16:38:27
LAPTOP-7CFQ50BM_Carl,primary_80_20_80,2024-05-13 10:11:44,1932,1948,1961,1,0.9936848707735361,hgb,2026-06-03T16:38:27
LAPTOP-7CFQ50BM_Carl,primary_80_20_80,2024-05-16 13:02:45,2027,2046,2049,1,0.9831654799468604,hgb,2026-06-03T16:38:27
LAPTOP-7CFQ50BM_Carl,primary_80_20_80,2024-05-21 15:42:14,2116,2142,2148,1,0.9570675806673786,hgb,2026-06-03T16:38:27
LAPTOP-7CFQ50BM_Carl,primary_80_20_80,2024-06-12 13:05:02,2466,2503,2526,1,0.9811962531028119,hgb,2026-06-03T16:38:27
LAPTOP-7CFQ50BM_Carl,primary_80_20_80,2024-06-19 09:28:28,2598,2631,2635,1,0.9868387890665524,hgb,2026-06-03T16:38:27
LAPTOP-7CFQ50BM_Carl,primary_80_20_80,2024-06-20 13:24:03,2635,2651,2655,1,0.9906992192306557,hgb,2026-06-03T16:38:27
LAPTOP-7CFQ50BM_Carl,primary_80_20_80,2024-07-01 09:14:36,2715,2732,2737,1,0.960791182427416,hgb,2026-06-03T16:38:27
LAPTOP-7CFQ50BM_Carl,primary_80_20_80,2024-07-04 13:53:47,2766,2772,2790,1,0.9376216972125289,hgb,2026-06-03T16:38:27
LAPTOP-7CFQ50BM_Carl,primary_80_20_80,2024-07-05 16:53:23,2790,2817,2821,1,0.9660427313874788,hgb,2026-06-03T16:38:27
LAPTOP-7CFQ50BM_Carl,primary_80_20_80,2024-07-06 21:50:30,2821,2833,2844,1,0.9720669851444076,hgb,2026-06-03T16:38:27
LAPTOP-7CFQ50BM_Carl,primary_80_20_80,2024-07-07 15:39:31,2844,2861,2876,1,0.9709133446370976,hgb,2026-06-03T16:38:27
LAPTOP-7CFQ50BM_Carl,primary_80_20_80,2024-07-08 11:21:02,2876,2900,2909,1,0.9858508205381064,hgb,2026-06-03T16:38:27
LAPTOP-7CFQ50BM_Carl,primary_80_20_80,2024-07-15 16:58:05,3017,3034,3039,1,0.9401626313317007,hgb,2026-06-03T16:38:27
LAPTOP-7CFQ50BM_Carl,primary_80_20_80,2024-07-16 16:29:19,3039,3064,3074,1,0.9683397553811923,hgb,2026-06-03T16:38:27
LAPTOP-7CFQ50BM_Carl,primary_80_20_80,2024-07-23 12:59:17,3130,3185,3189,1,0.928145201879057,hgb,2026-06-03T16:38:27
LAPTOP-7CFQ50BM_Carl,primary_80_20_80,2024-08-07 17:16:45,3355,3368,3400,1,0.9855330784109022,hgb,2026-06-03T16:38:27
LAPTOP-7CFQ50BM_Carl,primary_80_20_80,2024-08-26 13:17:39,3523,3553,3563,1,0.4685127682171083,hgb,2026-06-03T16:38:27
LAPTOP-7CFQ50BM_Carl,primary_80_20_80,2024-08-27 15:48:17,3563,3571,3577,1,0.9261083027971179,hgb,2026-06-03T16:38:27
LAPTOP-7CFQ50BM_Carl,primary_80_20_80,2024-11-12 16:59:40,3915,3929,3935,1,0.9822556374151055,hgb,2026-06-03T16:38:27
LAPTOP-7CFQ50BM_Carl,secondary_85_15_85,2024-04-09 15:58:28,1221,1247,1255,1,0.8370445199284638,hgb,2026-06-03T16:38:27
LAPTOP-7CFQ50BM_Carl,secondary_85_15_85,2024-04-15 11:09:17,1295,1315,1325,1,0.9823774960805395,hgb,2026-06-03T16:38:27
LAPTOP-7CFQ50BM_Carl,secondary_85_15_85,2024-04-22 15:01:44,1450,1488,1498,1,0.9872771914846596,hgb,2026-06-03T16:38:27
LAPTOP-7CFQ50BM_Carl,secondary_85_15_85,2024-04-28 14:39:07,1585,1591,1606,1,0.9751667777091307,hgb,2026-06-03T16:38:27
LAPTOP-7CFQ50BM_Carl,secondary_85_15_85,2024-04-29 10:58:12,1606,1621,1636,1,0.962458569018295,hgb,2026-06-03T16:38:27
LAPTOP-7CFQ50BM_Carl,secondary_85_15_85,2024-05-08 16:48:41,1817,1907,1913,1,0.9834258896858211,hgb,2026-06-03T16:38:27
LAPTOP-7CFQ50BM_Carl,secondary_85_15_85,2024-05-13 10:41:44,1933,1950,1961,1,0.9936985061582347,hgb,2026-06-03T16:38:27
LAPTOP-7CFQ50BM_Carl,secondary_85_15_85,2024-05-16 13:02:45,2027,2047,2049,1,0.9846254916939431,hgb,2026-06-03T16:38:27
LAPTOP-7CFQ50BM_Carl,secondary_85_15_85,2024-05-21 15:42:14,2116,2143,2148,1,0.9621467225807039,hgb,2026-06-03T16:38:27
LAPTOP-7CFQ50BM_Carl,secondary_85_15_85,2024-06-12 13:05:02,2466,2507,2526,1,0.9747440925694797,hgb,2026-06-03T16:38:27
LAPTOP-7CFQ50BM_Carl,secondary_85_15_85,2024-06-19 09:28:28,2598,2631,2635,1,0.9868387890665524,hgb,2026-06-03T16:38:27
LAPTOP-7CFQ50BM_Carl,secondary_85_15_85,2024-06-20 13:24:03,2635,2651,2655,1,0.9906992192306557,hgb,2026-06-03T16:38:27
LAPTOP-7CFQ50BM_Carl,secondary_85_15_85,2024-07-04 13:53:47,2766,2772,2790,1,0.9376216972125289,hgb,2026-06-03T16:38:27
LAPTOP-7CFQ50BM_Carl,secondary_85_15_85,2024-07-05 16:53:23,2790,2817,2821,1,0.9660427313874788,hgb,2026-06-03T16:38:27
LAPTOP-7CFQ50BM_Carl,secondary_85_15_85,2024-07-06 21:50:30,2821,2833,2844,1,0.9720669851444076,hgb,2026-06-03T16:38:27
LAPTOP-7CFQ50BM_Carl,secondary_85_15_85,2024-07-07 15:39:31,2844,2862,2877,1,0.97430470070201,hgb,2026-06-03T16:38:27
LAPTOP-7CFQ50BM_Carl,secondary_85_15_85,2024-07-08 11:51:02,2877,2900,2909,1,0.9816115099092959,hgb,2026-06-03T16:38:27
LAPTOP-7CFQ50BM_Carl,secondary_85_15_85,2024-07-15 16:58:05,3017,3035,3039,1,0.9497375776907099,hgb,2026-06-03T16:38:27
LAPTOP-7CFQ50BM_Carl,secondary_85_15_85,2024-07-16 16:29:19,3039,3068,3074,1,0.9653701151318365,hgb,2026-06-03T16:38:27
LAPTOP-7CFQ50BM_Carl,secondary_85_15_85,2024-07-23 12:59:17,3130,3185,3190,1,0.9411014406977734,hgb,2026-06-03T16:38:27
LAPTOP-7CFQ50BM_Carl,secondary_85_15_85,2024-08-07 17:16:45,3355,3369,3400,1,0.9839744123607932,hgb,2026-06-03T16:38:27
LAPTOP-7CFQ50BM_Carl,secondary_85_15_85,2024-08-26 13:17:39,3523,3553,3564,1,0.4685127682171083,hgb,2026-06-03T16:38:27
LAPTOP-7CFQ50BM_Carl,secondary_85_15_85,2024-08-27 16:02:20,3564,3572,3577,1,0.9437764812643163,hgb,2026-06-03T16:38:27
LAPTOP-7CFQ50BM_Carl,secondary_85_15_85,2024-11-12 16:59:40,3915,3929,3935,1,0.9822556374151055,hgb,2026-06-03T16:38:27
LAPTOP-97DA2E9K_johnny,strict_90_10_90,2023-02-13 13:19:38,22,36,42,1,0.9758069343605948,hgb,2026-06-03T16:38:27
LAPTOP-97DA2E9K_johnny,strict_90_10_90,2023-02-13 18:39:51,42,69,71,1,0.9195759735339042,hgb,2026-06-03T16:38:27
LAPTOP-97DA2E9K_johnny,strict_90_10_90,2023-02-22 12:47:25,276,291,301,1,0.8848484387506718,hgb,2026-06-03T16:38:27
LAPTOP-97DA2E9K_johnny,strict_90_10_90,2023-03-14 08:33:46,657,680,686,1,0.7924851528298789,hgb,2026-06-03T16:38:27
LAPTOP-97DA2E9K_johnny,primary_80_20_80,2023-02-13 12:53:50,21,35,42,1,0.8667034281659793,hgb,2026-06-03T16:38:27
LAPTOP-97DA2E9K_johnny,primary_80_20_80,2023-02-13 18:39:51,42,56,59,1,0.873658642597279,hgb,2026-06-03T16:38:27
LAPTOP-97DA2E9K_johnny,primary_80_20_80,2023-02-14 12:31:29,59,68,71,1,0.8780496518552254,hgb,2026-06-03T16:38:27
LAPTOP-97DA2E9K_johnny,primary_80_20_80,2023-02-21 08:12:06,213,224,227,1,0.6797941653062053,hgb,2026-06-03T16:38:27
LAPTOP-97DA2E9K_johnny,primary_80_20_80,2023-02-21 12:47:19,227,234,239,1,0.8945707925352431,hgb,2026-06-03T16:38:27
LAPTOP-97DA2E9K_johnny,primary_80_20_80,2023-02-21 16:47:19,239,246,264,1,0.9082991621287871,hgb,2026-06-03T16:38:27
LAPTOP-97DA2E9K_johnny,primary_80_20_80,2023-02-22 08:01:49,264,273,276,1,0.8291536067366202,hgb,2026-06-03T16:38:27
LAPTOP-97DA2E9K_johnny,primary_80_20_80,2023-02-22 12:47:25,276,291,300,1,0.8801213270176484,hgb,2026-06-03T16:38:27
LAPTOP-97DA2E9K_johnny,primary_80_20_80,2023-02-27 21:19:27,388,401,408,1,0.9473343993504495,hgb,2026-06-03T16:38:27
LAPTOP-97DA2E9K_johnny,primary_80_20_80,2023-03-03 09:47:43,483,497,500,1,0.6437309702104477,hgb,2026-06-03T16:38:27
LAPTOP-97DA2E9K_johnny,primary_80_20_80,2023-03-14 08:33:46,657,679,685,1,0.7360688160481608,hgb,2026-06-03T16:38:27
LAPTOP-97DA2E9K_johnny,primary_80_20_80,2023-03-27 13:23:13,940,962,970,1,0.8430408339058834,hgb,2026-06-03T16:38:27
LAPTOP-97DA2E9K_johnny,primary_80_20_80,2023-03-31 08:17:38,1069,1081,1087,1,0.8155296366595672,hgb,2026-06-03T16:38:27
LAPTOP-97DA2E9K_johnny,primary_80_20_80,2023-04-24 23:26:33,1577,1600,1603,1,0.9293022541155,hgb,2026-06-03T16:38:27
LAPTOP-97DA2E9K_johnny,primary_80_20_80,2023-06-12 23:56:46,3476,3491,3496,1,0.9339776272734791,hgb,2026-06-03T16:38:27
LAPTOP-97DA2E9K_johnny,secondary_85_15_85,2023-02-13 12:53:50,21,36,42,1,0.8923372302323371,hgb,2026-06-03T16:38:27
LAPTOP-97DA2E9K_johnny,secondary_85_15_85,2023-02-13 18:39:51,42,56,59,1,0.873658642597279,hgb,2026-06-03T16:38:27
LAPTOP-97DA2E9K_johnny,secondary_85_15_85,2023-02-14 12:31:29,59,68,71,1,0.8780496518552254,hgb,2026-06-03T16:38:27
LAPTOP-97DA2E9K_johnny,secondary_85_15_85,2023-02-21 08:12:06,213,224,227,1,0.6797941653062053,hgb,2026-06-03T16:38:27
LAPTOP-97DA2E9K_johnny,secondary_85_15_85,2023-02-21 12:47:19,227,246,264,1,0.8849323728011886,hgb,2026-06-03T16:38:27
LAPTOP-97DA2E9K_johnny,secondary_85_15_85,2023-02-22 08:01:49,264,273,276,1,0.8291536067366202,hgb,2026-06-03T16:38:27
LAPTOP-97DA2E9K_johnny,secondary_85_15_85,2023-02-22 12:47:25,276,291,300,1,0.8801213270176484,hgb,2026-06-03T16:38:27
LAPTOP-97DA2E9K_johnny,secondary_85_15_85,2023-02-27 21:19:27,388,401,408,1,0.9473343993504495,hgb,2026-06-03T16:38:27
LAPTOP-97DA2E9K_johnny,secondary_85_15_85,2023-03-14 08:33:46,657,680,686,1,0.7924851528298789,hgb,2026-06-03T16:38:27
LAPTOP-97DA2E9K_johnny,secondary_85_15_85,2023-03-31 08:17:38,1069,1081,1088,1,0.8575200478098479,hgb,2026-06-03T16:38:27
LAPTOP-97DA2E9K_johnny,secondary_85_15_85,2023-06-12 23:56:46,3476,3491,3496,1,0.9339776272734791,hgb,2026-06-03T16:38:27
LAPTOP-A9PSKJU9_panjun1,strict_90_10_90,2026-01-05 12:56:41,1850,1871,1888,1,0.9856718996041438,hgb,2026-06-03T16:38:27
LAPTOP-A9PSKJU9_panjun1,strict_90_10_90,2026-01-14 09:46:12,1992,2024,2031,1,0.9964114379623211,hgb,2026-06-03T16:38:27
LAPTOP-A9PSKJU9_panjun1,strict_90_10_90,2026-03-16 20:56:56,2926,2972,2977,1,0.9799401766295102,hgb,2026-06-03T16:38:27
LAPTOP-A9PSKJU9_panjun1,strict_90_10_90,2026-03-18 16:07:07,2977,2985,3006,1,0.9927340125990698,hgb,2026-06-03T16:38:27
LAPTOP-A9PSKJU9_panjun1,strict_90_10_90,2026-03-19 16:55:34,3006,3014,3025,1,0.9900964007377511,hgb,2026-06-03T16:38:27
LAPTOP-A9PSKJU9_panjun1,strict_90_10_90,2026-04-14 19:47:15,3393,3419,3423,1,0.9860564311182635,hgb,2026-06-03T16:38:27
LAPTOP-A9PSKJU9_panjun1,strict_90_10_90,2026-04-29 16:33:37,3675,3695,3701,1,0.9951141880078147,hgb,2026-06-03T16:38:27
LAPTOP-A9PSKJU9_panjun1,strict_90_10_90,2026-04-30 12:32:52,3701,3712,3718,1,0.9573014133335632,hgb,2026-06-03T16:38:27
LAPTOP-A9PSKJU9_panjun1,primary_80_20_80,2025-12-29 09:29:07,1776,1782,1788,1,0.9440347944722506,hgb,2026-06-03T16:38:27
LAPTOP-A9PSKJU9_panjun1,primary_80_20_80,2026-01-05 10:53:58,1844,1871,1876,1,0.9924008435673333,hgb,2026-06-03T16:38:27
LAPTOP-A9PSKJU9_panjun1,primary_80_20_80,2026-01-06 09:41:07,1876,1882,1888,1,0.9764466123693712,hgb,2026-06-03T16:38:27
LAPTOP-A9PSKJU9_panjun1,primary_80_20_80,2026-01-14 09:46:12,1992,2023,2030,1,0.9963648841124547,hgb,2026-06-03T16:38:27
LAPTOP-A9PSKJU9_panjun1,primary_80_20_80,2026-01-21 10:34:55,2139,2151,2154,1,0.9884044691014952,hgb,2026-06-03T16:38:27
LAPTOP-A9PSKJU9_panjun1,primary_80_20_80,2026-03-16 20:56:56,2926,2971,2976,1,0.9653868767662104,hgb,2026-06-03T16:38:27
LAPTOP-A9PSKJU9_panjun1,primary_80_20_80,2026-03-18 15:47:33,2976,2984,3006,1,0.9917697552310234,hgb,2026-06-03T16:38:27
LAPTOP-A9PSKJU9_panjun1,primary_80_20_80,2026-03-19 16:55:34,3006,3013,3024,1,0.9830876665528333,hgb,2026-06-03T16:38:27
LAPTOP-A9PSKJU9_panjun1,primary_80_20_80,2026-04-09 10:45:35,3294,3298,3303,1,0.9859031684307937,hgb,2026-06-03T16:38:27
LAPTOP-A9PSKJU9_panjun1,primary_80_20_80,2026-04-10 14:02:04,3321,3330,3333,1,0.9524512004572564,hgb,2026-06-03T16:38:27
LAPTOP-A9PSKJU9_panjun1,primary_80_20_80,2026-04-14 19:47:15,3393,3419,3423,1,0.9860564311182635,hgb,2026-06-03T16:38:27
LAPTOP-A9PSKJU9_panjun1,primary_80_20_80,2026-04-28 18:06:40,3644,3671,3675,1,0.9210007526818615,hgb,2026-06-03T16:38:27
LAPTOP-A9PSKJU9_panjun1,primary_80_20_80,2026-04-29 16:33:37,3675,3695,3701,1,0.9955080180575823,hgb,2026-06-03T16:38:27
LAPTOP-A9PSKJU9_panjun1,primary_80_20_80,2026-04-30 12:32:52,3701,3712,3718,1,0.9606226026936475,hgb,2026-06-03T16:38:27
LAPTOP-A9PSKJU9_panjun1,secondary_85_15_85,2026-01-05 12:56:41,1850,1871,1888,1,0.9868167598353537,hgb,2026-06-03T16:38:27
LAPTOP-A9PSKJU9_panjun1,secondary_85_15_85,2026-01-14 09:46:12,1992,2023,2031,1,0.9958266217569124,hgb,2026-06-03T16:38:27
LAPTOP-A9PSKJU9_panjun1,secondary_85_15_85,2026-03-16 20:56:56,2926,2972,2976,1,0.9722348614381726,hgb,2026-06-03T16:38:27
LAPTOP-A9PSKJU9_panjun1,secondary_85_15_85,2026-03-18 15:47:33,2976,2984,3006,1,0.9917697552310234,hgb,2026-06-03T16:38:27
LAPTOP-A9PSKJU9_panjun1,secondary_85_15_85,2026-03-19 16:55:34,3006,3014,3025,1,0.9908909965612793,hgb,2026-06-03T16:38:27
LAPTOP-A9PSKJU9_panjun1,secondary_85_15_85,2026-04-10 14:02:04,3321,3330,3333,1,0.9524512004572564,hgb,2026-06-03T16:38:27
LAPTOP-A9PSKJU9_panjun1,secondary_85_15_85,2026-04-14 19:47:15,3393,3419,3423,1,0.9860564311182635,hgb,2026-06-03T16:38:27
LAPTOP-A9PSKJU9_panjun1,secondary_85_15_85,2026-04-28 18:06:40,3644,3672,3675,1,0.9235422994854621,hgb,2026-06-03T16:38:27
LAPTOP-A9PSKJU9_panjun1,secondary_85_15_85,2026-04-29 16:33:37,3675,3695,3701,1,0.9955080180575823,hgb,2026-06-03T16:38:27
LAPTOP-A9PSKJU9_panjun1,secondary_85_15_85,2026-04-30 12:32:52,3701,3712,3718,1,0.9606226026936475,hgb,2026-06-03T16:38:27
LAPTOP-APU7HF6F_Carl_Pan,strict_90_10_90,2023-10-16 09:33:21,0,35,48,1,0.9919098311373608,hgb,2026-06-03T16:38:27
LAPTOP-APU7HF6F_Carl_Pan,strict_90_10_90,2023-10-31 08:23:25,387,460,469,1,0.9931959692366398,hgb,2026-06-03T16:38:27
LAPTOP-APU7HF6F_Carl_Pan,strict_90_10_90,2023-12-06 22:59:30,753,808,812,1,0.9728500580228457,hgb,2026-06-03T16:38:27
LAPTOP-APU7HF6F_Carl_Pan,strict_90_10_90,2024-04-08 16:08:38,1979,1984,1989,1,0.9956013116212072,hgb,2026-06-03T16:38:27
LAPTOP-APU7HF6F_Carl_Pan,primary_80_20_80,2023-10-16 09:33:21,0,13,20,1,0.9906415685980592,hgb,2026-06-03T16:38:27
LAPTOP-APU7HF6F_Carl_Pan,primary_80_20_80,2023-10-16 18:09:47,20,33,48,1,0.9686417914741374,hgb,2026-06-03T16:38:27
LAPTOP-APU7HF6F_Carl_Pan,primary_80_20_80,2023-10-19 08:22:36,65,107,113,1,0.9743937373794701,hgb,2026-06-03T16:38:27
LAPTOP-APU7HF6F_Carl_Pan,primary_80_20_80,2023-10-23 15:36:27,169,182,214,1,0.9822311859519429,hgb,2026-06-03T16:38:27
LAPTOP-APU7HF6F_Carl_Pan,primary_80_20_80,2023-10-24 19:36:25,214,239,252,1,0.9862425713233455,hgb,2026-06-03T16:38:27
LAPTOP-APU7HF6F_Carl_Pan,primary_80_20_80,2023-10-26 17:59:04,252,280,297,1,0.9854678512118364,hgb,2026-06-03T16:38:27
LAPTOP-APU7HF6F_Carl_Pan,primary_80_20_80,2023-10-30 22:33:26,383,413,419,1,0.9829612724303388,hgb,2026-06-03T16:38:27
LAPTOP-APU7HF6F_Carl_Pan,primary_80_20_80,2023-11-01 09:01:19,419,450,469,1,0.9859333819931689,hgb,2026-06-03T16:38:27
LAPTOP-APU7HF6F_Carl_Pan,primary_80_20_80,2023-11-03 08:15:23,469,476,493,1,0.9784443006417344,hgb,2026-06-03T16:38:27
LAPTOP-APU7HF6F_Carl_Pan,primary_80_20_80,2023-11-06 22:07:05,542,581,594,1,0.9718746375748977,hgb,2026-06-03T16:38:27
LAPTOP-APU7HF6F_Carl_Pan,primary_80_20_80,2023-11-08 15:12:16,594,623,671,1,0.972574109614006,hgb,2026-06-03T16:38:27
LAPTOP-APU7HF6F_Carl_Pan,primary_80_20_80,2023-12-06 22:29:30,752,771,776,1,0.9854895327950327,hgb,2026-06-03T16:38:27
LAPTOP-APU7HF6F_Carl_Pan,primary_80_20_80,2023-12-07 22:34:03,776,806,812,1,0.9697405663420884,hgb,2026-06-03T16:38:27
LAPTOP-APU7HF6F_Carl_Pan,primary_80_20_80,2023-12-09 14:52:28,812,826,829,1,0.9429270249450568,hgb,2026-06-03T16:38:27
LAPTOP-APU7HF6F_Carl_Pan,primary_80_20_80,2023-12-11 15:53:44,829,880,886,1,0.9960868411202426,hgb,2026-06-03T16:38:27
LAPTOP-APU7HF6F_Carl_Pan,primary_80_20_80,2023-12-13 17:42:20,886,895,904,1,0.9948481308736323,hgb,2026-06-03T16:38:27
LAPTOP-APU7HF6F_Carl_Pan,primary_80_20_80,2023-12-18 10:40:27,941,958,965,1,0.967482581524068,hgb,2026-06-03T16:38:27
LAPTOP-APU7HF6F_Carl_Pan,primary_80_20_80,2024-01-02 10:10:39,1132,1147,1163,1,0.994473874640549,hgb,2026-06-03T16:38:27
LAPTOP-APU7HF6F_Carl_Pan,primary_80_20_80,2024-01-09 09:59:29,1259,1265,1277,1,0.9979920310906214,hgb,2026-06-03T16:38:27
LAPTOP-APU7HF6F_Carl_Pan,primary_80_20_80,2024-02-21 12:33:32,1609,1618,1639,1,0.8987230602515521,hgb,2026-06-03T16:38:27
LAPTOP-APU7HF6F_Carl_Pan,primary_80_20_80,2024-03-18 09:20:55,1729,1735,1744,1,0.8850179850927563,hgb,2026-06-03T16:38:27
LAPTOP-APU7HF6F_Carl_Pan,primary_80_20_80,2024-04-08 15:49:57,1978,1984,1989,1,0.9993400958235644,hgb,2026-06-03T16:38:27
LAPTOP-APU7HF6F_Carl_Pan,primary_80_20_80,2024-05-09 16:51:55,2227,2235,2247,1,0.9907602028553816,hgb,2026-06-03T16:38:27
LAPTOP-APU7HF6F_Carl_Pan,primary_80_20_80,2024-08-07 10:10:24,3023,3027,3033,1,0.7580037075988156,hgb,2026-06-03T16:38:27
LAPTOP-APU7HF6F_Carl_Pan,secondary_85_15_85,2023-10-16 09:33:21,0,34,48,1,0.9919098311373608,hgb,2026-06-03T16:38:27
LAPTOP-APU7HF6F_Carl_Pan,secondary_85_15_85,2023-10-24 19:36:25,214,280,300,1,0.98707786623776,hgb,2026-06-03T16:38:27
LAPTOP-APU7HF6F_Carl_Pan,secondary_85_15_85,2023-10-30 22:34:17,384,413,419,1,0.9832689568743843,hgb,2026-06-03T16:38:27
LAPTOP-APU7HF6F_Carl_Pan,secondary_85_15_85,2023-11-01 09:01:19,419,459,469,1,0.9871996450882785,hgb,2026-06-03T16:38:27
LAPTOP-APU7HF6F_Carl_Pan,secondary_85_15_85,2023-11-03 08:15:23,469,477,493,1,0.9833320808661328,hgb,2026-06-03T16:38:27
LAPTOP-APU7HF6F_Carl_Pan,secondary_85_15_85,2023-11-06 22:07:05,542,582,595,1,0.9714394162108432,hgb,2026-06-03T16:38:27
LAPTOP-APU7HF6F_Carl_Pan,secondary_85_15_85,2023-12-06 22:59:30,753,808,812,1,0.9728500580228457,hgb,2026-06-03T16:38:27
LAPTOP-APU7HF6F_Carl_Pan,secondary_85_15_85,2024-03-18 09:20:55,1729,1736,1744,1,0.9232024792258359,hgb,2026-06-03T16:38:27
LAPTOP-APU7HF6F_Carl_Pan,secondary_85_15_85,2024-04-08 16:08:38,1979,1984,1989,1,0.9956013116212072,hgb,2026-06-03T16:38:27
LAPTOP-APU7HF6F_Carl_Pan,secondary_85_15_85,2024-05-09 16:51:55,2227,2242,2247,1,0.9920609104777718,hgb,2026-06-03T16:38:27
LAPTOP-B21SDAHL_Nile,strict_90_10_90,2025-12-16 10:39:56,0,14,20,1,0.8357922063572709,hgb,2026-06-03T16:38:27
LAPTOP-B21SDAHL_Nile,strict_90_10_90,2025-12-16 16:59:12,20,52,63,1,0.8575246194673096,hgb,2026-06-03T16:38:27
LAPTOP-B21SDAHL_Nile,strict_90_10_90,2025-12-17 14:21:50,63,75,84,1,0.9202599577567595,hgb,2026-06-03T16:38:27
LAPTOP-B21SDAHL_Nile,strict_90_10_90,2025-12-17 23:39:24,84,103,107,1,0.9279514297944003,hgb,2026-06-03T16:38:27
LAPTOP-B21SDAHL_Nile,strict_90_10_90,2025-12-18 15:41:52,107,139,145,1,0.8634140915957621,hgb,2026-06-03T16:38:27
LAPTOP-B21SDAHL_Nile,strict_90_10_90,2026-01-04 11:39:01,299,325,332,1,0.9835947852878467,hgb,2026-06-03T16:38:27
LAPTOP-B21SDAHL_Nile,primary_80_20_80,2025-12-16 10:39:56,0,13,20,1,0.7955793098928646,hgb,2026-06-03T16:38:27
LAPTOP-B21SDAHL_Nile,primary_80_20_80,2025-12-16 16:59:12,20,29,33,1,0.7648657280711062,hgb,2026-06-03T16:38:27
LAPTOP-B21SDAHL_Nile,primary_80_20_80,2025-12-16 21:47:48,33,40,63,1,0.8191192813986644,hgb,2026-06-03T16:38:27
LAPTOP-B21SDAHL_Nile,primary_80_20_80,2025-12-17 14:21:50,63,74,84,1,0.8720795683226099,hgb,2026-06-03T16:38:27
LAPTOP-B21SDAHL_Nile,primary_80_20_80,2025-12-17 23:39:24,84,102,107,1,0.9178147022499605,hgb,2026-06-03T16:38:27
LAPTOP-B21SDAHL_Nile,primary_80_20_80,2025-12-18 15:41:52,107,137,144,1,0.7914354735913736,hgb,2026-06-03T16:38:27
LAPTOP-B21SDAHL_Nile,primary_80_20_80,2026-01-04 11:39:01,299,323,331,1,0.9795439332822841,hgb,2026-06-03T16:38:27
LAPTOP-B21SDAHL_Nile,secondary_85_15_85,2025-12-16 10:39:56,0,13,20,1,0.7955793098928646,hgb,2026-06-03T16:38:27
LAPTOP-B21SDAHL_Nile,secondary_85_15_85,2025-12-16 16:59:12,20,51,63,1,0.839009790387458,hgb,2026-06-03T16:38:27
LAPTOP-B21SDAHL_Nile,secondary_85_15_85,2025-12-17 14:21:50,63,75,84,1,0.9202599577567595,hgb,2026-06-03T16:38:27
LAPTOP-B21SDAHL_Nile,secondary_85_15_85,2025-12-17 23:39:24,84,103,107,1,0.9279514297944003,hgb,2026-06-03T16:38:27
LAPTOP-B21SDAHL_Nile,secondary_85_15_85,2025-12-18 15:41:52,107,138,144,1,0.783590664252182,hgb,2026-06-03T16:38:27
LAPTOP-B21SDAHL_Nile,secondary_85_15_85,2026-01-04 11:39:01,299,324,332,1,0.9806932790850219,hgb,2026-06-03T16:38:27
LAPTOP-BD8L6116_Think,strict_90_10_90,2025-06-23 09:17:55,237,242,246,1,0.9919170685655484,hgb,2026-06-03T16:38:27
LAPTOP-BD8L6116_Think,primary_80_20_80,2025-06-11 03:45:17,73,79,81,1,0.9817831760983127,hgb,2026-06-03T16:38:27
LAPTOP-BD8L6116_Think,primary_80_20_80,2025-06-23 09:17:55,237,241,246,1,0.9860567880849,hgb,2026-06-03T16:38:27
LAPTOP-BD8L6116_Think,primary_80_20_80,2025-06-23 15:51:46,246,255,264,0,0.9662055709783102,hgb,2026-06-03T16:38:27
LAPTOP-BD8L6116_Think,primary_80_20_80,2025-06-23 23:14:56,264,289,305,0,0.9199289776857755,hgb,2026-06-03T16:38:27
LAPTOP-BD8L6116_Think,secondary_85_15_85,2025-06-11 03:45:17,73,79,81,1,0.9817831760983127,hgb,2026-06-03T16:38:27
LAPTOP-BD8L6116_Think,secondary_85_15_85,2025-06-23 09:17:55,237,241,246,1,0.9860567880849,hgb,2026-06-03T16:38:27
LAPTOP-C1EEVLRC_86138,strict_90_10_90,2024-04-25 10:39:24,230,248,257,1,0.9959576611811412,hgb,2026-06-03T16:38:27
LAPTOP-C1EEVLRC_86138,strict_90_10_90,2024-05-10 14:33:13,528,592,626,1,0.994350191261657,hgb,2026-06-03T16:38:27
LAPTOP-C1EEVLRC_86138,primary_80_20_80,2024-04-23 08:53:15,167,174,188,1,0.983235495376889,hgb,2026-06-03T16:38:27
LAPTOP-C1EEVLRC_86138,primary_80_20_80,2024-04-25 10:39:24,230,248,256,1,0.9950031192932005,hgb,2026-06-03T16:38:27
LAPTOP-C1EEVLRC_86138,primary_80_20_80,2024-04-25 20:34:57,256,276,286,1,0.9663261783709636,hgb,2026-06-03T16:38:27
LAPTOP-C1EEVLRC_86138,primary_80_20_80,2024-04-28 12:50:44,314,321,326,1,0.9676793324116985,hgb,2026-06-03T16:38:27
LAPTOP-C1EEVLRC_86138,primary_80_20_80,2024-05-06 13:18:51,423,451,455,1,0.9855519979378817,hgb,2026-06-03T16:38:27
LAPTOP-C1EEVLRC_86138,primary_80_20_80,2024-05-10 14:33:13,528,539,552,1,0.986201810284489,hgb,2026-06-03T16:38:27
LAPTOP-C1EEVLRC_86138,primary_80_20_80,2024-05-11 13:04:47,552,565,570,1,0.9911646864337536,hgb,2026-06-03T16:38:27
LAPTOP-C1EEVLRC_86138,primary_80_20_80,2024-05-12 19:22:47,570,591,625,1,0.9913995923386679,hgb,2026-06-03T16:38:27
LAPTOP-C1EEVLRC_86138,secondary_85_15_85,2024-04-25 10:39:24,230,248,256,1,0.9950031192932005,hgb,2026-06-03T16:38:27
LAPTOP-C1EEVLRC_86138,secondary_85_15_85,2024-05-10 14:33:13,528,565,570,1,0.986961468334148,hgb,2026-06-03T16:38:27
LAPTOP-C1EEVLRC_86138,secondary_85_15_85,2024-05-12 19:22:47,570,592,625,1,0.9931436302851154,hgb,2026-06-03T16:38:27
LAPTOP-CPPVM862_LL,primary_80_20_80,2023-03-13 14:22:39,592,606,612,1,0.1906959913332281,hgb,2026-06-03T16:38:27
LAPTOP-CPPVM862_LL,primary_80_20_80,2023-03-14 08:58:42,612,631,635,1,0.24664620188534403,hgb,2026-06-03T16:38:27
LAPTOP-CPPVM862_LL,primary_80_20_80,2023-04-21 10:24:17,1161,1170,1174,0,0.09483373121586432,hgb,2026-06-03T16:38:27
LAPTOP-DCOJFCQ0_TM_X1_MTL,strict_90_10_90,2024-04-18 10:45:51,475,494,496,1,0.9711327700773422,hgb,2026-06-03T16:38:27
LAPTOP-DCOJFCQ0_TM_X1_MTL,strict_90_10_90,2024-04-23 12:32:03,547,559,583,1,0.9870971308338484,hgb,2026-06-03T16:38:27
LAPTOP-DCOJFCQ0_TM_X1_MTL,strict_90_10_90,2024-10-22 05:36:49,3522,3536,3553,1,0.9915976354341152,hgb,2026-06-03T16:38:27
LAPTOP-DCOJFCQ0_TM_X1_MTL,primary_80_20_80,2024-04-01 02:58:13,121,128,134,0,0.5071688080106076,hgb,2026-06-03T16:38:27
LAPTOP-DCOJFCQ0_TM_X1_MTL,primary_80_20_80,2024-04-18 10:45:51,475,491,496,1,0.9505616981947238,hgb,2026-06-03T16:38:27
LAPTOP-DCOJFCQ0_TM_X1_MTL,primary_80_20_80,2024-04-23 11:01:58,544,558,575,1,0.9655804353004627,hgb,2026-06-03T16:38:27
LAPTOP-DCOJFCQ0_TM_X1_MTL,primary_80_20_80,2024-05-02 18:34:53,751,754,756,1,0.9736962107336005,hgb,2026-06-03T16:38:27
LAPTOP-DCOJFCQ0_TM_X1_MTL,primary_80_20_80,2024-06-05 22:00:36,1467,1490,1493,1,0.9882809478703747,hgb,2026-06-03T16:38:27
LAPTOP-DCOJFCQ0_TM_X1_MTL,primary_80_20_80,2024-08-24 10:32:37,2533,2725,2739,1,0.8963891074587882,hgb,2026-06-03T16:38:27
LAPTOP-DCOJFCQ0_TM_X1_MTL,primary_80_20_80,2024-09-04 13:34:58,2739,2758,2762,1,0.9053922139710313,hgb,2026-06-03T16:38:27
LAPTOP-DCOJFCQ0_TM_X1_MTL,primary_80_20_80,2024-10-01 17:47:52,3216,3228,3231,1,0.9914975681207987,hgb,2026-06-03T16:38:27
LAPTOP-DCOJFCQ0_TM_X1_MTL,primary_80_20_80,2024-10-02 13:39:27,3231,3241,3246,1,0.9713262627800732,hgb,2026-06-03T16:38:27
LAPTOP-DCOJFCQ0_TM_X1_MTL,primary_80_20_80,2024-10-22 05:36:49,3522,3535,3552,1,0.9924519973158183,hgb,2026-06-03T16:38:27
LAPTOP-DCOJFCQ0_TM_X1_MTL,primary_80_20_80,2024-11-13 03:55:28,3898,3947,3957,1,0.9772657820371844,hgb,2026-06-03T16:38:27
LAPTOP-DCOJFCQ0_TM_X1_MTL,primary_80_20_80,2024-11-19 22:35:56,4046,4070,4075,1,0.9570202092138782,hgb,2026-06-03T16:38:27
LAPTOP-DCOJFCQ0_TM_X1_MTL,primary_80_20_80,2025-01-07 15:24:02,4714,4738,4754,1,0.8058208645325796,hgb,2026-06-03T16:38:27
LAPTOP-DCOJFCQ0_TM_X1_MTL,primary_80_20_80,2025-01-28 16:49:15,5082,5097,5123,1,0.962018906054756,hgb,2026-06-03T16:38:27
LAPTOP-DCOJFCQ0_TM_X1_MTL,secondary_85_15_85,2024-04-18 10:45:51,475,493,496,1,0.9545205233057321,hgb,2026-06-03T16:38:27
LAPTOP-DCOJFCQ0_TM_X1_MTL,secondary_85_15_85,2024-04-23 12:32:03,547,558,575,1,0.9806485640366215,hgb,2026-06-03T16:38:27
LAPTOP-DCOJFCQ0_TM_X1_MTL,secondary_85_15_85,2024-08-24 10:32:37,2533,2725,2739,1,0.8963891074587882,hgb,2026-06-03T16:38:27
LAPTOP-DCOJFCQ0_TM_X1_MTL,secondary_85_15_85,2024-10-22 05:36:49,3522,3535,3553,1,0.9926776349754787,hgb,2026-06-03T16:38:27
LAPTOP-DCOJFCQ0_TM_X1_MTL,secondary_85_15_85,2025-01-28 16:49:15,5082,5098,5123,1,0.9631281081211653,hgb,2026-06-03T16:38:27
LAPTOP-E1AAB86F_X1_2-1,strict_90_10_90,2024-04-10 20:44:01,1234,1277,1280,1,0.9871467680188782,hgb,2026-06-03T16:38:27
LAPTOP-E1AAB86F_X1_2-1,strict_90_10_90,2024-06-03 10:34:45,1981,2030,2041,1,0.9637292997802832,hgb,2026-06-03T16:38:27
LAPTOP-E1AAB86F_X1_2-1,strict_90_10_90,2024-08-02 08:10:40,3102,3186,3188,1,0.9435643875544362,hgb,2026-06-03T16:38:27
LAPTOP-E1AAB86F_X1_2-1,strict_90_10_90,2024-10-28 17:03:42,4671,4689,4699,1,0.9500327671971703,hgb,2026-06-03T16:38:27
LAPTOP-E1AAB86F_X1_2-1,strict_90_10_90,2024-12-04 15:28:28,5186,5194,5234,1,0.9580262611268512,hgb,2026-06-03T16:38:27
LAPTOP-E1AAB86F_X1_2-1,strict_90_10_90,2025-01-20 18:12:09,5721,5745,5779,1,0.7183356985248188,hgb,2026-06-03T16:38:27
LAPTOP-E1AAB86F_X1_2-1,primary_80_20_80,2024-03-05 12:47:02,571,611,651,1,0.9919898090163856,hgb,2026-06-03T16:38:27
LAPTOP-E1AAB86F_X1_2-1,primary_80_20_80,2024-04-10 20:44:01,1234,1277,1280,1,0.9881751954005566,hgb,2026-06-03T16:38:27
LAPTOP-E1AAB86F_X1_2-1,primary_80_20_80,2024-04-17 19:19:07,1361,1380,1405,1,0.9849560185887541,hgb,2026-06-03T16:38:27
LAPTOP-E1AAB86F_X1_2-1,primary_80_20_80,2024-04-29 19:38:03,1536,1548,1554,1,0.8964508759214471,hgb,2026-06-03T16:38:27
LAPTOP-E1AAB86F_X1_2-1,primary_80_20_80,2024-05-14 10:50:25,1752,1760,1783,1,0.9590134218198499,hgb,2026-06-03T16:38:27
LAPTOP-E1AAB86F_X1_2-1,primary_80_20_80,2024-05-21 15:34:01,1864,1877,1893,1,0.9886673318293384,hgb,2026-06-03T16:38:27
LAPTOP-E1AAB86F_X1_2-1,primary_80_20_80,2024-05-29 17:02:32,1940,1951,1956,1,0.9791250072776922,hgb,2026-06-03T16:38:27
LAPTOP-E1AAB86F_X1_2-1,primary_80_20_80,2024-05-30 15:34:29,1956,1963,1970,1,0.9630203544152725,hgb,2026-06-03T16:38:27
LAPTOP-E1AAB86F_X1_2-1,primary_80_20_80,2024-06-05 15:26:01,2032,2059,2070,1,0.9888722979035817,hgb,2026-06-03T16:38:27
LAPTOP-E1AAB86F_X1_2-1,primary_80_20_80,2024-06-11 08:57:48,2096,2117,2127,1,0.9716056956142681,hgb,2026-06-03T16:38:27
LAPTOP-E1AAB86F_X1_2-1,primary_80_20_80,2024-06-17 12:40:23,2167,2194,2196,1,0.9492212437116475,hgb,2026-06-03T16:38:27
LAPTOP-E1AAB86F_X1_2-1,primary_80_20_80,2024-07-22 21:00:07,2849,2902,2908,1,0.9503312302238984,hgb,2026-06-03T16:38:27
LAPTOP-E1AAB86F_X1_2-1,primary_80_20_80,2024-07-24 18:42:52,2908,2926,2943,1,0.977469812266101,hgb,2026-06-03T16:38:27
LAPTOP-E1AAB86F_X1_2-1,primary_80_20_80,2024-07-26 09:57:33,2943,3020,3025,1,0.9775665117852558,hgb,2026-06-03T16:38:27
LAPTOP-E1AAB86F_X1_2-1,primary_80_20_80,2024-07-29 15:02:55,3025,3052,3067,1,0.9885622029114117,hgb,2026-06-03T16:38:27
LAPTOP-E1AAB86F_X1_2-1,primary_80_20_80,2024-08-02 08:10:40,3102,3185,3188,1,0.9381235547255298,hgb,2026-06-03T16:38:27
LAPTOP-E1AAB86F_X1_2-1,primary_80_20_80,2024-08-27 10:18:24,3594,3620,3626,1,0.9920368568587973,hgb,2026-06-03T16:38:27
LAPTOP-E1AAB86F_X1_2-1,primary_80_20_80,2024-09-17 12:54:42,3923,3941,3950,1,0.9961741963912089,hgb,2026-06-03T16:38:27
LAPTOP-E1AAB86F_X1_2-1,primary_80_20_80,2024-09-24 11:16:36,4040,4053,4060,1,0.9880894681579709,hgb,2026-06-03T16:38:27
LAPTOP-E1AAB86F_X1_2-1,primary_80_20_80,2024-09-30 10:27:00,4144,4230,4241,1,0.5908349935440739,hgb,2026-06-03T16:38:27
LAPTOP-E1AAB86F_X1_2-1,primary_80_20_80,2024-10-08 14:20:56,4320,4345,4385,1,0.941544535281613,hgb,2026-06-03T16:38:27
LAPTOP-E1AAB86F_X1_2-1,primary_80_20_80,2024-10-10 09:51:20,4385,4392,4412,1,0.9749720274985034,hgb,2026-06-03T16:38:27
LAPTOP-E1AAB86F_X1_2-1,primary_80_20_80,2024-10-28 08:57:59,4655,4665,4671,1,0.8122419432159557,hgb,2026-06-03T16:38:27
LAPTOP-E1AAB86F_X1_2-1,primary_80_20_80,2024-10-28 17:03:42,4671,4688,4699,1,0.9508583876720155,hgb,2026-06-03T16:38:27
LAPTOP-E1AAB86F_X1_2-1,primary_80_20_80,2024-11-04 08:49:35,4767,4774,4778,1,0.972407250993279,hgb,2026-06-03T16:38:27
LAPTOP-E1AAB86F_X1_2-1,primary_80_20_80,2024-11-04 13:57:48,4778,4865,4868,1,0.83647615101722,hgb,2026-06-03T16:38:27
LAPTOP-E1AAB86F_X1_2-1,primary_80_20_80,2024-12-04 14:58:28,5185,5194,5234,1,0.8754100590599575,hgb,2026-06-03T16:38:27
LAPTOP-E1AAB86F_X1_2-1,primary_80_20_80,2025-01-02 10:42:53,5454,5472,5477,1,0.07161425975534622,hgb,2026-06-03T16:38:27
LAPTOP-E1AAB86F_X1_2-1,primary_80_20_80,2025-01-14 19:56:56,5640,5689,5700,1,0.831485001729006,hgb,2026-06-03T16:38:27
LAPTOP-E1AAB86F_X1_2-1,primary_80_20_80,2025-01-20 18:12:09,5721,5744,5778,1,0.632681424350153,hgb,2026-06-03T16:38:27
LAPTOP-E1AAB86F_X1_2-1,primary_80_20_80,2025-02-05 08:49:05,5951,5975,5982,1,0.6941869015264325,hgb,2026-06-03T16:38:27
LAPTOP-E1AAB86F_X1_2-1,primary_80_20_80,2025-02-10 18:08:26,6055,6082,6089,1,0.4481143085166974,hgb,2026-06-03T16:38:27
LAPTOP-E1AAB86F_X1_2-1,primary_80_20_80,2025-02-13 06:55:38,6089,6107,6116,1,0.9672413223490054,hgb,2026-06-03T16:38:27
LAPTOP-E1AAB86F_X1_2-1,secondary_85_15_85,2024-04-10 20:44:01,1234,1277,1280,1,0.9881751954005566,hgb,2026-06-03T16:38:27
LAPTOP-E1AAB86F_X1_2-1,secondary_85_15_85,2024-05-29 17:02:32,1940,1952,1956,1,0.9757574418477526,hgb,2026-06-03T16:38:27
LAPTOP-E1AAB86F_X1_2-1,secondary_85_15_85,2024-05-30 15:34:29,1956,1964,1972,1,0.9814505262031762,hgb,2026-06-03T16:38:27
LAPTOP-E1AAB86F_X1_2-1,secondary_85_15_85,2024-08-02 08:10:40,3102,3186,3188,1,0.9478959166074348,hgb,2026-06-03T16:38:27
LAPTOP-E1AAB86F_X1_2-1,secondary_85_15_85,2024-10-28 08:57:59,4655,4666,4671,1,0.835960287135244,hgb,2026-06-03T16:38:27
LAPTOP-E1AAB86F_X1_2-1,secondary_85_15_85,2024-10-28 17:03:42,4671,4688,4699,1,0.9508583876720155,hgb,2026-06-03T16:38:27
LAPTOP-E1AAB86F_X1_2-1,secondary_85_15_85,2024-12-04 15:28:28,5186,5194,5234,1,0.9612933498691858,hgb,2026-06-03T16:38:27
LAPTOP-E1AAB86F_X1_2-1,secondary_85_15_85,2025-01-20 18:12:09,5721,5745,5778,1,0.6494391400408976,hgb,2026-06-03T16:38:27
LAPTOP-FG0TTKQT_amurugan1,primary_80_20_80,2025-05-18 22:36:28,1209,1320,1334,1,0.9656735802913926,hgb,2026-06-03T16:38:27
LAPTOP-G59PGF6O_Avon,primary_80_20_80,2026-02-10 20:59:20,48,51,54,1,0.8016880958665717,hgb,2026-06-03T16:38:27
LAPTOP-G59PGF6O_Avon,primary_80_20_80,2026-03-16 11:30:21,388,420,429,1,0.9942126408773252,hgb,2026-06-03T16:38:27
LAPTOP-G59PGF6O_Avon,primary_80_20_80,2026-04-21 23:14:03,783,803,807,1,0.9965343773515823,hgb,2026-06-03T16:38:27
LAPTOP-G59PGF6O_Avon,secondary_85_15_85,2026-02-10 20:59:20,48,51,54,1,0.8016880958665717,hgb,2026-06-03T16:38:27
LAPTOP-G59PGF6O_Avon,secondary_85_15_85,2026-04-22 07:53:57,784,804,807,1,0.9943156909940124,hgb,2026-06-03T16:38:27
LAPTOP-GAVGVR9P_panjun1,strict_90_10_90,2025-09-05 09:02:44,2039,2048,2055,1,0.8382196656410694,hgb,2026-06-03T16:38:27
LAPTOP-GAVGVR9P_panjun1,strict_90_10_90,2025-09-10 10:51:28,2139,2168,2198,1,0.9731569240471103,hgb,2026-06-03T16:38:27
LAPTOP-GAVGVR9P_panjun1,strict_90_10_90,2025-10-20 10:52:33,2733,2753,2769,1,0.9901123975324815,hgb,2026-06-03T16:38:27
LAPTOP-GAVGVR9P_panjun1,strict_90_10_90,2025-11-19 15:48:26,3251,3258,3270,1,0.9184739819767533,hgb,2026-06-03T16:38:27
LAPTOP-GAVGVR9P_panjun1,primary_80_20_80,2025-09-05 00:15:22,2038,2047,2054,1,0.9668654611423486,hgb,2026-06-03T16:38:27
LAPTOP-GAVGVR9P_panjun1,primary_80_20_80,2025-09-10 10:21:28,2138,2167,2197,1,0.9089881865296775,hgb,2026-06-03T16:38:27
LAPTOP-GAVGVR9P_panjun1,primary_80_20_80,2025-10-20 10:52:33,2733,2751,2769,1,0.9921894807326042,hgb,2026-06-03T16:38:27
LAPTOP-GAVGVR9P_panjun1,primary_80_20_80,2025-11-19 12:55:20,3243,3258,3270,1,0.9516777057404495,hgb,2026-06-03T16:38:27
LAPTOP-GAVGVR9P_panjun1,primary_80_20_80,2025-11-20 12:37:52,3270,3280,3297,1,0.8975180529011185,hgb,2026-06-03T16:38:27
LAPTOP-GAVGVR9P_panjun1,secondary_85_15_85,2025-09-05 09:02:44,2039,2048,2054,1,0.8042754800427263,hgb,2026-06-03T16:38:27
LAPTOP-GAVGVR9P_panjun1,secondary_85_15_85,2025-09-10 10:51:28,2139,2167,2198,1,0.9748525965200744,hgb,2026-06-03T16:38:27
LAPTOP-GAVGVR9P_panjun1,secondary_85_15_85,2025-10-20 10:52:33,2733,2752,2769,1,0.9902048091739011,hgb,2026-06-03T16:38:27
LAPTOP-GAVGVR9P_panjun1,secondary_85_15_85,2025-11-19 13:01:49,3244,3258,3270,1,0.9605816310190414,hgb,2026-06-03T16:38:27
LAPTOP-GAVGVR9P_panjun1,secondary_85_15_85,2025-11-20 12:37:52,3270,3280,3297,1,0.8975180529011185,hgb,2026-06-03T16:38:27
LAPTOP-GGLFATQJ_kazuk,strict_90_10_90,2023-02-08 07:36:25,0,40,54,1,0.9495065318037142,hgb,2026-06-03T16:38:27
LAPTOP-GGLFATQJ_kazuk,strict_90_10_90,2023-03-31 21:19:00,1075,1141,1146,1,0.9345475585578215,hgb,2026-06-03T16:38:27
LAPTOP-GGLFATQJ_kazuk,strict_90_10_90,2023-04-02 21:48:09,1146,1156,1160,1,0.7491100921191366,hgb,2026-06-03T16:38:27
LAPTOP-GGLFATQJ_kazuk,strict_90_10_90,2023-04-03 02:48:09,1160,1408,1414,1,0.8036983204538819,hgb,2026-06-03T16:38:27
LAPTOP-GGLFATQJ_kazuk,strict_90_10_90,2023-04-13 22:17:41,1522,1587,1591,1,0.7920978967322821,hgb,2026-06-03T16:38:27
LAPTOP-GGLFATQJ_kazuk,primary_80_20_80,2023-02-08 07:36:25,0,39,54,1,0.9213620009849001,hgb,2026-06-03T16:38:27
LAPTOP-GGLFATQJ_kazuk,primary_80_20_80,2023-03-17 23:03:03,682,712,726,1,0.6443724360377135,hgb,2026-06-03T16:38:27
LAPTOP-GGLFATQJ_kazuk,primary_80_20_80,2023-03-31 21:19:00,1075,1140,1146,1,0.8739993029822228,hgb,2026-06-03T16:38:27
LAPTOP-GGLFATQJ_kazuk,primary_80_20_80,2023-04-02 21:48:09,1146,1156,1160,1,0.7491100921191366,hgb,2026-06-03T16:38:27
LAPTOP-GGLFATQJ_kazuk,primary_80_20_80,2023-04-03 02:48:09,1160,1282,1288,1,0.6976335708817952,hgb,2026-06-03T16:38:27
LAPTOP-GGLFATQJ_kazuk,primary_80_20_80,2023-04-06 11:07:07,1288,1408,1414,1,0.6656667297458634,hgb,2026-06-03T16:38:27
LAPTOP-GGLFATQJ_kazuk,primary_80_20_80,2023-04-13 22:17:41,1522,1586,1590,1,0.672583712389203,hgb,2026-06-03T16:38:27
LAPTOP-GGLFATQJ_kazuk,secondary_85_15_85,2023-02-08 07:36:25,0,40,54,1,0.9495065318037142,hgb,2026-06-03T16:38:27
LAPTOP-GGLFATQJ_kazuk,secondary_85_15_85,2023-03-17 23:33:03,683,713,726,1,0.6369746429867023,hgb,2026-06-03T16:38:27
LAPTOP-GGLFATQJ_kazuk,secondary_85_15_85,2023-03-31 21:19:00,1075,1141,1146,1,0.9345475585578215,hgb,2026-06-03T16:38:27
LAPTOP-GGLFATQJ_kazuk,secondary_85_15_85,2023-04-02 21:48:09,1146,1156,1160,1,0.7491100921191366,hgb,2026-06-03T16:38:27
LAPTOP-GGLFATQJ_kazuk,secondary_85_15_85,2023-04-03 02:48:09,1160,1408,1414,1,0.8036983204538819,hgb,2026-06-03T16:38:27
LAPTOP-GGLFATQJ_kazuk,secondary_85_15_85,2023-04-13 22:17:41,1522,1587,1591,1,0.7920978967322821,hgb,2026-06-03T16:38:27
LAPTOP-H1CK928J_rreaves,strict_90_10_90,2024-04-16 19:56:39,3675,3702,3712,0,0.16209117637524786,hgb,2026-06-03T16:38:27
LAPTOP-H1CK928J_rreaves,primary_80_20_80,2024-04-02 07:02:57,3313,3336,3353,0,0.7508031843584521,hgb,2026-06-03T16:38:27
LAPTOP-H1CK928J_rreaves,primary_80_20_80,2024-04-02 21:32:13,3353,3364,3380,0,0.5970215056383668,hgb,2026-06-03T16:38:27
LAPTOP-H1CK928J_rreaves,primary_80_20_80,2024-04-16 15:28:05,3669,3702,3712,0,0.23035454411457282,hgb,2026-06-03T16:38:27
LAPTOP-H1CK928J_rreaves,secondary_85_15_85,2024-04-16 19:56:39,3675,3702,3712,0,0.16209117637524786,hgb,2026-06-03T16:38:27
LAPTOP-IHE4MH4F_mriddle,primary_80_20_80,2026-04-21 20:17:21,12,743,745,1,0.7964089691446036,hgb,2026-06-03T16:38:27
LAPTOP-J2L4OE0Q_ANakamura,strict_90_10_90,2026-01-20 10:40:58,478,508,513,1,0.902056625291557,hgb,2026-06-03T16:38:27
LAPTOP-J2L4OE0Q_ANakamura,primary_80_20_80,2026-01-20 10:10:58,477,507,513,1,0.5310657162645516,hgb,2026-06-03T16:38:27
LAPTOP-J2L4OE0Q_ANakamura,primary_80_20_80,2026-04-14 09:51:41,2050,2075,2080,1,0.9330256735367107,hgb,2026-06-03T16:38:27
LAPTOP-J2L4OE0Q_ANakamura,primary_80_20_80,2026-04-15 10:45:36,2080,2114,2132,1,0.9911144248501284,hgb,2026-06-03T16:38:27
LAPTOP-J2L4OE0Q_ANakamura,secondary_85_15_85,2026-01-20 10:40:58,478,507,513,1,0.5469485842816675,hgb,2026-06-03T16:38:27
LAPTOP-J2L4OE0Q_ANakamura,secondary_85_15_85,2026-04-14 09:51:41,2050,2075,2080,1,0.9330256735367107,hgb,2026-06-03T16:38:27
LAPTOP-J2L4OE0Q_ANakamura,secondary_85_15_85,2026-04-15 10:45:36,2080,2116,2133,1,0.9857395069291892,hgb,2026-06-03T16:38:27
LAPTOP-JHPGK11C_NL1SKU6SIT1LR,strict_90_10_90,2026-01-06 18:04:00,0,793,847,1,0.9887758510184265,hgb,2026-06-03T16:38:27
LAPTOP-JHPGK11C_NL1SKU6SIT1LR,primary_80_20_80,2026-01-06 18:04:00,0,793,837,1,0.9869655260586006,hgb,2026-06-03T16:38:27
LAPTOP-JHPGK11C_NL1SKU6SIT1LR,secondary_85_15_85,2026-01-06 18:04:00,0,793,841,1,0.9887758510184265,hgb,2026-06-03T16:38:27
LAPTOP-K2Q4C3UQ_1,strict_90_10_90,2023-10-19 08:33:58,1541,1566,1572,1,0.9517956613661678,hgb,2026-06-03T16:38:27
LAPTOP-K2Q4C3UQ_1,primary_80_20_80,2023-10-19 08:33:58,1541,1552,1561,1,0.950526762415552,hgb,2026-06-03T16:38:27
LAPTOP-K2Q4C3UQ_1,primary_80_20_80,2023-10-20 09:27:43,1561,1565,1571,1,0.9487992796789497,hgb,2026-06-03T16:38:27
LAPTOP-K2Q4C3UQ_1,primary_80_20_80,2023-11-01 08:32:23,1691,1711,1716,1,0.7302063808566205,hgb,2026-06-03T16:38:27
LAPTOP-K2Q4C3UQ_1,primary_80_20_80,2023-11-02 11:05:09,1716,1859,1865,1,0.7338503847597,hgb,2026-06-03T16:38:27
LAPTOP-K2Q4C3UQ_1,secondary_85_15_85,2023-10-19 08:33:58,1541,1566,1572,1,0.9517956613661678,hgb,2026-06-03T16:38:27
LAPTOP-MUEEDSGP_NL1SKU7SIT2LR,strict_90_10_90,2026-01-15 12:13:11,0,30,38,1,0.9709910428949867,hgb,2026-06-03T16:38:27
LAPTOP-MUEEDSGP_NL1SKU7SIT2LR,primary_80_20_80,2026-01-15 12:13:11,0,27,37,1,0.9546578946187927,hgb,2026-06-03T16:38:27
LAPTOP-MUEEDSGP_NL1SKU7SIT2LR,secondary_85_15_85,2026-01-15 12:13:11,0,29,37,1,0.9589928522600301,hgb,2026-06-03T16:38:27
LAPTOP-OMDL8LQ4_EESIT,strict_90_10_90,2024-09-02 12:17:22,128,194,215,1,0.9789988848763614,hgb,2026-06-03T16:38:27
LAPTOP-OMDL8LQ4_EESIT,strict_90_10_90,2024-09-04 09:22:26,215,229,255,1,0.9806870326385305,hgb,2026-06-03T16:38:27
LAPTOP-OMDL8LQ4_EESIT,strict_90_10_90,2024-09-11 16:52:53,377,435,443,1,0.9972184490241399,hgb,2026-06-03T16:38:27
LAPTOP-OMDL8LQ4_EESIT,strict_90_10_90,2024-09-25 16:55:39,649,679,684,1,0.9971600242153624,hgb,2026-06-03T16:38:27
LAPTOP-OMDL8LQ4_EESIT,strict_90_10_90,2024-10-30 08:08:28,1024,1102,1107,1,0.983587543117601,hgb,2026-06-03T16:38:27
LAPTOP-OMDL8LQ4_EESIT,strict_90_10_90,2024-11-21 13:11:36,1433,1443,1459,1,0.9778011886307105,hgb,2026-06-03T16:38:27
LAPTOP-OMDL8LQ4_EESIT,strict_90_10_90,2024-12-24 16:45:06,1983,1999,2006,1,0.9930340308319396,hgb,2026-06-03T16:38:27
LAPTOP-OMDL8LQ4_EESIT,primary_80_20_80,2024-09-02 12:17:22,128,194,201,1,0.974076310666471,hgb,2026-06-03T16:38:27
LAPTOP-OMDL8LQ4_EESIT,primary_80_20_80,2024-09-03 17:39:45,201,228,235,1,0.9930283121693659,hgb,2026-06-03T16:38:27
LAPTOP-OMDL8LQ4_EESIT,primary_80_20_80,2024-09-04 17:23:35,235,244,254,1,0.9933651389677517,hgb,2026-06-03T16:38:27
LAPTOP-OMDL8LQ4_EESIT,primary_80_20_80,2024-09-06 11:34:27,278,295,313,1,0.9949715793479259,hgb,2026-06-03T16:38:27
LAPTOP-OMDL8LQ4_EESIT,primary_80_20_80,2024-09-10 09:31:23,343,364,377,1,0.9909884151097452,hgb,2026-06-03T16:38:27
LAPTOP-OMDL8LQ4_EESIT,primary_80_20_80,2024-09-11 16:52:53,377,409,413,1,0.9928016405766914,hgb,2026-06-03T16:38:27
LAPTOP-OMDL8LQ4_EESIT,primary_80_20_80,2024-09-12 17:37:58,413,433,442,1,0.9983087111141274,hgb,2026-06-03T16:38:27
LAPTOP-OMDL8LQ4_EESIT,primary_80_20_80,2024-09-25 16:25:39,648,664,666,1,0.9982841837472636,hgb,2026-06-03T16:38:27
LAPTOP-OMDL8LQ4_EESIT,primary_80_20_80,2024-09-26 13:31:50,666,678,683,1,0.991861662716886,hgb,2026-06-03T16:38:27
LAPTOP-OMDL8LQ4_EESIT,primary_80_20_80,2024-10-28 16:11:41,987,996,998,1,0.9565127198037369,hgb,2026-06-03T16:38:27
LAPTOP-OMDL8LQ4_EESIT,primary_80_20_80,2024-10-28 22:52:26,998,1005,1023,1,0.9652562951098852,hgb,2026-06-03T16:38:27
LAPTOP-OMDL8LQ4_EESIT,primary_80_20_80,2024-10-30 02:02:33,1023,1033,1037,1,0.9507150786158137,hgb,2026-06-03T16:38:27
LAPTOP-OMDL8LQ4_EESIT,primary_80_20_80,2024-10-30 15:26:51,1037,1049,1053,1,0.9309868647860181,hgb,2026-06-03T16:38:27
LAPTOP-OMDL8LQ4_EESIT,primary_80_20_80,2024-10-30 22:40:36,1053,1101,1107,1,0.9547263175905751,hgb,2026-06-03T16:38:27
LAPTOP-OMDL8LQ4_EESIT,primary_80_20_80,2024-11-21 13:11:36,1433,1442,1459,1,0.9861555890777199,hgb,2026-06-03T16:38:27
LAPTOP-OMDL8LQ4_EESIT,primary_80_20_80,2024-11-22 13:52:57,1459,1468,1472,1,0.9782977738991013,hgb,2026-06-03T16:38:27
LAPTOP-OMDL8LQ4_EESIT,primary_80_20_80,2024-12-16 11:48:18,1864,1877,1884,1,0.998030620104846,hgb,2026-06-03T16:38:27
LAPTOP-OMDL8LQ4_EESIT,primary_80_20_80,2024-12-19 23:19:29,1934,1947,1951,1,0.9899189331951904,hgb,2026-06-03T16:38:27
LAPTOP-OMDL8LQ4_EESIT,primary_80_20_80,2024-12-20 14:13:19,1951,1966,1970,1,0.9895071106790168,hgb,2026-06-03T16:38:27
LAPTOP-OMDL8LQ4_EESIT,primary_80_20_80,2025-02-08 09:16:09,2544,2555,2559,1,0.9809319356371896,hgb,2026-06-03T16:38:27
LAPTOP-OMDL8LQ4_EESIT,primary_80_20_80,2025-02-12 09:12:36,2614,2623,2633,1,0.9866107295012249,hgb,2026-06-03T16:38:27
LAPTOP-OMDL8LQ4_EESIT,primary_80_20_80,2025-02-19 13:28:35,2742,2753,2767,1,0.9944573056698509,hgb,2026-06-03T16:38:27
LAPTOP-OMDL8LQ4_EESIT,secondary_85_15_85,2024-09-02 12:17:22,128,194,215,1,0.9789988848763614,hgb,2026-06-03T16:38:27
LAPTOP-OMDL8LQ4_EESIT,secondary_85_15_85,2024-09-04 09:22:26,215,228,254,1,0.9923253026984292,hgb,2026-06-03T16:38:27
LAPTOP-OMDL8LQ4_EESIT,secondary_85_15_85,2024-09-06 11:34:27,278,296,313,1,0.9946186648265378,hgb,2026-06-03T16:38:27
LAPTOP-OMDL8LQ4_EESIT,secondary_85_15_85,2024-09-11 16:52:53,377,434,442,1,0.9966972568618516,hgb,2026-06-03T16:38:27
LAPTOP-OMDL8LQ4_EESIT,secondary_85_15_85,2024-09-25 16:55:39,649,664,666,1,0.9971721866924607,hgb,2026-06-03T16:38:27
LAPTOP-OMDL8LQ4_EESIT,secondary_85_15_85,2024-09-26 13:31:50,666,679,684,1,0.9915122115031691,hgb,2026-06-03T16:38:27
LAPTOP-OMDL8LQ4_EESIT,secondary_85_15_85,2024-10-28 16:11:41,987,997,1024,1,0.9683505188742576,hgb,2026-06-03T16:38:27
LAPTOP-OMDL8LQ4_EESIT,secondary_85_15_85,2024-10-30 08:08:28,1024,1033,1039,1,0.9631401489329598,hgb,2026-06-03T16:38:27
LAPTOP-OMDL8LQ4_EESIT,secondary_85_15_85,2024-10-30 15:44:55,1039,1049,1058,1,0.910260520573826,hgb,2026-06-03T16:38:27
LAPTOP-OMDL8LQ4_EESIT,secondary_85_15_85,2024-10-31 08:11:38,1058,1101,1107,1,0.961609300081389,hgb,2026-06-03T16:38:27
LAPTOP-OMDL8LQ4_EESIT,secondary_85_15_85,2024-11-21 13:11:36,1433,1443,1459,1,0.9778011886307105,hgb,2026-06-03T16:38:27
LAPTOP-OMDL8LQ4_EESIT,secondary_85_15_85,2024-12-18 17:03:02,1899,1929,1951,1,0.961127453348566,hgb,2026-06-03T16:38:27
LAPTOP-OMDL8LQ4_EESIT,secondary_85_15_85,2024-12-24 16:45:06,1983,1998,2006,1,0.9923954272533434,hgb,2026-06-03T16:38:27
LAPTOP-OMDL8LQ4_EESIT,secondary_85_15_85,2025-02-12 09:12:36,2614,2623,2633,1,0.9866107295012249,hgb,2026-06-03T16:38:27
LAPTOP-OMDL8LQ4_EESIT,secondary_85_15_85,2025-02-19 15:08:22,2744,2753,2767,1,0.9958484993127169,hgb,2026-06-03T16:38:27
LAPTOP-OV7Q4J55_PE,strict_90_10_90,2024-09-19 08:29:04,64,328,334,1,0.9438116998407993,hgb,2026-06-03T16:38:27
LAPTOP-OV7Q4J55_PE,primary_80_20_80,2024-09-19 08:29:04,64,328,333,1,0.9377242805015463,hgb,2026-06-03T16:38:27
LAPTOP-OV7Q4J55_PE,secondary_85_15_85,2024-09-19 08:29:04,64,328,333,1,0.9377242805015463,hgb,2026-06-03T16:38:27
LAPTOP-Q5JPEGGD_Nate,strict_90_10_90,2026-03-23 09:47:51,1623,1687,1692,1,0.9962626231899551,hgb,2026-06-03T16:38:27
LAPTOP-Q5JPEGGD_Nate,primary_80_20_80,2026-03-23 09:17:51,1622,1686,1692,1,0.9961124397047636,hgb,2026-06-03T16:38:27
LAPTOP-Q5JPEGGD_Nate,secondary_85_15_85,2026-03-23 09:47:51,1623,1686,1692,1,0.9961124397047636,hgb,2026-06-03T16:38:27
LAPTOP-Q6HOEUNN_tyler,primary_80_20_80,2024-05-29 08:39:00,4515,4520,4525,0,0.21406711028520556,hgb,2026-06-03T16:38:27
LAPTOP-RCQD7R5B_kazuk,strict_90_10_90,2023-05-22 12:08:11,1620,1630,1639,1,0.9768028668734261,hgb,2026-06-03T16:38:27
LAPTOP-RCQD7R5B_kazuk,strict_90_10_90,2023-05-22 18:40:16,1639,1656,1660,1,0.9722165871226405,hgb,2026-06-03T16:38:27
LAPTOP-RCQD7R5B_kazuk,strict_90_10_90,2023-07-12 19:58:13,3206,3519,3524,1,0.9399013152273512,hgb,2026-06-03T16:38:27
LAPTOP-RCQD7R5B_kazuk,strict_90_10_90,2023-07-19 19:14:06,3524,3560,3566,1,0.959476379604857,hgb,2026-06-03T16:38:27
LAPTOP-RCQD7R5B_kazuk,strict_90_10_90,2023-08-29 03:00:41,4601,4652,4656,1,0.9334208507877567,hgb,2026-06-03T16:38:27
LAPTOP-RCQD7R5B_kazuk,strict_90_10_90,2023-12-19 13:55:45,6325,6347,6354,1,0.9335178863930451,hgb,2026-06-03T16:38:27
LAPTOP-RCQD7R5B_kazuk,strict_90_10_90,2023-12-29 06:12:09,6480,6518,6526,1,0.932056605194467,hgb,2026-06-03T16:38:27
LAPTOP-RCQD7R5B_kazuk,strict_90_10_90,2024-01-04 16:07:33,6683,6697,6703,1,0.8912128513534866,hgb,2026-06-03T16:38:27
LAPTOP-RCQD7R5B_kazuk,strict_90_10_90,2024-01-05 14:52:30,6703,6710,6720,1,0.9509895478202668,hgb,2026-06-03T16:38:27
LAPTOP-RCQD7R5B_kazuk,strict_90_10_90,2024-01-05 23:09:19,6720,6738,6743,1,0.9353403822009273,hgb,2026-06-03T16:38:27
LAPTOP-RCQD7R5B_kazuk,strict_90_10_90,2024-01-07 03:16:49,6743,6767,6773,1,0.9465326295280516,hgb,2026-06-03T16:38:27
LAPTOP-RCQD7R5B_kazuk,strict_90_10_90,2024-01-08 03:12:14,6773,6793,6798,1,0.9418758048245793,hgb,2026-06-03T16:38:27
LAPTOP-RCQD7R5B_kazuk,strict_90_10_90,2024-01-09 13:01:30,6798,6839,6850,1,0.9264235007190563,hgb,2026-06-03T16:38:27
LAPTOP-RCQD7R5B_kazuk,primary_80_20_80,2023-05-19 16:10:17,1553,1611,1619,1,0.9857073958643022,hgb,2026-06-03T16:38:27
LAPTOP-RCQD7R5B_kazuk,primary_80_20_80,2023-05-22 11:38:11,1619,1629,1638,1,0.9612395181683455,hgb,2026-06-03T16:38:27
LAPTOP-RCQD7R5B_kazuk,primary_80_20_80,2023-05-22 18:10:16,1638,1655,1660,1,0.9574756908801468,hgb,2026-06-03T16:38:27
LAPTOP-RCQD7R5B_kazuk,primary_80_20_80,2023-06-05 23:22:23,2098,2177,2187,1,0.9614720337975109,hgb,2026-06-03T16:38:27
LAPTOP-RCQD7R5B_kazuk,primary_80_20_80,2023-06-08 04:19:35,2187,2293,2314,1,0.9697474454140762,hgb,2026-06-03T16:38:27
LAPTOP-RCQD7R5B_kazuk,primary_80_20_80,2023-06-11 07:44:45,2314,2520,2523,1,0.9600387413832487,hgb,2026-06-03T16:38:27
LAPTOP-RCQD7R5B_kazuk,primary_80_20_80,2023-07-12 19:28:13,3205,3519,3523,1,0.9308420874137179,hgb,2026-06-03T16:38:27
LAPTOP-RCQD7R5B_kazuk,primary_80_20_80,2023-07-19 18:44:06,3523,3559,3566,1,0.9365375146598478,hgb,2026-06-03T16:38:27
LAPTOP-RCQD7R5B_kazuk,primary_80_20_80,2023-08-29 02:30:41,4600,4651,4656,1,0.9768166923392766,hgb,2026-06-03T16:38:27
LAPTOP-RCQD7R5B_kazuk,primary_80_20_80,2023-12-19 13:55:45,6325,6347,6353,1,0.9171928461507433,hgb,2026-06-03T16:38:27
LAPTOP-RCQD7R5B_kazuk,primary_80_20_80,2023-12-20 02:39:57,6353,6386,6389,1,0.8781712599073552,hgb,2026-06-03T16:38:27
LAPTOP-RCQD7R5B_kazuk,primary_80_20_80,2023-12-29 06:12:09,6480,6517,6525,1,0.8963609137872246,hgb,2026-06-03T16:38:27
LAPTOP-RCQD7R5B_kazuk,primary_80_20_80,2024-01-02 04:53:45,6607,6633,6638,1,0.9787454435370309,hgb,2026-06-03T16:38:27
LAPTOP-RCQD7R5B_kazuk,primary_80_20_80,2024-01-02 20:13:40,6638,6674,6683,1,0.9300524885756587,hgb,2026-06-03T16:38:27
LAPTOP-RCQD7R5B_kazuk,primary_80_20_80,2024-01-04 16:07:33,6683,6697,6703,1,0.8912128513534866,hgb,2026-06-03T16:38:27
LAPTOP-RCQD7R5B_kazuk,primary_80_20_80,2024-01-05 14:52:30,6703,6710,6720,1,0.9509895478202668,hgb,2026-06-03T16:38:27
LAPTOP-RCQD7R5B_kazuk,primary_80_20_80,2024-01-05 23:09:19,6720,6738,6743,1,0.9353403822009273,hgb,2026-06-03T16:38:27
LAPTOP-RCQD7R5B_kazuk,primary_80_20_80,2024-01-07 03:16:49,6743,6766,6772,1,0.9036114672701411,hgb,2026-06-03T16:38:27
LAPTOP-RCQD7R5B_kazuk,primary_80_20_80,2024-01-08 02:42:14,6772,6793,6797,1,0.9443737749451219,hgb,2026-06-03T16:38:27
LAPTOP-RCQD7R5B_kazuk,primary_80_20_80,2024-01-09 12:31:30,6797,6838,6849,1,0.9723141465895725,hgb,2026-06-03T16:38:27
LAPTOP-RCQD7R5B_kazuk,primary_80_20_80,2024-01-10 23:03:43,6849,6890,6907,1,0.9389691498407368,hgb,2026-06-03T16:38:27
LAPTOP-RCQD7R5B_kazuk,secondary_85_15_85,2023-05-22 11:38:11,1619,1629,1638,1,0.9612395181683455,hgb,2026-06-03T16:38:27
LAPTOP-RCQD7R5B_kazuk,secondary_85_15_85,2023-05-22 18:10:16,1638,1656,1660,1,0.9708318706236823,hgb,2026-06-03T16:38:27
LAPTOP-RCQD7R5B_kazuk,secondary_85_15_85,2023-06-05 23:22:23,2098,2177,2187,1,0.9614720337975109,hgb,2026-06-03T16:38:27
LAPTOP-RCQD7R5B_kazuk,secondary_85_15_85,2023-07-12 19:28:13,3205,3519,3524,1,0.9404323755431557,hgb,2026-06-03T16:38:27
LAPTOP-RCQD7R5B_kazuk,secondary_85_15_85,2023-07-19 19:14:06,3524,3559,3566,1,0.9103993259979416,hgb,2026-06-03T16:38:27
LAPTOP-RCQD7R5B_kazuk,secondary_85_15_85,2023-08-29 02:30:41,4600,4652,4656,1,0.9725234530906556,hgb,2026-06-03T16:38:27
LAPTOP-RCQD7R5B_kazuk,secondary_85_15_85,2023-12-19 13:55:45,6325,6347,6353,1,0.9171928461507433,hgb,2026-06-03T16:38:27
LAPTOP-RCQD7R5B_kazuk,secondary_85_15_85,2023-12-20 02:39:57,6353,6386,6390,1,0.889302308016861,hgb,2026-06-03T16:38:27
LAPTOP-RCQD7R5B_kazuk,secondary_85_15_85,2023-12-29 06:12:09,6480,6518,6526,1,0.932056605194467,hgb,2026-06-03T16:38:27
LAPTOP-RCQD7R5B_kazuk,secondary_85_15_85,2024-01-02 04:53:45,6607,6674,6683,1,0.9892140123387164,hgb,2026-06-03T16:38:27
LAPTOP-RCQD7R5B_kazuk,secondary_85_15_85,2024-01-04 16:07:33,6683,6697,6703,1,0.8912128513534866,hgb,2026-06-03T16:38:27
LAPTOP-RCQD7R5B_kazuk,secondary_85_15_85,2024-01-05 14:52:30,6703,6710,6720,1,0.9509895478202668,hgb,2026-06-03T16:38:27
LAPTOP-RCQD7R5B_kazuk,secondary_85_15_85,2024-01-05 23:09:19,6720,6738,6743,1,0.9353403822009273,hgb,2026-06-03T16:38:27
LAPTOP-RCQD7R5B_kazuk,secondary_85_15_85,2024-01-07 03:16:49,6743,6766,6773,1,0.9102016788740244,hgb,2026-06-03T16:38:27
LAPTOP-RCQD7R5B_kazuk,secondary_85_15_85,2024-01-08 03:12:14,6773,6793,6797,1,0.9105315075925434,hgb,2026-06-03T16:38:27
LAPTOP-RCQD7R5B_kazuk,secondary_85_15_85,2024-01-09 12:31:30,6797,6839,6850,1,0.968013998126452,hgb,2026-06-03T16:38:27
LAPTOP-SHD3G568_Test,primary_80_20_80,2025-07-30 12:03:36,71,85,86,1,0.9926835168762034,hgb,2026-06-03T16:38:27
LAPTOP-SHD3G568_Test,primary_80_20_80,2025-08-06 11:12:36,105,127,147,1,0.907156636479889,hgb,2026-06-03T16:38:27
LAPTOP-SHD3G568_Test,primary_80_20_80,2025-08-07 12:26:34,147,161,183,1,0.9915859390173294,hgb,2026-06-03T16:38:27
LAPTOP-SHD3G568_Test,primary_80_20_80,2025-12-26 08:39:39,1085,1097,1101,1,0.9467706448716213,hgb,2026-06-03T16:38:27
LAPTOP-SHD3G568_Test,secondary_85_15_85,2025-12-26 08:39:39,1085,1098,1101,1,0.9503608017058754,hgb,2026-06-03T16:38:27
LAPTOP-SHOBTFD7_TM1,strict_90_10_90,2025-09-05 13:55:37,0,108,134,1,0.9294618120698944,hgb,2026-06-03T16:38:27
LAPTOP-SHOBTFD7_TM1,primary_80_20_80,2025-09-05 13:55:37,0,95,134,1,0.9370010594851743,hgb,2026-06-03T16:38:27
LAPTOP-SHOBTFD7_TM1,secondary_85_15_85,2025-09-05 13:55:37,0,102,134,1,0.9370010594851743,hgb,2026-06-03T16:38:27
LAPTOP-SJCL3CJL_scollins1,primary_80_20_80,2023-08-23 10:39:52,2623,2635,2649,0,0.10036406734369767,hgb,2026-06-03T16:38:27
LAPTOP-SJCL3CJL_scollins1,primary_80_20_80,2023-08-23 20:39:52,2649,2676,2683,0,0.07374524225592925,hgb,2026-06-03T16:38:27
LAPTOP-SJCL3CJL_scollins1,primary_80_20_80,2024-02-01 22:13:18,10267,16285,16299,0,0.648919066776177,hgb,2026-06-03T16:38:27
LAPTOP-STAV4QJC_PQM,primary_80_20_80,2023-11-28 17:35:37,4498,4574,4579,0,0.013060476362294312,hgb,2026-06-03T16:38:27
LAPTOP-STAV4QJC_PQM,secondary_85_15_85,2023-11-28 17:58:11,4501,4574,4579,0,0.013477626174482565,hgb,2026-06-03T16:38:27
LAPTOP-T4UU1BOP_Nikle,strict_90_10_90,2025-12-02 18:20:15,310,321,337,1,0.9970707880616528,hgb,2026-06-03T16:38:27
LAPTOP-T4UU1BOP_Nikle,primary_80_20_80,2025-11-25 10:15:59,163,180,190,1,0.9966113986261483,hgb,2026-06-03T16:38:27
LAPTOP-T4UU1BOP_Nikle,primary_80_20_80,2025-12-02 17:50:15,309,320,337,1,0.9850186454649904,hgb,2026-06-03T16:38:27
LAPTOP-T4UU1BOP_Nikle,primary_80_20_80,2025-12-10 01:08:01,476,488,508,1,0.930436416086732,hgb,2026-06-03T16:38:27
LAPTOP-T4UU1BOP_Nikle,primary_80_20_80,2026-04-09 10:31:49,2763,2778,2783,1,0.9589743017665875,hgb,2026-06-03T16:38:27
LAPTOP-T4UU1BOP_Nikle,secondary_85_15_85,2025-11-25 10:15:59,163,180,190,1,0.9966113986261483,hgb,2026-06-03T16:38:27
LAPTOP-T4UU1BOP_Nikle,secondary_85_15_85,2025-12-02 18:20:15,310,321,337,1,0.9970707880616528,hgb,2026-06-03T16:38:27
LAPTOP-T4UU1BOP_Nikle,secondary_85_15_85,2026-04-09 11:01:49,2764,2778,2783,1,0.9842581012482466,hgb,2026-06-03T16:38:27
LAPTOP-T83863L5_EigerSIT11,strict_90_10_90,2024-07-14 17:10:58,956,965,1006,1,0.956996891761733,hgb,2026-06-03T16:38:27
LAPTOP-T83863L5_EigerSIT11,strict_90_10_90,2024-07-24 20:48:18,1088,1117,1123,1,0.9707815055447351,hgb,2026-06-03T16:38:27
LAPTOP-T83863L5_EigerSIT11,strict_90_10_90,2025-01-25 21:40:34,2752,2770,2774,1,0.9866712562086286,hgb,2026-06-03T16:38:27
LAPTOP-T83863L5_EigerSIT11,strict_90_10_90,2025-01-27 10:07:13,2774,2784,2788,1,0.9924450930472681,hgb,2026-06-03T16:38:27
LAPTOP-T83863L5_EigerSIT11,strict_90_10_90,2025-01-27 22:00:04,2788,2819,2833,1,0.9893637081964058,hgb,2026-06-03T16:38:27
LAPTOP-T83863L5_EigerSIT11,strict_90_10_90,2025-05-04 13:14:50,3697,3705,3711,1,0.9582387727896168,hgb,2026-06-03T16:38:27
LAPTOP-T83863L5_EigerSIT11,strict_90_10_90,2025-09-28 16:06:34,4544,4575,4583,1,0.576153767603868,hgb,2026-06-03T16:38:27
LAPTOP-T83863L5_EigerSIT11,strict_90_10_90,2025-10-10 13:36:52,4626,4636,4640,1,0.18811727597677128,hgb,2026-06-03T16:38:27
LAPTOP-T83863L5_EigerSIT11,strict_90_10_90,2025-10-11 10:25:21,4640,4667,4672,1,0.8238171683853713,hgb,2026-06-03T16:38:27
LAPTOP-T83863L5_EigerSIT11,strict_90_10_90,2025-11-29 15:29:10,4912,4934,4938,1,0.980984567778762,hgb,2026-06-03T16:38:27
LAPTOP-T83863L5_EigerSIT11,strict_90_10_90,2025-11-30 16:39:45,4938,4952,4963,1,0.9017684421627302,hgb,2026-06-03T16:38:27
LAPTOP-T83863L5_EigerSIT11,strict_90_10_90,2025-12-13 17:53:55,5124,5131,5134,1,0.9128808139855777,hgb,2026-06-03T16:38:27
LAPTOP-T83863L5_EigerSIT11,strict_90_10_90,2026-02-26 21:37:49,5430,5447,5452,1,0.9931543294125652,hgb,2026-06-03T16:38:27
LAPTOP-T83863L5_EigerSIT11,primary_80_20_80,2024-07-14 16:40:58,955,964,1005,1,0.958999491342354,hgb,2026-06-03T16:38:27
LAPTOP-T83863L5_EigerSIT11,primary_80_20_80,2024-08-02 18:41:01,1227,1252,1257,1,0.9375369903973355,hgb,2026-06-03T16:38:27
LAPTOP-T83863L5_EigerSIT11,primary_80_20_80,2024-11-01 21:37:56,1863,1899,1909,1,0.9939644348332983,hgb,2026-06-03T16:38:27
LAPTOP-T83863L5_EigerSIT11,primary_80_20_80,2025-01-25 21:40:34,2752,2768,2773,1,0.9857364074294566,hgb,2026-06-03T16:38:27
LAPTOP-T83863L5_EigerSIT11,primary_80_20_80,2025-01-27 09:37:13,2773,2782,2788,1,0.9910659940004706,hgb,2026-06-03T16:38:27
LAPTOP-T83863L5_EigerSIT11,primary_80_20_80,2025-01-27 22:00:04,2788,2818,2823,1,0.9919926341285841,hgb,2026-06-03T16:38:27
LAPTOP-T83863L5_EigerSIT11,primary_80_20_80,2025-03-07 06:47:14,3161,3191,3199,1,0.9063093509129162,hgb,2026-06-03T16:38:27
LAPTOP-T83863L5_EigerSIT11,primary_80_20_80,2025-03-13 21:55:30,3237,3290,3294,1,0.9334919907965743,hgb,2026-06-03T16:38:27
LAPTOP-T83863L5_EigerSIT11,primary_80_20_80,2025-05-04 13:14:50,3697,3704,3711,1,0.9480259767723739,hgb,2026-06-03T16:38:27
LAPTOP-T83863L5_EigerSIT11,primary_80_20_80,2025-06-28 10:17:03,4110,4117,4125,1,0.6830398707518256,hgb,2026-06-03T16:38:27
LAPTOP-T83863L5_EigerSIT11,primary_80_20_80,2025-08-28 21:21:50,4349,4357,4363,1,0.898324670088276,hgb,2026-06-03T16:38:27
LAPTOP-T83863L5_EigerSIT11,primary_80_20_80,2025-09-04 00:24:36,4404,4428,4441,1,0.986238649906439,hgb,2026-06-03T16:38:27
LAPTOP-T83863L5_EigerSIT11,primary_80_20_80,2025-09-28 16:06:34,4544,4555,4582,1,0.46916825472391244,hgb,2026-06-03T16:38:27
LAPTOP-T83863L5_EigerSIT11,primary_80_20_80,2025-10-11 09:55:21,4639,4666,4672,1,0.9255937054250785,hgb,2026-06-03T16:38:27
LAPTOP-T83863L5_EigerSIT11,primary_80_20_80,2025-11-29 15:29:10,4912,4933,4938,1,0.97706935774783,hgb,2026-06-03T16:38:27
LAPTOP-T83863L5_EigerSIT11,primary_80_20_80,2025-11-30 16:39:45,4938,4951,4963,1,0.904645799765812,hgb,2026-06-03T16:38:27
LAPTOP-T83863L5_EigerSIT11,primary_80_20_80,2025-12-07 08:21:12,5031,5040,5045,1,0.906678428824155,hgb,2026-06-03T16:38:27
LAPTOP-T83863L5_EigerSIT11,primary_80_20_80,2025-12-13 17:53:55,5124,5131,5134,1,0.9193661074839142,hgb,2026-06-03T16:38:27
LAPTOP-T83863L5_EigerSIT11,primary_80_20_80,2026-02-26 21:37:49,5430,5447,5452,1,0.9931543294125652,hgb,2026-06-03T16:38:27
LAPTOP-T83863L5_EigerSIT11,primary_80_20_80,2026-05-02 18:25:28,5640,5649,5651,1,0.9370008060127434,hgb,2026-06-03T16:38:27
LAPTOP-T83863L5_EigerSIT11,primary_80_20_80,2026-05-08 23:18:14,5683,5693,5697,1,0.8444728641681374,hgb,2026-06-03T16:38:27
LAPTOP-T83863L5_EigerSIT11,secondary_85_15_85,2024-07-14 17:10:58,956,965,1005,1,0.9351487513981076,hgb,2026-06-03T16:38:27
LAPTOP-T83863L5_EigerSIT11,secondary_85_15_85,2024-08-02 19:11:01,1228,1253,1257,1,0.9921188191337663,hgb,2026-06-03T16:38:27
LAPTOP-T83863L5_EigerSIT11,secondary_85_15_85,2025-01-25 21:40:34,2752,2770,2773,1,0.989837091245961,hgb,2026-06-03T16:38:27
LAPTOP-T83863L5_EigerSIT11,secondary_85_15_85,2025-01-27 09:37:13,2773,2782,2788,1,0.9910659940004706,hgb,2026-06-03T16:38:27
LAPTOP-T83863L5_EigerSIT11,secondary_85_15_85,2025-01-27 22:00:04,2788,2818,2823,1,0.9919926341285841,hgb,2026-06-03T16:38:27
LAPTOP-T83863L5_EigerSIT11,secondary_85_15_85,2025-03-07 06:47:14,3161,3192,3199,1,0.9087489044395834,hgb,2026-06-03T16:38:27
LAPTOP-T83863L5_EigerSIT11,secondary_85_15_85,2025-05-04 13:14:50,3697,3704,3711,1,0.9480259767723739,hgb,2026-06-03T16:38:27
LAPTOP-T83863L5_EigerSIT11,secondary_85_15_85,2025-09-04 00:24:36,4404,4429,4441,1,0.9887034774255533,hgb,2026-06-03T16:38:27
LAPTOP-T83863L5_EigerSIT11,secondary_85_15_85,2025-09-28 16:06:34,4544,4575,4582,1,0.5149756787002506,hgb,2026-06-03T16:38:27
LAPTOP-T83863L5_EigerSIT11,secondary_85_15_85,2025-10-11 10:25:21,4640,4666,4672,1,0.7868832126097334,hgb,2026-06-03T16:38:27
LAPTOP-T83863L5_EigerSIT11,secondary_85_15_85,2025-11-29 15:29:10,4912,4933,4938,1,0.97706935774783,hgb,2026-06-03T16:38:27
LAPTOP-T83863L5_EigerSIT11,secondary_85_15_85,2025-11-30 16:39:45,4938,4952,4963,1,0.9017684421627302,hgb,2026-06-03T16:38:27
LAPTOP-T83863L5_EigerSIT11,secondary_85_15_85,2025-12-13 17:53:55,5124,5131,5134,1,0.9193661074839142,hgb,2026-06-03T16:38:27
LAPTOP-T83863L5_EigerSIT11,secondary_85_15_85,2026-02-26 21:37:49,5430,5447,5452,1,0.9931543294125652,hgb,2026-06-03T16:38:27
LAPTOP-T83863L5_EigerSIT11,secondary_85_15_85,2026-05-08 23:54:54,5684,5693,5697,0,0.8902757573017198,hgb,2026-06-03T16:38:27
LAPTOP-TH5V7J86_CQE_Test,strict_90_10_90,2023-07-18 12:28:06,1008,1058,1091,0,0.3661598418150879,hgb,2026-06-03T16:38:27
LAPTOP-TH5V7J86_CQE_Test,primary_80_20_80,2023-05-30 00:08:38,116,163,172,0,0.16339834784868448,hgb,2026-06-03T16:38:27
LAPTOP-TH5V7J86_CQE_Test,primary_80_20_80,2023-06-06 09:20:47,256,321,324,0,0.1593363540376206,hgb,2026-06-03T16:38:27
LAPTOP-TH5V7J86_CQE_Test,primary_80_20_80,2023-07-06 09:51:36,758,789,791,0,0.047641925637879064,hgb,2026-06-03T16:38:27
LAPTOP-TH5V7J86_CQE_Test,primary_80_20_80,2023-07-07 13:23:42,791,797,818,0,0.028344967494054026,hgb,2026-06-03T16:38:27
LAPTOP-TH5V7J86_CQE_Test,primary_80_20_80,2023-07-18 12:28:06,1008,1030,1033,0,0.04484094032765521,hgb,2026-06-03T16:38:27
LAPTOP-TH5V7J86_CQE_Test,primary_80_20_80,2023-07-18 17:56:29,1033,1039,1045,0,0.09102170540649476,hgb,2026-06-03T16:38:27
LAPTOP-TH5V7J86_CQE_Test,primary_80_20_80,2023-07-19 09:22:10,1045,1058,1081,0,0.07724404055199265,hgb,2026-06-03T16:38:27
LAPTOP-TH5V7J86_CQE_Test,primary_80_20_80,2023-08-07 15:49:42,1369,1405,1411,0,0.08956739884453772,hgb,2026-06-03T16:38:27
LAPTOP-TH5V7J86_CQE_Test,secondary_85_15_85,2023-05-30 00:08:38,116,163,172,0,0.16339834784868448,hgb,2026-06-03T16:38:27
LAPTOP-TH5V7J86_CQE_Test,secondary_85_15_85,2023-07-06 09:51:36,758,789,819,0,0.05839303630992938,hgb,2026-06-03T16:38:27
LAPTOP-TH5V7J86_CQE_Test,secondary_85_15_85,2023-07-18 12:28:06,1008,1058,1091,0,0.3661598418150879,hgb,2026-06-03T16:38:27
LAPTOP-TSQ0GU66_motty,strict_90_10_90,2023-05-20 18:50:38,350,400,404,1,0.7901128804964622,hgb,2026-06-03T16:38:27
LAPTOP-TSQ0GU66_motty,strict_90_10_90,2023-06-24 15:39:40,955,996,1002,0,0.12421976317490502,hgb,2026-06-03T16:38:27
LAPTOP-TSQ0GU66_motty,primary_80_20_80,2023-05-20 18:20:38,349,399,403,1,0.14992311360940025,hgb,2026-06-03T16:38:27
LAPTOP-TSQ0GU66_motty,primary_80_20_80,2023-06-20 17:17:40,832,945,951,0,0.1626391868510456,hgb,2026-06-03T16:38:27
LAPTOP-TSQ0GU66_motty,primary_80_20_80,2023-06-24 11:43:25,951,995,1002,0,0.11329094293654507,hgb,2026-06-03T16:38:27
LAPTOP-TSQ0GU66_motty,secondary_85_15_85,2023-05-20 18:20:38,349,400,403,1,0.4549850517481127,hgb,2026-06-03T16:38:27
LAPTOP-TSQ0GU66_motty,secondary_85_15_85,2023-06-20 21:22:20,838,945,955,0,0.3051313982776243,hgb,2026-06-03T16:38:27
LAPTOP-TSQ0GU66_motty,secondary_85_15_85,2023-06-24 15:39:40,955,995,1002,0,0.11249881398047275,hgb,2026-06-03T16:38:27
LAPTOP-UQQQG0S3_ThinkPad,strict_90_10_90,2025-02-03 10:02:21,417,438,448,1,0.9468529247030076,hgb,2026-06-03T16:38:27
LAPTOP-UQQQG0S3_ThinkPad,primary_80_20_80,2025-02-03 10:02:21,417,437,445,1,0.9204982632960519,hgb,2026-06-03T16:38:27
LAPTOP-UQQQG0S3_ThinkPad,primary_80_20_80,2025-07-07 09:18:21,5225,5245,5249,1,0.9914686775510608,hgb,2026-06-03T16:38:27
LAPTOP-UQQQG0S3_ThinkPad,primary_80_20_80,2025-07-07 16:44:28,5249,5277,5298,1,0.9886060373639168,hgb,2026-06-03T16:38:27
LAPTOP-UQQQG0S3_ThinkPad,secondary_85_15_85,2025-02-03 10:02:21,417,438,445,1,0.9347936081811746,hgb,2026-06-03T16:38:27
LAPTOP-V5HIJJIL_Admin,primary_80_20_80,2025-10-22 16:28:28,10397,10446,10635,1,0.9953398257483518,hgb,2026-06-03T16:38:27
LAPTOP-V5HIJJIL_Admin,primary_80_20_80,2025-11-10 19:18:47,11130,11137,11141,1,0.9822619831047905,hgb,2026-06-03T16:38:27
LAPTOP-VHFOHP1Q_Neal,primary_80_20_80,2026-01-29 20:06:47,9091,9670,9705,1,0.9930938875278664,hgb,2026-06-03T16:38:27
LAPTOP-VSQFIELJ_L16HPT,strict_90_10_90,2025-08-06 21:43:49,32,34,35,1,0.9554118394953671,hgb,2026-06-03T16:38:27
LAPTOP-VSQFIELJ_L16HPT,primary_80_20_80,2025-08-06 21:43:49,32,34,35,1,0.9554118394953671,hgb,2026-06-03T16:38:27
LAPTOP-VSQFIELJ_L16HPT,secondary_85_15_85,2025-08-06 21:43:49,32,34,35,1,0.9554118394953671,hgb,2026-06-03T16:38:27
LIUFENG7-26Y6JC_liufeng7,primary_80_20_80,2024-03-05 15:25:12,3787,3794,3804,0,0.8032224990729366,hgb,2026-06-03T16:38:27
LIUFENG7-26Y6JC_liufeng7,secondary_85_15_85,2024-03-05 15:25:12,3787,3794,3804,0,0.8032224990729366,hgb,2026-06-03T16:38:27
LL_LLL,strict_90_10_90,2025-10-09 11:11:23,1952,3570,3577,1,0.708856268414499,hgb,2026-06-03T16:38:27
LL_LLL,strict_90_10_90,2025-11-10 20:11:36,3577,4705,4716,1,0.9201826668333751,hgb,2026-06-03T16:38:27
LL_LLL,primary_80_20_80,2025-10-09 11:11:23,1952,3569,3577,1,0.6515796760068417,hgb,2026-06-03T16:38:27
LL_LLL,primary_80_20_80,2025-11-10 20:11:36,3577,4703,4711,1,0.9252488286218494,hgb,2026-06-03T16:38:27
LL_LLL,primary_80_20_80,2025-12-03 12:10:19,4711,5405,5421,1,0.9498357652076482,hgb,2026-06-03T16:38:27
LL_LLL,primary_80_20_80,2025-12-17 16:19:49,5421,5464,5465,1,0.9901932779781,hgb,2026-06-03T16:38:27
LL_LLL,secondary_85_15_85,2025-10-09 11:11:23,1952,3569,3577,1,0.6515796760068417,hgb,2026-06-03T16:38:27
LL_LLL,secondary_85_15_85,2025-11-10 20:11:36,3577,4704,4716,1,0.9243091766895737,hgb,2026-06-03T16:38:27
LL_LLL,secondary_85_15_85,2025-12-03 14:09:02,4716,5406,5422,1,0.9655701384180267,hgb,2026-06-03T16:38:27
LOEBACHJ-4SMBAL_X13_2-1,strict_90_10_90,2024-04-05 14:29:01,0,17,26,1,0.7941974313492572,hgb,2026-06-03T16:38:27
LOEBACHJ-4SMBAL_X13_2-1,primary_80_20_80,2024-04-05 14:29:01,0,16,26,1,0.775050347285287,hgb,2026-06-03T16:38:27
LOEBACHJ-4SMBAL_X13_2-1,secondary_85_15_85,2024-04-05 14:29:01,0,16,26,1,0.775050347285287,hgb,2026-06-03T16:38:27
LOEBACHJ-4SMBAL_loebachj,strict_90_10_90,2024-04-05 14:29:01,0,17,26,1,0.7941974313492572,hgb,2026-06-03T16:38:27
LOEBACHJ-4SMBAL_loebachj,primary_80_20_80,2024-04-05 14:29:01,0,16,26,1,0.775050347285287,hgb,2026-06-03T16:38:27
LOEBACHJ-4SMBAL_loebachj,secondary_85_15_85,2024-04-05 14:29:01,0,16,26,1,0.775050347285287,hgb,2026-06-03T16:38:27
LWANG5-PW0A203M_lwang5,strict_90_10_90,2025-04-18 17:07:50,2767,2847,2855,1,0.3179517775363797,hgb,2026-06-03T16:38:27
LWANG5-PW0A203M_lwang5,primary_80_20_80,2025-04-18 17:07:50,2767,2847,2854,1,0.27696741405677755,hgb,2026-06-03T16:38:27
LWANG5-PW0A203M_lwang5,secondary_85_15_85,2025-04-18 17:07:50,2767,2847,2854,1,0.27696741405677755,hgb,2026-06-03T16:38:27
MAOXY1-PF1H5KSF_maoxy1,strict_90_10_90,2024-07-13 09:37:57,7506,7513,7518,1,0.8770449885070166,hgb,2026-06-03T16:38:27
MAOXY1-PF1H5KSF_maoxy1,primary_80_20_80,2023-03-05 22:16:59,486,489,497,1,0.6860731535532305,hgb,2026-06-03T16:38:27
MAOXY1-PF1H5KSF_maoxy1,primary_80_20_80,2023-06-21 11:06:45,2371,2382,2386,1,0.7118865414101068,hgb,2026-06-03T16:38:27
MAOXY1-PF1H5KSF_maoxy1,primary_80_20_80,2024-07-12 22:31:19,7501,7513,7517,1,0.8664703576389777,hgb,2026-06-03T16:38:27
MAOXY1-PF1H5KSF_maoxy1,secondary_85_15_85,2024-07-12 22:42:09,7502,7513,7518,1,0.8727253062652883,hgb,2026-06-03T16:38:27
MARKUSTH1_theberlein,primary_80_20_80,2024-09-19 01:18:47,1720,1747,1754,1,0.9226178014880303,hgb,2026-06-03T16:38:27
MARUICHIT-CRC21_MARUICHIT,primary_80_20_80,2024-09-09 13:39:05,11270,11282,11286,1,0.1373689304252456,hgb,2026-06-03T16:38:27
MARUICHIT-CRC21_MARUICHIT,secondary_85_15_85,2024-09-09 13:39:05,11270,11283,11286,1,0.14085793528143614,hgb,2026-06-03T16:38:27
MATT-T16G1_lietzke,strict_90_10_90,2023-03-19 08:29:43,1325,1771,1780,1,0.6686755834605511,hgb,2026-06-03T16:38:27
MATT-T16G1_lietzke,strict_90_10_90,2023-04-01 12:15:25,1780,1791,1795,1,0.3467046345575376,hgb,2026-06-03T16:38:27
MATT-T16G1_lietzke,strict_90_10_90,2023-12-27 19:20:34,7894,7902,7909,0,0.3213483782140849,hgb,2026-06-03T16:38:27
MATT-T16G1_lietzke,strict_90_10_90,2023-12-28 10:54:09,7909,7930,7935,0,0.5266021722170038,hgb,2026-06-03T16:38:27
MATT-T16G1_lietzke,primary_80_20_80,2023-02-08 19:24:59,0,82,97,0,0.9954272409774875,hgb,2026-06-03T16:38:27
MATT-T16G1_lietzke,primary_80_20_80,2023-03-18 11:10:54,1299,1310,1325,0,0.7478420518527431,hgb,2026-06-03T16:38:27
MATT-T16G1_lietzke,primary_80_20_80,2023-03-19 08:29:43,1325,1549,1553,0,0.8510176612136442,hgb,2026-06-03T16:38:27
MATT-T16G1_lietzke,primary_80_20_80,2023-03-25 17:17:10,1553,1770,1779,1,0.6532036106823207,hgb,2026-06-03T16:38:27
MATT-T16G1_lietzke,primary_80_20_80,2023-04-01 11:45:25,1779,1791,1795,1,0.31091734136923416,hgb,2026-06-03T16:38:27
MATT-T16G1_lietzke,primary_80_20_80,2023-04-08 20:10:19,1842,1907,1918,0,0.6662837722104779,hgb,2026-06-03T16:38:27
MATT-T16G1_lietzke,primary_80_20_80,2023-10-16 07:14:37,6349,6361,6385,1,0.5036447109234466,hgb,2026-06-03T16:38:27
MATT-T16G1_lietzke,primary_80_20_80,2023-12-22 11:22:12,7827,7846,7852,0,0.7840748992375225,hgb,2026-06-03T16:38:27
MATT-T16G1_lietzke,primary_80_20_80,2023-12-26 13:40:21,7867,7884,7894,0,0.4600053646838651,hgb,2026-06-03T16:38:27
MATT-T16G1_lietzke,primary_80_20_80,2023-12-27 19:20:34,7894,7901,7908,0,0.19077569007584877,hgb,2026-06-03T16:38:27
MATT-T16G1_lietzke,primary_80_20_80,2023-12-28 10:24:09,7908,7929,7935,0,0.38681219968559516,hgb,2026-06-03T16:38:27
MATT-T16G1_lietzke,secondary_85_15_85,2023-02-08 19:24:59,0,82,97,0,0.9954272409774875,hgb,2026-06-03T16:38:27
MATT-T16G1_lietzke,secondary_85_15_85,2023-03-19 08:29:43,1325,1549,1553,0,0.8510176612136442,hgb,2026-06-03T16:38:27
MATT-T16G1_lietzke,secondary_85_15_85,2023-03-25 17:17:10,1553,1771,1779,1,0.8622472954939031,hgb,2026-06-03T16:38:27
MATT-T16G1_lietzke,secondary_85_15_85,2023-04-01 11:45:25,1779,1791,1795,1,0.31091734136923416,hgb,2026-06-03T16:38:27
MATT-T16G1_lietzke,secondary_85_15_85,2023-10-16 07:44:37,6350,6362,6385,1,0.5349534106764824,hgb,2026-06-03T16:38:27
MATT-T16G1_lietzke,secondary_85_15_85,2023-12-27 19:20:34,7894,7901,7908,0,0.19077569007584877,hgb,2026-06-03T16:38:27
MATT-T16G1_lietzke,secondary_85_15_85,2023-12-28 10:24:09,7908,7929,7935,0,0.38681219968559516,hgb,2026-06-03T16:38:27
MBHAVSAR-3R8CWY_mbhavsar,strict_90_10_90,2023-02-16 12:21:14,167,176,180,0,0.43341837153512297,hgb,2026-06-03T16:38:27
MBHAVSAR-3R8CWY_mbhavsar,strict_90_10_90,2023-03-21 16:50:22,692,714,720,0,0.4103761151372075,hgb,2026-06-03T16:38:27
MBHAVSAR-3R8CWY_mbhavsar,strict_90_10_90,2023-04-03 15:34:49,907,913,915,0,0.3722042845278459,hgb,2026-06-03T16:38:27
MBHAVSAR-3R8CWY_mbhavsar,strict_90_10_90,2023-04-04 09:03:45,915,962,966,0,0.14399386712203652,hgb,2026-06-03T16:38:27
MBHAVSAR-3R8CWY_mbhavsar,strict_90_10_90,2023-04-12 11:18:36,1061,1080,1085,0,0.15054669068868293,hgb,2026-06-03T16:38:27
MBHAVSAR-3R8CWY_mbhavsar,strict_90_10_90,2023-04-16 18:25:18,1127,1158,1162,0,0.2214471169440477,hgb,2026-06-03T16:38:27
MBHAVSAR-3R8CWY_mbhavsar,strict_90_10_90,2023-05-09 11:23:01,1566,1588,1593,0,0.21156924287855222,hgb,2026-06-03T16:38:27
MBHAVSAR-3R8CWY_mbhavsar,strict_90_10_90,2023-05-22 12:30:05,1808,1861,1869,0,0.2703734072222542,hgb,2026-06-03T16:38:27
MBHAVSAR-3R8CWY_mbhavsar,strict_90_10_90,2023-07-12 05:19:51,2536,2565,2568,0,0.3637698857105962,hgb,2026-06-03T16:38:27
MBHAVSAR-3R8CWY_mbhavsar,strict_90_10_90,2023-07-13 17:23:53,2568,2588,2594,0,0.23229243388379486,hgb,2026-06-03T16:38:27
MBHAVSAR-3R8CWY_mbhavsar,strict_90_10_90,2023-08-08 18:59:25,3002,3017,3032,1,0.1659583945013024,hgb,2026-06-03T16:38:27
MBHAVSAR-3R8CWY_mbhavsar,strict_90_10_90,2023-08-28 12:03:28,3336,3356,3383,0,0.1744834590039796,hgb,2026-06-03T16:38:27
MBHAVSAR-3R8CWY_mbhavsar,strict_90_10_90,2023-10-09 15:20:18,4022,4109,4119,0,0.3698944001652865,hgb,2026-06-03T16:38:27
MBHAVSAR-3R8CWY_mbhavsar,strict_90_10_90,2023-10-23 09:27:42,4262,4346,4353,0,0.12051478128418708,hgb,2026-06-03T16:38:27
MBHAVSAR-3R8CWY_mbhavsar,strict_90_10_90,2023-10-30 17:28:13,4437,4459,4467,0,0.1957477363304144,hgb,2026-06-03T16:38:27
MBHAVSAR-3R8CWY_mbhavsar,strict_90_10_90,2023-10-31 16:24:24,4467,4679,4683,0,0.246152018460969,hgb,2026-06-03T16:38:27
MBHAVSAR-3R8CWY_mbhavsar,strict_90_10_90,2023-11-20 14:52:45,4868,4876,4895,0,0.07717984981230425,hgb,2026-06-03T16:38:27
MBHAVSAR-3R8CWY_mbhavsar,strict_90_10_90,2023-11-30 13:37:49,5027,5040,5051,0,0.44193705483571,hgb,2026-06-03T16:38:27
MBHAVSAR-3R8CWY_mbhavsar,strict_90_10_90,2023-12-01 09:11:22,5051,5058,5064,0,0.18902501061616822,hgb,2026-06-03T16:38:27
MBHAVSAR-3R8CWY_mbhavsar,strict_90_10_90,2023-12-04 08:48:32,5078,5093,5099,0,0.07642890581728046,hgb,2026-06-03T16:38:27
MBHAVSAR-3R8CWY_mbhavsar,strict_90_10_90,2024-01-17 11:29:18,5770,5851,5857,0,0.02193616356773311,hgb,2026-06-03T16:38:27
MBHAVSAR-3R8CWY_mbhavsar,strict_90_10_90,2024-04-01 16:06:46,7404,7463,7478,0,0.03391997415839218,hgb,2026-06-03T16:38:27
MBHAVSAR-3R8CWY_mbhavsar,strict_90_10_90,2024-04-09 12:07:33,7526,7548,7558,1,0.03191336940613724,hgb,2026-06-03T16:38:27
MBHAVSAR-3R8CWY_mbhavsar,strict_90_10_90,2024-04-16 21:05:21,7673,7725,7730,0,0.4589450934098451,hgb,2026-06-03T16:38:27
MBHAVSAR-3R8CWY_mbhavsar,strict_90_10_90,2024-05-06 12:27:07,7977,8052,8071,1,0.16447119190605997,hgb,2026-06-03T16:38:27
MBHAVSAR-3R8CWY_mbhavsar,strict_90_10_90,2024-05-14 09:24:22,8116,8148,8163,0,0.42815957249910686,hgb,2026-06-03T16:38:27
MBHAVSAR-3R8CWY_mbhavsar,strict_90_10_90,2024-07-03 12:37:06,8791,8798,8801,0,0.09615516201972234,hgb,2026-06-03T16:38:27
MBHAVSAR-3R8CWY_mbhavsar,strict_90_10_90,2024-07-15 11:10:12,8895,8925,8930,0,0.063130557183117,hgb,2026-06-03T16:38:27
MBHAVSAR-3R8CWY_mbhavsar,strict_90_10_90,2024-08-12 09:36:04,9343,9366,9374,0,0.09687723361032974,hgb,2026-06-03T16:38:27
MBHAVSAR-3R8CWY_mbhavsar,strict_90_10_90,2024-09-09 09:06:49,9629,9635,9638,0,0.09341175256244412,hgb,2026-06-03T16:38:27
MBHAVSAR-3R8CWY_mbhavsar,strict_90_10_90,2024-10-14 09:30:14,10130,10143,10150,1,0.13756605249832443,hgb,2026-06-03T16:38:27
MBHAVSAR-3R8CWY_mbhavsar,strict_90_10_90,2024-11-18 09:59:17,10663,10689,10695,0,0.09388211561400356,hgb,2026-06-03T16:38:27
MBHAVSAR-3R8CWY_mbhavsar,primary_80_20_80,2023-02-16 12:21:14,167,175,179,0,0.25134330907970986,hgb,2026-06-03T16:38:27
MBHAVSAR-3R8CWY_mbhavsar,primary_80_20_80,2023-03-08 10:52:41,478,485,492,0,0.13432324848489044,hgb,2026-06-03T16:38:27
MBHAVSAR-3R8CWY_mbhavsar,primary_80_20_80,2023-03-13 13:05:36,547,553,559,0,0.27270784766428363,hgb,2026-06-03T16:38:27
MBHAVSAR-3R8CWY_mbhavsar,primary_80_20_80,2023-03-17 10:01:15,624,630,633,0,0.11855557635199192,hgb,2026-06-03T16:38:27
MBHAVSAR-3R8CWY_mbhavsar,primary_80_20_80,2023-03-21 16:50:22,692,714,720,0,0.4103761151372075,hgb,2026-06-03T16:38:27
MBHAVSAR-3R8CWY_mbhavsar,primary_80_20_80,2023-03-22 22:05:40,720,732,744,0,0.17535981698864916,hgb,2026-06-03T16:38:27
MBHAVSAR-3R8CWY_mbhavsar,primary_80_20_80,2023-03-27 16:45:28,792,809,820,0,0.22979905003751083,hgb,2026-06-03T16:38:27
MBHAVSAR-3R8CWY_mbhavsar,primary_80_20_80,2023-04-03 15:34:49,907,912,915,0,0.12033766997998749,hgb,2026-06-03T16:38:27
MBHAVSAR-3R8CWY_mbhavsar,primary_80_20_80,2023-04-04 09:03:45,915,961,966,0,0.1253991171167439,hgb,2026-06-03T16:38:27
MBHAVSAR-3R8CWY_mbhavsar,primary_80_20_80,2023-04-11 14:40:02,1038,1049,1061,0,0.09105046513047506,hgb,2026-06-03T16:38:27
MBHAVSAR-3R8CWY_mbhavsar,primary_80_20_80,2023-04-12 11:18:36,1061,1080,1085,0,0.15054669068868293,hgb,2026-06-03T16:38:27
MBHAVSAR-3R8CWY_mbhavsar,primary_80_20_80,2023-04-13 11:33:13,1085,1093,1096,0,0.08861129654476488,hgb,2026-06-03T16:38:27
MBHAVSAR-3R8CWY_mbhavsar,primary_80_20_80,2023-04-16 18:25:18,1127,1157,1162,0,0.145691592926975,hgb,2026-06-03T16:38:27
MBHAVSAR-3R8CWY_mbhavsar,primary_80_20_80,2023-04-20 09:46:52,1235,1257,1262,0,0.06416628044954797,hgb,2026-06-03T16:38:27
MBHAVSAR-3R8CWY_mbhavsar,primary_80_20_80,2023-04-20 23:32:50,1262,1270,1275,0,0.06108630343798582,hgb,2026-06-03T16:38:27
MBHAVSAR-3R8CWY_mbhavsar,primary_80_20_80,2023-04-24 16:54:55,1306,1336,1341,0,0.10481930452554186,hgb,2026-06-03T16:38:27
MBHAVSAR-3R8CWY_mbhavsar,primary_80_20_80,2023-05-04 12:49:55,1493,1499,1504,0,0.09658795817073525,hgb,2026-06-03T16:38:27
MBHAVSAR-3R8CWY_mbhavsar,primary_80_20_80,2023-05-04 17:18:33,1504,1508,1513,0,0.1836368145704771,hgb,2026-06-03T16:38:27
MBHAVSAR-3R8CWY_mbhavsar,primary_80_20_80,2023-05-05 08:19:27,1513,1517,1522,0,0.19372831942536503,hgb,2026-06-03T16:38:27
MBHAVSAR-3R8CWY_mbhavsar,primary_80_20_80,2023-05-08 09:08:19,1537,1543,1566,0,0.11716309688544865,hgb,2026-06-03T16:38:27
MBHAVSAR-3R8CWY_mbhavsar,primary_80_20_80,2023-05-09 11:23:01,1566,1572,1575,0,0.16501388678711698,hgb,2026-06-03T16:38:27
MBHAVSAR-3R8CWY_mbhavsar,primary_80_20_80,2023-05-09 14:53:01,1575,1587,1593,0,0.1399207141265382,hgb,2026-06-03T16:38:27
MBHAVSAR-3R8CWY_mbhavsar,primary_80_20_80,2023-05-22 12:00:05,1807,1860,1868,0,0.07336657452009476,hgb,2026-06-03T16:38:27
MBHAVSAR-3R8CWY_mbhavsar,primary_80_20_80,2023-06-12 23:00:12,2192,2277,2279,0,0.05372059868461468,hgb,2026-06-03T16:38:27
MBHAVSAR-3R8CWY_mbhavsar,primary_80_20_80,2023-07-12 05:19:51,2536,2565,2568,0,0.3637698857105962,hgb,2026-06-03T16:38:27
MBHAVSAR-3R8CWY_mbhavsar,primary_80_20_80,2023-07-13 17:23:53,2568,2587,2593,0,0.10821828463289572,hgb,2026-06-03T16:38:27
MBHAVSAR-3R8CWY_mbhavsar,primary_80_20_80,2023-07-27 17:33:47,2797,2815,2819,0,0.08404213904265044,hgb,2026-06-03T16:38:27
MBHAVSAR-3R8CWY_mbhavsar,primary_80_20_80,2023-08-08 17:14:47,2999,3016,3032,1,0.10849658444297659,hgb,2026-06-03T16:38:27
MBHAVSAR-3R8CWY_mbhavsar,primary_80_20_80,2023-08-09 13:11:23,3032,3039,3061,0,0.856488630908059,hgb,2026-06-03T16:38:27
MBHAVSAR-3R8CWY_mbhavsar,primary_80_20_80,2023-08-21 19:13:10,3224,3249,3271,0,0.061392870570048864,hgb,2026-06-03T16:38:27
MBHAVSAR-3R8CWY_mbhavsar,primary_80_20_80,2023-08-23 13:11:14,3271,3296,3301,0,0.11388092632104439,hgb,2026-06-03T16:38:27
MBHAVSAR-3R8CWY_mbhavsar,primary_80_20_80,2023-08-28 12:03:28,3336,3356,3359,0,0.22194933040753126,hgb,2026-06-03T16:38:27
MBHAVSAR-3R8CWY_mbhavsar,primary_80_20_80,2023-08-29 13:36:32,3359,3366,3374,0,0.0837171097721751,hgb,2026-06-03T16:38:27
MBHAVSAR-3R8CWY_mbhavsar,primary_80_20_80,2023-08-31 11:02:00,3410,3424,3433,0,0.10680327296207491,hgb,2026-06-03T16:38:27
MBHAVSAR-3R8CWY_mbhavsar,primary_80_20_80,2023-09-13 11:41:12,3564,3580,3584,0,0.1670148267161763,hgb,2026-06-03T16:38:27
MBHAVSAR-3R8CWY_mbhavsar,primary_80_20_80,2023-09-19 18:17:51,3669,3689,3693,0,0.035124053094755026,hgb,2026-06-03T16:38:27
MBHAVSAR-3R8CWY_mbhavsar,primary_80_20_80,2023-09-20 14:47:05,3693,3699,3709,0,0.046164917463663274,hgb,2026-06-03T16:38:27
MBHAVSAR-3R8CWY_mbhavsar,primary_80_20_80,2023-10-09 14:50:18,4021,4052,4060,0,0.41441338693185475,hgb,2026-06-03T16:38:27
MBHAVSAR-3R8CWY_mbhavsar,primary_80_20_80,2023-10-10 13:20:29,4060,4109,4119,0,0.4581603586806571,hgb,2026-06-03T16:38:27
MBHAVSAR-3R8CWY_mbhavsar,primary_80_20_80,2023-10-23 09:27:42,4262,4288,4309,0,0.055523067536438986,hgb,2026-06-03T16:38:27
MBHAVSAR-3R8CWY_mbhavsar,primary_80_20_80,2023-10-24 09:30:48,4309,4345,4352,0,0.09867757825605745,hgb,2026-06-03T16:38:27
MBHAVSAR-3R8CWY_mbhavsar,primary_80_20_80,2023-10-25 11:04:51,4352,4367,4370,0,0.09990734697081124,hgb,2026-06-03T16:38:27
MBHAVSAR-3R8CWY_mbhavsar,primary_80_20_80,2023-10-30 11:58:13,4424,4432,4437,0,0.11940396242044815,hgb,2026-06-03T16:38:27
MBHAVSAR-3R8CWY_mbhavsar,primary_80_20_80,2023-10-30 17:28:13,4437,4450,4467,0,0.07088852028365002,hgb,2026-06-03T16:38:27
MBHAVSAR-3R8CWY_mbhavsar,primary_80_20_80,2023-10-31 16:24:24,4467,4527,4544,0,0.07284970975121313,hgb,2026-06-03T16:38:27
MBHAVSAR-3R8CWY_mbhavsar,primary_80_20_80,2023-11-03 10:03:18,4544,4675,4683,0,0.14627918246478364,hgb,2026-06-03T16:38:27
MBHAVSAR-3R8CWY_mbhavsar,primary_80_20_80,2023-11-20 14:52:45,4868,4875,4895,0,0.05149564050063001,hgb,2026-06-03T16:38:27
MBHAVSAR-3R8CWY_mbhavsar,primary_80_20_80,2023-11-29 21:03:37,5003,5020,5026,0,0.058507362723571744,hgb,2026-06-03T16:38:27
MBHAVSAR-3R8CWY_mbhavsar,primary_80_20_80,2023-11-30 13:07:49,5026,5039,5044,0,0.07655530552904848,hgb,2026-06-03T16:38:27
MBHAVSAR-3R8CWY_mbhavsar,primary_80_20_80,2023-11-30 20:54:53,5044,5048,5051,0,0.10563282783337827,hgb,2026-06-03T16:38:27
MBHAVSAR-3R8CWY_mbhavsar,primary_80_20_80,2023-12-01 09:11:22,5051,5057,5063,0,0.08365938978374135,hgb,2026-06-03T16:38:27
MBHAVSAR-3R8CWY_mbhavsar,primary_80_20_80,2024-01-11 13:49:34,5691,5696,5700,0,0.02113889046805429,hgb,2026-06-03T16:38:27
MBHAVSAR-3R8CWY_mbhavsar,primary_80_20_80,2024-01-17 11:29:18,5770,5817,5822,0,0.022916061069276603,hgb,2026-06-03T16:38:27
MBHAVSAR-3R8CWY_mbhavsar,primary_80_20_80,2024-01-18 17:05:21,5822,5849,5857,0,0.02267839494204299,hgb,2026-06-03T16:38:27
MBHAVSAR-3R8CWY_mbhavsar,primary_80_20_80,2024-03-04 11:15:22,6848,6861,6869,0,0.02265516836240292,hgb,2026-06-03T16:38:27
MBHAVSAR-3R8CWY_mbhavsar,primary_80_20_80,2024-03-07 13:52:42,6918,6924,6947,0,0.02405390916930675,hgb,2026-06-03T16:38:27
MBHAVSAR-3R8CWY_mbhavsar,primary_80_20_80,2024-03-08 09:26:29,6947,6953,6958,0,0.02661991950316722,hgb,2026-06-03T16:38:27
MBHAVSAR-3R8CWY_mbhavsar,primary_80_20_80,2024-03-13 09:38:11,7054,7059,7072,0,0.0195413327546187,hgb,2026-06-03T16:38:27
MBHAVSAR-3R8CWY_mbhavsar,primary_80_20_80,2024-03-25 08:58:50,7278,7281,7285,0,0.04541736726927804,hgb,2026-06-03T16:38:27
MBHAVSAR-3R8CWY_mbhavsar,primary_80_20_80,2024-04-01 16:06:46,7404,7463,7477,0,0.04559234479184045,hgb,2026-06-03T16:38:27
MBHAVSAR-3R8CWY_mbhavsar,primary_80_20_80,2024-04-16 21:05:21,7673,7683,7687,0,0.1955025136235747,hgb,2026-06-03T16:38:27
MBHAVSAR-3R8CWY_mbhavsar,primary_80_20_80,2024-04-17 13:56:32,7687,7724,7730,0,0.07767450387497764,hgb,2026-06-03T16:38:27
MBHAVSAR-3R8CWY_mbhavsar,primary_80_20_80,2024-05-06 08:57:07,7970,7982,8006,1,0.03537898684347519,hgb,2026-06-03T16:38:27
MBHAVSAR-3R8CWY_mbhavsar,primary_80_20_80,2024-05-07 12:47:37,8006,8025,8029,1,0.07099075915877129,hgb,2026-06-03T16:38:27
MBHAVSAR-3R8CWY_mbhavsar,primary_80_20_80,2024-05-08 00:00:17,8029,8051,8071,1,0.07589828921843986,hgb,2026-06-03T16:38:27
MBHAVSAR-3R8CWY_mbhavsar,primary_80_20_80,2024-05-14 09:24:22,8116,8138,8144,0,0.25496871241930164,hgb,2026-06-03T16:38:27
MBHAVSAR-3R8CWY_mbhavsar,primary_80_20_80,2024-05-15 09:43:56,8144,8148,8161,0,0.4258371831480649,hgb,2026-06-03T16:38:27
MBHAVSAR-3R8CWY_mbhavsar,primary_80_20_80,2024-05-19 23:44:45,8199,8220,8221,0,0.15131282744698124,hgb,2026-06-03T16:38:27
MBHAVSAR-3R8CWY_mbhavsar,primary_80_20_80,2024-05-21 09:28:59,8221,8237,8243,0,0.13126398126161135,hgb,2026-06-03T16:38:27
MBHAVSAR-3R8CWY_mbhavsar,primary_80_20_80,2024-06-10 10:21:33,8465,8523,8528,0,0.046690135737875615,hgb,2026-06-03T16:38:27
MBHAVSAR-3R8CWY_mbhavsar,primary_80_20_80,2024-06-26 15:51:15,8706,8715,8718,0,0.07679029977226391,hgb,2026-06-03T16:38:27
MBHAVSAR-3R8CWY_mbhavsar,primary_80_20_80,2024-07-03 12:37:06,8791,8798,8801,0,0.09615516201972234,hgb,2026-06-03T16:38:27
MBHAVSAR-3R8CWY_mbhavsar,primary_80_20_80,2024-07-15 11:10:12,8895,8901,8905,0,0.04905270043723315,hgb,2026-06-03T16:38:27
MBHAVSAR-3R8CWY_mbhavsar,primary_80_20_80,2024-07-15 15:57:10,8905,8924,8930,0,0.03278675775684025,hgb,2026-06-03T16:38:27
MBHAVSAR-3R8CWY_mbhavsar,primary_80_20_80,2024-08-07 11:41:55,9236,9241,9246,0,0.04104830183669131,hgb,2026-06-03T16:38:27
MBHAVSAR-3R8CWY_mbhavsar,primary_80_20_80,2024-08-07 15:06:50,9246,9333,9340,0,0.042193592898773856,hgb,2026-06-03T16:38:27
MBHAVSAR-3R8CWY_mbhavsar,primary_80_20_80,2024-09-09 09:06:49,9629,9635,9638,0,0.09341175256244412,hgb,2026-06-03T16:38:27
MBHAVSAR-3R8CWY_mbhavsar,primary_80_20_80,2024-10-09 13:08:35,10077,10101,10104,0,0.029445806475486808,hgb,2026-06-03T16:38:27
MBHAVSAR-3R8CWY_mbhavsar,primary_80_20_80,2024-10-14 09:30:14,10130,10143,10147,1,0.2256181613220148,hgb,2026-06-03T16:38:27
MBHAVSAR-3R8CWY_mbhavsar,primary_80_20_80,2024-11-06 13:15:41,10513,10530,10538,0,0.0284294679039474,hgb,2026-06-03T16:38:27
MBHAVSAR-3R8CWY_mbhavsar,primary_80_20_80,2024-11-07 14:11:13,10538,10555,10558,0,0.039739373911852435,hgb,2026-06-03T16:38:27
MBHAVSAR-3R8CWY_mbhavsar,primary_80_20_80,2024-11-19 13:39:22,10691,10717,10725,0,0.035657412105449295,hgb,2026-06-03T16:38:27
MBHAVSAR-3R8CWY_mbhavsar,primary_80_20_80,2024-11-20 11:43:52,10725,10737,10740,0,0.0351062927559084,hgb,2026-06-03T16:38:27
MBHAVSAR-3R8CWY_mbhavsar,primary_80_20_80,2024-11-21 09:42:29,10740,10760,10761,0,0.044085608451012365,hgb,2026-06-03T16:38:27
MBHAVSAR-3R8CWY_mbhavsar,primary_80_20_80,2024-11-27 09:17:50,10832,10845,10855,0,0.09389294533469203,hgb,2026-06-03T16:38:27
MBHAVSAR-3R8CWY_mbhavsar,primary_80_20_80,2025-01-13 02:23:27,11183,11218,11222,0,0.11102027852603599,hgb,2026-06-03T16:38:27
MBHAVSAR-3R8CWY_mbhavsar,primary_80_20_80,2025-01-14 23:12:43,11222,11229,11231,0,0.08136998800971691,hgb,2026-06-03T16:38:27
MBHAVSAR-3R8CWY_mbhavsar,primary_80_20_80,2025-01-15 12:36:02,11231,11259,11263,0,0.04716955474132042,hgb,2026-06-03T16:38:27
MBHAVSAR-3R8CWY_mbhavsar,secondary_85_15_85,2023-02-16 12:21:14,167,175,179,0,0.25134330907970986,hgb,2026-06-03T16:38:27
MBHAVSAR-3R8CWY_mbhavsar,secondary_85_15_85,2023-03-21 16:50:22,692,714,720,0,0.4103761151372075,hgb,2026-06-03T16:38:27
MBHAVSAR-3R8CWY_mbhavsar,secondary_85_15_85,2023-03-27 17:00:40,793,810,820,0,0.24678629206656658,hgb,2026-06-03T16:38:27
MBHAVSAR-3R8CWY_mbhavsar,secondary_85_15_85,2023-04-03 15:34:49,907,913,915,0,0.3722042845278459,hgb,2026-06-03T16:38:27
MBHAVSAR-3R8CWY_mbhavsar,secondary_85_15_85,2023-04-04 09:03:45,915,961,966,0,0.1253991171167439,hgb,2026-06-03T16:38:27
MBHAVSAR-3R8CWY_mbhavsar,secondary_85_15_85,2023-04-12 11:18:36,1061,1080,1085,0,0.15054669068868293,hgb,2026-06-03T16:38:27
MBHAVSAR-3R8CWY_mbhavsar,secondary_85_15_85,2023-04-16 18:25:18,1127,1157,1162,0,0.145691592926975,hgb,2026-06-03T16:38:27
MBHAVSAR-3R8CWY_mbhavsar,secondary_85_15_85,2023-05-09 11:23:01,1566,1588,1593,0,0.21156924287855222,hgb,2026-06-03T16:38:27
MBHAVSAR-3R8CWY_mbhavsar,secondary_85_15_85,2023-05-22 12:30:05,1808,1860,1868,0,0.07783280448125761,hgb,2026-06-03T16:38:27
MBHAVSAR-3R8CWY_mbhavsar,secondary_85_15_85,2023-07-12 05:19:51,2536,2565,2568,0,0.3637698857105962,hgb,2026-06-03T16:38:27
MBHAVSAR-3R8CWY_mbhavsar,secondary_85_15_85,2023-07-13 17:23:53,2568,2587,2593,0,0.10821828463289572,hgb,2026-06-03T16:38:27
MBHAVSAR-3R8CWY_mbhavsar,secondary_85_15_85,2023-08-08 18:59:25,3002,3017,3032,1,0.1659583945013024,hgb,2026-06-03T16:38:27
MBHAVSAR-3R8CWY_mbhavsar,secondary_85_15_85,2023-08-28 12:03:28,3336,3356,3361,0,0.23159027826101294,hgb,2026-06-03T16:38:27
MBHAVSAR-3R8CWY_mbhavsar,secondary_85_15_85,2023-09-19 18:17:51,3669,3700,3709,0,0.07682377362019223,hgb,2026-06-03T16:38:27
MBHAVSAR-3R8CWY_mbhavsar,secondary_85_15_85,2023-10-09 14:50:18,4021,4109,4119,0,0.3502430081708438,hgb,2026-06-03T16:38:27
MBHAVSAR-3R8CWY_mbhavsar,secondary_85_15_85,2023-10-23 09:27:42,4262,4290,4309,0,0.05677876988426289,hgb,2026-06-03T16:38:27
MBHAVSAR-3R8CWY_mbhavsar,secondary_85_15_85,2023-10-24 09:30:48,4309,4346,4353,0,0.13861500957875864,hgb,2026-06-03T16:38:27
MBHAVSAR-3R8CWY_mbhavsar,secondary_85_15_85,2023-10-30 11:58:13,4424,4432,4437,0,0.11940396242044815,hgb,2026-06-03T16:38:27
MBHAVSAR-3R8CWY_mbhavsar,secondary_85_15_85,2023-10-30 17:28:13,4437,4458,4467,0,0.08631055299535405,hgb,2026-06-03T16:38:27
MBHAVSAR-3R8CWY_mbhavsar,secondary_85_15_85,2023-10-31 16:24:24,4467,4679,4683,0,0.246152018460969,hgb,2026-06-03T16:38:27
MBHAVSAR-3R8CWY_mbhavsar,secondary_85_15_85,2023-11-20 14:52:45,4868,4876,4895,0,0.07717984981230425,hgb,2026-06-03T16:38:27
MBHAVSAR-3R8CWY_mbhavsar,secondary_85_15_85,2023-11-30 13:37:49,5027,5039,5051,0,0.14884511543042608,hgb,2026-06-03T16:38:27
MBHAVSAR-3R8CWY_mbhavsar,secondary_85_15_85,2023-12-01 09:11:22,5051,5057,5063,0,0.08365938978374135,hgb,2026-06-03T16:38:27
MBHAVSAR-3R8CWY_mbhavsar,secondary_85_15_85,2023-12-04 08:48:32,5078,5092,5099,0,0.05566927425004859,hgb,2026-06-03T16:38:27
MBHAVSAR-3R8CWY_mbhavsar,secondary_85_15_85,2024-01-17 11:29:18,5770,5850,5857,0,0.015824163060767393,hgb,2026-06-03T16:38:27
MBHAVSAR-3R8CWY_mbhavsar,secondary_85_15_85,2024-04-01 16:06:46,7404,7463,7478,0,0.03391997415839218,hgb,2026-06-03T16:38:27
MBHAVSAR-3R8CWY_mbhavsar,secondary_85_15_85,2024-04-16 21:05:21,7673,7725,7730,0,0.4589450934098451,hgb,2026-06-03T16:38:27
MBHAVSAR-3R8CWY_mbhavsar,secondary_85_15_85,2024-05-06 12:27:07,7977,8052,8071,1,0.16447119190605997,hgb,2026-06-03T16:38:27
MBHAVSAR-3R8CWY_mbhavsar,secondary_85_15_85,2024-05-14 09:24:22,8116,8148,8163,0,0.42815957249910686,hgb,2026-06-03T16:38:27
MBHAVSAR-3R8CWY_mbhavsar,secondary_85_15_85,2024-07-03 12:37:06,8791,8798,8801,0,0.09615516201972234,hgb,2026-06-03T16:38:27
MBHAVSAR-3R8CWY_mbhavsar,secondary_85_15_85,2024-07-15 11:10:12,8895,8924,8930,0,0.045736216408462614,hgb,2026-06-03T16:38:27
MBHAVSAR-3R8CWY_mbhavsar,secondary_85_15_85,2024-08-12 09:36:04,9343,9366,9374,0,0.09687723361032974,hgb,2026-06-03T16:38:27
MBHAVSAR-3R8CWY_mbhavsar,secondary_85_15_85,2024-09-09 09:06:49,9629,9635,9638,0,0.09341175256244412,hgb,2026-06-03T16:38:27
MBHAVSAR-3R8CWY_mbhavsar,secondary_85_15_85,2024-10-09 13:08:35,10077,10101,10104,0,0.029445806475486808,hgb,2026-06-03T16:38:27
MBHAVSAR-3R8CWY_mbhavsar,secondary_85_15_85,2024-10-14 09:30:14,10130,10143,10147,1,0.2256181613220148,hgb,2026-06-03T16:38:27
MBHAVSAR-3R8CWY_mbhavsar,secondary_85_15_85,2025-01-13 02:23:27,11183,11218,11222,0,0.11102027852603599,hgb,2026-06-03T16:38:27
MBHAVSAR-3R8CWY_mbhavsar,secondary_85_15_85,2025-01-14 23:12:43,11222,11260,11263,0,0.06998946481298794,hgb,2026-06-03T16:38:27
MBHAVSAR-5FSFDE_mbhavsar,strict_90_10_90,2025-07-14 18:28:48,984,1080,1094,1,0.9907943057786817,hgb,2026-06-03T16:38:27
MBHAVSAR-5FSFDE_mbhavsar,strict_90_10_90,2025-07-17 18:37:00,1094,1212,1218,1,0.9967372572984375,hgb,2026-06-03T16:38:27
MBHAVSAR-5FSFDE_mbhavsar,strict_90_10_90,2025-07-30 13:54:14,1412,1436,1440,1,0.9980784813666812,hgb,2026-06-03T16:38:27
MBHAVSAR-5FSFDE_mbhavsar,primary_80_20_80,2025-05-20 11:01:03,127,151,161,1,0.9860296839467968,hgb,2026-06-03T16:38:27
MBHAVSAR-5FSFDE_mbhavsar,primary_80_20_80,2025-07-14 18:28:48,984,1080,1094,1,0.9907943057786817,hgb,2026-06-03T16:38:27
MBHAVSAR-5FSFDE_mbhavsar,primary_80_20_80,2025-07-17 18:37:00,1094,1211,1218,1,0.996351000836433,hgb,2026-06-03T16:38:27
MBHAVSAR-5FSFDE_mbhavsar,primary_80_20_80,2025-07-21 20:26:27,1218,1317,1325,1,0.980478666398474,hgb,2026-06-03T16:38:27
MBHAVSAR-5FSFDE_mbhavsar,primary_80_20_80,2025-07-30 13:54:14,1412,1436,1440,1,0.9980784813666812,hgb,2026-06-03T16:38:27
MBHAVSAR-5FSFDE_mbhavsar,secondary_85_15_85,2025-07-14 18:28:48,984,1080,1094,1,0.9907943057786817,hgb,2026-06-03T16:38:27
MBHAVSAR-5FSFDE_mbhavsar,secondary_85_15_85,2025-07-17 18:37:00,1094,1212,1218,1,0.9967372572984375,hgb,2026-06-03T16:38:27
MBHAVSAR-5FSFDE_mbhavsar,secondary_85_15_85,2025-07-30 13:54:14,1412,1436,1440,1,0.9980784813666812,hgb,2026-06-03T16:38:27
MBHAVSAR-GM0WY2_mbhavsar,primary_80_20_80,2025-05-27 15:10:10,670,683,687,1,0.9862560782924871,hgb,2026-06-03T16:38:27
MBUT-PF3DMVFZ_mbutt,strict_90_10_90,2026-04-18 22:32:58,59,66,71,1,0.935036253912676,hgb,2026-06-03T16:38:27
MBUT-PF3DMVFZ_mbutt,strict_90_10_90,2026-04-30 17:45:42,142,147,159,1,0.8344105015695172,hgb,2026-06-03T16:38:27
MBUT-PF3DMVFZ_mbutt,strict_90_10_90,2026-05-19 03:25:38,366,398,405,1,0.9774185324982212,hgb,2026-06-03T16:38:27
MBUT-PF3DMVFZ_mbutt,strict_90_10_90,2026-05-20 11:56:47,405,442,452,1,0.9319934013585623,hgb,2026-06-03T16:38:27
MBUT-PF3DMVFZ_mbutt,strict_90_10_90,2026-05-21 11:08:53,452,465,468,1,0.9879167566354143,hgb,2026-06-03T16:38:27
MBUT-PF3DMVFZ_mbutt,strict_90_10_90,2026-05-23 14:21:23,527,538,541,1,0.9873706006301438,hgb,2026-06-03T16:38:27
MBUT-PF3DMVFZ_mbutt,strict_90_10_90,2026-05-24 01:34:40,541,563,570,1,0.9732055485919514,hgb,2026-06-03T16:38:27
MBUT-PF3DMVFZ_mbutt,primary_80_20_80,2026-04-16 10:58:39,0,23,26,1,0.7699570036973062,hgb,2026-06-03T16:38:27
MBUT-PF3DMVFZ_mbutt,primary_80_20_80,2026-04-18 22:32:58,59,65,71,1,0.9338369567775805,hgb,2026-06-03T16:38:27
MBUT-PF3DMVFZ_mbutt,primary_80_20_80,2026-04-29 17:58:34,117,135,142,1,0.9764768329714077,hgb,2026-06-03T16:38:27
MBUT-PF3DMVFZ_mbutt,primary_80_20_80,2026-04-30 17:45:42,142,146,159,1,0.8026832052994459,hgb,2026-06-03T16:38:27
MBUT-PF3DMVFZ_mbutt,primary_80_20_80,2026-05-01 04:02:17,159,169,174,1,0.8556381329596827,hgb,2026-06-03T16:38:27
MBUT-PF3DMVFZ_mbutt,primary_80_20_80,2026-05-04 23:00:25,201,241,244,1,0.9447069111494789,hgb,2026-06-03T16:38:27
MBUT-PF3DMVFZ_mbutt,primary_80_20_80,2026-05-19 03:25:38,366,397,405,1,0.9545717662793337,hgb,2026-06-03T16:38:27
MBUT-PF3DMVFZ_mbutt,primary_80_20_80,2026-05-20 11:56:47,405,435,452,1,0.9319934013585623,hgb,2026-06-03T16:38:27
MBUT-PF3DMVFZ_mbutt,primary_80_20_80,2026-05-21 11:08:53,452,463,468,1,0.9822026188360974,hgb,2026-06-03T16:38:27
MBUT-PF3DMVFZ_mbutt,primary_80_20_80,2026-05-23 14:21:23,527,536,541,1,0.9715648539743365,hgb,2026-06-03T16:38:27
MBUT-PF3DMVFZ_mbutt,primary_80_20_80,2026-05-24 01:34:40,541,562,570,1,0.9706339845422468,hgb,2026-06-03T16:38:27
MBUT-PF3DMVFZ_mbutt,secondary_85_15_85,2026-04-16 10:58:39,0,23,26,1,0.7699570036973062,hgb,2026-06-03T16:38:27
MBUT-PF3DMVFZ_mbutt,secondary_85_15_85,2026-04-18 22:32:58,59,65,71,1,0.9338369567775805,hgb,2026-06-03T16:38:27
MBUT-PF3DMVFZ_mbutt,secondary_85_15_85,2026-04-30 17:45:42,142,147,159,1,0.8457502193646981,hgb,2026-06-03T16:38:27
MBUT-PF3DMVFZ_mbutt,secondary_85_15_85,2026-05-01 04:02:17,159,170,174,1,0.8885888553885162,hgb,2026-06-03T16:38:27
MBUT-PF3DMVFZ_mbutt,secondary_85_15_85,2026-05-04 23:00:25,201,241,244,1,0.9447069111494789,hgb,2026-06-03T16:38:27
MBUT-PF3DMVFZ_mbutt,secondary_85_15_85,2026-05-19 03:25:38,366,398,405,1,0.9792089523072207,hgb,2026-06-03T16:38:27
MBUT-PF3DMVFZ_mbutt,secondary_85_15_85,2026-05-20 11:56:47,405,442,452,1,0.9319934013585623,hgb,2026-06-03T16:38:27
MBUT-PF3DMVFZ_mbutt,secondary_85_15_85,2026-05-21 11:08:53,452,464,468,1,0.9861754723035879,hgb,2026-06-03T16:38:27
MBUT-PF3DMVFZ_mbutt,secondary_85_15_85,2026-05-23 14:21:23,527,537,541,1,0.978713480720223,hgb,2026-06-03T16:38:27
MBUT-PF3DMVFZ_mbutt,secondary_85_15_85,2026-05-24 01:34:40,541,563,570,1,0.9753215698948343,hgb,2026-06-03T16:38:27
MC702142-0275JW_MC702142,primary_80_20_80,2024-08-05 21:05:52,3313,3315,3334,1,0.965221712556728,hgb,2026-06-03T16:38:27
MC702142-0275JW_MC702142,primary_80_20_80,2024-08-06 18:18:08,3334,3335,3343,1,0.9610553860945346,hgb,2026-06-03T16:38:27
MC702142-0275JW_MC702142,primary_80_20_80,2025-01-20 22:59:07,4476,4477,4483,1,0.7667571552955404,hgb,2026-06-03T16:38:27
MC702142-0275JW_MC702142,secondary_85_15_85,2025-01-20 22:59:07,4476,4477,4483,1,0.7667571552955404,hgb,2026-06-03T16:38:27
MCROWNOVER-1540_mcrownover,primary_80_20_80,2024-12-10 14:42:16,8216,8260,8268,1,0.9961440644044384,hgb,2026-06-03T16:38:27
MCROWNOVER-QC11_mcrownover,strict_90_10_90,2026-03-10 12:01:29,7462,7879,7882,1,0.9285030020126833,hgb,2026-06-03T16:38:27
MCROWNOVER-QC11_mcrownover,strict_90_10_90,2026-03-19 08:10:48,7882,7942,7944,1,0.7988066951744246,hgb,2026-06-03T16:38:27
MCROWNOVER-QC11_mcrownover,strict_90_10_90,2026-03-22 21:17:21,7968,7979,7981,1,0.9907490167871917,hgb,2026-06-03T16:38:27
MCROWNOVER-QC11_mcrownover,strict_90_10_90,2026-03-23 08:09:27,7981,8150,8167,1,0.9828639154415255,hgb,2026-06-03T16:38:27
MCROWNOVER-QC11_mcrownover,strict_90_10_90,2026-03-26 19:43:24,8167,8357,8374,1,0.9988578605096011,hgb,2026-06-03T16:38:27
MCROWNOVER-QC11_mcrownover,strict_90_10_90,2026-03-30 20:50:46,8374,8810,8816,1,0.9120363622733239,hgb,2026-06-03T16:38:27
MCROWNOVER-QC11_mcrownover,strict_90_10_90,2026-04-09 07:33:19,8816,8821,8826,1,0.9474697607059114,hgb,2026-06-03T16:38:27
MCROWNOVER-QC11_mcrownover,strict_90_10_90,2026-04-25 02:13:20,9555,9826,9831,1,0.9788255813269408,hgb,2026-06-03T16:38:27
MCROWNOVER-QC11_mcrownover,strict_90_10_90,2026-05-03 08:38:37,9896,9981,9983,1,0.9505703031514352,hgb,2026-06-03T16:38:27
MCROWNOVER-QC11_mcrownover,strict_90_10_90,2026-05-05 02:25:37,9983,10029,10035,1,0.9584257407539662,hgb,2026-06-03T16:38:27
MCROWNOVER-QC11_mcrownover,strict_90_10_90,2026-05-05 23:14:38,10035,10145,10148,1,0.9709421722793561,hgb,2026-06-03T16:38:27
MCROWNOVER-QC11_mcrownover,strict_90_10_90,2026-05-08 10:28:34,10148,10159,10163,1,0.9000751823030907,hgb,2026-06-03T16:38:27
MCROWNOVER-QC11_mcrownover,strict_90_10_90,2026-05-08 15:25:25,10163,10311,10327,1,0.9979230381312276,hgb,2026-06-03T16:38:27
MCROWNOVER-QC11_mcrownover,primary_80_20_80,2026-03-10 12:01:29,7462,7879,7882,1,0.9285030020126833,hgb,2026-06-03T16:38:27
MCROWNOVER-QC11_mcrownover,primary_80_20_80,2026-03-19 08:10:48,7882,7941,7944,1,0.7417048396855805,hgb,2026-06-03T16:38:27
MCROWNOVER-QC11_mcrownover,primary_80_20_80,2026-03-22 21:17:21,7968,7978,7981,1,0.928906769427679,hgb,2026-06-03T16:38:27
MCROWNOVER-QC11_mcrownover,primary_80_20_80,2026-03-23 08:09:27,7981,8150,8167,1,0.9828639154415255,hgb,2026-06-03T16:38:27
MCROWNOVER-QC11_mcrownover,primary_80_20_80,2026-03-26 19:43:24,8167,8357,8373,1,0.9986867304666457,hgb,2026-06-03T16:38:27
MCROWNOVER-QC11_mcrownover,primary_80_20_80,2026-03-30 20:20:46,8373,8809,8816,1,0.9165200912794917,hgb,2026-06-03T16:38:27
MCROWNOVER-QC11_mcrownover,primary_80_20_80,2026-04-09 07:33:19,8816,8821,8826,1,0.9474697607059114,hgb,2026-06-03T16:38:27
MCROWNOVER-QC11_mcrownover,primary_80_20_80,2026-04-14 20:10:34,9056,9552,9555,1,0.9482964103651623,hgb,2026-06-03T16:38:27
MCROWNOVER-QC11_mcrownover,primary_80_20_80,2026-04-25 02:13:20,9555,9819,9831,1,0.9675086901955512,hgb,2026-06-03T16:38:27
MCROWNOVER-QC11_mcrownover,primary_80_20_80,2026-05-03 08:38:37,9896,9980,9983,1,0.9182960300710247,hgb,2026-06-03T16:38:27
MCROWNOVER-QC11_mcrownover,primary_80_20_80,2026-05-05 02:25:37,9983,10028,10034,1,0.9182256004863877,hgb,2026-06-03T16:38:27
MCROWNOVER-QC11_mcrownover,primary_80_20_80,2026-05-05 22:44:38,10034,10143,10148,1,0.9477952078284897,hgb,2026-06-03T16:38:27
MCROWNOVER-QC11_mcrownover,primary_80_20_80,2026-05-08 10:28:34,10148,10158,10161,1,0.8926110858656168,hgb,2026-06-03T16:38:27
MCROWNOVER-QC11_mcrownover,primary_80_20_80,2026-05-08 14:55:06,10161,10309,10327,1,0.9961314200762857,hgb,2026-06-03T16:38:27
MCROWNOVER-QC11_mcrownover,primary_80_20_80,2026-05-11 22:08:59,10327,10364,10377,1,0.9924748169292471,hgb,2026-06-03T16:38:27
MCROWNOVER-QC11_mcrownover,secondary_85_15_85,2026-03-10 12:01:29,7462,7879,7882,1,0.9285030020126833,hgb,2026-06-03T16:38:27
MCROWNOVER-QC11_mcrownover,secondary_85_15_85,2026-03-19 08:10:48,7882,7941,7944,1,0.7569598346915297,hgb,2026-06-03T16:38:27
MCROWNOVER-QC11_mcrownover,secondary_85_15_85,2026-03-22 21:17:21,7968,7979,7981,1,0.9907490167871917,hgb,2026-06-03T16:38:27
MCROWNOVER-QC11_mcrownover,secondary_85_15_85,2026-03-23 08:09:27,7981,8150,8167,1,0.9828639154415255,hgb,2026-06-03T16:38:27
MCROWNOVER-QC11_mcrownover,secondary_85_15_85,2026-03-26 19:43:24,8167,8357,8373,1,0.9986867304666457,hgb,2026-06-03T16:38:27
MCROWNOVER-QC11_mcrownover,secondary_85_15_85,2026-03-30 20:20:46,8373,8809,8816,1,0.9165200912794917,hgb,2026-06-03T16:38:27
MCROWNOVER-QC11_mcrownover,secondary_85_15_85,2026-04-09 07:33:19,8816,8821,8826,1,0.9474697607059114,hgb,2026-06-03T16:38:27
MCROWNOVER-QC11_mcrownover,secondary_85_15_85,2026-04-14 20:10:34,9056,9552,9555,1,0.9482964103651623,hgb,2026-06-03T16:38:27
MCROWNOVER-QC11_mcrownover,secondary_85_15_85,2026-04-25 02:13:20,9555,9819,9831,1,0.9675086901955512,hgb,2026-06-03T16:38:27
MCROWNOVER-QC11_mcrownover,secondary_85_15_85,2026-05-03 08:38:37,9896,9980,9983,1,0.9182960300710247,hgb,2026-06-03T16:38:27
MCROWNOVER-QC11_mcrownover,secondary_85_15_85,2026-05-05 02:25:37,9983,10029,10035,1,0.9584257407539662,hgb,2026-06-03T16:38:27
MCROWNOVER-QC11_mcrownover,secondary_85_15_85,2026-05-05 23:14:38,10035,10144,10148,1,0.9497169922044674,hgb,2026-06-03T16:38:27
MCROWNOVER-QC11_mcrownover,secondary_85_15_85,2026-05-08 10:28:34,10148,10158,10161,1,0.8926110858656168,hgb,2026-06-03T16:38:27
MCROWNOVER-QC11_mcrownover,secondary_85_15_85,2026-05-08 14:55:06,10161,10309,10327,1,0.9961314200762857,hgb,2026-06-03T16:38:27
MCROWNOVER-QC11_mcrownover,secondary_85_15_85,2026-05-11 22:08:59,10327,10364,10377,1,0.9924748169292471,hgb,2026-06-03T16:38:27
MCROWNOVER-WLK4_mcrownover,primary_80_20_80,2023-08-22 09:21:35,524,533,536,1,0.5166189981835306,hgb,2026-06-03T16:38:27
MD2-SVT-3FCN_xuxru,strict_90_10_90,2023-10-16 15:49:52,581,687,689,1,0.9748877455471666,hgb,2026-06-03T16:38:27
MD2-SVT-3FCN_xuxru,strict_90_10_90,2023-10-21 15:08:57,689,702,719,0,0.9896175688183934,hgb,2026-06-03T16:38:27
MD2-SVT-3FCN_xuxru,strict_90_10_90,2023-10-23 09:28:53,719,859,868,1,0.9500164361008457,hgb,2026-06-03T16:38:27
MD2-SVT-3FCN_xuxru,strict_90_10_90,2023-10-31 21:08:46,918,989,994,1,0.9424106258389321,hgb,2026-06-03T16:38:27
MD2-SVT-3FCN_xuxru,strict_90_10_90,2023-11-06 13:53:03,994,2039,2045,1,0.9661956470814411,hgb,2026-06-03T16:38:27
MD2-SVT-3FCN_xuxru,strict_90_10_90,2024-02-21 07:16:36,3031,3088,3092,0,0.9435702769204357,hgb,2026-06-03T16:38:27
MD2-SVT-3FCN_xuxru,primary_80_20_80,2023-09-25 11:12:55,0,179,181,1,0.6174462734423779,hgb,2026-06-03T16:38:27
MD2-SVT-3FCN_xuxru,primary_80_20_80,2023-10-05 21:45:20,270,298,310,1,0.8321360791925235,hgb,2026-06-03T16:38:27
MD2-SVT-3FCN_xuxru,primary_80_20_80,2023-10-08 11:23:31,310,338,341,1,0.8137672891538669,hgb,2026-06-03T16:38:27
MD2-SVT-3FCN_xuxru,primary_80_20_80,2023-10-09 16:11:03,341,360,362,1,0.5633305745029838,hgb,2026-06-03T16:38:27
MD2-SVT-3FCN_xuxru,primary_80_20_80,2023-10-10 16:07:42,362,558,561,1,0.908899495734316,hgb,2026-06-03T16:38:27
MD2-SVT-3FCN_xuxru,primary_80_20_80,2023-10-15 17:35:32,561,575,581,1,0.9248756641680003,hgb,2026-06-03T16:38:27
MD2-SVT-3FCN_xuxru,primary_80_20_80,2023-10-16 15:49:52,581,627,630,1,0.8792894442208323,hgb,2026-06-03T16:38:27
MD2-SVT-3FCN_xuxru,primary_80_20_80,2023-10-18 18:29:22,630,685,689,1,0.9773997578950839,hgb,2026-06-03T16:38:27
MD2-SVT-3FCN_xuxru,primary_80_20_80,2023-10-21 15:08:57,689,701,714,0,0.9805469745181336,hgb,2026-06-03T16:38:27
MD2-SVT-3FCN_xuxru,primary_80_20_80,2023-10-22 21:50:23,714,857,867,1,0.9289086680986373,hgb,2026-06-03T16:38:27
MD2-SVT-3FCN_xuxru,primary_80_20_80,2023-10-31 20:54:07,917,957,974,1,0.9755575764847124,hgb,2026-06-03T16:38:27
MD2-SVT-3FCN_xuxru,primary_80_20_80,2023-11-05 09:53:30,974,988,993,1,0.9561967729944256,hgb,2026-06-03T16:38:27
MD2-SVT-3FCN_xuxru,primary_80_20_80,2023-11-06 13:23:03,993,1070,1114,1,0.9127681216197205,hgb,2026-06-03T16:38:27
MD2-SVT-3FCN_xuxru,primary_80_20_80,2023-11-07 21:54:30,1114,1710,1712,1,0.9171538892596299,hgb,2026-06-03T16:38:27
MD2-SVT-3FCN_xuxru,primary_80_20_80,2023-11-11 18:45:38,1712,1750,1754,1,0.9582626382605173,hgb,2026-06-03T16:38:27
MD2-SVT-3FCN_xuxru,primary_80_20_80,2023-11-14 13:26:12,1754,1792,1801,1,0.919021121501272,hgb,2026-06-03T16:38:27
MD2-SVT-3FCN_xuxru,primary_80_20_80,2023-11-15 10:56:09,1801,1925,1930,1,0.8997125759255888,hgb,2026-06-03T16:38:27
MD2-SVT-3FCN_xuxru,primary_80_20_80,2023-11-17 20:54:26,1930,2035,2045,1,0.9690168237995437,hgb,2026-06-03T16:38:27
MD2-SVT-3FCN_xuxru,primary_80_20_80,2023-12-06 06:49:07,2249,2282,2284,0,0.7790568870511491,hgb,2026-06-03T16:38:27
MD2-SVT-3FCN_xuxru,primary_80_20_80,2023-12-10 21:10:55,2315,2325,2329,1,0.9396661465714425,hgb,2026-06-03T16:38:27
MD2-SVT-3FCN_xuxru,primary_80_20_80,2023-12-12 09:52:56,2329,2340,2343,1,0.8841520363915543,hgb,2026-06-03T16:38:27
MD2-SVT-3FCN_xuxru,primary_80_20_80,2023-12-12 17:06:36,2343,2388,2395,1,0.9619376097671875,hgb,2026-06-03T16:38:27
MD2-SVT-3FCN_xuxru,primary_80_20_80,2023-12-20 12:32:11,2448,2469,2473,1,0.9083154088061751,hgb,2026-06-03T16:38:27
MD2-SVT-3FCN_xuxru,primary_80_20_80,2023-12-26 06:56:28,2528,2548,2554,0,0.9234326628243533,hgb,2026-06-03T16:38:27
MD2-SVT-3FCN_xuxru,primary_80_20_80,2024-01-15 16:17:35,2780,2799,2806,0,0.7422152821027783,hgb,2026-06-03T16:38:27
MD2-SVT-3FCN_xuxru,primary_80_20_80,2024-01-16 14:23:59,2806,2827,2831,1,0.8136696762348947,hgb,2026-06-03T16:38:27
MD2-SVT-3FCN_xuxru,primary_80_20_80,2024-01-17 17:26:20,2831,2871,2874,1,0.8036965783873188,hgb,2026-06-03T16:38:27
MD2-SVT-3FCN_xuxru,primary_80_20_80,2024-02-21 07:16:36,3031,3044,3053,0,0.861138518862979,hgb,2026-06-03T16:38:27
MD2-SVT-3FCN_xuxru,primary_80_20_80,2024-02-21 14:24:45,3053,3071,3075,0,0.5768230999536471,hgb,2026-06-03T16:38:27
MD2-SVT-3FCN_xuxru,primary_80_20_80,2024-02-22 11:06:44,3075,3086,3092,0,0.6579579306615355,hgb,2026-06-03T16:38:27
MD2-SVT-3FCN_xuxru,primary_80_20_80,2024-02-27 09:29:59,3149,3160,3176,0,0.9784900546287889,hgb,2026-06-03T16:38:27
MD2-SVT-3FCN_xuxru,primary_80_20_80,2024-02-27 17:35:15,3176,3243,3246,1,0.9764259559999051,hgb,2026-06-03T16:38:27
MD2-SVT-3FCN_xuxru,primary_80_20_80,2024-02-29 12:21:23,3246,3289,3293,1,0.8839023214152482,hgb,2026-06-03T16:38:27
MD2-SVT-3FCN_xuxru,secondary_85_15_85,2023-10-15 17:35:32,561,576,581,1,0.923500317392888,hgb,2026-06-03T16:38:27
MD2-SVT-3FCN_xuxru,secondary_85_15_85,2023-10-16 15:49:52,581,686,689,1,0.9781068695716431,hgb,2026-06-03T16:38:27
MD2-SVT-3FCN_xuxru,secondary_85_15_85,2023-10-21 15:08:57,689,701,714,0,0.9805469745181336,hgb,2026-06-03T16:38:27
MD2-SVT-3FCN_xuxru,secondary_85_15_85,2023-10-22 21:50:23,714,858,868,1,0.9481085937558454,hgb,2026-06-03T16:38:27
MD2-SVT-3FCN_xuxru,secondary_85_15_85,2023-10-31 21:08:46,918,989,993,1,0.9161262745378665,hgb,2026-06-03T16:38:27
MD2-SVT-3FCN_xuxru,secondary_85_15_85,2023-11-06 13:23:03,993,2037,2045,1,0.9437401626027081,hgb,2026-06-03T16:38:27
MD2-SVT-3FCN_xuxru,secondary_85_15_85,2023-12-12 09:52:56,2329,2389,2395,1,0.9605821761413822,hgb,2026-06-03T16:38:27
MD2-SVT-3FCN_xuxru,secondary_85_15_85,2024-01-16 14:23:59,2806,2828,2831,1,0.8136696762348947,hgb,2026-06-03T16:38:27
MD2-SVT-3FCN_xuxru,secondary_85_15_85,2024-02-21 07:16:36,3031,3087,3092,0,0.9398916382027301,hgb,2026-06-03T16:38:27
MERSEY1_Jeffrey_Farringer,primary_80_20_80,2024-06-11 19:36:35,592,630,633,1,0.9383012883315354,hgb,2026-06-03T16:38:27
MERSEY1_Jeffrey_Farringer,primary_80_20_80,2024-06-16 16:57:51,692,770,771,1,0.9834143772786393,hgb,2026-06-03T16:38:27
MERSEY1_Jeffrey_Farringer,primary_80_20_80,2024-08-26 17:50:14,1985,1994,1996,1,0.5848361667396297,hgb,2026-06-03T16:38:27
MERSEY1_Jeffrey_Farringer,primary_80_20_80,2024-08-27 18:30:08,1996,2007,2010,1,0.9809718008520845,hgb,2026-06-03T16:38:27
MHAGI-PF3YCK6H_mhagi,strict_90_10_90,2023-06-03 23:04:06,4113,4339,4346,0,0.9869414191646333,hgb,2026-06-03T16:38:27
MHAGI-PF3YCK6H_mhagi,strict_90_10_90,2024-01-25 09:04:37,14385,14401,14414,0,0.07077737534722708,hgb,2026-06-03T16:38:27
MHAGI-PF3YCK6H_mhagi,strict_90_10_90,2024-01-25 19:46:18,14414,14421,14422,0,0.17894863154308166,hgb,2026-06-03T16:38:27
MHAGI-PF3YCK6H_mhagi,strict_90_10_90,2024-01-26 08:13:09,14422,16014,16032,0,0.1536309064390167,hgb,2026-06-03T16:38:27
MHAGI-PF3YCK6H_mhagi,strict_90_10_90,2024-02-29 09:00:17,16032,16419,16498,0,0.029747706929837046,hgb,2026-06-03T16:38:27
MHAGI-PF3YCK6H_mhagi,strict_90_10_90,2024-03-10 15:05:13,16498,17359,17379,0,0.19455490641921855,hgb,2026-06-03T16:38:27
MHAGI-PF3YCK6H_mhagi,strict_90_10_90,2024-03-29 06:48:37,17379,17732,17739,0,0.27400506232367366,hgb,2026-06-03T16:38:27
MHAGI-PF3YCK6H_mhagi,strict_90_10_90,2024-04-05 18:34:11,17739,18513,18532,0,0.3240481665112739,hgb,2026-06-03T16:38:27
MHAGI-PF3YCK6H_mhagi,strict_90_10_90,2024-08-23 20:26:48,23966,25227,25232,0,0.6663786845080496,hgb,2026-06-03T16:38:27
MHAGI-PF3YCK6H_mhagi,strict_90_10_90,2024-11-12 13:55:37,27381,28545,28552,0,0.3937705700063453,hgb,2026-06-03T16:38:27
MHAGI-PF3YCK6H_mhagi,primary_80_20_80,2023-03-07 19:37:03,1039,1057,1073,0,0.47346159100533297,hgb,2026-06-03T16:38:27
MHAGI-PF3YCK6H_mhagi,primary_80_20_80,2023-03-08 18:26:36,1073,1092,1115,0,0.3071069004537531,hgb,2026-06-03T16:38:27
MHAGI-PF3YCK6H_mhagi,primary_80_20_80,2023-06-03 23:04:06,4113,4203,4207,0,0.9869579415457221,hgb,2026-06-03T16:38:27
MHAGI-PF3YCK6H_mhagi,primary_80_20_80,2023-06-05 21:25:07,4207,4338,4345,0,0.584336027416155,hgb,2026-06-03T16:38:27
MHAGI-PF3YCK6H_mhagi,primary_80_20_80,2023-07-13 01:45:10,5754,6024,6028,0,0.5640243241572704,hgb,2026-06-03T16:38:27
MHAGI-PF3YCK6H_mhagi,primary_80_20_80,2023-10-12 19:19:51,9791,10285,10303,0,0.43701480477975574,hgb,2026-06-03T16:38:27
MHAGI-PF3YCK6H_mhagi,primary_80_20_80,2023-12-12 08:58:06,12411,13852,13927,0,0.8926591302005404,hgb,2026-06-03T16:38:27
MHAGI-PF3YCK6H_mhagi,primary_80_20_80,2024-01-14 14:39:59,13927,14031,14045,0,0.12132949854349487,hgb,2026-06-03T16:38:27
MHAGI-PF3YCK6H_mhagi,primary_80_20_80,2024-01-17 08:31:14,14045,14181,14230,0,0.27268228830746816,hgb,2026-06-03T16:38:27
MHAGI-PF3YCK6H_mhagi,primary_80_20_80,2024-01-21 17:22:14,14230,14365,14385,0,0.4356773522866605,hgb,2026-06-03T16:38:27
MHAGI-PF3YCK6H_mhagi,primary_80_20_80,2024-01-25 09:04:37,14385,14401,14413,0,0.07840267192269046,hgb,2026-06-03T16:38:27
MHAGI-PF3YCK6H_mhagi,primary_80_20_80,2024-01-25 19:16:18,14413,14420,14422,0,0.05040650415469531,hgb,2026-06-03T16:38:27
MHAGI-PF3YCK6H_mhagi,primary_80_20_80,2024-01-26 08:13:09,14422,14913,14917,0,0.04715321771857288,hgb,2026-06-03T16:38:27
MHAGI-PF3YCK6H_mhagi,primary_80_20_80,2024-02-05 13:32:39,14917,15076,15081,0,0.11820765057851522,hgb,2026-06-03T16:38:27
MHAGI-PF3YCK6H_mhagi,primary_80_20_80,2024-02-08 16:42:01,15081,15691,15709,0,0.051174739757607605,hgb,2026-06-03T16:38:27
MHAGI-PF3YCK6H_mhagi,primary_80_20_80,2024-02-22 08:20:03,15709,15968,15984,0,0.06748381959561345,hgb,2026-06-03T16:38:27
MHAGI-PF3YCK6H_mhagi,primary_80_20_80,2024-02-28 08:05:30,15984,16012,16032,0,0.07986701816288702,hgb,2026-06-03T16:38:27
MHAGI-PF3YCK6H_mhagi,primary_80_20_80,2024-02-29 09:00:17,16032,16052,16056,0,0.09420464690734766,hgb,2026-06-03T16:38:27
MHAGI-PF3YCK6H_mhagi,primary_80_20_80,2024-02-29 17:44:06,16056,16381,16390,0,0.09496289388129163,hgb,2026-06-03T16:38:27
MHAGI-PF3YCK6H_mhagi,primary_80_20_80,2024-03-07 19:38:30,16390,16395,16410,0,0.03898316148870974,hgb,2026-06-03T16:38:27
MHAGI-PF3YCK6H_mhagi,primary_80_20_80,2024-03-08 08:22:49,16410,16419,16498,0,0.06464813991218181,hgb,2026-06-03T16:38:27
MHAGI-PF3YCK6H_mhagi,primary_80_20_80,2024-03-10 15:05:13,16498,16540,16544,0,0.1716633571889841,hgb,2026-06-03T16:38:27
MHAGI-PF3YCK6H_mhagi,primary_80_20_80,2024-03-11 13:33:42,16544,16616,16632,0,0.0728850453969224,hgb,2026-06-03T16:38:27
MHAGI-PF3YCK6H_mhagi,primary_80_20_80,2024-03-13 08:59:35,16632,16700,16705,0,0.10672114833681315,hgb,2026-06-03T16:38:27
MHAGI-PF3YCK6H_mhagi,primary_80_20_80,2024-03-14 20:04:17,16705,17209,17215,0,0.056677786877435875,hgb,2026-06-03T16:38:27
MHAGI-PF3YCK6H_mhagi,primary_80_20_80,2024-03-25 17:18:56,17215,17358,17379,0,0.16391946806009705,hgb,2026-06-03T16:38:27
MHAGI-PF3YCK6H_mhagi,primary_80_20_80,2024-03-29 06:48:37,17379,17669,17677,0,0.13337202578098015,hgb,2026-06-03T16:38:27
MHAGI-PF3YCK6H_mhagi,primary_80_20_80,2024-04-04 12:19:35,17677,17731,17738,0,0.08646378810768174,hgb,2026-06-03T16:38:27
MHAGI-PF3YCK6H_mhagi,primary_80_20_80,2024-04-05 18:04:11,17738,17883,17898,0,0.06253720044467317,hgb,2026-06-03T16:38:27
MHAGI-PF3YCK6H_mhagi,primary_80_20_80,2024-04-09 08:44:27,17898,18512,18532,0,0.055012976284203347,hgb,2026-06-03T16:38:27
MHAGI-PF3YCK6H_mhagi,primary_80_20_80,2024-05-28 06:59:23,20057,20367,20386,0,0.03430583131907689,hgb,2026-06-03T16:38:27
MHAGI-PF3YCK6H_mhagi,primary_80_20_80,2024-06-04 07:56:01,20386,20466,20485,0,0.05726099841443569,hgb,2026-06-03T16:38:27
MHAGI-PF3YCK6H_mhagi,primary_80_20_80,2024-06-18 19:10:43,21030,21117,21120,0,0.0603301119749993,hgb,2026-06-03T16:38:27
MHAGI-PF3YCK6H_mhagi,primary_80_20_80,2024-08-23 19:56:48,23965,24841,24846,0,0.5348756743016813,hgb,2026-06-03T16:38:27
MHAGI-PF3YCK6H_mhagi,primary_80_20_80,2024-09-11 19:45:41,24846,25226,25232,0,0.07264770837875247,hgb,2026-06-03T16:38:27
MHAGI-PF3YCK6H_mhagi,primary_80_20_80,2024-09-20 21:06:05,25232,25722,25726,0,0.01336668695511412,hgb,2026-06-03T16:38:27
MHAGI-PF3YCK6H_mhagi,primary_80_20_80,2024-11-12 13:55:37,27381,28545,28551,0,0.3813566856683045,hgb,2026-06-03T16:38:27
MHAGI-PF3YCK6H_mhagi,primary_80_20_80,2024-12-09 19:03:17,28607,28700,28704,0,0.43864995299353365,hgb,2026-06-03T16:38:27
MHAGI-PF3YCK6H_mhagi,secondary_85_15_85,2023-03-07 19:37:03,1039,1058,1074,0,0.5554361909011191,hgb,2026-06-03T16:38:27
MHAGI-PF3YCK6H_mhagi,secondary_85_15_85,2023-03-08 18:56:36,1074,1093,1115,0,0.44918238569696295,hgb,2026-06-03T16:38:27
MHAGI-PF3YCK6H_mhagi,secondary_85_15_85,2023-06-03 23:04:06,4113,4338,4346,0,0.9771153720302463,hgb,2026-06-03T16:38:27
MHAGI-PF3YCK6H_mhagi,secondary_85_15_85,2023-12-12 08:58:06,12411,13852,13927,0,0.8926591302005404,hgb,2026-06-03T16:38:27
MHAGI-PF3YCK6H_mhagi,secondary_85_15_85,2024-01-14 14:39:59,13927,14365,14385,0,0.058600303967950004,hgb,2026-06-03T16:38:27
MHAGI-PF3YCK6H_mhagi,secondary_85_15_85,2024-01-25 09:04:37,14385,14401,14413,0,0.07840267192269046,hgb,2026-06-03T16:38:27
MHAGI-PF3YCK6H_mhagi,secondary_85_15_85,2024-01-25 19:16:18,14413,14420,14422,0,0.05040650415469531,hgb,2026-06-03T16:38:27
MHAGI-PF3YCK6H_mhagi,secondary_85_15_85,2024-01-26 08:13:09,14422,15692,15709,0,0.3202184389193088,hgb,2026-06-03T16:38:27
MHAGI-PF3YCK6H_mhagi,secondary_85_15_85,2024-02-22 08:20:03,15709,16013,16032,0,0.07993283321818698,hgb,2026-06-03T16:38:27
MHAGI-PF3YCK6H_mhagi,secondary_85_15_85,2024-02-29 09:00:17,16032,16053,16057,0,0.07785800781313719,hgb,2026-06-03T16:38:27
MHAGI-PF3YCK6H_mhagi,secondary_85_15_85,2024-02-29 18:14:06,16057,16419,16498,0,0.029747706929837046,hgb,2026-06-03T16:38:27
MHAGI-PF3YCK6H_mhagi,secondary_85_15_85,2024-03-10 15:05:13,16498,17359,17379,0,0.19455490641921855,hgb,2026-06-03T16:38:27
MHAGI-PF3YCK6H_mhagi,secondary_85_15_85,2024-03-29 06:48:37,17379,17732,17739,0,0.27400506232367366,hgb,2026-06-03T16:38:27
MHAGI-PF3YCK6H_mhagi,secondary_85_15_85,2024-04-05 18:34:11,17739,18512,18532,0,0.17785729973895495,hgb,2026-06-03T16:38:27
MHAGI-PF3YCK6H_mhagi,secondary_85_15_85,2024-08-23 19:56:48,23965,24841,24847,0,0.26287432308570413,hgb,2026-06-03T16:38:27
MHAGI-PF3YCK6H_mhagi,secondary_85_15_85,2024-09-11 20:15:41,24847,25226,25232,0,0.07264770837875247,hgb,2026-06-03T16:38:27
MHAGI-PF3YCK6H_mhagi,secondary_85_15_85,2024-11-12 13:55:37,27381,28545,28552,0,0.3937705700063453,hgb,2026-06-03T16:38:27
MHALE1-PW0A1P1J_mhale1,strict_90_10_90,2024-03-18 22:05:05,45,126,127,1,0.8999506748910895,hgb,2026-06-03T16:38:27
MHALE1-PW0A1P1J_mhale1,primary_80_20_80,2024-03-18 22:05:05,45,124,127,1,0.5356639734754941,hgb,2026-06-03T16:38:27
MHALE1-PW0A1P1J_mhale1,primary_80_20_80,2024-03-21 19:51:18,127,145,150,1,0.7043871987029363,hgb,2026-06-03T16:38:27
MHALE1-PW0A1P1J_mhale1,secondary_85_15_85,2024-03-18 22:05:05,45,126,127,1,0.9073007669447418,hgb,2026-06-03T16:38:27
MHALE1-PW0A1P1J_mhale1,secondary_85_15_85,2024-03-21 19:51:18,127,146,150,1,0.8774544409092389,hgb,2026-06-03T16:38:27
MHEIDENFELD-XSD_mheidenfeldt,strict_90_10_90,2025-05-05 09:00:06,338,358,368,1,0.9995221530885604,hgb,2026-06-03T16:38:27
MHEIDENFELD-XSD_mheidenfeldt,primary_80_20_80,2025-05-05 09:00:06,338,356,368,1,0.9994083682503389,hgb,2026-06-03T16:38:27
MHEIDENFELD-XSD_mheidenfeldt,primary_80_20_80,2025-07-08 18:16:04,1137,1175,1178,1,0.9973303714733949,hgb,2026-06-03T16:38:27
MHEIDENFELD-XSD_mheidenfeldt,secondary_85_15_85,2025-05-05 09:00:06,338,357,368,1,0.999422213788531,hgb,2026-06-03T16:38:27
MHEIDENFELD-XSD_mheidenfeldt,secondary_85_15_85,2025-07-08 18:16:04,1137,1176,1178,1,0.9973303714733949,hgb,2026-06-03T16:38:27
MIT_mpatel13,strict_90_10_90,2025-09-15 11:40:26,1660,1755,1762,1,0.9802375225504377,hgb,2026-06-03T16:38:27
MIT_mpatel13,strict_90_10_90,2025-09-22 09:47:04,1802,1865,1871,1,0.9865407830442894,hgb,2026-06-03T16:38:27
MIT_mpatel13,strict_90_10_90,2025-10-12 16:20:06,2258,2361,2368,1,0.9714122946820565,hgb,2026-06-03T16:38:27
MIT_mpatel13,strict_90_10_90,2026-03-10 09:36:42,4787,4819,4825,1,0.9911956813537522,hgb,2026-06-03T16:38:27
MIT_mpatel13,strict_90_10_90,2026-03-11 09:37:01,4825,4856,4862,1,0.9915241126009435,hgb,2026-06-03T16:38:27
MIT_mpatel13,strict_90_10_90,2026-03-12 09:35:09,4862,4893,4902,1,0.9921724935591016,hgb,2026-06-03T16:38:27
MIT_mpatel13,strict_90_10_90,2026-03-19 09:36:46,5054,5088,5096,1,0.9501974983948119,hgb,2026-06-03T16:38:27
MIT_mpatel13,strict_90_10_90,2026-04-14 09:31:19,5501,5532,5538,1,0.9894101455155938,hgb,2026-06-03T16:38:27
MIT_mpatel13,primary_80_20_80,2025-07-28 09:24:36,926,966,976,1,0.9927312894755532,hgb,2026-06-03T16:38:27
MIT_mpatel13,primary_80_20_80,2025-09-15 11:10:26,1659,1690,1694,1,0.963465301225929,hgb,2026-06-03T16:38:27
MIT_mpatel13,primary_80_20_80,2025-09-17 09:10:26,1694,1753,1762,1,0.997644786759246,hgb,2026-06-03T16:38:27
MIT_mpatel13,primary_80_20_80,2025-09-22 09:47:04,1802,1863,1871,1,0.9787727653090944,hgb,2026-06-03T16:38:27
MIT_mpatel13,primary_80_20_80,2025-10-06 09:11:33,2097,2227,2233,1,0.9791608126178771,hgb,2026-06-03T16:38:27
MIT_mpatel13,primary_80_20_80,2025-10-12 15:50:08,2255,2298,2302,1,0.921179662219619,hgb,2026-06-03T16:38:27
MIT_mpatel13,primary_80_20_80,2025-10-13 13:20:06,2302,2359,2368,1,0.9950157806372248,hgb,2026-06-03T16:38:27
MIT_mpatel13,primary_80_20_80,2025-11-10 09:05:43,2815,2846,2855,1,0.9630338391375995,hgb,2026-06-03T16:38:27
MIT_mpatel13,primary_80_20_80,2026-01-20 09:10:01,3780,3802,3810,1,0.9413858851062085,hgb,2026-06-03T16:38:27
MIT_mpatel13,primary_80_20_80,2026-01-21 10:01:19,3810,3835,3844,1,0.995800490604055,hgb,2026-06-03T16:38:27
MIT_mpatel13,primary_80_20_80,2026-01-26 08:06:25,3884,3905,3924,1,0.941355891249493,hgb,2026-06-03T16:38:27
MIT_mpatel13,primary_80_20_80,2026-01-29 08:54:14,3971,3978,3986,1,0.9695764598016258,hgb,2026-06-03T16:38:27
MIT_mpatel13,primary_80_20_80,2026-01-29 15:25:51,3986,3993,4002,1,0.9228159227728626,hgb,2026-06-03T16:38:27
MIT_mpatel13,primary_80_20_80,2026-02-03 09:41:03,4050,4102,4108,1,0.9173736484457611,hgb,2026-06-03T16:38:27
MIT_mpatel13,primary_80_20_80,2026-02-09 09:07:22,4179,4233,4241,1,0.8744296295018337,hgb,2026-06-03T16:38:27
MIT_mpatel13,primary_80_20_80,2026-02-23 09:43:48,4459,4507,4522,1,0.9001208610101245,hgb,2026-06-03T16:38:27
MIT_mpatel13,primary_80_20_80,2026-03-10 09:36:42,4787,4817,4825,1,0.9892493604019063,hgb,2026-06-03T16:38:27
MIT_mpatel13,primary_80_20_80,2026-03-11 09:37:01,4825,4854,4862,1,0.9896496379309832,hgb,2026-06-03T16:38:27
MIT_mpatel13,primary_80_20_80,2026-03-12 09:35:09,4862,4891,4902,1,0.9900519848746602,hgb,2026-06-03T16:38:27
MIT_mpatel13,primary_80_20_80,2026-03-19 09:36:46,5054,5086,5096,1,0.9380361357266249,hgb,2026-06-03T16:38:27
MIT_mpatel13,primary_80_20_80,2026-04-14 09:31:19,5501,5530,5538,1,0.9880595267830643,hgb,2026-06-03T16:38:27
MIT_mpatel13,secondary_85_15_85,2025-07-28 09:24:36,926,968,976,1,0.9937535584167394,hgb,2026-06-03T16:38:27
MIT_mpatel13,secondary_85_15_85,2025-09-15 11:40:26,1660,1754,1762,1,0.9756254424307828,hgb,2026-06-03T16:38:27
MIT_mpatel13,secondary_85_15_85,2025-09-22 09:47:04,1802,1864,1871,1,0.9800600572951497,hgb,2026-06-03T16:38:27
MIT_mpatel13,secondary_85_15_85,2025-10-12 16:20:06,2258,2360,2368,1,0.96893983387774,hgb,2026-06-03T16:38:27
MIT_mpatel13,secondary_85_15_85,2025-11-10 09:35:43,2816,2847,2855,1,0.9714523169727897,hgb,2026-06-03T16:38:27
MIT_mpatel13,secondary_85_15_85,2026-01-26 08:06:25,3884,3906,3924,1,0.9523291509884244,hgb,2026-06-03T16:38:27
MIT_mpatel13,secondary_85_15_85,2026-02-03 09:41:03,4050,4102,4108,1,0.9173736484457611,hgb,2026-06-03T16:38:27
MIT_mpatel13,secondary_85_15_85,2026-03-10 09:36:42,4787,4818,4825,1,0.9896215907610045,hgb,2026-06-03T16:38:27
MIT_mpatel13,secondary_85_15_85,2026-03-11 09:37:01,4825,4855,4862,1,0.9898895497553819,hgb,2026-06-03T16:38:27
MIT_mpatel13,secondary_85_15_85,2026-03-12 09:35:09,4862,4892,4902,1,0.9902826622408417,hgb,2026-06-03T16:38:27
MIT_mpatel13,secondary_85_15_85,2026-03-19 09:36:46,5054,5087,5096,1,0.9400741580416984,hgb,2026-06-03T16:38:27
MIT_mpatel13,secondary_85_15_85,2026-04-14 09:31:19,5501,5531,5538,1,0.9883358615089232,hgb,2026-06-03T16:38:27
MKITAMURA-N0XRP_mkitamura,strict_90_10_90,2023-08-07 17:47:55,4538,4565,4583,1,0.9468658219038825,hgb,2026-06-03T16:38:27
MKITAMURA-N0XRP_mkitamura,primary_80_20_80,2023-06-06 08:41:59,2923,3024,3028,1,0.6673610469195851,hgb,2026-06-03T16:38:27
MKITAMURA-N0XRP_mkitamura,primary_80_20_80,2023-08-01 07:35:41,4408,4416,4419,1,0.991524908256537,hgb,2026-06-03T16:38:27
MKITAMURA-N0XRP_mkitamura,primary_80_20_80,2023-08-07 17:17:55,4537,4563,4582,1,0.9346668070445386,hgb,2026-06-03T16:38:27
MKITAMURA-N0XRP_mkitamura,primary_80_20_80,2023-08-09 10:01:46,4582,4607,4610,1,0.9043986106487054,hgb,2026-06-03T16:38:27
MKITAMURA-N0XRP_mkitamura,primary_80_20_80,2023-09-13 09:17:00,5387,5417,5426,1,0.9930284906641274,hgb,2026-06-03T16:38:27
MKITAMURA-N0XRP_mkitamura,primary_80_20_80,2023-09-14 08:45:19,5426,5459,5462,1,0.8233455917843009,hgb,2026-06-03T16:38:27
MKITAMURA-N0XRP_mkitamura,primary_80_20_80,2023-10-19 10:03:31,6187,6223,6226,1,0.6479132574378854,hgb,2026-06-03T16:38:27
MKITAMURA-N0XRP_mkitamura,primary_80_20_80,2023-10-24 16:52:30,6328,6365,6370,1,0.9828344872092717,hgb,2026-06-03T16:38:27
MKITAMURA-N0XRP_mkitamura,primary_80_20_80,2024-01-16 09:14:06,8104,8122,8125,1,0.6851784390231415,hgb,2026-06-03T16:38:27
MKITAMURA-N0XRP_mkitamura,secondary_85_15_85,2023-08-07 17:47:55,4538,4564,4582,1,0.937179899893489,hgb,2026-06-03T16:38:27
MKOZO-PF3W9L3K_mkozo,strict_90_10_90,2023-08-15 01:02:23,3167,3185,3193,1,0.8814755933505364,hgb,2026-06-03T16:38:27
MKOZO-PF3W9L3K_mkozo,strict_90_10_90,2024-05-07 11:51:05,7718,7791,7796,1,0.74386922939784,hgb,2026-06-03T16:38:27
MKOZO-PF3W9L3K_mkozo,primary_80_20_80,2023-08-15 00:32:23,3166,3184,3192,1,0.7025202065499037,hgb,2026-06-03T16:38:27
MKOZO-PF3W9L3K_mkozo,primary_80_20_80,2024-05-07 11:21:05,7717,7789,7796,1,0.7470520027424379,hgb,2026-06-03T16:38:27
MKOZO-PF3W9L3K_mkozo,secondary_85_15_85,2023-08-15 00:32:23,3166,3185,3192,1,0.8662246068556662,hgb,2026-06-03T16:38:27
MKOZO-PF3W9L3K_mkozo,secondary_85_15_85,2024-05-07 11:21:05,7717,7790,7796,1,0.8090431588409033,hgb,2026-06-03T16:38:27
MMERCHANT-H0CAW_mmerchant,primary_80_20_80,2025-06-23 13:01:59,438,446,450,1,0.900092388921632,hgb,2026-06-03T16:38:27
MNAKATA1-3Y659D_mnakata1,primary_80_20_80,2023-12-08 19:00:57,9657,9802,9804,1,0.9035154518149476,hgb,2026-06-03T16:38:27
MNISHIO1-2DR71T_mnishio1,primary_80_20_80,2023-02-26 05:52:49,178,198,202,0,0.5938053167659731,hgb,2026-06-03T16:38:27
MNISHIO1-43AFSK_Debug,primary_80_20_80,2023-03-06 19:38:13,571,631,637,1,0.954118449062862,hgb,2026-06-03T16:38:27
MNISHIO1-43AFSK_Debug,primary_80_20_80,2023-03-27 08:11:53,1041,1067,1081,0,0.19253729916721485,hgb,2026-06-03T16:38:27
MNISHIO1-43AFSK_Debug,primary_80_20_80,2024-01-12 12:43:20,5750,5755,5759,0,0.07506743412458039,hgb,2026-06-03T16:38:27
MNISHIO1-43AFSK_Debug,primary_80_20_80,2024-02-05 13:17:54,6228,6345,6350,0,0.09569551661644683,hgb,2026-06-03T16:38:27
MNISHIO1-43AFSK_Debug,primary_80_20_80,2024-03-25 11:20:00,7152,7238,7242,0,0.05453973747692439,hgb,2026-06-03T16:38:27
MNISHIO1-43AFSK_Debug,primary_80_20_80,2024-03-27 13:13:21,7242,7262,7268,0,0.06441889274483893,hgb,2026-06-03T16:38:27
MNISHIO1-43AFSK_Debug,primary_80_20_80,2024-07-08 10:48:30,9122,9177,9180,0,0.09719412810034642,hgb,2026-06-03T16:38:27
MNISHIO1-43AFSK_Debug,secondary_85_15_85,2024-01-12 12:43:20,5750,5755,5759,0,0.07506743412458039,hgb,2026-06-03T16:38:27
MNISHIO1-43AFSK_Debug,secondary_85_15_85,2024-03-25 11:20:00,7152,7262,7268,0,0.04948252475555437,hgb,2026-06-03T16:38:27
MNISHIO1-43AFSK_mnishio1,primary_80_20_80,2023-03-06 19:38:13,571,631,637,1,0.9621644141158914,hgb,2026-06-03T16:38:27
MNISHIO1-43AFSK_mnishio1,primary_80_20_80,2023-03-27 08:11:53,1041,1067,1081,0,0.32221384352422194,hgb,2026-06-03T16:38:27
MNISHIO1-43AFSK_mnishio1,primary_80_20_80,2024-01-12 12:43:20,5750,5755,5759,0,0.01887355860431412,hgb,2026-06-03T16:38:27
MNISHIO1-43AFSK_mnishio1,primary_80_20_80,2024-02-05 13:17:54,6228,6345,6350,0,0.011599269948802247,hgb,2026-06-03T16:38:27
MNISHIO1-43AFSK_mnishio1,primary_80_20_80,2024-03-25 11:20:00,7152,7238,7242,0,0.010697965397857704,hgb,2026-06-03T16:38:27
MNISHIO1-43AFSK_mnishio1,primary_80_20_80,2024-03-27 13:13:21,7242,7262,7268,0,0.024753810595940232,hgb,2026-06-03T16:38:27
MNISHIO1-43AFSK_mnishio1,primary_80_20_80,2024-07-08 10:48:30,9122,9177,9180,0,0.07985718410083402,hgb,2026-06-03T16:38:27
MNISHIO1-43AFSK_mnishio1,secondary_85_15_85,2024-01-12 12:43:20,5750,5755,5759,0,0.01887355860431412,hgb,2026-06-03T16:38:27
MNISHIO1-43AFSK_mnishio1,secondary_85_15_85,2024-03-25 11:20:00,7152,7262,7268,0,0.014890991517101144,hgb,2026-06-03T16:38:27
MOBILEPE-4N8HJ9_MobilePE,strict_90_10_90,2024-09-05 04:24:13,766,797,804,1,0.9854868932543489,hgb,2026-06-03T16:38:27
MOBILEPE-4N8HJ9_MobilePE,primary_80_20_80,2024-09-05 03:54:13,765,797,803,1,0.9807208413604744,hgb,2026-06-03T16:38:27
MOBILEPE-4N8HJ9_MobilePE,primary_80_20_80,2024-09-20 16:51:46,1385,1393,1406,1,0.9777786068838308,hgb,2026-06-03T16:38:27
MOBILEPE-4N8HJ9_MobilePE,secondary_85_15_85,2024-09-05 03:54:13,765,797,803,1,0.9807208413604744,hgb,2026-06-03T16:38:27
MSUMMERVILL-VCL_msummerville,strict_90_10_90,2023-10-12 08:01:25,2980,3060,3065,1,0.9630232542838126,hgb,2026-06-03T16:38:27
MSUMMERVILL-VCL_msummerville,strict_90_10_90,2024-01-11 19:49:06,5327,5354,5357,0,0.3297508545699888,hgb,2026-06-03T16:38:27
MSUMMERVILL-VCL_msummerville,strict_90_10_90,2024-01-12 12:45:33,5357,5371,5374,0,0.2611137937760726,hgb,2026-06-03T16:38:27
MSUMMERVILL-VCL_msummerville,strict_90_10_90,2025-04-30 15:58:22,19469,19546,19550,0,0.6633680751922381,hgb,2026-06-03T16:38:27
MSUMMERVILL-VCL_msummerville,strict_90_10_90,2025-07-26 20:10:53,21771,21828,21831,1,0.47989261574400943,hgb,2026-06-03T16:38:27
MSUMMERVILL-VCL_msummerville,strict_90_10_90,2025-07-28 19:11:33,21831,21867,21874,1,0.7134771757911316,hgb,2026-06-03T16:38:27
MSUMMERVILL-VCL_msummerville,primary_80_20_80,2023-07-05 21:40:14,145,376,381,1,0.925782930536828,hgb,2026-06-03T16:38:27
MSUMMERVILL-VCL_msummerville,primary_80_20_80,2023-07-31 08:52:06,774,974,977,1,0.9805454647922764,hgb,2026-06-03T16:38:27
MSUMMERVILL-VCL_msummerville,primary_80_20_80,2023-10-12 08:01:25,2980,3060,3064,1,0.9689860154308821,hgb,2026-06-03T16:38:27
MSUMMERVILL-VCL_msummerville,primary_80_20_80,2024-01-11 19:49:06,5327,5353,5356,0,0.3219504742901018,hgb,2026-06-03T16:38:27
MSUMMERVILL-VCL_msummerville,primary_80_20_80,2024-01-12 12:15:33,5356,5371,5374,0,0.23127295660782182,hgb,2026-06-03T16:38:27
MSUMMERVILL-VCL_msummerville,primary_80_20_80,2024-01-12 23:11:54,5374,5503,5508,1,0.5874667506406361,hgb,2026-06-03T16:38:27
MSUMMERVILL-VCL_msummerville,primary_80_20_80,2025-04-30 15:58:22,19469,19545,19550,0,0.6415912147765475,hgb,2026-06-03T16:38:27
MSUMMERVILL-VCL_msummerville,primary_80_20_80,2025-07-26 20:10:53,21771,21828,21831,1,0.47989261574400943,hgb,2026-06-03T16:38:27
MSUMMERVILL-VCL_msummerville,primary_80_20_80,2025-07-28 19:11:33,21831,21867,21873,1,0.6818978841192489,hgb,2026-06-03T16:38:27
MSUMMERVILL-VCL_msummerville,secondary_85_15_85,2023-07-05 21:40:14,145,376,382,1,0.9274617448777865,hgb,2026-06-03T16:38:27
MSUMMERVILL-VCL_msummerville,secondary_85_15_85,2023-10-12 08:01:25,2980,3060,3065,1,0.9630232542838126,hgb,2026-06-03T16:38:27
MSUMMERVILL-VCL_msummerville,secondary_85_15_85,2024-01-11 19:49:06,5327,5353,5357,0,0.31393933044235645,hgb,2026-06-03T16:38:27
MSUMMERVILL-VCL_msummerville,secondary_85_15_85,2024-01-12 12:45:33,5357,5371,5374,0,0.2611137937760726,hgb,2026-06-03T16:38:27
MSUMMERVILL-VCL_msummerville,secondary_85_15_85,2024-01-12 23:11:54,5374,5504,5508,1,0.5450721916884084,hgb,2026-06-03T16:38:27
MSUMMERVILL-VCL_msummerville,secondary_85_15_85,2025-04-30 15:58:22,19469,19545,19550,0,0.6415912147765475,hgb,2026-06-03T16:38:27
MSUMMERVILL-VCL_msummerville,secondary_85_15_85,2025-07-26 20:10:53,21771,21828,21831,1,0.47989261574400943,hgb,2026-06-03T16:38:27
MSUMMERVILL-VCL_msummerville,secondary_85_15_85,2025-07-28 19:11:33,21831,21867,21874,1,0.7134771757911316,hgb,2026-06-03T16:38:27
NATHANP-F4YAYFH_nathanp,primary_80_20_80,2025-03-22 21:06:35,5990,6040,6048,1,0.9717938487488411,hgb,2026-06-03T16:38:27
NATHANP-F4YAYFH_nathanp,secondary_85_15_85,2025-06-29 11:04:32,7913,7924,7932,1,0.9583129860839581,hgb,2026-06-03T16:38:27
NHEIDENFELD-CDY_nheidenfeldt,strict_90_10_90,2024-04-29 16:36:27,380,390,404,1,0.8602948739575189,hgb,2026-06-03T16:38:27
NHEIDENFELD-CDY_nheidenfeldt,primary_80_20_80,2024-04-29 16:36:27,380,389,394,1,0.6982434518605672,hgb,2026-06-03T16:38:27
NHEIDENFELD-CDY_nheidenfeldt,secondary_85_15_85,2024-04-29 16:36:27,380,390,394,1,0.7552763047700837,hgb,2026-06-03T16:38:27
NICOLEX1CG12_nbaker,strict_90_10_90,2024-07-05 17:24:21,911,948,950,1,0.9953156941784701,hgb,2026-06-03T16:38:27
NICOLEX1CG12_nbaker,primary_80_20_80,2024-05-31 21:53:40,282,303,308,1,0.9175756250237406,hgb,2026-06-03T16:38:27
NICOLEX1CG12_nbaker,primary_80_20_80,2024-07-05 17:22:01,910,947,950,1,0.9883352578203578,hgb,2026-06-03T16:38:27
NICOLEX1CG12_nbaker,secondary_85_15_85,2024-06-01 12:45:13,284,304,308,1,0.883491845673688,hgb,2026-06-03T16:38:27
NICOLEX1CG12_nbaker,secondary_85_15_85,2024-07-05 17:22:01,910,948,950,1,0.988650067647177,hgb,2026-06-03T16:38:27
NILE_SVT,primary_80_20_80,2026-03-25 07:54:33,0,16,20,0,0.47022046680255064,hgb,2026-06-03T16:38:27
NILE_SVT,secondary_85_15_85,2026-03-25 09:10:23,1,16,20,0,0.3605249385364165,hgb,2026-06-03T16:38:27
NMARX-PF4DMZPC_nmarx,primary_80_20_80,2023-11-15 11:39:10,816,827,830,1,0.9609120672115128,hgb,2026-06-03T16:38:27
NMCKOY-PF5H0PJZ_nmckoy,strict_90_10_90,2025-09-15 12:16:57,1558,1644,1649,1,0.9942443508925521,hgb,2026-06-03T16:38:27
NMCKOY-PF5H0PJZ_nmckoy,strict_90_10_90,2025-11-06 10:47:32,2533,2547,2551,1,0.9988231271175648,hgb,2026-06-03T16:38:27
NMCKOY-PF5H0PJZ_nmckoy,strict_90_10_90,2025-12-08 12:46:05,2976,2999,3004,1,0.9959863417156333,hgb,2026-06-03T16:38:27
NMCKOY-PF5H0PJZ_nmckoy,strict_90_10_90,2025-12-11 11:09:52,3054,3080,3087,1,0.9964329561991488,hgb,2026-06-03T16:38:27
NMCKOY-PF5H0PJZ_nmckoy,strict_90_10_90,2025-12-22 09:58:48,3236,3258,3262,1,0.9938062595163325,hgb,2026-06-03T16:38:27
NMCKOY-PF5H0PJZ_nmckoy,primary_80_20_80,2025-09-15 08:25:34,1549,1643,1649,1,0.9325381471535035,hgb,2026-06-03T16:38:27
NMCKOY-PF5H0PJZ_nmckoy,primary_80_20_80,2025-10-06 08:48:58,1951,2032,2035,1,0.9537453555209489,hgb,2026-06-03T16:38:27
NMCKOY-PF5H0PJZ_nmckoy,primary_80_20_80,2025-10-09 09:40:58,2035,2062,2070,1,0.9814313483156631,hgb,2026-06-03T16:38:27
NMCKOY-PF5H0PJZ_nmckoy,primary_80_20_80,2025-10-20 09:44:09,2219,2298,2303,1,0.9465428885260257,hgb,2026-06-03T16:38:27
NMCKOY-PF5H0PJZ_nmckoy,primary_80_20_80,2025-10-24 09:13:21,2320,2333,2338,1,0.9965207438933466,hgb,2026-06-03T16:38:27
NMCKOY-PF5H0PJZ_nmckoy,primary_80_20_80,2025-11-06 10:47:32,2533,2545,2551,1,0.9983243523522879,hgb,2026-06-03T16:38:27
NMCKOY-PF5H0PJZ_nmckoy,primary_80_20_80,2025-11-06 19:31:33,2551,2560,2563,1,0.9725545282730993,hgb,2026-06-03T16:38:27
NMCKOY-PF5H0PJZ_nmckoy,primary_80_20_80,2025-12-08 12:46:05,2976,2999,3004,1,0.9959863417156333,hgb,2026-06-03T16:38:27
NMCKOY-PF5H0PJZ_nmckoy,primary_80_20_80,2025-12-09 09:19:15,3004,3011,3015,1,0.9924729303560517,hgb,2026-06-03T16:38:27
NMCKOY-PF5H0PJZ_nmckoy,primary_80_20_80,2025-12-10 08:28:56,3027,3047,3053,1,0.8921732082691853,hgb,2026-06-03T16:38:27
NMCKOY-PF5H0PJZ_nmckoy,primary_80_20_80,2025-12-11 10:39:52,3053,3080,3086,1,0.9422484581193684,hgb,2026-06-03T16:38:27
NMCKOY-PF5H0PJZ_nmckoy,primary_80_20_80,2025-12-16 11:06:49,3126,3147,3154,1,0.9974385693619092,hgb,2026-06-03T16:38:27
NMCKOY-PF5H0PJZ_nmckoy,primary_80_20_80,2025-12-19 08:03:47,3197,3216,3221,1,0.8121467925903632,hgb,2026-06-03T16:38:27
NMCKOY-PF5H0PJZ_nmckoy,primary_80_20_80,2025-12-22 09:58:48,3236,3244,3247,1,0.9854424656855449,hgb,2026-06-03T16:38:27
NMCKOY-PF5H0PJZ_nmckoy,primary_80_20_80,2025-12-22 14:29:01,3247,3257,3261,1,0.8869095616373212,hgb,2026-06-03T16:38:27
NMCKOY-PF5H0PJZ_nmckoy,primary_80_20_80,2026-02-03 10:04:11,3346,3363,3375,1,0.9956656293728134,hgb,2026-06-03T16:38:27
NMCKOY-PF5H0PJZ_nmckoy,primary_80_20_80,2026-02-05 11:16:54,3398,3406,3413,1,0.9967053434553907,hgb,2026-06-03T16:38:27
NMCKOY-PF5H0PJZ_nmckoy,primary_80_20_80,2026-03-13 11:08:48,3812,3821,3824,1,0.6008626683218057,hgb,2026-06-03T16:38:27
NMCKOY-PF5H0PJZ_nmckoy,secondary_85_15_85,2025-09-15 08:25:34,1549,1644,1649,1,0.9298948973097131,hgb,2026-06-03T16:38:27
NMCKOY-PF5H0PJZ_nmckoy,secondary_85_15_85,2025-10-24 09:13:21,2320,2334,2338,1,0.9976949368292802,hgb,2026-06-03T16:38:27
NMCKOY-PF5H0PJZ_nmckoy,secondary_85_15_85,2025-11-06 10:47:32,2533,2546,2551,1,0.9991297818524949,hgb,2026-06-03T16:38:27
NMCKOY-PF5H0PJZ_nmckoy,secondary_85_15_85,2025-12-08 12:46:05,2976,2999,3004,1,0.9959863417156333,hgb,2026-06-03T16:38:27
NMCKOY-PF5H0PJZ_nmckoy,secondary_85_15_85,2025-12-09 09:19:15,3004,3011,3015,1,0.9924729303560517,hgb,2026-06-03T16:38:27
NMCKOY-PF5H0PJZ_nmckoy,secondary_85_15_85,2025-12-10 08:28:56,3027,3047,3054,1,0.9408486469441221,hgb,2026-06-03T16:38:27
NMCKOY-PF5H0PJZ_nmckoy,secondary_85_15_85,2025-12-11 11:09:52,3054,3080,3087,1,0.9964329561991488,hgb,2026-06-03T16:38:27
NMCKOY-PF5H0PJZ_nmckoy,secondary_85_15_85,2025-12-16 11:06:49,3126,3147,3154,1,0.9974385693619092,hgb,2026-06-03T16:38:27
NMCKOY-PF5H0PJZ_nmckoy,secondary_85_15_85,2025-12-22 09:58:48,3236,3258,3262,1,0.9938062595163325,hgb,2026-06-03T16:38:27
NMMILLER-4T259L_nmmiller,strict_90_10_90,2024-06-18 10:58:11,916,922,927,1,0.9536192741989745,hgb,2026-06-03T16:38:27
NMMILLER-4T259L_nmmiller,primary_80_20_80,2024-06-18 10:58:11,916,922,927,1,0.9536192741989745,hgb,2026-06-03T16:38:27
NMMILLER-4T259L_nmmiller,secondary_85_15_85,2024-06-18 10:58:11,916,922,927,1,0.9536192741989745,hgb,2026-06-03T16:38:27
NORITY-PF3C8AE9_nority,primary_80_20_80,2024-01-16 10:23:40,1648,1672,1675,0,0.09306897043923472,hgb,2026-06-03T16:38:27
NPATEL6-F4C403Q_npatel6,strict_90_10_90,2023-06-06 11:49:37,0,23,31,1,0.40103330610387,hgb,2026-06-03T16:38:27
NPATEL6-F4C403Q_npatel6,strict_90_10_90,2023-10-31 22:39:33,2283,2326,2340,1,0.9808554282179357,hgb,2026-06-03T16:38:27
NPATEL6-F4C403Q_npatel6,strict_90_10_90,2023-11-03 00:32:49,2340,2468,2474,1,0.9483221672168538,hgb,2026-06-03T16:38:27
NPATEL6-F4C403Q_npatel6,strict_90_10_90,2023-11-20 09:39:53,2631,2680,2683,1,0.9767656863117672,hgb,2026-06-03T16:38:27
NPATEL6-F4C403Q_npatel6,strict_90_10_90,2024-01-01 19:02:48,3258,3349,3351,1,0.8924914809873736,hgb,2026-06-03T16:38:27
NPATEL6-F4C403Q_npatel6,strict_90_10_90,2024-01-16 04:13:28,3467,3476,3494,1,0.9426591696383804,hgb,2026-06-03T16:38:27
NPATEL6-F4C403Q_npatel6,strict_90_10_90,2024-01-29 11:56:25,3650,3665,3677,1,0.9564393621833892,hgb,2026-06-03T16:38:27
NPATEL6-F4C403Q_npatel6,strict_90_10_90,2024-06-16 09:20:49,5483,5497,5501,1,0.7781227128662584,hgb,2026-06-03T16:38:27
NPATEL6-F4C403Q_npatel6,strict_90_10_90,2024-08-28 11:41:17,6590,6634,6643,1,0.878746364833132,hgb,2026-06-03T16:38:27
NPATEL6-F4C403Q_npatel6,strict_90_10_90,2024-08-30 01:31:29,6643,6664,6668,1,0.9623495548850333,hgb,2026-06-03T16:38:27
NPATEL6-F4C403Q_npatel6,strict_90_10_90,2024-08-31 12:25:00,6668,6695,6718,1,0.8240586857415,hgb,2026-06-03T16:38:27
NPATEL6-F4C403Q_npatel6,strict_90_10_90,2024-09-03 09:38:55,6718,6736,6742,1,0.8173564500711532,hgb,2026-06-03T16:38:27
NPATEL6-F4C403Q_npatel6,strict_90_10_90,2024-09-09 12:10:30,6828,6837,6854,1,0.6713118428071797,hgb,2026-06-03T16:38:27
NPATEL6-F4C403Q_npatel6,strict_90_10_90,2024-09-10 09:12:40,6854,6954,6967,1,0.6471873822150034,hgb,2026-06-03T16:38:27
NPATEL6-F4C403Q_npatel6,strict_90_10_90,2024-09-27 11:01:39,7231,7242,7245,1,0.7176656764688807,hgb,2026-06-03T16:38:27
NPATEL6-F4C403Q_npatel6,strict_90_10_90,2024-09-27 22:18:26,7245,7253,7257,1,0.8258919304504435,hgb,2026-06-03T16:38:27
NPATEL6-F4C403Q_npatel6,strict_90_10_90,2024-11-03 09:16:43,7921,7998,8003,1,0.7503018149266546,hgb,2026-06-03T16:38:27
NPATEL6-F4C403Q_npatel6,strict_90_10_90,2024-11-11 17:33:48,8101,8133,8134,1,0.9293019945860578,hgb,2026-06-03T16:38:27
NPATEL6-F4C403Q_npatel6,strict_90_10_90,2024-11-13 07:55:55,8134,8204,8208,1,0.9243839769592024,hgb,2026-06-03T16:38:27
NPATEL6-F4C403Q_npatel6,strict_90_10_90,2024-12-02 10:19:06,8509,8524,8526,1,0.9889621328664527,hgb,2026-06-03T16:38:27
NPATEL6-F4C403Q_npatel6,strict_90_10_90,2025-04-02 07:19:20,10405,10445,10448,1,0.9073233191901814,hgb,2026-06-03T16:38:27
NPATEL6-F4C403Q_npatel6,strict_90_10_90,2025-04-27 18:03:42,10965,11095,11114,1,0.8163977729476487,hgb,2026-06-03T16:38:27
NPATEL6-F4C403Q_npatel6,strict_90_10_90,2025-05-12 09:27:49,11255,11327,11330,1,0.9785341456379444,hgb,2026-06-03T16:38:27
NPATEL6-F4C403Q_npatel6,strict_90_10_90,2025-09-02 09:39:55,13576,13589,13592,1,0.9874940310301716,hgb,2026-06-03T16:38:27
NPATEL6-F4C403Q_npatel6,strict_90_10_90,2025-09-02 17:03:13,13592,13717,13726,1,0.9782178163444695,hgb,2026-06-03T16:38:27
NPATEL6-F4C403Q_npatel6,strict_90_10_90,2025-09-06 16:15:52,13726,13732,13735,1,0.8055558839121438,hgb,2026-06-03T16:38:27
NPATEL6-F4C403Q_npatel6,strict_90_10_90,2025-09-07 17:04:03,13735,13814,13819,1,0.8879767275111686,hgb,2026-06-03T16:38:27
NPATEL6-F4C403Q_npatel6,primary_80_20_80,2023-06-06 11:49:37,0,21,29,1,0.2319196311658969,hgb,2026-06-03T16:38:27
NPATEL6-F4C403Q_npatel6,primary_80_20_80,2023-06-26 14:28:42,207,214,222,1,0.33838272125125496,hgb,2026-06-03T16:38:27
NPATEL6-F4C403Q_npatel6,primary_80_20_80,2023-07-26 09:59:30,527,538,541,1,0.8035547287771243,hgb,2026-06-03T16:38:27
NPATEL6-F4C403Q_npatel6,primary_80_20_80,2023-07-27 16:02:25,559,577,582,1,0.7825252002258966,hgb,2026-06-03T16:38:27
NPATEL6-F4C403Q_npatel6,primary_80_20_80,2023-07-31 13:58:45,615,658,662,1,0.8755665364745213,hgb,2026-06-03T16:38:27
NPATEL6-F4C403Q_npatel6,primary_80_20_80,2023-08-15 09:42:40,882,902,909,1,0.9648090040177795,hgb,2026-06-03T16:38:27
NPATEL6-F4C403Q_npatel6,primary_80_20_80,2023-08-28 09:26:43,1090,1154,1157,1,0.7283787798651574,hgb,2026-06-03T16:38:27
NPATEL6-F4C403Q_npatel6,primary_80_20_80,2023-10-22 20:17:37,2082,2087,2091,1,0.9572917664765856,hgb,2026-06-03T16:38:27
NPATEL6-F4C403Q_npatel6,primary_80_20_80,2023-10-31 22:00:42,2280,2325,2329,1,0.9337060193560912,hgb,2026-06-03T16:38:27
NPATEL6-F4C403Q_npatel6,primary_80_20_80,2023-11-02 16:44:52,2329,2467,2473,1,0.8841467437369569,hgb,2026-06-03T16:38:27
NPATEL6-F4C403Q_npatel6,primary_80_20_80,2023-11-20 09:39:53,2631,2669,2683,1,0.9639353321694367,hgb,2026-06-03T16:38:27
NPATEL6-F4C403Q_npatel6,primary_80_20_80,2023-11-23 19:25:22,2683,2697,2700,1,0.9008076668924346,hgb,2026-06-03T16:38:27
NPATEL6-F4C403Q_npatel6,primary_80_20_80,2023-11-27 10:02:43,2715,2725,2736,1,0.8577498786186502,hgb,2026-06-03T16:38:27
NPATEL6-F4C403Q_npatel6,primary_80_20_80,2024-01-01 19:02:48,3258,3348,3351,1,0.8360232536043504,hgb,2026-06-03T16:38:27
NPATEL6-F4C403Q_npatel6,primary_80_20_80,2024-01-07 22:32:42,3384,3416,3420,1,0.9664670415765754,hgb,2026-06-03T16:38:27
NPATEL6-F4C403Q_npatel6,primary_80_20_80,2024-01-16 04:13:28,3467,3474,3493,1,0.9412455174006515,hgb,2026-06-03T16:38:27
NPATEL6-F4C403Q_npatel6,primary_80_20_80,2024-01-22 11:02:22,3546,3599,3603,1,0.7815014807060063,hgb,2026-06-03T16:38:27
NPATEL6-F4C403Q_npatel6,primary_80_20_80,2024-01-29 02:14:57,3644,3664,3677,1,0.93590200370425,hgb,2026-06-03T16:38:27
NPATEL6-F4C403Q_npatel6,primary_80_20_80,2024-02-07 14:39:07,3734,3763,3768,1,0.9261108200950637,hgb,2026-06-03T16:38:27
NPATEL6-F4C403Q_npatel6,primary_80_20_80,2024-04-15 10:27:53,4676,4722,4724,1,0.9675244076102912,hgb,2026-06-03T16:38:27
NPATEL6-F4C403Q_npatel6,primary_80_20_80,2024-06-16 09:20:49,5483,5495,5501,1,0.6817126657470016,hgb,2026-06-03T16:38:27
NPATEL6-F4C403Q_npatel6,primary_80_20_80,2024-08-26 12:21:25,6540,6558,6561,1,0.9420946542421793,hgb,2026-06-03T16:38:27
NPATEL6-F4C403Q_npatel6,primary_80_20_80,2024-08-27 10:14:12,6561,6579,6589,1,0.9271396576036647,hgb,2026-06-03T16:38:27
NPATEL6-F4C403Q_npatel6,primary_80_20_80,2024-08-28 11:19:40,6589,6597,6599,1,0.8758555569590832,hgb,2026-06-03T16:38:27
NPATEL6-F4C403Q_npatel6,primary_80_20_80,2024-08-28 17:16:34,6599,6608,6611,1,0.6653073013785047,hgb,2026-06-03T16:38:27
NPATEL6-F4C403Q_npatel6,primary_80_20_80,2024-08-28 23:36:00,6611,6633,6643,1,0.9086118224171436,hgb,2026-06-03T16:38:27
NPATEL6-F4C403Q_npatel6,primary_80_20_80,2024-08-30 01:31:29,6643,6651,6656,1,0.9487513072265,hgb,2026-06-03T16:38:27
NPATEL6-F4C403Q_npatel6,primary_80_20_80,2024-08-30 17:00:53,6656,6663,6667,1,0.6198332716039535,hgb,2026-06-03T16:38:27
NPATEL6-F4C403Q_npatel6,primary_80_20_80,2024-08-31 11:45:42,6667,6676,6680,1,0.6514232230744,hgb,2026-06-03T16:38:27
NPATEL6-F4C403Q_npatel6,primary_80_20_80,2024-09-01 05:12:04,6680,6690,6715,1,0.6977438899100121,hgb,2026-06-03T16:38:27
NPATEL6-F4C403Q_npatel6,primary_80_20_80,2024-09-03 09:08:55,6715,6716,6718,1,0.6034591270443336,hgb,2026-06-03T16:38:27
NPATEL6-F4C403Q_npatel6,primary_80_20_80,2024-09-03 09:38:55,6718,6736,6741,1,0.7788849883745267,hgb,2026-06-03T16:38:27
NPATEL6-F4C403Q_npatel6,primary_80_20_80,2024-09-03 22:45:40,6741,6762,6768,1,0.5821142760446064,hgb,2026-06-03T16:38:27
NPATEL6-F4C403Q_npatel6,primary_80_20_80,2024-09-04 17:15:06,6768,6795,6802,1,0.8524909838911047,hgb,2026-06-03T16:38:27
NPATEL6-F4C403Q_npatel6,primary_80_20_80,2024-09-09 04:15:00,6823,6836,6843,1,0.6017612710776332,hgb,2026-06-03T16:38:27
NPATEL6-F4C403Q_npatel6,primary_80_20_80,2024-09-09 17:36:28,6843,6863,6866,1,0.9536426450630748,hgb,2026-06-03T16:38:27
NPATEL6-F4C403Q_npatel6,primary_80_20_80,2024-09-10 14:22:11,6866,6923,6925,1,0.5748623519291198,hgb,2026-06-03T16:38:27
NPATEL6-F4C403Q_npatel6,primary_80_20_80,2024-09-12 09:19:55,6925,6953,6966,1,0.8629030523505817,hgb,2026-06-03T16:38:27
NPATEL6-F4C403Q_npatel6,primary_80_20_80,2024-09-16 08:35:24,6987,7114,7120,1,0.7378111210238375,hgb,2026-06-03T16:38:27
NPATEL6-F4C403Q_npatel6,primary_80_20_80,2024-09-23 10:46:23,7135,7160,7163,1,0.9707402395108577,hgb,2026-06-03T16:38:27
NPATEL6-F4C403Q_npatel6,primary_80_20_80,2024-09-24 12:58:14,7163,7221,7231,1,0.7245607495903851,hgb,2026-06-03T16:38:27
NPATEL6-F4C403Q_npatel6,primary_80_20_80,2024-09-27 11:01:39,7231,7241,7245,1,0.7024666162386316,hgb,2026-06-03T16:38:27
NPATEL6-F4C403Q_npatel6,primary_80_20_80,2024-09-27 22:18:26,7245,7252,7257,1,0.7985860092034963,hgb,2026-06-03T16:38:27
NPATEL6-F4C403Q_npatel6,primary_80_20_80,2024-09-30 23:40:23,7284,7293,7296,1,0.9162844184706641,hgb,2026-06-03T16:38:27
NPATEL6-F4C403Q_npatel6,primary_80_20_80,2024-11-03 08:46:43,7920,7994,8001,1,0.8042359491660249,hgb,2026-06-03T16:38:27
NPATEL6-F4C403Q_npatel6,primary_80_20_80,2024-11-11 17:17:44,8100,8132,8134,1,0.9371566354997192,hgb,2026-06-03T16:38:27
NPATEL6-F4C403Q_npatel6,primary_80_20_80,2024-11-13 07:55:55,8134,8202,8208,1,0.9246286738399339,hgb,2026-06-03T16:38:27
NPATEL6-F4C403Q_npatel6,primary_80_20_80,2024-11-17 20:49:27,8269,8277,8281,1,0.8856071937555133,hgb,2026-06-03T16:38:27
NPATEL6-F4C403Q_npatel6,primary_80_20_80,2024-11-18 11:37:52,8281,8321,8330,1,0.9639110321256591,hgb,2026-06-03T16:38:27
NPATEL6-F4C403Q_npatel6,primary_80_20_80,2024-11-19 22:39:19,8330,8341,8343,1,0.8424333051992683,hgb,2026-06-03T16:38:27
NPATEL6-F4C403Q_npatel6,primary_80_20_80,2024-11-20 14:01:33,8343,8365,8378,1,0.8392106692726552,hgb,2026-06-03T16:38:27
NPATEL6-F4C403Q_npatel6,primary_80_20_80,2024-11-21 13:05:51,8378,8402,8406,1,0.975172602160834,hgb,2026-06-03T16:38:27
NPATEL6-F4C403Q_npatel6,primary_80_20_80,2024-12-02 09:49:07,8508,8523,8526,1,0.9806136772634575,hgb,2026-06-03T16:38:27
NPATEL6-F4C403Q_npatel6,primary_80_20_80,2024-12-03 09:23:26,8526,8569,8571,1,0.7664281850243748,hgb,2026-06-03T16:38:27
NPATEL6-F4C403Q_npatel6,primary_80_20_80,2024-12-14 19:06:14,8763,8773,8778,1,0.954943469523014,hgb,2026-06-03T16:38:27
NPATEL6-F4C403Q_npatel6,primary_80_20_80,2024-12-15 14:53:28,8778,8786,8790,1,0.9535320909314274,hgb,2026-06-03T16:38:27
NPATEL6-F4C403Q_npatel6,primary_80_20_80,2024-12-15 22:02:47,8790,8871,8875,1,0.969715191420344,hgb,2026-06-03T16:38:27
NPATEL6-F4C403Q_npatel6,primary_80_20_80,2025-01-21 11:01:38,9074,9088,9093,1,0.980210142947917,hgb,2026-06-03T16:38:27
NPATEL6-F4C403Q_npatel6,primary_80_20_80,2025-01-22 08:13:28,9093,9107,9117,1,0.8719218844346605,hgb,2026-06-03T16:38:27
NPATEL6-F4C403Q_npatel6,primary_80_20_80,2025-01-23 04:26:16,9117,9139,9147,1,0.9010019869960966,hgb,2026-06-03T16:38:27
NPATEL6-F4C403Q_npatel6,primary_80_20_80,2025-02-24 20:13:47,9521,9607,9609,1,0.6377399415281624,hgb,2026-06-03T16:38:27
NPATEL6-F4C403Q_npatel6,primary_80_20_80,2025-03-01 09:38:21,9655,9665,9668,1,0.9817268860727266,hgb,2026-06-03T16:38:27
NPATEL6-F4C403Q_npatel6,primary_80_20_80,2025-03-01 15:08:21,9668,9693,9696,1,0.9762388321586521,hgb,2026-06-03T16:38:27
NPATEL6-F4C403Q_npatel6,primary_80_20_80,2025-03-17 14:09:13,10001,10045,10056,1,0.8454194406863941,hgb,2026-06-03T16:38:27
NPATEL6-F4C403Q_npatel6,primary_80_20_80,2025-03-19 12:36:34,10056,10135,10147,1,0.9368080654399392,hgb,2026-06-03T16:38:27
NPATEL6-F4C403Q_npatel6,primary_80_20_80,2025-03-24 13:56:18,10178,10212,10216,1,0.919489887663021,hgb,2026-06-03T16:38:27
NPATEL6-F4C403Q_npatel6,primary_80_20_80,2025-03-25 12:34:45,10216,10322,10325,1,0.8782124770369492,hgb,2026-06-03T16:38:27
NPATEL6-F4C403Q_npatel6,primary_80_20_80,2025-04-02 07:19:20,10405,10444,10447,1,0.9341106378781556,hgb,2026-06-03T16:38:27
NPATEL6-F4C403Q_npatel6,primary_80_20_80,2025-04-27 18:03:42,10965,10978,10985,1,0.7078557367230941,hgb,2026-06-03T16:38:27
NPATEL6-F4C403Q_npatel6,primary_80_20_80,2025-04-28 09:04:02,10985,11093,11098,1,0.7180008526221854,hgb,2026-06-03T16:38:27
NPATEL6-F4C403Q_npatel6,primary_80_20_80,2025-05-12 09:27:49,11255,11326,11330,1,0.9781238541067839,hgb,2026-06-03T16:38:27
NPATEL6-F4C403Q_npatel6,primary_80_20_80,2025-05-27 10:48:18,11415,11436,11443,1,0.933505165756682,hgb,2026-06-03T16:38:27
NPATEL6-F4C403Q_npatel6,primary_80_20_80,2025-06-24 07:55:59,12014,12209,12212,1,0.9303557153682187,hgb,2026-06-03T16:38:27
NPATEL6-F4C403Q_npatel6,primary_80_20_80,2025-07-05 14:08:05,12387,12636,12641,1,0.9229530856897123,hgb,2026-06-03T16:38:27
NPATEL6-F4C403Q_npatel6,primary_80_20_80,2025-09-02 09:39:55,13576,13589,13592,1,0.9874940310301716,hgb,2026-06-03T16:38:27
NPATEL6-F4C403Q_npatel6,primary_80_20_80,2025-09-02 17:03:13,13592,13640,13644,1,0.950071547273462,hgb,2026-06-03T16:38:27
NPATEL6-F4C403Q_npatel6,primary_80_20_80,2025-09-04 09:26:28,13644,13717,13726,1,0.9860490135500714,hgb,2026-06-03T16:38:27
NPATEL6-F4C403Q_npatel6,primary_80_20_80,2025-09-06 16:15:52,13726,13730,13735,1,0.7964510971183909,hgb,2026-06-03T16:38:27
NPATEL6-F4C403Q_npatel6,primary_80_20_80,2025-09-07 17:04:03,13735,13814,13818,1,0.7970309142703675,hgb,2026-06-03T16:38:27
NPATEL6-F4C403Q_npatel6,secondary_85_15_85,2023-06-06 11:49:37,0,22,31,1,0.3873301727491994,hgb,2026-06-03T16:38:27
NPATEL6-F4C403Q_npatel6,secondary_85_15_85,2023-08-15 09:42:40,882,902,909,1,0.9648090040177795,hgb,2026-06-03T16:38:27
NPATEL6-F4C403Q_npatel6,secondary_85_15_85,2023-08-28 09:56:41,1091,1155,1157,1,0.823576987165938,hgb,2026-06-03T16:38:27
NPATEL6-F4C403Q_npatel6,secondary_85_15_85,2023-10-31 22:09:32,2282,2326,2340,1,0.9738411279722637,hgb,2026-06-03T16:38:27
NPATEL6-F4C403Q_npatel6,secondary_85_15_85,2023-11-03 00:32:49,2340,2467,2473,1,0.8885082883987887,hgb,2026-06-03T16:38:27
NPATEL6-F4C403Q_npatel6,secondary_85_15_85,2023-11-20 09:39:53,2631,2679,2683,1,0.955480923942515,hgb,2026-06-03T16:38:27
NPATEL6-F4C403Q_npatel6,secondary_85_15_85,2023-11-23 19:25:22,2683,2697,2701,1,0.9295633862689117,hgb,2026-06-03T16:38:27
NPATEL6-F4C403Q_npatel6,secondary_85_15_85,2024-01-01 19:02:48,3258,3349,3351,1,0.9003288697980739,hgb,2026-06-03T16:38:27
NPATEL6-F4C403Q_npatel6,secondary_85_15_85,2024-01-07 22:32:42,3384,3416,3420,1,0.9664670415765754,hgb,2026-06-03T16:38:27
NPATEL6-F4C403Q_npatel6,secondary_85_15_85,2024-01-16 04:13:28,3467,3476,3493,1,0.9451867524211277,hgb,2026-06-03T16:38:27
NPATEL6-F4C403Q_npatel6,secondary_85_15_85,2024-01-29 11:56:25,3650,3664,3677,1,0.9494126070302907,hgb,2026-06-03T16:38:27
NPATEL6-F4C403Q_npatel6,secondary_85_15_85,2024-06-16 09:20:49,5483,5497,5501,1,0.7923578464518101,hgb,2026-06-03T16:38:27
NPATEL6-F4C403Q_npatel6,secondary_85_15_85,2024-08-26 13:10:16,6543,6581,6590,1,0.8138971205960465,hgb,2026-06-03T16:38:27
NPATEL6-F4C403Q_npatel6,secondary_85_15_85,2024-08-28 11:41:17,6590,6633,6643,1,0.874614879477511,hgb,2026-06-03T16:38:27
NPATEL6-F4C403Q_npatel6,secondary_85_15_85,2024-08-30 01:31:29,6643,6663,6668,1,0.9566464878082755,hgb,2026-06-03T16:38:27
NPATEL6-F4C403Q_npatel6,secondary_85_15_85,2024-08-31 12:25:00,6668,6677,6680,1,0.6972481774046937,hgb,2026-06-03T16:38:27
NPATEL6-F4C403Q_npatel6,secondary_85_15_85,2024-09-01 05:12:04,6680,6695,6718,1,0.8155711039410487,hgb,2026-06-03T16:38:27
NPATEL6-F4C403Q_npatel6,secondary_85_15_85,2024-09-03 09:38:55,6718,6736,6741,1,0.7788849883745267,hgb,2026-06-03T16:38:27
NPATEL6-F4C403Q_npatel6,secondary_85_15_85,2024-09-03 22:45:40,6741,6796,6802,1,0.5834547358136706,hgb,2026-06-03T16:38:27
NPATEL6-F4C403Q_npatel6,secondary_85_15_85,2024-09-09 04:15:00,6823,6836,6843,1,0.6017612710776332,hgb,2026-06-03T16:38:27
NPATEL6-F4C403Q_npatel6,secondary_85_15_85,2024-09-09 17:36:28,6843,6863,6866,1,0.9536426450630748,hgb,2026-06-03T16:38:27
NPATEL6-F4C403Q_npatel6,secondary_85_15_85,2024-09-10 14:22:11,6866,6953,6967,1,0.6503625329857283,hgb,2026-06-03T16:38:27
NPATEL6-F4C403Q_npatel6,secondary_85_15_85,2024-09-16 08:35:24,6987,7115,7120,1,0.7695740162758943,hgb,2026-06-03T16:38:27
NPATEL6-F4C403Q_npatel6,secondary_85_15_85,2024-09-27 11:01:39,7231,7242,7245,1,0.734455910349248,hgb,2026-06-03T16:38:27
NPATEL6-F4C403Q_npatel6,secondary_85_15_85,2024-09-27 22:18:26,7245,7252,7257,1,0.7985860092034963,hgb,2026-06-03T16:38:27
NPATEL6-F4C403Q_npatel6,secondary_85_15_85,2024-11-03 08:46:43,7920,7994,8001,1,0.8042359491660249,hgb,2026-06-03T16:38:27
NPATEL6-F4C403Q_npatel6,secondary_85_15_85,2024-11-11 17:17:44,8100,8132,8134,1,0.9371566354997192,hgb,2026-06-03T16:38:27
NPATEL6-F4C403Q_npatel6,secondary_85_15_85,2024-11-13 07:55:55,8134,8204,8208,1,0.9300785451181149,hgb,2026-06-03T16:38:27
NPATEL6-F4C403Q_npatel6,secondary_85_15_85,2024-11-18 11:37:52,8281,8323,8330,1,0.9639110321256591,hgb,2026-06-03T16:38:27
NPATEL6-F4C403Q_npatel6,secondary_85_15_85,2024-12-02 10:19:06,8509,8523,8526,1,0.9880745210823231,hgb,2026-06-03T16:38:27
NPATEL6-F4C403Q_npatel6,secondary_85_15_85,2024-12-14 19:06:14,8763,8773,8778,1,0.954943469523014,hgb,2026-06-03T16:38:27
NPATEL6-F4C403Q_npatel6,secondary_85_15_85,2024-12-15 14:53:28,8778,8787,8790,1,0.9535320909314274,hgb,2026-06-03T16:38:27
NPATEL6-F4C403Q_npatel6,secondary_85_15_85,2024-12-15 22:02:47,8790,8872,8875,1,0.9702783970041728,hgb,2026-06-03T16:38:27
NPATEL6-F4C403Q_npatel6,secondary_85_15_85,2025-01-21 11:01:38,9074,9088,9093,1,0.980210142947917,hgb,2026-06-03T16:38:27
NPATEL6-F4C403Q_npatel6,secondary_85_15_85,2025-01-22 08:13:28,9093,9108,9117,1,0.8836162514845511,hgb,2026-06-03T16:38:27
NPATEL6-F4C403Q_npatel6,secondary_85_15_85,2025-03-24 13:56:18,10178,10212,10216,1,0.919489887663021,hgb,2026-06-03T16:38:27
NPATEL6-F4C403Q_npatel6,secondary_85_15_85,2025-03-25 12:34:45,10216,10322,10325,1,0.8782124770369492,hgb,2026-06-03T16:38:27
NPATEL6-F4C403Q_npatel6,secondary_85_15_85,2025-04-02 07:19:20,10405,10444,10447,1,0.9341106378781556,hgb,2026-06-03T16:38:27
NPATEL6-F4C403Q_npatel6,secondary_85_15_85,2025-04-27 18:03:42,10965,11095,11098,1,0.5361626239308529,hgb,2026-06-03T16:38:27
NPATEL6-F4C403Q_npatel6,secondary_85_15_85,2025-05-12 09:27:49,11255,11327,11330,1,0.9785341456379444,hgb,2026-06-03T16:38:27
NPATEL6-F4C403Q_npatel6,secondary_85_15_85,2025-05-27 10:48:18,11415,11436,11443,1,0.933505165756682,hgb,2026-06-03T16:38:27
NPATEL6-F4C403Q_npatel6,secondary_85_15_85,2025-09-02 09:39:55,13576,13589,13592,1,0.9874940310301716,hgb,2026-06-03T16:38:27
NPATEL6-F4C403Q_npatel6,secondary_85_15_85,2025-09-02 17:03:13,13592,13717,13726,1,0.979946163460534,hgb,2026-06-03T16:38:27
NPATEL6-F4C403Q_npatel6,secondary_85_15_85,2025-09-06 16:15:52,13726,13732,13735,1,0.8184416385916401,hgb,2026-06-03T16:38:27
NPATEL6-F4C403Q_npatel6,secondary_85_15_85,2025-09-07 17:04:03,13735,13814,13818,1,0.7970309142703675,hgb,2026-06-03T16:38:27
OALI-PF5TMH9T_oali,primary_80_20_80,2025-11-24 03:32:45,1187,1234,1238,1,0.8353861794423217,hgb,2026-06-03T16:38:27
OALI-PF5TMH9T_oali,secondary_85_15_85,2025-11-24 03:32:45,1187,1236,1238,1,0.8968108881134218,hgb,2026-06-03T16:38:27
PCHEN23-F5FSWCG_pchen23,strict_90_10_90,2025-06-03 10:23:01,97,104,109,1,0.7967357413868211,hgb,2026-06-03T16:38:27
PCHEN23-F5FSWCG_pchen23,primary_80_20_80,2025-06-03 10:23:01,97,103,108,1,0.7535945924319588,hgb,2026-06-03T16:38:27
PCHEN23-F5FSWCG_pchen23,primary_80_20_80,2025-07-22 10:32:23,370,379,380,1,0.9697855941368462,hgb,2026-06-03T16:38:27
PCHEN23-F5FSWCG_pchen23,secondary_85_15_85,2025-06-03 10:23:01,97,103,109,1,0.7421339317510874,hgb,2026-06-03T16:38:27
PCHEN23-W0ABC67_pchen23,strict_90_10_90,2024-04-10 18:21:27,11,54,76,0,0.907028298898706,hgb,2026-06-03T16:38:27
PCHEN23-W0ABC67_pchen23,primary_80_20_80,2024-04-10 11:48:36,0,50,73,0,0.8178707960612115,hgb,2026-06-03T16:38:27
PCHEN23-W0ABC67_pchen23,primary_80_20_80,2024-04-15 10:14:48,115,134,135,1,0.5149718573639239,hgb,2026-06-03T16:38:27
PCHEN23-W0ABC67_pchen23,secondary_85_15_85,2024-04-10 11:48:36,0,52,74,0,0.8459274903841854,hgb,2026-06-03T16:38:27
PETER_pchen23,primary_80_20_80,2026-01-14 15:15:47,5,38,50,0,0.8357126477387531,hgb,2026-06-03T16:38:27
PHIL_pjjakes,primary_80_20_80,2025-03-14 13:57:35,690,745,747,1,0.9640247633135032,hgb,2026-06-03T16:38:27
PJJAKES-F3SKNHW_pjjakes,primary_80_20_80,2023-09-28 08:19:38,0,15,19,0,0.6884793310857049,hgb,2026-06-03T16:38:27
PJJAKES-F3SKNHW_pjjakes,primary_80_20_80,2024-01-17 12:12:00,1475,1506,1508,0,0.8425564264438251,hgb,2026-06-03T16:38:27
PJJAKES-F3SKNHW_pjjakes,primary_80_20_80,2024-03-02 08:44:34,2055,2067,2070,1,0.6257599071776657,hgb,2026-06-03T16:38:27
PJJAKES-F3SKNHW_pjjakes,secondary_85_15_85,2024-01-17 12:42:00,1476,1507,1508,0,0.8354091633304006,hgb,2026-06-03T16:38:27
PJJAKES-F4QW4SK_pjjakes,strict_90_10_90,2024-03-18 08:49:53,90,127,132,1,0.9663386448489057,hgb,2026-06-03T16:38:27
PJJAKES-F4QW4SK_pjjakes,strict_90_10_90,2024-03-19 14:39:52,132,165,172,1,0.9715590446225367,hgb,2026-06-03T16:38:27
PJJAKES-F4QW4SK_pjjakes,strict_90_10_90,2024-04-22 07:29:59,933,947,956,1,0.9983257061374541,hgb,2026-06-03T16:38:27
PJJAKES-F4QW4SK_pjjakes,strict_90_10_90,2024-05-05 08:40:25,1201,1225,1234,1,0.9283209839308579,hgb,2026-06-03T16:38:27
PJJAKES-F4QW4SK_pjjakes,strict_90_10_90,2024-05-06 13:06:15,1234,1300,1308,1,0.9937679094928563,hgb,2026-06-03T16:38:27
PJJAKES-F4QW4SK_pjjakes,strict_90_10_90,2024-05-19 14:49:10,1529,1632,1637,1,0.9784301546007927,hgb,2026-06-03T16:38:27
PJJAKES-F4QW4SK_pjjakes,strict_90_10_90,2024-05-22 20:35:23,1637,1661,1668,1,0.9780998218609299,hgb,2026-06-03T16:38:27
PJJAKES-F4QW4SK_pjjakes,primary_80_20_80,2024-03-18 08:49:53,90,122,132,1,0.9186571326410242,hgb,2026-06-03T16:38:27
PJJAKES-F4QW4SK_pjjakes,primary_80_20_80,2024-03-19 14:39:52,132,161,172,1,0.9632434292745851,hgb,2026-06-03T16:38:27
PJJAKES-F4QW4SK_pjjakes,primary_80_20_80,2024-04-15 15:26:09,797,832,839,1,0.982123381525906,hgb,2026-06-03T16:38:27
PJJAKES-F4QW4SK_pjjakes,primary_80_20_80,2024-04-16 21:07:10,839,852,860,1,0.9839476696628627,hgb,2026-06-03T16:38:27
PJJAKES-F4QW4SK_pjjakes,primary_80_20_80,2024-04-17 12:56:30,860,912,918,1,0.9816303347817831,hgb,2026-06-03T16:38:27
PJJAKES-F4QW4SK_pjjakes,primary_80_20_80,2024-04-22 07:29:59,933,946,948,1,0.9567076083849565,hgb,2026-06-03T16:38:27
PJJAKES-F4QW4SK_pjjakes,primary_80_20_80,2024-04-30 13:48:28,1117,1169,1186,1,0.9692741262464268,hgb,2026-06-03T16:38:27
PJJAKES-F4QW4SK_pjjakes,primary_80_20_80,2024-05-05 08:40:25,1201,1224,1232,1,0.9068219947931602,hgb,2026-06-03T16:38:27
PJJAKES-F4QW4SK_pjjakes,primary_80_20_80,2024-05-06 12:31:53,1232,1291,1308,1,0.9527269302795984,hgb,2026-06-03T16:38:27
PJJAKES-F4QW4SK_pjjakes,primary_80_20_80,2024-05-13 21:58:12,1410,1505,1508,1,0.9506095364549785,hgb,2026-06-03T16:38:27
PJJAKES-F4QW4SK_pjjakes,primary_80_20_80,2024-05-19 14:49:10,1529,1545,1548,1,0.9217654853008216,hgb,2026-06-03T16:38:27
PJJAKES-F4QW4SK_pjjakes,primary_80_20_80,2024-05-20 13:34:24,1548,1613,1617,1,0.9460979197205052,hgb,2026-06-03T16:38:27
PJJAKES-F4QW4SK_pjjakes,primary_80_20_80,2024-05-22 13:26:50,1617,1632,1637,1,0.9935504626742561,hgb,2026-06-03T16:38:27
PJJAKES-F4QW4SK_pjjakes,primary_80_20_80,2024-05-22 20:35:23,1637,1658,1668,1,0.979837338488528,hgb,2026-06-03T16:38:27
PJJAKES-F4QW4SK_pjjakes,primary_80_20_80,2024-05-27 17:24:39,1703,1743,1749,1,0.9634062701740015,hgb,2026-06-03T16:38:27
PJJAKES-F4QW4SK_pjjakes,primary_80_20_80,2024-08-19 19:55:14,3169,3221,3223,1,0.8695207835568788,hgb,2026-06-03T16:38:27
PJJAKES-F4QW4SK_pjjakes,secondary_85_15_85,2024-03-18 08:49:53,90,124,132,1,0.9276064845280846,hgb,2026-06-03T16:38:27
PJJAKES-F4QW4SK_pjjakes,secondary_85_15_85,2024-03-19 14:39:52,132,163,172,1,0.9674611405606489,hgb,2026-06-03T16:38:27
PJJAKES-F4QW4SK_pjjakes,secondary_85_15_85,2024-04-15 15:26:09,797,913,919,1,0.9954207357259321,hgb,2026-06-03T16:38:27
PJJAKES-F4QW4SK_pjjakes,secondary_85_15_85,2024-04-22 07:29:59,933,946,948,1,0.9567076083849565,hgb,2026-06-03T16:38:27
PJJAKES-F4QW4SK_pjjakes,secondary_85_15_85,2024-05-05 08:40:25,1201,1224,1232,1,0.9068219947931602,hgb,2026-06-03T16:38:27
PJJAKES-F4QW4SK_pjjakes,secondary_85_15_85,2024-05-06 12:31:53,1232,1300,1308,1,0.971757413115275,hgb,2026-06-03T16:38:27
PJJAKES-F4QW4SK_pjjakes,secondary_85_15_85,2024-05-14 08:22:44,1419,1506,1508,1,0.9695922115667182,hgb,2026-06-03T16:38:27
PJJAKES-F4QW4SK_pjjakes,secondary_85_15_85,2024-05-19 14:49:10,1529,1614,1618,1,0.9439007772287997,hgb,2026-06-03T16:38:27
PJJAKES-F4QW4SK_pjjakes,secondary_85_15_85,2024-05-22 13:38:43,1618,1632,1637,1,0.9971037656947619,hgb,2026-06-03T16:38:27
PJJAKES-F4QW4SK_pjjakes,secondary_85_15_85,2024-05-22 20:35:23,1637,1658,1668,1,0.979837338488528,hgb,2026-06-03T16:38:27
PJJAKES-F4QW4SK_pjjakes,secondary_85_15_85,2024-05-27 17:54:39,1704,1743,1749,1,0.9909283000075207,hgb,2026-06-03T16:38:27
PJJAKES-F5HTSDQ_pjjakes,primary_80_20_80,2025-05-27 13:12:32,0,13,17,1,0.8850245940170822,hgb,2026-06-03T16:38:27
PJJAKES-F5HTSDQ_pjjakes,primary_80_20_80,2025-08-30 15:04:48,1707,1714,1717,1,0.9262829388733455,hgb,2026-06-03T16:38:27
PJJAKES-F5HTSDQ_pjjakes,primary_80_20_80,2025-08-31 15:46:51,1717,1726,1727,1,0.9472507908301165,hgb,2026-06-03T16:38:27
PJJAKES-F5HTSDQ_pjjakes,primary_80_20_80,2025-09-01 09:21:00,1727,1740,1743,1,0.9745303097640582,hgb,2026-06-03T16:38:27
PJJAKES-F5HTSDQ_pjjakes,primary_80_20_80,2025-09-02 12:06:05,1743,1783,1786,1,0.9653249594756391,hgb,2026-06-03T16:38:27
PJJAKES-F5HTSDQ_pjjakes,primary_80_20_80,2025-09-15 09:56:46,1955,1973,1981,1,0.9946330373856553,hgb,2026-06-03T16:38:27
PJJAKES-F5HTSDQ_pjjakes,primary_80_20_80,2025-09-16 08:49:33,1981,2008,2014,1,0.9754357539887173,hgb,2026-06-03T16:38:27
PJJAKES-F5HTSDQ_pjjakes,secondary_85_15_85,2025-08-30 15:57:28,1708,1740,1743,1,0.9926310753557206,hgb,2026-06-03T16:38:27
PJJAKES-F5HTSDQ_pjjakes,secondary_85_15_85,2025-09-02 12:06:05,1743,1784,1786,1,0.9677063700521847,hgb,2026-06-03T16:38:27
PJJAKES-F5HTSDQ_pjjakes,secondary_85_15_85,2025-09-15 09:56:46,1955,2008,2014,1,0.9968422097110249,hgb,2026-06-03T16:38:27
PMCINNIS-09S0XG_pmcinnis,strict_90_10_90,2024-03-04 14:39:10,191,263,282,1,0.88290780887444,hgb,2026-06-03T16:38:27
PMCINNIS-09S0XG_pmcinnis,strict_90_10_90,2024-03-11 09:34:35,354,377,386,1,0.970248391588771,hgb,2026-06-03T16:38:27
PMCINNIS-09S0XG_pmcinnis,strict_90_10_90,2024-03-19 15:26:36,549,592,636,1,0.9922653406174399,hgb,2026-06-03T16:38:27
PMCINNIS-09S0XG_pmcinnis,strict_90_10_90,2024-04-11 10:25:21,1130,1149,1155,1,0.995558899099956,hgb,2026-06-03T16:38:27
PMCINNIS-09S0XG_pmcinnis,strict_90_10_90,2024-04-11 23:16:08,1155,1176,1184,1,0.998231896636222,hgb,2026-06-03T16:38:27
PMCINNIS-09S0XG_pmcinnis,strict_90_10_90,2024-04-26 13:01:00,1528,1539,1545,1,0.9959769292573963,hgb,2026-06-03T16:38:27
PMCINNIS-09S0XG_pmcinnis,strict_90_10_90,2024-04-30 16:44:56,1613,1630,1643,1,0.9826673570666068,hgb,2026-06-03T16:38:27
PMCINNIS-09S0XG_pmcinnis,strict_90_10_90,2024-05-06 15:31:59,1740,1829,1852,1,0.9842018790006339,hgb,2026-06-03T16:38:27
PMCINNIS-09S0XG_pmcinnis,strict_90_10_90,2024-05-13 11:07:00,1903,1940,1952,1,0.9809844869364217,hgb,2026-06-03T16:38:27
PMCINNIS-09S0XG_pmcinnis,strict_90_10_90,2024-05-14 16:56:30,1952,1974,1980,1,0.9931695174614781,hgb,2026-06-03T16:38:27
PMCINNIS-09S0XG_pmcinnis,strict_90_10_90,2024-05-15 22:35:32,1980,1992,2014,1,0.9843525912713702,hgb,2026-06-03T16:38:27
PMCINNIS-09S0XG_pmcinnis,strict_90_10_90,2024-05-20 11:03:27,2054,2141,2164,1,0.9918022593538407,hgb,2026-06-03T16:38:27
PMCINNIS-09S0XG_pmcinnis,strict_90_10_90,2024-05-23 14:15:52,2164,2184,2208,1,0.993192209942072,hgb,2026-06-03T16:38:27
PMCINNIS-09S0XG_pmcinnis,strict_90_10_90,2024-06-10 12:22:47,2575,2603,2638,1,0.9819409117089476,hgb,2026-06-03T16:38:27
PMCINNIS-09S0XG_pmcinnis,strict_90_10_90,2024-06-24 22:06:07,2911,3016,3031,1,0.994453247316427,hgb,2026-06-03T16:38:27
PMCINNIS-09S0XG_pmcinnis,strict_90_10_90,2024-07-15 14:59:29,3146,3277,3285,1,0.9850773587162027,hgb,2026-06-03T16:38:27
PMCINNIS-09S0XG_pmcinnis,strict_90_10_90,2024-07-29 09:46:27,3451,3487,3495,1,0.9879199312436769,hgb,2026-06-03T16:38:27
PMCINNIS-09S0XG_pmcinnis,strict_90_10_90,2024-07-30 13:06:43,3495,3551,3558,1,0.9930478675848657,hgb,2026-06-03T16:38:27
PMCINNIS-09S0XG_pmcinnis,strict_90_10_90,2024-08-01 11:56:54,3558,3585,3596,1,0.9961132234244187,hgb,2026-06-03T16:38:27
PMCINNIS-09S0XG_pmcinnis,strict_90_10_90,2024-08-05 09:35:20,3655,3686,3692,1,0.9811281304446503,hgb,2026-06-03T16:38:27
PMCINNIS-09S0XG_pmcinnis,strict_90_10_90,2024-08-06 09:50:44,3692,3772,3778,1,0.9973737785774914,hgb,2026-06-03T16:38:27
PMCINNIS-09S0XG_pmcinnis,strict_90_10_90,2024-08-13 10:04:41,3864,3962,3968,1,0.9874339873418259,hgb,2026-06-03T16:38:27
PMCINNIS-09S0XG_pmcinnis,strict_90_10_90,2024-08-18 11:58:39,3983,4005,4010,1,0.9848479989883185,hgb,2026-06-03T16:38:27
PMCINNIS-09S0XG_pmcinnis,strict_90_10_90,2024-08-22 13:29:14,4043,4060,4062,1,0.9996020932644281,hgb,2026-06-03T16:38:27
PMCINNIS-09S0XG_pmcinnis,strict_90_10_90,2024-08-23 07:28:18,4062,4089,4092,1,0.9938769879186633,hgb,2026-06-03T16:38:27
PMCINNIS-09S0XG_pmcinnis,strict_90_10_90,2024-08-27 17:18:36,4159,4213,4233,1,0.9944067923060913,hgb,2026-06-03T16:38:27
PMCINNIS-09S0XG_pmcinnis,strict_90_10_90,2024-08-29 14:55:49,4233,4496,4510,1,0.9786511580615016,hgb,2026-06-03T16:38:27
PMCINNIS-09S0XG_pmcinnis,strict_90_10_90,2024-09-04 19:10:05,4510,4550,4563,1,0.9895557193283241,hgb,2026-06-03T16:38:27
PMCINNIS-09S0XG_pmcinnis,strict_90_10_90,2024-09-05 17:32:38,4563,4572,4579,1,0.988555692297754,hgb,2026-06-03T16:38:27
PMCINNIS-09S0XG_pmcinnis,strict_90_10_90,2024-09-09 09:45:36,4616,4649,4667,1,0.9915147153631778,hgb,2026-06-03T16:38:27
PMCINNIS-09S0XG_pmcinnis,strict_90_10_90,2024-09-11 01:47:58,4667,4679,4686,1,0.9890348750836734,hgb,2026-06-03T16:38:27
PMCINNIS-09S0XG_pmcinnis,primary_80_20_80,2024-03-04 14:09:10,190,215,218,1,0.9138678140990734,hgb,2026-06-03T16:38:27
PMCINNIS-09S0XG_pmcinnis,primary_80_20_80,2024-03-05 12:08:45,218,237,240,1,0.8904768141651185,hgb,2026-06-03T16:38:27
PMCINNIS-09S0XG_pmcinnis,primary_80_20_80,2024-03-06 09:26:55,240,261,281,1,0.8155944640230338,hgb,2026-06-03T16:38:27
PMCINNIS-09S0XG_pmcinnis,primary_80_20_80,2024-03-07 11:38:36,281,301,321,1,0.9935848290644749,hgb,2026-06-03T16:38:27
PMCINNIS-09S0XG_pmcinnis,primary_80_20_80,2024-03-11 09:34:35,354,376,385,1,0.9552622826747106,hgb,2026-06-03T16:38:27
PMCINNIS-09S0XG_pmcinnis,primary_80_20_80,2024-03-19 15:26:36,549,584,636,1,0.9910901034542493,hgb,2026-06-03T16:38:27
PMCINNIS-09S0XG_pmcinnis,primary_80_20_80,2024-03-26 07:21:15,721,761,767,1,0.9476142379258642,hgb,2026-06-03T16:38:27
PMCINNIS-09S0XG_pmcinnis,primary_80_20_80,2024-03-27 12:13:12,767,780,794,1,0.9965194685001014,hgb,2026-06-03T16:38:27
PMCINNIS-09S0XG_pmcinnis,primary_80_20_80,2024-03-28 11:42:32,794,820,824,1,0.991589159031123,hgb,2026-06-03T16:38:27
PMCINNIS-09S0XG_pmcinnis,primary_80_20_80,2024-04-02 15:08:05,897,910,918,1,0.9250975730746697,hgb,2026-06-03T16:38:27
PMCINNIS-09S0XG_pmcinnis,primary_80_20_80,2024-04-03 10:45:47,918,932,945,1,0.9760512634821437,hgb,2026-06-03T16:38:27
PMCINNIS-09S0XG_pmcinnis,primary_80_20_80,2024-04-08 19:14:36,1033,1069,1129,1,0.9707888634161078,hgb,2026-06-03T16:38:27
PMCINNIS-09S0XG_pmcinnis,primary_80_20_80,2024-04-11 09:55:22,1129,1145,1154,1,0.9974386241802713,hgb,2026-06-03T16:38:27
PMCINNIS-09S0XG_pmcinnis,primary_80_20_80,2024-04-11 23:09:20,1154,1175,1184,1,0.9965109896150687,hgb,2026-06-03T16:38:27
PMCINNIS-09S0XG_pmcinnis,primary_80_20_80,2024-04-13 05:08:33,1184,1195,1199,1,0.9961930085715058,hgb,2026-06-03T16:38:27
PMCINNIS-09S0XG_pmcinnis,primary_80_20_80,2024-04-16 10:21:10,1251,1308,1315,1,0.9772454300251451,hgb,2026-06-03T16:38:27
PMCINNIS-09S0XG_pmcinnis,primary_80_20_80,2024-04-23 00:30:57,1422,1438,1526,1,0.9920659588251892,hgb,2026-06-03T16:38:27
PMCINNIS-09S0XG_pmcinnis,primary_80_20_80,2024-04-26 12:26:12,1526,1538,1545,1,0.9669299045274768,hgb,2026-06-03T16:38:27
PMCINNIS-09S0XG_pmcinnis,primary_80_20_80,2024-04-30 16:14:56,1612,1629,1642,1,0.9816605782359551,hgb,2026-06-03T16:38:27
PMCINNIS-09S0XG_pmcinnis,primary_80_20_80,2024-05-01 11:29:04,1642,1660,1666,1,0.9704418153107164,hgb,2026-06-03T16:38:27
PMCINNIS-09S0XG_pmcinnis,primary_80_20_80,2024-05-06 15:31:59,1740,1760,1769,1,0.9905798911840534,hgb,2026-06-03T16:38:27
PMCINNIS-09S0XG_pmcinnis,primary_80_20_80,2024-05-07 10:18:39,1769,1782,1789,1,0.9810007693423094,hgb,2026-06-03T16:38:27
PMCINNIS-09S0XG_pmcinnis,primary_80_20_80,2024-05-07 18:18:38,1789,1798,1815,1,0.9933794779157771,hgb,2026-06-03T16:38:27
PMCINNIS-09S0XG_pmcinnis,primary_80_20_80,2024-05-08 16:18:03,1815,1828,1852,1,0.992257711968864,hgb,2026-06-03T16:38:27
PMCINNIS-09S0XG_pmcinnis,primary_80_20_80,2024-05-13 10:37:00,1902,1930,1952,1,0.9762004841524791,hgb,2026-06-03T16:38:27
PMCINNIS-09S0XG_pmcinnis,primary_80_20_80,2024-05-14 16:56:30,1952,1973,1980,1,0.991826665900401,hgb,2026-06-03T16:38:27
PMCINNIS-09S0XG_pmcinnis,primary_80_20_80,2024-05-15 22:35:32,1980,1991,2013,1,0.978176389866535,hgb,2026-06-03T16:38:27
PMCINNIS-09S0XG_pmcinnis,primary_80_20_80,2024-05-16 18:07:44,2013,2027,2037,1,0.9806365846220501,hgb,2026-06-03T16:38:27
PMCINNIS-09S0XG_pmcinnis,primary_80_20_80,2024-05-20 10:33:27,2053,2086,2122,1,0.9726505647653814,hgb,2026-06-03T16:38:27
PMCINNIS-09S0XG_pmcinnis,primary_80_20_80,2024-05-22 13:34:53,2122,2140,2164,1,0.9776427718453126,hgb,2026-06-03T16:38:27
PMCINNIS-09S0XG_pmcinnis,primary_80_20_80,2024-05-23 14:15:52,2164,2183,2208,1,0.9918537830594718,hgb,2026-06-03T16:38:27
PMCINNIS-09S0XG_pmcinnis,primary_80_20_80,2024-05-29 08:23:44,2250,2266,2282,1,0.9965596804878418,hgb,2026-06-03T16:38:27
PMCINNIS-09S0XG_pmcinnis,primary_80_20_80,2024-05-29 22:02:43,2282,2298,2302,1,0.9918197441991116,hgb,2026-06-03T16:38:27
PMCINNIS-09S0XG_pmcinnis,primary_80_20_80,2024-06-04 13:17:50,2398,2422,2444,1,0.9905629185786636,hgb,2026-06-03T16:38:27
PMCINNIS-09S0XG_pmcinnis,primary_80_20_80,2024-06-05 16:32:33,2444,2458,2469,1,0.9947266636504574,hgb,2026-06-03T16:38:27
PMCINNIS-09S0XG_pmcinnis,primary_80_20_80,2024-06-06 12:03:27,2469,2481,2489,1,0.9983291262974034,hgb,2026-06-03T16:38:27
PMCINNIS-09S0XG_pmcinnis,primary_80_20_80,2024-06-06 21:47:17,2489,2503,2513,1,0.9636734141210839,hgb,2026-06-03T16:38:27
PMCINNIS-09S0XG_pmcinnis,primary_80_20_80,2024-06-10 11:52:47,2574,2603,2635,1,0.9925943828061108,hgb,2026-06-03T16:38:27
PMCINNIS-09S0XG_pmcinnis,primary_80_20_80,2024-06-11 23:28:00,2635,2659,2665,1,0.9862785078274606,hgb,2026-06-03T16:38:27
PMCINNIS-09S0XG_pmcinnis,primary_80_20_80,2024-06-19 23:43:38,2805,2822,2825,1,0.9947196568633764,hgb,2026-06-03T16:38:27
PMCINNIS-09S0XG_pmcinnis,primary_80_20_80,2024-06-20 14:40:00,2825,2845,2849,1,0.9940988313595805,hgb,2026-06-03T16:38:27
PMCINNIS-09S0XG_pmcinnis,primary_80_20_80,2024-06-24 16:43:19,2899,2923,2932,1,0.9959156494571673,hgb,2026-06-03T16:38:27
PMCINNIS-09S0XG_pmcinnis,primary_80_20_80,2024-06-25 16:40:34,2932,3015,3030,1,0.9871176658413825,hgb,2026-06-03T16:38:27
PMCINNIS-09S0XG_pmcinnis,primary_80_20_80,2024-07-12 07:06:35,3054,3102,3105,1,0.9865467959080553,hgb,2026-06-03T16:38:27
PMCINNIS-09S0XG_pmcinnis,primary_80_20_80,2024-07-15 09:29:29,3133,3167,3172,1,0.963656496322488,hgb,2026-06-03T16:38:27
PMCINNIS-09S0XG_pmcinnis,primary_80_20_80,2024-07-16 09:52:37,3172,3229,3231,1,0.9930394392209613,hgb,2026-06-03T16:38:27
PMCINNIS-09S0XG_pmcinnis,primary_80_20_80,2024-07-18 07:12:38,3231,3242,3254,1,0.9960345101934497,hgb,2026-06-03T16:38:27
PMCINNIS-09S0XG_pmcinnis,primary_80_20_80,2024-07-18 17:29:52,3254,3267,3285,1,0.9757754833718946,hgb,2026-06-03T16:38:27
PMCINNIS-09S0XG_pmcinnis,primary_80_20_80,2024-07-24 11:19:40,3366,3395,3398,1,0.9674835311748796,hgb,2026-06-03T16:38:27
PMCINNIS-09S0XG_pmcinnis,primary_80_20_80,2024-07-25 17:33:21,3398,3416,3424,1,0.9935670867624239,hgb,2026-06-03T16:38:27
PMCINNIS-09S0XG_pmcinnis,primary_80_20_80,2024-07-29 09:46:27,3451,3486,3495,1,0.9856375621821922,hgb,2026-06-03T16:38:27
PMCINNIS-09S0XG_pmcinnis,primary_80_20_80,2024-07-30 13:06:43,3495,3509,3513,1,0.991456709271637,hgb,2026-06-03T16:38:27
PMCINNIS-09S0XG_pmcinnis,primary_80_20_80,2024-07-31 08:53:29,3513,3550,3557,1,0.9967946614013146,hgb,2026-06-03T16:38:27
PMCINNIS-09S0XG_pmcinnis,primary_80_20_80,2024-08-01 11:26:54,3557,3584,3596,1,0.9710926928659042,hgb,2026-06-03T16:38:27
PMCINNIS-09S0XG_pmcinnis,primary_80_20_80,2024-08-05 09:35:20,3655,3686,3691,1,0.9818643891147836,hgb,2026-06-03T16:38:27
PMCINNIS-09S0XG_pmcinnis,primary_80_20_80,2024-08-06 09:20:44,3691,3712,3723,1,0.9916040595353519,hgb,2026-06-03T16:38:27
PMCINNIS-09S0XG_pmcinnis,primary_80_20_80,2024-08-07 08:27:12,3723,3755,3760,1,0.9793067342158557,hgb,2026-06-03T16:38:27
PMCINNIS-09S0XG_pmcinnis,primary_80_20_80,2024-08-08 10:19:25,3760,3771,3778,1,0.9963978360593972,hgb,2026-06-03T16:38:27
PMCINNIS-09S0XG_pmcinnis,primary_80_20_80,2024-08-08 17:35:57,3778,3801,3804,1,0.9888161880213469,hgb,2026-06-03T16:38:27
PMCINNIS-09S0XG_pmcinnis,primary_80_20_80,2024-08-11 22:12:50,3822,3833,3839,1,0.9958325110163845,hgb,2026-06-03T16:38:27
PMCINNIS-09S0XG_pmcinnis,primary_80_20_80,2024-08-12 13:43:56,3839,3850,3864,1,0.9943890871282594,hgb,2026-06-03T16:38:27
PMCINNIS-09S0XG_pmcinnis,primary_80_20_80,2024-08-13 10:04:41,3864,3916,3918,1,0.9824593485551419,hgb,2026-06-03T16:38:27
PMCINNIS-09S0XG_pmcinnis,primary_80_20_80,2024-08-14 23:13:32,3918,3952,3967,1,0.9819164787495367,hgb,2026-06-03T16:38:27
PMCINNIS-09S0XG_pmcinnis,primary_80_20_80,2024-08-18 11:58:39,3983,4004,4009,1,0.98033692727611,hgb,2026-06-03T16:38:27
PMCINNIS-09S0XG_pmcinnis,primary_80_20_80,2024-08-22 12:59:14,4042,4059,4062,1,0.997753407441664,hgb,2026-06-03T16:38:27
PMCINNIS-09S0XG_pmcinnis,primary_80_20_80,2024-08-23 07:28:18,4062,4088,4092,1,0.9923909900586441,hgb,2026-06-03T16:38:27
PMCINNIS-09S0XG_pmcinnis,primary_80_20_80,2024-08-27 12:58:19,4149,4155,4158,1,0.9966089309565781,hgb,2026-06-03T16:38:27
PMCINNIS-09S0XG_pmcinnis,primary_80_20_80,2024-08-27 16:48:36,4158,4212,4233,1,0.9930389608587301,hgb,2026-06-03T16:38:27
PMCINNIS-09S0XG_pmcinnis,primary_80_20_80,2024-08-29 14:55:49,4233,4250,4254,1,0.9826898870355495,hgb,2026-06-03T16:38:27
PMCINNIS-09S0XG_pmcinnis,primary_80_20_80,2024-08-30 09:09:08,4254,4266,4280,1,0.9988457258627353,hgb,2026-06-03T16:38:27
PMCINNIS-09S0XG_pmcinnis,primary_80_20_80,2024-08-30 21:38:00,4280,4440,4444,1,0.977026280462391,hgb,2026-06-03T16:38:27
PMCINNIS-09S0XG_pmcinnis,primary_80_20_80,2024-09-03 12:54:14,4444,4464,4472,1,0.9614002962136085,hgb,2026-06-03T16:38:27
PMCINNIS-09S0XG_pmcinnis,primary_80_20_80,2024-09-04 00:50:57,4472,4482,4509,1,0.935217314927461,hgb,2026-06-03T16:38:27
PMCINNIS-09S0XG_pmcinnis,primary_80_20_80,2024-09-04 18:40:05,4509,4520,4524,1,0.937718399862223,hgb,2026-06-03T16:38:27
PMCINNIS-09S0XG_pmcinnis,primary_80_20_80,2024-09-05 01:19:33,4524,4549,4563,1,0.8556051099892926,hgb,2026-06-03T16:38:27
PMCINNIS-09S0XG_pmcinnis,primary_80_20_80,2024-09-05 17:32:38,4563,4572,4578,1,0.9898484858401079,hgb,2026-06-03T16:38:27
PMCINNIS-09S0XG_pmcinnis,primary_80_20_80,2024-09-09 09:15:36,4615,4648,4655,1,0.9568187922663863,hgb,2026-06-03T16:38:27
PMCINNIS-09S0XG_pmcinnis,primary_80_20_80,2024-09-10 13:52:17,4655,4664,4667,1,0.9896436129645152,hgb,2026-06-03T16:38:27
PMCINNIS-09S0XG_pmcinnis,primary_80_20_80,2024-09-11 01:47:58,4667,4679,4685,1,0.9845023845684623,hgb,2026-06-03T16:38:27
PMCINNIS-09S0XG_pmcinnis,secondary_85_15_85,2024-03-04 14:09:10,190,262,281,1,0.8651484459005966,hgb,2026-06-03T16:38:27
PMCINNIS-09S0XG_pmcinnis,secondary_85_15_85,2024-03-07 11:38:36,281,312,321,1,0.9951483506891377,hgb,2026-06-03T16:38:27
PMCINNIS-09S0XG_pmcinnis,secondary_85_15_85,2024-03-11 09:34:35,354,377,386,1,0.970248391588771,hgb,2026-06-03T16:38:27
PMCINNIS-09S0XG_pmcinnis,secondary_85_15_85,2024-03-19 15:26:36,549,592,636,1,0.9922653406174399,hgb,2026-06-03T16:38:27
PMCINNIS-09S0XG_pmcinnis,secondary_85_15_85,2024-04-11 09:55:22,1129,1149,1154,1,0.9977109322108713,hgb,2026-06-03T16:38:27
PMCINNIS-09S0XG_pmcinnis,secondary_85_15_85,2024-04-11 23:09:20,1154,1175,1184,1,0.9965109896150687,hgb,2026-06-03T16:38:27
PMCINNIS-09S0XG_pmcinnis,secondary_85_15_85,2024-04-13 05:08:33,1184,1196,1199,1,0.9973215425197868,hgb,2026-06-03T16:38:27
PMCINNIS-09S0XG_pmcinnis,secondary_85_15_85,2024-04-26 12:56:12,1527,1539,1545,1,0.981738300180441,hgb,2026-06-03T16:38:27
PMCINNIS-09S0XG_pmcinnis,secondary_85_15_85,2024-04-30 16:44:56,1613,1629,1643,1,0.9803782998003807,hgb,2026-06-03T16:38:27
PMCINNIS-09S0XG_pmcinnis,secondary_85_15_85,2024-05-01 11:59:04,1643,1660,1666,1,0.9745676401858936,hgb,2026-06-03T16:38:27
PMCINNIS-09S0XG_pmcinnis,secondary_85_15_85,2024-05-06 15:31:59,1740,1761,1770,1,0.988090004721931,hgb,2026-06-03T16:38:27
PMCINNIS-09S0XG_pmcinnis,secondary_85_15_85,2024-05-07 10:39:20,1770,1828,1852,1,0.975594457185317,hgb,2026-06-03T16:38:27
PMCINNIS-09S0XG_pmcinnis,secondary_85_15_85,2024-05-13 11:07:00,1903,1931,1952,1,0.97629156087081,hgb,2026-06-03T16:38:27
PMCINNIS-09S0XG_pmcinnis,secondary_85_15_85,2024-05-14 16:56:30,1952,1974,1980,1,0.9931695174614781,hgb,2026-06-03T16:38:27
PMCINNIS-09S0XG_pmcinnis,secondary_85_15_85,2024-05-15 22:35:32,1980,1992,2014,1,0.9843525912713702,hgb,2026-06-03T16:38:27
PMCINNIS-09S0XG_pmcinnis,secondary_85_15_85,2024-05-20 11:03:27,2054,2108,2122,1,0.9916066541307493,hgb,2026-06-03T16:38:27
PMCINNIS-09S0XG_pmcinnis,secondary_85_15_85,2024-05-22 13:34:53,2122,2141,2164,1,0.9675623691532558,hgb,2026-06-03T16:38:27
PMCINNIS-09S0XG_pmcinnis,secondary_85_15_85,2024-05-23 14:15:52,2164,2183,2208,1,0.9918537830594718,hgb,2026-06-03T16:38:27
PMCINNIS-09S0XG_pmcinnis,secondary_85_15_85,2024-06-10 12:22:47,2575,2603,2636,1,0.977881495185993,hgb,2026-06-03T16:38:27
PMCINNIS-09S0XG_pmcinnis,secondary_85_15_85,2024-06-24 22:06:07,2911,3016,3030,1,0.9948166546972981,hgb,2026-06-03T16:38:27
PMCINNIS-09S0XG_pmcinnis,secondary_85_15_85,2024-07-15 14:59:29,3146,3277,3285,1,0.9850773587162027,hgb,2026-06-03T16:38:27
PMCINNIS-09S0XG_pmcinnis,secondary_85_15_85,2024-07-29 09:46:27,3451,3486,3495,1,0.9856375621821922,hgb,2026-06-03T16:38:27
PMCINNIS-09S0XG_pmcinnis,secondary_85_15_85,2024-07-30 13:06:43,3495,3550,3558,1,0.991094844740988,hgb,2026-06-03T16:38:27
PMCINNIS-09S0XG_pmcinnis,secondary_85_15_85,2024-08-01 11:56:54,3558,3584,3596,1,0.9937359716213856,hgb,2026-06-03T16:38:27
PMCINNIS-09S0XG_pmcinnis,secondary_85_15_85,2024-08-05 09:35:20,3655,3686,3692,1,0.9811281304446503,hgb,2026-06-03T16:38:27
PMCINNIS-09S0XG_pmcinnis,secondary_85_15_85,2024-08-06 09:50:44,3692,3712,3723,1,0.9960835217933152,hgb,2026-06-03T16:38:27
PMCINNIS-09S0XG_pmcinnis,secondary_85_15_85,2024-08-07 08:27:12,3723,3756,3760,1,0.9787991840367047,hgb,2026-06-03T16:38:27
PMCINNIS-09S0XG_pmcinnis,secondary_85_15_85,2024-08-08 10:19:25,3760,3772,3778,1,0.9967340371248349,hgb,2026-06-03T16:38:27
PMCINNIS-09S0XG_pmcinnis,secondary_85_15_85,2024-08-11 22:12:50,3822,3851,3864,1,0.9971612676892548,hgb,2026-06-03T16:38:27
PMCINNIS-09S0XG_pmcinnis,secondary_85_15_85,2024-08-13 10:04:41,3864,3952,3968,1,0.9850611939564766,hgb,2026-06-03T16:38:27
PMCINNIS-09S0XG_pmcinnis,secondary_85_15_85,2024-08-18 11:58:39,3983,4004,4009,1,0.98033692727611,hgb,2026-06-03T16:38:27
PMCINNIS-09S0XG_pmcinnis,secondary_85_15_85,2024-08-22 12:59:14,4042,4060,4062,1,0.998036803675895,hgb,2026-06-03T16:38:27
PMCINNIS-09S0XG_pmcinnis,secondary_85_15_85,2024-08-23 07:28:18,4062,4089,4092,1,0.9938769879186633,hgb,2026-06-03T16:38:27
PMCINNIS-09S0XG_pmcinnis,secondary_85_15_85,2024-08-27 17:18:36,4159,4213,4233,1,0.9944067923060913,hgb,2026-06-03T16:38:27
PMCINNIS-09S0XG_pmcinnis,secondary_85_15_85,2024-08-29 14:55:49,4233,4250,4254,1,0.9826898870355495,hgb,2026-06-03T16:38:27
PMCINNIS-09S0XG_pmcinnis,secondary_85_15_85,2024-08-30 09:09:08,4254,4267,4280,1,0.9988457258627353,hgb,2026-06-03T16:38:27
PMCINNIS-09S0XG_pmcinnis,secondary_85_15_85,2024-08-30 21:38:00,4280,4482,4510,1,0.9548072675671647,hgb,2026-06-03T16:38:27
PMCINNIS-09S0XG_pmcinnis,secondary_85_15_85,2024-09-04 19:10:05,4510,4549,4563,1,0.981427243965538,hgb,2026-06-03T16:38:27
PMCINNIS-09S0XG_pmcinnis,secondary_85_15_85,2024-09-05 17:32:38,4563,4572,4579,1,0.988555692297754,hgb,2026-06-03T16:38:27
PMCINNIS-09S0XG_pmcinnis,secondary_85_15_85,2024-09-09 09:15:36,4615,4648,4655,1,0.9568187922663863,hgb,2026-06-03T16:38:27
PMCINNIS-09S0XG_pmcinnis,secondary_85_15_85,2024-09-10 13:52:17,4655,4679,4686,1,0.994844555959655,hgb,2026-06-03T16:38:27
PPOOJA-PW0C7CJW_ppooja,strict_90_10_90,2024-08-12 13:50:26,96,109,122,1,0.943987478412121,hgb,2026-06-03T16:38:27
PPOOJA-PW0C7CJW_ppooja,strict_90_10_90,2024-11-04 20:54:11,946,963,967,1,0.965822175092423,hgb,2026-06-03T16:38:27
PPOOJA-PW0C7CJW_ppooja,strict_90_10_90,2024-11-06 02:17:36,967,984,1011,1,0.8843183731477624,hgb,2026-06-03T16:38:27
PPOOJA-PW0C7CJW_ppooja,primary_80_20_80,2024-08-12 13:50:26,96,108,122,1,0.8791733362538753,hgb,2026-06-03T16:38:27
PPOOJA-PW0C7CJW_ppooja,primary_80_20_80,2024-08-14 08:36:12,122,147,153,1,0.8443494371577211,hgb,2026-06-03T16:38:27
PPOOJA-PW0C7CJW_ppooja,primary_80_20_80,2024-10-15 12:59:47,692,701,705,1,0.9414055931971063,hgb,2026-06-03T16:38:27
PPOOJA-PW0C7CJW_ppooja,primary_80_20_80,2024-11-04 20:54:11,946,961,967,1,0.9429759119356114,hgb,2026-06-03T16:38:27
PPOOJA-PW0C7CJW_ppooja,primary_80_20_80,2024-11-06 02:17:36,967,983,1011,1,0.7729415657893435,hgb,2026-06-03T16:38:27
PPOOJA-PW0C7CJW_ppooja,secondary_85_15_85,2024-08-12 13:50:26,96,108,122,1,0.8791733362538753,hgb,2026-06-03T16:38:27
PPOOJA-PW0C7CJW_ppooja,secondary_85_15_85,2024-08-14 08:36:12,122,148,153,1,0.8384053133847607,hgb,2026-06-03T16:38:27
PPOOJA-PW0C7CJW_ppooja,secondary_85_15_85,2024-11-04 20:54:11,946,962,967,1,0.9646322405056033,hgb,2026-06-03T16:38:27
PPOOJA-PW0C7CJW_ppooja,secondary_85_15_85,2024-11-06 02:17:36,967,984,1011,1,0.8926799367666137,hgb,2026-06-03T16:38:27
PQM-AN1-BETA_hels,primary_80_20_80,2026-04-08 09:37:31,1468,1502,1512,1,0.9240302012210265,hgb,2026-06-03T16:38:27
PQM-AN1-BETA_hels,primary_80_20_80,2026-04-09 15:26:15,1512,1543,1550,1,0.983890548340569,hgb,2026-06-03T16:38:27
PRIMUS_tscott2,primary_80_20_80,2023-06-14 16:29:17,968,1004,1018,0,0.6302799668468507,hgb,2026-06-03T16:38:27
PRIMUS_tscott2,primary_80_20_80,2023-07-10 12:49:16,1293,1373,1380,0,0.5009407662540637,hgb,2026-06-03T16:38:27
PRIMUS_tscott2,primary_80_20_80,2023-07-24 11:02:25,1514,1537,1541,0,0.941036370236842,hgb,2026-06-03T16:38:27
PRIMUS_tscott2,primary_80_20_80,2024-01-07 20:59:53,3632,3667,3671,1,0.09184287444588847,hgb,2026-06-03T16:38:27
PRIMUS_tscott2,primary_80_20_80,2024-02-20 09:26:18,4186,4193,4197,0,0.10137682222408972,hgb,2026-06-03T16:38:27
PRIMUS_tscott2,primary_80_20_80,2024-04-04 12:17:58,4738,4750,4757,0,0.06430829709875333,hgb,2026-06-03T16:38:27
RAY-X1-9_Ratan,strict_90_10_90,2023-09-20 08:49:01,4531,4563,4566,0,0.7483554682836144,hgb,2026-06-03T16:38:27
RAY-X1-9_Ratan,strict_90_10_90,2023-09-21 09:56:37,4566,4590,4593,0,0.4656043461147906,hgb,2026-06-03T16:38:27
RAY-X1-9_Ratan,strict_90_10_90,2023-11-07 07:52:25,5659,6042,6047,0,0.30445661937915497,hgb,2026-06-03T16:38:27
RAY-X1-9_Ratan,strict_90_10_90,2023-11-30 16:29:25,6273,6293,6297,0,0.1579778570532265,hgb,2026-06-03T16:38:27
RAY-X1-9_Ratan,strict_90_10_90,2024-02-07 05:08:21,7650,7658,7694,1,0.8968734279149896,hgb,2026-06-03T16:38:27
RAY-X1-9_Ratan,strict_90_10_90,2024-03-03 20:16:02,8214,8278,8285,1,0.0696933362600603,hgb,2026-06-03T16:38:27
RAY-X1-9_Ratan,strict_90_10_90,2024-03-05 14:47:38,8285,8374,8379,1,0.1784297031213818,hgb,2026-06-03T16:38:27
RAY-X1-9_Ratan,strict_90_10_90,2024-04-07 08:04:20,9190,9221,9226,0,0.11614847035853032,hgb,2026-06-03T16:38:27
RAY-X1-9_Ratan,strict_90_10_90,2024-06-22 12:55:07,11995,12063,12074,0,0.14414550840540985,hgb,2026-06-03T16:38:27
RAY-X1-9_Ratan,strict_90_10_90,2024-07-10 00:15:25,12449,12554,12557,0,0.18134666666726618,hgb,2026-06-03T16:38:27
RAY-X1-9_Ratan,strict_90_10_90,2024-07-12 20:54:57,12557,12619,12626,0,0.18641941910183712,hgb,2026-06-03T16:38:27
RAY-X1-9_Ratan,strict_90_10_90,2024-07-15 23:09:15,12626,12743,12746,0,0.057026771924369925,hgb,2026-06-03T16:38:27
RAY-X1-9_Ratan,strict_90_10_90,2024-07-19 10:59:16,12746,12750,12753,0,0.09111293252274329,hgb,2026-06-03T16:38:27
RAY-X1-9_Ratan,strict_90_10_90,2024-07-19 17:16:33,12753,12769,12773,0,0.08589376945851458,hgb,2026-06-03T16:38:27
RAY-X1-9_Ratan,strict_90_10_90,2024-07-20 12:05:32,12773,12779,12782,0,0.1325009352421711,hgb,2026-06-03T16:38:27
RAY-X1-9_Ratan,strict_90_10_90,2024-08-01 18:59:40,13044,13062,13066,0,0.16875926901009247,hgb,2026-06-03T16:38:27
RAY-X1-9_Ratan,strict_90_10_90,2024-08-04 23:04:46,13102,13119,13121,0,0.2425605106968101,hgb,2026-06-03T16:38:27
RAY-X1-9_Ratan,strict_90_10_90,2024-08-05 16:30:53,13121,13130,13134,0,0.21518145725827983,hgb,2026-06-03T16:38:27
RAY-X1-9_Ratan,strict_90_10_90,2024-08-06 08:43:47,13134,13158,13165,0,0.15344913008667402,hgb,2026-06-03T16:38:27
RAY-X1-9_Ratan,strict_90_10_90,2024-08-08 10:43:12,13165,13219,13225,0,0.11773359719968102,hgb,2026-06-03T16:38:27
RAY-X1-9_Ratan,strict_90_10_90,2024-08-12 14:41:11,13263,13331,13337,0,0.20338522191762917,hgb,2026-06-03T16:38:27
RAY-X1-9_Ratan,strict_90_10_90,2024-08-14 08:39:30,13337,13356,13363,0,0.15619512539276484,hgb,2026-06-03T16:38:27
RAY-X1-9_Ratan,strict_90_10_90,2024-08-29 13:38:20,13651,14020,14032,0,0.31908659714569215,hgb,2026-06-03T16:38:27
RAY-X1-9_Ratan,strict_90_10_90,2024-11-07 17:18:02,15810,16135,16140,0,0.0544571061560589,hgb,2026-06-03T16:38:27
RAY-X1-9_Ratan,strict_90_10_90,2024-11-15 23:22:53,16140,16412,16420,0,0.1018166650868913,hgb,2026-06-03T16:38:27
RAY-X1-9_Ratan,strict_90_10_90,2025-01-24 16:30:06,17920,17979,17981,0,0.1926591274849103,hgb,2026-06-03T16:38:27
RAY-X1-9_Ratan,strict_90_10_90,2025-01-27 09:08:09,17981,18627,18634,1,0.36771625124744045,hgb,2026-06-03T16:38:27
RAY-X1-9_Ratan,strict_90_10_90,2025-02-07 16:40:21,18634,18787,18790,0,0.8754368591590139,hgb,2026-06-03T16:38:27
RAY-X1-9_Ratan,primary_80_20_80,2023-07-07 20:41:10,2690,2719,2725,0,0.033108438108831524,hgb,2026-06-03T16:38:27
RAY-X1-9_Ratan,primary_80_20_80,2023-08-03 21:25:25,3472,3488,3492,0,0.06685377770518176,hgb,2026-06-03T16:38:27
RAY-X1-9_Ratan,primary_80_20_80,2023-08-08 11:17:24,3568,3618,3622,0,0.10557925789843661,hgb,2026-06-03T16:38:27
RAY-X1-9_Ratan,primary_80_20_80,2023-09-20 08:49:01,4531,4561,4566,0,0.6973682745877839,hgb,2026-06-03T16:38:27
RAY-X1-9_Ratan,primary_80_20_80,2023-09-21 09:56:37,4566,4584,4593,0,0.5813438213777663,hgb,2026-06-03T16:38:27
RAY-X1-9_Ratan,primary_80_20_80,2023-09-28 20:55:41,4722,4972,4975,0,0.09102816825877577,hgb,2026-06-03T16:38:27
RAY-X1-9_Ratan,primary_80_20_80,2023-10-16 04:20:43,5131,5138,5143,0,0.21744167936025852,hgb,2026-06-03T16:38:27
RAY-X1-9_Ratan,primary_80_20_80,2023-11-07 07:52:25,5659,6042,6047,0,0.30445661937915497,hgb,2026-06-03T16:38:27
RAY-X1-9_Ratan,primary_80_20_80,2023-11-30 16:29:25,6273,6293,6297,0,0.1579778570532265,hgb,2026-06-03T16:38:27
RAY-X1-9_Ratan,primary_80_20_80,2023-12-11 23:32:10,6580,6666,6669,0,0.061543261993761804,hgb,2026-06-03T16:38:27
RAY-X1-9_Ratan,primary_80_20_80,2023-12-15 09:35:16,6669,6840,6842,0,0.2146941982775932,hgb,2026-06-03T16:38:27
RAY-X1-9_Ratan,primary_80_20_80,2024-02-07 05:08:21,7650,7658,7694,1,0.8968734279149896,hgb,2026-06-03T16:38:27
RAY-X1-9_Ratan,primary_80_20_80,2024-02-16 22:39:16,7835,7847,7850,0,0.6197300412828816,hgb,2026-06-03T16:38:27
RAY-X1-9_Ratan,primary_80_20_80,2024-02-28 17:03:52,8104,8140,8145,0,0.0607460097562607,hgb,2026-06-03T16:38:27
RAY-X1-9_Ratan,primary_80_20_80,2024-03-03 20:16:02,8214,8254,8263,0,0.07882878888888213,hgb,2026-06-03T16:38:27
RAY-X1-9_Ratan,primary_80_20_80,2024-03-04 22:03:46,8263,8278,8284,1,0.040913517321404656,hgb,2026-06-03T16:38:27
RAY-X1-9_Ratan,primary_80_20_80,2024-03-05 14:25:00,8284,8374,8379,1,0.14002087720465334,hgb,2026-06-03T16:38:27
RAY-X1-9_Ratan,primary_80_20_80,2024-04-07 08:04:20,9190,9205,9208,0,0.04902941859668689,hgb,2026-06-03T16:38:27
RAY-X1-9_Ratan,primary_80_20_80,2024-04-07 23:43:50,9208,9220,9226,0,0.048522079038498575,hgb,2026-06-03T16:38:27
RAY-X1-9_Ratan,primary_80_20_80,2024-05-04 18:39:35,10896,10950,10957,0,0.5101300109077296,hgb,2026-06-03T16:38:27
RAY-X1-9_Ratan,primary_80_20_80,2024-05-13 12:11:44,11005,11027,11033,0,0.054178982177031314,hgb,2026-06-03T16:38:27
RAY-X1-9_Ratan,primary_80_20_80,2024-05-22 16:49:04,11280,11306,11309,0,0.08108407600333667,hgb,2026-06-03T16:38:27
RAY-X1-9_Ratan,primary_80_20_80,2024-05-23 18:35:41,11309,11344,11350,0,0.07883889878972629,hgb,2026-06-03T16:38:27
RAY-X1-9_Ratan,primary_80_20_80,2024-05-24 20:54:26,11350,11356,11359,0,0.09460927977648542,hgb,2026-06-03T16:38:27
RAY-X1-9_Ratan,primary_80_20_80,2024-06-03 20:10:24,11607,11738,11743,0,0.26884381328186885,hgb,2026-06-03T16:38:27
RAY-X1-9_Ratan,primary_80_20_80,2024-06-22 11:31:01,11992,12062,12068,0,0.049048008307602906,hgb,2026-06-03T16:38:27
RAY-X1-9_Ratan,primary_80_20_80,2024-06-24 17:48:25,12068,12121,12124,0,0.03664148418011424,hgb,2026-06-03T16:38:27
RAY-X1-9_Ratan,primary_80_20_80,2024-06-26 19:52:23,12124,12152,12155,0,0.09531949490280975,hgb,2026-06-03T16:38:27
RAY-X1-9_Ratan,primary_80_20_80,2024-07-09 23:58:20,12447,12554,12557,0,0.18134666666726618,hgb,2026-06-03T16:38:27
RAY-X1-9_Ratan,primary_80_20_80,2024-07-12 20:54:57,12557,12618,12625,0,0.04120535369056585,hgb,2026-06-03T16:38:27
RAY-X1-9_Ratan,primary_80_20_80,2024-07-15 22:41:51,12625,12668,12672,0,0.025333601462330057,hgb,2026-06-03T16:38:27
RAY-X1-9_Ratan,primary_80_20_80,2024-07-17 11:40:45,12672,12675,12678,0,0.024193010664398273,hgb,2026-06-03T16:38:27
RAY-X1-9_Ratan,primary_80_20_80,2024-07-17 13:58:41,12678,12689,12699,0,0.03626863228015795,hgb,2026-06-03T16:38:27
RAY-X1-9_Ratan,primary_80_20_80,2024-07-17 21:02:47,12699,12742,12746,0,0.06507665873737657,hgb,2026-06-03T16:38:27
RAY-X1-9_Ratan,primary_80_20_80,2024-07-19 10:59:16,12746,12750,12753,0,0.09111293252274329,hgb,2026-06-03T16:38:27
RAY-X1-9_Ratan,primary_80_20_80,2024-07-19 17:16:33,12753,12769,12773,0,0.08589376945851458,hgb,2026-06-03T16:38:27
RAY-X1-9_Ratan,primary_80_20_80,2024-07-20 12:05:32,12773,12779,12782,0,0.1325009352421711,hgb,2026-06-03T16:38:27
RAY-X1-9_Ratan,primary_80_20_80,2024-08-01 18:59:40,13044,13062,13065,0,0.13916268330860743,hgb,2026-06-03T16:38:27
RAY-X1-9_Ratan,primary_80_20_80,2024-08-04 23:04:46,13102,13117,13121,0,0.18593839728505948,hgb,2026-06-03T16:38:27
RAY-X1-9_Ratan,primary_80_20_80,2024-08-05 16:30:53,13121,13129,13133,0,0.11419511299948214,hgb,2026-06-03T16:38:27
RAY-X1-9_Ratan,primary_80_20_80,2024-08-05 23:50:03,13133,13158,13164,0,0.1290367628622953,hgb,2026-06-03T16:38:27
RAY-X1-9_Ratan,primary_80_20_80,2024-08-08 09:33:23,13164,13219,13224,0,0.1156713105080833,hgb,2026-06-03T16:38:27
RAY-X1-9_Ratan,primary_80_20_80,2024-08-12 14:41:11,13263,13309,13312,0,0.07366525730276963,hgb,2026-06-03T16:38:27
RAY-X1-9_Ratan,primary_80_20_80,2024-08-13 17:56:55,13312,13331,13337,0,0.24347012714490943,hgb,2026-06-03T16:38:27
RAY-X1-9_Ratan,primary_80_20_80,2024-08-14 08:39:30,13337,13356,13363,0,0.15619512539276484,hgb,2026-06-03T16:38:27
RAY-X1-9_Ratan,primary_80_20_80,2024-08-29 13:38:20,13651,13723,13731,0,0.26843654914112663,hgb,2026-06-03T16:38:27
RAY-X1-9_Ratan,primary_80_20_80,2024-08-31 16:38:41,13731,14003,14007,0,0.31788599452276967,hgb,2026-06-03T16:38:27
RAY-X1-9_Ratan,primary_80_20_80,2024-09-08 15:14:34,14007,14019,14023,0,0.11396249449852683,hgb,2026-06-03T16:38:27
RAY-X1-9_Ratan,primary_80_20_80,2024-09-08 21:57:47,14023,14025,14032,0,0.059166940258778666,hgb,2026-06-03T16:38:27
RAY-X1-9_Ratan,primary_80_20_80,2024-10-06 16:01:37,14766,14823,14828,0,0.1053153423136346,hgb,2026-06-03T16:38:27
RAY-X1-9_Ratan,primary_80_20_80,2024-11-07 16:48:02,15809,16135,16139,0,0.05377361413497431,hgb,2026-06-03T16:38:27
RAY-X1-9_Ratan,primary_80_20_80,2024-11-15 22:52:53,16139,16412,16418,0,0.09294362258037833,hgb,2026-06-03T16:38:27
RAY-X1-9_Ratan,primary_80_20_80,2025-01-24 16:30:06,17920,17978,17981,0,0.11827182374650139,hgb,2026-06-03T16:38:27
RAY-X1-9_Ratan,primary_80_20_80,2025-01-27 09:08:09,17981,18627,18634,1,0.36771625124744045,hgb,2026-06-03T16:38:27
RAY-X1-9_Ratan,primary_80_20_80,2025-02-07 16:40:21,18634,18785,18790,0,0.816734434442862,hgb,2026-06-03T16:38:27
RAY-X1-9_Ratan,secondary_85_15_85,2023-09-20 08:49:01,4531,4562,4566,0,0.7483554682836144,hgb,2026-06-03T16:38:27
RAY-X1-9_Ratan,secondary_85_15_85,2023-09-21 09:56:37,4566,4590,4593,0,0.4656043461147906,hgb,2026-06-03T16:38:27
RAY-X1-9_Ratan,secondary_85_15_85,2023-09-28 20:55:41,4722,4973,4975,0,0.06258207473914493,hgb,2026-06-03T16:38:27
RAY-X1-9_Ratan,secondary_85_15_85,2023-11-07 07:52:25,5659,6042,6047,0,0.30445661937915497,hgb,2026-06-03T16:38:27
RAY-X1-9_Ratan,secondary_85_15_85,2023-11-30 16:29:25,6273,6293,6297,0,0.1579778570532265,hgb,2026-06-03T16:38:27
RAY-X1-9_Ratan,secondary_85_15_85,2023-12-12 00:02:10,6581,6840,6842,0,0.0489127659984217,hgb,2026-06-03T16:38:27
RAY-X1-9_Ratan,secondary_85_15_85,2024-02-07 05:08:21,7650,7658,7694,1,0.8968734279149896,hgb,2026-06-03T16:38:27
RAY-X1-9_Ratan,secondary_85_15_85,2024-02-28 17:03:52,8104,8140,8145,0,0.0607460097562607,hgb,2026-06-03T16:38:27
RAY-X1-9_Ratan,secondary_85_15_85,2024-03-03 20:16:02,8214,8278,8285,1,0.0696933362600603,hgb,2026-06-03T16:38:27
RAY-X1-9_Ratan,secondary_85_15_85,2024-03-05 14:47:38,8285,8374,8379,1,0.1784297031213818,hgb,2026-06-03T16:38:27
RAY-X1-9_Ratan,secondary_85_15_85,2024-04-07 08:04:20,9190,9205,9208,0,0.04902941859668689,hgb,2026-06-03T16:38:27
RAY-X1-9_Ratan,secondary_85_15_85,2024-04-07 23:43:50,9208,9220,9226,0,0.048522079038498575,hgb,2026-06-03T16:38:27
RAY-X1-9_Ratan,secondary_85_15_85,2024-05-22 16:49:04,11280,11356,11359,0,0.0313149559665448,hgb,2026-06-03T16:38:27
RAY-X1-9_Ratan,secondary_85_15_85,2024-06-22 11:31:01,11992,12063,12074,0,0.14414550840540985,hgb,2026-06-03T16:38:27
RAY-X1-9_Ratan,secondary_85_15_85,2024-06-24 22:41:11,12074,12152,12155,0,0.05455159423791669,hgb,2026-06-03T16:38:27
RAY-X1-9_Ratan,secondary_85_15_85,2024-07-09 23:58:20,12447,12554,12557,0,0.18134666666726618,hgb,2026-06-03T16:38:27
RAY-X1-9_Ratan,secondary_85_15_85,2024-07-12 20:54:57,12557,12619,12625,0,0.07998371155233831,hgb,2026-06-03T16:38:27
RAY-X1-9_Ratan,secondary_85_15_85,2024-07-15 22:41:51,12625,12669,12672,0,0.0253860404681803,hgb,2026-06-03T16:38:27
RAY-X1-9_Ratan,secondary_85_15_85,2024-07-17 11:40:45,12672,12696,12699,0,0.05736304484897003,hgb,2026-06-03T16:38:27
RAY-X1-9_Ratan,secondary_85_15_85,2024-07-17 21:02:47,12699,12742,12746,0,0.06507665873737657,hgb,2026-06-03T16:38:27
RAY-X1-9_Ratan,secondary_85_15_85,2024-07-19 10:59:16,12746,12750,12753,0,0.09111293252274329,hgb,2026-06-03T16:38:27
RAY-X1-9_Ratan,secondary_85_15_85,2024-07-19 17:16:33,12753,12769,12773,0,0.08589376945851458,hgb,2026-06-03T16:38:27
RAY-X1-9_Ratan,secondary_85_15_85,2024-07-20 12:05:32,12773,12779,12782,0,0.1325009352421711,hgb,2026-06-03T16:38:27
RAY-X1-9_Ratan,secondary_85_15_85,2024-08-01 18:59:40,13044,13062,13066,0,0.16875926901009247,hgb,2026-06-03T16:38:27
RAY-X1-9_Ratan,secondary_85_15_85,2024-08-04 23:04:46,13102,13117,13121,0,0.18593839728505948,hgb,2026-06-03T16:38:27
RAY-X1-9_Ratan,secondary_85_15_85,2024-08-05 16:30:53,13121,13130,13134,0,0.21518145725827983,hgb,2026-06-03T16:38:27
RAY-X1-9_Ratan,secondary_85_15_85,2024-08-06 08:43:47,13134,13158,13165,0,0.15344913008667402,hgb,2026-06-03T16:38:27
RAY-X1-9_Ratan,secondary_85_15_85,2024-08-08 10:43:12,13165,13219,13225,0,0.11773359719968102,hgb,2026-06-03T16:38:27
RAY-X1-9_Ratan,secondary_85_15_85,2024-08-12 14:41:11,13263,13331,13337,0,0.20338522191762917,hgb,2026-06-03T16:38:27
RAY-X1-9_Ratan,secondary_85_15_85,2024-08-14 08:39:30,13337,13356,13363,0,0.15619512539276484,hgb,2026-06-03T16:38:27
RAY-X1-9_Ratan,secondary_85_15_85,2024-08-29 13:38:20,13651,13723,13731,0,0.26843654914112663,hgb,2026-06-03T16:38:27
RAY-X1-9_Ratan,secondary_85_15_85,2024-08-31 16:38:41,13731,14003,14007,0,0.31788599452276967,hgb,2026-06-03T16:38:27
RAY-X1-9_Ratan,secondary_85_15_85,2024-09-08 15:14:34,14007,14019,14032,0,0.0963885920927071,hgb,2026-06-03T16:38:27
RAY-X1-9_Ratan,secondary_85_15_85,2024-10-06 16:01:37,14766,14823,14828,0,0.1053153423136346,hgb,2026-06-03T16:38:27
RAY-X1-9_Ratan,secondary_85_15_85,2024-11-07 17:18:02,15810,16135,16139,0,0.04768340665551807,hgb,2026-06-03T16:38:27
RAY-X1-9_Ratan,secondary_85_15_85,2024-11-15 22:52:53,16139,16412,16420,0,0.1018166650868913,hgb,2026-06-03T16:38:27
RAY-X1-9_Ratan,secondary_85_15_85,2025-01-24 16:30:06,17920,17979,17981,0,0.1926591274849103,hgb,2026-06-03T16:38:27
RAY-X1-9_Ratan,secondary_85_15_85,2025-01-27 09:08:09,17981,18627,18634,1,0.36771625124744045,hgb,2026-06-03T16:38:27
RAY-X1-9_Ratan,secondary_85_15_85,2025-02-07 16:40:21,18634,18785,18790,0,0.816734434442862,hgb,2026-06-03T16:38:27
RDONAHUE-0A2BYP_rdonahue,strict_90_10_90,2024-03-20 09:13:08,2,62,67,1,0.8958125176045242,hgb,2026-06-03T16:38:27
RDONAHUE-0A2BYP_rdonahue,primary_80_20_80,2024-03-20 09:13:08,2,61,67,1,0.8708174760547486,hgb,2026-06-03T16:38:27
RDONAHUE-0A2BYP_rdonahue,primary_80_20_80,2024-04-02 12:00:04,179,204,221,1,0.5194676814076298,hgb,2026-06-03T16:38:27
RDONAHUE-0A2BYP_rdonahue,primary_80_20_80,2024-05-13 15:13:24,924,942,957,1,0.9315376543343278,hgb,2026-06-03T16:38:27
RDONAHUE-0A2BYP_rdonahue,secondary_85_15_85,2024-03-20 09:13:08,2,62,67,1,0.9034339975349185,hgb,2026-06-03T16:38:27
RMCFADDEN1-S8MT_rmcfadden1,primary_80_20_80,2025-07-22 07:14:44,2636,2958,2971,1,0.9702421220126858,hgb,2026-06-03T16:38:27
RMCFADDEN1-S8MT_rmcfadden1,primary_80_20_80,2025-10-16 08:00:46,6496,6516,6519,1,0.9748829958090661,hgb,2026-06-03T16:38:27
RMCFADDEN1-S8MT_rmcfadden1,secondary_85_15_85,2025-07-22 07:14:44,2636,2958,2971,1,0.9702421220126858,hgb,2026-06-03T16:38:27
ROROSAS-W0BX6X0_rorosas,strict_90_10_90,2024-08-04 19:49:36,37,63,71,1,0.9834565703103563,hgb,2026-06-03T16:38:27
ROROSAS-W0BX6X0_rorosas,primary_80_20_80,2024-08-04 19:49:36,37,60,71,1,0.9736331949034591,hgb,2026-06-03T16:38:27
ROROSAS-W0BX6X0_rorosas,secondary_85_15_85,2024-08-04 19:49:36,37,62,71,1,0.9736331949034591,hgb,2026-06-03T16:38:27
RPHILLIPS1-MR01_rphillips1,strict_90_10_90,2025-10-13 17:48:12,10,461,462,1,0.4967142310173018,hgb,2026-06-03T16:38:27
RPHILLIPS1-MR01_rphillips1,strict_90_10_90,2025-10-23 09:19:06,462,490,495,1,0.9327210987161554,hgb,2026-06-03T16:38:27
RPHILLIPS1-MR01_rphillips1,strict_90_10_90,2026-01-23 22:39:29,3359,3644,3649,1,0.9817863098424602,hgb,2026-06-03T16:38:27
RPHILLIPS1-MR01_rphillips1,primary_80_20_80,2025-10-13 15:25:48,0,119,123,1,0.21203814736351417,hgb,2026-06-03T16:38:27
RPHILLIPS1-MR01_rphillips1,primary_80_20_80,2025-10-15 22:48:41,123,461,462,1,0.940538145570565,hgb,2026-06-03T16:38:27
RPHILLIPS1-MR01_rphillips1,primary_80_20_80,2025-10-23 09:19:06,462,490,494,1,0.8728835890376313,hgb,2026-06-03T16:38:27
RPHILLIPS1-MR01_rphillips1,primary_80_20_80,2025-10-24 09:24:49,494,801,813,1,0.9604728568029199,hgb,2026-06-03T16:38:27
RPHILLIPS1-MR01_rphillips1,primary_80_20_80,2026-01-23 22:09:29,3358,3644,3649,1,0.8210138997142312,hgb,2026-06-03T16:38:27
RPHILLIPS1-MR01_rphillips1,secondary_85_15_85,2025-10-13 15:25:48,0,121,123,1,0.21203814736351417,hgb,2026-06-03T16:38:27
RPHILLIPS1-MR01_rphillips1,secondary_85_15_85,2025-10-15 22:48:41,123,461,462,1,0.940538145570565,hgb,2026-06-03T16:38:27
RPHILLIPS1-MR01_rphillips1,secondary_85_15_85,2025-10-23 09:19:06,462,490,494,1,0.8728835890376313,hgb,2026-06-03T16:38:27
RPHILLIPS1-MR01_rphillips1,secondary_85_15_85,2026-01-23 22:09:29,3358,3644,3649,1,0.8210138997142312,hgb,2026-06-03T16:38:27
RSEKINOXF43CNVB_rsekino,primary_80_20_80,2024-05-15 10:29:42,4215,4256,4259,0,0.33844456604473594,hgb,2026-06-03T16:38:27
RSEKINOXF43CNVB_rsekino,primary_80_20_80,2025-01-17 12:56:21,7796,7800,7804,0,0.08025689170227192,hgb,2026-06-03T16:38:27
RTWALL-PF4JTB8S_rtwall,primary_80_20_80,2023-12-04 08:06:30,949,954,956,1,0.9565074201491975,hgb,2026-06-03T16:38:27
RTWALL-PF4JTB8S_rtwall,primary_80_20_80,2023-12-04 11:01:17,956,1025,1028,1,0.9676854445451297,hgb,2026-06-03T16:38:27
RTWALL-PF4JTB8S_rtwall,primary_80_20_80,2024-01-27 11:36:03,1831,1886,1890,1,0.988480441456742,hgb,2026-06-03T16:38:27
RTWALL-PF4JTB8S_rtwall,secondary_85_15_85,2023-12-04 08:06:30,949,1025,1028,1,0.9711369665571208,hgb,2026-06-03T16:38:27
SADACHI1-4H67H3_sadachi1,strict_90_10_90,2024-07-11 11:01:16,845,854,857,1,0.9915262983903714,hgb,2026-06-03T16:38:27
SADACHI1-4H67H3_sadachi1,strict_90_10_90,2024-08-29 11:14:25,1508,1514,1522,1,0.971163506587762,hgb,2026-06-03T16:38:27
SADACHI1-4H67H3_sadachi1,primary_80_20_80,2024-07-09 10:59:34,796,805,808,1,0.990186235397056,hgb,2026-06-03T16:38:27
SADACHI1-4H67H3_sadachi1,primary_80_20_80,2024-07-09 16:15:39,808,811,814,1,0.9911426082515938,hgb,2026-06-03T16:38:27
SADACHI1-4H67H3_sadachi1,primary_80_20_80,2024-07-11 11:01:16,845,854,857,1,0.9915262983903714,hgb,2026-06-03T16:38:27
SADACHI1-4H67H3_sadachi1,primary_80_20_80,2024-08-09 10:46:34,1308,1325,1328,1,0.7127070346729888,hgb,2026-06-03T16:38:27
SADACHI1-4H67H3_sadachi1,primary_80_20_80,2024-08-29 10:44:25,1507,1514,1522,1,0.9069470055914132,hgb,2026-06-03T16:38:27
SADACHI1-4H67H3_sadachi1,secondary_85_15_85,2024-07-11 11:01:16,845,854,857,1,0.9915262983903714,hgb,2026-06-03T16:38:27
SADACHI1-4H67H3_sadachi1,secondary_85_15_85,2024-08-29 11:14:25,1508,1514,1522,1,0.971163506587762,hgb,2026-06-03T16:38:27
SAYINGZIYIN_yinsyz1,strict_90_10_90,2023-02-14 10:41:19,0,305,309,1,0.9838748605442369,hgb,2026-06-03T16:38:27
SAYINGZIYIN_yinsyz1,strict_90_10_90,2023-02-20 16:58:53,309,1382,1389,1,0.9733383750840584,hgb,2026-06-03T16:38:27
SAYINGZIYIN_yinsyz1,strict_90_10_90,2024-01-04 12:32:20,13363,13763,13768,1,0.8916847428412167,hgb,2026-06-03T16:38:27
SAYINGZIYIN_yinsyz1,strict_90_10_90,2024-01-24 12:40:12,14343,14588,14594,1,0.9681372211948042,hgb,2026-06-03T16:38:27
SAYINGZIYIN_yinsyz1,strict_90_10_90,2024-01-29 15:31:24,14594,14641,14650,1,0.9740696573239469,hgb,2026-06-03T16:38:27
SAYINGZIYIN_yinsyz1,strict_90_10_90,2024-01-31 12:05:30,14663,14680,14683,1,0.8901035732380932,hgb,2026-06-03T16:38:27
SAYINGZIYIN_yinsyz1,primary_80_20_80,2023-02-14 10:41:19,0,305,309,1,0.9838748605442369,hgb,2026-06-03T16:38:27
SAYINGZIYIN_yinsyz1,primary_80_20_80,2023-02-20 16:58:53,309,1382,1389,1,0.9733383750840584,hgb,2026-06-03T16:38:27
SAYINGZIYIN_yinsyz1,primary_80_20_80,2023-03-20 11:31:57,1503,1634,1644,1,0.9351355713980569,hgb,2026-06-03T16:38:27
SAYINGZIYIN_yinsyz1,primary_80_20_80,2024-01-04 12:02:20,13362,13761,13768,1,0.9602082611524505,hgb,2026-06-03T16:38:27
SAYINGZIYIN_yinsyz1,primary_80_20_80,2024-01-24 12:40:12,14343,14587,14593,1,0.9732982962139552,hgb,2026-06-03T16:38:27
SAYINGZIYIN_yinsyz1,primary_80_20_80,2024-01-29 15:01:24,14593,14640,14650,1,0.9494544490466075,hgb,2026-06-03T16:38:27
SAYINGZIYIN_yinsyz1,primary_80_20_80,2024-01-31 12:05:30,14663,14679,14682,1,0.8794019944826007,hgb,2026-06-03T16:38:27
SAYINGZIYIN_yinsyz1,secondary_85_15_85,2023-02-14 10:41:19,0,305,309,1,0.9838748605442369,hgb,2026-06-03T16:38:27
SAYINGZIYIN_yinsyz1,secondary_85_15_85,2023-02-20 16:58:53,309,1382,1389,1,0.9733383750840584,hgb,2026-06-03T16:38:27
SAYINGZIYIN_yinsyz1,secondary_85_15_85,2023-03-20 11:31:57,1503,1634,1644,1,0.9351355713980569,hgb,2026-06-03T16:38:27
SAYINGZIYIN_yinsyz1,secondary_85_15_85,2024-01-04 12:02:20,13362,13761,13768,1,0.9602082611524505,hgb,2026-06-03T16:38:27
SAYINGZIYIN_yinsyz1,secondary_85_15_85,2024-01-24 12:40:12,14343,14588,14594,1,0.9681372211948042,hgb,2026-06-03T16:38:27
SAYINGZIYIN_yinsyz1,secondary_85_15_85,2024-01-29 15:31:24,14594,14641,14650,1,0.9740696573239469,hgb,2026-06-03T16:38:27
SAYINGZIYIN_yinsyz1,secondary_85_15_85,2024-01-31 12:05:30,14663,14679,14683,1,0.8749603287751947,hgb,2026-06-03T16:38:27
SDESCHENES-FH3M_sdeschenes,strict_90_10_90,2023-08-15 08:08:21,743,778,785,0,0.16760100788717291,hgb,2026-06-03T16:38:27
SDESCHENES-FH3M_sdeschenes,strict_90_10_90,2023-12-04 12:29:55,2435,2457,2466,0,0.11005778155094946,hgb,2026-06-03T16:38:27
SDESCHENES-FH3M_sdeschenes,strict_90_10_90,2023-12-05 10:52:43,2466,2473,2479,0,0.08731750619521149,hgb,2026-06-03T16:38:27
SDESCHENES-FH3M_sdeschenes,strict_90_10_90,2024-01-21 10:36:38,3031,3117,3128,0,0.2557818607215579,hgb,2026-06-03T16:38:27
SDESCHENES-FH3M_sdeschenes,strict_90_10_90,2024-02-07 13:07:15,3337,3375,3382,0,0.1358622703474923,hgb,2026-06-03T16:38:27
SDESCHENES-FH3M_sdeschenes,strict_90_10_90,2024-02-12 16:50:39,3407,3423,3426,0,0.10910270773836984,hgb,2026-06-03T16:38:27
SDESCHENES-FH3M_sdeschenes,strict_90_10_90,2024-04-07 18:18:01,4168,4271,4273,0,0.42618940235426567,hgb,2026-06-03T16:38:27
SDESCHENES-FH3M_sdeschenes,strict_90_10_90,2024-10-22 13:09:36,6893,6899,6909,1,0.1521480382729244,hgb,2026-06-03T16:38:27
SDESCHENES-FH3M_sdeschenes,strict_90_10_90,2024-10-23 14:17:03,6909,6914,6936,0,0.9672177745992266,hgb,2026-06-03T16:38:27
SDESCHENES-FH3M_sdeschenes,strict_90_10_90,2025-04-10 10:12:39,9250,9263,9269,0,0.1733292190819725,hgb,2026-06-03T16:38:27
SDESCHENES-FH3M_sdeschenes,strict_90_10_90,2025-04-11 07:47:20,9269,9273,9276,0,0.5748753358315872,hgb,2026-06-03T16:38:27
SDESCHENES-FH3M_sdeschenes,strict_90_10_90,2025-04-13 08:00:58,9300,9304,9306,0,0.7848704019756643,hgb,2026-06-03T16:38:27
SDESCHENES-FH3M_sdeschenes,strict_90_10_90,2025-04-13 15:48:05,9306,9326,9330,0,0.49016013898589195,hgb,2026-06-03T16:38:27
SDESCHENES-FH3M_sdeschenes,strict_90_10_90,2025-09-11 13:46:13,11450,11461,11466,0,0.12449742121998832,hgb,2026-06-03T16:38:27
SDESCHENES-FH3M_sdeschenes,strict_90_10_90,2025-10-06 10:36:28,11800,11808,11812,0,0.6341936969584113,hgb,2026-06-03T16:38:27
SDESCHENES-FH3M_sdeschenes,strict_90_10_90,2025-10-21 17:39:53,12032,12036,12047,0,0.6492529990290274,hgb,2026-06-03T16:38:27
SDESCHENES-FH3M_sdeschenes,primary_80_20_80,2023-07-13 22:32:23,242,250,253,0,0.34816081751579814,hgb,2026-06-03T16:38:27
SDESCHENES-FH3M_sdeschenes,primary_80_20_80,2023-07-18 10:04:32,281,289,293,0,0.943851063226665,hgb,2026-06-03T16:38:27
SDESCHENES-FH3M_sdeschenes,primary_80_20_80,2023-07-18 16:15:48,293,326,328,0,0.9791344173393836,hgb,2026-06-03T16:38:27
SDESCHENES-FH3M_sdeschenes,primary_80_20_80,2023-07-26 07:09:23,392,399,406,0,0.9785732220032396,hgb,2026-06-03T16:38:27
SDESCHENES-FH3M_sdeschenes,primary_80_20_80,2023-07-26 14:29:11,406,420,422,0,0.9753396268242113,hgb,2026-06-03T16:38:27
SDESCHENES-FH3M_sdeschenes,primary_80_20_80,2023-07-27 13:09:50,422,429,437,0,0.9893699512827848,hgb,2026-06-03T16:38:27
SDESCHENES-FH3M_sdeschenes,primary_80_20_80,2023-07-27 19:51:26,437,444,451,0,0.9390903438769529,hgb,2026-06-03T16:38:27
SDESCHENES-FH3M_sdeschenes,primary_80_20_80,2023-08-01 15:39:10,522,553,555,0,0.448718714540794,hgb,2026-06-03T16:38:27
SDESCHENES-FH3M_sdeschenes,primary_80_20_80,2023-08-03 10:31:00,555,566,568,0,0.2353042091559206,hgb,2026-06-03T16:38:27
SDESCHENES-FH3M_sdeschenes,primary_80_20_80,2023-08-05 19:20:00,586,615,618,0,0.4048672494902082,hgb,2026-06-03T16:38:27
SDESCHENES-FH3M_sdeschenes,primary_80_20_80,2023-08-07 14:10:54,618,642,645,0,0.34991155844841954,hgb,2026-06-03T16:38:27
SDESCHENES-FH3M_sdeschenes,primary_80_20_80,2023-08-08 21:47:13,645,693,698,0,0.5691885758754808,hgb,2026-06-03T16:38:27
SDESCHENES-FH3M_sdeschenes,primary_80_20_80,2023-08-11 11:09:26,698,704,707,0,0.7141687711225664,hgb,2026-06-03T16:38:27
SDESCHENES-FH3M_sdeschenes,primary_80_20_80,2023-08-15 08:08:21,743,757,760,0,0.36331786134160005,hgb,2026-06-03T16:38:27
SDESCHENES-FH3M_sdeschenes,primary_80_20_80,2023-08-15 17:58:33,760,774,785,0,0.21312190611840826,hgb,2026-06-03T16:38:27
SDESCHENES-FH3M_sdeschenes,primary_80_20_80,2023-08-17 09:59:16,785,792,796,0,0.23867701571034264,hgb,2026-06-03T16:38:27
SDESCHENES-FH3M_sdeschenes,primary_80_20_80,2023-12-04 12:29:55,2435,2440,2448,0,0.05268525808660506,hgb,2026-06-03T16:38:27
SDESCHENES-FH3M_sdeschenes,primary_80_20_80,2023-12-04 16:48:58,2448,2456,2466,0,0.07986283420914189,hgb,2026-06-03T16:38:27
SDESCHENES-FH3M_sdeschenes,primary_80_20_80,2023-12-05 10:52:43,2466,2473,2479,0,0.08731750619521149,hgb,2026-06-03T16:38:27
SDESCHENES-FH3M_sdeschenes,primary_80_20_80,2023-12-06 08:50:11,2479,2497,2506,0,0.05541128443376334,hgb,2026-06-03T16:38:27
SDESCHENES-FH3M_sdeschenes,primary_80_20_80,2024-01-21 10:36:38,3031,3116,3128,0,0.08309262774643593,hgb,2026-06-03T16:38:27
SDESCHENES-FH3M_sdeschenes,primary_80_20_80,2024-02-07 13:07:15,3337,3375,3381,0,0.12537046590734663,hgb,2026-06-03T16:38:27
SDESCHENES-FH3M_sdeschenes,primary_80_20_80,2024-02-12 13:28:58,3405,3423,3426,0,0.06349207250068882,hgb,2026-06-03T16:38:27
SDESCHENES-FH3M_sdeschenes,primary_80_20_80,2024-03-19 09:43:14,3941,3951,3955,1,0.022840735960935193,hgb,2026-06-03T16:38:27
SDESCHENES-FH3M_sdeschenes,primary_80_20_80,2024-03-26 13:08:52,4051,4060,4063,0,0.44639649486608207,hgb,2026-06-03T16:38:27
SDESCHENES-FH3M_sdeschenes,primary_80_20_80,2024-04-07 18:18:01,4168,4271,4273,0,0.42618940235426567,hgb,2026-06-03T16:38:27
SDESCHENES-FH3M_sdeschenes,primary_80_20_80,2024-04-21 13:11:48,4389,4412,4418,0,0.1365133319845584,hgb,2026-06-03T16:38:27
SDESCHENES-FH3M_sdeschenes,primary_80_20_80,2024-05-14 09:04:01,4701,4744,4751,0,0.11025785779126304,hgb,2026-06-03T16:38:27
SDESCHENES-FH3M_sdeschenes,primary_80_20_80,2024-05-27 03:31:12,4873,4949,4950,1,0.10756135174500343,hgb,2026-06-03T16:38:27
SDESCHENES-FH3M_sdeschenes,primary_80_20_80,2024-07-02 11:52:24,5341,5347,5352,0,0.18584170696956853,hgb,2026-06-03T16:38:27
SDESCHENES-FH3M_sdeschenes,primary_80_20_80,2024-07-22 08:10:57,5632,5652,5658,0,0.10651884779288946,hgb,2026-06-03T16:38:27
SDESCHENES-FH3M_sdeschenes,primary_80_20_80,2024-07-30 02:25:12,5780,5785,5789,0,0.061799546504203676,hgb,2026-06-03T16:38:27
SDESCHENES-FH3M_sdeschenes,primary_80_20_80,2024-09-15 20:00:02,6310,6360,6368,0,0.15832103383437288,hgb,2026-06-03T16:38:27
SDESCHENES-FH3M_sdeschenes,primary_80_20_80,2024-10-22 13:09:36,6893,6899,6909,1,0.1521480382729244,hgb,2026-06-03T16:38:27
SDESCHENES-FH3M_sdeschenes,primary_80_20_80,2024-10-23 14:17:03,6909,6914,6918,0,0.9600993304986958,hgb,2026-06-03T16:38:27
SDESCHENES-FH3M_sdeschenes,primary_80_20_80,2025-02-17 16:10:50,8543,8546,8547,0,0.9776180581142767,hgb,2026-06-03T16:38:27
SDESCHENES-FH3M_sdeschenes,primary_80_20_80,2025-04-10 10:12:39,9250,9263,9266,0,0.19312946179416676,hgb,2026-06-03T16:38:27
SDESCHENES-FH3M_sdeschenes,primary_80_20_80,2025-04-11 00:51:57,9266,9272,9276,0,0.1941205160439603,hgb,2026-06-03T16:38:27
SDESCHENES-FH3M_sdeschenes,primary_80_20_80,2025-04-13 08:00:58,9300,9303,9306,0,0.6068986096775262,hgb,2026-06-03T16:38:27
SDESCHENES-FH3M_sdeschenes,primary_80_20_80,2025-04-13 15:48:05,9306,9326,9330,0,0.49016013898589195,hgb,2026-06-03T16:38:27
SDESCHENES-FH3M_sdeschenes,primary_80_20_80,2025-06-24 09:42:12,10366,10371,10373,0,0.2815138265698915,hgb,2026-06-03T16:38:27
SDESCHENES-FH3M_sdeschenes,primary_80_20_80,2025-08-28 11:11:04,11268,11273,11277,0,0.060767239171796966,hgb,2026-06-03T16:38:27
SDESCHENES-FH3M_sdeschenes,primary_80_20_80,2025-09-11 13:27:45,11449,11461,11465,0,0.08839908608387802,hgb,2026-06-03T16:38:27
SDESCHENES-FH3M_sdeschenes,primary_80_20_80,2025-10-06 10:36:28,11800,11808,11811,0,0.6945153575593206,hgb,2026-06-03T16:38:27
SDESCHENES-FH3M_sdeschenes,primary_80_20_80,2025-10-20 10:01:02,12012,12023,12026,0,0.2741147105312552,hgb,2026-06-03T16:38:27
SDESCHENES-FH3M_sdeschenes,primary_80_20_80,2025-10-20 19:59:40,12026,12030,12032,0,0.6706908156828916,hgb,2026-06-03T16:38:27
SDESCHENES-FH3M_sdeschenes,primary_80_20_80,2025-10-21 17:39:53,12032,12036,12047,0,0.6492529990290274,hgb,2026-06-03T16:38:27
SDESCHENES-FH3M_sdeschenes,secondary_85_15_85,2023-07-18 16:15:48,293,326,328,0,0.9791344173393836,hgb,2026-06-03T16:38:27
SDESCHENES-FH3M_sdeschenes,secondary_85_15_85,2023-07-26 07:09:23,392,399,406,0,0.9785732220032396,hgb,2026-06-03T16:38:27
SDESCHENES-FH3M_sdeschenes,secondary_85_15_85,2023-08-01 15:39:10,522,553,555,0,0.448718714540794,hgb,2026-06-03T16:38:27
SDESCHENES-FH3M_sdeschenes,secondary_85_15_85,2023-08-07 14:10:54,618,642,645,0,0.34991155844841954,hgb,2026-06-03T16:38:27
SDESCHENES-FH3M_sdeschenes,secondary_85_15_85,2023-08-08 21:47:13,645,694,698,0,0.7405093710920122,hgb,2026-06-03T16:38:27
SDESCHENES-FH3M_sdeschenes,secondary_85_15_85,2023-08-11 11:09:26,698,705,708,0,0.6723418629955928,hgb,2026-06-03T16:38:27
SDESCHENES-FH3M_sdeschenes,secondary_85_15_85,2023-08-15 08:08:21,743,757,760,0,0.36331786134160005,hgb,2026-06-03T16:38:27
SDESCHENES-FH3M_sdeschenes,secondary_85_15_85,2023-08-15 17:58:33,760,778,785,0,0.18952294565116404,hgb,2026-06-03T16:38:27
SDESCHENES-FH3M_sdeschenes,secondary_85_15_85,2023-08-17 09:59:16,785,793,796,0,0.23867701571034264,hgb,2026-06-03T16:38:27
SDESCHENES-FH3M_sdeschenes,secondary_85_15_85,2023-12-04 12:29:55,2435,2456,2466,0,0.09220380076079697,hgb,2026-06-03T16:38:27
SDESCHENES-FH3M_sdeschenes,secondary_85_15_85,2023-12-05 10:52:43,2466,2473,2479,0,0.08731750619521149,hgb,2026-06-03T16:38:27
SDESCHENES-FH3M_sdeschenes,secondary_85_15_85,2024-01-21 10:36:38,3031,3117,3128,0,0.2557818607215579,hgb,2026-06-03T16:38:27
SDESCHENES-FH3M_sdeschenes,secondary_85_15_85,2024-02-07 13:07:15,3337,3375,3382,0,0.1358622703474923,hgb,2026-06-03T16:38:27
SDESCHENES-FH3M_sdeschenes,secondary_85_15_85,2024-02-12 16:50:39,3407,3423,3426,0,0.10910270773836984,hgb,2026-06-03T16:38:27
SDESCHENES-FH3M_sdeschenes,secondary_85_15_85,2024-03-19 09:43:14,3941,3951,3955,1,0.022840735960935193,hgb,2026-06-03T16:38:27
SDESCHENES-FH3M_sdeschenes,secondary_85_15_85,2024-04-07 18:18:01,4168,4271,4273,0,0.42618940235426567,hgb,2026-06-03T16:38:27
SDESCHENES-FH3M_sdeschenes,secondary_85_15_85,2024-05-14 09:04:01,4701,4744,4751,0,0.11025785779126304,hgb,2026-06-03T16:38:27
SDESCHENES-FH3M_sdeschenes,secondary_85_15_85,2024-06-14 08:35:53,5068,5076,5080,0,0.3264666184832368,hgb,2026-06-03T16:38:27
SDESCHENES-FH3M_sdeschenes,secondary_85_15_85,2024-07-30 02:25:12,5780,5786,5789,0,0.061799546504203676,hgb,2026-06-03T16:38:27
SDESCHENES-FH3M_sdeschenes,secondary_85_15_85,2024-09-15 20:00:02,6310,6360,6369,0,0.16737258402538568,hgb,2026-06-03T16:38:27
SDESCHENES-FH3M_sdeschenes,secondary_85_15_85,2024-10-22 13:09:36,6893,6899,6909,1,0.1521480382729244,hgb,2026-06-03T16:38:27
SDESCHENES-FH3M_sdeschenes,secondary_85_15_85,2024-10-23 14:17:03,6909,6914,6928,0,0.9638592706791712,hgb,2026-06-03T16:38:27
SDESCHENES-FH3M_sdeschenes,secondary_85_15_85,2025-04-10 10:12:39,9250,9263,9266,0,0.19312946179416676,hgb,2026-06-03T16:38:27
SDESCHENES-FH3M_sdeschenes,secondary_85_15_85,2025-04-11 00:51:57,9266,9272,9276,0,0.1941205160439603,hgb,2026-06-03T16:38:27
SDESCHENES-FH3M_sdeschenes,secondary_85_15_85,2025-04-13 08:00:58,9300,9304,9306,0,0.7848704019756643,hgb,2026-06-03T16:38:27
SDESCHENES-FH3M_sdeschenes,secondary_85_15_85,2025-04-13 15:48:05,9306,9326,9330,0,0.49016013898589195,hgb,2026-06-03T16:38:27
SDESCHENES-FH3M_sdeschenes,secondary_85_15_85,2025-09-11 13:46:13,11450,11461,11465,0,0.0958710754350538,hgb,2026-06-03T16:38:27
SDESCHENES-FH3M_sdeschenes,secondary_85_15_85,2025-10-06 10:36:28,11800,11808,11811,0,0.6945153575593206,hgb,2026-06-03T16:38:27
SDESCHENES-FH3M_sdeschenes,secondary_85_15_85,2025-10-20 10:01:02,12012,12023,12026,0,0.2741147105312552,hgb,2026-06-03T16:38:27
SDESCHENES-FH3M_sdeschenes,secondary_85_15_85,2025-10-20 19:59:40,12026,12030,12032,0,0.6706908156828916,hgb,2026-06-03T16:38:27
SDESCHENES-FH3M_sdeschenes,secondary_85_15_85,2025-10-21 17:39:53,12032,12036,12047,0,0.6492529990290274,hgb,2026-06-03T16:38:27
SDILLARD1-2S9T3_sdillard1,primary_80_20_80,2026-01-14 13:19:15,0,4,5,0,0.9200288952331968,hgb,2026-06-03T16:38:27
SHAUSER-W0J2TNX_shauser,primary_80_20_80,2025-09-25 02:39:10,257,274,280,1,0.9449104924085268,hgb,2026-06-03T16:38:27
SHAUSER-W0J2TNX_shauser,primary_80_20_80,2025-10-13 14:57:13,429,437,449,1,0.9877977896813922,hgb,2026-06-03T16:38:27
SHIGE_TH1,primary_80_20_80,2024-01-29 13:17:18,623,647,657,1,0.9653960432456207,hgb,2026-06-03T16:38:27
SHIGE_TH1SVT,primary_80_20_80,2024-03-19 14:18:27,839,848,853,1,0.9695200379507681,hgb,2026-06-03T16:38:27
SITZ13G2JN5BETA_jnunez5,primary_80_20_80,2023-07-28 06:53:17,740,755,758,1,0.8193838928097217,hgb,2026-06-03T16:38:27
SIWAI-PF43AVX9_siwai,strict_90_10_90,2024-03-18 12:59:46,5593,5613,5639,1,0.9001069050836791,hgb,2026-06-03T16:38:27
SIWAI-PF43AVX9_siwai,strict_90_10_90,2024-03-19 14:57:51,5639,5662,5673,0,0.9461354192084395,hgb,2026-06-03T16:38:27
SIWAI-PF43AVX9_siwai,primary_80_20_80,2023-04-06 13:24:57,13,47,52,0,0.8465267874724097,hgb,2026-06-03T16:38:27
SIWAI-PF43AVX9_siwai,primary_80_20_80,2024-02-27 17:28:43,5209,5214,5229,0,0.3554265245982117,hgb,2026-06-03T16:38:27
SIWAI-PF43AVX9_siwai,primary_80_20_80,2024-03-18 12:59:46,5593,5612,5638,1,0.85315599932037,hgb,2026-06-03T16:38:27
SIWAI-PF43AVX9_siwai,primary_80_20_80,2024-03-19 14:27:50,5638,5661,5673,0,0.9446784126880862,hgb,2026-06-03T16:38:27
SIWAI-PF43AVX9_siwai,secondary_85_15_85,2024-03-18 12:59:46,5593,5613,5639,1,0.9001069050836791,hgb,2026-06-03T16:38:27
SIWAI-PF43AVX9_siwai,secondary_85_15_85,2024-03-19 14:57:51,5639,5661,5673,0,0.941327764161346,hgb,2026-06-03T16:38:27
SIWAI-PF462GGQ_localuser,primary_80_20_80,2024-07-29 17:57:15,357,404,412,0,0.05935159374810885,hgb,2026-06-03T16:38:27
SIWAI-PF462GGQ_siwai,primary_80_20_80,2024-07-29 17:57:15,357,404,412,0,0.10359566346381535,hgb,2026-06-03T16:38:27
SKADUKUNTLA-MTB_skadukuntla,strict_90_10_90,2025-09-09 00:12:25,2830,2861,2869,1,0.9789712613086594,hgb,2026-06-03T16:38:27
SKADUKUNTLA-MTB_skadukuntla,strict_90_10_90,2025-09-15 10:33:45,2954,7692,7700,1,0.6099470984266158,hgb,2026-06-03T16:38:27
SKADUKUNTLA-MTB_skadukuntla,primary_80_20_80,2025-09-09 00:12:25,2830,2861,2866,1,0.9713157790502511,hgb,2026-06-03T16:38:27
SKADUKUNTLA-MTB_skadukuntla,primary_80_20_80,2025-09-15 10:33:45,2954,7691,7700,1,0.6612427165414347,hgb,2026-06-03T16:38:27
SKADUKUNTLA-MTB_skadukuntla,secondary_85_15_85,2025-09-09 00:12:25,2830,2861,2866,1,0.9713157790502511,hgb,2026-06-03T16:38:27
SKADUKUNTLA-MTB_skadukuntla,secondary_85_15_85,2025-09-15 10:33:45,2954,7691,7700,1,0.6612427165414347,hgb,2026-06-03T16:38:27
SKAWANO-F2PXEKF_seiuchi,primary_80_20_80,2023-07-26 16:40:55,3,64,71,1,0.9206486313032229,hgb,2026-06-03T16:38:27
SKAWANO-F2PXEKF_seiuchi,primary_80_20_80,2023-08-07 22:32:23,300,317,325,1,0.8367791382312101,hgb,2026-06-03T16:38:27
SKAWANO-F2PXEKF_seiuchi,primary_80_20_80,2023-11-21 18:58:26,2459,2469,2472,1,0.9775526095166565,hgb,2026-06-03T16:38:27
SKAWANO-F2PXEKF_skawano,primary_80_20_80,2023-07-26 16:40:55,3,64,71,1,0.954574878421772,hgb,2026-06-03T16:38:27
SKAWANO-F2PXEKF_skawano,primary_80_20_80,2023-08-07 22:32:23,300,317,325,1,0.8231711889827965,hgb,2026-06-03T16:38:27
SKAWANO-F2PXEKF_skawano,primary_80_20_80,2023-11-21 18:58:26,2459,2469,2472,1,0.9339450307639334,hgb,2026-06-03T16:38:27
SKEENER-W0A2BT8_skeener,strict_90_10_90,2025-06-16 10:27:03,6082,6128,6134,1,0.9980515666673963,hgb,2026-06-03T16:38:27
SKEENER-W0A2BT8_skeener,strict_90_10_90,2025-10-04 22:58:11,8019,8028,8036,1,0.9900498280254656,hgb,2026-06-03T16:38:27
SKEENER-W0A2BT8_skeener,strict_90_10_90,2026-01-06 18:53:23,9909,9956,10003,1,0.8731807201962188,hgb,2026-06-03T16:38:27
SKEENER-W0A2BT8_skeener,strict_90_10_90,2026-02-04 11:52:23,11983,12020,12029,1,0.9935766900381388,hgb,2026-06-03T16:38:27
SKEENER-W0A2BT8_skeener,strict_90_10_90,2026-02-05 11:28:09,12029,12069,12092,1,0.9877263170137308,hgb,2026-06-03T16:38:27
SKEENER-W0A2BT8_skeener,strict_90_10_90,2026-02-09 12:28:28,12152,12195,12207,1,0.9606134040481605,hgb,2026-06-03T16:38:27
SKEENER-W0A2BT8_skeener,strict_90_10_90,2026-02-11 10:27:42,12207,12273,12281,1,0.991394374795213,hgb,2026-06-03T16:38:27
SKEENER-W0A2BT8_skeener,primary_80_20_80,2024-03-31 22:20:53,74,92,96,1,0.9094195627787791,hgb,2026-06-03T16:38:27
SKEENER-W0A2BT8_skeener,primary_80_20_80,2024-05-01 16:32:04,573,582,585,1,0.9949023542666038,hgb,2026-06-03T16:38:27
SKEENER-W0A2BT8_skeener,primary_80_20_80,2024-05-06 10:38:32,653,673,687,1,0.9888187464818262,hgb,2026-06-03T16:38:27
SKEENER-W0A2BT8_skeener,primary_80_20_80,2025-03-18 08:23:46,4609,4613,4617,1,0.9473756882188334,hgb,2026-06-03T16:38:27
SKEENER-W0A2BT8_skeener,primary_80_20_80,2025-06-16 09:52:14,6077,6128,6133,1,0.9941029491529464,hgb,2026-06-03T16:38:27
SKEENER-W0A2BT8_skeener,primary_80_20_80,2025-10-04 22:58:11,8019,8028,8036,1,0.9900498280254656,hgb,2026-06-03T16:38:27
SKEENER-W0A2BT8_skeener,primary_80_20_80,2025-10-05 22:16:51,8036,8074,8081,1,0.9278181504094526,hgb,2026-06-03T16:38:27
SKEENER-W0A2BT8_skeener,primary_80_20_80,2025-10-31 08:52:41,8529,8534,8544,1,0.7465452413081897,hgb,2026-06-03T16:38:27
SKEENER-W0A2BT8_skeener,primary_80_20_80,2026-01-06 18:23:23,9908,9936,9940,1,0.8525400496494063,hgb,2026-06-03T16:38:27
SKEENER-W0A2BT8_skeener,primary_80_20_80,2026-01-07 16:31:29,9940,9954,10003,1,0.9779284201606737,hgb,2026-06-03T16:38:27
SKEENER-W0A2BT8_skeener,primary_80_20_80,2026-01-08 18:58:34,10003,10008,10017,1,0.9809209222899558,hgb,2026-06-03T16:38:27
SKEENER-W0A2BT8_skeener,primary_80_20_80,2026-02-04 11:22:23,11982,12016,12028,1,0.9920766094729779,hgb,2026-06-03T16:38:27
SKEENER-W0A2BT8_skeener,primary_80_20_80,2026-02-05 10:58:09,12028,12066,12087,1,0.9947702992285129,hgb,2026-06-03T16:38:27
SKEENER-W0A2BT8_skeener,primary_80_20_80,2026-02-09 12:28:28,12152,12194,12199,1,0.8906979872676638,hgb,2026-06-03T16:38:27
SKEENER-W0A2BT8_skeener,primary_80_20_80,2026-02-10 20:20:19,12199,12269,12280,1,0.9504100430517016,hgb,2026-06-03T16:38:27
SKEENER-W0A2BT8_skeener,secondary_85_15_85,2024-05-01 16:32:04,573,582,585,1,0.9949023542666038,hgb,2026-06-03T16:38:27
SKEENER-W0A2BT8_skeener,secondary_85_15_85,2025-06-16 09:57:22,6080,6128,6133,1,0.9937988571187877,hgb,2026-06-03T16:38:27
SKEENER-W0A2BT8_skeener,secondary_85_15_85,2025-10-04 22:58:11,8019,8028,8036,1,0.9900498280254656,hgb,2026-06-03T16:38:27
SKEENER-W0A2BT8_skeener,secondary_85_15_85,2026-01-06 18:23:23,9908,9956,10003,1,0.9464646467545073,hgb,2026-06-03T16:38:27
SKEENER-W0A2BT8_skeener,secondary_85_15_85,2026-02-04 11:22:23,11982,12017,12029,1,0.9740431779774352,hgb,2026-06-03T16:38:27
SKEENER-W0A2BT8_skeener,secondary_85_15_85,2026-02-05 11:28:09,12029,12066,12092,1,0.9866076922109648,hgb,2026-06-03T16:38:27
SKEENER-W0A2BT8_skeener,secondary_85_15_85,2026-02-09 12:28:28,12152,12194,12204,1,0.8833317172738033,hgb,2026-06-03T16:38:27
SKEENER-W0A2BT8_skeener,secondary_85_15_85,2026-02-11 09:39:32,12204,12270,12280,1,0.9732958307886315,hgb,2026-06-03T16:38:27
SSPINNER-000090_sspinner,strict_90_10_90,2025-07-09 09:36:05,1147,1157,1161,1,0.9671892212213403,hgb,2026-06-03T16:38:27
SSPINNER-000090_sspinner,strict_90_10_90,2025-09-29 10:24:42,2303,2314,2319,1,0.9620488828112405,hgb,2026-06-03T16:38:27
SSPINNER-000090_sspinner,strict_90_10_90,2026-04-21 09:59:10,4328,4340,4346,1,0.9602396278310047,hgb,2026-06-03T16:38:27
SSPINNER-000090_sspinner,primary_80_20_80,2025-04-21 16:26:09,319,346,350,1,0.9881995065600152,hgb,2026-06-03T16:38:27
SSPINNER-000090_sspinner,primary_80_20_80,2025-04-22 20:50:25,350,395,397,1,0.9691044825062076,hgb,2026-06-03T16:38:27
SSPINNER-000090_sspinner,primary_80_20_80,2025-06-09 17:02:23,741,747,757,1,0.989571902130672,hgb,2026-06-03T16:38:27
SSPINNER-000090_sspinner,primary_80_20_80,2025-07-09 09:36:05,1147,1156,1160,1,0.9732627302468175,hgb,2026-06-03T16:38:27
SSPINNER-000090_sspinner,primary_80_20_80,2025-07-09 17:31:07,1160,1172,1175,1,0.9886524690816041,hgb,2026-06-03T16:38:27
SSPINNER-000090_sspinner,primary_80_20_80,2025-07-21 08:27:06,1309,1338,1341,1,0.9429319029392409,hgb,2026-06-03T16:38:27
SSPINNER-000090_sspinner,primary_80_20_80,2025-09-29 09:54:42,2302,2312,2318,1,0.9815215734281472,hgb,2026-06-03T16:38:27
SSPINNER-000090_sspinner,primary_80_20_80,2026-04-21 09:59:10,4328,4338,4346,1,0.9322068311923178,hgb,2026-06-03T16:38:27
SSPINNER-000090_sspinner,secondary_85_15_85,2025-07-09 09:36:05,1147,1156,1160,1,0.9732627302468175,hgb,2026-06-03T16:38:27
SSPINNER-000090_sspinner,secondary_85_15_85,2025-07-09 17:31:07,1160,1172,1175,1,0.9886524690816041,hgb,2026-06-03T16:38:27
SSPINNER-000090_sspinner,secondary_85_15_85,2025-07-21 08:27:06,1309,1338,1341,1,0.9429319029392409,hgb,2026-06-03T16:38:27
SSPINNER-000090_sspinner,secondary_85_15_85,2025-09-29 09:54:42,2302,2313,2318,1,0.9903738148562745,hgb,2026-06-03T16:38:27
SSPINNER-000090_sspinner,secondary_85_15_85,2026-04-21 09:59:10,4328,4339,4346,1,0.9602396278310047,hgb,2026-06-03T16:38:27
STEVENLONG-XACV_stevenlong,primary_80_20_80,2024-06-22 15:53:12,711,758,761,1,0.9496474008087713,hgb,2026-06-03T16:38:27
SUGAP-PF2QQVFQ_SUGAP,strict_90_10_90,2023-03-23 20:59:36,1213,1262,1269,1,0.9124517578710332,hgb,2026-06-03T16:38:27
SUGAP-PF2QQVFQ_SUGAP,strict_90_10_90,2023-11-06 15:58:46,6451,6770,6773,1,0.7767269678318549,hgb,2026-06-03T16:38:27
SUGAP-PF2QQVFQ_SUGAP,primary_80_20_80,2023-02-03 12:45:16,0,27,31,1,0.8627093318103842,hgb,2026-06-03T16:38:27
SUGAP-PF2QQVFQ_SUGAP,primary_80_20_80,2023-03-23 20:59:36,1213,1261,1269,1,0.8976073826801811,hgb,2026-06-03T16:38:27
SUGAP-PF2QQVFQ_SUGAP,primary_80_20_80,2023-05-10 13:32:35,2343,2362,2366,1,0.9245382722273825,hgb,2026-06-03T16:38:27
SUGAP-PF2QQVFQ_SUGAP,primary_80_20_80,2023-06-07 00:39:12,2984,2999,3004,1,0.975880137096825,hgb,2026-06-03T16:38:27
SUGAP-PF2QQVFQ_SUGAP,primary_80_20_80,2023-06-08 22:28:51,3043,3241,3253,1,0.7730522545407448,hgb,2026-06-03T16:38:27
SUGAP-PF2QQVFQ_SUGAP,primary_80_20_80,2023-06-27 10:54:07,3514,3676,3680,1,0.8234816544420305,hgb,2026-06-03T16:38:27
SUGAP-PF2QQVFQ_SUGAP,primary_80_20_80,2023-07-18 11:48:57,4046,4055,4064,1,0.8184895250518431,hgb,2026-06-03T16:38:27
SUGAP-PF2QQVFQ_SUGAP,primary_80_20_80,2023-07-18 21:03:45,4064,4094,4099,1,0.9010986850956773,hgb,2026-06-03T16:38:27
SUGAP-PF2QQVFQ_SUGAP,primary_80_20_80,2023-07-24 06:19:03,4196,4224,4236,1,0.6640382356257712,hgb,2026-06-03T16:38:27
SUGAP-PF2QQVFQ_SUGAP,primary_80_20_80,2023-09-27 17:59:34,5585,5590,5597,1,0.903095769632189,hgb,2026-06-03T16:38:27
SUGAP-PF2QQVFQ_SUGAP,primary_80_20_80,2023-10-16 08:23:37,5969,6037,6042,1,0.595344456334649,hgb,2026-06-03T16:38:27
SUGAP-PF2QQVFQ_SUGAP,primary_80_20_80,2023-11-06 15:28:46,6450,6614,6617,1,0.8777401961597875,hgb,2026-06-03T16:38:27
SUGAP-PF2QQVFQ_SUGAP,primary_80_20_80,2023-11-11 23:52:07,6617,6715,6719,1,0.8617728881889886,hgb,2026-06-03T16:38:27
SUGAP-PF2QQVFQ_SUGAP,primary_80_20_80,2023-11-15 13:57:46,6719,6769,6773,1,0.5636263743375645,hgb,2026-06-03T16:38:27
SUGAP-PF2QQVFQ_SUGAP,primary_80_20_80,2024-01-17 09:16:14,8235,8259,8272,1,0.43316844025504475,hgb,2026-06-03T16:38:27
SUGAP-PF2QQVFQ_SUGAP,secondary_85_15_85,2023-03-23 20:59:36,1213,1262,1269,1,0.9124517578710332,hgb,2026-06-03T16:38:27
SUGAP-PF2QQVFQ_SUGAP,secondary_85_15_85,2023-05-10 14:02:35,2344,2363,2366,1,0.9319178145009314,hgb,2026-06-03T16:38:27
SUGAP-PF2QQVFQ_SUGAP,secondary_85_15_85,2023-06-08 22:29:04,3044,3244,3253,1,0.7331684230456891,hgb,2026-06-03T16:38:27
SUGAP-PF2QQVFQ_SUGAP,secondary_85_15_85,2023-06-27 10:54:07,3514,3676,3680,1,0.8234816544420305,hgb,2026-06-03T16:38:27
SUGAP-PF2QQVFQ_SUGAP,secondary_85_15_85,2023-07-18 11:48:57,4046,4094,4099,1,0.6671110441254144,hgb,2026-06-03T16:38:27
SUGAP-PF2QQVFQ_SUGAP,secondary_85_15_85,2023-07-24 06:19:03,4196,4225,4236,1,0.8366850358936764,hgb,2026-06-03T16:38:27
SUGAP-PF2QQVFQ_SUGAP,secondary_85_15_85,2023-09-27 17:59:34,5585,5591,5597,1,0.9203601896111014,hgb,2026-06-03T16:38:27
SUGAP-PF2QQVFQ_SUGAP,secondary_85_15_85,2023-10-16 08:23:37,5969,6038,6042,1,0.6010395108875112,hgb,2026-06-03T16:38:27
SUGAP-PF2QQVFQ_SUGAP,secondary_85_15_85,2023-11-06 15:28:46,6450,6614,6617,1,0.8777401961597875,hgb,2026-06-03T16:38:27
SUGAP-PF2QQVFQ_SUGAP,secondary_85_15_85,2023-11-11 23:52:07,6617,6769,6773,1,0.6817702844463321,hgb,2026-06-03T16:38:27
SWIGGINS-0HBMT4_swiggins,primary_80_20_80,2026-04-06 09:54:03,3986,4042,4057,1,0.8718967742265935,hgb,2026-06-03T16:38:27
SWIGGINS-0HBMT4_swiggins,primary_80_20_80,2026-04-09 14:08:25,4057,4066,4081,1,0.9191153694114654,hgb,2026-06-03T16:38:27
SWIGGINS-0HBMT4_swiggins,primary_80_20_80,2026-04-13 08:51:15,4099,4177,4188,1,0.8305730827765098,hgb,2026-06-03T16:38:27
SWIGGINS-0HBMT4_swiggins,secondary_85_15_85,2026-04-09 14:30:19,4058,4067,4082,1,0.9821706619410726,hgb,2026-06-03T16:38:27
SYADAVILLI-NH12_syadavilli,strict_90_10_90,2025-11-24 11:38:00,854,992,998,1,0.9850465419330118,hgb,2026-06-03T16:38:27
SYADAVILLI-NH12_syadavilli,strict_90_10_90,2025-12-11 11:38:40,1699,1704,1710,1,0.9528920657568821,hgb,2026-06-03T16:38:27
SYADAVILLI-NH12_syadavilli,strict_90_10_90,2025-12-16 10:55:40,1797,1820,1831,1,0.9849083829595715,hgb,2026-06-03T16:38:27
SYADAVILLI-NH12_syadavilli,strict_90_10_90,2026-01-06 21:51:31,2020,2127,2133,1,0.9881840487557214,hgb,2026-06-03T16:38:27
SYADAVILLI-NH12_syadavilli,strict_90_10_90,2026-01-08 18:18:43,2133,2147,2153,1,0.9896904052884102,hgb,2026-06-03T16:38:27
SYADAVILLI-NH12_syadavilli,strict_90_10_90,2026-02-01 18:07:45,2785,2991,2996,1,0.9875126305711232,hgb,2026-06-03T16:38:27
SYADAVILLI-NH12_syadavilli,strict_90_10_90,2026-02-09 11:21:27,3116,3237,3243,1,0.93935682016341,hgb,2026-06-03T16:38:27
SYADAVILLI-NH12_syadavilli,strict_90_10_90,2026-02-14 08:08:59,3350,3551,3554,1,0.9860073157558571,hgb,2026-06-03T16:38:27
SYADAVILLI-NH12_syadavilli,strict_90_10_90,2026-02-18 10:08:11,3554,3675,3678,1,0.9850473797189939,hgb,2026-06-03T16:38:27
SYADAVILLI-NH12_syadavilli,strict_90_10_90,2026-03-03 09:48:36,4113,4222,4225,1,0.9513837756650798,hgb,2026-06-03T16:38:27
SYADAVILLI-NH12_syadavilli,strict_90_10_90,2026-03-16 11:19:11,4397,4422,4428,1,0.962414181358523,hgb,2026-06-03T16:38:27
SYADAVILLI-NH12_syadavilli,primary_80_20_80,2025-11-24 11:28:51,853,991,997,1,0.9782451165101423,hgb,2026-06-03T16:38:27
SYADAVILLI-NH12_syadavilli,primary_80_20_80,2025-12-11 11:36:04,1698,1704,1710,1,0.8881722274847283,hgb,2026-06-03T16:38:27
SYADAVILLI-NH12_syadavilli,primary_80_20_80,2025-12-16 10:55:40,1797,1816,1831,1,0.9867152402081765,hgb,2026-06-03T16:38:27
SYADAVILLI-NH12_syadavilli,primary_80_20_80,2026-01-06 21:32:53,2018,2127,2132,1,0.9857117883065317,hgb,2026-06-03T16:38:27
SYADAVILLI-NH12_syadavilli,primary_80_20_80,2026-01-08 17:48:43,2132,2145,2152,1,0.9841526872700364,hgb,2026-06-03T16:38:27
SYADAVILLI-NH12_syadavilli,primary_80_20_80,2026-02-01 17:37:45,2784,2946,2951,1,0.9822799387583313,hgb,2026-06-03T16:38:27
SYADAVILLI-NH12_syadavilli,primary_80_20_80,2026-02-04 17:48:04,2951,2990,2995,1,0.9350925144159878,hgb,2026-06-03T16:38:27
SYADAVILLI-NH12_syadavilli,primary_80_20_80,2026-02-09 11:21:27,3116,3237,3242,1,0.9350845478023639,hgb,2026-06-03T16:38:27
SYADAVILLI-NH12_syadavilli,primary_80_20_80,2026-02-14 08:08:59,3350,3551,3553,1,0.9836778458872074,hgb,2026-06-03T16:38:27
SYADAVILLI-NH12_syadavilli,primary_80_20_80,2026-02-18 09:38:11,3553,3674,3677,1,0.982826658418209,hgb,2026-06-03T16:38:27
SYADAVILLI-NH12_syadavilli,primary_80_20_80,2026-02-22 10:43:47,3747,3872,3875,1,0.9666052073524728,hgb,2026-06-03T16:38:27
SYADAVILLI-NH12_syadavilli,primary_80_20_80,2026-03-03 09:48:36,4113,4222,4225,1,0.9513837756650798,hgb,2026-06-03T16:38:27
SYADAVILLI-NH12_syadavilli,primary_80_20_80,2026-03-16 11:19:11,4397,4420,4428,1,0.9529680559556124,hgb,2026-06-03T16:38:27
SYADAVILLI-NH12_syadavilli,secondary_85_15_85,2025-11-24 11:38:00,854,991,998,1,0.9789432772185467,hgb,2026-06-03T16:38:27
SYADAVILLI-NH12_syadavilli,secondary_85_15_85,2025-12-11 11:36:04,1698,1704,1710,1,0.8881722274847283,hgb,2026-06-03T16:38:27
SYADAVILLI-NH12_syadavilli,secondary_85_15_85,2025-12-16 10:55:40,1797,1817,1831,1,0.9851172097259137,hgb,2026-06-03T16:38:27
SYADAVILLI-NH12_syadavilli,secondary_85_15_85,2026-01-06 21:32:53,2018,2127,2132,1,0.9857117883065317,hgb,2026-06-03T16:38:27
SYADAVILLI-NH12_syadavilli,secondary_85_15_85,2026-01-08 17:48:43,2132,2146,2152,1,0.986085495725232,hgb,2026-06-03T16:38:27
SYADAVILLI-NH12_syadavilli,secondary_85_15_85,2026-02-01 17:37:45,2784,2946,2951,1,0.9822799387583313,hgb,2026-06-03T16:38:27
SYADAVILLI-NH12_syadavilli,secondary_85_15_85,2026-02-04 17:48:04,2951,2991,2995,1,0.9460693460208062,hgb,2026-06-03T16:38:27
SYADAVILLI-NH12_syadavilli,secondary_85_15_85,2026-02-09 11:21:27,3116,3237,3242,1,0.9350845478023639,hgb,2026-06-03T16:38:27
SYADAVILLI-NH12_syadavilli,secondary_85_15_85,2026-02-14 08:08:59,3350,3551,3554,1,0.9860073157558571,hgb,2026-06-03T16:38:27
SYADAVILLI-NH12_syadavilli,secondary_85_15_85,2026-02-18 10:08:11,3554,3674,3678,1,0.9850473797189939,hgb,2026-06-03T16:38:27
SYADAVILLI-NH12_syadavilli,secondary_85_15_85,2026-03-03 09:48:36,4113,4222,4225,1,0.9513837756650798,hgb,2026-06-03T16:38:27
SYADAVILLI-NH12_syadavilli,secondary_85_15_85,2026-03-16 11:19:11,4397,4421,4428,1,0.9585440670803572,hgb,2026-06-03T16:38:27
SYANG30-W0KZBQZ_syang30,strict_90_10_90,2026-04-07 14:04:05,3970,3998,4010,1,0.9663652156980159,hgb,2026-06-03T16:38:27
SYANG30-W0KZBQZ_syang30,primary_80_20_80,2025-12-26 16:15:33,2033,2052,2053,1,0.9182624665545722,hgb,2026-06-03T16:38:27
SYANG30-W0KZBQZ_syang30,primary_80_20_80,2026-04-06 10:27:22,3929,3967,3970,1,0.9962763218761658,hgb,2026-06-03T16:38:27
SYANG30-W0KZBQZ_syang30,primary_80_20_80,2026-04-07 14:04:05,3970,3997,4010,1,0.9512129928044827,hgb,2026-06-03T16:38:27
SYANG30-W0KZBQZ_syang30,secondary_85_15_85,2026-04-07 14:04:05,3970,3998,4010,1,0.9663652156980159,hgb,2026-06-03T16:38:27
T14S-GEN5-REX_shensl3,strict_90_10_90,2025-05-12 17:27:38,6452,6524,6535,1,0.9962784051567842,hgb,2026-06-03T16:38:27
T14S-GEN5-REX_shensl3,strict_90_10_90,2025-05-15 06:32:21,6535,6563,6573,1,0.9890839131656863,hgb,2026-06-03T16:38:27
T14S-GEN5-REX_shensl3,strict_90_10_90,2025-05-15 22:03:08,6573,6770,6782,1,0.8990373812068428,hgb,2026-06-03T16:38:27
T14S-GEN5-REX_shensl3,primary_80_20_80,2024-12-22 03:36:27,4091,4119,4124,1,0.6122066490050309,hgb,2026-06-03T16:38:27
T14S-GEN5-REX_shensl3,primary_80_20_80,2025-03-16 23:27:25,5522,5578,5582,1,0.9307037736595302,hgb,2026-06-03T16:38:27
T14S-GEN5-REX_shensl3,primary_80_20_80,2025-05-12 09:37:30,6434,6445,6451,1,0.9902007794531822,hgb,2026-06-03T16:38:27
T14S-GEN5-REX_shensl3,primary_80_20_80,2025-05-12 16:57:38,6451,6524,6531,1,0.9949208116731266,hgb,2026-06-03T16:38:27
T14S-GEN5-REX_shensl3,primary_80_20_80,2025-05-14 17:03:44,6531,6562,6573,1,0.9653627601699123,hgb,2026-06-03T16:38:27
T14S-GEN5-REX_shensl3,primary_80_20_80,2025-05-15 22:03:08,6573,6653,6657,1,0.9436198262696351,hgb,2026-06-03T16:38:27
T14S-GEN5-REX_shensl3,primary_80_20_80,2025-05-19 18:24:54,6657,6759,6781,1,0.911941913783972,hgb,2026-06-03T16:38:27
T14S-GEN5-REX_shensl3,primary_80_20_80,2025-06-08 18:20:19,7005,7055,7062,1,0.9530727851852754,hgb,2026-06-03T16:38:27
T14S-GEN5-REX_shensl3,primary_80_20_80,2025-06-11 08:35:33,7062,7111,7112,1,0.9717629838554462,hgb,2026-06-03T16:38:27
T14S-GEN5-REX_shensl3,primary_80_20_80,2025-06-25 08:46:09,7319,7444,7448,1,0.9780216977856248,hgb,2026-06-03T16:38:27
T14S-GEN5-REX_shensl3,primary_80_20_80,2025-08-05 14:04:27,8090,8165,8171,1,0.9184519674656625,hgb,2026-06-03T16:38:27
T14S-GEN5-REX_shensl3,secondary_85_15_85,2025-03-16 23:27:25,5522,5578,5583,1,0.9242636317304106,hgb,2026-06-03T16:38:27
T14S-GEN5-REX_shensl3,secondary_85_15_85,2025-05-12 17:27:38,6452,6524,6535,1,0.9962784051567842,hgb,2026-06-03T16:38:27
T14S-GEN5-REX_shensl3,secondary_85_15_85,2025-05-15 06:32:21,6535,6562,6573,1,0.9655339093161813,hgb,2026-06-03T16:38:27
T14S-GEN5-REX_shensl3,secondary_85_15_85,2025-05-15 22:03:08,6573,6770,6782,1,0.8990373812068428,hgb,2026-06-03T16:38:27
T14S-GEN5-REX_shensl3,secondary_85_15_85,2025-06-08 18:20:19,7005,7055,7062,1,0.9530727851852754,hgb,2026-06-03T16:38:27
T14S-GEN5-REX_shensl3,secondary_85_15_85,2025-06-11 08:35:33,7062,7111,7112,1,0.9717629838554462,hgb,2026-06-03T16:38:27
T14S-GEN5-REX_shensl3,secondary_85_15_85,2025-08-05 14:04:27,8090,8166,8171,1,0.9219549152878805,hgb,2026-06-03T16:38:27
T14SG5-CBLI_cblindenbacher,primary_80_20_80,2024-04-09 10:14:54,728,774,776,1,0.9310410431645313,hgb,2026-06-03T16:38:27
TBERDAR-F4G0ASQ_tberdar,primary_80_20_80,2023-10-02 08:28:52,841,846,849,0,0.3331396685507339,hgb,2026-06-03T16:38:27
TBERDAR-F4G0ASQ_tberdar,primary_80_20_80,2024-01-02 08:41:03,1888,1914,1923,0,0.37966411130514616,hgb,2026-06-03T16:38:27
TBERDAR-F4RM5MK_tberdar,primary_80_20_80,2024-02-20 14:59:57,189,208,212,1,0.9105728464588689,hgb,2026-06-03T16:38:27
TBERDAR-F5DC8CG_tberdar,primary_80_20_80,2025-01-22 08:41:24,112,129,135,1,0.9533329220831812,hgb,2026-06-03T16:38:27
TBERDAR-F5DC8CG_tberdar,primary_80_20_80,2025-11-17 09:52:12,3574,3589,3595,1,0.9709002079769743,hgb,2026-06-03T16:38:27
TCHONAN-F49QH11_tchonan,strict_90_10_90,2023-02-02 15:13:37,0,14,30,1,0.9908937982781293,hgb,2026-06-03T16:38:27
TCHONAN-F49QH11_tchonan,strict_90_10_90,2023-12-04 11:01:50,6225,6237,6249,1,0.9196000508482081,hgb,2026-06-03T16:38:27
TCHONAN-F49QH11_tchonan,primary_80_20_80,2023-02-02 15:13:37,0,14,30,1,0.9908937982781293,hgb,2026-06-03T16:38:27
TCHONAN-F49QH11_tchonan,primary_80_20_80,2023-09-05 09:50:23,4202,4223,4226,1,0.9903882360652075,hgb,2026-06-03T16:38:27
TCHONAN-F49QH11_tchonan,primary_80_20_80,2023-11-22 17:03:27,5946,5952,5959,1,0.9727537594350159,hgb,2026-06-03T16:38:27
TCHONAN-F49QH11_tchonan,primary_80_20_80,2023-12-04 11:01:50,6225,6236,6249,1,0.9464818679619852,hgb,2026-06-03T16:38:27
TCHONAN-F49QH11_tchonan,secondary_85_15_85,2023-02-02 15:13:37,0,14,30,1,0.9908937982781293,hgb,2026-06-03T16:38:27
TCHONAN-F49QH11_tchonan,secondary_85_15_85,2023-12-04 11:01:50,6225,6236,6249,1,0.9464818679619852,hgb,2026-06-03T16:38:27
THANNA-PW0KQC0Y_thanna,strict_90_10_90,2025-12-16 13:37:00,2893,2928,2944,1,0.9949005511327368,hgb,2026-06-03T16:38:27
THANNA-PW0KQC0Y_thanna,strict_90_10_90,2026-01-06 11:52:10,3426,3458,3475,1,0.9509344040873732,hgb,2026-06-03T16:38:27
THANNA-PW0KQC0Y_thanna,strict_90_10_90,2026-01-09 16:42:13,3527,3663,3695,1,0.987584728632618,hgb,2026-06-03T16:38:27
THANNA-PW0KQC0Y_thanna,strict_90_10_90,2026-01-13 08:02:41,3695,3761,3768,1,0.9808399196908193,hgb,2026-06-03T16:38:27
THANNA-PW0KQC0Y_thanna,strict_90_10_90,2026-03-13 18:31:08,5998,6149,6151,1,0.9925087073262537,hgb,2026-06-03T16:38:27
THANNA-PW0KQC0Y_thanna,strict_90_10_90,2026-04-06 21:29:34,6725,6749,6755,1,0.9488277570034667,hgb,2026-06-03T16:38:27
THANNA-PW0KQC0Y_thanna,primary_80_20_80,2025-12-16 13:07:00,2892,2927,2943,1,0.9570922879992089,hgb,2026-06-03T16:38:27
THANNA-PW0KQC0Y_thanna,primary_80_20_80,2026-01-06 11:22:10,3425,3457,3473,1,0.8886896179369794,hgb,2026-06-03T16:38:27
THANNA-PW0KQC0Y_thanna,primary_80_20_80,2026-01-09 16:42:13,3527,3662,3695,1,0.9820336243856456,hgb,2026-06-03T16:38:27
THANNA-PW0KQC0Y_thanna,primary_80_20_80,2026-01-13 08:02:41,3695,3760,3768,1,0.9028051245362435,hgb,2026-06-03T16:38:27
THANNA-PW0KQC0Y_thanna,primary_80_20_80,2026-03-13 18:01:08,5997,6149,6151,1,0.9909969633170115,hgb,2026-06-03T16:38:27
THANNA-PW0KQC0Y_thanna,primary_80_20_80,2026-03-17 00:14:47,6151,6227,6234,1,0.950372619434073,hgb,2026-06-03T16:38:27
THANNA-PW0KQC0Y_thanna,primary_80_20_80,2026-03-27 09:34:22,6423,6569,6579,1,0.9912305375213695,hgb,2026-06-03T16:38:27
THANNA-PW0KQC0Y_thanna,primary_80_20_80,2026-04-06 21:29:34,6725,6749,6754,1,0.942098294595623,hgb,2026-06-03T16:38:27
THANNA-PW0KQC0Y_thanna,primary_80_20_80,2026-04-19 21:54:23,7260,7392,7396,1,0.9592327353544787,hgb,2026-06-03T16:38:27
THANNA-PW0KQC0Y_thanna,secondary_85_15_85,2025-12-16 13:07:00,2892,2927,2944,1,0.9570922879992089,hgb,2026-06-03T16:38:27
THANNA-PW0KQC0Y_thanna,secondary_85_15_85,2026-01-06 11:52:10,3426,3458,3474,1,0.9266545243177329,hgb,2026-06-03T16:38:27
THANNA-PW0KQC0Y_thanna,secondary_85_15_85,2026-01-09 16:42:13,3527,3662,3695,1,0.9820336243856456,hgb,2026-06-03T16:38:27
THANNA-PW0KQC0Y_thanna,secondary_85_15_85,2026-01-13 08:02:41,3695,3760,3768,1,0.9028051245362435,hgb,2026-06-03T16:38:27
THANNA-PW0KQC0Y_thanna,secondary_85_15_85,2026-03-13 18:01:08,5997,6149,6151,1,0.9909969633170115,hgb,2026-06-03T16:38:27
THANNA-PW0KQC0Y_thanna,secondary_85_15_85,2026-04-06 21:29:34,6725,6749,6754,1,0.942098294595623,hgb,2026-06-03T16:38:27
THANSON-F5NV1S7_thanson,strict_90_10_90,2025-10-01 17:39:04,62,78,84,1,0.9963482154690078,hgb,2026-06-03T16:38:27
THANSON-F5NV1S7_thanson,strict_90_10_90,2025-10-06 07:54:10,111,134,139,1,0.9914758880847973,hgb,2026-06-03T16:38:27
THANSON-F5NV1S7_thanson,strict_90_10_90,2025-10-07 07:50:15,139,165,170,1,0.9896184567805159,hgb,2026-06-03T16:38:27
THANSON-F5NV1S7_thanson,primary_80_20_80,2025-10-01 17:39:04,62,76,83,1,0.9962669649053032,hgb,2026-06-03T16:38:27
THANSON-F5NV1S7_thanson,primary_80_20_80,2025-10-06 07:54:10,111,133,139,1,0.990695780497506,hgb,2026-06-03T16:38:27
THANSON-F5NV1S7_thanson,primary_80_20_80,2025-10-07 07:50:15,139,163,170,1,0.9827964217143337,hgb,2026-06-03T16:38:27
THANSON-F5NV1S7_thanson,primary_80_20_80,2026-01-26 10:41:00,1388,1457,1459,1,0.9917325486501815,hgb,2026-06-03T16:38:27
THANSON-F5NV1S7_thanson,primary_80_20_80,2026-04-06 12:51:38,2278,2301,2303,1,0.9948826612904804,hgb,2026-06-03T16:38:27
THANSON-F5NV1S7_thanson,primary_80_20_80,2026-04-07 13:56:47,2303,2328,2340,1,0.9909820931976612,hgb,2026-06-03T16:38:27
THANSON-F5NV1S7_thanson,secondary_85_15_85,2025-10-01 17:39:04,62,76,84,1,0.9943436853551904,hgb,2026-06-03T16:38:27
THANSON-F5NV1S7_thanson,secondary_85_15_85,2025-10-06 07:54:10,111,134,139,1,0.9914758880847973,hgb,2026-06-03T16:38:27
THANSON-F5NV1S7_thanson,secondary_85_15_85,2025-10-07 07:50:15,139,164,170,1,0.9827964217143337,hgb,2026-06-03T16:38:27
TKOIKE-PF43BEK1_tkoide,strict_90_10_90,2024-08-22 09:23:07,6859,6884,6891,0,0.147803423686172,hgb,2026-06-03T16:38:27
TKOIKE-PF43BEK1_tkoide,primary_80_20_80,2023-04-06 10:26:44,4,23,26,0,0.6945014181362448,hgb,2026-06-03T16:38:27
TKOIKE-PF43BEK1_tkoide,primary_80_20_80,2023-05-26 01:26:40,668,711,713,1,0.4651617150089799,hgb,2026-06-03T16:38:27
TKOIKE-PF43BEK1_tkoide,primary_80_20_80,2023-06-08 16:30:02,1060,1119,1124,1,0.6189299541378643,hgb,2026-06-03T16:38:27
TKOIKE-PF43BEK1_tkoide,primary_80_20_80,2023-08-21 13:53:25,2587,2621,2624,0,0.9762499338724592,hgb,2026-06-03T16:38:27
TKOIKE-PF43BEK1_tkoide,primary_80_20_80,2023-10-20 11:21:21,3662,3691,3692,0,0.21707718903204257,hgb,2026-06-03T16:38:27
TKOIKE-PF43BEK1_tkoide,primary_80_20_80,2023-12-06 13:36:05,4280,4288,4294,1,0.5503177408004478,hgb,2026-06-03T16:38:27
TKOIKE-PF43BEK1_tkoide,primary_80_20_80,2023-12-13 17:38:02,4376,4386,4387,0,0.9221524428132305,hgb,2026-06-03T16:38:27
TKOIKE-PF43BEK1_tkoide,primary_80_20_80,2023-12-25 09:38:55,4480,4512,4515,0,0.5581771482244953,hgb,2026-06-03T16:38:27
TKOIKE-PF43BEK1_tkoide,primary_80_20_80,2024-01-22 11:21:48,4733,4761,4769,0,0.18028536259806524,hgb,2026-06-03T16:38:27
TKOIKE-PF43BEK1_tkoide,primary_80_20_80,2024-04-08 10:04:29,5603,5642,5645,0,0.7004991067735271,hgb,2026-06-03T16:38:27
TKOIKE-PF43BEK1_tkoide,primary_80_20_80,2024-05-15 18:41:23,6003,6012,6015,0,0.9900732861047299,hgb,2026-06-03T16:38:27
TKOIKE-PF43BEK1_tkoide,primary_80_20_80,2024-08-22 09:23:07,6859,6884,6890,0,0.1250667132349709,hgb,2026-06-03T16:38:27
TKOIKE-PF43BEK1_tkoide,secondary_85_15_85,2023-04-06 10:56:46,5,24,26,0,0.7135253748659545,hgb,2026-06-03T16:38:27
TKOIKE-PF43BEK1_tkoide,secondary_85_15_85,2023-06-08 16:30:02,1060,1119,1124,1,0.6189299541378643,hgb,2026-06-03T16:38:27
TKOIKE-PF43BEK1_tkoide,secondary_85_15_85,2024-05-15 18:41:23,6003,6012,6015,0,0.9900732861047299,hgb,2026-06-03T16:38:27
TKOIKE-PF43BEK1_tkoide,secondary_85_15_85,2024-08-22 09:23:07,6859,6884,6890,0,0.1250667132349709,hgb,2026-06-03T16:38:27
TM1SIT1XPF4LA6X_EEP,primary_80_20_80,2024-02-14 17:23:40,1796,1890,1892,0,0.6538141074843447,hgb,2026-06-03T16:38:27
TMIYAMOTO1-75C2_tmiyamoto1,strict_90_10_90,2024-12-12 07:47:59,340,360,372,1,0.8479798893094895,hgb,2026-06-03T16:38:27
TMIYAMOTO1-75C2_tmiyamoto1,primary_80_20_80,2024-11-28 08:10:24,17,67,73,1,0.4724314024118134,hgb,2026-06-03T16:38:27
TMIYAMOTO1-75C2_tmiyamoto1,primary_80_20_80,2024-12-05 12:31:12,177,192,195,1,0.9485425658514822,hgb,2026-06-03T16:38:27
TMIYAMOTO1-75C2_tmiyamoto1,primary_80_20_80,2024-12-11 13:46:02,309,332,340,1,0.994198652365872,hgb,2026-06-03T16:38:27
TMIYAMOTO1-75C2_tmiyamoto1,primary_80_20_80,2024-12-12 07:47:59,340,359,371,1,0.7539787058303135,hgb,2026-06-03T16:38:27
TMIYAMOTO1-75C2_tmiyamoto1,primary_80_20_80,2024-12-16 09:28:09,396,525,542,1,0.9476458218196555,hgb,2026-06-03T16:38:27
TMIYAMOTO1-75C2_tmiyamoto1,primary_80_20_80,2024-12-19 08:34:02,542,549,569,1,0.9786035314539054,hgb,2026-06-03T16:38:27
TMIYAMOTO1-75C2_tmiyamoto1,secondary_85_15_85,2024-11-28 08:10:24,17,67,74,1,0.5952162420803249,hgb,2026-06-03T16:38:27
TMIYAMOTO1-75C2_tmiyamoto1,secondary_85_15_85,2024-12-05 12:46:12,178,192,196,1,0.9915216430369814,hgb,2026-06-03T16:38:27
TMIYAMOTO1-75C2_tmiyamoto1,secondary_85_15_85,2024-12-11 13:46:02,309,332,340,1,0.994198652365872,hgb,2026-06-03T16:38:27
TMIYAMOTO1-75C2_tmiyamoto1,secondary_85_15_85,2024-12-12 07:47:59,340,360,372,1,0.8585478918118673,hgb,2026-06-03T16:38:27
TMIYAMOTO1-75C2_tmiyamoto1,secondary_85_15_85,2024-12-19 08:34:02,542,558,573,1,0.9900511292242653,hgb,2026-06-03T16:38:27
TMORIWAKI-00019_tmoriwaki,primary_80_20_80,2024-08-21 19:21:25,6452,6739,6746,1,0.9880616133858182,hgb,2026-06-03T16:38:27
TNAKAMURA8-CRZW_tnakamura8,strict_90_10_90,2023-06-13 02:22:58,2949,3027,3052,0,0.05061663439980125,hgb,2026-06-03T16:38:27
TNAKAMURA8-CRZW_tnakamura8,strict_90_10_90,2023-07-10 10:03:14,3689,3714,3775,0,0.9662151856495804,hgb,2026-06-03T16:38:27
TNAKAMURA8-CRZW_tnakamura8,strict_90_10_90,2023-08-15 10:14:29,4597,4607,4613,1,0.7974106921177758,hgb,2026-06-03T16:38:27
TNAKAMURA8-CRZW_tnakamura8,strict_90_10_90,2023-08-26 22:07:37,4980,5047,5053,0,0.858481104152912,hgb,2026-06-03T16:38:27
TNAKAMURA8-CRZW_tnakamura8,strict_90_10_90,2023-11-02 02:38:14,7195,7300,7310,0,0.03925224417375002,hgb,2026-06-03T16:38:27
TNAKAMURA8-CRZW_tnakamura8,strict_90_10_90,2023-11-04 01:20:23,7310,7322,7328,0,0.1874535026069674,hgb,2026-06-03T16:38:27
TNAKAMURA8-CRZW_tnakamura8,strict_90_10_90,2024-01-30 23:10:15,9663,9668,9681,0,0.1736556896274306,hgb,2026-06-03T16:38:27
TNAKAMURA8-CRZW_tnakamura8,strict_90_10_90,2024-03-19 18:46:50,11247,11259,11262,0,0.2708945260162418,hgb,2026-06-03T16:38:27
TNAKAMURA8-CRZW_tnakamura8,strict_90_10_90,2024-03-20 11:38:34,11262,11270,11271,0,0.6170641736509768,hgb,2026-06-03T16:38:27
TNAKAMURA8-CRZW_tnakamura8,strict_90_10_90,2024-03-31 06:31:38,11601,11727,11742,0,0.17294362658012752,hgb,2026-06-03T16:38:27
TNAKAMURA8-CRZW_tnakamura8,strict_90_10_90,2024-05-23 09:22:34,13088,13126,13137,0,0.9065331047823469,hgb,2026-06-03T16:38:27
TNAKAMURA8-CRZW_tnakamura8,strict_90_10_90,2024-05-24 10:47:09,13137,13440,13444,0,0.23666523963162328,hgb,2026-06-03T16:38:27
TNAKAMURA8-CRZW_tnakamura8,strict_90_10_90,2024-07-09 10:59:10,14683,14712,14719,0,0.06961019780104605,hgb,2026-06-03T16:38:27
TNAKAMURA8-CRZW_tnakamura8,strict_90_10_90,2024-07-15 19:41:45,14828,14998,15013,1,0.07278199809152497,hgb,2026-06-03T16:38:27
TNAKAMURA8-CRZW_tnakamura8,strict_90_10_90,2024-07-19 11:43:55,15013,15028,15030,0,0.9476870829951607,hgb,2026-06-03T16:38:27
TNAKAMURA8-CRZW_tnakamura8,strict_90_10_90,2024-08-20 13:33:27,15721,15840,15851,0,0.07848797644682463,hgb,2026-06-03T16:38:27
TNAKAMURA8-CRZW_tnakamura8,strict_90_10_90,2025-01-14 13:51:03,19014,19071,19076,0,0.1269119014035295,hgb,2026-06-03T16:38:27
TNAKAMURA8-CRZW_tnakamura8,primary_80_20_80,2023-05-15 13:50:12,2081,2091,2100,0,0.027953209850541633,hgb,2026-06-03T16:38:27
TNAKAMURA8-CRZW_tnakamura8,primary_80_20_80,2023-05-29 09:11:52,2472,2478,2497,0,0.015794044976964676,hgb,2026-06-03T16:38:27
TNAKAMURA8-CRZW_tnakamura8,primary_80_20_80,2023-05-29 17:12:17,2497,2561,2567,0,0.019555815575427758,hgb,2026-06-03T16:38:27
TNAKAMURA8-CRZW_tnakamura8,primary_80_20_80,2023-06-07 13:03:16,2754,2838,2848,0,0.05099898617456181,hgb,2026-06-03T16:38:27
TNAKAMURA8-CRZW_tnakamura8,primary_80_20_80,2023-06-13 01:35:56,2947,2977,2987,0,0.04984103151011757,hgb,2026-06-03T16:38:27
TNAKAMURA8-CRZW_tnakamura8,primary_80_20_80,2023-06-13 19:17:48,2987,3026,3052,0,0.03843737219911852,hgb,2026-06-03T16:38:27
TNAKAMURA8-CRZW_tnakamura8,primary_80_20_80,2023-07-10 09:49:11,3688,3714,3750,0,0.9560813195722632,hgb,2026-06-03T16:38:27
TNAKAMURA8-CRZW_tnakamura8,primary_80_20_80,2023-07-11 16:20:03,3750,3759,3774,0,0.813176110816092,hgb,2026-06-03T16:38:27
TNAKAMURA8-CRZW_tnakamura8,primary_80_20_80,2023-07-12 13:07:08,3774,3802,3812,0,0.6610746611902707,hgb,2026-06-03T16:38:27
TNAKAMURA8-CRZW_tnakamura8,primary_80_20_80,2023-07-16 23:16:41,3889,3915,3923,1,0.5739887128591344,hgb,2026-06-03T16:38:27
TNAKAMURA8-CRZW_tnakamura8,primary_80_20_80,2023-07-17 22:41:48,3923,3986,3989,0,0.8570398551750265,hgb,2026-06-03T16:38:27
TNAKAMURA8-CRZW_tnakamura8,primary_80_20_80,2023-07-20 11:29:28,4025,4050,4060,0,0.6302035751415042,hgb,2026-06-03T16:38:27
TNAKAMURA8-CRZW_tnakamura8,primary_80_20_80,2023-07-26 13:47:14,4167,4183,4187,0,0.16733341125475354,hgb,2026-06-03T16:38:27
TNAKAMURA8-CRZW_tnakamura8,primary_80_20_80,2023-08-03 10:30:09,4342,4376,4386,0,0.07949066888863784,hgb,2026-06-03T16:38:27
TNAKAMURA8-CRZW_tnakamura8,primary_80_20_80,2023-08-15 00:03:05,4583,4593,4597,1,0.975031054318651,hgb,2026-06-03T16:38:27
TNAKAMURA8-CRZW_tnakamura8,primary_80_20_80,2023-08-15 10:14:29,4597,4607,4613,1,0.7974106921177758,hgb,2026-06-03T16:38:27
TNAKAMURA8-CRZW_tnakamura8,primary_80_20_80,2023-08-20 11:52:22,4740,4849,4853,1,0.4725768384772794,hgb,2026-06-03T16:38:27
TNAKAMURA8-CRZW_tnakamura8,primary_80_20_80,2023-08-22 22:35:49,4853,4862,4879,1,0.09448429023891775,hgb,2026-06-03T16:38:27
TNAKAMURA8-CRZW_tnakamura8,primary_80_20_80,2023-08-26 21:37:37,4979,5046,5052,0,0.6477688970738165,hgb,2026-06-03T16:38:27
TNAKAMURA8-CRZW_tnakamura8,primary_80_20_80,2023-08-28 09:31:36,5052,5150,5157,0,0.41204555858425357,hgb,2026-06-03T16:38:27
TNAKAMURA8-CRZW_tnakamura8,primary_80_20_80,2023-08-30 05:18:09,5157,5193,5209,0,0.06857770916030934,hgb,2026-06-03T16:38:27
TNAKAMURA8-CRZW_tnakamura8,primary_80_20_80,2023-09-04 14:24:19,5289,5305,5327,0,0.045060714842095034,hgb,2026-06-03T16:38:27
TNAKAMURA8-CRZW_tnakamura8,primary_80_20_80,2023-09-05 10:02:04,5327,5356,5361,0,0.04931798901541259,hgb,2026-06-03T16:38:27
TNAKAMURA8-CRZW_tnakamura8,primary_80_20_80,2023-09-08 20:05:54,5437,5447,5451,0,0.04706211395079353,hgb,2026-06-03T16:38:27
TNAKAMURA8-CRZW_tnakamura8,primary_80_20_80,2023-09-09 15:22:40,5451,5556,5581,0,0.11619267908703168,hgb,2026-06-03T16:38:27
TNAKAMURA8-CRZW_tnakamura8,primary_80_20_80,2023-09-13 15:19:28,5581,5599,5621,0,0.0721343067536273,hgb,2026-06-03T16:38:27
TNAKAMURA8-CRZW_tnakamura8,primary_80_20_80,2023-09-14 11:29:27,5621,5671,5677,0,0.05652640197829055,hgb,2026-06-03T16:38:27
TNAKAMURA8-CRZW_tnakamura8,primary_80_20_80,2023-09-18 12:46:36,5701,5761,5764,0,0.05730154986774207,hgb,2026-06-03T16:38:27
TNAKAMURA8-CRZW_tnakamura8,primary_80_20_80,2023-09-20 10:52:01,5764,5795,5804,0,0.05641993823407379,hgb,2026-06-03T16:38:27
TNAKAMURA8-CRZW_tnakamura8,primary_80_20_80,2023-09-21 03:31:02,5804,5844,5854,0,0.07447559606863903,hgb,2026-06-03T16:38:27
TNAKAMURA8-CRZW_tnakamura8,primary_80_20_80,2023-09-25 09:31:12,5873,5911,5918,1,0.034815821015306274,hgb,2026-06-03T16:38:27
TNAKAMURA8-CRZW_tnakamura8,primary_80_20_80,2023-10-05 14:14:37,6245,6266,6274,0,0.05828340261926992,hgb,2026-06-03T16:38:27
TNAKAMURA8-CRZW_tnakamura8,primary_80_20_80,2023-10-09 22:23:12,6371,6421,6425,0,0.03659082779124401,hgb,2026-06-03T16:38:27
TNAKAMURA8-CRZW_tnakamura8,primary_80_20_80,2023-10-19 02:11:30,6655,6724,6731,0,0.09098371609613506,hgb,2026-06-03T16:38:27
TNAKAMURA8-CRZW_tnakamura8,primary_80_20_80,2023-10-28 15:03:23,6999,7014,7022,0,0.05043799355047906,hgb,2026-06-03T16:38:27
TNAKAMURA8-CRZW_tnakamura8,primary_80_20_80,2023-11-01 13:09:25,7161,7179,7194,0,0.07377113523175874,hgb,2026-06-03T16:38:27
TNAKAMURA8-CRZW_tnakamura8,primary_80_20_80,2023-11-02 02:08:14,7194,7238,7247,0,0.04837202043563871,hgb,2026-06-03T16:38:27
TNAKAMURA8-CRZW_tnakamura8,primary_80_20_80,2023-11-03 03:03:35,7247,7294,7309,0,0.03104800362802845,hgb,2026-06-03T16:38:27
TNAKAMURA8-CRZW_tnakamura8,primary_80_20_80,2023-11-04 00:50:23,7309,7321,7328,0,0.08070426961584781,hgb,2026-06-03T16:38:27
TNAKAMURA8-CRZW_tnakamura8,primary_80_20_80,2023-11-12 14:38:26,7633,7749,7759,1,0.6778060834362974,hgb,2026-06-03T16:38:27
TNAKAMURA8-CRZW_tnakamura8,primary_80_20_80,2023-11-17 12:32:07,7822,7846,7853,1,0.42764957288178884,hgb,2026-06-03T16:38:27
TNAKAMURA8-CRZW_tnakamura8,primary_80_20_80,2023-11-19 00:38:22,7853,7875,7879,0,0.8922830453654205,hgb,2026-06-03T16:38:27
TNAKAMURA8-CRZW_tnakamura8,primary_80_20_80,2023-12-10 10:34:42,8224,8352,8356,0,0.14852540620062435,hgb,2026-06-03T16:38:27
TNAKAMURA8-CRZW_tnakamura8,primary_80_20_80,2023-12-15 11:33:59,8410,8433,8461,0,0.2685368656698477,hgb,2026-06-03T16:38:27
TNAKAMURA8-CRZW_tnakamura8,primary_80_20_80,2023-12-22 20:38:24,8614,8634,8640,0,0.06547600410199068,hgb,2026-06-03T16:38:27
TNAKAMURA8-CRZW_tnakamura8,primary_80_20_80,2023-12-23 06:56:11,8640,8651,8658,0,0.06373103104685549,hgb,2026-06-03T16:38:27
TNAKAMURA8-CRZW_tnakamura8,primary_80_20_80,2023-12-26 17:44:28,8701,8765,8769,0,0.05442680980663846,hgb,2026-06-03T16:38:27
TNAKAMURA8-CRZW_tnakamura8,primary_80_20_80,2023-12-28 02:20:17,8769,8779,8783,0,0.23099752021808737,hgb,2026-06-03T16:38:27
TNAKAMURA8-CRZW_tnakamura8,primary_80_20_80,2024-01-08 14:47:39,8879,8910,8913,0,0.05589258413202186,hgb,2026-06-03T16:38:27
TNAKAMURA8-CRZW_tnakamura8,primary_80_20_80,2024-01-11 15:51:22,8985,8991,8997,0,0.06652821281368072,hgb,2026-06-03T16:38:27
TNAKAMURA8-CRZW_tnakamura8,primary_80_20_80,2024-01-11 20:51:22,8997,9000,9017,0,0.056180310870235894,hgb,2026-06-03T16:38:27
TNAKAMURA8-CRZW_tnakamura8,primary_80_20_80,2024-01-16 02:52:38,9066,9106,9116,0,0.05516564121473852,hgb,2026-06-03T16:38:27
TNAKAMURA8-CRZW_tnakamura8,primary_80_20_80,2024-01-21 22:59:13,9221,9264,9278,0,0.049138178661122425,hgb,2026-06-03T16:38:27
TNAKAMURA8-CRZW_tnakamura8,primary_80_20_80,2024-01-23 06:23:44,9278,9442,9446,0,0.03167298851297778,hgb,2026-06-03T16:38:27
TNAKAMURA8-CRZW_tnakamura8,primary_80_20_80,2024-01-28 23:44:09,9565,9657,9663,0,0.08113765373441978,hgb,2026-06-03T16:38:27
TNAKAMURA8-CRZW_tnakamura8,primary_80_20_80,2024-01-30 23:10:15,9663,9668,9679,0,0.16012937251832446,hgb,2026-06-03T16:38:27
TNAKAMURA8-CRZW_tnakamura8,primary_80_20_80,2024-02-07 15:54:02,9897,9979,9986,0,0.0391638750288007,hgb,2026-06-03T16:38:27
TNAKAMURA8-CRZW_tnakamura8,primary_80_20_80,2024-02-09 14:01:05,9986,9998,10003,0,0.0757335696527651,hgb,2026-06-03T16:38:27
TNAKAMURA8-CRZW_tnakamura8,primary_80_20_80,2024-02-14 13:31:59,10064,10209,10212,0,0.04278885491107012,hgb,2026-06-03T16:38:27
TNAKAMURA8-CRZW_tnakamura8,primary_80_20_80,2024-02-17 01:02:57,10212,10221,10236,0,0.07045955487628515,hgb,2026-06-03T16:38:27
TNAKAMURA8-CRZW_tnakamura8,primary_80_20_80,2024-02-18 21:14:51,10254,10301,10324,0,0.06988747794411232,hgb,2026-06-03T16:38:27
TNAKAMURA8-CRZW_tnakamura8,primary_80_20_80,2024-02-20 10:25:11,10324,10362,10367,0,0.04623725081109242,hgb,2026-06-03T16:38:27
TNAKAMURA8-CRZW_tnakamura8,primary_80_20_80,2024-02-21 07:53:19,10367,10389,10392,0,0.060674904370394724,hgb,2026-06-03T16:38:27
TNAKAMURA8-CRZW_tnakamura8,primary_80_20_80,2024-02-21 17:26:25,10392,10447,10454,0,0.07300279057840496,hgb,2026-06-03T16:38:27
TNAKAMURA8-CRZW_tnakamura8,primary_80_20_80,2024-02-26 00:34:47,10533,10650,10668,0,0.039459720731649515,hgb,2026-06-03T16:38:27
TNAKAMURA8-CRZW_tnakamura8,primary_80_20_80,2024-03-18 17:08:30,11199,11227,11247,0,0.10407981929623634,hgb,2026-06-03T16:38:27
TNAKAMURA8-CRZW_tnakamura8,primary_80_20_80,2024-03-19 18:46:50,11247,11258,11262,0,0.154976877117242,hgb,2026-06-03T16:38:27
TNAKAMURA8-CRZW_tnakamura8,primary_80_20_80,2024-03-20 11:38:34,11262,11270,11271,0,0.6170641736509768,hgb,2026-06-03T16:38:27
TNAKAMURA8-CRZW_tnakamura8,primary_80_20_80,2024-03-30 15:10:50,11586,11594,11600,0,0.12960121544075628,hgb,2026-06-03T16:38:27
TNAKAMURA8-CRZW_tnakamura8,primary_80_20_80,2024-03-31 02:30:11,11600,11726,11742,0,0.05769991371311468,hgb,2026-06-03T16:38:27
TNAKAMURA8-CRZW_tnakamura8,primary_80_20_80,2024-04-15 10:27:00,12087,12297,12305,0,0.06744799836919178,hgb,2026-06-03T16:38:27
TNAKAMURA8-CRZW_tnakamura8,primary_80_20_80,2024-05-19 21:18:06,12931,13079,13088,1,0.042293737866563895,hgb,2026-06-03T16:38:27
TNAKAMURA8-CRZW_tnakamura8,primary_80_20_80,2024-05-23 09:22:34,13088,13125,13137,0,0.7742591248149464,hgb,2026-06-03T16:38:27
TNAKAMURA8-CRZW_tnakamura8,primary_80_20_80,2024-05-24 10:47:09,13137,13155,13170,0,0.4757313953326891,hgb,2026-06-03T16:38:27
TNAKAMURA8-CRZW_tnakamura8,primary_80_20_80,2024-05-25 09:11:02,13170,13383,13387,0,0.6014880398481771,hgb,2026-06-03T16:38:27
TNAKAMURA8-CRZW_tnakamura8,primary_80_20_80,2024-05-30 00:51:01,13387,13439,13444,0,0.05515760786959919,hgb,2026-06-03T16:38:27
TNAKAMURA8-CRZW_tnakamura8,primary_80_20_80,2024-07-09 10:29:10,14682,14712,14718,0,0.08073456140112745,hgb,2026-06-03T16:38:27
TNAKAMURA8-CRZW_tnakamura8,primary_80_20_80,2024-07-15 19:41:45,14828,14998,15012,1,0.07990459861952809,hgb,2026-06-03T16:38:27
TNAKAMURA8-CRZW_tnakamura8,primary_80_20_80,2024-07-19 11:13:55,15012,15028,15030,0,0.9433399413991782,hgb,2026-06-03T16:38:27
TNAKAMURA8-CRZW_tnakamura8,primary_80_20_80,2024-08-20 11:53:12,15720,15839,15848,0,0.05059126267758584,hgb,2026-06-03T16:38:27
TNAKAMURA8-CRZW_tnakamura8,primary_80_20_80,2025-01-14 11:38:22,19008,19070,19075,0,0.08494746343068385,hgb,2026-06-03T16:38:27
TNAKAMURA8-CRZW_tnakamura8,secondary_85_15_85,2023-05-29 09:11:52,2472,2561,2567,0,0.02008735660058379,hgb,2026-06-03T16:38:27
TNAKAMURA8-CRZW_tnakamura8,secondary_85_15_85,2023-06-13 01:35:56,2947,3027,3052,0,0.049237329871215776,hgb,2026-06-03T16:38:27
TNAKAMURA8-CRZW_tnakamura8,secondary_85_15_85,2023-07-10 09:49:11,3688,3714,3774,0,0.9789670677337722,hgb,2026-06-03T16:38:27
TNAKAMURA8-CRZW_tnakamura8,secondary_85_15_85,2023-07-12 13:07:08,3774,3802,3815,0,0.6825283965118025,hgb,2026-06-03T16:38:27
TNAKAMURA8-CRZW_tnakamura8,secondary_85_15_85,2023-07-16 23:16:41,3889,3915,3924,1,0.5739887128591344,hgb,2026-06-03T16:38:27
TNAKAMURA8-CRZW_tnakamura8,secondary_85_15_85,2023-07-26 13:47:14,4167,4183,4187,0,0.16733341125475354,hgb,2026-06-03T16:38:27
TNAKAMURA8-CRZW_tnakamura8,secondary_85_15_85,2023-08-15 00:03:05,4583,4607,4613,1,0.978774956060193,hgb,2026-06-03T16:38:27
TNAKAMURA8-CRZW_tnakamura8,secondary_85_15_85,2023-08-26 22:07:37,4980,5046,5053,0,0.7200241008689214,hgb,2026-06-03T16:38:27
TNAKAMURA8-CRZW_tnakamura8,secondary_85_15_85,2023-09-04 14:24:19,5289,5357,5361,0,0.04548523038995028,hgb,2026-06-03T16:38:27
TNAKAMURA8-CRZW_tnakamura8,secondary_85_15_85,2023-09-09 15:52:40,5452,5557,5581,0,0.06489955695711058,hgb,2026-06-03T16:38:27
TNAKAMURA8-CRZW_tnakamura8,secondary_85_15_85,2023-09-25 09:31:12,5873,5912,5919,1,0.046146329201327836,hgb,2026-06-03T16:38:27
TNAKAMURA8-CRZW_tnakamura8,secondary_85_15_85,2023-11-01 13:09:25,7161,7180,7195,0,0.06970037464420248,hgb,2026-06-03T16:38:27
TNAKAMURA8-CRZW_tnakamura8,secondary_85_15_85,2023-11-02 02:38:14,7195,7238,7247,0,0.047471718116790435,hgb,2026-06-03T16:38:27
TNAKAMURA8-CRZW_tnakamura8,secondary_85_15_85,2023-11-03 03:03:35,7247,7297,7309,0,0.03703213738503165,hgb,2026-06-03T16:38:27
TNAKAMURA8-CRZW_tnakamura8,secondary_85_15_85,2023-11-04 00:50:23,7309,7321,7328,0,0.08070426961584781,hgb,2026-06-03T16:38:27
TNAKAMURA8-CRZW_tnakamura8,secondary_85_15_85,2023-12-15 11:33:59,8410,8433,8461,0,0.2685368656698477,hgb,2026-06-03T16:38:27
TNAKAMURA8-CRZW_tnakamura8,secondary_85_15_85,2024-01-30 23:10:15,9663,9668,9681,0,0.1736556896274306,hgb,2026-06-03T16:38:27
TNAKAMURA8-CRZW_tnakamura8,secondary_85_15_85,2024-03-19 18:46:50,11247,11258,11262,0,0.154976877117242,hgb,2026-06-03T16:38:27
TNAKAMURA8-CRZW_tnakamura8,secondary_85_15_85,2024-03-20 11:38:34,11262,11270,11271,0,0.6170641736509768,hgb,2026-06-03T16:38:27
TNAKAMURA8-CRZW_tnakamura8,secondary_85_15_85,2024-03-30 15:10:50,11586,11594,11600,0,0.12960121544075628,hgb,2026-06-03T16:38:27
TNAKAMURA8-CRZW_tnakamura8,secondary_85_15_85,2024-03-31 02:30:11,11600,11727,11742,0,0.10724399509791482,hgb,2026-06-03T16:38:27
TNAKAMURA8-CRZW_tnakamura8,secondary_85_15_85,2024-04-15 10:27:00,12087,12297,12306,0,0.06901777136372905,hgb,2026-06-03T16:38:27
TNAKAMURA8-CRZW_tnakamura8,secondary_85_15_85,2024-05-19 21:18:06,12931,13079,13088,1,0.042293737866563895,hgb,2026-06-03T16:38:27
TNAKAMURA8-CRZW_tnakamura8,secondary_85_15_85,2024-05-23 09:22:34,13088,13125,13137,0,0.7742591248149464,hgb,2026-06-03T16:38:27
TNAKAMURA8-CRZW_tnakamura8,secondary_85_15_85,2024-05-24 10:47:09,13137,13155,13171,0,0.47565496678056335,hgb,2026-06-03T16:38:27
TNAKAMURA8-CRZW_tnakamura8,secondary_85_15_85,2024-05-25 09:18:49,13171,13440,13444,0,0.6059241316427371,hgb,2026-06-03T16:38:27
TNAKAMURA8-CRZW_tnakamura8,secondary_85_15_85,2024-07-09 10:59:10,14683,14712,14719,0,0.06961019780104605,hgb,2026-06-03T16:38:27
TNAKAMURA8-CRZW_tnakamura8,secondary_85_15_85,2024-07-15 19:41:45,14828,14998,15012,1,0.07990459861952809,hgb,2026-06-03T16:38:27
TNAKAMURA8-CRZW_tnakamura8,secondary_85_15_85,2024-07-19 11:13:55,15012,15028,15030,0,0.9433399413991782,hgb,2026-06-03T16:38:27
TNAKAMURA8-CRZW_tnakamura8,secondary_85_15_85,2024-08-20 11:53:12,15720,15840,15851,0,0.16295809798981797,hgb,2026-06-03T16:38:27
TNAKAMURA8-CRZW_tnakamura8,secondary_85_15_85,2025-01-14 13:21:03,19013,19071,19075,0,0.15347547269588607,hgb,2026-06-03T16:38:27
TOM_thiller,primary_80_20_80,2025-09-03 10:18:56,783,1018,1023,1,0.9211147447310469,hgb,2026-06-03T16:38:27
TRICHARDSON-GP9_trichardson,strict_90_10_90,2024-03-01 14:33:15,3087,3183,3191,1,0.9608072957675575,hgb,2026-06-03T16:38:27
TRICHARDSON-GP9_trichardson,primary_80_20_80,2024-03-01 14:33:15,3087,3180,3191,1,0.9431758011098152,hgb,2026-06-03T16:38:27
TRICHARDSON-GP9_trichardson,secondary_85_15_85,2024-03-01 14:33:15,3087,3182,3191,1,0.9469948448949765,hgb,2026-06-03T16:38:27
TSCOTT2-F4RVJLS_tscott2,primary_80_20_80,2024-05-05 22:57:36,223,275,278,1,0.8939123088031811,hgb,2026-06-03T16:38:27
TSCOTT2-F4RVJLS_tscott2,primary_80_20_80,2024-09-22 20:54:08,1834,1852,1854,1,0.985734553140084,hgb,2026-06-03T16:38:27
TSUZUKI26-9VQR2_tsuzuki26,primary_80_20_80,2024-01-18 11:49:30,1987,2022,2031,1,0.3802668721538483,hgb,2026-06-03T16:38:27
TSUZUKI26-9VQR2_tsuzuki26,primary_80_20_80,2024-03-04 11:58:13,2678,2701,2707,0,0.833684861933372,hgb,2026-06-03T16:38:27
TSUZUKI26-9VQR2_tsuzuki26,primary_80_20_80,2024-07-23 18:03:45,4946,5025,5029,0,0.152173127131369,hgb,2026-06-03T16:38:27
TSUZUKI26-9VQR2_tsuzuki26,primary_80_20_80,2024-11-11 18:11:01,7151,7163,7172,0,0.050639484669971174,hgb,2026-06-03T16:38:27
TSUZUKI26-9VQR2_tsuzuki26,primary_80_20_80,2024-11-12 11:21:44,7172,7184,7195,0,0.037357743458086935,hgb,2026-06-03T16:38:27
TSUZUKI26-9VQR2_tsuzuki26,primary_80_20_80,2025-04-07 19:34:32,9960,9970,9975,0,0.07880093693344509,hgb,2026-06-03T16:38:27
TSUZUKI26-9VQR2_tsuzuki26,primary_80_20_80,2025-04-09 14:07:48,10004,10042,10046,0,0.02920908136123269,hgb,2026-06-03T16:38:27
TSUZUKI26-9VQR2_tsuzuki26,primary_80_20_80,2025-04-21 12:50:49,10216,10241,10247,0,0.04659270506590184,hgb,2026-06-03T16:38:27
TSUZUKI26-9VQR2_tsuzuki26,secondary_85_15_85,2024-01-18 11:49:30,1987,2024,2031,1,0.3390019645689055,hgb,2026-06-03T16:38:27
TSUZUKI26-9VQR2_tsuzuki26,secondary_85_15_85,2025-04-07 19:34:32,9960,9970,9978,0,0.04903214627987029,hgb,2026-06-03T16:38:27
TSUZUKI26-9VQR2_tsuzuki26,secondary_85_15_85,2025-04-09 14:07:48,10004,10042,10050,0,0.039563076515058804,hgb,2026-06-03T16:38:27
TTOMIMATSU-DC3F_ttomimatsu,primary_80_20_80,2023-04-11 19:42:46,2845,3245,3249,1,0.9043419512633484,hgb,2026-06-03T16:38:27
TTOMIMATSU-DC3F_ttomimatsu,primary_80_20_80,2023-04-19 17:44:44,3249,3540,3544,1,0.9383965933041005,hgb,2026-06-03T16:38:27
VISHNU_vkotipalli1,primary_80_20_80,2025-12-17 10:56:05,347,387,390,1,0.9886849460416076,hgb,2026-06-03T16:38:27
VISHNU_vkotipalli1,primary_80_20_80,2026-04-28 12:17:42,709,719,722,1,0.949716298134709,hgb,2026-06-03T16:38:27
WANGTC3-F4210KH_wangtc3,primary_80_20_80,2024-08-21 16:50:00,9576,9591,9598,0,0.16892057951467798,hgb,2026-06-03T16:38:27
WANGTC3-F4210KH_wangtc3,primary_80_20_80,2024-08-26 11:22:58,9655,9805,9811,0,0.18982694473825348,hgb,2026-06-03T16:38:27
WANGTC3-F4210KH_wangtc3,primary_80_20_80,2024-09-09 13:47:31,9943,10156,10162,0,0.9414929672168709,hgb,2026-06-03T16:38:27
WANGTC3-F4210KH_wangtc3,primary_80_20_80,2024-11-01 11:19:06,10698,10921,10935,0,0.5135982747341493,hgb,2026-06-03T16:38:27
WANGTC3-F4210KH_wangtc3,primary_80_20_80,2024-11-21 11:00:00,11250,11267,11271,0,0.4394945588936223,hgb,2026-06-03T16:38:27
WANGTC3-F4210KH_wangtc3,primary_80_20_80,2024-12-04 15:42:10,11426,11458,11463,0,0.15734412623079352,hgb,2026-06-03T16:38:27
WANGTC3-F4210KH_wangtc3,primary_80_20_80,2024-12-06 11:04:50,11463,11481,11506,0,0.3740616000381188,hgb,2026-06-03T16:38:27
WANGTC3-F4210KH_wangtc3,primary_80_20_80,2024-12-08 02:16:03,11506,11549,11555,0,0.12805327941361716,hgb,2026-06-03T16:38:27
WANGTC3-F4210KH_wangtc3,primary_80_20_80,2024-12-15 14:18:14,11673,11675,11685,0,0.27840013304022104,hgb,2026-06-03T16:38:27
WANGTC3-F4210KH_wangtc3,primary_80_20_80,2025-01-07 11:49:09,11984,12006,12011,0,0.9547990070484872,hgb,2026-06-03T16:38:27
WANGTC3-F4210KH_wangtc3,primary_80_20_80,2025-01-08 18:51:55,12011,12037,12044,0,0.871470098285797,hgb,2026-06-03T16:38:27
WANGTC3-F4210KH_wangtc3,primary_80_20_80,2025-01-13 11:12:55,12064,12106,12111,0,0.4253287531127965,hgb,2026-06-03T16:38:27
WANGTC3-F4210KH_wangtc3,primary_80_20_80,2025-02-10 11:08:36,12290,12316,12320,0,0.8734577847147037,hgb,2026-06-03T16:38:27
WANGTC3-F4210KH_wangtc3,secondary_85_15_85,2024-09-09 13:47:31,9943,10156,10162,0,0.9414929672168709,hgb,2026-06-03T16:38:27
WANGTC3-F4210KH_wangtc3,secondary_85_15_85,2024-12-15 14:18:14,11673,11677,11685,0,0.2903729636433226,hgb,2026-06-03T16:38:27
WOMALLEY-55RJ32_womalley,primary_80_20_80,2025-10-27 09:34:12,2485,2495,2499,1,0.996110328814433,hgb,2026-06-03T16:38:27
WOMALLEY-55RJ32_womalley,primary_80_20_80,2025-11-03 08:55:41,2582,2639,2648,1,0.9969664694384571,hgb,2026-06-03T16:38:27
WOMALLEY-55RJ32_womalley,primary_80_20_80,2025-11-06 06:53:09,2648,2662,2667,1,0.9794497990565474,hgb,2026-06-03T16:38:27
WOMALLEY-55RJ32_womalley,primary_80_20_80,2026-01-14 10:48:19,3436,3446,3451,1,0.9581289966002016,hgb,2026-06-03T16:38:27
WOMALLEY-55RJ32_womalley,primary_80_20_80,2026-03-26 09:04:41,4512,4543,4548,1,0.9129037202191657,hgb,2026-06-03T16:38:27
WOMALLEY-55RJ32_womalley,primary_80_20_80,2026-03-31 14:59:42,4587,4613,4616,1,0.9940717494427825,hgb,2026-06-03T16:38:27
WOMALLEY-55RJ32_womalley,primary_80_20_80,2026-04-14 09:43:05,4778,4838,4840,1,0.994183526531855,hgb,2026-06-03T16:38:27
WOMALLEY-55RJ32_womalley,primary_80_20_80,2026-04-30 13:41:04,5047,5073,5076,1,0.6705348673286996,hgb,2026-06-03T16:38:27
WOMALLEY-55RJ32_womalley,secondary_85_15_85,2025-11-06 06:53:09,2648,2662,2667,1,0.9794497990565474,hgb,2026-06-03T16:38:27
WOMALLEY-55RJ32_womalley,secondary_85_15_85,2026-03-26 09:04:41,4512,4544,4549,1,0.9370181333342719,hgb,2026-06-03T16:38:27
WOMALLEY-55RJ32_womalley,secondary_85_15_85,2026-03-31 14:59:42,4587,4613,4616,1,0.9940717494427825,hgb,2026-06-03T16:38:27
X13_2IN1,strict_90_10_90,2024-10-15 23:18:01,2685,2706,2712,1,0.9737259123958915,hgb,2026-06-03T16:38:27
X13_2IN1,primary_80_20_80,2024-04-08 11:22:17,179,217,221,1,0.9108130012505075,hgb,2026-06-03T16:38:27
X13_2IN1,primary_80_20_80,2024-08-12 12:51:42,1818,1855,1858,1,0.9667804149777478,hgb,2026-06-03T16:38:27
X13_2IN1,primary_80_20_80,2024-10-15 23:18:01,2685,2705,2712,1,0.9690176576401595,hgb,2026-06-03T16:38:27
X13_2IN1,primary_80_20_80,2024-12-02 11:19:49,3236,3251,3253,1,0.7579394799073936,hgb,2026-06-03T16:38:27
X13_2IN1,primary_80_20_80,2024-12-08 22:36:17,3321,3347,3351,1,0.923295071506781,hgb,2026-06-03T16:38:27
X13_2IN1,primary_80_20_80,2024-12-29 17:16:11,3525,3535,3541,1,0.944035136296215,hgb,2026-06-03T16:38:27
X13_2IN1,secondary_85_15_85,2024-10-15 23:18:01,2685,2706,2712,1,0.9737259123958915,hgb,2026-06-03T16:38:27
X1C13-SIT_X1C13,strict_90_10_90,2024-09-03 09:31:25,229,242,276,0,0.9949196585962256,hgb,2026-06-03T16:38:27
X1C13-SIT_X1C13,primary_80_20_80,2024-08-16 11:23:37,2,48,70,1,0.981962078351532,hgb,2026-06-03T16:38:27
X1C13-SIT_X1C13,primary_80_20_80,2024-08-18 09:15:04,70,77,81,0,0.9494817121575059,hgb,2026-06-03T16:38:27
X1C13-SIT_X1C13,primary_80_20_80,2024-09-03 09:31:25,229,241,276,0,0.9949196585962256,hgb,2026-06-03T16:38:27
X1C13-SIT_X1C13,primary_80_20_80,2024-09-04 17:00:56,276,281,303,0,0.9844659556755833,hgb,2026-06-03T16:38:27
X1C13-SIT_X1C13,secondary_85_15_85,2024-08-16 11:23:37,2,49,70,1,0.9835798804627159,hgb,2026-06-03T16:38:27
X1C13-SIT_X1C13,secondary_85_15_85,2024-08-18 09:15:04,70,78,81,0,0.9527509349668556,hgb,2026-06-03T16:38:27
X1C13-SIT_X1C13,secondary_85_15_85,2024-09-03 09:31:25,229,241,276,0,0.9949196585962256,hgb,2026-06-03T16:38:27
X1C13-SIT_X1C13,secondary_85_15_85,2024-09-04 17:00:56,276,287,303,0,0.9844659556755833,hgb,2026-06-03T16:38:27
X1C_LNL,primary_80_20_80,2025-06-30 06:27:50,1317,1335,1336,1,0.9358522438442238,hgb,2026-06-03T16:38:27
X1C_METEOR,strict_90_10_90,2024-03-17 08:35:39,1988,2051,2056,1,0.9782820599862534,hgb,2026-06-03T16:38:27
X1C_METEOR,primary_80_20_80,2024-02-23 13:47:54,1115,1225,1226,1,0.9949780324048115,hgb,2026-06-03T16:38:27
X1C_METEOR,primary_80_20_80,2024-02-27 14:13:58,1226,1812,1817,1,0.9741790784990232,hgb,2026-06-03T16:38:27
X1C_METEOR,primary_80_20_80,2024-03-17 08:35:39,1988,2051,2056,1,0.9800054137658358,hgb,2026-06-03T16:38:27
X1C_METEOR,secondary_85_15_85,2024-02-23 13:47:54,1115,1225,1226,1,0.9949780324048115,hgb,2026-06-03T16:38:27
X1C_METEOR,secondary_85_15_85,2024-02-27 14:13:58,1226,1812,1817,1,0.9741790784990232,hgb,2026-06-03T16:38:27
X1C_METEOR,secondary_85_15_85,2024-03-17 08:35:39,1988,2051,2056,1,0.9800054137658358,hgb,2026-06-03T16:38:27
X9-SIT1_xuxru,strict_90_10_90,2024-11-09 21:12:44,0,91,154,1,0.9930574125624886,hgb,2026-06-03T16:38:27
X9-SIT1_xuxru,strict_90_10_90,2024-11-13 13:17:55,154,192,196,1,0.9728303482344074,hgb,2026-06-03T16:38:27
X9-SIT1_xuxru,strict_90_10_90,2024-11-15 10:23:56,196,218,221,1,0.9979531622213201,hgb,2026-06-03T16:38:27
X9-SIT1_xuxru,strict_90_10_90,2024-11-15 20:27:53,221,260,263,1,0.9990151932619656,hgb,2026-06-03T16:38:27
X9-SIT1_xuxru,strict_90_10_90,2024-11-17 08:27:32,263,274,287,1,0.9836275369253579,hgb,2026-06-03T16:38:27
X9-SIT1_xuxru,strict_90_10_90,2024-11-17 21:41:47,287,316,322,1,0.9827548621005171,hgb,2026-06-03T16:38:27
X9-SIT1_xuxru,strict_90_10_90,2024-11-18 17:36:45,322,404,409,1,0.9988858835817898,hgb,2026-06-03T16:38:27
X9-SIT1_xuxru,strict_90_10_90,2024-11-21 15:59:40,409,502,522,1,0.9991060224838108,hgb,2026-06-03T16:38:27
X9-SIT1_xuxru,strict_90_10_90,2024-11-23 13:45:06,522,541,552,1,0.9914002795961804,hgb,2026-06-03T16:38:27
X9-SIT1_xuxru,strict_90_10_90,2024-11-25 15:22:15,552,672,673,1,0.9955422140870822,hgb,2026-06-03T16:38:27
X9-SIT1_xuxru,strict_90_10_90,2024-11-29 07:03:49,673,780,798,1,0.9864185472254745,hgb,2026-06-03T16:38:27
X9-SIT1_xuxru,strict_90_10_90,2024-12-03 02:38:53,798,907,910,1,0.9502292908983916,hgb,2026-06-03T16:38:27
X9-SIT1_xuxru,strict_90_10_90,2024-12-04 23:16:53,910,924,1016,1,0.9502853618427044,hgb,2026-06-03T16:38:27
X9-SIT1_xuxru,strict_90_10_90,2024-12-06 13:51:04,1016,1026,1037,1,0.987795072667435,hgb,2026-06-03T16:38:27
X9-SIT1_xuxru,primary_80_20_80,2024-11-09 21:12:44,0,42,49,1,0.9778363297977622,hgb,2026-06-03T16:38:27
X9-SIT1_xuxru,primary_80_20_80,2024-11-11 09:25:22,49,86,149,1,0.987849051679762,hgb,2026-06-03T16:38:27
X9-SIT1_xuxru,primary_80_20_80,2024-11-13 11:39:37,149,190,196,1,0.9966824584803731,hgb,2026-06-03T16:38:27
X9-SIT1_xuxru,primary_80_20_80,2024-11-15 10:23:56,196,217,221,1,0.9971494848915721,hgb,2026-06-03T16:38:27
X9-SIT1_xuxru,primary_80_20_80,2024-11-15 20:27:53,221,259,263,1,0.9989849158623773,hgb,2026-06-03T16:38:27
X9-SIT1_xuxru,primary_80_20_80,2024-11-17 08:27:32,263,272,287,1,0.9802034908475344,hgb,2026-06-03T16:38:27
X9-SIT1_xuxru,primary_80_20_80,2024-11-17 21:41:47,287,315,321,1,0.9772516623775603,hgb,2026-06-03T16:38:27
X9-SIT1_xuxru,primary_80_20_80,2024-11-18 17:06:45,321,336,348,1,0.9799373523154228,hgb,2026-06-03T16:38:27
X9-SIT1_xuxru,primary_80_20_80,2024-11-19 13:55:27,348,366,367,1,0.9906469171119388,hgb,2026-06-03T16:38:27
X9-SIT1_xuxru,primary_80_20_80,2024-11-20 11:23:07,367,403,409,1,0.9844321657129085,hgb,2026-06-03T16:38:27
X9-SIT1_xuxru,primary_80_20_80,2024-11-21 15:59:40,409,499,522,1,0.9989475295677961,hgb,2026-06-03T16:38:27
X9-SIT1_xuxru,primary_80_20_80,2024-11-23 13:45:06,522,539,552,1,0.989589878760339,hgb,2026-06-03T16:38:27
X9-SIT1_xuxru,primary_80_20_80,2024-11-25 15:22:15,552,645,648,1,0.9824342704085575,hgb,2026-06-03T16:38:27
X9-SIT1_xuxru,primary_80_20_80,2024-11-28 10:50:40,648,671,673,1,0.9986639005357119,hgb,2026-06-03T16:38:27
X9-SIT1_xuxru,primary_80_20_80,2024-11-29 07:03:49,673,707,718,1,0.9746274845732512,hgb,2026-06-03T16:38:27
X9-SIT1_xuxru,primary_80_20_80,2024-11-30 13:40:33,718,760,763,1,0.9745701228444059,hgb,2026-06-03T16:38:27
X9-SIT1_xuxru,primary_80_20_80,2024-12-02 14:03:32,763,778,786,1,0.9429649688908208,hgb,2026-06-03T16:38:27
X9-SIT1_xuxru,primary_80_20_80,2024-12-02 22:34:10,786,842,851,1,0.9472351479719616,hgb,2026-06-03T16:38:27
X9-SIT1_xuxru,primary_80_20_80,2024-12-03 23:57:19,851,906,910,1,0.9260613550759315,hgb,2026-06-03T16:38:27
X9-SIT1_xuxru,primary_80_20_80,2024-12-04 23:16:53,910,923,991,1,0.9239101717891665,hgb,2026-06-03T16:38:27
X9-SIT1_xuxru,primary_80_20_80,2024-12-05 13:20:54,991,1003,1016,1,0.9695491160239204,hgb,2026-06-03T16:38:27
X9-SIT1_xuxru,primary_80_20_80,2024-12-06 13:51:04,1016,1025,1037,1,0.9816106855998115,hgb,2026-06-03T16:38:27
X9-SIT1_xuxru,secondary_85_15_85,2024-11-09 21:12:44,0,88,149,1,0.9930074910030866,hgb,2026-06-03T16:38:27
X9-SIT1_xuxru,secondary_85_15_85,2024-11-13 11:39:37,149,190,196,1,0.9966824584803731,hgb,2026-06-03T16:38:27
X9-SIT1_xuxru,secondary_85_15_85,2024-11-15 10:23:56,196,218,221,1,0.9979531622213201,hgb,2026-06-03T16:38:27
X9-SIT1_xuxru,secondary_85_15_85,2024-11-15 20:27:53,221,259,263,1,0.9989849158623773,hgb,2026-06-03T16:38:27
X9-SIT1_xuxru,secondary_85_15_85,2024-11-17 08:27:32,263,273,287,1,0.9802034908475344,hgb,2026-06-03T16:38:27
X9-SIT1_xuxru,secondary_85_15_85,2024-11-17 21:41:47,287,315,321,1,0.9772516623775603,hgb,2026-06-03T16:38:27
X9-SIT1_xuxru,secondary_85_15_85,2024-11-18 17:06:45,321,366,367,1,0.9897152180824395,hgb,2026-06-03T16:38:27
X9-SIT1_xuxru,secondary_85_15_85,2024-11-20 11:23:07,367,404,409,1,0.9853046114364277,hgb,2026-06-03T16:38:27
X9-SIT1_xuxru,secondary_85_15_85,2024-11-21 15:59:40,409,502,522,1,0.9991060224838108,hgb,2026-06-03T16:38:27
X9-SIT1_xuxru,secondary_85_15_85,2024-11-23 13:45:06,522,540,552,1,0.989589878760339,hgb,2026-06-03T16:38:27
X9-SIT1_xuxru,secondary_85_15_85,2024-11-25 15:22:15,552,671,673,1,0.9928337908192673,hgb,2026-06-03T16:38:27
X9-SIT1_xuxru,secondary_85_15_85,2024-11-29 07:03:49,673,778,793,1,0.9736525515150125,hgb,2026-06-03T16:38:27
X9-SIT1_xuxru,secondary_85_15_85,2024-12-03 00:57:51,793,843,852,1,0.9473939872167941,hgb,2026-06-03T16:38:27
X9-SIT1_xuxru,secondary_85_15_85,2024-12-04 00:27:19,852,907,910,1,0.9432390172355539,hgb,2026-06-03T16:38:27
X9-SIT1_xuxru,secondary_85_15_85,2024-12-04 23:16:53,910,923,991,1,0.9239101717891665,hgb,2026-06-03T16:38:27
X9-SIT1_xuxru,secondary_85_15_85,2024-12-05 13:20:54,991,1004,1016,1,0.9764328819814589,hgb,2026-06-03T16:38:27
X9-SIT1_xuxru,secondary_85_15_85,2024-12-06 13:51:04,1016,1026,1037,1,0.987795072667435,hgb,2026-06-03T16:38:27
XBB20241007_Lenovo,strict_90_10_90,2025-02-11 14:54:37,0,14,19,1,0.9881497332940439,hgb,2026-06-03T16:38:27
XBB20241007_Lenovo,primary_80_20_80,2025-02-11 14:54:37,0,14,19,1,0.9881497332940439,hgb,2026-06-03T16:38:27
XBB20241007_Lenovo,secondary_85_15_85,2025-02-11 14:54:37,0,14,19,1,0.9881497332940439,hgb,2026-06-03T16:38:27
XLIN3-PF4RXZPZ_xlin3,strict_90_10_90,2024-07-01 17:59:05,1227,1302,1306,1,0.9416301211401492,hgb,2026-06-03T16:38:27
XLIN3-PF4RXZPZ_xlin3,strict_90_10_90,2024-07-04 13:21:17,1306,1316,1323,1,0.9819492556357813,hgb,2026-06-03T16:38:27
XLIN3-PF4RXZPZ_xlin3,strict_90_10_90,2024-12-13 17:52:24,3698,3740,3750,1,0.963310154805361,hgb,2026-06-03T16:38:27
XLIN3-PF4RXZPZ_xlin3,strict_90_10_90,2025-02-22 16:15:46,4817,4862,4865,1,0.955848473742255,hgb,2026-06-03T16:38:27
XLIN3-PF4RXZPZ_xlin3,strict_90_10_90,2025-04-06 15:16:05,5378,5394,5397,1,0.7007225239172812,hgb,2026-06-03T16:38:27
XLIN3-PF4RXZPZ_xlin3,strict_90_10_90,2025-05-17 23:51:42,5981,5994,5997,1,0.9974247649253598,hgb,2026-06-03T16:38:27
XLIN3-PF4RXZPZ_xlin3,strict_90_10_90,2025-05-30 22:38:18,6180,6199,6202,1,0.9926977253031911,hgb,2026-06-03T16:38:27
XLIN3-PF4RXZPZ_xlin3,strict_90_10_90,2025-06-27 20:46:22,6614,6770,6776,1,0.9981310102706427,hgb,2026-06-03T16:38:27
XLIN3-PF4RXZPZ_xlin3,strict_90_10_90,2025-07-25 18:15:57,7240,7321,7324,1,0.9491120814362975,hgb,2026-06-03T16:38:27
XLIN3-PF4RXZPZ_xlin3,strict_90_10_90,2025-08-08 18:22:45,7526,7553,7556,1,0.860660612866592,hgb,2026-06-03T16:38:27
XLIN3-PF4RXZPZ_xlin3,strict_90_10_90,2025-08-15 22:58:01,7655,7671,7674,1,0.9912346745552018,hgb,2026-06-03T16:38:27
XLIN3-PF4RXZPZ_xlin3,strict_90_10_90,2025-08-16 16:34:19,7674,7688,7691,1,0.9940865686763367,hgb,2026-06-03T16:38:27
XLIN3-PF4RXZPZ_xlin3,strict_90_10_90,2025-08-23 20:13:57,7819,7856,7859,1,0.9961644103982416,hgb,2026-06-03T16:38:27
XLIN3-PF4RXZPZ_xlin3,strict_90_10_90,2025-09-14 12:30:21,8302,8317,8321,1,0.9721654510192103,hgb,2026-06-03T16:38:27
XLIN3-PF4RXZPZ_xlin3,strict_90_10_90,2025-09-14 20:00:21,8321,8344,8350,1,0.9895123652512064,hgb,2026-06-03T16:38:27
XLIN3-PF4RXZPZ_xlin3,strict_90_10_90,2025-10-06 21:50:07,8870,8892,8896,1,0.9855330308788858,hgb,2026-06-03T16:38:27
XLIN3-PF4RXZPZ_xlin3,strict_90_10_90,2025-10-09 21:17:44,8944,8968,8971,1,0.9928380026972276,hgb,2026-06-03T16:38:27
XLIN3-PF4RXZPZ_xlin3,strict_90_10_90,2025-10-10 19:50:54,8971,9000,9003,1,0.9873338161604698,hgb,2026-06-03T16:38:27
XLIN3-PF4RXZPZ_xlin3,strict_90_10_90,2025-10-14 21:04:29,9100,9124,9131,1,0.9991695413852818,hgb,2026-06-03T16:38:27
XLIN3-PF4RXZPZ_xlin3,strict_90_10_90,2025-10-15 19:38:25,9131,9268,9275,1,0.9971674195721195,hgb,2026-06-03T16:38:27
XLIN3-PF4RXZPZ_xlin3,strict_90_10_90,2025-10-19 12:30:18,9275,9334,9340,1,0.9843119246080211,hgb,2026-06-03T16:38:27
XLIN3-PF4RXZPZ_xlin3,primary_80_20_80,2024-07-01 17:59:05,1227,1301,1306,1,0.9280936088010155,hgb,2026-06-03T16:38:27
XLIN3-PF4RXZPZ_xlin3,primary_80_20_80,2024-07-04 13:21:17,1306,1315,1323,1,0.9709064274988162,hgb,2026-06-03T16:38:27
XLIN3-PF4RXZPZ_xlin3,primary_80_20_80,2024-07-04 19:53:14,1323,1366,1367,1,0.9962692125622238,hgb,2026-06-03T16:38:27
XLIN3-PF4RXZPZ_xlin3,primary_80_20_80,2024-12-13 17:52:24,3698,3739,3743,1,0.9673730489368274,hgb,2026-06-03T16:38:27
XLIN3-PF4RXZPZ_xlin3,primary_80_20_80,2025-01-24 23:21:02,4412,4437,4440,1,0.9864062993438406,hgb,2026-06-03T16:38:27
XLIN3-PF4RXZPZ_xlin3,primary_80_20_80,2025-01-31 21:57:44,4494,4507,4511,1,0.9971465080714033,hgb,2026-06-03T16:38:27
XLIN3-PF4RXZPZ_xlin3,primary_80_20_80,2025-02-15 22:13:45,4697,4712,4715,1,0.9539134426091547,hgb,2026-06-03T16:38:27
XLIN3-PF4RXZPZ_xlin3,primary_80_20_80,2025-02-16 16:23:03,4715,4726,4729,1,0.9727888179420888,hgb,2026-06-03T16:38:27
XLIN3-PF4RXZPZ_xlin3,primary_80_20_80,2025-02-22 16:15:46,4817,4846,4849,1,0.9345042743527308,hgb,2026-06-03T16:38:27
XLIN3-PF4RXZPZ_xlin3,primary_80_20_80,2025-02-23 15:25:16,4849,4861,4864,1,0.9426591007700587,hgb,2026-06-03T16:38:27
XLIN3-PF4RXZPZ_xlin3,primary_80_20_80,2025-04-06 15:16:05,5378,5393,5396,1,0.8086342935560887,hgb,2026-06-03T16:38:27
XLIN3-PF4RXZPZ_xlin3,primary_80_20_80,2025-05-09 21:43:55,5833,5885,5887,1,0.9416064933604277,hgb,2026-06-03T16:38:27
XLIN3-PF4RXZPZ_xlin3,primary_80_20_80,2025-05-17 23:21:42,5980,5993,5997,1,0.9973558319742731,hgb,2026-06-03T16:38:27
XLIN3-PF4RXZPZ_xlin3,primary_80_20_80,2025-05-25 18:37:21,6113,6136,6157,1,0.9952349427950493,hgb,2026-06-03T16:38:27
XLIN3-PF4RXZPZ_xlin3,primary_80_20_80,2025-05-30 22:38:18,6180,6197,6202,1,0.9907520405444477,hgb,2026-06-03T16:38:27
XLIN3-PF4RXZPZ_xlin3,primary_80_20_80,2025-06-06 23:46:03,6300,6348,6352,1,0.9527777553262425,hgb,2026-06-03T16:38:27
XLIN3-PF4RXZPZ_xlin3,primary_80_20_80,2025-06-21 14:17:05,6503,6553,6556,1,0.9895325699221298,hgb,2026-06-03T16:38:27
XLIN3-PF4RXZPZ_xlin3,primary_80_20_80,2025-06-27 20:46:22,6614,6769,6775,1,0.9966469970690893,hgb,2026-06-03T16:38:27
XLIN3-PF4RXZPZ_xlin3,primary_80_20_80,2025-07-05 19:10:12,6866,6901,6904,1,0.5113069623965941,hgb,2026-06-03T16:38:27
XLIN3-PF4RXZPZ_xlin3,primary_80_20_80,2025-07-12 16:22:42,6988,7029,7032,1,0.977762009357342,hgb,2026-06-03T16:38:27
XLIN3-PF4RXZPZ_xlin3,primary_80_20_80,2025-07-18 22:54:31,7099,7107,7109,1,0.9771863207259014,hgb,2026-06-03T16:38:27
XLIN3-PF4RXZPZ_xlin3,primary_80_20_80,2025-07-19 13:45:10,7109,7154,7157,1,0.992193464444099,hgb,2026-06-03T16:38:27
XLIN3-PF4RXZPZ_xlin3,primary_80_20_80,2025-07-25 18:15:57,7240,7320,7324,1,0.9463691735242458,hgb,2026-06-03T16:38:27
XLIN3-PF4RXZPZ_xlin3,primary_80_20_80,2025-08-08 18:22:45,7526,7553,7556,1,0.860660612866592,hgb,2026-06-03T16:38:27
XLIN3-PF4RXZPZ_xlin3,primary_80_20_80,2025-08-15 22:28:01,7654,7670,7674,1,0.9965931485867796,hgb,2026-06-03T16:38:27
XLIN3-PF4RXZPZ_xlin3,primary_80_20_80,2025-08-16 16:34:19,7674,7687,7691,1,0.9937518704038476,hgb,2026-06-03T16:38:27
XLIN3-PF4RXZPZ_xlin3,primary_80_20_80,2025-08-17 00:04:19,7691,7703,7705,1,0.995447875433515,hgb,2026-06-03T16:38:27
XLIN3-PF4RXZPZ_xlin3,primary_80_20_80,2025-08-23 18:10:04,7813,7853,7859,1,0.9728832169298423,hgb,2026-06-03T16:38:27
XLIN3-PF4RXZPZ_xlin3,primary_80_20_80,2025-08-29 21:10:46,7939,7987,7989,1,0.9580328587728991,hgb,2026-06-03T16:38:27
XLIN3-PF4RXZPZ_xlin3,primary_80_20_80,2025-08-31 15:29:34,7989,8018,8022,1,0.9640767132024957,hgb,2026-06-03T16:38:27
XLIN3-PF4RXZPZ_xlin3,primary_80_20_80,2025-09-13 15:00:23,8254,8293,8299,1,0.9480069347678599,hgb,2026-06-03T16:38:27
XLIN3-PF4RXZPZ_xlin3,primary_80_20_80,2025-09-14 12:00:21,8299,8316,8320,1,0.9799802164002311,hgb,2026-06-03T16:38:27
XLIN3-PF4RXZPZ_xlin3,primary_80_20_80,2025-09-14 19:30:21,8320,8343,8349,1,0.9769994621025735,hgb,2026-06-03T16:38:27
XLIN3-PF4RXZPZ_xlin3,primary_80_20_80,2025-09-23 18:11:03,8499,8527,8531,1,0.9812205746439541,hgb,2026-06-03T16:38:27
XLIN3-PF4RXZPZ_xlin3,primary_80_20_80,2025-10-01 21:29:22,8705,8729,8734,1,0.9896957098937331,hgb,2026-06-03T16:38:27
XLIN3-PF4RXZPZ_xlin3,primary_80_20_80,2025-10-06 21:50:07,8870,8891,8896,1,0.9850154972701294,hgb,2026-06-03T16:38:27
XLIN3-PF4RXZPZ_xlin3,primary_80_20_80,2025-10-09 20:47:44,8943,8967,8970,1,0.9895028109932917,hgb,2026-06-03T16:38:27
XLIN3-PF4RXZPZ_xlin3,primary_80_20_80,2025-10-10 19:20:54,8970,9000,9002,1,0.8461068889929511,hgb,2026-06-03T16:38:27
XLIN3-PF4RXZPZ_xlin3,primary_80_20_80,2025-10-14 20:04:29,9098,9124,9128,1,0.9867273374158408,hgb,2026-06-03T16:38:27
XLIN3-PF4RXZPZ_xlin3,primary_80_20_80,2025-10-15 19:08:25,9128,9191,9197,1,0.9525295225297794,hgb,2026-06-03T16:38:27
XLIN3-PF4RXZPZ_xlin3,primary_80_20_80,2025-10-17 21:24:52,9197,9268,9271,1,0.9747008729637457,hgb,2026-06-03T16:38:27
XLIN3-PF4RXZPZ_xlin3,primary_80_20_80,2025-10-19 11:09:36,9271,9333,9339,1,0.9775297158897672,hgb,2026-06-03T16:38:27
XLIN3-PF4RXZPZ_xlin3,primary_80_20_80,2025-10-21 18:22:08,9339,9396,9400,1,0.9971202269771825,hgb,2026-06-03T16:38:27
XLIN3-PF4RXZPZ_xlin3,secondary_85_15_85,2024-07-01 17:59:05,1227,1302,1306,1,0.9416301211401492,hgb,2026-06-03T16:38:27
XLIN3-PF4RXZPZ_xlin3,secondary_85_15_85,2024-07-04 13:21:17,1306,1316,1323,1,0.9819492556357813,hgb,2026-06-03T16:38:27
XLIN3-PF4RXZPZ_xlin3,secondary_85_15_85,2024-12-13 17:52:24,3698,3740,3750,1,0.963310154805361,hgb,2026-06-03T16:38:27
XLIN3-PF4RXZPZ_xlin3,secondary_85_15_85,2025-02-22 16:15:46,4817,4861,4865,1,0.9502897864539662,hgb,2026-06-03T16:38:27
XLIN3-PF4RXZPZ_xlin3,secondary_85_15_85,2025-04-06 15:16:05,5378,5393,5397,1,0.6889785337786777,hgb,2026-06-03T16:38:27
XLIN3-PF4RXZPZ_xlin3,secondary_85_15_85,2025-05-17 23:51:42,5981,5994,5997,1,0.9974247649253598,hgb,2026-06-03T16:38:27
XLIN3-PF4RXZPZ_xlin3,secondary_85_15_85,2025-05-25 18:37:21,6113,6146,6157,1,0.9952911369470422,hgb,2026-06-03T16:38:27
XLIN3-PF4RXZPZ_xlin3,secondary_85_15_85,2025-05-30 22:38:18,6180,6198,6202,1,0.9923757448953016,hgb,2026-06-03T16:38:27
XLIN3-PF4RXZPZ_xlin3,secondary_85_15_85,2025-06-27 20:46:22,6614,6769,6776,1,0.9962984061856813,hgb,2026-06-03T16:38:27
XLIN3-PF4RXZPZ_xlin3,secondary_85_15_85,2025-07-25 18:15:57,7240,7321,7324,1,0.9491120814362975,hgb,2026-06-03T16:38:27
XLIN3-PF4RXZPZ_xlin3,secondary_85_15_85,2025-08-08 18:22:45,7526,7553,7556,1,0.860660612866592,hgb,2026-06-03T16:38:27
XLIN3-PF4RXZPZ_xlin3,secondary_85_15_85,2025-08-15 22:28:01,7654,7671,7674,1,0.9967761397264925,hgb,2026-06-03T16:38:27
XLIN3-PF4RXZPZ_xlin3,secondary_85_15_85,2025-08-16 16:34:19,7674,7688,7691,1,0.9940865686763367,hgb,2026-06-03T16:38:27
XLIN3-PF4RXZPZ_xlin3,secondary_85_15_85,2025-08-23 20:13:57,7819,7856,7859,1,0.9961644103982416,hgb,2026-06-03T16:38:27
XLIN3-PF4RXZPZ_xlin3,secondary_85_15_85,2025-09-14 12:00:21,8299,8317,8320,1,0.9814743275553727,hgb,2026-06-03T16:38:27
XLIN3-PF4RXZPZ_xlin3,secondary_85_15_85,2025-09-14 19:30:21,8320,8343,8350,1,0.9765824708997176,hgb,2026-06-03T16:38:27
XLIN3-PF4RXZPZ_xlin3,secondary_85_15_85,2025-10-01 21:29:22,8705,8729,8734,1,0.9896957098937331,hgb,2026-06-03T16:38:27
XLIN3-PF4RXZPZ_xlin3,secondary_85_15_85,2025-10-06 21:50:07,8870,8891,8896,1,0.9850154972701294,hgb,2026-06-03T16:38:27
XLIN3-PF4RXZPZ_xlin3,secondary_85_15_85,2025-10-09 21:17:44,8944,8967,8970,1,0.9881675779400007,hgb,2026-06-03T16:38:27
XLIN3-PF4RXZPZ_xlin3,secondary_85_15_85,2025-10-10 19:20:54,8970,9000,9003,1,0.8602221510772061,hgb,2026-06-03T16:38:27
XLIN3-PF4RXZPZ_xlin3,secondary_85_15_85,2025-10-14 21:04:29,9100,9124,9129,1,0.9987682137708982,hgb,2026-06-03T16:38:27
XLIN3-PF4RXZPZ_xlin3,secondary_85_15_85,2025-10-15 19:13:26,9129,9268,9275,1,0.9847558027985895,hgb,2026-06-03T16:38:27
XLIN3-PF4RXZPZ_xlin3,secondary_85_15_85,2025-10-19 12:30:18,9275,9333,9340,1,0.9876586429421447,hgb,2026-06-03T16:38:27
Y25872-PC2DR71X_y25872,primary_80_20_80,2024-04-15 10:49:27,8607,8628,8631,0,0.7242097435484991,hgb,2026-06-03T16:38:27
YINGNIE-W01KL34_yingnie,primary_80_20_80,2023-08-31 09:19:40,3050,3067,3076,0,0.16647810200787033,hgb,2026-06-03T16:38:27
YONDA-PF1BLXHW_yonda,strict_90_10_90,2025-05-29 10:09:45,9684,10132,10139,1,0.979719911586891,hgb,2026-06-03T16:38:27
YONDA-PF1BLXHW_yonda,primary_80_20_80,2024-10-04 01:42:28,6079,6138,6146,1,0.9061450583153007,hgb,2026-06-03T16:38:27
YONDA-PF1BLXHW_yonda,primary_80_20_80,2025-02-05 10:05:11,7773,8113,8130,1,0.901979653137777,hgb,2026-06-03T16:38:27
YONDA-PF1BLXHW_yonda,primary_80_20_80,2025-02-18 10:59:14,8130,8192,8197,1,0.9411713172584364,hgb,2026-06-03T16:38:27
YONDA-PF1BLXHW_yonda,primary_80_20_80,2025-04-15 09:26:04,9027,9089,9101,1,0.9934310606933543,hgb,2026-06-03T16:38:27
YONDA-PF1BLXHW_yonda,primary_80_20_80,2025-05-29 10:09:45,9684,9732,9738,1,0.9717054102198385,hgb,2026-06-03T16:38:27
YONDA-PF1BLXHW_yonda,primary_80_20_80,2025-05-30 22:28:01,9738,10056,10063,1,0.9580791939859518,hgb,2026-06-03T16:38:27
YONDA-PF1BLXHW_yonda,primary_80_20_80,2025-06-10 21:46:08,10063,10128,10139,1,0.991465790083556,hgb,2026-06-03T16:38:27
YONDA-PF1BLXHW_yonda,primary_80_20_80,2025-11-16 13:07:54,12824,12992,12999,1,0.9701725010717779,hgb,2026-06-03T16:38:27
YONDA-PF1BLXHW_yonda,secondary_85_15_85,2024-10-04 01:42:28,6079,6139,6146,1,0.9061450583153007,hgb,2026-06-03T16:38:27
YONDA-PF1BLXHW_yonda,secondary_85_15_85,2025-04-15 09:26:04,9027,9091,9101,1,0.9952797931542534,hgb,2026-06-03T16:38:27
YONDA-PF1BLXHW_yonda,secondary_85_15_85,2025-05-29 10:09:45,9684,10059,10063,1,0.9753594937685418,hgb,2026-06-03T16:38:27
YONDA-PF1BLXHW_yonda,secondary_85_15_85,2025-06-10 21:46:08,10063,10130,10139,1,0.9926769522102171,hgb,2026-06-03T16:38:27
YONDA-PF1BLXHW_yonda,secondary_85_15_85,2025-11-16 13:07:54,12824,12995,12999,1,0.9765415762746561,hgb,2026-06-03T16:38:27
YSONE-PF3993EL_ysone,strict_90_10_90,2024-02-13 11:10:52,7678,7692,7701,1,0.8575476178839281,hgb,2026-06-03T16:38:27
YSONE-PF3993EL_ysone,primary_80_20_80,2024-01-30 12:40:07,7514,7529,7535,1,0.8764640170614951,hgb,2026-06-03T16:38:27
YSONE-PF3993EL_ysone,primary_80_20_80,2024-02-13 11:10:52,7678,7692,7701,1,0.8575476178839281,hgb,2026-06-03T16:38:27
YSONE-PF3993EL_ysone,primary_80_20_80,2024-02-14 12:18:56,7701,7736,7741,1,0.921014555324276,hgb,2026-06-03T16:38:27
YSONE-PF3993EL_ysone,primary_80_20_80,2024-02-20 14:53:31,7789,7795,7799,1,0.946314824406852,hgb,2026-06-03T16:38:27
YSONE-PF3993EL_ysone,primary_80_20_80,2024-02-29 10:54:52,7920,7938,7943,1,0.7720467706946538,hgb,2026-06-03T16:38:27
YSONE-PF3993EL_ysone,primary_80_20_80,2024-04-04 10:44:01,8423,8438,8442,1,0.8695795455638395,hgb,2026-06-03T16:38:27
YSONE-PF3993EL_ysone,primary_80_20_80,2024-04-23 10:15:33,8698,8718,8722,1,0.9784021367035736,hgb,2026-06-03T16:38:27
YSONE-PF3993EL_ysone,primary_80_20_80,2024-05-08 10:10:39,8803,8822,8825,1,0.9809104484646399,hgb,2026-06-03T16:38:27
YSONE-PF3993EL_ysone,secondary_85_15_85,2024-02-13 11:10:52,7678,7692,7701,1,0.8575476178839281,hgb,2026-06-03T16:38:27
YSONE-PF3993EL_ysone,secondary_85_15_85,2024-04-23 10:45:33,8699,8718,8723,1,0.969140762137869,hgb,2026-06-03T16:38:27
YTAGAMI-F3TQANR_ytagami,primary_80_20_80,2023-04-04 23:33:24,842,898,901,0,0.9143885960108468,hgb,2026-06-03T16:38:27
YTAGAMI-F3TQANR_ytagami,primary_80_20_80,2023-05-29 12:47:02,1615,1723,1727,0,0.06500765867782793,hgb,2026-06-03T16:38:27
YTAGAMI-F3TQANR_ytagami,primary_80_20_80,2023-10-10 12:21:25,3506,3565,3567,0,0.03820652586424662,hgb,2026-06-03T16:38:27
YTAGAMI-F3TQANR_ytagami,primary_80_20_80,2023-10-16 12:01:00,3609,3628,3633,0,0.08366593195366902,hgb,2026-06-03T16:38:27
YTAGAMI-F3TQANR_ytagami,primary_80_20_80,2023-10-17 10:39:37,3633,3682,3686,0,0.0655642410061042,hgb,2026-06-03T16:38:27
YTAGAMI-F3TQANR_ytagami,primary_80_20_80,2024-01-25 12:13:20,5195,5215,5232,0,0.07827020321070996,hgb,2026-06-03T16:38:27
YTAGAMI-F3TQANR_ytagami,secondary_85_15_85,2023-10-17 10:39:37,3633,3684,3686,0,0.023045829688340205,hgb,2026-06-03T16:38:27
YTAGAMI-F3TQANR_ytagami,secondary_85_15_85,2024-01-25 12:13:20,5195,5215,5232,0,0.07827020321070996,hgb,2026-06-03T16:38:27
YWADA-PF49SXTB_ywada,strict_90_10_90,2023-09-12 06:42:37,2989,3047,3051,0,0.9828934846440426,hgb,2026-06-03T16:38:27
YWADA-PF49SXTB_ywada,primary_80_20_80,2023-09-12 06:42:37,2989,3046,3051,0,0.9690190883849112,hgb,2026-06-03T16:38:27
YWADA-PF49SXTB_ywada,secondary_85_15_85,2023-09-12 06:42:37,2989,3046,3051,0,0.9690190883849112,hgb,2026-06-03T16:38:27
ZWOXPF3V6VNY_zwo,primary_80_20_80,2023-03-07 13:15:14,1327,1374,1382,1,0.6647531619484272,hgb,2026-06-03T16:38:27
