user_id,final_label,recommended_action,confidence,sub_reason,gauge_reset_score_0_100,fw_check_score_0_100,primary_evidence,flat_tail_days,fcc_changes,tail_cycle_delta,tail_n_90_10_90_ok,tail_n_80_20_80_ok,tail_n_85_15_85_ok,tail_response_rate_80_20_80_72h,relevant_response_rate_72h,tail_ac_time_ratio,tail_min_rsoc,tail_max_rsoc,tail_rsoc_swing,obs_days,data_quality_label,device_model,batt_vendor,batt_fru,operational_message,analysis_timestamp
0350LQ-PF593HRF_0350LQ,REVIEW_INSUFFICIENT_DATA,ACTION_COLLECT_MORE_DATA_OR_MANUAL_REVIEW,review,,65.2,5.2,"obs_days=83.0, n_samples=532, quality=QUALITY_SHORT_OBS -> insufficient/uncertain data",1.0,5,0.0,0,0,0,,,1.0,100.0,100.0,0.0,82.98,QUALITY_SHORT_OBS,ThinkPad X1 2-in-1 Gen 10,SMP,5B11M90097,観測期間・サンプル数・カウンタ整合性のいずれかが不足しており、信頼できる介入判定ができません。追加データ収集または手動レビューが必要です。,2026-06-03T12:47:30
ABUCKNER-0B0WH8_abuckner,NORMAL_OR_RESPONDING,ACTION_NONE,high,,71.2,11.8,"flat_tail=10.9d, fcc_changes=50, tail_cyc=0.0, tail_ok[90/80/85]=0/0/0 -> FCC still updating / not a no-low-change candidate",10.9,50,0.0,0,0,0,,,0.9692,74.0,81.0,7.0,756.01,QUALITY_OK,ThinkPad P1 Gen 7,Sunwoda,5B11M37553,,2026-06-03T12:47:30
ADAMSTHAMESLNLB_Howes,NORMAL_OR_RESPONDING,ACTION_NONE,high,,64.5,10.2,"flat_tail=0.9d, fcc_changes=76, tail_cyc=0.0, tail_ok[90/80/85]=0/0/0 -> FCC still updating / not a no-low-change candidate",0.9,76,0.0,0,0,0,,,0.6815,83.0,100.0,17.0,197.5,QUALITY_OK,ThinkPad X1 Carbon Gen 13,SMP,5B11M90097,,2026-06-03T12:47:30
ADAMS_ALLOY,NORMAL_OR_RESPONDING,ACTION_NONE,high,,72.2,12.2,"flat_tail=12.9d, fcc_changes=16, tail_cyc=0.0, tail_ok[90/80/85]=0/0/0 -> FCC still updating / not a no-low-change candidate",12.9,16,0.0,0,0,0,,,1.0,53.0,94.0,41.0,274.94,QUALITY_OK,ThinkPad X9-14 Gen 1,Sunwoda,LNV-5B11M90102,,2026-06-03T12:47:30
ADAMS_JAGUAR3,NORMAL_OR_RESPONDING,ACTION_NONE,high,,81.2,26.0,"flat_tail=89.8d, fcc_changes=11, tail_cyc=5.0, tail_ok[90/80/85]=0/0/0 -> FCC still updating / not a no-low-change candidate",89.8,11,5.0,0,0,0,,,0.9359,2.0,100.0,98.0,738.71,QUALITY_OK,ThinkPad X1 Yoga Gen 8,SMP,5B10W13973,,2026-06-03T12:47:30
ADIEHL-PF4CNVD9_adiehl,NORMAL_OR_RESPONDING,ACTION_NONE,high,,67.3,10.5,"flat_tail=1.7d, fcc_changes=29, tail_cyc=1.0, tail_ok[90/80/85]=0/0/0 -> FCC still updating / not a no-low-change candidate",1.7,29,1.0,0,0,0,,,0.877,1.0,100.0,99.0,238.98,QUALITY_OK,ThinkPad T14s Gen 4,SMP,5B10W51875,,2026-06-03T12:47:30
AGEORGE3-4SA7W2_ageorge3,ACTIONABLE_GAUGE_RESET_NO_OPPORTUNITY,ACTION_GAUGE_RESET,high,NO_OPPORTUNITY_AC_BOUND;NO_OPPORTUNITY_LOW_CYCLING,91.1,42.6,"flat_tail=185.4d, fcc_changes=1, tail_cyc=13.0, tail_ok[90/80/85]=0/0/0, ac=0.88, min_rsoc=17.0, swing=83.0 -> no learning opportunity in flat tail",185.4,1,13.0,0,0,0,,,0.8823,17.0,100.0,83.0,203.88,QUALITY_OK,ThinkPad X13 Gen 5,SMP,5B11M90048,FCC/SoHが長期間更新されていませんが、ログ上は深い放電→再充電の学習機会が不足しています。安全な環境でOEM推奨のバッテリーゲージリセット/キャリブレーションを実施し、その後72h〜7日間のテレメトリでFCC更新有無を確認してください。,2026-06-03T12:47:30
AH-PF2PXA6R_ah,ACTIONABLE_FW_CHECK_OPPORTUNITY_NO_RESPONSE,ACTION_FW_CHECK,medium,LOW_UPDATE_RATE_WITH_OPPORTUNITIES,71.5,76.0,"flat_tail=336.9d, fcc_changes=1, tail_cyc=66.0, tail_ok[90/80/85]=0/1/0, resp72h(rel)=0.000 -> opportunities present but FCC did not respond",336.9,1,66.0,0,1,0,0.0,0.0,0.9503,6.0,100.0,94.0,344.96,QUALITY_OK,ThinkPad X1 Carbon Gen 9,Sunwoda,5B10W13975,FCC/SoHが長期間更新されておらず、ログ上は深い放電→再充電の学習機会が複数回確認されています。通常のキャリブレーション機会があったにもかかわらずFCC応答がないため、BIOS/EC/バッテリー関連FWのVersion確認とアップデート有無確認を優先してください。アップデート後、次回の学習機会後72h〜7日間でFCC更新有無を確認してください。,2026-06-03T12:47:30
AH-PF4KXDJ8_ah,NORMAL_OR_RESPONDING,ACTION_NONE,high,,68.8,10.1,"flat_tail=0.8d, fcc_changes=45, tail_cyc=0.0, tail_ok[90/80/85]=0/0/0 -> FCC still updating / not a no-low-change candidate",0.8,45,0.0,0,0,0,,,0.9324,83.0,100.0,17.0,239.96,QUALITY_OK,ThinkPad X1 Carbon Gen 12,Celxpert,5B11H56384,,2026-06-03T12:47:30
AIII1-PF55Q7L6_aiii1,WATCH_LOW_UPDATE_RATE_AMBIGUOUS,ACTION_MONITOR_OR_MANUAL_REVIEW,low,,75.2,48.0,"flat_tail=242.8d, fcc_changes=0, tail_cyc=40.0, tail_ok[90/80/85]=0/0/0, resp72h(rel)=NA -> ambiguous low-update",242.8,0,40.0,0,0,0,,,0.5085,4.0,98.0,94.0,242.85,QUALITY_OK,ThinkPad T16 Gen 4,SMP,5B11H56412,FCC更新率は低いものの完全凍結ではない/学習機会が少ない/データ品質が中程度のため、FW確認に回す前にモニタリングまたは手動レビューを推奨します。,2026-06-03T12:47:30
AIII1-PF6249QS_aiii1,REVIEW_INSUFFICIENT_DATA,ACTION_COLLECT_MORE_DATA_OR_MANUAL_REVIEW,review,,57.7,6.0,"obs_days=109.8, n_samples=1272, quality=QUALITY_SHORT_OBS -> insufficient/uncertain data",6.0,29,0.0,0,0,0,,,0.5448,60.0,85.0,25.0,109.83,QUALITY_SHORT_OBS,ThinkPad P16s Gen 5,COSMX,5B11M90178,観測期間・サンプル数・カウンタ整合性のいずれかが不足しており、信頼できる介入判定ができません。追加データ収集または手動レビューが必要です。,2026-06-03T12:47:30
AIII1-PW0J2TQF_aiii1,NORMAL_OR_RESPONDING,ACTION_NONE,high,,70.0,10.0,"flat_tail=0.1d, fcc_changes=40, tail_cyc=0.0, tail_ok[90/80/85]=0/0/0 -> FCC still updating / not a no-low-change candidate",0.1,40,0.0,0,0,0,,,1.0,79.0,80.0,1.0,160.99,QUALITY_OK,ThinkPad L13 2-in-1 Gen 6,SMP,5B11M90129,,2026-06-03T12:47:30
AINOW_UX,REVIEW_INSUFFICIENT_DATA,ACTION_COLLECT_MORE_DATA_OR_MANUAL_REVIEW,review,,62.3,5.8,"obs_days=7.3, n_samples=396, quality=QUALITY_SHORT_OBS -> insufficient/uncertain data",5.0,2,0.0,0,0,0,,,0.8247,29.0,100.0,71.0,7.26,QUALITY_SHORT_OBS,ThinkPad X1 Carbon Gen 14,ATL,5B11M90161,観測期間・サンプル数・カウンタ整合性のいずれかが不足しており、信頼できる介入判定ができません。追加データ収集または手動レビューが必要です。,2026-06-03T12:47:30
AKOZLOWSKI-ALZD_akozlowski,REVIEW_INSUFFICIENT_DATA,ACTION_COLLECT_MORE_DATA_OR_MANUAL_REVIEW,review,,52.7,5.7,"obs_days=27.9, n_samples=346, quality=QUALITY_SHORT_OBS -> insufficient/uncertain data",4.0,6,0.0,0,0,0,,,0.3498,16.0,100.0,84.0,27.95,QUALITY_SHORT_OBS,ThinkPad T14 Gen 7,COSMX,5B11M90167,観測期間・サンプル数・カウンタ整合性のいずれかが不足しており、信頼できる介入判定ができません。追加データ収集または手動レビューが必要です。,2026-06-03T12:47:30
AL-SVT7_xuxru,REVIEW_INSUFFICIENT_DATA,ACTION_COLLECT_MORE_DATA_OR_MANUAL_REVIEW,review,,50.1,5.5,"obs_days=26.9, n_samples=526, quality=QUALITY_SHORT_OBS -> insufficient/uncertain data",2.8,22,0.0,0,0,0,,,0.2294,42.0,100.0,58.0,26.89,QUALITY_SHORT_OBS,ThinkPad X9-14 Gen 1,Sunwoda,LNV-5B11M90102@,観測期間・サンプル数・カウンタ整合性のいずれかが不足しており、信頼できる介入判定ができません。追加データ収集または手動レビューが必要です。,2026-06-03T12:47:30
ALLOY-SIT_mripp,REVIEW_INSUFFICIENT_DATA,ACTION_COLLECT_MORE_DATA_OR_MANUAL_REVIEW,review,,70.5,11.0,"obs_days=38.4, n_samples=299, quality=QUALITY_SHORT_OBS -> insufficient/uncertain data",35.9,1,0.0,0,0,0,,,0.9761,77.0,100.0,23.0,38.37,QUALITY_SHORT_OBS,ThinkPad X9-14 Gen 1,Sunwoda,LNV-5B11M90102,観測期間・サンプル数・カウンタ整合性のいずれかが不足しており、信頼できる介入判定ができません。追加データ収集または手動レビューが必要です。,2026-06-03T12:47:30
ALLOY_FINALSVT,REVIEW_INSUFFICIENT_DATA,ACTION_COLLECT_MORE_DATA_OR_MANUAL_REVIEW,review,,63.0,5.1,"obs_days=101.4, n_samples=2693, quality=QUALITY_SHORT_OBS -> insufficient/uncertain data",0.4,30,0.0,0,0,0,,,0.8978,74.0,95.0,21.0,101.36,QUALITY_SHORT_OBS,ThinkPad X9-14 Gen 1,BYD,LNV-5B11M90101@,観測期間・サンプル数・カウンタ整合性のいずれかが不足しており、信頼できる介入判定ができません。追加データ収集または手動レビューが必要です。,2026-06-03T12:47:30
AMALU_asanthosh,NORMAL_OR_RESPONDING,ACTION_NONE,high,,67.7,10.0,"flat_tail=0.1d, fcc_changes=120, tail_cyc=0.0, tail_ok[90/80/85]=0/0/0 -> FCC still updating / not a no-low-change candidate",0.1,120,0.0,0,0,0,,,0.4088,93.0,100.0,7.0,126.0,QUALITY_OK,ThinkPad X1 Carbon Gen 13,BYD,5B11M90100,,2026-06-03T12:47:30
AMANDELBLOO-4SM_amandelbloom,NORMAL_OR_RESPONDING,ACTION_NONE,high,,72.0,13.7,"flat_tail=22.2d, fcc_changes=142, tail_cyc=0.0, tail_ok[90/80/85]=0/0/0 -> FCC still updating / not a no-low-change candidate",22.2,142,0.0,0,0,0,,,0.9165,3.0,100.0,97.0,496.33,QUALITY_OK,ThinkPad X9-14 Gen 1,Sunwoda,LNV-5B11M90102,,2026-06-03T12:47:30
AMANDELBLOO-9TD_amandelbloom,REVIEW_INSUFFICIENT_DATA,ACTION_COLLECT_MORE_DATA_OR_MANUAL_REVIEW,review,,60.5,5.2,"obs_days=117.8, n_samples=1171, quality=QUALITY_SHORT_OBS -> insufficient/uncertain data",1.0,17,0.0,0,0,0,,,0.6437,86.0,100.0,14.0,117.78,QUALITY_SHORT_OBS,ThinkPad T14 Gen 7,COSMX,5B11M90167,観測期間・サンプル数・カウンタ整合性のいずれかが不足しており、信頼できる介入判定ができません。追加データ収集または手動レビューが必要です。,2026-06-03T12:47:30
AMANDELBLOO-VBQ_amandelbloom,ACTIONABLE_GAUGE_RESET_NO_OPPORTUNITY,ACTION_GAUGE_RESET,high,NO_OPPORTUNITY_LOW_CYCLING;NO_OPPORTUNITY_SHALLOW_RANGE,92.0,40.0,"flat_tail=214.9d, fcc_changes=25, tail_cyc=0.0, tail_ok[90/80/85]=0/0/0, ac=0.60, min_rsoc=30.0, swing=69.0 -> no learning opportunity in flat tail",214.9,25,0.0,0,0,0,,,0.5984,30.0,99.0,69.0,454.88,QUALITY_OK,ThinkPad X13 Gen 4,Sunwoda,5B11H56368,FCC/SoHが長期間更新されていませんが、ログ上は深い放電→再充電の学習機会が不足しています。安全な環境でOEM推奨のバッテリーゲージリセット/キャリブレーションを実施し、その後72h〜7日間のテレメトリでFCC更新有無を確認してください。,2026-06-03T12:47:30
AMANDELBLOOXH8H_amandelbloom,NORMAL_OR_RESPONDING,ACTION_NONE,high,,70.1,11.2,"flat_tail=7.2d, fcc_changes=85, tail_cyc=0.0, tail_ok[90/80/85]=0/0/0 -> FCC still updating / not a no-low-change candidate",7.2,85,0.0,0,0,0,,,0.9471,71.0,100.0,29.0,364.12,QUALITY_OK,ThinkPad T14 Gen 5,BYD,5B11H56417,,2026-06-03T12:47:30
AMCCLARNON-1Z35_amcclarnon,REVIEW_INSUFFICIENT_DATA,ACTION_COLLECT_MORE_DATA_OR_MANUAL_REVIEW,review,,71.6,15.3,"obs_days=84.1, n_samples=1399, quality=QUALITY_SHORT_OBS -> insufficient/uncertain data",57.3,18,4.0,0,0,0,,,0.9543,34.0,100.0,66.0,84.11,QUALITY_SHORT_OBS,ThinkPad L13 2-in-1 Gen 5,Sunwoda,5B11H56425,観測期間・サンプル数・カウンタ整合性のいずれかが不足しており、信頼できる介入判定ができません。追加データ収集または手動レビューが必要です。,2026-06-03T12:47:30
AMCCLARNON-69JL_amcclarnon,REVIEW_INSUFFICIENT_DATA,ACTION_COLLECT_MORE_DATA_OR_MANUAL_REVIEW,review,,65.4,5.4,"obs_days=22.2, n_samples=667, quality=QUALITY_SHORT_OBS -> insufficient/uncertain data",2.3,4,0.0,0,0,0,,,1.0,58.0,100.0,42.0,22.19,QUALITY_SHORT_OBS,ThinkPad X1 Carbon Gen 13,Celxpert,5B11M90098,観測期間・サンプル数・カウンタ整合性のいずれかが不足しており、信頼できる介入判定ができません。追加データ収集または手動レビューが必要です。,2026-06-03T12:47:30
AMCCLARNON-TSEM_amcclarnon,NORMAL_OR_RESPONDING,ACTION_NONE,high,,71.0,11.0,"flat_tail=5.9d, fcc_changes=6, tail_cyc=0.0, tail_ok[90/80/85]=0/0/0 -> FCC still updating / not a no-low-change candidate",5.9,6,0.0,0,0,0,,,1.0,99.0,100.0,1.0,174.99,QUALITY_OK,ThinkPad T14s 2-in-1 Gen 1,Celxpert,5B11M90106,,2026-06-03T12:47:30
AMIGDOL-F67CCZ1_amigdol,REVIEW_INSUFFICIENT_DATA,ACTION_COLLECT_MORE_DATA_OR_MANUAL_REVIEW,review,,65.0,5.0,"obs_days=27.8, n_samples=291, quality=QUALITY_SHORT_OBS -> insufficient/uncertain data",0.0,9,0.0,0,0,0,,,,78.0,78.0,0.0,27.78,QUALITY_SHORT_OBS,ThinkPad T14 Gen 7,ATL,5B11M90172,観測期間・サンプル数・カウンタ整合性のいずれかが不足しており、信頼できる介入判定ができません。追加データ収集または手動レビューが必要です。,2026-06-03T12:47:30
AMIKAMI-F49VQPZ_amikami,WATCH_LOW_UPDATE_RATE_AMBIGUOUS,ACTION_MONITOR_OR_MANUAL_REVIEW,low,,70.3,16.3,"flat_tail=31.9d, fcc_changes=2, tail_cyc=5.0, tail_ok[90/80/85]=0/0/0, resp72h(rel)=NA -> ambiguous low-update",31.9,2,5.0,0,0,0,,,0.873,46.0,100.0,54.0,629.72,QUALITY_OK,ThinkPad X1 Yoga Gen 7,SMP,5B10W13973,FCC更新率は低いものの完全凍結ではない/学習機会が少ない/データ品質が中程度のため、FW確認に回す前にモニタリングまたは手動レビューを推奨します。,2026-06-03T12:47:30
ANAKAMURA8-3ZVB_anakamura8,WATCH_LOW_UPDATE_RATE_AMBIGUOUS,ACTION_MONITOR_OR_MANUAL_REVIEW,low,,62.6,12.4,"flat_tail=11.0d, fcc_changes=10, tail_cyc=3.0, tail_ok[90/80/85]=0/0/0, resp72h(rel)=NA -> ambiguous low-update",11.0,10,3.0,0,0,0,,,0.612,2.0,100.0,98.0,1195.33,QUALITY_OK,ThinkPad X1 Carbon Gen 9,Sunwoda,5B10W13975,FCC更新率は低いものの完全凍結ではない/学習機会が少ない/データ品質が中程度のため、FW確認に回す前にモニタリングまたは手動レビューを推奨します。,2026-06-03T12:47:30
ANDY-TH1_zuyin,REVIEW_INSUFFICIENT_DATA,ACTION_COLLECT_MORE_DATA_OR_MANUAL_REVIEW,review,,60.8,1.4,"obs_days=801.6, n_samples=13116, quality=QUALITY_COUNTER_RESET -> insufficient/uncertain data",8.5,177,0.0,0,0,0,,,0.9682,60.0,79.0,19.0,801.57,QUALITY_COUNTER_RESET,ThinkPad X1 Carbon Gen 12,Celxpert,5B11H56384,観測期間・サンプル数・カウンタ整合性のいずれかが不足しており、信頼できる介入判定ができません。追加データ収集または手動レビューが必要です。,2026-06-03T12:47:30
ANDY_zuyin,ACTIONABLE_GAUGE_RESET_NO_OPPORTUNITY,ACTION_GAUGE_RESET,high,NO_OPPORTUNITY_LOW_CYCLING;NO_OPPORTUNITY_SHALLOW_RANGE,79.6,34.8,"flat_tail=132.1d, fcc_changes=0, tail_cyc=14.0, tail_ok[90/80/85]=0/0/0, ac=0.73, min_rsoc=38.0, swing=62.0 -> no learning opportunity in flat tail",132.1,0,14.0,0,0,0,,,0.728,38.0,100.0,62.0,132.1,QUALITY_OK,ThinkPad X1 Carbon Gen 11,SMP,5B10W13973,FCC/SoHが長期間更新されていませんが、ログ上は深い放電→再充電の学習機会が不足しています。安全な環境でOEM推奨のバッテリーゲージリセット/キャリブレーションを実施し、その後72h〜7日間のテレメトリでFCC更新有無を確認してください。,2026-06-03T12:47:30
ANIETO1-F5GNTSH_anieto1,ACTIONABLE_GAUGE_RESET_NO_OPPORTUNITY,ACTION_GAUGE_RESET,high,NO_OPPORTUNITY_AC_BOUND;NO_OPPORTUNITY_LOW_CYCLING,100.0,40.0,"flat_tail=181.8d, fcc_changes=16, tail_cyc=0.0, tail_ok[90/80/85]=0/0/0, ac=1.00, min_rsoc=2.0, swing=93.0 -> no learning opportunity in flat tail",181.8,16,0.0,0,0,0,,,1.0,2.0,95.0,93.0,314.74,QUALITY_OK,ThinkPad T14 Gen 6,Celxpert,5B11M90126,FCC/SoHが長期間更新されていませんが、ログ上は深い放電→再充電の学習機会が不足しています。安全な環境でOEM推奨のバッテリーゲージリセット/キャリブレーションを実施し、その後72h〜7日間のテレメトリでFCC更新有無を確認してください。,2026-06-03T12:47:30
ANODA-PF5E0G8K_anoda,REVIEW_INSUFFICIENT_DATA,ACTION_COLLECT_MORE_DATA_OR_MANUAL_REVIEW,review,,65.0,5.0,"obs_days=64.0, n_samples=1266, quality=QUALITY_SHORT_OBS -> insufficient/uncertain data",0.3,29,0.0,0,0,0,,,1.0,83.0,100.0,17.0,64.03,QUALITY_SHORT_OBS,ThinkPad T14s Gen 6,ATL,5B11H56408,観測期間・サンプル数・カウンタ整合性のいずれかが不足しており、信頼できる介入判定ができません。追加データ収集または手動レビューが必要です。,2026-06-03T12:47:30
ANUPT14S_avachali,NORMAL_OR_RESPONDING,ACTION_NONE,high,,71.2,11.2,"flat_tail=7.0d, fcc_changes=98, tail_cyc=0.0, tail_ok[90/80/85]=0/0/0 -> FCC still updating / not a no-low-change candidate",7.0,98,0.0,0,0,0,,,1.0,62.0,100.0,38.0,608.07,QUALITY_OK,ThinkPad X13 2-in-1 Gen 5,BYD,5B11M90051,,2026-06-03T12:47:30
ANUP_TINY,NORMAL_OR_RESPONDING,ACTION_NONE,high,,70.0,10.0,"flat_tail=0.0d, fcc_changes=98, tail_cyc=0.0, tail_ok[90/80/85]=0/0/0 -> FCC still updating / not a no-low-change candidate",0.0,98,0.0,0,0,0,,,1.0,62.0,81.0,19.0,601.07,QUALITY_OK,ThinkPad X13 2-in-1 Gen 5,BYD,5B11M90051,,2026-06-03T12:47:30
AOHYAMA-F3Y6JVY_aohyama,NORMAL_OR_RESPONDING,ACTION_NONE,high,,65.4,10.1,"flat_tail=0.3d, fcc_changes=459, tail_cyc=0.0, tail_ok[90/80/85]=0/0/0 -> FCC still updating / not a no-low-change candidate",0.3,459,0.0,0,0,0,,,0.7687,62.0,100.0,38.0,498.39,QUALITY_OK,ThinkPad T14s Gen 3,,,,2026-06-03T12:47:30
APARAMESWAR-G5E_aparameswara,REVIEW_INSUFFICIENT_DATA,ACTION_COLLECT_MORE_DATA_OR_MANUAL_REVIEW,review,,52.9,11.1,"obs_days=92.0, n_samples=1073, quality=QUALITY_SHORT_OBS -> insufficient/uncertain data",27.2,2,8.0,0,0,0,,,0.3685,5.0,100.0,95.0,92.01,QUALITY_SHORT_OBS,ThinkPad T16 Gen 2,Sunwoda,5B10W51873,観測期間・サンプル数・カウンタ整合性のいずれかが不足しており、信頼できる介入判定ができません。追加データ収集または手動レビューが必要です。,2026-06-03T12:47:30
APARAMESWAR-PAD_aparameswara,NORMAL_OR_RESPONDING,ACTION_NONE,high,,67.4,10.0,"flat_tail=0.2d, fcc_changes=153, tail_cyc=0.0, tail_ok[90/80/85]=0/0/0 -> FCC still updating / not a no-low-change candidate",0.2,153,0.0,0,0,0,,,0.8674,71.0,100.0,29.0,231.13,QUALITY_OK,ThinkPad X13 2-in-1 Gen 5,Celxpert,5B11M90049,,2026-06-03T12:47:30
ARAMAR-R9109T7G_aramar,NORMAL_OR_RESPONDING,ACTION_NONE,high,,66.8,10.1,"flat_tail=0.8d, fcc_changes=420, tail_cyc=0.0, tail_ok[90/80/85]=0/0/0 -> FCC still updating / not a no-low-change candidate",0.8,420,0.0,0,0,0,,,0.8351,55.0,82.0,27.0,522.96,QUALITY_OK,ThinkPad X1 Extreme Gen 3,SMP,5B10X19049,,2026-06-03T12:47:30
ARANGANATHA-8QB_aranganathan,REVIEW_INSUFFICIENT_DATA,ACTION_COLLECT_MORE_DATA_OR_MANUAL_REVIEW,review,,52.0,5.1,"obs_days=112.1, n_samples=1481, quality=QUALITY_SHORT_OBS -> insufficient/uncertain data",0.7,22,0.0,0,0,0,,,0.3463,35.0,100.0,65.0,112.12,QUALITY_SHORT_OBS,ThinkPad T14s Gen 4,SMP,5B10W51875,観測期間・サンプル数・カウンタ整合性のいずれかが不足しており、信頼できる介入判定ができません。追加データ収集または手動レビューが必要です。,2026-06-03T12:47:30
ASANTHOSH-9S10E_asanthosh,NORMAL_OR_RESPONDING,ACTION_NONE,high,,63.1,15.0,"flat_tail=29.9d, fcc_changes=137, tail_cyc=0.0, tail_ok[90/80/85]=0/0/0 -> FCC still updating / not a no-low-change candidate",29.9,137,0.0,0,0,0,,,0.4062,36.0,100.0,64.0,176.02,QUALITY_OK,ThinkPad L16 Gen 1,Sunwoda,5B11H56398,,2026-06-03T12:47:30
ASANTHOSH-FT15Y_X1,REVIEW_INSUFFICIENT_DATA,ACTION_COLLECT_MORE_DATA_OR_MANUAL_REVIEW,review,,49.6,5.2,"obs_days=97.9, n_samples=666, quality=QUALITY_SHORT_OBS -> insufficient/uncertain data",1.0,50,0.0,0,0,0,,,0.2232,6.0,69.0,63.0,97.89,QUALITY_SHORT_OBS,ThinkPad X1 2-in-1 Gen 10,BYD,5B11M90100,観測期間・サンプル数・カウンタ整合性のいずれかが不足しており、信頼できる介入判定ができません。追加データ収集または手動レビューが必要です。,2026-06-03T12:47:30
ASANTHOSH-FT15Y_asanthosh,NORMAL_OR_RESPONDING,ACTION_NONE,high,,54.6,12.0,"flat_tail=11.8d, fcc_changes=51, tail_cyc=0.0, tail_ok[90/80/85]=0/0/0 -> FCC still updating / not a no-low-change candidate",11.8,51,0.0,0,0,0,,,0.0,4.0,56.0,52.0,124.92,QUALITY_OK,ThinkPad X1 2-in-1 Gen 10,BYD,5B11M90100,,2026-06-03T12:47:30
ASANTHOSH_asanthosh,REVIEW_INSUFFICIENT_DATA,ACTION_COLLECT_MORE_DATA_OR_MANUAL_REVIEW,review,,48.4,5.1,"obs_days=115.3, n_samples=904, quality=QUALITY_SHORT_OBS -> insufficient/uncertain data",0.6,57,0.0,0,0,0,,,0.1627,10.0,100.0,90.0,115.26,QUALITY_SHORT_OBS,ThinkPad P14s Gen 7,BYD,5B11M90175,観測期間・サンプル数・カウンタ整合性のいずれかが不足しており、信頼できる介入判定ができません。追加データ収集または手動レビューが必要です。,2026-06-03T12:47:30
ASHISHIDO-RHBV7_ashishido,REVIEW_INSUFFICIENT_DATA,ACTION_COLLECT_MORE_DATA_OR_MANUAL_REVIEW,review,,52.7,5.1,"obs_days=70.4, n_samples=1490, quality=QUALITY_SHORT_OBS -> insufficient/uncertain data",0.4,41,0.0,0,0,0,,,0.3801,30.0,100.0,70.0,70.41,QUALITY_SHORT_OBS,ThinkPad T14 Gen 1,SMP,5B10W13906,観測期間・サンプル数・カウンタ整合性のいずれかが不足しており、信頼できる介入判定ができません。追加データ収集または手動レビューが必要です。,2026-06-03T12:47:30
ATOKYO-PF3TQD0N_atokyo,ACTIONABLE_FW_CHECK_OPPORTUNITY_NO_RESPONSE,ACTION_FW_CHECK,medium,LOW_UPDATE_RATE_WITH_OPPORTUNITIES,64.4,76.0,"flat_tail=526.1d, fcc_changes=0, tail_cyc=172.0, tail_ok[90/80/85]=0/1/0, resp72h(rel)=0.000 -> opportunities present but FCC did not respond",526.1,0,172.0,0,1,0,0.0,0.0,0.5946,2.0,100.0,98.0,526.05,QUALITY_OK,ThinkPad X1 Yoga Gen 6,Sunwoda,5B10W13975,FCC/SoHが長期間更新されておらず、ログ上は深い放電→再充電の学習機会が複数回確認されています。通常のキャリブレーション機会があったにもかかわらずFCC応答がないため、BIOS/EC/バッテリー関連FWのVersion確認とアップデート有無確認を優先してください。アップデート後、次回の学習機会後72h〜7日間でFCC更新有無を確認してください。,2026-06-03T12:47:30
AVACHALI-4SM98Q_avachali,NORMAL_OR_RESPONDING,ACTION_NONE,high,,70.8,11.4,"flat_tail=8.2d, fcc_changes=98, tail_cyc=0.0, tail_ok[90/80/85]=0/0/0 -> FCC still updating / not a no-low-change candidate",8.2,98,0.0,0,0,0,,,0.9706,62.0,100.0,38.0,609.28,QUALITY_OK,ThinkPad X13 2-in-1 Gen 5,BYD,5B11M90051,,2026-06-03T12:47:30
AVON-SVTSKU3_Avon,REVIEW_INSUFFICIENT_DATA,ACTION_COLLECT_MORE_DATA_OR_MANUAL_REVIEW,review,,47.0,5.0,"obs_days=76.9, n_samples=1170, quality=QUALITY_SHORT_OBS -> insufficient/uncertain data",0.1,50,0.0,0,0,0,,,0.0194,1.0,55.0,54.0,76.88,QUALITY_SHORT_OBS,ThinkPad X1 Carbon Gen 14,Sunwoda,5B11M90160,観測期間・サンプル数・カウンタ整合性のいずれかが不足しており、信頼できる介入判定ができません。追加データ収集または手動レビューが必要です。,2026-06-03T12:47:30
AVON_SIT2,REVIEW_INSUFFICIENT_DATA,ACTION_COLLECT_MORE_DATA_OR_MANUAL_REVIEW,review,,55.7,6.7,"obs_days=93.8, n_samples=702, quality=QUALITY_SHORT_OBS -> insufficient/uncertain data",10.1,13,0.0,0,0,0,,,0.4525,9.0,100.0,91.0,93.84,QUALITY_SHORT_OBS,ThinkPad X1 Carbon Gen 14,ATL,5B11M90161,観測期間・サンプル数・カウンタ整合性のいずれかが不足しており、信頼できる介入判定ができません。追加データ収集または手動レビューが必要です。,2026-06-03T12:47:30
BDILLON-F4RV0ZR_bdillon,NORMAL_OR_RESPONDING,ACTION_NONE,high,,70.0,10.0,"flat_tail=0.0d, fcc_changes=148, tail_cyc=0.0, tail_ok[90/80/85]=0/0/0 -> FCC still updating / not a no-low-change candidate",0.0,148,0.0,0,0,0,,,1.0,92.0,92.0,0.0,593.22,QUALITY_OK,ThinkPad T14 Gen 5,SMP,5B11H56415,,2026-06-03T12:47:30
BDILLON-F58TDBM_bdillon,NORMAL_OR_RESPONDING,ACTION_NONE,high,,70.0,10.0,"flat_tail=0.0d, fcc_changes=100, tail_cyc=0.0, tail_ok[90/80/85]=0/0/0 -> FCC still updating / not a no-low-change candidate",0.0,100,0.0,0,0,0,,,1.0,71.0,90.0,19.0,405.43,QUALITY_OK,ThinkPad X1 2-in-1 Gen 10,Celxpert,5B11M90098,,2026-06-03T12:47:30
BDILLON-F5CZRRY_T14,REVIEW_INSUFFICIENT_DATA,ACTION_COLLECT_MORE_DATA_OR_MANUAL_REVIEW,review,,63.2,5.3,"obs_days=27.8, n_samples=1158, quality=QUALITY_SHORT_OBS -> insufficient/uncertain data",1.8,9,0.0,0,0,0,,,0.8969,65.0,100.0,35.0,27.84,QUALITY_SHORT_OBS,ThinkPad T14 Gen 6,ATL,5B11M90125,観測期間・サンプル数・カウンタ整合性のいずれかが不足しており、信頼できる介入判定ができません。追加データ収集または手動レビューが必要です。,2026-06-03T12:47:30
BDILLON-F5CZRRY_bdillon,REVIEW_INSUFFICIENT_DATA,ACTION_COLLECT_MORE_DATA_OR_MANUAL_REVIEW,review,,64.1,5.2,"obs_days=27.3, n_samples=1148, quality=QUALITY_SHORT_OBS -> insufficient/uncertain data",1.2,9,0.0,0,0,0,,,0.9447,86.0,100.0,14.0,27.32,QUALITY_SHORT_OBS,ThinkPad T14 Gen 6,ATL,5B11M90125,観測期間・サンプル数・カウンタ整合性のいずれかが不足しており、信頼できる介入判定ができません。追加データ収集または手動レビューが必要です。,2026-06-03T12:47:30
BDILLON-F62WZTG_bdillon,REVIEW_INSUFFICIENT_DATA,ACTION_COLLECT_MORE_DATA_OR_MANUAL_REVIEW,review,,63.7,5.1,"obs_days=96.0, n_samples=3821, quality=QUALITY_SHORT_OBS -> insufficient/uncertain data",0.5,22,0.0,0,0,0,,,0.9295,92.0,100.0,8.0,95.98,QUALITY_SHORT_OBS,ThinkPad T16 Gen 5,Celxpert,5B11M90173,観測期間・サンプル数・カウンタ整合性のいずれかが不足しており、信頼できる介入判定ができません。追加データ収集または手動レビューが必要です。,2026-06-03T12:47:30
BDILLON-F65JXS1_bdillon,REVIEW_INSUFFICIENT_DATA,ACTION_COLLECT_MORE_DATA_OR_MANUAL_REVIEW,review,,62.1,5.3,"obs_days=20.2, n_samples=553, quality=QUALITY_SHORT_OBS -> insufficient/uncertain data",2.0,2,0.0,0,0,0,,,0.8369,74.0,100.0,26.0,20.19,QUALITY_SHORT_OBS,ThinkPad X13 Gen 7,Sunwoda,5B11M90142,観測期間・サンプル数・カウンタ整合性のいずれかが不足しており、信頼できる介入判定ができません。追加データ収集または手動レビューが必要です。,2026-06-03T12:47:30
BDILLON-F67NKP7_bdillon,REVIEW_INSUFFICIENT_DATA,ACTION_COLLECT_MORE_DATA_OR_MANUAL_REVIEW,review,,63.6,6.8,"obs_days=8.2, n_samples=316, quality=QUALITY_SHORT_OBS -> insufficient/uncertain data",8.1,0,2.0,0,0,0,,,0.9142,67.0,100.0,33.0,8.15,QUALITY_SHORT_OBS,ThinkPad P14s Gen 7,Sunwoda,5B11M90181,観測期間・サンプル数・カウンタ整合性のいずれかが不足しており、信頼できる介入判定ができません。追加データ収集または手動レビューが必要です。,2026-06-03T12:47:30
BFALEIRO-0A1NXZ_bfaleiro,ACTIONABLE_GAUGE_RESET_NO_OPPORTUNITY,ACTION_GAUGE_RESET,high,NO_OPPORTUNITY_LOW_CYCLING,88.2,40.4,"flat_tail=372.7d, fcc_changes=378, tail_cyc=2.0, tail_ok[90/80/85]=0/0/0, ac=0.46, min_rsoc=0.0, swing=100.0 -> no learning opportunity in flat tail",372.7,378,2.0,0,0,0,,,0.458,0.0,100.0,100.0,693.01,QUALITY_OK,ThinkPad L13 Gen 5,Celxpert,5B11H56424,FCC/SoHが長期間更新されていませんが、ログ上は深い放電→再充電の学習機会が不足しています。安全な環境でOEM推奨のバッテリーゲージリセット/キャリブレーションを実施し、その後72h〜7日間のテレメトリでFCC更新有無を確認してください。,2026-06-03T12:47:30
BFALEIRO-5C6ATS_bfaleiro,NORMAL_OR_RESPONDING,ACTION_NONE,high,,54.6,13.5,"flat_tail=21.0d, fcc_changes=55, tail_cyc=0.0, tail_ok[90/80/85]=0/0/0 -> FCC still updating / not a no-low-change candidate",21.0,55,0.0,0,0,0,,,0.0564,0.0,90.0,90.0,472.1,QUALITY_OK,ThinkPad X1 Carbon Gen 13,BYD,5B11M90100,,2026-06-03T12:47:30
BFALEIRO-629K3A_bfaleiro,REVIEW_INSUFFICIENT_DATA,ACTION_COLLECT_MORE_DATA_OR_MANUAL_REVIEW,review,,59.1,6.2,"obs_days=117.8, n_samples=1865, quality=QUALITY_SHORT_OBS -> insufficient/uncertain data",7.0,46,0.0,0,0,0,,,0.6477,65.0,100.0,35.0,117.76,QUALITY_SHORT_OBS,ThinkPad T14 Gen 7,COSMX,5B11M90167,観測期間・サンプル数・カウンタ整合性のいずれかが不足しており、信頼できる介入判定ができません。追加データ収集または手動レビューが必要です。,2026-06-03T12:47:30
BILLWORK2_ottow,REVIEW_INSUFFICIENT_DATA,ACTION_COLLECT_MORE_DATA_OR_MANUAL_REVIEW,review,,65.9,5.9,"obs_days=80.1, n_samples=2239, quality=QUALITY_SHORT_OBS -> insufficient/uncertain data",5.4,3,0.0,0,0,0,,,1.0,98.0,100.0,2.0,80.06,QUALITY_SHORT_OBS,ThinkPad P14s Gen 5,SMP,5B11H56401,観測期間・サンプル数・カウンタ整合性のいずれかが不足しており、信頼できる介入判定ができません。追加データ収集または手動レビューが必要です。,2026-06-03T12:47:30
BKOCHUPARAM-BR2_bkochuparamb,NORMAL_OR_RESPONDING,ACTION_NONE,high,,64.0,10.4,"flat_tail=2.2d, fcc_changes=119, tail_cyc=0.0, tail_ok[90/80/85]=0/0/0 -> FCC still updating / not a no-low-change candidate",2.2,119,0.0,0,0,0,,,0.6816,70.0,100.0,30.0,252.0,QUALITY_OK,ThinkPad T1g Gen 8,Sunwoda,5B11M37553,,2026-06-03T12:47:30
BMIAO-PF4CFQ04_bmiao,ACTIONABLE_GAUGE_RESET_NO_OPPORTUNITY,ACTION_GAUGE_RESET,high,NO_OPPORTUNITY_AC_BOUND;NO_OPPORTUNITY_LOW_CYCLING,91.6,37.3,"flat_tail=156.8d, fcc_changes=0, tail_cyc=6.0, tail_ok[90/80/85]=0/0/0, ac=0.93, min_rsoc=2.0, swing=98.0 -> no learning opportunity in flat tail",156.8,0,6.0,0,0,0,,,0.9251,2.0,100.0,98.0,156.82,QUALITY_OK,ThinkPad T16 Gen 2,Celxpert,5B10W51872,FCC/SoHが長期間更新されていませんが、ログ上は深い放電→再充電の学習機会が不足しています。安全な環境でOEM推奨のバッテリーゲージリセット/キャリブレーションを実施し、その後72h〜7日間のテレメトリでFCC更新有無を確認してください。,2026-06-03T12:47:30
BOB_Libra2.1-ELP2-SVT34,REVIEW_INSUFFICIENT_DATA,ACTION_COLLECT_MORE_DATA_OR_MANUAL_REVIEW,review,,74.8,36.8,"obs_days=429.9, n_samples=6228, quality=QUALITY_COUNTER_RESET -> insufficient/uncertain data",265.8,8,34.0,0,0,0,,,0.9898,4.0,100.0,96.0,429.92,QUALITY_COUNTER_RESET,ThinkPad P16 Gen 2,SMP,5B10W51893,観測期間・サンプル数・カウンタ整合性のいずれかが不足しており、信頼できる介入判定ができません。追加データ収集または手動レビューが必要です。,2026-06-03T12:47:30
BRIAN_bcampbell,REVIEW_INSUFFICIENT_DATA,ACTION_COLLECT_MORE_DATA_OR_MANUAL_REVIEW,review,,60.6,6.0,"obs_days=56.0, n_samples=653, quality=QUALITY_SHORT_OBS -> insufficient/uncertain data",6.1,4,0.0,0,0,0,,,0.7296,56.0,100.0,44.0,55.97,QUALITY_SHORT_OBS,ThinkPad X1 Carbon Gen 14,COSMX,5B11M90162,観測期間・サンプル数・カウンタ整合性のいずれかが不足しており、信頼できる介入判定ができません。追加データ収集または手動レビューが必要です。,2026-06-03T12:47:30
BRYAN_X1,ACTIONABLE_GAUGE_RESET_NO_OPPORTUNITY,ACTION_GAUGE_RESET,high,NO_OPPORTUNITY_AC_BOUND,82.0,50.0,"flat_tail=539.2d, fcc_changes=13, tail_cyc=51.0, tail_ok[90/80/85]=0/0/0, ac=0.85, min_rsoc=2.0, swing=98.0 -> no learning opportunity in flat tail",539.2,13,51.0,0,0,0,,,0.8481,2.0,100.0,98.0,917.64,QUALITY_OK,ThinkPad X1 Yoga Gen 8,SMP,5B11M90056,FCC/SoHが長期間更新されていませんが、ログ上は深い放電→再充電の学習機会が不足しています。安全な環境でOEM推奨のバッテリーゲージリセット/キャリブレーションを実施し、その後72h〜7日間のテレメトリでFCC更新有無を確認してください。,2026-06-03T12:47:30
CARBON9TH_Dexter,ACTIONABLE_FW_CHECK_OPPORTUNITY_NO_RESPONSE,ACTION_FW_CHECK,high,TERMINAL_FREEZE_AFTER_OPPORTUNITIES,61.1,94.0,"flat_tail=332.7d, fcc_changes=4, tail_cyc=139.0, tail_ok[90/80/85]=0/4/0, resp72h(rel)=0.000 -> opportunities present but FCC did not respond",332.7,4,139.0,0,4,0,0.0,0.0,0.8053,2.0,100.0,98.0,488.91,QUALITY_OK,ThinkPad X1 Carbon Gen 9,SMP,5B10W13973,FCC/SoHが長期間更新されておらず、ログ上は深い放電→再充電の学習機会が複数回確認されています。通常のキャリブレーション機会があったにもかかわらずFCC応答がないため、BIOS/EC/バッテリー関連FWのVersion確認とアップデート有無確認を優先してください。アップデート後、次回の学習機会後72h〜7日間でFCC更新有無を確認してください。,2026-06-03T12:47:30
CARLLAPTOP_CarlWu,ACTIONABLE_FW_CHECK_OPPORTUNITY_NO_RESPONSE,ACTION_FW_CHECK,medium,LOW_UPDATE_RATE_WITH_OPPORTUNITIES,45.0,93.8,"flat_tail=142.8d, fcc_changes=5, tail_cyc=83.0, tail_ok[90/80/85]=3/9/5, resp72h(rel)=0.000 -> opportunities present but FCC did not respond",142.8,5,83.0,3,9,5,0.0,0.0,0.4648,0.0,100.0,100.0,436.76,QUALITY_OK,ThinkPad X1 Carbon Gen 11,Sunwoda,5B10W13975,FCC/SoHが長期間更新されておらず、ログ上は深い放電→再充電の学習機会が複数回確認されています。通常のキャリブレーション機会があったにもかかわらずFCC応答がないため、BIOS/EC/バッテリー関連FWのVersion確認とアップデート有無確認を優先してください。アップデート後、次回の学習機会後72h〜7日間でFCC更新有無を確認してください。,2026-06-03T12:47:30
CARZADON-3JDEXX_carzadon,NORMAL_OR_RESPONDING,ACTION_NONE,high,,67.8,10.2,"flat_tail=0.9d, fcc_changes=1061, tail_cyc=0.0, tail_ok[90/80/85]=0/0/0 -> FCC still updating / not a no-low-change candidate",0.9,1061,0.0,0,0,0,,,0.0,90.0,97.0,7.0,763.2,QUALITY_OK,ThinkPad T14 Gen 2i,SMP,5B10W51827,,2026-06-03T12:47:30
CBLACKBURN-E2WL_cblackburn,REVIEW_INSUFFICIENT_DATA,ACTION_COLLECT_MORE_DATA_OR_MANUAL_REVIEW,review,,65.1,6.7,"obs_days=58.9, n_samples=802, quality=QUALITY_SHORT_OBS -> insufficient/uncertain data",9.9,13,0.0,0,0,0,,,0.9202,78.0,100.0,22.0,58.87,QUALITY_SHORT_OBS,ThinkPad P16s Gen 5,COSMX,5B11M90179,観測期間・サンプル数・カウンタ整合性のいずれかが不足しており、信頼できる介入判定ができません。追加データ収集または手動レビューが必要です。,2026-06-03T12:47:30
CBLACKBURN-TSG2_cblackburn,NORMAL_OR_RESPONDING,ACTION_NONE,high,,69.4,11.7,"flat_tail=10.0d, fcc_changes=73, tail_cyc=0.0, tail_ok[90/80/85]=0/0/0 -> FCC still updating / not a no-low-change candidate",10.0,73,0.0,0,0,0,,,0.8876,57.0,100.0,43.0,349.99,QUALITY_OK,ThinkPad T14s 2-in-1 Gen 1,Celxpert,5B11M90106,,2026-06-03T12:47:30
CBLACKBURNXY23A_cblackburn,NORMAL_OR_RESPONDING,ACTION_NONE,high,,58.0,12.0,"flat_tail=12.0d, fcc_changes=50, tail_cyc=0.0, tail_ok[90/80/85]=0/0/0 -> FCC still updating / not a no-low-change candidate",12.0,50,0.0,0,0,0,,,0.0,57.0,99.0,42.0,175.31,QUALITY_OK,ThinkPad P14s Gen 5 AMD,Celxpert,5B11H56416,,2026-06-03T12:47:30
CBOULTON-5METJ1_cboulton,NORMAL_OR_RESPONDING,ACTION_NONE,high,,59.6,10.7,"flat_tail=3.9d, fcc_changes=124, tail_cyc=0.0, tail_ok[90/80/85]=0/0/0 -> FCC still updating / not a no-low-change candidate",3.9,124,0.0,0,0,0,,,0.0,66.0,99.0,33.0,256.72,QUALITY_OK,ThinkPad P14s Gen 6,Sunwoda,5B11M90121,,2026-06-03T12:47:30
CCHEN50-F3PD01M_cchen50,NORMAL_OR_RESPONDING,ACTION_NONE,high,,80.3,28.8,"flat_tail=100.6d, fcc_changes=103, tail_cyc=10.0, tail_ok[90/80/85]=0/0/0 -> FCC still updating / not a no-low-change candidate",100.6,103,10.0,0,0,0,,,0.9246,32.0,100.0,68.0,617.65,QUALITY_OK,ThinkPad X1 Carbon Gen 9,Celxpert,5B10W13974,,2026-06-03T12:47:30
CCHOW3-PF4S7DN8_cchow3,REVIEW_INSUFFICIENT_DATA,ACTION_COLLECT_MORE_DATA_OR_MANUAL_REVIEW,review,,45.8,5.8,"obs_days=119.8, n_samples=1545, quality=QUALITY_SHORT_OBS -> insufficient/uncertain data",4.5,25,0.0,0,0,0,,,0.0001,3.0,100.0,97.0,119.82,QUALITY_SHORT_OBS,ThinkPad T14 Gen 5,Celxpert,5B11H56413,観測期間・サンプル数・カウンタ整合性のいずれかが不足しており、信頼できる介入判定ができません。追加データ収集または手動レビューが必要です。,2026-06-03T12:47:30
CCHOW3-PF4YBY4D_cchow3,REVIEW_INSUFFICIENT_DATA,ACTION_COLLECT_MORE_DATA_OR_MANUAL_REVIEW,review,,63.4,6.3,"obs_days=79.9, n_samples=1260, quality=QUALITY_SHORT_OBS -> insufficient/uncertain data",7.9,18,0.0,0,0,0,,,0.8549,2.0,100.0,98.0,79.9,QUALITY_SHORT_OBS,ThinkPad P14s Gen 5,SMP,5B11H56401,観測期間・サンプル数・カウンタ整合性のいずれかが不足しており、信頼できる介入判定ができません。追加データ収集または手動レビューが必要です。,2026-06-03T12:47:30
CCOLGLAZIER-V05_ccolglazier,REVIEW_INSUFFICIENT_DATA,ACTION_COLLECT_MORE_DATA_OR_MANUAL_REVIEW,review,,47.8,5.5,"obs_days=31.9, n_samples=580, quality=QUALITY_SHORT_OBS -> insufficient/uncertain data",2.9,7,0.0,0,0,0,,,0.1143,17.0,79.0,62.0,31.93,QUALITY_SHORT_OBS,ThinkPad P14s Gen 7 AMD,Sunwoda,5B11M90168,観測期間・サンプル数・カウンタ整合性のいずれかが不足しており、信頼できる介入判定ができません。追加データ収集または手動レビューが必要です。,2026-06-03T12:47:30
CCOURTEIX-C7ECE_ccourteix,REVIEW_INSUFFICIENT_DATA,ACTION_COLLECT_MORE_DATA_OR_MANUAL_REVIEW,review,,55.7,11.0,"obs_days=30.0, n_samples=331, quality=QUALITY_SHORT_OBS -> insufficient/uncertain data",30.0,0,5.0,0,0,0,,,0.4116,0.0,99.0,99.0,30.04,QUALITY_SHORT_OBS,ThinkPad T14s Gen 6,Sunwoda,LNV-5B11H56404,観測期間・サンプル数・カウンタ整合性のいずれかが不足しており、信頼できる介入判定ができません。追加データ収集または手動レビューが必要です。,2026-06-03T12:47:30
CDORNER-F5WFAPN_cdorner,REVIEW_INSUFFICIENT_DATA,ACTION_COLLECT_MORE_DATA_OR_MANUAL_REVIEW,review,,60.0,5.5,"obs_days=18.9, n_samples=291, quality=QUALITY_SHORT_OBS -> insufficient/uncertain data",3.1,4,0.0,0,0,0,,,0.7229,72.0,100.0,28.0,18.86,QUALITY_SHORT_OBS,ThinkPad T16g Gen 3,SMP,5B11M90135,観測期間・サンプル数・カウンタ整合性のいずれかが不足しており、信頼できる介入判定ができません。追加データ収集または手動レビューが必要です。,2026-06-03T12:47:30
CFERLAND-0DYS2P_cferland,NORMAL_OR_RESPONDING,ACTION_NONE,high,,67.5,10.2,"flat_tail=1.0d, fcc_changes=61, tail_cyc=0.0, tail_ok[90/80/85]=0/0/0 -> FCC still updating / not a no-low-change candidate",1.0,61,0.0,0,0,0,,,0.8089,91.0,99.0,8.0,196.86,QUALITY_OK,ThinkPad T14s Gen 6,SMP,LNV-5B11H56403,,2026-06-03T12:47:30
CGOOTEE-F66K4JN_cgootee,REVIEW_INSUFFICIENT_DATA,ACTION_COLLECT_MORE_DATA_OR_MANUAL_REVIEW,review,,65.0,5.0,"obs_days=26.9, n_samples=263, quality=QUALITY_SHORT_OBS -> insufficient/uncertain data",0.1,3,0.0,0,0,0,,,1.0,55.0,100.0,45.0,26.89,QUALITY_SHORT_OBS,ThinkPad T14 Gen 7,Sunwoda,5B11M90169,観測期間・サンプル数・カウンタ整合性のいずれかが不足しており、信頼できる介入判定ができません。追加データ収集または手動レビューが必要です。,2026-06-03T12:47:30
CHANGYC2-1QSR8D_changyc2,NORMAL_OR_RESPONDING,ACTION_NONE,high,,70.1,10.1,"flat_tail=0.8d, fcc_changes=87, tail_cyc=0.0, tail_ok[90/80/85]=0/0/0 -> FCC still updating / not a no-low-change candidate",0.8,87,0.0,0,0,0,,,1.0,100.0,100.0,0.0,351.23,QUALITY_OK,ThinkPad X280,SMP,01AV471,,2026-06-03T12:47:30
CHIKARA7-3PAB5T_chikara7,ACTIONABLE_FW_CHECK_OPPORTUNITY_NO_RESPONSE,ACTION_FW_CHECK,high,ZERO_UPDATE_AFTER_OPPORTUNITIES,55.6,100.0,"flat_tail=539.3d, fcc_changes=0, tail_cyc=222.0, tail_ok[90/80/85]=0/5/0, resp72h(rel)=0.000 -> opportunities present but FCC did not respond",539.3,0,222.0,0,5,0,0.0,0.0,0.5728,1.0,100.0,99.0,539.26,QUALITY_OK,ThinkPad X1 Yoga Gen 6,SMP,5B10W13973,FCC/SoHが長期間更新されておらず、ログ上は深い放電→再充電の学習機会が複数回確認されています。通常のキャリブレーション機会があったにもかかわらずFCC応答がないため、BIOS/EC/バッテリー関連FWのVersion確認とアップデート有無確認を優先してください。アップデート後、次回の学習機会後72h〜7日間でFCC更新有無を確認してください。,2026-06-03T12:47:30
CHIKARA7-ZBPQUS_chikara7,REVIEW_INSUFFICIENT_DATA,ACTION_COLLECT_MORE_DATA_OR_MANUAL_REVIEW,review,,58.5,5.8,"obs_days=41.6, n_samples=602, quality=QUALITY_SHORT_OBS -> insufficient/uncertain data",4.8,12,0.0,0,0,0,,,0.5799,78.0,100.0,22.0,41.57,QUALITY_SHORT_OBS,ThinkPad X1 2-in-1 Gen 9,BYD,5B11H56386,観測期間・サンプル数・カウンタ整合性のいずれかが不足しており、信頼できる介入判定ができません。追加データ収集または手動レビューが必要です。,2026-06-03T12:47:30
CMORATAYA-MDFJZ_cmorataya,REVIEW_INSUFFICIENT_DATA,ACTION_COLLECT_MORE_DATA_OR_MANUAL_REVIEW,review,,63.8,6.8,"obs_days=73.2, n_samples=944, quality=QUALITY_SHORT_OBS -> insufficient/uncertain data",11.0,18,0.0,0,0,0,,,0.8498,80.0,100.0,20.0,73.22,QUALITY_SHORT_OBS,ThinkPad P16s Gen 4,Sunwoda,5B11M90121,観測期間・サンプル数・カウンタ整合性のいずれかが不足しており、信頼できる介入判定ができません。追加データ収集または手動レビューが必要です。,2026-06-03T12:47:30
COC-X9-BE1_kojik,REVIEW_INSUFFICIENT_DATA,ACTION_COLLECT_MORE_DATA_OR_MANUAL_REVIEW,review,,56.0,5.2,"obs_days=52.0, n_samples=522, quality=QUALITY_SHORT_OBS -> insufficient/uncertain data",1.0,16,0.0,0,0,0,,,0.5392,72.0,100.0,28.0,52.0,QUALITY_SHORT_OBS,ThinkPad X9-14 Gen 1,BYD,LNV-5B11M90101,観測期間・サンプル数・カウンタ整合性のいずれかが不足しており、信頼できる介入判定ができません。追加データ収集または手動レビューが必要です。,2026-06-03T12:47:30
COLIN_cdorner,NORMAL_OR_RESPONDING,ACTION_NONE,high,,68.1,12.0,"flat_tail=11.9d, fcc_changes=18, tail_cyc=0.0, tail_ok[90/80/85]=0/0/0 -> FCC still updating / not a no-low-change candidate",11.9,18,0.0,0,0,0,,,0.8083,65.0,80.0,15.0,210.89,QUALITY_OK,ThinkPad P16 Gen 3,SMP,5B11M90135,,2026-06-03T12:47:30
CPC-TESTER5_Ridge_Jia,REVIEW_INSUFFICIENT_DATA,ACTION_COLLECT_MORE_DATA_OR_MANUAL_REVIEW,review,,73.0,24.3,"obs_days=106.1, n_samples=1596, quality=QUALITY_SHORT_OBS -> insufficient/uncertain data",99.1,1,14.0,0,0,0,,,0.9265,32.0,100.0,68.0,106.08,QUALITY_SHORT_OBS,ThinkPad T14 Gen 4,LG,5B10W51863,観測期間・サンプル数・カウンタ整合性のいずれかが不足しており、信頼できる介入判定ができません。追加データ収集または手動レビューが必要です。,2026-06-03T12:47:30
CPCTESTER202407_49005,NORMAL_OR_RESPONDING,ACTION_NONE,high,,66.8,12.2,"flat_tail=13.1d, fcc_changes=18, tail_cyc=0.0, tail_ok[90/80/85]=0/0/0 -> FCC still updating / not a no-low-change candidate",13.1,18,0.0,0,0,0,,,0.7293,6.0,100.0,94.0,139.98,QUALITY_OK,ThinkPad T14s Gen 6,SMP,LNV-5B11H56403?,,2026-06-03T12:47:30
CPOWELL1-577MKQ_cpowell1,REVIEW_INSUFFICIENT_DATA,ACTION_COLLECT_MORE_DATA_OR_MANUAL_REVIEW,review,,63.7,6.5,"obs_days=35.7, n_samples=432, quality=QUALITY_SHORT_OBS -> insufficient/uncertain data",8.8,3,0.0,0,0,0,,,0.8616,83.0,100.0,17.0,35.71,QUALITY_SHORT_OBS,ThinkPad X1 Carbon Gen 13,BYD,5B11M90100,観測期間・サンプル数・カウンタ整合性のいずれかが不足しており、信頼できる介入判定ができません。追加データ収集または手動レビューが必要です。,2026-06-03T12:47:30
CPOWELL1-PF4Z89_cpowell1,REVIEW_INSUFFICIENT_DATA,ACTION_COLLECT_MORE_DATA_OR_MANUAL_REVIEW,review,,47.0,7.0,"obs_days=110.7, n_samples=1238, quality=QUALITY_SHORT_OBS -> insufficient/uncertain data",11.9,39,0.0,0,0,0,,,0.0,3.0,96.0,93.0,110.68,QUALITY_SHORT_OBS,ThinkPad T14 Gen 5,Sunwoda,5B11H56418,観測期間・サンプル数・カウンタ整合性のいずれかが不足しており、信頼できる介入判定ができません。追加データ収集または手動レビューが必要です。,2026-06-03T12:47:30
CQUEEN-PW06FV2M_cqueen,NORMAL_OR_RESPONDING,ACTION_NONE,high,,66.2,14.7,"flat_tail=22.2d, fcc_changes=90, tail_cyc=5.0, tail_ok[90/80/85]=0/0/0 -> FCC still updating / not a no-low-change candidate",22.2,90,5.0,0,0,0,,,0.7512,5.0,100.0,95.0,933.23,QUALITY_OK,ThinkPad P1 Gen 5,SMP,5B11B79217,,2026-06-03T12:47:30
CQUICK-PF4H4VXC_cquick,NORMAL_OR_RESPONDING,ACTION_NONE,high,,61.3,10.1,"flat_tail=0.8d, fcc_changes=68, tail_cyc=0.0, tail_ok[90/80/85]=0/0/0 -> FCC still updating / not a no-low-change candidate",0.8,68,0.0,0,0,0,,,0.5577,19.0,100.0,81.0,140.15,QUALITY_OK,ThinkPad X13 Gen 4,Sunwoda,5B11H56368,,2026-06-03T12:47:30
CQUITIAN-5E0G78_cquitian,REVIEW_INSUFFICIENT_DATA,ACTION_COLLECT_MORE_DATA_OR_MANUAL_REVIEW,review,,53.8,5.0,"obs_days=20.0, n_samples=360, quality=QUALITY_SHORT_OBS -> insufficient/uncertain data",0.3,5,0.0,0,0,0,,,0.4375,58.0,100.0,42.0,20.02,QUALITY_SHORT_OBS,ThinkPad T14s Gen 6,ATL,5B11H56408,観測期間・サンプル数・カウンタ整合性のいずれかが不足しており、信頼できる介入判定ができません。追加データ収集または手動レビューが必要です。,2026-06-03T12:47:30
CRAMPELBERG-VRJ_T14,REVIEW_INSUFFICIENT_DATA,ACTION_COLLECT_MORE_DATA_OR_MANUAL_REVIEW,review,,57.6,7.0,"obs_days=98.0, n_samples=1086, quality=QUALITY_SHORT_OBS -> insufficient/uncertain data",11.9,16,0.0,0,0,0,,,0.5318,20.0,100.0,80.0,97.99,QUALITY_SHORT_OBS,ThinkPad T14 Gen 6,ATL,5B11M90125,観測期間・サンプル数・カウンタ整合性のいずれかが不足しており、信頼できる介入判定ができません。追加データ収集または手動レビューが必要です。,2026-06-03T12:47:30
CRAMPELBERG-VRJ_crampelberg,REVIEW_INSUFFICIENT_DATA,ACTION_COLLECT_MORE_DATA_OR_MANUAL_REVIEW,review,,56.7,6.8,"obs_days=97.2, n_samples=1085, quality=QUALITY_SHORT_OBS -> insufficient/uncertain data",11.1,16,0.0,0,0,0,,,0.4945,20.0,100.0,80.0,97.22,QUALITY_SHORT_OBS,ThinkPad T14 Gen 6,ATL,5B11M90125,観測期間・サンプル数・カウンタ整合性のいずれかが不足しており、信頼できる介入判定ができません。追加データ収集または手動レビューが必要です。,2026-06-03T12:47:30
CRISTIAN_cmorataya,REVIEW_INSUFFICIENT_DATA,ACTION_COLLECT_MORE_DATA_OR_MANUAL_REVIEW,review,,56.4,5.7,"obs_days=32.0, n_samples=645, quality=QUALITY_SHORT_OBS -> insufficient/uncertain data",4.1,4,0.0,0,0,0,,,0.5367,49.0,100.0,51.0,32.01,QUALITY_SHORT_OBS,ThinkPad L13 Gen 6,Sunwoda,5B11M90128,観測期間・サンプル数・カウンタ整合性のいずれかが不足しており、信頼できる介入判定ができません。追加データ収集または手動レビューが必要です。,2026-06-03T12:47:30
CSILVA30-674ERX_csilva30,REVIEW_INSUFFICIENT_DATA,ACTION_COLLECT_MORE_DATA_OR_MANUAL_REVIEW,review,,62.8,5.7,"obs_days=34.1, n_samples=413, quality=QUALITY_SHORT_OBS -> insufficient/uncertain data",4.1,2,0.0,0,0,0,,,0.8564,84.0,100.0,16.0,34.13,QUALITY_SHORT_OBS,ThinkPad T14s 2-in-1 Gen 2,Sunwoda,5B11M90160,観測期間・サンプル数・カウンタ整合性のいずれかが不足しており、信頼できる介入判定ができません。追加データ収集または手動レビューが必要です。,2026-06-03T12:47:30
CTURNER-1000036_cturner,REVIEW_INSUFFICIENT_DATA,ACTION_COLLECT_MORE_DATA_OR_MANUAL_REVIEW,review,,65.0,5.0,"obs_days=57.0, n_samples=1741, quality=QUALITY_SHORT_OBS -> insufficient/uncertain data",0.1,41,0.0,0,0,0,,,1.0,100.0,100.0,0.0,56.98,QUALITY_SHORT_OBS,ThinkPad P1 Gen 8,Celxpert,5B11M37552,観測期間・サンプル数・カウンタ整合性のいずれかが不足しており、信頼できる介入判定ができません。追加データ収集または手動レビューが必要です。,2026-06-03T12:47:30
CTURNER-F4T62ZK_cturner,REVIEW_INSUFFICIENT_DATA,ACTION_COLLECT_MORE_DATA_OR_MANUAL_REVIEW,review,,55.0,5.0,"obs_days=77.1, n_samples=1003, quality=QUALITY_SHORT_OBS -> insufficient/uncertain data",0.1,36,0.0,0,0,0,,,0.0,63.0,93.0,30.0,77.13,QUALITY_SHORT_OBS,ThinkPad P14s Gen 5,Sunwoda,5B11H56402,観測期間・サンプル数・カウンタ整合性のいずれかが不足しており、信頼できる介入判定ができません。追加データ収集または手動レビューが必要です。,2026-06-03T12:47:30
CTURNER_cturner,NORMAL_OR_RESPONDING,ACTION_NONE,high,,89.9,37.6,"flat_tail=161.8d, fcc_changes=10, tail_cyc=3.0, tail_ok[90/80/85]=0/0/0 -> FCC still updating / not a no-low-change candidate",161.8,10,3.0,0,0,0,,,0.7239,17.0,100.0,83.0,350.75,QUALITY_OK,ThinkPad X13 Gen 4,SMP,5B11H56366,,2026-06-03T12:47:30
CXTESTT14P_liufe,REVIEW_INSUFFICIENT_DATA,ACTION_COLLECT_MORE_DATA_OR_MANUAL_REVIEW,review,,64.2,5.5,"obs_days=56.0, n_samples=538, quality=QUALITY_SHORT_OBS -> insufficient/uncertain data",3.1,4,0.0,0,0,0,,,0.9365,75.0,100.0,25.0,56.04,QUALITY_SHORT_OBS,ThinkPad T14p Gen 2,Sunwoda,5B11H56402,観測期間・サンプル数・カウンタ整合性のいずれかが不足しており、信頼できる介入判定ができません。追加データ収集または手動レビューが必要です。,2026-06-03T12:47:30
DAVID_dcosby,NORMAL_OR_RESPONDING,ACTION_NONE,high,,69.0,10.2,"flat_tail=1.0d, fcc_changes=67, tail_cyc=0.0, tail_ok[90/80/85]=0/0/0 -> FCC still updating / not a no-low-change candidate",1.0,67,0.0,0,0,0,,,0.9423,92.0,100.0,8.0,455.0,QUALITY_OK,ThinkPad T14s Gen 6,Sunwoda,5B11M90105,,2026-06-03T12:47:30
DBROWN6-F4RV7QY_dbrown6,REVIEW_INSUFFICIENT_DATA,ACTION_COLLECT_MORE_DATA_OR_MANUAL_REVIEW,review,,65.6,5.6,"obs_days=98.3, n_samples=1853, quality=QUALITY_SHORT_OBS -> insufficient/uncertain data",3.5,37,0.0,0,0,0,,,0.9984,98.0,100.0,2.0,98.26,QUALITY_SHORT_OBS,ThinkPad T14 Gen 5,SMP,5B11H56415,観測期間・サンプル数・カウンタ整合性のいずれかが不足しており、信頼できる介入判定ができません。追加データ収集または手動レビューが必要です。,2026-06-03T12:47:30
DEBORAH_drepplier,NORMAL_OR_RESPONDING,ACTION_NONE,high,,70.6,11.3,"flat_tail=8.1d, fcc_changes=9, tail_cyc=0.0, tail_ok[90/80/85]=0/0/0 -> FCC still updating / not a no-low-change candidate",8.1,9,0.0,0,0,0,,,0.9618,75.0,80.0,5.0,377.99,QUALITY_OK,ThinkPad T14s Gen 6,Sunwoda,5B11M90105,,2026-06-03T12:47:30
DESKTOP-0OFMVDC_x1,NORMAL_OR_RESPONDING,ACTION_NONE,high,,70.4,10.4,"flat_tail=2.3d, fcc_changes=208, tail_cyc=0.0, tail_ok[90/80/85]=0/0/0 -> FCC still updating / not a no-low-change candidate",2.3,208,0.0,0,0,0,,,0.9999,99.0,100.0,1.0,499.21,QUALITY_OK,ThinkPad X1 2-in-1 Gen 10,Celxpert,5B11M90098,,2026-06-03T12:47:30
DESKTOP-0R32PSA_ah,NORMAL_OR_RESPONDING,ACTION_NONE,high,,70.2,11.2,"flat_tail=7.0d, fcc_changes=22, tail_cyc=0.0, tail_ok[90/80/85]=0/0/0 -> FCC still updating / not a no-low-change candidate",7.0,22,0.0,0,0,0,,,0.9511,87.0,100.0,13.0,225.07,QUALITY_OK,ThinkPad T14s Gen 6,Sunwoda,LNV-5B11H56404,,2026-06-03T12:47:30
DESKTOP-2OI6HV8_jnunez5,REVIEW_INSUFFICIENT_DATA,ACTION_COLLECT_MORE_DATA_OR_MANUAL_REVIEW,review,,60.7,5.7,"obs_days=30.8, n_samples=333, quality=QUALITY_SHORT_OBS -> insufficient/uncertain data",4.0,6,0.0,0,0,0,,,0.7228,85.0,100.0,15.0,30.78,QUALITY_SHORT_OBS,ThinkPad T14s Gen 6 Qualcomm,SMP,LNV-5B11H56403,観測期間・サンプル数・カウンタ整合性のいずれかが不足しており、信頼できる介入判定ができません。追加データ収集または手動レビューが必要です。,2026-06-03T12:47:30
DESKTOP-56S79KM_DEV-condor,REVIEW_INSUFFICIENT_DATA,ACTION_COLLECT_MORE_DATA_OR_MANUAL_REVIEW,review,,65.2,5.2,"obs_days=7.4, n_samples=254, quality=QUALITY_SHORT_OBS -> insufficient/uncertain data",1.0,3,0.0,0,0,0,,,1.0,94.0,100.0,6.0,7.41,QUALITY_SHORT_OBS,ThinkPad T14s Gen 6 Qualcomm,SMP,LNV-5B11H56403,観測期間・サンプル数・カウンタ整合性のいずれかが不足しており、信頼できる介入判定ができません。追加データ収集または手動レビューが必要です。,2026-06-03T12:47:30
DESKTOP-5TU0QIM_igluzman,NORMAL_OR_RESPONDING,ACTION_NONE,high,,74.3,14.3,"flat_tail=26.0d, fcc_changes=14, tail_cyc=0.0, tail_ok[90/80/85]=0/0/0 -> FCC still updating / not a no-low-change candidate",26.0,14,0.0,0,0,0,,,0.9973,99.0,100.0,1.0,160.68,QUALITY_OK,ThinkPad T14s Gen 6,SMP,LNV-5B11H56403,,2026-06-03T12:47:30
DESKTOP-65B5D4E_Mark,REVIEW_INSUFFICIENT_DATA,ACTION_COLLECT_MORE_DATA_OR_MANUAL_REVIEW,review,,62.7,2.7,"obs_days=2083.0, n_samples=12511, quality=QUALITY_COUNTER_RESET -> insufficient/uncertain data",16.0,136,0.0,0,0,0,,,1.0,100.0,100.0,0.0,2083.03,QUALITY_COUNTER_RESET,ThinkPad P51 W10DG,,,観測期間・サンプル数・カウンタ整合性のいずれかが不足しており、信頼できる介入判定ができません。追加データ収集または手動レビューが必要です。,2026-06-03T12:47:30
DESKTOP-6BVEF2H_PF4LS9A1,REVIEW_INSUFFICIENT_DATA,ACTION_COLLECT_MORE_DATA_OR_MANUAL_REVIEW,review,,78.6,19.4,"obs_days=96.5, n_samples=1995, quality=QUALITY_SHORT_OBS -> insufficient/uncertain data",86.4,2,0.0,0,0,0,,,0.9601,2.0,100.0,98.0,96.49,QUALITY_SHORT_OBS,ThinkPad X1 2-in-1 Gen 9,Sunwoda,5B11H56385,観測期間・サンプル数・カウンタ整合性のいずれかが不足しており、信頼できる介入判定ができません。追加データ収集または手動レビューが必要です。,2026-06-03T12:47:30
DESKTOP-8L6GNCN_Winson_Chiu,NORMAL_OR_RESPONDING,ACTION_NONE,high,,68.6,10.6,"flat_tail=3.6d, fcc_changes=21, tail_cyc=0.0, tail_ok[90/80/85]=0/0/0 -> FCC still updating / not a no-low-change candidate",3.6,21,0.0,0,0,0,,,0.9008,93.0,100.0,7.0,248.49,QUALITY_OK,ThinkPad T14s Gen 6,SMP,LNV-5B11H56403,,2026-06-03T12:47:30
DESKTOP-AN20HIT_kpatton,REVIEW_INSUFFICIENT_DATA,ACTION_COLLECT_MORE_DATA_OR_MANUAL_REVIEW,review,,59.4,5.3,"obs_days=51.8, n_samples=678, quality=QUALITY_SHORT_OBS -> insufficient/uncertain data",1.8,21,0.0,0,0,0,,,0.7049,59.0,100.0,41.0,51.81,QUALITY_SHORT_OBS,ThinkPad T14s Gen 6,Sunwoda,LNV-5B11H56404,観測期間・サンプル数・カウンタ整合性のいずれかが不足しており、信頼できる介入判定ができません。追加データ収集または手動レビューが必要です。,2026-06-03T12:47:30
DESKTOP-BJGS966_DEV,REVIEW_INSUFFICIENT_DATA,ACTION_COLLECT_MORE_DATA_OR_MANUAL_REVIEW,review,,65.0,5.0,"obs_days=5.9, n_samples=266, quality=QUALITY_SHORT_OBS -> insufficient/uncertain data",0.1,10,0.0,0,0,0,,,1.0,99.0,100.0,1.0,5.87,QUALITY_SHORT_OBS,ThinkPad T14s Gen 6 Qualcomm,Sunwoda,LNV-5B11H56404,観測期間・サンプル数・カウンタ整合性のいずれかが不足しており、信頼できる介入判定ができません。追加データ収集または手動レビューが必要です。,2026-06-03T12:47:30
DESKTOP-BUL3M0Q_DEV,REVIEW_INSUFFICIENT_DATA,ACTION_COLLECT_MORE_DATA_OR_MANUAL_REVIEW,review,,65.1,5.1,"obs_days=7.4, n_samples=261, quality=QUALITY_SHORT_OBS -> insufficient/uncertain data",0.4,4,0.0,0,0,0,,,1.0,95.0,100.0,5.0,7.4,QUALITY_SHORT_OBS,ThinkPad T14s Gen 6 Qualcomm,SMP,LNV-5B11H56403,観測期間・サンプル数・カウンタ整合性のいずれかが不足しており、信頼できる介入判定ができません。追加データ収集または手動レビューが必要です。,2026-06-03T12:47:30
DESKTOP-CDUSM1A_T14s,REVIEW_INSUFFICIENT_DATA,ACTION_COLLECT_MORE_DATA_OR_MANUAL_REVIEW,review,,56.3,5.7,"obs_days=46.1, n_samples=511, quality=QUALITY_SHORT_OBS -> insufficient/uncertain data",4.0,7,0.0,0,0,0,,,0.4881,72.0,100.0,28.0,46.1,QUALITY_SHORT_OBS,ThinkPad T14s Gen 6,Sunwoda,LNV-5B11H56404,観測期間・サンプル数・カウンタ整合性のいずれかが不足しており、信頼できる介入判定ができません。追加データ収集または手動レビューが必要です。,2026-06-03T12:47:30
DESKTOP-DR88TUK_DEV-Condor,REVIEW_INSUFFICIENT_DATA,ACTION_COLLECT_MORE_DATA_OR_MANUAL_REVIEW,review,,63.2,6.7,"obs_days=5.6, n_samples=258, quality=QUALITY_SHORT_OBS -> insufficient/uncertain data",5.6,0,4.0,0,0,0,,,0.9635,62.0,100.0,38.0,5.58,QUALITY_SHORT_OBS,ThinkPad T14s Gen 6 Qualcomm,Sunwoda,LNV-5B11H56404,観測期間・サンプル数・カウンタ整合性のいずれかが不足しており、信頼できる介入判定ができません。追加データ収集または手動レビューが必要です。,2026-06-03T12:47:30
DESKTOP-EP8TDGT_nmadhani,REVIEW_INSUFFICIENT_DATA,ACTION_COLLECT_MORE_DATA_OR_MANUAL_REVIEW,review,,58.2,5.5,"obs_days=47.0, n_samples=452, quality=QUALITY_SHORT_OBS -> insufficient/uncertain data",3.1,5,0.0,0,0,0,,,0.0,70.0,92.0,22.0,47.05,QUALITY_SHORT_OBS,ThinkPad T14s Gen 6,SMP,LNV-5B11H56403,観測期間・サンプル数・カウンタ整合性のいずれかが不足しており、信頼できる介入判定ができません。追加データ収集または手動レビューが必要です。,2026-06-03T12:47:30
DESKTOP-F4I6BLL_jl240,ACTIONABLE_GAUGE_RESET_NO_OPPORTUNITY,ACTION_GAUGE_RESET,high,NO_OPPORTUNITY_LOW_CYCLING,92.7,40.4,"flat_tail=241.5d, fcc_changes=1, tail_cyc=2.0, tail_ok[90/80/85]=0/0/0, ac=0.68, min_rsoc=6.0, swing=74.0 -> no learning opportunity in flat tail",241.5,1,2.0,0,0,0,,,0.6835,6.0,80.0,74.0,346.54,QUALITY_OK,ThinkPad X1 Yoga Gen 5,LG,5B10W13930,FCC/SoHが長期間更新されていませんが、ログ上は深い放電→再充電の学習機会が不足しています。安全な環境でOEM推奨のバッテリーゲージリセット/キャリブレーションを実施し、その後72h〜7日間のテレメトリでFCC更新有無を確認してください。,2026-06-03T12:47:30
DESKTOP-K1B42LP_SVT-GM5-who2-No-B,NORMAL_OR_RESPONDING,ACTION_NONE,high,,68.5,10.3,"flat_tail=1.8d, fcc_changes=38, tail_cyc=0.0, tail_ok[90/80/85]=0/0/0 -> FCC still updating / not a no-low-change candidate",1.8,38,0.0,0,0,0,,,0.9099,79.0,100.0,21.0,422.55,QUALITY_OK,ThinkPad T14s Gen 6,SMP,LNV-5B11H56403,,2026-06-03T12:47:30
DESKTOP-KQ90P7N_jkleissler,REVIEW_INSUFFICIENT_DATA,ACTION_COLLECT_MORE_DATA_OR_MANUAL_REVIEW,review,,61.9,5.2,"obs_days=95.1, n_samples=937, quality=QUALITY_SHORT_OBS -> insufficient/uncertain data",1.1,21,0.0,0,0,0,,,0.8378,88.0,100.0,12.0,95.09,QUALITY_SHORT_OBS,ThinkPad T14s Gen 6 Qualcomm,SMP,LNV-5B11H56403,観測期間・サンプル数・カウンタ整合性のいずれかが不足しており、信頼できる介入判定ができません。追加データ収集または手動レビューが必要です。,2026-06-03T12:47:30
DESKTOP-LBSEJ4D_perf-test,NORMAL_OR_RESPONDING,ACTION_NONE,high,,64.0,5.0,"flat_tail=0.0d, fcc_changes=11, tail_cyc=0.0, tail_ok[90/80/85]=0/0/0 -> FCC still updating / not a no-low-change candidate",0.0,11,0.0,0,0,0,,,0.0,75.0,78.0,3.0,132.56,QUALITY_SPARSE,ThinkPad X1 Yoga Gen 8,Celxpert,5B10W13974,,2026-06-03T12:47:30
DESKTOP-MMH8JIS_chee1,ACTIONABLE_GAUGE_RESET_NO_OPPORTUNITY,ACTION_GAUGE_RESET,high,NO_OPPORTUNITY_LOW_CYCLING,82.4,38.3,"flat_tail=156.7d, fcc_changes=0, tail_cyc=11.0, tail_ok[90/80/85]=0/0/0, ac=0.59, min_rsoc=3.0, swing=97.0 -> no learning opportunity in flat tail",156.7,0,11.0,0,0,0,,,0.5889,3.0,100.0,97.0,156.72,QUALITY_OK,ThinkPad X13s Gen 1,Celxpert,LNV-5B10W51879,FCC/SoHが長期間更新されていませんが、ログ上は深い放電→再充電の学習機会が不足しています。安全な環境でOEM推奨のバッテリーゲージリセット/キャリブレーションを実施し、その後72h〜7日間のテレメトリでFCC更新有無を確認してください。,2026-06-03T12:47:30
DESKTOP-N9S9JC9_think,REVIEW_INSUFFICIENT_DATA,ACTION_COLLECT_MORE_DATA_OR_MANUAL_REVIEW,review,,64.3,9.3,"obs_days=63.1, n_samples=873, quality=QUALITY_SHORT_OBS -> insufficient/uncertain data",22.2,4,3.0,0,0,0,,,0.8534,45.0,100.0,55.0,63.1,QUALITY_SHORT_OBS,ThinkPad R14 Gen 5,Sunwoda,L22D3PG4,観測期間・サンプル数・カウンタ整合性のいずれかが不足しており、信頼できる介入判定ができません。追加データ収集または手動レビューが必要です。,2026-06-03T12:47:30
DESKTOP-QAH5T71_ehowe,REVIEW_INSUFFICIENT_DATA,ACTION_COLLECT_MORE_DATA_OR_MANUAL_REVIEW,review,,50.9,6.4,"obs_days=55.0, n_samples=505, quality=QUALITY_SHORT_OBS -> insufficient/uncertain data",7.0,17,1.0,0,0,0,,,0.2627,46.0,100.0,54.0,54.96,QUALITY_SHORT_OBS,ThinkPad T14s Gen 6,SMP,LNV-5B11H56403,観測期間・サンプル数・カウンタ整合性のいずれかが不足しており、信頼できる介入判定ができません。追加データ収集または手動レビューが必要です。,2026-06-03T12:47:30
DESKTOP-QLOL3EV_ehowe,REVIEW_INSUFFICIENT_DATA,ACTION_COLLECT_MORE_DATA_OR_MANUAL_REVIEW,review,,48.0,15.0,"obs_days=43.1, n_samples=366, quality=QUALITY_SHORT_OBS -> insufficient/uncertain data",43.1,0,14.0,0,0,0,,,0.1401,10.0,100.0,90.0,43.12,QUALITY_SHORT_OBS,ThinkPad T14s Gen 6 Qualcomm,SMP,LNV-5B11H56403,観測期間・サンプル数・カウンタ整合性のいずれかが不足しており、信頼できる介入判定ができません。追加データ収集または手動レビューが必要です。,2026-06-03T12:47:30
DESKTOP-VBGKQ59_rtwall,REVIEW_INSUFFICIENT_DATA,ACTION_COLLECT_MORE_DATA_OR_MANUAL_REVIEW,review,,64.4,5.8,"obs_days=42.0, n_samples=841, quality=QUALITY_SHORT_OBS -> insufficient/uncertain data",4.8,12,0.0,0,0,0,,,0.9318,73.0,100.0,27.0,41.98,QUALITY_SHORT_OBS,ThinkPad T14s Gen 6,SMP,LNV-5B11H56403,観測期間・サンプル数・カウンタ整合性のいずれかが不足しており、信頼できる介入判定ができません。追加データ収集または手動レビューが必要です。,2026-06-03T12:47:30
DHARDING-55C9NC_dharding,REVIEW_INSUFFICIENT_DATA,ACTION_COLLECT_MORE_DATA_OR_MANUAL_REVIEW,review,,61.3,6.3,"obs_days=98.8, n_samples=1720, quality=QUALITY_SHORT_OBS -> insufficient/uncertain data",8.0,6,0.0,0,0,0,,,0.7508,83.0,100.0,17.0,98.76,QUALITY_SHORT_OBS,ThinkPad T14s Gen 6,Celxpert,5B11H56406,観測期間・サンプル数・カウンタ整合性のいずれかが不足しており、信頼できる介入判定ができません。追加データ収集または手動レビューが必要です。,2026-06-03T12:47:30
DHERRING1-6KYF4_dherring1,REVIEW_INSUFFICIENT_DATA,ACTION_COLLECT_MORE_DATA_OR_MANUAL_REVIEW,review,,60.7,5.0,"obs_days=29.1, n_samples=451, quality=QUALITY_SHORT_OBS -> insufficient/uncertain data",0.3,14,0.0,0,0,0,,,0.7369,87.0,100.0,13.0,29.1,QUALITY_SHORT_OBS,ThinkPad P14s Gen 7 AMD,BYD,5B11M90171,観測期間・サンプル数・カウンタ整合性のいずれかが不足しており、信頼できる介入判定ができません。追加データ収集または手動レビューが必要です。,2026-06-03T12:47:30
DILIPB-PF66R2P1_dilipb,REVIEW_INSUFFICIENT_DATA,ACTION_COLLECT_MORE_DATA_OR_MANUAL_REVIEW,review,,59.5,5.2,"obs_days=22.0, n_samples=405, quality=QUALITY_SHORT_OBS -> insufficient/uncertain data",0.9,2,0.0,0,0,0,,,0.6958,83.0,100.0,17.0,21.98,QUALITY_SHORT_OBS,ThinkPad X1 2-in-1 Gen 11,COSMX,5B11M90162,観測期間・サンプル数・カウンタ整合性のいずれかが不足しており、信頼できる介入判定ができません。追加データ収集または手動レビューが必要です。,2026-06-03T12:47:30
DILLON_dpaquin,REVIEW_INSUFFICIENT_DATA,ACTION_COLLECT_MORE_DATA_OR_MANUAL_REVIEW,review,,62.3,5.3,"obs_days=98.7, n_samples=1276, quality=QUALITY_SHORT_OBS -> insufficient/uncertain data",2.0,20,0.0,0,0,0,,,0.5766,71.0,80.0,9.0,98.71,QUALITY_SHORT_OBS,ThinkPad T14 Gen 6,Sunwoda,5B11M90127,観測期間・サンプル数・カウンタ整合性のいずれかが不足しており、信頼できる介入判定ができません。追加データ収集または手動レビューが必要です。,2026-06-03T12:47:30
DJR-PF3R8T3C_djr,NORMAL_OR_RESPONDING,ACTION_NONE,high,,72.1,27.3,"flat_tail=84.6d, fcc_changes=35, tail_cyc=16.0, tail_ok[90/80/85]=0/0/0 -> FCC still updating / not a no-low-change candidate",84.6,35,16.0,0,0,0,,,0.7981,45.0,100.0,55.0,791.43,QUALITY_OK,ThinkPad X1 Carbon Gen 10,Celxpert,5B10W13974,,2026-06-03T12:47:30
DKUNTTU-F4JTB5W_dkunttu,REVIEW_INSUFFICIENT_DATA,ACTION_COLLECT_MORE_DATA_OR_MANUAL_REVIEW,review,,54.9,0.2,"obs_days=448.1, n_samples=15519, quality=QUALITY_COUNTER_RESET -> insufficient/uncertain data",1.3,66,0.0,0,0,0,,,0.733,45.0,94.0,49.0,448.06,QUALITY_COUNTER_RESET,ThinkPad Z16 Gen 2,Celxpert,5B10W51888,観測期間・サンプル数・カウンタ整合性のいずれかが不足しており、信頼できる介入判定ができません。追加データ収集または手動レビューが必要です。,2026-06-03T12:47:30
DKUNTTU-F4ML5R6_dkunttu,NORMAL_OR_RESPONDING,ACTION_NONE,high,,65.6,10.3,"flat_tail=1.8d, fcc_changes=78, tail_cyc=0.0, tail_ok[90/80/85]=0/0/0 -> FCC still updating / not a no-low-change candidate",1.8,78,0.0,0,0,0,,,0.0,85.0,99.0,14.0,254.04,QUALITY_OK,ThinkPad X1 Carbon Gen 12,SMP,5B11H56383,,2026-06-03T12:47:30
DKUNTTU-F5AZ5F3_dkunttu,NORMAL_OR_RESPONDING,ACTION_NONE,high,,73.7,16.7,"flat_tail=40.4d, fcc_changes=9, tail_cyc=0.0, tail_ok[90/80/85]=0/0/0 -> FCC still updating / not a no-low-change candidate",40.4,9,0.0,0,0,0,,,0.6153,91.0,100.0,9.0,429.17,QUALITY_OK,ThinkPad X9-15 Gen 1,BYD,L24B4PE2,,2026-06-03T12:47:30
DKUNTTU-W0CXCFB_dkunttu,REVIEW_INSUFFICIENT_DATA,ACTION_COLLECT_MORE_DATA_OR_MANUAL_REVIEW,review,,63.6,5.2,"obs_days=22.1, n_samples=538, quality=QUALITY_SHORT_OBS -> insufficient/uncertain data",1.1,12,0.0,0,0,0,,,0.9186,63.0,99.0,36.0,22.09,QUALITY_SHORT_OBS,ThinkPad T14s Gen 6,,,観測期間・サンプル数・カウンタ整合性のいずれかが不足しており、信頼できる介入判定ができません。追加データ収集または手動レビューが必要です。,2026-06-03T12:47:30
DLI13-PW0HKDEK_dli13,NORMAL_OR_RESPONDING,ACTION_NONE,high,,73.2,13.2,"flat_tail=19.2d, fcc_changes=8, tail_cyc=0.0, tail_ok[90/80/85]=0/0/0 -> FCC still updating / not a no-low-change candidate",19.2,8,0.0,0,0,0,,,0.9999,95.0,100.0,5.0,160.98,QUALITY_OK,ThinkPad L16 Gen 2,Sunwoda,5B11M90114,,2026-06-03T12:47:30
DLOMIS-PF58PBCR_X1,REVIEW_INSUFFICIENT_DATA,ACTION_COLLECT_MORE_DATA_OR_MANUAL_REVIEW,review,,61.8,6.2,"obs_days=58.0, n_samples=757, quality=QUALITY_SHORT_OBS -> insufficient/uncertain data",7.2,7,0.0,0,0,0,,,0.7808,46.0,100.0,54.0,58.0,QUALITY_SHORT_OBS,ThinkPad X1 Carbon Gen 13,Celxpert,5B11M90098,観測期間・サンプル数・カウンタ整合性のいずれかが不足しており、信頼できる介入判定ができません。追加データ収集または手動レビューが必要です。,2026-06-03T12:47:30
DLOMIS-PF58PBCR_dlomis,REVIEW_INSUFFICIENT_DATA,ACTION_COLLECT_MORE_DATA_OR_MANUAL_REVIEW,review,,61.4,5.9,"obs_days=56.0, n_samples=715, quality=QUALITY_SHORT_OBS -> insufficient/uncertain data",5.2,7,0.0,0,0,0,,,0.7762,46.0,100.0,54.0,56.01,QUALITY_SHORT_OBS,ThinkPad X1 Carbon Gen 13,Celxpert,5B11M90098,観測期間・サンプル数・カウンタ整合性のいずれかが不足しており、信頼できる介入判定ができません。追加データ収集または手動レビューが必要です。,2026-06-03T12:47:30
DONGQZ-PF4RM5MZ_dongqz,NORMAL_OR_RESPONDING,ACTION_NONE,high,,59.0,11.6,"flat_tail=9.7d, fcc_changes=46, tail_cyc=0.0, tail_ok[90/80/85]=0/0/0 -> FCC still updating / not a no-low-change candidate",9.7,46,0.0,0,0,0,,,0.1403,60.0,98.0,38.0,410.16,QUALITY_OK,ThinkPad X1 Carbon Gen 12,SMP,5B11H56383,,2026-06-03T12:47:30
DONGQZ-PF505XME_dongqz,REVIEW_INSUFFICIENT_DATA,ACTION_COLLECT_MORE_DATA_OR_MANUAL_REVIEW,review,,65.8,6.4,"obs_days=70.1, n_samples=1457, quality=QUALITY_SHORT_OBS -> insufficient/uncertain data",8.4,13,0.0,0,0,0,,,0.972,75.0,100.0,25.0,70.07,QUALITY_SHORT_OBS,ThinkPad X1 Carbon Gen 13,Sunwoda,5B11M90099,観測期間・サンプル数・カウンタ整合性のいずれかが不足しており、信頼できる介入判定ができません。追加データ収集または手動レビューが必要です。,2026-06-03T12:47:30
DONGQZ-PF5HTSGV_dongqz,NORMAL_OR_RESPONDING,ACTION_NONE,high,,69.2,11.3,"flat_tail=8.1d, fcc_changes=48, tail_cyc=0.0, tail_ok[90/80/85]=0/0/0 -> FCC still updating / not a no-low-change candidate",8.1,48,0.0,0,0,0,,,0.8911,68.0,100.0,32.0,363.97,QUALITY_OK,ThinkPad T14s 2-in-1 Gen 1,Celxpert,5B11M90106,,2026-06-03T12:47:30
DONGQZ-PF6229ZN_dongqz,REVIEW_INSUFFICIENT_DATA,ACTION_COLLECT_MORE_DATA_OR_MANUAL_REVIEW,review,,62.2,5.4,"obs_days=71.0, n_samples=1106, quality=QUALITY_SHORT_OBS -> insufficient/uncertain data",2.6,25,0.0,0,0,0,,,0.8377,70.0,100.0,30.0,70.98,QUALITY_SHORT_OBS,ThinkPad X1 Carbon Gen 14,ATL,5B11M90161,観測期間・サンプル数・カウンタ整合性のいずれかが不足しており、信頼できる介入判定ができません。追加データ収集または手動レビューが必要です。,2026-06-03T12:47:30
DONGQZ-PF66VXBZ_dongqz,REVIEW_INSUFFICIENT_DATA,ACTION_COLLECT_MORE_DATA_OR_MANUAL_REVIEW,review,,60.8,5.8,"obs_days=32.9, n_samples=528, quality=QUALITY_SHORT_OBS -> insufficient/uncertain data",4.8,5,0.0,0,0,0,,,0.7483,71.0,100.0,29.0,32.91,QUALITY_SHORT_OBS,ThinkPad X1 Carbon Gen 14,SMP,5B11M90163,観測期間・サンプル数・カウンタ整合性のいずれかが不足しており、信頼できる介入判定ができません。追加データ収集または手動レビューが必要です。,2026-06-03T12:47:30
DONGQZ-PW0B15P6_dongqz,REVIEW_INSUFFICIENT_DATA,ACTION_COLLECT_MORE_DATA_OR_MANUAL_REVIEW,review,,63.9,7.0,"obs_days=15.2, n_samples=765, quality=QUALITY_SHORT_OBS -> insufficient/uncertain data",12.1,3,0.0,0,0,0,,,0.8459,77.0,100.0,23.0,15.21,QUALITY_SHORT_OBS,ThinkPad P1 Gen 7,Celxpert,5B11M37552,観測期間・サンプル数・カウンタ整合性のいずれかが不足しており、信頼できる介入判定ができません。追加データ収集または手動レビューが必要です。,2026-06-03T12:47:30
DRICKARD-5GLCFY_drickard,NORMAL_OR_RESPONDING,ACTION_NONE,high,,71.5,11.6,"flat_tail=9.3d, fcc_changes=38, tail_cyc=0.0, tail_ok[90/80/85]=0/0/0 -> FCC still updating / not a no-low-change candidate",9.3,38,0.0,0,0,0,,,1.0,79.0,100.0,21.0,203.01,QUALITY_OK,ThinkPad X13 Gen 6,SMP,5B11M90123,,2026-06-03T12:47:30
DRUBRIGHT-320B9_drubright,REVIEW_INSUFFICIENT_DATA,ACTION_COLLECT_MORE_DATA_OR_MANUAL_REVIEW,review,,55.8,5.2,"obs_days=49.9, n_samples=901, quality=QUALITY_SHORT_OBS -> insufficient/uncertain data",0.9,21,0.0,0,0,0,,,0.5348,71.0,100.0,29.0,49.86,QUALITY_SHORT_OBS,ThinkPad X1 Carbon Gen 14,ATL,5B11M90161,観測期間・サンプル数・カウンタ整合性のいずれかが不足しており、信頼できる介入判定ができません。追加データ収集または手動レビューが必要です。,2026-06-03T12:47:30
DRUBRIGHT-DPJ32_drubright,NORMAL_OR_RESPONDING,ACTION_NONE,high,,58.2,10.2,"flat_tail=1.3d, fcc_changes=78, tail_cyc=0.0, tail_ok[90/80/85]=0/0/0 -> FCC still updating / not a no-low-change candidate",1.3,78,0.0,0,0,0,,,0.3999,29.0,100.0,71.0,140.33,QUALITY_OK,ThinkPad X9-14 Gen 1,BYD,LNV-5B11M90101,,2026-06-03T12:47:30
DRUBRIGHT-EHFA6_drubright,NORMAL_OR_RESPONDING,ACTION_NONE,high,,60.7,19.7,"flat_tail=58.0d, fcc_changes=73, tail_cyc=0.0, tail_ok[90/80/85]=0/0/0 -> FCC still updating / not a no-low-change candidate",58.0,73,0.0,0,0,0,,,0.0525,33.0,100.0,67.0,157.0,QUALITY_OK,ThinkPad X13 Gen 4,Celxpert,5B11H56367,,2026-06-03T12:47:30
DRUBRIGHT-FSTTJ_drubright,NORMAL_OR_RESPONDING,ACTION_NONE,high,,54.1,10.1,"flat_tail=0.3d, fcc_changes=141, tail_cyc=0.0, tail_ok[90/80/85]=0/0/0 -> FCC still updating / not a no-low-change candidate",0.3,141,0.0,0,0,0,,,0.2011,30.0,100.0,70.0,350.22,QUALITY_OK,ThinkPad X1 2-in-1 Gen 10,Sunwoda,5B11M90099,,2026-06-03T12:47:30
DRUBRIGHT-N1GRS_drubright,REVIEW_INSUFFICIENT_DATA,ACTION_COLLECT_MORE_DATA_OR_MANUAL_REVIEW,review,,65.4,6.9,"obs_days=20.0, n_samples=356, quality=QUALITY_SHORT_OBS -> insufficient/uncertain data",11.2,6,0.0,0,0,0,,,0.9285,94.0,100.0,6.0,19.99,QUALITY_SHORT_OBS,ThinkPad X1 Carbon Gen 12,Celxpert,5B11H56384,観測期間・サンプル数・カウンタ整合性のいずれかが不足しており、信頼できる介入判定ができません。追加データ収集または手動レビューが必要です。,2026-06-03T12:47:30
DRUBRIGHT-NXE61_drubright,NORMAL_OR_RESPONDING,ACTION_NONE,high,,85.3,33.0,"flat_tail=138.2d, fcc_changes=84, tail_cyc=0.0, tail_ok[90/80/85]=0/0/0 -> FCC still updating / not a no-low-change candidate",138.2,84,0.0,0,0,0,,,0.6145,2.0,100.0,98.0,696.13,QUALITY_OK,ThinkPad X1 2-in-1 Gen 9,SMP,5B11H56383,,2026-06-03T12:47:30
DSABOGAL-66ZRAR_dsabogal,REVIEW_INSUFFICIENT_DATA,ACTION_COLLECT_MORE_DATA_OR_MANUAL_REVIEW,review,,65.2,5.8,"obs_days=14.3, n_samples=498, quality=QUALITY_SHORT_OBS -> insufficient/uncertain data",4.9,1,0.0,0,0,0,,,0.9703,81.0,100.0,19.0,14.26,QUALITY_SHORT_OBS,ThinkPad T14s Gen 7,SMP,5B11M90163,観測期間・サンプル数・カウンタ整合性のいずれかが不足しており、信頼できる介入判定ができません。追加データ収集または手動レビューが必要です。,2026-06-03T12:47:30
DSMITH3-F66KH2F_dsmith3,REVIEW_INSUFFICIENT_DATA,ACTION_COLLECT_MORE_DATA_OR_MANUAL_REVIEW,review,,62.2,5.5,"obs_days=26.9, n_samples=267, quality=QUALITY_SHORT_OBS -> insufficient/uncertain data",2.9,1,0.0,0,0,0,,,0.5455,90.0,100.0,10.0,26.9,QUALITY_SHORT_OBS,ThinkPad T14 Gen 7,Sunwoda,5B11M90169,観測期間・サンプル数・カウンタ整合性のいずれかが不足しており、信頼できる介入判定ができません。追加データ収集または手動レビューが必要です。,2026-06-03T12:47:30
DWATTS-PF5C6AV8_dwatts,NORMAL_OR_RESPONDING,ACTION_NONE,high,,71.1,11.1,"flat_tail=6.7d, fcc_changes=72, tail_cyc=0.0, tail_ok[90/80/85]=0/0/0 -> FCC still updating / not a no-low-change candidate",6.7,72,0.0,0,0,0,,,0.9977,80.0,100.0,20.0,458.9,QUALITY_OK,ThinkPad X1 Carbon Gen 13,BYD,5B11M90100,,2026-06-03T12:47:30
DWATTS-PF627DJB_dwatts,REVIEW_INSUFFICIENT_DATA,ACTION_COLLECT_MORE_DATA_OR_MANUAL_REVIEW,review,,65.8,6.8,"obs_days=84.1, n_samples=4074, quality=QUALITY_SHORT_OBS -> insufficient/uncertain data",10.7,12,0.0,0,0,0,,,0.9496,67.0,100.0,33.0,84.07,QUALITY_SHORT_OBS,ThinkPad P14s Gen 7,COSMX,5B11M90178,観測期間・サンプル数・カウンタ整合性のいずれかが不足しており、信頼できる介入判定ができません。追加データ収集または手動レビューが必要です。,2026-06-03T12:47:30
DWATTS-PF668VNV_dwatts,REVIEW_INSUFFICIENT_DATA,ACTION_COLLECT_MORE_DATA_OR_MANUAL_REVIEW,review,,62.8,5.3,"obs_days=27.4, n_samples=1140, quality=QUALITY_SHORT_OBS -> insufficient/uncertain data",1.9,6,0.0,0,0,0,,,0.8743,79.0,100.0,21.0,27.41,QUALITY_SHORT_OBS,ThinkPad X13 Gen 7,Sunwoda,5B11M90142,観測期間・サンプル数・カウンタ整合性のいずれかが不足しており、信頼できる介入判定ができません。追加データ収集または手動レビューが必要です。,2026-06-03T12:47:30
E14_test,ACTIONABLE_GAUGE_RESET_NO_OPPORTUNITY,ACTION_GAUGE_RESET,medium,NO_OPPORTUNITY_LOW_CYCLING,79.5,24.9,"flat_tail=87.9d, fcc_changes=1, tail_cyc=1.0, tail_ok[90/80/85]=0/0/0, ac=0.77, min_rsoc=1.0, swing=99.0 -> no learning opportunity in flat tail",87.9,1,1.0,0,0,0,,,0.7695,1.0,100.0,99.0,678.98,QUALITY_OK,ThinkPad E14 Gen 6,BYD,L22B3PG4,FCC/SoHが長期間更新されていませんが、ログ上は深い放電→再充電の学習機会が不足しています。安全な環境でOEM推奨のバッテリーゲージリセット/キャリブレーションを実施し、その後72h〜7日間のテレメトリでFCC更新有無を確認してください。,2026-06-03T12:47:30
E28386-PF3X7BXZ_e28386,REVIEW_INSUFFICIENT_DATA,ACTION_COLLECT_MORE_DATA_OR_MANUAL_REVIEW,review,,73.6,39.4,"obs_days=994.5, n_samples=13395, quality=QUALITY_COUNTER_RESET -> insufficient/uncertain data",994.5,0,47.0,0,0,0,,,0.931,0.0,100.0,100.0,994.51,QUALITY_COUNTER_RESET,ThinkPad X1 Yoga Gen 6,Sunwoda,5B10W13975,観測期間・サンプル数・カウンタ整合性のいずれかが不足しており、信頼できる介入判定ができません。追加データ収集または手動レビューが必要です。,2026-06-03T12:47:30
E31583-PW0BLY7A_ohsaw,REVIEW_INSUFFICIENT_DATA,ACTION_COLLECT_MORE_DATA_OR_MANUAL_REVIEW,review,,60.6,9.5,"obs_days=72.8, n_samples=437, quality=QUALITY_SHORT_OBS -> insufficient/uncertain data",27.1,6,0.0,0,0,0,,,0.5561,15.0,96.0,81.0,72.83,QUALITY_SHORT_OBS,ThinkPad T14s Gen 6,Sunwoda,LNV-5B11H56404,観測期間・サンプル数・カウンタ整合性のいずれかが不足しており、信頼できる介入判定ができません。追加データ収集または手動レビューが必要です。,2026-06-03T12:47:30
EAAGM1_pasw-,NORMAL_OR_RESPONDING,ACTION_NONE,high,,70.1,10.2,"flat_tail=1.0d, fcc_changes=13, tail_cyc=0.0, tail_ok[90/80/85]=0/0/0 -> FCC still updating / not a no-low-change candidate",1.0,13,0.0,0,0,0,,,0.9972,92.0,100.0,8.0,143.96,QUALITY_OK,ThinkPad X1 Carbon Gen 13,SMP,5B11M90097,,2026-06-03T12:47:30
EB16034-F2RY6ZG_eb16034,WATCH_LOW_UPDATE_RATE_AMBIGUOUS,ACTION_MONITOR_OR_MANUAL_REVIEW,low,,65.2,14.4,"flat_tail=18.0d, fcc_changes=2, tail_cyc=7.0, tail_ok[90/80/85]=0/0/0, resp72h(rel)=NA -> ambiguous low-update",18.0,2,7.0,0,0,0,,,0.7865,2.0,100.0,98.0,998.79,QUALITY_OK,ThinkPad T14 Gen 1,LG,5B10W139,FCC更新率は低いものの完全凍結ではない/学習機会が少ない/データ品質が中程度のため、FW確認に回す前にモニタリングまたは手動レビューを推奨します。,2026-06-03T12:47:30
EB16034-F4414Y8_eb16034,ACTIONABLE_FW_CHECK_OPPORTUNITY_NO_RESPONSE,ACTION_FW_CHECK,high,LOW_UPDATE_RATE_WITH_OPPORTUNITIES,50.0,100.0,"flat_tail=203.0d, fcc_changes=0, tail_cyc=80.0, tail_ok[90/80/85]=2/2/2, resp72h(rel)=0.000 -> opportunities present but FCC did not respond",203.0,0,80.0,2,2,2,0.0,0.0,0.2516,2.0,100.0,98.0,203.03,QUALITY_OK,ThinkPad X1 Carbon Gen 11,,,FCC/SoHが長期間更新されておらず、ログ上は深い放電→再充電の学習機会が複数回確認されています。通常のキャリブレーション機会があったにもかかわらずFCC応答がないため、BIOS/EC/バッテリー関連FWのVersion確認とアップデート有無確認を優先してください。アップデート後、次回の学習機会後72h〜7日間でFCC更新有無を確認してください。,2026-06-03T12:47:30
EB16034-F4QX17S_eb16034,NORMAL_OR_RESPONDING,ACTION_NONE,high,,54.9,11.6,"flat_tail=7.1d, fcc_changes=41, tail_cyc=2.0, tail_ok[90/80/85]=0/0/0 -> FCC still updating / not a no-low-change candidate",7.1,41,2.0,0,0,0,,,0.2254,54.0,100.0,46.0,120.27,QUALITY_OK,ThinkPad X1 Carbon Gen 12,SMP,5B11H56383,,2026-06-03T12:47:30
EBUCHHOLZ-HKD6N_ebuchholz,REVIEW_INSUFFICIENT_DATA,ACTION_COLLECT_MORE_DATA_OR_MANUAL_REVIEW,review,,58.7,5.8,"obs_days=70.8, n_samples=850, quality=QUALITY_SHORT_OBS -> insufficient/uncertain data",4.8,23,0.0,0,0,0,,,0.643,55.0,100.0,45.0,70.82,QUALITY_SHORT_OBS,ThinkPad L16 Gen 2,Sunwoda,5B11M90113,観測期間・サンプル数・カウンタ整合性のいずれかが不足しており、信頼できる介入判定ができません。追加データ収集または手動レビューが必要です。,2026-06-03T12:47:30
ECOOK-PF67560P_ecook,REVIEW_INSUFFICIENT_DATA,ACTION_COLLECT_MORE_DATA_OR_MANUAL_REVIEW,review,,63.2,6.5,"obs_days=20.9, n_samples=309, quality=QUALITY_SHORT_OBS -> insufficient/uncertain data",8.8,1,0.0,0,0,0,,,0.836,77.0,100.0,23.0,20.85,QUALITY_SHORT_OBS,ThinkPad T14 Gen 7,Sunwoda,5B11M90168,観測期間・サンプル数・カウンタ整合性のいずれかが不足しており、信頼できる介入判定ができません。追加データ収集または手動レビューが必要です。,2026-06-03T12:47:30
EDANG-PF5TMMM8_edang,NORMAL_OR_RESPONDING,ACTION_NONE,high,,73.2,13.2,"flat_tail=19.0d, fcc_changes=24, tail_cyc=0.0, tail_ok[90/80/85]=0/0/0 -> FCC still updating / not a no-low-change candidate",19.0,24,0.0,0,0,0,,,1.0,92.0,100.0,8.0,231.01,QUALITY_OK,ThinkPad P16 Gen 3,SMP,5B11M90135,,2026-06-03T12:47:30
EIGERAMD_44900,NORMAL_OR_RESPONDING,ACTION_NONE,high,,65.9,10.5,"flat_tail=2.8d, fcc_changes=144, tail_cyc=0.0, tail_ok[90/80/85]=0/0/0 -> FCC still updating / not a no-low-change candidate",2.8,144,0.0,0,0,0,,,0.7711,80.0,100.0,20.0,612.7,QUALITY_OK,ThinkPad T14s Gen 6,SMP,5B11H56407,,2026-06-03T12:47:30
EMOURA3-W0A2BQE_emoura3,REVIEW_INSUFFICIENT_DATA,ACTION_COLLECT_MORE_DATA_OR_MANUAL_REVIEW,review,,65.8,5.8,"obs_days=98.0, n_samples=2187, quality=QUALITY_SHORT_OBS -> insufficient/uncertain data",4.9,34,0.0,0,0,0,,,1.0,100.0,100.0,0.0,98.01,QUALITY_SHORT_OBS,ThinkPad L14 Gen 5,Sunwoda,5B11H56394,観測期間・サンプル数・カウンタ整合性のいずれかが不足しており、信頼できる介入判定ができません。追加データ収集または手動レビューが必要です。,2026-06-03T12:47:30
ENOZAKI1-38LRB0_enozaki1,NORMAL_OR_RESPONDING,ACTION_NONE,high,,66.1,12.1,"flat_tail=12.5d, fcc_changes=835, tail_cyc=0.0, tail_ok[90/80/85]=0/0/0 -> FCC still updating / not a no-low-change candidate",12.5,835,0.0,0,0,0,,,0.0069,2.0,20.0,18.0,857.98,QUALITY_OK,ThinkPad X1 Yoga Gen 6,Celxpert,5B10W13974,,2026-06-03T12:47:30
ESHORT_L13,NORMAL_OR_RESPONDING,ACTION_NONE,high,,70.0,10.0,"flat_tail=0.1d, fcc_changes=789, tail_cyc=0.0, tail_ok[90/80/85]=0/0/0 -> FCC still updating / not a no-low-change candidate",0.1,789,0.0,0,0,0,,,1.0,70.0,100.0,30.0,493.05,QUALITY_OK,ThinkPad L13 Gen 4,Sunwoda,LNV-5B11H56336,,2026-06-03T12:47:30
ETURNER-F54Q6Z0_eturner,NORMAL_OR_RESPONDING,ACTION_NONE,high,,70.0,10.0,"flat_tail=0.0d, fcc_changes=111, tail_cyc=0.0, tail_ok[90/80/85]=0/0/0 -> FCC still updating / not a no-low-change candidate",0.0,111,0.0,0,0,0,,,,65.0,65.0,0.0,272.85,QUALITY_OK,ThinkPad T14s Gen 6,Sunwoda,5B11H56405,,2026-06-03T12:47:30
EWALLACE-5AM7XJ_ewallace,REVIEW_INSUFFICIENT_DATA,ACTION_COLLECT_MORE_DATA_OR_MANUAL_REVIEW,review,,59.4,5.5,"obs_days=112.7, n_samples=994, quality=QUALITY_SHORT_OBS -> insufficient/uncertain data",2.9,21,0.0,0,0,0,,,0.6966,56.0,100.0,44.0,112.67,QUALITY_SHORT_OBS,ThinkPad T14 Gen 6,Sunwoda,5B11M90127,観測期間・サンプル数・カウンタ整合性のいずれかが不足しており、信頼できる介入判定ができません。追加データ収集または手動レビューが必要です。,2026-06-03T12:47:30
FALMODOVAR-ZGVG_falmodovar,REVIEW_INSUFFICIENT_DATA,ACTION_COLLECT_MORE_DATA_OR_MANUAL_REVIEW,review,,51.5,5.1,"obs_days=56.0, n_samples=553, quality=QUALITY_SHORT_OBS -> insufficient/uncertain data",0.7,14,0.0,0,0,0,,,0.2673,59.0,100.0,41.0,56.0,QUALITY_SHORT_OBS,ThinkPad T16 Gen 4,SMP,5B11H56412,観測期間・サンプル数・カウンタ整合性のいずれかが不足しており、信頼できる介入判定ができません。追加データ収集または手動レビューが必要です。,2026-06-03T12:47:30
FANG_X13,WATCH_LOW_UPDATE_RATE_AMBIGUOUS,ACTION_MONITOR_OR_MANUAL_REVIEW,low,,69.7,13.8,"flat_tail=20.6d, fcc_changes=3, tail_cyc=2.0, tail_ok[90/80/85]=0/0/0, resp72h(rel)=NA -> ambiguous low-update",20.6,3,2.0,0,0,0,,,0.8639,14.0,100.0,86.0,769.58,QUALITY_OK,ThinkPad X13 Gen 4,SMP,5B11H56366,FCC更新率は低いものの完全凍結ではない/学習機会が少ない/データ品質が中程度のため、FW確認に回す前にモニタリングまたは手動レビューを推奨します。,2026-06-03T12:47:30
FBOWER-PF59NQY8_fbower,NORMAL_OR_RESPONDING,ACTION_NONE,high,,70.0,10.0,"flat_tail=0.1d, fcc_changes=31, tail_cyc=0.0, tail_ok[90/80/85]=0/0/0 -> FCC still updating / not a no-low-change candidate",0.1,31,0.0,0,0,0,,,1.0,95.0,95.0,0.0,387.93,QUALITY_OK,ThinkPad T16 Gen 4,SMP,5B11H56412,,2026-06-03T12:47:30
FBOWER-PF5PJKZL_fbower,NORMAL_OR_RESPONDING,ACTION_NONE,high,,72.2,12.3,"flat_tail=13.8d, fcc_changes=30, tail_cyc=0.0, tail_ok[90/80/85]=0/0/0 -> FCC still updating / not a no-low-change candidate",13.8,30,0.0,0,0,0,,,0.9929,89.0,100.0,11.0,238.0,QUALITY_OK,ThinkPad P16s Gen 4,Sunwoda,5B11M90119,,2026-06-03T12:47:30
FFEI-PF5PFHPB_ffei,NORMAL_OR_RESPONDING,ACTION_NONE,high,,70.0,10.0,"flat_tail=0.1d, fcc_changes=60, tail_cyc=0.0, tail_ok[90/80/85]=0/0/0 -> FCC still updating / not a no-low-change candidate",0.1,60,0.0,0,0,0,,,1.0,100.0,100.0,0.0,252.01,QUALITY_OK,ThinkPad P16v Gen 3,COSMX,5B11M90137,,2026-06-03T12:47:30
FFENG-PF5FSWGF_ffeng,REVIEW_INSUFFICIENT_DATA,ACTION_COLLECT_MORE_DATA_OR_MANUAL_REVIEW,review,,62.3,5.2,"obs_days=95.0, n_samples=971, quality=QUALITY_SHORT_OBS -> insufficient/uncertain data",1.2,8,0.0,0,0,0,,,0.8558,86.0,100.0,14.0,94.96,QUALITY_SHORT_OBS,ThinkPad X1 2-in-1 Gen 10,Sunwoda,5B11M90099,観測期間・サンプル数・カウンタ整合性のいずれかが不足しており、信頼できる介入判定ができません。追加データ収集または手動レビューが必要です。,2026-06-03T12:47:30
FORIPF_radac,NORMAL_OR_RESPONDING,ACTION_NONE,high,,69.5,10.2,"flat_tail=0.0d, fcc_changes=344, tail_cyc=1.0, tail_ok[90/80/85]=0/0/0 -> FCC still updating / not a no-low-change candidate",0.0,344,1.0,0,0,0,,,1.0,60.0,84.0,24.0,758.13,QUALITY_OK,ThinkPad X1 Yoga Gen 8,Celxpert,5B10W13974,,2026-06-03T12:47:30
FRED_Fred_Bower,REVIEW_INSUFFICIENT_DATA,ACTION_COLLECT_MORE_DATA_OR_MANUAL_REVIEW,review,,59.0,2.1,"obs_days=110.9, n_samples=3998, quality=QUALITY_COUNTER_RESET -> insufficient/uncertain data",12.9,11,0.0,0,0,0,,,0.8404,80.0,100.0,20.0,110.94,QUALITY_COUNTER_RESET,ThinkPad T16 Gen 5,Sunwoda,5B11M90169,観測期間・サンプル数・カウンタ整合性のいずれかが不足しており、信頼できる介入判定ができません。追加データ収集または手動レビューが必要です。,2026-06-03T12:47:30
FRED_fbower,REVIEW_INSUFFICIENT_DATA,ACTION_COLLECT_MORE_DATA_OR_MANUAL_REVIEW,review,,64.7,5.2,"obs_days=44.0, n_samples=2127, quality=QUALITY_SHORT_OBS -> insufficient/uncertain data",0.9,3,0.0,0,0,0,,,0.9793,13.0,100.0,87.0,43.97,QUALITY_SHORT_OBS,ThinkPad T16 Gen 4,Celxpert,5B11H56411,観測期間・サンプル数・カウンタ整合性のいずれかが不足しており、信頼できる介入判定ができません。追加データ収集または手動レビューが必要です。,2026-06-03T12:47:30
FSUN3-PC133Y8H_LicenseServer,NORMAL_OR_RESPONDING,ACTION_NONE,high,,71.4,11.4,"flat_tail=8.3d, fcc_changes=23, tail_cyc=0.0, tail_ok[90/80/85]=0/0/0 -> FCC still updating / not a no-low-change candidate",8.3,23,0.0,0,0,0,,,1.0,99.0,100.0,1.0,1202.79,QUALITY_OK,ThinkPad T480s,SMP,01AV479,,2026-06-03T12:47:30
FSUN3-PC133Y8H_fsun3,NORMAL_OR_RESPONDING,ACTION_NONE,high,,52.3,5.2,"flat_tail=1.0d, fcc_changes=16, tail_cyc=0.0, tail_ok[90/80/85]=0/0/0 -> FCC still updating / not a no-low-change candidate",1.0,16,0.0,0,0,0,,,0.3552,17.0,100.0,83.0,391.87,QUALITY_SPARSE,ThinkPad T480s,,,,2026-06-03T12:47:30
FTEK-PW09S10C_ftek,NORMAL_OR_RESPONDING,ACTION_NONE,high,,67.5,22.9,"flat_tail=77.4d, fcc_changes=35, tail_cyc=0.0, tail_ok[90/80/85]=0/0/0 -> FCC still updating / not a no-low-change candidate",77.4,35,0.0,0,0,0,,,0.2289,17.0,100.0,83.0,171.63,QUALITY_OK,ThinkPad L16 Gen 1,Sunwoda,5B11H56398,,2026-06-03T12:47:30
GGILLETT-5D9MVD_ggillett,NORMAL_OR_RESPONDING,ACTION_NONE,high,,64.0,10.8,"flat_tail=5.1d, fcc_changes=136, tail_cyc=0.0, tail_ok[90/80/85]=0/0/0 -> FCC still updating / not a no-low-change candidate",5.1,136,0.0,0,0,0,,,0.6583,66.0,100.0,34.0,475.99,QUALITY_OK,ThinkPad T14 Gen 6,Sunwoda,5B11H56418,,2026-06-03T12:47:30
GHIROSE-F453D0C_ghirose,NORMAL_OR_RESPONDING,ACTION_NONE,high,,66.6,10.1,"flat_tail=0.7d, fcc_changes=711, tail_cyc=0.0, tail_ok[90/80/85]=0/0/0 -> FCC still updating / not a no-low-change candidate",0.7,711,0.0,0,0,0,,,0.8253,72.0,94.0,22.0,805.78,QUALITY_OK,ThinkPad T14 Gen 3,SMP,5B10W51861,,2026-06-03T12:47:30
GHOOGAR-F3KPQQX_ghoogar,NORMAL_OR_RESPONDING,ACTION_NONE,high,,55.6,12.8,"flat_tail=13.1d, fcc_changes=7, tail_cyc=3.0, tail_ok[90/80/85]=0/0/0 -> FCC still updating / not a no-low-change candidate",13.1,7,3.0,0,0,0,,,0.2448,3.0,90.0,87.0,378.09,QUALITY_OK,ThinkPad X1 Carbon Gen 10,,,,2026-06-03T12:47:30
GKONDO-PF4RM5PL_gkondo,REVIEW_INSUFFICIENT_DATA,ACTION_COLLECT_MORE_DATA_OR_MANUAL_REVIEW,review,,65.0,5.0,"obs_days=118.1, n_samples=3893, quality=QUALITY_SHORT_OBS -> insufficient/uncertain data",0.0,43,0.0,0,0,0,,,1.0,100.0,100.0,0.0,118.1,QUALITY_SHORT_OBS,ThinkPad X1 Carbon Gen 12,SMP,5B11H56383,観測期間・サンプル数・カウンタ整合性のいずれかが不足しており、信頼できる介入判定ができません。追加データ収集または手動レビューが必要です。,2026-06-03T12:47:30
GKONDOXPF3TRKJD_gkondo,NORMAL_OR_RESPONDING,ACTION_NONE,high,,50.0,55.9,"flat_tail=54.8d, fcc_changes=44, tail_cyc=9.0, tail_ok[90/80/85]=1/1/1 -> FCC still updating / not a no-low-change candidate",54.8,44,9.0,1,1,1,0.0,0.0,0.6035,1.0,100.0,99.0,1215.17,QUALITY_OK,ThinkPad X1 Yoga Gen 6,Sunwoda,5B10W13975,,2026-06-03T12:47:30
GLANCE_GM4,REVIEW_INSUFFICIENT_DATA,ACTION_COLLECT_MORE_DATA_OR_MANUAL_REVIEW,review,,60.1,0.1,"obs_days=913.6, n_samples=7953, quality=QUALITY_COUNTER_RESET -> insufficient/uncertain data",0.7,564,0.0,0,0,0,,,0.9989,100.0,100.0,0.0,913.61,QUALITY_COUNTER_RESET,ThinkPad X13s Gen 1,SMP,LNV-5B10W51878,観測期間・サンプル数・カウンタ整合性のいずれかが不足しており、信頼できる介入判定ができません。追加データ収集または手動レビューが必要です。,2026-06-03T12:47:30
GLRTEST_s,REVIEW_INSUFFICIENT_DATA,ACTION_COLLECT_MORE_DATA_OR_MANUAL_REVIEW,review,,65.0,5.0,"obs_days=23.0, n_samples=513, quality=QUALITY_SHORT_OBS -> insufficient/uncertain data",0.1,5,0.0,0,0,0,,,1.0,99.0,100.0,1.0,22.98,QUALITY_SHORT_OBS,ThinkPad T14s Gen 6,SMP,LNV-5B11H56403,観測期間・サンプル数・カウンタ整合性のいずれかが不足しており、信頼できる介入判定ができません。追加データ収集または手動レビューが必要です。,2026-06-03T12:47:30
GM201_an1,REVIEW_INSUFFICIENT_DATA,ACTION_COLLECT_MORE_DATA_OR_MANUAL_REVIEW,review,,63.9,5.8,"obs_days=23.2, n_samples=1483, quality=QUALITY_SHORT_OBS -> insufficient/uncertain data",5.1,4,0.0,0,0,0,,,0.9033,20.0,100.0,80.0,23.21,QUALITY_SHORT_OBS,ThinkPad X1 2-in-1 Gen 11,SMP,5B11M90163,観測期間・サンプル数・カウンタ整合性のいずれかが不足しており、信頼できる介入判定ができません。追加データ収集または手動レビューが必要です。,2026-06-03T12:47:30
GMCNEIL-F55JALH_gmcneil,REVIEW_INSUFFICIENT_DATA,ACTION_COLLECT_MORE_DATA_OR_MANUAL_REVIEW,review,,63.7,5.0,"obs_days=69.0, n_samples=2092, quality=QUALITY_SHORT_OBS -> insufficient/uncertain data",0.3,57,0.0,0,0,0,,,0.9348,63.0,100.0,37.0,69.02,QUALITY_SHORT_OBS,ThinkPad T14s Gen 6,Celxpert,5B11H56406,観測期間・サンプル数・カウンタ整合性のいずれかが不足しており、信頼できる介入判定ができません。追加データ収集または手動レビューが必要です。,2026-06-03T12:47:30
GREG-WORK-X13Y_gmcneil,REVIEW_INSUFFICIENT_DATA,ACTION_COLLECT_MORE_DATA_OR_MANUAL_REVIEW,review,,26.7,60.5,"obs_days=483.0, n_samples=9900, quality=QUALITY_COUNTER_RESET -> insufficient/uncertain data",36.4,28,22.0,3,7,4,0.0,0.0,0.717,3.0,100.0,97.0,483.03,QUALITY_COUNTER_RESET,ThinkPad X13 Yoga Gen 4,SMP,5B11H56366,観測期間・サンプル数・カウンタ整合性のいずれかが不足しており、信頼できる介入判定ができません。追加データ収集または手動レビューが必要です。,2026-06-03T12:47:30
GTORRES3-0ABC7N_gtorres3,NORMAL_OR_RESPONDING,ACTION_NONE,high,,65.4,10.7,"flat_tail=4.3d, fcc_changes=12, tail_cyc=0.0, tail_ok[90/80/85]=0/0/0 -> FCC still updating / not a no-low-change candidate",4.3,12,0.0,0,0,0,,,0.0,6.0,22.0,16.0,435.13,QUALITY_OK,ThinkPad X12 Detachable Gen 2,SMP,5B10Z26480,,2026-06-03T12:47:30
GTORRES3-0C7G0F_gtorres3,REVIEW_INSUFFICIENT_DATA,ACTION_COLLECT_MORE_DATA_OR_MANUAL_REVIEW,review,,58.5,6.3,"obs_days=89.0, n_samples=965, quality=QUALITY_SHORT_OBS -> insufficient/uncertain data",8.0,26,0.0,0,0,0,,,0.6073,8.0,100.0,92.0,89.01,QUALITY_SHORT_OBS,ThinkPad T14s Gen 6,Sunwoda,LNV-5B11H56404,観測期間・サンプル数・カウンタ整合性のいずれかが不足しており、信頼できる介入判定ができません。追加データ収集または手動レビューが必要です。,2026-06-03T12:47:30
GTORRES3-5AZJEC_gtorres3,ACTIONABLE_GAUGE_RESET_NO_OPPORTUNITY,ACTION_GAUGE_RESET,medium,NO_OPPORTUNITY_LOW_CYCLING,67.2,26.6,"flat_tail=120.0d, fcc_changes=6, tail_cyc=8.0, tail_ok[90/80/85]=0/0/0, ac=0.31, min_rsoc=1.0, swing=99.0 -> no learning opportunity in flat tail",120.0,6,8.0,0,0,0,,,0.3118,1.0,100.0,99.0,499.19,QUALITY_SPARSE,ThinkPad X9-15 Gen 1,BYD,L24B4PE2,FCC/SoHが長期間更新されていませんが、ログ上は深い放電→再充電の学習機会が不足しています。安全な環境でOEM推奨のバッテリーゲージリセット/キャリブレーションを実施し、その後72h〜7日間のテレメトリでFCC更新有無を確認してください。,2026-06-03T12:47:30
GUERRILLAPC-M_GPC-1,REVIEW_INSUFFICIENT_DATA,ACTION_COLLECT_MORE_DATA_OR_MANUAL_REVIEW,review,,52.5,9.0,"obs_days=17.9, n_samples=391, quality=QUALITY_SHORT_OBS -> insufficient/uncertain data",17.9,0,5.0,0,0,0,,,0.3525,1.0,100.0,99.0,17.88,QUALITY_SHORT_OBS,ThinkPad L16 Gen 1,Sunwoda,5B11H56397,観測期間・サンプル数・カウンタ整合性のいずれかが不足しており、信頼できる介入判定ができません。追加データ収集または手動レビューが必要です。,2026-06-03T12:47:30
HAOJING6-501MPD_haojing6,NORMAL_OR_RESPONDING,ACTION_NONE,high,,70.0,10.0,"flat_tail=0.0d, fcc_changes=89, tail_cyc=0.0, tail_ok[90/80/85]=0/0/0 -> FCC still updating / not a no-low-change candidate",0.0,89,0.0,0,0,0,,,1.0,99.0,100.0,1.0,400.86,QUALITY_OK,ThinkPad T14s Gen 6,SMP,5B11H56407,,2026-06-03T12:47:30
HARDBAR-F4VMMMN_hardbar,NORMAL_OR_RESPONDING,ACTION_NONE,high,,75.9,28.4,"flat_tail=110.5d, fcc_changes=37, tail_cyc=0.0, tail_ok[90/80/85]=0/0/0 -> FCC still updating / not a no-low-change candidate",110.5,37,0.0,0,0,0,,,0.3754,21.0,100.0,79.0,292.5,QUALITY_OK,ThinkPad T14 Gen 5,Sunwoda,5B11H56418,,2026-06-03T12:47:30
HARRLIXPF4PFNTC_harrli,REVIEW_INSUFFICIENT_DATA,ACTION_COLLECT_MORE_DATA_OR_MANUAL_REVIEW,review,,32.1,60.4,"obs_days=42.2, n_samples=1000, quality=QUALITY_SHORT_OBS -> insufficient/uncertain data",14.3,9,15.0,2,4,4,0.0,0.0,0.6841,4.0,100.0,96.0,42.23,QUALITY_SHORT_OBS,ThinkPad X1 Carbon Gen 11,SMP,5B10W13973,観測期間・サンプル数・カウンタ整合性のいずれかが不足しており、信頼できる介入判定ができません。追加データ収集または手動レビューが必要です。,2026-06-03T12:47:30
HARSHADA-X1CG12_hghodke,NORMAL_OR_RESPONDING,ACTION_NONE,high,,70.1,10.1,"flat_tail=0.5d, fcc_changes=114, tail_cyc=0.0, tail_ok[90/80/85]=0/0/0 -> FCC still updating / not a no-low-change candidate",0.5,114,0.0,0,0,0,,,1.0,98.0,99.0,1.0,625.93,QUALITY_OK,ThinkPad X1 Carbon Gen 12,Celxpert,5B11H56384,,2026-06-03T12:47:30
HBOUHYA-F5GLH13_hbouhya,NORMAL_OR_RESPONDING,ACTION_NONE,high,,69.3,12.0,"flat_tail=12.2d, fcc_changes=22, tail_cyc=0.0, tail_ok[90/80/85]=0/0/0 -> FCC still updating / not a no-low-change candidate",12.2,22,0.0,0,0,0,,,0.8624,63.0,100.0,37.0,161.02,QUALITY_OK,ThinkPad X13 Gen 6,SMP,5B11M90123,,2026-06-03T12:47:30
HBOUHYA-F62XRZ6_hbouhya,REVIEW_INSUFFICIENT_DATA,ACTION_COLLECT_MORE_DATA_OR_MANUAL_REVIEW,review,,65.0,5.0,"obs_days=54.0, n_samples=868, quality=QUALITY_SHORT_OBS -> insufficient/uncertain data",0.2,8,0.0,0,0,0,,,1.0,56.0,100.0,44.0,53.96,QUALITY_SHORT_OBS,ThinkPad T16 Gen 5,BYD,5B11M90170,観測期間・サンプル数・カウンタ整合性のいずれかが不足しており、信頼できる介入判定ができません。追加データ収集または手動レビューが必要です。,2026-06-03T12:47:30
HDIZ1PF59HFLQ_hdiz,NORMAL_OR_RESPONDING,ACTION_NONE,high,,70.0,10.0,"flat_tail=0.0d, fcc_changes=195, tail_cyc=0.0, tail_ok[90/80/85]=0/0/0 -> FCC still updating / not a no-low-change candidate",0.0,195,0.0,0,0,0,,,1.0,100.0,100.0,0.0,377.97,QUALITY_OK,ThinkPad X1 2-in-1 Gen 10,SMP,5B11M90097,,2026-06-03T12:47:30
HELS-PW0C7G11_Lanshan,REVIEW_INSUFFICIENT_DATA,ACTION_COLLECT_MORE_DATA_OR_MANUAL_REVIEW,review,,59.0,5.3,"obs_days=34.8, n_samples=493, quality=QUALITY_SHORT_OBS -> insufficient/uncertain data",1.9,5,0.0,0,0,0,,,0.6046,81.0,100.0,19.0,34.76,QUALITY_SHORT_OBS,ThinkPad T14s Gen 6,Sunwoda,LNV-5B11H56404,観測期間・サンプル数・カウンタ整合性のいずれかが不足しており、信頼できる介入判定ができません。追加データ収集または手動レビューが必要です。,2026-06-03T12:47:30
HHUDELSON-B0WN2_hhudelson,NORMAL_OR_RESPONDING,ACTION_NONE,high,,65.3,10.6,"flat_tail=3.3d, fcc_changes=154, tail_cyc=0.0, tail_ok[90/80/85]=0/0/0 -> FCC still updating / not a no-low-change candidate",3.3,154,0.0,0,0,0,,,0.7353,56.0,100.0,44.0,756.01,QUALITY_OK,ThinkPad P1 Gen 7,Celxpert,5B11M37552,,2026-06-03T12:47:30
HIDEKIK-F3T9NA0_hidekik,WATCH_LOW_UPDATE_RATE_AMBIGUOUS,ACTION_MONITOR_OR_MANUAL_REVIEW,low,,64.1,21.6,"flat_tail=50.2d, fcc_changes=4, tail_cyc=16.0, tail_ok[90/80/85]=0/0/0, resp72h(rel)=NA -> ambiguous low-update",50.2,4,16.0,0,0,0,,,0.6866,15.0,100.0,85.0,550.01,QUALITY_OK,ThinkPad X1 Carbon Gen 9,SMP,5B10W13973,FCC更新率は低いものの完全凍結ではない/学習機会が少ない/データ品質が中程度のため、FW確認に回す前にモニタリングまたは手動レビューを推奨します。,2026-06-03T12:47:30
HIKAWA-PF38LTK0_hikawa,NORMAL_OR_RESPONDING,ACTION_NONE,high,,81.9,25.6,"flat_tail=89.7d, fcc_changes=36, tail_cyc=3.0, tail_ok[90/80/85]=0/0/0 -> FCC still updating / not a no-low-change candidate",89.7,36,3.0,0,0,0,,,0.9221,32.0,100.0,68.0,1104.99,QUALITY_OK,ThinkPad X1 Yoga Gen 6,Celxpert,5B10W13974,,2026-06-03T12:47:30
HIKAWAXPF3Z84A1_hikawa,ACTIONABLE_GAUGE_RESET_NO_OPPORTUNITY,ACTION_GAUGE_RESET,high,NO_OPPORTUNITY_AC_BOUND,81.3,50.0,"flat_tail=799.7d, fcc_changes=8, tail_cyc=100.0, tail_ok[90/80/85]=0/0/0, ac=0.81, min_rsoc=0.0, swing=100.0 -> no learning opportunity in flat tail",799.7,8,100.0,0,0,0,,,0.8136,0.0,100.0,100.0,1198.11,QUALITY_OK,ThinkPad X1 Carbon Gen 10,SMP,5B11M90056,FCC/SoHが長期間更新されていませんが、ログ上は深い放電→再充電の学習機会が不足しています。安全な環境でOEM推奨のバッテリーゲージリセット/キャリブレーションを実施し、その後72h〜7日間のテレメトリでFCC更新有無を確認してください。,2026-06-03T12:47:30
HIROSE-PF4AKXKG_hirose,WATCH_LOW_UPDATE_RATE_AMBIGUOUS,ACTION_MONITOR_OR_MANUAL_REVIEW,low,,67.3,11.3,"flat_tail=6.8d, fcc_changes=1, tail_cyc=1.0, tail_ok[90/80/85]=0/0/0, resp72h(rel)=NA -> ambiguous low-update",6.8,1,1.0,0,0,0,,,0.6947,90.0,100.0,10.0,280.8,QUALITY_OK,ThinkPad Z16 Gen 2,SMP,5B10W51887,FCC更新率は低いものの完全凍結ではない/学習機会が少ない/データ品質が中程度のため、FW確認に回す前にモニタリングまたは手動レビューを推奨します。,2026-06-03T12:47:30
HMORI-PF49QH1A_HMORI,NORMAL_OR_RESPONDING,ACTION_NONE,high,,70.0,10.0,"flat_tail=0.0d, fcc_changes=1010, tail_cyc=0.0, tail_ok[90/80/85]=0/0/0 -> FCC still updating / not a no-low-change candidate",0.0,1010,0.0,0,0,0,,,,42.0,42.0,0.0,679.77,QUALITY_OK,ThinkPad X1 Carbon Gen 10,,,,2026-06-03T12:47:30
HNAKA-PF43B9PV_hnaka,NORMAL_OR_RESPONDING,ACTION_NONE,high,,71.7,16.5,"flat_tail=34.4d, fcc_changes=22, tail_cyc=4.0, tail_ok[90/80/85]=0/0/0 -> FCC still updating / not a no-low-change candidate",34.4,22,4.0,0,0,0,,,0.8964,4.0,100.0,96.0,794.3,QUALITY_OK,ThinkPad X1 Yoga Gen 7,SMP,5B11M90056,,2026-06-03T12:47:30
HSUMI-GM132TGM_hsumi,NORMAL_OR_RESPONDING,ACTION_NONE,high,,64.7,10.3,"flat_tail=2.1d, fcc_changes=47, tail_cyc=0.0, tail_ok[90/80/85]=0/0/0 -> FCC still updating / not a no-low-change candidate",2.1,47,0.0,0,0,0,,,0.7198,67.0,100.0,33.0,258.12,QUALITY_OK,ThinkPad T14s Gen 6,Celxpert,5B11H56406,,2026-06-03T12:47:30
HSUMIXPF3MN51B_Hiroyuki_Sumi,NORMAL_OR_RESPONDING,ACTION_NONE,high,,70.0,10.0,"flat_tail=0.0d, fcc_changes=391, tail_cyc=0.0, tail_ok[90/80/85]=0/0/0 -> FCC still updating / not a no-low-change candidate",0.0,391,0.0,0,0,0,,,1.0,8.0,8.0,0.0,906.74,QUALITY_OK,ThinkPad X1 Carbon Gen 10,Celxpert,5B10W13974,,2026-06-03T12:47:30
HSUMIXPF3T9QH8_hsumi,ACTIONABLE_GAUGE_RESET_NO_OPPORTUNITY,ACTION_GAUGE_RESET,medium,NO_OPPORTUNITY_LOW_CYCLING,80.0,37.0,"flat_tail=209.0d, fcc_changes=11, tail_cyc=10.0, tail_ok[90/80/85]=0/0/0, ac=0.50, min_rsoc=1.0, swing=99.0 -> no learning opportunity in flat tail",209.0,11,10.0,0,0,0,,,0.5021,1.0,100.0,99.0,723.39,QUALITY_SPARSE,ThinkPad X1 Carbon Gen 9,SMP,5B10W13973,FCC/SoHが長期間更新されていませんが、ログ上は深い放電→再充電の学習機会が不足しています。安全な環境でOEM推奨のバッテリーゲージリセット/キャリブレーションを実施し、その後72h〜7日間のテレメトリでFCC更新有無を確認してください。,2026-06-03T12:47:30
HWPA-NL1-SKU8-S_HWPA,REVIEW_INSUFFICIENT_DATA,ACTION_COLLECT_MORE_DATA_OR_MANUAL_REVIEW,review,,60.0,0.0,"obs_days=112.6, n_samples=376, quality=QUALITY_COUNTER_RESET -> insufficient/uncertain data",0.0,4,0.0,0,0,0,,,,100.0,100.0,0.0,112.64,QUALITY_COUNTER_RESET,ThinkPad X1 2-in-1 Gen 11,COSMX,5B11M90162,観測期間・サンプル数・カウンタ整合性のいずれかが不足しており、信頼できる介入判定ができません。追加データ収集または手動レビューが必要です。,2026-06-03T12:47:30
HWPA-SKU2-03_YSKOBA,REVIEW_INSUFFICIENT_DATA,ACTION_COLLECT_MORE_DATA_OR_MANUAL_REVIEW,review,,65.3,5.3,"obs_days=54.8, n_samples=668, quality=QUALITY_SHORT_OBS -> insufficient/uncertain data",1.9,2,0.0,0,0,0,,,1.0,100.0,100.0,0.0,54.76,QUALITY_SHORT_OBS,ThinkPad X1 Carbon Gen 12,Celxpert,5B11H56384,観測期間・サンプル数・カウンタ整合性のいずれかが不足しており、信頼できる介入判定ができません。追加データ収集または手動レビューが必要です。,2026-06-03T12:47:30
HWPA-TH1-SKU1B-_TEST,REVIEW_INSUFFICIENT_DATA,ACTION_COLLECT_MORE_DATA_OR_MANUAL_REVIEW,review,,63.5,6.1,"obs_days=14.0, n_samples=2534, quality=QUALITY_SHORT_OBS -> insufficient/uncertain data",6.7,1,0.0,0,0,0,,,0.8697,51.0,100.0,49.0,14.03,QUALITY_SHORT_OBS,ThinkPad X1 Carbon Gen 12,Sunwoda,5B11H56385,観測期間・サンプル数・カウンタ整合性のいずれかが不足しており、信頼できる介入判定ができません。追加データ収集または手動レビューが必要です。,2026-06-03T12:47:30
HYKW_X1CG11,NORMAL_OR_RESPONDING,ACTION_NONE,high,,70.0,10.0,"flat_tail=0.0d, fcc_changes=7, tail_cyc=0.0, tail_ok[90/80/85]=0/0/0 -> FCC still updating / not a no-low-change candidate",0.0,7,0.0,0,0,0,,,,100.0,100.0,0.0,165.29,QUALITY_OK,ThinkPad X1 Carbon Gen 12,Celxpert,5B11H56384,,2026-06-03T12:47:30
HZHANG16-5GLDJK_hzhang16,NORMAL_OR_RESPONDING,ACTION_NONE,high,,75.5,15.5,"flat_tail=33.1d, fcc_changes=24, tail_cyc=0.0, tail_ok[90/80/85]=0/0/0 -> FCC still updating / not a no-low-change candidate",33.1,24,0.0,0,0,0,,,1.0,94.0,100.0,6.0,364.02,QUALITY_OK,ThinkPad X13 Gen 6,SMP,5B11M90123,,2026-06-03T12:47:30
ICA_USER,NORMAL_OR_RESPONDING,ACTION_NONE,high,,66.6,23.6,"flat_tail=77.0d, fcc_changes=5, tail_cyc=4.0, tail_ok[90/80/85]=0/0/0 -> FCC still updating / not a no-low-change candidate",77.0,5,4.0,0,0,0,,,0.2865,2.0,100.0,98.0,316.2,QUALITY_OK,ThinkPad T14s Gen 3,SMP,5B10W51875,,2026-06-03T12:47:30
IMANARANG1-3A19_imanarang1,REVIEW_INSUFFICIENT_DATA,ACTION_COLLECT_MORE_DATA_OR_MANUAL_REVIEW,review,,51.1,84.0,"obs_days=923.6, n_samples=12732, quality=QUALITY_COUNTER_RESET -> insufficient/uncertain data",716.7,2,223.0,0,4,0,0.0,0.0,0.8043,2.0,100.0,98.0,923.65,QUALITY_COUNTER_RESET,ThinkPad T14 Gen 3,Celxpert,5B10W51862,観測期間・サンプル数・カウンタ整合性のいずれかが不足しており、信頼できる介入判定ができません。追加データ収集または手動レビューが必要です。,2026-06-03T12:47:30
IMIHO-PF2SCRY9_imiho,ACTIONABLE_GAUGE_RESET_NO_OPPORTUNITY,ACTION_GAUGE_RESET,high,NO_OPPORTUNITY_AC_BOUND,81.8,50.0,"flat_tail=604.3d, fcc_changes=0, tail_cyc=159.0, tail_ok[90/80/85]=0/0/0, ac=0.84, min_rsoc=1.0, swing=99.0 -> no learning opportunity in flat tail",604.3,0,159.0,0,0,0,,,0.8381,1.0,100.0,99.0,604.27,QUALITY_OK,ThinkPad T14 Gen 1,LG,5B10W139,FCC/SoHが長期間更新されていませんが、ログ上は深い放電→再充電の学習機会が不足しています。安全な環境でOEM推奨のバッテリーゲージリセット/キャリブレーションを実施し、その後72h〜7日間のテレメトリでFCC更新有無を確認してください。,2026-06-03T12:47:30
IYOSHIMITSU-VKS_iyoshimitsu,ACTIONABLE_GAUGE_RESET_NO_OPPORTUNITY,ACTION_GAUGE_RESET,high,NO_OPPORTUNITY_AC_BOUND,82.1,50.0,"flat_tail=495.8d, fcc_changes=2, tail_cyc=65.0, tail_ok[90/80/85]=0/0/0, ac=0.85, min_rsoc=0.0, swing=100.0 -> no learning opportunity in flat tail",495.8,2,65.0,0,0,0,,,0.855,0.0,100.0,100.0,1085.72,QUALITY_OK,ThinkPad T14 Gen 3,LG,5B10W51860,FCC/SoHが長期間更新されていませんが、ログ上は深い放電→再充電の学習機会が不足しています。安全な環境でOEM推奨のバッテリーゲージリセット/キャリブレーションを実施し、その後72h〜7日間のテレメトリでFCC更新有無を確認してください。,2026-06-03T12:47:30
JACKX1_jkleissler,NORMAL_OR_RESPONDING,ACTION_NONE,high,,67.7,11.2,"flat_tail=7.2d, fcc_changes=138, tail_cyc=0.0, tail_ok[90/80/85]=0/0/0 -> FCC still updating / not a no-low-change candidate",7.2,138,0.0,0,0,0,,,0.8232,67.0,100.0,33.0,434.0,QUALITY_OK,ThinkPad X1 Carbon Gen 13,BYD,5B11M90100,,2026-06-03T12:47:30
JAGUAR3_SVT,REVIEW_INSUFFICIENT_DATA,ACTION_COLLECT_MORE_DATA_OR_MANUAL_REVIEW,review,,58.6,13.7,"obs_days=271.3, n_samples=2164, quality=QUALITY_COUNTER_RESET -> insufficient/uncertain data",76.2,1,5.0,0,0,0,,,0.4207,5.0,100.0,95.0,271.33,QUALITY_COUNTER_RESET,ThinkPad X1 Yoga Gen 8,SMP,5B10W13973,観測期間・サンプル数・カウンタ整合性のいずれかが不足しており、信頼できる介入判定ができません。追加データ収集または手動レビューが必要です。,2026-06-03T12:47:30
JANUMOLU-0A203W_janumolu,ACTIONABLE_FW_CHECK_OPPORTUNITY_NO_RESPONSE,ACTION_FW_CHECK,medium,LOW_UPDATE_RATE_WITH_OPPORTUNITIES,55.7,82.0,"flat_tail=213.4d, fcc_changes=1, tail_cyc=85.0, tail_ok[90/80/85]=0/2/1, resp72h(rel)=0.000 -> opportunities present but FCC did not respond",213.4,1,85.0,0,2,1,0.0,0.0,0.3677,1.0,100.0,99.0,228.4,QUALITY_OK,ThinkPad L13 2-in-1 Gen 5,LG,5B11H56426,FCC/SoHが長期間更新されておらず、ログ上は深い放電→再充電の学習機会が複数回確認されています。通常のキャリブレーション機会があったにもかかわらずFCC応答がないため、BIOS/EC/バッテリー関連FWのVersion確認とアップデート有無確認を優先してください。アップデート後、次回の学習機会後72h〜7日間でFCC更新有無を確認してください。,2026-06-03T12:47:30
JBARRETT-4SA7XV_jbarrett,NORMAL_OR_RESPONDING,ACTION_NONE,high,,70.0,10.0,"flat_tail=0.1d, fcc_changes=163, tail_cyc=0.0, tail_ok[90/80/85]=0/0/0 -> FCC still updating / not a no-low-change candidate",0.1,163,0.0,0,0,0,,,1.0,69.0,100.0,31.0,518.12,QUALITY_OK,ThinkPad X13 Gen 5,BYD,5B11M90051,,2026-06-03T12:47:30
JBOWEN2-F62KRD0_jbowen2,NORMAL_OR_RESPONDING,ACTION_NONE,high,,69.5,10.5,"flat_tail=3.2d, fcc_changes=38, tail_cyc=0.0, tail_ok[90/80/85]=0/0/0 -> FCC still updating / not a no-low-change candidate",3.2,38,0.0,0,0,0,,,0.9463,72.0,100.0,28.0,124.15,QUALITY_OK,ThinkPad T16 Gen 5,COSMX,5B11M90167,,2026-06-03T12:47:30
JBRUNDIDGE-EPQ0_jbrundidge,NORMAL_OR_RESPONDING,ACTION_NONE,high,,71.4,12.3,"flat_tail=13.8d, fcc_changes=15, tail_cyc=0.0, tail_ok[90/80/85]=0/0/0 -> FCC still updating / not a no-low-change candidate",13.8,15,0.0,0,0,0,,,0.9535,81.0,100.0,19.0,252.01,QUALITY_OK,ThinkPad P14s Gen 6,Sunwoda,5B11M90121,,2026-06-03T12:47:30
JCAMARADOR-4NYS_jcamarador,NORMAL_OR_RESPONDING,ACTION_NONE,high,,76.2,19.1,"flat_tail=51.0d, fcc_changes=218, tail_cyc=3.0, tail_ok[90/80/85]=0/0/0 -> FCC still updating / not a no-low-change candidate",51.0,218,3.0,0,0,0,,,0.9621,53.0,100.0,47.0,958.64,QUALITY_OK,ThinkPad T14 Gen 2a,Celxpert,5B10W51829,,2026-06-03T12:47:30
JCOMBS-PF5BRRYC_jcombs,NORMAL_OR_RESPONDING,ACTION_NONE,high,,55.6,12.8,"flat_tail=16.8d, fcc_changes=89, tail_cyc=0.0, tail_ok[90/80/85]=0/0/0 -> FCC still updating / not a no-low-change candidate",16.8,89,0.0,0,0,0,,,0.1394,2.0,100.0,98.0,406.98,QUALITY_OK,ThinkPad X1 Carbon Gen 13,Sunwoda,5B11M90099,,2026-06-03T12:47:30
JCOMBS-PF5PEZSE_jcombs,NORMAL_OR_RESPONDING,ACTION_NONE,high,,66.4,11.2,"flat_tail=6.9d, fcc_changes=95, tail_cyc=0.0, tail_ok[90/80/85]=0/0/0 -> FCC still updating / not a no-low-change candidate",6.9,95,0.0,0,0,0,,,0.7635,82.0,100.0,18.0,238.02,QUALITY_OK,ThinkPad P16v Gen 3,COSMX,5B11M90137,,2026-06-03T12:47:30
JCOYNE_jcoyne,NORMAL_OR_RESPONDING,ACTION_NONE,high,,70.0,10.0,"flat_tail=0.0d, fcc_changes=11, tail_cyc=0.0, tail_ok[90/80/85]=0/0/0 -> FCC still updating / not a no-low-change candidate",0.0,11,0.0,0,0,0,,,1.0,57.0,62.0,5.0,189.91,QUALITY_OK,ThinkPad T14 Gen 5,Celxpert,5B11H56416,,2026-06-03T12:47:30
JDASILVA-4QWMA3_jdasilva,REVIEW_INSUFFICIENT_DATA,ACTION_COLLECT_MORE_DATA_OR_MANUAL_REVIEW,review,,64.5,5.7,"obs_days=112.0, n_samples=1581, quality=QUALITY_SHORT_OBS -> insufficient/uncertain data",4.0,33,0.0,0,0,0,,,0.9395,77.0,100.0,23.0,111.99,QUALITY_SHORT_OBS,ThinkPad T14s Gen 5,SMP,5B11H56407,観測期間・サンプル数・カウンタ整合性のいずれかが不足しており、信頼できる介入判定ができません。追加データ収集または手動レビューが必要です。,2026-06-03T12:47:30
JEFFREYX9-14_jeffreyf1,REVIEW_INSUFFICIENT_DATA,ACTION_COLLECT_MORE_DATA_OR_MANUAL_REVIEW,review,,64.7,5.5,"obs_days=43.9, n_samples=733, quality=QUALITY_SHORT_OBS -> insufficient/uncertain data",2.8,15,0.0,0,0,0,,,0.9601,82.0,100.0,18.0,43.91,QUALITY_SHORT_OBS,ThinkPad X9-14 Gen 1,Sunwoda,LNV-5B11M90102,観測期間・サンプル数・カウンタ整合性のいずれかが不足しており、信頼できる介入判定ができません。追加データ収集または手動レビューが必要です。,2026-06-03T12:47:30
JEREMYCA-4BWNT1_jeremyca,NORMAL_OR_RESPONDING,ACTION_NONE,high,,70.3,10.3,"flat_tail=1.9d, fcc_changes=46, tail_cyc=0.0, tail_ok[90/80/85]=0/0/0 -> FCC still updating / not a no-low-change candidate",1.9,46,0.0,0,0,0,,,1.0,78.0,78.0,0.0,547.93,QUALITY_OK,ThinkPad P16 Gen 2,LG,5B10W51894,,2026-06-03T12:47:30
JEREMY_jeremyca,REVIEW_INSUFFICIENT_DATA,ACTION_COLLECT_MORE_DATA_OR_MANUAL_REVIEW,review,,65.4,5.8,"obs_days=110.0, n_samples=1470, quality=QUALITY_SHORT_OBS -> insufficient/uncertain data",4.9,16,0.0,0,0,0,,,0.9802,95.0,100.0,5.0,109.96,QUALITY_SHORT_OBS,ThinkPad P16s Gen 5,COSMX,5B11M90179,観測期間・サンプル数・カウンタ整合性のいずれかが不足しており、信頼できる介入判定ができません。追加データ収集または手動レビューが必要です。,2026-06-03T12:47:30
JESSICAWANG2025_wangyun,NORMAL_OR_RESPONDING,ACTION_NONE,high,,58.7,10.2,"flat_tail=0.9d, fcc_changes=106, tail_cyc=0.0, tail_ok[90/80/85]=0/0/0 -> FCC still updating / not a no-low-change candidate",0.9,106,0.0,0,0,0,,,0.4265,24.0,100.0,76.0,287.81,QUALITY_OK,ThinkPad X1 Carbon Gen 12,Sunwoda,5B11H56385,,2026-06-03T12:47:30
JESTROFF-4G0AHW_jestroff,ACTIONABLE_FW_CHECK_OPPORTUNITY_NO_RESPONSE,ACTION_FW_CHECK,high,TERMINAL_FREEZE_AFTER_OPPORTUNITIES,56.5,86.2,"flat_tail=228.2d, fcc_changes=2, tail_cyc=41.0, tail_ok[90/80/85]=0/3/0, resp72h(rel)=0.000 -> opportunities present but FCC did not respond",228.2,2,41.0,0,3,0,0.0,0.0,0.5104,5.0,100.0,95.0,354.04,QUALITY_OK,ThinkPad T14 Gen 4,LG,5B10W51863,FCC/SoHが長期間更新されておらず、ログ上は深い放電→再充電の学習機会が複数回確認されています。通常のキャリブレーション機会があったにもかかわらずFCC応答がないため、BIOS/EC/バッテリー関連FWのVersion確認とアップデート有無確認を優先してください。アップデート後、次回の学習機会後72h〜7日間でFCC更新有無を確認してください。,2026-06-03T12:47:30
JESTROFF-4SA4E9_jestroff,NORMAL_OR_RESPONDING,ACTION_NONE,high,,46.5,41.9,"flat_tail=26.0d, fcc_changes=16, tail_cyc=8.0, tail_ok[90/80/85]=0/1/0 -> FCC still updating / not a no-low-change candidate",26.0,16,8.0,0,1,0,0.0,0.0,0.4322,7.0,100.0,93.0,385.84,QUALITY_OK,ThinkPad X13 Gen 5,SMP,5B11M90048,,2026-06-03T12:47:30
JESTROFF-504AKS_jestroff,REVIEW_INSUFFICIENT_DATA,ACTION_COLLECT_MORE_DATA_OR_MANUAL_REVIEW,review,,61.3,5.5,"obs_days=118.7, n_samples=1436, quality=QUALITY_SHORT_OBS -> insufficient/uncertain data",3.0,31,0.0,0,0,0,,,0.792,80.0,100.0,20.0,118.68,QUALITY_SHORT_OBS,ThinkPad X1 Carbon Gen 13,Celxpert,5B11M90098,観測期間・サンプル数・カウンタ整合性のいずれかが不足しており、信頼できる介入判定ができません。追加データ収集または手動レビューが必要です。,2026-06-03T12:47:30
JFASANO-F4RXM66_jfasano,NORMAL_OR_RESPONDING,ACTION_NONE,high,,70.8,11.0,"flat_tail=6.0d, fcc_changes=102, tail_cyc=0.0, tail_ok[90/80/85]=0/0/0 -> FCC still updating / not a no-low-change candidate",6.0,102,0.0,0,0,0,,,0.9896,72.0,79.0,7.0,664.9,QUALITY_OK,ThinkPad P14s Gen 5 AMD,SMP,5B11H56414,,2026-06-03T12:47:30
JFISHEL-F56FAH2_jfishel,ACTIONABLE_GAUGE_RESET_NO_OPPORTUNITY,ACTION_GAUGE_RESET,medium,NO_OPPORTUNITY_UNSPECIFIED,81.4,44.3,"flat_tail=174.8d, fcc_changes=0, tail_cyc=26.0, tail_ok[90/80/85]=0/0/0, ac=0.76, min_rsoc=5.0, swing=95.0 -> no learning opportunity in flat tail",174.8,0,26.0,0,0,0,,,0.7627,5.0,100.0,95.0,174.78,QUALITY_OK,ThinkPad X1 Carbon Gen 13,SMP,5B11M90097,FCC/SoHが長期間更新されていませんが、ログ上は深い放電→再充電の学習機会が不足しています。安全な環境でOEM推奨のバッテリーゲージリセット/キャリブレーションを実施し、その後72h〜7日間のテレメトリでFCC更新有無を確認してください。,2026-06-03T12:47:30
JG3-SIT-OS_Maru1tom,ACTIONABLE_GAUGE_RESET_NO_OPPORTUNITY,ACTION_GAUGE_RESET,high,NO_OPPORTUNITY_AC_BOUND;NO_OPPORTUNITY_LOW_CYCLING;NO_OPPORTUNITY_SHALLOW_RANGE,99.3,40.0,"flat_tail=208.8d, fcc_changes=0, tail_cyc=0.0, tail_ok[90/80/85]=0/0/0, ac=0.96, min_rsoc=77.0, swing=23.0 -> no learning opportunity in flat tail",208.8,0,0.0,0,0,0,,,0.9627,77.0,100.0,23.0,208.78,QUALITY_OK,ThinkPad X1 Yoga Gen 8,Sunwoda,5B10W13975,FCC/SoHが長期間更新されていませんが、ログ上は深い放電→再充電の学習機会が不足しています。安全な環境でOEM推奨のバッテリーゲージリセット/キャリブレーションを実施し、その後72h〜7日間のテレメトリでFCC更新有無を確認してください。,2026-06-03T12:47:30
JGERMANO-5PHRQ0_jgermano,NORMAL_OR_RESPONDING,ACTION_NONE,high,,70.0,10.0,"flat_tail=0.0d, fcc_changes=104, tail_cyc=0.0, tail_ok[90/80/85]=0/0/0 -> FCC still updating / not a no-low-change candidate",0.0,104,0.0,0,0,0,,,1.0,100.0,100.0,0.0,252.0,QUALITY_OK,ThinkPad P16v Gen 3,Sunwoda,5B11M90138,,2026-06-03T12:47:30
JINOUE1-F49SYAH_jinoue1,NORMAL_OR_RESPONDING,ACTION_NONE,high,,83.2,28.4,"flat_tail=106.5d, fcc_changes=13, tail_cyc=3.0, tail_ok[90/80/85]=0/0/0 -> FCC still updating / not a no-low-change candidate",106.5,13,3.0,0,0,0,,,0.8452,6.0,100.0,94.0,880.24,QUALITY_OK,ThinkPad X1 Carbon Gen 10,SMP,5B10W13973,,2026-06-03T12:47:30
JJOHNSON16-QW2P_jjohnson16,NORMAL_OR_RESPONDING,ACTION_NONE,high,,62.8,10.1,"flat_tail=0.8d, fcc_changes=30, tail_cyc=0.0, tail_ok[90/80/85]=0/0/0 -> FCC still updating / not a no-low-change candidate",0.8,30,0.0,0,0,0,,,0.0618,78.0,100.0,22.0,322.5,QUALITY_OK,ThinkPad T14s Gen 4,Sunwoda,5B10W51876,,2026-06-03T12:47:30
JJOHNSON18-T4GM_jjohnson18,REVIEW_INSUFFICIENT_DATA,ACTION_COLLECT_MORE_DATA_OR_MANUAL_REVIEW,review,,55.5,5.5,"obs_days=21.2, n_samples=221, quality=QUALITY_SHORT_OBS -> insufficient/uncertain data",3.3,5,0.0,0,0,0,,,0.4564,70.0,100.0,30.0,21.25,QUALITY_SHORT_OBS,ThinkPad T14s Gen 7,Sunwoda,5B11M90160,観測期間・サンプル数・カウンタ整合性のいずれかが不足しており、信頼できる介入判定ができません。追加データ収集または手動レビューが必要です。,2026-06-03T12:47:30
JKLEISSLER-DNZK_jkleissler,REVIEW_INSUFFICIENT_DATA,ACTION_COLLECT_MORE_DATA_OR_MANUAL_REVIEW,review,,65.0,5.0,"obs_days=49.0, n_samples=699, quality=QUALITY_SHORT_OBS -> insufficient/uncertain data",0.1,22,0.0,0,0,0,,,1.0,94.0,100.0,6.0,48.99,QUALITY_SHORT_OBS,ThinkPad X1 Carbon Gen 13,BYD,5B11M90100,観測期間・サンプル数・カウンタ整合性のいずれかが不足しており、信頼できる介入判定ができません。追加データ収集または手動レビューが必要です。,2026-06-03T12:47:30
JL18156-F3Z1LJN_JL18156,NORMAL_OR_RESPONDING,ACTION_NONE,high,,69.7,10.0,"flat_tail=0.0d, fcc_changes=887, tail_cyc=0.0, tail_ok[90/80/85]=0/0/0 -> FCC still updating / not a no-low-change candidate",0.0,887,0.0,0,0,0,,,0.9663,99.0,100.0,1.0,984.3,QUALITY_OK,ThinkPad X13 Gen 3,Celxpert,5B10W51854,,2026-06-03T12:47:30
JL24078-F3YZT26_jl24078,WATCH_LOW_UPDATE_RATE_AMBIGUOUS,ACTION_MONITOR_OR_MANUAL_REVIEW,low,,78.9,50.0,"flat_tail=457.2d, fcc_changes=0, tail_cyc=73.0, tail_ok[90/80/85]=0/0/0, resp72h(rel)=NA -> ambiguous low-update",457.2,0,73.0,0,0,0,,,0.6943,2.0,97.0,95.0,457.16,QUALITY_OK,ThinkPad X1 Carbon Gen 10,Sunwoda,5B10W13975,FCC更新率は低いものの完全凍結ではない/学習機会が少ない/データ品質が中程度のため、FW確認に回す前にモニタリングまたは手動レビューを推奨します。,2026-06-03T12:47:30
JLEWIS9-W0A2BP7_jlewis9,REVIEW_INSUFFICIENT_DATA,ACTION_COLLECT_MORE_DATA_OR_MANUAL_REVIEW,review,,63.0,5.5,"obs_days=119.0, n_samples=9056, quality=QUALITY_SHORT_OBS -> insufficient/uncertain data",2.8,13,0.0,0,0,0,,,0.8769,59.0,100.0,41.0,119.02,QUALITY_SHORT_OBS,ThinkPad L16 Gen 1,Sunwoda,5B11H56397,観測期間・サンプル数・カウンタ整合性のいずれかが不足しており、信頼できる介入判定ができません。追加データ収集または手動レビューが必要です。,2026-06-03T12:47:30
JMANCHESTER-LQ5_jmanchester,REVIEW_INSUFFICIENT_DATA,ACTION_COLLECT_MORE_DATA_OR_MANUAL_REVIEW,review,,63.7,5.5,"obs_days=29.2, n_samples=451, quality=QUALITY_SHORT_OBS -> insufficient/uncertain data",3.2,5,0.0,0,0,0,,,0.9078,84.0,100.0,16.0,29.19,QUALITY_SHORT_OBS,ThinkPad X1 2-in-1 Gen 11,Sunwoda,5B11M90160,観測期間・サンプル数・カウンタ整合性のいずれかが不足しており、信頼できる介入判定ができません。追加データ収集または手動レビューが必要です。,2026-06-03T12:47:30
JMATTHEWS2-YXHQ_jmatthews2,NORMAL_OR_RESPONDING,ACTION_NONE,high,,43.4,38.5,"flat_tail=14.1d, fcc_changes=34, tail_cyc=1.0, tail_ok[90/80/85]=0/1/0 -> FCC still updating / not a no-low-change candidate",14.1,34,1.0,0,1,0,0.0,0.0,0.2025,10.0,100.0,90.0,420.94,QUALITY_OK,ThinkPad P16 Gen 2,SMP,5B10W51893,,2026-06-03T12:47:30
JMAYERSALMA-252_jmayersalman,REVIEW_INSUFFICIENT_DATA,ACTION_COLLECT_MORE_DATA_OR_MANUAL_REVIEW,review,,57.1,5.0,"obs_days=22.0, n_samples=395, quality=QUALITY_SHORT_OBS -> insufficient/uncertain data",0.1,9,0.0,0,0,0,,,0.6022,74.0,100.0,26.0,22.04,QUALITY_SHORT_OBS,ThinkPad X13 Gen 7,Sunwoda,5B11M90142,観測期間・サンプル数・カウンタ整合性のいずれかが不足しており、信頼できる介入判定ができません。追加データ収集または手動レビューが必要です。,2026-06-03T12:47:30
JMAYERSALMA-HDJ_jmayersalman,REVIEW_INSUFFICIENT_DATA,ACTION_COLLECT_MORE_DATA_OR_MANUAL_REVIEW,review,,60.3,5.6,"obs_days=104.5, n_samples=1390, quality=QUALITY_SHORT_OBS -> insufficient/uncertain data",3.7,56,0.0,0,0,0,,,0.7362,81.0,100.0,19.0,104.48,QUALITY_SHORT_OBS,ThinkPad T14 Gen 6,Celxpert,5B11M90126,観測期間・サンプル数・カウンタ整合性のいずれかが不足しており、信頼できる介入判定ができません。追加データ収集または手動レビューが必要です。,2026-06-03T12:47:30
JMAYERSALMA-TNQ_jmayersalman,NORMAL_OR_RESPONDING,ACTION_NONE,high,,54.7,12.3,"flat_tail=14.1d, fcc_changes=119, tail_cyc=0.0, tail_ok[90/80/85]=0/0/0 -> FCC still updating / not a no-low-change candidate",14.1,119,0.0,0,0,0,,,0.0556,47.0,100.0,53.0,165.96,QUALITY_OK,ThinkPad L13 Gen 6,SMP,5B11M90129,,2026-06-03T12:47:30
JMESTLER-5FS8KD_jmestler,NORMAL_OR_RESPONDING,ACTION_NONE,high,,70.0,10.5,"flat_tail=3.0d, fcc_changes=21, tail_cyc=0.0, tail_ok[90/80/85]=0/0/0 -> FCC still updating / not a no-low-change candidate",3.0,21,0.0,0,0,0,,,0.9725,94.0,100.0,6.0,375.89,QUALITY_OK,ThinkPad X1 Carbon Gen 13,Sunwoda,5B11M90099,,2026-06-03T12:47:30
JNICHOL-F5MCDZS_jnichol,REVIEW_INSUFFICIENT_DATA,ACTION_COLLECT_MORE_DATA_OR_MANUAL_REVIEW,review,,61.7,5.3,"obs_days=27.4, n_samples=781, quality=QUALITY_SHORT_OBS -> insufficient/uncertain data",1.8,15,0.0,0,0,0,,,0.8202,88.0,100.0,12.0,27.35,QUALITY_SHORT_OBS,ThinkPad P14s Gen 6,Sunwoda,5B11M90121,観測期間・サンプル数・カウンタ整合性のいずれかが不足しており、信頼できる介入判定ができません。追加データ収集または手動レビューが必要です。,2026-06-03T12:47:30
JNUNEZ5-3000012_jnunez5,REVIEW_INSUFFICIENT_DATA,ACTION_COLLECT_MORE_DATA_OR_MANUAL_REVIEW,review,,59.6,5.8,"obs_days=71.0, n_samples=819, quality=QUALITY_SHORT_OBS -> insufficient/uncertain data",5.0,27,0.0,0,0,0,,,0.6897,15.0,90.0,75.0,71.02,QUALITY_SHORT_OBS,ThinkPad X13 Detachable Gen 1,ATL,5B11M90183,観測期間・サンプル数・カウンタ整合性のいずれかが不足しており、信頼できる介入判定ができません。追加データ収集または手動レビューが必要です。,2026-06-03T12:47:30
JNUNEZ5-F4KXMXN_jnunez5,NORMAL_OR_RESPONDING,ACTION_NONE,high,,73.6,20.1,"flat_tail=60.4d, fcc_changes=46, tail_cyc=0.0, tail_ok[90/80/85]=0/0/0 -> FCC still updating / not a no-low-change candidate",60.4,46,0.0,0,0,0,,,0.6769,2.0,100.0,98.0,551.44,QUALITY_OK,ThinkPad Z13 Gen 2,BYD,5B10W51883,,2026-06-03T12:47:30
JNUNEZ5-F4ML5N5_jnunez5,REVIEW_INSUFFICIENT_DATA,ACTION_COLLECT_MORE_DATA_OR_MANUAL_REVIEW,review,,57.3,7.5,"obs_days=94.2, n_samples=1235, quality=QUALITY_SHORT_OBS -> insufficient/uncertain data",15.0,28,0.0,0,0,0,,,0.4877,3.0,100.0,97.0,94.23,QUALITY_SHORT_OBS,ThinkPad X1 Carbon Gen 12,SMP,5B11H56383,観測期間・サンプル数・カウンタ整合性のいずれかが不足しており、信頼できる介入判定ができません。追加データ収集または手動レビューが必要です。,2026-06-03T12:47:30
JNUNEZ5-F4RX1S4_jnunez5,NORMAL_OR_RESPONDING,ACTION_NONE,high,,61.1,18.0,"flat_tail=48.1d, fcc_changes=24, tail_cyc=0.0, tail_ok[90/80/85]=0/0/0 -> FCC still updating / not a no-low-change candidate",48.1,24,0.0,0,0,0,,,0.1517,1.0,100.0,99.0,473.21,QUALITY_OK,ThinkPad X1 2-in-1 Gen 9,Celxpert,5B11H56384,,2026-06-03T12:47:30
JNUNEZ5-F57YZZH_jnunez5,REVIEW_INSUFFICIENT_DATA,ACTION_COLLECT_MORE_DATA_OR_MANUAL_REVIEW,review,,56.2,7.3,"obs_days=15.8, n_samples=281, quality=QUALITY_SHORT_OBS -> insufficient/uncertain data",10.1,3,3.0,0,0,0,,,0.549,6.0,100.0,94.0,15.8,QUALITY_SHORT_OBS,ThinkPad X9-14 Gen 1,BYD,LNV-5B11M90101@,観測期間・サンプル数・カウンタ整合性のいずれかが不足しており、信頼できる介入判定ができません。追加データ収集または手動レビューが必要です。,2026-06-03T12:47:30
JNUNEZ5-F5801NF_jnunez5,REVIEW_INSUFFICIENT_DATA,ACTION_COLLECT_MORE_DATA_OR_MANUAL_REVIEW,review,,65.0,5.0,"obs_days=58.0, n_samples=441, quality=QUALITY_SHORT_OBS -> insufficient/uncertain data",0.0,14,0.0,0,0,0,,,1.0,0.0,0.0,0.0,58.05,QUALITY_SHORT_OBS,ThinkPad X9-14 Gen 1,BYD,LNV-5B11M90101,観測期間・サンプル数・カウンタ整合性のいずれかが不足しており、信頼できる介入判定ができません。追加データ収集または手動レビューが必要です。,2026-06-03T12:47:30
JNUNEZ5-F588R5E_jnunez5,REVIEW_INSUFFICIENT_DATA,ACTION_COLLECT_MORE_DATA_OR_MANUAL_REVIEW,review,,43.1,3.1,"obs_days=173.0, n_samples=1248, quality=QUALITY_COUNTER_RESET -> insufficient/uncertain data",16.2,49,2.0,0,0,0,,,0.0683,0.0,100.0,100.0,173.02,QUALITY_COUNTER_RESET,ThinkPad X1 2-in-1 Gen 10,SMP,5B11M90097,観測期間・サンプル数・カウンタ整合性のいずれかが不足しており、信頼できる介入判定ができません。追加データ収集または手動レビューが必要です。,2026-06-03T12:47:30
JNUNEZ5-F5HP4BE_jnunez5,NORMAL_OR_RESPONDING,ACTION_NONE,high,,70.0,10.0,"flat_tail=0.0d, fcc_changes=8, tail_cyc=0.0, tail_ok[90/80/85]=0/0/0 -> FCC still updating / not a no-low-change candidate",0.0,8,0.0,0,0,0,,,,97.0,97.0,0.0,166.72,QUALITY_OK,ThinkPad P16 Gen 3,SMP,5B11M90135,,2026-06-03T12:47:30
JNUNEZ5-F5L9LW0_jnunez5,REVIEW_INSUFFICIENT_DATA,ACTION_COLLECT_MORE_DATA_OR_MANUAL_REVIEW,review,,65.7,5.7,"obs_days=42.2, n_samples=306, quality=QUALITY_SHORT_OBS -> insufficient/uncertain data",4.1,2,0.0,0,0,0,,,0.9994,99.0,99.0,0.0,42.17,QUALITY_SHORT_OBS,ThinkPad P16v Gen 3,Sunwoda,5B11M90138,観測期間・サンプル数・カウンタ整合性のいずれかが不足しており、信頼できる介入判定ができません。追加データ収集または手動レビューが必要です。,2026-06-03T12:47:30
JNUNEZ5-F626M4T_jnunez5,REVIEW_INSUFFICIENT_DATA,ACTION_COLLECT_MORE_DATA_OR_MANUAL_REVIEW,review,,52.5,5.7,"obs_days=66.0, n_samples=294, quality=QUALITY_SHORT_OBS -> insufficient/uncertain data",4.1,7,0.0,0,0,0,,,0.3385,42.0,99.0,57.0,66.0,QUALITY_SHORT_OBS,ThinkPad X1 2-in-1 Gen 11,COSMX,5B11M90162,観測期間・サンプル数・カウンタ整合性のいずれかが不足しており、信頼できる介入判定ができません。追加データ収集または手動レビューが必要です。,2026-06-03T12:47:30
JNUNEZ5-W05SG98_jnunez5,NORMAL_OR_RESPONDING,ACTION_NONE,high,,72.1,13.7,"flat_tail=22.1d, fcc_changes=35, tail_cyc=0.0, tail_ok[90/80/85]=0/0/0 -> FCC still updating / not a no-low-change candidate",22.1,35,0.0,0,0,0,,,0.9218,1.0,100.0,99.0,345.59,QUALITY_OK,ThinkPad P1 Gen 6,Sunwoda,5B11K07737,,2026-06-03T12:47:30
JNUNEZ5-W0KPY33_T1g,REVIEW_INSUFFICIENT_DATA,ACTION_COLLECT_MORE_DATA_OR_MANUAL_REVIEW,review,,52.6,0.4,"obs_days=188.2, n_samples=1220, quality=QUALITY_COUNTER_RESET -> insufficient/uncertain data",2.2,24,0.0,0,0,0,,,0.6127,17.0,95.0,78.0,188.22,QUALITY_COUNTER_RESET,ThinkPad T1g Gen 8,Sunwoda,5B11M37553,観測期間・サンプル数・カウンタ整合性のいずれかが不足しており、信頼できる介入判定ができません。追加データ収集または手動レビューが必要です。,2026-06-03T12:47:30
JNUNEZ5-W0KPY33_jnunez5,NORMAL_OR_RESPONDING,ACTION_NONE,high,,69.0,10.1,"flat_tail=0.5d, fcc_changes=11, tail_cyc=0.0, tail_ok[90/80/85]=0/0/0 -> FCC still updating / not a no-low-change candidate",0.5,11,0.0,0,0,0,,,0.9467,28.0,65.0,37.0,182.0,QUALITY_OK,ThinkPad T1g Gen 8,Sunwoda,5B11M37553,,2026-06-03T12:47:30
JN_jnunez5,REVIEW_INSUFFICIENT_DATA,ACTION_COLLECT_MORE_DATA_OR_MANUAL_REVIEW,review,,61.5,5.2,"obs_days=28.1, n_samples=416, quality=QUALITY_SHORT_OBS -> insufficient/uncertain data",1.2,4,0.0,0,0,0,,,0.728,88.0,99.0,11.0,28.05,QUALITY_SHORT_OBS,ThinkPad T14s Gen 6,Sunwoda,LNV-5B11H56404,観測期間・サンプル数・カウンタ整合性のいずれかが不足しており、信頼できる介入判定ができません。追加データ収集または手動レビューが必要です。,2026-06-03T12:47:30
JOSEPH_jmayersalman,REVIEW_INSUFFICIENT_DATA,ACTION_COLLECT_MORE_DATA_OR_MANUAL_REVIEW,review,,54.7,5.1,"obs_days=92.9, n_samples=1553, quality=QUALITY_SHORT_OBS -> insufficient/uncertain data",0.8,66,0.0,0,0,0,,,0.4761,33.0,100.0,67.0,92.92,QUALITY_SHORT_OBS,ThinkPad P14s Gen 7 AMD,Celxpert,5B11M90174,観測期間・サンプル数・カウンタ整合性のいずれかが不足しており、信頼できる介入判定ができません。追加データ収集または手動レビューが必要です。,2026-06-03T12:47:30
JOSHUA_jbowen2,NORMAL_OR_RESPONDING,ACTION_NONE,high,,70.0,10.3,"flat_tail=2.0d, fcc_changes=89, tail_cyc=0.0, tail_ok[90/80/85]=0/0/0 -> FCC still updating / not a no-low-change candidate",2.0,89,0.0,0,0,0,,,0.9847,86.0,100.0,14.0,197.86,QUALITY_OK,ThinkPad L13 Gen 6,SMP,5B11M90129,,2026-06-03T12:47:30
JP2-E3-05_e3,ACTIONABLE_GAUGE_RESET_NO_OPPORTUNITY,ACTION_GAUGE_RESET,medium,NO_OPPORTUNITY_LOW_CYCLING,80.6,37.6,"flat_tail=708.8d, fcc_changes=0, tail_cyc=13.0, tail_ok[90/80/85]=0/0/0, ac=0.61, min_rsoc=5.0, swing=95.0 -> no learning opportunity in flat tail",708.8,0,13.0,0,0,0,,,0.6068,5.0,100.0,95.0,708.8,QUALITY_SPARSE,ThinkPad,Sunwoda,5B10W13975,FCC/SoHが長期間更新されていませんが、ログ上は深い放電→再充電の学習機会が不足しています。安全な環境でOEM推奨のバッテリーゲージリセット/キャリブレーションを実施し、その後72h〜7日間のテレメトリでFCC更新有無を確認してください。,2026-06-03T12:47:30
JPIPER-PF689FNM_jpiper,REVIEW_INSUFFICIENT_DATA,ACTION_COLLECT_MORE_DATA_OR_MANUAL_REVIEW,review,,59.7,5.0,"obs_days=36.1, n_samples=377, quality=QUALITY_SHORT_OBS -> insufficient/uncertain data",0.0,4,0.0,0,0,0,,,0.0,79.0,95.0,16.0,36.12,QUALITY_SHORT_OBS,ThinkPad X1 Carbon Gen 14,Sunwoda,5B11M90160,観測期間・サンプル数・カウンタ整合性のいずれかが不足しており、信頼できる介入判定ができません。追加データ収集または手動レビューが必要です。,2026-06-03T12:47:30
JPROULX-F5GQ0BB_jproulx,NORMAL_OR_RESPONDING,ACTION_NONE,high,,55.8,10.2,"flat_tail=0.9d, fcc_changes=161, tail_cyc=0.0, tail_ok[90/80/85]=0/0/0 -> FCC still updating / not a no-low-change candidate",0.9,161,0.0,0,0,0,,,0.281,50.0,100.0,50.0,378.7,QUALITY_OK,ThinkPad T16 Gen 4,Celxpert,5B11H56411,,2026-06-03T12:47:30
JQUINTERO-A2BYW_jquintero,NORMAL_OR_RESPONDING,ACTION_NONE,high,,67.3,11.5,"flat_tail=8.8d, fcc_changes=113, tail_cyc=0.0, tail_ok[90/80/85]=0/0/0 -> FCC still updating / not a no-low-change candidate",8.8,113,0.0,0,0,0,,,0.7893,79.0,100.0,21.0,567.14,QUALITY_OK,ThinkPad L16 Gen 1,SMP,5B11H56396,,2026-06-03T12:47:30
JUAN_jnunez5,REVIEW_INSUFFICIENT_DATA,ACTION_COLLECT_MORE_DATA_OR_MANUAL_REVIEW,review,,56.2,0.5,"obs_days=236.9, n_samples=1225, quality=QUALITY_COUNTER_RESET -> insufficient/uncertain data",3.0,55,0.0,0,0,0,,,0.0,87.0,100.0,13.0,236.9,QUALITY_COUNTER_RESET,ThinkPad T14s 2-in-1 Gen 1,SMP,5B11M90107,観測期間・サンプル数・カウンタ整合性のいずれかが不足しており、信頼できる介入判定ができません。追加データ収集または手動レビューが必要です。,2026-06-03T12:47:30
JURAKAWA-3319AM_jurakawa,WATCH_LOW_UPDATE_RATE_AMBIGUOUS,ACTION_MONITOR_OR_MANUAL_REVIEW,low,,76.4,50.0,"flat_tail=675.3d, fcc_changes=9, tail_cyc=56.0, tail_ok[90/80/85]=0/0/0, resp72h(rel)=NA -> ambiguous low-update",675.3,9,56.0,0,0,0,,,0.5694,0.0,100.0,100.0,1127.19,QUALITY_OK,ThinkPad X1 Carbon Gen 9,SMP,5B10W13973,FCC更新率は低いものの完全凍結ではない/学習機会が少ない/データ品質が中程度のため、FW確認に回す前にモニタリングまたは手動レビューを推奨します。,2026-06-03T12:47:30
JXU9-PF3SLCZ3_jxu9,NORMAL_OR_RESPONDING,ACTION_NONE,high,,70.6,10.6,"flat_tail=3.5d, fcc_changes=40, tail_cyc=0.0, tail_ok[90/80/85]=0/0/0 -> FCC still updating / not a no-low-change candidate",3.5,40,0.0,0,0,0,,,1.0,99.0,100.0,1.0,952.12,QUALITY_OK,ThinkPad P16v Gen 1,Celxpert,5B11H56374,,2026-06-03T12:47:30
JYANGO-PF462GGQ_jyango,ACTIONABLE_GAUGE_RESET_NO_OPPORTUNITY,ACTION_GAUGE_RESET,high,NO_OPPORTUNITY_AC_BOUND,81.2,50.0,"flat_tail=204.5d, fcc_changes=4, tail_cyc=64.0, tail_ok[90/80/85]=0/0/0, ac=0.81, min_rsoc=3.0, swing=97.0 -> no learning opportunity in flat tail",204.5,4,64.0,0,0,0,,,0.812,3.0,100.0,97.0,259.1,QUALITY_OK,ThinkPad X1 Yoga Gen 7,,,FCC/SoHが長期間更新されていませんが、ログ上は深い放電→再充電の学習機会が不足しています。安全な環境でOEM推奨のバッテリーゲージリセット/キャリブレーションを実施し、その後72h〜7日間のテレメトリでFCC更新有無を確認してください。,2026-06-03T12:47:30
KANGYINGB-LFXB1_kangyingb,NORMAL_OR_RESPONDING,ACTION_NONE,high,,62.4,10.0,"flat_tail=0.1d, fcc_changes=92, tail_cyc=0.0, tail_ok[90/80/85]=0/0/0 -> FCC still updating / not a no-low-change candidate",0.1,92,0.0,0,0,0,,,0.2544,77.0,100.0,23.0,154.15,QUALITY_OK,ThinkPad X9-14 Gen 1,BYD,LNV-5B11M90101@,,2026-06-03T12:47:30
KARAI6-PF4PTTHT_karai6,NORMAL_OR_RESPONDING,ACTION_NONE,high,,61.7,10.3,"flat_tail=1.9d, fcc_changes=84, tail_cyc=0.0, tail_ok[90/80/85]=0/0/0 -> FCC still updating / not a no-low-change candidate",1.9,84,0.0,0,0,0,,,0.5698,74.0,100.0,26.0,234.52,QUALITY_OK,ThinkPad X1 Carbon Gen 12,SMP,5B11H56383,,2026-06-03T12:47:30
KATIE_kjackson,REVIEW_INSUFFICIENT_DATA,ACTION_COLLECT_MORE_DATA_OR_MANUAL_REVIEW,review,,51.0,5.0,"obs_days=119.1, n_samples=1851, quality=QUALITY_SHORT_OBS -> insufficient/uncertain data",0.2,8,0.0,0,0,0,,,0.2984,46.0,100.0,54.0,119.14,QUALITY_SHORT_OBS,ThinkPad L13 2-in-1 Gen 6,SMP,5B11M90129,観測期間・サンプル数・カウンタ整合性のいずれかが不足しており、信頼できる介入判定ができません。追加データ収集または手動レビューが必要です。,2026-06-03T12:47:30
KAYLEY_Kayle,NORMAL_OR_RESPONDING,ACTION_NONE,high,,70.1,10.1,"flat_tail=0.5d, fcc_changes=55, tail_cyc=0.0, tail_ok[90/80/85]=0/0/0 -> FCC still updating / not a no-low-change candidate",0.5,55,0.0,0,0,0,,,1.0,99.0,100.0,1.0,424.38,QUALITY_OK,ThinkPad X1 2-in-1 Gen 10,SMP,5B11M90097,,2026-06-03T12:47:30
KAZUK_PR2,REVIEW_INSUFFICIENT_DATA,ACTION_COLLECT_MORE_DATA_OR_MANUAL_REVIEW,review,,60.0,0.0,"obs_days=840.3, n_samples=7491, quality=QUALITY_COUNTER_RESET -> insufficient/uncertain data",0.0,405,0.0,0,0,0,,,1.0,51.0,71.0,20.0,840.28,QUALITY_COUNTER_RESET,ThinkPad X1 Carbon Gen 10,Celxpert,5B10W13974,観測期間・サンプル数・カウンタ整合性のいずれかが不足しており、信頼できる介入判定ができません。追加データ収集または手動レビューが必要です。,2026-06-03T12:47:30
KCHAUHAN1-Y538L_kchauhan1,REVIEW_INSUFFICIENT_DATA,ACTION_COLLECT_MORE_DATA_OR_MANUAL_REVIEW,review,,48.5,5.8,"obs_days=66.0, n_samples=638, quality=QUALITY_SHORT_OBS -> insufficient/uncertain data",4.7,30,0.0,0,0,0,,,0.1353,24.0,100.0,76.0,65.99,QUALITY_SHORT_OBS,ThinkPad P16s Gen 3,SMP,5B11H56401,観測期間・サンプル数・カウンタ整合性のいずれかが不足しており、信頼できる介入判定ができません。追加データ収集または手動レビューが必要です。,2026-06-03T12:47:30
KCHEON-PF5A9YHM_kcheon,NORMAL_OR_RESPONDING,ACTION_NONE,high,,78.2,18.2,"flat_tail=49.2d, fcc_changes=100, tail_cyc=0.0, tail_ok[90/80/85]=0/0/0 -> FCC still updating / not a no-low-change candidate",49.2,100,0.0,0,0,0,,,1.0,52.0,100.0,48.0,454.21,QUALITY_OK,ThinkPad T14s Gen 6,Sunwoda,5B11M90105,,2026-06-03T12:47:30
KDARDEN-F4CFJD9_kdarden,WATCH_LOW_UPDATE_RATE_AMBIGUOUS,ACTION_MONITOR_OR_MANUAL_REVIEW,low,,56.8,21.0,"flat_tail=37.1d, fcc_changes=2, tail_cyc=24.0, tail_ok[90/80/85]=0/0/0, resp72h(rel)=NA -> ambiguous low-update",37.1,2,24.0,0,0,0,,,0.6317,1.0,100.0,99.0,421.79,QUALITY_OK,ThinkPad T14 Gen 4,Celxpert,5B10W51866,FCC更新率は低いものの完全凍結ではない/学習機会が少ない/データ品質が中程度のため、FW確認に回す前にモニタリングまたは手動レビューを推奨します。,2026-06-03T12:47:30
KGU-PF5DEB5C_kgu,REVIEW_INSUFFICIENT_DATA,ACTION_COLLECT_MORE_DATA_OR_MANUAL_REVIEW,review,,57.7,0.5,"obs_days=95.9, n_samples=1619, quality=QUALITY_COUNTER_RESET -> insufficient/uncertain data",2.7,19,0.0,0,0,0,,,0.8636,91.0,100.0,9.0,95.94,QUALITY_COUNTER_RESET,ThinkPad P16s Gen 3,SMP,5B11H56401,観測期間・サンプル数・カウンタ整合性のいずれかが不足しており、信頼できる介入判定ができません。追加データ収集または手動レビューが必要です。,2026-06-03T12:47:30
KGUO1-PF4R03CL_kguo1,REVIEW_INSUFFICIENT_DATA,ACTION_COLLECT_MORE_DATA_OR_MANUAL_REVIEW,review,,55.7,6.7,"obs_days=44.8, n_samples=682, quality=QUALITY_SHORT_OBS -> insufficient/uncertain data",10.0,4,0.0,0,0,0,,,0.4309,35.0,68.0,33.0,44.83,QUALITY_SHORT_OBS,ThinkPad T14s Gen 5,Sunwoda,5B11H56405,観測期間・サンプル数・カウンタ整合性のいずれかが不足しており、信頼できる介入判定ができません。追加データ収集または手動レビューが必要です。,2026-06-03T12:47:30
KGUO1-PF4Z3832_kguo1,REVIEW_INSUFFICIENT_DATA,ACTION_COLLECT_MORE_DATA_OR_MANUAL_REVIEW,review,,64.0,6.3,"obs_days=21.0, n_samples=297, quality=QUALITY_SHORT_OBS -> insufficient/uncertain data",8.0,3,0.0,0,0,0,,,0.8848,67.0,100.0,33.0,21.03,QUALITY_SHORT_OBS,ThinkPad T14 Gen 5,Celxpert,5B11H56416,観測期間・サンプル数・カウンタ整合性のいずれかが不足しており、信頼できる介入判定ができません。追加データ収集または手動レビューが必要です。,2026-06-03T12:47:30
KGUO1-PF55Q5S3_kguo1,REVIEW_INSUFFICIENT_DATA,ACTION_COLLECT_MORE_DATA_OR_MANUAL_REVIEW,review,,66.0,6.2,"obs_days=49.0, n_samples=1314, quality=QUALITY_SHORT_OBS -> insufficient/uncertain data",6.9,8,0.0,0,0,0,,,0.9942,89.0,100.0,11.0,49.0,QUALITY_SHORT_OBS,ThinkPad T16 Gen 4,SMP,5B11H56412,観測期間・サンプル数・カウンタ整合性のいずれかが不足しており、信頼できる介入判定ができません。追加データ収集または手動レビューが必要です。,2026-06-03T12:47:30
KGUO1-PF5GR16K_kguo1,NORMAL_OR_RESPONDING,ACTION_NONE,high,,70.2,10.2,"flat_tail=0.9d, fcc_changes=17, tail_cyc=0.0, tail_ok[90/80/85]=0/0/0 -> FCC still updating / not a no-low-change candidate",0.9,17,0.0,0,0,0,,,1.0,75.0,79.0,4.0,216.98,QUALITY_OK,ThinkPad T14s Gen 6,Sunwoda,5B11M90105,,2026-06-03T12:47:30
KGUO1-PF62LBME_kguo1,NORMAL_OR_RESPONDING,ACTION_NONE,high,,72.3,12.3,"flat_tail=14.0d, fcc_changes=7, tail_cyc=0.0, tail_ok[90/80/85]=0/0/0 -> FCC still updating / not a no-low-change candidate",14.0,7,0.0,0,0,0,,,1.0,66.0,75.0,9.0,124.08,QUALITY_OK,ThinkPad T16 Gen 5,COSMX,5B11M90167,,2026-06-03T12:47:30
KGUO1-PW09S0X5_kguo1,REVIEW_INSUFFICIENT_DATA,ACTION_COLLECT_MORE_DATA_OR_MANUAL_REVIEW,review,,54.8,5.0,"obs_days=49.3, n_samples=639, quality=QUALITY_SHORT_OBS -> insufficient/uncertain data",0.2,6,0.0,0,0,0,,,0.4874,49.0,100.0,51.0,49.31,QUALITY_SHORT_OBS,ThinkPad L14 Gen 5,Sunwoda,5B11H56397,観測期間・サンプル数・カウンタ整合性のいずれかが不足しており、信頼できる介入判定ができません。追加データ収集または手動レビューが必要です。,2026-06-03T12:47:30
KHORINOUCHI-42K_khorinouchi,ACTIONABLE_GAUGE_RESET_NO_OPPORTUNITY,ACTION_GAUGE_RESET,medium,NO_OPPORTUNITY_LOW_CYCLING,78.8,37.0,"flat_tail=195.9d, fcc_changes=0, tail_cyc=10.0, tail_ok[90/80/85]=0/0/0, ac=0.44, min_rsoc=1.0, swing=99.0 -> no learning opportunity in flat tail",195.9,0,10.0,0,0,0,,,0.4415,1.0,100.0,99.0,195.91,QUALITY_SPARSE,ThinkPad T14 Gen 1,LG,5B10W13905,FCC/SoHが長期間更新されていませんが、ログ上は深い放電→再充電の学習機会が不足しています。安全な環境でOEM推奨のバッテリーゲージリセット/キャリブレーションを実施し、その後72h〜7日間のテレメトリでFCC更新有無を確認してください。,2026-06-03T12:47:30
KILLEBREW,NORMAL_OR_RESPONDING,ACTION_NONE,high,,66.0,27.7,"flat_tail=76.2d, fcc_changes=34, tail_cyc=25.0, tail_ok[90/80/85]=0/0/0 -> FCC still updating / not a no-low-change candidate",76.2,34,25.0,0,0,0,,,0.7892,25.0,100.0,75.0,1091.04,QUALITY_OK,ThinkPad X13 Gen 4,SMP,5B11H56366,,2026-06-03T12:47:30
KINOUE4XF49VR0W_kinoue4,NORMAL_OR_RESPONDING,ACTION_NONE,high,,65.2,35.7,"flat_tail=109.8d, fcc_changes=19, tail_cyc=37.0, tail_ok[90/80/85]=0/0/0 -> FCC still updating / not a no-low-change candidate",109.8,19,37.0,0,0,0,,,0.5961,3.0,100.0,97.0,725.88,QUALITY_OK,ThinkPad X1 Yoga Gen 7,SMP,5B10W13973,,2026-06-03T12:47:30
KIRRO-ALLOYSIT7_Kirro,NORMAL_OR_RESPONDING,ACTION_NONE,high,,62.6,10.2,"flat_tail=1.1d, fcc_changes=343, tail_cyc=0.0, tail_ok[90/80/85]=0/0/0 -> FCC still updating / not a no-low-change candidate",1.1,343,0.0,0,0,0,,,0.6227,41.0,100.0,59.0,532.7,QUALITY_OK,ThinkPad X9-14 Gen 1,Sunwoda,LNV-5B11M90102@,,2026-06-03T12:47:30
KIWAO-PF4KXHHL_kiwao,NORMAL_OR_RESPONDING,ACTION_NONE,high,,67.5,10.6,"flat_tail=3.4d, fcc_changes=9, tail_cyc=0.0, tail_ok[90/80/85]=0/0/0 -> FCC still updating / not a no-low-change candidate",3.4,9,0.0,0,0,0,,,0.8489,71.0,100.0,29.0,140.12,QUALITY_OK,ThinkPad Z13 Gen 2,BYD,5B10W51883,,2026-06-03T12:47:30
KIWAO_kiwao,REVIEW_INSUFFICIENT_DATA,ACTION_COLLECT_MORE_DATA_OR_MANUAL_REVIEW,review,,63.2,9.5,"obs_days=76.0, n_samples=313, quality=QUALITY_SHORT_OBS -> insufficient/uncertain data",27.0,3,0.0,0,0,0,,,0.5101,81.0,100.0,19.0,76.03,QUALITY_SHORT_OBS,ThinkPad X1 Carbon Gen 14,ATL,5B11M90161,観測期間・サンプル数・カウンタ整合性のいずれかが不足しており、信頼できる介入判定ができません。追加データ収集または手動レビューが必要です。,2026-06-03T12:47:30
KKITTS-PF58LF52_kkitts,NORMAL_OR_RESPONDING,ACTION_NONE,high,,56.9,11.3,"flat_tail=8.0d, fcc_changes=54, tail_cyc=0.0, tail_ok[90/80/85]=0/0/0 -> FCC still updating / not a no-low-change candidate",8.0,54,0.0,0,0,0,,,0.2803,0.0,100.0,100.0,399.99,QUALITY_OK,ThinkPad T14 Gen 6,Sunwoda,5B11M90127,,2026-06-03T12:47:30
KMAKI-PF45ET63_kmaki,ACTIONABLE_FW_CHECK_OPPORTUNITY_NO_RESPONSE,ACTION_FW_CHECK,medium,LOW_UPDATE_RATE_WITH_OPPORTUNITIES,48.4,86.0,"flat_tail=132.2d, fcc_changes=0, tail_cyc=86.0, tail_ok[90/80/85]=0/4/1, resp72h(rel)=0.000 -> opportunities present but FCC did not respond",132.2,0,86.0,0,4,1,0.0,0.0,0.5668,2.0,100.0,98.0,132.21,QUALITY_OK,ThinkPad X1 Carbon Gen 10,Sunwoda,5B10W13975,FCC/SoHが長期間更新されておらず、ログ上は深い放電→再充電の学習機会が複数回確認されています。通常のキャリブレーション機会があったにもかかわらずFCC応答がないため、BIOS/EC/バッテリー関連FWのVersion確認とアップデート有無確認を優先してください。アップデート後、次回の学習機会後72h〜7日間でFCC更新有無を確認してください。,2026-06-03T12:47:30
KMAKI-PF4WSHXN_kmaki,REVIEW_INSUFFICIENT_DATA,ACTION_COLLECT_MORE_DATA_OR_MANUAL_REVIEW,review,,46.5,2.8,"obs_days=355.2, n_samples=7886, quality=QUALITY_COUNTER_RESET -> insufficient/uncertain data",16.7,181,0.0,0,0,0,,,0.1841,9.0,100.0,91.0,355.19,QUALITY_COUNTER_RESET,ThinkPad X1 Carbon Gen 12,BYD,5B11H56386,観測期間・サンプル数・カウンタ整合性のいずれかが不足しており、信頼できる介入判定ができません。追加データ収集または手動レビューが必要です。,2026-06-03T12:47:30
KMORIGUCHI-SY92_kmoriguchi,ACTIONABLE_GAUGE_RESET_NO_OPPORTUNITY,ACTION_GAUGE_RESET,high,NO_OPPORTUNITY_AC_BOUND;NO_OPPORTUNITY_LOW_CYCLING;NO_OPPORTUNITY_SHALLOW_RANGE,94.5,41.4,"flat_tail=397.8d, fcc_changes=1, tail_cyc=7.0, tail_ok[90/80/85]=0/0/0, ac=0.90, min_rsoc=64.0, swing=36.0 -> no learning opportunity in flat tail",397.8,1,7.0,0,0,0,,,0.9024,64.0,100.0,36.0,1133.08,QUALITY_OK,ThinkPad X1 Carbon Gen 10,SMP,5B11M90056,FCC/SoHが長期間更新されていませんが、ログ上は深い放電→再充電の学習機会が不足しています。安全な環境でOEM推奨のバッテリーゲージリセット/キャリブレーションを実施し、その後72h〜7日間のテレメトリでFCC更新有無を確認してください。,2026-06-03T12:47:30
KSAMBDMA-62KJHP_ksambdma,NORMAL_OR_RESPONDING,ACTION_NONE,high,,69.4,11.4,"flat_tail=8.2d, fcc_changes=8, tail_cyc=0.0, tail_ok[90/80/85]=0/0/0 -> FCC still updating / not a no-low-change candidate",8.2,8,0.0,0,0,0,,,0.7187,94.0,100.0,6.0,133.1,QUALITY_OK,ThinkPad T16 Gen 5,Sunwoda,5B11M90169,,2026-06-03T12:47:30
KSERDAR-W0A2BP3_kserdar,NORMAL_OR_RESPONDING,ACTION_NONE,high,,70.0,10.0,"flat_tail=0.0d, fcc_changes=289, tail_cyc=0.0, tail_ok[90/80/85]=0/0/0 -> FCC still updating / not a no-low-change candidate",0.0,289,0.0,0,0,0,,,1.0,100.0,100.0,0.0,798.01,QUALITY_OK,ThinkPad L16 Gen 1,Sunwoda,5B11H56397,,2026-06-03T12:47:30
KSHIBATAX3Y83N9_KSHIBATA,ACTIONABLE_FW_CHECK_OPPORTUNITY_NO_RESPONSE,ACTION_FW_CHECK,high,ZERO_UPDATE_AFTER_OPPORTUNITIES,58.5,100.0,"flat_tail=970.9d, fcc_changes=0, tail_cyc=250.0, tail_ok[90/80/85]=2/13/9, resp72h(rel)=0.000 -> opportunities present but FCC did not respond",970.9,0,250.0,2,13,9,0.0,0.0,0.848,2.0,100.0,98.0,970.92,QUALITY_OK,ThinkPad X1 Yoga Gen 7,Sunwoda,5B10W13975,FCC/SoHが長期間更新されておらず、ログ上は深い放電→再充電の学習機会が複数回確認されています。通常のキャリブレーション機会があったにもかかわらずFCC応答がないため、BIOS/EC/バッテリー関連FWのVersion確認とアップデート有無確認を優先してください。アップデート後、次回の学習機会後72h〜7日間でFCC更新有無を確認してください。,2026-06-03T12:47:30
KSHIBAYAMA-TB38_kshibayama,NORMAL_OR_RESPONDING,ACTION_NONE,high,,67.1,10.1,"flat_tail=0.7d, fcc_changes=109, tail_cyc=0.0, tail_ok[90/80/85]=0/0/0 -> FCC still updating / not a no-low-change candidate",0.7,109,0.0,0,0,0,,,0.4227,91.0,100.0,9.0,245.69,QUALITY_OK,ThinkPad X1 2-in-1 Gen 9,SMP,5B11H56383,,2026-06-03T12:47:30
KTAKEDA5-3ZPVTQ_ktakeda5,ACTIONABLE_GAUGE_RESET_NO_OPPORTUNITY,ACTION_GAUGE_RESET,high,NO_OPPORTUNITY_AC_BOUND;NO_OPPORTUNITY_LOW_CYCLING,91.1,43.0,"flat_tail=217.0d, fcc_changes=7, tail_cyc=15.0, tail_ok[90/80/85]=0/0/0, ac=0.93, min_rsoc=6.0, swing=94.0 -> no learning opportunity in flat tail",217.0,7,15.0,0,0,0,,,0.9292,6.0,100.0,94.0,410.55,QUALITY_OK,ThinkPad X1 Carbon Gen 10,,,FCC/SoHが長期間更新されていませんが、ログ上は深い放電→再充電の学習機会が不足しています。安全な環境でOEM推奨のバッテリーゲージリセット/キャリブレーションを実施し、その後72h〜7日間のテレメトリでFCC更新有無を確認してください。,2026-06-03T12:47:30
KTATE2-PW0A2BTJ_ktate2,NORMAL_OR_RESPONDING,ACTION_NONE,high,,67.6,10.5,"flat_tail=3.1d, fcc_changes=110, tail_cyc=0.0, tail_ok[90/80/85]=0/0/0 -> FCC still updating / not a no-low-change candidate",3.1,110,0.0,0,0,0,,,0.8524,88.0,100.0,12.0,406.0,QUALITY_OK,ThinkPad L14 Gen 5,SMP,5B11H56396,,2026-06-03T12:47:30
KURADA-32000014_kurada,REVIEW_INSUFFICIENT_DATA,ACTION_COLLECT_MORE_DATA_OR_MANUAL_REVIEW,review,,67.0,7.5,"obs_days=14.8, n_samples=269, quality=QUALITY_SHORT_OBS -> insufficient/uncertain data",14.8,0,0.0,0,0,0,,,0.979,84.0,100.0,16.0,14.8,QUALITY_SHORT_OBS,ThinkPad P1 Gen 8,Sunwoda,5B11M37553,観測期間・サンプル数・カウンタ整合性のいずれかが不足しており、信頼できる介入判定ができません。追加データ収集または手動レビューが必要です。,2026-06-03T12:47:30
KURADA-3_kurada,REVIEW_INSUFFICIENT_DATA,ACTION_COLLECT_MORE_DATA_OR_MANUAL_REVIEW,review,,68.8,9.9,"obs_days=50.4, n_samples=946, quality=QUALITY_SHORT_OBS -> insufficient/uncertain data",28.2,5,1.0,0,0,0,,,0.979,83.0,100.0,17.0,50.42,QUALITY_SHORT_OBS,ThinkPad X12 Detachable Gen 2,SMP,5B10Z26480,観測期間・サンプル数・カウンタ整合性のいずれかが不足しており、信頼できる介入判定ができません。追加データ収集または手動レビューが必要です。,2026-06-03T12:47:30
KURADA-4_kurada,ACTIONABLE_GAUGE_RESET_NO_OPPORTUNITY,ACTION_GAUGE_RESET,high,NO_OPPORTUNITY_AC_BOUND;NO_OPPORTUNITY_SHALLOW_RANGE,89.6,44.0,"flat_tail=366.6d, fcc_changes=5, tail_cyc=20.0, tail_ok[90/80/85]=0/0/0, ac=0.98, min_rsoc=23.0, swing=77.0 -> no learning opportunity in flat tail",366.6,5,20.0,0,0,0,,,0.9823,23.0,100.0,77.0,464.94,QUALITY_OK,ThinkPad X12 Detachable Gen 2,SMP,5B10Z26480,FCC/SoHが長期間更新されていませんが、ログ上は深い放電→再充電の学習機会が不足しています。安全な環境でOEM推奨のバッテリーゲージリセット/キャリブレーションを実施し、その後72h〜7日間のテレメトリでFCC更新有無を確認してください。,2026-06-03T12:47:30
KWATAMURA-BLXLJ_kwatamura,NORMAL_OR_RESPONDING,ACTION_NONE,high,,70.0,10.0,"flat_tail=0.0d, fcc_changes=854, tail_cyc=0.0, tail_ok[90/80/85]=0/0/0 -> FCC still updating / not a no-low-change candidate",0.0,854,0.0,0,0,0,,,1.0,41.0,41.0,0.0,612.06,QUALITY_OK,ThinkPad T490,,,,2026-06-03T12:47:30
L13G4-A-CGBETA_cgridley,NORMAL_OR_RESPONDING,ACTION_NONE,high,,70.0,10.0,"flat_tail=0.0d, fcc_changes=50, tail_cyc=0.0, tail_ok[90/80/85]=0/0/0 -> FCC still updating / not a no-low-change candidate",0.0,50,0.0,0,0,0,,,,99.0,99.0,0.0,503.44,QUALITY_OK,ThinkPad L13 Gen 4,Sunwoda,LNV-5B11H56336,,2026-06-03T12:47:30
L13_jboxer,REVIEW_INSUFFICIENT_DATA,ACTION_COLLECT_MORE_DATA_OR_MANUAL_REVIEW,review,,80.8,30.2,"obs_days=802.8, n_samples=1602, quality=QUALITY_COUNTER_RESET -> insufficient/uncertain data",273.9,120,1.0,0,0,0,,,0.5638,0.0,85.0,85.0,802.78,QUALITY_COUNTER_RESET,ThinkPad L13 Yoga Gen 4,Celxpert,LNV-5B11H56335,観測期間・サンプル数・カウンタ整合性のいずれかが不足しており、信頼できる介入判定ができません。追加データ収集または手動レビューが必要です。,2026-06-03T12:47:30
L14G5I_Richard,REVIEW_INSUFFICIENT_DATA,ACTION_COLLECT_MORE_DATA_OR_MANUAL_REVIEW,review,,53.1,5.6,"obs_days=100.9, n_samples=1107, quality=QUALITY_SHORT_OBS -> insufficient/uncertain data",3.6,21,0.0,0,0,0,,,0.3763,53.0,100.0,47.0,100.93,QUALITY_SHORT_OBS,ThinkPad L14 Gen 5,Sunwoda,5B11H56394,観測期間・サンプル数・カウンタ整合性のいずれかが不足しており、信頼できる介入判定ができません。追加データ収集または手動レビューが必要です。,2026-06-03T12:47:30
LALLURI-F5FS8HX_lalluri,REVIEW_INSUFFICIENT_DATA,ACTION_COLLECT_MORE_DATA_OR_MANUAL_REVIEW,review,,48.6,5.8,"obs_days=112.7, n_samples=1077, quality=QUALITY_SHORT_OBS -> insufficient/uncertain data",4.9,41,0.0,0,0,0,,,0.1367,26.0,100.0,74.0,112.74,QUALITY_SHORT_OBS,ThinkPad X1 Carbon Gen 13,Sunwoda,5B11M90099,観測期間・サンプル数・カウンタ整合性のいずれかが不足しており、信頼できる介入判定ができません。追加データ収集または手動レビューが必要です。,2026-06-03T12:47:30
LAPTOP-080TD3DG_HWPA,NORMAL_OR_RESPONDING,ACTION_NONE,high,,64.0,13.7,"flat_tail=20.9d, fcc_changes=7, tail_cyc=1.0, tail_ok[90/80/85]=0/0/0 -> FCC still updating / not a no-low-change candidate",20.9,7,1.0,0,0,0,,,0.5531,3.0,43.0,40.0,172.81,QUALITY_OK,ThinkPad P1 Gen 6,Sunwoda,5B11K07737,,2026-06-03T12:47:30
LAPTOP-0JJ03K9D_rgibson,NORMAL_OR_RESPONDING,ACTION_NONE,high,,71.0,11.0,"flat_tail=6.0d, fcc_changes=10, tail_cyc=0.0, tail_ok[90/80/85]=0/0/0 -> FCC still updating / not a no-low-change candidate",6.0,10,0.0,0,0,0,,,1.0,59.0,90.0,31.0,273.0,QUALITY_OK,ThinkPad P1 Gen 6,Sunwoda,5B11K07737,,2026-06-03T12:47:30
LAPTOP-0NPD7G3O_Tsutomu_Chonan,REVIEW_INSUFFICIENT_DATA,ACTION_COLLECT_MORE_DATA_OR_MANUAL_REVIEW,review,,61.1,5.8,"obs_days=87.9, n_samples=321, quality=QUALITY_SHORT_OBS -> insufficient/uncertain data",4.6,4,0.0,0,0,0,,,0.5159,86.0,100.0,14.0,87.94,QUALITY_SHORT_OBS,ThinkPad X1 Carbon Gen 13,BYD,5B11M90100,観測期間・サンプル数・カウンタ整合性のいずれかが不足しており、信頼できる介入判定ができません。追加データ収集または手動レビューが必要です。,2026-06-03T12:47:30
LAPTOP-0P70H8T7_Naito,REVIEW_INSUFFICIENT_DATA,ACTION_COLLECT_MORE_DATA_OR_MANUAL_REVIEW,review,,45.4,5.4,"obs_days=57.8, n_samples=230, quality=QUALITY_SHORT_OBS -> insufficient/uncertain data",2.6,6,0.0,0,0,0,,,0.0001,33.0,95.0,62.0,57.84,QUALITY_SHORT_OBS,ThinkPad X1 Carbon Gen 12,SMP,5B11H56383,観測期間・サンプル数・カウンタ整合性のいずれかが不足しており、信頼できる介入判定ができません。追加データ収集または手動レビューが必要です。,2026-06-03T12:47:30
LAPTOP-0S7K8PQH_Stan,NORMAL_OR_RESPONDING,ACTION_NONE,high,,71.5,11.7,"flat_tail=10.1d, fcc_changes=16, tail_cyc=0.0, tail_ok[90/80/85]=0/0/0 -> FCC still updating / not a no-low-change candidate",10.1,16,0.0,0,0,0,,,0.9922,43.0,100.0,57.0,259.39,QUALITY_OK,ThinkPad P52,LG,01AV495,,2026-06-03T12:47:30
LAPTOP-11P5VLEF_tianx,REVIEW_INSUFFICIENT_DATA,ACTION_COLLECT_MORE_DATA_OR_MANUAL_REVIEW,review,,54.1,5.5,"obs_days=58.6, n_samples=344, quality=QUALITY_SHORT_OBS -> insufficient/uncertain data",2.7,18,0.0,0,0,0,,,0.0607,51.0,85.0,34.0,58.61,QUALITY_SHORT_OBS,ThinkPad T14s Gen 6,ATL,5B11M90108,観測期間・サンプル数・カウンタ整合性のいずれかが不足しており、信頼できる介入判定ができません。追加データ収集または手動レビューが必要です。,2026-06-03T12:47:30
LAPTOP-11RRGHRF_2ndH28,REVIEW_INSUFFICIENT_DATA,ACTION_COLLECT_MORE_DATA_OR_MANUAL_REVIEW,review,,65.0,5.0,"obs_days=23.6, n_samples=382, quality=QUALITY_SHORT_OBS -> insufficient/uncertain data",0.2,8,0.0,0,0,0,,,0.9986,100.0,100.0,0.0,23.6,QUALITY_SHORT_OBS,ThinkPad X1 Carbon Gen 12,SMP,5B11H56383,観測期間・サンプル数・カウンタ整合性のいずれかが不足しており、信頼できる介入判定ができません。追加データ収集または手動レビューが必要です。,2026-06-03T12:47:30
LAPTOP-146432PF_PQM,NORMAL_OR_RESPONDING,ACTION_NONE,high,,68.9,10.1,"flat_tail=0.7d, fcc_changes=126, tail_cyc=0.0, tail_ok[90/80/85]=0/0/0 -> FCC still updating / not a no-low-change candidate",0.7,126,0.0,0,0,0,,,0.9377,42.0,100.0,58.0,226.51,QUALITY_OK,ThinkPad X1 2-in-1 Gen 9,BYD,5B11H56386,,2026-06-03T12:47:30
LAPTOP-19J6LO6A_ytakeda,REVIEW_INSUFFICIENT_DATA,ACTION_COLLECT_MORE_DATA_OR_MANUAL_REVIEW,review,,63.1,11.9,"obs_days=38.9, n_samples=552, quality=QUALITY_SHORT_OBS -> insufficient/uncertain data",38.9,0,2.0,0,0,0,,,0.6312,63.0,100.0,37.0,38.92,QUALITY_SHORT_OBS,ThinkPad X1 Yoga Gen 8,Celxpert,5B10W13974,観測期間・サンプル数・カウンタ整合性のいずれかが不足しており、信頼できる介入判定ができません。追加データ収集または手動レビューが必要です。,2026-06-03T12:47:30
LAPTOP-1KS1Q32S_T14s,NORMAL_OR_RESPONDING,ACTION_NONE,high,,59.0,17.5,"flat_tail=30.9d, fcc_changes=31, tail_cyc=12.0, tail_ok[90/80/85]=0/0/0 -> FCC still updating / not a no-low-change candidate",30.9,31,12.0,0,0,0,,,0.4929,5.0,100.0,95.0,569.8,QUALITY_OK,ThinkPad T14s Gen 3,SMP,LNV-5B10W51875,,2026-06-03T12:47:30
LAPTOP-1M50QFPI_GM,REVIEW_INSUFFICIENT_DATA,ACTION_COLLECT_MORE_DATA_OR_MANUAL_REVIEW,review,,62.8,7.8,"obs_days=92.6, n_samples=551, quality=QUALITY_SHORT_OBS -> insufficient/uncertain data",16.6,4,0.0,0,0,0,,,0.5691,85.0,100.0,15.0,92.59,QUALITY_SHORT_OBS,ThinkPad X1 2-in-1 Gen 9,BYD,5B11H56386,観測期間・サンプル数・カウンタ整合性のいずれかが不足しており、信頼できる介入判定ができません。追加データ収集または手動レビューが必要です。,2026-06-03T12:47:30
LAPTOP-1MK05N4P_hwpa,REVIEW_INSUFFICIENT_DATA,ACTION_COLLECT_MORE_DATA_OR_MANUAL_REVIEW,review,,65.1,5.5,"obs_days=26.9, n_samples=413, quality=QUALITY_SHORT_OBS -> insufficient/uncertain data",3.1,5,0.0,0,0,0,,,0.9774,72.0,100.0,28.0,26.87,QUALITY_SHORT_OBS,ThinkPad X1 Carbon Gen 12,SMP,5B11H56383,観測期間・サンプル数・カウンタ整合性のいずれかが不足しており、信頼できる介入判定ができません。追加データ収集または手動レビューが必要です。,2026-06-03T12:47:30
LAPTOP-1QC1JCNE_CPC-Tester12,REVIEW_INSUFFICIENT_DATA,ACTION_COLLECT_MORE_DATA_OR_MANUAL_REVIEW,review,,65.0,5.7,"obs_days=83.4, n_samples=1165, quality=QUALITY_SHORT_OBS -> insufficient/uncertain data",4.3,25,0.0,0,0,0,,,0.9632,77.0,100.0,23.0,83.41,QUALITY_SHORT_OBS,ThinkPad X1 Carbon Gen 12,SMP,5B11H56383,観測期間・サンプル数・カウンタ整合性のいずれかが不足しており、信頼できる介入判定ができません。追加データ収集または手動レビューが必要です。,2026-06-03T12:47:30
LAPTOP-25UDU5UN_jestroff,NORMAL_OR_RESPONDING,ACTION_NONE,high,,66.8,10.6,"flat_tail=3.6d, fcc_changes=59, tail_cyc=0.0, tail_ok[90/80/85]=0/0/0 -> FCC still updating / not a no-low-change candidate",3.6,59,0.0,0,0,0,,,0.8086,48.0,100.0,52.0,198.96,QUALITY_OK,ThinkPad X1 Carbon Gen 13,Celxpert,5B11M90098,,2026-06-03T12:47:30
LAPTOP-2D6R853Q_jnunez5,REVIEW_INSUFFICIENT_DATA,ACTION_COLLECT_MORE_DATA_OR_MANUAL_REVIEW,review,,65.3,6.2,"obs_days=28.1, n_samples=343, quality=QUALITY_SHORT_OBS -> insufficient/uncertain data",6.9,5,0.0,0,0,0,,,0.9552,93.0,100.0,7.0,28.1,QUALITY_SHORT_OBS,ThinkPad X13 Gen 7,Sunwoda,5B11M90142,観測期間・サンプル数・カウンタ整合性のいずれかが不足しており、信頼できる介入判定ができません。追加データ収集または手動レビューが必要です。,2026-06-03T12:47:30
LAPTOP-2OC97423_Administrator,REVIEW_INSUFFICIENT_DATA,ACTION_COLLECT_MORE_DATA_OR_MANUAL_REVIEW,review,,65.5,5.9,"obs_days=5.2, n_samples=929, quality=QUALITY_SHORT_OBS -> insufficient/uncertain data",5.2,0,0.0,0,0,0,,,0.9808,63.0,100.0,37.0,5.18,QUALITY_SHORT_OBS,ThinkPad X1 2-in-1 Gen 10,SMP,5B11M90097,観測期間・サンプル数・カウンタ整合性のいずれかが不足しており、信頼できる介入判定ができません。追加データ収集または手動レビューが必要です。,2026-06-03T12:47:30
LAPTOP-2RQJAUEN_nyama,NORMAL_OR_RESPONDING,ACTION_NONE,high,,70.8,12.7,"flat_tail=16.0d, fcc_changes=6, tail_cyc=0.0, tail_ok[90/80/85]=0/0/0 -> FCC still updating / not a no-low-change candidate",16.0,6,0.0,0,0,0,,,0.9053,89.0,100.0,11.0,128.04,QUALITY_OK,ThinkPad X1 Carbon Gen 13,Sunwoda,5B11M90099,,2026-06-03T12:47:30
LAPTOP-38PBJKV3_Dan,NORMAL_OR_RESPONDING,ACTION_NONE,high,,69.2,10.3,"flat_tail=1.9d, fcc_changes=115, tail_cyc=0.0, tail_ok[90/80/85]=0/0/0 -> FCC still updating / not a no-low-change candidate",1.9,115,0.0,0,0,0,,,0.9419,32.0,80.0,48.0,1107.04,QUALITY_OK,ThinkPad P1 Gen 6,Sunwoda,5B11K07737,,2026-06-03T12:47:30
LAPTOP-3GSNHJDB_GM3,NORMAL_OR_RESPONDING,ACTION_NONE,high,,70.5,10.5,"flat_tail=2.8d, fcc_changes=7, tail_cyc=0.0, tail_ok[90/80/85]=0/0/0 -> FCC still updating / not a no-low-change candidate",2.8,7,0.0,0,0,0,,,1.0,89.0,100.0,11.0,123.41,QUALITY_OK,ThinkPad P14s Gen 5,Sunwoda,5B11H56402,,2026-06-03T12:47:30
LAPTOP-49PO0SU0_ssugimoto2,NORMAL_OR_RESPONDING,ACTION_NONE,high,,76.3,19.3,"flat_tail=56.0d, fcc_changes=13, tail_cyc=0.0, tail_ok[90/80/85]=0/0/0 -> FCC still updating / not a no-low-change candidate",56.0,13,0.0,0,0,0,,,0.8499,75.0,100.0,25.0,207.97,QUALITY_OK,ThinkPad P1 Gen 8,Sunwoda,5B11M37553,,2026-06-03T12:47:30
LAPTOP-4K9G9BRE_TM1,REVIEW_INSUFFICIENT_DATA,ACTION_COLLECT_MORE_DATA_OR_MANUAL_REVIEW,review,,61.5,8.7,"obs_days=72.2, n_samples=20715, quality=QUALITY_SHORT_OBS -> insufficient/uncertain data",21.9,14,0.0,0,0,0,,,0.6434,0.0,100.0,100.0,72.17,QUALITY_SHORT_OBS,ThinkPad X1 2-in-1 Gen 9,BYD,5B11H56386,観測期間・サンプル数・カウンタ整合性のいずれかが不足しており、信頼できる介入判定ができません。追加データ収集または手動レビューが必要です。,2026-06-03T12:47:30
LAPTOP-5U1GRQST_AN1484GM11,REVIEW_INSUFFICIENT_DATA,ACTION_COLLECT_MORE_DATA_OR_MANUAL_REVIEW,review,,70.4,11.5,"obs_days=118.9, n_samples=1607, quality=QUALITY_SHORT_OBS -> insufficient/uncertain data",38.9,5,0.0,0,0,0,,,0.9454,70.0,100.0,30.0,118.89,QUALITY_SHORT_OBS,ThinkPad X1 2-in-1 Gen 11,SMP,5B11M90163,観測期間・サンプル数・カウンタ整合性のいずれかが不足しており、信頼できる介入判定ができません。追加データ収集または手動レビューが必要です。,2026-06-03T12:47:30
LAPTOP-6HHN380C_QuFei_Ou,REVIEW_INSUFFICIENT_DATA,ACTION_COLLECT_MORE_DATA_OR_MANUAL_REVIEW,review,,52.8,5.8,"obs_days=27.9, n_samples=551, quality=QUALITY_SHORT_OBS -> insufficient/uncertain data",5.1,18,0.0,0,0,0,,,0.3481,55.0,100.0,45.0,27.86,QUALITY_SHORT_OBS,ThinkPad X1 Carbon Gen 13,Celxpert,5B11M90098,観測期間・サンプル数・カウンタ整合性のいずれかが不足しており、信頼できる介入判定ができません。追加データ収集または手動レビューが必要です。,2026-06-03T12:47:30
LAPTOP-72AKT2DB_1,REVIEW_INSUFFICIENT_DATA,ACTION_COLLECT_MORE_DATA_OR_MANUAL_REVIEW,review,,57.0,5.7,"obs_days=70.6, n_samples=888, quality=QUALITY_SHORT_OBS -> insufficient/uncertain data",4.0,36,0.0,0,0,0,,,0.2411,74.0,100.0,26.0,70.58,QUALITY_SHORT_OBS,ThinkPad X1 Carbon Gen 14,SMP,5B11M90163,観測期間・サンプル数・カウンタ整合性のいずれかが不足しており、信頼できる介入判定ができません。追加データ収集または手動レビューが必要です。,2026-06-03T12:47:30
LAPTOP-77S3EOA5_Mao_Nakabauashi,NORMAL_OR_RESPONDING,ACTION_NONE,high,,68.9,11.0,"flat_tail=6.0d, fcc_changes=33, tail_cyc=0.0, tail_ok[90/80/85]=0/0/0 -> FCC still updating / not a no-low-change candidate",6.0,33,0.0,0,0,0,,,0.8954,65.0,100.0,35.0,154.2,QUALITY_OK,ThinkPad X1 Carbon Gen 14,Sunwoda,5B11M90160,,2026-06-03T12:47:30
LAPTOP-7CFQ50BM_Carl,NORMAL_OR_RESPONDING,ACTION_NONE,high,,75.0,20.8,"flat_tail=63.3d, fcc_changes=129, tail_cyc=1.0, tail_ok[90/80/85]=0/0/0 -> FCC still updating / not a no-low-change candidate",63.3,129,1.0,0,0,0,,,0.7489,1.0,100.0,99.0,430.12,QUALITY_OK,ThinkPad X1 Carbon Gen 12,SMP,5B11H56383,,2026-06-03T12:47:30
LAPTOP-7HDJI946_MobilePE,REVIEW_INSUFFICIENT_DATA,ACTION_COLLECT_MORE_DATA_OR_MANUAL_REVIEW,review,,53.4,4.0,"obs_days=5.7, n_samples=372, quality=QUALITY_COUNTER_RESET -> insufficient/uncertain data",5.7,0,15.0,0,0,0,,,0.9975,2.0,100.0,98.0,5.7,QUALITY_COUNTER_RESET,ThinkPad X1 Yoga Gen 8,SMP,5B10W13973,観測期間・サンプル数・カウンタ整合性のいずれかが不足しており、信頼できる介入判定ができません。追加データ収集または手動レビューが必要です。,2026-06-03T12:47:30
LAPTOP-869LCUOI_panjun1,REVIEW_INSUFFICIENT_DATA,ACTION_COLLECT_MORE_DATA_OR_MANUAL_REVIEW,review,,48.2,5.1,"obs_days=50.8, n_samples=432, quality=QUALITY_SHORT_OBS -> insufficient/uncertain data",0.6,37,0.0,0,0,0,,,0.1531,25.0,83.0,58.0,50.84,QUALITY_SHORT_OBS,ThinkPad X1 Nano Gen 3,SMP,5B11F28680,観測期間・サンプル数・カウンタ整合性のいずれかが不足しており、信頼できる介入判定ができません。追加データ収集または手動レビューが必要です。,2026-06-03T12:47:30
LAPTOP-88BMF4J6_Mersey,REVIEW_INSUFFICIENT_DATA,ACTION_COLLECT_MORE_DATA_OR_MANUAL_REVIEW,review,,51.5,1.2,"obs_days=183.1, n_samples=2153, quality=QUALITY_COUNTER_RESET -> insufficient/uncertain data",7.2,33,0.0,0,0,0,,,0.513,66.0,100.0,34.0,183.05,QUALITY_COUNTER_RESET,ThinkPad,BYD,5B11H56386,観測期間・サンプル数・カウンタ整合性のいずれかが不足しており、信頼できる介入判定ができません。追加データ収集または手動レビューが必要です。,2026-06-03T12:47:30
LAPTOP-891HSHPM_p14s,REVIEW_INSUFFICIENT_DATA,ACTION_COLLECT_MORE_DATA_OR_MANUAL_REVIEW,review,,71.5,13.2,"obs_days=49.1, n_samples=526, quality=QUALITY_SHORT_OBS -> insufficient/uncertain data",49.1,0,0.0,0,0,0,,,0.915,64.0,100.0,36.0,49.13,QUALITY_SHORT_OBS,ThinkPad P14s Gen 7 AMD,Celxpert,5B11M90174,観測期間・サンプル数・カウンタ整合性のいずれかが不足しており、信頼できる介入判定ができません。追加データ収集または手動レビューが必要です。,2026-06-03T12:47:30
LAPTOP-8HCCR0QE_PE,REVIEW_INSUFFICIENT_DATA,ACTION_COLLECT_MORE_DATA_OR_MANUAL_REVIEW,review,,72.2,17.2,"obs_days=165.2, n_samples=44009, quality=QUALITY_COUNTER_RESET -> insufficient/uncertain data",103.1,56,0.0,0,0,0,,,0.2777,85.0,100.0,15.0,165.17,QUALITY_COUNTER_RESET,ThinkPad X1 2-in-1 Gen 9,BYD,5B11H56386,観測期間・サンプル数・カウンタ整合性のいずれかが不足しており、信頼できる介入判定ができません。追加データ収集または手動レビューが必要です。,2026-06-03T12:47:30
LAPTOP-8KIMRE5B_cturner,REVIEW_INSUFFICIENT_DATA,ACTION_COLLECT_MORE_DATA_OR_MANUAL_REVIEW,review,,64.3,5.0,"obs_days=75.8, n_samples=780, quality=QUALITY_SHORT_OBS -> insufficient/uncertain data",0.0,22,0.0,0,0,0,,,0.9663,45.0,80.0,35.0,75.85,QUALITY_SHORT_OBS,ThinkPad P14s Gen 5,Sunwoda,5B11H56402,観測期間・サンプル数・カウンタ整合性のいずれかが不足しており、信頼できる介入判定ができません。追加データ収集または手動レビューが必要です。,2026-06-03T12:47:30
LAPTOP-93KHSN6N_hsouma,REVIEW_INSUFFICIENT_DATA,ACTION_COLLECT_MORE_DATA_OR_MANUAL_REVIEW,review,,65.0,6.0,"obs_days=49.0, n_samples=1078, quality=QUALITY_SHORT_OBS -> insufficient/uncertain data",5.7,3,0.0,0,0,0,,,0.8036,97.0,100.0,3.0,48.96,QUALITY_SHORT_OBS,ThinkPad P1 Gen 8,Sunwoda,5B11M37553,観測期間・サンプル数・カウンタ整合性のいずれかが不足しており、信頼できる介入判定ができません。追加データ収集または手動レビューが必要です。,2026-06-03T12:47:30
LAPTOP-97DA2E9K_johnny,NORMAL_OR_RESPONDING,ACTION_NONE,high,,70.0,10.0,"flat_tail=0.0d, fcc_changes=90, tail_cyc=0.0, tail_ok[90/80/85]=0/0/0 -> FCC still updating / not a no-low-change candidate",0.0,90,0.0,0,0,0,,,,97.0,97.0,0.0,272.48,QUALITY_OK,ThinkPad T14s Gen 3,Sunwoda,5B10W51876,,2026-06-03T12:47:30
LAPTOP-9D1AU1OG_Mersey,REVIEW_INSUFFICIENT_DATA,ACTION_COLLECT_MORE_DATA_OR_MANUAL_REVIEW,review,,47.9,0.5,"obs_days=377.3, n_samples=361, quality=QUALITY_COUNTER_RESET -> insufficient/uncertain data",1.7,8,1.0,0,0,0,,,0.4062,48.0,100.0,52.0,377.29,QUALITY_COUNTER_RESET,ThinkPad X1 2-in-1 Gen 9,Celxpert,5B11H56384,観測期間・サンプル数・カウンタ整合性のいずれかが不足しており、信頼できる介入判定ができません。追加データ収集または手動レビューが必要です。,2026-06-03T12:47:30
LAPTOP-9PGJOH9P_tianx,REVIEW_INSUFFICIENT_DATA,ACTION_COLLECT_MORE_DATA_OR_MANUAL_REVIEW,review,,57.7,5.2,"obs_days=16.1, n_samples=285, quality=QUALITY_SHORT_OBS -> insufficient/uncertain data",1.3,10,0.0,0,0,0,,,0.622,74.0,100.0,26.0,16.15,QUALITY_SHORT_OBS,ThinkPad T14s Gen 6,SMP,5B11M90107,観測期間・サンプル数・カウンタ整合性のいずれかが不足しており、信頼できる介入判定ができません。追加データ収集または手動レビューが必要です。,2026-06-03T12:47:30
LAPTOP-A5C39DUF_ssugimoto2,REVIEW_INSUFFICIENT_DATA,ACTION_COLLECT_MORE_DATA_OR_MANUAL_REVIEW,review,,63.9,8.2,"obs_days=41.9, n_samples=249, quality=QUALITY_SHORT_OBS -> insufficient/uncertain data",19.5,2,0.0,0,0,0,,,0.7815,42.0,100.0,58.0,41.89,QUALITY_SHORT_OBS,ThinkPad P1 Gen 9,COSMX,5B11M90164,観測期間・サンプル数・カウンタ整合性のいずれかが不足しており、信頼できる介入判定ができません。追加データ収集または手動レビューが必要です。,2026-06-03T12:47:30
LAPTOP-A68FDH6Q_amcclarnon,NORMAL_OR_RESPONDING,ACTION_NONE,high,,75.5,15.8,"flat_tail=34.9d, fcc_changes=11, tail_cyc=0.0, tail_ok[90/80/85]=0/0/0 -> FCC still updating / not a no-low-change candidate",34.9,11,0.0,0,0,0,,,0.9825,67.0,100.0,33.0,195.82,QUALITY_OK,ThinkPad X1 Carbon Gen 13,Celxpert,5B11M90098,,2026-06-03T12:47:30
LAPTOP-A86VO230_PQM,REVIEW_INSUFFICIENT_DATA,ACTION_COLLECT_MORE_DATA_OR_MANUAL_REVIEW,review,,47.6,7.4,"obs_days=62.8, n_samples=649, quality=QUALITY_SHORT_OBS -> insufficient/uncertain data",13.1,16,1.0,0,0,0,,,0.0472,6.0,100.0,94.0,62.78,QUALITY_SHORT_OBS,ThinkPad X1 2-in-1 Gen 9,SMP,5B11H56383,観測期間・サンプル数・カウンタ整合性のいずれかが不足しており、信頼できる介入判定ができません。追加データ収集または手動レビューが必要です。,2026-06-03T12:47:30
LAPTOP-A9PSKJU9_panjun1,NORMAL_OR_RESPONDING,ACTION_NONE,high,,58.4,10.0,"flat_tail=0.2d, fcc_changes=134, tail_cyc=0.0, tail_ok[90/80/85]=0/0/0 -> FCC still updating / not a no-low-change candidate",0.2,134,0.0,0,0,0,,,0.4175,39.0,100.0,61.0,161.24,QUALITY_OK,ThinkPad X1 Carbon Gen 14,COSMX,5B11M90162,,2026-06-03T12:47:30
LAPTOP-A9RJIBMS_kurada,REVIEW_INSUFFICIENT_DATA,ACTION_COLLECT_MORE_DATA_OR_MANUAL_REVIEW,review,,66.9,7.3,"obs_days=43.0, n_samples=554, quality=QUALITY_SHORT_OBS -> insufficient/uncertain data",14.1,1,0.0,0,0,0,,,0.9788,88.0,100.0,12.0,43.0,QUALITY_SHORT_OBS,ThinkPad P1 Gen 8,Sunwoda,5B11M37553,観測期間・サンプル数・カウンタ整合性のいずれかが不足しており、信頼できる介入判定ができません。追加データ収集または手動レビューが必要です。,2026-06-03T12:47:30
LAPTOP-ADS95E8B_TM2,REVIEW_INSUFFICIENT_DATA,ACTION_COLLECT_MORE_DATA_OR_MANUAL_REVIEW,review,,60.0,0.0,"obs_days=2306.4, n_samples=664, quality=QUALITY_COUNTER_RESET -> insufficient/uncertain data",0.0,11,0.0,0,0,0,,,1.0,100.0,100.0,0.0,2306.45,QUALITY_COUNTER_RESET,ThinkPad X1 Carbon Gen 13,SMP,5B11M90097,観測期間・サンプル数・カウンタ整合性のいずれかが不足しており、信頼できる介入判定ができません。追加データ収集または手動レビューが必要です。,2026-06-03T12:47:30
LAPTOP-APU7HF6F_Administrator,REVIEW_INSUFFICIENT_DATA,ACTION_COLLECT_MORE_DATA_OR_MANUAL_REVIEW,review,,65.6,5.6,"obs_days=117.9, n_samples=196, quality=QUALITY_SPARSE -> insufficient/uncertain data",3.5,2,0.0,0,0,0,,,1.0,93.0,100.0,7.0,117.88,QUALITY_SPARSE,ThinkPad X1 Carbon Gen 12,Celxpert,5B11H56384,観測期間・サンプル数・カウンタ整合性のいずれかが不足しており、信頼できる介入判定ができません。追加データ収集または手動レビューが必要です。,2026-06-03T12:47:30
LAPTOP-APU7HF6F_Carl_Pan,NORMAL_OR_RESPONDING,ACTION_NONE,high,,70.0,10.0,"flat_tail=0.0d, fcc_changes=156, tail_cyc=0.0, tail_ok[90/80/85]=0/0/0 -> FCC still updating / not a no-low-change candidate",0.0,156,0.0,0,0,0,,,1.0,93.0,93.0,0.0,367.03,QUALITY_OK,ThinkPad X1 Carbon Gen 12,Celxpert,5B11H56384,,2026-06-03T12:47:30
LAPTOP-ARLD326G_X1CG14,REVIEW_INSUFFICIENT_DATA,ACTION_COLLECT_MORE_DATA_OR_MANUAL_REVIEW,review,,64.9,6.4,"obs_days=72.7, n_samples=1075, quality=QUALITY_SHORT_OBS -> insufficient/uncertain data",8.4,3,0.0,0,0,0,,,0.9245,68.0,100.0,32.0,72.73,QUALITY_SHORT_OBS,ThinkPad X1 Carbon Gen 14,COSMX,5B11M90162,観測期間・サンプル数・カウンタ整合性のいずれかが不足しており、信頼できる介入判定ができません。追加データ収集または手動レビューが必要です。,2026-06-03T12:47:30
LAPTOP-B21SDAHL_Nile,REVIEW_INSUFFICIENT_DATA,ACTION_COLLECT_MORE_DATA_OR_MANUAL_REVIEW,review,,44.4,0.8,"obs_days=29.1, n_samples=399, quality=QUALITY_COUNTER_RESET -> insufficient/uncertain data",4.7,24,0.0,0,0,0,,,0.1806,2.0,100.0,98.0,29.09,QUALITY_COUNTER_RESET,ThinkPad X1 2-in-1 Gen 11,SMP,5B11M90163,観測期間・サンプル数・カウンタ整合性のいずれかが不足しており、信頼できる介入判定ができません。追加データ収集または手動レビューが必要です。,2026-06-03T12:47:30
LAPTOP-BD8L6116_Think,REVIEW_INSUFFICIENT_DATA,ACTION_COLLECT_MORE_DATA_OR_MANUAL_REVIEW,review,,58.5,6.7,"obs_days=49.7, n_samples=469, quality=QUALITY_SHORT_OBS -> insufficient/uncertain data",8.0,7,2.0,0,0,0,,,0.66,6.0,100.0,94.0,49.72,QUALITY_SHORT_OBS,ThinkPad X13 Gen 5,SMP,5B11M90048,観測期間・サンプル数・カウンタ整合性のいずれかが不足しており、信頼できる介入判定ができません。追加データ収集または手動レビューが必要です。,2026-06-03T12:47:30
LAPTOP-C1EEVLRC_86138,REVIEW_INSUFFICIENT_DATA,ACTION_COLLECT_MORE_DATA_OR_MANUAL_REVIEW,review,,54.5,5.2,"obs_days=57.1, n_samples=718, quality=QUALITY_SHORT_OBS -> insufficient/uncertain data",1.2,33,0.0,0,0,0,,,0.4649,21.0,100.0,79.0,57.12,QUALITY_SHORT_OBS,ThinkPad X1 Carbon Gen 12,Celxpert,5B11H56384,観測期間・サンプル数・カウンタ整合性のいずれかが不足しており、信頼できる介入判定ができません。追加データ収集または手動レビューが必要です。,2026-06-03T12:47:30
LAPTOP-C2TA9AP9_Thames-2_LNL_BE_SIT,NORMAL_OR_RESPONDING,ACTION_NONE,high,,52.9,8.3,"flat_tail=20.0d, fcc_changes=7, tail_cyc=0.0, tail_ok[90/80/85]=0/0/0 -> FCC still updating / not a no-low-change candidate",20.0,7,0.0,0,0,0,,,0.2263,42.0,100.0,58.0,148.14,QUALITY_SPARSE,ThinkPad X1 Carbon Gen 13,BYD,5B11M90100,,2026-06-03T12:47:30
LAPTOP-CIKD46CF_Zeus2,NORMAL_OR_RESPONDING,ACTION_NONE,high,,67.3,10.0,"flat_tail=0.1d, fcc_changes=15, tail_cyc=0.0, tail_ok[90/80/85]=0/0/0 -> FCC still updating / not a no-low-change candidate",0.1,15,0.0,0,0,0,,,0.1279,92.0,100.0,8.0,274.22,QUALITY_OK,ThinkPad X1 Nano Gen 2,SMP,5B11F28680,,2026-06-03T12:47:30
LAPTOP-CJP1C30S_TM2,REVIEW_INSUFFICIENT_DATA,ACTION_COLLECT_MORE_DATA_OR_MANUAL_REVIEW,review,,61.8,15.4,"obs_days=90.9, n_samples=1725, quality=QUALITY_SHORT_OBS -> insufficient/uncertain data",60.0,3,2.0,0,0,0,,,0.3921,9.0,100.0,91.0,90.9,QUALITY_SHORT_OBS,ThinkPad X1 Carbon Gen 13,SMP,5B11M90097,観測期間・サンプル数・カウンタ整合性のいずれかが不足しており、信頼できる介入判定ができません。追加データ収集または手動レビューが必要です。,2026-06-03T12:47:30
LAPTOP-CPPVM862_LL,ACTIONABLE_FW_CHECK_OPPORTUNITY_NO_RESPONSE,ACTION_FW_CHECK,medium,LOW_UPDATE_RATE_WITH_OPPORTUNITIES,69.1,76.0,"flat_tail=553.5d, fcc_changes=1, tail_cyc=63.0, tail_ok[90/80/85]=0/1/0, resp72h(rel)=0.000 -> opportunities present but FCC did not respond",553.5,1,63.0,0,1,0,0.0,0.0,0.8289,5.0,100.0,95.0,589.94,QUALITY_OK,ThinkPad X13 Yoga Gen 3,LG,5B11A14635,FCC/SoHが長期間更新されておらず、ログ上は深い放電→再充電の学習機会が複数回確認されています。通常のキャリブレーション機会があったにもかかわらずFCC応答がないため、BIOS/EC/バッテリー関連FWのVersion確認とアップデート有無確認を優先してください。アップデート後、次回の学習機会後72h〜7日間でFCC更新有無を確認してください。,2026-06-03T12:47:30
LAPTOP-CU8DTV76_CamTest,REVIEW_INSUFFICIENT_DATA,ACTION_COLLECT_MORE_DATA_OR_MANUAL_REVIEW,review,,59.8,1.0,"obs_days=14.1, n_samples=396, quality=QUALITY_COUNTER_RESET -> insufficient/uncertain data",6.3,7,0.0,0,0,0,,,0.9394,77.0,100.0,23.0,14.08,QUALITY_COUNTER_RESET,ThinkPad X1 Carbon Gen 13,BYD,5B11M90100,観測期間・サンプル数・カウンタ整合性のいずれかが不足しており、信頼できる介入判定ができません。追加データ収集または手動レビューが必要です。,2026-06-03T12:47:30
LAPTOP-D986V7T9_EAASIT1.12,NORMAL_OR_RESPONDING,ACTION_NONE,high,,66.5,11.3,"flat_tail=8.1d, fcc_changes=7, tail_cyc=0.0, tail_ok[90/80/85]=0/0/0 -> FCC still updating / not a no-low-change candidate",8.1,7,0.0,0,0,0,,,0.7572,52.0,100.0,48.0,182.7,QUALITY_OK,ThinkPad X1 Carbon Gen 12,Sunwoda,5B11H56385,,2026-06-03T12:47:30
LAPTOP-DCOJFCQ0_TM_X1_MTL,REVIEW_INSUFFICIENT_DATA,ACTION_COLLECT_MORE_DATA_OR_MANUAL_REVIEW,review,,58.7,0.5,"obs_days=354.0, n_samples=5968, quality=QUALITY_COUNTER_RESET -> insufficient/uncertain data",2.8,122,0.0,0,0,0,,,0.9109,61.0,100.0,39.0,353.99,QUALITY_COUNTER_RESET,ThinkPad X1 2-in-1 Gen 9,BYD,5B11H56386,観測期間・サンプル数・カウンタ整合性のいずれかが不足しており、信頼できる介入判定ができません。追加データ収集または手動レビューが必要です。,2026-06-03T12:47:30
LAPTOP-DDJ0EVTT_T14s2in1,REVIEW_INSUFFICIENT_DATA,ACTION_COLLECT_MORE_DATA_OR_MANUAL_REVIEW,review,,65.0,5.0,"obs_days=119.1, n_samples=1497, quality=QUALITY_SHORT_OBS -> insufficient/uncertain data",0.0,32,0.0,0,0,0,,,1.0,97.0,100.0,3.0,119.08,QUALITY_SHORT_OBS,ThinkPad T14s 2-in-1 Gen 2,SMP,5B11M90163,観測期間・サンプル数・カウンタ整合性のいずれかが不足しており、信頼できる介入判定ができません。追加データ収集または手動レビューが必要です。,2026-06-03T12:47:30
LAPTOP-E1AAB86F_X1_2-1,NORMAL_OR_RESPONDING,ACTION_NONE,high,,50.0,10.0,"flat_tail=0.1d, fcc_changes=259, tail_cyc=0.0, tail_ok[90/80/85]=0/0/0 -> FCC still updating / not a no-low-change candidate",0.1,259,0.0,0,0,0,,,0.0,29.0,93.0,64.0,395.89,QUALITY_OK,ThinkPad X1 2-in-1 Gen 9,Celxpert,5B11H56384,,2026-06-03T12:47:30
LAPTOP-E1N6C0NF_Nile,REVIEW_INSUFFICIENT_DATA,ACTION_COLLECT_MORE_DATA_OR_MANUAL_REVIEW,review,,65.0,5.0,"obs_days=90.1, n_samples=1395, quality=QUALITY_SHORT_OBS -> insufficient/uncertain data",0.0,3,0.0,0,0,0,,,,99.0,99.0,0.0,90.13,QUALITY_SHORT_OBS,ThinkPad X1 2-in-1 Gen 11,SMP,5B11M90163,観測期間・サンプル数・カウンタ整合性のいずれかが不足しており、信頼できる介入判定ができません。追加データ収集または手動レビューが必要です。,2026-06-03T12:47:30
LAPTOP-ENFNG5MU_1,REVIEW_INSUFFICIENT_DATA,ACTION_COLLECT_MORE_DATA_OR_MANUAL_REVIEW,review,,70.5,10.4,"obs_days=95.8, n_samples=16329, quality=QUALITY_SHORT_OBS -> insufficient/uncertain data",32.7,9,0.0,0,0,0,,,1.0,89.0,100.0,11.0,95.83,QUALITY_SHORT_OBS,ThinkPad X1 Carbon Gen 14,ATL,5B11M90161,観測期間・サンプル数・カウンタ整合性のいずれかが不足しており、信頼できる介入判定ができません。追加データ収集または手動レビューが必要です。,2026-06-03T12:47:30
LAPTOP-EVNV9CFQ_Monica,NORMAL_OR_RESPONDING,ACTION_NONE,high,,66.7,11.0,"flat_tail=6.2d, fcc_changes=15, tail_cyc=0.0, tail_ok[90/80/85]=0/0/0 -> FCC still updating / not a no-low-change candidate",6.2,15,0.0,0,0,0,,,0.7838,75.0,100.0,25.0,132.19,QUALITY_OK,ThinkPad X1 Carbon Gen 13,BYD,5B11M90100,,2026-06-03T12:47:30
LAPTOP-FEFDP1D9_test,NORMAL_OR_RESPONDING,ACTION_NONE,high,,70.4,10.4,"flat_tail=2.6d, fcc_changes=45, tail_cyc=0.0, tail_ok[90/80/85]=0/0/0 -> FCC still updating / not a no-low-change candidate",2.6,45,0.0,0,0,0,,,1.0,38.0,85.0,47.0,146.33,QUALITY_OK,ThinkPad X1 Carbon Gen 14,Sunwoda,5B11M90160,,2026-06-03T12:47:30
LAPTOP-FG0TTKQT_amurugan1,REVIEW_INSUFFICIENT_DATA,ACTION_COLLECT_MORE_DATA_OR_MANUAL_REVIEW,review,,65.0,5.0,"obs_days=97.8, n_samples=2103, quality=QUALITY_SHORT_OBS -> insufficient/uncertain data",0.1,43,0.0,0,0,0,,,1.0,79.0,100.0,21.0,97.83,QUALITY_SHORT_OBS,ThinkPad X1 Carbon Gen 13,Celxpert,5B11M90098,観測期間・サンプル数・カウンタ整合性のいずれかが不足しており、信頼できる介入判定ができません。追加データ収集または手動レビューが必要です。,2026-06-03T12:47:30
LAPTOP-G59PGF6O_Avon,REVIEW_INSUFFICIENT_DATA,ACTION_COLLECT_MORE_DATA_OR_MANUAL_REVIEW,review,,56.8,0.1,"obs_days=92.3, n_samples=947, quality=QUALITY_COUNTER_RESET -> insufficient/uncertain data",0.7,47,0.0,0,0,0,,,0.7065,90.0,100.0,10.0,92.32,QUALITY_COUNTER_RESET,ThinkPad X1 2-in-1 Gen 11,SMP,5B11M90163,観測期間・サンプル数・カウンタ整合性のいずれかが不足しており、信頼できる介入判定ができません。追加データ収集または手動レビューが必要です。,2026-06-03T12:47:30
LAPTOP-GAVGVR9P_panjun1,NORMAL_OR_RESPONDING,ACTION_NONE,high,,56.3,13.7,"flat_tail=22.0d, fcc_changes=211, tail_cyc=0.0, tail_ok[90/80/85]=0/0/0 -> FCC still updating / not a no-low-change candidate",22.0,211,0.0,0,0,0,,,0.1297,1.0,65.0,64.0,333.66,QUALITY_OK,ThinkPad X1 Carbon Gen 13,BYD,5B11M90100,,2026-06-03T12:47:30
LAPTOP-GGLFATQJ_kazuk,NORMAL_OR_RESPONDING,ACTION_NONE,high,,70.8,10.8,"flat_tail=4.8d, fcc_changes=98, tail_cyc=0.0, tail_ok[90/80/85]=0/0/0 -> FCC still updating / not a no-low-change candidate",4.8,98,0.0,0,0,0,,,1.0,100.0,100.0,0.0,247.48,QUALITY_OK,ThinkPad X1 Yoga 3rd,SMP,02DL003,,2026-06-03T12:47:30
LAPTOP-H0IEOCT5_zuyin,NORMAL_OR_RESPONDING,ACTION_NONE,high,,70.1,11.2,"flat_tail=7.1d, fcc_changes=24, tail_cyc=0.0, tail_ok[90/80/85]=0/0/0 -> FCC still updating / not a no-low-change candidate",7.1,24,0.0,0,0,0,,,0.9476,84.0,100.0,16.0,233.7,QUALITY_OK,ThinkPad P1 Gen 7,Sunwoda,5B11M37553,,2026-06-03T12:47:30
LAPTOP-H11NV2VL_hwpa,NORMAL_OR_RESPONDING,ACTION_NONE,high,,55.8,14.3,"flat_tail=20.9d, fcc_changes=4, tail_cyc=4.0, tail_ok[90/80/85]=0/0/0 -> FCC still updating / not a no-low-change candidate",20.9,4,4.0,0,0,0,,,0.2171,12.0,100.0,88.0,153.05,QUALITY_OK,ThinkPad Z13 Gen 2,SMP,5B11M90082,,2026-06-03T12:47:30
LAPTOP-H1CK928J_rreaves,NORMAL_OR_RESPONDING,ACTION_NONE,high,,66.3,10.1,"flat_tail=0.4d, fcc_changes=8, tail_cyc=0.0, tail_ok[90/80/85]=0/0/0 -> FCC still updating / not a no-low-change candidate",0.4,8,0.0,0,0,0,,,0.812,79.0,100.0,21.0,566.52,QUALITY_OK,ThinkPad X1 Fold 16 Gen 1,SMP,5B10W51897,,2026-06-03T12:47:30
LAPTOP-HR5L43FU_Avon1,REVIEW_INSUFFICIENT_DATA,ACTION_COLLECT_MORE_DATA_OR_MANUAL_REVIEW,review,,52.6,6.0,"obs_days=2.3, n_samples=16290, quality=QUALITY_SHORT_OBS -> insufficient/uncertain data",2.3,0,3.0,0,0,0,,,0.4334,34.0,100.0,66.0,2.26,QUALITY_SHORT_OBS,ThinkPad X1 Carbon Gen 14,COSMX,5B11M90162,観測期間・サンプル数・カウンタ整合性のいずれかが不足しており、信頼できる介入判定ができません。追加データ収集または手動レビューが必要です。,2026-06-03T12:47:30
LAPTOP-I551TCUQ_Eiger-1,REVIEW_INSUFFICIENT_DATA,ACTION_COLLECT_MORE_DATA_OR_MANUAL_REVIEW,review,,65.0,5.0,"obs_days=63.6, n_samples=442, quality=QUALITY_SHORT_OBS -> insufficient/uncertain data",0.3,11,0.0,0,0,0,,,1.0,100.0,100.0,0.0,63.63,QUALITY_SHORT_OBS,ThinkPad T14s Gen 5,ATL,5B11H56408,観測期間・サンプル数・カウンタ整合性のいずれかが不足しており、信頼できる介入判定ができません。追加データ収集または手動レビューが必要です。,2026-06-03T12:47:30
LAPTOP-IHE4MH4F_mriddle,REVIEW_INSUFFICIENT_DATA,ACTION_COLLECT_MORE_DATA_OR_MANUAL_REVIEW,review,,63.5,5.2,"obs_days=42.0, n_samples=1797, quality=QUALITY_SHORT_OBS -> insufficient/uncertain data",1.2,14,0.0,0,0,0,,,0.9174,74.0,100.0,26.0,41.97,QUALITY_SHORT_OBS,ThinkPad P1 Gen 9,COSMX,5B11M90164,観測期間・サンプル数・カウンタ整合性のいずれかが不足しており、信頼できる介入判定ができません。追加データ収集または手動レビューが必要です。,2026-06-03T12:47:30
LAPTOP-II2JP927_Oak2-SVT-REX-1,NORMAL_OR_RESPONDING,ACTION_NONE,high,,71.7,11.7,"flat_tail=9.9d, fcc_changes=24, tail_cyc=0.0, tail_ok[90/80/85]=0/0/0 -> FCC still updating / not a no-low-change candidate",9.9,24,0.0,0,0,0,,,1.0,78.0,80.0,2.0,254.17,QUALITY_OK,ThinkPad P16v Gen 2,Celxpert,5B11M90093,,2026-06-03T12:47:30
LAPTOP-IJG7MG54_test,REVIEW_INSUFFICIENT_DATA,ACTION_COLLECT_MORE_DATA_OR_MANUAL_REVIEW,review,,65.4,5.5,"obs_days=20.2, n_samples=4423, quality=QUALITY_SHORT_OBS -> insufficient/uncertain data",2.8,3,0.0,0,0,0,,,0.9988,97.0,100.0,3.0,20.23,QUALITY_SHORT_OBS,ThinkPad X1 Carbon Gen 12,Celxpert,5B11H56384,観測期間・サンプル数・カウンタ整合性のいずれかが不足しており、信頼できる介入判定ができません。追加データ収集または手動レビューが必要です。,2026-06-03T12:47:30
LAPTOP-J2HRJNCI_Feng,NORMAL_OR_RESPONDING,ACTION_NONE,high,,66.9,7.3,"flat_tail=13.8d, fcc_changes=29, tail_cyc=0.0, tail_ok[90/80/85]=0/0/0 -> FCC still updating / not a no-low-change candidate",13.8,29,0.0,0,0,0,,,0.9781,60.0,100.0,40.0,655.45,QUALITY_SPARSE,ThinkPad T14p Gen 2,SMP,5B11H56401,,2026-06-03T12:47:30
LAPTOP-J2L4OE0Q_ANakamura,NORMAL_OR_RESPONDING,ACTION_NONE,high,,63.8,10.2,"flat_tail=1.0d, fcc_changes=68, tail_cyc=0.0, tail_ok[90/80/85]=0/0/0 -> FCC still updating / not a no-low-change candidate",1.0,68,0.0,0,0,0,,,0.6465,81.0,100.0,19.0,156.65,QUALITY_OK,ThinkPad X1 Carbon Gen 14,ATL,5B11M90161,,2026-06-03T12:47:30
LAPTOP-J9M9N0H9_X9-14,NORMAL_OR_RESPONDING,ACTION_NONE,high,,59.7,10.2,"flat_tail=0.9d, fcc_changes=18, tail_cyc=0.0, tail_ok[90/80/85]=0/0/0 -> FCC still updating / not a no-low-change candidate",0.9,18,0.0,0,0,0,,,0.4791,57.0,100.0,43.0,143.21,QUALITY_OK,ThinkPad X9-14 Gen 1,BYD,LNV-5B11M90101@,,2026-06-03T12:47:30
LAPTOP-JHPGK11C_NL1SKU6SIT1LR,REVIEW_INSUFFICIENT_DATA,ACTION_COLLECT_MORE_DATA_OR_MANUAL_REVIEW,review,,64.1,6.8,"obs_days=13.9, n_samples=1730, quality=QUALITY_SHORT_OBS -> insufficient/uncertain data",11.0,2,0.0,0,0,0,,,0.8625,2.0,100.0,98.0,13.94,QUALITY_SHORT_OBS,ThinkPad X1 2-in-1 Gen 11,COSMX,5B11M90162,観測期間・サンプル数・カウンタ整合性のいずれかが不足しており、信頼できる介入判定ができません。追加データ収集または手動レビューが必要です。,2026-06-03T12:47:30
LAPTOP-JL4J612V_jnunez5,REVIEW_INSUFFICIENT_DATA,ACTION_COLLECT_MORE_DATA_OR_MANUAL_REVIEW,review,,59.6,6.4,"obs_days=70.3, n_samples=885, quality=QUALITY_SHORT_OBS -> insufficient/uncertain data",7.2,2,1.0,0,0,0,,,0.6952,64.0,100.0,36.0,70.3,QUALITY_SHORT_OBS,ThinkPad X9-15 Gen 1,BYD,L24B4PE2,観測期間・サンプル数・カウンタ整合性のいずれかが不足しており、信頼できる介入判定ができません。追加データ収集または手動レビューが必要です。,2026-06-03T12:47:30
LAPTOP-JLDUH829_11096,REVIEW_INSUFFICIENT_DATA,ACTION_COLLECT_MORE_DATA_OR_MANUAL_REVIEW,review,,60.3,5.2,"obs_days=16.7, n_samples=675, quality=QUALITY_SHORT_OBS -> insufficient/uncertain data",0.9,2,0.0,0,0,0,,,0.7579,64.0,100.0,36.0,16.73,QUALITY_SHORT_OBS,ThinkPad X1 Carbon Gen 13,Celxpert,5B11M90098,観測期間・サンプル数・カウンタ整合性のいずれかが不足しており、信頼できる介入判定ができません。追加データ収集または手動レビューが必要です。,2026-06-03T12:47:30
LAPTOP-K2B03PT9_Mersey2,REVIEW_INSUFFICIENT_DATA,ACTION_COLLECT_MORE_DATA_OR_MANUAL_REVIEW,review,,57.7,7.3,"obs_days=111.2, n_samples=345, quality=QUALITY_SHORT_OBS -> insufficient/uncertain data",14.1,6,0.0,0,0,0,,,0.5167,27.0,100.0,73.0,111.17,QUALITY_SHORT_OBS,ThinkPad X1 2-in-1 Gen 10,Sunwoda,5B11M90099,観測期間・サンプル数・カウンタ整合性のいずれかが不足しており、信頼できる介入判定ができません。追加データ収集または手動レビューが必要です。,2026-06-03T12:47:30
LAPTOP-K2Q4C3UQ_1,NORMAL_OR_RESPONDING,ACTION_NONE,high,,67.9,10.9,"flat_tail=4.3d, fcc_changes=28, tail_cyc=1.0, tail_ok[90/80/85]=0/0/0 -> FCC still updating / not a no-low-change candidate",4.3,28,1.0,0,0,0,,,0.8863,9.0,100.0,91.0,287.28,QUALITY_OK,ThinkPad Z16 Gen 1,SMP,5B10W51887,,2026-06-03T12:47:30
LAPTOP-K5TN4699_ThinkPad,NORMAL_OR_RESPONDING,ACTION_NONE,high,,70.1,11.5,"flat_tail=7.7d, fcc_changes=13, tail_cyc=1.0, tail_ok[90/80/85]=0/0/0 -> FCC still updating / not a no-low-change candidate",7.7,13,1.0,0,0,0,,,0.9671,82.0,100.0,18.0,130.99,QUALITY_OK,ThinkPad X1 Carbon Gen 11,Celxpert,5B11M90057,,2026-06-03T12:47:30
LAPTOP-K8IULGVA_Sun,NORMAL_OR_RESPONDING,ACTION_NONE,high,,64.2,17.4,"flat_tail=37.5d, fcc_changes=11, tail_cyc=6.0, tail_ok[90/80/85]=0/0/0 -> FCC still updating / not a no-low-change candidate",37.5,11,6.0,0,0,0,,,0.5478,5.0,100.0,95.0,380.03,QUALITY_OK,ThinkPad X1 Carbon Gen 10,SMP,5B10W13973,,2026-06-03T12:47:30
LAPTOP-K9NORC70_SIT,NORMAL_OR_RESPONDING,ACTION_NONE,high,,70.0,10.0,"flat_tail=0.0d, fcc_changes=11, tail_cyc=0.0, tail_ok[90/80/85]=0/0/0 -> FCC still updating / not a no-low-change candidate",0.0,11,0.0,0,0,0,,,1.0,100.0,100.0,0.0,169.22,QUALITY_OK,ThinkPad X9-14 Gen 1,Sunwoda,LNV-5B11M90102,,2026-06-03T12:47:30
LAPTOP-KQTSA7PM_1,REVIEW_INSUFFICIENT_DATA,ACTION_COLLECT_MORE_DATA_OR_MANUAL_REVIEW,review,,59.7,0.0,"obs_days=97.7, n_samples=1751, quality=QUALITY_COUNTER_RESET -> insufficient/uncertain data",0.1,48,0.0,0,0,0,,,0.5298,99.0,100.0,1.0,97.74,QUALITY_COUNTER_RESET,ThinkPad X1 Carbon Gen 12,SMP,5B11H56383,観測期間・サンプル数・カウンタ整合性のいずれかが不足しており、信頼できる介入判定ができません。追加データ収集または手動レビューが必要です。,2026-06-03T12:47:30
LAPTOP-LM31Q23F_NL1SKU6LR,REVIEW_INSUFFICIENT_DATA,ACTION_COLLECT_MORE_DATA_OR_MANUAL_REVIEW,review,,64.5,5.7,"obs_days=3.9, n_samples=890, quality=QUALITY_SHORT_OBS -> insufficient/uncertain data",3.9,0,0.0,0,0,0,,,0.9427,87.0,100.0,13.0,3.9,QUALITY_SHORT_OBS,ThinkPad X1 2-in-1 Gen 11,COSMX,5B11M90162,観測期間・サンプル数・カウンタ整合性のいずれかが不足しており、信頼できる介入判定ができません。追加データ収集または手動レビューが必要です。,2026-06-03T12:47:30
LAPTOP-LNBSJHQF_AV1SKU10SIT1p2,REVIEW_INSUFFICIENT_DATA,ACTION_COLLECT_MORE_DATA_OR_MANUAL_REVIEW,review,,74.9,15.7,"obs_days=62.8, n_samples=1495, quality=QUALITY_SHORT_OBS -> insufficient/uncertain data",62.8,0,1.0,0,0,0,,,0.9973,95.0,100.0,5.0,62.76,QUALITY_SHORT_OBS,ThinkPad X1 2-in-1 Gen 11,COSMX,5B11M90162,観測期間・サンプル数・カウンタ整合性のいずれかが不足しており、信頼できる介入判定ができません。追加データ収集または手動レビューが必要です。,2026-06-03T12:47:30
LAPTOP-LVNFDHDN_EAA,NORMAL_OR_RESPONDING,ACTION_NONE,high,,70.0,10.0,"flat_tail=0.1d, fcc_changes=11, tail_cyc=0.0, tail_ok[90/80/85]=0/0/0 -> FCC still updating / not a no-low-change candidate",0.1,11,0.0,0,0,0,,,1.0,100.0,100.0,0.0,148.07,QUALITY_OK,ThinkPad X1 Carbon Gen 13,BYD,5B11M90100,,2026-06-03T12:47:30
LAPTOP-MGP5FI9R_longrun,REVIEW_INSUFFICIENT_DATA,ACTION_COLLECT_MORE_DATA_OR_MANUAL_REVIEW,review,,60.4,0.4,"obs_days=7.6, n_samples=3892, quality=QUALITY_COUNTER_RESET -> insufficient/uncertain data",2.5,4,0.0,0,0,0,,,1.0,75.0,100.0,25.0,7.64,QUALITY_COUNTER_RESET,ThinkPad X1 2-in-1 Gen 11,SMP,5B11M90163,観測期間・サンプル数・カウンタ整合性のいずれかが不足しており、信頼できる介入判定ができません。追加データ収集または手動レビューが必要です。,2026-06-03T12:47:30
LAPTOP-MUEEDSGP_NL1SKU7SIT2LR,REVIEW_INSUFFICIENT_DATA,ACTION_COLLECT_MORE_DATA_OR_MANUAL_REVIEW,review,,65.6,5.6,"obs_days=4.9, n_samples=1361, quality=QUALITY_SHORT_OBS -> insufficient/uncertain data",3.6,3,0.0,0,0,0,,,0.9979,84.0,100.0,16.0,4.9,QUALITY_SHORT_OBS,ThinkPad X1 2-in-1 Gen 11,COSMX,5B11M90162,観測期間・サンプル数・カウンタ整合性のいずれかが不足しており、信頼できる介入判定ができません。追加データ収集または手動レビューが必要です。,2026-06-03T12:47:30
LAPTOP-N0IFBCJM_AV1,REVIEW_INSUFFICIENT_DATA,ACTION_COLLECT_MORE_DATA_OR_MANUAL_REVIEW,review,,55.4,5.4,"obs_days=51.9, n_samples=833, quality=QUALITY_SHORT_OBS -> insufficient/uncertain data",2.6,18,0.0,0,0,0,,,0.5,43.0,75.0,32.0,51.88,QUALITY_SHORT_OBS,ThinkPad X1 Carbon Gen 14,ATL,5B11M90161,観測期間・サンプル数・カウンタ整合性のいずれかが不足しており、信頼できる介入判定ができません。追加データ収集または手動レビューが必要です。,2026-06-03T12:47:30
LAPTOP-N4IHLN0J_MS2,REVIEW_INSUFFICIENT_DATA,ACTION_COLLECT_MORE_DATA_OR_MANUAL_REVIEW,review,,46.3,6.7,"obs_days=27.8, n_samples=290, quality=QUALITY_SHORT_OBS -> insufficient/uncertain data",8.8,1,1.0,0,0,0,,,0.0182,0.0,100.0,100.0,27.8,QUALITY_SHORT_OBS,ThinkPad X1 2-in-1 Gen 10,SMP,5B11M90097,観測期間・サンプル数・カウンタ整合性のいずれかが不足しており、信頼できる介入判定ができません。追加データ収集または手動レビューが必要です。,2026-06-03T12:47:30
LAPTOP-OLNLOES4_SIT21,REVIEW_INSUFFICIENT_DATA,ACTION_COLLECT_MORE_DATA_OR_MANUAL_REVIEW,review,,64.9,5.1,"obs_days=3.7, n_samples=303, quality=QUALITY_SHORT_OBS -> insufficient/uncertain data",0.7,1,0.0,0,0,0,,,0.9913,92.0,100.0,8.0,3.67,QUALITY_SHORT_OBS,ThinkPad X1 Carbon Gen 14,Sunwoda,5B11M90160,観測期間・サンプル数・カウンタ整合性のいずれかが不足しており、信頼できる介入判定ができません。追加データ収集または手動レビューが必要です。,2026-06-03T12:47:30
LAPTOP-OMDL8LQ4_EESIT,NORMAL_OR_RESPONDING,ACTION_NONE,high,,66.6,10.0,"flat_tail=0.1d, fcc_changes=167, tail_cyc=0.0, tail_ok[90/80/85]=0/0/0 -> FCC still updating / not a no-low-change candidate",0.1,167,0.0,0,0,0,,,0.8303,84.0,95.0,11.0,203.03,QUALITY_OK,ThinkPad X1 Carbon Gen 13,BYD,5B11M90100,,2026-06-03T12:47:30
LAPTOP-OTD6NS5M_lnvni,NORMAL_OR_RESPONDING,ACTION_NONE,high,,52.1,11.5,"flat_tail=9.0d, fcc_changes=23, tail_cyc=0.0, tail_ok[90/80/85]=0/0/0 -> FCC still updating / not a no-low-change candidate",9.0,23,0.0,0,0,0,,,0.0303,22.0,100.0,78.0,160.52,QUALITY_OK,ThinkPad X1 Carbon Gen 12,SMP,5B11H56383,,2026-06-03T12:47:30
LAPTOP-OV7Q4J55_PE,REVIEW_INSUFFICIENT_DATA,ACTION_COLLECT_MORE_DATA_OR_MANUAL_REVIEW,review,,65.3,6.0,"obs_days=12.0, n_samples=495, quality=QUALITY_SHORT_OBS -> insufficient/uncertain data",4.6,1,1.0,0,0,0,,,1.0,2.0,100.0,98.0,11.99,QUALITY_SHORT_OBS,ThinkPad X1 Yoga Gen 8,Sunwoda,5B10W13975,観測期間・サンプル数・カウンタ整合性のいずれかが不足しており、信頼できる介入判定ができません。追加データ収集または手動レビューが必要です。,2026-06-03T12:47:30
LAPTOP-P9BQ8OLJ_Neal,NORMAL_OR_RESPONDING,ACTION_NONE,high,,54.6,10.6,"flat_tail=3.5d, fcc_changes=69, tail_cyc=0.0, tail_ok[90/80/85]=0/0/0 -> FCC still updating / not a no-low-change candidate",3.5,69,0.0,0,0,0,,,0.2,45.0,100.0,55.0,288.91,QUALITY_OK,ThinkPad X13 Gen 6,Sunwoda,5B11M90122,,2026-06-03T12:47:30
LAPTOP-Q5JPEGGD_Nate,REVIEW_INSUFFICIENT_DATA,ACTION_COLLECT_MORE_DATA_OR_MANUAL_REVIEW,review,,60.3,5.2,"obs_days=71.0, n_samples=2291, quality=QUALITY_SHORT_OBS -> insufficient/uncertain data",1.0,21,0.0,0,0,0,,,0.7581,31.0,100.0,69.0,70.99,QUALITY_SHORT_OBS,ThinkPad X1 Carbon Gen 14,ATL,5B11M90161,観測期間・サンプル数・カウンタ整合性のいずれかが不足しており、信頼できる介入判定ができません。追加データ収集または手動レビューが必要です。,2026-06-03T12:47:30
LAPTOP-Q6HOEUNN_tyler,NORMAL_OR_RESPONDING,ACTION_NONE,high,,60.8,55.0,"flat_tail=95.0d, fcc_changes=7, tail_cyc=16.0, tail_ok[90/80/85]=0/1/0 -> FCC still updating / not a no-low-change candidate",95.0,7,16.0,0,1,0,0.0,0.0,0.774,6.0,100.0,94.0,420.05,QUALITY_OK,ThinkPad X1 Carbon Gen 11,SMP,5B10W13973,,2026-06-03T12:47:30
LAPTOP-QQKPMET2_longrun,REVIEW_INSUFFICIENT_DATA,ACTION_COLLECT_MORE_DATA_OR_MANUAL_REVIEW,review,,60.5,7.1,"obs_days=65.7, n_samples=244, quality=QUALITY_SHORT_OBS -> insufficient/uncertain data",12.8,18,0.0,0,0,0,,,0.4105,1.0,21.0,20.0,65.73,QUALITY_SHORT_OBS,ThinkPad P1 Gen 9,COSMX,5B11M90164,観測期間・サンプル数・カウンタ整合性のいずれかが不足しており、信頼できる介入判定ができません。追加データ収集または手動レビューが必要です。,2026-06-03T12:47:30
LAPTOP-QQLCC3QB_jl240,WATCH_LOW_UPDATE_RATE_AMBIGUOUS,ACTION_MONITOR_OR_MANUAL_REVIEW,low,,73.4,13.4,"flat_tail=20.5d, fcc_changes=6, tail_cyc=0.0, tail_ok[90/80/85]=0/0/0, resp72h(rel)=NA -> ambiguous low-update",20.5,6,0.0,0,0,0,,,1.0,76.0,80.0,4.0,465.37,QUALITY_OK,ThinkPad X1 Yoga 4th,SMP,02DL005,FCC更新率は低いものの完全凍結ではない/学習機会が少ない/データ品質が中程度のため、FW確認に回す前にモニタリングまたは手動レビューを推奨します。,2026-06-03T12:47:30
LAPTOP-RCQD7R5B_kazuk,REVIEW_INSUFFICIENT_DATA,ACTION_COLLECT_MORE_DATA_OR_MANUAL_REVIEW,review,,60.0,0.0,"obs_days=346.5, n_samples=7250, quality=QUALITY_COUNTER_RESET -> insufficient/uncertain data",0.0,378,0.0,0,0,0,,,1.0,2.0,2.0,0.0,346.52,QUALITY_COUNTER_RESET,ThinkPad X1 Carbon Gen 10,Celxpert,5B10W13974,観測期間・サンプル数・カウンタ整合性のいずれかが不足しており、信頼できる介入判定ができません。追加データ収集または手動レビューが必要です。,2026-06-03T12:47:30
LAPTOP-S8IHCLL8_x1,NORMAL_OR_RESPONDING,ACTION_NONE,high,,69.2,11.3,"flat_tail=8.1d, fcc_changes=49, tail_cyc=0.0, tail_ok[90/80/85]=0/0/0 -> FCC still updating / not a no-low-change candidate",8.1,49,0.0,0,0,0,,,0.8941,46.0,80.0,34.0,494.35,QUALITY_OK,ThinkPad X1 2-in-1 Gen 10,BYD,5B11M90100,,2026-06-03T12:47:30
LAPTOP-SE41CTD4_gaojiangwei,NORMAL_OR_RESPONDING,ACTION_NONE,high,,70.0,10.0,"flat_tail=0.1d, fcc_changes=93, tail_cyc=0.0, tail_ok[90/80/85]=0/0/0 -> FCC still updating / not a no-low-change candidate",0.1,93,0.0,0,0,0,,,1.0,100.0,100.0,0.0,325.07,QUALITY_OK,ThinkPad T14 Gen 2i,Celxpert,5B10W51830,,2026-06-03T12:47:30
LAPTOP-SH0NRR9B_Mesery2,WATCH_LOW_UPDATE_RATE_AMBIGUOUS,ACTION_MONITOR_OR_MANUAL_REVIEW,low,,69.8,10.0,"flat_tail=0.1d, fcc_changes=1, tail_cyc=0.0, tail_ok[90/80/85]=0/0/0, resp72h(rel)=NA -> ambiguous low-update",0.1,1,0.0,0,0,0,,,0.9881,99.0,100.0,1.0,1102.83,QUALITY_OK,ThinkPad X1 2-in-1 Gen 10,Celxpert,5B11M90098,FCC更新率は低いものの完全凍結ではない/学習機会が少ない/データ品質が中程度のため、FW確認に回す前にモニタリングまたは手動レビューを推奨します。,2026-06-03T12:47:30
LAPTOP-SHD3G568_Test,NORMAL_OR_RESPONDING,ACTION_NONE,high,,65.5,10.1,"flat_tail=0.8d, fcc_changes=81, tail_cyc=0.0, tail_ok[90/80/85]=0/0/0 -> FCC still updating / not a no-low-change candidate",0.8,81,0.0,0,0,0,,,0.0,80.0,94.0,14.0,262.4,QUALITY_OK,ThinkPad X9-14 Gen 1,BYD,LNV-5B11M90101,,2026-06-03T12:47:30
LAPTOP-SHOBTFD7_TM1,REVIEW_INSUFFICIENT_DATA,ACTION_COLLECT_MORE_DATA_OR_MANUAL_REVIEW,review,,60.0,0.1,"obs_days=26.6, n_samples=319, quality=QUALITY_COUNTER_RESET -> insufficient/uncertain data",0.6,11,0.0,0,0,0,,,0.9951,92.0,100.0,8.0,26.55,QUALITY_COUNTER_RESET,ThinkPad X1 2-in-1 Gen 9,BYD,5B11H56386,観測期間・サンプル数・カウンタ整合性のいずれかが不足しており、信頼できる介入判定ができません。追加データ収集または手動レビューが必要です。,2026-06-03T12:47:30
LAPTOP-SJCL3CJL_scollins1,ACTIONABLE_FW_CHECK_OPPORTUNITY_NO_RESPONSE,ACTION_FW_CHECK,high,TERMINAL_FREEZE_AFTER_OPPORTUNITIES,65.4,86.0,"flat_tail=741.0d, fcc_changes=1, tail_cyc=40.0, tail_ok[90/80/85]=0/3/0, resp72h(rel)=0.000 -> opportunities present but FCC did not respond",741.0,1,40.0,0,3,0,0.0,0.0,0.9551,0.0,86.0,86.0,840.16,QUALITY_OK,ThinkPad T14s Gen 2a,,,FCC/SoHが長期間更新されておらず、ログ上は深い放電→再充電の学習機会が複数回確認されています。通常のキャリブレーション機会があったにもかかわらずFCC応答がないため、BIOS/EC/バッテリー関連FWのVersion確認とアップデート有無確認を優先してください。アップデート後、次回の学習機会後72h〜7日間でFCC更新有無を確認してください。,2026-06-03T12:47:30
LAPTOP-STAV4QJC_PQM,ACTIONABLE_FW_CHECK_OPPORTUNITY_NO_RESPONSE,ACTION_FW_CHECK,medium,LOW_UPDATE_RATE_WITH_OPPORTUNITIES,62.1,76.0,"flat_tail=297.5d, fcc_changes=0, tail_cyc=120.0, tail_ok[90/80/85]=0/1/1, resp72h(rel)=0.000 -> opportunities present but FCC did not respond",297.5,0,120.0,0,1,1,0.0,0.0,0.4808,1.0,100.0,99.0,297.49,QUALITY_OK,ThinkPad X1 Yoga Gen 8,Sunwoda,5B10W13975,FCC/SoHが長期間更新されておらず、ログ上は深い放電→再充電の学習機会が複数回確認されています。通常のキャリブレーション機会があったにもかかわらずFCC応答がないため、BIOS/EC/バッテリー関連FWのVersion確認とアップデート有無確認を優先してください。アップデート後、次回の学習機会後72h〜7日間でFCC更新有無を確認してください。,2026-06-03T12:47:30
LAPTOP-T2RCOIA2_SVT,NORMAL_OR_RESPONDING,ACTION_NONE,high,,68.1,16.8,"flat_tail=40.8d, fcc_changes=38, tail_cyc=0.0, tail_ok[90/80/85]=0/0/0 -> FCC still updating / not a no-low-change candidate",40.8,38,0.0,0,0,0,,,0.5627,63.0,100.0,37.0,172.81,QUALITY_OK,ThinkPad X1 Carbon Gen 12,Sunwoda,5B11H56385,,2026-06-03T12:47:30
LAPTOP-T4UU1BOP_Nikle,NORMAL_OR_RESPONDING,ACTION_NONE,high,,66.0,10.0,"flat_tail=0.1d, fcc_changes=113, tail_cyc=0.0, tail_ok[90/80/85]=0/0/0 -> FCC still updating / not a no-low-change candidate",0.1,113,0.0,0,0,0,,,0.2034,70.0,82.0,12.0,157.84,QUALITY_OK,ThinkPad X13 Gen 6,Sunwoda,5B11M90122,,2026-06-03T12:47:30
LAPTOP-T83863L5_EigerSIT11,NORMAL_OR_RESPONDING,ACTION_NONE,high,,52.5,10.7,"flat_tail=4.0d, fcc_changes=245, tail_cyc=0.0, tail_ok[90/80/85]=0/0/0 -> FCC still updating / not a no-low-change candidate",4.0,245,0.0,0,0,0,,,0.0912,20.0,100.0,80.0,885.77,QUALITY_OK,ThinkPad,Sunwoda,5B11H56405,,2026-06-03T12:47:30
LAPTOP-TH4417NP_MobilePE,REVIEW_INSUFFICIENT_DATA,ACTION_COLLECT_MORE_DATA_OR_MANUAL_REVIEW,review,,65.0,5.0,"obs_days=7.0, n_samples=507, quality=QUALITY_SHORT_OBS -> insufficient/uncertain data",0.0,1,0.0,0,0,0,,,,100.0,100.0,0.0,7.03,QUALITY_SHORT_OBS,ThinkPad X1 Yoga Gen 8,Sunwoda,5B10W13975,観測期間・サンプル数・カウンタ整合性のいずれかが不足しており、信頼できる介入判定ができません。追加データ収集または手動レビューが必要です。,2026-06-03T12:47:30
LAPTOP-TH5V7J86_CQE_Test,ACTIONABLE_FW_CHECK_OPPORTUNITY_NO_RESPONSE,ACTION_FW_CHECK,high,ZERO_UPDATE_AFTER_OPPORTUNITIES,51.5,96.2,"flat_tail=157.0d, fcc_changes=0, tail_cyc=65.0, tail_ok[90/80/85]=1/8/3, resp72h(rel)=0.000 -> opportunities present but FCC did not respond",157.0,0,65.0,1,8,3,0.0,0.0,0.6437,1.0,100.0,99.0,156.99,QUALITY_OK,ThinkPad X1 Carbon Gen 9,Sunwoda,5B10W13975,FCC/SoHが長期間更新されておらず、ログ上は深い放電→再充電の学習機会が複数回確認されています。通常のキャリブレーション機会があったにもかかわらずFCC応答がないため、BIOS/EC/バッテリー関連FWのVersion確認とアップデート有無確認を優先してください。アップデート後、次回の学習機会後72h〜7日間でFCC更新有無を確認してください。,2026-06-03T12:47:30
LAPTOP-TSQ0GU66_motty,REVIEW_INSUFFICIENT_DATA,ACTION_COLLECT_MORE_DATA_OR_MANUAL_REVIEW,review,,55.3,3.7,"obs_days=291.4, n_samples=1352, quality=QUALITY_COUNTER_RESET -> insufficient/uncertain data",21.0,2,1.0,0,0,0,,,0.6135,12.0,100.0,88.0,291.4,QUALITY_COUNTER_RESET,ThinkPad X1 Fold 16 Gen 1,SMP,5B10W51897,観測期間・サンプル数・カウンタ整合性のいずれかが不足しており、信頼できる介入判定ができません。追加データ収集または手動レビューが必要です。,2026-06-03T12:47:30
LAPTOP-U4336J0U_P14s,NORMAL_OR_RESPONDING,ACTION_NONE,high,,69.3,10.5,"flat_tail=2.8d, fcc_changes=36, tail_cyc=0.0, tail_ok[90/80/85]=0/0/0 -> FCC still updating / not a no-low-change candidate",2.8,36,0.0,0,0,0,,,0.9423,45.0,100.0,55.0,211.16,QUALITY_OK,ThinkPad P14s Gen 6,Sunwoda,5B11M90121,,2026-06-03T12:47:30
LAPTOP-UFSPNVK8_SIT2,REVIEW_INSUFFICIENT_DATA,ACTION_COLLECT_MORE_DATA_OR_MANUAL_REVIEW,review,,63.3,5.0,"obs_days=10.9, n_samples=300, quality=QUALITY_SHORT_OBS -> insufficient/uncertain data",0.0,5,0.0,0,0,0,,,0.4902,53.0,58.0,5.0,10.95,QUALITY_SHORT_OBS,ThinkPad L16 Gen 1,SMP,5B11H56393,観測期間・サンプル数・カウンタ整合性のいずれかが不足しており、信頼できる介入判定ができません。追加データ収集または手動レビューが必要です。,2026-06-03T12:47:30
LAPTOP-UQQQG0S3_ThinkPad,REVIEW_INSUFFICIENT_DATA,ACTION_COLLECT_MORE_DATA_OR_MANUAL_REVIEW,review,,60.5,1.1,"obs_days=240.0, n_samples=6112, quality=QUALITY_COUNTER_RESET -> insufficient/uncertain data",6.4,40,0.0,0,0,0,,,0.9728,50.0,80.0,30.0,240.01,QUALITY_COUNTER_RESET,ThinkPad X1 Carbon Gen 13,Celxpert,5B11M90098,観測期間・サンプル数・カウンタ整合性のいずれかが不足しており、信頼できる介入判定ができません。追加データ収集または手動レビューが必要です。,2026-06-03T12:47:30
LAPTOP-USS5OCA4_Cui_Qi,REVIEW_INSUFFICIENT_DATA,ACTION_COLLECT_MORE_DATA_OR_MANUAL_REVIEW,review,,59.9,5.3,"obs_days=53.9, n_samples=339, quality=QUALITY_SHORT_OBS -> insufficient/uncertain data",2.0,4,0.0,0,0,0,,,0.7304,33.0,100.0,67.0,53.85,QUALITY_SHORT_OBS,ThinkPad X1 Carbon Gen 12,Sunwoda,5B11H56385,観測期間・サンプル数・カウンタ整合性のいずれかが不足しており、信頼できる介入判定ができません。追加データ収集または手動レビューが必要です。,2026-06-03T12:47:30
LAPTOP-UU99D8BO_T14p_CX_SVT,NORMAL_OR_RESPONDING,ACTION_NONE,high,,69.5,10.2,"flat_tail=0.9d, fcc_changes=21, tail_cyc=0.0, tail_ok[90/80/85]=0/0/0 -> FCC still updating / not a no-low-change candidate",0.9,21,0.0,0,0,0,,,0.9671,66.0,100.0,34.0,141.66,QUALITY_OK,ThinkPad T14p Gen 2,Sunwoda,5B11H56402,,2026-06-03T12:47:30
LAPTOP-V1IRQ8I4_1,REVIEW_INSUFFICIENT_DATA,ACTION_COLLECT_MORE_DATA_OR_MANUAL_REVIEW,review,,65.1,5.2,"obs_days=91.9, n_samples=13939, quality=QUALITY_SHORT_OBS -> insufficient/uncertain data",0.9,22,0.0,0,0,0,,,0.9976,92.0,100.0,8.0,91.88,QUALITY_SHORT_OBS,ThinkPad X1 2-in-1 Gen 11,COSMX,5B11M90162,観測期間・サンプル数・カウンタ整合性のいずれかが不足しており、信頼できる介入判定ができません。追加データ収集または手動レビューが必要です。,2026-06-03T12:47:30
LAPTOP-V450TO4P_Rob,NORMAL_OR_RESPONDING,ACTION_NONE,high,,77.4,18.0,"flat_tail=77.8d, fcc_changes=24, tail_cyc=0.0, tail_ok[90/80/85]=0/0/0 -> FCC still updating / not a no-low-change candidate",77.8,24,0.0,0,0,0,,,0.9733,74.0,100.0,26.0,568.07,QUALITY_SPARSE,ThinkPad P1 Gen 7,Celxpert,5B11M37552,,2026-06-03T12:47:30
LAPTOP-V5HIJJIL_Admin,REVIEW_INSUFFICIENT_DATA,ACTION_COLLECT_MORE_DATA_OR_MANUAL_REVIEW,review,,53.2,4.2,"obs_days=644.1, n_samples=15342, quality=QUALITY_COUNTER_RESET -> insufficient/uncertain data",17.0,15,7.0,0,0,0,,,0.6951,31.0,100.0,69.0,644.14,QUALITY_COUNTER_RESET,ThinkPad P1 Gen 6,SMP,5B11K07736,観測期間・サンプル数・カウンタ整合性のいずれかが不足しており、信頼できる介入判定ができません。追加データ収集または手動レビューが必要です。,2026-06-03T12:47:30
LAPTOP-VHFOHP1Q_Neal,NORMAL_OR_RESPONDING,ACTION_NONE,high,,70.0,10.0,"flat_tail=0.0d, fcc_changes=55, tail_cyc=0.0, tail_ok[90/80/85]=0/0/0 -> FCC still updating / not a no-low-change candidate",0.0,55,0.0,0,0,0,,,,100.0,100.0,0.0,290.36,QUALITY_OK,ThinkPad X13 Gen 6,Sunwoda,5B11M90122,,2026-06-03T12:47:30
LAPTOP-VM3TTE0T_Totoro,REVIEW_INSUFFICIENT_DATA,ACTION_COLLECT_MORE_DATA_OR_MANUAL_REVIEW,review,,60.5,0.5,"obs_days=654.0, n_samples=27767, quality=QUALITY_COUNTER_RESET -> insufficient/uncertain data",3.0,87,0.0,0,0,0,,,1.0,100.0,100.0,0.0,654.04,QUALITY_COUNTER_RESET,ThinkPad P15v Gen 2i,Celxpert,5B10W13961,観測期間・サンプル数・カウンタ整合性のいずれかが不足しており、信頼できる介入判定ができません。追加データ収集または手動レビューが必要です。,2026-06-03T12:47:30
LAPTOP-VMR2DHBF_test,REVIEW_INSUFFICIENT_DATA,ACTION_COLLECT_MORE_DATA_OR_MANUAL_REVIEW,review,,46.8,0.3,"obs_days=297.1, n_samples=2666, quality=QUALITY_COUNTER_RESET -> insufficient/uncertain data",1.8,86,0.0,0,0,0,,,0.3256,53.0,100.0,47.0,297.07,QUALITY_COUNTER_RESET,ThinkPad X1 Carbon Gen 13,Sunwoda,5B11M90099,観測期間・サンプル数・カウンタ整合性のいずれかが不足しており、信頼できる介入判定ができません。追加データ収集または手動レビューが必要です。,2026-06-03T12:47:30
LAPTOP-VSQFIELJ_L16HPT,REVIEW_INSUFFICIENT_DATA,ACTION_COLLECT_MORE_DATA_OR_MANUAL_REVIEW,review,,59.8,0.1,"obs_days=325.9, n_samples=5252, quality=QUALITY_COUNTER_RESET -> insufficient/uncertain data",0.5,69,0.0,0,0,0,,,0.0003,1.0,2.0,1.0,325.86,QUALITY_COUNTER_RESET,ThinkPad L16 Gen 2,Sunwoda,5B11M90113,観測期間・サンプル数・カウンタ整合性のいずれかが不足しており、信頼できる介入判定ができません。追加データ収集または手動レビューが必要です。,2026-06-03T12:47:30
LISA_loconnor,NORMAL_OR_RESPONDING,ACTION_NONE,high,,75.7,16.3,"flat_tail=38.0d, fcc_changes=22, tail_cyc=0.0, tail_ok[90/80/85]=0/0/0 -> FCC still updating / not a no-low-change candidate",38.0,22,0.0,0,0,0,,,0.9688,85.0,100.0,15.0,392.66,QUALITY_OK,ThinkPad T14s Gen 6,ATL,5B11M90108,,2026-06-03T12:47:30
LIUFENG7-26Y6JC_liufeng7,WATCH_LOW_UPDATE_RATE_AMBIGUOUS,ACTION_MONITOR_OR_MANUAL_REVIEW,low,,65.2,15.7,"flat_tail=33.1d, fcc_changes=2, tail_cyc=1.0, tail_ok[90/80/85]=0/0/0, resp72h(rel)=NA -> ambiguous low-update",33.1,2,1.0,0,0,0,,,0.511,0.0,93.0,93.0,518.18,QUALITY_OK,ThinkPad X13 Gen 2i,Sunwoda,5B10W51820,FCC更新率は低いものの完全凍結ではない/学習機会が少ない/データ品質が中程度のため、FW確認に回す前にモニタリングまたは手動レビューを推奨します。,2026-06-03T12:47:30
LIUFENG_liufeng7,NORMAL_OR_RESPONDING,ACTION_NONE,high,,66.5,10.2,"flat_tail=1.3d, fcc_changes=132, tail_cyc=0.0, tail_ok[90/80/85]=0/0/0 -> FCC still updating / not a no-low-change candidate",1.3,132,0.0,0,0,0,,,0.6423,89.0,100.0,11.0,525.23,QUALITY_OK,ThinkPad X1 Carbon Gen 12,SMP,5B11H56383,,2026-06-03T12:47:30
LIUHY24-X1C8_Miss_Ling,WATCH_LOW_UPDATE_RATE_AMBIGUOUS,ACTION_MONITOR_OR_MANUAL_REVIEW,low,,73.5,45.0,"flat_tail=686.2d, fcc_changes=1, tail_cyc=58.0, tail_ok[90/80/85]=0/0/0, resp72h(rel)=NA -> ambiguous low-update",686.2,1,58.0,0,0,0,,,0.673,6.0,100.0,94.0,686.28,QUALITY_SPARSE,ThinkPad X1 Carbon Gen 8,LG,5B10W13930,FCC更新率は低いものの完全凍結ではない/学習機会が少ない/データ品質が中程度のため、FW確認に回す前にモニタリングまたは手動レビューを推奨します。,2026-06-03T12:47:30
LIUHY24-X1EGEN4_liuhy24,ACTIONABLE_GAUGE_RESET_NO_OPPORTUNITY,ACTION_GAUGE_RESET,high,NO_OPPORTUNITY_AC_BOUND;NO_OPPORTUNITY_LOW_CYCLING;NO_OPPORTUNITY_SHALLOW_RANGE,94.9,39.2,"flat_tail=168.0d, fcc_changes=3, tail_cyc=6.0, tail_ok[90/80/85]=0/0/0, ac=0.99, min_rsoc=53.0, swing=47.0 -> no learning opportunity in flat tail",168.0,3,6.0,0,0,0,,,0.9933,53.0,100.0,47.0,790.94,QUALITY_OK,ThinkPad X1 Extreme Gen 4i,SMP,5B11B79217,FCC/SoHが長期間更新されていませんが、ログ上は深い放電→再充電の学習機会が不足しています。安全な環境でOEM推奨のバッテリーゲージリセット/キャリブレーションを実施し、その後72h〜7日間のテレメトリでFCC更新有無を確認してください。,2026-06-03T12:47:30
LIXINB-PF5G1XJE_lixinb,NORMAL_OR_RESPONDING,ACTION_NONE,high,,70.2,10.5,"flat_tail=2.8d, fcc_changes=78, tail_cyc=0.0, tail_ok[90/80/85]=0/0/0 -> FCC still updating / not a no-low-change candidate",2.8,78,0.0,0,0,0,,,0.9851,82.0,100.0,18.0,195.83,QUALITY_OK,ThinkPad X1 Carbon Gen 13,BYD,5B11M90100,,2026-06-03T12:47:30
LL_LLL,NORMAL_OR_RESPONDING,ACTION_NONE,high,,68.7,10.1,"flat_tail=0.3d, fcc_changes=55, tail_cyc=0.0, tail_ok[90/80/85]=0/0/0 -> FCC still updating / not a no-low-change candidate",0.3,55,0.0,0,0,0,,,0.9348,90.0,100.0,10.0,258.97,QUALITY_OK,ThinkPad T14p Gen 3,Sunwoda,5B11M90121,,2026-06-03T12:47:30
LOEBACHJ-4SMBAL_X13_2-1,NORMAL_OR_RESPONDING,ACTION_NONE,high,,62.7,10.7,"flat_tail=3.9d, fcc_changes=42, tail_cyc=0.0, tail_ok[90/80/85]=0/0/0 -> FCC still updating / not a no-low-change candidate",3.9,42,0.0,0,0,0,,,0.6023,71.0,100.0,29.0,349.83,QUALITY_OK,ThinkPad X13 2-in-1 Gen 5,BYD,5B11M90051,,2026-06-03T12:47:30
LOEBACHJ-4SMBAL_loebachj,NORMAL_OR_RESPONDING,ACTION_NONE,high,,70.3,11.2,"flat_tail=6.9d, fcc_changes=41, tail_cyc=0.0, tail_ok[90/80/85]=0/0/0 -> FCC still updating / not a no-low-change candidate",6.9,41,0.0,0,0,0,,,0.9573,78.0,100.0,22.0,343.0,QUALITY_OK,ThinkPad X13 2-in-1 Gen 5,BYD,5B11M90051,,2026-06-03T12:47:30
LOEBACHJ-58TDMH_loebachj,NORMAL_OR_RESPONDING,ACTION_NONE,high,,68.7,10.0,"flat_tail=0.1d, fcc_changes=49, tail_cyc=0.0, tail_ok[90/80/85]=0/0/0 -> FCC still updating / not a no-low-change candidate",0.1,49,0.0,0,0,0,,,0.2673,96.0,100.0,4.0,434.0,QUALITY_OK,ThinkPad X1 2-in-1 Gen 10,BYD,5B11M90100,,2026-06-03T12:47:30
LSU4-PF5FS8LS_lsu4,NORMAL_OR_RESPONDING,ACTION_NONE,high,,72.8,13.0,"flat_tail=18.0d, fcc_changes=13, tail_cyc=0.0, tail_ok[90/80/85]=0/0/0 -> FCC still updating / not a no-low-change candidate",18.0,13,0.0,0,0,0,,,0.9886,96.0,100.0,4.0,385.0,QUALITY_OK,ThinkPad X1 Carbon Gen 13,Sunwoda,5B11M90099,,2026-06-03T12:47:30
LWANG5-PW0A203M_lwang5,ACTIONABLE_GAUGE_RESET_NO_OPPORTUNITY,ACTION_GAUGE_RESET,high,NO_OPPORTUNITY_AC_BOUND;NO_OPPORTUNITY_LOW_CYCLING,94.9,40.8,"flat_tail=235.6d, fcc_changes=3, tail_cyc=4.0, tail_ok[90/80/85]=0/0/0, ac=0.84, min_rsoc=2.0, swing=98.0 -> no learning opportunity in flat tail",235.6,3,4.0,0,0,0,,,0.8437,2.0,100.0,98.0,801.38,QUALITY_OK,ThinkPad L13 2-in-1 Gen 5,LG,5B11H56426,FCC/SoHが長期間更新されていませんが、ログ上は深い放電→再充電の学習機会が不足しています。安全な環境でOEM推奨のバッテリーゲージリセット/キャリブレーションを実施し、その後72h〜7日間のテレメトリでFCC更新有無を確認してください。,2026-06-03T12:47:30
LXIAO1-PF3T9L7M_lxiao1,WATCH_LOW_UPDATE_RATE_AMBIGUOUS,ACTION_MONITOR_OR_MANUAL_REVIEW,low,,75.7,50.0,"flat_tail=525.2d, fcc_changes=5, tail_cyc=85.0, tail_ok[90/80/85]=0/0/0, resp72h(rel)=NA -> ambiguous low-update",525.2,5,85.0,0,0,0,,,0.5337,2.0,100.0,98.0,912.15,QUALITY_OK,ThinkPad X1 Carbon Gen 9,SMP,5B10W13973,FCC更新率は低いものの完全凍結ではない/学習機会が少ない/データ品質が中程度のため、FW確認に回す前にモニタリングまたは手動レビューを推奨します。,2026-06-03T12:47:30
M-PA3_Atsus,ACTIONABLE_GAUGE_RESET_NO_OPPORTUNITY,ACTION_GAUGE_RESET,medium,NO_OPPORTUNITY_LOW_CYCLING,76.1,25.6,"flat_tail=93.8d, fcc_changes=2, tail_cyc=0.0, tail_ok[90/80/85]=0/0/0, ac=0.53, min_rsoc=8.0, swing=79.0 -> no learning opportunity in flat tail",93.8,2,0.0,0,0,0,,,0.5253,8.0,87.0,79.0,373.83,QUALITY_OK,ThinkPad X1 Carbon Gen 11,SMP,5B10W13973,FCC/SoHが長期間更新されていませんが、ログ上は深い放電→再充電の学習機会が不足しています。安全な環境でOEM推奨のバッテリーゲージリセット/キャリブレーションを実施し、その後72h〜7日間のテレメトリでFCC更新有無を確認してください。,2026-06-03T12:47:30
MAGSHINE_wangyl,NORMAL_OR_RESPONDING,ACTION_NONE,high,,65.0,18.4,"flat_tail=36.1d, fcc_changes=11, tail_cyc=12.0, tail_ok[90/80/85]=0/0/0 -> FCC still updating / not a no-low-change candidate",36.1,11,12.0,0,0,0,,,0.7507,2.0,100.0,98.0,259.86,QUALITY_OK,ThinkPad Aladdin,BYD,L24B4PE2,,2026-06-03T12:47:30
MAOXY1-PF1H5KSF_maoxy1,NORMAL_OR_RESPONDING,ACTION_NONE,high,,69.5,10.2,"flat_tail=0.1d, fcc_changes=390, tail_cyc=1.0, tail_ok[90/80/85]=0/0/0 -> FCC still updating / not a no-low-change candidate",0.1,390,1.0,0,0,0,,,1.0,5.0,99.0,94.0,841.05,QUALITY_OK,ThinkPad E490,SMP,01AV446,,2026-06-03T12:47:30
MARKUSTH1_theberlein,NORMAL_OR_RESPONDING,ACTION_NONE,high,,65.8,10.2,"flat_tail=1.0d, fcc_changes=54, tail_cyc=0.0, tail_ok[90/80/85]=0/0/0 -> FCC still updating / not a no-low-change candidate",1.0,54,0.0,0,0,0,,,0.766,87.0,100.0,13.0,208.1,QUALITY_OK,ThinkPad X1 Carbon Gen 12,BYD,5B11H56386,,2026-06-03T12:47:30
MARUICHIT-CRC21_MARUICHIT,ACTIONABLE_GAUGE_RESET_NO_OPPORTUNITY,ACTION_GAUGE_RESET,high,NO_OPPORTUNITY_AC_BOUND,81.8,50.0,"flat_tail=617.5d, fcc_changes=2, tail_cyc=53.0, tail_ok[90/80/85]=0/0/0, ac=0.84, min_rsoc=0.0, swing=100.0 -> no learning opportunity in flat tail",617.5,2,53.0,0,0,0,,,0.8397,0.0,100.0,100.0,1195.9,QUALITY_OK,ThinkPad T14s Gen 2a,LG,5B10W13976,FCC/SoHが長期間更新されていませんが、ログ上は深い放電→再充電の学習機会が不足しています。安全な環境でOEM推奨のバッテリーゲージリセット/キャリブレーションを実施し、その後72h〜7日間のテレメトリでFCC更新有無を確認してください。,2026-06-03T12:47:30
MATJONES-56FF1H_MATJONES,REVIEW_INSUFFICIENT_DATA,ACTION_COLLECT_MORE_DATA_OR_MANUAL_REVIEW,review,,60.5,5.2,"obs_days=38.2, n_samples=384, quality=QUALITY_SHORT_OBS -> insufficient/uncertain data",1.1,9,0.0,0,0,0,,,0.7671,68.0,100.0,32.0,38.25,QUALITY_SHORT_OBS,ThinkPad X1 Carbon Gen 13,Celxpert,5B11M90098,観測期間・サンプル数・カウンタ整合性のいずれかが不足しており、信頼できる介入判定ができません。追加データ収集または手動レビューが必要です。,2026-06-03T12:47:30
MATT-T16G1_lietzke,ACTIONABLE_FW_CHECK_OPPORTUNITY_NO_RESPONSE,ACTION_FW_CHECK,medium,LOW_UPDATE_RATE_WITH_OPPORTUNITIES,54.9,91.5,"flat_tail=139.9d, fcc_changes=2, tail_cyc=41.0, tail_ok[90/80/85]=2/4/2, resp72h(rel)=0.000 -> opportunities present but FCC did not respond",139.9,2,41.0,2,4,2,0.0,0.0,0.9012,5.0,100.0,95.0,389.69,QUALITY_OK,ThinkPad T16 Gen 1,,,FCC/SoHが長期間更新されておらず、ログ上は深い放電→再充電の学習機会が複数回確認されています。通常のキャリブレーション機会があったにもかかわらずFCC応答がないため、BIOS/EC/バッテリー関連FWのVersion確認とアップデート有無確認を優先してください。アップデート後、次回の学習機会後72h〜7日間でFCC更新有無を確認してください。,2026-06-03T12:47:30
MBHAVSAR-3R8CWY_mbhavsar,WATCH_LOW_UPDATE_RATE_AMBIGUOUS,ACTION_MONITOR_OR_MANUAL_REVIEW,low,,41.7,87.8,"flat_tail=107.0d, fcc_changes=5, tail_cyc=57.0, tail_ok[90/80/85]=2/11/2, resp72h(rel)=0.000 -> ambiguous low-update",107.0,5,57.0,2,11,2,0.0,0.0,0.6043,1.0,100.0,99.0,723.33,QUALITY_OK,ThinkPad X1 Carbon Gen 10,Celxpert,5B10W13974,FCC更新率は低いものの完全凍結ではない/学習機会が少ない/データ品質が中程度のため、FW確認に回す前にモニタリングまたは手動レビューを推奨します。,2026-06-03T12:47:30
MBHAVSAR-5FSFDE_mbhavsar,REVIEW_INSUFFICIENT_DATA,ACTION_COLLECT_MORE_DATA_OR_MANUAL_REVIEW,review,,65.0,5.0,"obs_days=91.0, n_samples=1540, quality=QUALITY_SHORT_OBS -> insufficient/uncertain data",0.1,73,0.0,0,0,0,,,1.0,82.0,100.0,18.0,91.01,QUALITY_SHORT_OBS,ThinkPad X1 Carbon Gen 13,BYD,5B11M90100,観測期間・サンプル数・カウンタ整合性のいずれかが不足しており、信頼できる介入判定ができません。追加データ収集または手動レビューが必要です。,2026-06-03T12:47:30
MBHAVSAR-GM0WY2_mbhavsar,NORMAL_OR_RESPONDING,ACTION_NONE,high,,59.0,14.0,"flat_tail=24.0d, fcc_changes=24, tail_cyc=0.0, tail_ok[90/80/85]=0/0/0 -> FCC still updating / not a no-low-change candidate",24.0,24,0.0,0,0,0,,,0.206,55.0,100.0,45.0,135.14,QUALITY_OK,ThinkPad T14s Gen 5,Celxpert,5B11H56406,,2026-06-03T12:47:30
MBUT-PF3DMVFZ_mbutt,REVIEW_INSUFFICIENT_DATA,ACTION_COLLECT_MORE_DATA_OR_MANUAL_REVIEW,review,,65.0,5.0,"obs_days=42.0, n_samples=697, quality=QUALITY_SHORT_OBS -> insufficient/uncertain data",0.0,52,0.0,0,0,0,,,1.0,93.0,100.0,7.0,42.0,QUALITY_SHORT_OBS,ThinkPad T14 Gen 6,BYD,5B11H56417,観測期間・サンプル数・カウンタ整合性のいずれかが不足しており、信頼できる介入判定ができません。追加データ収集または手動レビューが必要です。,2026-06-03T12:47:30
MC702142-0275JW_MC702142,NORMAL_OR_RESPONDING,ACTION_NONE,high,,70.0,10.0,"flat_tail=0.0d, fcc_changes=268, tail_cyc=0.0, tail_ok[90/80/85]=0/0/0 -> FCC still updating / not a no-low-change candidate",0.0,268,0.0,0,0,0,,,0.0,6.0,6.0,0.0,890.04,QUALITY_OK,ThinkPad T14s Gen 3,BYD,LNV-5B10W51877,,2026-06-03T12:47:30
MCOCKMAN-09S0ZB_mcockman,NORMAL_OR_RESPONDING,ACTION_NONE,high,,67.1,10.1,"flat_tail=0.6d, fcc_changes=50, tail_cyc=0.0, tail_ok[90/80/85]=0/0/0 -> FCC still updating / not a no-low-change candidate",0.6,50,0.0,0,0,0,,,0.6287,91.0,100.0,9.0,833.15,QUALITY_OK,ThinkPad L14 Gen 5,Sunwoda,5B11H56398,,2026-06-03T12:47:30
MCOONER1-67PP9K_mcooner1,REVIEW_INSUFFICIENT_DATA,ACTION_COLLECT_MORE_DATA_OR_MANUAL_REVIEW,review,,63.3,5.1,"obs_days=12.8, n_samples=351, quality=QUALITY_SHORT_OBS -> insufficient/uncertain data",0.5,4,0.0,0,0,0,,,0.9106,91.0,100.0,9.0,12.81,QUALITY_SHORT_OBS,ThinkPad P16s Gen 5,COSMX,5B11M90179,観測期間・サンプル数・カウンタ整合性のいずれかが不足しており、信頼できる介入判定ができません。追加データ収集または手動レビューが必要です。,2026-06-03T12:47:30
MCROWNOVER-1540_mcrownover,NORMAL_OR_RESPONDING,ACTION_NONE,high,,73.5,14.3,"flat_tail=25.9d, fcc_changes=42, tail_cyc=0.0, tail_ok[90/80/85]=0/0/0 -> FCC still updating / not a no-low-change candidate",25.9,42,0.0,0,0,0,,,0.9608,80.0,100.0,20.0,371.0,QUALITY_OK,ThinkPad P1 Gen 7,Sunwoda,5B11M37553,,2026-06-03T12:47:30
MCROWNOVER-QC11_mcrownover,NORMAL_OR_RESPONDING,ACTION_NONE,high,,71.0,11.3,"flat_tail=7.8d, fcc_changes=62, tail_cyc=0.0, tail_ok[90/80/85]=0/0/0 -> FCC still updating / not a no-low-change candidate",7.8,62,0.0,0,0,0,,,0.9864,90.0,100.0,10.0,265.99,QUALITY_OK,ThinkPad P1 Gen 8,Sunwoda,5B11M37553,,2026-06-03T12:47:30
MCROWNOVER-WLK4_mcrownover,NORMAL_OR_RESPONDING,ACTION_NONE,high,,72.5,13.3,"flat_tail=19.7d, fcc_changes=27, tail_cyc=0.0, tail_ok[90/80/85]=0/0/0 -> FCC still updating / not a no-low-change candidate",19.7,27,0.0,0,0,0,,,0.963,65.0,100.0,35.0,273.35,QUALITY_OK,ThinkPad P16 Gen 2,LG,5B10W51894,,2026-06-03T12:47:30
MD2-SVT-3FCN_xuxru,NORMAL_OR_RESPONDING,ACTION_NONE,high,,53.0,10.3,"flat_tail=0.8d, fcc_changes=26, tail_cyc=1.0, tail_ok[90/80/85]=0/0/0 -> FCC still updating / not a no-low-change candidate",0.8,26,1.0,0,0,0,,,0.1693,2.0,100.0,98.0,200.4,QUALITY_OK,ThinkPad Z16 Gen 2,SMP,5B10W51887,,2026-06-03T12:47:30
MEHLINGER1-QNSG_mehlinger1,REVIEW_INSUFFICIENT_DATA,ACTION_COLLECT_MORE_DATA_OR_MANUAL_REVIEW,review,,65.2,5.2,"obs_days=36.5, n_samples=705, quality=QUALITY_SHORT_OBS -> insufficient/uncertain data",1.3,2,0.0,0,0,0,,,1.0,99.0,100.0,1.0,36.45,QUALITY_SHORT_OBS,ThinkPad X1 Carbon Gen 14,Sunwoda,5B11M90160,観測期間・サンプル数・カウンタ整合性のいずれかが不足しており、信頼できる介入判定ができません。追加データ収集または手動レビューが必要です。,2026-06-03T12:47:30
MERSEY1_Jeffrey_Farringer,NORMAL_OR_RESPONDING,ACTION_NONE,high,,70.0,10.0,"flat_tail=0.0d, fcc_changes=88, tail_cyc=0.0, tail_ok[90/80/85]=0/0/0 -> FCC still updating / not a no-low-change candidate",0.0,88,0.0,0,0,0,,,,77.0,77.0,0.0,275.97,QUALITY_OK,ThinkPad X1 2-in-1 Gen 9,BYD,5B11H56386,,2026-06-03T12:47:30
MERSEY1_SIT,REVIEW_INSUFFICIENT_DATA,ACTION_COLLECT_MORE_DATA_OR_MANUAL_REVIEW,review,,65.0,5.0,"obs_days=36.1, n_samples=854, quality=QUALITY_SHORT_OBS -> insufficient/uncertain data",0.1,9,0.0,0,0,0,,,1.0,31.0,100.0,69.0,36.07,QUALITY_SHORT_OBS,ThinkPad X1 2-in-1 Gen 9,BYD,5B11H56386,観測期間・サンプル数・カウンタ整合性のいずれかが不足しており、信頼できる介入判定ができません。追加データ収集または手動レビューが必要です。,2026-06-03T12:47:30
MERSEY1_SVT,NORMAL_OR_RESPONDING,ACTION_NONE,high,,56.3,14.9,"flat_tail=28.1d, fcc_changes=29, tail_cyc=1.0, tail_ok[90/80/85]=0/0/0 -> FCC still updating / not a no-low-change candidate",28.1,29,1.0,0,0,0,,,0.1071,9.0,99.0,90.0,120.99,QUALITY_OK,ThinkPad X1 2-in-1 Gen 9,SMP,5B11H56383,,2026-06-03T12:47:30
MERSEY2BELNL_jeffreyf1,REVIEW_INSUFFICIENT_DATA,ACTION_COLLECT_MORE_DATA_OR_MANUAL_REVIEW,review,,62.8,5.4,"obs_days=45.4, n_samples=395, quality=QUALITY_SHORT_OBS -> insufficient/uncertain data",2.5,7,0.0,0,0,0,,,0.8365,92.0,100.0,8.0,45.4,QUALITY_SHORT_OBS,ThinkPad X1 2-in-1 Gen 10,SMP,5B11M90097,観測期間・サンプル数・カウンタ整合性のいずれかが不足しており、信頼できる介入判定ができません。追加データ収集または手動レビューが必要です。,2026-06-03T12:47:30
MERSEYPQMBETA_hels,NORMAL_OR_RESPONDING,ACTION_NONE,high,,66.6,13.0,"flat_tail=17.8d, fcc_changes=71, tail_cyc=0.0, tail_ok[90/80/85]=0/0/0 -> FCC still updating / not a no-low-change candidate",17.8,71,0.0,0,0,0,,,0.6825,2.0,100.0,98.0,282.29,QUALITY_OK,ThinkPad X1 2-in-1 Gen 9,Sunwoda,5B11H56385,,2026-06-03T12:47:30
MERSEY_SIT,REVIEW_INSUFFICIENT_DATA,ACTION_COLLECT_MORE_DATA_OR_MANUAL_REVIEW,review,,54.7,0.4,"obs_days=52.0, n_samples=778, quality=QUALITY_COUNTER_RESET -> insufficient/uncertain data",2.1,9,0.0,0,0,0,,,0.7161,80.0,100.0,20.0,51.98,QUALITY_COUNTER_RESET,ThinkPad X1 2-in-1 Gen 9,BYD,5B11H56386,観測期間・サンプル数・カウンタ整合性のいずれかが不足しており、信頼できる介入判定ができません。追加データ収集または手動レビューが必要です。,2026-06-03T12:47:30
MFINK-PF667W8F_mfink,REVIEW_INSUFFICIENT_DATA,ACTION_COLLECT_MORE_DATA_OR_MANUAL_REVIEW,review,,64.7,5.7,"obs_days=40.0, n_samples=1005, quality=QUALITY_SHORT_OBS -> insufficient/uncertain data",4.1,15,0.0,0,0,0,,,0.9517,58.0,100.0,42.0,39.97,QUALITY_SHORT_OBS,ThinkPad X1 2-in-1 Gen 11,Sunwoda,5B11M90160,観測期間・サンプル数・カウンタ整合性のいずれかが不足しており、信頼できる介入判定ができません。追加データ収集または手動レビューが必要です。,2026-06-03T12:47:30
MGOMES3-W0HKDCB_L14,REVIEW_INSUFFICIENT_DATA,ACTION_COLLECT_MORE_DATA_OR_MANUAL_REVIEW,review,,63.2,7.0,"obs_days=85.2, n_samples=1358, quality=QUALITY_SHORT_OBS -> insufficient/uncertain data",12.2,10,0.0,0,0,0,,,0.8096,66.0,100.0,34.0,85.16,QUALITY_SHORT_OBS,ThinkPad L14 Gen 6,SMP,5B11M90112,観測期間・サンプル数・カウンタ整合性のいずれかが不足しており、信頼できる介入判定ができません。追加データ収集または手動レビューが必要です。,2026-06-03T12:47:30
MGOMES3-W0HKDCB_mgomes3,REVIEW_INSUFFICIENT_DATA,ACTION_COLLECT_MORE_DATA_OR_MANUAL_REVIEW,review,,60.5,6.7,"obs_days=83.4, n_samples=1331, quality=QUALITY_SHORT_OBS -> insufficient/uncertain data",10.4,10,0.0,0,0,0,,,0.6895,66.0,100.0,34.0,83.42,QUALITY_SHORT_OBS,ThinkPad L14 Gen 6,SMP,5B11M90112,観測期間・サンプル数・カウンタ整合性のいずれかが不足しており、信頼できる介入判定ができません。追加データ収集または手動レビューが必要です。,2026-06-03T12:47:30
MHAGI-PF3YCK6H_mhagi,ACTIONABLE_FW_CHECK_OPPORTUNITY_NO_RESPONSE,ACTION_FW_CHECK,high,TERMINAL_FREEZE_AFTER_OPPORTUNITIES,57.6,100.0,"flat_tail=589.5d, fcc_changes=3, tail_cyc=253.0, tail_ok[90/80/85]=10/36/15, resp72h(rel)=0.000 -> opportunities present but FCC did not respond",589.5,3,253.0,10,36,15,0.0,0.0,0.8532,1.0,100.0,99.0,708.88,QUALITY_OK,ThinkPad X1 Carbon Gen 10,Sunwoda,5B10W13975,FCC/SoHが長期間更新されておらず、ログ上は深い放電→再充電の学習機会が複数回確認されています。通常のキャリブレーション機会があったにもかかわらずFCC応答がないため、BIOS/EC/バッテリー関連FWのVersion確認とアップデート有無確認を優先してください。アップデート後、次回の学習機会後72h〜7日間でFCC更新有無を確認してください。,2026-06-03T12:47:30
MHALE1-PF55QFC9_mhale1,NORMAL_OR_RESPONDING,ACTION_NONE,high,,70.0,10.0,"flat_tail=0.1d, fcc_changes=71, tail_cyc=0.0, tail_ok[90/80/85]=0/0/0 -> FCC still updating / not a no-low-change candidate",0.1,71,0.0,0,0,0,,,1.0,100.0,100.0,0.0,405.99,QUALITY_OK,ThinkPad T16 Gen 4,SMP,5B11H56412,,2026-06-03T12:47:30
MHALE1-PF5CXE0G_mhale1,REVIEW_INSUFFICIENT_DATA,ACTION_COLLECT_MORE_DATA_OR_MANUAL_REVIEW,review,,65.1,5.1,"obs_days=70.0, n_samples=1310, quality=QUALITY_SHORT_OBS -> insufficient/uncertain data",0.7,6,0.0,0,0,0,,,0.9993,44.0,100.0,56.0,69.98,QUALITY_SHORT_OBS,ThinkPad T16 Gen 4,Celxpert,5B11M90103,観測期間・サンプル数・カウンタ整合性のいずれかが不足しており、信頼できる介入判定ができません。追加データ収集または手動レビューが必要です。,2026-06-03T12:47:30
MHALE1-PF62L9EM_mhale1,REVIEW_INSUFFICIENT_DATA,ACTION_COLLECT_MORE_DATA_OR_MANUAL_REVIEW,review,,64.5,6.9,"obs_days=74.2, n_samples=1220, quality=QUALITY_SHORT_OBS -> insufficient/uncertain data",11.2,7,0.0,0,0,0,,,0.884,78.0,100.0,22.0,74.18,QUALITY_SHORT_OBS,ThinkPad T16 Gen 5,COSMX,5B11M90167,観測期間・サンプル数・カウンタ整合性のいずれかが不足しており、信頼できる介入判定ができません。追加データ収集または手動レビューが必要です。,2026-06-03T12:47:30
MHALE1-PW0A1P1J_mhale1,NORMAL_OR_RESPONDING,ACTION_NONE,high,,69.8,10.1,"flat_tail=0.8d, fcc_changes=62, tail_cyc=0.0, tail_ok[90/80/85]=0/0/0 -> FCC still updating / not a no-low-change candidate",0.8,62,0.0,0,0,0,,,0.9689,97.0,98.0,1.0,315.01,QUALITY_OK,ThinkPad L13 Gen 5,Sunwoda,5B11H56425,,2026-06-03T12:47:30
MHEIDENFELD-CJ1_mheidenfeldt,REVIEW_INSUFFICIENT_DATA,ACTION_COLLECT_MORE_DATA_OR_MANUAL_REVIEW,review,,63.2,20.2,"obs_days=78.3, n_samples=822, quality=QUALITY_SHORT_OBS -> insufficient/uncertain data",78.3,0,11.0,0,0,0,,,0.5342,1.0,94.0,93.0,78.3,QUALITY_SHORT_OBS,ThinkPad T14s Gen 6,SMP,LNV-5B11H56403,観測期間・サンプル数・カウンタ整合性のいずれかが不足しており、信頼できる介入判定ができません。追加データ収集または手動レビューが必要です。,2026-06-03T12:47:30
MHEIDENFELD-XSD_mheidenfeldt,REVIEW_INSUFFICIENT_DATA,ACTION_COLLECT_MORE_DATA_OR_MANUAL_REVIEW,review,,49.1,0.7,"obs_days=413.3, n_samples=3547, quality=QUALITY_COUNTER_RESET -> insufficient/uncertain data",4.4,83,0.0,0,0,0,,,0.414,65.0,100.0,35.0,413.28,QUALITY_COUNTER_RESET,ThinkPad T14s Gen 6,Sunwoda,5B11M90105,観測期間・サンプル数・カウンタ整合性のいずれかが不足しており、信頼できる介入判定ができません。追加データ収集または手動レビューが必要です。,2026-06-03T12:47:30
MIT_mpatel13,NORMAL_OR_RESPONDING,ACTION_NONE,high,,65.2,10.2,"flat_tail=0.9d, fcc_changes=205, tail_cyc=0.0, tail_ok[90/80/85]=0/0/0 -> FCC still updating / not a no-low-change candidate",0.9,205,0.0,0,0,0,,,0.6229,85.0,100.0,15.0,364.0,QUALITY_OK,ThinkPad L16 Gen 2,Sunwoda,5B11M90113,,2026-06-03T12:47:30
MKITAMURA-N0XRP_mkitamura,NORMAL_OR_RESPONDING,ACTION_NONE,high,,67.9,10.3,"flat_tail=0.7d, fcc_changes=861, tail_cyc=1.0, tail_ok[90/80/85]=0/0/0 -> FCC still updating / not a no-low-change candidate",0.7,861,1.0,0,0,0,,,0.9156,49.0,100.0,51.0,432.04,QUALITY_OK,ThinkPad X1 Carbon Gen 9,,,,2026-06-03T12:47:30
MKOZO-PF3W9L3K_mkozo,NORMAL_OR_RESPONDING,ACTION_NONE,high,,69.8,10.1,"flat_tail=0.4d, fcc_changes=430, tail_cyc=0.0, tail_ok[90/80/85]=0/0/0 -> FCC still updating / not a no-low-change candidate",0.4,430,0.0,0,0,0,,,0.9848,95.0,100.0,5.0,1206.36,QUALITY_OK,ThinkPad X1 Carbon Gen 9,Celxpert,5B10W13974,,2026-06-03T12:47:30
MKRYNOCK-67L6RD_mkrynock,REVIEW_INSUFFICIENT_DATA,ACTION_COLLECT_MORE_DATA_OR_MANUAL_REVIEW,review,,55.6,5.5,"obs_days=20.1, n_samples=259, quality=QUALITY_SHORT_OBS -> insufficient/uncertain data",3.0,2,0.0,0,0,0,,,0.5055,55.0,100.0,45.0,20.14,QUALITY_SHORT_OBS,ThinkPad T16 Gen 5,BYD,5B11M90171,観測期間・サンプル数・カウンタ整合性のいずれかが不足しており、信頼できる介入判定ができません。追加データ収集または手動レビューが必要です。,2026-06-03T12:47:30
MMERCHANT-H0CAW_mmerchant,NORMAL_OR_RESPONDING,ACTION_NONE,high,,54.7,10.2,"flat_tail=1.0d, fcc_changes=258, tail_cyc=0.0, tail_ok[90/80/85]=0/0/0 -> FCC still updating / not a no-low-change candidate",1.0,258,0.0,0,0,0,,,0.2289,19.0,86.0,67.0,392.02,QUALITY_OK,ThinkPad T14s Gen 6,Sunwoda,5B11M90105,,2026-06-03T12:47:30
MMISTURIK-CXCF3_mmisturik,REVIEW_INSUFFICIENT_DATA,ACTION_COLLECT_MORE_DATA_OR_MANUAL_REVIEW,review,,60.5,5.2,"obs_days=51.2, n_samples=757, quality=QUALITY_SHORT_OBS -> insufficient/uncertain data",1.1,15,0.0,0,0,0,,,0.7646,77.0,100.0,23.0,51.25,QUALITY_SHORT_OBS,ThinkPad T14s Gen 6,Sunwoda,LNV-5B11H56404,観測期間・サンプル数・カウンタ整合性のいずれかが不足しており、信頼できる介入判定ができません。追加データ収集または手動レビューが必要です。,2026-06-03T12:47:30
MNAKABAYASH-XPZ_mnakabayashi1,WATCH_LOW_UPDATE_RATE_AMBIGUOUS,ACTION_MONITOR_OR_MANUAL_REVIEW,low,,79.5,50.0,"flat_tail=797.1d, fcc_changes=6, tail_cyc=97.0, tail_ok[90/80/85]=0/0/0, resp72h(rel)=NA -> ambiguous low-update",797.1,6,97.0,0,0,0,,,0.7245,1.0,100.0,99.0,1057.93,QUALITY_OK,ThinkPad X1 Carbon Gen 10,SMP,5B11M90056,FCC更新率は低いものの完全凍結ではない/学習機会が少ない/データ品質が中程度のため、FW確認に回す前にモニタリングまたは手動レビューを推奨します。,2026-06-03T12:47:30
MNAKATA1-3Y659D_mnakata1,NORMAL_OR_RESPONDING,ACTION_NONE,high,,75.7,16.2,"flat_tail=37.1d, fcc_changes=181, tail_cyc=0.0, tail_ok[90/80/85]=0/0/0 -> FCC still updating / not a no-low-change candidate",37.1,181,0.0,0,0,0,,,0.9738,4.0,100.0,96.0,1015.36,QUALITY_OK,ThinkPad T14s Gen 3,LG,LNV-5B10W51874,,2026-06-03T12:47:30
MNISHIO1-2DR71T_mnishio1,ACTIONABLE_GAUGE_RESET_NO_OPPORTUNITY,ACTION_GAUGE_RESET,medium,NO_OPPORTUNITY_LOW_CYCLING,83.5,36.0,"flat_tail=497.7d, fcc_changes=16, tail_cyc=5.0, tail_ok[90/80/85]=0/0/0, ac=0.55, min_rsoc=0.0, swing=100.0 -> no learning opportunity in flat tail",497.7,16,5.0,0,0,0,,,0.5494,0.0,100.0,100.0,994.72,QUALITY_SPARSE,ThinkPad T14s Gen 2a,Celxpert,5B10W51815,FCC/SoHが長期間更新されていませんが、ログ上は深い放電→再充電の学習機会が不足しています。安全な環境でOEM推奨のバッテリーゲージリセット/キャリブレーションを実施し、その後72h〜7日間のテレメトリでFCC更新有無を確認してください。,2026-06-03T12:47:30
MNISHIO1-43AFSK_Debug,WATCH_LOW_UPDATE_RATE_AMBIGUOUS,ACTION_MONITOR_OR_MANUAL_REVIEW,low,,44.9,43.9,"flat_tail=29.6d, fcc_changes=8, tail_cyc=15.0, tail_ok[90/80/85]=0/1/0, resp72h(rel)=0.000 -> ambiguous low-update",29.6,8,15.0,0,1,0,0.0,0.0,0.4999,2.0,100.0,98.0,533.69,QUALITY_OK,ThinkPad X1 Carbon Gen 10,SMP,5B10W13973,FCC更新率は低いものの完全凍結ではない/学習機会が少ない/データ品質が中程度のため、FW確認に回す前にモニタリングまたは手動レビューを推奨します。,2026-06-03T12:47:30
MNISHIO1-43AFSK_mnishio1,WATCH_LOW_UPDATE_RATE_AMBIGUOUS,ACTION_MONITOR_OR_MANUAL_REVIEW,low,,74.0,17.5,"flat_tail=41.6d, fcc_changes=9, tail_cyc=3.0, tail_ok[90/80/85]=0/0/0, resp72h(rel)=NA -> ambiguous low-update",41.6,9,3.0,0,0,0,,,0.9292,1.0,100.0,99.0,948.79,QUALITY_OK,ThinkPad X1 Carbon Gen 10,SMP,5B10W13973,FCC更新率は低いものの完全凍結ではない/学習機会が少ない/データ品質が中程度のため、FW確認に回す前にモニタリングまたは手動レビューを推奨します。,2026-06-03T12:47:30
MNISHIO1X121QM6_mnishio1,NORMAL_OR_RESPONDING,ACTION_NONE,high,,53.3,8.0,"flat_tail=18.2d, fcc_changes=28, tail_cyc=0.0, tail_ok[90/80/85]=0/0/0 -> FCC still updating / not a no-low-change candidate",18.2,28,0.0,0,0,0,,,0.2634,30.0,100.0,70.0,540.04,QUALITY_SPARSE,ThinkPad X1 Nano Gen 1,Celxpert,5B10W13964,,2026-06-03T12:47:30
MOBILEPE-4HM087_MobilePE,REVIEW_INSUFFICIENT_DATA,ACTION_COLLECT_MORE_DATA_OR_MANUAL_REVIEW,review,,62.5,27.9,"obs_days=77.2, n_samples=3571, quality=QUALITY_SHORT_OBS -> insufficient/uncertain data",77.3,0,54.0,0,0,0,,,0.9827,2.0,100.0,98.0,77.25,QUALITY_SHORT_OBS,ThinkPad X1 Yoga Gen 8,Sunwoda,5B10W13975,観測期間・サンプル数・カウンタ整合性のいずれかが不足しており、信頼できる介入判定ができません。追加データ収集または手動レビューが必要です。,2026-06-03T12:47:30
MOBILEPE-4N8HJ9_MobilePE,REVIEW_INSUFFICIENT_DATA,ACTION_COLLECT_MORE_DATA_OR_MANUAL_REVIEW,review,,65.0,5.0,"obs_days=77.5, n_samples=2541, quality=QUALITY_SHORT_OBS -> insufficient/uncertain data",0.0,94,0.0,0,0,0,,,,61.0,61.0,0.0,77.49,QUALITY_SHORT_OBS,ThinkPad X1 Yoga Gen 8,Celxpert,5B10W13974,観測期間・サンプル数・カウンタ整合性のいずれかが不足しており、信頼できる介入判定ができません。追加データ収集または手動レビューが必要です。,2026-06-03T12:47:30
MORISAN-F291M86_morisan,NORMAL_OR_RESPONDING,ACTION_NONE,high,,70.6,10.6,"flat_tail=3.7d, fcc_changes=146, tail_cyc=0.0, tail_ok[90/80/85]=0/0/0 -> FCC still updating / not a no-low-change candidate",3.7,146,0.0,0,0,0,,,0.9998,95.0,100.0,5.0,1183.34,QUALITY_OK,ThinkPad T14 Gen 1,SMP,5B10W13906,,2026-06-03T12:47:30
MOTO-T14S-Q_motty,REVIEW_INSUFFICIENT_DATA,ACTION_COLLECT_MORE_DATA_OR_MANUAL_REVIEW,review,,62.2,7.2,"obs_days=76.5, n_samples=480, quality=QUALITY_SHORT_OBS -> insufficient/uncertain data",13.0,9,0.0,0,0,0,,,0.5746,85.0,100.0,15.0,76.53,QUALITY_SHORT_OBS,ThinkPad T14s Gen 6,Sunwoda,LNV-5B11H56404,観測期間・サンプル数・カウンタ整合性のいずれかが不足しており、信頼できる介入判定ができません。追加データ収集または手動レビューが必要です。,2026-06-03T12:47:30
MOTO-X1C_motty,REVIEW_INSUFFICIENT_DATA,ACTION_COLLECT_MORE_DATA_OR_MANUAL_REVIEW,review,,60.0,0.0,"obs_days=117.0, n_samples=2132, quality=QUALITY_COUNTER_RESET -> insufficient/uncertain data",0.0,49,0.0,0,0,0,,,1.0,90.0,98.0,8.0,117.05,QUALITY_COUNTER_RESET,ThinkPad,COSMX,5B11M90162,観測期間・サンプル数・カウンタ整合性のいずれかが不足しており、信頼できる介入判定ができません。追加データ収集または手動レビューが必要です。,2026-06-03T12:47:30
MOTO_AURA,NORMAL_OR_RESPONDING,ACTION_NONE,high,,66.1,12.5,"flat_tail=14.8d, fcc_changes=14, tail_cyc=0.0, tail_ok[90/80/85]=0/0/0 -> FCC still updating / not a no-low-change candidate",14.8,14,0.0,0,0,0,,,0.0501,81.0,100.0,19.0,415.12,QUALITY_OK,ThinkPad X9-14 Gen 1,BYD,LNV-5B11M90101,,2026-06-03T12:47:30
MPCD-TNA_HWPA,NORMAL_OR_RESPONDING,ACTION_NONE,high,,70.0,10.0,"flat_tail=0.0d, fcc_changes=19, tail_cyc=0.0, tail_ok[90/80/85]=0/0/0 -> FCC still updating / not a no-low-change candidate",0.0,19,0.0,0,0,0,,,,1.0,1.0,0.0,152.67,QUALITY_OK,ThinkPad T14s Gen 6,Sunwoda,LNV-5B11H56404,,2026-06-03T12:47:30
MRIGGS-PW0A1NXC_mriggs,NORMAL_OR_RESPONDING,ACTION_NONE,high,,69.0,15.1,"flat_tail=28.0d, fcc_changes=45, tail_cyc=2.0, tail_ok[90/80/85]=0/0/0 -> FCC still updating / not a no-low-change candidate",28.0,45,2.0,0,0,0,,,0.7664,31.0,100.0,69.0,805.04,QUALITY_OK,ThinkPad L13 Gen 5,Celxpert,5B11H56424,,2026-06-03T12:47:30
MS1-2ND-3C_HWPA,REVIEW_INSUFFICIENT_DATA,ACTION_COLLECT_MORE_DATA_OR_MANUAL_REVIEW,review,,65.0,5.0,"obs_days=36.1, n_samples=334, quality=QUALITY_SHORT_OBS -> insufficient/uncertain data",0.0,6,0.0,0,0,0,,,,86.0,86.0,0.0,36.11,QUALITY_SHORT_OBS,ThinkPad X1 2-in-1 Gen 9,Sunwoda,5B11H56385,観測期間・サンプル数・カウンタ整合性のいずれかが不足しており、信頼できる介入判定ができません。追加データ収集または手動レビューが必要です。,2026-06-03T12:47:30
MSUMMERVILL-VCL_msummerville,NORMAL_OR_RESPONDING,ACTION_NONE,high,,69.0,11.8,"flat_tail=9.7d, fcc_changes=22, tail_cyc=1.0, tail_ok[90/80/85]=0/0/0 -> FCC still updating / not a no-low-change candidate",9.7,22,1.0,0,0,0,,,0.8932,68.0,100.0,32.0,1071.09,QUALITY_OK,ThinkPad P16 Gen 2,SMP,5B10W51893,,2026-06-03T12:47:30
MTSUKADA-3MYFQH_mtsukada,NORMAL_OR_RESPONDING,ACTION_NONE,high,,68.3,10.0,"flat_tail=0.0d, fcc_changes=284, tail_cyc=0.0, tail_ok[90/80/85]=0/0/0 -> FCC still updating / not a no-low-change candidate",0.0,284,0.0,0,0,0,,,0.6882,95.0,100.0,5.0,403.06,QUALITY_OK,ThinkPad T14 Gen 2i,,,,2026-06-03T12:47:30
MYERSP-PF5FSZHR_MYERSP,NORMAL_OR_RESPONDING,ACTION_NONE,high,,70.7,10.7,"flat_tail=4.1d, fcc_changes=39, tail_cyc=0.0, tail_ok[90/80/85]=0/0/0 -> FCC still updating / not a no-low-change candidate",4.1,39,0.0,0,0,0,,,1.0,93.0,100.0,7.0,328.99,QUALITY_OK,ThinkPad X1 2-in-1 Gen 10,BYD,5B11M90100,,2026-06-03T12:47:30
MYERSP-PW0HKDA6_L14,REVIEW_INSUFFICIENT_DATA,ACTION_COLLECT_MORE_DATA_OR_MANUAL_REVIEW,review,,61.8,5.1,"obs_days=34.1, n_samples=559, quality=QUALITY_SHORT_OBS -> insufficient/uncertain data",0.8,6,0.0,0,0,0,,,0.5111,90.0,100.0,10.0,34.09,QUALITY_SHORT_OBS,ThinkPad L14 Gen 6,SMP,5B11M90112,観測期間・サンプル数・カウンタ整合性のいずれかが不足しており、信頼できる介入判定ができません。追加データ収集または手動レビューが必要です。,2026-06-03T12:47:30
MYERSP-PW0HKDA6_MYERSP,REVIEW_INSUFFICIENT_DATA,ACTION_COLLECT_MORE_DATA_OR_MANUAL_REVIEW,review,,56.1,5.2,"obs_days=29.0, n_samples=502, quality=QUALITY_SHORT_OBS -> insufficient/uncertain data",0.9,5,0.0,0,0,0,,,0.5474,70.0,100.0,30.0,29.03,QUALITY_SHORT_OBS,ThinkPad L14 Gen 6,SMP,5B11M90112,観測期間・サンプル数・カウンタ整合性のいずれかが不足しており、信頼できる介入判定ができません。追加データ収集または手動レビューが必要です。,2026-06-03T12:47:30
NAITOX9A_arimasa,REVIEW_INSUFFICIENT_DATA,ACTION_COLLECT_MORE_DATA_OR_MANUAL_REVIEW,review,,52.6,6.3,"obs_days=34.9, n_samples=266, quality=QUALITY_SHORT_OBS -> insufficient/uncertain data",8.0,6,0.0,0,0,0,,,0.3125,44.0,100.0,56.0,34.92,QUALITY_SHORT_OBS,ThinkPad X9-14 Gen 1,BYD,LNV-5B11M90101@,観測期間・サンプル数・カウンタ整合性のいずれかが不足しており、信頼できる介入判定ができません。追加データ収集または手動レビューが必要です。,2026-06-03T12:47:30
NANO_G3,NORMAL_OR_RESPONDING,ACTION_NONE,high,,66.3,10.0,"flat_tail=0.1d, fcc_changes=264, tail_cyc=0.0, tail_ok[90/80/85]=0/0/0 -> FCC still updating / not a no-low-change candidate",0.1,264,0.0,0,0,0,,,0.7616,89.0,100.0,11.0,336.14,QUALITY_OK,ThinkPad X1 Nano Gen 3,Sunwoda,5B11F28681,,2026-06-03T12:47:30
NATHANP-F4YAYFH_nathanp,NORMAL_OR_RESPONDING,ACTION_NONE,high,,69.7,10.5,"flat_tail=2.8d, fcc_changes=124, tail_cyc=0.0, tail_ok[90/80/85]=0/0/0 -> FCC still updating / not a no-low-change candidate",2.8,124,0.0,0,0,0,,,0.9606,95.0,100.0,5.0,532.13,QUALITY_OK,ThinkPad P16s Gen 3,Sunwoda,5B11H56402,,2026-06-03T12:47:30
NHEIDENFELD-CDY_nheidenfeldt,NORMAL_OR_RESPONDING,ACTION_NONE,high,,78.5,21.6,"flat_tail=69.7d, fcc_changes=29, tail_cyc=0.0, tail_ok[90/80/85]=0/0/0 -> FCC still updating / not a no-low-change candidate",69.7,29,0.0,0,0,0,,,0.8443,1.0,100.0,99.0,371.05,QUALITY_OK,ThinkPad X13 Gen 5,BYD,5B11M90051,,2026-06-03T12:47:30
NICOLEX1CG12_nbaker,NORMAL_OR_RESPONDING,ACTION_NONE,high,,66.8,10.1,"flat_tail=0.4d, fcc_changes=130, tail_cyc=0.0, tail_ok[90/80/85]=0/0/0 -> FCC still updating / not a no-low-change candidate",0.4,130,0.0,0,0,0,,,0.8368,46.0,100.0,54.0,313.22,QUALITY_OK,ThinkPad X1 Carbon Gen 12,Celxpert,5B11H56384,,2026-06-03T12:47:30
NILE_SVT,REVIEW_INSUFFICIENT_DATA,ACTION_COLLECT_MORE_DATA_OR_MANUAL_REVIEW,review,,51.8,5.2,"obs_days=65.0, n_samples=658, quality=QUALITY_SHORT_OBS -> insufficient/uncertain data",0.9,6,0.0,0,0,0,,,0.3344,44.0,100.0,56.0,64.98,QUALITY_SHORT_OBS,ThinkPad X1 2-in-1 Gen 11,COSMX,5B11M90162,観測期間・サンプル数・カウンタ整合性のいずれかが不足しており、信頼できる介入判定ができません。追加データ収集または手動レビューが必要です。,2026-06-03T12:47:30
NMARX-PF4DMZPC_nmarx,NORMAL_OR_RESPONDING,ACTION_NONE,high,,63.8,13.8,"flat_tail=17.9d, fcc_changes=14, tail_cyc=4.0, tail_ok[90/80/85]=0/0/0 -> FCC still updating / not a no-low-change candidate",17.9,14,4.0,0,0,0,,,0.6407,2.0,100.0,98.0,147.12,QUALITY_OK,ThinkPad T14s Gen 4,SMP,5B10W51875,,2026-06-03T12:47:30
NMCKOY-PF5H0PJZ_nmckoy,NORMAL_OR_RESPONDING,ACTION_NONE,high,,69.3,10.0,"flat_tail=0.0d, fcc_changes=190, tail_cyc=0.0, tail_ok[90/80/85]=0/0/0 -> FCC still updating / not a no-low-change candidate",0.0,190,0.0,0,0,0,,,0.1611,2.0,4.0,2.0,392.73,QUALITY_OK,ThinkPad T14s Gen 6,ATL,5B11M90108,,2026-06-03T12:47:30
NMMILLER-4T259L_nmmiller,NORMAL_OR_RESPONDING,ACTION_NONE,high,,69.2,11.2,"flat_tail=7.1d, fcc_changes=50, tail_cyc=0.0, tail_ok[90/80/85]=0/0/0 -> FCC still updating / not a no-low-change candidate",7.1,50,0.0,0,0,0,,,0.8015,94.0,100.0,6.0,277.11,QUALITY_OK,ThinkPad T14 Gen 5,Sunwoda,5B11H56418,,2026-06-03T12:47:30
NMMILLER-577H4Q_nmmiller,NORMAL_OR_RESPONDING,ACTION_NONE,high,,73.8,15.8,"flat_tail=34.9d, fcc_changes=28, tail_cyc=0.0, tail_ok[90/80/85]=0/0/0 -> FCC still updating / not a no-low-change candidate",34.9,28,0.0,0,0,0,,,0.8988,69.0,100.0,31.0,439.91,QUALITY_OK,ThinkPad X1 Carbon Gen 13,BYD,5B11M90100,,2026-06-03T12:47:30
NMMILLER-62XHX6_nmmiller,NORMAL_OR_RESPONDING,ACTION_NONE,high,,64.5,10.0,"flat_tail=0.1d, fcc_changes=9, tail_cyc=0.0, tail_ok[90/80/85]=0/0/0 -> FCC still updating / not a no-low-change candidate",0.1,9,0.0,0,0,0,,,0.7241,78.0,100.0,22.0,122.99,QUALITY_OK,ThinkPad T16 Gen 5,ATL,5B11M90172,,2026-06-03T12:47:30
NORITY-PF3C8AE9_nority,ACTIONABLE_FW_CHECK_OPPORTUNITY_NO_RESPONSE,ACTION_FW_CHECK,medium,LOW_UPDATE_RATE_WITH_OPPORTUNITIES,66.2,68.2,"flat_tail=845.8d, fcc_changes=1, tail_cyc=36.0, tail_ok[90/80/85]=0/1/0, resp72h(rel)=0.000 -> opportunities present but FCC did not respond",845.8,1,36.0,0,1,0,0.0,0.0,0.9363,0.0,100.0,100.0,979.97,QUALITY_SPARSE,ThinkPad X1 Carbon Gen 9,SMP,5B10W13973,FCC/SoHが長期間更新されておらず、ログ上は深い放電→再充電の学習機会が複数回確認されています。通常のキャリブレーション機会があったにもかかわらずFCC応答がないため、BIOS/EC/バッテリー関連FWのVersion確認とアップデート有無確認を優先してください。アップデート後、次回の学習機会後72h〜7日間でFCC更新有無を確認してください。,2026-06-03T12:47:30
NORITY-X1YOGA_nority,REVIEW_INSUFFICIENT_DATA,ACTION_COLLECT_MORE_DATA_OR_MANUAL_REVIEW,review,,73.5,40.0,"obs_days=1198.3, n_samples=19873, quality=QUALITY_COUNTER_RESET -> insufficient/uncertain data",1198.3,0,181.0,0,0,0,,,0.9245,1.0,100.0,99.0,1198.29,QUALITY_COUNTER_RESET,ThinkPad X1 Yoga Gen 7,Sunwoda,5B10W13975,観測期間・サンプル数・カウンタ整合性のいずれかが不足しており、信頼できる介入判定ができません。追加データ収集または手動レビューが必要です。,2026-06-03T12:47:30
NPATEL6-F4C403Q_npatel6,REVIEW_INSUFFICIENT_DATA,ACTION_COLLECT_MORE_DATA_OR_MANUAL_REVIEW,review,,43.5,0.2,"obs_days=989.3, n_samples=14210, quality=QUALITY_COUNTER_RESET -> insufficient/uncertain data",1.1,556,0.0,0,0,0,,,0.0153,50.0,100.0,50.0,989.3,QUALITY_COUNTER_RESET,ThinkPad P16v Gen 1,Celxpert,5B11H56374,観測期間・サンプル数・カウンタ整合性のいずれかが不足しており、信頼できる介入判定ができません。追加データ収集または手動レビューが必要です。,2026-06-03T12:47:30
NPUTSALA-0A1Z31_nputsala,NORMAL_OR_RESPONDING,ACTION_NONE,high,,69.1,11.1,"flat_tail=6.3d, fcc_changes=36, tail_cyc=0.0, tail_ok[90/80/85]=0/0/0 -> FCC still updating / not a no-low-change candidate",6.3,36,0.0,0,0,0,,,0.9002,49.0,65.0,16.0,430.29,QUALITY_OK,ThinkPad L13 2-in-1 Gen 5,Sunwoda,5B11H56425,,2026-06-03T12:47:30
OALI-PF5TMH9T_oali,NORMAL_OR_RESPONDING,ACTION_NONE,high,,70.9,12.2,"flat_tail=13.1d, fcc_changes=28, tail_cyc=0.0, tail_ok[90/80/85]=0/0/0 -> FCC still updating / not a no-low-change candidate",13.1,28,0.0,0,0,0,,,0.9345,52.0,100.0,48.0,231.03,QUALITY_OK,ThinkPad P16 Gen 3,SMP,5B11M90135,,2026-06-03T12:47:30
OHSAWAAURA_e3158,NORMAL_OR_RESPONDING,ACTION_NONE,high,,58.9,10.3,"flat_tail=1.6d, fcc_changes=55, tail_cyc=0.0, tail_ok[90/80/85]=0/0/0 -> FCC still updating / not a no-low-change candidate",1.6,55,0.0,0,0,0,,,0.4336,40.0,100.0,60.0,218.12,QUALITY_OK,ThinkPad X1 Carbon Gen 13,Celxpert,5B11M90098,,2026-06-03T12:47:30
OHSAWACONDOR4_ohsaw,NORMAL_OR_RESPONDING,ACTION_NONE,high,,64.3,10.0,"flat_tail=0.1d, fcc_changes=79, tail_cyc=0.0, tail_ok[90/80/85]=0/0/0 -> FCC still updating / not a no-low-change candidate",0.1,79,0.0,0,0,0,,,0.2349,83.0,100.0,17.0,169.88,QUALITY_OK,ThinkPad T14s Gen 6,SMP,LNV-5B11H56403,,2026-06-03T12:47:30
OHSAWAEAGLE7_ohsaw,REVIEW_INSUFFICIENT_DATA,ACTION_COLLECT_MORE_DATA_OR_MANUAL_REVIEW,review,,49.5,0.2,"obs_days=463.9, n_samples=9164, quality=QUALITY_COUNTER_RESET -> insufficient/uncertain data",1.0,91,0.0,0,0,0,,,0.4659,65.0,99.0,34.0,463.91,QUALITY_COUNTER_RESET,ThinkPad X13s Gen 1,SMP,LNV-5B10W51878,観測期間・サンプル数・カウンタ整合性のいずれかが不足しており、信頼できる介入判定ができません。追加データ収集または手動レビューが必要です。,2026-06-03T12:47:30
P1G7_SKU5,NORMAL_OR_RESPONDING,ACTION_NONE,high,,77.5,19.5,"flat_tail=56.8d, fcc_changes=76, tail_cyc=0.0, tail_ok[90/80/85]=0/0/0 -> FCC still updating / not a no-low-change candidate",56.8,76,0.0,0,0,0,,,0.9037,53.0,90.0,37.0,548.92,QUALITY_OK,ThinkPad P1 Gen 7,Sunwoda,5B11M37553,,2026-06-03T12:47:30
P1G7_SVT,NORMAL_OR_RESPONDING,ACTION_NONE,high,,70.2,10.2,"flat_tail=1.3d, fcc_changes=53, tail_cyc=0.0, tail_ok[90/80/85]=0/0/0 -> FCC still updating / not a no-low-change candidate",1.3,53,0.0,0,0,0,,,0.9997,65.0,99.0,34.0,433.48,QUALITY_OK,ThinkPad P1 Gen 7,Celxpert,5B11M37552,,2026-06-03T12:47:30
PANTHER3_SVT,ACTIONABLE_GAUGE_RESET_NO_OPPORTUNITY,ACTION_GAUGE_RESET,high,NO_OPPORTUNITY_LOW_CYCLING,85.4,43.8,"flat_tail=301.0d, fcc_changes=0, tail_cyc=19.0, tail_ok[90/80/85]=0/0/0, ac=0.75, min_rsoc=2.0, swing=98.0 -> no learning opportunity in flat tail",301.0,0,19.0,0,0,0,,,0.7453,2.0,100.0,98.0,301.01,QUALITY_OK,ThinkPad X1 Carbon Gen 11,SMP,5B10W13973,FCC/SoHが長期間更新されていませんが、ログ上は深い放電→再充電の学習機会が不足しています。安全な環境でOEM推奨のバッテリーゲージリセット/キャリブレーションを実施し、その後72h〜7日間のテレメトリでFCC更新有無を確認してください。,2026-06-03T12:47:30
PCHEN23-1000044_pchen23,REVIEW_INSUFFICIENT_DATA,ACTION_COLLECT_MORE_DATA_OR_MANUAL_REVIEW,review,,68.1,8.7,"obs_days=84.0, n_samples=2248, quality=QUALITY_SHORT_OBS -> insufficient/uncertain data",22.1,7,0.0,0,0,0,,,0.969,25.0,100.0,75.0,84.0,QUALITY_SHORT_OBS,ThinkPad X13 Detachable Gen 1,BYD,5B11M90182,観測期間・サンプル数・カウンタ整合性のいずれかが不足しており、信頼できる介入判定ができません。追加データ収集または手動レビューが必要です。,2026-06-03T12:47:30
PCHEN23-5000001_pchen23,REVIEW_INSUFFICIENT_DATA,ACTION_COLLECT_MORE_DATA_OR_MANUAL_REVIEW,review,,57.3,5.5,"obs_days=63.2, n_samples=567, quality=QUALITY_SHORT_OBS -> insufficient/uncertain data",3.1,15,0.0,0,0,0,,,0.5869,41.0,100.0,59.0,63.2,QUALITY_SHORT_OBS,ThinkPad T14s Gen 6,SMP,LNV-5B11H56403,観測期間・サンプル数・カウンタ整合性のいずれかが不足しており、信頼できる介入判定ができません。追加データ収集または手動レビューが必要です。,2026-06-03T12:47:30
PCHEN23-F4KXHBP_pchen23,REVIEW_INSUFFICIENT_DATA,ACTION_COLLECT_MORE_DATA_OR_MANUAL_REVIEW,review,,69.9,10.5,"obs_days=119.1, n_samples=644, quality=QUALITY_SHORT_OBS -> insufficient/uncertain data",32.9,2,0.0,0,0,0,,,0.9732,95.0,100.0,5.0,119.12,QUALITY_SHORT_OBS,ThinkPad Z13 Gen 2,BYD,5B10W51883,観測期間・サンプル数・カウンタ整合性のいずれかが不足しており、信頼できる介入判定ができません。追加データ収集または手動レビューが必要です。,2026-06-03T12:47:30
PCHEN23-F5FSWCG_pchen23,REVIEW_INSUFFICIENT_DATA,ACTION_COLLECT_MORE_DATA_OR_MANUAL_REVIEW,review,,47.1,5.2,"obs_days=119.8, n_samples=780, quality=QUALITY_SHORT_OBS -> insufficient/uncertain data",0.9,45,0.0,0,0,0,,,0.1,40.0,100.0,60.0,119.78,QUALITY_SHORT_OBS,ThinkPad X1 2-in-1 Gen 10,Sunwoda,5B11M90099,観測期間・サンプル数・カウンタ整合性のいずれかが不足しており、信頼できる介入判定ができません。追加データ収集または手動レビューが必要です。,2026-06-03T12:47:30
PCHEN23-W0ABC67_pchen23,REVIEW_INSUFFICIENT_DATA,ACTION_COLLECT_MORE_DATA_OR_MANUAL_REVIEW,review,,65.0,5.0,"obs_days=39.5, n_samples=576, quality=QUALITY_SHORT_OBS -> insufficient/uncertain data",0.0,30,0.0,0,0,0,,,,95.0,95.0,0.0,39.49,QUALITY_SHORT_OBS,ThinkPad X12 Detachable Gen 2,Celxpert,5B11M90067,観測期間・サンプル数・カウンタ整合性のいずれかが不足しており、信頼できる介入判定ができません。追加データ収集または手動レビューが必要です。,2026-06-03T12:47:30
PEGGY_2,REVIEW_INSUFFICIENT_DATA,ACTION_COLLECT_MORE_DATA_OR_MANUAL_REVIEW,review,,60.6,9.9,"obs_days=105.7, n_samples=772, quality=QUALITY_SHORT_OBS -> insufficient/uncertain data",29.7,10,0.0,0,0,0,,,0.0335,72.0,100.0,28.0,105.68,QUALITY_SHORT_OBS,ThinkPad Z13 Gen 2,BYD,5B10W51883,観測期間・サンプル数・カウンタ整合性のいずれかが不足しており、信頼できる介入判定ができません。追加データ収集または手動レビューが必要です。,2026-06-03T12:47:30
PETER_pchen23,REVIEW_INSUFFICIENT_DATA,ACTION_COLLECT_MORE_DATA_OR_MANUAL_REVIEW,review,,47.7,5.2,"obs_days=62.3, n_samples=558, quality=QUALITY_SHORT_OBS -> insufficient/uncertain data",1.0,14,0.0,0,0,0,,,0.1287,7.0,98.0,91.0,62.26,QUALITY_SHORT_OBS,ThinkPad X1 2-in-1 Gen 11,COSMX,5B11M90162,観測期間・サンプル数・カウンタ整合性のいずれかが不足しており、信頼できる介入判定ができません。追加データ収集または手動レビューが必要です。,2026-06-03T12:47:30
PF3KG4XY_TP-Telemetry,ACTIONABLE_GAUGE_RESET_NO_OPPORTUNITY,ACTION_GAUGE_RESET,high,NO_OPPORTUNITY_AC_BOUND;NO_OPPORTUNITY_LOW_CYCLING,97.1,39.6,"flat_tail=173.8d, fcc_changes=0, tail_cyc=3.0, tail_ok[90/80/85]=0/0/0, ac=0.98, min_rsoc=6.0, swing=94.0 -> no learning opportunity in flat tail",173.8,0,3.0,0,0,0,,,0.9792,6.0,100.0,94.0,173.84,QUALITY_OK,ThinkPad X1 Carbon Gen 10,Sunwoda,5B10W13975,FCC/SoHが長期間更新されていませんが、ログ上は深い放電→再充電の学習機会が不足しています。安全な環境でOEM推奨のバッテリーゲージリセット/キャリブレーションを実施し、その後72h〜7日間のテレメトリでFCC更新有無を確認してください。,2026-06-03T12:47:30
PF3MBEZV_TP-Telemetry,REVIEW_INSUFFICIENT_DATA,ACTION_COLLECT_MORE_DATA_OR_MANUAL_REVIEW,review,,66.1,9.9,"obs_days=26.0, n_samples=257, quality=QUALITY_SHORT_OBS -> insufficient/uncertain data",26.0,0,3.0,0,0,0,,,0.9136,2.0,100.0,98.0,26.04,QUALITY_SHORT_OBS,ThinkPad X1 Carbon Gen 10,Sunwoda,5B10W13975,観測期間・サンプル数・カウンタ整合性のいずれかが不足しており、信頼できる介入判定ができません。追加データ収集または手動レビューが必要です。,2026-06-03T12:47:30
PF3MBQME_TP-Telemetry,REVIEW_INSUFFICIENT_DATA,ACTION_COLLECT_MORE_DATA_OR_MANUAL_REVIEW,review,,82.3,23.4,"obs_days=110.0, n_samples=510, quality=QUALITY_SHORT_OBS -> insufficient/uncertain data",109.4,1,1.0,0,0,0,,,0.9764,76.0,100.0,24.0,110.01,QUALITY_SHORT_OBS,ThinkPad X1 Carbon Gen 10,SMP,5B10W13973,観測期間・サンプル数・カウンタ整合性のいずれかが不足しており、信頼できる介入判定ができません。追加データ収集または手動レビューが必要です。,2026-06-03T12:47:30
PF3MC003_TP-Telemetry,REVIEW_INSUFFICIENT_DATA,ACTION_COLLECT_MORE_DATA_OR_MANUAL_REVIEW,review,,75.1,17.4,"obs_days=75.9, n_samples=381, quality=QUALITY_SHORT_OBS -> insufficient/uncertain data",73.2,2,1.0,0,0,0,,,0.9205,39.0,100.0,61.0,75.89,QUALITY_SHORT_OBS,ThinkPad X1 Yoga Gen 7,Celxpert,5B10W13974,観測期間・サンプル数・カウンタ整合性のいずれかが不足しており、信頼できる介入判定ができません。追加データ収集または手動レビューが必要です。,2026-06-03T12:47:30
PF3MC0GA_TP-Telemetry,ACTIONABLE_GAUGE_RESET_NO_OPPORTUNITY,ACTION_GAUGE_RESET,high,NO_OPPORTUNITY_AC_BOUND;NO_OPPORTUNITY_LOW_CYCLING;NO_OPPORTUNITY_SHALLOW_RANGE,92.3,33.6,"flat_tail=140.3d, fcc_changes=0, tail_cyc=1.0, tail_ok[90/80/85]=0/0/0, ac=0.97, min_rsoc=75.0, swing=25.0 -> no learning opportunity in flat tail",140.3,0,1.0,0,0,0,,,0.9713,75.0,100.0,25.0,140.28,QUALITY_OK,ThinkPad X1 Carbon Gen 10,SMP,5B10W13973,FCC/SoHが長期間更新されていませんが、ログ上は深い放電→再充電の学習機会が不足しています。安全な環境でOEM推奨のバッテリーゲージリセット/キャリブレーションを実施し、その後72h〜7日間のテレメトリでFCC更新有無を確認してください。,2026-06-03T12:47:30
PF3MDFBG_TP-Telemetry,REVIEW_INSUFFICIENT_DATA,ACTION_COLLECT_MORE_DATA_OR_MANUAL_REVIEW,review,,73.8,14.3,"obs_days=55.8, n_samples=327, quality=QUALITY_SHORT_OBS -> insufficient/uncertain data",55.8,0,0.0,0,0,0,,,0.9768,62.0,100.0,38.0,55.79,QUALITY_SHORT_OBS,ThinkPad X1 Yoga Gen 7,Sunwoda,5B10W13975,観測期間・サンプル数・カウンタ整合性のいずれかが不足しており、信頼できる介入判定ができません。追加データ収集または手動レビューが必要です。,2026-06-03T12:47:30
PF3MDFJC_TP-Telemetry,ACTIONABLE_GAUGE_RESET_NO_OPPORTUNITY,ACTION_GAUGE_RESET,high,NO_OPPORTUNITY_AC_BOUND;NO_OPPORTUNITY_LOW_CYCLING,89.1,31.1,"flat_tail=123.9d, fcc_changes=0, tail_cyc=2.0, tail_ok[90/80/85]=0/0/0, ac=0.97, min_rsoc=3.0, swing=97.0 -> no learning opportunity in flat tail",123.9,0,2.0,0,0,0,,,0.971,3.0,100.0,97.0,123.9,QUALITY_OK,ThinkPad X1 Carbon Gen 10,SMP,5B10W13973,FCC/SoHが長期間更新されていませんが、ログ上は深い放電→再充電の学習機会が不足しています。安全な環境でOEM推奨のバッテリーゲージリセット/キャリブレーションを実施し、その後72h〜7日間のテレメトリでFCC更新有無を確認してください。,2026-06-03T12:47:30
PF3MDXHT_TP-Telemetry,REVIEW_INSUFFICIENT_DATA,ACTION_COLLECT_MORE_DATA_OR_MANUAL_REVIEW,review,,81.3,22.5,"obs_days=110.9, n_samples=694, quality=QUALITY_SHORT_OBS -> insufficient/uncertain data",104.0,1,1.0,0,0,0,,,0.9709,68.0,100.0,32.0,110.88,QUALITY_SHORT_OBS,ThinkPad X1 Carbon Gen 10,SMP,5B10W13973,観測期間・サンプル数・カウンタ整合性のいずれかが不足しており、信頼できる介入判定ができません。追加データ収集または手動レビューが必要です。,2026-06-03T12:47:30
PF3MF7LQ_TP-Telemetry,REVIEW_INSUFFICIENT_DATA,ACTION_COLLECT_MORE_DATA_OR_MANUAL_REVIEW,review,,68.0,9.0,"obs_days=24.2, n_samples=234, quality=QUALITY_SHORT_OBS -> insufficient/uncertain data",24.1,1,0.0,0,0,0,,,0.9472,63.0,100.0,37.0,24.21,QUALITY_SHORT_OBS,ThinkPad X1 Carbon Gen 10,SMP,5B10W13973,観測期間・サンプル数・カウンタ整合性のいずれかが不足しており、信頼できる介入判定ができません。追加データ収集または手動レビューが必要です。,2026-06-03T12:47:30
PF3QE5N0_TP-Telemetry,REVIEW_INSUFFICIENT_DATA,ACTION_COLLECT_MORE_DATA_OR_MANUAL_REVIEW,review,,67.4,10.0,"obs_days=26.2, n_samples=270, quality=QUALITY_SHORT_OBS -> insufficient/uncertain data",26.2,0,3.0,0,0,0,,,0.9768,2.0,100.0,98.0,26.18,QUALITY_SHORT_OBS,ThinkPad X1 Yoga Gen 7,Sunwoda,5B10W13975,観測期間・サンプル数・カウンタ整合性のいずれかが不足しており、信頼できる介入判定ができません。追加データ収集または手動レビューが必要です。,2026-06-03T12:47:30
PF6299VT_LIP,REVIEW_INSUFFICIENT_DATA,ACTION_COLLECT_MORE_DATA_OR_MANUAL_REVIEW,review,,66.5,6.5,"obs_days=52.3, n_samples=2009, quality=QUALITY_SHORT_OBS -> insufficient/uncertain data",8.8,3,0.0,0,0,0,,,1.0,95.0,100.0,5.0,52.33,QUALITY_SHORT_OBS,ThinkPad X1 2-in-1 Gen 11,SMP,5B11M90163,観測期間・サンプル数・カウンタ整合性のいずれかが不足しており、信頼できる介入判定ができません。追加データ収集または手動レビューが必要です。,2026-06-03T12:47:30
PF62AGYW_LIP,REVIEW_INSUFFICIENT_DATA,ACTION_COLLECT_MORE_DATA_OR_MANUAL_REVIEW,review,,67.0,8.5,"obs_days=104.5, n_samples=4201, quality=QUALITY_SHORT_OBS -> insufficient/uncertain data",18.7,11,2.0,0,0,0,,,0.9935,93.0,100.0,7.0,104.51,QUALITY_SHORT_OBS,ThinkPad X1 2-in-1 Gen 11,SMP,5B11M90163,観測期間・サンプル数・カウンタ整合性のいずれかが不足しており、信頼できる介入判定ができません。追加データ収集または手動レビューが必要です。,2026-06-03T12:47:30
PF62AL6S_LIP,REVIEW_INSUFFICIENT_DATA,ACTION_COLLECT_MORE_DATA_OR_MANUAL_REVIEW,review,,71.4,12.3,"obs_days=103.0, n_samples=4165, quality=QUALITY_SHORT_OBS -> insufficient/uncertain data",42.7,2,1.0,0,0,0,,,0.9888,83.0,100.0,17.0,103.01,QUALITY_SHORT_OBS,ThinkPad X1 2-in-1 Gen 11,COSMX,5B11M90162,観測期間・サンプル数・カウンタ整合性のいずれかが不足しており、信頼できる介入判定ができません。追加データ収集または手動レビューが必要です。,2026-06-03T12:47:30
PF62APQP_LIP,REVIEW_INSUFFICIENT_DATA,ACTION_COLLECT_MORE_DATA_OR_MANUAL_REVIEW,review,,73.1,13.9,"obs_days=52.3, n_samples=2009, quality=QUALITY_SHORT_OBS -> insufficient/uncertain data",52.3,0,1.0,0,0,0,,,0.9928,48.0,100.0,52.0,52.34,QUALITY_SHORT_OBS,ThinkPad X1 2-in-1 Gen 11,COSMX,5B11M90162,観測期間・サンプル数・カウンタ整合性のいずれかが不足しており、信頼できる介入判定ができません。追加データ収集または手動レビューが必要です。,2026-06-03T12:47:30
PF62APRB_LIP,REVIEW_INSUFFICIENT_DATA,ACTION_COLLECT_MORE_DATA_OR_MANUAL_REVIEW,review,,66.5,6.5,"obs_days=103.8, n_samples=4168, quality=QUALITY_SHORT_OBS -> insufficient/uncertain data",9.2,3,0.0,0,0,0,,,1.0,95.0,100.0,5.0,103.79,QUALITY_SHORT_OBS,ThinkPad X1 2-in-1 Gen 11,COSMX,5B11M90162,観測期間・サンプル数・カウンタ整合性のいずれかが不足しており、信頼できる介入判定ができません。追加データ収集または手動レビューが必要です。,2026-06-03T12:47:30
PHAYES-PF4H9L6S_PHAYES,NORMAL_OR_RESPONDING,ACTION_NONE,high,,78.4,45.3,"flat_tail=163.6d, fcc_changes=1, tail_cyc=40.0, tail_ok[90/80/85]=0/0/0 -> FCC still updating / not a no-low-change candidate",163.6,1,40.0,0,0,0,,,0.8065,19.0,100.0,81.0,175.13,QUALITY_OK,ThinkPad T14 Gen 4,LG,5B10W51863,,2026-06-03T12:47:30
PHAYES-PF62TDKH_PHAYES,NORMAL_OR_RESPONDING,ACTION_NONE,high,,65.4,10.5,"flat_tail=2.9d, fcc_changes=10, tail_cyc=0.0, tail_ok[90/80/85]=0/0/0 -> FCC still updating / not a no-low-change candidate",2.9,10,0.0,0,0,0,,,0.7442,82.0,100.0,18.0,133.18,QUALITY_OK,ThinkPad T14 Gen 7,Celxpert,5B11M90174,,2026-06-03T12:47:30
PHIL_pjjakes,NORMAL_OR_RESPONDING,ACTION_NONE,high,,70.0,10.0,"flat_tail=0.0d, fcc_changes=84, tail_cyc=0.0, tail_ok[90/80/85]=0/0/0 -> FCC still updating / not a no-low-change candidate",0.0,84,0.0,0,0,0,,,,99.0,99.0,0.0,293.16,QUALITY_OK,ThinkPad T14s Gen 6,SMP,LNV-5B11H56403,,2026-06-03T12:47:30
PHIL_pweinstein,NORMAL_OR_RESPONDING,ACTION_NONE,high,,70.0,10.0,"flat_tail=0.0d, fcc_changes=110, tail_cyc=0.0, tail_ok[90/80/85]=0/0/0 -> FCC still updating / not a no-low-change candidate",0.0,110,0.0,0,0,0,,,1.0,100.0,100.0,0.0,385.0,QUALITY_OK,ThinkPad T14 Gen 6,Sunwoda,5B11M90127,,2026-06-03T12:47:30
PHOULBROOKE-DFV_phoulbrooke,REVIEW_INSUFFICIENT_DATA,ACTION_COLLECT_MORE_DATA_OR_MANUAL_REVIEW,review,,67.0,7.9,"obs_days=29.3, n_samples=923, quality=QUALITY_SHORT_OBS -> insufficient/uncertain data",17.4,1,0.0,0,0,0,,,0.9575,94.0,100.0,6.0,29.31,QUALITY_SHORT_OBS,ThinkPad P14s Gen 7 AMD,BYD,5B11M90171,観測期間・サンプル数・カウンタ整合性のいずれかが不足しており、信頼できる介入判定ができません。追加データ収集または手動レビューが必要です。,2026-06-03T12:47:30
PHOVEY-PW0KPSPG_phovey,NORMAL_OR_RESPONDING,ACTION_NONE,high,,71.0,11.0,"flat_tail=6.1d, fcc_changes=15, tail_cyc=0.0, tail_ok[90/80/85]=0/0/0 -> FCC still updating / not a no-low-change candidate",6.1,15,0.0,0,0,0,,,1.0,61.0,100.0,39.0,239.0,QUALITY_OK,ThinkPad T1g Gen 8,Sunwoda,5B11M37553,,2026-06-03T12:47:30
PJJAKES-F3SKNHW_pjjakes,NORMAL_OR_RESPONDING,ACTION_NONE,high,,56.7,10.8,"flat_tail=2.3d, fcc_changes=7, tail_cyc=2.0, tail_ok[90/80/85]=0/0/0 -> FCC still updating / not a no-low-change candidate",2.3,7,2.0,0,0,0,,,0.365,37.0,100.0,63.0,160.22,QUALITY_OK,ThinkPad P16v Gen 1,SMP,5B11H56373,,2026-06-03T12:47:30
PJJAKES-F4QW4SK_pjjakes,NORMAL_OR_RESPONDING,ACTION_NONE,high,,69.7,12.1,"flat_tail=12.8d, fcc_changes=145, tail_cyc=0.0, tail_ok[90/80/85]=0/0/0 -> FCC still updating / not a no-low-change candidate",12.8,145,0.0,0,0,0,,,0.8763,63.0,76.0,13.0,747.21,QUALITY_OK,ThinkPad X1 2-in-1 Gen 9,BYD,5B11H56386,,2026-06-03T12:47:30
PJJAKES-F5B1GVP_pjjakes,REVIEW_INSUFFICIENT_DATA,ACTION_COLLECT_MORE_DATA_OR_MANUAL_REVIEW,review,,54.0,13.4,"obs_days=39.9, n_samples=267, quality=QUALITY_SHORT_OBS -> insufficient/uncertain data",39.9,0,9.0,0,0,0,,,0.3433,27.0,100.0,73.0,39.87,QUALITY_SHORT_OBS,ThinkPad X9-15 Gen 1,BYD,L24B4PE2,観測期間・サンプル数・カウンタ整合性のいずれかが不足しており、信頼できる介入判定ができません。追加データ収集または手動レビューが必要です。,2026-06-03T12:47:30
PJJAKES-F5HTSDQ_pjjakes,NORMAL_OR_RESPONDING,ACTION_NONE,high,,70.0,10.0,"flat_tail=0.0d, fcc_changes=123, tail_cyc=0.0, tail_ok[90/80/85]=0/0/0 -> FCC still updating / not a no-low-change candidate",0.0,123,0.0,0,0,0,,,1.0,74.0,79.0,5.0,356.83,QUALITY_OK,ThinkPad T14s 2-in-1 Gen 1,Celxpert,5B11M90106,,2026-06-03T12:47:30
PJJAKES-F63ATFB_X1,REVIEW_INSUFFICIENT_DATA,ACTION_COLLECT_MORE_DATA_OR_MANUAL_REVIEW,review,,52.7,5.0,"obs_days=34.3, n_samples=543, quality=QUALITY_SHORT_OBS -> insufficient/uncertain data",0.3,17,0.0,0,0,0,,,0.384,45.0,100.0,55.0,34.26,QUALITY_SHORT_OBS,ThinkPad X1 Carbon Gen 14,ATL,5B11M90161,観測期間・サンプル数・カウンタ整合性のいずれかが不足しており、信頼できる介入判定ができません。追加データ収集または手動レビューが必要です。,2026-06-03T12:47:30
PJJAKES-F63ATFB_pjjakes,REVIEW_INSUFFICIENT_DATA,ACTION_COLLECT_MORE_DATA_OR_MANUAL_REVIEW,review,,52.7,5.0,"obs_days=21.1, n_samples=342, quality=QUALITY_SHORT_OBS -> insufficient/uncertain data",0.2,8,0.0,0,0,0,,,0.258,63.0,100.0,37.0,21.14,QUALITY_SHORT_OBS,ThinkPad X1 Carbon Gen 14,ATL,5B11M90161,観測期間・サンプル数・カウンタ整合性のいずれかが不足しており、信頼できる介入判定ができません。追加データ収集または手動レビューが必要です。,2026-06-03T12:47:30
PJJAKES-W0C7DHV_pjjakes,REVIEW_INSUFFICIENT_DATA,ACTION_COLLECT_MORE_DATA_OR_MANUAL_REVIEW,review,,53.6,5.4,"obs_days=90.3, n_samples=1711, quality=QUALITY_SHORT_OBS -> insufficient/uncertain data",1.1,43,1.0,0,0,0,,,0.4446,49.0,100.0,51.0,90.27,QUALITY_SHORT_OBS,ThinkPad T14s Gen 6,SMP,LNV-5B11H56403,観測期間・サンプル数・カウンタ整合性のいずれかが不足しており、信頼できる介入判定ができません。追加データ収集または手動レビューが必要です。,2026-06-03T12:47:30
PMCINNIS-09S0XG_pmcinnis,NORMAL_OR_RESPONDING,ACTION_NONE,high,,79.2,25.0,"flat_tail=89.7d, fcc_changes=212, tail_cyc=0.0, tail_ok[90/80/85]=0/0/0 -> FCC still updating / not a no-low-change candidate",89.7,212,0.0,0,0,0,,,0.7146,26.0,99.0,73.0,577.35,QUALITY_OK,ThinkPad L14 Gen 5,Sunwoda,5B11H56397,,2026-06-03T12:47:30
PPOOJA-PW0C7CJW_ppooja,REVIEW_INSUFFICIENT_DATA,ACTION_COLLECT_MORE_DATA_OR_MANUAL_REVIEW,review,,52.1,5.6,"obs_days=109.8, n_samples=1029, quality=QUALITY_SHORT_OBS -> insufficient/uncertain data",3.5,24,0.0,0,0,0,,,0.3265,18.0,100.0,82.0,109.85,QUALITY_SHORT_OBS,ThinkPad T14s Gen 6,,,観測期間・サンプル数・カウンタ整合性のいずれかが不足しており、信頼できる介入判定ができません。追加データ収集または手動レビューが必要です。,2026-06-03T12:47:30
PQM-AN1-BETA_hels,NORMAL_OR_RESPONDING,ACTION_NONE,high,,59.0,10.0,"flat_tail=0.1d, fcc_changes=105, tail_cyc=0.0, tail_ok[90/80/85]=0/0/0 -> FCC still updating / not a no-low-change candidate",0.1,105,0.0,0,0,0,,,0.1915,29.0,62.0,33.0,133.06,QUALITY_OK,ThinkPad X1 Carbon Gen 14,COSMX,5B11M90162,,2026-06-03T12:47:30
PQM-BETA_frank,REVIEW_INSUFFICIENT_DATA,ACTION_COLLECT_MORE_DATA_OR_MANUAL_REVIEW,review,,60.0,0.0,"obs_days=426.1, n_samples=4388, quality=QUALITY_COUNTER_RESET -> insufficient/uncertain data",0.1,101,0.0,0,0,0,,,1.0,41.0,47.0,6.0,426.15,QUALITY_COUNTER_RESET,ThinkPad X1 2-in-1 Gen 10,Sunwoda,5B11M90099,観測期間・サンプル数・カウンタ整合性のいずれかが不足しており、信頼できる介入判定ができません。追加データ収集または手動レビューが必要です。,2026-06-03T12:47:30
PQM-BETA_hels,REVIEW_INSUFFICIENT_DATA,ACTION_COLLECT_MORE_DATA_OR_MANUAL_REVIEW,review,,65.1,5.1,"obs_days=14.7, n_samples=5710, quality=QUALITY_SHORT_OBS -> insufficient/uncertain data",0.5,6,0.0,0,0,0,,,1.0,82.0,88.0,6.0,14.72,QUALITY_SHORT_OBS,ThinkPad X1 Carbon Gen 14,COSMX,5B11M90162,観測期間・サンプル数・カウンタ整合性のいずれかが不足しており、信頼できる介入判定ができません。追加データ収集または手動レビューが必要です。,2026-06-03T12:47:30
PQM_tianx,REVIEW_INSUFFICIENT_DATA,ACTION_COLLECT_MORE_DATA_OR_MANUAL_REVIEW,review,,60.4,5.4,"obs_days=58.1, n_samples=387, quality=QUALITY_SHORT_OBS -> insufficient/uncertain data",2.2,15,0.0,0,0,0,,,0.5205,85.0,100.0,15.0,58.12,QUALITY_SHORT_OBS,ThinkPad T14s Gen 7,ATL,5B11M90161,観測期間・サンプル数・カウンタ整合性のいずれかが不足しており、信頼できる介入判定ができません。追加データ収集または手動レビューが必要です。,2026-06-03T12:47:30
PR2-SVT-M1_MARUICHIT,ACTIONABLE_GAUGE_RESET_NO_OPPORTUNITY,ACTION_GAUGE_RESET,high,NO_OPPORTUNITY_AC_BOUND;NO_OPPORTUNITY_LOW_CYCLING;NO_OPPORTUNITY_SHALLOW_RANGE,89.6,31.7,"flat_tail=127.8d, fcc_changes=0, tail_cyc=2.0, tail_ok[90/80/85]=0/0/0, ac=0.97, min_rsoc=76.0, swing=24.0 -> no learning opportunity in flat tail",127.8,0,2.0,0,0,0,,,0.9657,76.0,100.0,24.0,127.76,QUALITY_OK,ThinkPad X1 Carbon Gen 10,Sunwoda,5B10W13975,FCC/SoHが長期間更新されていませんが、ログ上は深い放電→再充電の学習機会が不足しています。安全な環境でOEM推奨のバッテリーゲージリセット/キャリブレーションを実施し、その後72h〜7日間のテレメトリでFCC更新有無を確認してください。,2026-06-03T12:47:30
PRAMINENI-00010_pramineni,REVIEW_INSUFFICIENT_DATA,ACTION_COLLECT_MORE_DATA_OR_MANUAL_REVIEW,review,,49.4,7.2,"obs_days=77.0, n_samples=915, quality=QUALITY_SHORT_OBS -> insufficient/uncertain data",13.0,7,0.0,0,0,0,,,0.1107,16.0,100.0,84.0,76.98,QUALITY_SHORT_OBS,ThinkPad T1g Gen 8,Celxpert,5B11M37552,観測期間・サンプル数・カウンタ整合性のいずれかが不足しており、信頼できる介入判定ができません。追加データ収集または手動レビューが必要です。,2026-06-03T12:47:30
PRIMUS_tscott2,NORMAL_OR_RESPONDING,ACTION_NONE,high,,46.7,41.2,"flat_tail=21.5d, fcc_changes=7, tail_cyc=8.0, tail_ok[90/80/85]=0/1/0 -> FCC still updating / not a no-low-change candidate",21.5,7,8.0,0,1,0,0.0,0.0,0.4825,4.0,100.0,96.0,396.83,QUALITY_OK,ThinkPad X1 Carbon Gen 11,SMP,5B10W13973,,2026-06-03T12:47:30
PSCHMIDT1-00044_pschmidt1,REVIEW_INSUFFICIENT_DATA,ACTION_COLLECT_MORE_DATA_OR_MANUAL_REVIEW,review,,62.2,5.5,"obs_days=15.7, n_samples=349, quality=QUALITY_SHORT_OBS -> insufficient/uncertain data",3.0,2,0.0,0,0,0,,,0.6613,90.0,100.0,10.0,15.73,QUALITY_SHORT_OBS,ThinkPad P1 Gen 9,COSMX,5B11M90164,観測期間・サンプル数・カウンタ整合性のいずれかが不足しており、信頼できる介入判定ができません。追加データ収集または手動レビューが必要です。,2026-06-03T12:47:30
PW05SGBF_LIP-Telemetry,REVIEW_INSUFFICIENT_DATA,ACTION_COLLECT_MORE_DATA_OR_MANUAL_REVIEW,review,,72.8,13.2,"obs_days=49.2, n_samples=649, quality=QUALITY_SHORT_OBS -> insufficient/uncertain data",49.2,0,0.0,0,0,0,,,0.9819,64.0,84.0,20.0,49.17,QUALITY_SHORT_OBS,ThinkPad P1 Gen 6,Sunwoda,5B11K07737,観測期間・サンプル数・カウンタ整合性のいずれかが不足しており、信頼できる介入判定ができません。追加データ収集または手動レビューが必要です。,2026-06-03T12:47:30
PW05SGBG_LIP-Telemetry,REVIEW_INSUFFICIENT_DATA,ACTION_COLLECT_MORE_DATA_OR_MANUAL_REVIEW,review,,72.7,13.2,"obs_days=49.0, n_samples=680, quality=QUALITY_SHORT_OBS -> insufficient/uncertain data",49.0,0,0.0,0,0,0,,,0.9757,69.0,83.0,14.0,49.04,QUALITY_SHORT_OBS,ThinkPad P1 Gen 6,Sunwoda,5B11K07737,観測期間・サンプル数・カウンタ整合性のいずれかが不足しており、信頼できる介入判定ができません。追加データ収集または手動レビューが必要です。,2026-06-03T12:47:30
PW06AQ17_LIP-Telemetry,REVIEW_INSUFFICIENT_DATA,ACTION_COLLECT_MORE_DATA_OR_MANUAL_REVIEW,review,,69.1,13.8,"obs_days=51.4, n_samples=762, quality=QUALITY_SHORT_OBS -> insufficient/uncertain data",51.4,0,1.0,0,0,0,,,0.8011,69.0,88.0,19.0,51.44,QUALITY_SHORT_OBS,ThinkPad P1 Gen 6,SMP,5B11K07736,観測期間・サンプル数・カウンタ整合性のいずれかが不足しており、信頼できる介入判定ができません。追加データ収集または手動レビューが必要です。,2026-06-03T12:47:30
PW06AQ1F_LIP-Telemetry,REVIEW_INSUFFICIENT_DATA,ACTION_COLLECT_MORE_DATA_OR_MANUAL_REVIEW,review,,73.3,14.5,"obs_days=56.0, n_samples=857, quality=QUALITY_SHORT_OBS -> insufficient/uncertain data",56.0,0,1.0,0,0,0,,,0.9714,50.0,86.0,36.0,55.98,QUALITY_SHORT_OBS,ThinkPad P1 Gen 6,SMP,5B11K07736,観測期間・サンプル数・カウンタ整合性のいずれかが不足しており、信頼できる介入判定ができません。追加データ収集または手動レビューが必要です。,2026-06-03T12:47:30
PW0KZBL0_LIP,REVIEW_INSUFFICIENT_DATA,ACTION_COLLECT_MORE_DATA_OR_MANUAL_REVIEW,review,,66.7,7.4,"obs_days=13.0, n_samples=372, quality=QUALITY_SHORT_OBS -> insufficient/uncertain data",13.0,0,1.0,0,0,0,,,1.0,95.0,100.0,5.0,12.97,QUALITY_SHORT_OBS,ThinkPad P1 Gen 8,Sunwoda,5B11M37553,観測期間・サンプル数・カウンタ整合性のいずれかが不足しており、信頼できる介入判定ができません。追加データ収集または手動レビューが必要です。,2026-06-03T12:47:30
PW0KZBLW_LIP,REVIEW_INSUFFICIENT_DATA,ACTION_COLLECT_MORE_DATA_OR_MANUAL_REVIEW,review,,66.7,7.2,"obs_days=12.9, n_samples=389, quality=QUALITY_SHORT_OBS -> insufficient/uncertain data",12.9,0,0.0,0,0,0,,,0.9796,91.0,100.0,9.0,12.94,QUALITY_SHORT_OBS,ThinkPad P1 Gen 8,Sunwoda,5B11M37553,観測期間・サンプル数・カウンタ整合性のいずれかが不足しており、信頼できる介入判定ができません。追加データ収集または手動レビューが必要です。,2026-06-03T12:47:30
PW0KZBMA_LIP,REVIEW_INSUFFICIENT_DATA,ACTION_COLLECT_MORE_DATA_OR_MANUAL_REVIEW,review,,67.2,7.2,"obs_days=12.9, n_samples=368, quality=QUALITY_SHORT_OBS -> insufficient/uncertain data",12.9,0,0.0,0,0,0,,,1.0,93.0,100.0,7.0,12.86,QUALITY_SHORT_OBS,ThinkPad P1 Gen 8,Celxpert,5B11M37552,観測期間・サンプル数・カウンタ整合性のいずれかが不足しており、信頼できる介入判定ができません。追加データ収集または手動レビューが必要です。,2026-06-03T12:47:30
PW0KZBVB_LIP,REVIEW_INSUFFICIENT_DATA,ACTION_COLLECT_MORE_DATA_OR_MANUAL_REVIEW,review,,66.1,7.4,"obs_days=13.0, n_samples=370, quality=QUALITY_SHORT_OBS -> insufficient/uncertain data",13.0,0,1.0,0,0,0,,,0.9741,83.0,100.0,17.0,12.97,QUALITY_SHORT_OBS,ThinkPad P1 Gen 8,Sunwoda,5B11M37553,観測期間・サンプル数・カウンタ整合性のいずれかが不足しており、信頼できる介入判定ができません。追加データ収集または手動レビューが必要です。,2026-06-03T12:47:30
QCOM-DCV40DDOIB_jowill,REVIEW_INSUFFICIENT_DATA,ACTION_COLLECT_MORE_DATA_OR_MANUAL_REVIEW,review,,65.0,5.0,"obs_days=110.8, n_samples=3759, quality=QUALITY_SHORT_OBS -> insufficient/uncertain data",0.0,42,0.0,0,0,0,,,,58.0,58.0,0.0,110.82,QUALITY_SHORT_OBS,ThinkPad T14s Gen 6,SMP,LNV-5B11H56403,観測期間・サンプル数・カウンタ整合性のいずれかが不足しており、信頼できる介入判定ができません。追加データ収集または手動レビューが必要です。,2026-06-03T12:47:30
QCOM-MDUXZELAOC_mikejp,NORMAL_OR_RESPONDING,ACTION_NONE,high,,70.0,10.4,"flat_tail=2.6d, fcc_changes=72, tail_cyc=0.0, tail_ok[90/80/85]=0/0/0 -> FCC still updating / not a no-low-change candidate",2.6,72,0.0,0,0,0,,,0.9786,94.0,100.0,6.0,208.49,QUALITY_OK,ThinkPad T14s Gen 6,SMP,LNV-5B11H56403,,2026-06-03T12:47:30
QCOM-YQK1OVIMJV_dereks,REVIEW_INSUFFICIENT_DATA,ACTION_COLLECT_MORE_DATA_OR_MANUAL_REVIEW,review,,64.4,5.3,"obs_days=28.0, n_samples=420, quality=QUALITY_SHORT_OBS -> insufficient/uncertain data",2.0,9,0.0,0,0,0,,,0.9542,90.0,100.0,10.0,27.98,QUALITY_SHORT_OBS,ThinkPad T14s Gen 6,SMP,LNV-5B11H56403,観測期間・サンプル数・カウンタ整合性のいずれかが不足しており、信頼できる介入判定ができません。追加データ収集または手動レビューが必要です。,2026-06-03T12:47:30
RADACHI-F5AL4EK_radachi,REVIEW_INSUFFICIENT_DATA,ACTION_COLLECT_MORE_DATA_OR_MANUAL_REVIEW,review,,62.0,5.8,"obs_days=102.5, n_samples=1043, quality=QUALITY_SHORT_OBS -> insufficient/uncertain data",4.9,23,0.0,0,0,0,,,0.8114,50.0,100.0,50.0,102.51,QUALITY_SHORT_OBS,ThinkPad X1 2-in-1 Gen 10,SMP,5B11M90097,観測期間・サンプル数・カウンタ整合性のいずれかが不足しており、信頼できる介入判定ができません。追加データ収集または手動レビューが必要です。,2026-06-03T12:47:30
RANDERSON4-Q4VG_randerson4,NORMAL_OR_RESPONDING,ACTION_NONE,high,,69.5,11.0,"flat_tail=6.2d, fcc_changes=13, tail_cyc=0.0, tail_ok[90/80/85]=0/0/0 -> FCC still updating / not a no-low-change candidate",6.2,13,0.0,0,0,0,,,0.9221,92.0,100.0,8.0,378.01,QUALITY_OK,ThinkPad T16 Gen 4,Celxpert,5B11H56411,,2026-06-03T12:47:30
RAY-X1-9_Ratan,WATCH_LOW_UPDATE_RATE_AMBIGUOUS,ACTION_MONITOR_OR_MANUAL_REVIEW,low,,46.6,50.5,"flat_tail=27.2d, fcc_changes=8, tail_cyc=5.0, tail_ok[90/80/85]=1/1/1, resp72h(rel)=0.000 -> ambiguous low-update",27.2,8,5.0,1,1,1,0.0,0.0,0.5633,0.0,100.0,100.0,757.3,QUALITY_OK,ThinkPad X1 Carbon Gen 9,SMP,5B10W13973,FCC更新率は低いものの完全凍結ではない/学習機会が少ない/データ品質が中程度のため、FW確認に回す前にモニタリングまたは手動レビューを推奨します。,2026-06-03T12:47:30
RBULLARD-4S7F11_rbullard,NORMAL_OR_RESPONDING,ACTION_NONE,high,,70.0,10.1,"flat_tail=0.3d, fcc_changes=16, tail_cyc=0.0, tail_ok[90/80/85]=0/0/0 -> FCC still updating / not a no-low-change candidate",0.3,16,0.0,0,0,0,,,1.0,100.0,100.0,0.0,231.13,QUALITY_OK,ThinkPad T14 Gen 5,Celxpert,5B11H56413,,2026-06-03T12:47:30
RCLEMENTS-DS3BG_rclements,NORMAL_OR_RESPONDING,ACTION_NONE,high,,70.0,10.0,"flat_tail=0.0d, fcc_changes=36, tail_cyc=0.0, tail_ok[90/80/85]=0/0/0 -> FCC still updating / not a no-low-change candidate",0.0,36,0.0,0,0,0,,,1.0,95.0,100.0,5.0,153.75,QUALITY_OK,ThinkPad X9-14 Gen 1,BYD,LNV-5B11M90101@,,2026-06-03T12:47:30
RDONAHUE-0A2BYP_rdonahue,NORMAL_OR_RESPONDING,ACTION_NONE,high,,60.8,10.2,"flat_tail=1.4d, fcc_changes=147, tail_cyc=0.0, tail_ok[90/80/85]=0/0/0 -> FCC still updating / not a no-low-change candidate",1.4,147,0.0,0,0,0,,,0.5295,45.0,100.0,55.0,490.47,QUALITY_OK,ThinkPad L16 Gen 1,SMP,5B11H56396,,2026-06-03T12:47:30
RLOTRINIA-A7W6D_rlotrinia,REVIEW_INSUFFICIENT_DATA,ACTION_COLLECT_MORE_DATA_OR_MANUAL_REVIEW,review,,57.1,6.1,"obs_days=957.0, n_samples=9172, quality=QUALITY_COUNTER_RESET -> insufficient/uncertain data",36.9,47,0.0,0,0,0,,,0.1733,1.0,28.0,27.0,956.98,QUALITY_COUNTER_RESET,ThinkPad T14 Gen 2i,SMP,5B10W51827,観測期間・サンプル数・カウンタ整合性のいずれかが不足しており、信頼できる介入判定ができません。追加データ収集または手動レビューが必要です。,2026-06-03T12:47:30
RMCCARTHY2-0063_rmccarthy2,NORMAL_OR_RESPONDING,ACTION_NONE,high,,56.8,10.7,"flat_tail=4.0d, fcc_changes=45, tail_cyc=0.0, tail_ok[90/80/85]=0/0/0 -> FCC still updating / not a no-low-change candidate",4.0,45,0.0,0,0,0,,,0.3087,23.0,100.0,77.0,287.93,QUALITY_OK,ThinkPad L13 2-in-1 Gen 6,SMP,5B11M90129,,2026-06-03T12:47:30
RMCFADDEN1-S8MT_rmcfadden1,NORMAL_OR_RESPONDING,ACTION_NONE,high,,70.0,10.0,"flat_tail=0.0d, fcc_changes=153, tail_cyc=0.0, tail_ok[90/80/85]=0/0/0 -> FCC still updating / not a no-low-change candidate",0.0,153,0.0,0,0,0,,,1.0,59.0,80.0,21.0,338.86,QUALITY_OK,ThinkPad X1 Carbon Gen 13,,,,2026-06-03T12:47:30
ROBBIET-F67BA37_robbiet,REVIEW_INSUFFICIENT_DATA,ACTION_COLLECT_MORE_DATA_OR_MANUAL_REVIEW,review,,51.3,6.2,"obs_days=36.8, n_samples=252, quality=QUALITY_SHORT_OBS -> insufficient/uncertain data",7.0,10,0.0,0,0,0,,,0.2546,37.0,100.0,63.0,36.83,QUALITY_SHORT_OBS,ThinkPad T14s 2-in-1 Gen 2,Sunwoda,5B11M90160,観測期間・サンプル数・カウンタ整合性のいずれかが不足しており、信頼できる介入判定ができません。追加データ収集または手動レビューが必要です。,2026-06-03T12:47:30
ROCK_yuqj1,REVIEW_INSUFFICIENT_DATA,ACTION_COLLECT_MORE_DATA_OR_MANUAL_REVIEW,review,,63.3,5.0,"obs_days=29.8, n_samples=426, quality=QUALITY_SHORT_OBS -> insufficient/uncertain data",0.0,10,0.0,0,0,0,,,0.8487,95.0,100.0,5.0,29.84,QUALITY_SHORT_OBS,ThinkPad X1 Carbon Gen 13,BYD,5B11M90100,観測期間・サンプル数・カウンタ整合性のいずれかが不足しており、信頼できる介入判定ができません。追加データ収集または手動レビューが必要です。,2026-06-03T12:47:30
ROROSAS-F4HH26Y_rorosas,WATCH_LOW_UPDATE_RATE_AMBIGUOUS,ACTION_MONITOR_OR_MANUAL_REVIEW,low,,77.0,50.0,"flat_tail=749.4d, fcc_changes=0, tail_cyc=102.0, tail_ok[90/80/85]=0/0/0, resp72h(rel)=NA -> ambiguous low-update",749.4,0,102.0,0,0,0,,,0.6003,15.0,100.0,85.0,749.41,QUALITY_OK,ThinkPad T16 Gen 2,Celxpert,5B10W51872,FCC更新率は低いものの完全凍結ではない/学習機会が少ない/データ品質が中程度のため、FW確認に回す前にモニタリングまたは手動レビューを推奨します。,2026-06-03T12:47:30
ROROSAS-W0BX6X0_rorosas,NORMAL_OR_RESPONDING,ACTION_NONE,high,,61.3,14.5,"flat_tail=27.0d, fcc_changes=54, tail_cyc=0.0, tail_ok[90/80/85]=0/0/0 -> FCC still updating / not a no-low-change candidate",27.0,54,0.0,0,0,0,,,0.3393,39.0,99.0,60.0,285.07,QUALITY_OK,ThinkPad T14s Gen 6,SMP,LNV-5B11H56403,,2026-06-03T12:47:30
RPHILLIPS1-MR01_rphillips1,NORMAL_OR_RESPONDING,ACTION_NONE,high,,71.8,12.4,"flat_tail=14.2d, fcc_changes=52, tail_cyc=0.0, tail_ok[90/80/85]=0/0/0 -> FCC still updating / not a no-low-change candidate",14.2,52,0.0,0,0,0,,,0.9716,92.0,100.0,8.0,224.02,QUALITY_OK,ThinkPad P16 Gen 3,SMP,5B11M90135,,2026-06-03T12:47:30
RSEKINOXF43CNVB_rsekino,ACTIONABLE_GAUGE_RESET_NO_OPPORTUNITY,ACTION_GAUGE_RESET,medium,NO_OPPORTUNITY_UNSPECIFIED,48.1,56.6,"flat_tail=97.0d, fcc_changes=7, tail_cyc=22.0, tail_ok[90/80/85]=0/1/0, ac=0.27, min_rsoc=6.0, swing=94.0 -> no learning opportunity in flat tail",97.0,7,22.0,0,1,0,0.0,0.0,0.2726,6.0,100.0,94.0,663.9,QUALITY_OK,ThinkPad X1 Yoga Gen 7,SMP,5B10W13973,FCC/SoHが長期間更新されていませんが、ログ上は深い放電→再充電の学習機会が不足しています。安全な環境でOEM推奨のバッテリーゲージリセット/キャリブレーションを実施し、その後72h〜7日間のテレメトリでFCC更新有無を確認してください。,2026-06-03T12:47:30
RTWALL-PF4JTB8S_rtwall,NORMAL_OR_RESPONDING,ACTION_NONE,high,,67.7,11.7,"flat_tail=9.0d, fcc_changes=91, tail_cyc=1.0, tail_ok[90/80/85]=0/0/0 -> FCC still updating / not a no-low-change candidate",9.0,91,1.0,0,0,0,,,0.8329,49.0,100.0,51.0,287.91,QUALITY_OK,ThinkPad Z16 Gen 2,Celxpert,5B10W51888,,2026-06-03T12:47:30
RUBYHE_HEHP,NORMAL_OR_RESPONDING,ACTION_NONE,high,,67.8,11.8,"flat_tail=10.9d, fcc_changes=41, tail_cyc=0.0, tail_ok[90/80/85]=0/0/0 -> FCC still updating / not a no-low-change candidate",10.9,41,0.0,0,0,0,,,0.7985,77.0,100.0,23.0,383.95,QUALITY_OK,ThinkPad X1 Carbon Gen 13,BYD,5B11M90100,,2026-06-03T12:47:30
RUMBLE_zawacki,REVIEW_INSUFFICIENT_DATA,ACTION_COLLECT_MORE_DATA_OR_MANUAL_REVIEW,review,,53.0,10.3,"obs_days=69.9, n_samples=399, quality=QUALITY_SHORT_OBS -> insufficient/uncertain data",30.9,4,1.0,0,0,0,,,0.1653,23.0,100.0,77.0,69.87,QUALITY_SHORT_OBS,ThinkPad X12 Detachable Gen 2,Celxpert,5B11M90067,観測期間・サンプル数・カウンタ整合性のいずれかが不足しており、信頼できる介入判定ができません。追加データ収集または手動レビューが必要です。,2026-06-03T12:47:30
RUSSELL_rgantman,REVIEW_INSUFFICIENT_DATA,ACTION_COLLECT_MORE_DATA_OR_MANUAL_REVIEW,review,,65.6,5.6,"obs_days=28.9, n_samples=589, quality=QUALITY_SHORT_OBS -> insufficient/uncertain data",3.6,3,0.0,0,0,0,,,1.0,75.0,80.0,5.0,28.93,QUALITY_SHORT_OBS,ThinkPad P14s Gen 7 AMD,BYD,5B11M90171,観測期間・サンプル数・カウンタ整合性のいずれかが不足しており、信頼できる介入判定ができません。追加データ収集または手動レビューが必要です。,2026-06-03T12:47:30
SADACHI1-4H67H3_sadachi1,NORMAL_OR_RESPONDING,ACTION_NONE,high,,70.4,10.4,"flat_tail=2.6d, fcc_changes=164, tail_cyc=0.0, tail_ok[90/80/85]=0/0/0 -> FCC still updating / not a no-low-change candidate",2.6,164,0.0,0,0,0,,,1.0,100.0,100.0,0.0,279.64,QUALITY_OK,ThinkPad T14 Gen 4,SMP,5B10W51861,,2026-06-03T12:47:30
SAYINGZIYIN_yinsyz1,NORMAL_OR_RESPONDING,ACTION_NONE,high,,70.9,21.5,"flat_tail=69.0d, fcc_changes=98, tail_cyc=0.0, tail_ok[90/80/85]=0/0/0 -> FCC still updating / not a no-low-change candidate",69.0,98,0.0,0,0,0,,,0.4679,1.0,100.0,99.0,618.64,QUALITY_OK,ThinkPad T14s Gen 3,Sunwoda,5B10W51876,,2026-06-03T12:47:30
SBARATAM-000032_sbaratam,NORMAL_OR_RESPONDING,ACTION_NONE,high,,59.5,11.5,"flat_tail=9.1d, fcc_changes=8, tail_cyc=0.0, tail_ok[90/80/85]=0/0/0 -> FCC still updating / not a no-low-change candidate",9.1,8,0.0,0,0,0,,,0.3981,60.0,100.0,40.0,169.13,QUALITY_OK,ThinkPad L13 Gen 6,Sunwoda,5B11M90128,,2026-06-03T12:47:30
SBLEAKLEY-742XA_sbleakley,REVIEW_INSUFFICIENT_DATA,ACTION_COLLECT_MORE_DATA_OR_MANUAL_REVIEW,review,,64.7,6.0,"obs_days=34.9, n_samples=959, quality=QUALITY_SHORT_OBS -> insufficient/uncertain data",5.9,4,0.0,0,0,0,,,0.9373,80.0,100.0,20.0,34.89,QUALITY_SHORT_OBS,ThinkPad T14s 2-in-1 Gen 2,Sunwoda,5B11M90160,観測期間・サンプル数・カウンタ整合性のいずれかが不足しており、信頼できる介入判定ができません。追加データ収集または手動レビューが必要です。,2026-06-03T12:47:30
SDESCHENES-FH3M_sdeschenes,WATCH_LOW_UPDATE_RATE_AMBIGUOUS,ACTION_MONITOR_OR_MANUAL_REVIEW,low,,37.4,70.8,"flat_tail=39.9d, fcc_changes=21, tail_cyc=21.0, tail_ok[90/80/85]=2/4/4, resp72h(rel)=0.000 -> ambiguous low-update",39.9,21,21.0,2,4,4,0.0,0.0,0.6358,3.0,100.0,97.0,889.67,QUALITY_OK,ThinkPad T14 Gen 4,SMP,5B10W51864,FCC更新率は低いものの完全凍結ではない/学習機会が少ない/データ品質が中程度のため、FW確認に回す前にモニタリングまたは手動レビューを推奨します。,2026-06-03T12:47:30
SDILLARD1-2S9T3_sdillard1,NORMAL_OR_RESPONDING,ACTION_NONE,high,,52.3,11.0,"flat_tail=5.8d, fcc_changes=37, tail_cyc=0.0, tail_ok[90/80/85]=0/0/0 -> FCC still updating / not a no-low-change candidate",5.8,37,0.0,0,0,0,,,0.0657,27.0,89.0,62.0,124.81,QUALITY_OK,ThinkPad T14 Gen 7,COSMX,5B11M90167,,2026-06-03T12:47:30
SDILLARD1-GR30Q_sdillard1,NORMAL_OR_RESPONDING,ACTION_NONE,high,,64.7,10.3,"flat_tail=2.1d, fcc_changes=65, tail_cyc=0.0, tail_ok[90/80/85]=0/0/0 -> FCC still updating / not a no-low-change candidate",2.1,65,0.0,0,0,0,,,0.5703,83.0,100.0,17.0,196.85,QUALITY_OK,ThinkPad T14s Gen 6,Sunwoda,5B11M90105,,2026-06-03T12:47:30
SHAUSER-F62JTB9_shauser,REVIEW_INSUFFICIENT_DATA,ACTION_COLLECT_MORE_DATA_OR_MANUAL_REVIEW,review,,55.7,5.5,"obs_days=22.0, n_samples=242, quality=QUALITY_SHORT_OBS -> insufficient/uncertain data",2.9,2,0.0,0,0,0,,,0.5122,23.0,100.0,77.0,21.97,QUALITY_SHORT_OBS,ThinkPad T16 Gen 5,Sunwoda,5B11M90169,観測期間・サンプル数・カウンタ整合性のいずれかが不足しており、信頼できる介入判定ができません。追加データ収集または手動レビューが必要です。,2026-06-03T12:47:30
SHAUSER-W0J2TNX_shauser,NORMAL_OR_RESPONDING,ACTION_NONE,high,,62.9,10.7,"flat_tail=4.1d, fcc_changes=32, tail_cyc=0.0, tail_ok[90/80/85]=0/0/0 -> FCC still updating / not a no-low-change candidate",4.1,32,0.0,0,0,0,,,0.6091,30.0,100.0,70.0,140.03,QUALITY_OK,ThinkPad L13 Gen 6,SMP,5B11M90129,,2026-06-03T12:47:30
SHIGE_MS2ARL,REVIEW_INSUFFICIENT_DATA,ACTION_COLLECT_MORE_DATA_OR_MANUAL_REVIEW,review,,60.0,5.0,"obs_days=105.2, n_samples=1132, quality=QUALITY_SHORT_OBS -> insufficient/uncertain data",0.2,33,0.0,0,0,0,,,0.6424,85.0,100.0,15.0,105.24,QUALITY_SHORT_OBS,ThinkPad X1 2-in-1 Gen 10,SMP,5B11M90097,観測期間・サンプル数・カウンタ整合性のいずれかが不足しており、信頼できる介入判定ができません。追加データ収集または手動レビューが必要です。,2026-06-03T12:47:30
SHIGE_TH1,REVIEW_INSUFFICIENT_DATA,ACTION_COLLECT_MORE_DATA_OR_MANUAL_REVIEW,review,,53.6,5.7,"obs_days=51.9, n_samples=891, quality=QUALITY_SHORT_OBS -> insufficient/uncertain data",1.8,18,2.0,0,0,0,,,0.4659,17.0,100.0,83.0,51.86,QUALITY_SHORT_OBS,ThinkPad X1 Carbon Gen 12,SMP,5B11H56383,観測期間・サンプル数・カウンタ整合性のいずれかが不足しており、信頼できる介入判定ができません。追加データ収集または手動レビューが必要です。,2026-06-03T12:47:30
SHIGE_TH1SVT,NORMAL_OR_RESPONDING,ACTION_NONE,high,,65.0,12.3,"flat_tail=13.9d, fcc_changes=111, tail_cyc=0.0, tail_ok[90/80/85]=0/0/0 -> FCC still updating / not a no-low-change candidate",13.9,111,0.0,0,0,0,,,0.3256,78.0,100.0,22.0,318.92,QUALITY_OK,ThinkPad X1 Carbon Gen 12,Celxpert,5B11H56384,,2026-06-03T12:47:30
SHIGUCHI-3_shiguchi,NORMAL_OR_RESPONDING,ACTION_NONE,high,,73.6,14.1,"flat_tail=24.8d, fcc_changes=5, tail_cyc=0.0, tail_ok[90/80/85]=0/0/0 -> FCC still updating / not a no-low-change candidate",24.8,5,0.0,0,0,0,,,0.9734,81.0,100.0,19.0,125.71,QUALITY_OK,ThinkPad X12 Detachable Gen 2,Celxpert,5B10Z26487,,2026-06-03T12:47:30
SITZ13G2JN5BETA_jnunez5,NORMAL_OR_RESPONDING,ACTION_NONE,high,,70.0,10.0,"flat_tail=0.0d, fcc_changes=41, tail_cyc=0.0, tail_ok[90/80/85]=0/0/0 -> FCC still updating / not a no-low-change candidate",0.0,41,0.0,0,0,0,,,,33.0,33.0,0.0,161.75,QUALITY_OK,ThinkPad Z13 Gen 2,BYD,5B10W51883,,2026-06-03T12:47:30
SIWAI-PF43AVX9_siwai,NORMAL_OR_RESPONDING,ACTION_NONE,high,,44.8,71.4,"flat_tail=109.0d, fcc_changes=9, tail_cyc=41.0, tail_ok[90/80/85]=1/1/1 -> FCC still updating / not a no-low-change candidate",109.0,9,41.0,1,1,1,0.0,0.0,0.4163,0.0,100.0,100.0,469.61,QUALITY_OK,ThinkPad X1 Yoga Gen 7,SMP,5B10W13973,,2026-06-03T12:47:30
SIWAI-PF462GGQ_localuser,REVIEW_INSUFFICIENT_DATA,ACTION_COLLECT_MORE_DATA_OR_MANUAL_REVIEW,review,,46.5,59.4,"obs_days=114.2, n_samples=1616, quality=QUALITY_SHORT_OBS -> insufficient/uncertain data",114.2,0,47.0,0,1,0,0.0,0.0,0.4999,7.0,100.0,93.0,114.2,QUALITY_SHORT_OBS,ThinkPad X1 Yoga Gen 7,SMP,5B11M90056,観測期間・サンプル数・カウンタ整合性のいずれかが不足しており、信頼できる介入判定ができません。追加データ収集または手動レビューが必要です。,2026-06-03T12:47:30
SIWAI-PF462GGQ_siwai,REVIEW_INSUFFICIENT_DATA,ACTION_COLLECT_MORE_DATA_OR_MANUAL_REVIEW,review,,45.4,57.5,"obs_days=107.4, n_samples=1459, quality=QUALITY_SHORT_OBS -> insufficient/uncertain data",107.4,0,43.0,0,1,0,0.0,0.0,0.4999,7.0,100.0,93.0,107.36,QUALITY_SHORT_OBS,ThinkPad X1 Yoga Gen 7,SMP,5B11M90056,観測期間・サンプル数・カウンタ整合性のいずれかが不足しており、信頼できる介入判定ができません。追加データ収集または手動レビューが必要です。,2026-06-03T12:47:30
SIWAI-PF5P5JF7_siwai,NORMAL_OR_RESPONDING,ACTION_NONE,high,,63.0,10.1,"flat_tail=0.3d, fcc_changes=33, tail_cyc=0.0, tail_ok[90/80/85]=0/0/0 -> FCC still updating / not a no-low-change candidate",0.3,33,0.0,0,0,0,,,0.3658,79.0,100.0,21.0,165.18,QUALITY_OK,ThinkPad X1 2-in-1 Gen 10,BYD,5B11M90100,,2026-06-03T12:47:30
SKADUKUNTLA-MTB_skadukuntla,NORMAL_OR_RESPONDING,ACTION_NONE,high,,64.8,11.2,"flat_tail=7.0d, fcc_changes=26, tail_cyc=0.0, tail_ok[90/80/85]=0/0/0 -> FCC still updating / not a no-low-change candidate",7.0,26,0.0,0,0,0,,,0.6812,31.0,81.0,50.0,221.04,QUALITY_OK,ThinkPad L13 Gen 6,SMP,5B11M90129,,2026-06-03T12:47:30
SKAWANO-F2PXEKF_seiuchi,NORMAL_OR_RESPONDING,ACTION_NONE,high,,69.1,14.3,"flat_tail=24.6d, fcc_changes=312, tail_cyc=1.0, tail_ok[90/80/85]=0/0/0 -> FCC still updating / not a no-low-change candidate",24.6,312,1.0,0,0,0,,,0.7738,23.0,99.0,76.0,161.8,QUALITY_OK,ThinkPad X1 Carbon Gen 9,Celxpert,5B10W13974,,2026-06-03T12:47:30
SKAWANO-F2PXEKF_skawano,NORMAL_OR_RESPONDING,ACTION_NONE,high,,68.9,14.1,"flat_tail=23.1d, fcc_changes=317, tail_cyc=1.0, tail_ok[90/80/85]=0/0/0 -> FCC still updating / not a no-low-change candidate",23.1,317,1.0,0,0,0,,,0.7758,78.0,100.0,22.0,330.96,QUALITY_OK,ThinkPad X1 Carbon Gen 9,Celxpert,5B10W13974,,2026-06-03T12:47:30
SKEENER-W0A2BT8_skeener,NORMAL_OR_RESPONDING,ACTION_NONE,high,,69.6,10.4,"flat_tail=2.6d, fcc_changes=394, tail_cyc=0.0, tail_ok[90/80/85]=0/0/0 -> FCC still updating / not a no-low-change candidate",2.6,394,0.0,0,0,0,,,0.9601,83.0,100.0,17.0,791.14,QUALITY_OK,ThinkPad L14 Gen 5,SMP,5B11H56396,,2026-06-03T12:47:30
SKOYAMA-F2Q1LZA_skoyama,NORMAL_OR_RESPONDING,ACTION_NONE,high,,69.5,10.2,"flat_tail=0.0d, fcc_changes=123, tail_cyc=1.0, tail_ok[90/80/85]=0/0/0 -> FCC still updating / not a no-low-change candidate",0.0,123,1.0,0,0,0,,,1.0,37.0,70.0,33.0,559.95,QUALITY_OK,ThinkPad T14 Gen 1,,,,2026-06-03T12:47:30
SLO10-PF68EAMW_slo10,REVIEW_INSUFFICIENT_DATA,ACTION_COLLECT_MORE_DATA_OR_MANUAL_REVIEW,review,,65.7,5.8,"obs_days=51.0, n_samples=1126, quality=QUALITY_SHORT_OBS -> insufficient/uncertain data",5.0,4,0.0,0,0,0,,,0.9916,97.0,100.0,3.0,51.04,QUALITY_SHORT_OBS,ThinkPad X1 Carbon Gen 14,ATL,5B11M90161,観測期間・サンプル数・カウンタ整合性のいずれかが不足しており、信頼できる介入判定ができません。追加データ収集または手動レビューが必要です。,2026-06-03T12:47:30
SORIDE-50000008_soride,REVIEW_INSUFFICIENT_DATA,ACTION_COLLECT_MORE_DATA_OR_MANUAL_REVIEW,review,,69.4,10.3,"obs_days=100.7, n_samples=688, quality=QUALITY_SHORT_OBS -> insufficient/uncertain data",31.7,3,0.0,0,0,0,,,0.9548,90.0,100.0,10.0,100.72,QUALITY_SHORT_OBS,ThinkPad P1 Gen 7,Celxpert,5B11M37552,観測期間・サンプル数・カウンタ整合性のいずれかが不足しており、信頼できる介入判定ができません。追加データ収集または手動レビューが必要です。,2026-06-03T12:47:30
SPAVLIC-F66MQCF_SPAVLIC,REVIEW_INSUFFICIENT_DATA,ACTION_COLLECT_MORE_DATA_OR_MANUAL_REVIEW,review,,58.5,5.1,"obs_days=27.0, n_samples=478, quality=QUALITY_SHORT_OBS -> insufficient/uncertain data",0.7,7,0.0,0,0,0,,,0.6216,80.0,100.0,20.0,27.01,QUALITY_SHORT_OBS,ThinkPad T14 Gen 7,Sunwoda,5B11M90169,観測期間・サンプル数・カウンタ整合性のいずれかが不足しており、信頼できる介入判定ができません。追加データ収集または手動レビューが必要です。,2026-06-03T12:47:30
SPETERSEN2-SBS6_spetersen2,REVIEW_INSUFFICIENT_DATA,ACTION_COLLECT_MORE_DATA_OR_MANUAL_REVIEW,review,,65.0,5.0,"obs_days=34.8, n_samples=326, quality=QUALITY_SHORT_OBS -> insufficient/uncertain data",0.0,7,0.0,0,0,0,,,,93.0,93.0,0.0,34.77,QUALITY_SHORT_OBS,ThinkPad T14s Gen 6,SMP,5B11M90107,観測期間・サンプル数・カウンタ整合性のいずれかが不足しており、信頼できる介入判定ができません。追加データ収集または手動レビューが必要です。,2026-06-03T12:47:30
SPOSHAR-W0J2TP0_sposhar,NORMAL_OR_RESPONDING,ACTION_NONE,high,,51.5,10.0,"flat_tail=0.2d, fcc_changes=144, tail_cyc=0.0, tail_ok[90/80/85]=0/0/0 -> FCC still updating / not a no-low-change candidate",0.2,144,0.0,0,0,0,,,0.0724,40.0,100.0,60.0,280.03,QUALITY_OK,ThinkPad L13 Gen 6,SMP,5B11M90129,,2026-06-03T12:47:30
SSPINNER-000090_sspinner,NORMAL_OR_RESPONDING,ACTION_NONE,high,,60.8,10.2,"flat_tail=1.1d, fcc_changes=246, tail_cyc=0.0, tail_ok[90/80/85]=0/0/0 -> FCC still updating / not a no-low-change candidate",1.1,246,0.0,0,0,0,,,0.5292,19.0,100.0,81.0,434.09,QUALITY_OK,ThinkPad L13 2-in-1 Gen 6,SMP,5B11M90129,,2026-06-03T12:47:30
SSUGIMOTO2-0011_ssugimoto2,REVIEW_INSUFFICIENT_DATA,ACTION_COLLECT_MORE_DATA_OR_MANUAL_REVIEW,review,,64.0,7.7,"obs_days=15.2, n_samples=271, quality=QUALITY_SHORT_OBS -> insufficient/uncertain data",15.2,0,1.0,0,0,0,,,0.8477,62.0,100.0,38.0,15.18,QUALITY_SHORT_OBS,ThinkPad P1 Gen 8,Sunwoda,5B11M37553,観測期間・サンプル数・カウンタ整合性のいずれかが不足しており、信頼できる介入判定ができません。追加データ収集または手動レビューが必要です。,2026-06-03T12:47:30
SSUGIMOTO2-6_ssugimoto2,NORMAL_OR_RESPONDING,ACTION_NONE,high,,61.8,11.8,"flat_tail=10.6d, fcc_changes=39, tail_cyc=0.0, tail_ok[90/80/85]=0/0/0 -> FCC still updating / not a no-low-change candidate",10.6,39,0.0,0,0,0,,,0.3369,65.0,95.0,30.0,472.83,QUALITY_OK,ThinkPad P1 Gen 7,Sunwoda,5B11M37553,,2026-06-03T12:47:30
SSUGIMOTO2-7_ssugimoto2,NORMAL_OR_RESPONDING,ACTION_NONE,high,,74.1,15.0,"flat_tail=29.8d, fcc_changes=32, tail_cyc=0.0, tail_ok[90/80/85]=0/0/0 -> FCC still updating / not a no-low-change candidate",29.8,32,0.0,0,0,0,,,0.9547,52.0,100.0,48.0,722.13,QUALITY_OK,ThinkPad P1 Gen 7,Sunwoda,5B11M37553,,2026-06-03T12:47:30
SSUGIMOTO2-PSSK_ssugimoto2,NORMAL_OR_RESPONDING,ACTION_NONE,high,,69.0,12.9,"flat_tail=17.6d, fcc_changes=28, tail_cyc=0.0, tail_ok[90/80/85]=0/0/0 -> FCC still updating / not a no-low-change candidate",17.6,28,0.0,0,0,0,,,0.8046,54.0,100.0,46.0,253.0,QUALITY_OK,ThinkPad P1 Gen 8,Sunwoda,5B11M37553,,2026-06-03T12:47:30
STAHAMTAN-MLH1C_stahamtan,NORMAL_OR_RESPONDING,ACTION_NONE,high,,66.0,10.0,"flat_tail=0.1d, fcc_changes=113, tail_cyc=0.0, tail_ok[90/80/85]=0/0/0 -> FCC still updating / not a no-low-change candidate",0.1,113,0.0,0,0,0,,,0.634,88.0,100.0,12.0,896.07,QUALITY_OK,ThinkPad X1 Carbon Gen 12,Celxpert,5B11H56384,,2026-06-03T12:47:30
STEVENLONG-EKAH_stevenlong,REVIEW_INSUFFICIENT_DATA,ACTION_COLLECT_MORE_DATA_OR_MANUAL_REVIEW,review,,59.7,0.0,"obs_days=115.1, n_samples=906, quality=QUALITY_COUNTER_RESET -> insufficient/uncertain data",0.0,32,0.0,0,0,0,,,0.2167,99.0,100.0,1.0,115.1,QUALITY_COUNTER_RESET,ThinkPad X1 Carbon Gen 13,Celxpert,5B11M90098,観測期間・サンプル数・カウンタ整合性のいずれかが不足しており、信頼できる介入判定ができません。追加データ収集または手動レビューが必要です。,2026-06-03T12:47:30
STEVENLONG-XACV_stevenlong,REVIEW_INSUFFICIENT_DATA,ACTION_COLLECT_MORE_DATA_OR_MANUAL_REVIEW,review,,59.8,5.8,"obs_days=105.9, n_samples=903, quality=QUALITY_SHORT_OBS -> insufficient/uncertain data",5.0,42,0.0,0,0,0,,,0.3652,82.0,100.0,18.0,105.89,QUALITY_SHORT_OBS,ThinkPad X1 Carbon Gen 12,Sunwoda,5B11H56385,観測期間・サンプル数・カウンタ整合性のいずれかが不足しており、信頼できる介入判定ができません。追加データ収集または手動レビューが必要です。,2026-06-03T12:47:30
SUGAP-PF2QQVFQ_SUGAP,NORMAL_OR_RESPONDING,ACTION_NONE,high,,70.1,10.1,"flat_tail=0.4d, fcc_changes=704, tail_cyc=0.0, tail_ok[90/80/85]=0/0/0 -> FCC still updating / not a no-low-change candidate",0.4,704,0.0,0,0,0,,,1.0,100.0,100.0,0.0,368.2,QUALITY_OK,ThinkPad X1 Carbon Gen 9,Celxpert,5B10W13974,,2026-06-03T12:47:30
SWIGGINS-0HBMT4_swiggins,NORMAL_OR_RESPONDING,ACTION_NONE,high,,50.0,10.0,"flat_tail=0.1d, fcc_changes=199, tail_cyc=0.0, tail_ok[90/80/85]=0/0/0 -> FCC still updating / not a no-low-change candidate",0.1,199,0.0,0,0,0,,,0.0003,33.0,94.0,61.0,336.05,QUALITY_OK,ThinkPad L13 Gen 6,SMP,5B11M90129,,2026-06-03T12:47:30
SYADAVILLI-NH12_syadavilli,NORMAL_OR_RESPONDING,ACTION_NONE,high,,72.0,12.0,"flat_tail=11.9d, fcc_changes=129, tail_cyc=0.0, tail_ok[90/80/85]=0/0/0 -> FCC still updating / not a no-low-change candidate",11.9,129,0.0,0,0,0,,,1.0,48.0,100.0,52.0,224.01,QUALITY_OK,ThinkPad P16 Gen 3,SMP,5B11M90135,,2026-06-03T12:47:30
SYAMAKI-9000027_s,REVIEW_INSUFFICIENT_DATA,ACTION_COLLECT_MORE_DATA_OR_MANUAL_REVIEW,review,,65.0,5.0,"obs_days=37.7, n_samples=700, quality=QUALITY_SHORT_OBS -> insufficient/uncertain data",0.1,4,0.0,0,0,0,,,1.0,97.0,97.0,0.0,37.7,QUALITY_SHORT_OBS,ThinkPad T14s Gen 6,Sunwoda,LNV-5B11H56404,観測期間・サンプル数・カウンタ整合性のいずれかが不足しており、信頼できる介入判定ができません。追加データ収集または手動レビューが必要です。,2026-06-03T12:47:30
SYANG30-W0KZBQZ_syang30,NORMAL_OR_RESPONDING,ACTION_NONE,high,,67.7,10.3,"flat_tail=2.0d, fcc_changes=95, tail_cyc=0.0, tail_ok[90/80/85]=0/0/0 -> FCC still updating / not a no-low-change candidate",2.0,95,0.0,0,0,0,,,0.6891,92.0,100.0,8.0,236.14,QUALITY_OK,ThinkPad T1g Gen 8,Sunwoda,5B11M37553,,2026-06-03T12:47:30
SYD6_zf,REVIEW_INSUFFICIENT_DATA,ACTION_COLLECT_MORE_DATA_OR_MANUAL_REVIEW,review,,61.8,8.0,"obs_days=14.3, n_samples=314, quality=QUALITY_SHORT_OBS -> insufficient/uncertain data",14.3,0,3.0,0,0,0,,,0.7982,29.0,100.0,71.0,14.33,QUALITY_SHORT_OBS,ThinkPad T14p Gen 2,SMP,5B11H56401,観測期間・サンプル数・カウンタ整合性のいずれかが不足しており、信頼できる介入判定ができません。追加データ収集または手動レビューが必要です。,2026-06-03T12:47:30
T14S-GEN5-REX_shensl3,REVIEW_INSUFFICIENT_DATA,ACTION_COLLECT_MORE_DATA_OR_MANUAL_REVIEW,review,,45.9,2.8,"obs_days=515.5, n_samples=8842, quality=QUALITY_COUNTER_RESET -> insufficient/uncertain data",16.5,244,0.0,0,0,0,,,0.1582,20.0,100.0,80.0,515.49,QUALITY_COUNTER_RESET,ThinkPad T14s Gen 5,SMP,5B11H56407,観測期間・サンプル数・カウンタ整合性のいずれかが不足しており、信頼できる介入判定ができません。追加データ収集または手動レビューが必要です。,2026-06-03T12:47:30
T14S2IN1_robbiet,REVIEW_INSUFFICIENT_DATA,ACTION_COLLECT_MORE_DATA_OR_MANUAL_REVIEW,review,,58.0,5.0,"obs_days=89.8, n_samples=858, quality=QUALITY_SHORT_OBS -> insufficient/uncertain data",0.2,28,0.0,0,0,0,,,0.6494,66.0,100.0,34.0,89.78,QUALITY_SHORT_OBS,ThinkPad T14s 2-in-1 Gen 1,ATL,5B11M90108,観測期間・サンプル数・カウンタ整合性のいずれかが不足しており、信頼できる介入判定ができません。追加データ収集または手動レビューが必要です。,2026-06-03T12:47:30
T14SG5-CBLI_cblindenbacher,NORMAL_OR_RESPONDING,ACTION_NONE,high,,78.3,18.8,"flat_tail=53.0d, fcc_changes=101, tail_cyc=0.0, tail_ok[90/80/85]=0/0/0 -> FCC still updating / not a no-low-change candidate",53.0,101,0.0,0,0,0,,,0.9741,76.0,100.0,24.0,839.34,QUALITY_OK,ThinkPad T14s Gen 5,Celxpert,5B11H56406,,2026-06-03T12:47:30
TAJISAKA-49SXPJ_tajisaka,ACTIONABLE_GAUGE_RESET_NO_OPPORTUNITY,ACTION_GAUGE_RESET,high,NO_OPPORTUNITY_AC_BOUND,83.9,50.0,"flat_tail=573.9d, fcc_changes=5, tail_cyc=69.0, tail_ok[90/80/85]=0/0/0, ac=0.94, min_rsoc=14.0, swing=86.0 -> no learning opportunity in flat tail",573.9,5,69.0,0,0,0,,,0.9438,14.0,100.0,86.0,965.97,QUALITY_OK,ThinkPad X1 Carbon Gen 10,SMP,5B11M90056,FCC/SoHが長期間更新されていませんが、ログ上は深い放電→再充電の学習機会が不足しています。安全な環境でOEM推奨のバッテリーゲージリセット/キャリブレーションを実施し、その後72h〜7日間のテレメトリでFCC更新有無を確認してください。,2026-06-03T12:47:30
TBERDAR-F4G0ASQ_tberdar,ACTIONABLE_FW_CHECK_OPPORTUNITY_NO_RESPONSE,ACTION_FW_CHECK,medium,LOW_UPDATE_RATE_WITH_OPPORTUNITIES,57.3,77.8,"flat_tail=155.1d, fcc_changes=1, tail_cyc=61.0, tail_ok[90/80/85]=0/2/0, resp72h(rel)=0.000 -> opportunities present but FCC did not respond",155.1,1,61.0,0,2,0,0.0,0.0,0.657,4.0,100.0,96.0,182.12,QUALITY_OK,ThinkPad T14 Gen 4,LG,5B10W51863,FCC/SoHが長期間更新されておらず、ログ上は深い放電→再充電の学習機会が複数回確認されています。通常のキャリブレーション機会があったにもかかわらずFCC応答がないため、BIOS/EC/バッテリー関連FWのVersion確認とアップデート有無確認を優先してください。アップデート後、次回の学習機会後72h〜7日間でFCC更新有無を確認してください。,2026-06-03T12:47:30
TBERDAR-F4RM5MK_tberdar,REVIEW_INSUFFICIENT_DATA,ACTION_COLLECT_MORE_DATA_OR_MANUAL_REVIEW,review,,56.2,5.2,"obs_days=119.2, n_samples=1653, quality=QUALITY_SHORT_OBS -> insufficient/uncertain data",1.0,51,0.0,0,0,0,,,0.5529,50.0,100.0,50.0,119.18,QUALITY_SHORT_OBS,ThinkPad X1 Carbon Gen 12,SMP,5B11H56383,観測期間・サンプル数・カウンタ整合性のいずれかが不足しており、信頼できる介入判定ができません。追加データ収集または手動レビューが必要です。,2026-06-03T12:47:30
TBERDAR-F5DC8CG_tberdar,NORMAL_OR_RESPONDING,ACTION_NONE,high,,62.1,10.5,"flat_tail=2.8d, fcc_changes=150, tail_cyc=0.0, tail_ok[90/80/85]=0/0/0 -> FCC still updating / not a no-low-change candidate",2.8,150,0.0,0,0,0,,,0.0946,75.0,100.0,25.0,413.07,QUALITY_OK,ThinkPad X9-14 Gen 1,Sunwoda,LNV-5B11M90102,,2026-06-03T12:47:30
TBERDAR-F62QQCF_tberdar,NORMAL_OR_RESPONDING,ACTION_NONE,high,,57.7,10.2,"flat_tail=1.2d, fcc_changes=47, tail_cyc=0.0, tail_ok[90/80/85]=0/0/0 -> FCC still updating / not a no-low-change candidate",1.2,47,0.0,0,0,0,,,0.3726,15.0,100.0,85.0,126.12,QUALITY_OK,ThinkPad T14 Gen 7,Celxpert,5B11M90174,,2026-06-03T12:47:30
TCHONAN-F49QH11_tchonan,NORMAL_OR_RESPONDING,ACTION_NONE,high,,69.2,10.2,"flat_tail=1.0d, fcc_changes=955, tail_cyc=0.0, tail_ok[90/80/85]=0/0/0 -> FCC still updating / not a no-low-change candidate",1.0,955,0.0,0,0,0,,,0.8299,97.0,100.0,3.0,467.12,QUALITY_OK,ThinkPad X1 Carbon Gen 10,,,,2026-06-03T12:47:30
THAMES2BESVT_apham,REVIEW_INSUFFICIENT_DATA,ACTION_COLLECT_MORE_DATA_OR_MANUAL_REVIEW,review,,63.9,6.3,"obs_days=75.9, n_samples=968, quality=QUALITY_SHORT_OBS -> insufficient/uncertain data",7.9,21,0.0,0,0,0,,,0.8815,87.0,100.0,13.0,75.94,QUALITY_SHORT_OBS,ThinkPad X1 Carbon Gen 13,SMP,5B11M90097,観測期間・サンプル数・カウンタ整合性のいずれかが不足しており、信頼できる介入判定ができません。追加データ収集または手動レビューが必要です。,2026-06-03T12:47:30
THAMES2EEPSVT_apham,REVIEW_INSUFFICIENT_DATA,ACTION_COLLECT_MORE_DATA_OR_MANUAL_REVIEW,review,,63.0,5.5,"obs_days=66.3, n_samples=1518, quality=QUALITY_SHORT_OBS -> insufficient/uncertain data",3.1,16,0.0,0,0,0,,,0.8753,92.0,100.0,8.0,66.32,QUALITY_SHORT_OBS,ThinkPad X1 Carbon Gen 13,SMP,5B11M90097,観測期間・サンプル数・カウンタ整合性のいずれかが不足しており、信頼できる介入判定ができません。追加データ収集または手動レビューが必要です。,2026-06-03T12:47:30
THAMES_SIT,NORMAL_OR_RESPONDING,ACTION_NONE,high,,58.9,16.8,"flat_tail=40.7d, fcc_changes=16, tail_cyc=0.0, tail_ok[90/80/85]=0/0/0 -> FCC still updating / not a no-low-change candidate",40.7,16,0.0,0,0,0,,,0.1036,33.0,98.0,65.0,146.9,QUALITY_OK,ThinkPad X1 Carbon Gen 12,Celxpert,5B11H56384,,2026-06-03T12:47:30
THANNA-PF3SLBYQ_thanna,NORMAL_OR_RESPONDING,ACTION_NONE,high,,77.3,18.1,"flat_tail=48.6d, fcc_changes=52, tail_cyc=0.0, tail_ok[90/80/85]=0/0/0 -> FCC still updating / not a no-low-change candidate",48.6,52,0.0,0,0,0,,,0.959,36.0,100.0,64.0,759.3,QUALITY_OK,ThinkPad P16v Gen 1,Celxpert,5B11H56374,,2026-06-03T12:47:30
THANNA-PW0KQC0Y_thanna,NORMAL_OR_RESPONDING,ACTION_NONE,high,,70.4,11.2,"flat_tail=7.0d, fcc_changes=81, tail_cyc=0.0, tail_ok[90/80/85]=0/0/0 -> FCC still updating / not a no-low-change candidate",7.0,81,0.0,0,0,0,,,0.9637,87.0,100.0,13.0,266.0,QUALITY_OK,ThinkPad P1 Gen 8,Sunwoda,5B11M37553,,2026-06-03T12:47:30
THANSON-F5NV1S7_thanson,NORMAL_OR_RESPONDING,ACTION_NONE,high,,70.0,10.0,"flat_tail=0.1d, fcc_changes=132, tail_cyc=0.0, tail_ok[90/80/85]=0/0/0 -> FCC still updating / not a no-low-change candidate",0.1,132,0.0,0,0,0,,,1.0,75.0,100.0,25.0,252.01,QUALITY_OK,ThinkPad P14s Gen 6,Sunwoda,5B11M90119,,2026-06-03T12:47:30
TK-THAMES2_takay,ACTIONABLE_GAUGE_RESET_NO_OPPORTUNITY,ACTION_GAUGE_RESET,high,NO_OPPORTUNITY_LOW_CYCLING,81.8,43.6,"flat_tail=193.2d, fcc_changes=1, tail_cyc=18.0, tail_ok[90/80/85]=0/0/0, ac=0.54, min_rsoc=6.0, swing=94.0 -> no learning opportunity in flat tail",193.2,1,18.0,0,0,0,,,0.5392,6.0,100.0,94.0,331.67,QUALITY_OK,ThinkPad X1 Carbon Gen 13,SMP,5B11M90097,FCC/SoHが長期間更新されていませんが、ログ上は深い放電→再充電の学習機会が不足しています。安全な環境でOEM推奨のバッテリーゲージリセット/キャリブレーションを実施し、その後72h〜7日間のテレメトリでFCC更新有無を確認してください。,2026-06-03T12:47:30
TKOIKE-PF43BEK1_tkoide,NORMAL_OR_RESPONDING,ACTION_NONE,high,,78.5,35.4,"flat_tail=139.0d, fcc_changes=18, tail_cyc=11.0, tail_ok[90/80/85]=0/0/0 -> FCC still updating / not a no-low-change candidate",139.0,18,11.0,0,0,0,,,0.5428,0.0,100.0,100.0,1154.12,QUALITY_OK,ThinkPad X1 Carbon Gen 10,SMP,5B11M90056,,2026-06-03T12:47:30
TLIN29-PF4EHFCT_tlin29,NORMAL_OR_RESPONDING,ACTION_NONE,high,,66.9,10.2,"flat_tail=1.2d, fcc_changes=52, tail_cyc=0.0, tail_ok[90/80/85]=0/0/0 -> FCC still updating / not a no-low-change candidate",1.2,52,0.0,0,0,0,,,0.8368,90.0,100.0,10.0,280.1,QUALITY_OK,ThinkPad X13 Gen 4,Celxpert,5B11H56367,,2026-06-03T12:47:30
TM1SIT1XPF4LA6X_EEP,ACTIONABLE_GAUGE_RESET_NO_OPPORTUNITY,ACTION_GAUGE_RESET,high,NO_OPPORTUNITY_AC_BOUND;NO_OPPORTUNITY_LOW_CYCLING,90.3,42.8,"flat_tail=286.8d, fcc_changes=13, tail_cyc=14.0, tail_ok[90/80/85]=0/0/0, ac=0.87, min_rsoc=1.0, swing=95.0 -> no learning opportunity in flat tail",286.8,13,14.0,0,0,0,,,0.8668,1.0,96.0,95.0,642.78,QUALITY_OK,ThinkPad X1 Carbon Gen 12,SMP,5B11H56383,FCC/SoHが長期間更新されていませんが、ログ上は深い放電→再充電の学習機会が不足しています。安全な環境でOEM推奨のバッテリーゲージリセット/キャリブレーションを実施し、その後72h〜7日間のテレメトリでFCC更新有無を確認してください。,2026-06-03T12:47:30
TMIYAMOTO1-75C2_tmiyamoto1,REVIEW_INSUFFICIENT_DATA,ACTION_COLLECT_MORE_DATA_OR_MANUAL_REVIEW,review,,59.2,5.2,"obs_days=42.0, n_samples=911, quality=QUALITY_SHORT_OBS -> insufficient/uncertain data",1.0,45,0.0,0,0,0,,,0.7018,61.0,100.0,39.0,42.01,QUALITY_SHORT_OBS,ThinkPad T14s Gen 3,BYD,LNV-5B10W51877,観測期間・サンプル数・カウンタ整合性のいずれかが不足しており、信頼できる介入判定ができません。追加データ収集または手動レビューが必要です。,2026-06-03T12:47:30
TMOCHIZUKI-FHMH_tmochizuki,ACTIONABLE_GAUGE_RESET_NO_OPPORTUNITY,ACTION_GAUGE_RESET,high,NO_OPPORTUNITY_AC_BOUND;NO_OPPORTUNITY_LOW_CYCLING,97.6,40.8,"flat_tail=312.3d, fcc_changes=0, tail_cyc=4.0, tail_ok[90/80/85]=0/0/0, ac=0.98, min_rsoc=2.0, swing=98.0 -> no learning opportunity in flat tail",312.3,0,4.0,0,0,0,,,0.9788,2.0,100.0,98.0,312.26,QUALITY_OK,ThinkPad T14 Gen 4,Celxpert,5B10W51866,FCC/SoHが長期間更新されていませんが、ログ上は深い放電→再充電の学習機会が不足しています。安全な環境でOEM推奨のバッテリーゲージリセット/キャリブレーションを実施し、その後72h〜7日間のテレメトリでFCC更新有無を確認してください。,2026-06-03T12:47:30
TMORIWAKI-00019_tmoriwaki,NORMAL_OR_RESPONDING,ACTION_NONE,high,,70.0,10.0,"flat_tail=0.1d, fcc_changes=92, tail_cyc=0.0, tail_ok[90/80/85]=0/0/0 -> FCC still updating / not a no-low-change candidate",0.1,92,0.0,0,0,0,,,1.0,100.0,100.0,0.0,273.86,QUALITY_OK,ThinkPad P1 Gen 7,Celxpert,5B11M37552,,2026-06-03T12:47:30
TNAKAMURA8-CRZW_tnakamura8,ACTIONABLE_FW_CHECK_OPPORTUNITY_NO_RESPONSE,ACTION_FW_CHECK,high,TERMINAL_FREEZE_AFTER_OPPORTUNITIES,57.3,100.0,"flat_tail=328.4d, fcc_changes=11, tail_cyc=108.0, tail_ok[90/80/85]=3/3/3, resp72h(rel)=0.000 -> opportunities present but FCC did not respond",328.4,11,108.0,3,3,3,0.0,0.0,0.6882,0.0,100.0,100.0,852.9,QUALITY_OK,ThinkPad X1 Carbon Gen 10,Sunwoda,5B10W13975,FCC/SoHが長期間更新されておらず、ログ上は深い放電→再充電の学習機会が複数回確認されています。通常のキャリブレーション機会があったにもかかわらずFCC応答がないため、BIOS/EC/バッテリー関連FWのVersion確認とアップデート有無確認を優先してください。アップデート後、次回の学習機会後72h〜7日間でFCC更新有無を確認してください。,2026-06-03T12:47:30
TOM_thiller,NORMAL_OR_RESPONDING,ACTION_NONE,high,,69.6,11.0,"flat_tail=6.1d, fcc_changes=38, tail_cyc=0.0, tail_ok[90/80/85]=0/0/0 -> FCC still updating / not a no-low-change candidate",6.1,38,0.0,0,0,0,,,0.9301,94.0,100.0,6.0,363.98,QUALITY_OK,ThinkPad L16 Gen 2,Sunwoda,5B11M90110,,2026-06-03T12:47:30
TP-X1C-G11_emmet,ACTIONABLE_GAUGE_RESET_NO_OPPORTUNITY,ACTION_GAUGE_RESET,medium,NO_OPPORTUNITY_UNSPECIFIED,80.4,43.8,"flat_tail=176.5d, fcc_changes=1, tail_cyc=22.0, tail_ok[90/80/85]=0/0/0, ac=0.60, min_rsoc=1.0, swing=99.0 -> no learning opportunity in flat tail",176.5,1,22.0,0,0,0,,,0.5968,1.0,100.0,99.0,185.27,QUALITY_OK,ThinkPad X1 Carbon Gen 11,Sunwoda,5B10W13975,FCC/SoHが長期間更新されていませんが、ログ上は深い放電→再充電の学習機会が不足しています。安全な環境でOEM推奨のバッテリーゲージリセット/キャリブレーションを実施し、その後72h〜7日間のテレメトリでFCC更新有無を確認してください。,2026-06-03T12:47:30
TPARRISH2-00047_tparrish2,REVIEW_INSUFFICIENT_DATA,ACTION_COLLECT_MORE_DATA_OR_MANUAL_REVIEW,review,,65.0,5.0,"obs_days=84.9, n_samples=506, quality=QUALITY_SHORT_OBS -> insufficient/uncertain data",0.0,14,0.0,0,0,0,,,1.0,94.0,100.0,6.0,84.94,QUALITY_SHORT_OBS,ThinkPad P1 Gen 9,COSMX,5B11M90164,観測期間・サンプル数・カウンタ整合性のいずれかが不足しており、信頼できる介入判定ができません。追加データ収集または手動レビューが必要です。,2026-06-03T12:47:30
TRICHARDSON-GP9_trichardson,NORMAL_OR_RESPONDING,ACTION_NONE,high,,70.0,10.0,"flat_tail=0.0d, fcc_changes=129, tail_cyc=0.0, tail_ok[90/80/85]=0/0/0 -> FCC still updating / not a no-low-change candidate",0.0,129,0.0,0,0,0,,,,96.0,96.0,0.0,660.99,QUALITY_OK,ThinkPad P1 Gen 6,Sunwoda,5B11K07737,,2026-06-03T12:47:30
TRICHARDSON-NKH_trichardson,NORMAL_OR_RESPONDING,ACTION_NONE,high,,60.9,10.1,"flat_tail=0.6d, fcc_changes=44, tail_cyc=0.0, tail_ok[90/80/85]=0/0/0 -> FCC still updating / not a no-low-change candidate",0.6,44,0.0,0,0,0,,,0.5398,49.0,99.0,50.0,238.04,QUALITY_OK,ThinkPad P14s Gen 6,Sunwoda,5B11M90121,,2026-06-03T12:47:30
TSCOTT2-F4RVJLS_tscott2,NORMAL_OR_RESPONDING,ACTION_NONE,high,,70.9,13.9,"flat_tail=23.4d, fcc_changes=109, tail_cyc=0.0, tail_ok[90/80/85]=0/0/0 -> FCC still updating / not a no-low-change candidate",23.4,109,0.0,0,0,0,,,0.0003,3.0,12.0,9.0,411.51,QUALITY_OK,ThinkPad T14s Gen 5,SMP,5B11H56407,,2026-06-03T12:47:30
TSCOTT2-F58PHQH_tscott2,NORMAL_OR_RESPONDING,ACTION_NONE,high,,66.0,10.0,"flat_tail=0.1d, fcc_changes=88, tail_cyc=0.0, tail_ok[90/80/85]=0/0/0 -> FCC still updating / not a no-low-change candidate",0.1,88,0.0,0,0,0,,,0.2176,88.0,100.0,12.0,399.01,QUALITY_OK,ThinkPad X1 Carbon Gen 13,BYD,5B11M90100,,2026-06-03T12:47:30
TSCOTT2-F5CERG3_tscott2,REVIEW_INSUFFICIENT_DATA,ACTION_COLLECT_MORE_DATA_OR_MANUAL_REVIEW,review,,53.7,6.0,"obs_days=47.9, n_samples=403, quality=QUALITY_SHORT_OBS -> insufficient/uncertain data",6.1,13,0.0,0,0,0,,,0.2312,63.0,100.0,37.0,47.91,QUALITY_SHORT_OBS,ThinkPad X1 2-in-1 Gen 10,SMP,5B11M90097,観測期間・サンプル数・カウンタ整合性のいずれかが不足しており、信頼できる介入判定ができません。追加データ収集または手動レビューが必要です。,2026-06-03T12:47:30
TSUZUKI26-9VQR2_tsuzuki26,NORMAL_OR_RESPONDING,ACTION_NONE,high,,66.3,10.3,"flat_tail=1.9d, fcc_changes=18, tail_cyc=0.0, tail_ok[90/80/85]=0/0/0 -> FCC still updating / not a no-low-change candidate",1.9,18,0.0,0,0,0,,,0.0,2.0,14.0,12.0,840.32,QUALITY_OK,ThinkPad X1 Yoga Gen 7,SMP,5B11M90056,,2026-06-03T12:47:30
TTARRATS-09S0Z9_ttarrats,NORMAL_OR_RESPONDING,ACTION_NONE,high,,70.2,10.4,"flat_tail=2.6d, fcc_changes=11, tail_cyc=0.0, tail_ok[90/80/85]=0/0/0 -> FCC still updating / not a no-low-change candidate",2.6,11,0.0,0,0,0,,,0.987,95.0,100.0,5.0,182.11,QUALITY_OK,ThinkPad L14 Gen 5,Sunwoda,5B11H56398,,2026-06-03T12:47:30
TTOMIMATSU-DC3F_ttomimatsu,NORMAL_OR_RESPONDING,ACTION_NONE,high,,70.5,10.5,"flat_tail=2.9d, fcc_changes=221, tail_cyc=0.0, tail_ok[90/80/85]=0/0/0 -> FCC still updating / not a no-low-change candidate",2.9,221,0.0,0,0,0,,,1.0,48.0,79.0,31.0,569.22,QUALITY_OK,ThinkPad X1 Yoga Gen 6,Celxpert,5B10W13974,,2026-06-03T12:47:30
TYLER_tparrish2,REVIEW_INSUFFICIENT_DATA,ACTION_COLLECT_MORE_DATA_OR_MANUAL_REVIEW,review,,65.9,6.5,"obs_days=119.0, n_samples=1208, quality=QUALITY_SHORT_OBS -> insufficient/uncertain data",8.9,5,0.0,0,0,0,,,0.9726,82.0,100.0,18.0,118.95,QUALITY_SHORT_OBS,ThinkPad T14s Gen 6,Celxpert,5B11M90106,観測期間・サンプル数・カウンタ整合性のいずれかが不足しており、信頼できる介入判定ができません。追加データ収集または手動レビューが必要です。,2026-06-03T12:47:30
UINABA-GM114QLP_uinaba,REVIEW_INSUFFICIENT_DATA,ACTION_COLLECT_MORE_DATA_OR_MANUAL_REVIEW,review,,61.9,5.2,"obs_days=20.1, n_samples=295, quality=QUALITY_SHORT_OBS -> insufficient/uncertain data",1.2,1,0.0,0,0,0,,,0.6857,90.0,100.0,10.0,20.07,QUALITY_SHORT_OBS,ThinkPad T14s Gen 6,SMP,5B11H56407,観測期間・サンプル数・カウンタ整合性のいずれかが不足しており、信頼できる介入判定ができません。追加データ収集または手動レビューが必要です。,2026-06-03T12:47:30
VBARONE-F67TWPP_vbarone,REVIEW_INSUFFICIENT_DATA,ACTION_COLLECT_MORE_DATA_OR_MANUAL_REVIEW,review,,63.3,7.6,"obs_days=14.1, n_samples=272, quality=QUALITY_SHORT_OBS -> insufficient/uncertain data",14.1,0,1.0,0,0,0,,,0.8212,49.0,100.0,51.0,14.08,QUALITY_SHORT_OBS,ThinkPad T14s Gen 7,Sunwoda,5B11M90160,観測期間・サンプル数・カウンタ整合性のいずれかが不足しており、信頼できる介入判定ができません。追加データ収集または手動レビューが必要です。,2026-06-03T12:47:30
VISHNU_vkotipalli1,NORMAL_OR_RESPONDING,ACTION_NONE,high,,50.1,10.2,"flat_tail=0.9d, fcc_changes=52, tail_cyc=0.0, tail_ok[90/80/85]=0/0/0 -> FCC still updating / not a no-low-change candidate",0.9,52,0.0,0,0,0,,,0.0,10.0,100.0,90.0,266.92,QUALITY_OK,ThinkPad P1 Gen 8,Sunwoda,5B11M37553,,2026-06-03T12:47:30
VSHARAK-F66KN1E_vsharak,REVIEW_INSUFFICIENT_DATA,ACTION_COLLECT_MORE_DATA_OR_MANUAL_REVIEW,review,,52.1,5.2,"obs_days=8.1, n_samples=256, quality=QUALITY_SHORT_OBS -> insufficient/uncertain data",0.9,3,0.0,0,0,0,,,0.0,61.0,100.0,39.0,8.07,QUALITY_SHORT_OBS,ThinkPad P14s Gen 7 AMD,BYD,5B11M90171,観測期間・サンプル数・カウンタ整合性のいずれかが不足しており、信頼できる介入判定ができません。追加データ収集または手動レビューが必要です。,2026-06-03T12:47:30
WANGLYB-5FGJED_wanglyb,REVIEW_INSUFFICIENT_DATA,ACTION_COLLECT_MORE_DATA_OR_MANUAL_REVIEW,review,,53.8,0.2,"obs_days=130.0, n_samples=2201, quality=QUALITY_COUNTER_RESET -> insufficient/uncertain data",1.4,55,0.0,0,0,0,,,0.6803,70.0,100.0,30.0,130.0,QUALITY_COUNTER_RESET,ThinkPad X1 Carbon Gen 13,SMP,5B11M90097,観測期間・サンプル数・カウンタ整合性のいずれかが不足しており、信頼できる介入判定ができません。追加データ収集または手動レビューが必要です。,2026-06-03T12:47:30
WANGTC3-F4210KH_wangtc3,WATCH_LOW_UPDATE_RATE_AMBIGUOUS,ACTION_MONITOR_OR_MANUAL_REVIEW,low,,66.4,18.4,"flat_tail=35.8d, fcc_changes=12, tail_cyc=12.0, tail_ok[90/80/85]=0/0/0, resp72h(rel)=NA -> ambiguous low-update",35.8,12,12.0,0,0,0,,,0.8226,2.0,100.0,98.0,851.86,QUALITY_OK,ThinkPad T14s Gen 3,SMP,5B10W51875,FCC更新率は低いものの完全凍結ではない/学習機会が少ない/データ品質が中程度のため、FW確認に回す前にモニタリングまたは手動レビューを推奨します。,2026-06-03T12:47:30
WCARTER-F3SKVGA_wcarter,NORMAL_OR_RESPONDING,ACTION_NONE,high,,67.1,17.1,"flat_tail=40.0d, fcc_changes=8, tail_cyc=2.0, tail_ok[90/80/85]=0/0/0 -> FCC still updating / not a no-low-change candidate",40.0,8,2.0,0,0,0,,,0.5728,6.0,100.0,94.0,304.82,QUALITY_OK,ThinkPad P16v Gen 1,SMP,5B11H56373,,2026-06-03T12:47:30
WCHANG11-4C429A_wchang11,NORMAL_OR_RESPONDING,ACTION_NONE,high,,72.2,12.2,"flat_tail=13.2d, fcc_changes=53, tail_cyc=0.0, tail_ok[90/80/85]=0/0/0 -> FCC still updating / not a no-low-change candidate",13.2,53,0.0,0,0,0,,,1.0,95.0,100.0,5.0,1071.0,QUALITY_OK,ThinkPad P16v Gen 1,Celxpert,5B11H56374,,2026-06-03T12:47:30
WCHANG11-4Y8ZWG_wchang11,NORMAL_OR_RESPONDING,ACTION_NONE,high,,62.9,14.5,"flat_tail=27.1d, fcc_changes=71, tail_cyc=0.0, tail_ok[90/80/85]=0/0/0 -> FCC still updating / not a no-low-change candidate",27.1,71,0.0,0,0,0,,,0.2715,65.0,100.0,35.0,700.19,QUALITY_OK,ThinkPad P16s Gen 3,Sunwoda,5B11H56402,,2026-06-03T12:47:30
WFELTER-F5HN5KV_wfelter,NORMAL_OR_RESPONDING,ACTION_NONE,high,,70.2,10.8,"flat_tail=4.8d, fcc_changes=40, tail_cyc=0.0, tail_ok[90/80/85]=0/0/0 -> FCC still updating / not a no-low-change candidate",4.8,40,0.0,0,0,0,,,0.9683,81.0,100.0,19.0,187.59,QUALITY_OK,ThinkPad P16 Gen 3,SMP,5B11M90135,,2026-06-03T12:47:30
WII-PF67AM0B_wii,REVIEW_INSUFFICIENT_DATA,ACTION_COLLECT_MORE_DATA_OR_MANUAL_REVIEW,review,,65.4,7.3,"obs_days=27.8, n_samples=293, quality=QUALITY_SHORT_OBS -> insufficient/uncertain data",14.0,1,0.0,0,0,0,,,0.9048,86.0,100.0,14.0,27.77,QUALITY_SHORT_OBS,ThinkPad T14 Gen 7,COSMX,5B11M90167,観測期間・サンプル数・カウンタ整合性のいずれかが不足しており、信頼できる介入判定ができません。追加データ収集または手動レビューが必要です。,2026-06-03T12:47:30
WOMALLEY-55RJ32_womalley,NORMAL_OR_RESPONDING,ACTION_NONE,high,,53.1,10.2,"flat_tail=1.1d, fcc_changes=226, tail_cyc=0.0, tail_ok[90/80/85]=0/0/0 -> FCC still updating / not a no-low-change candidate",1.1,226,0.0,0,0,0,,,0.1442,24.0,100.0,76.0,392.02,QUALITY_OK,ThinkPad T14 Gen 6,ATL,5B11M90125,,2026-06-03T12:47:30
WSHX016709_Lenovo,REVIEW_INSUFFICIENT_DATA,ACTION_COLLECT_MORE_DATA_OR_MANUAL_REVIEW,review,,63.8,5.2,"obs_days=58.5, n_samples=1077, quality=QUALITY_SHORT_OBS -> insufficient/uncertain data",1.3,6,0.0,0,0,0,,,0.9313,95.0,100.0,5.0,58.45,QUALITY_SHORT_OBS,ThinkPad X1 2-in-1 Gen 9,SMP,5B11H56383,観測期間・サンプル数・カウンタ整合性のいずれかが不足しており、信頼できる介入判定ができません。追加データ収集または手動レビューが必要です。,2026-06-03T12:47:30
X1-CARBON-G12_hewei,NORMAL_OR_RESPONDING,ACTION_NONE,high,,72.9,22.8,"flat_tail=65.7d, fcc_changes=2, tail_cyc=9.0, tail_ok[90/80/85]=0/0/0 -> FCC still updating / not a no-low-change candidate",65.7,2,9.0,0,0,0,,,0.822,27.0,98.0,71.0,133.05,QUALITY_OK,ThinkPad X1 Carbon Gen 12,SMP,5B11H56383,,2026-06-03T12:47:30
X1-LNL-BE-SIT_mripp,REVIEW_INSUFFICIENT_DATA,ACTION_COLLECT_MORE_DATA_OR_MANUAL_REVIEW,review,,65.3,5.5,"obs_days=66.7, n_samples=996, quality=QUALITY_SHORT_OBS -> insufficient/uncertain data",3.0,14,0.0,0,0,0,,,0.9881,93.0,100.0,7.0,66.67,QUALITY_SHORT_OBS,ThinkPad X1 Carbon Gen 13,Celxpert,5B11M90098,観測期間・サンプル数・カウンタ整合性のいずれかが不足しており、信頼できる介入判定ができません。追加データ収集または手動レビューが必要です。,2026-06-03T12:47:30
X13_2IN1,NORMAL_OR_RESPONDING,ACTION_NONE,high,,50.3,10.0,"flat_tail=0.2d, fcc_changes=242, tail_cyc=0.0, tail_ok[90/80/85]=0/0/0 -> FCC still updating / not a no-low-change candidate",0.2,242,0.0,0,0,0,,,0.0147,15.0,93.0,78.0,350.07,QUALITY_OK,ThinkPad X13 2-in-1 Gen 5,BYD,5B11M90051,,2026-06-03T12:47:30
X1C-G13-TK_E28508,NORMAL_OR_RESPONDING,ACTION_NONE,high,,70.0,10.0,"flat_tail=0.2d, fcc_changes=10, tail_cyc=0.0, tail_ok[90/80/85]=0/0/0 -> FCC still updating / not a no-low-change candidate",0.2,10,0.0,0,0,0,,,1.0,100.0,100.0,0.0,541.26,QUALITY_OK,ThinkPad X1 Carbon Gen 13,Celxpert,5B11M90098,,2026-06-03T12:47:30
X1C-LNL-SIT-EEP_mripp,REVIEW_INSUFFICIENT_DATA,ACTION_COLLECT_MORE_DATA_OR_MANUAL_REVIEW,review,,44.9,0.3,"obs_days=56.1, n_samples=1112, quality=QUALITY_COUNTER_RESET -> insufficient/uncertain data",0.9,22,1.0,0,0,0,,,0.2637,23.0,98.0,75.0,56.11,QUALITY_COUNTER_RESET,ThinkPad X1 Carbon Gen 13,SMP,5B11M90097,観測期間・サンプル数・カウンタ整合性のいずれかが不足しており、信頼できる介入判定ができません。追加データ収集または手動レビューが必要です。,2026-06-03T12:47:30
X1C13-2024_henry,REVIEW_INSUFFICIENT_DATA,ACTION_COLLECT_MORE_DATA_OR_MANUAL_REVIEW,review,,65.0,5.3,"obs_days=6.7, n_samples=300, quality=QUALITY_SHORT_OBS -> insufficient/uncertain data",2.1,2,0.0,0,0,0,,,0.9823,92.0,100.0,8.0,6.69,QUALITY_SHORT_OBS,ThinkPad X1 Carbon Gen 13,Sunwoda,5B11M90099,観測期間・サンプル数・カウンタ整合性のいずれかが不足しており、信頼できる介入判定ができません。追加データ収集または手動レビューが必要です。,2026-06-03T12:47:30
X1C13-SIT_X1C13,REVIEW_INSUFFICIENT_DATA,ACTION_COLLECT_MORE_DATA_OR_MANUAL_REVIEW,review,,51.7,0.2,"obs_days=118.1, n_samples=540, quality=QUALITY_COUNTER_RESET -> insufficient/uncertain data",1.1,16,0.0,0,0,0,,,0.5747,0.0,45.0,45.0,118.06,QUALITY_COUNTER_RESET,ThinkPad X1 Carbon Gen 13,SMP,5B11M90097,観測期間・サンプル数・カウンタ整合性のいずれかが不足しており、信頼できる介入判定ができません。追加データ収集または手動レビューが必要です。,2026-06-03T12:47:30
X1C_GEN13,REVIEW_INSUFFICIENT_DATA,ACTION_COLLECT_MORE_DATA_OR_MANUAL_REVIEW,review,,64.5,5.1,"obs_days=9.9, n_samples=429, quality=QUALITY_SHORT_OBS -> insufficient/uncertain data",0.7,6,0.0,0,0,0,,,0.9673,73.0,100.0,27.0,9.87,QUALITY_SHORT_OBS,ThinkPad X1 Carbon Gen 13,Celxpert,5B11M90098,観測期間・サンプル数・カウンタ整合性のいずれかが不足しており、信頼できる介入判定ができません。追加データ収集または手動レビューが必要です。,2026-06-03T12:47:30
X1C_LNL,NORMAL_OR_RESPONDING,ACTION_NONE,high,,64.9,13.9,"flat_tail=23.3d, fcc_changes=78, tail_cyc=0.0, tail_ok[90/80/85]=0/0/0 -> FCC still updating / not a no-low-change candidate",23.3,78,0.0,0,0,0,,,0.0,67.0,94.0,27.0,299.84,QUALITY_OK,ThinkPad X1 Carbon Gen 13,SMP,5B11M90097,,2026-06-03T12:47:30
X1C_METEOR,NORMAL_OR_RESPONDING,ACTION_NONE,high,,69.8,11.3,"flat_tail=8.0d, fcc_changes=67, tail_cyc=0.0, tail_ok[90/80/85]=0/0/0 -> FCC still updating / not a no-low-change candidate",8.0,67,0.0,0,0,0,,,0.9225,66.0,100.0,34.0,147.6,QUALITY_OK,ThinkPad X1 Carbon Gen 12,Celxpert,5B11H56384,,2026-06-03T12:47:30
X1C_SIT,REVIEW_INSUFFICIENT_DATA,ACTION_COLLECT_MORE_DATA_OR_MANUAL_REVIEW,review,,65.1,5.1,"obs_days=30.5, n_samples=713, quality=QUALITY_SHORT_OBS -> insufficient/uncertain data",0.8,10,0.0,0,0,0,,,0.9996,99.0,100.0,1.0,30.5,QUALITY_SHORT_OBS,ThinkPad X1 Carbon Gen 13,SMP,5B11M90097,観測期間・サンプル数・カウンタ整合性のいずれかが不足しており、信頼できる介入判定ができません。追加データ収集または手動レビューが必要です。,2026-06-03T12:47:30
X1FOLD16-TK_E28508,NORMAL_OR_RESPONDING,ACTION_NONE,high,,69.0,14.0,"flat_tail=23.9d, fcc_changes=13, tail_cyc=0.0, tail_ok[90/80/85]=0/0/0 -> FCC still updating / not a no-low-change candidate",23.9,13,0.0,0,0,0,,,0.7284,85.0,100.0,15.0,169.82,QUALITY_OK,ThinkPad X1 Fold 16 Gen 1,Celxpert,5B10W51898,,2026-06-03T12:47:30
X1FOLDSVT_laher,REVIEW_INSUFFICIENT_DATA,ACTION_COLLECT_MORE_DATA_OR_MANUAL_REVIEW,review,,55.0,0.0,"obs_days=554.0, n_samples=2585, quality=QUALITY_COUNTER_RESET -> insufficient/uncertain data",0.1,34,0.0,0,0,0,,,0.0,84.0,99.0,15.0,553.95,QUALITY_COUNTER_RESET,ThinkPad X1 Fold 16 Gen 1,Celxpert,5B10W51898,観測期間・サンプル数・カウンタ整合性のいずれかが不足しており、信頼できる介入判定ができません。追加データ収集または手動レビューが必要です。,2026-06-03T12:47:30
X1YADL_KMK,ACTIONABLE_GAUGE_RESET_NO_OPPORTUNITY,ACTION_GAUGE_RESET,high,NO_OPPORTUNITY_AC_BOUND;NO_OPPORTUNITY_SHALLOW_RANGE,83.3,48.2,"flat_tail=403.0d, fcc_changes=2, tail_cyc=41.0, tail_ok[90/80/85]=0/0/0, ac=0.92, min_rsoc=27.0, swing=73.0 -> no learning opportunity in flat tail",403.0,2,41.0,0,0,0,,,0.9162,27.0,100.0,73.0,465.65,QUALITY_OK,ThinkPad X1 Yoga Gen 7,Celxpert,5B10W13974,FCC/SoHが長期間更新されていませんが、ログ上は深い放電→再充電の学習機会が不足しています。安全な環境でOEM推奨のバッテリーゲージリセット/キャリブレーションを実施し、その後72h〜7日間のテレメトリでFCC更新有無を確認してください。,2026-06-03T12:47:30
X1_2-IN-1,NORMAL_OR_RESPONDING,ACTION_NONE,high,,63.0,10.5,"flat_tail=2.9d, fcc_changes=10, tail_cyc=0.0, tail_ok[90/80/85]=0/0/0 -> FCC still updating / not a no-low-change candidate",2.9,10,0.0,0,0,0,,,0.6257,66.0,100.0,34.0,121.89,QUALITY_OK,ThinkPad X1 2-in-1 Gen 10,Sunwoda,5B11M90099,,2026-06-03T12:47:30
X9-14_SVT,REVIEW_INSUFFICIENT_DATA,ACTION_COLLECT_MORE_DATA_OR_MANUAL_REVIEW,review,,61.5,5.1,"obs_days=91.1, n_samples=761, quality=QUALITY_SHORT_OBS -> insufficient/uncertain data",0.8,6,0.0,0,0,0,,,0.6325,89.0,100.0,11.0,91.13,QUALITY_SHORT_OBS,ThinkPad X9-14 Gen 1,Sunwoda,LNV-5B11M90102,観測期間・サンプル数・カウンタ整合性のいずれかが不足しており、信頼できる介入判定ができません。追加データ収集または手動レビューが必要です。,2026-06-03T12:47:30
X9-14_jeffreyf1,REVIEW_INSUFFICIENT_DATA,ACTION_COLLECT_MORE_DATA_OR_MANUAL_REVIEW,review,,64.7,5.5,"obs_days=43.9, n_samples=733, quality=QUALITY_SHORT_OBS -> insufficient/uncertain data",2.8,15,0.0,0,0,0,,,0.9601,82.0,100.0,18.0,43.91,QUALITY_SHORT_OBS,ThinkPad X9-14 Gen 1,Sunwoda,LNV-5B11M90102,観測期間・サンプル数・カウンタ整合性のいずれかが不足しており、信頼できる介入判定ができません。追加データ収集または手動レビューが必要です。,2026-06-03T12:47:30
X9-SIT1_xuxru,REVIEW_INSUFFICIENT_DATA,ACTION_COLLECT_MORE_DATA_OR_MANUAL_REVIEW,review,,49.4,5.1,"obs_days=30.6, n_samples=1112, quality=QUALITY_SHORT_OBS -> insufficient/uncertain data",0.8,50,0.0,0,0,0,,,0.2138,11.0,98.0,87.0,30.61,QUALITY_SHORT_OBS,ThinkPad X9-14 Gen 1,BYD,LNV-5B11M90101,観測期間・サンプル数・カウンタ整合性のいずれかが不足しており、信頼できる介入判定ができません。追加データ収集または手動レビューが必要です。,2026-06-03T12:47:30
X9-TK_E28508,NORMAL_OR_RESPONDING,ACTION_NONE,high,,67.1,13.7,"flat_tail=21.9d, fcc_changes=22, tail_cyc=0.0, tail_ok[90/80/85]=0/0/0 -> FCC still updating / not a no-low-change candidate",21.9,22,0.0,0,0,0,,,0.673,47.0,100.0,53.0,324.11,QUALITY_OK,ThinkPad X9-14 Gen 1,BYD,LNV-5B11M90101,,2026-06-03T12:47:30
X9ALADDIN-NAITO_arima,ACTIONABLE_GAUGE_RESET_NO_OPPORTUNITY,ACTION_GAUGE_RESET,medium,NO_OPPORTUNITY_UNSPECIFIED,69.2,39.8,"flat_tail=220.2d, fcc_changes=0, tail_cyc=24.0, tail_ok[90/80/85]=0/0/0, ac=0.31, min_rsoc=0.0, swing=100.0 -> no learning opportunity in flat tail",220.2,0,24.0,0,0,0,,,0.3122,0.0,100.0,100.0,220.15,QUALITY_SPARSE,ThinkPad X9-15 Gen 1,BYD,L24B4PE2,FCC/SoHが長期間更新されていませんが、ログ上は深い放電→再充電の学習機会が不足しています。安全な環境でOEM推奨のバッテリーゲージリセット/キャリブレーションを実施し、その後72h〜7日間のテレメトリでFCC更新有無を確認してください。,2026-06-03T12:47:30
XBB20241007_Lenovo,REVIEW_INSUFFICIENT_DATA,ACTION_COLLECT_MORE_DATA_OR_MANUAL_REVIEW,review,,60.8,5.5,"obs_days=24.9, n_samples=1291, quality=QUALITY_SHORT_OBS -> insufficient/uncertain data",2.9,9,0.0,0,0,0,,,0.7657,33.0,100.0,67.0,24.89,QUALITY_SHORT_OBS,ThinkPad X1 Carbon Gen 12,Celxpert,5B11H56384,観測期間・サンプル数・カウンタ整合性のいずれかが不足しており、信頼できる介入判定ができません。追加データ収集または手動レビューが必要です。,2026-06-03T12:47:30
XIUQIN_liuxq13,NORMAL_OR_RESPONDING,ACTION_NONE,high,,65.4,10.5,"flat_tail=3.0d, fcc_changes=155, tail_cyc=0.0, tail_ok[90/80/85]=0/0/0 -> FCC still updating / not a no-low-change candidate",3.0,155,0.0,0,0,0,,,0.7451,64.0,100.0,36.0,341.92,QUALITY_OK,ThinkPad X13 Gen 6,SMP,5B11M90123,,2026-06-03T12:47:30
XLIN3-PF4RXZPZ_xlin3,NORMAL_OR_RESPONDING,ACTION_NONE,high,,74.1,14.1,"flat_tail=24.8d, fcc_changes=315, tail_cyc=0.0, tail_ok[90/80/85]=0/0/0 -> FCC still updating / not a no-low-change candidate",24.8,315,0.0,0,0,0,,,1.0,95.0,100.0,5.0,704.41,QUALITY_OK,ThinkPad P14s Gen 5 AMD,Celxpert,5B11H56416,,2026-06-03T12:47:30
Y25872-PC2DR71X_y25872,NORMAL_OR_RESPONDING,ACTION_NONE,high,,69.8,27.1,"flat_tail=86.1d, fcc_changes=37, tail_cyc=14.0, tail_ok[90/80/85]=0/0/0 -> FCC still updating / not a no-low-change candidate",86.1,37,14.0,0,0,0,,,0.6232,6.0,100.0,94.0,1206.99,QUALITY_OK,ThinkPad T14s Gen 2a,Celxpert,5B10W51815,,2026-06-03T12:47:30
YANAGISAWA51_yanagisawa,ACTIONABLE_GAUGE_RESET_NO_OPPORTUNITY,ACTION_GAUGE_RESET,medium,NO_OPPORTUNITY_LOW_CYCLING;NO_OPPORTUNITY_SHALLOW_RANGE,70.0,19.2,"flat_tail=84.0d, fcc_changes=3, tail_cyc=1.0, tail_ok[90/80/85]=0/0/0, ac=0.57, min_rsoc=73.0, swing=27.0 -> no learning opportunity in flat tail",84.0,3,1.0,0,0,0,,,0.5742,73.0,100.0,27.0,227.05,QUALITY_SPARSE,ThinkPad X1 Fold 16 Gen 1,Celxpert,5B10W51898,FCC/SoHが長期間更新されていませんが、ログ上は深い放電→再充電の学習機会が不足しています。安全な環境でOEM推奨のバッテリーゲージリセット/キャリブレーションを実施し、その後72h〜7日間のテレメトリでFCC更新有無を確認してください。,2026-06-03T12:47:30
YANGYQ-PF50KB95_yangyq,REVIEW_INSUFFICIENT_DATA,ACTION_COLLECT_MORE_DATA_OR_MANUAL_REVIEW,review,,57.9,2.2,"obs_days=574.0, n_samples=4936, quality=QUALITY_COUNTER_RESET -> insufficient/uncertain data",13.5,39,0.0,0,0,0,,,0.784,63.0,100.0,37.0,573.98,QUALITY_COUNTER_RESET,ThinkPad X1 Carbon Gen 12,Sunwoda,5B11H56385,観測期間・サンプル数・カウンタ整合性のいずれかが不足しており、信頼できる介入判定ができません。追加データ収集または手動レビューが必要です。,2026-06-03T12:47:30
YCRANFORD-7CHLT_ycranford,REVIEW_INSUFFICIENT_DATA,ACTION_COLLECT_MORE_DATA_OR_MANUAL_REVIEW,review,,60.9,5.7,"obs_days=27.2, n_samples=380, quality=QUALITY_SHORT_OBS -> insufficient/uncertain data",4.4,3,0.0,0,0,0,,,0.7587,73.0,100.0,27.0,27.19,QUALITY_SHORT_OBS,ThinkPad T14s 2-in-1 Gen 2,Sunwoda,5B11M90160,観測期間・サンプル数・カウンタ整合性のいずれかが不足しており、信頼できる介入判定ができません。追加データ収集または手動レビューが必要です。,2026-06-03T12:47:30
YICHIKAWA3-M43N_yichikawa3,NORMAL_OR_RESPONDING,ACTION_NONE,high,,56.8,10.1,"flat_tail=0.8d, fcc_changes=122, tail_cyc=0.0, tail_ok[90/80/85]=0/0/0 -> FCC still updating / not a no-low-change candidate",0.8,122,0.0,0,0,0,,,0.1344,60.0,100.0,40.0,244.11,QUALITY_OK,ThinkPad T14s Gen 4,BYD,5B10W51877,,2026-06-03T12:47:30
YINGNIE-W01KL34_yingnie,WATCH_LOW_UPDATE_RATE_AMBIGUOUS,ACTION_MONITOR_OR_MANUAL_REVIEW,low,,51.0,47.0,"flat_tail=8.4d, fcc_changes=2, tail_cyc=3.0, tail_ok[90/80/85]=1/1/1, resp72h(rel)=0.000 -> ambiguous low-update",8.4,2,3.0,1,1,1,0.0,0.0,0.8888,2.0,100.0,98.0,377.7,QUALITY_OK,ThinkPad X1 Nano Gen 2,Celxpert,5B11F28682,FCC更新率は低いものの完全凍結ではない/学習機会が少ない/データ品質が中程度のため、FW確認に回す前にモニタリングまたは手動レビューを推奨します。,2026-06-03T12:47:30
YNAN-PF4FDG4X_qizha,NORMAL_OR_RESPONDING,ACTION_NONE,high,,66.8,16.7,"flat_tail=30.8d, fcc_changes=24, tail_cyc=8.0, tail_ok[90/80/85]=0/0/0 -> FCC still updating / not a no-low-change candidate",30.8,24,8.0,0,0,0,,,0.783,31.0,100.0,69.0,164.25,QUALITY_OK,ThinkPad T16 Gen 2,SMP,5B10W51871,,2026-06-03T12:47:30
YNAN-PF4FDG4X_ynan,NORMAL_OR_RESPONDING,ACTION_NONE,high,,67.5,15.9,"flat_tail=28.1d, fcc_changes=24, tail_cyc=6.0, tail_ok[90/80/85]=0/0/0 -> FCC still updating / not a no-low-change candidate",28.1,24,6.0,0,0,0,,,0.7917,31.0,100.0,69.0,161.59,QUALITY_OK,ThinkPad T16 Gen 2,SMP,5B10W51871,,2026-06-03T12:47:30
YONDA-PF1BLXHW_yonda,NORMAL_OR_RESPONDING,ACTION_NONE,high,,69.5,10.2,"flat_tail=1.0d, fcc_changes=753, tail_cyc=0.0, tail_ok[90/80/85]=0/0/0 -> FCC still updating / not a no-low-change candidate",1.0,753,0.0,0,0,0,,,0.9504,98.0,100.0,2.0,1068.09,QUALITY_OK,ThinkPad T490,Celxpert,5B10W13877,,2026-06-03T12:47:30
YSONE-PF3993EL_ysone,NORMAL_OR_RESPONDING,ACTION_NONE,high,,70.0,10.0,"flat_tail=0.0d, fcc_changes=263, tail_cyc=0.0, tail_ok[90/80/85]=0/0/0 -> FCC still updating / not a no-low-change candidate",0.0,263,0.0,0,0,0,,,1.0,0.0,0.0,0.0,927.78,QUALITY_OK,ThinkPad T14 Gen 2i,Celxpert,5B10W51829,,2026-06-03T12:47:30
YSUZUKI11-9S4B8_ysuzuki11,ACTIONABLE_GAUGE_RESET_NO_OPPORTUNITY,ACTION_GAUGE_RESET,high,NO_OPPORTUNITY_AC_BOUND,83.5,50.0,"flat_tail=498.8d, fcc_changes=1, tail_cyc=215.0, tail_ok[90/80/85]=0/0/0, ac=0.93, min_rsoc=3.0, swing=97.0 -> no learning opportunity in flat tail",498.8,1,215.0,0,0,0,,,0.9272,3.0,100.0,97.0,508.58,QUALITY_OK,ThinkPad T14 Gen 3,,,FCC/SoHが長期間更新されていませんが、ログ上は深い放電→再充電の学習機会が不足しています。安全な環境でOEM推奨のバッテリーゲージリセット/キャリブレーションを実施し、その後72h〜7日間のテレメトリでFCC更新有無を確認してください。,2026-06-03T12:47:30
YTAGAMI-F3TQANR_ytagami,ACTIONABLE_FW_CHECK_OPPORTUNITY_NO_RESPONSE,ACTION_FW_CHECK,medium,LOW_UPDATE_RATE_WITH_OPPORTUNITIES,60.3,76.0,"flat_tail=551.1d, fcc_changes=2, tail_cyc=107.0, tail_ok[90/80/85]=0/1/1, resp72h(rel)=0.000 -> opportunities present but FCC did not respond",551.1,2,107.0,0,1,1,0.0,0.0,0.388,0.0,100.0,100.0,889.98,QUALITY_OK,ThinkPad X1 Yoga Gen 6,Sunwoda,5B10W13975,FCC/SoHが長期間更新されておらず、ログ上は深い放電→再充電の学習機会が複数回確認されています。通常のキャリブレーション機会があったにもかかわらずFCC応答がないため、BIOS/EC/バッテリー関連FWのVersion確認とアップデート有無確認を優先してください。アップデート後、次回の学習機会後72h〜7日間でFCC更新有無を確認してください。,2026-06-03T12:47:30
YTAKEDA1-15_ytakeda1,NORMAL_OR_RESPONDING,ACTION_NONE,high,,73.4,13.4,"flat_tail=20.5d, fcc_changes=40, tail_cyc=0.0, tail_ok[90/80/85]=0/0/0 -> FCC still updating / not a no-low-change candidate",20.5,40,0.0,0,0,0,,,1.0,76.0,80.0,4.0,713.52,QUALITY_OK,ThinkPad P1 Gen 7,Celxpert,5B11M37552,,2026-06-03T12:47:30
YWADA-PF49SXTB_ywada,NORMAL_OR_RESPONDING,ACTION_NONE,high,,65.2,32.2,"flat_tail=92.2d, fcc_changes=10, tail_cyc=34.0, tail_ok[90/80/85]=0/0/0 -> FCC still updating / not a no-low-change candidate",92.2,10,34.0,0,0,0,,,0.7431,3.0,100.0,97.0,405.86,QUALITY_OK,ThinkPad X1 Carbon Gen 10,,,,2026-06-03T12:47:30
ZAWACKIJE_j,REVIEW_INSUFFICIENT_DATA,ACTION_COLLECT_MORE_DATA_OR_MANUAL_REVIEW,review,,54.4,5.4,"obs_days=44.3, n_samples=508, quality=QUALITY_SHORT_OBS -> insufficient/uncertain data",2.4,10,0.0,0,0,0,,,0.3967,67.0,100.0,33.0,44.34,QUALITY_SHORT_OBS,ThinkPad X1 2-in-1 Gen 11,Sunwoda,5B11M90160,観測期間・サンプル数・カウンタ整合性のいずれかが不足しており、信頼できる介入判定ができません。追加データ収集または手動レビューが必要です。,2026-06-03T12:47:30
ZHANGLU11-10_zhanglu11,NORMAL_OR_RESPONDING,ACTION_NONE,high,,70.0,10.0,"flat_tail=0.0d, fcc_changes=16, tail_cyc=0.0, tail_ok[90/80/85]=0/0/0 -> FCC still updating / not a no-low-change candidate",0.0,16,0.0,0,0,0,,,1.0,95.0,95.0,0.0,353.56,QUALITY_OK,ThinkPad X280,,,,2026-06-03T12:47:30
ZWOXPF3V6VNY_zwo,NORMAL_OR_RESPONDING,ACTION_NONE,high,,73.3,14.1,"flat_tail=23.1d, fcc_changes=399, tail_cyc=1.0, tail_ok[90/80/85]=0/0/0 -> FCC still updating / not a no-low-change candidate",23.1,399,1.0,0,0,0,,,0.0,100.0,100.0,0.0,637.1,QUALITY_OK,ThinkPad T14 Gen 2a,,,,2026-06-03T12:47:30
