analysis_timestamp,user_id,final_label,recommended_action,confidence,primary_reason,subreason,watch_subreason,review_subreason,review_priority,manual_review_reason,fcc_no_or_low_change_candidate,no_fcc_update,long_terminal_flat,low_update_per_cycle,low_update_per_time,fcc_changes,fcc_effective_changes_50mwh,fcc_effective_changes_100mwh,fcc_changes_per_100_cycles,fcc_change_rate_per_100d,flat_tail_days,obs_days,cycle_delta,tail_days,tail_cycle_delta,tail_min_rsoc,tail_max_rsoc,tail_rsoc_swing,tail_ac_time_ratio,tail_n_80_20_80_ok,tail_n_80_20_80_large_gap,tail_n_80_20_80_any,tail_n_90_10_90_ok,tail_n_90_10_90_large_gap,tail_n_90_10_90_any,tail_n_unresponded_80_20_80_complete_window,tail_n_unresponded_90_10_90_complete_window,tail_n_censored_80_20_80,tail_n_censored_90_10_90,expected_tail_responses_72h,observed_tail_responses_72h,response_residual_z,ml_fw_support_score_0_100,cluster_id,cluster_description,gauge_reset_score_0_100,fw_check_score_0_100,primary_evidence,operational_message,threshold_version,rule_version,label_version,device_model,batt_vendor,batt_fru
2026-06-03T16:38:27,0350LQ-PF593HRF_0350LQ,REVIEW_INSUFFICIENT_DATA,ACTION_COLLECT_MORE_DATA_OR_MANUAL_REVIEW,review,REVIEW_SHORT_OBS_ACTIVE_LIKE,,,REVIEW_SHORT_OBS_ACTIVE_LIKE,low,観測期間<120日でactive様（flat_tail<60）。経過観察で十分なことが多い。,False,False,False,False,False,5,1,0,166.667,6.026,1.0,82.98,3.0,1.0,0.0,100.0,100.0,0.0,1.0,0,0,0,0,0,0,0,0,0,0,,,,0.0,-1.0,n/a,65.2,5.2,"obs_days=83.0, n_samples=532, quality=QUALITY_SHORT_OBS -> insufficient/uncertain data",観測期間・サンプル数・カウンタ整合性のいずれかが不足しており信頼できる判定ができません。review_priorityに従い追加データ収集または手動レビューを行ってください。,v2.0-final,v2.0-final,v2.0-final,ThinkPad X1 2-in-1 Gen 10,SMP,5B11M90097
2026-06-03T16:38:27,ABUCKNER-0B0WH8_abuckner,NORMAL_OR_RESPONDING,ACTION_NONE,high,NOT_NO_LOW_CHANGE_CANDIDATE,,,,,,False,False,False,False,False,50,15,15,121.951,6.614,10.9,756.01,41.0,10.9,0.0,74.0,81.0,7.0,0.9692,0,0,0,0,0,0,0,0,0,0,,,,0.0,-1.0,n/a,71.2,11.8,"flat_tail=10.9d, fcc_changes=50, tail_cyc=0.0, tail_ok[90/80]=0/0, unresp_complete[90/80]=0/0, large_gap[90/80]=0/0 -> FCC still updating / not a no-low-change candidate",,v2.0-final,v2.0-final,v2.0-final,ThinkPad P1 Gen 7,Sunwoda,5B11M37553
2026-06-03T16:38:27,ADAMSTHAMESLNLB_Howes,NORMAL_OR_RESPONDING,ACTION_NONE,high,NOT_NO_LOW_CHANGE_CANDIDATE,,,,,,False,False,False,False,False,76,0,0,146.154,38.481,0.9,197.5,52.0,0.9,0.0,83.0,100.0,17.0,0.6815,0,0,0,0,0,0,0,0,0,0,,,,0.0,-1.0,n/a,64.5,10.2,"flat_tail=0.9d, fcc_changes=76, tail_cyc=0.0, tail_ok[90/80]=0/0, unresp_complete[90/80]=0/0, large_gap[90/80]=0/0 -> FCC still updating / not a no-low-change candidate",,v2.0-final,v2.0-final,v2.0-final,ThinkPad X1 Carbon Gen 13,SMP,5B11M90097
2026-06-03T16:38:27,ADAMS_ALLOY,NORMAL_OR_RESPONDING,ACTION_NONE,high,NOT_NO_LOW_CHANGE_CANDIDATE,,,,,,False,False,False,False,False,16,0,0,80.0,5.819,12.9,274.94,20.0,12.9,0.0,53.0,94.0,41.0,1.0,0,0,0,0,0,0,0,0,0,0,,,,0.0,-1.0,n/a,72.2,12.2,"flat_tail=12.9d, fcc_changes=16, tail_cyc=0.0, tail_ok[90/80]=0/0, unresp_complete[90/80]=0/0, large_gap[90/80]=0/0 -> FCC still updating / not a no-low-change candidate",,v2.0-final,v2.0-final,v2.0-final,ThinkPad X9-14 Gen 1,Sunwoda,LNV-5B11M90102
2026-06-03T16:38:27,ADAMS_JAGUAR3,NORMAL_OR_RESPONDING,ACTION_NONE,high,NOT_NO_LOW_CHANGE_CANDIDATE,,,,,,False,False,False,False,False,11,9,9,9.565,1.489,89.8,738.71,115.0,89.8,5.0,2.0,100.0,98.0,0.9359,0,2,2,0,2,2,0,0,0,0,,,,0.0,-1.0,n/a,64.5,26.0,"flat_tail=89.8d, fcc_changes=11, tail_cyc=5.0, tail_ok[90/80]=0/0, unresp_complete[90/80]=0/0, large_gap[90/80]=2/2 -> FCC still updating / not a no-low-change candidate",,v2.0-final,v2.0-final,v2.0-final,ThinkPad X1 Yoga Gen 8,SMP,5B10W13973
2026-06-03T16:38:27,ADIEHL-PF4CNVD9_adiehl,NORMAL_OR_RESPONDING,ACTION_NONE,high,NOT_NO_LOW_CHANGE_CANDIDATE,,,,,,False,False,False,False,False,29,25,25,46.032,12.135,1.7,238.98,63.0,1.7,1.0,1.0,100.0,99.0,0.877,0,0,0,0,0,0,0,0,0,0,,,,0.0,-1.0,n/a,67.3,10.5,"flat_tail=1.7d, fcc_changes=29, tail_cyc=1.0, tail_ok[90/80]=0/0, unresp_complete[90/80]=0/0, large_gap[90/80]=0/0 -> FCC still updating / not a no-low-change candidate",,v2.0-final,v2.0-final,v2.0-final,ThinkPad T14s Gen 4,SMP,5B10W51875
2026-06-03T16:38:27,AGEORGE3-4SA7W2_ageorge3,WATCH_LOW_UPDATE_RATE_AMBIGUOUS,ACTION_MONITOR_OR_MANUAL_REVIEW,low,WATCH_POSSIBLE_OPPORTUNITY_WITH_LARGE_GAPS,,WATCH_POSSIBLE_OPPORTUNITY_WITH_LARGE_GAPS,,,,True,False,True,False,True,1,1,1,5.556,0.49,185.4,203.88,18.0,185.4,13.0,17.0,100.0,83.0,0.8823,0,1,1,0,0,0,0,0,0,0,,,,0.0,1.0,MIXED,78.6,42.6,"flat_tail=185.4d, fcc_changes=1, tail_cyc=13.0, tail_ok[90/80]=0/0, unresp_complete[90/80]=0/0, large_gap[90/80]=0/1 -> ambiguous (watch)",FCC更新率は低いが完全凍結ではない/学習機会がlarge-gapまたは打ち切りで確証が弱い/境界的のため、FW確認に回す前にモニタリングまたは手動レビューを推奨します。,v2.0-final,v2.0-final,v2.0-final,ThinkPad X13 Gen 5,SMP,5B11M90048
2026-06-03T16:38:27,AH-PF2PXA6R_ah,WATCH_LOW_UPDATE_RATE_AMBIGUOUS,ACTION_MONITOR_OR_MANUAL_REVIEW,low,WATCH_OTHER_AMBIGUOUS,,WATCH_OTHER_AMBIGUOUS,,,,True,False,True,True,True,1,1,1,1.471,0.29,336.9,344.96,68.0,336.9,66.0,6.0,100.0,94.0,0.9503,1,0,1,0,0,0,1,0,0,0,0.115,0.0,-0.361,19.6,1.0,MIXED,71.5,76.0,"flat_tail=336.9d, fcc_changes=1, tail_cyc=66.0, tail_ok[90/80]=0/1, unresp_complete[90/80]=0/1, large_gap[90/80]=0/0 -> ambiguous (watch)",FCC更新率は低いが完全凍結ではない/学習機会がlarge-gapまたは打ち切りで確証が弱い/境界的のため、FW確認に回す前にモニタリングまたは手動レビューを推奨します。,v2.0-final,v2.0-final,v2.0-final,ThinkPad X1 Carbon Gen 9,Sunwoda,5B10W13975
2026-06-03T16:38:27,AH-PF4KXDJ8_ah,NORMAL_OR_RESPONDING,ACTION_NONE,high,NOT_NO_LOW_CHANGE_CANDIDATE,,,,,,False,False,False,False,False,45,7,7,118.421,18.753,0.8,239.96,38.0,0.8,0.0,83.0,100.0,17.0,0.9324,0,0,0,0,0,0,0,0,0,0,,,,0.0,-1.0,n/a,68.8,10.1,"flat_tail=0.8d, fcc_changes=45, tail_cyc=0.0, tail_ok[90/80]=0/0, unresp_complete[90/80]=0/0, large_gap[90/80]=0/0 -> FCC still updating / not a no-low-change candidate",,v2.0-final,v2.0-final,v2.0-final,ThinkPad X1 Carbon Gen 12,Celxpert,5B11H56384
2026-06-03T16:38:27,AIII1-PF55Q7L6_aiii1,WATCH_LOW_UPDATE_RATE_AMBIGUOUS,ACTION_MONITOR_OR_MANUAL_REVIEW,low,WATCH_POSSIBLE_OPPORTUNITY_WITH_LARGE_GAPS,,WATCH_POSSIBLE_OPPORTUNITY_WITH_LARGE_GAPS,,,,True,True,True,False,True,0,0,0,0.0,0.0,242.8,242.85,40.0,242.8,40.0,4.0,98.0,94.0,0.5085,0,15,15,0,0,0,0,0,0,0,,,,0.0,1.0,MIXED,51.7,48.0,"flat_tail=242.8d, fcc_changes=0, tail_cyc=40.0, tail_ok[90/80]=0/0, unresp_complete[90/80]=0/0, large_gap[90/80]=0/15 -> ambiguous (watch)",FCC更新率は低いが完全凍結ではない/学習機会がlarge-gapまたは打ち切りで確証が弱い/境界的のため、FW確認に回す前にモニタリングまたは手動レビューを推奨します。,v2.0-final,v2.0-final,v2.0-final,ThinkPad T16 Gen 4,SMP,5B11H56412
2026-06-03T16:38:27,AIII1-PF6249QS_aiii1,REVIEW_INSUFFICIENT_DATA,ACTION_COLLECT_MORE_DATA_OR_MANUAL_REVIEW,review,REVIEW_SHORT_OBS_ACTIVE_LIKE,,,REVIEW_SHORT_OBS_ACTIVE_LIKE,low,観測期間<120日でactive様（flat_tail<60）。経過観察で十分なことが多い。,False,False,False,False,False,29,3,3,107.407,26.404,6.0,109.83,27.0,6.0,0.0,60.0,85.0,25.0,0.5448,0,0,0,0,0,0,0,0,0,0,,,,0.0,-1.0,n/a,57.7,6.0,"obs_days=109.8, n_samples=1272, quality=QUALITY_SHORT_OBS -> insufficient/uncertain data",観測期間・サンプル数・カウンタ整合性のいずれかが不足しており信頼できる判定ができません。review_priorityに従い追加データ収集または手動レビューを行ってください。,v2.0-final,v2.0-final,v2.0-final,ThinkPad P16s Gen 5,COSMX,5B11M90178
2026-06-03T16:38:27,AIII1-PW0J2TQF_aiii1,NORMAL_OR_RESPONDING,ACTION_NONE,high,NOT_NO_LOW_CHANGE_CANDIDATE,,,,,,False,False,False,False,False,40,0,0,85.106,24.846,0.1,160.99,47.0,0.1,0.0,79.0,80.0,1.0,1.0,0,0,0,0,0,0,0,0,0,0,,,,0.0,-1.0,n/a,70.0,10.0,"flat_tail=0.1d, fcc_changes=40, tail_cyc=0.0, tail_ok[90/80]=0/0, unresp_complete[90/80]=0/0, large_gap[90/80]=0/0 -> FCC still updating / not a no-low-change candidate",,v2.0-final,v2.0-final,v2.0-final,ThinkPad L13 2-in-1 Gen 6,SMP,5B11M90129
2026-06-03T16:38:27,AINOW_UX,REVIEW_INSUFFICIENT_DATA,ACTION_COLLECT_MORE_DATA_OR_MANUAL_REVIEW,review,REVIEW_SHORT_OBS_ACTIVE_LIKE,,,REVIEW_SHORT_OBS_ACTIVE_LIKE,low,観測期間<120日でactive様（flat_tail<60）。経過観察で十分なことが多い。,False,False,False,False,False,2,0,0,100.0,27.548,5.0,7.26,2.0,5.0,0.0,29.0,100.0,71.0,0.8247,0,0,0,0,0,0,0,0,0,0,,,,0.0,-1.0,n/a,62.3,5.8,"obs_days=7.3, n_samples=396, quality=QUALITY_SHORT_OBS -> insufficient/uncertain data",観測期間・サンプル数・カウンタ整合性のいずれかが不足しており信頼できる判定ができません。review_priorityに従い追加データ収集または手動レビューを行ってください。,v2.0-final,v2.0-final,v2.0-final,ThinkPad X1 Carbon Gen 14,ATL,5B11M90161
2026-06-03T16:38:27,AKOZLOWSKI-ALZD_akozlowski,REVIEW_INSUFFICIENT_DATA,ACTION_COLLECT_MORE_DATA_OR_MANUAL_REVIEW,review,REVIEW_SHORT_OBS_ACTIVE_LIKE,,,REVIEW_SHORT_OBS_ACTIVE_LIKE,low,観測期間<120日でactive様（flat_tail<60）。経過観察で十分なことが多い。,False,False,False,False,False,6,0,0,42.857,21.467,4.0,27.95,14.0,4.0,0.0,16.0,100.0,84.0,0.3498,0,0,0,0,0,0,0,0,0,0,,,,0.0,-1.0,n/a,52.7,5.7,"obs_days=27.9, n_samples=346, quality=QUALITY_SHORT_OBS -> insufficient/uncertain data",観測期間・サンプル数・カウンタ整合性のいずれかが不足しており信頼できる判定ができません。review_priorityに従い追加データ収集または手動レビューを行ってください。,v2.0-final,v2.0-final,v2.0-final,ThinkPad T14 Gen 7,COSMX,5B11M90167
2026-06-03T16:38:27,AL-SVT7_xuxru,REVIEW_INSUFFICIENT_DATA,ACTION_COLLECT_MORE_DATA_OR_MANUAL_REVIEW,review,REVIEW_SHORT_OBS_ACTIVE_LIKE,,,REVIEW_SHORT_OBS_ACTIVE_LIKE,low,観測期間<120日でactive様（flat_tail<60）。経過観察で十分なことが多い。,False,False,False,False,False,22,5,5,115.789,81.815,2.8,26.89,19.0,2.8,0.0,42.0,100.0,58.0,0.2294,0,0,0,0,0,0,0,0,0,0,,,,0.0,-1.0,n/a,50.1,5.5,"obs_days=26.9, n_samples=526, quality=QUALITY_SHORT_OBS -> insufficient/uncertain data",観測期間・サンプル数・カウンタ整合性のいずれかが不足しており信頼できる判定ができません。review_priorityに従い追加データ収集または手動レビューを行ってください。,v2.0-final,v2.0-final,v2.0-final,ThinkPad X9-14 Gen 1,Sunwoda,LNV-5B11M90102@
2026-06-03T16:38:27,ALLOY-SIT_mripp,REVIEW_INSUFFICIENT_DATA,ACTION_COLLECT_MORE_DATA_OR_MANUAL_REVIEW,review,REVIEW_SHORT_OBS_ACTIVE_LIKE,,,REVIEW_SHORT_OBS_ACTIVE_LIKE,low,観測期間<120日でactive様（flat_tail<60）。経過観察で十分なことが多い。,False,False,False,False,False,1,0,0,100.0,2.606,35.9,38.37,1.0,35.9,0.0,77.0,100.0,23.0,0.9761,0,0,0,0,0,0,0,0,0,0,,,,0.0,-1.0,n/a,70.5,11.0,"obs_days=38.4, n_samples=299, quality=QUALITY_SHORT_OBS -> insufficient/uncertain data",観測期間・サンプル数・カウンタ整合性のいずれかが不足しており信頼できる判定ができません。review_priorityに従い追加データ収集または手動レビューを行ってください。,v2.0-final,v2.0-final,v2.0-final,ThinkPad X9-14 Gen 1,Sunwoda,LNV-5B11M90102
2026-06-03T16:38:27,ALLOY_FINALSVT,REVIEW_INSUFFICIENT_DATA,ACTION_COLLECT_MORE_DATA_OR_MANUAL_REVIEW,review,REVIEW_SHORT_OBS_ACTIVE_LIKE,,,REVIEW_SHORT_OBS_ACTIVE_LIKE,low,観測期間<120日でactive様（flat_tail<60）。経過観察で十分なことが多い。,False,False,False,False,False,30,3,3,111.111,29.597,0.4,101.36,27.0,0.4,0.0,74.0,95.0,21.0,0.8978,0,0,0,0,0,0,0,0,0,0,,,,0.0,-1.0,n/a,63.0,5.1,"obs_days=101.4, n_samples=2693, quality=QUALITY_SHORT_OBS -> insufficient/uncertain data",観測期間・サンプル数・カウンタ整合性のいずれかが不足しており信頼できる判定ができません。review_priorityに従い追加データ収集または手動レビューを行ってください。,v2.0-final,v2.0-final,v2.0-final,ThinkPad X9-14 Gen 1,BYD,LNV-5B11M90101@
2026-06-03T16:38:27,AMALU_asanthosh,NORMAL_OR_RESPONDING,ACTION_NONE,high,NOT_NO_LOW_CHANGE_CANDIDATE,,,,,,False,False,False,False,False,120,49,49,153.846,95.238,0.1,126.0,78.0,0.1,0.0,93.0,100.0,7.0,0.4088,0,0,0,0,0,0,0,0,0,0,,,,0.0,-1.0,n/a,67.7,10.0,"flat_tail=0.1d, fcc_changes=120, tail_cyc=0.0, tail_ok[90/80]=0/0, unresp_complete[90/80]=0/0, large_gap[90/80]=0/0 -> FCC still updating / not a no-low-change candidate",,v2.0-final,v2.0-final,v2.0-final,ThinkPad X1 Carbon Gen 13,BYD,5B11M90100
2026-06-03T16:38:27,AMANDELBLOO-4SM_amandelbloom,NORMAL_OR_RESPONDING,ACTION_NONE,high,NOT_NO_LOW_CHANGE_CANDIDATE,,,,,,False,False,False,False,False,142,36,36,126.786,28.61,22.2,496.33,112.0,22.2,0.0,3.0,100.0,97.0,0.9165,0,0,0,0,0,0,0,0,0,0,,,,0.0,-1.0,n/a,72.0,13.7,"flat_tail=22.2d, fcc_changes=142, tail_cyc=0.0, tail_ok[90/80]=0/0, unresp_complete[90/80]=0/0, large_gap[90/80]=0/0 -> FCC still updating / not a no-low-change candidate",,v2.0-final,v2.0-final,v2.0-final,ThinkPad X9-14 Gen 1,Sunwoda,LNV-5B11M90102
2026-06-03T16:38:27,AMANDELBLOO-9TD_amandelbloom,REVIEW_INSUFFICIENT_DATA,ACTION_COLLECT_MORE_DATA_OR_MANUAL_REVIEW,review,REVIEW_SHORT_OBS_ACTIVE_LIKE,,,REVIEW_SHORT_OBS_ACTIVE_LIKE,low,観測期間<120日でactive様（flat_tail<60）。経過観察で十分なことが多い。,False,False,False,False,False,17,2,2,100.0,14.434,1.0,117.78,17.0,1.0,0.0,86.0,100.0,14.0,0.6437,0,0,0,0,0,0,0,0,0,0,,,,0.0,-1.0,n/a,60.5,5.2,"obs_days=117.8, n_samples=1171, quality=QUALITY_SHORT_OBS -> insufficient/uncertain data",観測期間・サンプル数・カウンタ整合性のいずれかが不足しており信頼できる判定ができません。review_priorityに従い追加データ収集または手動レビューを行ってください。,v2.0-final,v2.0-final,v2.0-final,ThinkPad T14 Gen 7,COSMX,5B11M90167
2026-06-03T16:38:27,AMANDELBLOO-VBQ_amandelbloom,ACTIONABLE_GAUGE_RESET_INSUFFICIENT_LEARNING_OPPORTUNITY,ACTION_GAUGE_RESET,high,GAUGE_HIGH_NO_OPPORTUNITY,NO_OPPORTUNITY_LOW_CYCLING;NO_OPPORTUNITY_SHALLOW_RANGE,,,,,True,False,True,False,False,25,4,4,119.048,5.496,214.9,454.88,21.0,214.9,0.0,30.0,99.0,69.0,0.5984,0,0,0,0,0,0,0,0,0,0,,,,0.0,1.0,MIXED,92.0,40.0,"flat_tail=214.9d, fcc_changes=25, tail_cyc=0.0, tail_ok[90/80]=0/0, unresp_complete[90/80]=0/0, large_gap[90/80]=0/0, ac=0.60, min_rsoc=30.0 -> insufficient learning opportunity",FCC/SoHが長期間更新されておらず、ログ上は深い放電→再充電の学習機会が十分に確認できません（OK品質の機会が無く、large-gapを含めても判定可能な機会がない）。安全な環境でOEM推奨のバッテリーゲージリセット/キャリブレーションを実施し、その後72h〜7日間のテレメトリでFCC更新有無を確認してください。,v2.0-final,v2.0-final,v2.0-final,ThinkPad X13 Gen 4,Sunwoda,5B11H56368
2026-06-03T16:38:27,AMANDELBLOOXH8H_amandelbloom,NORMAL_OR_RESPONDING,ACTION_NONE,high,NOT_NO_LOW_CHANGE_CANDIDATE,,,,,,False,False,False,False,False,85,19,18,114.865,23.344,7.2,364.12,74.0,7.2,0.0,71.0,100.0,29.0,0.9471,0,0,0,0,0,0,0,0,0,0,,,,0.0,-1.0,n/a,70.1,11.2,"flat_tail=7.2d, fcc_changes=85, tail_cyc=0.0, tail_ok[90/80]=0/0, unresp_complete[90/80]=0/0, large_gap[90/80]=0/0 -> FCC still updating / not a no-low-change candidate",,v2.0-final,v2.0-final,v2.0-final,ThinkPad T14 Gen 5,BYD,5B11H56417
2026-06-03T16:38:27,AMCCLARNON-1Z35_amcclarnon,REVIEW_INSUFFICIENT_DATA,ACTION_COLLECT_MORE_DATA_OR_MANUAL_REVIEW,review,REVIEW_SHORT_OBS_ACTIVE_LIKE,,,REVIEW_SHORT_OBS_ACTIVE_LIKE,low,観測期間<120日でactive様（flat_tail<60）。経過観察で十分なことが多い。,False,False,False,False,False,18,14,10,180.0,21.401,57.3,84.11,10.0,57.3,4.0,34.0,100.0,66.0,0.9543,0,0,0,0,0,0,0,0,0,0,,,,0.0,-1.0,n/a,71.6,15.3,"obs_days=84.1, n_samples=1399, quality=QUALITY_SHORT_OBS -> insufficient/uncertain data",観測期間・サンプル数・カウンタ整合性のいずれかが不足しており信頼できる判定ができません。review_priorityに従い追加データ収集または手動レビューを行ってください。,v2.0-final,v2.0-final,v2.0-final,ThinkPad L13 2-in-1 Gen 5,Sunwoda,5B11H56425
2026-06-03T16:38:27,AMCCLARNON-69JL_amcclarnon,REVIEW_INSUFFICIENT_DATA,ACTION_COLLECT_MORE_DATA_OR_MANUAL_REVIEW,review,REVIEW_SHORT_OBS_ACTIVE_LIKE,,,REVIEW_SHORT_OBS_ACTIVE_LIKE,low,観測期間<120日でactive様（flat_tail<60）。経過観察で十分なことが多い。,False,False,False,False,False,4,0,0,100.0,18.026,2.3,22.19,4.0,2.3,0.0,58.0,100.0,42.0,1.0,0,0,0,0,0,0,0,0,0,0,,,,0.0,-1.0,n/a,65.4,5.4,"obs_days=22.2, n_samples=667, quality=QUALITY_SHORT_OBS -> insufficient/uncertain data",観測期間・サンプル数・カウンタ整合性のいずれかが不足しており信頼できる判定ができません。review_priorityに従い追加データ収集または手動レビューを行ってください。,v2.0-final,v2.0-final,v2.0-final,ThinkPad X1 Carbon Gen 13,Celxpert,5B11M90098
2026-06-03T16:38:27,AMCCLARNON-TSEM_amcclarnon,NORMAL_OR_RESPONDING,ACTION_NONE,high,NOT_NO_LOW_CHANGE_CANDIDATE,,,,,,False,False,False,False,False,6,1,1,120.0,3.429,5.9,174.99,5.0,5.9,0.0,99.0,100.0,1.0,1.0,0,0,0,0,0,0,0,0,0,0,,,,0.0,-1.0,n/a,71.0,11.0,"flat_tail=5.9d, fcc_changes=6, tail_cyc=0.0, tail_ok[90/80]=0/0, unresp_complete[90/80]=0/0, large_gap[90/80]=0/0 -> FCC still updating / not a no-low-change candidate",,v2.0-final,v2.0-final,v2.0-final,ThinkPad T14s 2-in-1 Gen 1,Celxpert,5B11M90106
2026-06-03T16:38:27,AMIGDOL-F67CCZ1_amigdol,REVIEW_INSUFFICIENT_DATA,ACTION_COLLECT_MORE_DATA_OR_MANUAL_REVIEW,review,REVIEW_SHORT_OBS_ACTIVE_LIKE,,,REVIEW_SHORT_OBS_ACTIVE_LIKE,low,観測期間<120日でactive様（flat_tail<60）。経過観察で十分なことが多い。,False,False,False,False,False,9,0,0,100.0,32.397,0.0,27.78,9.0,0.0,0.0,78.0,78.0,0.0,,0,0,0,0,0,0,0,0,0,0,,,,0.0,-1.0,n/a,65.0,5.0,"obs_days=27.8, n_samples=291, quality=QUALITY_SHORT_OBS -> insufficient/uncertain data",観測期間・サンプル数・カウンタ整合性のいずれかが不足しており信頼できる判定ができません。review_priorityに従い追加データ収集または手動レビューを行ってください。,v2.0-final,v2.0-final,v2.0-final,ThinkPad T14 Gen 7,ATL,5B11M90172
2026-06-03T16:38:27,AMIKAMI-F49VQPZ_amikami,WATCH_LOW_UPDATE_RATE_AMBIGUOUS,ACTION_MONITOR_OR_MANUAL_REVIEW,low,WATCH_ACTIVE_LOW_CADENCE,,WATCH_ACTIVE_LOW_CADENCE,,,,True,False,False,True,True,2,2,2,1.55,0.318,31.9,629.72,129.0,31.9,5.0,46.0,100.0,54.0,0.873,0,0,0,0,0,0,0,0,0,0,,,,0.0,0.0,AC_BOUND+SHALLOW_RANGE+LOW_CYCLING,70.3,16.3,"flat_tail=31.9d, fcc_changes=2, tail_cyc=5.0, tail_ok[90/80]=0/0, unresp_complete[90/80]=0/0, large_gap[90/80]=0/0 -> ambiguous (watch)",FCC更新率は低いが完全凍結ではない/学習機会がlarge-gapまたは打ち切りで確証が弱い/境界的のため、FW確認に回す前にモニタリングまたは手動レビューを推奨します。,v2.0-final,v2.0-final,v2.0-final,ThinkPad X1 Yoga Gen 7,SMP,5B10W13973
2026-06-03T16:38:27,ANAKAMURA8-3ZVB_anakamura8,WATCH_LOW_UPDATE_RATE_AMBIGUOUS,ACTION_MONITOR_OR_MANUAL_REVIEW,low,WATCH_POSSIBLE_OPPORTUNITY_WITH_LARGE_GAPS,,WATCH_POSSIBLE_OPPORTUNITY_WITH_LARGE_GAPS,,,,True,False,False,True,True,10,10,10,1.188,0.837,11.0,1195.33,842.0,11.0,3.0,2.0,100.0,98.0,0.612,0,1,1,0,1,1,0,0,0,0,,,,0.0,1.0,MIXED,50.1,12.4,"flat_tail=11.0d, fcc_changes=10, tail_cyc=3.0, tail_ok[90/80]=0/0, unresp_complete[90/80]=0/0, large_gap[90/80]=1/1 -> ambiguous (watch)",FCC更新率は低いが完全凍結ではない/学習機会がlarge-gapまたは打ち切りで確証が弱い/境界的のため、FW確認に回す前にモニタリングまたは手動レビューを推奨します。,v2.0-final,v2.0-final,v2.0-final,ThinkPad X1 Carbon Gen 9,Sunwoda,5B10W13975
2026-06-03T16:38:27,ANDY-TH1_zuyin,REVIEW_INSUFFICIENT_DATA,ACTION_COLLECT_MORE_DATA_OR_MANUAL_REVIEW,review,REVIEW_COUNTER_RESET,,,REVIEW_COUNTER_RESET,high,cycleCountが減少（カウンタリセット/パック異常疑い）。生ログ確認が必要。,False,False,False,False,False,177,14,14,95.676,22.082,8.5,801.57,185.0,8.5,0.0,60.0,79.0,19.0,0.9682,0,0,0,0,0,0,0,0,0,0,,,,0.0,-1.0,n/a,60.8,1.4,"obs_days=801.6, n_samples=13116, quality=QUALITY_COUNTER_RESET -> insufficient/uncertain data",観測期間・サンプル数・カウンタ整合性のいずれかが不足しており信頼できる判定ができません。review_priorityに従い追加データ収集または手動レビューを行ってください。,v2.0-final,v2.0-final,v2.0-final,ThinkPad X1 Carbon Gen 12,Celxpert,5B11H56384
2026-06-03T16:38:27,ANDY_zuyin,ACTIONABLE_GAUGE_RESET_INSUFFICIENT_LEARNING_OPPORTUNITY,ACTION_GAUGE_RESET,high,GAUGE_HIGH_NO_OPPORTUNITY,NO_OPPORTUNITY_LOW_CYCLING;NO_OPPORTUNITY_SHALLOW_RANGE,,,,,True,True,False,False,False,0,0,0,0.0,0.0,132.1,132.1,14.0,132.1,14.0,38.0,100.0,62.0,0.728,0,0,0,0,0,0,0,0,0,0,,,,0.0,1.0,MIXED,79.6,34.8,"flat_tail=132.1d, fcc_changes=0, tail_cyc=14.0, tail_ok[90/80]=0/0, unresp_complete[90/80]=0/0, large_gap[90/80]=0/0, ac=0.73, min_rsoc=38.0 -> insufficient learning opportunity",FCC/SoHが長期間更新されておらず、ログ上は深い放電→再充電の学習機会が十分に確認できません（OK品質の機会が無く、large-gapを含めても判定可能な機会がない）。安全な環境でOEM推奨のバッテリーゲージリセット/キャリブレーションを実施し、その後72h〜7日間のテレメトリでFCC更新有無を確認してください。,v2.0-final,v2.0-final,v2.0-final,ThinkPad X1 Carbon Gen 11,SMP,5B10W13973
2026-06-03T16:38:27,ANIETO1-F5GNTSH_anieto1,ACTIONABLE_GAUGE_RESET_INSUFFICIENT_LEARNING_OPPORTUNITY,ACTION_GAUGE_RESET,high,GAUGE_HIGH_NO_OPPORTUNITY,NO_OPPORTUNITY_AC_BOUND;NO_OPPORTUNITY_LOW_CYCLING,,,,,True,False,True,False,False,16,0,0,94.118,5.084,181.8,314.74,17.0,181.8,0.0,2.0,95.0,93.0,1.0,0,0,0,0,0,0,0,0,0,0,,,,0.0,1.0,MIXED,100.0,40.0,"flat_tail=181.8d, fcc_changes=16, tail_cyc=0.0, tail_ok[90/80]=0/0, unresp_complete[90/80]=0/0, large_gap[90/80]=0/0, ac=1.00, min_rsoc=2.0 -> insufficient learning opportunity",FCC/SoHが長期間更新されておらず、ログ上は深い放電→再充電の学習機会が十分に確認できません（OK品質の機会が無く、large-gapを含めても判定可能な機会がない）。安全な環境でOEM推奨のバッテリーゲージリセット/キャリブレーションを実施し、その後72h〜7日間のテレメトリでFCC更新有無を確認してください。,v2.0-final,v2.0-final,v2.0-final,ThinkPad T14 Gen 6,Celxpert,5B11M90126
2026-06-03T16:38:27,ANODA-PF5E0G8K_anoda,REVIEW_INSUFFICIENT_DATA,ACTION_COLLECT_MORE_DATA_OR_MANUAL_REVIEW,review,REVIEW_SHORT_OBS_ACTIVE_LIKE,,,REVIEW_SHORT_OBS_ACTIVE_LIKE,low,観測期間<120日でactive様（flat_tail<60）。経過観察で十分なことが多い。,False,False,False,False,False,29,7,7,2900000000000.0,45.291,0.3,64.03,0.0,0.3,0.0,83.0,100.0,17.0,1.0,0,0,0,0,0,0,0,0,0,0,,,,0.0,-1.0,n/a,65.0,5.0,"obs_days=64.0, n_samples=1266, quality=QUALITY_SHORT_OBS -> insufficient/uncertain data",観測期間・サンプル数・カウンタ整合性のいずれかが不足しており信頼できる判定ができません。review_priorityに従い追加データ収集または手動レビューを行ってください。,v2.0-final,v2.0-final,v2.0-final,ThinkPad T14s Gen 6,ATL,5B11H56408
2026-06-03T16:38:27,ANUPT14S_avachali,NORMAL_OR_RESPONDING,ACTION_NONE,high,NOT_NO_LOW_CHANGE_CANDIDATE,,,,,,False,False,False,False,False,98,11,11,104.255,16.117,7.0,608.07,94.0,7.0,0.0,62.0,100.0,38.0,1.0,0,0,0,0,0,0,0,0,0,0,,,,0.0,-1.0,n/a,71.2,11.2,"flat_tail=7.0d, fcc_changes=98, tail_cyc=0.0, tail_ok[90/80]=0/0, unresp_complete[90/80]=0/0, large_gap[90/80]=0/0 -> FCC still updating / not a no-low-change candidate",,v2.0-final,v2.0-final,v2.0-final,ThinkPad X13 2-in-1 Gen 5,BYD,5B11M90051
2026-06-03T16:38:27,ANUP_TINY,NORMAL_OR_RESPONDING,ACTION_NONE,high,NOT_NO_LOW_CHANGE_CANDIDATE,,,,,,False,False,False,False,False,98,11,11,104.255,16.304,0.0,601.07,94.0,0.0,0.0,62.0,81.0,19.0,1.0,0,0,0,0,0,0,0,0,0,0,,,,0.0,-1.0,n/a,70.0,10.0,"flat_tail=0.0d, fcc_changes=98, tail_cyc=0.0, tail_ok[90/80]=0/0, unresp_complete[90/80]=0/0, large_gap[90/80]=0/0 -> FCC still updating / not a no-low-change candidate",,v2.0-final,v2.0-final,v2.0-final,ThinkPad X13 2-in-1 Gen 5,BYD,5B11M90051
2026-06-03T16:38:27,AOHYAMA-F3Y6JVY_aohyama,NORMAL_OR_RESPONDING,ACTION_NONE,high,NOT_NO_LOW_CHANGE_CANDIDATE,,,,,,False,False,False,False,False,459,75,75,117.692,92.097,0.3,498.39,390.0,0.3,0.0,62.0,100.0,38.0,0.7687,0,0,0,0,0,0,0,0,0,0,,,,0.0,-1.0,n/a,65.4,10.1,"flat_tail=0.3d, fcc_changes=459, tail_cyc=0.0, tail_ok[90/80]=0/0, unresp_complete[90/80]=0/0, large_gap[90/80]=0/0 -> FCC still updating / not a no-low-change candidate",,v2.0-final,v2.0-final,v2.0-final,ThinkPad T14s Gen 3,,
2026-06-03T16:38:27,APARAMESWAR-G5E_aparameswara,REVIEW_INSUFFICIENT_DATA,ACTION_COLLECT_MORE_DATA_OR_MANUAL_REVIEW,review,REVIEW_SHORT_OBS_ACTIVE_LIKE,,,REVIEW_SHORT_OBS_ACTIVE_LIKE,low,観測期間<120日でactive様（flat_tail<60）。経過観察で十分なことが多い。,False,False,False,False,False,2,2,2,6.061,2.174,27.2,92.01,33.0,27.2,8.0,5.0,100.0,95.0,0.3685,0,4,4,0,0,0,0,0,0,0,,,,0.0,-1.0,n/a,32.9,11.1,"obs_days=92.0, n_samples=1073, quality=QUALITY_SHORT_OBS -> insufficient/uncertain data",観測期間・サンプル数・カウンタ整合性のいずれかが不足しており信頼できる判定ができません。review_priorityに従い追加データ収集または手動レビューを行ってください。,v2.0-final,v2.0-final,v2.0-final,ThinkPad T16 Gen 2,Sunwoda,5B10W51873
2026-06-03T16:38:27,APARAMESWAR-PAD_aparameswara,NORMAL_OR_RESPONDING,ACTION_NONE,high,NOT_NO_LOW_CHANGE_CANDIDATE,,,,,,False,False,False,False,False,153,58,54,156.122,66.197,0.2,231.13,98.0,0.2,0.0,71.0,100.0,29.0,0.8674,0,0,0,0,0,0,0,0,0,0,,,,0.0,-1.0,n/a,67.4,10.0,"flat_tail=0.2d, fcc_changes=153, tail_cyc=0.0, tail_ok[90/80]=0/0, unresp_complete[90/80]=0/0, large_gap[90/80]=0/0 -> FCC still updating / not a no-low-change candidate",,v2.0-final,v2.0-final,v2.0-final,ThinkPad X13 2-in-1 Gen 5,Celxpert,5B11M90049
2026-06-03T16:38:27,ARAMAR-R9109T7G_aramar,NORMAL_OR_RESPONDING,ACTION_NONE,high,NOT_NO_LOW_CHANGE_CANDIDATE,,,,,,False,False,False,False,False,420,323,228,146.853,80.312,0.8,522.96,286.0,0.8,0.0,55.0,82.0,27.0,0.8351,0,0,0,0,0,0,0,0,0,0,,,,0.0,-1.0,n/a,66.8,10.1,"flat_tail=0.8d, fcc_changes=420, tail_cyc=0.0, tail_ok[90/80]=0/0, unresp_complete[90/80]=0/0, large_gap[90/80]=0/0 -> FCC still updating / not a no-low-change candidate",,v2.0-final,v2.0-final,v2.0-final,ThinkPad X1 Extreme Gen 3,SMP,5B10X19049
2026-06-03T16:38:27,ARANGANATHA-8QB_aranganathan,REVIEW_INSUFFICIENT_DATA,ACTION_COLLECT_MORE_DATA_OR_MANUAL_REVIEW,review,REVIEW_SHORT_OBS_ACTIVE_LIKE,,,REVIEW_SHORT_OBS_ACTIVE_LIKE,low,観測期間<120日でactive様（flat_tail<60）。経過観察で十分なことが多い。,False,False,False,False,False,22,22,20,40.741,19.622,0.7,112.12,54.0,0.7,0.0,35.0,100.0,65.0,0.3463,0,0,0,0,0,0,0,0,0,0,,,,0.0,-1.0,n/a,52.0,5.1,"obs_days=112.1, n_samples=1481, quality=QUALITY_SHORT_OBS -> insufficient/uncertain data",観測期間・サンプル数・カウンタ整合性のいずれかが不足しており信頼できる判定ができません。review_priorityに従い追加データ収集または手動レビューを行ってください。,v2.0-final,v2.0-final,v2.0-final,ThinkPad T14s Gen 4,SMP,5B10W51875
2026-06-03T16:38:27,ASANTHOSH-9S10E_asanthosh,NORMAL_OR_RESPONDING,ACTION_NONE,high,NOT_NO_LOW_CHANGE_CANDIDATE,,,,,,False,False,False,False,False,137,47,44,144.211,77.832,29.9,176.02,95.0,29.9,0.0,36.0,100.0,64.0,0.4062,0,0,0,0,0,0,0,0,0,0,,,,0.0,-1.0,n/a,63.1,15.0,"flat_tail=29.9d, fcc_changes=137, tail_cyc=0.0, tail_ok[90/80]=0/0, unresp_complete[90/80]=0/0, large_gap[90/80]=0/0 -> FCC still updating / not a no-low-change candidate",,v2.0-final,v2.0-final,v2.0-final,ThinkPad L16 Gen 1,Sunwoda,5B11H56398
2026-06-03T16:38:27,ASANTHOSH-FT15Y_X1,REVIEW_INSUFFICIENT_DATA,ACTION_COLLECT_MORE_DATA_OR_MANUAL_REVIEW,review,REVIEW_SHORT_OBS_ACTIVE_LIKE,,,REVIEW_SHORT_OBS_ACTIVE_LIKE,low,観測期間<120日でactive様（flat_tail<60）。経過観察で十分なことが多い。,False,False,False,False,False,50,15,14,147.059,51.078,1.0,97.89,34.0,1.0,0.0,6.0,69.0,63.0,0.2232,0,0,0,0,0,0,0,0,0,0,,,,0.0,-1.0,n/a,49.6,5.2,"obs_days=97.9, n_samples=666, quality=QUALITY_SHORT_OBS -> insufficient/uncertain data",観測期間・サンプル数・カウンタ整合性のいずれかが不足しており信頼できる判定ができません。review_priorityに従い追加データ収集または手動レビューを行ってください。,v2.0-final,v2.0-final,v2.0-final,ThinkPad X1 2-in-1 Gen 10,BYD,5B11M90100
2026-06-03T16:38:27,ASANTHOSH-FT15Y_asanthosh,NORMAL_OR_RESPONDING,ACTION_NONE,high,NOT_NO_LOW_CHANGE_CANDIDATE,,,,,,False,False,False,False,False,51,16,15,145.714,40.826,11.8,124.92,35.0,11.8,0.0,4.0,56.0,52.0,0.0,0,0,0,0,0,0,0,0,0,0,,,,0.0,-1.0,n/a,54.6,12.0,"flat_tail=11.8d, fcc_changes=51, tail_cyc=0.0, tail_ok[90/80]=0/0, unresp_complete[90/80]=0/0, large_gap[90/80]=0/0 -> FCC still updating / not a no-low-change candidate",,v2.0-final,v2.0-final,v2.0-final,ThinkPad X1 2-in-1 Gen 10,BYD,5B11M90100
2026-06-03T16:38:27,ASANTHOSH_asanthosh,REVIEW_INSUFFICIENT_DATA,ACTION_COLLECT_MORE_DATA_OR_MANUAL_REVIEW,review,REVIEW_SHORT_OBS_ACTIVE_LIKE,,,REVIEW_SHORT_OBS_ACTIVE_LIKE,low,観測期間<120日でactive様（flat_tail<60）。経過観察で十分なことが多い。,False,False,False,False,False,57,16,16,121.277,49.453,0.6,115.26,47.0,0.6,0.0,10.0,100.0,90.0,0.1627,0,0,0,0,0,0,0,0,0,0,,,,0.0,-1.0,n/a,48.4,5.1,"obs_days=115.3, n_samples=904, quality=QUALITY_SHORT_OBS -> insufficient/uncertain data",観測期間・サンプル数・カウンタ整合性のいずれかが不足しており信頼できる判定ができません。review_priorityに従い追加データ収集または手動レビューを行ってください。,v2.0-final,v2.0-final,v2.0-final,ThinkPad P14s Gen 7,BYD,5B11M90175
2026-06-03T16:38:27,ASHISHIDO-RHBV7_ashishido,REVIEW_INSUFFICIENT_DATA,ACTION_COLLECT_MORE_DATA_OR_MANUAL_REVIEW,review,REVIEW_SHORT_OBS_ACTIVE_LIKE,,,REVIEW_SHORT_OBS_ACTIVE_LIKE,low,観測期間<120日でactive様（flat_tail<60）。経過観察で十分なことが多い。,False,False,False,False,False,41,25,16,585.714,58.23,0.4,70.41,7.0,0.4,0.0,30.0,100.0,70.0,0.3801,0,0,0,0,0,0,0,0,0,0,,,,0.0,-1.0,n/a,52.7,5.1,"obs_days=70.4, n_samples=1490, quality=QUALITY_SHORT_OBS -> insufficient/uncertain data",観測期間・サンプル数・カウンタ整合性のいずれかが不足しており信頼できる判定ができません。review_priorityに従い追加データ収集または手動レビューを行ってください。,v2.0-final,v2.0-final,v2.0-final,ThinkPad T14 Gen 1,SMP,5B10W13906
2026-06-03T16:38:27,ATOKYO-PF3TQD0N_atokyo,WATCH_LOW_UPDATE_RATE_AMBIGUOUS,ACTION_MONITOR_OR_MANUAL_REVIEW,low,WATCH_OTHER_AMBIGUOUS,,WATCH_OTHER_AMBIGUOUS,,,,True,True,True,True,True,0,0,0,0.0,0.0,526.1,526.05,172.0,526.1,172.0,2.0,100.0,98.0,0.5946,1,7,8,0,2,2,1,0,0,0,0.921,0.0,-3.408,32.3,1.0,MIXED,54.7,76.0,"flat_tail=526.1d, fcc_changes=0, tail_cyc=172.0, tail_ok[90/80]=0/1, unresp_complete[90/80]=0/1, large_gap[90/80]=2/7 -> ambiguous (watch)",FCC更新率は低いが完全凍結ではない/学習機会がlarge-gapまたは打ち切りで確証が弱い/境界的のため、FW確認に回す前にモニタリングまたは手動レビューを推奨します。,v2.0-final,v2.0-final,v2.0-final,ThinkPad X1 Yoga Gen 6,Sunwoda,5B10W13975
2026-06-03T16:38:27,AVACHALI-4SM98Q_avachali,NORMAL_OR_RESPONDING,ACTION_NONE,high,NOT_NO_LOW_CHANGE_CANDIDATE,,,,,,False,False,False,False,False,98,11,11,104.255,16.085,8.2,609.28,94.0,8.2,0.0,62.0,100.0,38.0,0.9706,0,0,0,0,0,0,0,0,0,0,,,,0.0,-1.0,n/a,70.8,11.4,"flat_tail=8.2d, fcc_changes=98, tail_cyc=0.0, tail_ok[90/80]=0/0, unresp_complete[90/80]=0/0, large_gap[90/80]=0/0 -> FCC still updating / not a no-low-change candidate",,v2.0-final,v2.0-final,v2.0-final,ThinkPad X13 2-in-1 Gen 5,BYD,5B11M90051
2026-06-03T16:38:27,AVON-SVTSKU3_Avon,REVIEW_INSUFFICIENT_DATA,ACTION_COLLECT_MORE_DATA_OR_MANUAL_REVIEW,review,REVIEW_SHORT_OBS_ACTIVE_LIKE,,,REVIEW_SHORT_OBS_ACTIVE_LIKE,low,観測期間<120日でactive様（flat_tail<60）。経過観察で十分なことが多い。,False,False,False,False,False,50,3,3,92.593,65.036,0.1,76.88,54.0,0.1,0.0,1.0,55.0,54.0,0.0194,0,0,0,0,0,0,0,0,0,0,,,,0.0,-1.0,n/a,47.0,5.0,"obs_days=76.9, n_samples=1170, quality=QUALITY_SHORT_OBS -> insufficient/uncertain data",観測期間・サンプル数・カウンタ整合性のいずれかが不足しており信頼できる判定ができません。review_priorityに従い追加データ収集または手動レビューを行ってください。,v2.0-final,v2.0-final,v2.0-final,ThinkPad X1 Carbon Gen 14,Sunwoda,5B11M90160
2026-06-03T16:38:27,AVON_SIT2,REVIEW_INSUFFICIENT_DATA,ACTION_COLLECT_MORE_DATA_OR_MANUAL_REVIEW,review,REVIEW_SHORT_OBS_ACTIVE_LIKE,,,REVIEW_SHORT_OBS_ACTIVE_LIKE,low,観測期間<120日でactive様（flat_tail<60）。経過観察で十分なことが多い。,False,False,False,False,False,13,2,2,92.857,13.853,10.1,93.84,14.0,10.1,0.0,9.0,100.0,91.0,0.4525,0,0,0,0,0,0,0,0,0,0,,,,0.0,-1.0,n/a,55.7,6.7,"obs_days=93.8, n_samples=702, quality=QUALITY_SHORT_OBS -> insufficient/uncertain data",観測期間・サンプル数・カウンタ整合性のいずれかが不足しており信頼できる判定ができません。review_priorityに従い追加データ収集または手動レビューを行ってください。,v2.0-final,v2.0-final,v2.0-final,ThinkPad X1 Carbon Gen 14,ATL,5B11M90161
2026-06-03T16:38:27,BDILLON-F4RV0ZR_bdillon,NORMAL_OR_RESPONDING,ACTION_NONE,high,NOT_NO_LOW_CHANGE_CANDIDATE,,,,,,False,False,False,False,False,148,13,12,98.667,24.949,0.0,593.22,150.0,0.0,0.0,92.0,92.0,0.0,1.0,0,0,0,0,0,0,0,0,0,0,,,,0.0,-1.0,n/a,70.0,10.0,"flat_tail=0.0d, fcc_changes=148, tail_cyc=0.0, tail_ok[90/80]=0/0, unresp_complete[90/80]=0/0, large_gap[90/80]=0/0 -> FCC still updating / not a no-low-change candidate",,v2.0-final,v2.0-final,v2.0-final,ThinkPad T14 Gen 5,SMP,5B11H56415
2026-06-03T16:38:27,BDILLON-F58TDBM_bdillon,NORMAL_OR_RESPONDING,ACTION_NONE,high,NOT_NO_LOW_CHANGE_CANDIDATE,,,,,,False,False,False,False,False,100,1,1,96.154,24.665,0.0,405.43,104.0,0.0,0.0,71.0,90.0,19.0,1.0,0,0,0,0,0,0,0,0,0,0,,,,0.0,-1.0,n/a,70.0,10.0,"flat_tail=0.0d, fcc_changes=100, tail_cyc=0.0, tail_ok[90/80]=0/0, unresp_complete[90/80]=0/0, large_gap[90/80]=0/0 -> FCC still updating / not a no-low-change candidate",,v2.0-final,v2.0-final,v2.0-final,ThinkPad X1 2-in-1 Gen 10,Celxpert,5B11M90098
2026-06-03T16:38:27,BDILLON-F5CZRRY_T14,REVIEW_INSUFFICIENT_DATA,ACTION_COLLECT_MORE_DATA_OR_MANUAL_REVIEW,review,REVIEW_SHORT_OBS_ACTIVE_LIKE,,,REVIEW_SHORT_OBS_ACTIVE_LIKE,low,観測期間<120日でactive様（flat_tail<60）。経過観察で十分なことが多い。,False,False,False,False,False,9,0,0,100.0,32.328,1.8,27.84,9.0,1.8,0.0,65.0,100.0,35.0,0.8969,0,0,0,0,0,0,0,0,0,0,,,,0.0,-1.0,n/a,63.2,5.3,"obs_days=27.8, n_samples=1158, quality=QUALITY_SHORT_OBS -> insufficient/uncertain data",観測期間・サンプル数・カウンタ整合性のいずれかが不足しており信頼できる判定ができません。review_priorityに従い追加データ収集または手動レビューを行ってください。,v2.0-final,v2.0-final,v2.0-final,ThinkPad T14 Gen 6,ATL,5B11M90125
2026-06-03T16:38:27,BDILLON-F5CZRRY_bdillon,REVIEW_INSUFFICIENT_DATA,ACTION_COLLECT_MORE_DATA_OR_MANUAL_REVIEW,review,REVIEW_SHORT_OBS_ACTIVE_LIKE,,,REVIEW_SHORT_OBS_ACTIVE_LIKE,low,観測期間<120日でactive様（flat_tail<60）。経過観察で十分なことが多い。,False,False,False,False,False,9,0,0,100.0,32.943,1.2,27.32,9.0,1.2,0.0,86.0,100.0,14.0,0.9447,0,0,0,0,0,0,0,0,0,0,,,,0.0,-1.0,n/a,64.1,5.2,"obs_days=27.3, n_samples=1148, quality=QUALITY_SHORT_OBS -> insufficient/uncertain data",観測期間・サンプル数・カウンタ整合性のいずれかが不足しており信頼できる判定ができません。review_priorityに従い追加データ収集または手動レビューを行ってください。,v2.0-final,v2.0-final,v2.0-final,ThinkPad T14 Gen 6,ATL,5B11M90125
2026-06-03T16:38:27,BDILLON-F62WZTG_bdillon,REVIEW_INSUFFICIENT_DATA,ACTION_COLLECT_MORE_DATA_OR_MANUAL_REVIEW,review,REVIEW_SHORT_OBS_ACTIVE_LIKE,,,REVIEW_SHORT_OBS_ACTIVE_LIKE,low,観測期間<120日でactive様（flat_tail<60）。経過観察で十分なことが多い。,False,False,False,False,False,22,0,0,88.0,22.921,0.5,95.98,25.0,0.5,0.0,92.0,100.0,8.0,0.9295,0,0,0,0,0,0,0,0,0,0,,,,0.0,-1.0,n/a,63.7,5.1,"obs_days=96.0, n_samples=3821, quality=QUALITY_SHORT_OBS -> insufficient/uncertain data",観測期間・サンプル数・カウンタ整合性のいずれかが不足しており信頼できる判定ができません。review_priorityに従い追加データ収集または手動レビューを行ってください。,v2.0-final,v2.0-final,v2.0-final,ThinkPad T16 Gen 5,Celxpert,5B11M90173
2026-06-03T16:38:27,BDILLON-F65JXS1_bdillon,REVIEW_INSUFFICIENT_DATA,ACTION_COLLECT_MORE_DATA_OR_MANUAL_REVIEW,review,REVIEW_SHORT_OBS_ACTIVE_LIKE,,,REVIEW_SHORT_OBS_ACTIVE_LIKE,low,観測期間<120日でactive様（flat_tail<60）。経過観察で十分なことが多い。,False,False,False,False,False,2,0,0,50.0,9.906,2.0,20.19,4.0,2.0,0.0,74.0,100.0,26.0,0.8369,0,0,0,0,0,0,0,0,0,0,,,,0.0,-1.0,n/a,62.1,5.3,"obs_days=20.2, n_samples=553, quality=QUALITY_SHORT_OBS -> insufficient/uncertain data",観測期間・サンプル数・カウンタ整合性のいずれかが不足しており信頼できる判定ができません。review_priorityに従い追加データ収集または手動レビューを行ってください。,v2.0-final,v2.0-final,v2.0-final,ThinkPad X13 Gen 7,Sunwoda,5B11M90142
2026-06-03T16:38:27,BDILLON-F67NKP7_bdillon,REVIEW_INSUFFICIENT_DATA,ACTION_COLLECT_MORE_DATA_OR_MANUAL_REVIEW,review,REVIEW_SHORT_OBS_ACTIVE_LIKE,,,REVIEW_SHORT_OBS_ACTIVE_LIKE,low,観測期間<120日でactive様（flat_tail<60）。経過観察で十分なことが多い。,False,False,False,False,False,0,0,0,0.0,0.0,8.1,8.15,2.0,8.1,2.0,67.0,100.0,33.0,0.9142,0,0,0,0,0,0,0,0,0,0,,,,0.0,-1.0,n/a,63.6,6.8,"obs_days=8.2, n_samples=316, quality=QUALITY_SHORT_OBS -> insufficient/uncertain data",観測期間・サンプル数・カウンタ整合性のいずれかが不足しており信頼できる判定ができません。review_priorityに従い追加データ収集または手動レビューを行ってください。,v2.0-final,v2.0-final,v2.0-final,ThinkPad P14s Gen 7,Sunwoda,5B11M90181
2026-06-03T16:38:27,BFALEIRO-0A1NXZ_bfaleiro,ACTIONABLE_GAUGE_RESET_INSUFFICIENT_LEARNING_OPPORTUNITY,ACTION_GAUGE_RESET,high,GAUGE_HIGH_NO_OPPORTUNITY,NO_OPPORTUNITY_LOW_CYCLING,,,,,True,False,True,False,False,378,262,179,262.5,54.545,372.7,693.01,144.0,372.7,2.0,0.0,100.0,100.0,0.458,0,0,0,0,0,0,0,0,0,0,,,,0.0,3.0,LOW_CYCLING,88.2,40.4,"flat_tail=372.7d, fcc_changes=378, tail_cyc=2.0, tail_ok[90/80]=0/0, unresp_complete[90/80]=0/0, large_gap[90/80]=0/0, ac=0.46, min_rsoc=0.0 -> insufficient learning opportunity",FCC/SoHが長期間更新されておらず、ログ上は深い放電→再充電の学習機会が十分に確認できません（OK品質の機会が無く、large-gapを含めても判定可能な機会がない）。安全な環境でOEM推奨のバッテリーゲージリセット/キャリブレーションを実施し、その後72h〜7日間のテレメトリでFCC更新有無を確認してください。,v2.0-final,v2.0-final,v2.0-final,ThinkPad L13 Gen 5,Celxpert,5B11H56424
2026-06-03T16:38:27,BFALEIRO-5C6ATS_bfaleiro,NORMAL_OR_RESPONDING,ACTION_NONE,high,NOT_NO_LOW_CHANGE_CANDIDATE,,,,,,False,False,False,False,False,55,11,11,112.245,11.65,21.0,472.1,49.0,21.0,0.0,0.0,90.0,90.0,0.0564,0,0,0,0,0,0,0,0,0,0,,,,0.0,-1.0,n/a,54.6,13.5,"flat_tail=21.0d, fcc_changes=55, tail_cyc=0.0, tail_ok[90/80]=0/0, unresp_complete[90/80]=0/0, large_gap[90/80]=0/0 -> FCC still updating / not a no-low-change candidate",,v2.0-final,v2.0-final,v2.0-final,ThinkPad X1 Carbon Gen 13,BYD,5B11M90100
2026-06-03T16:38:27,BFALEIRO-629K3A_bfaleiro,REVIEW_INSUFFICIENT_DATA,ACTION_COLLECT_MORE_DATA_OR_MANUAL_REVIEW,review,REVIEW_SHORT_OBS_ACTIVE_LIKE,,,REVIEW_SHORT_OBS_ACTIVE_LIKE,low,観測期間<120日でactive様（flat_tail<60）。経過観察で十分なことが多い。,False,False,False,False,False,46,12,11,121.053,39.062,7.0,117.76,38.0,7.0,0.0,65.0,100.0,35.0,0.6477,0,0,0,0,0,0,0,0,0,0,,,,0.0,-1.0,n/a,59.1,6.2,"obs_days=117.8, n_samples=1865, quality=QUALITY_SHORT_OBS -> insufficient/uncertain data",観測期間・サンプル数・カウンタ整合性のいずれかが不足しており信頼できる判定ができません。review_priorityに従い追加データ収集または手動レビューを行ってください。,v2.0-final,v2.0-final,v2.0-final,ThinkPad T14 Gen 7,COSMX,5B11M90167
2026-06-03T16:38:27,BILLWORK2_ottow,REVIEW_INSUFFICIENT_DATA,ACTION_COLLECT_MORE_DATA_OR_MANUAL_REVIEW,review,REVIEW_SHORT_OBS_ACTIVE_LIKE,,,REVIEW_SHORT_OBS_ACTIVE_LIKE,low,観測期間<120日でactive様（flat_tail<60）。経過観察で十分なことが多い。,False,False,False,False,False,3,2,0,100.0,3.747,5.4,80.06,3.0,5.4,0.0,98.0,100.0,2.0,1.0,0,0,0,0,0,0,0,0,0,0,,,,0.0,-1.0,n/a,65.9,5.9,"obs_days=80.1, n_samples=2239, quality=QUALITY_SHORT_OBS -> insufficient/uncertain data",観測期間・サンプル数・カウンタ整合性のいずれかが不足しており信頼できる判定ができません。review_priorityに従い追加データ収集または手動レビューを行ってください。,v2.0-final,v2.0-final,v2.0-final,ThinkPad P14s Gen 5,SMP,5B11H56401
2026-06-03T16:38:27,BKOCHUPARAM-BR2_bkochuparamb,NORMAL_OR_RESPONDING,ACTION_NONE,high,NOT_NO_LOW_CHANGE_CANDIDATE,,,,,,False,False,False,False,False,119,26,26,125.263,47.222,2.2,252.0,95.0,2.2,0.0,70.0,100.0,30.0,0.6816,0,0,0,0,0,0,0,0,0,0,,,,0.0,-1.0,n/a,64.0,10.4,"flat_tail=2.2d, fcc_changes=119, tail_cyc=0.0, tail_ok[90/80]=0/0, unresp_complete[90/80]=0/0, large_gap[90/80]=0/0 -> FCC still updating / not a no-low-change candidate",,v2.0-final,v2.0-final,v2.0-final,ThinkPad T1g Gen 8,Sunwoda,5B11M37553
2026-06-03T16:38:27,BMIAO-PF4CFQ04_bmiao,WATCH_LOW_UPDATE_RATE_AMBIGUOUS,ACTION_MONITOR_OR_MANUAL_REVIEW,low,WATCH_POSSIBLE_OPPORTUNITY_WITH_LARGE_GAPS,,WATCH_POSSIBLE_OPPORTUNITY_WITH_LARGE_GAPS,,,,True,True,False,False,False,0,0,0,0.0,0.0,156.8,156.82,6.0,156.8,6.0,2.0,100.0,98.0,0.9251,0,1,1,0,1,1,0,0,0,0,,,,0.0,1.0,MIXED,79.1,37.3,"flat_tail=156.8d, fcc_changes=0, tail_cyc=6.0, tail_ok[90/80]=0/0, unresp_complete[90/80]=0/0, large_gap[90/80]=1/1 -> ambiguous (watch)",FCC更新率は低いが完全凍結ではない/学習機会がlarge-gapまたは打ち切りで確証が弱い/境界的のため、FW確認に回す前にモニタリングまたは手動レビューを推奨します。,v2.0-final,v2.0-final,v2.0-final,ThinkPad T16 Gen 2,Celxpert,5B10W51872
2026-06-03T16:38:27,BOB_Libra2.1-ELP2-SVT34,REVIEW_INSUFFICIENT_DATA,ACTION_COLLECT_MORE_DATA_OR_MANUAL_REVIEW,review,REVIEW_COUNTER_RESET,,,REVIEW_COUNTER_RESET,high,cycleCountが減少（カウンタリセット/パック異常疑い）。生ログ確認が必要。,True,False,True,False,False,8,8,8,13.115,1.861,265.8,429.92,61.0,265.8,34.0,4.0,100.0,96.0,0.9898,0,0,0,0,0,0,0,0,0,0,,,,0.0,-1.0,n/a,74.8,36.8,"obs_days=429.9, n_samples=6228, quality=QUALITY_COUNTER_RESET -> insufficient/uncertain data",観測期間・サンプル数・カウンタ整合性のいずれかが不足しており信頼できる判定ができません。review_priorityに従い追加データ収集または手動レビューを行ってください。,v2.0-final,v2.0-final,v2.0-final,ThinkPad P16 Gen 2,SMP,5B10W51893
2026-06-03T16:38:27,BRIAN_bcampbell,REVIEW_INSUFFICIENT_DATA,ACTION_COLLECT_MORE_DATA_OR_MANUAL_REVIEW,review,REVIEW_SHORT_OBS_ACTIVE_LIKE,,,REVIEW_SHORT_OBS_ACTIVE_LIKE,low,観測期間<120日でactive様（flat_tail<60）。経過観察で十分なことが多い。,False,False,False,False,False,4,0,0,50.0,7.147,6.1,55.97,8.0,6.1,0.0,56.0,100.0,44.0,0.7296,0,0,0,0,0,0,0,0,0,0,,,,0.0,-1.0,n/a,60.6,6.0,"obs_days=56.0, n_samples=653, quality=QUALITY_SHORT_OBS -> insufficient/uncertain data",観測期間・サンプル数・カウンタ整合性のいずれかが不足しており信頼できる判定ができません。review_priorityに従い追加データ収集または手動レビューを行ってください。,v2.0-final,v2.0-final,v2.0-final,ThinkPad X1 Carbon Gen 14,COSMX,5B11M90162
2026-06-03T16:38:27,BRYAN_X1,WATCH_LOW_UPDATE_RATE_AMBIGUOUS,ACTION_MONITOR_OR_MANUAL_REVIEW,low,WATCH_POSSIBLE_OPPORTUNITY_WITH_LARGE_GAPS,,WATCH_POSSIBLE_OPPORTUNITY_WITH_LARGE_GAPS,,,,True,False,True,False,False,13,12,12,10.236,1.417,539.2,917.64,127.0,539.2,51.0,2.0,100.0,98.0,0.8481,0,9,9,0,4,4,0,0,0,0,,,,0.0,1.0,MIXED,59.5,50.0,"flat_tail=539.2d, fcc_changes=13, tail_cyc=51.0, tail_ok[90/80]=0/0, unresp_complete[90/80]=0/0, large_gap[90/80]=4/9 -> ambiguous (watch)",FCC更新率は低いが完全凍結ではない/学習機会がlarge-gapまたは打ち切りで確証が弱い/境界的のため、FW確認に回す前にモニタリングまたは手動レビューを推奨します。,v2.0-final,v2.0-final,v2.0-final,ThinkPad X1 Yoga Gen 8,SMP,5B11M90056
2026-06-03T16:38:27,CARBON9TH_Dexter,ACTIONABLE_FW_CHECK_OPPORTUNITY_NO_RESPONSE,ACTION_FW_CHECK,high,FW_HIGH_UNRESPONDED_COMPLETE_WINDOWS,TERMINAL_FREEZE_AFTER_OPPORTUNITIES,,,,,True,False,True,True,True,4,2,2,1.762,0.818,332.7,488.91,227.0,332.7,139.0,2.0,100.0,98.0,0.8053,4,23,27,0,3,3,4,0,0,0,0.979,0.0,-1.213,77.1,1.0,MIXED,57.0,94.0,"flat_tail=332.7d, fcc_changes=4, tail_cyc=139.0, tail_ok[90/80]=0/4, unresp_complete[90/80]=0/4, large_gap[90/80]=3/23 -> complete-window opportunities present but FCC did not respond",FCC/SoHが長期間更新されておらず、ログ上は深い放電→再充電の学習機会（完全窓・OK品質）が複数回確認されるのにFCCが応答していません。BIOS/EC/バッテリー関連FWのVersion確認とアップデート有無確認を優先してください。アップデート後、次回の学習機会後72h〜7日間でFCC更新有無を確認してください。,v2.0-final,v2.0-final,v2.0-final,ThinkPad X1 Carbon Gen 9,SMP,5B10W13973
2026-06-03T16:38:27,CARLLAPTOP_CarlWu,ACTIONABLE_FW_CHECK_OPPORTUNITY_NO_RESPONSE,ACTION_FW_CHECK,medium,FW_MEDIUM_UNRESPONDED_COMPLETE_WINDOWS,LOW_UPDATE_RATE_WITH_OPPORTUNITIES,,,,,True,False,False,True,True,5,5,5,2.049,1.145,142.8,436.76,244.0,142.8,83.0,0.0,100.0,100.0,0.4648,9,9,18,3,8,11,9,3,0,0,3.644,0.0,-2.725,93.8,1.0,MIXED,44.2,93.8,"flat_tail=142.8d, fcc_changes=5, tail_cyc=83.0, tail_ok[90/80]=3/9, unresp_complete[90/80]=3/9, large_gap[90/80]=8/9 -> complete-window opportunities present but FCC did not respond",FCC/SoHが長期間更新されておらず、ログ上は深い放電→再充電の学習機会（完全窓・OK品質）が複数回確認されるのにFCCが応答していません。BIOS/EC/バッテリー関連FWのVersion確認とアップデート有無確認を優先してください。アップデート後、次回の学習機会後72h〜7日間でFCC更新有無を確認してください。,v2.0-final,v2.0-final,v2.0-final,ThinkPad X1 Carbon Gen 11,Sunwoda,5B10W13975
2026-06-03T16:38:27,CARZADON-3JDEXX_carzadon,NORMAL_OR_RESPONDING,ACTION_NONE,high,NOT_NO_LOW_CHANGE_CANDIDATE,,,,,,False,False,False,False,False,1061,721,479,214.777,139.02,0.9,763.2,494.0,0.9,0.0,90.0,97.0,7.0,0.0,0,0,0,0,0,0,0,0,0,0,,,,0.0,-1.0,n/a,67.8,10.2,"flat_tail=0.9d, fcc_changes=1061, tail_cyc=0.0, tail_ok[90/80]=0/0, unresp_complete[90/80]=0/0, large_gap[90/80]=0/0 -> FCC still updating / not a no-low-change candidate",,v2.0-final,v2.0-final,v2.0-final,ThinkPad T14 Gen 2i,SMP,5B10W51827
2026-06-03T16:38:27,CBLACKBURN-E2WL_cblackburn,REVIEW_INSUFFICIENT_DATA,ACTION_COLLECT_MORE_DATA_OR_MANUAL_REVIEW,review,REVIEW_SHORT_OBS_ACTIVE_LIKE,,,REVIEW_SHORT_OBS_ACTIVE_LIKE,low,観測期間<120日でactive様（flat_tail<60）。経過観察で十分なことが多い。,False,False,False,False,False,13,5,5,144.444,22.083,9.9,58.87,9.0,9.9,0.0,78.0,100.0,22.0,0.9202,0,0,0,0,0,0,0,0,0,0,,,,0.0,-1.0,n/a,65.1,6.7,"obs_days=58.9, n_samples=802, quality=QUALITY_SHORT_OBS -> insufficient/uncertain data",観測期間・サンプル数・カウンタ整合性のいずれかが不足しており信頼できる判定ができません。review_priorityに従い追加データ収集または手動レビューを行ってください。,v2.0-final,v2.0-final,v2.0-final,ThinkPad P16s Gen 5,COSMX,5B11M90179
2026-06-03T16:38:27,CBLACKBURN-TSG2_cblackburn,NORMAL_OR_RESPONDING,ACTION_NONE,high,NOT_NO_LOW_CHANGE_CANDIDATE,,,,,,False,False,False,False,False,73,28,28,137.736,20.858,10.0,349.99,53.0,10.0,0.0,57.0,100.0,43.0,0.8876,0,0,0,0,0,0,0,0,0,0,,,,0.0,-1.0,n/a,69.4,11.7,"flat_tail=10.0d, fcc_changes=73, tail_cyc=0.0, tail_ok[90/80]=0/0, unresp_complete[90/80]=0/0, large_gap[90/80]=0/0 -> FCC still updating / not a no-low-change candidate",,v2.0-final,v2.0-final,v2.0-final,ThinkPad T14s 2-in-1 Gen 1,Celxpert,5B11M90106
2026-06-03T16:38:27,CBLACKBURNXY23A_cblackburn,NORMAL_OR_RESPONDING,ACTION_NONE,high,NOT_NO_LOW_CHANGE_CANDIDATE,,,,,,False,False,False,False,False,50,20,20,161.29,28.521,12.0,175.31,31.0,12.0,0.0,57.0,99.0,42.0,0.0,0,0,0,0,0,0,0,0,0,0,,,,0.0,-1.0,n/a,58.0,12.0,"flat_tail=12.0d, fcc_changes=50, tail_cyc=0.0, tail_ok[90/80]=0/0, unresp_complete[90/80]=0/0, large_gap[90/80]=0/0 -> FCC still updating / not a no-low-change candidate",,v2.0-final,v2.0-final,v2.0-final,ThinkPad P14s Gen 5 AMD,Celxpert,5B11H56416
2026-06-03T16:38:27,CBOULTON-5METJ1_cboulton,NORMAL_OR_RESPONDING,ACTION_NONE,high,NOT_NO_LOW_CHANGE_CANDIDATE,,,,,,False,False,False,False,False,124,23,23,119.231,48.302,3.9,256.72,104.0,3.9,0.0,66.0,99.0,33.0,0.0,0,0,0,0,0,0,0,0,0,0,,,,0.0,-1.0,n/a,59.6,10.7,"flat_tail=3.9d, fcc_changes=124, tail_cyc=0.0, tail_ok[90/80]=0/0, unresp_complete[90/80]=0/0, large_gap[90/80]=0/0 -> FCC still updating / not a no-low-change candidate",,v2.0-final,v2.0-final,v2.0-final,ThinkPad P14s Gen 6,Sunwoda,5B11M90121
2026-06-03T16:38:27,CCHEN50-F3PD01M_cchen50,NORMAL_OR_RESPONDING,ACTION_NONE,high,NOT_NO_LOW_CHANGE_CANDIDATE,,,,,,False,False,False,False,False,103,73,60,111.957,16.676,100.6,617.65,92.0,100.6,10.0,32.0,100.0,68.0,0.9246,0,0,0,0,0,0,0,0,0,0,,,,0.0,-1.0,n/a,80.3,28.8,"flat_tail=100.6d, fcc_changes=103, tail_cyc=10.0, tail_ok[90/80]=0/0, unresp_complete[90/80]=0/0, large_gap[90/80]=0/0 -> FCC still updating / not a no-low-change candidate",,v2.0-final,v2.0-final,v2.0-final,ThinkPad X1 Carbon Gen 9,Celxpert,5B10W13974
2026-06-03T16:38:27,CCHOW3-PF4S7DN8_cchow3,REVIEW_INSUFFICIENT_DATA,ACTION_COLLECT_MORE_DATA_OR_MANUAL_REVIEW,review,REVIEW_SHORT_OBS_ACTIVE_LIKE,,,REVIEW_SHORT_OBS_ACTIVE_LIKE,low,観測期間<120日でactive様（flat_tail<60）。経過観察で十分なことが多い。,False,False,False,False,False,25,6,6,96.154,20.865,4.5,119.82,26.0,4.5,0.0,3.0,100.0,97.0,0.0001,0,0,0,0,0,0,0,0,0,0,,,,0.0,-1.0,n/a,45.8,5.8,"obs_days=119.8, n_samples=1545, quality=QUALITY_SHORT_OBS -> insufficient/uncertain data",観測期間・サンプル数・カウンタ整合性のいずれかが不足しており信頼できる判定ができません。review_priorityに従い追加データ収集または手動レビューを行ってください。,v2.0-final,v2.0-final,v2.0-final,ThinkPad T14 Gen 5,Celxpert,5B11H56413
2026-06-03T16:38:27,CCHOW3-PF4YBY4D_cchow3,REVIEW_INSUFFICIENT_DATA,ACTION_COLLECT_MORE_DATA_OR_MANUAL_REVIEW,review,REVIEW_SHORT_OBS_ACTIVE_LIKE,,,REVIEW_SHORT_OBS_ACTIVE_LIKE,low,観測期間<120日でactive様（flat_tail<60）。経過観察で十分なことが多い。,False,False,False,False,False,18,13,4,128.571,22.528,7.9,79.9,14.0,7.9,0.0,2.0,100.0,98.0,0.8549,0,0,0,0,0,0,0,0,0,0,,,,0.0,-1.0,n/a,63.4,6.3,"obs_days=79.9, n_samples=1260, quality=QUALITY_SHORT_OBS -> insufficient/uncertain data",観測期間・サンプル数・カウンタ整合性のいずれかが不足しており信頼できる判定ができません。review_priorityに従い追加データ収集または手動レビューを行ってください。,v2.0-final,v2.0-final,v2.0-final,ThinkPad P14s Gen 5,SMP,5B11H56401
2026-06-03T16:38:27,CCOLGLAZIER-V05_ccolglazier,REVIEW_INSUFFICIENT_DATA,ACTION_COLLECT_MORE_DATA_OR_MANUAL_REVIEW,review,REVIEW_SHORT_OBS_ACTIVE_LIKE,,,REVIEW_SHORT_OBS_ACTIVE_LIKE,low,観測期間<120日でactive様（flat_tail<60）。経過観察で十分なことが多い。,False,False,False,False,False,7,0,0,100.0,21.923,2.9,31.93,7.0,2.9,0.0,17.0,79.0,62.0,0.1143,0,0,0,0,0,0,0,0,0,0,,,,0.0,-1.0,n/a,47.8,5.5,"obs_days=31.9, n_samples=580, quality=QUALITY_SHORT_OBS -> insufficient/uncertain data",観測期間・サンプル数・カウンタ整合性のいずれかが不足しており信頼できる判定ができません。review_priorityに従い追加データ収集または手動レビューを行ってください。,v2.0-final,v2.0-final,v2.0-final,ThinkPad P14s Gen 7 AMD,Sunwoda,5B11M90168
2026-06-03T16:38:27,CCOURTEIX-C7ECE_ccourteix,REVIEW_INSUFFICIENT_DATA,ACTION_COLLECT_MORE_DATA_OR_MANUAL_REVIEW,review,REVIEW_SHORT_OBS_ACTIVE_LIKE,,,REVIEW_SHORT_OBS_ACTIVE_LIKE,low,観測期間<120日でactive様（flat_tail<60）。経過観察で十分なことが多い。,False,False,False,False,False,0,0,0,0.0,0.0,30.0,30.04,5.0,30.0,5.0,0.0,99.0,99.0,0.4116,0,1,1,0,0,0,0,0,0,0,,,,0.0,-1.0,n/a,43.2,11.0,"obs_days=30.0, n_samples=331, quality=QUALITY_SHORT_OBS -> insufficient/uncertain data",観測期間・サンプル数・カウンタ整合性のいずれかが不足しており信頼できる判定ができません。review_priorityに従い追加データ収集または手動レビューを行ってください。,v2.0-final,v2.0-final,v2.0-final,ThinkPad T14s Gen 6,Sunwoda,LNV-5B11H56404
2026-06-03T16:38:27,CDORNER-F5WFAPN_cdorner,REVIEW_INSUFFICIENT_DATA,ACTION_COLLECT_MORE_DATA_OR_MANUAL_REVIEW,review,REVIEW_SHORT_OBS_ACTIVE_LIKE,,,REVIEW_SHORT_OBS_ACTIVE_LIKE,low,観測期間<120日でactive様（flat_tail<60）。経過観察で十分なことが多い。,False,False,False,False,False,4,0,0,100.0,21.209,3.1,18.86,4.0,3.1,0.0,72.0,100.0,28.0,0.7229,0,0,0,0,0,0,0,0,0,0,,,,0.0,-1.0,n/a,60.0,5.5,"obs_days=18.9, n_samples=291, quality=QUALITY_SHORT_OBS -> insufficient/uncertain data",観測期間・サンプル数・カウンタ整合性のいずれかが不足しており信頼できる判定ができません。review_priorityに従い追加データ収集または手動レビューを行ってください。,v2.0-final,v2.0-final,v2.0-final,ThinkPad T16g Gen 3,SMP,5B11M90135
2026-06-03T16:38:27,CFERLAND-0DYS2P_cferland,NORMAL_OR_RESPONDING,ACTION_NONE,high,NOT_NO_LOW_CHANGE_CANDIDATE,,,,,,False,False,False,False,False,61,0,0,138.636,30.986,1.0,196.86,44.0,1.0,0.0,91.0,99.0,8.0,0.8089,0,0,0,0,0,0,0,0,0,0,,,,0.0,-1.0,n/a,67.5,10.2,"flat_tail=1.0d, fcc_changes=61, tail_cyc=0.0, tail_ok[90/80]=0/0, unresp_complete[90/80]=0/0, large_gap[90/80]=0/0 -> FCC still updating / not a no-low-change candidate",,v2.0-final,v2.0-final,v2.0-final,ThinkPad T14s Gen 6,SMP,LNV-5B11H56403
2026-06-03T16:38:27,CGOOTEE-F66K4JN_cgootee,REVIEW_INSUFFICIENT_DATA,ACTION_COLLECT_MORE_DATA_OR_MANUAL_REVIEW,review,REVIEW_SHORT_OBS_ACTIVE_LIKE,,,REVIEW_SHORT_OBS_ACTIVE_LIKE,low,観測期間<120日でactive様（flat_tail<60）。経過観察で十分なことが多い。,False,False,False,False,False,3,0,0,60.0,11.157,0.1,26.89,5.0,0.1,0.0,55.0,100.0,45.0,1.0,0,0,0,0,0,0,0,0,0,0,,,,0.0,-1.0,n/a,65.0,5.0,"obs_days=26.9, n_samples=263, quality=QUALITY_SHORT_OBS -> insufficient/uncertain data",観測期間・サンプル数・カウンタ整合性のいずれかが不足しており信頼できる判定ができません。review_priorityに従い追加データ収集または手動レビューを行ってください。,v2.0-final,v2.0-final,v2.0-final,ThinkPad T14 Gen 7,Sunwoda,5B11M90169
2026-06-03T16:38:27,CHANGYC2-1QSR8D_changyc2,NORMAL_OR_RESPONDING,ACTION_NONE,high,NOT_NO_LOW_CHANGE_CANDIDATE,,,,,,False,False,False,False,False,87,63,45,135.938,24.77,0.8,351.23,64.0,0.8,0.0,100.0,100.0,0.0,1.0,0,0,0,0,0,0,0,0,0,0,,,,0.0,-1.0,n/a,70.1,10.1,"flat_tail=0.8d, fcc_changes=87, tail_cyc=0.0, tail_ok[90/80]=0/0, unresp_complete[90/80]=0/0, large_gap[90/80]=0/0 -> FCC still updating / not a no-low-change candidate",,v2.0-final,v2.0-final,v2.0-final,ThinkPad X280,SMP,01AV471
2026-06-03T16:38:27,CHIKARA7-3PAB5T_chikara7,ACTIONABLE_FW_CHECK_OPPORTUNITY_NO_RESPONSE,ACTION_FW_CHECK,high,FW_HIGH_UNRESPONDED_COMPLETE_WINDOWS,ZERO_UPDATE_AFTER_OPPORTUNITIES,,,,,True,True,True,True,True,0,0,0,0.0,0.0,539.3,539.26,222.0,539.3,222.0,1.0,100.0,99.0,0.5728,5,64,69,0,2,2,5,0,0,0,0.27,0.0,-0.557,63.6,1.0,MIXED,51.8,100.0,"flat_tail=539.3d, fcc_changes=0, tail_cyc=222.0, tail_ok[90/80]=0/5, unresp_complete[90/80]=0/5, large_gap[90/80]=2/64 -> complete-window opportunities present but FCC did not respond",FCC/SoHが長期間更新されておらず、ログ上は深い放電→再充電の学習機会（完全窓・OK品質）が複数回確認されるのにFCCが応答していません。BIOS/EC/バッテリー関連FWのVersion確認とアップデート有無確認を優先してください。アップデート後、次回の学習機会後72h〜7日間でFCC更新有無を確認してください。,v2.0-final,v2.0-final,v2.0-final,ThinkPad X1 Yoga Gen 6,SMP,5B10W13973
2026-06-03T16:38:27,CHIKARA7-ZBPQUS_chikara7,REVIEW_INSUFFICIENT_DATA,ACTION_COLLECT_MORE_DATA_OR_MANUAL_REVIEW,review,REVIEW_SHORT_OBS_ACTIVE_LIKE,,,REVIEW_SHORT_OBS_ACTIVE_LIKE,low,観測期間<120日でactive様（flat_tail<60）。経過観察で十分なことが多い。,False,False,False,False,False,12,0,0,100.0,28.867,4.8,41.57,12.0,4.8,0.0,78.0,100.0,22.0,0.5799,0,0,0,0,0,0,0,0,0,0,,,,0.0,-1.0,n/a,58.5,5.8,"obs_days=41.6, n_samples=602, quality=QUALITY_SHORT_OBS -> insufficient/uncertain data",観測期間・サンプル数・カウンタ整合性のいずれかが不足しており信頼できる判定ができません。review_priorityに従い追加データ収集または手動レビューを行ってください。,v2.0-final,v2.0-final,v2.0-final,ThinkPad X1 2-in-1 Gen 9,BYD,5B11H56386
2026-06-03T16:38:27,CMORATAYA-MDFJZ_cmorataya,REVIEW_INSUFFICIENT_DATA,ACTION_COLLECT_MORE_DATA_OR_MANUAL_REVIEW,review,REVIEW_SHORT_OBS_ACTIVE_LIKE,,,REVIEW_SHORT_OBS_ACTIVE_LIKE,low,観測期間<120日でactive様（flat_tail<60）。経過観察で十分なことが多い。,False,False,False,False,False,18,1,1,105.882,24.583,11.0,73.22,17.0,11.0,0.0,80.0,100.0,20.0,0.8498,0,0,0,0,0,0,0,0,0,0,,,,0.0,-1.0,n/a,63.8,6.8,"obs_days=73.2, n_samples=944, quality=QUALITY_SHORT_OBS -> insufficient/uncertain data",観測期間・サンプル数・カウンタ整合性のいずれかが不足しており信頼できる判定ができません。review_priorityに従い追加データ収集または手動レビューを行ってください。,v2.0-final,v2.0-final,v2.0-final,ThinkPad P16s Gen 4,Sunwoda,5B11M90121
2026-06-03T16:38:27,COC-X9-BE1_kojik,REVIEW_INSUFFICIENT_DATA,ACTION_COLLECT_MORE_DATA_OR_MANUAL_REVIEW,review,REVIEW_SHORT_OBS_ACTIVE_LIKE,,,REVIEW_SHORT_OBS_ACTIVE_LIKE,low,観測期間<120日でactive様（flat_tail<60）。経過観察で十分なことが多い。,False,False,False,False,False,16,4,4,94.118,30.769,1.0,52.0,17.0,1.0,0.0,72.0,100.0,28.0,0.5392,0,0,0,0,0,0,0,0,0,0,,,,0.0,-1.0,n/a,56.0,5.2,"obs_days=52.0, n_samples=522, quality=QUALITY_SHORT_OBS -> insufficient/uncertain data",観測期間・サンプル数・カウンタ整合性のいずれかが不足しており信頼できる判定ができません。review_priorityに従い追加データ収集または手動レビューを行ってください。,v2.0-final,v2.0-final,v2.0-final,ThinkPad X9-14 Gen 1,BYD,LNV-5B11M90101
2026-06-03T16:38:27,COLIN_cdorner,NORMAL_OR_RESPONDING,ACTION_NONE,high,NOT_NO_LOW_CHANGE_CANDIDATE,,,,,,False,False,False,False,False,18,0,0,69.231,8.535,11.9,210.89,26.0,11.9,0.0,65.0,80.0,15.0,0.8083,0,0,0,0,0,0,0,0,0,0,,,,0.0,-1.0,n/a,68.1,12.0,"flat_tail=11.9d, fcc_changes=18, tail_cyc=0.0, tail_ok[90/80]=0/0, unresp_complete[90/80]=0/0, large_gap[90/80]=0/0 -> FCC still updating / not a no-low-change candidate",,v2.0-final,v2.0-final,v2.0-final,ThinkPad P16 Gen 3,SMP,5B11M90135
2026-06-03T16:38:27,CPC-TESTER5_Ridge_Jia,REVIEW_INSUFFICIENT_DATA,ACTION_COLLECT_MORE_DATA_OR_MANUAL_REVIEW,review,REVIEW_SHORT_OBS_STALE_OR_VERY_STALE,,,REVIEW_SHORT_OBS_STALE_OR_VERY_STALE,high,観測期間<120日だがflat_tail>=60日（stale様）。優先的に追加観測。,False,False,False,False,False,1,1,1,7.143,0.943,99.1,106.08,14.0,99.1,14.0,32.0,100.0,68.0,0.9265,0,0,0,0,0,0,0,0,0,0,,,,0.0,-1.0,n/a,73.0,24.3,"obs_days=106.1, n_samples=1596, quality=QUALITY_SHORT_OBS -> insufficient/uncertain data",観測期間・サンプル数・カウンタ整合性のいずれかが不足しており信頼できる判定ができません。review_priorityに従い追加データ収集または手動レビューを行ってください。,v2.0-final,v2.0-final,v2.0-final,ThinkPad T14 Gen 4,LG,5B10W51863
2026-06-03T16:38:27,CPCTESTER202407_49005,NORMAL_OR_RESPONDING,ACTION_NONE,high,NOT_NO_LOW_CHANGE_CANDIDATE,,,,,,False,False,False,False,False,18,3,2,200.0,12.859,13.1,139.98,9.0,13.1,0.0,6.0,100.0,94.0,0.7293,0,0,0,0,0,0,0,0,0,0,,,,0.0,-1.0,n/a,66.8,12.2,"flat_tail=13.1d, fcc_changes=18, tail_cyc=0.0, tail_ok[90/80]=0/0, unresp_complete[90/80]=0/0, large_gap[90/80]=0/0 -> FCC still updating / not a no-low-change candidate",,v2.0-final,v2.0-final,v2.0-final,ThinkPad T14s Gen 6,SMP,LNV-5B11H56403?
2026-06-03T16:38:27,CPOWELL1-577MKQ_cpowell1,REVIEW_INSUFFICIENT_DATA,ACTION_COLLECT_MORE_DATA_OR_MANUAL_REVIEW,review,REVIEW_SHORT_OBS_ACTIVE_LIKE,,,REVIEW_SHORT_OBS_ACTIVE_LIKE,low,観測期間<120日でactive様（flat_tail<60）。経過観察で十分なことが多い。,False,False,False,False,False,3,0,0,100.0,8.401,8.8,35.71,3.0,8.8,0.0,83.0,100.0,17.0,0.8616,0,0,0,0,0,0,0,0,0,0,,,,0.0,-1.0,n/a,63.7,6.5,"obs_days=35.7, n_samples=432, quality=QUALITY_SHORT_OBS -> insufficient/uncertain data",観測期間・サンプル数・カウンタ整合性のいずれかが不足しており信頼できる判定ができません。review_priorityに従い追加データ収集または手動レビューを行ってください。,v2.0-final,v2.0-final,v2.0-final,ThinkPad X1 Carbon Gen 13,BYD,5B11M90100
2026-06-03T16:38:27,CPOWELL1-PF4Z89_cpowell1,REVIEW_INSUFFICIENT_DATA,ACTION_COLLECT_MORE_DATA_OR_MANUAL_REVIEW,review,REVIEW_SHORT_OBS_ACTIVE_LIKE,,,REVIEW_SHORT_OBS_ACTIVE_LIKE,low,観測期間<120日でactive様（flat_tail<60）。経過観察で十分なことが多い。,False,False,False,False,False,39,14,13,156.0,35.237,11.9,110.68,25.0,11.9,0.0,3.0,96.0,93.0,0.0,0,0,0,0,0,0,0,0,0,0,,,,0.0,-1.0,n/a,47.0,7.0,"obs_days=110.7, n_samples=1238, quality=QUALITY_SHORT_OBS -> insufficient/uncertain data",観測期間・サンプル数・カウンタ整合性のいずれかが不足しており信頼できる判定ができません。review_priorityに従い追加データ収集または手動レビューを行ってください。,v2.0-final,v2.0-final,v2.0-final,ThinkPad T14 Gen 5,Sunwoda,5B11H56418
2026-06-03T16:38:27,CQUEEN-PW06FV2M_cqueen,NORMAL_OR_RESPONDING,ACTION_NONE,high,NOT_NO_LOW_CHANGE_CANDIDATE,,,,,,False,False,False,False,False,90,82,79,28.571,9.644,22.2,933.23,315.0,22.2,5.0,5.0,100.0,95.0,0.7512,0,1,1,0,1,1,0,0,0,0,,,,0.0,-1.0,n/a,53.7,14.7,"flat_tail=22.2d, fcc_changes=90, tail_cyc=5.0, tail_ok[90/80]=0/0, unresp_complete[90/80]=0/0, large_gap[90/80]=1/1 -> FCC still updating / not a no-low-change candidate",,v2.0-final,v2.0-final,v2.0-final,ThinkPad P1 Gen 5,SMP,5B11B79217
2026-06-03T16:38:27,CQUICK-PF4H4VXC_cquick,NORMAL_OR_RESPONDING,ACTION_NONE,high,NOT_NO_LOW_CHANGE_CANDIDATE,,,,,,False,False,False,False,False,68,10,10,106.25,48.519,0.8,140.15,64.0,0.8,0.0,19.0,100.0,81.0,0.5577,0,0,0,0,0,0,0,0,0,0,,,,0.0,-1.0,n/a,61.3,10.1,"flat_tail=0.8d, fcc_changes=68, tail_cyc=0.0, tail_ok[90/80]=0/0, unresp_complete[90/80]=0/0, large_gap[90/80]=0/0 -> FCC still updating / not a no-low-change candidate",,v2.0-final,v2.0-final,v2.0-final,ThinkPad X13 Gen 4,Sunwoda,5B11H56368
2026-06-03T16:38:27,CQUITIAN-5E0G78_cquitian,REVIEW_INSUFFICIENT_DATA,ACTION_COLLECT_MORE_DATA_OR_MANUAL_REVIEW,review,REVIEW_SHORT_OBS_ACTIVE_LIKE,,,REVIEW_SHORT_OBS_ACTIVE_LIKE,low,観測期間<120日でactive様（flat_tail<60）。経過観察で十分なことが多い。,False,False,False,False,False,5,1,1,500000000000.0,24.975,0.3,20.02,0.0,0.3,0.0,58.0,100.0,42.0,0.4375,0,0,0,0,0,0,0,0,0,0,,,,0.0,-1.0,n/a,53.8,5.0,"obs_days=20.0, n_samples=360, quality=QUALITY_SHORT_OBS -> insufficient/uncertain data",観測期間・サンプル数・カウンタ整合性のいずれかが不足しており信頼できる判定ができません。review_priorityに従い追加データ収集または手動レビューを行ってください。,v2.0-final,v2.0-final,v2.0-final,ThinkPad T14s Gen 6,ATL,5B11H56408
2026-06-03T16:38:27,CRAMPELBERG-VRJ_T14,REVIEW_INSUFFICIENT_DATA,ACTION_COLLECT_MORE_DATA_OR_MANUAL_REVIEW,review,REVIEW_SHORT_OBS_ACTIVE_LIKE,,,REVIEW_SHORT_OBS_ACTIVE_LIKE,low,観測期間<120日でactive様（flat_tail<60）。経過観察で十分なことが多い。,False,False,False,False,False,16,1,1,106.667,16.328,11.9,97.99,15.0,11.9,0.0,20.0,100.0,80.0,0.5318,0,0,0,0,0,0,0,0,0,0,,,,0.0,-1.0,n/a,57.6,7.0,"obs_days=98.0, n_samples=1086, quality=QUALITY_SHORT_OBS -> insufficient/uncertain data",観測期間・サンプル数・カウンタ整合性のいずれかが不足しており信頼できる判定ができません。review_priorityに従い追加データ収集または手動レビューを行ってください。,v2.0-final,v2.0-final,v2.0-final,ThinkPad T14 Gen 6,ATL,5B11M90125
2026-06-03T16:38:27,CRAMPELBERG-VRJ_crampelberg,REVIEW_INSUFFICIENT_DATA,ACTION_COLLECT_MORE_DATA_OR_MANUAL_REVIEW,review,REVIEW_SHORT_OBS_ACTIVE_LIKE,,,REVIEW_SHORT_OBS_ACTIVE_LIKE,low,観測期間<120日でactive様（flat_tail<60）。経過観察で十分なことが多い。,False,False,False,False,False,16,1,1,106.667,16.458,11.1,97.22,15.0,11.1,0.0,20.0,100.0,80.0,0.4945,0,0,0,0,0,0,0,0,0,0,,,,0.0,-1.0,n/a,56.7,6.8,"obs_days=97.2, n_samples=1085, quality=QUALITY_SHORT_OBS -> insufficient/uncertain data",観測期間・サンプル数・カウンタ整合性のいずれかが不足しており信頼できる判定ができません。review_priorityに従い追加データ収集または手動レビューを行ってください。,v2.0-final,v2.0-final,v2.0-final,ThinkPad T14 Gen 6,ATL,5B11M90125
2026-06-03T16:38:27,CRISTIAN_cmorataya,REVIEW_INSUFFICIENT_DATA,ACTION_COLLECT_MORE_DATA_OR_MANUAL_REVIEW,review,REVIEW_SHORT_OBS_ACTIVE_LIKE,,,REVIEW_SHORT_OBS_ACTIVE_LIKE,low,観測期間<120日でactive様（flat_tail<60）。経過観察で十分なことが多い。,False,False,False,False,False,4,0,0,66.667,12.496,4.1,32.01,6.0,4.1,0.0,49.0,100.0,51.0,0.5367,0,0,0,0,0,0,0,0,0,0,,,,0.0,-1.0,n/a,56.4,5.7,"obs_days=32.0, n_samples=645, quality=QUALITY_SHORT_OBS -> insufficient/uncertain data",観測期間・サンプル数・カウンタ整合性のいずれかが不足しており信頼できる判定ができません。review_priorityに従い追加データ収集または手動レビューを行ってください。,v2.0-final,v2.0-final,v2.0-final,ThinkPad L13 Gen 6,Sunwoda,5B11M90128
2026-06-03T16:38:27,CSILVA30-674ERX_csilva30,REVIEW_INSUFFICIENT_DATA,ACTION_COLLECT_MORE_DATA_OR_MANUAL_REVIEW,review,REVIEW_SHORT_OBS_ACTIVE_LIKE,,,REVIEW_SHORT_OBS_ACTIVE_LIKE,low,観測期間<120日でactive様（flat_tail<60）。経過観察で十分なことが多い。,False,False,False,False,False,2,0,0,100.0,5.86,4.1,34.13,2.0,4.1,0.0,84.0,100.0,16.0,0.8564,0,0,0,0,0,0,0,0,0,0,,,,0.0,-1.0,n/a,62.8,5.7,"obs_days=34.1, n_samples=413, quality=QUALITY_SHORT_OBS -> insufficient/uncertain data",観測期間・サンプル数・カウンタ整合性のいずれかが不足しており信頼できる判定ができません。review_priorityに従い追加データ収集または手動レビューを行ってください。,v2.0-final,v2.0-final,v2.0-final,ThinkPad T14s 2-in-1 Gen 2,Sunwoda,5B11M90160
2026-06-03T16:38:27,CTURNER-1000036_cturner,REVIEW_INSUFFICIENT_DATA,ACTION_COLLECT_MORE_DATA_OR_MANUAL_REVIEW,review,REVIEW_SHORT_OBS_ACTIVE_LIKE,,,REVIEW_SHORT_OBS_ACTIVE_LIKE,low,観測期間<120日でactive様（flat_tail<60）。経過観察で十分なことが多い。,False,False,False,False,False,41,11,11,124.242,71.955,0.1,56.98,33.0,0.1,0.0,100.0,100.0,0.0,1.0,0,0,0,0,0,0,0,0,0,0,,,,0.0,-1.0,n/a,65.0,5.0,"obs_days=57.0, n_samples=1741, quality=QUALITY_SHORT_OBS -> insufficient/uncertain data",観測期間・サンプル数・カウンタ整合性のいずれかが不足しており信頼できる判定ができません。review_priorityに従い追加データ収集または手動レビューを行ってください。,v2.0-final,v2.0-final,v2.0-final,ThinkPad P1 Gen 8,Celxpert,5B11M37552
2026-06-03T16:38:27,CTURNER-F4T62ZK_cturner,REVIEW_INSUFFICIENT_DATA,ACTION_COLLECT_MORE_DATA_OR_MANUAL_REVIEW,review,REVIEW_SHORT_OBS_ACTIVE_LIKE,,,REVIEW_SHORT_OBS_ACTIVE_LIKE,low,観測期間<120日でactive様（flat_tail<60）。経過観察で十分なことが多い。,False,False,False,False,False,36,7,7,124.138,46.674,0.1,77.13,29.0,0.1,0.0,63.0,93.0,30.0,0.0,0,0,0,0,0,0,0,0,0,0,,,,0.0,-1.0,n/a,55.0,5.0,"obs_days=77.1, n_samples=1003, quality=QUALITY_SHORT_OBS -> insufficient/uncertain data",観測期間・サンプル数・カウンタ整合性のいずれかが不足しており信頼できる判定ができません。review_priorityに従い追加データ収集または手動レビューを行ってください。,v2.0-final,v2.0-final,v2.0-final,ThinkPad P14s Gen 5,Sunwoda,5B11H56402
2026-06-03T16:38:27,CTURNER_cturner,NORMAL_OR_RESPONDING,ACTION_NONE,high,NOT_NO_LOW_CHANGE_CANDIDATE,,,,,,False,False,False,False,False,10,8,8,19.608,2.851,161.8,350.75,51.0,161.8,3.0,17.0,100.0,83.0,0.7239,0,1,1,0,0,0,0,0,0,0,,,,0.0,-1.0,n/a,77.4,37.6,"flat_tail=161.8d, fcc_changes=10, tail_cyc=3.0, tail_ok[90/80]=0/0, unresp_complete[90/80]=0/0, large_gap[90/80]=0/1 -> FCC still updating / not a no-low-change candidate",,v2.0-final,v2.0-final,v2.0-final,ThinkPad X13 Gen 4,SMP,5B11H56366
2026-06-03T16:38:27,CXTESTT14P_liufe,REVIEW_INSUFFICIENT_DATA,ACTION_COLLECT_MORE_DATA_OR_MANUAL_REVIEW,review,REVIEW_SHORT_OBS_ACTIVE_LIKE,,,REVIEW_SHORT_OBS_ACTIVE_LIKE,low,観測期間<120日でactive様（flat_tail<60）。経過観察で十分なことが多い。,False,False,False,False,False,4,0,0,100.0,7.138,3.1,56.04,4.0,3.1,0.0,75.0,100.0,25.0,0.9365,0,0,0,0,0,0,0,0,0,0,,,,0.0,-1.0,n/a,64.2,5.5,"obs_days=56.0, n_samples=538, quality=QUALITY_SHORT_OBS -> insufficient/uncertain data",観測期間・サンプル数・カウンタ整合性のいずれかが不足しており信頼できる判定ができません。review_priorityに従い追加データ収集または手動レビューを行ってください。,v2.0-final,v2.0-final,v2.0-final,ThinkPad T14p Gen 2,Sunwoda,5B11H56402
2026-06-03T16:38:27,DAVID_dcosby,NORMAL_OR_RESPONDING,ACTION_NONE,high,NOT_NO_LOW_CHANGE_CANDIDATE,,,,,,False,False,False,False,False,67,1,1,100.0,14.725,1.0,455.0,67.0,1.0,0.0,92.0,100.0,8.0,0.9423,0,0,0,0,0,0,0,0,0,0,,,,0.0,-1.0,n/a,69.0,10.2,"flat_tail=1.0d, fcc_changes=67, tail_cyc=0.0, tail_ok[90/80]=0/0, unresp_complete[90/80]=0/0, large_gap[90/80]=0/0 -> FCC still updating / not a no-low-change candidate",,v2.0-final,v2.0-final,v2.0-final,ThinkPad T14s Gen 6,Sunwoda,5B11M90105
2026-06-03T16:38:27,DBROWN6-F4RV7QY_dbrown6,REVIEW_INSUFFICIENT_DATA,ACTION_COLLECT_MORE_DATA_OR_MANUAL_REVIEW,review,REVIEW_SHORT_OBS_ACTIVE_LIKE,,,REVIEW_SHORT_OBS_ACTIVE_LIKE,low,観測期間<120日でactive様（flat_tail<60）。経過観察で十分なことが多い。,False,False,False,False,False,37,3,3,102.778,37.655,3.5,98.26,36.0,3.5,0.0,98.0,100.0,2.0,0.9984,0,0,0,0,0,0,0,0,0,0,,,,0.0,-1.0,n/a,65.6,5.6,"obs_days=98.3, n_samples=1853, quality=QUALITY_SHORT_OBS -> insufficient/uncertain data",観測期間・サンプル数・カウンタ整合性のいずれかが不足しており信頼できる判定ができません。review_priorityに従い追加データ収集または手動レビューを行ってください。,v2.0-final,v2.0-final,v2.0-final,ThinkPad T14 Gen 5,SMP,5B11H56415
2026-06-03T16:38:27,DEBORAH_drepplier,NORMAL_OR_RESPONDING,ACTION_NONE,high,NOT_NO_LOW_CHANGE_CANDIDATE,,,,,,False,False,False,False,False,9,0,0,100.0,2.381,8.1,377.99,9.0,8.1,0.0,75.0,80.0,5.0,0.9618,0,0,0,0,0,0,0,0,0,0,,,,0.0,-1.0,n/a,70.6,11.3,"flat_tail=8.1d, fcc_changes=9, tail_cyc=0.0, tail_ok[90/80]=0/0, unresp_complete[90/80]=0/0, large_gap[90/80]=0/0 -> FCC still updating / not a no-low-change candidate",,v2.0-final,v2.0-final,v2.0-final,ThinkPad T14s Gen 6,Sunwoda,5B11M90105
2026-06-03T16:38:27,DESKTOP-0OFMVDC_x1,NORMAL_OR_RESPONDING,ACTION_NONE,high,NOT_NO_LOW_CHANGE_CANDIDATE,,,,,,False,False,False,False,False,208,76,74,138.667,41.666,2.3,499.21,150.0,2.3,0.0,99.0,100.0,1.0,0.9999,0,0,0,0,0,0,0,0,0,0,,,,0.0,-1.0,n/a,70.4,10.4,"flat_tail=2.3d, fcc_changes=208, tail_cyc=0.0, tail_ok[90/80]=0/0, unresp_complete[90/80]=0/0, large_gap[90/80]=0/0 -> FCC still updating / not a no-low-change candidate",,v2.0-final,v2.0-final,v2.0-final,ThinkPad X1 2-in-1 Gen 10,Celxpert,5B11M90098
2026-06-03T16:38:27,DESKTOP-0R32PSA_ah,NORMAL_OR_RESPONDING,ACTION_NONE,high,NOT_NO_LOW_CHANGE_CANDIDATE,,,,,,False,False,False,False,False,22,6,6,137.5,9.775,7.0,225.07,16.0,7.0,0.0,87.0,100.0,13.0,0.9511,0,0,0,0,0,0,0,0,0,0,,,,0.0,-1.0,n/a,70.2,11.2,"flat_tail=7.0d, fcc_changes=22, tail_cyc=0.0, tail_ok[90/80]=0/0, unresp_complete[90/80]=0/0, large_gap[90/80]=0/0 -> FCC still updating / not a no-low-change candidate",,v2.0-final,v2.0-final,v2.0-final,ThinkPad T14s Gen 6,Sunwoda,LNV-5B11H56404
2026-06-03T16:38:27,DESKTOP-2OI6HV8_jnunez5,REVIEW_INSUFFICIENT_DATA,ACTION_COLLECT_MORE_DATA_OR_MANUAL_REVIEW,review,REVIEW_SHORT_OBS_ACTIVE_LIKE,,,REVIEW_SHORT_OBS_ACTIVE_LIKE,low,観測期間<120日でactive様（flat_tail<60）。経過観察で十分なことが多い。,False,False,False,False,False,6,0,0,120.0,19.493,4.0,30.78,5.0,4.0,0.0,85.0,100.0,15.0,0.7228,0,0,0,0,0,0,0,0,0,0,,,,0.0,-1.0,n/a,60.7,5.7,"obs_days=30.8, n_samples=333, quality=QUALITY_SHORT_OBS -> insufficient/uncertain data",観測期間・サンプル数・カウンタ整合性のいずれかが不足しており信頼できる判定ができません。review_priorityに従い追加データ収集または手動レビューを行ってください。,v2.0-final,v2.0-final,v2.0-final,ThinkPad T14s Gen 6 Qualcomm,SMP,LNV-5B11H56403
2026-06-03T16:38:27,DESKTOP-56S79KM_DEV-condor,REVIEW_INSUFFICIENT_DATA,ACTION_COLLECT_MORE_DATA_OR_MANUAL_REVIEW,review,REVIEW_SHORT_OBS_ACTIVE_LIKE,,,REVIEW_SHORT_OBS_ACTIVE_LIKE,low,観測期間<120日でactive様（flat_tail<60）。経過観察で十分なことが多い。,False,False,False,False,False,3,2,0,42.857,40.486,1.0,7.41,7.0,1.0,0.0,94.0,100.0,6.0,1.0,0,0,0,0,0,0,0,0,0,0,,,,0.0,-1.0,n/a,65.2,5.2,"obs_days=7.4, n_samples=254, quality=QUALITY_SHORT_OBS -> insufficient/uncertain data",観測期間・サンプル数・カウンタ整合性のいずれかが不足しており信頼できる判定ができません。review_priorityに従い追加データ収集または手動レビューを行ってください。,v2.0-final,v2.0-final,v2.0-final,ThinkPad T14s Gen 6 Qualcomm,SMP,LNV-5B11H56403
2026-06-03T16:38:27,DESKTOP-5TU0QIM_igluzman,NORMAL_OR_RESPONDING,ACTION_NONE,high,NOT_NO_LOW_CHANGE_CANDIDATE,,,,,,False,False,False,False,False,14,2,0,280.0,8.713,26.0,160.68,5.0,26.0,0.0,99.0,100.0,1.0,0.9973,0,0,0,0,0,0,0,0,0,0,,,,0.0,-1.0,n/a,74.3,14.3,"flat_tail=26.0d, fcc_changes=14, tail_cyc=0.0, tail_ok[90/80]=0/0, unresp_complete[90/80]=0/0, large_gap[90/80]=0/0 -> FCC still updating / not a no-low-change candidate",,v2.0-final,v2.0-final,v2.0-final,ThinkPad T14s Gen 6,SMP,LNV-5B11H56403
2026-06-03T16:38:27,DESKTOP-65B5D4E_Mark,REVIEW_INSUFFICIENT_DATA,ACTION_COLLECT_MORE_DATA_OR_MANUAL_REVIEW,review,REVIEW_COUNTER_RESET,,,REVIEW_COUNTER_RESET,high,cycleCountが減少（カウンタリセット/パック異常疑い）。生ログ確認が必要。,False,False,False,False,False,136,133,124,39.883,6.529,16.0,2083.03,341.0,16.0,0.0,100.0,100.0,0.0,1.0,0,0,0,0,0,0,0,0,0,0,,,,0.0,-1.0,n/a,62.7,2.7,"obs_days=2083.0, n_samples=12511, quality=QUALITY_COUNTER_RESET -> insufficient/uncertain data",観測期間・サンプル数・カウンタ整合性のいずれかが不足しており信頼できる判定ができません。review_priorityに従い追加データ収集または手動レビューを行ってください。,v2.0-final,v2.0-final,v2.0-final,ThinkPad P51 W10DG,,
2026-06-03T16:38:27,DESKTOP-6BVEF2H_PF4LS9A1,REVIEW_INSUFFICIENT_DATA,ACTION_COLLECT_MORE_DATA_OR_MANUAL_REVIEW,review,REVIEW_SHORT_OBS_STALE_OR_VERY_STALE,,,REVIEW_SHORT_OBS_STALE_OR_VERY_STALE,high,観測期間<120日だがflat_tail>=60日（stale様）。優先的に追加観測。,False,False,False,False,False,2,1,1,200.0,2.073,86.4,96.49,1.0,86.4,0.0,2.0,100.0,98.0,0.9601,0,0,0,0,0,0,0,0,0,0,,,,0.0,-1.0,n/a,78.6,19.4,"obs_days=96.5, n_samples=1995, quality=QUALITY_SHORT_OBS -> insufficient/uncertain data",観測期間・サンプル数・カウンタ整合性のいずれかが不足しており信頼できる判定ができません。review_priorityに従い追加データ収集または手動レビューを行ってください。,v2.0-final,v2.0-final,v2.0-final,ThinkPad X1 2-in-1 Gen 9,Sunwoda,5B11H56385
2026-06-03T16:38:27,DESKTOP-8L6GNCN_Winson_Chiu,NORMAL_OR_RESPONDING,ACTION_NONE,high,NOT_NO_LOW_CHANGE_CANDIDATE,,,,,,False,False,False,False,False,21,0,0,150.0,8.451,3.6,248.49,14.0,3.6,0.0,93.0,100.0,7.0,0.9008,0,0,0,0,0,0,0,0,0,0,,,,0.0,-1.0,n/a,68.6,10.6,"flat_tail=3.6d, fcc_changes=21, tail_cyc=0.0, tail_ok[90/80]=0/0, unresp_complete[90/80]=0/0, large_gap[90/80]=0/0 -> FCC still updating / not a no-low-change candidate",,v2.0-final,v2.0-final,v2.0-final,ThinkPad T14s Gen 6,SMP,LNV-5B11H56403
2026-06-03T16:38:27,DESKTOP-AN20HIT_kpatton,REVIEW_INSUFFICIENT_DATA,ACTION_COLLECT_MORE_DATA_OR_MANUAL_REVIEW,review,REVIEW_SHORT_OBS_ACTIVE_LIKE,,,REVIEW_SHORT_OBS_ACTIVE_LIKE,low,観測期間<120日でactive様（flat_tail<60）。経過観察で十分なことが多い。,False,False,False,False,False,21,7,7,131.25,40.533,1.8,51.81,16.0,1.8,0.0,59.0,100.0,41.0,0.7049,0,0,0,0,0,0,0,0,0,0,,,,0.0,-1.0,n/a,59.4,5.3,"obs_days=51.8, n_samples=678, quality=QUALITY_SHORT_OBS -> insufficient/uncertain data",観測期間・サンプル数・カウンタ整合性のいずれかが不足しており信頼できる判定ができません。review_priorityに従い追加データ収集または手動レビューを行ってください。,v2.0-final,v2.0-final,v2.0-final,ThinkPad T14s Gen 6,Sunwoda,LNV-5B11H56404
2026-06-03T16:38:27,DESKTOP-BJGS966_DEV,REVIEW_INSUFFICIENT_DATA,ACTION_COLLECT_MORE_DATA_OR_MANUAL_REVIEW,review,REVIEW_SHORT_OBS_ACTIVE_LIKE,,,REVIEW_SHORT_OBS_ACTIVE_LIKE,low,観測期間<120日でactive様（flat_tail<60）。経過観察で十分なことが多い。,False,False,False,False,False,10,1,1,111.111,170.358,0.1,5.87,9.0,0.1,0.0,99.0,100.0,1.0,1.0,0,0,0,0,0,0,0,0,0,0,,,,0.0,-1.0,n/a,65.0,5.0,"obs_days=5.9, n_samples=266, quality=QUALITY_SHORT_OBS -> insufficient/uncertain data",観測期間・サンプル数・カウンタ整合性のいずれかが不足しており信頼できる判定ができません。review_priorityに従い追加データ収集または手動レビューを行ってください。,v2.0-final,v2.0-final,v2.0-final,ThinkPad T14s Gen 6 Qualcomm,Sunwoda,LNV-5B11H56404
2026-06-03T16:38:27,DESKTOP-BUL3M0Q_DEV,REVIEW_INSUFFICIENT_DATA,ACTION_COLLECT_MORE_DATA_OR_MANUAL_REVIEW,review,REVIEW_SHORT_OBS_ACTIVE_LIKE,,,REVIEW_SHORT_OBS_ACTIVE_LIKE,low,観測期間<120日でactive様（flat_tail<60）。経過観察で十分なことが多い。,False,False,False,False,False,4,0,0,200.0,54.054,0.4,7.4,2.0,0.4,0.0,95.0,100.0,5.0,1.0,0,0,0,0,0,0,0,0,0,0,,,,0.0,-1.0,n/a,65.1,5.1,"obs_days=7.4, n_samples=261, quality=QUALITY_SHORT_OBS -> insufficient/uncertain data",観測期間・サンプル数・カウンタ整合性のいずれかが不足しており信頼できる判定ができません。review_priorityに従い追加データ収集または手動レビューを行ってください。,v2.0-final,v2.0-final,v2.0-final,ThinkPad T14s Gen 6 Qualcomm,SMP,LNV-5B11H56403
2026-06-03T16:38:27,DESKTOP-CDUSM1A_T14s,REVIEW_INSUFFICIENT_DATA,ACTION_COLLECT_MORE_DATA_OR_MANUAL_REVIEW,review,REVIEW_SHORT_OBS_ACTIVE_LIKE,,,REVIEW_SHORT_OBS_ACTIVE_LIKE,low,観測期間<120日でactive様（flat_tail<60）。経過観察で十分なことが多い。,False,False,False,False,False,7,0,0,100.0,15.184,4.0,46.1,7.0,4.0,0.0,72.0,100.0,28.0,0.4881,0,0,0,0,0,0,0,0,0,0,,,,0.0,-1.0,n/a,56.3,5.7,"obs_days=46.1, n_samples=511, quality=QUALITY_SHORT_OBS -> insufficient/uncertain data",観測期間・サンプル数・カウンタ整合性のいずれかが不足しており信頼できる判定ができません。review_priorityに従い追加データ収集または手動レビューを行ってください。,v2.0-final,v2.0-final,v2.0-final,ThinkPad T14s Gen 6,Sunwoda,LNV-5B11H56404
2026-06-03T16:38:27,DESKTOP-DR88TUK_DEV-Condor,REVIEW_INSUFFICIENT_DATA,ACTION_COLLECT_MORE_DATA_OR_MANUAL_REVIEW,review,REVIEW_SHORT_OBS_ACTIVE_LIKE,,,REVIEW_SHORT_OBS_ACTIVE_LIKE,low,観測期間<120日でactive様（flat_tail<60）。経過観察で十分なことが多い。,False,False,False,False,False,0,0,0,0.0,0.0,5.6,5.58,4.0,5.6,4.0,62.0,100.0,38.0,0.9635,0,0,0,0,0,0,0,0,0,0,,,,0.0,-1.0,n/a,63.2,6.7,"obs_days=5.6, n_samples=258, quality=QUALITY_SHORT_OBS -> insufficient/uncertain data",観測期間・サンプル数・カウンタ整合性のいずれかが不足しており信頼できる判定ができません。review_priorityに従い追加データ収集または手動レビューを行ってください。,v2.0-final,v2.0-final,v2.0-final,ThinkPad T14s Gen 6 Qualcomm,Sunwoda,LNV-5B11H56404
2026-06-03T16:38:27,DESKTOP-EP8TDGT_nmadhani,REVIEW_INSUFFICIENT_DATA,ACTION_COLLECT_MORE_DATA_OR_MANUAL_REVIEW,review,REVIEW_SHORT_OBS_ACTIVE_LIKE,,,REVIEW_SHORT_OBS_ACTIVE_LIKE,low,観測期間<120日でactive様（flat_tail<60）。経過観察で十分なことが多い。,False,False,False,False,False,5,3,2,35.714,10.627,3.1,47.05,14.0,3.1,0.0,70.0,92.0,22.0,0.0,0,0,0,0,0,0,0,0,0,0,,,,0.0,-1.0,n/a,58.2,5.5,"obs_days=47.0, n_samples=452, quality=QUALITY_SHORT_OBS -> insufficient/uncertain data",観測期間・サンプル数・カウンタ整合性のいずれかが不足しており信頼できる判定ができません。review_priorityに従い追加データ収集または手動レビューを行ってください。,v2.0-final,v2.0-final,v2.0-final,ThinkPad T14s Gen 6,SMP,LNV-5B11H56403
2026-06-03T16:38:27,DESKTOP-F4I6BLL_jl240,WATCH_LOW_UPDATE_RATE_AMBIGUOUS,ACTION_MONITOR_OR_MANUAL_REVIEW,low,WATCH_POSSIBLE_OPPORTUNITY_WITH_LARGE_GAPS,,WATCH_POSSIBLE_OPPORTUNITY_WITH_LARGE_GAPS,,,,True,False,True,False,True,1,1,1,25.0,0.289,241.5,346.54,4.0,241.5,2.0,6.0,80.0,74.0,0.6835,0,1,1,0,0,0,0,0,0,0,,,,0.0,1.0,MIXED,80.2,40.4,"flat_tail=241.5d, fcc_changes=1, tail_cyc=2.0, tail_ok[90/80]=0/0, unresp_complete[90/80]=0/0, large_gap[90/80]=0/1 -> ambiguous (watch)",FCC更新率は低いが完全凍結ではない/学習機会がlarge-gapまたは打ち切りで確証が弱い/境界的のため、FW確認に回す前にモニタリングまたは手動レビューを推奨します。,v2.0-final,v2.0-final,v2.0-final,ThinkPad X1 Yoga Gen 5,LG,5B10W13930
2026-06-03T16:38:27,DESKTOP-K1B42LP_SVT-GM5-who2-No-B,NORMAL_OR_RESPONDING,ACTION_NONE,high,NOT_NO_LOW_CHANGE_CANDIDATE,,,,,,False,False,False,False,False,38,24,19,58.462,8.993,1.8,422.55,65.0,1.8,0.0,79.0,100.0,21.0,0.9099,0,0,0,0,0,0,0,0,0,0,,,,0.0,-1.0,n/a,68.5,10.3,"flat_tail=1.8d, fcc_changes=38, tail_cyc=0.0, tail_ok[90/80]=0/0, unresp_complete[90/80]=0/0, large_gap[90/80]=0/0 -> FCC still updating / not a no-low-change candidate",,v2.0-final,v2.0-final,v2.0-final,ThinkPad T14s Gen 6,SMP,LNV-5B11H56403
2026-06-03T16:38:27,DESKTOP-KQ90P7N_jkleissler,REVIEW_INSUFFICIENT_DATA,ACTION_COLLECT_MORE_DATA_OR_MANUAL_REVIEW,review,REVIEW_SHORT_OBS_ACTIVE_LIKE,,,REVIEW_SHORT_OBS_ACTIVE_LIKE,low,観測期間<120日でactive様（flat_tail<60）。経過観察で十分なことが多い。,False,False,False,False,False,21,3,2,161.538,22.084,1.1,95.09,13.0,1.1,0.0,88.0,100.0,12.0,0.8378,0,0,0,0,0,0,0,0,0,0,,,,0.0,-1.0,n/a,61.9,5.2,"obs_days=95.1, n_samples=937, quality=QUALITY_SHORT_OBS -> insufficient/uncertain data",観測期間・サンプル数・カウンタ整合性のいずれかが不足しており信頼できる判定ができません。review_priorityに従い追加データ収集または手動レビューを行ってください。,v2.0-final,v2.0-final,v2.0-final,ThinkPad T14s Gen 6 Qualcomm,SMP,LNV-5B11H56403
2026-06-03T16:38:27,DESKTOP-LBSEJ4D_perf-test,NORMAL_OR_RESPONDING,ACTION_NONE,high,NOT_NO_LOW_CHANGE_CANDIDATE,,,,,,False,False,False,False,False,11,8,8,157.143,8.298,0.0,132.56,7.0,0.0,0.0,75.0,78.0,3.0,0.0,0,0,0,0,0,0,0,0,0,0,,,,0.0,-1.0,n/a,64.0,5.0,"flat_tail=0.0d, fcc_changes=11, tail_cyc=0.0, tail_ok[90/80]=0/0, unresp_complete[90/80]=0/0, large_gap[90/80]=0/0 -> FCC still updating / not a no-low-change candidate",,v2.0-final,v2.0-final,v2.0-final,ThinkPad X1 Yoga Gen 8,Celxpert,5B10W13974
2026-06-03T16:38:27,DESKTOP-MMH8JIS_chee1,WATCH_LOW_UPDATE_RATE_AMBIGUOUS,ACTION_MONITOR_OR_MANUAL_REVIEW,low,WATCH_POSSIBLE_OPPORTUNITY_WITH_LARGE_GAPS,,WATCH_POSSIBLE_OPPORTUNITY_WITH_LARGE_GAPS,,,,True,True,False,False,False,0,0,0,0.0,0.0,156.7,156.72,11.0,156.7,11.0,3.0,100.0,97.0,0.5889,0,2,2,0,2,2,0,0,0,0,,,,0.0,1.0,MIXED,65.7,38.3,"flat_tail=156.7d, fcc_changes=0, tail_cyc=11.0, tail_ok[90/80]=0/0, unresp_complete[90/80]=0/0, large_gap[90/80]=2/2 -> ambiguous (watch)",FCC更新率は低いが完全凍結ではない/学習機会がlarge-gapまたは打ち切りで確証が弱い/境界的のため、FW確認に回す前にモニタリングまたは手動レビューを推奨します。,v2.0-final,v2.0-final,v2.0-final,ThinkPad X13s Gen 1,Celxpert,LNV-5B10W51879
2026-06-03T16:38:27,DESKTOP-N9S9JC9_think,REVIEW_INSUFFICIENT_DATA,ACTION_COLLECT_MORE_DATA_OR_MANUAL_REVIEW,review,REVIEW_SHORT_OBS_ACTIVE_LIKE,,,REVIEW_SHORT_OBS_ACTIVE_LIKE,low,観測期間<120日でactive様（flat_tail<60）。経過観察で十分なことが多い。,False,False,False,False,False,4,3,3,50.0,6.339,22.2,63.1,8.0,22.2,3.0,45.0,100.0,55.0,0.8534,0,0,0,0,0,0,0,0,0,0,,,,0.0,-1.0,n/a,64.3,9.3,"obs_days=63.1, n_samples=873, quality=QUALITY_SHORT_OBS -> insufficient/uncertain data",観測期間・サンプル数・カウンタ整合性のいずれかが不足しており信頼できる判定ができません。review_priorityに従い追加データ収集または手動レビューを行ってください。,v2.0-final,v2.0-final,v2.0-final,ThinkPad R14 Gen 5,Sunwoda,L22D3PG4
2026-06-03T16:38:27,DESKTOP-QAH5T71_ehowe,REVIEW_INSUFFICIENT_DATA,ACTION_COLLECT_MORE_DATA_OR_MANUAL_REVIEW,review,REVIEW_SHORT_OBS_ACTIVE_LIKE,,,REVIEW_SHORT_OBS_ACTIVE_LIKE,low,観測期間<120日でactive様（flat_tail<60）。経過観察で十分なことが多い。,False,False,False,False,False,17,14,9,89.474,30.932,7.0,54.96,19.0,7.0,1.0,46.0,100.0,54.0,0.2627,0,0,0,0,0,0,0,0,0,0,,,,0.0,-1.0,n/a,50.9,6.4,"obs_days=55.0, n_samples=505, quality=QUALITY_SHORT_OBS -> insufficient/uncertain data",観測期間・サンプル数・カウンタ整合性のいずれかが不足しており信頼できる判定ができません。review_priorityに従い追加データ収集または手動レビューを行ってください。,v2.0-final,v2.0-final,v2.0-final,ThinkPad T14s Gen 6,SMP,LNV-5B11H56403
2026-06-03T16:38:27,DESKTOP-QLOL3EV_ehowe,REVIEW_INSUFFICIENT_DATA,ACTION_COLLECT_MORE_DATA_OR_MANUAL_REVIEW,review,REVIEW_SHORT_OBS_ACTIVE_LIKE,,,REVIEW_SHORT_OBS_ACTIVE_LIKE,low,観測期間<120日でactive様（flat_tail<60）。経過観察で十分なことが多い。,False,False,False,False,False,0,0,0,0.0,0.0,43.1,43.12,14.0,43.1,14.0,10.0,100.0,90.0,0.1401,0,3,3,0,1,1,0,0,0,0,,,,0.0,-1.0,n/a,29.2,15.0,"obs_days=43.1, n_samples=366, quality=QUALITY_SHORT_OBS -> insufficient/uncertain data",観測期間・サンプル数・カウンタ整合性のいずれかが不足しており信頼できる判定ができません。review_priorityに従い追加データ収集または手動レビューを行ってください。,v2.0-final,v2.0-final,v2.0-final,ThinkPad T14s Gen 6 Qualcomm,SMP,LNV-5B11H56403
2026-06-03T16:38:27,DESKTOP-VBGKQ59_rtwall,REVIEW_INSUFFICIENT_DATA,ACTION_COLLECT_MORE_DATA_OR_MANUAL_REVIEW,review,REVIEW_SHORT_OBS_ACTIVE_LIKE,,,REVIEW_SHORT_OBS_ACTIVE_LIKE,low,観測期間<120日でactive様（flat_tail<60）。経過観察で十分なことが多い。,False,False,False,False,False,12,1,0,171.429,28.585,4.8,41.98,7.0,4.8,0.0,73.0,100.0,27.0,0.9318,0,0,0,0,0,0,0,0,0,0,,,,0.0,-1.0,n/a,64.4,5.8,"obs_days=42.0, n_samples=841, quality=QUALITY_SHORT_OBS -> insufficient/uncertain data",観測期間・サンプル数・カウンタ整合性のいずれかが不足しており信頼できる判定ができません。review_priorityに従い追加データ収集または手動レビューを行ってください。,v2.0-final,v2.0-final,v2.0-final,ThinkPad T14s Gen 6,SMP,LNV-5B11H56403
2026-06-03T16:38:27,DHARDING-55C9NC_dharding,REVIEW_INSUFFICIENT_DATA,ACTION_COLLECT_MORE_DATA_OR_MANUAL_REVIEW,review,REVIEW_SHORT_OBS_ACTIVE_LIKE,,,REVIEW_SHORT_OBS_ACTIVE_LIKE,low,観測期間<120日でactive様（flat_tail<60）。経過観察で十分なことが多い。,False,False,False,False,False,6,0,0,100.0,6.075,8.0,98.76,6.0,8.0,0.0,83.0,100.0,17.0,0.7508,0,0,0,0,0,0,0,0,0,0,,,,0.0,-1.0,n/a,61.3,6.3,"obs_days=98.8, n_samples=1720, quality=QUALITY_SHORT_OBS -> insufficient/uncertain data",観測期間・サンプル数・カウンタ整合性のいずれかが不足しており信頼できる判定ができません。review_priorityに従い追加データ収集または手動レビューを行ってください。,v2.0-final,v2.0-final,v2.0-final,ThinkPad T14s Gen 6,Celxpert,5B11H56406
2026-06-03T16:38:27,DHERRING1-6KYF4_dherring1,REVIEW_INSUFFICIENT_DATA,ACTION_COLLECT_MORE_DATA_OR_MANUAL_REVIEW,review,REVIEW_SHORT_OBS_ACTIVE_LIKE,,,REVIEW_SHORT_OBS_ACTIVE_LIKE,low,観測期間<120日でactive様（flat_tail<60）。経過観察で十分なことが多い。,False,False,False,False,False,14,3,3,100.0,48.11,0.3,29.1,14.0,0.3,0.0,87.0,100.0,13.0,0.7369,0,0,0,0,0,0,0,0,0,0,,,,0.0,-1.0,n/a,60.7,5.0,"obs_days=29.1, n_samples=451, quality=QUALITY_SHORT_OBS -> insufficient/uncertain data",観測期間・サンプル数・カウンタ整合性のいずれかが不足しており信頼できる判定ができません。review_priorityに従い追加データ収集または手動レビューを行ってください。,v2.0-final,v2.0-final,v2.0-final,ThinkPad P14s Gen 7 AMD,BYD,5B11M90171
2026-06-03T16:38:27,DILIPB-PF66R2P1_dilipb,REVIEW_INSUFFICIENT_DATA,ACTION_COLLECT_MORE_DATA_OR_MANUAL_REVIEW,review,REVIEW_SHORT_OBS_ACTIVE_LIKE,,,REVIEW_SHORT_OBS_ACTIVE_LIKE,low,観測期間<120日でactive様（flat_tail<60）。経過観察で十分なことが多い。,False,False,False,False,False,2,0,0,50.0,9.099,0.9,21.98,4.0,0.9,0.0,83.0,100.0,17.0,0.6958,0,0,0,0,0,0,0,0,0,0,,,,0.0,-1.0,n/a,59.5,5.2,"obs_days=22.0, n_samples=405, quality=QUALITY_SHORT_OBS -> insufficient/uncertain data",観測期間・サンプル数・カウンタ整合性のいずれかが不足しており信頼できる判定ができません。review_priorityに従い追加データ収集または手動レビューを行ってください。,v2.0-final,v2.0-final,v2.0-final,ThinkPad X1 2-in-1 Gen 11,COSMX,5B11M90162
2026-06-03T16:38:27,DILLON_dpaquin,REVIEW_INSUFFICIENT_DATA,ACTION_COLLECT_MORE_DATA_OR_MANUAL_REVIEW,review,REVIEW_SHORT_OBS_ACTIVE_LIKE,,,REVIEW_SHORT_OBS_ACTIVE_LIKE,low,観測期間<120日でactive様（flat_tail<60）。経過観察で十分なことが多い。,False,False,False,False,False,20,0,0,95.238,20.261,2.0,98.71,21.0,2.0,0.0,71.0,80.0,9.0,0.5766,0,0,0,0,0,0,0,0,0,0,,,,0.0,-1.0,n/a,62.3,5.3,"obs_days=98.7, n_samples=1276, quality=QUALITY_SHORT_OBS -> insufficient/uncertain data",観測期間・サンプル数・カウンタ整合性のいずれかが不足しており信頼できる判定ができません。review_priorityに従い追加データ収集または手動レビューを行ってください。,v2.0-final,v2.0-final,v2.0-final,ThinkPad T14 Gen 6,Sunwoda,5B11M90127
2026-06-03T16:38:27,DJR-PF3R8T3C_djr,NORMAL_OR_RESPONDING,ACTION_NONE,high,NOT_NO_LOW_CHANGE_CANDIDATE,,,,,,False,False,False,False,False,35,29,23,64.815,4.422,84.6,791.43,54.0,84.6,16.0,45.0,100.0,55.0,0.7981,0,0,0,0,0,0,0,0,0,0,,,,0.0,-1.0,n/a,72.1,27.3,"flat_tail=84.6d, fcc_changes=35, tail_cyc=16.0, tail_ok[90/80]=0/0, unresp_complete[90/80]=0/0, large_gap[90/80]=0/0 -> FCC still updating / not a no-low-change candidate",,v2.0-final,v2.0-final,v2.0-final,ThinkPad X1 Carbon Gen 10,Celxpert,5B10W13974
2026-06-03T16:38:27,DKUNTTU-F4JTB5W_dkunttu,REVIEW_INSUFFICIENT_DATA,ACTION_COLLECT_MORE_DATA_OR_MANUAL_REVIEW,review,REVIEW_COUNTER_RESET,,,REVIEW_COUNTER_RESET,high,cycleCountが減少（カウンタリセット/パック異常疑い）。生ログ確認が必要。,False,False,False,False,False,66,16,16,82.5,14.73,1.3,448.06,80.0,1.3,0.0,45.0,94.0,49.0,0.733,0,0,0,0,0,0,0,0,0,0,,,,0.0,-1.0,n/a,54.9,0.2,"obs_days=448.1, n_samples=15519, quality=QUALITY_COUNTER_RESET -> insufficient/uncertain data",観測期間・サンプル数・カウンタ整合性のいずれかが不足しており信頼できる判定ができません。review_priorityに従い追加データ収集または手動レビューを行ってください。,v2.0-final,v2.0-final,v2.0-final,ThinkPad Z16 Gen 2,Celxpert,5B10W51888
2026-06-03T16:38:27,DKUNTTU-F4ML5R6_dkunttu,NORMAL_OR_RESPONDING,ACTION_NONE,high,NOT_NO_LOW_CHANGE_CANDIDATE,,,,,,False,False,False,False,False,78,13,11,173.333,30.704,1.8,254.04,45.0,1.8,0.0,85.0,99.0,14.0,0.0,0,0,0,0,0,0,0,0,0,0,,,,0.0,-1.0,n/a,65.6,10.3,"flat_tail=1.8d, fcc_changes=78, tail_cyc=0.0, tail_ok[90/80]=0/0, unresp_complete[90/80]=0/0, large_gap[90/80]=0/0 -> FCC still updating / not a no-low-change candidate",,v2.0-final,v2.0-final,v2.0-final,ThinkPad X1 Carbon Gen 12,SMP,5B11H56383
2026-06-03T16:38:27,DKUNTTU-F5AZ5F3_dkunttu,NORMAL_OR_RESPONDING,ACTION_NONE,high,NOT_NO_LOW_CHANGE_CANDIDATE,,,,,,False,False,False,False,False,9,9,8,36.0,2.097,40.4,429.17,25.0,40.4,0.0,91.0,100.0,9.0,0.6153,0,0,0,0,0,0,0,0,0,0,,,,0.0,-1.0,n/a,73.7,16.7,"flat_tail=40.4d, fcc_changes=9, tail_cyc=0.0, tail_ok[90/80]=0/0, unresp_complete[90/80]=0/0, large_gap[90/80]=0/0 -> FCC still updating / not a no-low-change candidate",,v2.0-final,v2.0-final,v2.0-final,ThinkPad X9-15 Gen 1,BYD,L24B4PE2
2026-06-03T16:38:27,DKUNTTU-W0CXCFB_dkunttu,REVIEW_INSUFFICIENT_DATA,ACTION_COLLECT_MORE_DATA_OR_MANUAL_REVIEW,review,REVIEW_SHORT_OBS_ACTIVE_LIKE,,,REVIEW_SHORT_OBS_ACTIVE_LIKE,low,観測期間<120日でactive様（flat_tail<60）。経過観察で十分なことが多い。,False,False,False,False,False,12,7,7,200.0,54.323,1.1,22.09,6.0,1.1,0.0,63.0,99.0,36.0,0.9186,0,0,0,0,0,0,0,0,0,0,,,,0.0,-1.0,n/a,63.6,5.2,"obs_days=22.1, n_samples=538, quality=QUALITY_SHORT_OBS -> insufficient/uncertain data",観測期間・サンプル数・カウンタ整合性のいずれかが不足しており信頼できる判定ができません。review_priorityに従い追加データ収集または手動レビューを行ってください。,v2.0-final,v2.0-final,v2.0-final,ThinkPad T14s Gen 6,,
2026-06-03T16:38:27,DLI13-PW0HKDEK_dli13,NORMAL_OR_RESPONDING,ACTION_NONE,high,NOT_NO_LOW_CHANGE_CANDIDATE,,,,,,False,False,False,False,False,8,1,1,114.286,4.97,19.2,160.98,7.0,19.2,0.0,95.0,100.0,5.0,0.9999,0,0,0,0,0,0,0,0,0,0,,,,0.0,-1.0,n/a,73.2,13.2,"flat_tail=19.2d, fcc_changes=8, tail_cyc=0.0, tail_ok[90/80]=0/0, unresp_complete[90/80]=0/0, large_gap[90/80]=0/0 -> FCC still updating / not a no-low-change candidate",,v2.0-final,v2.0-final,v2.0-final,ThinkPad L16 Gen 2,Sunwoda,5B11M90114
2026-06-03T16:38:27,DLOMIS-PF58PBCR_X1,REVIEW_INSUFFICIENT_DATA,ACTION_COLLECT_MORE_DATA_OR_MANUAL_REVIEW,review,REVIEW_SHORT_OBS_ACTIVE_LIKE,,,REVIEW_SHORT_OBS_ACTIVE_LIKE,low,観測期間<120日でactive様（flat_tail<60）。経過観察で十分なことが多い。,False,False,False,False,False,7,2,2,140.0,12.069,7.2,58.0,5.0,7.2,0.0,46.0,100.0,54.0,0.7808,0,0,0,0,0,0,0,0,0,0,,,,0.0,-1.0,n/a,61.8,6.2,"obs_days=58.0, n_samples=757, quality=QUALITY_SHORT_OBS -> insufficient/uncertain data",観測期間・サンプル数・カウンタ整合性のいずれかが不足しており信頼できる判定ができません。review_priorityに従い追加データ収集または手動レビューを行ってください。,v2.0-final,v2.0-final,v2.0-final,ThinkPad X1 Carbon Gen 13,Celxpert,5B11M90098
2026-06-03T16:38:27,DLOMIS-PF58PBCR_dlomis,REVIEW_INSUFFICIENT_DATA,ACTION_COLLECT_MORE_DATA_OR_MANUAL_REVIEW,review,REVIEW_SHORT_OBS_ACTIVE_LIKE,,,REVIEW_SHORT_OBS_ACTIVE_LIKE,low,観測期間<120日でactive様（flat_tail<60）。経過観察で十分なことが多い。,False,False,False,False,False,7,2,2,140.0,12.498,5.2,56.01,5.0,5.2,0.0,46.0,100.0,54.0,0.7762,0,0,0,0,0,0,0,0,0,0,,,,0.0,-1.0,n/a,61.4,5.9,"obs_days=56.0, n_samples=715, quality=QUALITY_SHORT_OBS -> insufficient/uncertain data",観測期間・サンプル数・カウンタ整合性のいずれかが不足しており信頼できる判定ができません。review_priorityに従い追加データ収集または手動レビューを行ってください。,v2.0-final,v2.0-final,v2.0-final,ThinkPad X1 Carbon Gen 13,Celxpert,5B11M90098
2026-06-03T16:38:27,DONGQZ-PF4RM5MZ_dongqz,NORMAL_OR_RESPONDING,ACTION_NONE,high,NOT_NO_LOW_CHANGE_CANDIDATE,,,,,,False,False,False,False,False,46,14,9,139.394,11.215,9.7,410.16,33.0,9.7,0.0,60.0,98.0,38.0,0.1403,0,0,0,0,0,0,0,0,0,0,,,,0.0,-1.0,n/a,59.0,11.6,"flat_tail=9.7d, fcc_changes=46, tail_cyc=0.0, tail_ok[90/80]=0/0, unresp_complete[90/80]=0/0, large_gap[90/80]=0/0 -> FCC still updating / not a no-low-change candidate",,v2.0-final,v2.0-final,v2.0-final,ThinkPad X1 Carbon Gen 12,SMP,5B11H56383
2026-06-03T16:38:27,DONGQZ-PF505XME_dongqz,REVIEW_INSUFFICIENT_DATA,ACTION_COLLECT_MORE_DATA_OR_MANUAL_REVIEW,review,REVIEW_SHORT_OBS_ACTIVE_LIKE,,,REVIEW_SHORT_OBS_ACTIVE_LIKE,low,観測期間<120日でactive様（flat_tail<60）。経過観察で十分なことが多い。,False,False,False,False,False,13,1,1,100.0,18.553,8.4,70.07,13.0,8.4,0.0,75.0,100.0,25.0,0.972,0,0,0,0,0,0,0,0,0,0,,,,0.0,-1.0,n/a,65.8,6.4,"obs_days=70.1, n_samples=1457, quality=QUALITY_SHORT_OBS -> insufficient/uncertain data",観測期間・サンプル数・カウンタ整合性のいずれかが不足しており信頼できる判定ができません。review_priorityに従い追加データ収集または手動レビューを行ってください。,v2.0-final,v2.0-final,v2.0-final,ThinkPad X1 Carbon Gen 13,Sunwoda,5B11M90099
2026-06-03T16:38:27,DONGQZ-PF5HTSGV_dongqz,NORMAL_OR_RESPONDING,ACTION_NONE,high,NOT_NO_LOW_CHANGE_CANDIDATE,,,,,,False,False,False,False,False,48,10,10,123.077,13.188,8.1,363.97,39.0,8.1,0.0,68.0,100.0,32.0,0.8911,0,0,0,0,0,0,0,0,0,0,,,,0.0,-1.0,n/a,69.2,11.3,"flat_tail=8.1d, fcc_changes=48, tail_cyc=0.0, tail_ok[90/80]=0/0, unresp_complete[90/80]=0/0, large_gap[90/80]=0/0 -> FCC still updating / not a no-low-change candidate",,v2.0-final,v2.0-final,v2.0-final,ThinkPad T14s 2-in-1 Gen 1,Celxpert,5B11M90106
2026-06-03T16:38:27,DONGQZ-PF6229ZN_dongqz,REVIEW_INSUFFICIENT_DATA,ACTION_COLLECT_MORE_DATA_OR_MANUAL_REVIEW,review,REVIEW_SHORT_OBS_ACTIVE_LIKE,,,REVIEW_SHORT_OBS_ACTIVE_LIKE,low,観測期間<120日でactive様（flat_tail<60）。経過観察で十分なことが多い。,False,False,False,False,False,25,7,7,108.696,35.221,2.6,70.98,23.0,2.6,0.0,70.0,100.0,30.0,0.8377,0,0,0,0,0,0,0,0,0,0,,,,0.0,-1.0,n/a,62.2,5.4,"obs_days=71.0, n_samples=1106, quality=QUALITY_SHORT_OBS -> insufficient/uncertain data",観測期間・サンプル数・カウンタ整合性のいずれかが不足しており信頼できる判定ができません。review_priorityに従い追加データ収集または手動レビューを行ってください。,v2.0-final,v2.0-final,v2.0-final,ThinkPad X1 Carbon Gen 14,ATL,5B11M90161
2026-06-03T16:38:27,DONGQZ-PF66VXBZ_dongqz,REVIEW_INSUFFICIENT_DATA,ACTION_COLLECT_MORE_DATA_OR_MANUAL_REVIEW,review,REVIEW_SHORT_OBS_ACTIVE_LIKE,,,REVIEW_SHORT_OBS_ACTIVE_LIKE,low,観測期間<120日でactive様（flat_tail<60）。経過観察で十分なことが多い。,False,False,False,False,False,5,0,0,83.333,15.193,4.8,32.91,6.0,4.8,0.0,71.0,100.0,29.0,0.7483,0,0,0,0,0,0,0,0,0,0,,,,0.0,-1.0,n/a,60.8,5.8,"obs_days=32.9, n_samples=528, quality=QUALITY_SHORT_OBS -> insufficient/uncertain data",観測期間・サンプル数・カウンタ整合性のいずれかが不足しており信頼できる判定ができません。review_priorityに従い追加データ収集または手動レビューを行ってください。,v2.0-final,v2.0-final,v2.0-final,ThinkPad X1 Carbon Gen 14,SMP,5B11M90163
2026-06-03T16:38:27,DONGQZ-PW0B15P6_dongqz,REVIEW_INSUFFICIENT_DATA,ACTION_COLLECT_MORE_DATA_OR_MANUAL_REVIEW,review,REVIEW_SHORT_OBS_ACTIVE_LIKE,,,REVIEW_SHORT_OBS_ACTIVE_LIKE,low,観測期間<120日でactive様（flat_tail<60）。経過観察で十分なことが多い。,False,False,False,False,False,3,1,1,150.0,19.724,12.1,15.21,2.0,12.1,0.0,77.0,100.0,23.0,0.8459,0,0,0,0,0,0,0,0,0,0,,,,0.0,-1.0,n/a,63.9,7.0,"obs_days=15.2, n_samples=765, quality=QUALITY_SHORT_OBS -> insufficient/uncertain data",観測期間・サンプル数・カウンタ整合性のいずれかが不足しており信頼できる判定ができません。review_priorityに従い追加データ収集または手動レビューを行ってください。,v2.0-final,v2.0-final,v2.0-final,ThinkPad P1 Gen 7,Celxpert,5B11M37552
2026-06-03T16:38:27,DRICKARD-5GLCFY_drickard,NORMAL_OR_RESPONDING,ACTION_NONE,high,NOT_NO_LOW_CHANGE_CANDIDATE,,,,,,False,False,False,False,False,38,13,13,122.581,18.718,9.3,203.01,31.0,9.3,0.0,79.0,100.0,21.0,1.0,0,0,0,0,0,0,0,0,0,0,,,,0.0,-1.0,n/a,71.5,11.6,"flat_tail=9.3d, fcc_changes=38, tail_cyc=0.0, tail_ok[90/80]=0/0, unresp_complete[90/80]=0/0, large_gap[90/80]=0/0 -> FCC still updating / not a no-low-change candidate",,v2.0-final,v2.0-final,v2.0-final,ThinkPad X13 Gen 6,SMP,5B11M90123
2026-06-03T16:38:27,DRUBRIGHT-320B9_drubright,REVIEW_INSUFFICIENT_DATA,ACTION_COLLECT_MORE_DATA_OR_MANUAL_REVIEW,review,REVIEW_SHORT_OBS_ACTIVE_LIKE,,,REVIEW_SHORT_OBS_ACTIVE_LIKE,low,観測期間<120日でactive様（flat_tail<60）。経過観察で十分なことが多い。,False,False,False,False,False,21,1,1,95.455,42.118,0.9,49.86,22.0,0.9,0.0,71.0,100.0,29.0,0.5348,0,0,0,0,0,0,0,0,0,0,,,,0.0,-1.0,n/a,55.8,5.2,"obs_days=49.9, n_samples=901, quality=QUALITY_SHORT_OBS -> insufficient/uncertain data",観測期間・サンプル数・カウンタ整合性のいずれかが不足しており信頼できる判定ができません。review_priorityに従い追加データ収集または手動レビューを行ってください。,v2.0-final,v2.0-final,v2.0-final,ThinkPad X1 Carbon Gen 14,ATL,5B11M90161
2026-06-03T16:38:27,DRUBRIGHT-DPJ32_drubright,NORMAL_OR_RESPONDING,ACTION_NONE,high,NOT_NO_LOW_CHANGE_CANDIDATE,,,,,,False,False,False,False,False,78,16,16,114.706,55.583,1.3,140.33,68.0,1.3,0.0,29.0,100.0,71.0,0.3999,0,0,0,0,0,0,0,0,0,0,,,,0.0,-1.0,n/a,58.2,10.2,"flat_tail=1.3d, fcc_changes=78, tail_cyc=0.0, tail_ok[90/80]=0/0, unresp_complete[90/80]=0/0, large_gap[90/80]=0/0 -> FCC still updating / not a no-low-change candidate",,v2.0-final,v2.0-final,v2.0-final,ThinkPad X9-14 Gen 1,BYD,LNV-5B11M90101
2026-06-03T16:38:27,DRUBRIGHT-EHFA6_drubright,NORMAL_OR_RESPONDING,ACTION_NONE,high,NOT_NO_LOW_CHANGE_CANDIDATE,,,,,,False,False,False,False,False,73,15,15,123.729,46.497,58.0,157.0,59.0,58.0,0.0,33.0,100.0,67.0,0.0525,0,0,0,0,0,0,0,0,0,0,,,,0.0,-1.0,n/a,60.7,19.7,"flat_tail=58.0d, fcc_changes=73, tail_cyc=0.0, tail_ok[90/80]=0/0, unresp_complete[90/80]=0/0, large_gap[90/80]=0/0 -> FCC still updating / not a no-low-change candidate",,v2.0-final,v2.0-final,v2.0-final,ThinkPad X13 Gen 4,Celxpert,5B11H56367
2026-06-03T16:38:27,DRUBRIGHT-FSTTJ_drubright,NORMAL_OR_RESPONDING,ACTION_NONE,high,NOT_NO_LOW_CHANGE_CANDIDATE,,,,,,False,False,False,False,False,141,23,23,115.574,40.26,0.3,350.22,122.0,0.3,0.0,30.0,100.0,70.0,0.2011,0,0,0,0,0,0,0,0,0,0,,,,0.0,-1.0,n/a,54.1,10.1,"flat_tail=0.3d, fcc_changes=141, tail_cyc=0.0, tail_ok[90/80]=0/0, unresp_complete[90/80]=0/0, large_gap[90/80]=0/0 -> FCC still updating / not a no-low-change candidate",,v2.0-final,v2.0-final,v2.0-final,ThinkPad X1 2-in-1 Gen 10,Sunwoda,5B11M90099
2026-06-03T16:38:27,DRUBRIGHT-N1GRS_drubright,REVIEW_INSUFFICIENT_DATA,ACTION_COLLECT_MORE_DATA_OR_MANUAL_REVIEW,review,REVIEW_SHORT_OBS_ACTIVE_LIKE,,,REVIEW_SHORT_OBS_ACTIVE_LIKE,low,観測期間<120日でactive様（flat_tail<60）。経過観察で十分なことが多い。,False,False,False,False,False,6,1,1,120.0,30.015,11.2,19.99,5.0,11.2,0.0,94.0,100.0,6.0,0.9285,0,0,0,0,0,0,0,0,0,0,,,,0.0,-1.0,n/a,65.4,6.9,"obs_days=20.0, n_samples=356, quality=QUALITY_SHORT_OBS -> insufficient/uncertain data",観測期間・サンプル数・カウンタ整合性のいずれかが不足しており信頼できる判定ができません。review_priorityに従い追加データ収集または手動レビューを行ってください。,v2.0-final,v2.0-final,v2.0-final,ThinkPad X1 Carbon Gen 12,Celxpert,5B11H56384
2026-06-03T16:38:27,DRUBRIGHT-NXE61_drubright,NORMAL_OR_RESPONDING,ACTION_NONE,high,NOT_NO_LOW_CHANGE_CANDIDATE,,,,,,False,False,False,False,False,84,19,13,113.514,12.067,138.2,696.13,74.0,138.2,0.0,2.0,100.0,98.0,0.6145,0,0,0,0,0,0,0,0,0,0,,,,0.0,-1.0,n/a,85.3,33.0,"flat_tail=138.2d, fcc_changes=84, tail_cyc=0.0, tail_ok[90/80]=0/0, unresp_complete[90/80]=0/0, large_gap[90/80]=0/0 -> FCC still updating / not a no-low-change candidate",,v2.0-final,v2.0-final,v2.0-final,ThinkPad X1 2-in-1 Gen 9,SMP,5B11H56383
2026-06-03T16:38:27,DSABOGAL-66ZRAR_dsabogal,REVIEW_INSUFFICIENT_DATA,ACTION_COLLECT_MORE_DATA_OR_MANUAL_REVIEW,review,REVIEW_SHORT_OBS_ACTIVE_LIKE,,,REVIEW_SHORT_OBS_ACTIVE_LIKE,low,観測期間<120日でactive様（flat_tail<60）。経過観察で十分なことが多い。,False,False,False,False,False,1,0,0,50.0,7.013,4.9,14.26,2.0,4.9,0.0,81.0,100.0,19.0,0.9703,0,0,0,0,0,0,0,0,0,0,,,,0.0,-1.0,n/a,65.2,5.8,"obs_days=14.3, n_samples=498, quality=QUALITY_SHORT_OBS -> insufficient/uncertain data",観測期間・サンプル数・カウンタ整合性のいずれかが不足しており信頼できる判定ができません。review_priorityに従い追加データ収集または手動レビューを行ってください。,v2.0-final,v2.0-final,v2.0-final,ThinkPad T14s Gen 7,SMP,5B11M90163
2026-06-03T16:38:27,DSMITH3-F66KH2F_dsmith3,REVIEW_INSUFFICIENT_DATA,ACTION_COLLECT_MORE_DATA_OR_MANUAL_REVIEW,review,REVIEW_SHORT_OBS_ACTIVE_LIKE,,,REVIEW_SHORT_OBS_ACTIVE_LIKE,low,観測期間<120日でactive様（flat_tail<60）。経過観察で十分なことが多い。,False,False,False,False,False,1,0,0,33.333,3.717,2.9,26.9,3.0,2.9,0.0,90.0,100.0,10.0,0.5455,0,0,0,0,0,0,0,0,0,0,,,,0.0,-1.0,n/a,62.2,5.5,"obs_days=26.9, n_samples=267, quality=QUALITY_SHORT_OBS -> insufficient/uncertain data",観測期間・サンプル数・カウンタ整合性のいずれかが不足しており信頼できる判定ができません。review_priorityに従い追加データ収集または手動レビューを行ってください。,v2.0-final,v2.0-final,v2.0-final,ThinkPad T14 Gen 7,Sunwoda,5B11M90169
2026-06-03T16:38:27,DWATTS-PF5C6AV8_dwatts,NORMAL_OR_RESPONDING,ACTION_NONE,high,NOT_NO_LOW_CHANGE_CANDIDATE,,,,,,False,False,False,False,False,72,7,7,109.091,15.69,6.7,458.9,66.0,6.7,0.0,80.0,100.0,20.0,0.9977,0,0,0,0,0,0,0,0,0,0,,,,0.0,-1.0,n/a,71.1,11.1,"flat_tail=6.7d, fcc_changes=72, tail_cyc=0.0, tail_ok[90/80]=0/0, unresp_complete[90/80]=0/0, large_gap[90/80]=0/0 -> FCC still updating / not a no-low-change candidate",,v2.0-final,v2.0-final,v2.0-final,ThinkPad X1 Carbon Gen 13,BYD,5B11M90100
2026-06-03T16:38:27,DWATTS-PF627DJB_dwatts,REVIEW_INSUFFICIENT_DATA,ACTION_COLLECT_MORE_DATA_OR_MANUAL_REVIEW,review,REVIEW_SHORT_OBS_ACTIVE_LIKE,,,REVIEW_SHORT_OBS_ACTIVE_LIKE,low,観測期間<120日でactive様（flat_tail<60）。経過観察で十分なことが多い。,False,False,False,False,False,12,0,0,80.0,14.274,10.7,84.07,15.0,10.7,0.0,67.0,100.0,33.0,0.9496,0,0,0,0,0,0,0,0,0,0,,,,0.0,-1.0,n/a,65.8,6.8,"obs_days=84.1, n_samples=4074, quality=QUALITY_SHORT_OBS -> insufficient/uncertain data",観測期間・サンプル数・カウンタ整合性のいずれかが不足しており信頼できる判定ができません。review_priorityに従い追加データ収集または手動レビューを行ってください。,v2.0-final,v2.0-final,v2.0-final,ThinkPad P14s Gen 7,COSMX,5B11M90178
2026-06-03T16:38:27,DWATTS-PF668VNV_dwatts,REVIEW_INSUFFICIENT_DATA,ACTION_COLLECT_MORE_DATA_OR_MANUAL_REVIEW,review,REVIEW_SHORT_OBS_ACTIVE_LIKE,,,REVIEW_SHORT_OBS_ACTIVE_LIKE,low,観測期間<120日でactive様（flat_tail<60）。経過観察で十分なことが多い。,False,False,False,False,False,6,2,2,120.0,21.89,1.9,27.41,5.0,1.9,0.0,79.0,100.0,21.0,0.8743,0,0,0,0,0,0,0,0,0,0,,,,0.0,-1.0,n/a,62.8,5.3,"obs_days=27.4, n_samples=1140, quality=QUALITY_SHORT_OBS -> insufficient/uncertain data",観測期間・サンプル数・カウンタ整合性のいずれかが不足しており信頼できる判定ができません。review_priorityに従い追加データ収集または手動レビューを行ってください。,v2.0-final,v2.0-final,v2.0-final,ThinkPad X13 Gen 7,Sunwoda,5B11M90142
2026-06-03T16:38:27,E14_test,ACTIONABLE_GAUGE_RESET_INSUFFICIENT_LEARNING_OPPORTUNITY,ACTION_GAUGE_RESET,medium,GAUGE_MEDIUM_NO_OPPORTUNITY,NO_OPPORTUNITY_LOW_CYCLING,,,,,True,False,False,False,True,1,1,1,25.0,0.147,87.9,678.98,4.0,87.9,1.0,1.0,100.0,99.0,0.7695,0,0,0,0,0,0,0,0,0,0,,,,0.0,1.0,MIXED,79.5,24.9,"flat_tail=87.9d, fcc_changes=1, tail_cyc=1.0, tail_ok[90/80]=0/0, unresp_complete[90/80]=0/0, large_gap[90/80]=0/0, ac=0.77, min_rsoc=1.0 -> insufficient learning opportunity",FCC/SoHが長期間更新されておらず、ログ上は深い放電→再充電の学習機会が十分に確認できません（OK品質の機会が無く、large-gapを含めても判定可能な機会がない）。安全な環境でOEM推奨のバッテリーゲージリセット/キャリブレーションを実施し、その後72h〜7日間のテレメトリでFCC更新有無を確認してください。,v2.0-final,v2.0-final,v2.0-final,ThinkPad E14 Gen 6,BYD,L22B3PG4
2026-06-03T16:38:27,E28386-PF3X7BXZ_e28386,REVIEW_INSUFFICIENT_DATA,ACTION_COLLECT_MORE_DATA_OR_MANUAL_REVIEW,review,REVIEW_COUNTER_RESET,,,REVIEW_COUNTER_RESET,high,cycleCountが減少（カウンタリセット/パック異常疑い）。生ログ確認が必要。,True,True,True,False,True,0,0,0,0.0,0.0,994.5,994.51,47.0,994.5,47.0,0.0,100.0,100.0,0.931,0,7,7,0,4,4,0,0,0,0,,,,0.0,-1.0,n/a,51.7,39.4,"obs_days=994.5, n_samples=13395, quality=QUALITY_COUNTER_RESET -> insufficient/uncertain data",観測期間・サンプル数・カウンタ整合性のいずれかが不足しており信頼できる判定ができません。review_priorityに従い追加データ収集または手動レビューを行ってください。,v2.0-final,v2.0-final,v2.0-final,ThinkPad X1 Yoga Gen 6,Sunwoda,5B10W13975
2026-06-03T16:38:27,E31583-PW0BLY7A_ohsaw,REVIEW_INSUFFICIENT_DATA,ACTION_COLLECT_MORE_DATA_OR_MANUAL_REVIEW,review,REVIEW_SHORT_OBS_ACTIVE_LIKE,,,REVIEW_SHORT_OBS_ACTIVE_LIKE,low,観測期間<120日でactive様（flat_tail<60）。経過観察で十分なことが多い。,False,False,False,False,False,6,0,0,100.0,8.238,27.1,72.83,6.0,27.1,0.0,15.0,96.0,81.0,0.5561,0,0,0,0,0,0,0,0,0,0,,,,0.0,-1.0,n/a,60.6,9.5,"obs_days=72.8, n_samples=437, quality=QUALITY_SHORT_OBS -> insufficient/uncertain data",観測期間・サンプル数・カウンタ整合性のいずれかが不足しており信頼できる判定ができません。review_priorityに従い追加データ収集または手動レビューを行ってください。,v2.0-final,v2.0-final,v2.0-final,ThinkPad T14s Gen 6,Sunwoda,LNV-5B11H56404
2026-06-03T16:38:27,EAAGM1_pasw-,NORMAL_OR_RESPONDING,ACTION_NONE,high,NOT_NO_LOW_CHANGE_CANDIDATE,,,,,,False,False,False,False,False,13,5,2,260.0,9.03,1.0,143.96,5.0,1.0,0.0,92.0,100.0,8.0,0.9972,0,0,0,0,0,0,0,0,0,0,,,,0.0,-1.0,n/a,70.1,10.2,"flat_tail=1.0d, fcc_changes=13, tail_cyc=0.0, tail_ok[90/80]=0/0, unresp_complete[90/80]=0/0, large_gap[90/80]=0/0 -> FCC still updating / not a no-low-change candidate",,v2.0-final,v2.0-final,v2.0-final,ThinkPad X1 Carbon Gen 13,SMP,5B11M90097
2026-06-03T16:38:27,EB16034-F2RY6ZG_eb16034,WATCH_LOW_UPDATE_RATE_AMBIGUOUS,ACTION_MONITOR_OR_MANUAL_REVIEW,low,WATCH_POSSIBLE_OPPORTUNITY_WITH_LARGE_GAPS,,WATCH_POSSIBLE_OPPORTUNITY_WITH_LARGE_GAPS,,,,True,False,False,True,True,2,2,2,0.84,0.2,18.0,998.79,238.0,18.0,7.0,2.0,100.0,98.0,0.7865,0,3,3,0,2,2,0,0,0,0,,,,0.0,1.0,MIXED,46.5,14.4,"flat_tail=18.0d, fcc_changes=2, tail_cyc=7.0, tail_ok[90/80]=0/0, unresp_complete[90/80]=0/0, large_gap[90/80]=2/3 -> ambiguous (watch)",FCC更新率は低いが完全凍結ではない/学習機会がlarge-gapまたは打ち切りで確証が弱い/境界的のため、FW確認に回す前にモニタリングまたは手動レビューを推奨します。,v2.0-final,v2.0-final,v2.0-final,ThinkPad T14 Gen 1,LG,5B10W139
2026-06-03T16:38:27,EB16034-F4414Y8_eb16034,ACTIONABLE_FW_CHECK_OPPORTUNITY_NO_RESPONSE,ACTION_FW_CHECK,high,FW_HIGH_UNRESPONDED_COMPLETE_WINDOWS,LOW_UPDATE_RATE_WITH_OPPORTUNITIES,,,,,True,True,True,True,True,0,0,0,0.0,0.0,203.0,203.03,80.0,203.0,80.0,2.0,100.0,98.0,0.2516,2,2,4,2,2,4,2,2,0,0,1.605,0.0,-1.526,82.1,1.0,MIXED,48.6,100.0,"flat_tail=203.0d, fcc_changes=0, tail_cyc=80.0, tail_ok[90/80]=2/2, unresp_complete[90/80]=2/2, large_gap[90/80]=2/2 -> complete-window opportunities present but FCC did not respond",FCC/SoHが長期間更新されておらず、ログ上は深い放電→再充電の学習機会（完全窓・OK品質）が複数回確認されるのにFCCが応答していません。BIOS/EC/バッテリー関連FWのVersion確認とアップデート有無確認を優先してください。アップデート後、次回の学習機会後72h〜7日間でFCC更新有無を確認してください。,v2.0-final,v2.0-final,v2.0-final,ThinkPad X1 Carbon Gen 11,,
2026-06-03T16:38:27,EB16034-F4QX17S_eb16034,NORMAL_OR_RESPONDING,ACTION_NONE,high,NOT_NO_LOW_CHANGE_CANDIDATE,,,,,,False,False,False,False,False,41,0,0,95.349,34.09,7.1,120.27,43.0,7.1,2.0,54.0,100.0,46.0,0.2254,0,0,0,0,0,0,0,0,0,0,,,,0.0,-1.0,n/a,54.9,11.6,"flat_tail=7.1d, fcc_changes=41, tail_cyc=2.0, tail_ok[90/80]=0/0, unresp_complete[90/80]=0/0, large_gap[90/80]=0/0 -> FCC still updating / not a no-low-change candidate",,v2.0-final,v2.0-final,v2.0-final,ThinkPad X1 Carbon Gen 12,SMP,5B11H56383
2026-06-03T16:38:27,EBUCHHOLZ-HKD6N_ebuchholz,REVIEW_INSUFFICIENT_DATA,ACTION_COLLECT_MORE_DATA_OR_MANUAL_REVIEW,review,REVIEW_SHORT_OBS_ACTIVE_LIKE,,,REVIEW_SHORT_OBS_ACTIVE_LIKE,low,観測期間<120日でactive様（flat_tail<60）。経過観察で十分なことが多い。,False,False,False,False,False,23,4,3,100.0,32.477,4.8,70.82,23.0,4.8,0.0,55.0,100.0,45.0,0.643,0,0,0,0,0,0,0,0,0,0,,,,0.0,-1.0,n/a,58.7,5.8,"obs_days=70.8, n_samples=850, quality=QUALITY_SHORT_OBS -> insufficient/uncertain data",観測期間・サンプル数・カウンタ整合性のいずれかが不足しており信頼できる判定ができません。review_priorityに従い追加データ収集または手動レビューを行ってください。,v2.0-final,v2.0-final,v2.0-final,ThinkPad L16 Gen 2,Sunwoda,5B11M90113
2026-06-03T16:38:27,ECOOK-PF67560P_ecook,REVIEW_INSUFFICIENT_DATA,ACTION_COLLECT_MORE_DATA_OR_MANUAL_REVIEW,review,REVIEW_SHORT_OBS_ACTIVE_LIKE,,,REVIEW_SHORT_OBS_ACTIVE_LIKE,low,観測期間<120日でactive様（flat_tail<60）。経過観察で十分なことが多い。,False,False,False,False,False,1,0,0,50.0,4.796,8.8,20.85,2.0,8.8,0.0,77.0,100.0,23.0,0.836,0,0,0,0,0,0,0,0,0,0,,,,0.0,-1.0,n/a,63.2,6.5,"obs_days=20.9, n_samples=309, quality=QUALITY_SHORT_OBS -> insufficient/uncertain data",観測期間・サンプル数・カウンタ整合性のいずれかが不足しており信頼できる判定ができません。review_priorityに従い追加データ収集または手動レビューを行ってください。,v2.0-final,v2.0-final,v2.0-final,ThinkPad T14 Gen 7,Sunwoda,5B11M90168
2026-06-03T16:38:27,EDANG-PF5TMMM8_edang,NORMAL_OR_RESPONDING,ACTION_NONE,high,NOT_NO_LOW_CHANGE_CANDIDATE,,,,,,False,False,False,False,False,24,9,9,133.333,10.389,19.0,231.01,18.0,19.0,0.0,92.0,100.0,8.0,1.0,0,0,0,0,0,0,0,0,0,0,,,,0.0,-1.0,n/a,73.2,13.2,"flat_tail=19.0d, fcc_changes=24, tail_cyc=0.0, tail_ok[90/80]=0/0, unresp_complete[90/80]=0/0, large_gap[90/80]=0/0 -> FCC still updating / not a no-low-change candidate",,v2.0-final,v2.0-final,v2.0-final,ThinkPad P16 Gen 3,SMP,5B11M90135
2026-06-03T16:38:27,EIGERAMD_44900,NORMAL_OR_RESPONDING,ACTION_NONE,high,NOT_NO_LOW_CHANGE_CANDIDATE,,,,,,False,False,False,False,False,144,14,14,107.463,23.503,2.8,612.7,134.0,2.8,0.0,80.0,100.0,20.0,0.7711,0,0,0,0,0,0,0,0,0,0,,,,0.0,-1.0,n/a,65.9,10.5,"flat_tail=2.8d, fcc_changes=144, tail_cyc=0.0, tail_ok[90/80]=0/0, unresp_complete[90/80]=0/0, large_gap[90/80]=0/0 -> FCC still updating / not a no-low-change candidate",,v2.0-final,v2.0-final,v2.0-final,ThinkPad T14s Gen 6,SMP,5B11H56407
2026-06-03T16:38:27,EMOURA3-W0A2BQE_emoura3,REVIEW_INSUFFICIENT_DATA,ACTION_COLLECT_MORE_DATA_OR_MANUAL_REVIEW,review,REVIEW_SHORT_OBS_ACTIVE_LIKE,,,REVIEW_SHORT_OBS_ACTIVE_LIKE,low,観測期間<120日でactive様（flat_tail<60）。経過観察で十分なことが多い。,False,False,False,False,False,34,0,0,100.0,34.69,4.9,98.01,34.0,4.9,0.0,100.0,100.0,0.0,1.0,0,0,0,0,0,0,0,0,0,0,,,,0.0,-1.0,n/a,65.8,5.8,"obs_days=98.0, n_samples=2187, quality=QUALITY_SHORT_OBS -> insufficient/uncertain data",観測期間・サンプル数・カウンタ整合性のいずれかが不足しており信頼できる判定ができません。review_priorityに従い追加データ収集または手動レビューを行ってください。,v2.0-final,v2.0-final,v2.0-final,ThinkPad L14 Gen 5,Sunwoda,5B11H56394
2026-06-03T16:38:27,ENOZAKI1-38LRB0_enozaki1,NORMAL_OR_RESPONDING,ACTION_NONE,high,NOT_NO_LOW_CHANGE_CANDIDATE,,,,,,False,False,False,False,False,835,677,536,453.804,97.322,12.5,857.98,184.0,12.5,0.0,2.0,20.0,18.0,0.0069,0,0,0,0,0,0,0,0,0,0,,,,0.0,-1.0,n/a,66.1,12.1,"flat_tail=12.5d, fcc_changes=835, tail_cyc=0.0, tail_ok[90/80]=0/0, unresp_complete[90/80]=0/0, large_gap[90/80]=0/0 -> FCC still updating / not a no-low-change candidate",,v2.0-final,v2.0-final,v2.0-final,ThinkPad X1 Yoga Gen 6,Celxpert,5B10W13974
2026-06-03T16:38:27,ESHORT_L13,NORMAL_OR_RESPONDING,ACTION_NONE,high,NOT_NO_LOW_CHANGE_CANDIDATE,,,,,,False,False,False,False,False,789,563,429,257.843,160.024,0.1,493.05,306.0,0.1,0.0,70.0,100.0,30.0,1.0,0,0,0,0,0,0,0,0,0,0,,,,0.0,-1.0,n/a,70.0,10.0,"flat_tail=0.1d, fcc_changes=789, tail_cyc=0.0, tail_ok[90/80]=0/0, unresp_complete[90/80]=0/0, large_gap[90/80]=0/0 -> FCC still updating / not a no-low-change candidate",,v2.0-final,v2.0-final,v2.0-final,ThinkPad L13 Gen 4,Sunwoda,LNV-5B11H56336
2026-06-03T16:38:27,ETURNER-F54Q6Z0_eturner,NORMAL_OR_RESPONDING,ACTION_NONE,high,NOT_NO_LOW_CHANGE_CANDIDATE,,,,,,False,False,False,False,False,111,33,33,142.308,40.682,0.0,272.85,78.0,0.0,0.0,65.0,65.0,0.0,,0,0,0,0,0,0,0,0,0,0,,,,0.0,-1.0,n/a,70.0,10.0,"flat_tail=0.0d, fcc_changes=111, tail_cyc=0.0, tail_ok[90/80]=0/0, unresp_complete[90/80]=0/0, large_gap[90/80]=0/0 -> FCC still updating / not a no-low-change candidate",,v2.0-final,v2.0-final,v2.0-final,ThinkPad T14s Gen 6,Sunwoda,5B11H56405
2026-06-03T16:38:27,EWALLACE-5AM7XJ_ewallace,REVIEW_INSUFFICIENT_DATA,ACTION_COLLECT_MORE_DATA_OR_MANUAL_REVIEW,review,REVIEW_SHORT_OBS_ACTIVE_LIKE,,,REVIEW_SHORT_OBS_ACTIVE_LIKE,low,観測期間<120日でactive様（flat_tail<60）。経過観察で十分なことが多い。,False,False,False,False,False,21,1,1,105.0,18.639,2.9,112.67,20.0,2.9,0.0,56.0,100.0,44.0,0.6966,0,0,0,0,0,0,0,0,0,0,,,,0.0,-1.0,n/a,59.4,5.5,"obs_days=112.7, n_samples=994, quality=QUALITY_SHORT_OBS -> insufficient/uncertain data",観測期間・サンプル数・カウンタ整合性のいずれかが不足しており信頼できる判定ができません。review_priorityに従い追加データ収集または手動レビューを行ってください。,v2.0-final,v2.0-final,v2.0-final,ThinkPad T14 Gen 6,Sunwoda,5B11M90127
2026-06-03T16:38:27,FALMODOVAR-ZGVG_falmodovar,REVIEW_INSUFFICIENT_DATA,ACTION_COLLECT_MORE_DATA_OR_MANUAL_REVIEW,review,REVIEW_SHORT_OBS_ACTIVE_LIKE,,,REVIEW_SHORT_OBS_ACTIVE_LIKE,low,観測期間<120日でactive様（flat_tail<60）。経過観察で十分なことが多い。,False,False,False,False,False,14,5,2,116.667,25.0,0.7,56.0,12.0,0.7,0.0,59.0,100.0,41.0,0.2673,0,0,0,0,0,0,0,0,0,0,,,,0.0,-1.0,n/a,51.5,5.1,"obs_days=56.0, n_samples=553, quality=QUALITY_SHORT_OBS -> insufficient/uncertain data",観測期間・サンプル数・カウンタ整合性のいずれかが不足しており信頼できる判定ができません。review_priorityに従い追加データ収集または手動レビューを行ってください。,v2.0-final,v2.0-final,v2.0-final,ThinkPad T16 Gen 4,SMP,5B11H56412
2026-06-03T16:38:27,FANG_X13,WATCH_LOW_UPDATE_RATE_AMBIGUOUS,ACTION_MONITOR_OR_MANUAL_REVIEW,low,WATCH_ACTIVE_LOW_CADENCE,,WATCH_ACTIVE_LOW_CADENCE,,,,True,False,False,False,True,3,3,3,4.286,0.39,20.6,769.58,70.0,20.6,2.0,14.0,100.0,86.0,0.8639,0,0,0,0,0,0,0,0,0,0,,,,0.0,1.0,MIXED,69.7,13.8,"flat_tail=20.6d, fcc_changes=3, tail_cyc=2.0, tail_ok[90/80]=0/0, unresp_complete[90/80]=0/0, large_gap[90/80]=0/0 -> ambiguous (watch)",FCC更新率は低いが完全凍結ではない/学習機会がlarge-gapまたは打ち切りで確証が弱い/境界的のため、FW確認に回す前にモニタリングまたは手動レビューを推奨します。,v2.0-final,v2.0-final,v2.0-final,ThinkPad X13 Gen 4,SMP,5B11H56366
2026-06-03T16:38:27,FBOWER-PF59NQY8_fbower,NORMAL_OR_RESPONDING,ACTION_NONE,high,NOT_NO_LOW_CHANGE_CANDIDATE,,,,,,False,False,False,False,False,31,9,4,281.818,7.991,0.1,387.93,11.0,0.1,0.0,95.0,95.0,0.0,1.0,0,0,0,0,0,0,0,0,0,0,,,,0.0,-1.0,n/a,70.0,10.0,"flat_tail=0.1d, fcc_changes=31, tail_cyc=0.0, tail_ok[90/80]=0/0, unresp_complete[90/80]=0/0, large_gap[90/80]=0/0 -> FCC still updating / not a no-low-change candidate",,v2.0-final,v2.0-final,v2.0-final,ThinkPad T16 Gen 4,SMP,5B11H56412
2026-06-03T16:38:27,FBOWER-PF5PJKZL_fbower,NORMAL_OR_RESPONDING,ACTION_NONE,high,NOT_NO_LOW_CHANGE_CANDIDATE,,,,,,False,False,False,False,False,30,14,14,176.471,12.605,13.8,238.0,17.0,13.8,0.0,89.0,100.0,11.0,0.9929,0,0,0,0,0,0,0,0,0,0,,,,0.0,-1.0,n/a,72.2,12.3,"flat_tail=13.8d, fcc_changes=30, tail_cyc=0.0, tail_ok[90/80]=0/0, unresp_complete[90/80]=0/0, large_gap[90/80]=0/0 -> FCC still updating / not a no-low-change candidate",,v2.0-final,v2.0-final,v2.0-final,ThinkPad P16s Gen 4,Sunwoda,5B11M90119
2026-06-03T16:38:27,FFEI-PF5PFHPB_ffei,NORMAL_OR_RESPONDING,ACTION_NONE,high,NOT_NO_LOW_CHANGE_CANDIDATE,,,,,,False,False,False,False,False,60,8,8,103.448,23.809,0.1,252.01,58.0,0.1,0.0,100.0,100.0,0.0,1.0,0,0,0,0,0,0,0,0,0,0,,,,0.0,-1.0,n/a,70.0,10.0,"flat_tail=0.1d, fcc_changes=60, tail_cyc=0.0, tail_ok[90/80]=0/0, unresp_complete[90/80]=0/0, large_gap[90/80]=0/0 -> FCC still updating / not a no-low-change candidate",,v2.0-final,v2.0-final,v2.0-final,ThinkPad P16v Gen 3,COSMX,5B11M90137
2026-06-03T16:38:27,FFENG-PF5FSWGF_ffeng,REVIEW_INSUFFICIENT_DATA,ACTION_COLLECT_MORE_DATA_OR_MANUAL_REVIEW,review,REVIEW_SHORT_OBS_ACTIVE_LIKE,,,REVIEW_SHORT_OBS_ACTIVE_LIKE,low,観測期間<120日でactive様（flat_tail<60）。経過観察で十分なことが多い。,False,False,False,False,False,8,0,0,100.0,8.425,1.2,94.96,8.0,1.2,0.0,86.0,100.0,14.0,0.8558,0,0,0,0,0,0,0,0,0,0,,,,0.0,-1.0,n/a,62.3,5.2,"obs_days=95.0, n_samples=971, quality=QUALITY_SHORT_OBS -> insufficient/uncertain data",観測期間・サンプル数・カウンタ整合性のいずれかが不足しており信頼できる判定ができません。review_priorityに従い追加データ収集または手動レビューを行ってください。,v2.0-final,v2.0-final,v2.0-final,ThinkPad X1 2-in-1 Gen 10,Sunwoda,5B11M90099
2026-06-03T16:38:27,FORIPF_radac,NORMAL_OR_RESPONDING,ACTION_NONE,high,NOT_NO_LOW_CHANGE_CANDIDATE,,,,,,False,False,False,False,False,344,251,203,256.716,45.375,0.0,758.13,134.0,0.0,1.0,60.0,84.0,24.0,1.0,0,0,0,0,0,0,0,0,0,0,,,,0.0,-1.0,n/a,69.5,10.2,"flat_tail=0.0d, fcc_changes=344, tail_cyc=1.0, tail_ok[90/80]=0/0, unresp_complete[90/80]=0/0, large_gap[90/80]=0/0 -> FCC still updating / not a no-low-change candidate",,v2.0-final,v2.0-final,v2.0-final,ThinkPad X1 Yoga Gen 8,Celxpert,5B10W13974
2026-06-03T16:38:27,FRED_Fred_Bower,REVIEW_INSUFFICIENT_DATA,ACTION_COLLECT_MORE_DATA_OR_MANUAL_REVIEW,review,REVIEW_COUNTER_RESET,,,REVIEW_COUNTER_RESET,high,cycleCountが減少（カウンタリセット/パック異常疑い）。生ログ確認が必要。,False,False,False,False,False,11,0,0,122.222,9.915,12.9,110.94,9.0,12.9,0.0,80.0,100.0,20.0,0.8404,0,0,0,0,0,0,0,0,0,0,,,,0.0,-1.0,n/a,59.0,2.1,"obs_days=110.9, n_samples=3998, quality=QUALITY_COUNTER_RESET -> insufficient/uncertain data",観測期間・サンプル数・カウンタ整合性のいずれかが不足しており信頼できる判定ができません。review_priorityに従い追加データ収集または手動レビューを行ってください。,v2.0-final,v2.0-final,v2.0-final,ThinkPad T16 Gen 5,Sunwoda,5B11M90169
2026-06-03T16:38:27,FRED_fbower,REVIEW_INSUFFICIENT_DATA,ACTION_COLLECT_MORE_DATA_OR_MANUAL_REVIEW,review,REVIEW_SHORT_OBS_ACTIVE_LIKE,,,REVIEW_SHORT_OBS_ACTIVE_LIKE,low,観測期間<120日でactive様（flat_tail<60）。経過観察で十分なことが多い。,False,False,False,False,False,3,0,0,100.0,6.823,0.9,43.97,3.0,0.9,0.0,13.0,100.0,87.0,0.9793,0,0,0,0,0,0,0,0,0,0,,,,0.0,-1.0,n/a,64.7,5.2,"obs_days=44.0, n_samples=2127, quality=QUALITY_SHORT_OBS -> insufficient/uncertain data",観測期間・サンプル数・カウンタ整合性のいずれかが不足しており信頼できる判定ができません。review_priorityに従い追加データ収集または手動レビューを行ってください。,v2.0-final,v2.0-final,v2.0-final,ThinkPad T16 Gen 4,Celxpert,5B11H56411
2026-06-03T16:38:27,FSUN3-PC133Y8H_LicenseServer,NORMAL_OR_RESPONDING,ACTION_NONE,high,NOT_NO_LOW_CHANGE_CANDIDATE,,,,,,False,False,False,False,False,23,20,16,153.333,1.912,8.3,1202.79,15.0,8.3,0.0,99.0,100.0,1.0,1.0,0,0,0,0,0,0,0,0,0,0,,,,0.0,-1.0,n/a,71.4,11.4,"flat_tail=8.3d, fcc_changes=23, tail_cyc=0.0, tail_ok[90/80]=0/0, unresp_complete[90/80]=0/0, large_gap[90/80]=0/0 -> FCC still updating / not a no-low-change candidate",,v2.0-final,v2.0-final,v2.0-final,ThinkPad T480s,SMP,01AV479
2026-06-03T16:38:27,FSUN3-PC133Y8H_fsun3,NORMAL_OR_RESPONDING,ACTION_NONE,high,NOT_NO_LOW_CHANGE_CANDIDATE,,,,,,False,False,False,False,False,16,14,11,177.778,4.083,1.0,391.87,9.0,1.0,0.0,17.0,100.0,83.0,0.3552,0,0,0,0,0,0,0,0,0,0,,,,0.0,-1.0,n/a,52.3,5.2,"flat_tail=1.0d, fcc_changes=16, tail_cyc=0.0, tail_ok[90/80]=0/0, unresp_complete[90/80]=0/0, large_gap[90/80]=0/0 -> FCC still updating / not a no-low-change candidate",,v2.0-final,v2.0-final,v2.0-final,ThinkPad T480s,,
2026-06-03T16:38:27,FTEK-PW09S10C_ftek,NORMAL_OR_RESPONDING,ACTION_NONE,high,NOT_NO_LOW_CHANGE_CANDIDATE,,,,,,False,False,False,False,False,35,9,9,120.69,20.393,77.4,171.63,29.0,77.4,0.0,17.0,100.0,83.0,0.2289,0,0,0,0,0,0,0,0,0,0,,,,0.0,-1.0,n/a,67.5,22.9,"flat_tail=77.4d, fcc_changes=35, tail_cyc=0.0, tail_ok[90/80]=0/0, unresp_complete[90/80]=0/0, large_gap[90/80]=0/0 -> FCC still updating / not a no-low-change candidate",,v2.0-final,v2.0-final,v2.0-final,ThinkPad L16 Gen 1,Sunwoda,5B11H56398
2026-06-03T16:38:27,GGILLETT-5D9MVD_ggillett,NORMAL_OR_RESPONDING,ACTION_NONE,high,NOT_NO_LOW_CHANGE_CANDIDATE,,,,,,False,False,False,False,False,136,9,9,105.426,28.572,5.1,475.99,129.0,5.1,0.0,66.0,100.0,34.0,0.6583,0,0,0,0,0,0,0,0,0,0,,,,0.0,-1.0,n/a,64.0,10.8,"flat_tail=5.1d, fcc_changes=136, tail_cyc=0.0, tail_ok[90/80]=0/0, unresp_complete[90/80]=0/0, large_gap[90/80]=0/0 -> FCC still updating / not a no-low-change candidate",,v2.0-final,v2.0-final,v2.0-final,ThinkPad T14 Gen 6,Sunwoda,5B11H56418
2026-06-03T16:38:27,GHIROSE-F453D0C_ghirose,NORMAL_OR_RESPONDING,ACTION_NONE,high,NOT_NO_LOW_CHANGE_CANDIDATE,,,,,,False,False,False,False,False,711,334,197,212.239,88.237,0.7,805.78,335.0,0.7,0.0,72.0,94.0,22.0,0.8253,0,0,0,0,0,0,0,0,0,0,,,,0.0,-1.0,n/a,66.6,10.1,"flat_tail=0.7d, fcc_changes=711, tail_cyc=0.0, tail_ok[90/80]=0/0, unresp_complete[90/80]=0/0, large_gap[90/80]=0/0 -> FCC still updating / not a no-low-change candidate",,v2.0-final,v2.0-final,v2.0-final,ThinkPad T14 Gen 3,SMP,5B10W51861
2026-06-03T16:38:27,GHOOGAR-F3KPQQX_ghoogar,NORMAL_OR_RESPONDING,ACTION_NONE,high,NOT_NO_LOW_CHANGE_CANDIDATE,,,,,,False,False,False,False,False,7,5,5,10.938,1.851,13.1,378.09,64.0,13.1,3.0,3.0,90.0,87.0,0.2448,0,0,0,0,0,0,0,0,0,0,,,,0.0,-1.0,n/a,55.6,12.8,"flat_tail=13.1d, fcc_changes=7, tail_cyc=3.0, tail_ok[90/80]=0/0, unresp_complete[90/80]=0/0, large_gap[90/80]=0/0 -> FCC still updating / not a no-low-change candidate",,v2.0-final,v2.0-final,v2.0-final,ThinkPad X1 Carbon Gen 10,,
2026-06-03T16:38:27,GKONDO-PF4RM5PL_gkondo,REVIEW_INSUFFICIENT_DATA,ACTION_COLLECT_MORE_DATA_OR_MANUAL_REVIEW,review,REVIEW_SHORT_OBS_ACTIVE_LIKE,,,REVIEW_SHORT_OBS_ACTIVE_LIKE,low,観測期間<120日でactive様（flat_tail<60）。経過観察で十分なことが多い。,False,False,False,False,False,43,9,9,89.583,36.41,0.0,118.1,48.0,0.0,0.0,100.0,100.0,0.0,1.0,0,0,0,0,0,0,0,0,0,0,,,,0.0,-1.0,n/a,65.0,5.0,"obs_days=118.1, n_samples=3893, quality=QUALITY_SHORT_OBS -> insufficient/uncertain data",観測期間・サンプル数・カウンタ整合性のいずれかが不足しており信頼できる判定ができません。review_priorityに従い追加データ収集または手動レビューを行ってください。,v2.0-final,v2.0-final,v2.0-final,ThinkPad X1 Carbon Gen 12,SMP,5B11H56383
2026-06-03T16:38:27,GKONDOXPF3TRKJD_gkondo,NORMAL_OR_RESPONDING,ACTION_NONE,high,NOT_NO_LOW_CHANGE_CANDIDATE,,,,,,False,False,False,False,False,44,44,43,10.233,3.621,54.8,1215.17,430.0,54.8,9.0,1.0,100.0,99.0,0.6035,1,5,6,1,4,5,1,1,0,0,0.834,0.0,-1.075,74.6,-1.0,n/a,44.8,55.9,"flat_tail=54.8d, fcc_changes=44, tail_cyc=9.0, tail_ok[90/80]=1/1, unresp_complete[90/80]=1/1, large_gap[90/80]=4/5 -> FCC still updating / not a no-low-change candidate",,v2.0-final,v2.0-final,v2.0-final,ThinkPad X1 Yoga Gen 6,Sunwoda,5B10W13975
2026-06-03T16:38:27,GLANCE_GM4,REVIEW_INSUFFICIENT_DATA,ACTION_COLLECT_MORE_DATA_OR_MANUAL_REVIEW,review,REVIEW_COUNTER_RESET,,,REVIEW_COUNTER_RESET,high,cycleCountが減少（カウンタリセット/パック異常疑い）。生ログ確認が必要。,False,False,False,False,False,564,362,219,313.333,61.733,0.7,913.61,180.0,0.7,0.0,100.0,100.0,0.0,0.9989,0,0,0,0,0,0,0,0,0,0,,,,0.0,-1.0,n/a,60.1,0.1,"obs_days=913.6, n_samples=7953, quality=QUALITY_COUNTER_RESET -> insufficient/uncertain data",観測期間・サンプル数・カウンタ整合性のいずれかが不足しており信頼できる判定ができません。review_priorityに従い追加データ収集または手動レビューを行ってください。,v2.0-final,v2.0-final,v2.0-final,ThinkPad X13s Gen 1,SMP,LNV-5B10W51878
2026-06-03T16:38:27,GLRTEST_s,REVIEW_INSUFFICIENT_DATA,ACTION_COLLECT_MORE_DATA_OR_MANUAL_REVIEW,review,REVIEW_SHORT_OBS_ACTIVE_LIKE,,,REVIEW_SHORT_OBS_ACTIVE_LIKE,low,観測期間<120日でactive様（flat_tail<60）。経過観察で十分なことが多い。,False,False,False,False,False,5,0,0,500.0,21.758,0.1,22.98,1.0,0.1,0.0,99.0,100.0,1.0,1.0,0,0,0,0,0,0,0,0,0,0,,,,0.0,-1.0,n/a,65.0,5.0,"obs_days=23.0, n_samples=513, quality=QUALITY_SHORT_OBS -> insufficient/uncertain data",観測期間・サンプル数・カウンタ整合性のいずれかが不足しており信頼できる判定ができません。review_priorityに従い追加データ収集または手動レビューを行ってください。,v2.0-final,v2.0-final,v2.0-final,ThinkPad T14s Gen 6,SMP,LNV-5B11H56403
2026-06-03T16:38:27,GM201_an1,REVIEW_INSUFFICIENT_DATA,ACTION_COLLECT_MORE_DATA_OR_MANUAL_REVIEW,review,REVIEW_SHORT_OBS_ACTIVE_LIKE,,,REVIEW_SHORT_OBS_ACTIVE_LIKE,low,観測期間<120日でactive様（flat_tail<60）。経過観察で十分なことが多い。,False,False,False,False,False,4,1,1,133.333,17.234,5.1,23.21,3.0,5.1,0.0,20.0,100.0,80.0,0.9033,0,0,0,0,0,0,0,0,0,0,,,,0.0,-1.0,n/a,63.9,5.8,"obs_days=23.2, n_samples=1483, quality=QUALITY_SHORT_OBS -> insufficient/uncertain data",観測期間・サンプル数・カウンタ整合性のいずれかが不足しており信頼できる判定ができません。review_priorityに従い追加データ収集または手動レビューを行ってください。,v2.0-final,v2.0-final,v2.0-final,ThinkPad X1 2-in-1 Gen 11,SMP,5B11M90163
2026-06-03T16:38:27,GMCNEIL-F55JALH_gmcneil,REVIEW_INSUFFICIENT_DATA,ACTION_COLLECT_MORE_DATA_OR_MANUAL_REVIEW,review,REVIEW_SHORT_OBS_ACTIVE_LIKE,,,REVIEW_SHORT_OBS_ACTIVE_LIKE,low,観測期間<120日でactive様（flat_tail<60）。経過観察で十分なことが多い。,False,False,False,False,False,57,19,19,146.154,82.585,0.3,69.02,39.0,0.3,0.0,63.0,100.0,37.0,0.9348,0,0,0,0,0,0,0,0,0,0,,,,0.0,-1.0,n/a,63.7,5.0,"obs_days=69.0, n_samples=2092, quality=QUALITY_SHORT_OBS -> insufficient/uncertain data",観測期間・サンプル数・カウンタ整合性のいずれかが不足しており信頼できる判定ができません。review_priorityに従い追加データ収集または手動レビューを行ってください。,v2.0-final,v2.0-final,v2.0-final,ThinkPad T14s Gen 6,Celxpert,5B11H56406
2026-06-03T16:38:27,GREG-WORK-X13Y_gmcneil,REVIEW_INSUFFICIENT_DATA,ACTION_COLLECT_MORE_DATA_OR_MANUAL_REVIEW,review,REVIEW_COUNTER_RESET,,,REVIEW_COUNTER_RESET,high,cycleCountが減少（カウンタリセット/パック異常疑い）。生ログ確認が必要。,False,False,False,False,False,28,26,26,17.073,5.797,36.4,483.03,164.0,36.4,22.0,3.0,100.0,97.0,0.717,7,4,11,3,4,7,6,3,1,0,5.358,0.0,-3.169,96.0,-1.0,n/a,26.1,60.5,"obs_days=483.0, n_samples=9900, quality=QUALITY_COUNTER_RESET -> insufficient/uncertain data",観測期間・サンプル数・カウンタ整合性のいずれかが不足しており信頼できる判定ができません。review_priorityに従い追加データ収集または手動レビューを行ってください。,v2.0-final,v2.0-final,v2.0-final,ThinkPad X13 Yoga Gen 4,SMP,5B11H56366
2026-06-03T16:38:27,GTORRES3-0ABC7N_gtorres3,NORMAL_OR_RESPONDING,ACTION_NONE,high,NOT_NO_LOW_CHANGE_CANDIDATE,,,,,,False,False,False,False,False,12,9,6,75.0,2.758,4.3,435.13,16.0,4.3,0.0,6.0,22.0,16.0,0.0,0,0,0,0,0,0,0,0,0,0,,,,0.0,-1.0,n/a,65.4,10.7,"flat_tail=4.3d, fcc_changes=12, tail_cyc=0.0, tail_ok[90/80]=0/0, unresp_complete[90/80]=0/0, large_gap[90/80]=0/0 -> FCC still updating / not a no-low-change candidate",,v2.0-final,v2.0-final,v2.0-final,ThinkPad X12 Detachable Gen 2,SMP,5B10Z26480
2026-06-03T16:38:27,GTORRES3-0C7G0F_gtorres3,REVIEW_INSUFFICIENT_DATA,ACTION_COLLECT_MORE_DATA_OR_MANUAL_REVIEW,review,REVIEW_SHORT_OBS_ACTIVE_LIKE,,,REVIEW_SHORT_OBS_ACTIVE_LIKE,low,観測期間<120日でactive様（flat_tail<60）。経過観察で十分なことが多い。,False,False,False,False,False,26,9,9,130.0,29.21,8.0,89.01,20.0,8.0,0.0,8.0,100.0,92.0,0.6073,0,0,0,0,0,0,0,0,0,0,,,,0.0,-1.0,n/a,58.5,6.3,"obs_days=89.0, n_samples=965, quality=QUALITY_SHORT_OBS -> insufficient/uncertain data",観測期間・サンプル数・カウンタ整合性のいずれかが不足しており信頼できる判定ができません。review_priorityに従い追加データ収集または手動レビューを行ってください。,v2.0-final,v2.0-final,v2.0-final,ThinkPad T14s Gen 6,Sunwoda,LNV-5B11H56404
2026-06-03T16:38:27,GTORRES3-5AZJEC_gtorres3,WATCH_LOW_UPDATE_RATE_AMBIGUOUS,ACTION_MONITOR_OR_MANUAL_REVIEW,low,WATCH_POSSIBLE_OPPORTUNITY_WITH_LARGE_GAPS,,WATCH_POSSIBLE_OPPORTUNITY_WITH_LARGE_GAPS,,,,True,False,False,False,True,6,5,3,12.766,1.202,120.0,499.19,47.0,120.0,8.0,1.0,100.0,99.0,0.3118,0,1,1,0,1,1,0,0,0,0,,,,0.0,1.0,MIXED,54.7,26.6,"flat_tail=120.0d, fcc_changes=6, tail_cyc=8.0, tail_ok[90/80]=0/0, unresp_complete[90/80]=0/0, large_gap[90/80]=1/1 -> ambiguous (watch)",FCC更新率は低いが完全凍結ではない/学習機会がlarge-gapまたは打ち切りで確証が弱い/境界的のため、FW確認に回す前にモニタリングまたは手動レビューを推奨します。,v2.0-final,v2.0-final,v2.0-final,ThinkPad X9-15 Gen 1,BYD,L24B4PE2
2026-06-03T16:38:27,GUERRILLAPC-M_GPC-1,REVIEW_INSUFFICIENT_DATA,ACTION_COLLECT_MORE_DATA_OR_MANUAL_REVIEW,review,REVIEW_SHORT_OBS_ACTIVE_LIKE,,,REVIEW_SHORT_OBS_ACTIVE_LIKE,low,観測期間<120日でactive様（flat_tail<60）。経過観察で十分なことが多い。,False,False,False,False,False,0,0,0,0.0,0.0,17.9,17.88,5.0,17.9,5.0,1.0,100.0,99.0,0.3525,0,2,2,0,0,0,0,0,0,0,,,,0.0,-1.0,n/a,35.9,9.0,"obs_days=17.9, n_samples=391, quality=QUALITY_SHORT_OBS -> insufficient/uncertain data",観測期間・サンプル数・カウンタ整合性のいずれかが不足しており信頼できる判定ができません。review_priorityに従い追加データ収集または手動レビューを行ってください。,v2.0-final,v2.0-final,v2.0-final,ThinkPad L16 Gen 1,Sunwoda,5B11H56397
2026-06-03T16:38:27,HAOJING6-501MPD_haojing6,NORMAL_OR_RESPONDING,ACTION_NONE,high,NOT_NO_LOW_CHANGE_CANDIDATE,,,,,,False,False,False,False,False,89,33,32,150.847,22.202,0.0,400.86,59.0,0.0,0.0,99.0,100.0,1.0,1.0,0,0,0,0,0,0,0,0,0,0,,,,0.0,-1.0,n/a,70.0,10.0,"flat_tail=0.0d, fcc_changes=89, tail_cyc=0.0, tail_ok[90/80]=0/0, unresp_complete[90/80]=0/0, large_gap[90/80]=0/0 -> FCC still updating / not a no-low-change candidate",,v2.0-final,v2.0-final,v2.0-final,ThinkPad T14s Gen 6,SMP,5B11H56407
2026-06-03T16:38:27,HARDBAR-F4VMMMN_hardbar,NORMAL_OR_RESPONDING,ACTION_NONE,high,NOT_NO_LOW_CHANGE_CANDIDATE,,,,,,False,False,False,False,False,37,7,7,108.824,12.65,110.5,292.5,34.0,110.5,0.0,21.0,100.0,79.0,0.3754,0,0,0,0,0,0,0,0,0,0,,,,0.0,-1.0,n/a,75.9,28.4,"flat_tail=110.5d, fcc_changes=37, tail_cyc=0.0, tail_ok[90/80]=0/0, unresp_complete[90/80]=0/0, large_gap[90/80]=0/0 -> FCC still updating / not a no-low-change candidate",,v2.0-final,v2.0-final,v2.0-final,ThinkPad T14 Gen 5,Sunwoda,5B11H56418
2026-06-03T16:38:27,HARRLIXPF4PFNTC_harrli,REVIEW_INSUFFICIENT_DATA,ACTION_COLLECT_MORE_DATA_OR_MANUAL_REVIEW,review,REVIEW_SHORT_OBS_ACTIVE_LIKE,,,REVIEW_SHORT_OBS_ACTIVE_LIKE,low,観測期間<120日でactive様（flat_tail<60）。経過観察で十分なことが多い。,False,False,False,False,False,9,6,6,20.93,21.312,14.3,42.23,43.0,14.3,15.0,4.0,100.0,96.0,0.6841,4,6,10,2,3,5,4,2,0,0,7.456,0.0,-7.058,99.9,-1.0,n/a,30.5,60.4,"obs_days=42.2, n_samples=1000, quality=QUALITY_SHORT_OBS -> insufficient/uncertain data",観測期間・サンプル数・カウンタ整合性のいずれかが不足しており信頼できる判定ができません。review_priorityに従い追加データ収集または手動レビューを行ってください。,v2.0-final,v2.0-final,v2.0-final,ThinkPad X1 Carbon Gen 11,SMP,5B10W13973
2026-06-03T16:38:27,HARSHADA-X1CG12_hghodke,NORMAL_OR_RESPONDING,ACTION_NONE,high,NOT_NO_LOW_CHANGE_CANDIDATE,,,,,,False,False,False,False,False,114,29,28,115.152,18.213,0.5,625.93,99.0,0.5,0.0,98.0,99.0,1.0,1.0,0,0,0,0,0,0,0,0,0,0,,,,0.0,-1.0,n/a,70.1,10.1,"flat_tail=0.5d, fcc_changes=114, tail_cyc=0.0, tail_ok[90/80]=0/0, unresp_complete[90/80]=0/0, large_gap[90/80]=0/0 -> FCC still updating / not a no-low-change candidate",,v2.0-final,v2.0-final,v2.0-final,ThinkPad X1 Carbon Gen 12,Celxpert,5B11H56384
2026-06-03T16:38:27,HBOUHYA-F5GLH13_hbouhya,NORMAL_OR_RESPONDING,ACTION_NONE,high,NOT_NO_LOW_CHANGE_CANDIDATE,,,,,,False,False,False,False,False,22,3,3,115.789,13.663,12.2,161.02,19.0,12.2,0.0,63.0,100.0,37.0,0.8624,0,0,0,0,0,0,0,0,0,0,,,,0.0,-1.0,n/a,69.3,12.0,"flat_tail=12.2d, fcc_changes=22, tail_cyc=0.0, tail_ok[90/80]=0/0, unresp_complete[90/80]=0/0, large_gap[90/80]=0/0 -> FCC still updating / not a no-low-change candidate",,v2.0-final,v2.0-final,v2.0-final,ThinkPad X13 Gen 6,SMP,5B11M90123
2026-06-03T16:38:27,HBOUHYA-F62XRZ6_hbouhya,REVIEW_INSUFFICIENT_DATA,ACTION_COLLECT_MORE_DATA_OR_MANUAL_REVIEW,review,REVIEW_SHORT_OBS_ACTIVE_LIKE,,,REVIEW_SHORT_OBS_ACTIVE_LIKE,low,観測期間<120日でactive様（flat_tail<60）。経過観察で十分なことが多い。,False,False,False,False,False,8,3,3,133.333,14.826,0.2,53.96,6.0,0.2,0.0,56.0,100.0,44.0,1.0,0,0,0,0,0,0,0,0,0,0,,,,0.0,-1.0,n/a,65.0,5.0,"obs_days=54.0, n_samples=868, quality=QUALITY_SHORT_OBS -> insufficient/uncertain data",観測期間・サンプル数・カウンタ整合性のいずれかが不足しており信頼できる判定ができません。review_priorityに従い追加データ収集または手動レビューを行ってください。,v2.0-final,v2.0-final,v2.0-final,ThinkPad T16 Gen 5,BYD,5B11M90170
2026-06-03T16:38:27,HDIZ1PF59HFLQ_hdiz,NORMAL_OR_RESPONDING,ACTION_NONE,high,NOT_NO_LOW_CHANGE_CANDIDATE,,,,,,False,False,False,False,False,195,59,38,79.268,51.591,0.0,377.97,246.0,0.0,0.0,100.0,100.0,0.0,1.0,0,0,0,0,0,0,0,0,0,0,,,,0.0,-1.0,n/a,70.0,10.0,"flat_tail=0.0d, fcc_changes=195, tail_cyc=0.0, tail_ok[90/80]=0/0, unresp_complete[90/80]=0/0, large_gap[90/80]=0/0 -> FCC still updating / not a no-low-change candidate",,v2.0-final,v2.0-final,v2.0-final,ThinkPad X1 2-in-1 Gen 10,SMP,5B11M90097
2026-06-03T16:38:27,HELS-PW0C7G11_Lanshan,REVIEW_INSUFFICIENT_DATA,ACTION_COLLECT_MORE_DATA_OR_MANUAL_REVIEW,review,REVIEW_SHORT_OBS_ACTIVE_LIKE,,,REVIEW_SHORT_OBS_ACTIVE_LIKE,low,観測期間<120日でactive様（flat_tail<60）。経過観察で十分なことが多い。,False,False,False,False,False,5,0,0,50.0,14.384,1.9,34.76,10.0,1.9,0.0,81.0,100.0,19.0,0.6046,0,0,0,0,0,0,0,0,0,0,,,,0.0,-1.0,n/a,59.0,5.3,"obs_days=34.8, n_samples=493, quality=QUALITY_SHORT_OBS -> insufficient/uncertain data",観測期間・サンプル数・カウンタ整合性のいずれかが不足しており信頼できる判定ができません。review_priorityに従い追加データ収集または手動レビューを行ってください。,v2.0-final,v2.0-final,v2.0-final,ThinkPad T14s Gen 6,Sunwoda,LNV-5B11H56404
2026-06-03T16:38:27,HHUDELSON-B0WN2_hhudelson,NORMAL_OR_RESPONDING,ACTION_NONE,high,NOT_NO_LOW_CHANGE_CANDIDATE,,,,,,False,False,False,False,False,154,49,49,143.925,20.37,3.3,756.01,107.0,3.3,0.0,56.0,100.0,44.0,0.7353,0,0,0,0,0,0,0,0,0,0,,,,0.0,-1.0,n/a,65.3,10.6,"flat_tail=3.3d, fcc_changes=154, tail_cyc=0.0, tail_ok[90/80]=0/0, unresp_complete[90/80]=0/0, large_gap[90/80]=0/0 -> FCC still updating / not a no-low-change candidate",,v2.0-final,v2.0-final,v2.0-final,ThinkPad P1 Gen 7,Celxpert,5B11M37552
2026-06-03T16:38:27,HIDEKIK-F3T9NA0_hidekik,WATCH_LOW_UPDATE_RATE_AMBIGUOUS,ACTION_MONITOR_OR_MANUAL_REVIEW,low,WATCH_ACTIVE_LOW_CADENCE,,WATCH_ACTIVE_LOW_CADENCE,,,,True,False,False,True,True,4,4,4,2.92,0.727,50.2,550.01,137.0,50.2,16.0,15.0,100.0,85.0,0.6866,0,0,0,0,0,0,0,0,0,0,,,,0.0,1.0,MIXED,64.1,21.6,"flat_tail=50.2d, fcc_changes=4, tail_cyc=16.0, tail_ok[90/80]=0/0, unresp_complete[90/80]=0/0, large_gap[90/80]=0/0 -> ambiguous (watch)",FCC更新率は低いが完全凍結ではない/学習機会がlarge-gapまたは打ち切りで確証が弱い/境界的のため、FW確認に回す前にモニタリングまたは手動レビューを推奨します。,v2.0-final,v2.0-final,v2.0-final,ThinkPad X1 Carbon Gen 9,SMP,5B10W13973
2026-06-03T16:38:27,HIKAWA-PF38LTK0_hikawa,NORMAL_OR_RESPONDING,ACTION_NONE,high,NOT_NO_LOW_CHANGE_CANDIDATE,,,,,,False,False,False,False,False,36,27,21,58.065,3.258,89.7,1104.99,62.0,89.7,3.0,32.0,100.0,68.0,0.9221,0,0,0,0,0,0,0,0,0,0,,,,0.0,-1.0,n/a,81.9,25.6,"flat_tail=89.7d, fcc_changes=36, tail_cyc=3.0, tail_ok[90/80]=0/0, unresp_complete[90/80]=0/0, large_gap[90/80]=0/0 -> FCC still updating / not a no-low-change candidate",,v2.0-final,v2.0-final,v2.0-final,ThinkPad X1 Yoga Gen 6,Celxpert,5B10W13974
2026-06-03T16:38:27,HIKAWAXPF3Z84A1_hikawa,WATCH_LOW_UPDATE_RATE_AMBIGUOUS,ACTION_MONITOR_OR_MANUAL_REVIEW,low,WATCH_POSSIBLE_OPPORTUNITY_WITH_LARGE_GAPS,,WATCH_POSSIBLE_OPPORTUNITY_WITH_LARGE_GAPS,,,,True,False,True,True,True,8,7,7,3.187,0.668,799.7,1198.11,251.0,799.7,100.0,0.0,100.0,100.0,0.8136,0,10,10,0,3,3,0,0,0,0,,,,0.0,1.0,MIXED,58.5,50.0,"flat_tail=799.7d, fcc_changes=8, tail_cyc=100.0, tail_ok[90/80]=0/0, unresp_complete[90/80]=0/0, large_gap[90/80]=3/10 -> ambiguous (watch)",FCC更新率は低いが完全凍結ではない/学習機会がlarge-gapまたは打ち切りで確証が弱い/境界的のため、FW確認に回す前にモニタリングまたは手動レビューを推奨します。,v2.0-final,v2.0-final,v2.0-final,ThinkPad X1 Carbon Gen 10,SMP,5B11M90056
2026-06-03T16:38:27,HIROSE-PF4AKXKG_hirose,WATCH_LOW_UPDATE_RATE_AMBIGUOUS,ACTION_MONITOR_OR_MANUAL_REVIEW,low,WATCH_ACTIVE_LOW_CADENCE,,WATCH_ACTIVE_LOW_CADENCE,,,,True,False,False,False,True,1,1,1,14.286,0.356,6.8,280.8,7.0,6.8,1.0,90.0,100.0,10.0,0.6947,0,0,0,0,0,0,0,0,0,0,,,,0.0,0.0,AC_BOUND+SHALLOW_RANGE+LOW_CYCLING,67.3,11.3,"flat_tail=6.8d, fcc_changes=1, tail_cyc=1.0, tail_ok[90/80]=0/0, unresp_complete[90/80]=0/0, large_gap[90/80]=0/0 -> ambiguous (watch)",FCC更新率は低いが完全凍結ではない/学習機会がlarge-gapまたは打ち切りで確証が弱い/境界的のため、FW確認に回す前にモニタリングまたは手動レビューを推奨します。,v2.0-final,v2.0-final,v2.0-final,ThinkPad Z16 Gen 2,SMP,5B10W51887
2026-06-03T16:38:27,HMORI-PF49QH1A_HMORI,NORMAL_OR_RESPONDING,ACTION_NONE,high,NOT_NO_LOW_CHANGE_CANDIDATE,,,,,,False,False,False,False,False,1010,622,430,332.237,148.58,0.0,679.77,304.0,0.0,0.0,42.0,42.0,0.0,,0,0,0,0,0,0,0,0,0,0,,,,0.0,-1.0,n/a,70.0,10.0,"flat_tail=0.0d, fcc_changes=1010, tail_cyc=0.0, tail_ok[90/80]=0/0, unresp_complete[90/80]=0/0, large_gap[90/80]=0/0 -> FCC still updating / not a no-low-change candidate",,v2.0-final,v2.0-final,v2.0-final,ThinkPad X1 Carbon Gen 10,,
2026-06-03T16:38:27,HNAKA-PF43B9PV_hnaka,NORMAL_OR_RESPONDING,ACTION_NONE,high,NOT_NO_LOW_CHANGE_CANDIDATE,,,,,,False,False,False,False,False,22,12,11,7.19,2.77,34.4,794.3,306.0,34.4,4.0,4.0,100.0,96.0,0.8964,0,0,0,0,0,0,0,0,0,0,,,,0.0,-1.0,n/a,71.7,16.5,"flat_tail=34.4d, fcc_changes=22, tail_cyc=4.0, tail_ok[90/80]=0/0, unresp_complete[90/80]=0/0, large_gap[90/80]=0/0 -> FCC still updating / not a no-low-change candidate",,v2.0-final,v2.0-final,v2.0-final,ThinkPad X1 Yoga Gen 7,SMP,5B11M90056
2026-06-03T16:38:27,HSUMI-GM132TGM_hsumi,NORMAL_OR_RESPONDING,ACTION_NONE,high,NOT_NO_LOW_CHANGE_CANDIDATE,,,,,,False,False,False,False,False,47,8,8,117.5,18.209,2.1,258.12,40.0,2.1,0.0,67.0,100.0,33.0,0.7198,0,0,0,0,0,0,0,0,0,0,,,,0.0,-1.0,n/a,64.7,10.3,"flat_tail=2.1d, fcc_changes=47, tail_cyc=0.0, tail_ok[90/80]=0/0, unresp_complete[90/80]=0/0, large_gap[90/80]=0/0 -> FCC still updating / not a no-low-change candidate",,v2.0-final,v2.0-final,v2.0-final,ThinkPad T14s Gen 6,Celxpert,5B11H56406
2026-06-03T16:38:27,HSUMIXPF3MN51B_Hiroyuki_Sumi,NORMAL_OR_RESPONDING,ACTION_NONE,high,NOT_NO_LOW_CHANGE_CANDIDATE,,,,,,False,False,False,False,False,391,245,166,257.237,43.122,0.0,906.74,152.0,0.0,0.0,8.0,8.0,0.0,1.0,0,0,0,0,0,0,0,0,0,0,,,,0.0,-1.0,n/a,70.0,10.0,"flat_tail=0.0d, fcc_changes=391, tail_cyc=0.0, tail_ok[90/80]=0/0, unresp_complete[90/80]=0/0, large_gap[90/80]=0/0 -> FCC still updating / not a no-low-change candidate",,v2.0-final,v2.0-final,v2.0-final,ThinkPad X1 Carbon Gen 10,Celxpert,5B10W13974
2026-06-03T16:38:27,HSUMIXPF3T9QH8_hsumi,WATCH_LOW_UPDATE_RATE_AMBIGUOUS,ACTION_MONITOR_OR_MANUAL_REVIEW,low,WATCH_POSSIBLE_OPPORTUNITY_WITH_LARGE_GAPS,,WATCH_POSSIBLE_OPPORTUNITY_WITH_LARGE_GAPS,,,,True,False,True,False,False,11,7,7,23.913,1.521,209.0,723.39,46.0,209.0,10.0,1.0,100.0,99.0,0.5021,0,2,2,0,1,1,0,0,0,0,,,,0.0,1.0,MIXED,63.4,37.0,"flat_tail=209.0d, fcc_changes=11, tail_cyc=10.0, tail_ok[90/80]=0/0, unresp_complete[90/80]=0/0, large_gap[90/80]=1/2 -> ambiguous (watch)",FCC更新率は低いが完全凍結ではない/学習機会がlarge-gapまたは打ち切りで確証が弱い/境界的のため、FW確認に回す前にモニタリングまたは手動レビューを推奨します。,v2.0-final,v2.0-final,v2.0-final,ThinkPad X1 Carbon Gen 9,SMP,5B10W13973
2026-06-03T16:38:27,HWPA-NL1-SKU8-S_HWPA,REVIEW_INSUFFICIENT_DATA,ACTION_COLLECT_MORE_DATA_OR_MANUAL_REVIEW,review,REVIEW_COUNTER_RESET,,,REVIEW_COUNTER_RESET,high,cycleCountが減少（カウンタリセット/パック異常疑い）。生ログ確認が必要。,False,False,False,False,False,4,2,2,80.0,3.551,0.0,112.64,5.0,0.0,0.0,100.0,100.0,0.0,,0,0,0,0,0,0,0,0,0,0,,,,0.0,-1.0,n/a,60.0,0.0,"obs_days=112.6, n_samples=376, quality=QUALITY_COUNTER_RESET -> insufficient/uncertain data",観測期間・サンプル数・カウンタ整合性のいずれかが不足しており信頼できる判定ができません。review_priorityに従い追加データ収集または手動レビューを行ってください。,v2.0-final,v2.0-final,v2.0-final,ThinkPad X1 2-in-1 Gen 11,COSMX,5B11M90162
2026-06-03T16:38:27,HWPA-SKU2-03_YSKOBA,REVIEW_INSUFFICIENT_DATA,ACTION_COLLECT_MORE_DATA_OR_MANUAL_REVIEW,review,REVIEW_SHORT_OBS_ACTIVE_LIKE,,,REVIEW_SHORT_OBS_ACTIVE_LIKE,low,観測期間<120日でactive様（flat_tail<60）。経過観察で十分なことが多い。,False,False,False,False,False,2,0,0,100.0,3.652,1.9,54.76,2.0,1.9,0.0,100.0,100.0,0.0,1.0,0,0,0,0,0,0,0,0,0,0,,,,0.0,-1.0,n/a,65.3,5.3,"obs_days=54.8, n_samples=668, quality=QUALITY_SHORT_OBS -> insufficient/uncertain data",観測期間・サンプル数・カウンタ整合性のいずれかが不足しており信頼できる判定ができません。review_priorityに従い追加データ収集または手動レビューを行ってください。,v2.0-final,v2.0-final,v2.0-final,ThinkPad X1 Carbon Gen 12,Celxpert,5B11H56384
2026-06-03T16:38:27,HWPA-TH1-SKU1B-_TEST,REVIEW_INSUFFICIENT_DATA,ACTION_COLLECT_MORE_DATA_OR_MANUAL_REVIEW,review,REVIEW_SHORT_OBS_ACTIVE_LIKE,,,REVIEW_SHORT_OBS_ACTIVE_LIKE,low,観測期間<120日でactive様（flat_tail<60）。経過観察で十分なことが多い。,False,False,False,False,False,1,0,0,100.0,7.128,6.7,14.03,1.0,6.7,0.0,51.0,100.0,49.0,0.8697,0,0,0,0,0,0,0,0,0,0,,,,0.0,-1.0,n/a,63.5,6.1,"obs_days=14.0, n_samples=2534, quality=QUALITY_SHORT_OBS -> insufficient/uncertain data",観測期間・サンプル数・カウンタ整合性のいずれかが不足しており信頼できる判定ができません。review_priorityに従い追加データ収集または手動レビューを行ってください。,v2.0-final,v2.0-final,v2.0-final,ThinkPad X1 Carbon Gen 12,Sunwoda,5B11H56385
2026-06-03T16:38:27,HYKW_X1CG11,NORMAL_OR_RESPONDING,ACTION_NONE,high,NOT_NO_LOW_CHANGE_CANDIDATE,,,,,,False,False,False,False,False,7,1,1,116.667,4.235,0.0,165.29,6.0,0.0,0.0,100.0,100.0,0.0,,0,0,0,0,0,0,0,0,0,0,,,,0.0,-1.0,n/a,70.0,10.0,"flat_tail=0.0d, fcc_changes=7, tail_cyc=0.0, tail_ok[90/80]=0/0, unresp_complete[90/80]=0/0, large_gap[90/80]=0/0 -> FCC still updating / not a no-low-change candidate",,v2.0-final,v2.0-final,v2.0-final,ThinkPad X1 Carbon Gen 12,Celxpert,5B11H56384
2026-06-03T16:38:27,HZHANG16-5GLDJK_hzhang16,NORMAL_OR_RESPONDING,ACTION_NONE,high,NOT_NO_LOW_CHANGE_CANDIDATE,,,,,,False,False,False,False,False,24,4,4,120.0,6.593,33.1,364.02,20.0,33.1,0.0,94.0,100.0,6.0,1.0,0,0,0,0,0,0,0,0,0,0,,,,0.0,-1.0,n/a,75.5,15.5,"flat_tail=33.1d, fcc_changes=24, tail_cyc=0.0, tail_ok[90/80]=0/0, unresp_complete[90/80]=0/0, large_gap[90/80]=0/0 -> FCC still updating / not a no-low-change candidate",,v2.0-final,v2.0-final,v2.0-final,ThinkPad X13 Gen 6,SMP,5B11M90123
2026-06-03T16:38:27,ICA_USER,NORMAL_OR_RESPONDING,ACTION_NONE,high,NOT_NO_LOW_CHANGE_CANDIDATE,,,,,,False,False,False,False,False,5,3,3,20.0,1.581,77.0,316.2,25.0,77.0,4.0,2.0,100.0,98.0,0.2865,0,2,2,0,1,1,0,0,0,0,,,,0.0,-1.0,n/a,49.9,23.6,"flat_tail=77.0d, fcc_changes=5, tail_cyc=4.0, tail_ok[90/80]=0/0, unresp_complete[90/80]=0/0, large_gap[90/80]=1/2 -> FCC still updating / not a no-low-change candidate",,v2.0-final,v2.0-final,v2.0-final,ThinkPad T14s Gen 3,SMP,5B10W51875
2026-06-03T16:38:27,IMANARANG1-3A19_imanarang1,REVIEW_INSUFFICIENT_DATA,ACTION_COLLECT_MORE_DATA_OR_MANUAL_REVIEW,review,REVIEW_COUNTER_RESET,,,REVIEW_COUNTER_RESET,high,cycleCountが減少（カウンタリセット/パック異常疑い）。生ログ確認が必要。,True,False,True,True,True,2,2,1,0.524,0.217,716.7,923.65,382.0,716.7,223.0,2.0,100.0,98.0,0.8043,4,50,54,0,22,22,4,0,0,0,1.872,0.0,-2.084,88.9,-1.0,n/a,46.5,84.0,"obs_days=923.6, n_samples=12732, quality=QUALITY_COUNTER_RESET -> insufficient/uncertain data",観測期間・サンプル数・カウンタ整合性のいずれかが不足しており信頼できる判定ができません。review_priorityに従い追加データ収集または手動レビューを行ってください。,v2.0-final,v2.0-final,v2.0-final,ThinkPad T14 Gen 3,Celxpert,5B10W51862
2026-06-03T16:38:27,IMIHO-PF2SCRY9_imiho,WATCH_LOW_UPDATE_RATE_AMBIGUOUS,ACTION_MONITOR_OR_MANUAL_REVIEW,low,WATCH_POSSIBLE_OPPORTUNITY_WITH_LARGE_GAPS,,WATCH_POSSIBLE_OPPORTUNITY_WITH_LARGE_GAPS,,,,True,True,True,True,True,0,0,0,0.0,0.0,604.3,604.27,159.0,604.3,159.0,1.0,100.0,99.0,0.8381,0,7,7,0,3,3,0,0,0,0,,,,0.0,1.0,MIXED,59.9,50.0,"flat_tail=604.3d, fcc_changes=0, tail_cyc=159.0, tail_ok[90/80]=0/0, unresp_complete[90/80]=0/0, large_gap[90/80]=3/7 -> ambiguous (watch)",FCC更新率は低いが完全凍結ではない/学習機会がlarge-gapまたは打ち切りで確証が弱い/境界的のため、FW確認に回す前にモニタリングまたは手動レビューを推奨します。,v2.0-final,v2.0-final,v2.0-final,ThinkPad T14 Gen 1,LG,5B10W139
2026-06-03T16:38:27,IYOSHIMITSU-VKS_iyoshimitsu,WATCH_LOW_UPDATE_RATE_AMBIGUOUS,ACTION_MONITOR_OR_MANUAL_REVIEW,low,WATCH_POSSIBLE_OPPORTUNITY_WITH_LARGE_GAPS,,WATCH_POSSIBLE_OPPORTUNITY_WITH_LARGE_GAPS,,,,True,False,True,True,True,2,2,2,1.325,0.184,495.8,1085.72,151.0,495.8,65.0,0.0,100.0,100.0,0.855,0,22,22,0,8,8,0,0,0,0,,,,0.0,1.0,MIXED,58.2,50.0,"flat_tail=495.8d, fcc_changes=2, tail_cyc=65.0, tail_ok[90/80]=0/0, unresp_complete[90/80]=0/0, large_gap[90/80]=8/22 -> ambiguous (watch)",FCC更新率は低いが完全凍結ではない/学習機会がlarge-gapまたは打ち切りで確証が弱い/境界的のため、FW確認に回す前にモニタリングまたは手動レビューを推奨します。,v2.0-final,v2.0-final,v2.0-final,ThinkPad T14 Gen 3,LG,5B10W51860
2026-06-03T16:38:27,JACKX1_jkleissler,NORMAL_OR_RESPONDING,ACTION_NONE,high,NOT_NO_LOW_CHANGE_CANDIDATE,,,,,,False,False,False,False,False,138,15,15,105.344,31.797,7.2,434.0,131.0,7.2,0.0,67.0,100.0,33.0,0.8232,0,0,0,0,0,0,0,0,0,0,,,,0.0,-1.0,n/a,67.7,11.2,"flat_tail=7.2d, fcc_changes=138, tail_cyc=0.0, tail_ok[90/80]=0/0, unresp_complete[90/80]=0/0, large_gap[90/80]=0/0 -> FCC still updating / not a no-low-change candidate",,v2.0-final,v2.0-final,v2.0-final,ThinkPad X1 Carbon Gen 13,BYD,5B11M90100
2026-06-03T16:38:27,JAGUAR3_SVT,REVIEW_INSUFFICIENT_DATA,ACTION_COLLECT_MORE_DATA_OR_MANUAL_REVIEW,review,REVIEW_COUNTER_RESET,,,REVIEW_COUNTER_RESET,high,cycleCountが減少（カウンタリセット/パック異常疑い）。生ログ確認が必要。,True,False,False,False,True,1,0,0,3.704,0.369,76.2,271.33,27.0,76.2,5.0,5.0,100.0,95.0,0.4207,0,0,0,0,0,0,0,0,0,0,,,,0.0,-1.0,n/a,58.6,13.7,"obs_days=271.3, n_samples=2164, quality=QUALITY_COUNTER_RESET -> insufficient/uncertain data",観測期間・サンプル数・カウンタ整合性のいずれかが不足しており信頼できる判定ができません。review_priorityに従い追加データ収集または手動レビューを行ってください。,v2.0-final,v2.0-final,v2.0-final,ThinkPad X1 Yoga Gen 8,SMP,5B10W13973
2026-06-03T16:38:27,JANUMOLU-0A203W_janumolu,ACTIONABLE_FW_CHECK_OPPORTUNITY_NO_RESPONSE,ACTION_FW_CHECK,medium,FW_MEDIUM_UNRESPONDED_COMPLETE_WINDOWS,LOW_UPDATE_RATE_WITH_OPPORTUNITIES,,,,,True,False,True,True,True,1,1,1,1.053,0.438,213.4,228.4,95.0,213.4,85.0,1.0,100.0,99.0,0.3677,2,18,20,0,10,10,2,0,0,0,1.158,0.0,-1.411,80.4,1.0,MIXED,48.5,82.0,"flat_tail=213.4d, fcc_changes=1, tail_cyc=85.0, tail_ok[90/80]=0/2, unresp_complete[90/80]=0/2, large_gap[90/80]=10/18 -> complete-window opportunities present but FCC did not respond",FCC/SoHが長期間更新されておらず、ログ上は深い放電→再充電の学習機会（完全窓・OK品質）が複数回確認されるのにFCCが応答していません。BIOS/EC/バッテリー関連FWのVersion確認とアップデート有無確認を優先してください。アップデート後、次回の学習機会後72h〜7日間でFCC更新有無を確認してください。,v2.0-final,v2.0-final,v2.0-final,ThinkPad L13 2-in-1 Gen 5,LG,5B11H56426
2026-06-03T16:38:27,JBARRETT-4SA7XV_jbarrett,NORMAL_OR_RESPONDING,ACTION_NONE,high,NOT_NO_LOW_CHANGE_CANDIDATE,,,,,,False,False,False,False,False,163,40,39,122.556,31.46,0.1,518.12,133.0,0.1,0.0,69.0,100.0,31.0,1.0,0,0,0,0,0,0,0,0,0,0,,,,0.0,-1.0,n/a,70.0,10.0,"flat_tail=0.1d, fcc_changes=163, tail_cyc=0.0, tail_ok[90/80]=0/0, unresp_complete[90/80]=0/0, large_gap[90/80]=0/0 -> FCC still updating / not a no-low-change candidate",,v2.0-final,v2.0-final,v2.0-final,ThinkPad X13 Gen 5,BYD,5B11M90051
2026-06-03T16:38:27,JBOWEN2-F62KRD0_jbowen2,NORMAL_OR_RESPONDING,ACTION_NONE,high,NOT_NO_LOW_CHANGE_CANDIDATE,,,,,,False,False,False,False,False,38,5,5,97.436,30.608,3.2,124.15,39.0,3.2,0.0,72.0,100.0,28.0,0.9463,0,0,0,0,0,0,0,0,0,0,,,,0.0,-1.0,n/a,69.5,10.5,"flat_tail=3.2d, fcc_changes=38, tail_cyc=0.0, tail_ok[90/80]=0/0, unresp_complete[90/80]=0/0, large_gap[90/80]=0/0 -> FCC still updating / not a no-low-change candidate",,v2.0-final,v2.0-final,v2.0-final,ThinkPad T16 Gen 5,COSMX,5B11M90167
2026-06-03T16:38:27,JBRUNDIDGE-EPQ0_jbrundidge,NORMAL_OR_RESPONDING,ACTION_NONE,high,NOT_NO_LOW_CHANGE_CANDIDATE,,,,,,False,False,False,False,False,15,5,5,125.0,5.952,13.8,252.01,12.0,13.8,0.0,81.0,100.0,19.0,0.9535,0,0,0,0,0,0,0,0,0,0,,,,0.0,-1.0,n/a,71.4,12.3,"flat_tail=13.8d, fcc_changes=15, tail_cyc=0.0, tail_ok[90/80]=0/0, unresp_complete[90/80]=0/0, large_gap[90/80]=0/0 -> FCC still updating / not a no-low-change candidate",,v2.0-final,v2.0-final,v2.0-final,ThinkPad P14s Gen 6,Sunwoda,5B11M90121
2026-06-03T16:38:27,JCAMARADOR-4NYS_jcamarador,NORMAL_OR_RESPONDING,ACTION_NONE,high,NOT_NO_LOW_CHANGE_CANDIDATE,,,,,,False,False,False,False,False,218,144,115,137.107,22.741,51.0,958.64,159.0,51.0,3.0,53.0,100.0,47.0,0.9621,0,0,0,0,0,0,0,0,0,0,,,,0.0,-1.0,n/a,76.2,19.1,"flat_tail=51.0d, fcc_changes=218, tail_cyc=3.0, tail_ok[90/80]=0/0, unresp_complete[90/80]=0/0, large_gap[90/80]=0/0 -> FCC still updating / not a no-low-change candidate",,v2.0-final,v2.0-final,v2.0-final,ThinkPad T14 Gen 2a,Celxpert,5B10W51829
2026-06-03T16:38:27,JCOMBS-PF5BRRYC_jcombs,NORMAL_OR_RESPONDING,ACTION_NONE,high,NOT_NO_LOW_CHANGE_CANDIDATE,,,,,,False,False,False,False,False,89,31,30,139.062,21.868,16.8,406.98,64.0,16.8,0.0,2.0,100.0,98.0,0.1394,0,0,0,0,0,0,0,0,0,0,,,,0.0,-1.0,n/a,55.6,12.8,"flat_tail=16.8d, fcc_changes=89, tail_cyc=0.0, tail_ok[90/80]=0/0, unresp_complete[90/80]=0/0, large_gap[90/80]=0/0 -> FCC still updating / not a no-low-change candidate",,v2.0-final,v2.0-final,v2.0-final,ThinkPad X1 Carbon Gen 13,Sunwoda,5B11M90099
2026-06-03T16:38:27,JCOMBS-PF5PEZSE_jcombs,NORMAL_OR_RESPONDING,ACTION_NONE,high,NOT_NO_LOW_CHANGE_CANDIDATE,,,,,,False,False,False,False,False,95,29,28,128.378,39.913,6.9,238.02,74.0,6.9,0.0,82.0,100.0,18.0,0.7635,0,0,0,0,0,0,0,0,0,0,,,,0.0,-1.0,n/a,66.4,11.2,"flat_tail=6.9d, fcc_changes=95, tail_cyc=0.0, tail_ok[90/80]=0/0, unresp_complete[90/80]=0/0, large_gap[90/80]=0/0 -> FCC still updating / not a no-low-change candidate",,v2.0-final,v2.0-final,v2.0-final,ThinkPad P16v Gen 3,COSMX,5B11M90137
2026-06-03T16:38:27,JCOYNE_jcoyne,NORMAL_OR_RESPONDING,ACTION_NONE,high,NOT_NO_LOW_CHANGE_CANDIDATE,,,,,,False,False,False,False,False,11,1,1,100.0,5.792,0.0,189.91,11.0,0.0,0.0,57.0,62.0,5.0,1.0,0,0,0,0,0,0,0,0,0,0,,,,0.0,-1.0,n/a,70.0,10.0,"flat_tail=0.0d, fcc_changes=11, tail_cyc=0.0, tail_ok[90/80]=0/0, unresp_complete[90/80]=0/0, large_gap[90/80]=0/0 -> FCC still updating / not a no-low-change candidate",,v2.0-final,v2.0-final,v2.0-final,ThinkPad T14 Gen 5,Celxpert,5B11H56416
2026-06-03T16:38:27,JDASILVA-4QWMA3_jdasilva,REVIEW_INSUFFICIENT_DATA,ACTION_COLLECT_MORE_DATA_OR_MANUAL_REVIEW,review,REVIEW_SHORT_OBS_ACTIVE_LIKE,,,REVIEW_SHORT_OBS_ACTIVE_LIKE,low,観測期間<120日でactive様（flat_tail<60）。経過観察で十分なことが多い。,False,False,False,False,False,33,4,4,110.0,29.467,4.0,111.99,30.0,4.0,0.0,77.0,100.0,23.0,0.9395,0,0,0,0,0,0,0,0,0,0,,,,0.0,-1.0,n/a,64.5,5.7,"obs_days=112.0, n_samples=1581, quality=QUALITY_SHORT_OBS -> insufficient/uncertain data",観測期間・サンプル数・カウンタ整合性のいずれかが不足しており信頼できる判定ができません。review_priorityに従い追加データ収集または手動レビューを行ってください。,v2.0-final,v2.0-final,v2.0-final,ThinkPad T14s Gen 5,SMP,5B11H56407
2026-06-03T16:38:27,JEFFREYX9-14_jeffreyf1,REVIEW_INSUFFICIENT_DATA,ACTION_COLLECT_MORE_DATA_OR_MANUAL_REVIEW,review,REVIEW_SHORT_OBS_ACTIVE_LIKE,,,REVIEW_SHORT_OBS_ACTIVE_LIKE,low,観測期間<120日でactive様（flat_tail<60）。経過観察で十分なことが多い。,False,False,False,False,False,15,2,2,100.0,34.161,2.8,43.91,15.0,2.8,0.0,82.0,100.0,18.0,0.9601,0,0,0,0,0,0,0,0,0,0,,,,0.0,-1.0,n/a,64.7,5.5,"obs_days=43.9, n_samples=733, quality=QUALITY_SHORT_OBS -> insufficient/uncertain data",観測期間・サンプル数・カウンタ整合性のいずれかが不足しており信頼できる判定ができません。review_priorityに従い追加データ収集または手動レビューを行ってください。,v2.0-final,v2.0-final,v2.0-final,ThinkPad X9-14 Gen 1,Sunwoda,LNV-5B11M90102
2026-06-03T16:38:27,JEREMYCA-4BWNT1_jeremyca,NORMAL_OR_RESPONDING,ACTION_NONE,high,NOT_NO_LOW_CHANGE_CANDIDATE,,,,,,False,False,False,False,False,46,30,10,117.949,8.395,1.9,547.93,39.0,1.9,0.0,78.0,78.0,0.0,1.0,0,0,0,0,0,0,0,0,0,0,,,,0.0,-1.0,n/a,70.3,10.3,"flat_tail=1.9d, fcc_changes=46, tail_cyc=0.0, tail_ok[90/80]=0/0, unresp_complete[90/80]=0/0, large_gap[90/80]=0/0 -> FCC still updating / not a no-low-change candidate",,v2.0-final,v2.0-final,v2.0-final,ThinkPad P16 Gen 2,LG,5B10W51894
2026-06-03T16:38:27,JEREMY_jeremyca,REVIEW_INSUFFICIENT_DATA,ACTION_COLLECT_MORE_DATA_OR_MANUAL_REVIEW,review,REVIEW_SHORT_OBS_ACTIVE_LIKE,,,REVIEW_SHORT_OBS_ACTIVE_LIKE,low,観測期間<120日でactive様（flat_tail<60）。経過観察で十分なことが多い。,False,False,False,False,False,16,0,0,94.118,14.551,4.9,109.96,17.0,4.9,0.0,95.0,100.0,5.0,0.9802,0,0,0,0,0,0,0,0,0,0,,,,0.0,-1.0,n/a,65.4,5.8,"obs_days=110.0, n_samples=1470, quality=QUALITY_SHORT_OBS -> insufficient/uncertain data",観測期間・サンプル数・カウンタ整合性のいずれかが不足しており信頼できる判定ができません。review_priorityに従い追加データ収集または手動レビューを行ってください。,v2.0-final,v2.0-final,v2.0-final,ThinkPad P16s Gen 5,COSMX,5B11M90179
2026-06-03T16:38:27,JESSICAWANG2025_wangyun,NORMAL_OR_RESPONDING,ACTION_NONE,high,NOT_NO_LOW_CHANGE_CANDIDATE,,,,,,False,False,False,False,False,106,13,13,107.071,36.83,0.9,287.81,99.0,0.9,0.0,24.0,100.0,76.0,0.4265,0,0,0,0,0,0,0,0,0,0,,,,0.0,-1.0,n/a,58.7,10.2,"flat_tail=0.9d, fcc_changes=106, tail_cyc=0.0, tail_ok[90/80]=0/0, unresp_complete[90/80]=0/0, large_gap[90/80]=0/0 -> FCC still updating / not a no-low-change candidate",,v2.0-final,v2.0-final,v2.0-final,ThinkPad X1 Carbon Gen 12,Sunwoda,5B11H56385
2026-06-03T16:38:27,JESTROFF-4G0AHW_jestroff,ACTIONABLE_FW_CHECK_OPPORTUNITY_NO_RESPONSE,ACTION_FW_CHECK,high,FW_HIGH_UNRESPONDED_COMPLETE_WINDOWS,TERMINAL_FREEZE_AFTER_OPPORTUNITIES,,,,,True,False,True,True,True,2,2,2,2.299,0.565,228.2,354.04,87.0,228.2,41.0,5.0,100.0,95.0,0.5104,3,14,17,0,9,9,3,0,0,0,0.724,0.0,-1.139,75.7,1.0,MIXED,51.6,86.2,"flat_tail=228.2d, fcc_changes=2, tail_cyc=41.0, tail_ok[90/80]=0/3, unresp_complete[90/80]=0/3, large_gap[90/80]=9/14 -> complete-window opportunities present but FCC did not respond",FCC/SoHが長期間更新されておらず、ログ上は深い放電→再充電の学習機会（完全窓・OK品質）が複数回確認されるのにFCCが応答していません。BIOS/EC/バッテリー関連FWのVersion確認とアップデート有無確認を優先してください。アップデート後、次回の学習機会後72h〜7日間でFCC更新有無を確認してください。,v2.0-final,v2.0-final,v2.0-final,ThinkPad T14 Gen 4,LG,5B10W51863
2026-06-03T16:38:27,JESTROFF-4SA4E9_jestroff,NORMAL_OR_RESPONDING,ACTION_NONE,high,NOT_NO_LOW_CHANGE_CANDIDATE,,,,,,False,False,False,False,False,16,16,16,24.615,4.147,26.0,385.84,65.0,26.0,8.0,7.0,100.0,93.0,0.4322,1,1,2,0,0,0,1,0,0,0,0.195,0.0,-0.492,20.7,-1.0,n/a,42.3,41.9,"flat_tail=26.0d, fcc_changes=16, tail_cyc=8.0, tail_ok[90/80]=0/1, unresp_complete[90/80]=0/1, large_gap[90/80]=0/1 -> FCC still updating / not a no-low-change candidate",,v2.0-final,v2.0-final,v2.0-final,ThinkPad X13 Gen 5,SMP,5B11M90048
2026-06-03T16:38:27,JESTROFF-504AKS_jestroff,REVIEW_INSUFFICIENT_DATA,ACTION_COLLECT_MORE_DATA_OR_MANUAL_REVIEW,review,REVIEW_SHORT_OBS_ACTIVE_LIKE,,,REVIEW_SHORT_OBS_ACTIVE_LIKE,low,観測期間<120日でactive様（flat_tail<60）。経過観察で十分なことが多い。,False,False,False,False,False,31,7,6,129.167,26.121,3.0,118.68,24.0,3.0,0.0,80.0,100.0,20.0,0.792,0,0,0,0,0,0,0,0,0,0,,,,0.0,-1.0,n/a,61.3,5.5,"obs_days=118.7, n_samples=1436, quality=QUALITY_SHORT_OBS -> insufficient/uncertain data",観測期間・サンプル数・カウンタ整合性のいずれかが不足しており信頼できる判定ができません。review_priorityに従い追加データ収集または手動レビューを行ってください。,v2.0-final,v2.0-final,v2.0-final,ThinkPad X1 Carbon Gen 13,Celxpert,5B11M90098
2026-06-03T16:38:27,JFASANO-F4RXM66_jfasano,NORMAL_OR_RESPONDING,ACTION_NONE,high,NOT_NO_LOW_CHANGE_CANDIDATE,,,,,,False,False,False,False,False,102,1,1,93.578,15.341,6.0,664.9,109.0,6.0,0.0,72.0,79.0,7.0,0.9896,0,0,0,0,0,0,0,0,0,0,,,,0.0,-1.0,n/a,70.8,11.0,"flat_tail=6.0d, fcc_changes=102, tail_cyc=0.0, tail_ok[90/80]=0/0, unresp_complete[90/80]=0/0, large_gap[90/80]=0/0 -> FCC still updating / not a no-low-change candidate",,v2.0-final,v2.0-final,v2.0-final,ThinkPad P14s Gen 5 AMD,SMP,5B11H56414
2026-06-03T16:38:27,JFISHEL-F56FAH2_jfishel,WATCH_LOW_UPDATE_RATE_AMBIGUOUS,ACTION_MONITOR_OR_MANUAL_REVIEW,low,WATCH_POSSIBLE_OPPORTUNITY_WITH_LARGE_GAPS,,WATCH_POSSIBLE_OPPORTUNITY_WITH_LARGE_GAPS,,,,True,True,False,False,False,0,0,0,0.0,0.0,174.8,174.78,26.0,174.8,26.0,5.0,100.0,95.0,0.7627,0,2,2,0,0,0,0,0,0,0,,,,0.0,1.0,MIXED,64.7,44.3,"flat_tail=174.8d, fcc_changes=0, tail_cyc=26.0, tail_ok[90/80]=0/0, unresp_complete[90/80]=0/0, large_gap[90/80]=0/2 -> ambiguous (watch)",FCC更新率は低いが完全凍結ではない/学習機会がlarge-gapまたは打ち切りで確証が弱い/境界的のため、FW確認に回す前にモニタリングまたは手動レビューを推奨します。,v2.0-final,v2.0-final,v2.0-final,ThinkPad X1 Carbon Gen 13,SMP,5B11M90097
2026-06-03T16:38:27,JG3-SIT-OS_Maru1tom,ACTIONABLE_GAUGE_RESET_INSUFFICIENT_LEARNING_OPPORTUNITY,ACTION_GAUGE_RESET,high,GAUGE_HIGH_NO_OPPORTUNITY,NO_OPPORTUNITY_AC_BOUND;NO_OPPORTUNITY_LOW_CYCLING;NO_OPPORTUNITY_SHALLOW_RANGE,,,,,True,True,True,False,True,0,0,0,0.0,0.0,208.8,208.78,0.0,208.8,0.0,77.0,100.0,23.0,0.9627,0,0,0,0,0,0,0,0,0,0,,,,0.0,0.0,AC_BOUND+SHALLOW_RANGE+LOW_CYCLING,99.3,40.0,"flat_tail=208.8d, fcc_changes=0, tail_cyc=0.0, tail_ok[90/80]=0/0, unresp_complete[90/80]=0/0, large_gap[90/80]=0/0, ac=0.96, min_rsoc=77.0 -> insufficient learning opportunity",FCC/SoHが長期間更新されておらず、ログ上は深い放電→再充電の学習機会が十分に確認できません（OK品質の機会が無く、large-gapを含めても判定可能な機会がない）。安全な環境でOEM推奨のバッテリーゲージリセット/キャリブレーションを実施し、その後72h〜7日間のテレメトリでFCC更新有無を確認してください。,v2.0-final,v2.0-final,v2.0-final,ThinkPad X1 Yoga Gen 8,Sunwoda,5B10W13975
2026-06-03T16:38:27,JGERMANO-5PHRQ0_jgermano,NORMAL_OR_RESPONDING,ACTION_NONE,high,NOT_NO_LOW_CHANGE_CANDIDATE,,,,,,False,False,False,False,False,104,29,29,135.065,41.27,0.0,252.0,77.0,0.0,0.0,100.0,100.0,0.0,1.0,0,0,0,0,0,0,0,0,0,0,,,,0.0,-1.0,n/a,70.0,10.0,"flat_tail=0.0d, fcc_changes=104, tail_cyc=0.0, tail_ok[90/80]=0/0, unresp_complete[90/80]=0/0, large_gap[90/80]=0/0 -> FCC still updating / not a no-low-change candidate",,v2.0-final,v2.0-final,v2.0-final,ThinkPad P16v Gen 3,Sunwoda,5B11M90138
2026-06-03T16:38:27,JINOUE1-F49SYAH_jinoue1,NORMAL_OR_RESPONDING,ACTION_NONE,high,NOT_NO_LOW_CHANGE_CANDIDATE,,,,,,False,False,False,False,False,13,11,11,7.738,1.477,106.5,880.24,168.0,106.5,3.0,6.0,100.0,94.0,0.8452,0,2,2,0,2,2,0,0,0,0,,,,0.0,-1.0,n/a,66.5,28.4,"flat_tail=106.5d, fcc_changes=13, tail_cyc=3.0, tail_ok[90/80]=0/0, unresp_complete[90/80]=0/0, large_gap[90/80]=2/2 -> FCC still updating / not a no-low-change candidate",,v2.0-final,v2.0-final,v2.0-final,ThinkPad X1 Carbon Gen 10,SMP,5B10W13973
2026-06-03T16:38:27,JJOHNSON16-QW2P_jjohnson16,NORMAL_OR_RESPONDING,ACTION_NONE,high,NOT_NO_LOW_CHANGE_CANDIDATE,,,,,,False,False,False,False,False,30,4,4,115.385,9.302,0.8,322.5,26.0,0.8,0.0,78.0,100.0,22.0,0.0618,0,0,0,0,0,0,0,0,0,0,,,,0.0,-1.0,n/a,62.8,10.1,"flat_tail=0.8d, fcc_changes=30, tail_cyc=0.0, tail_ok[90/80]=0/0, unresp_complete[90/80]=0/0, large_gap[90/80]=0/0 -> FCC still updating / not a no-low-change candidate",,v2.0-final,v2.0-final,v2.0-final,ThinkPad T14s Gen 4,Sunwoda,5B10W51876
2026-06-03T16:38:27,JJOHNSON18-T4GM_jjohnson18,REVIEW_INSUFFICIENT_DATA,ACTION_COLLECT_MORE_DATA_OR_MANUAL_REVIEW,review,REVIEW_SHORT_OBS_ACTIVE_LIKE,,,REVIEW_SHORT_OBS_ACTIVE_LIKE,low,観測期間<120日でactive様（flat_tail<60）。経過観察で十分なことが多い。,False,False,False,False,False,5,0,0,71.429,23.529,3.3,21.25,7.0,3.3,0.0,70.0,100.0,30.0,0.4564,0,0,0,0,0,0,0,0,0,0,,,,0.0,-1.0,n/a,55.5,5.5,"obs_days=21.2, n_samples=221, quality=QUALITY_SHORT_OBS -> insufficient/uncertain data",観測期間・サンプル数・カウンタ整合性のいずれかが不足しており信頼できる判定ができません。review_priorityに従い追加データ収集または手動レビューを行ってください。,v2.0-final,v2.0-final,v2.0-final,ThinkPad T14s Gen 7,Sunwoda,5B11M90160
2026-06-03T16:38:27,JKLEISSLER-DNZK_jkleissler,REVIEW_INSUFFICIENT_DATA,ACTION_COLLECT_MORE_DATA_OR_MANUAL_REVIEW,review,REVIEW_SHORT_OBS_ACTIVE_LIKE,,,REVIEW_SHORT_OBS_ACTIVE_LIKE,low,観測期間<120日でactive様（flat_tail<60）。経過観察で十分なことが多い。,False,False,False,False,False,22,5,5,100.0,44.907,0.1,48.99,22.0,0.1,0.0,94.0,100.0,6.0,1.0,0,0,0,0,0,0,0,0,0,0,,,,0.0,-1.0,n/a,65.0,5.0,"obs_days=49.0, n_samples=699, quality=QUALITY_SHORT_OBS -> insufficient/uncertain data",観測期間・サンプル数・カウンタ整合性のいずれかが不足しており信頼できる判定ができません。review_priorityに従い追加データ収集または手動レビューを行ってください。,v2.0-final,v2.0-final,v2.0-final,ThinkPad X1 Carbon Gen 13,BYD,5B11M90100
2026-06-03T16:38:27,JL18156-F3Z1LJN_JL18156,NORMAL_OR_RESPONDING,ACTION_NONE,high,NOT_NO_LOW_CHANGE_CANDIDATE,,,,,,False,False,False,False,False,887,632,453,345.136,90.115,0.0,984.3,257.0,0.0,0.0,99.0,100.0,1.0,0.9663,0,0,0,0,0,0,0,0,0,0,,,,0.0,-1.0,n/a,69.7,10.0,"flat_tail=0.0d, fcc_changes=887, tail_cyc=0.0, tail_ok[90/80]=0/0, unresp_complete[90/80]=0/0, large_gap[90/80]=0/0 -> FCC still updating / not a no-low-change candidate",,v2.0-final,v2.0-final,v2.0-final,ThinkPad X13 Gen 3,Celxpert,5B10W51854
2026-06-03T16:38:27,JL24078-F3YZT26_jl24078,WATCH_LOW_UPDATE_RATE_AMBIGUOUS,ACTION_MONITOR_OR_MANUAL_REVIEW,low,WATCH_POSSIBLE_OPPORTUNITY_WITH_LARGE_GAPS,,WATCH_POSSIBLE_OPPORTUNITY_WITH_LARGE_GAPS,,,,True,True,True,True,True,0,0,0,0.0,0.0,457.2,457.16,73.0,457.2,73.0,2.0,97.0,95.0,0.6943,0,8,8,0,0,0,0,0,0,0,,,,0.0,1.0,MIXED,56.7,50.0,"flat_tail=457.2d, fcc_changes=0, tail_cyc=73.0, tail_ok[90/80]=0/0, unresp_complete[90/80]=0/0, large_gap[90/80]=0/8 -> ambiguous (watch)",FCC更新率は低いが完全凍結ではない/学習機会がlarge-gapまたは打ち切りで確証が弱い/境界的のため、FW確認に回す前にモニタリングまたは手動レビューを推奨します。,v2.0-final,v2.0-final,v2.0-final,ThinkPad X1 Carbon Gen 10,Sunwoda,5B10W13975
2026-06-03T16:38:27,JLEWIS9-W0A2BP7_jlewis9,REVIEW_INSUFFICIENT_DATA,ACTION_COLLECT_MORE_DATA_OR_MANUAL_REVIEW,review,REVIEW_SHORT_OBS_ACTIVE_LIKE,,,REVIEW_SHORT_OBS_ACTIVE_LIKE,low,観測期間<120日でactive様（flat_tail<60）。経過観察で十分なことが多い。,False,False,False,False,False,13,0,0,81.25,10.923,2.8,119.02,16.0,2.8,0.0,59.0,100.0,41.0,0.8769,0,0,0,0,0,0,0,0,0,0,,,,0.0,-1.0,n/a,63.0,5.5,"obs_days=119.0, n_samples=9056, quality=QUALITY_SHORT_OBS -> insufficient/uncertain data",観測期間・サンプル数・カウンタ整合性のいずれかが不足しており信頼できる判定ができません。review_priorityに従い追加データ収集または手動レビューを行ってください。,v2.0-final,v2.0-final,v2.0-final,ThinkPad L16 Gen 1,Sunwoda,5B11H56397
2026-06-03T16:38:27,JMANCHESTER-LQ5_jmanchester,REVIEW_INSUFFICIENT_DATA,ACTION_COLLECT_MORE_DATA_OR_MANUAL_REVIEW,review,REVIEW_SHORT_OBS_ACTIVE_LIKE,,,REVIEW_SHORT_OBS_ACTIVE_LIKE,low,観測期間<120日でactive様（flat_tail<60）。経過観察で十分なことが多い。,False,False,False,False,False,5,0,0,100.0,17.129,3.2,29.19,5.0,3.2,0.0,84.0,100.0,16.0,0.9078,0,0,0,0,0,0,0,0,0,0,,,,0.0,-1.0,n/a,63.7,5.5,"obs_days=29.2, n_samples=451, quality=QUALITY_SHORT_OBS -> insufficient/uncertain data",観測期間・サンプル数・カウンタ整合性のいずれかが不足しており信頼できる判定ができません。review_priorityに従い追加データ収集または手動レビューを行ってください。,v2.0-final,v2.0-final,v2.0-final,ThinkPad X1 2-in-1 Gen 11,Sunwoda,5B11M90160
2026-06-03T16:38:27,JMATTHEWS2-YXHQ_jmatthews2,NORMAL_OR_RESPONDING,ACTION_NONE,high,NOT_NO_LOW_CHANGE_CANDIDATE,,,,,,False,False,False,False,False,34,32,31,37.363,8.077,14.1,420.94,91.0,14.1,1.0,10.0,100.0,90.0,0.2025,1,0,1,0,0,0,1,0,0,0,0.938,0.0,-3.878,32.7,-1.0,n/a,43.4,38.5,"flat_tail=14.1d, fcc_changes=34, tail_cyc=1.0, tail_ok[90/80]=0/1, unresp_complete[90/80]=0/1, large_gap[90/80]=0/0 -> FCC still updating / not a no-low-change candidate",,v2.0-final,v2.0-final,v2.0-final,ThinkPad P16 Gen 2,SMP,5B10W51893
2026-06-03T16:38:27,JMAYERSALMA-252_jmayersalman,REVIEW_INSUFFICIENT_DATA,ACTION_COLLECT_MORE_DATA_OR_MANUAL_REVIEW,review,REVIEW_SHORT_OBS_ACTIVE_LIKE,,,REVIEW_SHORT_OBS_ACTIVE_LIKE,low,観測期間<120日でactive様（flat_tail<60）。経過観察で十分なことが多い。,False,False,False,False,False,9,5,3,81.818,40.835,0.1,22.04,11.0,0.1,0.0,74.0,100.0,26.0,0.6022,0,0,0,0,0,0,0,0,0,0,,,,0.0,-1.0,n/a,57.1,5.0,"obs_days=22.0, n_samples=395, quality=QUALITY_SHORT_OBS -> insufficient/uncertain data",観測期間・サンプル数・カウンタ整合性のいずれかが不足しており信頼できる判定ができません。review_priorityに従い追加データ収集または手動レビューを行ってください。,v2.0-final,v2.0-final,v2.0-final,ThinkPad X13 Gen 7,Sunwoda,5B11M90142
2026-06-03T16:38:27,JMAYERSALMA-HDJ_jmayersalman,REVIEW_INSUFFICIENT_DATA,ACTION_COLLECT_MORE_DATA_OR_MANUAL_REVIEW,review,REVIEW_SHORT_OBS_ACTIVE_LIKE,,,REVIEW_SHORT_OBS_ACTIVE_LIKE,low,観測期間<120日でactive様（flat_tail<60）。経過観察で十分なことが多い。,False,False,False,False,False,56,14,13,121.739,53.599,3.7,104.48,46.0,3.7,0.0,81.0,100.0,19.0,0.7362,0,0,0,0,0,0,0,0,0,0,,,,0.0,-1.0,n/a,60.3,5.6,"obs_days=104.5, n_samples=1390, quality=QUALITY_SHORT_OBS -> insufficient/uncertain data",観測期間・サンプル数・カウンタ整合性のいずれかが不足しており信頼できる判定ができません。review_priorityに従い追加データ収集または手動レビューを行ってください。,v2.0-final,v2.0-final,v2.0-final,ThinkPad T14 Gen 6,Celxpert,5B11M90126
2026-06-03T16:38:27,JMAYERSALMA-TNQ_jmayersalman,NORMAL_OR_RESPONDING,ACTION_NONE,high,NOT_NO_LOW_CHANGE_CANDIDATE,,,,,,False,False,False,False,False,119,38,38,116.667,71.704,14.1,165.96,102.0,14.1,0.0,47.0,100.0,53.0,0.0556,0,0,0,0,0,0,0,0,0,0,,,,0.0,-1.0,n/a,54.7,12.3,"flat_tail=14.1d, fcc_changes=119, tail_cyc=0.0, tail_ok[90/80]=0/0, unresp_complete[90/80]=0/0, large_gap[90/80]=0/0 -> FCC still updating / not a no-low-change candidate",,v2.0-final,v2.0-final,v2.0-final,ThinkPad L13 Gen 6,SMP,5B11M90129
2026-06-03T16:38:27,JMESTLER-5FS8KD_jmestler,NORMAL_OR_RESPONDING,ACTION_NONE,high,NOT_NO_LOW_CHANGE_CANDIDATE,,,,,,False,False,False,False,False,21,2,2,95.455,5.587,3.0,375.89,22.0,3.0,0.0,94.0,100.0,6.0,0.9725,0,0,0,0,0,0,0,0,0,0,,,,0.0,-1.0,n/a,70.0,10.5,"flat_tail=3.0d, fcc_changes=21, tail_cyc=0.0, tail_ok[90/80]=0/0, unresp_complete[90/80]=0/0, large_gap[90/80]=0/0 -> FCC still updating / not a no-low-change candidate",,v2.0-final,v2.0-final,v2.0-final,ThinkPad X1 Carbon Gen 13,Sunwoda,5B11M90099
2026-06-03T16:38:27,JNICHOL-F5MCDZS_jnichol,REVIEW_INSUFFICIENT_DATA,ACTION_COLLECT_MORE_DATA_OR_MANUAL_REVIEW,review,REVIEW_SHORT_OBS_ACTIVE_LIKE,,,REVIEW_SHORT_OBS_ACTIVE_LIKE,low,観測期間<120日でactive様（flat_tail<60）。経過観察で十分なことが多い。,False,False,False,False,False,15,5,5,150.0,54.845,1.8,27.35,10.0,1.8,0.0,88.0,100.0,12.0,0.8202,0,0,0,0,0,0,0,0,0,0,,,,0.0,-1.0,n/a,61.7,5.3,"obs_days=27.4, n_samples=781, quality=QUALITY_SHORT_OBS -> insufficient/uncertain data",観測期間・サンプル数・カウンタ整合性のいずれかが不足しており信頼できる判定ができません。review_priorityに従い追加データ収集または手動レビューを行ってください。,v2.0-final,v2.0-final,v2.0-final,ThinkPad P14s Gen 6,Sunwoda,5B11M90121
2026-06-03T16:38:27,JNUNEZ5-3000012_jnunez5,REVIEW_INSUFFICIENT_DATA,ACTION_COLLECT_MORE_DATA_OR_MANUAL_REVIEW,review,REVIEW_SHORT_OBS_ACTIVE_LIKE,,,REVIEW_SHORT_OBS_ACTIVE_LIKE,low,観測期間<120日でactive様（flat_tail<60）。経過観察で十分なことが多い。,False,False,False,False,False,27,8,8,135.0,38.017,5.0,71.02,20.0,5.0,0.0,15.0,90.0,75.0,0.6897,0,0,0,0,0,0,0,0,0,0,,,,0.0,-1.0,n/a,59.6,5.8,"obs_days=71.0, n_samples=819, quality=QUALITY_SHORT_OBS -> insufficient/uncertain data",観測期間・サンプル数・カウンタ整合性のいずれかが不足しており信頼できる判定ができません。review_priorityに従い追加データ収集または手動レビューを行ってください。,v2.0-final,v2.0-final,v2.0-final,ThinkPad X13 Detachable Gen 1,ATL,5B11M90183
2026-06-03T16:38:27,JNUNEZ5-F4KXMXN_jnunez5,NORMAL_OR_RESPONDING,ACTION_NONE,high,NOT_NO_LOW_CHANGE_CANDIDATE,,,,,,False,False,False,False,False,46,14,14,135.294,8.342,60.4,551.44,34.0,60.4,0.0,2.0,100.0,98.0,0.6769,0,0,0,0,0,0,0,0,0,0,,,,0.0,-1.0,n/a,73.6,20.1,"flat_tail=60.4d, fcc_changes=46, tail_cyc=0.0, tail_ok[90/80]=0/0, unresp_complete[90/80]=0/0, large_gap[90/80]=0/0 -> FCC still updating / not a no-low-change candidate",,v2.0-final,v2.0-final,v2.0-final,ThinkPad Z13 Gen 2,BYD,5B10W51883
2026-06-03T16:38:27,JNUNEZ5-F4ML5N5_jnunez5,REVIEW_INSUFFICIENT_DATA,ACTION_COLLECT_MORE_DATA_OR_MANUAL_REVIEW,review,REVIEW_SHORT_OBS_ACTIVE_LIKE,,,REVIEW_SHORT_OBS_ACTIVE_LIKE,low,観測期間<120日でactive様（flat_tail<60）。経過観察で十分なことが多い。,False,False,False,False,False,28,7,5,103.704,29.715,15.0,94.23,27.0,15.0,0.0,3.0,100.0,97.0,0.4877,0,0,0,0,0,0,0,0,0,0,,,,0.0,-1.0,n/a,57.3,7.5,"obs_days=94.2, n_samples=1235, quality=QUALITY_SHORT_OBS -> insufficient/uncertain data",観測期間・サンプル数・カウンタ整合性のいずれかが不足しており信頼できる判定ができません。review_priorityに従い追加データ収集または手動レビューを行ってください。,v2.0-final,v2.0-final,v2.0-final,ThinkPad X1 Carbon Gen 12,SMP,5B11H56383
2026-06-03T16:38:27,JNUNEZ5-F4RX1S4_jnunez5,NORMAL_OR_RESPONDING,ACTION_NONE,high,NOT_NO_LOW_CHANGE_CANDIDATE,,,,,,False,False,False,False,False,24,3,3,114.286,5.072,48.1,473.21,21.0,48.1,0.0,1.0,100.0,99.0,0.1517,0,0,0,0,0,0,0,0,0,0,,,,0.0,-1.0,n/a,61.1,18.0,"flat_tail=48.1d, fcc_changes=24, tail_cyc=0.0, tail_ok[90/80]=0/0, unresp_complete[90/80]=0/0, large_gap[90/80]=0/0 -> FCC still updating / not a no-low-change candidate",,v2.0-final,v2.0-final,v2.0-final,ThinkPad X1 2-in-1 Gen 9,Celxpert,5B11H56384
2026-06-03T16:38:27,JNUNEZ5-F57YZZH_jnunez5,REVIEW_INSUFFICIENT_DATA,ACTION_COLLECT_MORE_DATA_OR_MANUAL_REVIEW,review,REVIEW_SHORT_OBS_ACTIVE_LIKE,,,REVIEW_SHORT_OBS_ACTIVE_LIKE,low,観測期間<120日でactive様（flat_tail<60）。経過観察で十分なことが多い。,False,False,False,False,False,3,2,2,60.0,18.987,10.1,15.8,5.0,10.1,3.0,6.0,100.0,94.0,0.549,0,0,0,0,0,0,0,0,0,0,,,,0.0,-1.0,n/a,56.2,7.3,"obs_days=15.8, n_samples=281, quality=QUALITY_SHORT_OBS -> insufficient/uncertain data",観測期間・サンプル数・カウンタ整合性のいずれかが不足しており信頼できる判定ができません。review_priorityに従い追加データ収集または手動レビューを行ってください。,v2.0-final,v2.0-final,v2.0-final,ThinkPad X9-14 Gen 1,BYD,LNV-5B11M90101@
2026-06-03T16:38:27,JNUNEZ5-F5801NF_jnunez5,REVIEW_INSUFFICIENT_DATA,ACTION_COLLECT_MORE_DATA_OR_MANUAL_REVIEW,review,REVIEW_SHORT_OBS_ACTIVE_LIKE,,,REVIEW_SHORT_OBS_ACTIVE_LIKE,low,観測期間<120日でactive様（flat_tail<60）。経過観察で十分なことが多い。,False,False,False,False,False,14,4,4,155.556,24.117,0.0,58.05,9.0,0.0,0.0,0.0,0.0,0.0,1.0,0,0,0,0,0,0,0,0,0,0,,,,0.0,-1.0,n/a,65.0,5.0,"obs_days=58.0, n_samples=441, quality=QUALITY_SHORT_OBS -> insufficient/uncertain data",観測期間・サンプル数・カウンタ整合性のいずれかが不足しており信頼できる判定ができません。review_priorityに従い追加データ収集または手動レビューを行ってください。,v2.0-final,v2.0-final,v2.0-final,ThinkPad X9-14 Gen 1,BYD,LNV-5B11M90101
2026-06-03T16:38:27,JNUNEZ5-F588R5E_jnunez5,REVIEW_INSUFFICIENT_DATA,ACTION_COLLECT_MORE_DATA_OR_MANUAL_REVIEW,review,REVIEW_COUNTER_RESET,,,REVIEW_COUNTER_RESET,high,cycleCountが減少（カウンタリセット/パック異常疑い）。生ログ確認が必要。,False,False,False,False,False,49,12,11,125.641,28.32,16.2,173.02,39.0,16.2,2.0,0.0,100.0,100.0,0.0683,0,1,1,0,1,1,0,0,0,0,,,,0.0,-1.0,n/a,30.6,3.1,"obs_days=173.0, n_samples=1248, quality=QUALITY_COUNTER_RESET -> insufficient/uncertain data",観測期間・サンプル数・カウンタ整合性のいずれかが不足しており信頼できる判定ができません。review_priorityに従い追加データ収集または手動レビューを行ってください。,v2.0-final,v2.0-final,v2.0-final,ThinkPad X1 2-in-1 Gen 10,SMP,5B11M90097
2026-06-03T16:38:27,JNUNEZ5-F5HP4BE_jnunez5,NORMAL_OR_RESPONDING,ACTION_NONE,high,NOT_NO_LOW_CHANGE_CANDIDATE,,,,,,False,False,False,False,False,8,0,0,100.0,4.798,0.0,166.72,8.0,0.0,0.0,97.0,97.0,0.0,,0,0,0,0,0,0,0,0,0,0,,,,0.0,-1.0,n/a,70.0,10.0,"flat_tail=0.0d, fcc_changes=8, tail_cyc=0.0, tail_ok[90/80]=0/0, unresp_complete[90/80]=0/0, large_gap[90/80]=0/0 -> FCC still updating / not a no-low-change candidate",,v2.0-final,v2.0-final,v2.0-final,ThinkPad P16 Gen 3,SMP,5B11M90135
2026-06-03T16:38:27,JNUNEZ5-F5L9LW0_jnunez5,REVIEW_INSUFFICIENT_DATA,ACTION_COLLECT_MORE_DATA_OR_MANUAL_REVIEW,review,REVIEW_SHORT_OBS_ACTIVE_LIKE,,,REVIEW_SHORT_OBS_ACTIVE_LIKE,low,観測期間<120日でactive様（flat_tail<60）。経過観察で十分なことが多い。,False,False,False,False,False,2,2,2,200000000000.0,4.743,4.1,42.17,0.0,4.1,0.0,99.0,99.0,0.0,0.9994,0,0,0,0,0,0,0,0,0,0,,,,0.0,-1.0,n/a,65.7,5.7,"obs_days=42.2, n_samples=306, quality=QUALITY_SHORT_OBS -> insufficient/uncertain data",観測期間・サンプル数・カウンタ整合性のいずれかが不足しており信頼できる判定ができません。review_priorityに従い追加データ収集または手動レビューを行ってください。,v2.0-final,v2.0-final,v2.0-final,ThinkPad P16v Gen 3,Sunwoda,5B11M90138
2026-06-03T16:38:27,JNUNEZ5-F626M4T_jnunez5,REVIEW_INSUFFICIENT_DATA,ACTION_COLLECT_MORE_DATA_OR_MANUAL_REVIEW,review,REVIEW_SHORT_OBS_ACTIVE_LIKE,,,REVIEW_SHORT_OBS_ACTIVE_LIKE,low,観測期間<120日でactive様（flat_tail<60）。経過観察で十分なことが多い。,False,False,False,False,False,7,0,0,70.0,10.606,4.1,66.0,10.0,4.1,0.0,42.0,99.0,57.0,0.3385,0,0,0,0,0,0,0,0,0,0,,,,0.0,-1.0,n/a,52.5,5.7,"obs_days=66.0, n_samples=294, quality=QUALITY_SHORT_OBS -> insufficient/uncertain data",観測期間・サンプル数・カウンタ整合性のいずれかが不足しており信頼できる判定ができません。review_priorityに従い追加データ収集または手動レビューを行ってください。,v2.0-final,v2.0-final,v2.0-final,ThinkPad X1 2-in-1 Gen 11,COSMX,5B11M90162
2026-06-03T16:38:27,JNUNEZ5-W05SG98_jnunez5,NORMAL_OR_RESPONDING,ACTION_NONE,high,NOT_NO_LOW_CHANGE_CANDIDATE,,,,,,False,False,False,False,False,35,5,5,106.061,10.128,22.1,345.59,33.0,22.1,0.0,1.0,100.0,99.0,0.9218,0,0,0,0,0,0,0,0,0,0,,,,0.0,-1.0,n/a,72.1,13.7,"flat_tail=22.1d, fcc_changes=35, tail_cyc=0.0, tail_ok[90/80]=0/0, unresp_complete[90/80]=0/0, large_gap[90/80]=0/0 -> FCC still updating / not a no-low-change candidate",,v2.0-final,v2.0-final,v2.0-final,ThinkPad P1 Gen 6,Sunwoda,5B11K07737
2026-06-03T16:38:27,JNUNEZ5-W0KPY33_T1g,REVIEW_INSUFFICIENT_DATA,ACTION_COLLECT_MORE_DATA_OR_MANUAL_REVIEW,review,REVIEW_COUNTER_RESET,,,REVIEW_COUNTER_RESET,high,cycleCountが減少（カウンタリセット/パック異常疑い）。生ログ確認が必要。,False,False,False,False,False,24,7,7,240.0,12.751,2.2,188.22,10.0,2.2,0.0,17.0,95.0,78.0,0.6127,0,1,1,0,0,0,0,0,0,0,,,,0.0,-1.0,n/a,40.1,0.4,"obs_days=188.2, n_samples=1220, quality=QUALITY_COUNTER_RESET -> insufficient/uncertain data",観測期間・サンプル数・カウンタ整合性のいずれかが不足しており信頼できる判定ができません。review_priorityに従い追加データ収集または手動レビューを行ってください。,v2.0-final,v2.0-final,v2.0-final,ThinkPad T1g Gen 8,Sunwoda,5B11M37553
2026-06-03T16:38:27,JNUNEZ5-W0KPY33_jnunez5,NORMAL_OR_RESPONDING,ACTION_NONE,high,NOT_NO_LOW_CHANGE_CANDIDATE,,,,,,False,False,False,False,False,11,4,4,137.5,6.044,0.5,182.0,8.0,0.5,0.0,28.0,65.0,37.0,0.9467,0,0,0,0,0,0,0,0,0,0,,,,0.0,-1.0,n/a,69.0,10.1,"flat_tail=0.5d, fcc_changes=11, tail_cyc=0.0, tail_ok[90/80]=0/0, unresp_complete[90/80]=0/0, large_gap[90/80]=0/0 -> FCC still updating / not a no-low-change candidate",,v2.0-final,v2.0-final,v2.0-final,ThinkPad T1g Gen 8,Sunwoda,5B11M37553
2026-06-03T16:38:27,JN_jnunez5,REVIEW_INSUFFICIENT_DATA,ACTION_COLLECT_MORE_DATA_OR_MANUAL_REVIEW,review,REVIEW_SHORT_OBS_ACTIVE_LIKE,,,REVIEW_SHORT_OBS_ACTIVE_LIKE,low,観測期間<120日でactive様（flat_tail<60）。経過観察で十分なことが多い。,False,False,False,False,False,4,1,1,100.0,14.26,1.2,28.05,4.0,1.2,0.0,88.0,99.0,11.0,0.728,0,0,0,0,0,0,0,0,0,0,,,,0.0,-1.0,n/a,61.5,5.2,"obs_days=28.1, n_samples=416, quality=QUALITY_SHORT_OBS -> insufficient/uncertain data",観測期間・サンプル数・カウンタ整合性のいずれかが不足しており信頼できる判定ができません。review_priorityに従い追加データ収集または手動レビューを行ってください。,v2.0-final,v2.0-final,v2.0-final,ThinkPad T14s Gen 6,Sunwoda,LNV-5B11H56404
2026-06-03T16:38:27,JOSEPH_jmayersalman,REVIEW_INSUFFICIENT_DATA,ACTION_COLLECT_MORE_DATA_OR_MANUAL_REVIEW,review,REVIEW_SHORT_OBS_ACTIVE_LIKE,,,REVIEW_SHORT_OBS_ACTIVE_LIKE,low,観測期間<120日でactive様（flat_tail<60）。経過観察で十分なことが多い。,False,False,False,False,False,66,15,15,110.0,71.029,0.8,92.92,60.0,0.8,0.0,33.0,100.0,67.0,0.4761,0,0,0,0,0,0,0,0,0,0,,,,0.0,-1.0,n/a,54.7,5.1,"obs_days=92.9, n_samples=1553, quality=QUALITY_SHORT_OBS -> insufficient/uncertain data",観測期間・サンプル数・カウンタ整合性のいずれかが不足しており信頼できる判定ができません。review_priorityに従い追加データ収集または手動レビューを行ってください。,v2.0-final,v2.0-final,v2.0-final,ThinkPad P14s Gen 7 AMD,Celxpert,5B11M90174
2026-06-03T16:38:27,JOSHUA_jbowen2,NORMAL_OR_RESPONDING,ACTION_NONE,high,NOT_NO_LOW_CHANGE_CANDIDATE,,,,,,False,False,False,False,False,89,30,30,145.902,44.981,2.0,197.86,61.0,2.0,0.0,86.0,100.0,14.0,0.9847,0,0,0,0,0,0,0,0,0,0,,,,0.0,-1.0,n/a,70.0,10.3,"flat_tail=2.0d, fcc_changes=89, tail_cyc=0.0, tail_ok[90/80]=0/0, unresp_complete[90/80]=0/0, large_gap[90/80]=0/0 -> FCC still updating / not a no-low-change candidate",,v2.0-final,v2.0-final,v2.0-final,ThinkPad L13 Gen 6,SMP,5B11M90129
2026-06-03T16:38:27,JP2-E3-05_e3,WATCH_LOW_UPDATE_RATE_AMBIGUOUS,ACTION_MONITOR_OR_MANUAL_REVIEW,low,WATCH_POSSIBLE_OPPORTUNITY_WITH_LARGE_GAPS,,WATCH_POSSIBLE_OPPORTUNITY_WITH_LARGE_GAPS,,,,True,True,True,False,True,0,0,0,0.0,0.0,708.8,708.8,13.0,708.8,13.0,5.0,100.0,95.0,0.6068,0,7,7,0,6,6,0,0,0,0,,,,0.0,1.0,MIXED,58.8,37.6,"flat_tail=708.8d, fcc_changes=0, tail_cyc=13.0, tail_ok[90/80]=0/0, unresp_complete[90/80]=0/0, large_gap[90/80]=6/7 -> ambiguous (watch)",FCC更新率は低いが完全凍結ではない/学習機会がlarge-gapまたは打ち切りで確証が弱い/境界的のため、FW確認に回す前にモニタリングまたは手動レビューを推奨します。,v2.0-final,v2.0-final,v2.0-final,ThinkPad,Sunwoda,5B10W13975
2026-06-03T16:38:27,JPIPER-PF689FNM_jpiper,REVIEW_INSUFFICIENT_DATA,ACTION_COLLECT_MORE_DATA_OR_MANUAL_REVIEW,review,REVIEW_SHORT_OBS_ACTIVE_LIKE,,,REVIEW_SHORT_OBS_ACTIVE_LIKE,low,観測期間<120日でactive様（flat_tail<60）。経過観察で十分なことが多い。,False,False,False,False,False,4,0,0,44.444,11.074,0.0,36.12,9.0,0.0,0.0,79.0,95.0,16.0,0.0,0,0,0,0,0,0,0,0,0,0,,,,0.0,-1.0,n/a,59.7,5.0,"obs_days=36.1, n_samples=377, quality=QUALITY_SHORT_OBS -> insufficient/uncertain data",観測期間・サンプル数・カウンタ整合性のいずれかが不足しており信頼できる判定ができません。review_priorityに従い追加データ収集または手動レビューを行ってください。,v2.0-final,v2.0-final,v2.0-final,ThinkPad X1 Carbon Gen 14,Sunwoda,5B11M90160
2026-06-03T16:38:27,JPROULX-F5GQ0BB_jproulx,NORMAL_OR_RESPONDING,ACTION_NONE,high,NOT_NO_LOW_CHANGE_CANDIDATE,,,,,,False,False,False,False,False,161,51,51,142.478,42.514,0.9,378.7,113.0,0.9,0.0,50.0,100.0,50.0,0.281,0,0,0,0,0,0,0,0,0,0,,,,0.0,-1.0,n/a,55.8,10.2,"flat_tail=0.9d, fcc_changes=161, tail_cyc=0.0, tail_ok[90/80]=0/0, unresp_complete[90/80]=0/0, large_gap[90/80]=0/0 -> FCC still updating / not a no-low-change candidate",,v2.0-final,v2.0-final,v2.0-final,ThinkPad T16 Gen 4,Celxpert,5B11H56411
2026-06-03T16:38:27,JQUINTERO-A2BYW_jquintero,NORMAL_OR_RESPONDING,ACTION_NONE,high,NOT_NO_LOW_CHANGE_CANDIDATE,,,,,,False,False,False,False,False,113,17,17,113.0,19.925,8.8,567.14,100.0,8.8,0.0,79.0,100.0,21.0,0.7893,0,0,0,0,0,0,0,0,0,0,,,,0.0,-1.0,n/a,67.3,11.5,"flat_tail=8.8d, fcc_changes=113, tail_cyc=0.0, tail_ok[90/80]=0/0, unresp_complete[90/80]=0/0, large_gap[90/80]=0/0 -> FCC still updating / not a no-low-change candidate",,v2.0-final,v2.0-final,v2.0-final,ThinkPad L16 Gen 1,SMP,5B11H56396
2026-06-03T16:38:27,JUAN_jnunez5,REVIEW_INSUFFICIENT_DATA,ACTION_COLLECT_MORE_DATA_OR_MANUAL_REVIEW,review,REVIEW_COUNTER_RESET,,,REVIEW_COUNTER_RESET,high,cycleCountが減少（カウンタリセット/パック異常疑い）。生ログ確認が必要。,False,False,False,False,False,55,16,15,137.5,23.217,3.0,236.9,40.0,3.0,0.0,87.0,100.0,13.0,0.0,0,0,0,0,0,0,0,0,0,0,,,,0.0,-1.0,n/a,56.2,0.5,"obs_days=236.9, n_samples=1225, quality=QUALITY_COUNTER_RESET -> insufficient/uncertain data",観測期間・サンプル数・カウンタ整合性のいずれかが不足しており信頼できる判定ができません。review_priorityに従い追加データ収集または手動レビューを行ってください。,v2.0-final,v2.0-final,v2.0-final,ThinkPad T14s 2-in-1 Gen 1,SMP,5B11M90107
2026-06-03T16:38:27,JURAKAWA-3319AM_jurakawa,WATCH_LOW_UPDATE_RATE_AMBIGUOUS,ACTION_MONITOR_OR_MANUAL_REVIEW,low,WATCH_POSSIBLE_OPPORTUNITY_WITH_LARGE_GAPS,,WATCH_POSSIBLE_OPPORTUNITY_WITH_LARGE_GAPS,,,,True,False,True,False,True,9,9,9,5.422,0.798,675.3,1127.19,166.0,675.3,56.0,0.0,100.0,100.0,0.5694,0,16,16,0,15,15,0,0,0,0,,,,0.0,1.0,MIXED,52.9,50.0,"flat_tail=675.3d, fcc_changes=9, tail_cyc=56.0, tail_ok[90/80]=0/0, unresp_complete[90/80]=0/0, large_gap[90/80]=15/16 -> ambiguous (watch)",FCC更新率は低いが完全凍結ではない/学習機会がlarge-gapまたは打ち切りで確証が弱い/境界的のため、FW確認に回す前にモニタリングまたは手動レビューを推奨します。,v2.0-final,v2.0-final,v2.0-final,ThinkPad X1 Carbon Gen 9,SMP,5B10W13973
2026-06-03T16:38:27,JXU9-PF3SLCZ3_jxu9,NORMAL_OR_RESPONDING,ACTION_NONE,high,NOT_NO_LOW_CHANGE_CANDIDATE,,,,,,False,False,False,False,False,40,33,14,111.111,4.201,3.5,952.12,36.0,3.5,0.0,99.0,100.0,1.0,1.0,0,0,0,0,0,0,0,0,0,0,,,,0.0,-1.0,n/a,70.6,10.6,"flat_tail=3.5d, fcc_changes=40, tail_cyc=0.0, tail_ok[90/80]=0/0, unresp_complete[90/80]=0/0, large_gap[90/80]=0/0 -> FCC still updating / not a no-low-change candidate",,v2.0-final,v2.0-final,v2.0-final,ThinkPad P16v Gen 1,Celxpert,5B11H56374
2026-06-03T16:38:27,JYANGO-PF462GGQ_jyango,WATCH_LOW_UPDATE_RATE_AMBIGUOUS,ACTION_MONITOR_OR_MANUAL_REVIEW,low,WATCH_POSSIBLE_OPPORTUNITY_WITH_LARGE_GAPS,,WATCH_POSSIBLE_OPPORTUNITY_WITH_LARGE_GAPS,,,,True,False,True,False,False,4,4,4,4.255,1.544,204.5,259.1,94.0,204.5,64.0,3.0,100.0,97.0,0.812,0,5,5,0,0,0,0,0,0,0,,,,0.0,1.0,MIXED,60.4,50.0,"flat_tail=204.5d, fcc_changes=4, tail_cyc=64.0, tail_ok[90/80]=0/0, unresp_complete[90/80]=0/0, large_gap[90/80]=0/5 -> ambiguous (watch)",FCC更新率は低いが完全凍結ではない/学習機会がlarge-gapまたは打ち切りで確証が弱い/境界的のため、FW確認に回す前にモニタリングまたは手動レビューを推奨します。,v2.0-final,v2.0-final,v2.0-final,ThinkPad X1 Yoga Gen 7,,
2026-06-03T16:38:27,KANGYINGB-LFXB1_kangyingb,NORMAL_OR_RESPONDING,ACTION_NONE,high,NOT_NO_LOW_CHANGE_CANDIDATE,,,,,,False,False,False,False,False,92,28,28,119.481,59.682,0.1,154.15,77.0,0.1,0.0,77.0,100.0,23.0,0.2544,0,0,0,0,0,0,0,0,0,0,,,,0.0,-1.0,n/a,62.4,10.0,"flat_tail=0.1d, fcc_changes=92, tail_cyc=0.0, tail_ok[90/80]=0/0, unresp_complete[90/80]=0/0, large_gap[90/80]=0/0 -> FCC still updating / not a no-low-change candidate",,v2.0-final,v2.0-final,v2.0-final,ThinkPad X9-14 Gen 1,BYD,LNV-5B11M90101@
2026-06-03T16:38:27,KARAI6-PF4PTTHT_karai6,NORMAL_OR_RESPONDING,ACTION_NONE,high,NOT_NO_LOW_CHANGE_CANDIDATE,,,,,,False,False,False,False,False,84,3,3,150.0,35.818,1.9,234.52,56.0,1.9,0.0,74.0,100.0,26.0,0.5698,0,0,0,0,0,0,0,0,0,0,,,,0.0,-1.0,n/a,61.7,10.3,"flat_tail=1.9d, fcc_changes=84, tail_cyc=0.0, tail_ok[90/80]=0/0, unresp_complete[90/80]=0/0, large_gap[90/80]=0/0 -> FCC still updating / not a no-low-change candidate",,v2.0-final,v2.0-final,v2.0-final,ThinkPad X1 Carbon Gen 12,SMP,5B11H56383
2026-06-03T16:38:27,KATIE_kjackson,REVIEW_INSUFFICIENT_DATA,ACTION_COLLECT_MORE_DATA_OR_MANUAL_REVIEW,review,REVIEW_SHORT_OBS_ACTIVE_LIKE,,,REVIEW_SHORT_OBS_ACTIVE_LIKE,low,観測期間<120日でactive様（flat_tail<60）。経過観察で十分なことが多い。,False,False,False,False,False,8,0,0,100.0,6.715,0.2,119.14,8.0,0.2,0.0,46.0,100.0,54.0,0.2984,0,0,0,0,0,0,0,0,0,0,,,,0.0,-1.0,n/a,51.0,5.0,"obs_days=119.1, n_samples=1851, quality=QUALITY_SHORT_OBS -> insufficient/uncertain data",観測期間・サンプル数・カウンタ整合性のいずれかが不足しており信頼できる判定ができません。review_priorityに従い追加データ収集または手動レビューを行ってください。,v2.0-final,v2.0-final,v2.0-final,ThinkPad L13 2-in-1 Gen 6,SMP,5B11M90129
2026-06-03T16:38:27,KAYLEY_Kayle,NORMAL_OR_RESPONDING,ACTION_NONE,high,NOT_NO_LOW_CHANGE_CANDIDATE,,,,,,False,False,False,False,False,55,5,3,343.75,12.96,0.5,424.38,16.0,0.5,0.0,99.0,100.0,1.0,1.0,0,0,0,0,0,0,0,0,0,0,,,,0.0,-1.0,n/a,70.1,10.1,"flat_tail=0.5d, fcc_changes=55, tail_cyc=0.0, tail_ok[90/80]=0/0, unresp_complete[90/80]=0/0, large_gap[90/80]=0/0 -> FCC still updating / not a no-low-change candidate",,v2.0-final,v2.0-final,v2.0-final,ThinkPad X1 2-in-1 Gen 10,SMP,5B11M90097
2026-06-03T16:38:27,KAZUK_PR2,REVIEW_INSUFFICIENT_DATA,ACTION_COLLECT_MORE_DATA_OR_MANUAL_REVIEW,review,REVIEW_COUNTER_RESET,,,REVIEW_COUNTER_RESET,high,cycleCountが減少（カウンタリセット/パック異常疑い）。生ログ確認が必要。,False,False,False,False,False,405,286,218,358.407,48.198,0.0,840.28,113.0,0.0,0.0,51.0,71.0,20.0,1.0,0,0,0,0,0,0,0,0,0,0,,,,0.0,-1.0,n/a,60.0,0.0,"obs_days=840.3, n_samples=7491, quality=QUALITY_COUNTER_RESET -> insufficient/uncertain data",観測期間・サンプル数・カウンタ整合性のいずれかが不足しており信頼できる判定ができません。review_priorityに従い追加データ収集または手動レビューを行ってください。,v2.0-final,v2.0-final,v2.0-final,ThinkPad X1 Carbon Gen 10,Celxpert,5B10W13974
2026-06-03T16:38:27,KCHAUHAN1-Y538L_kchauhan1,REVIEW_INSUFFICIENT_DATA,ACTION_COLLECT_MORE_DATA_OR_MANUAL_REVIEW,review,REVIEW_SHORT_OBS_ACTIVE_LIKE,,,REVIEW_SHORT_OBS_ACTIVE_LIKE,low,観測期間<120日でactive様（flat_tail<60）。経過観察で十分なことが多い。,False,False,False,False,False,30,24,8,103.448,45.461,4.7,65.99,29.0,4.7,0.0,24.0,100.0,76.0,0.1353,0,0,0,0,0,0,0,0,0,0,,,,0.0,-1.0,n/a,48.5,5.8,"obs_days=66.0, n_samples=638, quality=QUALITY_SHORT_OBS -> insufficient/uncertain data",観測期間・サンプル数・カウンタ整合性のいずれかが不足しており信頼できる判定ができません。review_priorityに従い追加データ収集または手動レビューを行ってください。,v2.0-final,v2.0-final,v2.0-final,ThinkPad P16s Gen 3,SMP,5B11H56401
2026-06-03T16:38:27,KCHEON-PF5A9YHM_kcheon,NORMAL_OR_RESPONDING,ACTION_NONE,high,NOT_NO_LOW_CHANGE_CANDIDATE,,,,,,False,False,False,False,False,100,6,6,102.041,22.016,49.2,454.21,98.0,49.2,0.0,52.0,100.0,48.0,1.0,0,0,0,0,0,0,0,0,0,0,,,,0.0,-1.0,n/a,78.2,18.2,"flat_tail=49.2d, fcc_changes=100, tail_cyc=0.0, tail_ok[90/80]=0/0, unresp_complete[90/80]=0/0, large_gap[90/80]=0/0 -> FCC still updating / not a no-low-change candidate",,v2.0-final,v2.0-final,v2.0-final,ThinkPad T14s Gen 6,Sunwoda,5B11M90105
2026-06-03T16:38:27,KDARDEN-F4CFJD9_kdarden,WATCH_LOW_UPDATE_RATE_AMBIGUOUS,ACTION_MONITOR_OR_MANUAL_REVIEW,low,WATCH_POSSIBLE_OPPORTUNITY_WITH_LARGE_GAPS,,WATCH_POSSIBLE_OPPORTUNITY_WITH_LARGE_GAPS,,,,True,False,False,True,True,2,2,2,0.673,0.474,37.1,421.79,297.0,37.1,24.0,1.0,100.0,99.0,0.6317,0,2,2,0,2,2,0,0,0,0,,,,0.0,1.0,MIXED,40.2,21.0,"flat_tail=37.1d, fcc_changes=2, tail_cyc=24.0, tail_ok[90/80]=0/0, unresp_complete[90/80]=0/0, large_gap[90/80]=2/2 -> ambiguous (watch)",FCC更新率は低いが完全凍結ではない/学習機会がlarge-gapまたは打ち切りで確証が弱い/境界的のため、FW確認に回す前にモニタリングまたは手動レビューを推奨します。,v2.0-final,v2.0-final,v2.0-final,ThinkPad T14 Gen 4,Celxpert,5B10W51866
2026-06-03T16:38:27,KGU-PF5DEB5C_kgu,REVIEW_INSUFFICIENT_DATA,ACTION_COLLECT_MORE_DATA_OR_MANUAL_REVIEW,review,REVIEW_COUNTER_RESET,,,REVIEW_COUNTER_RESET,high,cycleCountが減少（カウンタリセット/パック異常疑い）。生ログ確認が必要。,False,False,False,False,False,19,13,0,73.077,19.804,2.7,95.94,26.0,2.7,0.0,91.0,100.0,9.0,0.8636,0,0,0,0,0,0,0,0,0,0,,,,0.0,-1.0,n/a,57.7,0.5,"obs_days=95.9, n_samples=1619, quality=QUALITY_COUNTER_RESET -> insufficient/uncertain data",観測期間・サンプル数・カウンタ整合性のいずれかが不足しており信頼できる判定ができません。review_priorityに従い追加データ収集または手動レビューを行ってください。,v2.0-final,v2.0-final,v2.0-final,ThinkPad P16s Gen 3,SMP,5B11H56401
2026-06-03T16:38:27,KGUO1-PF4R03CL_kguo1,REVIEW_INSUFFICIENT_DATA,ACTION_COLLECT_MORE_DATA_OR_MANUAL_REVIEW,review,REVIEW_SHORT_OBS_ACTIVE_LIKE,,,REVIEW_SHORT_OBS_ACTIVE_LIKE,low,観測期間<120日でactive様（flat_tail<60）。経過観察で十分なことが多い。,False,False,False,False,False,4,0,0,100.0,8.923,10.0,44.83,4.0,10.0,0.0,35.0,68.0,33.0,0.4309,0,0,0,0,0,0,0,0,0,0,,,,0.0,-1.0,n/a,55.7,6.7,"obs_days=44.8, n_samples=682, quality=QUALITY_SHORT_OBS -> insufficient/uncertain data",観測期間・サンプル数・カウンタ整合性のいずれかが不足しており信頼できる判定ができません。review_priorityに従い追加データ収集または手動レビューを行ってください。,v2.0-final,v2.0-final,v2.0-final,ThinkPad T14s Gen 5,Sunwoda,5B11H56405
2026-06-03T16:38:27,KGUO1-PF4Z3832_kguo1,REVIEW_INSUFFICIENT_DATA,ACTION_COLLECT_MORE_DATA_OR_MANUAL_REVIEW,review,REVIEW_SHORT_OBS_ACTIVE_LIKE,,,REVIEW_SHORT_OBS_ACTIVE_LIKE,low,観測期間<120日でactive様（flat_tail<60）。経過観察で十分なことが多い。,False,False,False,False,False,3,0,0,100.0,14.265,8.0,21.03,3.0,8.0,0.0,67.0,100.0,33.0,0.8848,0,0,0,0,0,0,0,0,0,0,,,,0.0,-1.0,n/a,64.0,6.3,"obs_days=21.0, n_samples=297, quality=QUALITY_SHORT_OBS -> insufficient/uncertain data",観測期間・サンプル数・カウンタ整合性のいずれかが不足しており信頼できる判定ができません。review_priorityに従い追加データ収集または手動レビューを行ってください。,v2.0-final,v2.0-final,v2.0-final,ThinkPad T14 Gen 5,Celxpert,5B11H56416
2026-06-03T16:38:27,KGUO1-PF55Q5S3_kguo1,REVIEW_INSUFFICIENT_DATA,ACTION_COLLECT_MORE_DATA_OR_MANUAL_REVIEW,review,REVIEW_SHORT_OBS_ACTIVE_LIKE,,,REVIEW_SHORT_OBS_ACTIVE_LIKE,low,観測期間<120日でactive様（flat_tail<60）。経過観察で十分なことが多い。,False,False,False,False,False,8,0,0,800.0,16.327,6.9,49.0,1.0,6.9,0.0,89.0,100.0,11.0,0.9942,0,0,0,0,0,0,0,0,0,0,,,,0.0,-1.0,n/a,66.0,6.2,"obs_days=49.0, n_samples=1314, quality=QUALITY_SHORT_OBS -> insufficient/uncertain data",観測期間・サンプル数・カウンタ整合性のいずれかが不足しており信頼できる判定ができません。review_priorityに従い追加データ収集または手動レビューを行ってください。,v2.0-final,v2.0-final,v2.0-final,ThinkPad T16 Gen 4,SMP,5B11H56412
2026-06-03T16:38:27,KGUO1-PF5GR16K_kguo1,NORMAL_OR_RESPONDING,ACTION_NONE,high,NOT_NO_LOW_CHANGE_CANDIDATE,,,,,,False,False,False,False,False,17,0,0,100.0,7.835,0.9,216.98,17.0,0.9,0.0,75.0,79.0,4.0,1.0,0,0,0,0,0,0,0,0,0,0,,,,0.0,-1.0,n/a,70.2,10.2,"flat_tail=0.9d, fcc_changes=17, tail_cyc=0.0, tail_ok[90/80]=0/0, unresp_complete[90/80]=0/0, large_gap[90/80]=0/0 -> FCC still updating / not a no-low-change candidate",,v2.0-final,v2.0-final,v2.0-final,ThinkPad T14s Gen 6,Sunwoda,5B11M90105
2026-06-03T16:38:27,KGUO1-PF62LBME_kguo1,NORMAL_OR_RESPONDING,ACTION_NONE,high,NOT_NO_LOW_CHANGE_CANDIDATE,,,,,,False,False,False,False,False,7,0,0,100.0,5.642,14.0,124.08,7.0,14.0,0.0,66.0,75.0,9.0,1.0,0,0,0,0,0,0,0,0,0,0,,,,0.0,-1.0,n/a,72.3,12.3,"flat_tail=14.0d, fcc_changes=7, tail_cyc=0.0, tail_ok[90/80]=0/0, unresp_complete[90/80]=0/0, large_gap[90/80]=0/0 -> FCC still updating / not a no-low-change candidate",,v2.0-final,v2.0-final,v2.0-final,ThinkPad T16 Gen 5,COSMX,5B11M90167
2026-06-03T16:38:27,KGUO1-PW09S0X5_kguo1,REVIEW_INSUFFICIENT_DATA,ACTION_COLLECT_MORE_DATA_OR_MANUAL_REVIEW,review,REVIEW_SHORT_OBS_ACTIVE_LIKE,,,REVIEW_SHORT_OBS_ACTIVE_LIKE,low,観測期間<120日でactive様（flat_tail<60）。経過観察で十分なことが多い。,False,False,False,False,False,6,0,0,66.667,12.168,0.2,49.31,9.0,0.2,0.0,49.0,100.0,51.0,0.4874,0,0,0,0,0,0,0,0,0,0,,,,0.0,-1.0,n/a,54.8,5.0,"obs_days=49.3, n_samples=639, quality=QUALITY_SHORT_OBS -> insufficient/uncertain data",観測期間・サンプル数・カウンタ整合性のいずれかが不足しており信頼できる判定ができません。review_priorityに従い追加データ収集または手動レビューを行ってください。,v2.0-final,v2.0-final,v2.0-final,ThinkPad L14 Gen 5,Sunwoda,5B11H56397
2026-06-03T16:38:27,KHORINOUCHI-42K_khorinouchi,WATCH_LOW_UPDATE_RATE_AMBIGUOUS,ACTION_MONITOR_OR_MANUAL_REVIEW,low,WATCH_POSSIBLE_OPPORTUNITY_WITH_LARGE_GAPS,,WATCH_POSSIBLE_OPPORTUNITY_WITH_LARGE_GAPS,,,,True,True,True,False,True,0,0,0,0.0,0.0,195.9,195.91,10.0,195.9,10.0,1.0,100.0,99.0,0.4415,0,5,5,0,4,4,0,0,0,0,,,,0.0,1.0,MIXED,58.0,37.0,"flat_tail=195.9d, fcc_changes=0, tail_cyc=10.0, tail_ok[90/80]=0/0, unresp_complete[90/80]=0/0, large_gap[90/80]=4/5 -> ambiguous (watch)",FCC更新率は低いが完全凍結ではない/学習機会がlarge-gapまたは打ち切りで確証が弱い/境界的のため、FW確認に回す前にモニタリングまたは手動レビューを推奨します。,v2.0-final,v2.0-final,v2.0-final,ThinkPad T14 Gen 1,LG,5B10W13905
2026-06-03T16:38:27,KILLEBREW,NORMAL_OR_RESPONDING,ACTION_NONE,high,NOT_NO_LOW_CHANGE_CANDIDATE,,,,,,False,False,False,False,False,34,30,30,14.167,3.116,76.2,1091.04,240.0,76.2,25.0,25.0,100.0,75.0,0.7892,0,0,0,0,0,0,0,0,0,0,,,,0.0,-1.0,n/a,66.0,27.7,"flat_tail=76.2d, fcc_changes=34, tail_cyc=25.0, tail_ok[90/80]=0/0, unresp_complete[90/80]=0/0, large_gap[90/80]=0/0 -> FCC still updating / not a no-low-change candidate",,v2.0-final,v2.0-final,v2.0-final,ThinkPad X13 Gen 4,SMP,5B11H56366
2026-06-03T16:38:27,KINOUE4XF49VR0W_kinoue4,NORMAL_OR_RESPONDING,ACTION_NONE,high,NOT_NO_LOW_CHANGE_CANDIDATE,,,,,,False,False,False,False,False,19,15,15,5.382,2.618,109.8,725.88,353.0,109.8,37.0,3.0,100.0,97.0,0.5961,0,5,5,0,0,0,0,0,0,0,,,,0.0,-1.0,n/a,44.4,35.7,"flat_tail=109.8d, fcc_changes=19, tail_cyc=37.0, tail_ok[90/80]=0/0, unresp_complete[90/80]=0/0, large_gap[90/80]=0/5 -> FCC still updating / not a no-low-change candidate",,v2.0-final,v2.0-final,v2.0-final,ThinkPad X1 Yoga Gen 7,SMP,5B10W13973
2026-06-03T16:38:27,KIRRO-ALLOYSIT7_Kirro,NORMAL_OR_RESPONDING,ACTION_NONE,high,NOT_NO_LOW_CHANGE_CANDIDATE,,,,,,False,False,False,False,False,343,70,66,120.775,64.389,1.1,532.7,284.0,1.1,0.0,41.0,100.0,59.0,0.6227,0,0,0,0,0,0,0,0,0,0,,,,0.0,-1.0,n/a,62.6,10.2,"flat_tail=1.1d, fcc_changes=343, tail_cyc=0.0, tail_ok[90/80]=0/0, unresp_complete[90/80]=0/0, large_gap[90/80]=0/0 -> FCC still updating / not a no-low-change candidate",,v2.0-final,v2.0-final,v2.0-final,ThinkPad X9-14 Gen 1,Sunwoda,LNV-5B11M90102@
2026-06-03T16:38:27,KIWAO-PF4KXHHL_kiwao,NORMAL_OR_RESPONDING,ACTION_NONE,high,NOT_NO_LOW_CHANGE_CANDIDATE,,,,,,False,False,False,False,False,9,1,1,112.5,6.423,3.4,140.12,8.0,3.4,0.0,71.0,100.0,29.0,0.8489,0,0,0,0,0,0,0,0,0,0,,,,0.0,-1.0,n/a,67.5,10.6,"flat_tail=3.4d, fcc_changes=9, tail_cyc=0.0, tail_ok[90/80]=0/0, unresp_complete[90/80]=0/0, large_gap[90/80]=0/0 -> FCC still updating / not a no-low-change candidate",,v2.0-final,v2.0-final,v2.0-final,ThinkPad Z13 Gen 2,BYD,5B10W51883
2026-06-03T16:38:27,KIWAO_kiwao,REVIEW_INSUFFICIENT_DATA,ACTION_COLLECT_MORE_DATA_OR_MANUAL_REVIEW,review,REVIEW_SHORT_OBS_ACTIVE_LIKE,,,REVIEW_SHORT_OBS_ACTIVE_LIKE,low,観測期間<120日でactive様（flat_tail<60）。経過観察で十分なことが多い。,False,False,False,False,False,3,0,0,42.857,3.946,27.0,76.03,7.0,27.0,0.0,81.0,100.0,19.0,0.5101,0,0,0,0,0,0,0,0,0,0,,,,0.0,-1.0,n/a,63.2,9.5,"obs_days=76.0, n_samples=313, quality=QUALITY_SHORT_OBS -> insufficient/uncertain data",観測期間・サンプル数・カウンタ整合性のいずれかが不足しており信頼できる判定ができません。review_priorityに従い追加データ収集または手動レビューを行ってください。,v2.0-final,v2.0-final,v2.0-final,ThinkPad X1 Carbon Gen 14,ATL,5B11M90161
2026-06-03T16:38:27,KKITTS-PF58LF52_kkitts,NORMAL_OR_RESPONDING,ACTION_NONE,high,NOT_NO_LOW_CHANGE_CANDIDATE,,,,,,False,False,False,False,False,54,13,13,117.391,13.5,8.0,399.99,46.0,8.0,0.0,0.0,100.0,100.0,0.2803,0,0,0,0,0,0,0,0,0,0,,,,0.0,-1.0,n/a,56.9,11.3,"flat_tail=8.0d, fcc_changes=54, tail_cyc=0.0, tail_ok[90/80]=0/0, unresp_complete[90/80]=0/0, large_gap[90/80]=0/0 -> FCC still updating / not a no-low-change candidate",,v2.0-final,v2.0-final,v2.0-final,ThinkPad T14 Gen 6,Sunwoda,5B11M90127
2026-06-03T16:38:27,KMAKI-PF45ET63_kmaki,ACTIONABLE_FW_CHECK_OPPORTUNITY_NO_RESPONSE,ACTION_FW_CHECK,medium,FW_MEDIUM_UNRESPONDED_COMPLETE_WINDOWS,ZERO_UPDATE_AFTER_OPPORTUNITIES,,,,,True,True,False,True,False,0,0,0,0.0,0.0,132.2,132.21,86.0,132.2,86.0,2.0,100.0,98.0,0.5668,4,12,16,0,5,5,4,0,0,0,2.062,0.0,-2.753,94.0,1.0,MIXED,44.8,86.0,"flat_tail=132.2d, fcc_changes=0, tail_cyc=86.0, tail_ok[90/80]=0/4, unresp_complete[90/80]=0/4, large_gap[90/80]=5/12 -> complete-window opportunities present but FCC did not respond",FCC/SoHが長期間更新されておらず、ログ上は深い放電→再充電の学習機会（完全窓・OK品質）が複数回確認されるのにFCCが応答していません。BIOS/EC/バッテリー関連FWのVersion確認とアップデート有無確認を優先してください。アップデート後、次回の学習機会後72h〜7日間でFCC更新有無を確認してください。,v2.0-final,v2.0-final,v2.0-final,ThinkPad X1 Carbon Gen 10,Sunwoda,5B10W13975
2026-06-03T16:38:27,KMAKI-PF4WSHXN_kmaki,REVIEW_INSUFFICIENT_DATA,ACTION_COLLECT_MORE_DATA_OR_MANUAL_REVIEW,review,REVIEW_COUNTER_RESET,,,REVIEW_COUNTER_RESET,high,cycleCountが減少（カウンタリセット/パック異常疑い）。生ログ確認が必要。,False,False,False,False,False,181,16,16,112.422,50.959,16.7,355.19,161.0,16.7,0.0,9.0,100.0,91.0,0.1841,0,0,0,0,0,0,0,0,0,0,,,,0.0,-1.0,n/a,46.5,2.8,"obs_days=355.2, n_samples=7886, quality=QUALITY_COUNTER_RESET -> insufficient/uncertain data",観測期間・サンプル数・カウンタ整合性のいずれかが不足しており信頼できる判定ができません。review_priorityに従い追加データ収集または手動レビューを行ってください。,v2.0-final,v2.0-final,v2.0-final,ThinkPad X1 Carbon Gen 12,BYD,5B11H56386
2026-06-03T16:38:27,KMORIGUCHI-SY92_kmoriguchi,ACTIONABLE_GAUGE_RESET_INSUFFICIENT_LEARNING_OPPORTUNITY,ACTION_GAUGE_RESET,high,GAUGE_HIGH_NO_OPPORTUNITY,NO_OPPORTUNITY_AC_BOUND;NO_OPPORTUNITY_LOW_CYCLING;NO_OPPORTUNITY_SHALLOW_RANGE,,,,,True,False,True,True,True,1,1,1,0.943,0.088,397.8,1133.08,106.0,397.8,7.0,64.0,100.0,36.0,0.9024,0,0,0,0,0,0,0,0,0,0,,,,0.0,0.0,AC_BOUND+SHALLOW_RANGE+LOW_CYCLING,94.5,41.4,"flat_tail=397.8d, fcc_changes=1, tail_cyc=7.0, tail_ok[90/80]=0/0, unresp_complete[90/80]=0/0, large_gap[90/80]=0/0, ac=0.90, min_rsoc=64.0 -> insufficient learning opportunity",FCC/SoHが長期間更新されておらず、ログ上は深い放電→再充電の学習機会が十分に確認できません（OK品質の機会が無く、large-gapを含めても判定可能な機会がない）。安全な環境でOEM推奨のバッテリーゲージリセット/キャリブレーションを実施し、その後72h〜7日間のテレメトリでFCC更新有無を確認してください。,v2.0-final,v2.0-final,v2.0-final,ThinkPad X1 Carbon Gen 10,SMP,5B11M90056
2026-06-03T16:38:27,KSAMBDMA-62KJHP_ksambdma,NORMAL_OR_RESPONDING,ACTION_NONE,high,NOT_NO_LOW_CHANGE_CANDIDATE,,,,,,False,False,False,False,False,8,0,0,80.0,6.011,8.2,133.1,10.0,8.2,0.0,94.0,100.0,6.0,0.7187,0,0,0,0,0,0,0,0,0,0,,,,0.0,-1.0,n/a,69.4,11.4,"flat_tail=8.2d, fcc_changes=8, tail_cyc=0.0, tail_ok[90/80]=0/0, unresp_complete[90/80]=0/0, large_gap[90/80]=0/0 -> FCC still updating / not a no-low-change candidate",,v2.0-final,v2.0-final,v2.0-final,ThinkPad T16 Gen 5,Sunwoda,5B11M90169
2026-06-03T16:38:27,KSERDAR-W0A2BP3_kserdar,NORMAL_OR_RESPONDING,ACTION_NONE,high,NOT_NO_LOW_CHANGE_CANDIDATE,,,,,,False,False,False,False,False,289,85,84,135.681,36.215,0.0,798.01,213.0,0.0,0.0,100.0,100.0,0.0,1.0,0,0,0,0,0,0,0,0,0,0,,,,0.0,-1.0,n/a,70.0,10.0,"flat_tail=0.0d, fcc_changes=289, tail_cyc=0.0, tail_ok[90/80]=0/0, unresp_complete[90/80]=0/0, large_gap[90/80]=0/0 -> FCC still updating / not a no-low-change candidate",,v2.0-final,v2.0-final,v2.0-final,ThinkPad L16 Gen 1,Sunwoda,5B11H56397
2026-06-03T16:38:27,KSHIBATAX3Y83N9_KSHIBATA,ACTIONABLE_FW_CHECK_OPPORTUNITY_NO_RESPONSE,ACTION_FW_CHECK,high,FW_HIGH_UNRESPONDED_COMPLETE_WINDOWS,ZERO_UPDATE_AFTER_OPPORTUNITIES,,,,,True,True,True,True,True,0,0,0,0.0,0.0,970.9,970.92,250.0,970.9,250.0,2.0,100.0,98.0,0.848,13,44,57,2,31,33,13,2,0,0,3.895,0.0,-2.218,90.2,2.0,AC_BOUND+HIGH_OPP_NO_RESPONSE,57.4,100.0,"flat_tail=970.9d, fcc_changes=0, tail_cyc=250.0, tail_ok[90/80]=2/13, unresp_complete[90/80]=2/13, large_gap[90/80]=31/44 -> complete-window opportunities present but FCC did not respond",FCC/SoHが長期間更新されておらず、ログ上は深い放電→再充電の学習機会（完全窓・OK品質）が複数回確認されるのにFCCが応答していません。BIOS/EC/バッテリー関連FWのVersion確認とアップデート有無確認を優先してください。アップデート後、次回の学習機会後72h〜7日間でFCC更新有無を確認してください。,v2.0-final,v2.0-final,v2.0-final,ThinkPad X1 Yoga Gen 7,Sunwoda,5B10W13975
2026-06-03T16:38:27,KSHIBAYAMA-TB38_kshibayama,NORMAL_OR_RESPONDING,ACTION_NONE,high,NOT_NO_LOW_CHANGE_CANDIDATE,,,,,,False,False,False,False,False,109,6,5,114.737,44.365,0.7,245.69,95.0,0.7,0.0,91.0,100.0,9.0,0.4227,0,0,0,0,0,0,0,0,0,0,,,,0.0,-1.0,n/a,67.1,10.1,"flat_tail=0.7d, fcc_changes=109, tail_cyc=0.0, tail_ok[90/80]=0/0, unresp_complete[90/80]=0/0, large_gap[90/80]=0/0 -> FCC still updating / not a no-low-change candidate",,v2.0-final,v2.0-final,v2.0-final,ThinkPad X1 2-in-1 Gen 9,SMP,5B11H56383
2026-06-03T16:38:27,KTAKEDA5-3ZPVTQ_ktakeda5,WATCH_LOW_UPDATE_RATE_AMBIGUOUS,ACTION_MONITOR_OR_MANUAL_REVIEW,low,WATCH_POSSIBLE_OPPORTUNITY_WITH_LARGE_GAPS,,WATCH_POSSIBLE_OPPORTUNITY_WITH_LARGE_GAPS,,,,True,False,True,False,False,7,6,6,21.875,1.705,217.0,410.55,32.0,217.0,15.0,6.0,100.0,94.0,0.9292,0,5,5,0,3,3,0,0,0,0,,,,0.0,1.0,MIXED,70.3,43.0,"flat_tail=217.0d, fcc_changes=7, tail_cyc=15.0, tail_ok[90/80]=0/0, unresp_complete[90/80]=0/0, large_gap[90/80]=3/5 -> ambiguous (watch)",FCC更新率は低いが完全凍結ではない/学習機会がlarge-gapまたは打ち切りで確証が弱い/境界的のため、FW確認に回す前にモニタリングまたは手動レビューを推奨します。,v2.0-final,v2.0-final,v2.0-final,ThinkPad X1 Carbon Gen 10,,
2026-06-03T16:38:27,KTATE2-PW0A2BTJ_ktate2,NORMAL_OR_RESPONDING,ACTION_NONE,high,NOT_NO_LOW_CHANGE_CANDIDATE,,,,,,False,False,False,False,False,110,12,12,106.796,27.094,3.1,406.0,103.0,3.1,0.0,88.0,100.0,12.0,0.8524,0,0,0,0,0,0,0,0,0,0,,,,0.0,-1.0,n/a,67.6,10.5,"flat_tail=3.1d, fcc_changes=110, tail_cyc=0.0, tail_ok[90/80]=0/0, unresp_complete[90/80]=0/0, large_gap[90/80]=0/0 -> FCC still updating / not a no-low-change candidate",,v2.0-final,v2.0-final,v2.0-final,ThinkPad L14 Gen 5,SMP,5B11H56396
2026-06-03T16:38:27,KURADA-32000014_kurada,REVIEW_INSUFFICIENT_DATA,ACTION_COLLECT_MORE_DATA_OR_MANUAL_REVIEW,review,REVIEW_SHORT_OBS_ACTIVE_LIKE,,,REVIEW_SHORT_OBS_ACTIVE_LIKE,low,観測期間<120日でactive様（flat_tail<60）。経過観察で十分なことが多い。,False,False,False,False,False,0,0,0,0.0,0.0,14.8,14.8,0.0,14.8,0.0,84.0,100.0,16.0,0.979,0,0,0,0,0,0,0,0,0,0,,,,0.0,-1.0,n/a,67.0,7.5,"obs_days=14.8, n_samples=269, quality=QUALITY_SHORT_OBS -> insufficient/uncertain data",観測期間・サンプル数・カウンタ整合性のいずれかが不足しており信頼できる判定ができません。review_priorityに従い追加データ収集または手動レビューを行ってください。,v2.0-final,v2.0-final,v2.0-final,ThinkPad P1 Gen 8,Sunwoda,5B11M37553
2026-06-03T16:38:27,KURADA-3_kurada,REVIEW_INSUFFICIENT_DATA,ACTION_COLLECT_MORE_DATA_OR_MANUAL_REVIEW,review,REVIEW_SHORT_OBS_ACTIVE_LIKE,,,REVIEW_SHORT_OBS_ACTIVE_LIKE,low,観測期間<120日でactive様（flat_tail<60）。経過観察で十分なことが多い。,False,False,False,False,False,5,3,1,166.667,9.917,28.2,50.42,3.0,28.2,1.0,83.0,100.0,17.0,0.979,0,0,0,0,0,0,0,0,0,0,,,,0.0,-1.0,n/a,68.8,9.9,"obs_days=50.4, n_samples=946, quality=QUALITY_SHORT_OBS -> insufficient/uncertain data",観測期間・サンプル数・カウンタ整合性のいずれかが不足しており信頼できる判定ができません。review_priorityに従い追加データ収集または手動レビューを行ってください。,v2.0-final,v2.0-final,v2.0-final,ThinkPad X12 Detachable Gen 2,SMP,5B10Z26480
2026-06-03T16:38:27,KURADA-4_kurada,ACTIONABLE_GAUGE_RESET_INSUFFICIENT_LEARNING_OPPORTUNITY,ACTION_GAUGE_RESET,high,GAUGE_HIGH_NO_OPPORTUNITY,NO_OPPORTUNITY_AC_BOUND;NO_OPPORTUNITY_SHALLOW_RANGE,,,,,True,False,True,False,True,5,4,2,17.857,1.075,366.6,464.94,28.0,366.6,20.0,23.0,100.0,77.0,0.9823,0,0,0,0,0,0,0,0,0,0,,,,0.0,1.0,MIXED,89.6,44.0,"flat_tail=366.6d, fcc_changes=5, tail_cyc=20.0, tail_ok[90/80]=0/0, unresp_complete[90/80]=0/0, large_gap[90/80]=0/0, ac=0.98, min_rsoc=23.0 -> insufficient learning opportunity",FCC/SoHが長期間更新されておらず、ログ上は深い放電→再充電の学習機会が十分に確認できません（OK品質の機会が無く、large-gapを含めても判定可能な機会がない）。安全な環境でOEM推奨のバッテリーゲージリセット/キャリブレーションを実施し、その後72h〜7日間のテレメトリでFCC更新有無を確認してください。,v2.0-final,v2.0-final,v2.0-final,ThinkPad X12 Detachable Gen 2,SMP,5B10Z26480
2026-06-03T16:38:27,KWATAMURA-BLXLJ_kwatamura,NORMAL_OR_RESPONDING,ACTION_NONE,high,NOT_NO_LOW_CHANGE_CANDIDATE,,,,,,False,False,False,False,False,854,624,514,280.0,139.529,0.0,612.06,305.0,0.0,0.0,41.0,41.0,0.0,1.0,0,0,0,0,0,0,0,0,0,0,,,,0.0,-1.0,n/a,70.0,10.0,"flat_tail=0.0d, fcc_changes=854, tail_cyc=0.0, tail_ok[90/80]=0/0, unresp_complete[90/80]=0/0, large_gap[90/80]=0/0 -> FCC still updating / not a no-low-change candidate",,v2.0-final,v2.0-final,v2.0-final,ThinkPad T490,,
2026-06-03T16:38:27,L13G4-A-CGBETA_cgridley,NORMAL_OR_RESPONDING,ACTION_NONE,high,NOT_NO_LOW_CHANGE_CANDIDATE,,,,,,False,False,False,False,False,50,40,26,166.667,9.932,0.0,503.44,30.0,0.0,0.0,99.0,99.0,0.0,,0,0,0,0,0,0,0,0,0,0,,,,0.0,-1.0,n/a,70.0,10.0,"flat_tail=0.0d, fcc_changes=50, tail_cyc=0.0, tail_ok[90/80]=0/0, unresp_complete[90/80]=0/0, large_gap[90/80]=0/0 -> FCC still updating / not a no-low-change candidate",,v2.0-final,v2.0-final,v2.0-final,ThinkPad L13 Gen 4,Sunwoda,LNV-5B11H56336
2026-06-03T16:38:27,L13_jboxer,REVIEW_INSUFFICIENT_DATA,ACTION_COLLECT_MORE_DATA_OR_MANUAL_REVIEW,review,REVIEW_COUNTER_RESET,,,REVIEW_COUNTER_RESET,high,cycleCountが減少（カウンタリセット/パック異常疑い）。生ログ確認が必要。,True,False,True,False,False,120,82,53,230.769,14.948,273.9,802.78,52.0,273.9,1.0,0.0,85.0,85.0,0.5638,0,0,0,0,0,0,0,0,0,0,,,,0.0,-1.0,n/a,80.8,30.2,"obs_days=802.8, n_samples=1602, quality=QUALITY_COUNTER_RESET -> insufficient/uncertain data",観測期間・サンプル数・カウンタ整合性のいずれかが不足しており信頼できる判定ができません。review_priorityに従い追加データ収集または手動レビューを行ってください。,v2.0-final,v2.0-final,v2.0-final,ThinkPad L13 Yoga Gen 4,Celxpert,LNV-5B11H56335
2026-06-03T16:38:27,L14G5I_Richard,REVIEW_INSUFFICIENT_DATA,ACTION_COLLECT_MORE_DATA_OR_MANUAL_REVIEW,review,REVIEW_SHORT_OBS_ACTIVE_LIKE,,,REVIEW_SHORT_OBS_ACTIVE_LIKE,low,観測期間<120日でactive様（flat_tail<60）。経過観察で十分なことが多い。,False,False,False,False,False,21,0,0,100.0,20.806,3.6,100.93,21.0,3.6,0.0,53.0,100.0,47.0,0.3763,0,0,0,0,0,0,0,0,0,0,,,,0.0,-1.0,n/a,53.1,5.6,"obs_days=100.9, n_samples=1107, quality=QUALITY_SHORT_OBS -> insufficient/uncertain data",観測期間・サンプル数・カウンタ整合性のいずれかが不足しており信頼できる判定ができません。review_priorityに従い追加データ収集または手動レビューを行ってください。,v2.0-final,v2.0-final,v2.0-final,ThinkPad L14 Gen 5,Sunwoda,5B11H56394
2026-06-03T16:38:27,LALLURI-F5FS8HX_lalluri,REVIEW_INSUFFICIENT_DATA,ACTION_COLLECT_MORE_DATA_OR_MANUAL_REVIEW,review,REVIEW_SHORT_OBS_ACTIVE_LIKE,,,REVIEW_SHORT_OBS_ACTIVE_LIKE,low,観測期間<120日でactive様（flat_tail<60）。経過観察で十分なことが多い。,False,False,False,False,False,41,7,7,100.0,36.367,4.9,112.74,41.0,4.9,0.0,26.0,100.0,74.0,0.1367,0,0,0,0,0,0,0,0,0,0,,,,0.0,-1.0,n/a,48.6,5.8,"obs_days=112.7, n_samples=1077, quality=QUALITY_SHORT_OBS -> insufficient/uncertain data",観測期間・サンプル数・カウンタ整合性のいずれかが不足しており信頼できる判定ができません。review_priorityに従い追加データ収集または手動レビューを行ってください。,v2.0-final,v2.0-final,v2.0-final,ThinkPad X1 Carbon Gen 13,Sunwoda,5B11M90099
2026-06-03T16:38:27,LAPTOP-080TD3DG_HWPA,NORMAL_OR_RESPONDING,ACTION_NONE,high,NOT_NO_LOW_CHANGE_CANDIDATE,,,,,,False,False,False,False,False,7,3,3,140.0,4.051,20.9,172.81,5.0,20.9,1.0,3.0,43.0,40.0,0.5531,0,0,0,0,0,0,0,0,0,0,,,,0.0,-1.0,n/a,64.0,13.7,"flat_tail=20.9d, fcc_changes=7, tail_cyc=1.0, tail_ok[90/80]=0/0, unresp_complete[90/80]=0/0, large_gap[90/80]=0/0 -> FCC still updating / not a no-low-change candidate",,v2.0-final,v2.0-final,v2.0-final,ThinkPad P1 Gen 6,Sunwoda,5B11K07737
2026-06-03T16:38:27,LAPTOP-0JJ03K9D_rgibson,NORMAL_OR_RESPONDING,ACTION_NONE,high,NOT_NO_LOW_CHANGE_CANDIDATE,,,,,,False,False,False,False,False,10,0,0,90.909,3.663,6.0,273.0,11.0,6.0,0.0,59.0,90.0,31.0,1.0,0,0,0,0,0,0,0,0,0,0,,,,0.0,-1.0,n/a,71.0,11.0,"flat_tail=6.0d, fcc_changes=10, tail_cyc=0.0, tail_ok[90/80]=0/0, unresp_complete[90/80]=0/0, large_gap[90/80]=0/0 -> FCC still updating / not a no-low-change candidate",,v2.0-final,v2.0-final,v2.0-final,ThinkPad P1 Gen 6,Sunwoda,5B11K07737
2026-06-03T16:38:27,LAPTOP-0NPD7G3O_Tsutomu_Chonan,REVIEW_INSUFFICIENT_DATA,ACTION_COLLECT_MORE_DATA_OR_MANUAL_REVIEW,review,REVIEW_SHORT_OBS_ACTIVE_LIKE,,,REVIEW_SHORT_OBS_ACTIVE_LIKE,low,観測期間<120日でactive様（flat_tail<60）。経過観察で十分なことが多い。,False,False,False,False,False,4,1,1,80.0,4.549,4.6,87.94,5.0,4.6,0.0,86.0,100.0,14.0,0.5159,0,0,0,0,0,0,0,0,0,0,,,,0.0,-1.0,n/a,61.1,5.8,"obs_days=87.9, n_samples=321, quality=QUALITY_SHORT_OBS -> insufficient/uncertain data",観測期間・サンプル数・カウンタ整合性のいずれかが不足しており信頼できる判定ができません。review_priorityに従い追加データ収集または手動レビューを行ってください。,v2.0-final,v2.0-final,v2.0-final,ThinkPad X1 Carbon Gen 13,BYD,5B11M90100
2026-06-03T16:38:27,LAPTOP-0P70H8T7_Naito,REVIEW_INSUFFICIENT_DATA,ACTION_COLLECT_MORE_DATA_OR_MANUAL_REVIEW,review,REVIEW_SHORT_OBS_ACTIVE_LIKE,,,REVIEW_SHORT_OBS_ACTIVE_LIKE,low,観測期間<120日でactive様（flat_tail<60）。経過観察で十分なことが多い。,False,False,False,False,False,6,2,1,85.714,10.373,2.6,57.84,7.0,2.6,0.0,33.0,95.0,62.0,0.0001,0,0,0,0,0,0,0,0,0,0,,,,0.0,-1.0,n/a,45.4,5.4,"obs_days=57.8, n_samples=230, quality=QUALITY_SHORT_OBS -> insufficient/uncertain data",観測期間・サンプル数・カウンタ整合性のいずれかが不足しており信頼できる判定ができません。review_priorityに従い追加データ収集または手動レビューを行ってください。,v2.0-final,v2.0-final,v2.0-final,ThinkPad X1 Carbon Gen 12,SMP,5B11H56383
2026-06-03T16:38:27,LAPTOP-0S7K8PQH_Stan,NORMAL_OR_RESPONDING,ACTION_NONE,high,NOT_NO_LOW_CHANGE_CANDIDATE,,,,,,False,False,False,False,False,16,15,13,228.571,6.168,10.1,259.39,7.0,10.1,0.0,43.0,100.0,57.0,0.9922,0,0,0,0,0,0,0,0,0,0,,,,0.0,-1.0,n/a,71.5,11.7,"flat_tail=10.1d, fcc_changes=16, tail_cyc=0.0, tail_ok[90/80]=0/0, unresp_complete[90/80]=0/0, large_gap[90/80]=0/0 -> FCC still updating / not a no-low-change candidate",,v2.0-final,v2.0-final,v2.0-final,ThinkPad P52,LG,01AV495
2026-06-03T16:38:27,LAPTOP-11P5VLEF_tianx,REVIEW_INSUFFICIENT_DATA,ACTION_COLLECT_MORE_DATA_OR_MANUAL_REVIEW,review,REVIEW_SHORT_OBS_ACTIVE_LIKE,,,REVIEW_SHORT_OBS_ACTIVE_LIKE,low,観測期間<120日でactive様（flat_tail<60）。経過観察で十分なことが多い。,False,False,False,False,False,18,8,8,163.636,30.711,2.7,58.61,11.0,2.7,0.0,51.0,85.0,34.0,0.0607,0,0,0,0,0,0,0,0,0,0,,,,0.0,-1.0,n/a,54.1,5.5,"obs_days=58.6, n_samples=344, quality=QUALITY_SHORT_OBS -> insufficient/uncertain data",観測期間・サンプル数・カウンタ整合性のいずれかが不足しており信頼できる判定ができません。review_priorityに従い追加データ収集または手動レビューを行ってください。,v2.0-final,v2.0-final,v2.0-final,ThinkPad T14s Gen 6,ATL,5B11M90108
2026-06-03T16:38:27,LAPTOP-11RRGHRF_2ndH28,REVIEW_INSUFFICIENT_DATA,ACTION_COLLECT_MORE_DATA_OR_MANUAL_REVIEW,review,REVIEW_SHORT_OBS_ACTIVE_LIKE,,,REVIEW_SHORT_OBS_ACTIVE_LIKE,low,観測期間<120日でactive様（flat_tail<60）。経過観察で十分なことが多い。,False,False,False,False,False,8,0,0,133.333,33.898,0.2,23.6,6.0,0.2,0.0,100.0,100.0,0.0,0.9986,0,0,0,0,0,0,0,0,0,0,,,,0.0,-1.0,n/a,65.0,5.0,"obs_days=23.6, n_samples=382, quality=QUALITY_SHORT_OBS -> insufficient/uncertain data",観測期間・サンプル数・カウンタ整合性のいずれかが不足しており信頼できる判定ができません。review_priorityに従い追加データ収集または手動レビューを行ってください。,v2.0-final,v2.0-final,v2.0-final,ThinkPad X1 Carbon Gen 12,SMP,5B11H56383
2026-06-03T16:38:27,LAPTOP-146432PF_PQM,NORMAL_OR_RESPONDING,ACTION_NONE,high,NOT_NO_LOW_CHANGE_CANDIDATE,,,,,,False,False,False,False,False,126,36,36,136.957,55.627,0.7,226.51,92.0,0.7,0.0,42.0,100.0,58.0,0.9377,0,0,0,0,0,0,0,0,0,0,,,,0.0,-1.0,n/a,68.9,10.1,"flat_tail=0.7d, fcc_changes=126, tail_cyc=0.0, tail_ok[90/80]=0/0, unresp_complete[90/80]=0/0, large_gap[90/80]=0/0 -> FCC still updating / not a no-low-change candidate",,v2.0-final,v2.0-final,v2.0-final,ThinkPad X1 2-in-1 Gen 9,BYD,5B11H56386
2026-06-03T16:38:27,LAPTOP-19J6LO6A_ytakeda,REVIEW_INSUFFICIENT_DATA,ACTION_COLLECT_MORE_DATA_OR_MANUAL_REVIEW,review,REVIEW_SHORT_OBS_ACTIVE_LIKE,,,REVIEW_SHORT_OBS_ACTIVE_LIKE,low,観測期間<120日でactive様（flat_tail<60）。経過観察で十分なことが多い。,False,False,False,False,False,0,0,0,0.0,0.0,38.9,38.92,2.0,38.9,2.0,63.0,100.0,37.0,0.6312,0,0,0,0,0,0,0,0,0,0,,,,0.0,-1.0,n/a,63.1,11.9,"obs_days=38.9, n_samples=552, quality=QUALITY_SHORT_OBS -> insufficient/uncertain data",観測期間・サンプル数・カウンタ整合性のいずれかが不足しており信頼できる判定ができません。review_priorityに従い追加データ収集または手動レビューを行ってください。,v2.0-final,v2.0-final,v2.0-final,ThinkPad X1 Yoga Gen 8,Celxpert,5B10W13974
2026-06-03T16:38:27,LAPTOP-1KS1Q32S_T14s,NORMAL_OR_RESPONDING,ACTION_NONE,high,NOT_NO_LOW_CHANGE_CANDIDATE,,,,,,False,False,False,False,False,31,28,28,12.81,5.441,30.9,569.8,242.0,30.9,12.0,5.0,100.0,95.0,0.4929,0,2,2,0,0,0,0,0,0,0,,,,0.0,-1.0,n/a,42.3,17.5,"flat_tail=30.9d, fcc_changes=31, tail_cyc=12.0, tail_ok[90/80]=0/0, unresp_complete[90/80]=0/0, large_gap[90/80]=0/2 -> FCC still updating / not a no-low-change candidate",,v2.0-final,v2.0-final,v2.0-final,ThinkPad T14s Gen 3,SMP,LNV-5B10W51875
2026-06-03T16:38:27,LAPTOP-1M50QFPI_GM,REVIEW_INSUFFICIENT_DATA,ACTION_COLLECT_MORE_DATA_OR_MANUAL_REVIEW,review,REVIEW_SHORT_OBS_ACTIVE_LIKE,,,REVIEW_SHORT_OBS_ACTIVE_LIKE,low,観測期間<120日でactive様（flat_tail<60）。経過観察で十分なことが多い。,False,False,False,False,False,4,0,0,100.0,4.32,16.6,92.59,4.0,16.6,0.0,85.0,100.0,15.0,0.5691,0,0,0,0,0,0,0,0,0,0,,,,0.0,-1.0,n/a,62.8,7.8,"obs_days=92.6, n_samples=551, quality=QUALITY_SHORT_OBS -> insufficient/uncertain data",観測期間・サンプル数・カウンタ整合性のいずれかが不足しており信頼できる判定ができません。review_priorityに従い追加データ収集または手動レビューを行ってください。,v2.0-final,v2.0-final,v2.0-final,ThinkPad X1 2-in-1 Gen 9,BYD,5B11H56386
2026-06-03T16:38:27,LAPTOP-1MK05N4P_hwpa,REVIEW_INSUFFICIENT_DATA,ACTION_COLLECT_MORE_DATA_OR_MANUAL_REVIEW,review,REVIEW_SHORT_OBS_ACTIVE_LIKE,,,REVIEW_SHORT_OBS_ACTIVE_LIKE,low,観測期間<120日でactive様（flat_tail<60）。経過観察で十分なことが多い。,False,False,False,False,False,5,1,1,250.0,18.608,3.1,26.87,2.0,3.1,0.0,72.0,100.0,28.0,0.9774,0,0,0,0,0,0,0,0,0,0,,,,0.0,-1.0,n/a,65.1,5.5,"obs_days=26.9, n_samples=413, quality=QUALITY_SHORT_OBS -> insufficient/uncertain data",観測期間・サンプル数・カウンタ整合性のいずれかが不足しており信頼できる判定ができません。review_priorityに従い追加データ収集または手動レビューを行ってください。,v2.0-final,v2.0-final,v2.0-final,ThinkPad X1 Carbon Gen 12,SMP,5B11H56383
2026-06-03T16:38:27,LAPTOP-1QC1JCNE_CPC-Tester12,REVIEW_INSUFFICIENT_DATA,ACTION_COLLECT_MORE_DATA_OR_MANUAL_REVIEW,review,REVIEW_SHORT_OBS_ACTIVE_LIKE,,,REVIEW_SHORT_OBS_ACTIVE_LIKE,low,観測期間<120日でactive様（flat_tail<60）。経過観察で十分なことが多い。,False,False,False,False,False,25,4,3,166.667,29.972,4.3,83.41,15.0,4.3,0.0,77.0,100.0,23.0,0.9632,0,0,0,0,0,0,0,0,0,0,,,,0.0,-1.0,n/a,65.0,5.7,"obs_days=83.4, n_samples=1165, quality=QUALITY_SHORT_OBS -> insufficient/uncertain data",観測期間・サンプル数・カウンタ整合性のいずれかが不足しており信頼できる判定ができません。review_priorityに従い追加データ収集または手動レビューを行ってください。,v2.0-final,v2.0-final,v2.0-final,ThinkPad X1 Carbon Gen 12,SMP,5B11H56383
2026-06-03T16:38:27,LAPTOP-25UDU5UN_jestroff,NORMAL_OR_RESPONDING,ACTION_NONE,high,NOT_NO_LOW_CHANGE_CANDIDATE,,,,,,False,False,False,False,False,59,18,18,140.476,29.654,3.6,198.96,42.0,3.6,0.0,48.0,100.0,52.0,0.8086,0,0,0,0,0,0,0,0,0,0,,,,0.0,-1.0,n/a,66.8,10.6,"flat_tail=3.6d, fcc_changes=59, tail_cyc=0.0, tail_ok[90/80]=0/0, unresp_complete[90/80]=0/0, large_gap[90/80]=0/0 -> FCC still updating / not a no-low-change candidate",,v2.0-final,v2.0-final,v2.0-final,ThinkPad X1 Carbon Gen 13,Celxpert,5B11M90098
2026-06-03T16:38:27,LAPTOP-2D6R853Q_jnunez5,REVIEW_INSUFFICIENT_DATA,ACTION_COLLECT_MORE_DATA_OR_MANUAL_REVIEW,review,REVIEW_SHORT_OBS_ACTIVE_LIKE,,,REVIEW_SHORT_OBS_ACTIVE_LIKE,low,観測期間<120日でactive様（flat_tail<60）。経過観察で十分なことが多い。,False,False,False,False,False,5,0,0,100.0,17.794,6.9,28.1,5.0,6.9,0.0,93.0,100.0,7.0,0.9552,0,0,0,0,0,0,0,0,0,0,,,,0.0,-1.0,n/a,65.3,6.2,"obs_days=28.1, n_samples=343, quality=QUALITY_SHORT_OBS -> insufficient/uncertain data",観測期間・サンプル数・カウンタ整合性のいずれかが不足しており信頼できる判定ができません。review_priorityに従い追加データ収集または手動レビューを行ってください。,v2.0-final,v2.0-final,v2.0-final,ThinkPad X13 Gen 7,Sunwoda,5B11M90142
2026-06-03T16:38:27,LAPTOP-2OC97423_Administrator,REVIEW_INSUFFICIENT_DATA,ACTION_COLLECT_MORE_DATA_OR_MANUAL_REVIEW,review,REVIEW_SHORT_OBS_ACTIVE_LIKE,,,REVIEW_SHORT_OBS_ACTIVE_LIKE,low,観測期間<120日でactive様（flat_tail<60）。経過観察で十分なことが多い。,False,False,False,False,False,0,0,0,0.0,0.0,5.2,5.18,0.0,5.2,0.0,63.0,100.0,37.0,0.9808,0,0,0,0,0,0,0,0,0,0,,,,0.0,-1.0,n/a,65.5,5.9,"obs_days=5.2, n_samples=929, quality=QUALITY_SHORT_OBS -> insufficient/uncertain data",観測期間・サンプル数・カウンタ整合性のいずれかが不足しており信頼できる判定ができません。review_priorityに従い追加データ収集または手動レビューを行ってください。,v2.0-final,v2.0-final,v2.0-final,ThinkPad X1 2-in-1 Gen 10,SMP,5B11M90097
2026-06-03T16:38:27,LAPTOP-2RQJAUEN_nyama,NORMAL_OR_RESPONDING,ACTION_NONE,high,NOT_NO_LOW_CHANGE_CANDIDATE,,,,,,False,False,False,False,False,6,0,0,100.0,4.686,16.0,128.04,6.0,16.0,0.0,89.0,100.0,11.0,0.9053,0,0,0,0,0,0,0,0,0,0,,,,0.0,-1.0,n/a,70.8,12.7,"flat_tail=16.0d, fcc_changes=6, tail_cyc=0.0, tail_ok[90/80]=0/0, unresp_complete[90/80]=0/0, large_gap[90/80]=0/0 -> FCC still updating / not a no-low-change candidate",,v2.0-final,v2.0-final,v2.0-final,ThinkPad X1 Carbon Gen 13,Sunwoda,5B11M90099
2026-06-03T16:38:27,LAPTOP-38PBJKV3_Dan,NORMAL_OR_RESPONDING,ACTION_NONE,high,NOT_NO_LOW_CHANGE_CANDIDATE,,,,,,False,False,False,False,False,115,16,15,99.138,10.388,1.9,1107.04,116.0,1.9,0.0,32.0,80.0,48.0,0.9419,0,0,0,0,0,0,0,0,0,0,,,,0.0,-1.0,n/a,69.2,10.3,"flat_tail=1.9d, fcc_changes=115, tail_cyc=0.0, tail_ok[90/80]=0/0, unresp_complete[90/80]=0/0, large_gap[90/80]=0/0 -> FCC still updating / not a no-low-change candidate",,v2.0-final,v2.0-final,v2.0-final,ThinkPad P1 Gen 6,Sunwoda,5B11K07737
2026-06-03T16:38:27,LAPTOP-3GSNHJDB_GM3,NORMAL_OR_RESPONDING,ACTION_NONE,high,NOT_NO_LOW_CHANGE_CANDIDATE,,,,,,False,False,False,False,False,7,2,2,140.0,5.672,2.8,123.41,5.0,2.8,0.0,89.0,100.0,11.0,1.0,0,0,0,0,0,0,0,0,0,0,,,,0.0,-1.0,n/a,70.5,10.5,"flat_tail=2.8d, fcc_changes=7, tail_cyc=0.0, tail_ok[90/80]=0/0, unresp_complete[90/80]=0/0, large_gap[90/80]=0/0 -> FCC still updating / not a no-low-change candidate",,v2.0-final,v2.0-final,v2.0-final,ThinkPad P14s Gen 5,Sunwoda,5B11H56402
2026-06-03T16:38:27,LAPTOP-49PO0SU0_ssugimoto2,NORMAL_OR_RESPONDING,ACTION_NONE,high,NOT_NO_LOW_CHANGE_CANDIDATE,,,,,,False,False,False,False,False,13,0,0,100.0,6.251,56.0,207.97,13.0,56.0,0.0,75.0,100.0,25.0,0.8499,0,0,0,0,0,0,0,0,0,0,,,,0.0,-1.0,n/a,76.3,19.3,"flat_tail=56.0d, fcc_changes=13, tail_cyc=0.0, tail_ok[90/80]=0/0, unresp_complete[90/80]=0/0, large_gap[90/80]=0/0 -> FCC still updating / not a no-low-change candidate",,v2.0-final,v2.0-final,v2.0-final,ThinkPad P1 Gen 8,Sunwoda,5B11M37553
2026-06-03T16:38:27,LAPTOP-4K9G9BRE_TM1,REVIEW_INSUFFICIENT_DATA,ACTION_COLLECT_MORE_DATA_OR_MANUAL_REVIEW,review,REVIEW_SHORT_OBS_ACTIVE_LIKE,,,REVIEW_SHORT_OBS_ACTIVE_LIKE,low,観測期間<120日でactive様（flat_tail<60）。経過観察で十分なことが多い。,False,False,False,False,False,14,5,5,155.556,19.399,21.9,72.17,9.0,21.9,0.0,0.0,100.0,100.0,0.6434,0,0,0,0,0,0,0,0,0,0,,,,0.0,-1.0,n/a,61.5,8.7,"obs_days=72.2, n_samples=20715, quality=QUALITY_SHORT_OBS -> insufficient/uncertain data",観測期間・サンプル数・カウンタ整合性のいずれかが不足しており信頼できる判定ができません。review_priorityに従い追加データ収集または手動レビューを行ってください。,v2.0-final,v2.0-final,v2.0-final,ThinkPad X1 2-in-1 Gen 9,BYD,5B11H56386
2026-06-03T16:38:27,LAPTOP-5U1GRQST_AN1484GM11,REVIEW_INSUFFICIENT_DATA,ACTION_COLLECT_MORE_DATA_OR_MANUAL_REVIEW,review,REVIEW_SHORT_OBS_ACTIVE_LIKE,,,REVIEW_SHORT_OBS_ACTIVE_LIKE,low,観測期間<120日でactive様（flat_tail<60）。経過観察で十分なことが多い。,False,False,False,False,False,5,1,1,125.0,4.206,38.9,118.89,4.0,38.9,0.0,70.0,100.0,30.0,0.9454,0,0,0,0,0,0,0,0,0,0,,,,0.0,-1.0,n/a,70.4,11.5,"obs_days=118.9, n_samples=1607, quality=QUALITY_SHORT_OBS -> insufficient/uncertain data",観測期間・サンプル数・カウンタ整合性のいずれかが不足しており信頼できる判定ができません。review_priorityに従い追加データ収集または手動レビューを行ってください。,v2.0-final,v2.0-final,v2.0-final,ThinkPad X1 2-in-1 Gen 11,SMP,5B11M90163
2026-06-03T16:38:27,LAPTOP-6HHN380C_QuFei_Ou,REVIEW_INSUFFICIENT_DATA,ACTION_COLLECT_MORE_DATA_OR_MANUAL_REVIEW,review,REVIEW_SHORT_OBS_ACTIVE_LIKE,,,REVIEW_SHORT_OBS_ACTIVE_LIKE,low,観測期間<120日でactive様（flat_tail<60）。経過観察で十分なことが多い。,False,False,False,False,False,18,1,1,105.882,64.609,5.1,27.86,17.0,5.1,0.0,55.0,100.0,45.0,0.3481,0,0,0,0,0,0,0,0,0,0,,,,0.0,-1.0,n/a,52.8,5.8,"obs_days=27.9, n_samples=551, quality=QUALITY_SHORT_OBS -> insufficient/uncertain data",観測期間・サンプル数・カウンタ整合性のいずれかが不足しており信頼できる判定ができません。review_priorityに従い追加データ収集または手動レビューを行ってください。,v2.0-final,v2.0-final,v2.0-final,ThinkPad X1 Carbon Gen 13,Celxpert,5B11M90098
2026-06-03T16:38:27,LAPTOP-72AKT2DB_1,REVIEW_INSUFFICIENT_DATA,ACTION_COLLECT_MORE_DATA_OR_MANUAL_REVIEW,review,REVIEW_SHORT_OBS_ACTIVE_LIKE,,,REVIEW_SHORT_OBS_ACTIVE_LIKE,low,観測期間<120日でactive様（flat_tail<60）。経過観察で十分なことが多い。,False,False,False,False,False,36,11,11,116.129,51.006,4.0,70.58,31.0,4.0,0.0,74.0,100.0,26.0,0.2411,0,0,0,0,0,0,0,0,0,0,,,,0.0,-1.0,n/a,57.0,5.7,"obs_days=70.6, n_samples=888, quality=QUALITY_SHORT_OBS -> insufficient/uncertain data",観測期間・サンプル数・カウンタ整合性のいずれかが不足しており信頼できる判定ができません。review_priorityに従い追加データ収集または手動レビューを行ってください。,v2.0-final,v2.0-final,v2.0-final,ThinkPad X1 Carbon Gen 14,SMP,5B11M90163
2026-06-03T16:38:27,LAPTOP-77S3EOA5_Mao_Nakabauashi,NORMAL_OR_RESPONDING,ACTION_NONE,high,NOT_NO_LOW_CHANGE_CANDIDATE,,,,,,False,False,False,False,False,33,6,6,106.452,21.401,6.0,154.2,31.0,6.0,0.0,65.0,100.0,35.0,0.8954,0,0,0,0,0,0,0,0,0,0,,,,0.0,-1.0,n/a,68.9,11.0,"flat_tail=6.0d, fcc_changes=33, tail_cyc=0.0, tail_ok[90/80]=0/0, unresp_complete[90/80]=0/0, large_gap[90/80]=0/0 -> FCC still updating / not a no-low-change candidate",,v2.0-final,v2.0-final,v2.0-final,ThinkPad X1 Carbon Gen 14,Sunwoda,5B11M90160
2026-06-03T16:38:27,LAPTOP-7CFQ50BM_Carl,NORMAL_OR_RESPONDING,ACTION_NONE,high,NOT_NO_LOW_CHANGE_CANDIDATE,,,,,,False,False,False,False,False,129,30,28,73.714,29.992,63.3,430.12,175.0,63.3,1.0,1.0,100.0,99.0,0.7489,0,0,0,0,0,0,0,0,0,0,,,,0.0,-1.0,n/a,75.0,20.8,"flat_tail=63.3d, fcc_changes=129, tail_cyc=1.0, tail_ok[90/80]=0/0, unresp_complete[90/80]=0/0, large_gap[90/80]=0/0 -> FCC still updating / not a no-low-change candidate",,v2.0-final,v2.0-final,v2.0-final,ThinkPad X1 Carbon Gen 12,SMP,5B11H56383
2026-06-03T16:38:27,LAPTOP-7HDJI946_MobilePE,REVIEW_INSUFFICIENT_DATA,ACTION_COLLECT_MORE_DATA_OR_MANUAL_REVIEW,review,REVIEW_COUNTER_RESET,,,REVIEW_COUNTER_RESET,high,cycleCountが減少（カウンタリセット/パック異常疑い）。生ログ確認が必要。,False,False,False,False,False,0,0,0,0.0,0.0,5.7,5.7,15.0,5.7,15.0,2.0,100.0,98.0,0.9975,0,1,1,0,0,0,0,0,0,0,,,,0.0,-1.0,n/a,40.9,4.0,"obs_days=5.7, n_samples=372, quality=QUALITY_COUNTER_RESET -> insufficient/uncertain data",観測期間・サンプル数・カウンタ整合性のいずれかが不足しており信頼できる判定ができません。review_priorityに従い追加データ収集または手動レビューを行ってください。,v2.0-final,v2.0-final,v2.0-final,ThinkPad X1 Yoga Gen 8,SMP,5B10W13973
2026-06-03T16:38:27,LAPTOP-869LCUOI_panjun1,REVIEW_INSUFFICIENT_DATA,ACTION_COLLECT_MORE_DATA_OR_MANUAL_REVIEW,review,REVIEW_SHORT_OBS_ACTIVE_LIKE,,,REVIEW_SHORT_OBS_ACTIVE_LIKE,low,観測期間<120日でactive様（flat_tail<60）。経過観察で十分なことが多い。,False,False,False,False,False,37,30,19,194.737,72.777,0.6,50.84,19.0,0.6,0.0,25.0,83.0,58.0,0.1531,0,0,0,0,0,0,0,0,0,0,,,,0.0,-1.0,n/a,48.2,5.1,"obs_days=50.8, n_samples=432, quality=QUALITY_SHORT_OBS -> insufficient/uncertain data",観測期間・サンプル数・カウンタ整合性のいずれかが不足しており信頼できる判定ができません。review_priorityに従い追加データ収集または手動レビューを行ってください。,v2.0-final,v2.0-final,v2.0-final,ThinkPad X1 Nano Gen 3,SMP,5B11F28680
2026-06-03T16:38:27,LAPTOP-88BMF4J6_Mersey,REVIEW_INSUFFICIENT_DATA,ACTION_COLLECT_MORE_DATA_OR_MANUAL_REVIEW,review,REVIEW_COUNTER_RESET,,,REVIEW_COUNTER_RESET,high,cycleCountが減少（カウンタリセット/パック異常疑い）。生ログ確認が必要。,False,False,False,False,False,33,6,6,126.923,18.028,7.2,183.05,26.0,7.2,0.0,66.0,100.0,34.0,0.513,0,0,0,0,0,0,0,0,0,0,,,,0.0,-1.0,n/a,51.5,1.2,"obs_days=183.1, n_samples=2153, quality=QUALITY_COUNTER_RESET -> insufficient/uncertain data",観測期間・サンプル数・カウンタ整合性のいずれかが不足しており信頼できる判定ができません。review_priorityに従い追加データ収集または手動レビューを行ってください。,v2.0-final,v2.0-final,v2.0-final,ThinkPad,BYD,5B11H56386
2026-06-03T16:38:27,LAPTOP-891HSHPM_p14s,REVIEW_INSUFFICIENT_DATA,ACTION_COLLECT_MORE_DATA_OR_MANUAL_REVIEW,review,REVIEW_SHORT_OBS_ACTIVE_LIKE,,,REVIEW_SHORT_OBS_ACTIVE_LIKE,low,観測期間<120日でactive様（flat_tail<60）。経過観察で十分なことが多い。,False,False,False,False,False,0,0,0,0.0,0.0,49.1,49.13,0.0,49.1,0.0,64.0,100.0,36.0,0.915,0,0,0,0,0,0,0,0,0,0,,,,0.0,-1.0,n/a,71.5,13.2,"obs_days=49.1, n_samples=526, quality=QUALITY_SHORT_OBS -> insufficient/uncertain data",観測期間・サンプル数・カウンタ整合性のいずれかが不足しており信頼できる判定ができません。review_priorityに従い追加データ収集または手動レビューを行ってください。,v2.0-final,v2.0-final,v2.0-final,ThinkPad P14s Gen 7 AMD,Celxpert,5B11M90174
2026-06-03T16:38:27,LAPTOP-8HCCR0QE_PE,REVIEW_INSUFFICIENT_DATA,ACTION_COLLECT_MORE_DATA_OR_MANUAL_REVIEW,review,REVIEW_COUNTER_RESET,,,REVIEW_COUNTER_RESET,high,cycleCountが減少（カウンタリセット/パック異常疑い）。生ログ確認が必要。,False,False,False,False,False,56,2,2,164.706,33.904,103.1,165.17,34.0,103.1,0.0,85.0,100.0,15.0,0.2777,0,0,0,0,0,0,0,0,0,0,,,,0.0,-1.0,n/a,72.2,17.2,"obs_days=165.2, n_samples=44009, quality=QUALITY_COUNTER_RESET -> insufficient/uncertain data",観測期間・サンプル数・カウンタ整合性のいずれかが不足しており信頼できる判定ができません。review_priorityに従い追加データ収集または手動レビューを行ってください。,v2.0-final,v2.0-final,v2.0-final,ThinkPad X1 2-in-1 Gen 9,BYD,5B11H56386
2026-06-03T16:38:27,LAPTOP-8KIMRE5B_cturner,REVIEW_INSUFFICIENT_DATA,ACTION_COLLECT_MORE_DATA_OR_MANUAL_REVIEW,review,REVIEW_SHORT_OBS_ACTIVE_LIKE,,,REVIEW_SHORT_OBS_ACTIVE_LIKE,low,観測期間<120日でactive様（flat_tail<60）。経過観察で十分なことが多い。,False,False,False,False,False,22,5,5,129.412,29.005,0.0,75.85,17.0,0.0,0.0,45.0,80.0,35.0,0.9663,0,0,0,0,0,0,0,0,0,0,,,,0.0,-1.0,n/a,64.3,5.0,"obs_days=75.8, n_samples=780, quality=QUALITY_SHORT_OBS -> insufficient/uncertain data",観測期間・サンプル数・カウンタ整合性のいずれかが不足しており信頼できる判定ができません。review_priorityに従い追加データ収集または手動レビューを行ってください。,v2.0-final,v2.0-final,v2.0-final,ThinkPad P14s Gen 5,Sunwoda,5B11H56402
2026-06-03T16:38:27,LAPTOP-93KHSN6N_hsouma,REVIEW_INSUFFICIENT_DATA,ACTION_COLLECT_MORE_DATA_OR_MANUAL_REVIEW,review,REVIEW_SHORT_OBS_ACTIVE_LIKE,,,REVIEW_SHORT_OBS_ACTIVE_LIKE,low,観測期間<120日でactive様（flat_tail<60）。経過観察で十分なことが多い。,False,False,False,False,False,3,0,0,100.0,6.127,5.7,48.96,3.0,5.7,0.0,97.0,100.0,3.0,0.8036,0,0,0,0,0,0,0,0,0,0,,,,0.0,-1.0,n/a,65.0,6.0,"obs_days=49.0, n_samples=1078, quality=QUALITY_SHORT_OBS -> insufficient/uncertain data",観測期間・サンプル数・カウンタ整合性のいずれかが不足しており信頼できる判定ができません。review_priorityに従い追加データ収集または手動レビューを行ってください。,v2.0-final,v2.0-final,v2.0-final,ThinkPad P1 Gen 8,Sunwoda,5B11M37553
2026-06-03T16:38:27,LAPTOP-97DA2E9K_johnny,NORMAL_OR_RESPONDING,ACTION_NONE,high,NOT_NO_LOW_CHANGE_CANDIDATE,,,,,,False,False,False,False,False,90,14,13,115.385,33.03,0.0,272.48,78.0,0.0,0.0,97.0,97.0,0.0,,0,0,0,0,0,0,0,0,0,0,,,,0.0,-1.0,n/a,70.0,10.0,"flat_tail=0.0d, fcc_changes=90, tail_cyc=0.0, tail_ok[90/80]=0/0, unresp_complete[90/80]=0/0, large_gap[90/80]=0/0 -> FCC still updating / not a no-low-change candidate",,v2.0-final,v2.0-final,v2.0-final,ThinkPad T14s Gen 3,Sunwoda,5B10W51876
2026-06-03T16:38:27,LAPTOP-9D1AU1OG_Mersey,REVIEW_INSUFFICIENT_DATA,ACTION_COLLECT_MORE_DATA_OR_MANUAL_REVIEW,review,REVIEW_COUNTER_RESET,,,REVIEW_COUNTER_RESET,high,cycleCountが減少（カウンタリセット/パック異常疑い）。生ログ確認が必要。,False,False,False,False,False,8,0,0,114.286,2.12,1.7,377.29,7.0,1.7,1.0,48.0,100.0,52.0,0.4062,0,0,0,0,0,0,0,0,0,0,,,,0.0,-1.0,n/a,47.9,0.5,"obs_days=377.3, n_samples=361, quality=QUALITY_COUNTER_RESET -> insufficient/uncertain data",観測期間・サンプル数・カウンタ整合性のいずれかが不足しており信頼できる判定ができません。review_priorityに従い追加データ収集または手動レビューを行ってください。,v2.0-final,v2.0-final,v2.0-final,ThinkPad X1 2-in-1 Gen 9,Celxpert,5B11H56384
2026-06-03T16:38:27,LAPTOP-9PGJOH9P_tianx,REVIEW_INSUFFICIENT_DATA,ACTION_COLLECT_MORE_DATA_OR_MANUAL_REVIEW,review,REVIEW_SHORT_OBS_ACTIVE_LIKE,,,REVIEW_SHORT_OBS_ACTIVE_LIKE,low,観測期間<120日でactive様（flat_tail<60）。経過観察で十分なことが多い。,False,False,False,False,False,10,2,2,125.0,61.92,1.3,16.15,8.0,1.3,0.0,74.0,100.0,26.0,0.622,0,0,0,0,0,0,0,0,0,0,,,,0.0,-1.0,n/a,57.7,5.2,"obs_days=16.1, n_samples=285, quality=QUALITY_SHORT_OBS -> insufficient/uncertain data",観測期間・サンプル数・カウンタ整合性のいずれかが不足しており信頼できる判定ができません。review_priorityに従い追加データ収集または手動レビューを行ってください。,v2.0-final,v2.0-final,v2.0-final,ThinkPad T14s Gen 6,SMP,5B11M90107
2026-06-03T16:38:27,LAPTOP-A5C39DUF_ssugimoto2,REVIEW_INSUFFICIENT_DATA,ACTION_COLLECT_MORE_DATA_OR_MANUAL_REVIEW,review,REVIEW_SHORT_OBS_ACTIVE_LIKE,,,REVIEW_SHORT_OBS_ACTIVE_LIKE,low,観測期間<120日でactive様（flat_tail<60）。経過観察で十分なことが多い。,False,False,False,False,False,2,0,0,100.0,4.774,19.5,41.89,2.0,19.5,0.0,42.0,100.0,58.0,0.7815,0,0,0,0,0,0,0,0,0,0,,,,0.0,-1.0,n/a,63.9,8.2,"obs_days=41.9, n_samples=249, quality=QUALITY_SHORT_OBS -> insufficient/uncertain data",観測期間・サンプル数・カウンタ整合性のいずれかが不足しており信頼できる判定ができません。review_priorityに従い追加データ収集または手動レビューを行ってください。,v2.0-final,v2.0-final,v2.0-final,ThinkPad P1 Gen 9,COSMX,5B11M90164
2026-06-03T16:38:27,LAPTOP-A68FDH6Q_amcclarnon,NORMAL_OR_RESPONDING,ACTION_NONE,high,NOT_NO_LOW_CHANGE_CANDIDATE,,,,,,False,False,False,False,False,11,1,1,100.0,5.617,34.9,195.82,11.0,34.9,0.0,67.0,100.0,33.0,0.9825,0,0,0,0,0,0,0,0,0,0,,,,0.0,-1.0,n/a,75.5,15.8,"flat_tail=34.9d, fcc_changes=11, tail_cyc=0.0, tail_ok[90/80]=0/0, unresp_complete[90/80]=0/0, large_gap[90/80]=0/0 -> FCC still updating / not a no-low-change candidate",,v2.0-final,v2.0-final,v2.0-final,ThinkPad X1 Carbon Gen 13,Celxpert,5B11M90098
2026-06-03T16:38:27,LAPTOP-A86VO230_PQM,REVIEW_INSUFFICIENT_DATA,ACTION_COLLECT_MORE_DATA_OR_MANUAL_REVIEW,review,REVIEW_SHORT_OBS_ACTIVE_LIKE,,,REVIEW_SHORT_OBS_ACTIVE_LIKE,low,観測期間<120日でactive様（flat_tail<60）。経過観察で十分なことが多い。,False,False,False,False,False,16,4,4,88.889,25.486,13.1,62.78,18.0,13.1,1.0,6.0,100.0,94.0,0.0472,0,0,0,0,0,0,0,0,0,0,,,,0.0,-1.0,n/a,47.6,7.4,"obs_days=62.8, n_samples=649, quality=QUALITY_SHORT_OBS -> insufficient/uncertain data",観測期間・サンプル数・カウンタ整合性のいずれかが不足しており信頼できる判定ができません。review_priorityに従い追加データ収集または手動レビューを行ってください。,v2.0-final,v2.0-final,v2.0-final,ThinkPad X1 2-in-1 Gen 9,SMP,5B11H56383
2026-06-03T16:38:27,LAPTOP-A9PSKJU9_panjun1,NORMAL_OR_RESPONDING,ACTION_NONE,high,NOT_NO_LOW_CHANGE_CANDIDATE,,,,,,False,False,False,False,False,134,29,29,116.522,83.106,0.2,161.24,115.0,0.2,0.0,39.0,100.0,61.0,0.4175,0,0,0,0,0,0,0,0,0,0,,,,0.0,-1.0,n/a,58.4,10.0,"flat_tail=0.2d, fcc_changes=134, tail_cyc=0.0, tail_ok[90/80]=0/0, unresp_complete[90/80]=0/0, large_gap[90/80]=0/0 -> FCC still updating / not a no-low-change candidate",,v2.0-final,v2.0-final,v2.0-final,ThinkPad X1 Carbon Gen 14,COSMX,5B11M90162
2026-06-03T16:38:27,LAPTOP-A9RJIBMS_kurada,REVIEW_INSUFFICIENT_DATA,ACTION_COLLECT_MORE_DATA_OR_MANUAL_REVIEW,review,REVIEW_SHORT_OBS_ACTIVE_LIKE,,,REVIEW_SHORT_OBS_ACTIVE_LIKE,low,観測期間<120日でactive様（flat_tail<60）。経過観察で十分なことが多い。,False,False,False,False,False,1,0,0,100.0,2.326,14.1,43.0,1.0,14.1,0.0,88.0,100.0,12.0,0.9788,0,0,0,0,0,0,0,0,0,0,,,,0.0,-1.0,n/a,66.9,7.3,"obs_days=43.0, n_samples=554, quality=QUALITY_SHORT_OBS -> insufficient/uncertain data",観測期間・サンプル数・カウンタ整合性のいずれかが不足しており信頼できる判定ができません。review_priorityに従い追加データ収集または手動レビューを行ってください。,v2.0-final,v2.0-final,v2.0-final,ThinkPad P1 Gen 8,Sunwoda,5B11M37553
2026-06-03T16:38:27,LAPTOP-ADS95E8B_TM2,REVIEW_INSUFFICIENT_DATA,ACTION_COLLECT_MORE_DATA_OR_MANUAL_REVIEW,review,REVIEW_COUNTER_RESET,,,REVIEW_COUNTER_RESET,high,cycleCountが減少（カウンタリセット/パック異常疑い）。生ログ確認が必要。,True,False,False,False,True,11,6,3,220.0,0.477,0.0,2306.45,5.0,0.0,0.0,100.0,100.0,0.0,1.0,0,0,0,0,0,0,0,0,0,0,,,,0.0,-1.0,n/a,60.0,0.0,"obs_days=2306.4, n_samples=664, quality=QUALITY_COUNTER_RESET -> insufficient/uncertain data",観測期間・サンプル数・カウンタ整合性のいずれかが不足しており信頼できる判定ができません。review_priorityに従い追加データ収集または手動レビューを行ってください。,v2.0-final,v2.0-final,v2.0-final,ThinkPad X1 Carbon Gen 13,SMP,5B11M90097
2026-06-03T16:38:27,LAPTOP-APU7HF6F_Administrator,REVIEW_INSUFFICIENT_DATA,ACTION_COLLECT_MORE_DATA_OR_MANUAL_REVIEW,review,REVIEW_SPARSE_LOG,,,REVIEW_SPARSE_LOG,medium,ログが疎（p95サンプル間隔>24hまたはサンプル少）。episode判定の信頼度が低い。,False,False,False,False,False,2,1,1,66.667,1.697,3.5,117.88,3.0,3.5,0.0,93.0,100.0,7.0,1.0,0,0,0,0,0,0,0,0,0,0,,,,0.0,-1.0,n/a,65.6,5.6,"obs_days=117.9, n_samples=196, quality=QUALITY_SPARSE -> insufficient/uncertain data",観測期間・サンプル数・カウンタ整合性のいずれかが不足しており信頼できる判定ができません。review_priorityに従い追加データ収集または手動レビューを行ってください。,v2.0-final,v2.0-final,v2.0-final,ThinkPad X1 Carbon Gen 12,Celxpert,5B11H56384
2026-06-03T16:38:27,LAPTOP-APU7HF6F_Carl_Pan,NORMAL_OR_RESPONDING,ACTION_NONE,high,NOT_NO_LOW_CHANGE_CANDIDATE,,,,,,False,False,False,False,False,156,41,41,123.81,42.503,0.0,367.03,126.0,0.0,0.0,93.0,93.0,0.0,1.0,0,0,0,0,0,0,0,0,0,0,,,,0.0,-1.0,n/a,70.0,10.0,"flat_tail=0.0d, fcc_changes=156, tail_cyc=0.0, tail_ok[90/80]=0/0, unresp_complete[90/80]=0/0, large_gap[90/80]=0/0 -> FCC still updating / not a no-low-change candidate",,v2.0-final,v2.0-final,v2.0-final,ThinkPad X1 Carbon Gen 12,Celxpert,5B11H56384
2026-06-03T16:38:27,LAPTOP-ARLD326G_X1CG14,REVIEW_INSUFFICIENT_DATA,ACTION_COLLECT_MORE_DATA_OR_MANUAL_REVIEW,review,REVIEW_SHORT_OBS_ACTIVE_LIKE,,,REVIEW_SHORT_OBS_ACTIVE_LIKE,low,観測期間<120日でactive様（flat_tail<60）。経過観察で十分なことが多い。,False,False,False,False,False,3,0,0,100.0,4.125,8.4,72.73,3.0,8.4,0.0,68.0,100.0,32.0,0.9245,0,0,0,0,0,0,0,0,0,0,,,,0.0,-1.0,n/a,64.9,6.4,"obs_days=72.7, n_samples=1075, quality=QUALITY_SHORT_OBS -> insufficient/uncertain data",観測期間・サンプル数・カウンタ整合性のいずれかが不足しており信頼できる判定ができません。review_priorityに従い追加データ収集または手動レビューを行ってください。,v2.0-final,v2.0-final,v2.0-final,ThinkPad X1 Carbon Gen 14,COSMX,5B11M90162
2026-06-03T16:38:27,LAPTOP-B21SDAHL_Nile,REVIEW_INSUFFICIENT_DATA,ACTION_COLLECT_MORE_DATA_OR_MANUAL_REVIEW,review,REVIEW_COUNTER_RESET,,,REVIEW_COUNTER_RESET,high,cycleCountが減少（カウンタリセット/パック異常疑い）。生ログ確認が必要。,False,False,False,False,False,24,6,6,133.333,82.503,4.7,29.09,18.0,4.7,0.0,2.0,100.0,98.0,0.1806,0,0,0,0,0,0,0,0,0,0,,,,0.0,-1.0,n/a,44.4,0.8,"obs_days=29.1, n_samples=399, quality=QUALITY_COUNTER_RESET -> insufficient/uncertain data",観測期間・サンプル数・カウンタ整合性のいずれかが不足しており信頼できる判定ができません。review_priorityに従い追加データ収集または手動レビューを行ってください。,v2.0-final,v2.0-final,v2.0-final,ThinkPad X1 2-in-1 Gen 11,SMP,5B11M90163
2026-06-03T16:38:27,LAPTOP-BD8L6116_Think,REVIEW_INSUFFICIENT_DATA,ACTION_COLLECT_MORE_DATA_OR_MANUAL_REVIEW,review,REVIEW_SHORT_OBS_ACTIVE_LIKE,,,REVIEW_SHORT_OBS_ACTIVE_LIKE,low,観測期間<120日でactive様（flat_tail<60）。経過観察で十分なことが多い。,False,False,False,False,False,7,6,6,43.75,14.079,8.0,49.72,16.0,8.0,2.0,6.0,100.0,94.0,0.66,0,0,0,0,0,0,0,0,0,0,,,,0.0,-1.0,n/a,58.5,6.7,"obs_days=49.7, n_samples=469, quality=QUALITY_SHORT_OBS -> insufficient/uncertain data",観測期間・サンプル数・カウンタ整合性のいずれかが不足しており信頼できる判定ができません。review_priorityに従い追加データ収集または手動レビューを行ってください。,v2.0-final,v2.0-final,v2.0-final,ThinkPad X13 Gen 5,SMP,5B11M90048
2026-06-03T16:38:27,LAPTOP-C1EEVLRC_86138,REVIEW_INSUFFICIENT_DATA,ACTION_COLLECT_MORE_DATA_OR_MANUAL_REVIEW,review,REVIEW_SHORT_OBS_ACTIVE_LIKE,,,REVIEW_SHORT_OBS_ACTIVE_LIKE,low,観測期間<120日でactive様（flat_tail<60）。経過観察で十分なことが多い。,False,False,False,False,False,33,9,8,117.857,57.773,1.2,57.12,28.0,1.2,0.0,21.0,100.0,79.0,0.4649,0,0,0,0,0,0,0,0,0,0,,,,0.0,-1.0,n/a,54.5,5.2,"obs_days=57.1, n_samples=718, quality=QUALITY_SHORT_OBS -> insufficient/uncertain data",観測期間・サンプル数・カウンタ整合性のいずれかが不足しており信頼できる判定ができません。review_priorityに従い追加データ収集または手動レビューを行ってください。,v2.0-final,v2.0-final,v2.0-final,ThinkPad X1 Carbon Gen 12,Celxpert,5B11H56384
2026-06-03T16:38:27,LAPTOP-C2TA9AP9_Thames-2_LNL_BE_SIT,NORMAL_OR_RESPONDING,ACTION_NONE,high,NOT_NO_LOW_CHANGE_CANDIDATE,,,,,,False,False,False,False,False,7,0,0,100.0,4.725,20.0,148.14,7.0,20.0,0.0,42.0,100.0,58.0,0.2263,0,0,0,0,0,0,0,0,0,0,,,,0.0,-1.0,n/a,52.9,8.3,"flat_tail=20.0d, fcc_changes=7, tail_cyc=0.0, tail_ok[90/80]=0/0, unresp_complete[90/80]=0/0, large_gap[90/80]=0/0 -> FCC still updating / not a no-low-change candidate",,v2.0-final,v2.0-final,v2.0-final,ThinkPad X1 Carbon Gen 13,BYD,5B11M90100
2026-06-03T16:38:27,LAPTOP-CIKD46CF_Zeus2,NORMAL_OR_RESPONDING,ACTION_NONE,high,NOT_NO_LOW_CHANGE_CANDIDATE,,,,,,False,False,False,False,False,15,14,11,187.5,5.47,0.1,274.22,8.0,0.1,0.0,92.0,100.0,8.0,0.1279,0,0,0,0,0,0,0,0,0,0,,,,0.0,-1.0,n/a,67.3,10.0,"flat_tail=0.1d, fcc_changes=15, tail_cyc=0.0, tail_ok[90/80]=0/0, unresp_complete[90/80]=0/0, large_gap[90/80]=0/0 -> FCC still updating / not a no-low-change candidate",,v2.0-final,v2.0-final,v2.0-final,ThinkPad X1 Nano Gen 2,SMP,5B11F28680
2026-06-03T16:38:27,LAPTOP-CJP1C30S_TM2,REVIEW_INSUFFICIENT_DATA,ACTION_COLLECT_MORE_DATA_OR_MANUAL_REVIEW,review,REVIEW_SHORT_OBS_STALE_OR_VERY_STALE,,,REVIEW_SHORT_OBS_STALE_OR_VERY_STALE,high,観測期間<120日だがflat_tail>=60日（stale様）。優先的に追加観測。,False,False,False,False,False,3,1,1,100.0,3.3,60.0,90.9,3.0,60.0,2.0,9.0,100.0,91.0,0.3921,0,0,0,0,0,0,0,0,0,0,,,,0.0,-1.0,n/a,61.8,15.4,"obs_days=90.9, n_samples=1725, quality=QUALITY_SHORT_OBS -> insufficient/uncertain data",観測期間・サンプル数・カウンタ整合性のいずれかが不足しており信頼できる判定ができません。review_priorityに従い追加データ収集または手動レビューを行ってください。,v2.0-final,v2.0-final,v2.0-final,ThinkPad X1 Carbon Gen 13,SMP,5B11M90097
2026-06-03T16:38:27,LAPTOP-CPPVM862_LL,WATCH_LOW_UPDATE_RATE_AMBIGUOUS,ACTION_MONITOR_OR_MANUAL_REVIEW,low,WATCH_OTHER_AMBIGUOUS,,WATCH_OTHER_AMBIGUOUS,,,,True,False,True,True,True,1,1,1,1.37,0.17,553.5,589.94,73.0,553.5,63.0,5.0,100.0,95.0,0.8289,1,1,2,0,0,0,1,0,0,0,0.095,0.0,-0.324,19.3,1.0,MIXED,64.9,76.0,"flat_tail=553.5d, fcc_changes=1, tail_cyc=63.0, tail_ok[90/80]=0/1, unresp_complete[90/80]=0/1, large_gap[90/80]=0/1 -> ambiguous (watch)",FCC更新率は低いが完全凍結ではない/学習機会がlarge-gapまたは打ち切りで確証が弱い/境界的のため、FW確認に回す前にモニタリングまたは手動レビューを推奨します。,v2.0-final,v2.0-final,v2.0-final,ThinkPad X13 Yoga Gen 3,LG,5B11A14635
2026-06-03T16:38:27,LAPTOP-CU8DTV76_CamTest,REVIEW_INSUFFICIENT_DATA,ACTION_COLLECT_MORE_DATA_OR_MANUAL_REVIEW,review,REVIEW_COUNTER_RESET,,,REVIEW_COUNTER_RESET,high,cycleCountが減少（カウンタリセット/パック異常疑い）。生ログ確認が必要。,False,False,False,False,False,7,1,1,175.0,49.716,6.3,14.08,4.0,6.3,0.0,77.0,100.0,23.0,0.9394,0,0,0,0,0,0,0,0,0,0,,,,0.0,-1.0,n/a,59.8,1.0,"obs_days=14.1, n_samples=396, quality=QUALITY_COUNTER_RESET -> insufficient/uncertain data",観測期間・サンプル数・カウンタ整合性のいずれかが不足しており信頼できる判定ができません。review_priorityに従い追加データ収集または手動レビューを行ってください。,v2.0-final,v2.0-final,v2.0-final,ThinkPad X1 Carbon Gen 13,BYD,5B11M90100
2026-06-03T16:38:27,LAPTOP-D986V7T9_EAASIT1.12,NORMAL_OR_RESPONDING,ACTION_NONE,high,NOT_NO_LOW_CHANGE_CANDIDATE,,,,,,False,False,False,False,False,7,4,4,175.0,3.831,8.1,182.7,4.0,8.1,0.0,52.0,100.0,48.0,0.7572,0,0,0,0,0,0,0,0,0,0,,,,0.0,-1.0,n/a,66.5,11.3,"flat_tail=8.1d, fcc_changes=7, tail_cyc=0.0, tail_ok[90/80]=0/0, unresp_complete[90/80]=0/0, large_gap[90/80]=0/0 -> FCC still updating / not a no-low-change candidate",,v2.0-final,v2.0-final,v2.0-final,ThinkPad X1 Carbon Gen 12,Sunwoda,5B11H56385
2026-06-03T16:38:27,LAPTOP-DCOJFCQ0_TM_X1_MTL,REVIEW_INSUFFICIENT_DATA,ACTION_COLLECT_MORE_DATA_OR_MANUAL_REVIEW,review,REVIEW_COUNTER_RESET,,,REVIEW_COUNTER_RESET,high,cycleCountが減少（カウンタリセット/パック異常疑い）。生ログ確認が必要。,False,False,False,False,False,122,26,26,120.792,34.464,2.8,353.99,101.0,2.8,0.0,61.0,100.0,39.0,0.9109,0,0,0,0,0,0,0,0,0,0,,,,0.0,-1.0,n/a,58.7,0.5,"obs_days=354.0, n_samples=5968, quality=QUALITY_COUNTER_RESET -> insufficient/uncertain data",観測期間・サンプル数・カウンタ整合性のいずれかが不足しており信頼できる判定ができません。review_priorityに従い追加データ収集または手動レビューを行ってください。,v2.0-final,v2.0-final,v2.0-final,ThinkPad X1 2-in-1 Gen 9,BYD,5B11H56386
2026-06-03T16:38:27,LAPTOP-DDJ0EVTT_T14s2in1,REVIEW_INSUFFICIENT_DATA,ACTION_COLLECT_MORE_DATA_OR_MANUAL_REVIEW,review,REVIEW_SHORT_OBS_ACTIVE_LIKE,,,REVIEW_SHORT_OBS_ACTIVE_LIKE,low,観測期間<120日でactive様（flat_tail<60）。経過観察で十分なことが多い。,False,False,False,False,False,32,2,2,106.667,26.873,0.0,119.08,30.0,0.0,0.0,97.0,100.0,3.0,1.0,0,0,0,0,0,0,0,0,0,0,,,,0.0,-1.0,n/a,65.0,5.0,"obs_days=119.1, n_samples=1497, quality=QUALITY_SHORT_OBS -> insufficient/uncertain data",観測期間・サンプル数・カウンタ整合性のいずれかが不足しており信頼できる判定ができません。review_priorityに従い追加データ収集または手動レビューを行ってください。,v2.0-final,v2.0-final,v2.0-final,ThinkPad T14s 2-in-1 Gen 2,SMP,5B11M90163
2026-06-03T16:38:27,LAPTOP-E1AAB86F_X1_2-1,NORMAL_OR_RESPONDING,ACTION_NONE,high,NOT_NO_LOW_CHANGE_CANDIDATE,,,,,,False,False,False,False,False,259,41,40,113.596,65.422,0.1,395.89,228.0,0.1,0.0,29.0,93.0,64.0,0.0,0,0,0,0,0,0,0,0,0,0,,,,0.0,-1.0,n/a,50.0,10.0,"flat_tail=0.1d, fcc_changes=259, tail_cyc=0.0, tail_ok[90/80]=0/0, unresp_complete[90/80]=0/0, large_gap[90/80]=0/0 -> FCC still updating / not a no-low-change candidate",,v2.0-final,v2.0-final,v2.0-final,ThinkPad X1 2-in-1 Gen 9,Celxpert,5B11H56384
2026-06-03T16:38:27,LAPTOP-E1N6C0NF_Nile,REVIEW_INSUFFICIENT_DATA,ACTION_COLLECT_MORE_DATA_OR_MANUAL_REVIEW,review,REVIEW_SHORT_OBS_ACTIVE_LIKE,,,REVIEW_SHORT_OBS_ACTIVE_LIKE,low,観測期間<120日でactive様（flat_tail<60）。経過観察で十分なことが多い。,False,False,False,False,False,3,0,0,50.0,3.329,0.0,90.13,6.0,0.0,0.0,99.0,99.0,0.0,,0,0,0,0,0,0,0,0,0,0,,,,0.0,-1.0,n/a,65.0,5.0,"obs_days=90.1, n_samples=1395, quality=QUALITY_SHORT_OBS -> insufficient/uncertain data",観測期間・サンプル数・カウンタ整合性のいずれかが不足しており信頼できる判定ができません。review_priorityに従い追加データ収集または手動レビューを行ってください。,v2.0-final,v2.0-final,v2.0-final,ThinkPad X1 2-in-1 Gen 11,SMP,5B11M90163
2026-06-03T16:38:27,LAPTOP-ENFNG5MU_1,REVIEW_INSUFFICIENT_DATA,ACTION_COLLECT_MORE_DATA_OR_MANUAL_REVIEW,review,REVIEW_SHORT_OBS_ACTIVE_LIKE,,,REVIEW_SHORT_OBS_ACTIVE_LIKE,low,観測期間<120日でactive様（flat_tail<60）。経過観察で十分なことが多い。,False,False,False,False,False,9,0,0,52.941,9.392,32.7,95.83,17.0,32.7,0.0,89.0,100.0,11.0,1.0,0,0,0,0,0,0,0,0,0,0,,,,0.0,-1.0,n/a,70.5,10.4,"obs_days=95.8, n_samples=16329, quality=QUALITY_SHORT_OBS -> insufficient/uncertain data",観測期間・サンプル数・カウンタ整合性のいずれかが不足しており信頼できる判定ができません。review_priorityに従い追加データ収集または手動レビューを行ってください。,v2.0-final,v2.0-final,v2.0-final,ThinkPad X1 Carbon Gen 14,ATL,5B11M90161
2026-06-03T16:38:27,LAPTOP-EVNV9CFQ_Monica,NORMAL_OR_RESPONDING,ACTION_NONE,high,NOT_NO_LOW_CHANGE_CANDIDATE,,,,,,False,False,False,False,False,15,3,3,107.143,11.347,6.2,132.19,14.0,6.2,0.0,75.0,100.0,25.0,0.7838,0,0,0,0,0,0,0,0,0,0,,,,0.0,-1.0,n/a,66.7,11.0,"flat_tail=6.2d, fcc_changes=15, tail_cyc=0.0, tail_ok[90/80]=0/0, unresp_complete[90/80]=0/0, large_gap[90/80]=0/0 -> FCC still updating / not a no-low-change candidate",,v2.0-final,v2.0-final,v2.0-final,ThinkPad X1 Carbon Gen 13,BYD,5B11M90100
2026-06-03T16:38:27,LAPTOP-FEFDP1D9_test,NORMAL_OR_RESPONDING,ACTION_NONE,high,NOT_NO_LOW_CHANGE_CANDIDATE,,,,,,False,False,False,False,False,45,2,2,102.273,30.752,2.6,146.33,44.0,2.6,0.0,38.0,85.0,47.0,1.0,0,0,0,0,0,0,0,0,0,0,,,,0.0,-1.0,n/a,70.4,10.4,"flat_tail=2.6d, fcc_changes=45, tail_cyc=0.0, tail_ok[90/80]=0/0, unresp_complete[90/80]=0/0, large_gap[90/80]=0/0 -> FCC still updating / not a no-low-change candidate",,v2.0-final,v2.0-final,v2.0-final,ThinkPad X1 Carbon Gen 14,Sunwoda,5B11M90160
2026-06-03T16:38:27,LAPTOP-FG0TTKQT_amurugan1,REVIEW_INSUFFICIENT_DATA,ACTION_COLLECT_MORE_DATA_OR_MANUAL_REVIEW,review,REVIEW_SHORT_OBS_ACTIVE_LIKE,,,REVIEW_SHORT_OBS_ACTIVE_LIKE,low,観測期間<120日でactive様（flat_tail<60）。経過観察で十分なことが多い。,False,False,False,False,False,43,10,10,126.471,43.954,0.1,97.83,34.0,0.1,0.0,79.0,100.0,21.0,1.0,0,0,0,0,0,0,0,0,0,0,,,,0.0,-1.0,n/a,65.0,5.0,"obs_days=97.8, n_samples=2103, quality=QUALITY_SHORT_OBS -> insufficient/uncertain data",観測期間・サンプル数・カウンタ整合性のいずれかが不足しており信頼できる判定ができません。review_priorityに従い追加データ収集または手動レビューを行ってください。,v2.0-final,v2.0-final,v2.0-final,ThinkPad X1 Carbon Gen 13,Celxpert,5B11M90098
2026-06-03T16:38:27,LAPTOP-G59PGF6O_Avon,REVIEW_INSUFFICIENT_DATA,ACTION_COLLECT_MORE_DATA_OR_MANUAL_REVIEW,review,REVIEW_COUNTER_RESET,,,REVIEW_COUNTER_RESET,high,cycleCountが減少（カウンタリセット/パック異常疑い）。生ログ確認が必要。,False,False,False,False,False,47,10,10,130.556,50.91,0.7,92.32,36.0,0.7,0.0,90.0,100.0,10.0,0.7065,0,0,0,0,0,0,0,0,0,0,,,,0.0,-1.0,n/a,56.8,0.1,"obs_days=92.3, n_samples=947, quality=QUALITY_COUNTER_RESET -> insufficient/uncertain data",観測期間・サンプル数・カウンタ整合性のいずれかが不足しており信頼できる判定ができません。review_priorityに従い追加データ収集または手動レビューを行ってください。,v2.0-final,v2.0-final,v2.0-final,ThinkPad X1 2-in-1 Gen 11,SMP,5B11M90163
2026-06-03T16:38:27,LAPTOP-GAVGVR9P_panjun1,NORMAL_OR_RESPONDING,ACTION_NONE,high,NOT_NO_LOW_CHANGE_CANDIDATE,,,,,,False,False,False,False,False,211,52,49,119.209,63.238,22.0,333.66,177.0,22.0,0.0,1.0,65.0,64.0,0.1297,0,0,0,0,0,0,0,0,0,0,,,,0.0,-1.0,n/a,56.3,13.7,"flat_tail=22.0d, fcc_changes=211, tail_cyc=0.0, tail_ok[90/80]=0/0, unresp_complete[90/80]=0/0, large_gap[90/80]=0/0 -> FCC still updating / not a no-low-change candidate",,v2.0-final,v2.0-final,v2.0-final,ThinkPad X1 Carbon Gen 13,BYD,5B11M90100
2026-06-03T16:38:27,LAPTOP-GGLFATQJ_kazuk,NORMAL_OR_RESPONDING,ACTION_NONE,high,NOT_NO_LOW_CHANGE_CANDIDATE,,,,,,False,False,False,False,False,98,81,74,200.0,39.599,4.8,247.48,49.0,4.8,0.0,100.0,100.0,0.0,1.0,0,0,0,0,0,0,0,0,0,0,,,,0.0,-1.0,n/a,70.8,10.8,"flat_tail=4.8d, fcc_changes=98, tail_cyc=0.0, tail_ok[90/80]=0/0, unresp_complete[90/80]=0/0, large_gap[90/80]=0/0 -> FCC still updating / not a no-low-change candidate",,v2.0-final,v2.0-final,v2.0-final,ThinkPad X1 Yoga 3rd,SMP,02DL003
2026-06-03T16:38:27,LAPTOP-H0IEOCT5_zuyin,NORMAL_OR_RESPONDING,ACTION_NONE,high,NOT_NO_LOW_CHANGE_CANDIDATE,,,,,,False,False,False,False,False,24,7,7,133.333,10.27,7.1,233.7,18.0,7.1,0.0,84.0,100.0,16.0,0.9476,0,0,0,0,0,0,0,0,0,0,,,,0.0,-1.0,n/a,70.1,11.2,"flat_tail=7.1d, fcc_changes=24, tail_cyc=0.0, tail_ok[90/80]=0/0, unresp_complete[90/80]=0/0, large_gap[90/80]=0/0 -> FCC still updating / not a no-low-change candidate",,v2.0-final,v2.0-final,v2.0-final,ThinkPad P1 Gen 7,Sunwoda,5B11M37553
2026-06-03T16:38:27,LAPTOP-H11NV2VL_hwpa,NORMAL_OR_RESPONDING,ACTION_NONE,high,NOT_NO_LOW_CHANGE_CANDIDATE,,,,,,False,False,False,False,False,4,4,4,20.0,2.614,20.9,153.05,20.0,20.9,4.0,12.0,100.0,88.0,0.2171,0,1,1,0,0,0,0,0,0,0,,,,0.0,-1.0,n/a,43.3,14.3,"flat_tail=20.9d, fcc_changes=4, tail_cyc=4.0, tail_ok[90/80]=0/0, unresp_complete[90/80]=0/0, large_gap[90/80]=0/1 -> FCC still updating / not a no-low-change candidate",,v2.0-final,v2.0-final,v2.0-final,ThinkPad Z13 Gen 2,SMP,5B11M90082
2026-06-03T16:38:27,LAPTOP-H1CK928J_rreaves,NORMAL_OR_RESPONDING,ACTION_NONE,high,NOT_NO_LOW_CHANGE_CANDIDATE,,,,,,False,False,False,False,False,8,7,7,7.477,1.412,0.4,566.52,107.0,0.4,0.0,79.0,100.0,21.0,0.812,0,0,0,0,0,0,0,0,0,0,,,,0.0,-1.0,n/a,66.3,10.1,"flat_tail=0.4d, fcc_changes=8, tail_cyc=0.0, tail_ok[90/80]=0/0, unresp_complete[90/80]=0/0, large_gap[90/80]=0/0 -> FCC still updating / not a no-low-change candidate",,v2.0-final,v2.0-final,v2.0-final,ThinkPad X1 Fold 16 Gen 1,SMP,5B10W51897
2026-06-03T16:38:27,LAPTOP-HR5L43FU_Avon1,REVIEW_INSUFFICIENT_DATA,ACTION_COLLECT_MORE_DATA_OR_MANUAL_REVIEW,review,REVIEW_SHORT_OBS_ACTIVE_LIKE,,,REVIEW_SHORT_OBS_ACTIVE_LIKE,low,観測期間<120日でactive様（flat_tail<60）。経過観察で十分なことが多い。,False,False,False,False,False,0,0,0,0.0,0.0,2.3,2.26,3.0,2.3,3.0,34.0,100.0,66.0,0.4334,0,0,0,0,0,0,0,0,0,0,,,,0.0,-1.0,n/a,52.6,6.0,"obs_days=2.3, n_samples=16290, quality=QUALITY_SHORT_OBS -> insufficient/uncertain data",観測期間・サンプル数・カウンタ整合性のいずれかが不足しており信頼できる判定ができません。review_priorityに従い追加データ収集または手動レビューを行ってください。,v2.0-final,v2.0-final,v2.0-final,ThinkPad X1 Carbon Gen 14,COSMX,5B11M90162
2026-06-03T16:38:27,LAPTOP-I551TCUQ_Eiger-1,REVIEW_INSUFFICIENT_DATA,ACTION_COLLECT_MORE_DATA_OR_MANUAL_REVIEW,review,REVIEW_SHORT_OBS_ACTIVE_LIKE,,,REVIEW_SHORT_OBS_ACTIVE_LIKE,low,観測期間<120日でactive様（flat_tail<60）。経過観察で十分なことが多い。,False,False,False,False,False,11,5,5,137.5,17.287,0.3,63.63,8.0,0.3,0.0,100.0,100.0,0.0,1.0,0,0,0,0,0,0,0,0,0,0,,,,0.0,-1.0,n/a,65.0,5.0,"obs_days=63.6, n_samples=442, quality=QUALITY_SHORT_OBS -> insufficient/uncertain data",観測期間・サンプル数・カウンタ整合性のいずれかが不足しており信頼できる判定ができません。review_priorityに従い追加データ収集または手動レビューを行ってください。,v2.0-final,v2.0-final,v2.0-final,ThinkPad T14s Gen 5,ATL,5B11H56408
2026-06-03T16:38:27,LAPTOP-IHE4MH4F_mriddle,REVIEW_INSUFFICIENT_DATA,ACTION_COLLECT_MORE_DATA_OR_MANUAL_REVIEW,review,REVIEW_SHORT_OBS_ACTIVE_LIKE,,,REVIEW_SHORT_OBS_ACTIVE_LIKE,low,観測期間<120日でactive様（flat_tail<60）。経過観察で十分なことが多い。,False,False,False,False,False,14,3,3,127.273,33.357,1.2,41.97,11.0,1.2,0.0,74.0,100.0,26.0,0.9174,0,0,0,0,0,0,0,0,0,0,,,,0.0,-1.0,n/a,63.5,5.2,"obs_days=42.0, n_samples=1797, quality=QUALITY_SHORT_OBS -> insufficient/uncertain data",観測期間・サンプル数・カウンタ整合性のいずれかが不足しており信頼できる判定ができません。review_priorityに従い追加データ収集または手動レビューを行ってください。,v2.0-final,v2.0-final,v2.0-final,ThinkPad P1 Gen 9,COSMX,5B11M90164
2026-06-03T16:38:27,LAPTOP-II2JP927_Oak2-SVT-REX-1,NORMAL_OR_RESPONDING,ACTION_NONE,high,NOT_NO_LOW_CHANGE_CANDIDATE,,,,,,False,False,False,False,False,24,17,12,160.0,9.442,9.9,254.17,15.0,9.9,0.0,78.0,80.0,2.0,1.0,0,0,0,0,0,0,0,0,0,0,,,,0.0,-1.0,n/a,71.7,11.7,"flat_tail=9.9d, fcc_changes=24, tail_cyc=0.0, tail_ok[90/80]=0/0, unresp_complete[90/80]=0/0, large_gap[90/80]=0/0 -> FCC still updating / not a no-low-change candidate",,v2.0-final,v2.0-final,v2.0-final,ThinkPad P16v Gen 2,Celxpert,5B11M90093
2026-06-03T16:38:27,LAPTOP-IJG7MG54_test,REVIEW_INSUFFICIENT_DATA,ACTION_COLLECT_MORE_DATA_OR_MANUAL_REVIEW,review,REVIEW_SHORT_OBS_ACTIVE_LIKE,,,REVIEW_SHORT_OBS_ACTIVE_LIKE,low,観測期間<120日でactive様（flat_tail<60）。経過観察で十分なことが多い。,False,False,False,False,False,3,1,1,150.0,14.829,2.8,20.23,2.0,2.8,0.0,97.0,100.0,3.0,0.9988,0,0,0,0,0,0,0,0,0,0,,,,0.0,-1.0,n/a,65.4,5.5,"obs_days=20.2, n_samples=4423, quality=QUALITY_SHORT_OBS -> insufficient/uncertain data",観測期間・サンプル数・カウンタ整合性のいずれかが不足しており信頼できる判定ができません。review_priorityに従い追加データ収集または手動レビューを行ってください。,v2.0-final,v2.0-final,v2.0-final,ThinkPad X1 Carbon Gen 12,Celxpert,5B11H56384
2026-06-03T16:38:27,LAPTOP-J2HRJNCI_Feng,NORMAL_OR_RESPONDING,ACTION_NONE,high,NOT_NO_LOW_CHANGE_CANDIDATE,,,,,,False,False,False,False,False,29,23,10,126.087,4.424,13.8,655.45,23.0,13.8,0.0,60.0,100.0,40.0,0.9781,0,0,0,0,0,0,0,0,0,0,,,,0.0,-1.0,n/a,66.9,7.3,"flat_tail=13.8d, fcc_changes=29, tail_cyc=0.0, tail_ok[90/80]=0/0, unresp_complete[90/80]=0/0, large_gap[90/80]=0/0 -> FCC still updating / not a no-low-change candidate",,v2.0-final,v2.0-final,v2.0-final,ThinkPad T14p Gen 2,SMP,5B11H56401
2026-06-03T16:38:27,LAPTOP-J2L4OE0Q_ANakamura,NORMAL_OR_RESPONDING,ACTION_NONE,high,NOT_NO_LOW_CHANGE_CANDIDATE,,,,,,False,False,False,False,False,68,9,9,101.493,43.409,1.0,156.65,67.0,1.0,0.0,81.0,100.0,19.0,0.6465,0,0,0,0,0,0,0,0,0,0,,,,0.0,-1.0,n/a,63.8,10.2,"flat_tail=1.0d, fcc_changes=68, tail_cyc=0.0, tail_ok[90/80]=0/0, unresp_complete[90/80]=0/0, large_gap[90/80]=0/0 -> FCC still updating / not a no-low-change candidate",,v2.0-final,v2.0-final,v2.0-final,ThinkPad X1 Carbon Gen 14,ATL,5B11M90161
2026-06-03T16:38:27,LAPTOP-J9M9N0H9_X9-14,NORMAL_OR_RESPONDING,ACTION_NONE,high,NOT_NO_LOW_CHANGE_CANDIDATE,,,,,,False,False,False,False,False,18,0,0,90.0,12.569,0.9,143.21,20.0,0.9,0.0,57.0,100.0,43.0,0.4791,0,0,0,0,0,0,0,0,0,0,,,,0.0,-1.0,n/a,59.7,10.2,"flat_tail=0.9d, fcc_changes=18, tail_cyc=0.0, tail_ok[90/80]=0/0, unresp_complete[90/80]=0/0, large_gap[90/80]=0/0 -> FCC still updating / not a no-low-change candidate",,v2.0-final,v2.0-final,v2.0-final,ThinkPad X9-14 Gen 1,BYD,LNV-5B11M90101@
2026-06-03T16:38:27,LAPTOP-JHPGK11C_NL1SKU6SIT1LR,REVIEW_INSUFFICIENT_DATA,ACTION_COLLECT_MORE_DATA_OR_MANUAL_REVIEW,review,REVIEW_SHORT_OBS_ACTIVE_LIKE,,,REVIEW_SHORT_OBS_ACTIVE_LIKE,low,観測期間<120日でactive様（flat_tail<60）。経過観察で十分なことが多い。,False,False,False,False,False,2,0,0,100.0,14.347,11.0,13.94,2.0,11.0,0.0,2.0,100.0,98.0,0.8625,0,0,0,0,0,0,0,0,0,0,,,,0.0,-1.0,n/a,64.1,6.8,"obs_days=13.9, n_samples=1730, quality=QUALITY_SHORT_OBS -> insufficient/uncertain data",観測期間・サンプル数・カウンタ整合性のいずれかが不足しており信頼できる判定ができません。review_priorityに従い追加データ収集または手動レビューを行ってください。,v2.0-final,v2.0-final,v2.0-final,ThinkPad X1 2-in-1 Gen 11,COSMX,5B11M90162
2026-06-03T16:38:27,LAPTOP-JL4J612V_jnunez5,REVIEW_INSUFFICIENT_DATA,ACTION_COLLECT_MORE_DATA_OR_MANUAL_REVIEW,review,REVIEW_SHORT_OBS_ACTIVE_LIKE,,,REVIEW_SHORT_OBS_ACTIVE_LIKE,low,観測期間<120日でactive様（flat_tail<60）。経過観察で十分なことが多い。,False,False,False,False,False,2,2,2,20.0,2.845,7.2,70.3,10.0,7.2,1.0,64.0,100.0,36.0,0.6952,0,0,0,0,0,0,0,0,0,0,,,,0.0,-1.0,n/a,59.6,6.4,"obs_days=70.3, n_samples=885, quality=QUALITY_SHORT_OBS -> insufficient/uncertain data",観測期間・サンプル数・カウンタ整合性のいずれかが不足しており信頼できる判定ができません。review_priorityに従い追加データ収集または手動レビューを行ってください。,v2.0-final,v2.0-final,v2.0-final,ThinkPad X9-15 Gen 1,BYD,L24B4PE2
2026-06-03T16:38:27,LAPTOP-JLDUH829_11096,REVIEW_INSUFFICIENT_DATA,ACTION_COLLECT_MORE_DATA_OR_MANUAL_REVIEW,review,REVIEW_SHORT_OBS_ACTIVE_LIKE,,,REVIEW_SHORT_OBS_ACTIVE_LIKE,low,観測期間<120日でactive様（flat_tail<60）。経過観察で十分なことが多い。,False,False,False,False,False,2,0,0,22.222,11.955,0.9,16.73,9.0,0.9,0.0,64.0,100.0,36.0,0.7579,0,0,0,0,0,0,0,0,0,0,,,,0.0,-1.0,n/a,60.3,5.2,"obs_days=16.7, n_samples=675, quality=QUALITY_SHORT_OBS -> insufficient/uncertain data",観測期間・サンプル数・カウンタ整合性のいずれかが不足しており信頼できる判定ができません。review_priorityに従い追加データ収集または手動レビューを行ってください。,v2.0-final,v2.0-final,v2.0-final,ThinkPad X1 Carbon Gen 13,Celxpert,5B11M90098
2026-06-03T16:38:27,LAPTOP-K2B03PT9_Mersey2,REVIEW_INSUFFICIENT_DATA,ACTION_COLLECT_MORE_DATA_OR_MANUAL_REVIEW,review,REVIEW_SHORT_OBS_ACTIVE_LIKE,,,REVIEW_SHORT_OBS_ACTIVE_LIKE,low,観測期間<120日でactive様（flat_tail<60）。経過観察で十分なことが多い。,False,False,False,False,False,6,0,0,100.0,5.397,14.1,111.17,6.0,14.1,0.0,27.0,100.0,73.0,0.5167,0,0,0,0,0,0,0,0,0,0,,,,0.0,-1.0,n/a,57.7,7.3,"obs_days=111.2, n_samples=345, quality=QUALITY_SHORT_OBS -> insufficient/uncertain data",観測期間・サンプル数・カウンタ整合性のいずれかが不足しており信頼できる判定ができません。review_priorityに従い追加データ収集または手動レビューを行ってください。,v2.0-final,v2.0-final,v2.0-final,ThinkPad X1 2-in-1 Gen 10,Sunwoda,5B11M90099
2026-06-03T16:38:27,LAPTOP-K2Q4C3UQ_1,NORMAL_OR_RESPONDING,ACTION_NONE,high,NOT_NO_LOW_CHANGE_CANDIDATE,,,,,,False,False,False,False,False,28,26,26,70.0,9.747,4.3,287.28,40.0,4.3,1.0,9.0,100.0,91.0,0.8863,0,0,0,0,0,0,0,0,0,0,,,,0.0,-1.0,n/a,67.9,10.9,"flat_tail=4.3d, fcc_changes=28, tail_cyc=1.0, tail_ok[90/80]=0/0, unresp_complete[90/80]=0/0, large_gap[90/80]=0/0 -> FCC still updating / not a no-low-change candidate",,v2.0-final,v2.0-final,v2.0-final,ThinkPad Z16 Gen 1,SMP,5B10W51887
2026-06-03T16:38:27,LAPTOP-K5TN4699_ThinkPad,NORMAL_OR_RESPONDING,ACTION_NONE,high,NOT_NO_LOW_CHANGE_CANDIDATE,,,,,,False,False,False,False,False,13,11,8,108.333,9.924,7.7,130.99,12.0,7.7,1.0,82.0,100.0,18.0,0.9671,0,0,0,0,0,0,0,0,0,0,,,,0.0,-1.0,n/a,70.1,11.5,"flat_tail=7.7d, fcc_changes=13, tail_cyc=1.0, tail_ok[90/80]=0/0, unresp_complete[90/80]=0/0, large_gap[90/80]=0/0 -> FCC still updating / not a no-low-change candidate",,v2.0-final,v2.0-final,v2.0-final,ThinkPad X1 Carbon Gen 11,Celxpert,5B11M90057
2026-06-03T16:38:27,LAPTOP-K8IULGVA_Sun,NORMAL_OR_RESPONDING,ACTION_NONE,high,NOT_NO_LOW_CHANGE_CANDIDATE,,,,,,False,False,False,False,False,11,11,11,18.966,2.895,37.5,380.03,58.0,37.5,6.0,5.0,100.0,95.0,0.5478,0,0,0,0,0,0,0,0,0,0,,,,0.0,-1.0,n/a,64.2,17.4,"flat_tail=37.5d, fcc_changes=11, tail_cyc=6.0, tail_ok[90/80]=0/0, unresp_complete[90/80]=0/0, large_gap[90/80]=0/0 -> FCC still updating / not a no-low-change candidate",,v2.0-final,v2.0-final,v2.0-final,ThinkPad X1 Carbon Gen 10,SMP,5B10W13973
2026-06-03T16:38:27,LAPTOP-K9NORC70_SIT,NORMAL_OR_RESPONDING,ACTION_NONE,high,NOT_NO_LOW_CHANGE_CANDIDATE,,,,,,False,False,False,False,False,11,2,1,110.0,6.5,0.0,169.22,10.0,0.0,0.0,100.0,100.0,0.0,1.0,0,0,0,0,0,0,0,0,0,0,,,,0.0,-1.0,n/a,70.0,10.0,"flat_tail=0.0d, fcc_changes=11, tail_cyc=0.0, tail_ok[90/80]=0/0, unresp_complete[90/80]=0/0, large_gap[90/80]=0/0 -> FCC still updating / not a no-low-change candidate",,v2.0-final,v2.0-final,v2.0-final,ThinkPad X9-14 Gen 1,Sunwoda,LNV-5B11M90102
2026-06-03T16:38:27,LAPTOP-KQTSA7PM_1,REVIEW_INSUFFICIENT_DATA,ACTION_COLLECT_MORE_DATA_OR_MANUAL_REVIEW,review,REVIEW_COUNTER_RESET,,,REVIEW_COUNTER_RESET,high,cycleCountが減少（カウンタリセット/パック異常疑い）。生ログ確認が必要。,False,False,False,False,False,48,1,1,141.176,49.11,0.1,97.74,34.0,0.1,0.0,99.0,100.0,1.0,0.5298,0,0,0,0,0,0,0,0,0,0,,,,0.0,-1.0,n/a,59.7,0.0,"obs_days=97.7, n_samples=1751, quality=QUALITY_COUNTER_RESET -> insufficient/uncertain data",観測期間・サンプル数・カウンタ整合性のいずれかが不足しており信頼できる判定ができません。review_priorityに従い追加データ収集または手動レビューを行ってください。,v2.0-final,v2.0-final,v2.0-final,ThinkPad X1 Carbon Gen 12,SMP,5B11H56383
2026-06-03T16:38:27,LAPTOP-LM31Q23F_NL1SKU6LR,REVIEW_INSUFFICIENT_DATA,ACTION_COLLECT_MORE_DATA_OR_MANUAL_REVIEW,review,REVIEW_SHORT_OBS_ACTIVE_LIKE,,,REVIEW_SHORT_OBS_ACTIVE_LIKE,low,観測期間<120日でactive様（flat_tail<60）。経過観察で十分なことが多い。,False,False,False,False,False,0,0,0,0.0,0.0,3.9,3.9,0.0,3.9,0.0,87.0,100.0,13.0,0.9427,0,0,0,0,0,0,0,0,0,0,,,,0.0,-1.0,n/a,64.5,5.7,"obs_days=3.9, n_samples=890, quality=QUALITY_SHORT_OBS -> insufficient/uncertain data",観測期間・サンプル数・カウンタ整合性のいずれかが不足しており信頼できる判定ができません。review_priorityに従い追加データ収集または手動レビューを行ってください。,v2.0-final,v2.0-final,v2.0-final,ThinkPad X1 2-in-1 Gen 11,COSMX,5B11M90162
2026-06-03T16:38:27,LAPTOP-LNBSJHQF_AV1SKU10SIT1p2,REVIEW_INSUFFICIENT_DATA,ACTION_COLLECT_MORE_DATA_OR_MANUAL_REVIEW,review,REVIEW_SHORT_OBS_STALE_OR_VERY_STALE,,,REVIEW_SHORT_OBS_STALE_OR_VERY_STALE,high,観測期間<120日だがflat_tail>=60日（stale様）。優先的に追加観測。,False,False,False,False,False,0,0,0,0.0,0.0,62.8,62.76,1.0,62.8,1.0,95.0,100.0,5.0,0.9973,0,0,0,0,0,0,0,0,0,0,,,,0.0,-1.0,n/a,74.9,15.7,"obs_days=62.8, n_samples=1495, quality=QUALITY_SHORT_OBS -> insufficient/uncertain data",観測期間・サンプル数・カウンタ整合性のいずれかが不足しており信頼できる判定ができません。review_priorityに従い追加データ収集または手動レビューを行ってください。,v2.0-final,v2.0-final,v2.0-final,ThinkPad X1 2-in-1 Gen 11,COSMX,5B11M90162
2026-06-03T16:38:27,LAPTOP-LVNFDHDN_EAA,NORMAL_OR_RESPONDING,ACTION_NONE,high,NOT_NO_LOW_CHANGE_CANDIDATE,,,,,,False,False,False,False,False,11,2,2,110.0,7.429,0.1,148.07,10.0,0.1,0.0,100.0,100.0,0.0,1.0,0,0,0,0,0,0,0,0,0,0,,,,0.0,-1.0,n/a,70.0,10.0,"flat_tail=0.1d, fcc_changes=11, tail_cyc=0.0, tail_ok[90/80]=0/0, unresp_complete[90/80]=0/0, large_gap[90/80]=0/0 -> FCC still updating / not a no-low-change candidate",,v2.0-final,v2.0-final,v2.0-final,ThinkPad X1 Carbon Gen 13,BYD,5B11M90100
2026-06-03T16:38:27,LAPTOP-MGP5FI9R_longrun,REVIEW_INSUFFICIENT_DATA,ACTION_COLLECT_MORE_DATA_OR_MANUAL_REVIEW,review,REVIEW_COUNTER_RESET,,,REVIEW_COUNTER_RESET,high,cycleCountが減少（カウンタリセット/パック異常疑い）。生ログ確認が必要。,False,False,False,False,False,4,0,0,200.0,52.356,2.5,7.64,2.0,2.5,0.0,75.0,100.0,25.0,1.0,0,0,0,0,0,0,0,0,0,0,,,,0.0,-1.0,n/a,60.4,0.4,"obs_days=7.6, n_samples=3892, quality=QUALITY_COUNTER_RESET -> insufficient/uncertain data",観測期間・サンプル数・カウンタ整合性のいずれかが不足しており信頼できる判定ができません。review_priorityに従い追加データ収集または手動レビューを行ってください。,v2.0-final,v2.0-final,v2.0-final,ThinkPad X1 2-in-1 Gen 11,SMP,5B11M90163
2026-06-03T16:38:27,LAPTOP-MUEEDSGP_NL1SKU7SIT2LR,REVIEW_INSUFFICIENT_DATA,ACTION_COLLECT_MORE_DATA_OR_MANUAL_REVIEW,review,REVIEW_SHORT_OBS_ACTIVE_LIKE,,,REVIEW_SHORT_OBS_ACTIVE_LIKE,low,観測期間<120日でactive様（flat_tail<60）。経過観察で十分なことが多い。,False,False,False,False,False,3,1,1,150.0,61.224,3.6,4.9,2.0,3.6,0.0,84.0,100.0,16.0,0.9979,0,0,0,0,0,0,0,0,0,0,,,,0.0,-1.0,n/a,65.6,5.6,"obs_days=4.9, n_samples=1361, quality=QUALITY_SHORT_OBS -> insufficient/uncertain data",観測期間・サンプル数・カウンタ整合性のいずれかが不足しており信頼できる判定ができません。review_priorityに従い追加データ収集または手動レビューを行ってください。,v2.0-final,v2.0-final,v2.0-final,ThinkPad X1 2-in-1 Gen 11,COSMX,5B11M90162
2026-06-03T16:38:27,LAPTOP-N0IFBCJM_AV1,REVIEW_INSUFFICIENT_DATA,ACTION_COLLECT_MORE_DATA_OR_MANUAL_REVIEW,review,REVIEW_SHORT_OBS_ACTIVE_LIKE,,,REVIEW_SHORT_OBS_ACTIVE_LIKE,low,観測期間<120日でactive様（flat_tail<60）。経過観察で十分なことが多い。,False,False,False,False,False,18,1,1,100.0,34.695,2.6,51.88,18.0,2.6,0.0,43.0,75.0,32.0,0.5,0,0,0,0,0,0,0,0,0,0,,,,0.0,-1.0,n/a,55.4,5.4,"obs_days=51.9, n_samples=833, quality=QUALITY_SHORT_OBS -> insufficient/uncertain data",観測期間・サンプル数・カウンタ整合性のいずれかが不足しており信頼できる判定ができません。review_priorityに従い追加データ収集または手動レビューを行ってください。,v2.0-final,v2.0-final,v2.0-final,ThinkPad X1 Carbon Gen 14,ATL,5B11M90161
2026-06-03T16:38:27,LAPTOP-N4IHLN0J_MS2,REVIEW_INSUFFICIENT_DATA,ACTION_COLLECT_MORE_DATA_OR_MANUAL_REVIEW,review,REVIEW_SHORT_OBS_ACTIVE_LIKE,,,REVIEW_SHORT_OBS_ACTIVE_LIKE,low,観測期間<120日でactive様（flat_tail<60）。経過観察で十分なことが多い。,False,False,False,False,False,1,1,1,100.0,3.597,8.8,27.8,1.0,8.8,1.0,0.0,100.0,100.0,0.0182,0,0,0,0,0,0,0,0,0,0,,,,0.0,-1.0,n/a,46.3,6.7,"obs_days=27.8, n_samples=290, quality=QUALITY_SHORT_OBS -> insufficient/uncertain data",観測期間・サンプル数・カウンタ整合性のいずれかが不足しており信頼できる判定ができません。review_priorityに従い追加データ収集または手動レビューを行ってください。,v2.0-final,v2.0-final,v2.0-final,ThinkPad X1 2-in-1 Gen 10,SMP,5B11M90097
2026-06-03T16:38:27,LAPTOP-OLNLOES4_SIT21,REVIEW_INSUFFICIENT_DATA,ACTION_COLLECT_MORE_DATA_OR_MANUAL_REVIEW,review,REVIEW_SHORT_OBS_ACTIVE_LIKE,,,REVIEW_SHORT_OBS_ACTIVE_LIKE,low,観測期間<120日でactive様（flat_tail<60）。経過観察で十分なことが多い。,False,False,False,False,False,1,0,0,100.0,27.248,0.7,3.67,1.0,0.7,0.0,92.0,100.0,8.0,0.9913,0,0,0,0,0,0,0,0,0,0,,,,0.0,-1.0,n/a,64.9,5.1,"obs_days=3.7, n_samples=303, quality=QUALITY_SHORT_OBS -> insufficient/uncertain data",観測期間・サンプル数・カウンタ整合性のいずれかが不足しており信頼できる判定ができません。review_priorityに従い追加データ収集または手動レビューを行ってください。,v2.0-final,v2.0-final,v2.0-final,ThinkPad X1 Carbon Gen 14,Sunwoda,5B11M90160
2026-06-03T16:38:27,LAPTOP-OMDL8LQ4_EESIT,NORMAL_OR_RESPONDING,ACTION_NONE,high,NOT_NO_LOW_CHANGE_CANDIDATE,,,,,,False,False,False,False,False,167,48,48,131.496,82.254,0.1,203.03,127.0,0.1,0.0,84.0,95.0,11.0,0.8303,0,0,0,0,0,0,0,0,0,0,,,,0.0,-1.0,n/a,66.6,10.0,"flat_tail=0.1d, fcc_changes=167, tail_cyc=0.0, tail_ok[90/80]=0/0, unresp_complete[90/80]=0/0, large_gap[90/80]=0/0 -> FCC still updating / not a no-low-change candidate",,v2.0-final,v2.0-final,v2.0-final,ThinkPad X1 Carbon Gen 13,BYD,5B11M90100
2026-06-03T16:38:27,LAPTOP-OTD6NS5M_lnvni,NORMAL_OR_RESPONDING,ACTION_NONE,high,NOT_NO_LOW_CHANGE_CANDIDATE,,,,,,False,False,False,False,False,23,2,0,164.286,14.328,9.0,160.52,14.0,9.0,0.0,22.0,100.0,78.0,0.0303,0,0,0,0,0,0,0,0,0,0,,,,0.0,-1.0,n/a,52.1,11.5,"flat_tail=9.0d, fcc_changes=23, tail_cyc=0.0, tail_ok[90/80]=0/0, unresp_complete[90/80]=0/0, large_gap[90/80]=0/0 -> FCC still updating / not a no-low-change candidate",,v2.0-final,v2.0-final,v2.0-final,ThinkPad X1 Carbon Gen 12,SMP,5B11H56383
2026-06-03T16:38:27,LAPTOP-OV7Q4J55_PE,REVIEW_INSUFFICIENT_DATA,ACTION_COLLECT_MORE_DATA_OR_MANUAL_REVIEW,review,REVIEW_SHORT_OBS_ACTIVE_LIKE,,,REVIEW_SHORT_OBS_ACTIVE_LIKE,low,観測期間<120日でactive様（flat_tail<60）。経過観察で十分なことが多い。,False,False,False,False,False,1,1,1,25.0,8.34,4.6,11.99,4.0,4.6,1.0,2.0,100.0,98.0,1.0,0,0,0,0,0,0,0,0,0,0,,,,0.0,-1.0,n/a,65.3,6.0,"obs_days=12.0, n_samples=495, quality=QUALITY_SHORT_OBS -> insufficient/uncertain data",観測期間・サンプル数・カウンタ整合性のいずれかが不足しており信頼できる判定ができません。review_priorityに従い追加データ収集または手動レビューを行ってください。,v2.0-final,v2.0-final,v2.0-final,ThinkPad X1 Yoga Gen 8,Sunwoda,5B10W13975
2026-06-03T16:38:27,LAPTOP-P9BQ8OLJ_Neal,NORMAL_OR_RESPONDING,ACTION_NONE,high,NOT_NO_LOW_CHANGE_CANDIDATE,,,,,,False,False,False,False,False,69,5,4,98.571,23.883,3.5,288.91,70.0,3.5,0.0,45.0,100.0,55.0,0.2,0,0,0,0,0,0,0,0,0,0,,,,0.0,-1.0,n/a,54.6,10.6,"flat_tail=3.5d, fcc_changes=69, tail_cyc=0.0, tail_ok[90/80]=0/0, unresp_complete[90/80]=0/0, large_gap[90/80]=0/0 -> FCC still updating / not a no-low-change candidate",,v2.0-final,v2.0-final,v2.0-final,ThinkPad X13 Gen 6,Sunwoda,5B11M90122
2026-06-03T16:38:27,LAPTOP-Q5JPEGGD_Nate,REVIEW_INSUFFICIENT_DATA,ACTION_COLLECT_MORE_DATA_OR_MANUAL_REVIEW,review,REVIEW_SHORT_OBS_ACTIVE_LIKE,,,REVIEW_SHORT_OBS_ACTIVE_LIKE,low,観測期間<120日でactive様（flat_tail<60）。経過観察で十分なことが多い。,False,False,False,False,False,21,1,1,95.455,29.582,1.0,70.99,22.0,1.0,0.0,31.0,100.0,69.0,0.7581,0,0,0,0,0,0,0,0,0,0,,,,0.0,-1.0,n/a,60.3,5.2,"obs_days=71.0, n_samples=2291, quality=QUALITY_SHORT_OBS -> insufficient/uncertain data",観測期間・サンプル数・カウンタ整合性のいずれかが不足しており信頼できる判定ができません。review_priorityに従い追加データ収集または手動レビューを行ってください。,v2.0-final,v2.0-final,v2.0-final,ThinkPad X1 Carbon Gen 14,ATL,5B11M90161
2026-06-03T16:38:27,LAPTOP-Q6HOEUNN_tyler,NORMAL_OR_RESPONDING,ACTION_NONE,high,NOT_NO_LOW_CHANGE_CANDIDATE,,,,,,False,False,False,False,False,7,6,6,11.29,1.666,95.0,420.05,62.0,95.0,16.0,6.0,100.0,94.0,0.774,1,3,4,0,0,0,1,0,0,0,0.214,0.0,-0.522,20.9,-1.0,n/a,53.3,55.0,"flat_tail=95.0d, fcc_changes=7, tail_cyc=16.0, tail_ok[90/80]=0/1, unresp_complete[90/80]=0/1, large_gap[90/80]=0/3 -> FCC still updating / not a no-low-change candidate",,v2.0-final,v2.0-final,v2.0-final,ThinkPad X1 Carbon Gen 11,SMP,5B10W13973
2026-06-03T16:38:27,LAPTOP-QQKPMET2_longrun,REVIEW_INSUFFICIENT_DATA,ACTION_COLLECT_MORE_DATA_OR_MANUAL_REVIEW,review,REVIEW_SHORT_OBS_ACTIVE_LIKE,,,REVIEW_SHORT_OBS_ACTIVE_LIKE,low,観測期間<120日でactive様（flat_tail<60）。経過観察で十分なことが多い。,False,False,False,False,False,18,10,10,138.462,27.385,12.8,65.73,13.0,12.8,0.0,1.0,21.0,20.0,0.4105,0,0,0,0,0,0,0,0,0,0,,,,0.0,-1.0,n/a,60.5,7.1,"obs_days=65.7, n_samples=244, quality=QUALITY_SHORT_OBS -> insufficient/uncertain data",観測期間・サンプル数・カウンタ整合性のいずれかが不足しており信頼できる判定ができません。review_priorityに従い追加データ収集または手動レビューを行ってください。,v2.0-final,v2.0-final,v2.0-final,ThinkPad P1 Gen 9,COSMX,5B11M90164
2026-06-03T16:38:27,LAPTOP-QQLCC3QB_jl240,WATCH_LOW_UPDATE_RATE_AMBIGUOUS,ACTION_MONITOR_OR_MANUAL_REVIEW,low,WATCH_ACTIVE_LOW_CADENCE,,WATCH_ACTIVE_LOW_CADENCE,,,,True,False,False,False,True,6,4,4,75.0,1.289,20.5,465.37,8.0,20.5,0.0,76.0,80.0,4.0,1.0,0,0,0,0,0,0,0,0,0,0,,,,0.0,0.0,AC_BOUND+SHALLOW_RANGE+LOW_CYCLING,73.4,13.4,"flat_tail=20.5d, fcc_changes=6, tail_cyc=0.0, tail_ok[90/80]=0/0, unresp_complete[90/80]=0/0, large_gap[90/80]=0/0 -> ambiguous (watch)",FCC更新率は低いが完全凍結ではない/学習機会がlarge-gapまたは打ち切りで確証が弱い/境界的のため、FW確認に回す前にモニタリングまたは手動レビューを推奨します。,v2.0-final,v2.0-final,v2.0-final,ThinkPad X1 Yoga 4th,SMP,02DL005
2026-06-03T16:38:27,LAPTOP-RCQD7R5B_kazuk,REVIEW_INSUFFICIENT_DATA,ACTION_COLLECT_MORE_DATA_OR_MANUAL_REVIEW,review,REVIEW_COUNTER_RESET,,,REVIEW_COUNTER_RESET,high,cycleCountが減少（カウンタリセット/パック異常疑い）。生ログ確認が必要。,False,False,False,False,False,378,270,205,366.99,109.085,0.0,346.52,103.0,0.0,0.0,2.0,2.0,0.0,1.0,0,0,0,0,0,0,0,0,0,0,,,,0.0,-1.0,n/a,60.0,0.0,"obs_days=346.5, n_samples=7250, quality=QUALITY_COUNTER_RESET -> insufficient/uncertain data",観測期間・サンプル数・カウンタ整合性のいずれかが不足しており信頼できる判定ができません。review_priorityに従い追加データ収集または手動レビューを行ってください。,v2.0-final,v2.0-final,v2.0-final,ThinkPad X1 Carbon Gen 10,Celxpert,5B10W13974
2026-06-03T16:38:27,LAPTOP-S8IHCLL8_x1,NORMAL_OR_RESPONDING,ACTION_NONE,high,NOT_NO_LOW_CHANGE_CANDIDATE,,,,,,False,False,False,False,False,49,8,8,116.667,9.912,8.1,494.35,42.0,8.1,0.0,46.0,80.0,34.0,0.8941,0,0,0,0,0,0,0,0,0,0,,,,0.0,-1.0,n/a,69.2,11.3,"flat_tail=8.1d, fcc_changes=49, tail_cyc=0.0, tail_ok[90/80]=0/0, unresp_complete[90/80]=0/0, large_gap[90/80]=0/0 -> FCC still updating / not a no-low-change candidate",,v2.0-final,v2.0-final,v2.0-final,ThinkPad X1 2-in-1 Gen 10,BYD,5B11M90100
2026-06-03T16:38:27,LAPTOP-SE41CTD4_gaojiangwei,NORMAL_OR_RESPONDING,ACTION_NONE,high,NOT_NO_LOW_CHANGE_CANDIDATE,,,,,,False,False,False,False,False,93,65,49,169.091,28.609,0.1,325.07,55.0,0.1,0.0,100.0,100.0,0.0,1.0,0,0,0,0,0,0,0,0,0,0,,,,0.0,-1.0,n/a,70.0,10.0,"flat_tail=0.1d, fcc_changes=93, tail_cyc=0.0, tail_ok[90/80]=0/0, unresp_complete[90/80]=0/0, large_gap[90/80]=0/0 -> FCC still updating / not a no-low-change candidate",,v2.0-final,v2.0-final,v2.0-final,ThinkPad T14 Gen 2i,Celxpert,5B10W51830
2026-06-03T16:38:27,LAPTOP-SH0NRR9B_Mesery2,WATCH_LOW_UPDATE_RATE_AMBIGUOUS,ACTION_MONITOR_OR_MANUAL_REVIEW,low,WATCH_ACTIVE_LOW_CADENCE,,WATCH_ACTIVE_LOW_CADENCE,,,,True,False,False,False,True,1,1,1,100.0,0.091,0.1,1102.83,1.0,0.1,0.0,99.0,100.0,1.0,0.9881,0,0,0,0,0,0,0,0,0,0,,,,0.0,0.0,AC_BOUND+SHALLOW_RANGE+LOW_CYCLING,69.8,10.0,"flat_tail=0.1d, fcc_changes=1, tail_cyc=0.0, tail_ok[90/80]=0/0, unresp_complete[90/80]=0/0, large_gap[90/80]=0/0 -> ambiguous (watch)",FCC更新率は低いが完全凍結ではない/学習機会がlarge-gapまたは打ち切りで確証が弱い/境界的のため、FW確認に回す前にモニタリングまたは手動レビューを推奨します。,v2.0-final,v2.0-final,v2.0-final,ThinkPad X1 2-in-1 Gen 10,Celxpert,5B11M90098
2026-06-03T16:38:27,LAPTOP-SHD3G568_Test,NORMAL_OR_RESPONDING,ACTION_NONE,high,NOT_NO_LOW_CHANGE_CANDIDATE,,,,,,False,False,False,False,False,81,31,31,120.896,30.869,0.8,262.4,67.0,0.8,0.0,80.0,94.0,14.0,0.0,0,0,0,0,0,0,0,0,0,0,,,,0.0,-1.0,n/a,65.5,10.1,"flat_tail=0.8d, fcc_changes=81, tail_cyc=0.0, tail_ok[90/80]=0/0, unresp_complete[90/80]=0/0, large_gap[90/80]=0/0 -> FCC still updating / not a no-low-change candidate",,v2.0-final,v2.0-final,v2.0-final,ThinkPad X9-14 Gen 1,BYD,LNV-5B11M90101
2026-06-03T16:38:27,LAPTOP-SHOBTFD7_TM1,REVIEW_INSUFFICIENT_DATA,ACTION_COLLECT_MORE_DATA_OR_MANUAL_REVIEW,review,REVIEW_COUNTER_RESET,,,REVIEW_COUNTER_RESET,high,cycleCountが減少（カウンタリセット/パック異常疑い）。生ログ確認が必要。,False,False,False,False,False,11,7,7,275.0,41.431,0.6,26.55,4.0,0.6,0.0,92.0,100.0,8.0,0.9951,0,0,0,0,0,0,0,0,0,0,,,,0.0,-1.0,n/a,60.0,0.1,"obs_days=26.6, n_samples=319, quality=QUALITY_COUNTER_RESET -> insufficient/uncertain data",観測期間・サンプル数・カウンタ整合性のいずれかが不足しており信頼できる判定ができません。review_priorityに従い追加データ収集または手動レビューを行ってください。,v2.0-final,v2.0-final,v2.0-final,ThinkPad X1 2-in-1 Gen 9,BYD,5B11H56386
2026-06-03T16:38:27,LAPTOP-SJCL3CJL_scollins1,ACTIONABLE_FW_CHECK_OPPORTUNITY_NO_RESPONSE,ACTION_FW_CHECK,high,FW_HIGH_UNRESPONDED_COMPLETE_WINDOWS,TERMINAL_FREEZE_AFTER_OPPORTUNITIES,,,,,True,False,True,True,True,1,0,0,1.724,0.119,741.0,840.16,58.0,741.0,40.0,0.0,86.0,86.0,0.9551,3,7,10,0,0,0,3,0,0,0,0.823,0.0,-1.324,79.0,1.0,MIXED,61.4,86.0,"flat_tail=741.0d, fcc_changes=1, tail_cyc=40.0, tail_ok[90/80]=0/3, unresp_complete[90/80]=0/3, large_gap[90/80]=0/7 -> complete-window opportunities present but FCC did not respond",FCC/SoHが長期間更新されておらず、ログ上は深い放電→再充電の学習機会（完全窓・OK品質）が複数回確認されるのにFCCが応答していません。BIOS/EC/バッテリー関連FWのVersion確認とアップデート有無確認を優先してください。アップデート後、次回の学習機会後72h〜7日間でFCC更新有無を確認してください。,v2.0-final,v2.0-final,v2.0-final,ThinkPad T14s Gen 2a,,
2026-06-03T16:38:27,LAPTOP-STAV4QJC_PQM,WATCH_LOW_UPDATE_RATE_AMBIGUOUS,ACTION_MONITOR_OR_MANUAL_REVIEW,low,WATCH_OTHER_AMBIGUOUS,,WATCH_OTHER_AMBIGUOUS,,,,True,True,True,True,True,0,0,0,0.0,0.0,297.5,297.49,120.0,297.5,120.0,1.0,100.0,99.0,0.4808,1,7,8,0,5,5,1,0,0,0,0.027,0.0,-0.164,36.1,1.0,MIXED,52.4,76.0,"flat_tail=297.5d, fcc_changes=0, tail_cyc=120.0, tail_ok[90/80]=0/1, unresp_complete[90/80]=0/1, large_gap[90/80]=5/7 -> ambiguous (watch)",FCC更新率は低いが完全凍結ではない/学習機会がlarge-gapまたは打ち切りで確証が弱い/境界的のため、FW確認に回す前にモニタリングまたは手動レビューを推奨します。,v2.0-final,v2.0-final,v2.0-final,ThinkPad X1 Yoga Gen 8,Sunwoda,5B10W13975
2026-06-03T16:38:27,LAPTOP-T2RCOIA2_SVT,NORMAL_OR_RESPONDING,ACTION_NONE,high,NOT_NO_LOW_CHANGE_CANDIDATE,,,,,,False,False,False,False,False,38,5,5,111.765,21.989,40.8,172.81,34.0,40.8,0.0,63.0,100.0,37.0,0.5627,0,0,0,0,0,0,0,0,0,0,,,,0.0,-1.0,n/a,68.1,16.8,"flat_tail=40.8d, fcc_changes=38, tail_cyc=0.0, tail_ok[90/80]=0/0, unresp_complete[90/80]=0/0, large_gap[90/80]=0/0 -> FCC still updating / not a no-low-change candidate",,v2.0-final,v2.0-final,v2.0-final,ThinkPad X1 Carbon Gen 12,Sunwoda,5B11H56385
2026-06-03T16:38:27,LAPTOP-T4UU1BOP_Nikle,NORMAL_OR_RESPONDING,ACTION_NONE,high,NOT_NO_LOW_CHANGE_CANDIDATE,,,,,,False,False,False,False,False,113,26,26,121.505,71.591,0.1,157.84,93.0,0.1,0.0,70.0,82.0,12.0,0.2034,0,0,0,0,0,0,0,0,0,0,,,,0.0,-1.0,n/a,66.0,10.0,"flat_tail=0.1d, fcc_changes=113, tail_cyc=0.0, tail_ok[90/80]=0/0, unresp_complete[90/80]=0/0, large_gap[90/80]=0/0 -> FCC still updating / not a no-low-change candidate",,v2.0-final,v2.0-final,v2.0-final,ThinkPad X13 Gen 6,Sunwoda,5B11M90122
2026-06-03T16:38:27,LAPTOP-T83863L5_EigerSIT11,NORMAL_OR_RESPONDING,ACTION_NONE,high,NOT_NO_LOW_CHANGE_CANDIDATE,,,,,,False,False,False,False,False,245,69,62,134.615,27.66,4.0,885.77,182.0,4.0,0.0,20.0,100.0,80.0,0.0912,0,0,0,0,0,0,0,0,0,0,,,,0.0,-1.0,n/a,52.5,10.7,"flat_tail=4.0d, fcc_changes=245, tail_cyc=0.0, tail_ok[90/80]=0/0, unresp_complete[90/80]=0/0, large_gap[90/80]=0/0 -> FCC still updating / not a no-low-change candidate",,v2.0-final,v2.0-final,v2.0-final,ThinkPad,Sunwoda,5B11H56405
2026-06-03T16:38:27,LAPTOP-TH4417NP_MobilePE,REVIEW_INSUFFICIENT_DATA,ACTION_COLLECT_MORE_DATA_OR_MANUAL_REVIEW,review,REVIEW_SHORT_OBS_ACTIVE_LIKE,,,REVIEW_SHORT_OBS_ACTIVE_LIKE,low,観測期間<120日でactive様（flat_tail<60）。経過観察で十分なことが多い。,False,False,False,False,False,1,1,1,7.143,14.225,0.0,7.03,14.0,0.0,0.0,100.0,100.0,0.0,,0,0,0,0,0,0,0,0,0,0,,,,0.0,-1.0,n/a,65.0,5.0,"obs_days=7.0, n_samples=507, quality=QUALITY_SHORT_OBS -> insufficient/uncertain data",観測期間・サンプル数・カウンタ整合性のいずれかが不足しており信頼できる判定ができません。review_priorityに従い追加データ収集または手動レビューを行ってください。,v2.0-final,v2.0-final,v2.0-final,ThinkPad X1 Yoga Gen 8,Sunwoda,5B10W13975
2026-06-03T16:38:27,LAPTOP-TH5V7J86_CQE_Test,ACTIONABLE_FW_CHECK_OPPORTUNITY_NO_RESPONSE,ACTION_FW_CHECK,medium,FW_MEDIUM_UNRESPONDED_COMPLETE_WINDOWS,ZERO_UPDATE_AFTER_OPPORTUNITIES,,,,,True,True,False,True,False,0,0,0,0.0,0.0,157.0,156.99,65.0,157.0,65.0,1.0,100.0,99.0,0.6437,8,18,26,1,13,14,8,1,0,0,1.656,0.0,-1.465,81.2,1.0,MIXED,49.9,96.2,"flat_tail=157.0d, fcc_changes=0, tail_cyc=65.0, tail_ok[90/80]=1/8, unresp_complete[90/80]=1/8, large_gap[90/80]=13/18 -> complete-window opportunities present but FCC did not respond",FCC/SoHが長期間更新されておらず、ログ上は深い放電→再充電の学習機会（完全窓・OK品質）が複数回確認されるのにFCCが応答していません。BIOS/EC/バッテリー関連FWのVersion確認とアップデート有無確認を優先してください。アップデート後、次回の学習機会後72h〜7日間でFCC更新有無を確認してください。,v2.0-final,v2.0-final,v2.0-final,ThinkPad X1 Carbon Gen 9,Sunwoda,5B10W13975
2026-06-03T16:38:27,LAPTOP-TSQ0GU66_motty,REVIEW_INSUFFICIENT_DATA,ACTION_COLLECT_MORE_DATA_OR_MANUAL_REVIEW,review,REVIEW_COUNTER_RESET,,,REVIEW_COUNTER_RESET,high,cycleCountが減少（カウンタリセット/パック異常疑い）。生ログ確認が必要。,True,False,False,False,True,2,2,2,4.348,0.686,21.0,291.4,46.0,21.0,1.0,12.0,100.0,88.0,0.6135,0,0,0,0,0,0,0,0,0,0,,,,0.0,-1.0,n/a,55.3,3.7,"obs_days=291.4, n_samples=1352, quality=QUALITY_COUNTER_RESET -> insufficient/uncertain data",観測期間・サンプル数・カウンタ整合性のいずれかが不足しており信頼できる判定ができません。review_priorityに従い追加データ収集または手動レビューを行ってください。,v2.0-final,v2.0-final,v2.0-final,ThinkPad X1 Fold 16 Gen 1,SMP,5B10W51897
2026-06-03T16:38:27,LAPTOP-U4336J0U_P14s,NORMAL_OR_RESPONDING,ACTION_NONE,high,NOT_NO_LOW_CHANGE_CANDIDATE,,,,,,False,False,False,False,False,36,5,5,116.129,17.049,2.8,211.16,31.0,2.8,0.0,45.0,100.0,55.0,0.9423,0,0,0,0,0,0,0,0,0,0,,,,0.0,-1.0,n/a,69.3,10.5,"flat_tail=2.8d, fcc_changes=36, tail_cyc=0.0, tail_ok[90/80]=0/0, unresp_complete[90/80]=0/0, large_gap[90/80]=0/0 -> FCC still updating / not a no-low-change candidate",,v2.0-final,v2.0-final,v2.0-final,ThinkPad P14s Gen 6,Sunwoda,5B11M90121
2026-06-03T16:38:27,LAPTOP-UFSPNVK8_SIT2,REVIEW_INSUFFICIENT_DATA,ACTION_COLLECT_MORE_DATA_OR_MANUAL_REVIEW,review,REVIEW_SHORT_OBS_ACTIVE_LIKE,,,REVIEW_SHORT_OBS_ACTIVE_LIKE,low,観測期間<120日でactive様（flat_tail<60）。経過観察で十分なことが多い。,False,False,False,False,False,5,2,2,166.667,45.662,0.0,10.95,3.0,0.0,0.0,53.0,58.0,5.0,0.4902,0,0,0,0,0,0,0,0,0,0,,,,0.0,-1.0,n/a,63.3,5.0,"obs_days=10.9, n_samples=300, quality=QUALITY_SHORT_OBS -> insufficient/uncertain data",観測期間・サンプル数・カウンタ整合性のいずれかが不足しており信頼できる判定ができません。review_priorityに従い追加データ収集または手動レビューを行ってください。,v2.0-final,v2.0-final,v2.0-final,ThinkPad L16 Gen 1,SMP,5B11H56393
2026-06-03T16:38:27,LAPTOP-UQQQG0S3_ThinkPad,REVIEW_INSUFFICIENT_DATA,ACTION_COLLECT_MORE_DATA_OR_MANUAL_REVIEW,review,REVIEW_COUNTER_RESET,,,REVIEW_COUNTER_RESET,high,cycleCountが減少（カウンタリセット/パック異常疑い）。生ログ確認が必要。,False,False,False,False,False,40,4,4,125.0,16.666,6.4,240.01,32.0,6.4,0.0,50.0,80.0,30.0,0.9728,0,0,0,0,0,0,0,0,0,0,,,,0.0,-1.0,n/a,60.5,1.1,"obs_days=240.0, n_samples=6112, quality=QUALITY_COUNTER_RESET -> insufficient/uncertain data",観測期間・サンプル数・カウンタ整合性のいずれかが不足しており信頼できる判定ができません。review_priorityに従い追加データ収集または手動レビューを行ってください。,v2.0-final,v2.0-final,v2.0-final,ThinkPad X1 Carbon Gen 13,Celxpert,5B11M90098
2026-06-03T16:38:27,LAPTOP-USS5OCA4_Cui_Qi,REVIEW_INSUFFICIENT_DATA,ACTION_COLLECT_MORE_DATA_OR_MANUAL_REVIEW,review,REVIEW_SHORT_OBS_ACTIVE_LIKE,,,REVIEW_SHORT_OBS_ACTIVE_LIKE,low,観測期間<120日でactive様（flat_tail<60）。経過観察で十分なことが多い。,False,False,False,False,False,4,0,0,66.667,7.428,2.0,53.85,6.0,2.0,0.0,33.0,100.0,67.0,0.7304,0,0,0,0,0,0,0,0,0,0,,,,0.0,-1.0,n/a,59.9,5.3,"obs_days=53.9, n_samples=339, quality=QUALITY_SHORT_OBS -> insufficient/uncertain data",観測期間・サンプル数・カウンタ整合性のいずれかが不足しており信頼できる判定ができません。review_priorityに従い追加データ収集または手動レビューを行ってください。,v2.0-final,v2.0-final,v2.0-final,ThinkPad X1 Carbon Gen 12,Sunwoda,5B11H56385
2026-06-03T16:38:27,LAPTOP-UU99D8BO_T14p_CX_SVT,NORMAL_OR_RESPONDING,ACTION_NONE,high,NOT_NO_LOW_CHANGE_CANDIDATE,,,,,,False,False,False,False,False,21,5,5,123.529,14.824,0.9,141.66,17.0,0.9,0.0,66.0,100.0,34.0,0.9671,0,0,0,0,0,0,0,0,0,0,,,,0.0,-1.0,n/a,69.5,10.2,"flat_tail=0.9d, fcc_changes=21, tail_cyc=0.0, tail_ok[90/80]=0/0, unresp_complete[90/80]=0/0, large_gap[90/80]=0/0 -> FCC still updating / not a no-low-change candidate",,v2.0-final,v2.0-final,v2.0-final,ThinkPad T14p Gen 2,Sunwoda,5B11H56402
2026-06-03T16:38:27,LAPTOP-V1IRQ8I4_1,REVIEW_INSUFFICIENT_DATA,ACTION_COLLECT_MORE_DATA_OR_MANUAL_REVIEW,review,REVIEW_SHORT_OBS_ACTIVE_LIKE,,,REVIEW_SHORT_OBS_ACTIVE_LIKE,low,観測期間<120日でactive様（flat_tail<60）。経過観察で十分なことが多い。,False,False,False,False,False,22,2,2,81.481,23.944,0.9,91.88,27.0,0.9,0.0,92.0,100.0,8.0,0.9976,0,0,0,0,0,0,0,0,0,0,,,,0.0,-1.0,n/a,65.1,5.2,"obs_days=91.9, n_samples=13939, quality=QUALITY_SHORT_OBS -> insufficient/uncertain data",観測期間・サンプル数・カウンタ整合性のいずれかが不足しており信頼できる判定ができません。review_priorityに従い追加データ収集または手動レビューを行ってください。,v2.0-final,v2.0-final,v2.0-final,ThinkPad X1 2-in-1 Gen 11,COSMX,5B11M90162
2026-06-03T16:38:27,LAPTOP-V450TO4P_Rob,NORMAL_OR_RESPONDING,ACTION_NONE,high,NOT_NO_LOW_CHANGE_CANDIDATE,,,,,,False,False,False,False,False,24,5,5,114.286,4.225,77.8,568.07,21.0,77.8,0.0,74.0,100.0,26.0,0.9733,0,0,0,0,0,0,0,0,0,0,,,,0.0,-1.0,n/a,77.4,18.0,"flat_tail=77.8d, fcc_changes=24, tail_cyc=0.0, tail_ok[90/80]=0/0, unresp_complete[90/80]=0/0, large_gap[90/80]=0/0 -> FCC still updating / not a no-low-change candidate",,v2.0-final,v2.0-final,v2.0-final,ThinkPad P1 Gen 7,Celxpert,5B11M37552
2026-06-03T16:38:27,LAPTOP-V5HIJJIL_Admin,REVIEW_INSUFFICIENT_DATA,ACTION_COLLECT_MORE_DATA_OR_MANUAL_REVIEW,review,REVIEW_COUNTER_RESET,,,REVIEW_COUNTER_RESET,high,cycleCountが減少（カウンタリセット/パック異常疑い）。生ログ確認が必要。,False,False,False,False,False,15,13,13,12.195,2.329,17.0,644.14,123.0,17.0,7.0,31.0,100.0,69.0,0.6951,0,0,0,0,0,0,0,0,0,0,,,,0.0,-1.0,n/a,53.2,4.2,"obs_days=644.1, n_samples=15342, quality=QUALITY_COUNTER_RESET -> insufficient/uncertain data",観測期間・サンプル数・カウンタ整合性のいずれかが不足しており信頼できる判定ができません。review_priorityに従い追加データ収集または手動レビューを行ってください。,v2.0-final,v2.0-final,v2.0-final,ThinkPad P1 Gen 6,SMP,5B11K07736
2026-06-03T16:38:27,LAPTOP-VHFOHP1Q_Neal,NORMAL_OR_RESPONDING,ACTION_NONE,high,NOT_NO_LOW_CHANGE_CANDIDATE,,,,,,False,False,False,False,False,55,10,10,119.565,18.942,0.0,290.36,46.0,0.0,0.0,100.0,100.0,0.0,,0,0,0,0,0,0,0,0,0,0,,,,0.0,-1.0,n/a,70.0,10.0,"flat_tail=0.0d, fcc_changes=55, tail_cyc=0.0, tail_ok[90/80]=0/0, unresp_complete[90/80]=0/0, large_gap[90/80]=0/0 -> FCC still updating / not a no-low-change candidate",,v2.0-final,v2.0-final,v2.0-final,ThinkPad X13 Gen 6,Sunwoda,5B11M90122
2026-06-03T16:38:27,LAPTOP-VM3TTE0T_Totoro,REVIEW_INSUFFICIENT_DATA,ACTION_COLLECT_MORE_DATA_OR_MANUAL_REVIEW,review,REVIEW_COUNTER_RESET,,,REVIEW_COUNTER_RESET,high,cycleCountが減少（カウンタリセット/パック異常疑い）。生ログ確認が必要。,False,False,False,False,False,87,71,57,228.947,13.302,3.0,654.04,38.0,3.0,0.0,100.0,100.0,0.0,1.0,0,0,0,0,0,0,0,0,0,0,,,,0.0,-1.0,n/a,60.5,0.5,"obs_days=654.0, n_samples=27767, quality=QUALITY_COUNTER_RESET -> insufficient/uncertain data",観測期間・サンプル数・カウンタ整合性のいずれかが不足しており信頼できる判定ができません。review_priorityに従い追加データ収集または手動レビューを行ってください。,v2.0-final,v2.0-final,v2.0-final,ThinkPad P15v Gen 2i,Celxpert,5B10W13961
2026-06-03T16:38:27,LAPTOP-VMR2DHBF_test,REVIEW_INSUFFICIENT_DATA,ACTION_COLLECT_MORE_DATA_OR_MANUAL_REVIEW,review,REVIEW_COUNTER_RESET,,,REVIEW_COUNTER_RESET,high,cycleCountが減少（カウンタリセット/パック異常疑い）。生ログ確認が必要。,False,False,False,False,False,86,9,9,113.158,28.949,1.8,297.07,76.0,1.8,0.0,53.0,100.0,47.0,0.3256,0,0,0,0,0,0,0,0,0,0,,,,0.0,-1.0,n/a,46.8,0.3,"obs_days=297.1, n_samples=2666, quality=QUALITY_COUNTER_RESET -> insufficient/uncertain data",観測期間・サンプル数・カウンタ整合性のいずれかが不足しており信頼できる判定ができません。review_priorityに従い追加データ収集または手動レビューを行ってください。,v2.0-final,v2.0-final,v2.0-final,ThinkPad X1 Carbon Gen 13,Sunwoda,5B11M90099
2026-06-03T16:38:27,LAPTOP-VSQFIELJ_L16HPT,REVIEW_INSUFFICIENT_DATA,ACTION_COLLECT_MORE_DATA_OR_MANUAL_REVIEW,review,REVIEW_COUNTER_RESET,,,REVIEW_COUNTER_RESET,high,cycleCountが減少（カウンタリセット/パック異常疑い）。生ログ確認が必要。,False,False,False,False,False,69,12,12,118.966,21.175,0.5,325.86,58.0,0.5,0.0,1.0,2.0,1.0,0.0003,0,0,0,0,0,0,0,0,0,0,,,,0.0,-1.0,n/a,59.8,0.1,"obs_days=325.9, n_samples=5252, quality=QUALITY_COUNTER_RESET -> insufficient/uncertain data",観測期間・サンプル数・カウンタ整合性のいずれかが不足しており信頼できる判定ができません。review_priorityに従い追加データ収集または手動レビューを行ってください。,v2.0-final,v2.0-final,v2.0-final,ThinkPad L16 Gen 2,Sunwoda,5B11M90113
2026-06-03T16:38:27,LISA_loconnor,NORMAL_OR_RESPONDING,ACTION_NONE,high,NOT_NO_LOW_CHANGE_CANDIDATE,,,,,,False,False,False,False,False,22,5,4,146.667,5.603,38.0,392.66,15.0,38.0,0.0,85.0,100.0,15.0,0.9688,0,0,0,0,0,0,0,0,0,0,,,,0.0,-1.0,n/a,75.7,16.3,"flat_tail=38.0d, fcc_changes=22, tail_cyc=0.0, tail_ok[90/80]=0/0, unresp_complete[90/80]=0/0, large_gap[90/80]=0/0 -> FCC still updating / not a no-low-change candidate",,v2.0-final,v2.0-final,v2.0-final,ThinkPad T14s Gen 6,ATL,5B11M90108
2026-06-03T16:38:27,LIUFENG7-26Y6JC_liufeng7,WATCH_LOW_UPDATE_RATE_AMBIGUOUS,ACTION_MONITOR_OR_MANUAL_REVIEW,low,WATCH_ACTIVE_LOW_CADENCE,,WATCH_ACTIVE_LOW_CADENCE,,,,True,False,False,False,True,2,2,2,4.167,0.386,33.1,518.18,48.0,33.1,1.0,0.0,93.0,93.0,0.511,0,0,0,0,0,0,0,0,0,0,,,,0.0,1.0,MIXED,65.2,15.7,"flat_tail=33.1d, fcc_changes=2, tail_cyc=1.0, tail_ok[90/80]=0/0, unresp_complete[90/80]=0/0, large_gap[90/80]=0/0 -> ambiguous (watch)",FCC更新率は低いが完全凍結ではない/学習機会がlarge-gapまたは打ち切りで確証が弱い/境界的のため、FW確認に回す前にモニタリングまたは手動レビューを推奨します。,v2.0-final,v2.0-final,v2.0-final,ThinkPad X13 Gen 2i,Sunwoda,5B10W51820
2026-06-03T16:38:27,LIUFENG_liufeng7,NORMAL_OR_RESPONDING,ACTION_NONE,high,NOT_NO_LOW_CHANGE_CANDIDATE,,,,,,False,False,False,False,False,132,9,4,173.684,25.132,1.3,525.23,76.0,1.3,0.0,89.0,100.0,11.0,0.6423,0,0,0,0,0,0,0,0,0,0,,,,0.0,-1.0,n/a,66.5,10.2,"flat_tail=1.3d, fcc_changes=132, tail_cyc=0.0, tail_ok[90/80]=0/0, unresp_complete[90/80]=0/0, large_gap[90/80]=0/0 -> FCC still updating / not a no-low-change candidate",,v2.0-final,v2.0-final,v2.0-final,ThinkPad X1 Carbon Gen 12,SMP,5B11H56383
2026-06-03T16:38:27,LIUHY24-X1C8_Miss_Ling,WATCH_LOW_UPDATE_RATE_AMBIGUOUS,ACTION_MONITOR_OR_MANUAL_REVIEW,low,WATCH_POSSIBLE_OPPORTUNITY_WITH_LARGE_GAPS,,WATCH_POSSIBLE_OPPORTUNITY_WITH_LARGE_GAPS,,,,True,False,True,True,True,1,1,1,1.724,0.146,686.2,686.28,58.0,686.2,58.0,6.0,100.0,94.0,0.673,0,13,13,0,5,5,0,0,0,0,,,,0.0,1.0,MIXED,50.2,45.0,"flat_tail=686.2d, fcc_changes=1, tail_cyc=58.0, tail_ok[90/80]=0/0, unresp_complete[90/80]=0/0, large_gap[90/80]=5/13 -> ambiguous (watch)",FCC更新率は低いが完全凍結ではない/学習機会がlarge-gapまたは打ち切りで確証が弱い/境界的のため、FW確認に回す前にモニタリングまたは手動レビューを推奨します。,v2.0-final,v2.0-final,v2.0-final,ThinkPad X1 Carbon Gen 8,LG,5B10W13930
2026-06-03T16:38:27,LIUHY24-X1EGEN4_liuhy24,ACTIONABLE_GAUGE_RESET_INSUFFICIENT_LEARNING_OPPORTUNITY,ACTION_GAUGE_RESET,high,GAUGE_HIGH_NO_OPPORTUNITY,NO_OPPORTUNITY_AC_BOUND;NO_OPPORTUNITY_LOW_CYCLING;NO_OPPORTUNITY_SHALLOW_RANGE,,,,,True,False,False,False,True,3,3,3,23.077,0.379,168.0,790.94,13.0,168.0,6.0,53.0,100.0,47.0,0.9933,0,0,0,0,0,0,0,0,0,0,,,,0.0,0.0,AC_BOUND+SHALLOW_RANGE+LOW_CYCLING,94.9,39.2,"flat_tail=168.0d, fcc_changes=3, tail_cyc=6.0, tail_ok[90/80]=0/0, unresp_complete[90/80]=0/0, large_gap[90/80]=0/0, ac=0.99, min_rsoc=53.0 -> insufficient learning opportunity",FCC/SoHが長期間更新されておらず、ログ上は深い放電→再充電の学習機会が十分に確認できません（OK品質の機会が無く、large-gapを含めても判定可能な機会がない）。安全な環境でOEM推奨のバッテリーゲージリセット/キャリブレーションを実施し、その後72h〜7日間のテレメトリでFCC更新有無を確認してください。,v2.0-final,v2.0-final,v2.0-final,ThinkPad X1 Extreme Gen 4i,SMP,5B11B79217
2026-06-03T16:38:27,LIXINB-PF5G1XJE_lixinb,NORMAL_OR_RESPONDING,ACTION_NONE,high,NOT_NO_LOW_CHANGE_CANDIDATE,,,,,,False,False,False,False,False,78,7,7,102.632,39.83,2.8,195.83,76.0,2.8,0.0,82.0,100.0,18.0,0.9851,0,0,0,0,0,0,0,0,0,0,,,,0.0,-1.0,n/a,70.2,10.5,"flat_tail=2.8d, fcc_changes=78, tail_cyc=0.0, tail_ok[90/80]=0/0, unresp_complete[90/80]=0/0, large_gap[90/80]=0/0 -> FCC still updating / not a no-low-change candidate",,v2.0-final,v2.0-final,v2.0-final,ThinkPad X1 Carbon Gen 13,BYD,5B11M90100
2026-06-03T16:38:27,LL_LLL,NORMAL_OR_RESPONDING,ACTION_NONE,high,NOT_NO_LOW_CHANGE_CANDIDATE,,,,,,False,False,False,False,False,55,9,9,114.583,21.238,0.3,258.97,48.0,0.3,0.0,90.0,100.0,10.0,0.9348,0,0,0,0,0,0,0,0,0,0,,,,0.0,-1.0,n/a,68.7,10.1,"flat_tail=0.3d, fcc_changes=55, tail_cyc=0.0, tail_ok[90/80]=0/0, unresp_complete[90/80]=0/0, large_gap[90/80]=0/0 -> FCC still updating / not a no-low-change candidate",,v2.0-final,v2.0-final,v2.0-final,ThinkPad T14p Gen 3,Sunwoda,5B11M90121
2026-06-03T16:38:27,LOEBACHJ-4SMBAL_X13_2-1,NORMAL_OR_RESPONDING,ACTION_NONE,high,NOT_NO_LOW_CHANGE_CANDIDATE,,,,,,False,False,False,False,False,42,0,0,100.0,12.006,3.9,349.83,42.0,3.9,0.0,71.0,100.0,29.0,0.6023,0,0,0,0,0,0,0,0,0,0,,,,0.0,-1.0,n/a,62.7,10.7,"flat_tail=3.9d, fcc_changes=42, tail_cyc=0.0, tail_ok[90/80]=0/0, unresp_complete[90/80]=0/0, large_gap[90/80]=0/0 -> FCC still updating / not a no-low-change candidate",,v2.0-final,v2.0-final,v2.0-final,ThinkPad X13 2-in-1 Gen 5,BYD,5B11M90051
2026-06-03T16:38:27,LOEBACHJ-4SMBAL_loebachj,NORMAL_OR_RESPONDING,ACTION_NONE,high,NOT_NO_LOW_CHANGE_CANDIDATE,,,,,,False,False,False,False,False,41,0,0,100.0,11.953,6.9,343.0,41.0,6.9,0.0,78.0,100.0,22.0,0.9573,0,0,0,0,0,0,0,0,0,0,,,,0.0,-1.0,n/a,70.3,11.2,"flat_tail=6.9d, fcc_changes=41, tail_cyc=0.0, tail_ok[90/80]=0/0, unresp_complete[90/80]=0/0, large_gap[90/80]=0/0 -> FCC still updating / not a no-low-change candidate",,v2.0-final,v2.0-final,v2.0-final,ThinkPad X13 2-in-1 Gen 5,BYD,5B11M90051
2026-06-03T16:38:27,LOEBACHJ-58TDMH_loebachj,NORMAL_OR_RESPONDING,ACTION_NONE,high,NOT_NO_LOW_CHANGE_CANDIDATE,,,,,,False,False,False,False,False,49,3,3,102.083,11.29,0.1,434.0,48.0,0.1,0.0,96.0,100.0,4.0,0.2673,0,0,0,0,0,0,0,0,0,0,,,,0.0,-1.0,n/a,68.7,10.0,"flat_tail=0.1d, fcc_changes=49, tail_cyc=0.0, tail_ok[90/80]=0/0, unresp_complete[90/80]=0/0, large_gap[90/80]=0/0 -> FCC still updating / not a no-low-change candidate",,v2.0-final,v2.0-final,v2.0-final,ThinkPad X1 2-in-1 Gen 10,BYD,5B11M90100
2026-06-03T16:38:27,LSU4-PF5FS8LS_lsu4,NORMAL_OR_RESPONDING,ACTION_NONE,high,NOT_NO_LOW_CHANGE_CANDIDATE,,,,,,False,False,False,False,False,13,7,7,216.667,3.377,18.0,385.0,6.0,18.0,0.0,96.0,100.0,4.0,0.9886,0,0,0,0,0,0,0,0,0,0,,,,0.0,-1.0,n/a,72.8,13.0,"flat_tail=18.0d, fcc_changes=13, tail_cyc=0.0, tail_ok[90/80]=0/0, unresp_complete[90/80]=0/0, large_gap[90/80]=0/0 -> FCC still updating / not a no-low-change candidate",,v2.0-final,v2.0-final,v2.0-final,ThinkPad X1 Carbon Gen 13,Sunwoda,5B11M90099
2026-06-03T16:38:27,LWANG5-PW0A203M_lwang5,ACTIONABLE_GAUGE_RESET_INSUFFICIENT_LEARNING_OPPORTUNITY,ACTION_GAUGE_RESET,high,GAUGE_HIGH_NO_OPPORTUNITY,NO_OPPORTUNITY_AC_BOUND;NO_OPPORTUNITY_LOW_CYCLING,,,,,True,False,True,False,True,3,3,2,4.762,0.374,235.6,801.38,63.0,235.6,4.0,2.0,100.0,98.0,0.8437,0,0,0,0,0,0,0,0,0,0,,,,0.0,1.0,MIXED,94.9,40.8,"flat_tail=235.6d, fcc_changes=3, tail_cyc=4.0, tail_ok[90/80]=0/0, unresp_complete[90/80]=0/0, large_gap[90/80]=0/0, ac=0.84, min_rsoc=2.0 -> insufficient learning opportunity",FCC/SoHが長期間更新されておらず、ログ上は深い放電→再充電の学習機会が十分に確認できません（OK品質の機会が無く、large-gapを含めても判定可能な機会がない）。安全な環境でOEM推奨のバッテリーゲージリセット/キャリブレーションを実施し、その後72h〜7日間のテレメトリでFCC更新有無を確認してください。,v2.0-final,v2.0-final,v2.0-final,ThinkPad L13 2-in-1 Gen 5,LG,5B11H56426
2026-06-03T16:38:27,LXIAO1-PF3T9L7M_lxiao1,WATCH_LOW_UPDATE_RATE_AMBIGUOUS,ACTION_MONITOR_OR_MANUAL_REVIEW,low,WATCH_POSSIBLE_OPPORTUNITY_WITH_LARGE_GAPS,,WATCH_POSSIBLE_OPPORTUNITY_WITH_LARGE_GAPS,,,,True,False,True,True,True,5,5,5,2.066,0.548,525.2,912.15,242.0,525.2,85.0,2.0,100.0,98.0,0.5337,0,9,9,0,2,2,0,0,0,0,,,,0.0,1.0,MIXED,53.2,50.0,"flat_tail=525.2d, fcc_changes=5, tail_cyc=85.0, tail_ok[90/80]=0/0, unresp_complete[90/80]=0/0, large_gap[90/80]=2/9 -> ambiguous (watch)",FCC更新率は低いが完全凍結ではない/学習機会がlarge-gapまたは打ち切りで確証が弱い/境界的のため、FW確認に回す前にモニタリングまたは手動レビューを推奨します。,v2.0-final,v2.0-final,v2.0-final,ThinkPad X1 Carbon Gen 9,SMP,5B10W13973
2026-06-03T16:38:27,M-PA3_Atsus,ACTIONABLE_GAUGE_RESET_INSUFFICIENT_LEARNING_OPPORTUNITY,ACTION_GAUGE_RESET,medium,GAUGE_MEDIUM_NO_OPPORTUNITY,NO_OPPORTUNITY_LOW_CYCLING,,,,,True,False,False,False,True,2,2,2,5.882,0.535,93.8,373.83,34.0,93.8,0.0,8.0,87.0,79.0,0.5253,0,0,0,0,0,0,0,0,0,0,,,,0.0,1.0,MIXED,76.1,25.6,"flat_tail=93.8d, fcc_changes=2, tail_cyc=0.0, tail_ok[90/80]=0/0, unresp_complete[90/80]=0/0, large_gap[90/80]=0/0, ac=0.53, min_rsoc=8.0 -> insufficient learning opportunity",FCC/SoHが長期間更新されておらず、ログ上は深い放電→再充電の学習機会が十分に確認できません（OK品質の機会が無く、large-gapを含めても判定可能な機会がない）。安全な環境でOEM推奨のバッテリーゲージリセット/キャリブレーションを実施し、その後72h〜7日間のテレメトリでFCC更新有無を確認してください。,v2.0-final,v2.0-final,v2.0-final,ThinkPad X1 Carbon Gen 11,SMP,5B10W13973
2026-06-03T16:38:27,MAGSHINE_wangyl,NORMAL_OR_RESPONDING,ACTION_NONE,high,NOT_NO_LOW_CHANGE_CANDIDATE,,,,,,False,False,False,False,False,11,11,11,12.088,4.233,36.1,259.86,91.0,36.1,12.0,2.0,100.0,98.0,0.7507,0,2,2,0,1,1,0,0,0,0,,,,0.0,-1.0,n/a,48.4,18.4,"flat_tail=36.1d, fcc_changes=11, tail_cyc=12.0, tail_ok[90/80]=0/0, unresp_complete[90/80]=0/0, large_gap[90/80]=1/2 -> FCC still updating / not a no-low-change candidate",,v2.0-final,v2.0-final,v2.0-final,ThinkPad Aladdin,BYD,L24B4PE2
2026-06-03T16:38:27,MAOXY1-PF1H5KSF_maoxy1,NORMAL_OR_RESPONDING,ACTION_NONE,high,NOT_NO_LOW_CHANGE_CANDIDATE,,,,,,False,False,False,False,False,390,339,295,234.94,46.371,0.1,841.05,166.0,0.1,1.0,5.0,99.0,94.0,1.0,0,0,0,0,0,0,0,0,0,0,,,,0.0,-1.0,n/a,69.5,10.2,"flat_tail=0.1d, fcc_changes=390, tail_cyc=1.0, tail_ok[90/80]=0/0, unresp_complete[90/80]=0/0, large_gap[90/80]=0/0 -> FCC still updating / not a no-low-change candidate",,v2.0-final,v2.0-final,v2.0-final,ThinkPad E490,SMP,01AV446
2026-06-03T16:38:27,MARKUSTH1_theberlein,NORMAL_OR_RESPONDING,ACTION_NONE,high,NOT_NO_LOW_CHANGE_CANDIDATE,,,,,,False,False,False,False,False,54,3,3,98.182,25.949,1.0,208.1,55.0,1.0,0.0,87.0,100.0,13.0,0.766,0,0,0,0,0,0,0,0,0,0,,,,0.0,-1.0,n/a,65.8,10.2,"flat_tail=1.0d, fcc_changes=54, tail_cyc=0.0, tail_ok[90/80]=0/0, unresp_complete[90/80]=0/0, large_gap[90/80]=0/0 -> FCC still updating / not a no-low-change candidate",,v2.0-final,v2.0-final,v2.0-final,ThinkPad X1 Carbon Gen 12,BYD,5B11H56386
2026-06-03T16:38:27,MARUICHIT-CRC21_MARUICHIT,WATCH_LOW_UPDATE_RATE_AMBIGUOUS,ACTION_MONITOR_OR_MANUAL_REVIEW,low,WATCH_POSSIBLE_OPPORTUNITY_WITH_LARGE_GAPS,,WATCH_POSSIBLE_OPPORTUNITY_WITH_LARGE_GAPS,,,,True,False,True,True,True,2,1,1,1.515,0.167,617.5,1195.9,132.0,617.5,53.0,0.0,100.0,100.0,0.8397,0,3,3,0,2,2,0,0,0,0,,,,0.0,1.0,MIXED,63.0,50.0,"flat_tail=617.5d, fcc_changes=2, tail_cyc=53.0, tail_ok[90/80]=0/0, unresp_complete[90/80]=0/0, large_gap[90/80]=2/3 -> ambiguous (watch)",FCC更新率は低いが完全凍結ではない/学習機会がlarge-gapまたは打ち切りで確証が弱い/境界的のため、FW確認に回す前にモニタリングまたは手動レビューを推奨します。,v2.0-final,v2.0-final,v2.0-final,ThinkPad T14s Gen 2a,LG,5B10W13976
2026-06-03T16:38:27,MATJONES-56FF1H_MATJONES,REVIEW_INSUFFICIENT_DATA,ACTION_COLLECT_MORE_DATA_OR_MANUAL_REVIEW,review,REVIEW_SHORT_OBS_ACTIVE_LIKE,,,REVIEW_SHORT_OBS_ACTIVE_LIKE,low,観測期間<120日でactive様（flat_tail<60）。経過観察で十分なことが多い。,False,False,False,False,False,9,0,0,90.0,23.529,1.1,38.25,10.0,1.1,0.0,68.0,100.0,32.0,0.7671,0,0,0,0,0,0,0,0,0,0,,,,0.0,-1.0,n/a,60.5,5.2,"obs_days=38.2, n_samples=384, quality=QUALITY_SHORT_OBS -> insufficient/uncertain data",観測期間・サンプル数・カウンタ整合性のいずれかが不足しており信頼できる判定ができません。review_priorityに従い追加データ収集または手動レビューを行ってください。,v2.0-final,v2.0-final,v2.0-final,ThinkPad X1 Carbon Gen 13,Celxpert,5B11M90098
2026-06-03T16:38:27,MATT-T16G1_lietzke,ACTIONABLE_FW_CHECK_OPPORTUNITY_NO_RESPONSE,ACTION_FW_CHECK,medium,FW_MEDIUM_UNRESPONDED_COMPLETE_WINDOWS,LOW_UPDATE_RATE_WITH_OPPORTUNITIES,,,,,True,False,False,True,True,2,2,2,1.418,0.513,139.9,389.69,141.0,139.9,41.0,5.0,100.0,95.0,0.9012,4,4,8,2,2,4,4,2,0,0,3.247,0.0,-2.514,92.5,1.0,MIXED,53.6,91.5,"flat_tail=139.9d, fcc_changes=2, tail_cyc=41.0, tail_ok[90/80]=2/4, unresp_complete[90/80]=2/4, large_gap[90/80]=2/4 -> complete-window opportunities present but FCC did not respond",FCC/SoHが長期間更新されておらず、ログ上は深い放電→再充電の学習機会（完全窓・OK品質）が複数回確認されるのにFCCが応答していません。BIOS/EC/バッテリー関連FWのVersion確認とアップデート有無確認を優先してください。アップデート後、次回の学習機会後72h〜7日間でFCC更新有無を確認してください。,v2.0-final,v2.0-final,v2.0-final,ThinkPad T16 Gen 1,,
2026-06-03T16:38:27,MBHAVSAR-3R8CWY_mbhavsar,WATCH_LOW_UPDATE_RATE_AMBIGUOUS,ACTION_MONITOR_OR_MANUAL_REVIEW,low,WATCH_BORDERLINE_FLAT_TAIL_OR_CYCLES,,WATCH_BORDERLINE_FLAT_TAIL_OR_CYCLES,,,,True,False,False,True,True,5,5,5,1.099,0.691,107.0,723.33,455.0,107.0,57.0,1.0,100.0,99.0,0.6043,11,15,26,2,9,11,9,1,2,1,0.791,0.0,-0.927,71.7,1.0,MIXED,40.8,87.8,"flat_tail=107.0d, fcc_changes=5, tail_cyc=57.0, tail_ok[90/80]=2/11, unresp_complete[90/80]=1/9, large_gap[90/80]=9/15 -> ambiguous (watch)",FCC更新率は低いが完全凍結ではない/学習機会がlarge-gapまたは打ち切りで確証が弱い/境界的のため、FW確認に回す前にモニタリングまたは手動レビューを推奨します。,v2.0-final,v2.0-final,v2.0-final,ThinkPad X1 Carbon Gen 10,Celxpert,5B10W13974
2026-06-03T16:38:27,MBHAVSAR-5FSFDE_mbhavsar,REVIEW_INSUFFICIENT_DATA,ACTION_COLLECT_MORE_DATA_OR_MANUAL_REVIEW,review,REVIEW_SHORT_OBS_ACTIVE_LIKE,,,REVIEW_SHORT_OBS_ACTIVE_LIKE,low,観測期間<120日でactive様（flat_tail<60）。経過観察で十分なことが多い。,False,False,False,False,False,73,19,19,132.727,80.211,0.1,91.01,55.0,0.1,0.0,82.0,100.0,18.0,1.0,0,0,0,0,0,0,0,0,0,0,,,,0.0,-1.0,n/a,65.0,5.0,"obs_days=91.0, n_samples=1540, quality=QUALITY_SHORT_OBS -> insufficient/uncertain data",観測期間・サンプル数・カウンタ整合性のいずれかが不足しており信頼できる判定ができません。review_priorityに従い追加データ収集または手動レビューを行ってください。,v2.0-final,v2.0-final,v2.0-final,ThinkPad X1 Carbon Gen 13,BYD,5B11M90100
2026-06-03T16:38:27,MBHAVSAR-GM0WY2_mbhavsar,NORMAL_OR_RESPONDING,ACTION_NONE,high,NOT_NO_LOW_CHANGE_CANDIDATE,,,,,,False,False,False,False,False,24,6,5,104.348,17.759,24.0,135.14,23.0,24.0,0.0,55.0,100.0,45.0,0.206,0,0,0,0,0,0,0,0,0,0,,,,0.0,-1.0,n/a,59.0,14.0,"flat_tail=24.0d, fcc_changes=24, tail_cyc=0.0, tail_ok[90/80]=0/0, unresp_complete[90/80]=0/0, large_gap[90/80]=0/0 -> FCC still updating / not a no-low-change candidate",,v2.0-final,v2.0-final,v2.0-final,ThinkPad T14s Gen 5,Celxpert,5B11H56406
2026-06-03T16:38:27,MBUT-PF3DMVFZ_mbutt,REVIEW_INSUFFICIENT_DATA,ACTION_COLLECT_MORE_DATA_OR_MANUAL_REVIEW,review,REVIEW_SHORT_OBS_ACTIVE_LIKE,,,REVIEW_SHORT_OBS_ACTIVE_LIKE,low,観測期間<120日でactive様（flat_tail<60）。経過観察で十分なことが多い。,False,False,False,False,False,52,17,17,136.842,123.81,0.0,42.0,38.0,0.0,0.0,93.0,100.0,7.0,1.0,0,0,0,0,0,0,0,0,0,0,,,,0.0,-1.0,n/a,65.0,5.0,"obs_days=42.0, n_samples=697, quality=QUALITY_SHORT_OBS -> insufficient/uncertain data",観測期間・サンプル数・カウンタ整合性のいずれかが不足しており信頼できる判定ができません。review_priorityに従い追加データ収集または手動レビューを行ってください。,v2.0-final,v2.0-final,v2.0-final,ThinkPad T14 Gen 6,BYD,5B11H56417
2026-06-03T16:38:27,MC702142-0275JW_MC702142,NORMAL_OR_RESPONDING,ACTION_NONE,high,NOT_NO_LOW_CHANGE_CANDIDATE,,,,,,False,False,False,False,False,268,82,81,130.097,30.111,0.0,890.04,206.0,0.0,0.0,6.0,6.0,0.0,0.0,0,0,0,0,0,0,0,0,0,0,,,,0.0,-1.0,n/a,70.0,10.0,"flat_tail=0.0d, fcc_changes=268, tail_cyc=0.0, tail_ok[90/80]=0/0, unresp_complete[90/80]=0/0, large_gap[90/80]=0/0 -> FCC still updating / not a no-low-change candidate",,v2.0-final,v2.0-final,v2.0-final,ThinkPad T14s Gen 3,BYD,LNV-5B10W51877
2026-06-03T16:38:27,MCOCKMAN-09S0ZB_mcockman,NORMAL_OR_RESPONDING,ACTION_NONE,high,NOT_NO_LOW_CHANGE_CANDIDATE,,,,,,False,False,False,False,False,50,1,1,98.039,6.001,0.6,833.15,51.0,0.6,0.0,91.0,100.0,9.0,0.6287,0,0,0,0,0,0,0,0,0,0,,,,0.0,-1.0,n/a,67.1,10.1,"flat_tail=0.6d, fcc_changes=50, tail_cyc=0.0, tail_ok[90/80]=0/0, unresp_complete[90/80]=0/0, large_gap[90/80]=0/0 -> FCC still updating / not a no-low-change candidate",,v2.0-final,v2.0-final,v2.0-final,ThinkPad L14 Gen 5,Sunwoda,5B11H56398
2026-06-03T16:38:27,MCOONER1-67PP9K_mcooner1,REVIEW_INSUFFICIENT_DATA,ACTION_COLLECT_MORE_DATA_OR_MANUAL_REVIEW,review,REVIEW_SHORT_OBS_ACTIVE_LIKE,,,REVIEW_SHORT_OBS_ACTIVE_LIKE,low,観測期間<120日でactive様（flat_tail<60）。経過観察で十分なことが多い。,False,False,False,False,False,4,1,1,133.333,31.226,0.5,12.81,3.0,0.5,0.0,91.0,100.0,9.0,0.9106,0,0,0,0,0,0,0,0,0,0,,,,0.0,-1.0,n/a,63.3,5.1,"obs_days=12.8, n_samples=351, quality=QUALITY_SHORT_OBS -> insufficient/uncertain data",観測期間・サンプル数・カウンタ整合性のいずれかが不足しており信頼できる判定ができません。review_priorityに従い追加データ収集または手動レビューを行ってください。,v2.0-final,v2.0-final,v2.0-final,ThinkPad P16s Gen 5,COSMX,5B11M90179
2026-06-03T16:38:27,MCROWNOVER-1540_mcrownover,NORMAL_OR_RESPONDING,ACTION_NONE,high,NOT_NO_LOW_CHANGE_CANDIDATE,,,,,,False,False,False,False,False,42,11,11,140.0,11.321,25.9,371.0,30.0,25.9,0.0,80.0,100.0,20.0,0.9608,0,0,0,0,0,0,0,0,0,0,,,,0.0,-1.0,n/a,73.5,14.3,"flat_tail=25.9d, fcc_changes=42, tail_cyc=0.0, tail_ok[90/80]=0/0, unresp_complete[90/80]=0/0, large_gap[90/80]=0/0 -> FCC still updating / not a no-low-change candidate",,v2.0-final,v2.0-final,v2.0-final,ThinkPad P1 Gen 7,Sunwoda,5B11M37553
2026-06-03T16:38:27,MCROWNOVER-QC11_mcrownover,NORMAL_OR_RESPONDING,ACTION_NONE,high,NOT_NO_LOW_CHANGE_CANDIDATE,,,,,,False,False,False,False,False,62,25,23,144.186,23.309,7.8,265.99,43.0,7.8,0.0,90.0,100.0,10.0,0.9864,0,0,0,0,0,0,0,0,0,0,,,,0.0,-1.0,n/a,71.0,11.3,"flat_tail=7.8d, fcc_changes=62, tail_cyc=0.0, tail_ok[90/80]=0/0, unresp_complete[90/80]=0/0, large_gap[90/80]=0/0 -> FCC still updating / not a no-low-change candidate",,v2.0-final,v2.0-final,v2.0-final,ThinkPad P1 Gen 8,Sunwoda,5B11M37553
2026-06-03T16:38:27,MCROWNOVER-WLK4_mcrownover,NORMAL_OR_RESPONDING,ACTION_NONE,high,NOT_NO_LOW_CHANGE_CANDIDATE,,,,,,False,False,False,False,False,27,13,10,142.105,9.877,19.7,273.35,19.0,19.7,0.0,65.0,100.0,35.0,0.963,0,0,0,0,0,0,0,0,0,0,,,,0.0,-1.0,n/a,72.5,13.3,"flat_tail=19.7d, fcc_changes=27, tail_cyc=0.0, tail_ok[90/80]=0/0, unresp_complete[90/80]=0/0, large_gap[90/80]=0/0 -> FCC still updating / not a no-low-change candidate",,v2.0-final,v2.0-final,v2.0-final,ThinkPad P16 Gen 2,LG,5B10W51894
2026-06-03T16:38:27,MD2-SVT-3FCN_xuxru,NORMAL_OR_RESPONDING,ACTION_NONE,high,NOT_NO_LOW_CHANGE_CANDIDATE,,,,,,False,False,False,False,False,26,24,21,26.804,12.974,0.8,200.4,97.0,0.8,1.0,2.0,100.0,98.0,0.1693,0,0,0,0,0,0,0,0,0,0,,,,0.0,-1.0,n/a,53.0,10.3,"flat_tail=0.8d, fcc_changes=26, tail_cyc=1.0, tail_ok[90/80]=0/0, unresp_complete[90/80]=0/0, large_gap[90/80]=0/0 -> FCC still updating / not a no-low-change candidate",,v2.0-final,v2.0-final,v2.0-final,ThinkPad Z16 Gen 2,SMP,5B10W51887
2026-06-03T16:38:27,MEHLINGER1-QNSG_mehlinger1,REVIEW_INSUFFICIENT_DATA,ACTION_COLLECT_MORE_DATA_OR_MANUAL_REVIEW,review,REVIEW_SHORT_OBS_ACTIVE_LIKE,,,REVIEW_SHORT_OBS_ACTIVE_LIKE,low,観測期間<120日でactive様（flat_tail<60）。経過観察で十分なことが多い。,False,False,False,False,False,2,0,0,100.0,5.487,1.3,36.45,2.0,1.3,0.0,99.0,100.0,1.0,1.0,0,0,0,0,0,0,0,0,0,0,,,,0.0,-1.0,n/a,65.2,5.2,"obs_days=36.5, n_samples=705, quality=QUALITY_SHORT_OBS -> insufficient/uncertain data",観測期間・サンプル数・カウンタ整合性のいずれかが不足しており信頼できる判定ができません。review_priorityに従い追加データ収集または手動レビューを行ってください。,v2.0-final,v2.0-final,v2.0-final,ThinkPad X1 Carbon Gen 14,Sunwoda,5B11M90160
2026-06-03T16:38:27,MERSEY1_Jeffrey_Farringer,NORMAL_OR_RESPONDING,ACTION_NONE,high,NOT_NO_LOW_CHANGE_CANDIDATE,,,,,,False,False,False,False,False,88,19,19,111.392,31.888,0.0,275.97,79.0,0.0,0.0,77.0,77.0,0.0,,0,0,0,0,0,0,0,0,0,0,,,,0.0,-1.0,n/a,70.0,10.0,"flat_tail=0.0d, fcc_changes=88, tail_cyc=0.0, tail_ok[90/80]=0/0, unresp_complete[90/80]=0/0, large_gap[90/80]=0/0 -> FCC still updating / not a no-low-change candidate",,v2.0-final,v2.0-final,v2.0-final,ThinkPad X1 2-in-1 Gen 9,BYD,5B11H56386
2026-06-03T16:38:27,MERSEY1_SIT,REVIEW_INSUFFICIENT_DATA,ACTION_COLLECT_MORE_DATA_OR_MANUAL_REVIEW,review,REVIEW_SHORT_OBS_ACTIVE_LIKE,,,REVIEW_SHORT_OBS_ACTIVE_LIKE,low,観測期間<120日でactive様（flat_tail<60）。経過観察で十分なことが多い。,False,False,False,False,False,9,2,2,128.571,24.951,0.1,36.07,7.0,0.1,0.0,31.0,100.0,69.0,1.0,0,0,0,0,0,0,0,0,0,0,,,,0.0,-1.0,n/a,65.0,5.0,"obs_days=36.1, n_samples=854, quality=QUALITY_SHORT_OBS -> insufficient/uncertain data",観測期間・サンプル数・カウンタ整合性のいずれかが不足しており信頼できる判定ができません。review_priorityに従い追加データ収集または手動レビューを行ってください。,v2.0-final,v2.0-final,v2.0-final,ThinkPad X1 2-in-1 Gen 9,BYD,5B11H56386
2026-06-03T16:38:27,MERSEY1_SVT,NORMAL_OR_RESPONDING,ACTION_NONE,high,NOT_NO_LOW_CHANGE_CANDIDATE,,,,,,False,False,False,False,False,29,3,3,161.111,23.969,28.1,120.99,18.0,28.1,1.0,9.0,99.0,90.0,0.1071,0,1,1,0,1,1,0,0,0,0,,,,0.0,-1.0,n/a,43.8,14.9,"flat_tail=28.1d, fcc_changes=29, tail_cyc=1.0, tail_ok[90/80]=0/0, unresp_complete[90/80]=0/0, large_gap[90/80]=1/1 -> FCC still updating / not a no-low-change candidate",,v2.0-final,v2.0-final,v2.0-final,ThinkPad X1 2-in-1 Gen 9,SMP,5B11H56383
2026-06-03T16:38:27,MERSEY2BELNL_jeffreyf1,REVIEW_INSUFFICIENT_DATA,ACTION_COLLECT_MORE_DATA_OR_MANUAL_REVIEW,review,REVIEW_SHORT_OBS_ACTIVE_LIKE,,,REVIEW_SHORT_OBS_ACTIVE_LIKE,low,観測期間<120日でactive様（flat_tail<60）。経過観察で十分なことが多い。,False,False,False,False,False,7,2,1,116.667,15.419,2.5,45.4,6.0,2.5,0.0,92.0,100.0,8.0,0.8365,0,0,0,0,0,0,0,0,0,0,,,,0.0,-1.0,n/a,62.8,5.4,"obs_days=45.4, n_samples=395, quality=QUALITY_SHORT_OBS -> insufficient/uncertain data",観測期間・サンプル数・カウンタ整合性のいずれかが不足しており信頼できる判定ができません。review_priorityに従い追加データ収集または手動レビューを行ってください。,v2.0-final,v2.0-final,v2.0-final,ThinkPad X1 2-in-1 Gen 10,SMP,5B11M90097
2026-06-03T16:38:27,MERSEYPQMBETA_hels,NORMAL_OR_RESPONDING,ACTION_NONE,high,NOT_NO_LOW_CHANGE_CANDIDATE,,,,,,False,False,False,False,False,71,7,7,109.231,25.151,17.8,282.29,65.0,17.8,0.0,2.0,100.0,98.0,0.6825,0,0,0,0,0,0,0,0,0,0,,,,0.0,-1.0,n/a,66.6,13.0,"flat_tail=17.8d, fcc_changes=71, tail_cyc=0.0, tail_ok[90/80]=0/0, unresp_complete[90/80]=0/0, large_gap[90/80]=0/0 -> FCC still updating / not a no-low-change candidate",,v2.0-final,v2.0-final,v2.0-final,ThinkPad X1 2-in-1 Gen 9,Sunwoda,5B11H56385
2026-06-03T16:38:27,MERSEY_SIT,REVIEW_INSUFFICIENT_DATA,ACTION_COLLECT_MORE_DATA_OR_MANUAL_REVIEW,review,REVIEW_COUNTER_RESET,,,REVIEW_COUNTER_RESET,high,cycleCountが減少（カウンタリセット/パック異常疑い）。生ログ確認が必要。,False,False,False,False,False,9,2,2,81.818,17.314,2.1,51.98,11.0,2.1,0.0,80.0,100.0,20.0,0.7161,0,0,0,0,0,0,0,0,0,0,,,,0.0,-1.0,n/a,54.7,0.4,"obs_days=52.0, n_samples=778, quality=QUALITY_COUNTER_RESET -> insufficient/uncertain data",観測期間・サンプル数・カウンタ整合性のいずれかが不足しており信頼できる判定ができません。review_priorityに従い追加データ収集または手動レビューを行ってください。,v2.0-final,v2.0-final,v2.0-final,ThinkPad X1 2-in-1 Gen 9,BYD,5B11H56386
2026-06-03T16:38:27,MFINK-PF667W8F_mfink,REVIEW_INSUFFICIENT_DATA,ACTION_COLLECT_MORE_DATA_OR_MANUAL_REVIEW,review,REVIEW_SHORT_OBS_ACTIVE_LIKE,,,REVIEW_SHORT_OBS_ACTIVE_LIKE,low,観測期間<120日でactive様（flat_tail<60）。経過観察で十分なことが多い。,False,False,False,False,False,15,0,0,100.0,37.528,4.1,39.97,15.0,4.1,0.0,58.0,100.0,42.0,0.9517,0,0,0,0,0,0,0,0,0,0,,,,0.0,-1.0,n/a,64.7,5.7,"obs_days=40.0, n_samples=1005, quality=QUALITY_SHORT_OBS -> insufficient/uncertain data",観測期間・サンプル数・カウンタ整合性のいずれかが不足しており信頼できる判定ができません。review_priorityに従い追加データ収集または手動レビューを行ってください。,v2.0-final,v2.0-final,v2.0-final,ThinkPad X1 2-in-1 Gen 11,Sunwoda,5B11M90160
2026-06-03T16:38:27,MGOMES3-W0HKDCB_L14,REVIEW_INSUFFICIENT_DATA,ACTION_COLLECT_MORE_DATA_OR_MANUAL_REVIEW,review,REVIEW_SHORT_OBS_ACTIVE_LIKE,,,REVIEW_SHORT_OBS_ACTIVE_LIKE,low,観測期間<120日でactive様（flat_tail<60）。経過観察で十分なことが多い。,False,False,False,False,False,10,0,0,100.0,11.743,12.2,85.16,10.0,12.2,0.0,66.0,100.0,34.0,0.8096,0,0,0,0,0,0,0,0,0,0,,,,0.0,-1.0,n/a,63.2,7.0,"obs_days=85.2, n_samples=1358, quality=QUALITY_SHORT_OBS -> insufficient/uncertain data",観測期間・サンプル数・カウンタ整合性のいずれかが不足しており信頼できる判定ができません。review_priorityに従い追加データ収集または手動レビューを行ってください。,v2.0-final,v2.0-final,v2.0-final,ThinkPad L14 Gen 6,SMP,5B11M90112
2026-06-03T16:38:27,MGOMES3-W0HKDCB_mgomes3,REVIEW_INSUFFICIENT_DATA,ACTION_COLLECT_MORE_DATA_OR_MANUAL_REVIEW,review,REVIEW_SHORT_OBS_ACTIVE_LIKE,,,REVIEW_SHORT_OBS_ACTIVE_LIKE,low,観測期間<120日でactive様（flat_tail<60）。経過観察で十分なことが多い。,False,False,False,False,False,10,0,0,100.0,11.988,10.4,83.42,10.0,10.4,0.0,66.0,100.0,34.0,0.6895,0,0,0,0,0,0,0,0,0,0,,,,0.0,-1.0,n/a,60.5,6.7,"obs_days=83.4, n_samples=1331, quality=QUALITY_SHORT_OBS -> insufficient/uncertain data",観測期間・サンプル数・カウンタ整合性のいずれかが不足しており信頼できる判定ができません。review_priorityに従い追加データ収集または手動レビューを行ってください。,v2.0-final,v2.0-final,v2.0-final,ThinkPad L14 Gen 6,SMP,5B11M90112
2026-06-03T16:38:27,MHAGI-PF3YCK6H_mhagi,ACTIONABLE_FW_CHECK_OPPORTUNITY_NO_RESPONSE,ACTION_FW_CHECK,high,FW_HIGH_UNRESPONDED_COMPLETE_WINDOWS,TERMINAL_FREEZE_AFTER_OPPORTUNITIES,,,,,True,False,True,True,True,3,3,3,0.938,0.423,589.5,708.88,320.0,589.5,253.0,1.0,100.0,99.0,0.8532,36,16,52,10,9,19,36,10,0,0,14.796,0.0,-5.6,99.6,2.0,AC_BOUND+HIGH_OPP_NO_RESPONSE,57.5,100.0,"flat_tail=589.5d, fcc_changes=3, tail_cyc=253.0, tail_ok[90/80]=10/36, unresp_complete[90/80]=10/36, large_gap[90/80]=9/16 -> complete-window opportunities present but FCC did not respond",FCC/SoHが長期間更新されておらず、ログ上は深い放電→再充電の学習機会（完全窓・OK品質）が複数回確認されるのにFCCが応答していません。BIOS/EC/バッテリー関連FWのVersion確認とアップデート有無確認を優先してください。アップデート後、次回の学習機会後72h〜7日間でFCC更新有無を確認してください。,v2.0-final,v2.0-final,v2.0-final,ThinkPad X1 Carbon Gen 10,Sunwoda,5B10W13975
2026-06-03T16:38:27,MHALE1-PF55QFC9_mhale1,NORMAL_OR_RESPONDING,ACTION_NONE,high,NOT_NO_LOW_CHANGE_CANDIDATE,,,,,,False,False,False,False,False,71,2,0,244.828,17.488,0.1,405.99,29.0,0.1,0.0,100.0,100.0,0.0,1.0,0,0,0,0,0,0,0,0,0,0,,,,0.0,-1.0,n/a,70.0,10.0,"flat_tail=0.1d, fcc_changes=71, tail_cyc=0.0, tail_ok[90/80]=0/0, unresp_complete[90/80]=0/0, large_gap[90/80]=0/0 -> FCC still updating / not a no-low-change candidate",,v2.0-final,v2.0-final,v2.0-final,ThinkPad T16 Gen 4,SMP,5B11H56412
2026-06-03T16:38:27,MHALE1-PF5CXE0G_mhale1,REVIEW_INSUFFICIENT_DATA,ACTION_COLLECT_MORE_DATA_OR_MANUAL_REVIEW,review,REVIEW_SHORT_OBS_ACTIVE_LIKE,,,REVIEW_SHORT_OBS_ACTIVE_LIKE,low,観測期間<120日でactive様（flat_tail<60）。経過観察で十分なことが多い。,False,False,False,False,False,6,0,0,100.0,8.574,0.7,69.98,6.0,0.7,0.0,44.0,100.0,56.0,0.9993,0,0,0,0,0,0,0,0,0,0,,,,0.0,-1.0,n/a,65.1,5.1,"obs_days=70.0, n_samples=1310, quality=QUALITY_SHORT_OBS -> insufficient/uncertain data",観測期間・サンプル数・カウンタ整合性のいずれかが不足しており信頼できる判定ができません。review_priorityに従い追加データ収集または手動レビューを行ってください。,v2.0-final,v2.0-final,v2.0-final,ThinkPad T16 Gen 4,Celxpert,5B11M90103
2026-06-03T16:38:27,MHALE1-PF62L9EM_mhale1,REVIEW_INSUFFICIENT_DATA,ACTION_COLLECT_MORE_DATA_OR_MANUAL_REVIEW,review,REVIEW_SHORT_OBS_ACTIVE_LIKE,,,REVIEW_SHORT_OBS_ACTIVE_LIKE,low,観測期間<120日でactive様（flat_tail<60）。経過観察で十分なことが多い。,False,False,False,False,False,7,0,0,100.0,9.437,11.2,74.18,7.0,11.2,0.0,78.0,100.0,22.0,0.884,0,0,0,0,0,0,0,0,0,0,,,,0.0,-1.0,n/a,64.5,6.9,"obs_days=74.2, n_samples=1220, quality=QUALITY_SHORT_OBS -> insufficient/uncertain data",観測期間・サンプル数・カウンタ整合性のいずれかが不足しており信頼できる判定ができません。review_priorityに従い追加データ収集または手動レビューを行ってください。,v2.0-final,v2.0-final,v2.0-final,ThinkPad T16 Gen 5,COSMX,5B11M90167
2026-06-03T16:38:27,MHALE1-PW0A1P1J_mhale1,NORMAL_OR_RESPONDING,ACTION_NONE,high,NOT_NO_LOW_CHANGE_CANDIDATE,,,,,,False,False,False,False,False,62,37,29,151.22,19.682,0.8,315.01,41.0,0.8,0.0,97.0,98.0,1.0,0.9689,0,0,0,0,0,0,0,0,0,0,,,,0.0,-1.0,n/a,69.8,10.1,"flat_tail=0.8d, fcc_changes=62, tail_cyc=0.0, tail_ok[90/80]=0/0, unresp_complete[90/80]=0/0, large_gap[90/80]=0/0 -> FCC still updating / not a no-low-change candidate",,v2.0-final,v2.0-final,v2.0-final,ThinkPad L13 Gen 5,Sunwoda,5B11H56425
2026-06-03T16:38:27,MHEIDENFELD-CJ1_mheidenfeldt,REVIEW_INSUFFICIENT_DATA,ACTION_COLLECT_MORE_DATA_OR_MANUAL_REVIEW,review,REVIEW_SHORT_OBS_STALE_OR_VERY_STALE,,,REVIEW_SHORT_OBS_STALE_OR_VERY_STALE,high,観測期間<120日だがflat_tail>=60日（stale様）。優先的に追加観測。,False,False,False,False,False,0,0,0,0.0,0.0,78.3,78.3,11.0,78.3,11.0,1.0,94.0,93.0,0.5342,0,1,1,0,1,1,0,0,0,0,,,,0.0,-1.0,n/a,50.7,20.2,"obs_days=78.3, n_samples=822, quality=QUALITY_SHORT_OBS -> insufficient/uncertain data",観測期間・サンプル数・カウンタ整合性のいずれかが不足しており信頼できる判定ができません。review_priorityに従い追加データ収集または手動レビューを行ってください。,v2.0-final,v2.0-final,v2.0-final,ThinkPad T14s Gen 6,SMP,LNV-5B11H56403
2026-06-03T16:38:27,MHEIDENFELD-XSD_mheidenfeldt,REVIEW_INSUFFICIENT_DATA,ACTION_COLLECT_MORE_DATA_OR_MANUAL_REVIEW,review,REVIEW_COUNTER_RESET,,,REVIEW_COUNTER_RESET,high,cycleCountが減少（カウンタリセット/パック異常疑い）。生ログ確認が必要。,False,False,False,False,False,83,14,14,125.758,20.083,4.4,413.28,66.0,4.4,0.0,65.0,100.0,35.0,0.414,0,0,0,0,0,0,0,0,0,0,,,,0.0,-1.0,n/a,49.1,0.7,"obs_days=413.3, n_samples=3547, quality=QUALITY_COUNTER_RESET -> insufficient/uncertain data",観測期間・サンプル数・カウンタ整合性のいずれかが不足しており信頼できる判定ができません。review_priorityに従い追加データ収集または手動レビューを行ってください。,v2.0-final,v2.0-final,v2.0-final,ThinkPad T14s Gen 6,Sunwoda,5B11M90105
2026-06-03T16:38:27,MIT_mpatel13,NORMAL_OR_RESPONDING,ACTION_NONE,high,NOT_NO_LOW_CHANGE_CANDIDATE,,,,,,False,False,False,False,False,205,79,75,157.692,56.319,0.9,364.0,130.0,0.9,0.0,85.0,100.0,15.0,0.6229,0,0,0,0,0,0,0,0,0,0,,,,0.0,-1.0,n/a,65.2,10.2,"flat_tail=0.9d, fcc_changes=205, tail_cyc=0.0, tail_ok[90/80]=0/0, unresp_complete[90/80]=0/0, large_gap[90/80]=0/0 -> FCC still updating / not a no-low-change candidate",,v2.0-final,v2.0-final,v2.0-final,ThinkPad L16 Gen 2,Sunwoda,5B11M90113
2026-06-03T16:38:27,MKITAMURA-N0XRP_mkitamura,NORMAL_OR_RESPONDING,ACTION_NONE,high,NOT_NO_LOW_CHANGE_CANDIDATE,,,,,,False,False,False,False,False,861,477,334,408.057,199.287,0.7,432.04,211.0,0.7,1.0,49.0,100.0,51.0,0.9156,0,0,0,0,0,0,0,0,0,0,,,,0.0,-1.0,n/a,67.9,10.3,"flat_tail=0.7d, fcc_changes=861, tail_cyc=1.0, tail_ok[90/80]=0/0, unresp_complete[90/80]=0/0, large_gap[90/80]=0/0 -> FCC still updating / not a no-low-change candidate",,v2.0-final,v2.0-final,v2.0-final,ThinkPad X1 Carbon Gen 9,,
2026-06-03T16:38:27,MKOZO-PF3W9L3K_mkozo,NORMAL_OR_RESPONDING,ACTION_NONE,high,NOT_NO_LOW_CHANGE_CANDIDATE,,,,,,False,False,False,False,False,430,283,192,216.08,35.644,0.4,1206.36,199.0,0.4,0.0,95.0,100.0,5.0,0.9848,0,0,0,0,0,0,0,0,0,0,,,,0.0,-1.0,n/a,69.8,10.1,"flat_tail=0.4d, fcc_changes=430, tail_cyc=0.0, tail_ok[90/80]=0/0, unresp_complete[90/80]=0/0, large_gap[90/80]=0/0 -> FCC still updating / not a no-low-change candidate",,v2.0-final,v2.0-final,v2.0-final,ThinkPad X1 Carbon Gen 9,Celxpert,5B10W13974
2026-06-03T16:38:27,MKRYNOCK-67L6RD_mkrynock,REVIEW_INSUFFICIENT_DATA,ACTION_COLLECT_MORE_DATA_OR_MANUAL_REVIEW,review,REVIEW_SHORT_OBS_ACTIVE_LIKE,,,REVIEW_SHORT_OBS_ACTIVE_LIKE,low,観測期間<120日でactive様（flat_tail<60）。経過観察で十分なことが多い。,False,False,False,False,False,2,0,0,50.0,9.93,3.0,20.14,4.0,3.0,0.0,55.0,100.0,45.0,0.5055,0,0,0,0,0,0,0,0,0,0,,,,0.0,-1.0,n/a,55.6,5.5,"obs_days=20.1, n_samples=259, quality=QUALITY_SHORT_OBS -> insufficient/uncertain data",観測期間・サンプル数・カウンタ整合性のいずれかが不足しており信頼できる判定ができません。review_priorityに従い追加データ収集または手動レビューを行ってください。,v2.0-final,v2.0-final,v2.0-final,ThinkPad T16 Gen 5,BYD,5B11M90171
2026-06-03T16:38:27,MMERCHANT-H0CAW_mmerchant,NORMAL_OR_RESPONDING,ACTION_NONE,high,NOT_NO_LOW_CHANGE_CANDIDATE,,,,,,False,False,False,False,False,258,71,70,132.308,65.813,1.0,392.02,195.0,1.0,0.0,19.0,86.0,67.0,0.2289,0,0,0,0,0,0,0,0,0,0,,,,0.0,-1.0,n/a,54.7,10.2,"flat_tail=1.0d, fcc_changes=258, tail_cyc=0.0, tail_ok[90/80]=0/0, unresp_complete[90/80]=0/0, large_gap[90/80]=0/0 -> FCC still updating / not a no-low-change candidate",,v2.0-final,v2.0-final,v2.0-final,ThinkPad T14s Gen 6,Sunwoda,5B11M90105
2026-06-03T16:38:27,MMISTURIK-CXCF3_mmisturik,REVIEW_INSUFFICIENT_DATA,ACTION_COLLECT_MORE_DATA_OR_MANUAL_REVIEW,review,REVIEW_SHORT_OBS_ACTIVE_LIKE,,,REVIEW_SHORT_OBS_ACTIVE_LIKE,low,観測期間<120日でactive様（flat_tail<60）。経過観察で十分なことが多い。,False,False,False,False,False,15,1,1,88.235,29.268,1.1,51.25,17.0,1.1,0.0,77.0,100.0,23.0,0.7646,0,0,0,0,0,0,0,0,0,0,,,,0.0,-1.0,n/a,60.5,5.2,"obs_days=51.2, n_samples=757, quality=QUALITY_SHORT_OBS -> insufficient/uncertain data",観測期間・サンプル数・カウンタ整合性のいずれかが不足しており信頼できる判定ができません。review_priorityに従い追加データ収集または手動レビューを行ってください。,v2.0-final,v2.0-final,v2.0-final,ThinkPad T14s Gen 6,Sunwoda,LNV-5B11H56404
2026-06-03T16:38:27,MNAKABAYASH-XPZ_mnakabayashi1,WATCH_LOW_UPDATE_RATE_AMBIGUOUS,ACTION_MONITOR_OR_MANUAL_REVIEW,low,WATCH_POSSIBLE_OPPORTUNITY_WITH_LARGE_GAPS,,WATCH_POSSIBLE_OPPORTUNITY_WITH_LARGE_GAPS,,,,True,False,True,True,True,6,6,6,3.191,0.567,797.1,1057.93,188.0,797.1,97.0,1.0,100.0,99.0,0.7245,0,26,26,0,7,7,0,0,0,0,,,,0.0,1.0,MIXED,55.4,50.0,"flat_tail=797.1d, fcc_changes=6, tail_cyc=97.0, tail_ok[90/80]=0/0, unresp_complete[90/80]=0/0, large_gap[90/80]=7/26 -> ambiguous (watch)",FCC更新率は低いが完全凍結ではない/学習機会がlarge-gapまたは打ち切りで確証が弱い/境界的のため、FW確認に回す前にモニタリングまたは手動レビューを推奨します。,v2.0-final,v2.0-final,v2.0-final,ThinkPad X1 Carbon Gen 10,SMP,5B11M90056
2026-06-03T16:38:27,MNAKATA1-3Y659D_mnakata1,NORMAL_OR_RESPONDING,ACTION_NONE,high,NOT_NO_LOW_CHANGE_CANDIDATE,,,,,,False,False,False,False,False,181,50,50,121.477,17.826,37.1,1015.36,149.0,37.1,0.0,4.0,100.0,96.0,0.9738,0,0,0,0,0,0,0,0,0,0,,,,0.0,-1.0,n/a,75.7,16.2,"flat_tail=37.1d, fcc_changes=181, tail_cyc=0.0, tail_ok[90/80]=0/0, unresp_complete[90/80]=0/0, large_gap[90/80]=0/0 -> FCC still updating / not a no-low-change candidate",,v2.0-final,v2.0-final,v2.0-final,ThinkPad T14s Gen 3,LG,LNV-5B10W51874
2026-06-03T16:38:27,MNISHIO1-2DR71T_mnishio1,WATCH_LOW_UPDATE_RATE_AMBIGUOUS,ACTION_MONITOR_OR_MANUAL_REVIEW,low,WATCH_POSSIBLE_OPPORTUNITY_WITH_LARGE_GAPS,,WATCH_POSSIBLE_OPPORTUNITY_WITH_LARGE_GAPS,,,,True,False,True,False,False,16,16,16,76.19,1.608,497.7,994.72,21.0,497.7,5.0,0.0,100.0,100.0,0.5494,0,3,3,0,3,3,0,0,0,0,,,,0.0,1.0,MIXED,64.7,36.0,"flat_tail=497.7d, fcc_changes=16, tail_cyc=5.0, tail_ok[90/80]=0/0, unresp_complete[90/80]=0/0, large_gap[90/80]=3/3 -> ambiguous (watch)",FCC更新率は低いが完全凍結ではない/学習機会がlarge-gapまたは打ち切りで確証が弱い/境界的のため、FW確認に回す前にモニタリングまたは手動レビューを推奨します。,v2.0-final,v2.0-final,v2.0-final,ThinkPad T14s Gen 2a,Celxpert,5B10W51815
2026-06-03T16:38:27,MNISHIO1-43AFSK_Debug,WATCH_LOW_UPDATE_RATE_AMBIGUOUS,ACTION_MONITOR_OR_MANUAL_REVIEW,low,WATCH_ACTIVE_LOW_CADENCE,,WATCH_ACTIVE_LOW_CADENCE,,,,True,False,False,True,False,8,8,8,3.604,1.499,29.6,533.69,222.0,29.6,15.0,2.0,100.0,98.0,0.4999,1,3,4,0,1,1,1,0,0,0,0.097,0.0,-0.328,19.4,1.0,MIXED,37.4,43.9,"flat_tail=29.6d, fcc_changes=8, tail_cyc=15.0, tail_ok[90/80]=0/1, unresp_complete[90/80]=0/1, large_gap[90/80]=1/3 -> ambiguous (watch)",FCC更新率は低いが完全凍結ではない/学習機会がlarge-gapまたは打ち切りで確証が弱い/境界的のため、FW確認に回す前にモニタリングまたは手動レビューを推奨します。,v2.0-final,v2.0-final,v2.0-final,ThinkPad X1 Carbon Gen 10,SMP,5B10W13973
2026-06-03T16:38:27,MNISHIO1-43AFSK_mnishio1,WATCH_LOW_UPDATE_RATE_AMBIGUOUS,ACTION_MONITOR_OR_MANUAL_REVIEW,low,WATCH_POSSIBLE_OPPORTUNITY_WITH_LARGE_GAPS,,WATCH_POSSIBLE_OPPORTUNITY_WITH_LARGE_GAPS,,,,True,False,False,True,True,9,9,9,3.734,0.949,41.6,948.79,241.0,41.6,3.0,1.0,100.0,99.0,0.9292,0,1,1,0,1,1,0,0,0,0,,,,0.0,1.0,MIXED,61.5,17.5,"flat_tail=41.6d, fcc_changes=9, tail_cyc=3.0, tail_ok[90/80]=0/0, unresp_complete[90/80]=0/0, large_gap[90/80]=1/1 -> ambiguous (watch)",FCC更新率は低いが完全凍結ではない/学習機会がlarge-gapまたは打ち切りで確証が弱い/境界的のため、FW確認に回す前にモニタリングまたは手動レビューを推奨します。,v2.0-final,v2.0-final,v2.0-final,ThinkPad X1 Carbon Gen 10,SMP,5B10W13973
2026-06-03T16:38:27,MNISHIO1X121QM6_mnishio1,NORMAL_OR_RESPONDING,ACTION_NONE,high,NOT_NO_LOW_CHANGE_CANDIDATE,,,,,,False,False,False,False,False,28,19,16,121.739,5.185,18.2,540.04,23.0,18.2,0.0,30.0,100.0,70.0,0.2634,0,0,0,0,0,0,0,0,0,0,,,,0.0,-1.0,n/a,53.3,8.0,"flat_tail=18.2d, fcc_changes=28, tail_cyc=0.0, tail_ok[90/80]=0/0, unresp_complete[90/80]=0/0, large_gap[90/80]=0/0 -> FCC still updating / not a no-low-change candidate",,v2.0-final,v2.0-final,v2.0-final,ThinkPad X1 Nano Gen 1,Celxpert,5B10W13964
2026-06-03T16:38:27,MOBILEPE-4HM087_MobilePE,REVIEW_INSUFFICIENT_DATA,ACTION_COLLECT_MORE_DATA_OR_MANUAL_REVIEW,review,REVIEW_NO_LOW_CHANGE_BUT_INSUFFICIENT_DATA,,,REVIEW_NO_LOW_CHANGE_BUT_INSUFFICIENT_DATA,high,no/low-change候補だが観測期間<120日。優先的に追加観測。,True,False,False,True,False,0,0,0,0.0,0.0,77.3,77.25,54.0,77.3,54.0,2.0,100.0,98.0,0.9827,0,1,1,0,1,1,0,0,0,0,,,,0.0,-1.0,n/a,50.0,27.9,"obs_days=77.2, n_samples=3571, quality=QUALITY_SHORT_OBS -> insufficient/uncertain data",観測期間・サンプル数・カウンタ整合性のいずれかが不足しており信頼できる判定ができません。review_priorityに従い追加データ収集または手動レビューを行ってください。,v2.0-final,v2.0-final,v2.0-final,ThinkPad X1 Yoga Gen 8,Sunwoda,5B10W13975
2026-06-03T16:38:27,MOBILEPE-4N8HJ9_MobilePE,REVIEW_INSUFFICIENT_DATA,ACTION_COLLECT_MORE_DATA_OR_MANUAL_REVIEW,review,REVIEW_SHORT_OBS_ACTIVE_LIKE,,,REVIEW_SHORT_OBS_ACTIVE_LIKE,low,観測期間<120日でactive様（flat_tail<60）。経過観察で十分なことが多い。,False,False,False,False,False,94,42,22,184.314,121.306,0.0,77.49,51.0,0.0,0.0,61.0,61.0,0.0,,0,0,0,0,0,0,0,0,0,0,,,,0.0,-1.0,n/a,65.0,5.0,"obs_days=77.5, n_samples=2541, quality=QUALITY_SHORT_OBS -> insufficient/uncertain data",観測期間・サンプル数・カウンタ整合性のいずれかが不足しており信頼できる判定ができません。review_priorityに従い追加データ収集または手動レビューを行ってください。,v2.0-final,v2.0-final,v2.0-final,ThinkPad X1 Yoga Gen 8,Celxpert,5B10W13974
2026-06-03T16:38:27,MORISAN-F291M86_morisan,NORMAL_OR_RESPONDING,ACTION_NONE,high,NOT_NO_LOW_CHANGE_CANDIDATE,,,,,,False,False,False,False,False,146,109,71,912.5,12.338,3.7,1183.34,16.0,3.7,0.0,95.0,100.0,5.0,0.9998,0,0,0,0,0,0,0,0,0,0,,,,0.0,-1.0,n/a,70.6,10.6,"flat_tail=3.7d, fcc_changes=146, tail_cyc=0.0, tail_ok[90/80]=0/0, unresp_complete[90/80]=0/0, large_gap[90/80]=0/0 -> FCC still updating / not a no-low-change candidate",,v2.0-final,v2.0-final,v2.0-final,ThinkPad T14 Gen 1,SMP,5B10W13906
2026-06-03T16:38:27,MOTO-T14S-Q_motty,REVIEW_INSUFFICIENT_DATA,ACTION_COLLECT_MORE_DATA_OR_MANUAL_REVIEW,review,REVIEW_SHORT_OBS_ACTIVE_LIKE,,,REVIEW_SHORT_OBS_ACTIVE_LIKE,low,観測期間<120日でactive様（flat_tail<60）。経過観察で十分なことが多い。,False,False,False,False,False,9,0,0,100.0,11.76,13.0,76.53,9.0,13.0,0.0,85.0,100.0,15.0,0.5746,0,0,0,0,0,0,0,0,0,0,,,,0.0,-1.0,n/a,62.2,7.2,"obs_days=76.5, n_samples=480, quality=QUALITY_SHORT_OBS -> insufficient/uncertain data",観測期間・サンプル数・カウンタ整合性のいずれかが不足しており信頼できる判定ができません。review_priorityに従い追加データ収集または手動レビューを行ってください。,v2.0-final,v2.0-final,v2.0-final,ThinkPad T14s Gen 6,Sunwoda,LNV-5B11H56404
2026-06-03T16:38:27,MOTO-X1C_motty,REVIEW_INSUFFICIENT_DATA,ACTION_COLLECT_MORE_DATA_OR_MANUAL_REVIEW,review,REVIEW_COUNTER_RESET,,,REVIEW_COUNTER_RESET,high,cycleCountが減少（カウンタリセット/パック異常疑い）。生ログ確認が必要。,False,False,False,False,False,49,4,4,111.364,41.862,0.0,117.05,44.0,0.0,0.0,90.0,98.0,8.0,1.0,0,0,0,0,0,0,0,0,0,0,,,,0.0,-1.0,n/a,60.0,0.0,"obs_days=117.0, n_samples=2132, quality=QUALITY_COUNTER_RESET -> insufficient/uncertain data",観測期間・サンプル数・カウンタ整合性のいずれかが不足しており信頼できる判定ができません。review_priorityに従い追加データ収集または手動レビューを行ってください。,v2.0-final,v2.0-final,v2.0-final,ThinkPad,COSMX,5B11M90162
2026-06-03T16:38:27,MOTO_AURA,NORMAL_OR_RESPONDING,ACTION_NONE,high,NOT_NO_LOW_CHANGE_CANDIDATE,,,,,,False,False,False,False,False,14,1,1,107.692,3.373,14.8,415.12,13.0,14.8,0.0,81.0,100.0,19.0,0.0501,0,0,0,0,0,0,0,0,0,0,,,,0.0,-1.0,n/a,66.1,12.5,"flat_tail=14.8d, fcc_changes=14, tail_cyc=0.0, tail_ok[90/80]=0/0, unresp_complete[90/80]=0/0, large_gap[90/80]=0/0 -> FCC still updating / not a no-low-change candidate",,v2.0-final,v2.0-final,v2.0-final,ThinkPad X9-14 Gen 1,BYD,LNV-5B11M90101
2026-06-03T16:38:27,MPCD-TNA_HWPA,NORMAL_OR_RESPONDING,ACTION_NONE,high,NOT_NO_LOW_CHANGE_CANDIDATE,,,,,,False,False,False,False,False,19,0,0,95.0,12.445,0.0,152.67,20.0,0.0,0.0,1.0,1.0,0.0,,0,0,0,0,0,0,0,0,0,0,,,,0.0,-1.0,n/a,70.0,10.0,"flat_tail=0.0d, fcc_changes=19, tail_cyc=0.0, tail_ok[90/80]=0/0, unresp_complete[90/80]=0/0, large_gap[90/80]=0/0 -> FCC still updating / not a no-low-change candidate",,v2.0-final,v2.0-final,v2.0-final,ThinkPad T14s Gen 6,Sunwoda,LNV-5B11H56404
2026-06-03T16:38:27,MRIGGS-PW0A1NXC_mriggs,NORMAL_OR_RESPONDING,ACTION_NONE,high,NOT_NO_LOW_CHANGE_CANDIDATE,,,,,,False,False,False,False,False,45,33,27,77.586,5.59,28.0,805.04,58.0,28.0,2.0,31.0,100.0,69.0,0.7664,0,0,0,0,0,0,0,0,0,0,,,,0.0,-1.0,n/a,69.0,15.1,"flat_tail=28.0d, fcc_changes=45, tail_cyc=2.0, tail_ok[90/80]=0/0, unresp_complete[90/80]=0/0, large_gap[90/80]=0/0 -> FCC still updating / not a no-low-change candidate",,v2.0-final,v2.0-final,v2.0-final,ThinkPad L13 Gen 5,Celxpert,5B11H56424
2026-06-03T16:38:27,MS1-2ND-3C_HWPA,REVIEW_INSUFFICIENT_DATA,ACTION_COLLECT_MORE_DATA_OR_MANUAL_REVIEW,review,REVIEW_SHORT_OBS_ACTIVE_LIKE,,,REVIEW_SHORT_OBS_ACTIVE_LIKE,low,観測期間<120日でactive様（flat_tail<60）。経過観察で十分なことが多い。,False,False,False,False,False,6,0,0,100.0,16.616,0.0,36.11,6.0,0.0,0.0,86.0,86.0,0.0,,0,0,0,0,0,0,0,0,0,0,,,,0.0,-1.0,n/a,65.0,5.0,"obs_days=36.1, n_samples=334, quality=QUALITY_SHORT_OBS -> insufficient/uncertain data",観測期間・サンプル数・カウンタ整合性のいずれかが不足しており信頼できる判定ができません。review_priorityに従い追加データ収集または手動レビューを行ってください。,v2.0-final,v2.0-final,v2.0-final,ThinkPad X1 2-in-1 Gen 9,Sunwoda,5B11H56385
2026-06-03T16:38:27,MSUMMERVILL-VCL_msummerville,NORMAL_OR_RESPONDING,ACTION_NONE,high,NOT_NO_LOW_CHANGE_CANDIDATE,,,,,,False,False,False,False,False,22,18,18,14.765,2.054,9.7,1071.09,149.0,9.7,1.0,68.0,100.0,32.0,0.8932,0,0,0,0,0,0,0,0,0,0,,,,0.0,-1.0,n/a,69.0,11.8,"flat_tail=9.7d, fcc_changes=22, tail_cyc=1.0, tail_ok[90/80]=0/0, unresp_complete[90/80]=0/0, large_gap[90/80]=0/0 -> FCC still updating / not a no-low-change candidate",,v2.0-final,v2.0-final,v2.0-final,ThinkPad P16 Gen 2,SMP,5B10W51893
2026-06-03T16:38:27,MTSUKADA-3MYFQH_mtsukada,NORMAL_OR_RESPONDING,ACTION_NONE,high,NOT_NO_LOW_CHANGE_CANDIDATE,,,,,,False,False,False,False,False,284,174,131,221.875,70.461,0.0,403.06,128.0,0.0,0.0,95.0,100.0,5.0,0.6882,0,0,0,0,0,0,0,0,0,0,,,,0.0,-1.0,n/a,68.3,10.0,"flat_tail=0.0d, fcc_changes=284, tail_cyc=0.0, tail_ok[90/80]=0/0, unresp_complete[90/80]=0/0, large_gap[90/80]=0/0 -> FCC still updating / not a no-low-change candidate",,v2.0-final,v2.0-final,v2.0-final,ThinkPad T14 Gen 2i,,
2026-06-03T16:38:27,MYERSP-PF5FSZHR_MYERSP,NORMAL_OR_RESPONDING,ACTION_NONE,high,NOT_NO_LOW_CHANGE_CANDIDATE,,,,,,False,False,False,False,False,39,1,1,100.0,11.854,4.1,328.99,39.0,4.1,0.0,93.0,100.0,7.0,1.0,0,0,0,0,0,0,0,0,0,0,,,,0.0,-1.0,n/a,70.7,10.7,"flat_tail=4.1d, fcc_changes=39, tail_cyc=0.0, tail_ok[90/80]=0/0, unresp_complete[90/80]=0/0, large_gap[90/80]=0/0 -> FCC still updating / not a no-low-change candidate",,v2.0-final,v2.0-final,v2.0-final,ThinkPad X1 2-in-1 Gen 10,BYD,5B11M90100
2026-06-03T16:38:27,MYERSP-PW0HKDA6_L14,REVIEW_INSUFFICIENT_DATA,ACTION_COLLECT_MORE_DATA_OR_MANUAL_REVIEW,review,REVIEW_SHORT_OBS_ACTIVE_LIKE,,,REVIEW_SHORT_OBS_ACTIVE_LIKE,low,観測期間<120日でactive様（flat_tail<60）。経過観察で十分なことが多い。,False,False,False,False,False,6,0,0,100.0,17.6,0.8,34.09,6.0,0.8,0.0,90.0,100.0,10.0,0.5111,0,0,0,0,0,0,0,0,0,0,,,,0.0,-1.0,n/a,61.8,5.1,"obs_days=34.1, n_samples=559, quality=QUALITY_SHORT_OBS -> insufficient/uncertain data",観測期間・サンプル数・カウンタ整合性のいずれかが不足しており信頼できる判定ができません。review_priorityに従い追加データ収集または手動レビューを行ってください。,v2.0-final,v2.0-final,v2.0-final,ThinkPad L14 Gen 6,SMP,5B11M90112
2026-06-03T16:38:27,MYERSP-PW0HKDA6_MYERSP,REVIEW_INSUFFICIENT_DATA,ACTION_COLLECT_MORE_DATA_OR_MANUAL_REVIEW,review,REVIEW_SHORT_OBS_ACTIVE_LIKE,,,REVIEW_SHORT_OBS_ACTIVE_LIKE,low,観測期間<120日でactive様（flat_tail<60）。経過観察で十分なことが多い。,False,False,False,False,False,5,0,0,100.0,17.224,0.9,29.03,5.0,0.9,0.0,70.0,100.0,30.0,0.5474,0,0,0,0,0,0,0,0,0,0,,,,0.0,-1.0,n/a,56.1,5.2,"obs_days=29.0, n_samples=502, quality=QUALITY_SHORT_OBS -> insufficient/uncertain data",観測期間・サンプル数・カウンタ整合性のいずれかが不足しており信頼できる判定ができません。review_priorityに従い追加データ収集または手動レビューを行ってください。,v2.0-final,v2.0-final,v2.0-final,ThinkPad L14 Gen 6,SMP,5B11M90112
2026-06-03T16:38:27,NAITOX9A_arimasa,REVIEW_INSUFFICIENT_DATA,ACTION_COLLECT_MORE_DATA_OR_MANUAL_REVIEW,review,REVIEW_SHORT_OBS_ACTIVE_LIKE,,,REVIEW_SHORT_OBS_ACTIVE_LIKE,low,観測期間<120日でactive様（flat_tail<60）。経過観察で十分なことが多い。,False,False,False,False,False,6,0,0,100.0,17.182,8.0,34.92,6.0,8.0,0.0,44.0,100.0,56.0,0.3125,0,0,0,0,0,0,0,0,0,0,,,,0.0,-1.0,n/a,52.6,6.3,"obs_days=34.9, n_samples=266, quality=QUALITY_SHORT_OBS -> insufficient/uncertain data",観測期間・サンプル数・カウンタ整合性のいずれかが不足しており信頼できる判定ができません。review_priorityに従い追加データ収集または手動レビューを行ってください。,v2.0-final,v2.0-final,v2.0-final,ThinkPad X9-14 Gen 1,BYD,LNV-5B11M90101@
2026-06-03T16:38:27,NANO_G3,NORMAL_OR_RESPONDING,ACTION_NONE,high,NOT_NO_LOW_CHANGE_CANDIDATE,,,,,,False,False,False,False,False,264,187,143,242.202,78.539,0.1,336.14,109.0,0.1,0.0,89.0,100.0,11.0,0.7616,0,0,0,0,0,0,0,0,0,0,,,,0.0,-1.0,n/a,66.3,10.0,"flat_tail=0.1d, fcc_changes=264, tail_cyc=0.0, tail_ok[90/80]=0/0, unresp_complete[90/80]=0/0, large_gap[90/80]=0/0 -> FCC still updating / not a no-low-change candidate",,v2.0-final,v2.0-final,v2.0-final,ThinkPad X1 Nano Gen 3,Sunwoda,5B11F28681
2026-06-03T16:38:27,NATHANP-F4YAYFH_nathanp,NORMAL_OR_RESPONDING,ACTION_NONE,high,NOT_NO_LOW_CHANGE_CANDIDATE,,,,,,False,False,False,False,False,124,12,12,107.826,23.303,2.8,532.13,115.0,2.8,0.0,95.0,100.0,5.0,0.9606,0,0,0,0,0,0,0,0,0,0,,,,0.0,-1.0,n/a,69.7,10.5,"flat_tail=2.8d, fcc_changes=124, tail_cyc=0.0, tail_ok[90/80]=0/0, unresp_complete[90/80]=0/0, large_gap[90/80]=0/0 -> FCC still updating / not a no-low-change candidate",,v2.0-final,v2.0-final,v2.0-final,ThinkPad P16s Gen 3,Sunwoda,5B11H56402
2026-06-03T16:38:27,NHEIDENFELD-CDY_nheidenfeldt,NORMAL_OR_RESPONDING,ACTION_NONE,high,NOT_NO_LOW_CHANGE_CANDIDATE,,,,,,False,False,False,False,False,29,6,6,116.0,7.816,69.7,371.05,25.0,69.7,0.0,1.0,100.0,99.0,0.8443,0,0,0,0,0,0,0,0,0,0,,,,0.0,-1.0,n/a,78.5,21.6,"flat_tail=69.7d, fcc_changes=29, tail_cyc=0.0, tail_ok[90/80]=0/0, unresp_complete[90/80]=0/0, large_gap[90/80]=0/0 -> FCC still updating / not a no-low-change candidate",,v2.0-final,v2.0-final,v2.0-final,ThinkPad X13 Gen 5,BYD,5B11M90051
2026-06-03T16:38:27,NICOLEX1CG12_nbaker,NORMAL_OR_RESPONDING,ACTION_NONE,high,NOT_NO_LOW_CHANGE_CANDIDATE,,,,,,False,False,False,False,False,130,22,21,112.069,41.504,0.4,313.22,116.0,0.4,0.0,46.0,100.0,54.0,0.8368,0,0,0,0,0,0,0,0,0,0,,,,0.0,-1.0,n/a,66.8,10.1,"flat_tail=0.4d, fcc_changes=130, tail_cyc=0.0, tail_ok[90/80]=0/0, unresp_complete[90/80]=0/0, large_gap[90/80]=0/0 -> FCC still updating / not a no-low-change candidate",,v2.0-final,v2.0-final,v2.0-final,ThinkPad X1 Carbon Gen 12,Celxpert,5B11H56384
2026-06-03T16:38:27,NILE_SVT,REVIEW_INSUFFICIENT_DATA,ACTION_COLLECT_MORE_DATA_OR_MANUAL_REVIEW,review,REVIEW_SHORT_OBS_ACTIVE_LIKE,,,REVIEW_SHORT_OBS_ACTIVE_LIKE,low,観測期間<120日でactive様（flat_tail<60）。経過観察で十分なことが多い。,False,False,False,False,False,6,0,0,42.857,9.234,0.9,64.98,14.0,0.9,0.0,44.0,100.0,56.0,0.3344,0,0,0,0,0,0,0,0,0,0,,,,0.0,-1.0,n/a,51.8,5.2,"obs_days=65.0, n_samples=658, quality=QUALITY_SHORT_OBS -> insufficient/uncertain data",観測期間・サンプル数・カウンタ整合性のいずれかが不足しており信頼できる判定ができません。review_priorityに従い追加データ収集または手動レビューを行ってください。,v2.0-final,v2.0-final,v2.0-final,ThinkPad X1 2-in-1 Gen 11,COSMX,5B11M90162
2026-06-03T16:38:27,NMARX-PF4DMZPC_nmarx,NORMAL_OR_RESPONDING,ACTION_NONE,high,NOT_NO_LOW_CHANGE_CANDIDATE,,,,,,False,False,False,False,False,14,14,14,48.276,9.516,17.9,147.12,29.0,17.9,4.0,2.0,100.0,98.0,0.6407,0,0,0,0,0,0,0,0,0,0,,,,0.0,-1.0,n/a,63.8,13.8,"flat_tail=17.9d, fcc_changes=14, tail_cyc=4.0, tail_ok[90/80]=0/0, unresp_complete[90/80]=0/0, large_gap[90/80]=0/0 -> FCC still updating / not a no-low-change candidate",,v2.0-final,v2.0-final,v2.0-final,ThinkPad T14s Gen 4,SMP,5B10W51875
2026-06-03T16:38:27,NMCKOY-PF5H0PJZ_nmckoy,NORMAL_OR_RESPONDING,ACTION_NONE,high,NOT_NO_LOW_CHANGE_CANDIDATE,,,,,,False,False,False,False,False,190,51,50,111.765,48.379,0.0,392.73,170.0,0.0,0.0,2.0,4.0,2.0,0.1611,0,0,0,0,0,0,0,0,0,0,,,,0.0,-1.0,n/a,69.3,10.0,"flat_tail=0.0d, fcc_changes=190, tail_cyc=0.0, tail_ok[90/80]=0/0, unresp_complete[90/80]=0/0, large_gap[90/80]=0/0 -> FCC still updating / not a no-low-change candidate",,v2.0-final,v2.0-final,v2.0-final,ThinkPad T14s Gen 6,ATL,5B11M90108
2026-06-03T16:38:27,NMMILLER-4T259L_nmmiller,NORMAL_OR_RESPONDING,ACTION_NONE,high,NOT_NO_LOW_CHANGE_CANDIDATE,,,,,,False,False,False,False,False,50,14,14,121.951,18.043,7.1,277.11,41.0,7.1,0.0,94.0,100.0,6.0,0.8015,0,0,0,0,0,0,0,0,0,0,,,,0.0,-1.0,n/a,69.2,11.2,"flat_tail=7.1d, fcc_changes=50, tail_cyc=0.0, tail_ok[90/80]=0/0, unresp_complete[90/80]=0/0, large_gap[90/80]=0/0 -> FCC still updating / not a no-low-change candidate",,v2.0-final,v2.0-final,v2.0-final,ThinkPad T14 Gen 5,Sunwoda,5B11H56418
2026-06-03T16:38:27,NMMILLER-577H4Q_nmmiller,NORMAL_OR_RESPONDING,ACTION_NONE,high,NOT_NO_LOW_CHANGE_CANDIDATE,,,,,,False,False,False,False,False,28,1,1,100.0,6.365,34.9,439.91,28.0,34.9,0.0,69.0,100.0,31.0,0.8988,0,0,0,0,0,0,0,0,0,0,,,,0.0,-1.0,n/a,73.8,15.8,"flat_tail=34.9d, fcc_changes=28, tail_cyc=0.0, tail_ok[90/80]=0/0, unresp_complete[90/80]=0/0, large_gap[90/80]=0/0 -> FCC still updating / not a no-low-change candidate",,v2.0-final,v2.0-final,v2.0-final,ThinkPad X1 Carbon Gen 13,BYD,5B11M90100
2026-06-03T16:38:27,NMMILLER-62XHX6_nmmiller,NORMAL_OR_RESPONDING,ACTION_NONE,high,NOT_NO_LOW_CHANGE_CANDIDATE,,,,,,False,False,False,False,False,9,1,1,100.0,7.318,0.1,122.99,9.0,0.1,0.0,78.0,100.0,22.0,0.7241,0,0,0,0,0,0,0,0,0,0,,,,0.0,-1.0,n/a,64.5,10.0,"flat_tail=0.1d, fcc_changes=9, tail_cyc=0.0, tail_ok[90/80]=0/0, unresp_complete[90/80]=0/0, large_gap[90/80]=0/0 -> FCC still updating / not a no-low-change candidate",,v2.0-final,v2.0-final,v2.0-final,ThinkPad T16 Gen 5,ATL,5B11M90172
2026-06-03T16:38:27,NORITY-PF3C8AE9_nority,WATCH_LOW_UPDATE_RATE_AMBIGUOUS,ACTION_MONITOR_OR_MANUAL_REVIEW,low,WATCH_OTHER_AMBIGUOUS,,WATCH_OTHER_AMBIGUOUS,,,,True,False,True,True,True,1,1,1,1.754,0.102,845.8,979.97,57.0,845.8,36.0,0.0,100.0,100.0,0.9363,1,15,16,0,6,6,1,0,0,0,0.093,0.0,-0.32,19.3,1.0,MIXED,55.2,68.2,"flat_tail=845.8d, fcc_changes=1, tail_cyc=36.0, tail_ok[90/80]=0/1, unresp_complete[90/80]=0/1, large_gap[90/80]=6/15 -> ambiguous (watch)",FCC更新率は低いが完全凍結ではない/学習機会がlarge-gapまたは打ち切りで確証が弱い/境界的のため、FW確認に回す前にモニタリングまたは手動レビューを推奨します。,v2.0-final,v2.0-final,v2.0-final,ThinkPad X1 Carbon Gen 9,SMP,5B10W13973
2026-06-03T16:38:27,NORITY-X1YOGA_nority,REVIEW_INSUFFICIENT_DATA,ACTION_COLLECT_MORE_DATA_OR_MANUAL_REVIEW,review,REVIEW_COUNTER_RESET,,,REVIEW_COUNTER_RESET,high,cycleCountが減少（カウンタリセット/パック異常疑い）。生ログ確認が必要。,True,True,True,True,True,0,0,0,0.0,0.0,1198.3,1198.29,181.0,1198.3,181.0,1.0,100.0,99.0,0.9245,0,18,18,0,11,11,0,0,0,0,,,,0.0,-1.0,n/a,49.8,40.0,"obs_days=1198.3, n_samples=19873, quality=QUALITY_COUNTER_RESET -> insufficient/uncertain data",観測期間・サンプル数・カウンタ整合性のいずれかが不足しており信頼できる判定ができません。review_priorityに従い追加データ収集または手動レビューを行ってください。,v2.0-final,v2.0-final,v2.0-final,ThinkPad X1 Yoga Gen 7,Sunwoda,5B10W13975
2026-06-03T16:38:27,NPATEL6-F4C403Q_npatel6,REVIEW_INSUFFICIENT_DATA,ACTION_COLLECT_MORE_DATA_OR_MANUAL_REVIEW,review,REVIEW_COUNTER_RESET,,,REVIEW_COUNTER_RESET,high,cycleCountが減少（カウンタリセット/パック異常疑い）。生ログ確認が必要。,False,False,False,False,False,556,427,155,136.275,56.201,1.1,989.3,408.0,1.1,0.0,50.0,100.0,50.0,0.0153,0,0,0,0,0,0,0,0,0,0,,,,0.0,-1.0,n/a,43.5,0.2,"obs_days=989.3, n_samples=14210, quality=QUALITY_COUNTER_RESET -> insufficient/uncertain data",観測期間・サンプル数・カウンタ整合性のいずれかが不足しており信頼できる判定ができません。review_priorityに従い追加データ収集または手動レビューを行ってください。,v2.0-final,v2.0-final,v2.0-final,ThinkPad P16v Gen 1,Celxpert,5B11H56374
2026-06-03T16:38:27,NPUTSALA-0A1Z31_nputsala,NORMAL_OR_RESPONDING,ACTION_NONE,high,NOT_NO_LOW_CHANGE_CANDIDATE,,,,,,False,False,False,False,False,36,24,18,48.0,8.366,6.3,430.29,75.0,6.3,0.0,49.0,65.0,16.0,0.9002,0,0,0,0,0,0,0,0,0,0,,,,0.0,-1.0,n/a,69.1,11.1,"flat_tail=6.3d, fcc_changes=36, tail_cyc=0.0, tail_ok[90/80]=0/0, unresp_complete[90/80]=0/0, large_gap[90/80]=0/0 -> FCC still updating / not a no-low-change candidate",,v2.0-final,v2.0-final,v2.0-final,ThinkPad L13 2-in-1 Gen 5,Sunwoda,5B11H56425
2026-06-03T16:38:27,OALI-PF5TMH9T_oali,NORMAL_OR_RESPONDING,ACTION_NONE,high,NOT_NO_LOW_CHANGE_CANDIDATE,,,,,,False,False,False,False,False,28,7,6,121.739,12.12,13.1,231.03,23.0,13.1,0.0,52.0,100.0,48.0,0.9345,0,0,0,0,0,0,0,0,0,0,,,,0.0,-1.0,n/a,70.9,12.2,"flat_tail=13.1d, fcc_changes=28, tail_cyc=0.0, tail_ok[90/80]=0/0, unresp_complete[90/80]=0/0, large_gap[90/80]=0/0 -> FCC still updating / not a no-low-change candidate",,v2.0-final,v2.0-final,v2.0-final,ThinkPad P16 Gen 3,SMP,5B11M90135
2026-06-03T16:38:27,OHSAWAAURA_e3158,NORMAL_OR_RESPONDING,ACTION_NONE,high,NOT_NO_LOW_CHANGE_CANDIDATE,,,,,,False,False,False,False,False,55,0,0,100.0,25.215,1.6,218.12,55.0,1.6,0.0,40.0,100.0,60.0,0.4336,0,0,0,0,0,0,0,0,0,0,,,,0.0,-1.0,n/a,58.9,10.3,"flat_tail=1.6d, fcc_changes=55, tail_cyc=0.0, tail_ok[90/80]=0/0, unresp_complete[90/80]=0/0, large_gap[90/80]=0/0 -> FCC still updating / not a no-low-change candidate",,v2.0-final,v2.0-final,v2.0-final,ThinkPad X1 Carbon Gen 13,Celxpert,5B11M90098
2026-06-03T16:38:27,OHSAWACONDOR4_ohsaw,NORMAL_OR_RESPONDING,ACTION_NONE,high,NOT_NO_LOW_CHANGE_CANDIDATE,,,,,,False,False,False,False,False,79,2,2,149.057,46.503,0.1,169.88,53.0,0.1,0.0,83.0,100.0,17.0,0.2349,0,0,0,0,0,0,0,0,0,0,,,,0.0,-1.0,n/a,64.3,10.0,"flat_tail=0.1d, fcc_changes=79, tail_cyc=0.0, tail_ok[90/80]=0/0, unresp_complete[90/80]=0/0, large_gap[90/80]=0/0 -> FCC still updating / not a no-low-change candidate",,v2.0-final,v2.0-final,v2.0-final,ThinkPad T14s Gen 6,SMP,LNV-5B11H56403
2026-06-03T16:38:27,OHSAWAEAGLE7_ohsaw,REVIEW_INSUFFICIENT_DATA,ACTION_COLLECT_MORE_DATA_OR_MANUAL_REVIEW,review,REVIEW_COUNTER_RESET,,,REVIEW_COUNTER_RESET,high,cycleCountが減少（カウンタリセット/パック異常疑い）。生ログ確認が必要。,False,False,False,False,False,91,42,21,53.846,19.616,1.0,463.91,169.0,1.0,0.0,65.0,99.0,34.0,0.4659,0,0,0,0,0,0,0,0,0,0,,,,0.0,-1.0,n/a,49.5,0.2,"obs_days=463.9, n_samples=9164, quality=QUALITY_COUNTER_RESET -> insufficient/uncertain data",観測期間・サンプル数・カウンタ整合性のいずれかが不足しており信頼できる判定ができません。review_priorityに従い追加データ収集または手動レビューを行ってください。,v2.0-final,v2.0-final,v2.0-final,ThinkPad X13s Gen 1,SMP,LNV-5B10W51878
2026-06-03T16:38:27,P1G7_SKU5,NORMAL_OR_RESPONDING,ACTION_NONE,high,NOT_NO_LOW_CHANGE_CANDIDATE,,,,,,False,False,False,False,False,76,0,0,89.412,13.845,56.8,548.92,85.0,56.8,0.0,53.0,90.0,37.0,0.9037,0,0,0,0,0,0,0,0,0,0,,,,0.0,-1.0,n/a,77.5,19.5,"flat_tail=56.8d, fcc_changes=76, tail_cyc=0.0, tail_ok[90/80]=0/0, unresp_complete[90/80]=0/0, large_gap[90/80]=0/0 -> FCC still updating / not a no-low-change candidate",,v2.0-final,v2.0-final,v2.0-final,ThinkPad P1 Gen 7,Sunwoda,5B11M37553
2026-06-03T16:38:27,P1G7_SVT,NORMAL_OR_RESPONDING,ACTION_NONE,high,NOT_NO_LOW_CHANGE_CANDIDATE,,,,,,False,False,False,False,False,53,5,5,106.0,12.227,1.3,433.48,50.0,1.3,0.0,65.0,99.0,34.0,0.9997,0,0,0,0,0,0,0,0,0,0,,,,0.0,-1.0,n/a,70.2,10.2,"flat_tail=1.3d, fcc_changes=53, tail_cyc=0.0, tail_ok[90/80]=0/0, unresp_complete[90/80]=0/0, large_gap[90/80]=0/0 -> FCC still updating / not a no-low-change candidate",,v2.0-final,v2.0-final,v2.0-final,ThinkPad P1 Gen 7,Celxpert,5B11M37552
2026-06-03T16:38:27,PANTHER3_SVT,WATCH_LOW_UPDATE_RATE_AMBIGUOUS,ACTION_MONITOR_OR_MANUAL_REVIEW,low,WATCH_POSSIBLE_OPPORTUNITY_WITH_LARGE_GAPS,,WATCH_POSSIBLE_OPPORTUNITY_WITH_LARGE_GAPS,,,,True,True,True,False,True,0,0,0,0.0,0.0,301.0,301.01,19.0,301.0,19.0,2.0,100.0,98.0,0.7453,0,2,2,0,1,1,0,0,0,0,,,,0.0,1.0,MIXED,68.7,43.8,"flat_tail=301.0d, fcc_changes=0, tail_cyc=19.0, tail_ok[90/80]=0/0, unresp_complete[90/80]=0/0, large_gap[90/80]=1/2 -> ambiguous (watch)",FCC更新率は低いが完全凍結ではない/学習機会がlarge-gapまたは打ち切りで確証が弱い/境界的のため、FW確認に回す前にモニタリングまたは手動レビューを推奨します。,v2.0-final,v2.0-final,v2.0-final,ThinkPad X1 Carbon Gen 11,SMP,5B10W13973
2026-06-03T16:38:27,PCHEN23-1000044_pchen23,REVIEW_INSUFFICIENT_DATA,ACTION_COLLECT_MORE_DATA_OR_MANUAL_REVIEW,review,REVIEW_SHORT_OBS_ACTIVE_LIKE,,,REVIEW_SHORT_OBS_ACTIVE_LIKE,low,観測期間<120日でactive様（flat_tail<60）。経過観察で十分なことが多い。,False,False,False,False,False,7,1,1,50.0,8.333,22.1,84.0,14.0,22.1,0.0,25.0,100.0,75.0,0.969,0,0,0,0,0,0,0,0,0,0,,,,0.0,-1.0,n/a,68.1,8.7,"obs_days=84.0, n_samples=2248, quality=QUALITY_SHORT_OBS -> insufficient/uncertain data",観測期間・サンプル数・カウンタ整合性のいずれかが不足しており信頼できる判定ができません。review_priorityに従い追加データ収集または手動レビューを行ってください。,v2.0-final,v2.0-final,v2.0-final,ThinkPad X13 Detachable Gen 1,BYD,5B11M90182
2026-06-03T16:38:27,PCHEN23-5000001_pchen23,REVIEW_INSUFFICIENT_DATA,ACTION_COLLECT_MORE_DATA_OR_MANUAL_REVIEW,review,REVIEW_SHORT_OBS_ACTIVE_LIKE,,,REVIEW_SHORT_OBS_ACTIVE_LIKE,low,観測期間<120日でactive様（flat_tail<60）。経過観察で十分なことが多い。,False,False,False,False,False,15,7,3,100.0,23.734,3.1,63.2,15.0,3.1,0.0,41.0,100.0,59.0,0.5869,0,0,0,0,0,0,0,0,0,0,,,,0.0,-1.0,n/a,57.3,5.5,"obs_days=63.2, n_samples=567, quality=QUALITY_SHORT_OBS -> insufficient/uncertain data",観測期間・サンプル数・カウンタ整合性のいずれかが不足しており信頼できる判定ができません。review_priorityに従い追加データ収集または手動レビューを行ってください。,v2.0-final,v2.0-final,v2.0-final,ThinkPad T14s Gen 6,SMP,LNV-5B11H56403
2026-06-03T16:38:27,PCHEN23-F4KXHBP_pchen23,REVIEW_INSUFFICIENT_DATA,ACTION_COLLECT_MORE_DATA_OR_MANUAL_REVIEW,review,REVIEW_SHORT_OBS_ACTIVE_LIKE,,,REVIEW_SHORT_OBS_ACTIVE_LIKE,low,観測期間<120日でactive様（flat_tail<60）。経過観察で十分なことが多い。,False,False,False,False,False,2,1,1,200.0,1.679,32.9,119.12,1.0,32.9,0.0,95.0,100.0,5.0,0.9732,0,0,0,0,0,0,0,0,0,0,,,,0.0,-1.0,n/a,69.9,10.5,"obs_days=119.1, n_samples=644, quality=QUALITY_SHORT_OBS -> insufficient/uncertain data",観測期間・サンプル数・カウンタ整合性のいずれかが不足しており信頼できる判定ができません。review_priorityに従い追加データ収集または手動レビューを行ってください。,v2.0-final,v2.0-final,v2.0-final,ThinkPad Z13 Gen 2,BYD,5B10W51883
2026-06-03T16:38:27,PCHEN23-F5FSWCG_pchen23,REVIEW_INSUFFICIENT_DATA,ACTION_COLLECT_MORE_DATA_OR_MANUAL_REVIEW,review,REVIEW_SHORT_OBS_ACTIVE_LIKE,,,REVIEW_SHORT_OBS_ACTIVE_LIKE,low,観測期間<120日でactive様（flat_tail<60）。経過観察で十分なことが多い。,False,False,False,False,False,45,19,19,121.622,37.569,0.9,119.78,37.0,0.9,0.0,40.0,100.0,60.0,0.1,0,0,0,0,0,0,0,0,0,0,,,,0.0,-1.0,n/a,47.1,5.2,"obs_days=119.8, n_samples=780, quality=QUALITY_SHORT_OBS -> insufficient/uncertain data",観測期間・サンプル数・カウンタ整合性のいずれかが不足しており信頼できる判定ができません。review_priorityに従い追加データ収集または手動レビューを行ってください。,v2.0-final,v2.0-final,v2.0-final,ThinkPad X1 2-in-1 Gen 10,Sunwoda,5B11M90099
2026-06-03T16:38:27,PCHEN23-W0ABC67_pchen23,REVIEW_INSUFFICIENT_DATA,ACTION_COLLECT_MORE_DATA_OR_MANUAL_REVIEW,review,REVIEW_SHORT_OBS_ACTIVE_LIKE,,,REVIEW_SHORT_OBS_ACTIVE_LIKE,low,観測期間<120日でactive様（flat_tail<60）。経過観察で十分なことが多い。,False,False,False,False,False,30,20,16,200.0,75.969,0.0,39.49,15.0,0.0,0.0,95.0,95.0,0.0,,0,0,0,0,0,0,0,0,0,0,,,,0.0,-1.0,n/a,65.0,5.0,"obs_days=39.5, n_samples=576, quality=QUALITY_SHORT_OBS -> insufficient/uncertain data",観測期間・サンプル数・カウンタ整合性のいずれかが不足しており信頼できる判定ができません。review_priorityに従い追加データ収集または手動レビューを行ってください。,v2.0-final,v2.0-final,v2.0-final,ThinkPad X12 Detachable Gen 2,Celxpert,5B11M90067
2026-06-03T16:38:27,PEGGY_2,REVIEW_INSUFFICIENT_DATA,ACTION_COLLECT_MORE_DATA_OR_MANUAL_REVIEW,review,REVIEW_SHORT_OBS_ACTIVE_LIKE,,,REVIEW_SHORT_OBS_ACTIVE_LIKE,low,観測期間<120日でactive様（flat_tail<60）。経過観察で十分なことが多い。,False,False,False,False,False,10,2,2,111.111,9.463,29.7,105.68,9.0,29.7,0.0,72.0,100.0,28.0,0.0335,0,0,0,0,0,0,0,0,0,0,,,,0.0,-1.0,n/a,60.6,9.9,"obs_days=105.7, n_samples=772, quality=QUALITY_SHORT_OBS -> insufficient/uncertain data",観測期間・サンプル数・カウンタ整合性のいずれかが不足しており信頼できる判定ができません。review_priorityに従い追加データ収集または手動レビューを行ってください。,v2.0-final,v2.0-final,v2.0-final,ThinkPad Z13 Gen 2,BYD,5B10W51883
2026-06-03T16:38:27,PETER_pchen23,REVIEW_INSUFFICIENT_DATA,ACTION_COLLECT_MORE_DATA_OR_MANUAL_REVIEW,review,REVIEW_SHORT_OBS_ACTIVE_LIKE,,,REVIEW_SHORT_OBS_ACTIVE_LIKE,low,観測期間<120日でactive様（flat_tail<60）。経過観察で十分なことが多い。,False,False,False,False,False,14,2,2,66.667,22.486,1.0,62.26,21.0,1.0,0.0,7.0,98.0,91.0,0.1287,0,0,0,0,0,0,0,0,0,0,,,,0.0,-1.0,n/a,47.7,5.2,"obs_days=62.3, n_samples=558, quality=QUALITY_SHORT_OBS -> insufficient/uncertain data",観測期間・サンプル数・カウンタ整合性のいずれかが不足しており信頼できる判定ができません。review_priorityに従い追加データ収集または手動レビューを行ってください。,v2.0-final,v2.0-final,v2.0-final,ThinkPad X1 2-in-1 Gen 11,COSMX,5B11M90162
2026-06-03T16:38:27,PF3KG4XY_TP-Telemetry,ACTIONABLE_GAUGE_RESET_INSUFFICIENT_LEARNING_OPPORTUNITY,ACTION_GAUGE_RESET,high,GAUGE_HIGH_NO_OPPORTUNITY,NO_OPPORTUNITY_AC_BOUND;NO_OPPORTUNITY_LOW_CYCLING,,,,,True,True,False,False,False,0,0,0,0.0,0.0,173.8,173.84,3.0,173.8,3.0,6.0,100.0,94.0,0.9792,0,0,0,0,0,0,0,0,0,0,,,,0.0,1.0,MIXED,97.1,39.6,"flat_tail=173.8d, fcc_changes=0, tail_cyc=3.0, tail_ok[90/80]=0/0, unresp_complete[90/80]=0/0, large_gap[90/80]=0/0, ac=0.98, min_rsoc=6.0 -> insufficient learning opportunity",FCC/SoHが長期間更新されておらず、ログ上は深い放電→再充電の学習機会が十分に確認できません（OK品質の機会が無く、large-gapを含めても判定可能な機会がない）。安全な環境でOEM推奨のバッテリーゲージリセット/キャリブレーションを実施し、その後72h〜7日間のテレメトリでFCC更新有無を確認してください。,v2.0-final,v2.0-final,v2.0-final,ThinkPad X1 Carbon Gen 10,Sunwoda,5B10W13975
2026-06-03T16:38:27,PF3MBEZV_TP-Telemetry,REVIEW_INSUFFICIENT_DATA,ACTION_COLLECT_MORE_DATA_OR_MANUAL_REVIEW,review,REVIEW_SHORT_OBS_ACTIVE_LIKE,,,REVIEW_SHORT_OBS_ACTIVE_LIKE,low,観測期間<120日でactive様（flat_tail<60）。経過観察で十分なことが多い。,False,False,False,False,False,0,0,0,0.0,0.0,26.0,26.04,3.0,26.0,3.0,2.0,100.0,98.0,0.9136,0,2,2,0,2,2,0,0,0,0,,,,0.0,-1.0,n/a,49.4,9.9,"obs_days=26.0, n_samples=257, quality=QUALITY_SHORT_OBS -> insufficient/uncertain data",観測期間・サンプル数・カウンタ整合性のいずれかが不足しており信頼できる判定ができません。review_priorityに従い追加データ収集または手動レビューを行ってください。,v2.0-final,v2.0-final,v2.0-final,ThinkPad X1 Carbon Gen 10,Sunwoda,5B10W13975
2026-06-03T16:38:27,PF3MBQME_TP-Telemetry,REVIEW_INSUFFICIENT_DATA,ACTION_COLLECT_MORE_DATA_OR_MANUAL_REVIEW,review,REVIEW_SHORT_OBS_STALE_OR_VERY_STALE,,,REVIEW_SHORT_OBS_STALE_OR_VERY_STALE,high,観測期間<120日だがflat_tail>=60日（stale様）。優先的に追加観測。,False,False,False,False,False,1,0,0,100.0,0.909,109.4,110.01,1.0,109.4,1.0,76.0,100.0,24.0,0.9764,0,0,0,0,0,0,0,0,0,0,,,,0.0,-1.0,n/a,82.3,23.4,"obs_days=110.0, n_samples=510, quality=QUALITY_SHORT_OBS -> insufficient/uncertain data",観測期間・サンプル数・カウンタ整合性のいずれかが不足しており信頼できる判定ができません。review_priorityに従い追加データ収集または手動レビューを行ってください。,v2.0-final,v2.0-final,v2.0-final,ThinkPad X1 Carbon Gen 10,SMP,5B10W13973
2026-06-03T16:38:27,PF3MC003_TP-Telemetry,REVIEW_INSUFFICIENT_DATA,ACTION_COLLECT_MORE_DATA_OR_MANUAL_REVIEW,review,REVIEW_SHORT_OBS_STALE_OR_VERY_STALE,,,REVIEW_SHORT_OBS_STALE_OR_VERY_STALE,high,観測期間<120日だがflat_tail>=60日（stale様）。優先的に追加観測。,False,False,False,False,False,2,1,1,100.0,2.635,73.2,75.89,2.0,73.2,1.0,39.0,100.0,61.0,0.9205,0,0,0,0,0,0,0,0,0,0,,,,0.0,-1.0,n/a,75.1,17.4,"obs_days=75.9, n_samples=381, quality=QUALITY_SHORT_OBS -> insufficient/uncertain data",観測期間・サンプル数・カウンタ整合性のいずれかが不足しており信頼できる判定ができません。review_priorityに従い追加データ収集または手動レビューを行ってください。,v2.0-final,v2.0-final,v2.0-final,ThinkPad X1 Yoga Gen 7,Celxpert,5B10W13974
2026-06-03T16:38:27,PF3MC0GA_TP-Telemetry,ACTIONABLE_GAUGE_RESET_INSUFFICIENT_LEARNING_OPPORTUNITY,ACTION_GAUGE_RESET,high,GAUGE_HIGH_NO_OPPORTUNITY,NO_OPPORTUNITY_AC_BOUND;NO_OPPORTUNITY_LOW_CYCLING;NO_OPPORTUNITY_SHALLOW_RANGE,,,,,True,True,False,False,False,0,0,0,0.0,0.0,140.3,140.28,1.0,140.3,1.0,75.0,100.0,25.0,0.9713,0,0,0,0,0,0,0,0,0,0,,,,0.0,0.0,AC_BOUND+SHALLOW_RANGE+LOW_CYCLING,92.3,33.6,"flat_tail=140.3d, fcc_changes=0, tail_cyc=1.0, tail_ok[90/80]=0/0, unresp_complete[90/80]=0/0, large_gap[90/80]=0/0, ac=0.97, min_rsoc=75.0 -> insufficient learning opportunity",FCC/SoHが長期間更新されておらず、ログ上は深い放電→再充電の学習機会が十分に確認できません（OK品質の機会が無く、large-gapを含めても判定可能な機会がない）。安全な環境でOEM推奨のバッテリーゲージリセット/キャリブレーションを実施し、その後72h〜7日間のテレメトリでFCC更新有無を確認してください。,v2.0-final,v2.0-final,v2.0-final,ThinkPad X1 Carbon Gen 10,SMP,5B10W13973
2026-06-03T16:38:27,PF3MDFBG_TP-Telemetry,REVIEW_INSUFFICIENT_DATA,ACTION_COLLECT_MORE_DATA_OR_MANUAL_REVIEW,review,REVIEW_SHORT_OBS_ACTIVE_LIKE,,,REVIEW_SHORT_OBS_ACTIVE_LIKE,low,観測期間<120日でactive様（flat_tail<60）。経過観察で十分なことが多い。,False,False,False,False,False,0,0,0,0.0,0.0,55.8,55.79,0.0,55.8,0.0,62.0,100.0,38.0,0.9768,0,0,0,0,0,0,0,0,0,0,,,,0.0,-1.0,n/a,73.8,14.3,"obs_days=55.8, n_samples=327, quality=QUALITY_SHORT_OBS -> insufficient/uncertain data",観測期間・サンプル数・カウンタ整合性のいずれかが不足しており信頼できる判定ができません。review_priorityに従い追加データ収集または手動レビューを行ってください。,v2.0-final,v2.0-final,v2.0-final,ThinkPad X1 Yoga Gen 7,Sunwoda,5B10W13975
2026-06-03T16:38:27,PF3MDFJC_TP-Telemetry,ACTIONABLE_GAUGE_RESET_INSUFFICIENT_LEARNING_OPPORTUNITY,ACTION_GAUGE_RESET,high,GAUGE_HIGH_NO_OPPORTUNITY,NO_OPPORTUNITY_AC_BOUND;NO_OPPORTUNITY_LOW_CYCLING,,,,,True,True,False,False,False,0,0,0,0.0,0.0,123.9,123.9,2.0,123.9,2.0,3.0,100.0,97.0,0.971,0,0,0,0,0,0,0,0,0,0,,,,0.0,1.0,MIXED,89.1,31.1,"flat_tail=123.9d, fcc_changes=0, tail_cyc=2.0, tail_ok[90/80]=0/0, unresp_complete[90/80]=0/0, large_gap[90/80]=0/0, ac=0.97, min_rsoc=3.0 -> insufficient learning opportunity",FCC/SoHが長期間更新されておらず、ログ上は深い放電→再充電の学習機会が十分に確認できません（OK品質の機会が無く、large-gapを含めても判定可能な機会がない）。安全な環境でOEM推奨のバッテリーゲージリセット/キャリブレーションを実施し、その後72h〜7日間のテレメトリでFCC更新有無を確認してください。,v2.0-final,v2.0-final,v2.0-final,ThinkPad X1 Carbon Gen 10,SMP,5B10W13973
2026-06-03T16:38:27,PF3MDXHT_TP-Telemetry,REVIEW_INSUFFICIENT_DATA,ACTION_COLLECT_MORE_DATA_OR_MANUAL_REVIEW,review,REVIEW_SHORT_OBS_STALE_OR_VERY_STALE,,,REVIEW_SHORT_OBS_STALE_OR_VERY_STALE,high,観測期間<120日だがflat_tail>=60日（stale様）。優先的に追加観測。,False,False,False,False,False,1,1,1,100.0,0.902,104.0,110.88,1.0,104.0,1.0,68.0,100.0,32.0,0.9709,0,0,0,0,0,0,0,0,0,0,,,,0.0,-1.0,n/a,81.3,22.5,"obs_days=110.9, n_samples=694, quality=QUALITY_SHORT_OBS -> insufficient/uncertain data",観測期間・サンプル数・カウンタ整合性のいずれかが不足しており信頼できる判定ができません。review_priorityに従い追加データ収集または手動レビューを行ってください。,v2.0-final,v2.0-final,v2.0-final,ThinkPad X1 Carbon Gen 10,SMP,5B10W13973
2026-06-03T16:38:27,PF3MF7LQ_TP-Telemetry,REVIEW_INSUFFICIENT_DATA,ACTION_COLLECT_MORE_DATA_OR_MANUAL_REVIEW,review,REVIEW_SHORT_OBS_ACTIVE_LIKE,,,REVIEW_SHORT_OBS_ACTIVE_LIKE,low,観測期間<120日でactive様（flat_tail<60）。経過観察で十分なことが多い。,False,False,False,False,False,1,0,0,100.0,4.131,24.1,24.21,1.0,24.1,0.0,63.0,100.0,37.0,0.9472,0,0,0,0,0,0,0,0,0,0,,,,0.0,-1.0,n/a,68.0,9.0,"obs_days=24.2, n_samples=234, quality=QUALITY_SHORT_OBS -> insufficient/uncertain data",観測期間・サンプル数・カウンタ整合性のいずれかが不足しており信頼できる判定ができません。review_priorityに従い追加データ収集または手動レビューを行ってください。,v2.0-final,v2.0-final,v2.0-final,ThinkPad X1 Carbon Gen 10,SMP,5B10W13973
2026-06-03T16:38:27,PF3QE5N0_TP-Telemetry,REVIEW_INSUFFICIENT_DATA,ACTION_COLLECT_MORE_DATA_OR_MANUAL_REVIEW,review,REVIEW_SHORT_OBS_ACTIVE_LIKE,,,REVIEW_SHORT_OBS_ACTIVE_LIKE,low,観測期間<120日でactive様（flat_tail<60）。経過観察で十分なことが多い。,False,False,False,False,False,0,0,0,0.0,0.0,26.2,26.18,3.0,26.2,3.0,2.0,100.0,98.0,0.9768,0,1,1,0,0,0,0,0,0,0,,,,0.0,-1.0,n/a,54.9,10.0,"obs_days=26.2, n_samples=270, quality=QUALITY_SHORT_OBS -> insufficient/uncertain data",観測期間・サンプル数・カウンタ整合性のいずれかが不足しており信頼できる判定ができません。review_priorityに従い追加データ収集または手動レビューを行ってください。,v2.0-final,v2.0-final,v2.0-final,ThinkPad X1 Yoga Gen 7,Sunwoda,5B10W13975
2026-06-03T16:38:27,PF6299VT_LIP,REVIEW_INSUFFICIENT_DATA,ACTION_COLLECT_MORE_DATA_OR_MANUAL_REVIEW,review,REVIEW_SHORT_OBS_ACTIVE_LIKE,,,REVIEW_SHORT_OBS_ACTIVE_LIKE,low,観測期間<120日でactive様（flat_tail<60）。経過観察で十分なことが多い。,False,False,False,False,False,3,0,0,100.0,5.733,8.8,52.33,3.0,8.8,0.0,95.0,100.0,5.0,1.0,0,0,0,0,0,0,0,0,0,0,,,,0.0,-1.0,n/a,66.5,6.5,"obs_days=52.3, n_samples=2009, quality=QUALITY_SHORT_OBS -> insufficient/uncertain data",観測期間・サンプル数・カウンタ整合性のいずれかが不足しており信頼できる判定ができません。review_priorityに従い追加データ収集または手動レビューを行ってください。,v2.0-final,v2.0-final,v2.0-final,ThinkPad X1 2-in-1 Gen 11,SMP,5B11M90163
2026-06-03T16:38:27,PF62AGYW_LIP,REVIEW_INSUFFICIENT_DATA,ACTION_COLLECT_MORE_DATA_OR_MANUAL_REVIEW,review,REVIEW_SHORT_OBS_ACTIVE_LIKE,,,REVIEW_SHORT_OBS_ACTIVE_LIKE,low,観測期間<120日でactive様（flat_tail<60）。経過観察で十分なことが多い。,False,False,False,False,False,11,0,0,84.615,10.525,18.7,104.51,13.0,18.7,2.0,93.0,100.0,7.0,0.9935,0,0,0,0,0,0,0,0,0,0,,,,0.0,-1.0,n/a,67.0,8.5,"obs_days=104.5, n_samples=4201, quality=QUALITY_SHORT_OBS -> insufficient/uncertain data",観測期間・サンプル数・カウンタ整合性のいずれかが不足しており信頼できる判定ができません。review_priorityに従い追加データ収集または手動レビューを行ってください。,v2.0-final,v2.0-final,v2.0-final,ThinkPad X1 2-in-1 Gen 11,SMP,5B11M90163
2026-06-03T16:38:27,PF62AL6S_LIP,REVIEW_INSUFFICIENT_DATA,ACTION_COLLECT_MORE_DATA_OR_MANUAL_REVIEW,review,REVIEW_SHORT_OBS_ACTIVE_LIKE,,,REVIEW_SHORT_OBS_ACTIVE_LIKE,low,観測期間<120日でactive様（flat_tail<60）。経過観察で十分なことが多い。,False,False,False,False,False,2,0,0,66.667,1.942,42.7,103.01,3.0,42.7,1.0,83.0,100.0,17.0,0.9888,0,0,0,0,0,0,0,0,0,0,,,,0.0,-1.0,n/a,71.4,12.3,"obs_days=103.0, n_samples=4165, quality=QUALITY_SHORT_OBS -> insufficient/uncertain data",観測期間・サンプル数・カウンタ整合性のいずれかが不足しており信頼できる判定ができません。review_priorityに従い追加データ収集または手動レビューを行ってください。,v2.0-final,v2.0-final,v2.0-final,ThinkPad X1 2-in-1 Gen 11,COSMX,5B11M90162
2026-06-03T16:38:27,PF62APQP_LIP,REVIEW_INSUFFICIENT_DATA,ACTION_COLLECT_MORE_DATA_OR_MANUAL_REVIEW,review,REVIEW_SHORT_OBS_ACTIVE_LIKE,,,REVIEW_SHORT_OBS_ACTIVE_LIKE,low,観測期間<120日でactive様（flat_tail<60）。経過観察で十分なことが多い。,False,False,False,False,False,0,0,0,0.0,0.0,52.3,52.34,1.0,52.3,1.0,48.0,100.0,52.0,0.9928,0,0,0,0,0,0,0,0,0,0,,,,0.0,-1.0,n/a,73.1,13.9,"obs_days=52.3, n_samples=2009, quality=QUALITY_SHORT_OBS -> insufficient/uncertain data",観測期間・サンプル数・カウンタ整合性のいずれかが不足しており信頼できる判定ができません。review_priorityに従い追加データ収集または手動レビューを行ってください。,v2.0-final,v2.0-final,v2.0-final,ThinkPad X1 2-in-1 Gen 11,COSMX,5B11M90162
2026-06-03T16:38:27,PF62APRB_LIP,REVIEW_INSUFFICIENT_DATA,ACTION_COLLECT_MORE_DATA_OR_MANUAL_REVIEW,review,REVIEW_SHORT_OBS_ACTIVE_LIKE,,,REVIEW_SHORT_OBS_ACTIVE_LIKE,low,観測期間<120日でactive様（flat_tail<60）。経過観察で十分なことが多い。,False,False,False,False,False,3,2,2,150.0,2.89,9.2,103.79,2.0,9.2,0.0,95.0,100.0,5.0,1.0,0,0,0,0,0,0,0,0,0,0,,,,0.0,-1.0,n/a,66.5,6.5,"obs_days=103.8, n_samples=4168, quality=QUALITY_SHORT_OBS -> insufficient/uncertain data",観測期間・サンプル数・カウンタ整合性のいずれかが不足しており信頼できる判定ができません。review_priorityに従い追加データ収集または手動レビューを行ってください。,v2.0-final,v2.0-final,v2.0-final,ThinkPad X1 2-in-1 Gen 11,COSMX,5B11M90162
2026-06-03T16:38:27,PHAYES-PF4H9L6S_PHAYES,NORMAL_OR_RESPONDING,ACTION_NONE,high,NOT_NO_LOW_CHANGE_CANDIDATE,,,,,,False,False,False,False,False,1,1,1,2.5,0.571,163.6,175.13,40.0,163.6,40.0,19.0,100.0,81.0,0.8065,0,0,0,0,0,0,0,0,0,0,,,,0.0,-1.0,n/a,78.4,45.3,"flat_tail=163.6d, fcc_changes=1, tail_cyc=40.0, tail_ok[90/80]=0/0, unresp_complete[90/80]=0/0, large_gap[90/80]=0/0 -> FCC still updating / not a no-low-change candidate",,v2.0-final,v2.0-final,v2.0-final,ThinkPad T14 Gen 4,LG,5B10W51863
2026-06-03T16:38:27,PHAYES-PF62TDKH_PHAYES,NORMAL_OR_RESPONDING,ACTION_NONE,high,NOT_NO_LOW_CHANGE_CANDIDATE,,,,,,False,False,False,False,False,10,0,0,83.333,7.509,2.9,133.18,12.0,2.9,0.0,82.0,100.0,18.0,0.7442,0,0,0,0,0,0,0,0,0,0,,,,0.0,-1.0,n/a,65.4,10.5,"flat_tail=2.9d, fcc_changes=10, tail_cyc=0.0, tail_ok[90/80]=0/0, unresp_complete[90/80]=0/0, large_gap[90/80]=0/0 -> FCC still updating / not a no-low-change candidate",,v2.0-final,v2.0-final,v2.0-final,ThinkPad T14 Gen 7,Celxpert,5B11M90174
2026-06-03T16:38:27,PHIL_pjjakes,NORMAL_OR_RESPONDING,ACTION_NONE,high,NOT_NO_LOW_CHANGE_CANDIDATE,,,,,,False,False,False,False,False,84,13,8,115.068,28.653,0.0,293.16,73.0,0.0,0.0,99.0,99.0,0.0,,0,0,0,0,0,0,0,0,0,0,,,,0.0,-1.0,n/a,70.0,10.0,"flat_tail=0.0d, fcc_changes=84, tail_cyc=0.0, tail_ok[90/80]=0/0, unresp_complete[90/80]=0/0, large_gap[90/80]=0/0 -> FCC still updating / not a no-low-change candidate",,v2.0-final,v2.0-final,v2.0-final,ThinkPad T14s Gen 6,SMP,LNV-5B11H56403
2026-06-03T16:38:27,PHIL_pweinstein,NORMAL_OR_RESPONDING,ACTION_NONE,high,NOT_NO_LOW_CHANGE_CANDIDATE,,,,,,False,False,False,False,False,110,31,30,130.952,28.571,0.0,385.0,84.0,0.0,0.0,100.0,100.0,0.0,1.0,0,0,0,0,0,0,0,0,0,0,,,,0.0,-1.0,n/a,70.0,10.0,"flat_tail=0.0d, fcc_changes=110, tail_cyc=0.0, tail_ok[90/80]=0/0, unresp_complete[90/80]=0/0, large_gap[90/80]=0/0 -> FCC still updating / not a no-low-change candidate",,v2.0-final,v2.0-final,v2.0-final,ThinkPad T14 Gen 6,Sunwoda,5B11M90127
2026-06-03T16:38:27,PHOULBROOKE-DFV_phoulbrooke,REVIEW_INSUFFICIENT_DATA,ACTION_COLLECT_MORE_DATA_OR_MANUAL_REVIEW,review,REVIEW_SHORT_OBS_ACTIVE_LIKE,,,REVIEW_SHORT_OBS_ACTIVE_LIKE,low,観測期間<120日でactive様（flat_tail<60）。経過観察で十分なことが多い。,False,False,False,False,False,1,0,0,100.0,3.412,17.4,29.31,1.0,17.4,0.0,94.0,100.0,6.0,0.9575,0,0,0,0,0,0,0,0,0,0,,,,0.0,-1.0,n/a,67.0,7.9,"obs_days=29.3, n_samples=923, quality=QUALITY_SHORT_OBS -> insufficient/uncertain data",観測期間・サンプル数・カウンタ整合性のいずれかが不足しており信頼できる判定ができません。review_priorityに従い追加データ収集または手動レビューを行ってください。,v2.0-final,v2.0-final,v2.0-final,ThinkPad P14s Gen 7 AMD,BYD,5B11M90171
2026-06-03T16:38:27,PHOVEY-PW0KPSPG_phovey,NORMAL_OR_RESPONDING,ACTION_NONE,high,NOT_NO_LOW_CHANGE_CANDIDATE,,,,,,False,False,False,False,False,15,3,3,125.0,6.276,6.1,239.0,12.0,6.1,0.0,61.0,100.0,39.0,1.0,0,0,0,0,0,0,0,0,0,0,,,,0.0,-1.0,n/a,71.0,11.0,"flat_tail=6.1d, fcc_changes=15, tail_cyc=0.0, tail_ok[90/80]=0/0, unresp_complete[90/80]=0/0, large_gap[90/80]=0/0 -> FCC still updating / not a no-low-change candidate",,v2.0-final,v2.0-final,v2.0-final,ThinkPad T1g Gen 8,Sunwoda,5B11M37553
2026-06-03T16:38:27,PJJAKES-F3SKNHW_pjjakes,NORMAL_OR_RESPONDING,ACTION_NONE,high,NOT_NO_LOW_CHANGE_CANDIDATE,,,,,,False,False,False,False,False,7,7,7,13.208,4.369,2.3,160.22,53.0,2.3,2.0,37.0,100.0,63.0,0.365,0,0,0,0,0,0,0,0,0,0,,,,0.0,-1.0,n/a,56.7,10.8,"flat_tail=2.3d, fcc_changes=7, tail_cyc=2.0, tail_ok[90/80]=0/0, unresp_complete[90/80]=0/0, large_gap[90/80]=0/0 -> FCC still updating / not a no-low-change candidate",,v2.0-final,v2.0-final,v2.0-final,ThinkPad P16v Gen 1,SMP,5B11H56373
2026-06-03T16:38:27,PJJAKES-F4QW4SK_pjjakes,NORMAL_OR_RESPONDING,ACTION_NONE,high,NOT_NO_LOW_CHANGE_CANDIDATE,,,,,,False,False,False,False,False,145,42,41,121.849,19.406,12.8,747.21,119.0,12.8,0.0,63.0,76.0,13.0,0.8763,0,0,0,0,0,0,0,0,0,0,,,,0.0,-1.0,n/a,69.7,12.1,"flat_tail=12.8d, fcc_changes=145, tail_cyc=0.0, tail_ok[90/80]=0/0, unresp_complete[90/80]=0/0, large_gap[90/80]=0/0 -> FCC still updating / not a no-low-change candidate",,v2.0-final,v2.0-final,v2.0-final,ThinkPad X1 2-in-1 Gen 9,BYD,5B11H56386
2026-06-03T16:38:27,PJJAKES-F5B1GVP_pjjakes,REVIEW_INSUFFICIENT_DATA,ACTION_COLLECT_MORE_DATA_OR_MANUAL_REVIEW,review,REVIEW_SHORT_OBS_ACTIVE_LIKE,,,REVIEW_SHORT_OBS_ACTIVE_LIKE,low,観測期間<120日でactive様（flat_tail<60）。経過観察で十分なことが多い。,False,False,False,False,False,0,0,0,0.0,0.0,39.9,39.87,9.0,39.9,9.0,27.0,100.0,73.0,0.3433,0,0,0,0,0,0,0,0,0,0,,,,0.0,-1.0,n/a,54.0,13.4,"obs_days=39.9, n_samples=267, quality=QUALITY_SHORT_OBS -> insufficient/uncertain data",観測期間・サンプル数・カウンタ整合性のいずれかが不足しており信頼できる判定ができません。review_priorityに従い追加データ収集または手動レビューを行ってください。,v2.0-final,v2.0-final,v2.0-final,ThinkPad X9-15 Gen 1,BYD,L24B4PE2
2026-06-03T16:38:27,PJJAKES-F5HTSDQ_pjjakes,NORMAL_OR_RESPONDING,ACTION_NONE,high,NOT_NO_LOW_CHANGE_CANDIDATE,,,,,,False,False,False,False,False,123,30,30,113.889,34.47,0.0,356.83,108.0,0.0,0.0,74.0,79.0,5.0,1.0,0,0,0,0,0,0,0,0,0,0,,,,0.0,-1.0,n/a,70.0,10.0,"flat_tail=0.0d, fcc_changes=123, tail_cyc=0.0, tail_ok[90/80]=0/0, unresp_complete[90/80]=0/0, large_gap[90/80]=0/0 -> FCC still updating / not a no-low-change candidate",,v2.0-final,v2.0-final,v2.0-final,ThinkPad T14s 2-in-1 Gen 1,Celxpert,5B11M90106
2026-06-03T16:38:27,PJJAKES-F63ATFB_X1,REVIEW_INSUFFICIENT_DATA,ACTION_COLLECT_MORE_DATA_OR_MANUAL_REVIEW,review,REVIEW_SHORT_OBS_ACTIVE_LIKE,,,REVIEW_SHORT_OBS_ACTIVE_LIKE,low,観測期間<120日でactive様（flat_tail<60）。経過観察で十分なことが多い。,False,False,False,False,False,17,4,3,73.913,49.621,0.3,34.26,23.0,0.3,0.0,45.0,100.0,55.0,0.384,0,0,0,0,0,0,0,0,0,0,,,,0.0,-1.0,n/a,52.7,5.0,"obs_days=34.3, n_samples=543, quality=QUALITY_SHORT_OBS -> insufficient/uncertain data",観測期間・サンプル数・カウンタ整合性のいずれかが不足しており信頼できる判定ができません。review_priorityに従い追加データ収集または手動レビューを行ってください。,v2.0-final,v2.0-final,v2.0-final,ThinkPad X1 Carbon Gen 14,ATL,5B11M90161
2026-06-03T16:38:27,PJJAKES-F63ATFB_pjjakes,REVIEW_INSUFFICIENT_DATA,ACTION_COLLECT_MORE_DATA_OR_MANUAL_REVIEW,review,REVIEW_SHORT_OBS_ACTIVE_LIKE,,,REVIEW_SHORT_OBS_ACTIVE_LIKE,low,観測期間<120日でactive様（flat_tail<60）。経過観察で十分なことが多い。,False,False,False,False,False,8,2,2,53.333,37.843,0.2,21.14,15.0,0.2,0.0,63.0,100.0,37.0,0.258,0,0,0,0,0,0,0,0,0,0,,,,0.0,-1.0,n/a,52.7,5.0,"obs_days=21.1, n_samples=342, quality=QUALITY_SHORT_OBS -> insufficient/uncertain data",観測期間・サンプル数・カウンタ整合性のいずれかが不足しており信頼できる判定ができません。review_priorityに従い追加データ収集または手動レビューを行ってください。,v2.0-final,v2.0-final,v2.0-final,ThinkPad X1 Carbon Gen 14,ATL,5B11M90161
2026-06-03T16:38:27,PJJAKES-W0C7DHV_pjjakes,REVIEW_INSUFFICIENT_DATA,ACTION_COLLECT_MORE_DATA_OR_MANUAL_REVIEW,review,REVIEW_SHORT_OBS_ACTIVE_LIKE,,,REVIEW_SHORT_OBS_ACTIVE_LIKE,low,観測期間<120日でactive様（flat_tail<60）。経過観察で十分なことが多い。,False,False,False,False,False,43,9,6,84.314,47.635,1.1,90.27,51.0,1.1,1.0,49.0,100.0,51.0,0.4446,0,0,0,0,0,0,0,0,0,0,,,,0.0,-1.0,n/a,53.6,5.4,"obs_days=90.3, n_samples=1711, quality=QUALITY_SHORT_OBS -> insufficient/uncertain data",観測期間・サンプル数・カウンタ整合性のいずれかが不足しており信頼できる判定ができません。review_priorityに従い追加データ収集または手動レビューを行ってください。,v2.0-final,v2.0-final,v2.0-final,ThinkPad T14s Gen 6,SMP,LNV-5B11H56403
2026-06-03T16:38:27,PMCINNIS-09S0XG_pmcinnis,NORMAL_OR_RESPONDING,ACTION_NONE,high,NOT_NO_LOW_CHANGE_CANDIDATE,,,,,,False,False,False,False,False,212,53,52,121.143,36.719,89.7,577.35,175.0,89.7,0.0,26.0,99.0,73.0,0.7146,0,0,0,0,0,0,0,0,0,0,,,,0.0,-1.0,n/a,79.2,25.0,"flat_tail=89.7d, fcc_changes=212, tail_cyc=0.0, tail_ok[90/80]=0/0, unresp_complete[90/80]=0/0, large_gap[90/80]=0/0 -> FCC still updating / not a no-low-change candidate",,v2.0-final,v2.0-final,v2.0-final,ThinkPad L14 Gen 5,Sunwoda,5B11H56397
2026-06-03T16:38:27,PPOOJA-PW0C7CJW_ppooja,REVIEW_INSUFFICIENT_DATA,ACTION_COLLECT_MORE_DATA_OR_MANUAL_REVIEW,review,REVIEW_SHORT_OBS_ACTIVE_LIKE,,,REVIEW_SHORT_OBS_ACTIVE_LIKE,low,観測期間<120日でactive様（flat_tail<60）。経過観察で十分なことが多い。,False,False,False,False,False,24,20,12,72.727,21.848,3.5,109.85,33.0,3.5,0.0,18.0,100.0,82.0,0.3265,0,0,0,0,0,0,0,0,0,0,,,,0.0,-1.0,n/a,52.1,5.6,"obs_days=109.8, n_samples=1029, quality=QUALITY_SHORT_OBS -> insufficient/uncertain data",観測期間・サンプル数・カウンタ整合性のいずれかが不足しており信頼できる判定ができません。review_priorityに従い追加データ収集または手動レビューを行ってください。,v2.0-final,v2.0-final,v2.0-final,ThinkPad T14s Gen 6,,
2026-06-03T16:38:27,PQM-AN1-BETA_hels,NORMAL_OR_RESPONDING,ACTION_NONE,high,NOT_NO_LOW_CHANGE_CANDIDATE,,,,,,False,False,False,False,False,105,10,10,105.0,78.912,0.1,133.06,100.0,0.1,0.0,29.0,62.0,33.0,0.1915,0,0,0,0,0,0,0,0,0,0,,,,0.0,-1.0,n/a,59.0,10.0,"flat_tail=0.1d, fcc_changes=105, tail_cyc=0.0, tail_ok[90/80]=0/0, unresp_complete[90/80]=0/0, large_gap[90/80]=0/0 -> FCC still updating / not a no-low-change candidate",,v2.0-final,v2.0-final,v2.0-final,ThinkPad X1 Carbon Gen 14,COSMX,5B11M90162
2026-06-03T16:38:27,PQM-BETA_frank,REVIEW_INSUFFICIENT_DATA,ACTION_COLLECT_MORE_DATA_OR_MANUAL_REVIEW,review,REVIEW_COUNTER_RESET,,,REVIEW_COUNTER_RESET,high,cycleCountが減少（カウンタリセット/パック異常疑い）。生ログ確認が必要。,False,False,False,False,False,101,10,10,101.0,23.701,0.1,426.15,100.0,0.1,0.0,41.0,47.0,6.0,1.0,0,0,0,0,0,0,0,0,0,0,,,,0.0,-1.0,n/a,60.0,0.0,"obs_days=426.1, n_samples=4388, quality=QUALITY_COUNTER_RESET -> insufficient/uncertain data",観測期間・サンプル数・カウンタ整合性のいずれかが不足しており信頼できる判定ができません。review_priorityに従い追加データ収集または手動レビューを行ってください。,v2.0-final,v2.0-final,v2.0-final,ThinkPad X1 2-in-1 Gen 10,Sunwoda,5B11M90099
2026-06-03T16:38:27,PQM-BETA_hels,REVIEW_INSUFFICIENT_DATA,ACTION_COLLECT_MORE_DATA_OR_MANUAL_REVIEW,review,REVIEW_SHORT_OBS_ACTIVE_LIKE,,,REVIEW_SHORT_OBS_ACTIVE_LIKE,low,観測期間<120日でactive様（flat_tail<60）。経過観察で十分なことが多い。,False,False,False,False,False,6,0,0,60.0,40.761,0.5,14.72,10.0,0.5,0.0,82.0,88.0,6.0,1.0,0,0,0,0,0,0,0,0,0,0,,,,0.0,-1.0,n/a,65.1,5.1,"obs_days=14.7, n_samples=5710, quality=QUALITY_SHORT_OBS -> insufficient/uncertain data",観測期間・サンプル数・カウンタ整合性のいずれかが不足しており信頼できる判定ができません。review_priorityに従い追加データ収集または手動レビューを行ってください。,v2.0-final,v2.0-final,v2.0-final,ThinkPad X1 Carbon Gen 14,COSMX,5B11M90162
2026-06-03T16:38:27,PQM_tianx,REVIEW_INSUFFICIENT_DATA,ACTION_COLLECT_MORE_DATA_OR_MANUAL_REVIEW,review,REVIEW_SHORT_OBS_ACTIVE_LIKE,,,REVIEW_SHORT_OBS_ACTIVE_LIKE,low,観測期間<120日でactive様（flat_tail<60）。経過観察で十分なことが多い。,False,False,False,False,False,15,4,4,136.364,25.809,2.2,58.12,11.0,2.2,0.0,85.0,100.0,15.0,0.5205,0,0,0,0,0,0,0,0,0,0,,,,0.0,-1.0,n/a,60.4,5.4,"obs_days=58.1, n_samples=387, quality=QUALITY_SHORT_OBS -> insufficient/uncertain data",観測期間・サンプル数・カウンタ整合性のいずれかが不足しており信頼できる判定ができません。review_priorityに従い追加データ収集または手動レビューを行ってください。,v2.0-final,v2.0-final,v2.0-final,ThinkPad T14s Gen 7,ATL,5B11M90161
2026-06-03T16:38:27,PR2-SVT-M1_MARUICHIT,ACTIONABLE_GAUGE_RESET_INSUFFICIENT_LEARNING_OPPORTUNITY,ACTION_GAUGE_RESET,high,GAUGE_HIGH_NO_OPPORTUNITY,NO_OPPORTUNITY_AC_BOUND;NO_OPPORTUNITY_LOW_CYCLING;NO_OPPORTUNITY_SHALLOW_RANGE,,,,,True,True,False,False,False,0,0,0,0.0,0.0,127.8,127.76,2.0,127.8,2.0,76.0,100.0,24.0,0.9657,0,0,0,0,0,0,0,0,0,0,,,,0.0,0.0,AC_BOUND+SHALLOW_RANGE+LOW_CYCLING,89.6,31.7,"flat_tail=127.8d, fcc_changes=0, tail_cyc=2.0, tail_ok[90/80]=0/0, unresp_complete[90/80]=0/0, large_gap[90/80]=0/0, ac=0.97, min_rsoc=76.0 -> insufficient learning opportunity",FCC/SoHが長期間更新されておらず、ログ上は深い放電→再充電の学習機会が十分に確認できません（OK品質の機会が無く、large-gapを含めても判定可能な機会がない）。安全な環境でOEM推奨のバッテリーゲージリセット/キャリブレーションを実施し、その後72h〜7日間のテレメトリでFCC更新有無を確認してください。,v2.0-final,v2.0-final,v2.0-final,ThinkPad X1 Carbon Gen 10,Sunwoda,5B10W13975
2026-06-03T16:38:27,PRAMINENI-00010_pramineni,REVIEW_INSUFFICIENT_DATA,ACTION_COLLECT_MORE_DATA_OR_MANUAL_REVIEW,review,REVIEW_SHORT_OBS_ACTIVE_LIKE,,,REVIEW_SHORT_OBS_ACTIVE_LIKE,low,観測期間<120日でactive様（flat_tail<60）。経過観察で十分なことが多い。,False,False,False,False,False,7,1,1,87.5,9.093,13.0,76.98,8.0,13.0,0.0,16.0,100.0,84.0,0.1107,0,0,0,0,0,0,0,0,0,0,,,,0.0,-1.0,n/a,49.4,7.2,"obs_days=77.0, n_samples=915, quality=QUALITY_SHORT_OBS -> insufficient/uncertain data",観測期間・サンプル数・カウンタ整合性のいずれかが不足しており信頼できる判定ができません。review_priorityに従い追加データ収集または手動レビューを行ってください。,v2.0-final,v2.0-final,v2.0-final,ThinkPad T1g Gen 8,Celxpert,5B11M37552
2026-06-03T16:38:27,PRIMUS_tscott2,NORMAL_OR_RESPONDING,ACTION_NONE,high,NOT_NO_LOW_CHANGE_CANDIDATE,,,,,,False,False,False,False,False,7,7,7,5.785,1.764,21.5,396.83,121.0,21.5,8.0,4.0,100.0,96.0,0.4825,1,3,4,0,0,0,1,0,0,0,0.064,0.0,-0.262,18.8,-1.0,n/a,39.2,41.2,"flat_tail=21.5d, fcc_changes=7, tail_cyc=8.0, tail_ok[90/80]=0/1, unresp_complete[90/80]=0/1, large_gap[90/80]=0/3 -> FCC still updating / not a no-low-change candidate",,v2.0-final,v2.0-final,v2.0-final,ThinkPad X1 Carbon Gen 11,SMP,5B10W13973
2026-06-03T16:38:27,PSCHMIDT1-00044_pschmidt1,REVIEW_INSUFFICIENT_DATA,ACTION_COLLECT_MORE_DATA_OR_MANUAL_REVIEW,review,REVIEW_SHORT_OBS_ACTIVE_LIKE,,,REVIEW_SHORT_OBS_ACTIVE_LIKE,low,観測期間<120日でactive様（flat_tail<60）。経過観察で十分なことが多い。,False,False,False,False,False,2,0,0,100.0,12.715,3.0,15.73,2.0,3.0,0.0,90.0,100.0,10.0,0.6613,0,0,0,0,0,0,0,0,0,0,,,,0.0,-1.0,n/a,62.2,5.5,"obs_days=15.7, n_samples=349, quality=QUALITY_SHORT_OBS -> insufficient/uncertain data",観測期間・サンプル数・カウンタ整合性のいずれかが不足しており信頼できる判定ができません。review_priorityに従い追加データ収集または手動レビューを行ってください。,v2.0-final,v2.0-final,v2.0-final,ThinkPad P1 Gen 9,COSMX,5B11M90164
2026-06-03T16:38:27,PW05SGBF_LIP-Telemetry,REVIEW_INSUFFICIENT_DATA,ACTION_COLLECT_MORE_DATA_OR_MANUAL_REVIEW,review,REVIEW_SHORT_OBS_ACTIVE_LIKE,,,REVIEW_SHORT_OBS_ACTIVE_LIKE,low,観測期間<120日でactive様（flat_tail<60）。経過観察で十分なことが多い。,False,False,False,False,False,0,0,0,0.0,0.0,49.2,49.17,0.0,49.2,0.0,64.0,84.0,20.0,0.9819,0,0,0,0,0,0,0,0,0,0,,,,0.0,-1.0,n/a,72.8,13.2,"obs_days=49.2, n_samples=649, quality=QUALITY_SHORT_OBS -> insufficient/uncertain data",観測期間・サンプル数・カウンタ整合性のいずれかが不足しており信頼できる判定ができません。review_priorityに従い追加データ収集または手動レビューを行ってください。,v2.0-final,v2.0-final,v2.0-final,ThinkPad P1 Gen 6,Sunwoda,5B11K07737
2026-06-03T16:38:27,PW05SGBG_LIP-Telemetry,REVIEW_INSUFFICIENT_DATA,ACTION_COLLECT_MORE_DATA_OR_MANUAL_REVIEW,review,REVIEW_SHORT_OBS_ACTIVE_LIKE,,,REVIEW_SHORT_OBS_ACTIVE_LIKE,low,観測期間<120日でactive様（flat_tail<60）。経過観察で十分なことが多い。,False,False,False,False,False,0,0,0,0.0,0.0,49.0,49.04,0.0,49.0,0.0,69.0,83.0,14.0,0.9757,0,0,0,0,0,0,0,0,0,0,,,,0.0,-1.0,n/a,72.7,13.2,"obs_days=49.0, n_samples=680, quality=QUALITY_SHORT_OBS -> insufficient/uncertain data",観測期間・サンプル数・カウンタ整合性のいずれかが不足しており信頼できる判定ができません。review_priorityに従い追加データ収集または手動レビューを行ってください。,v2.0-final,v2.0-final,v2.0-final,ThinkPad P1 Gen 6,Sunwoda,5B11K07737
2026-06-03T16:38:27,PW06AQ17_LIP-Telemetry,REVIEW_INSUFFICIENT_DATA,ACTION_COLLECT_MORE_DATA_OR_MANUAL_REVIEW,review,REVIEW_SHORT_OBS_ACTIVE_LIKE,,,REVIEW_SHORT_OBS_ACTIVE_LIKE,low,観測期間<120日でactive様（flat_tail<60）。経過観察で十分なことが多い。,False,False,False,False,False,0,0,0,0.0,0.0,51.4,51.44,1.0,51.4,1.0,69.0,88.0,19.0,0.8011,0,0,0,0,0,0,0,0,0,0,,,,0.0,-1.0,n/a,69.1,13.8,"obs_days=51.4, n_samples=762, quality=QUALITY_SHORT_OBS -> insufficient/uncertain data",観測期間・サンプル数・カウンタ整合性のいずれかが不足しており信頼できる判定ができません。review_priorityに従い追加データ収集または手動レビューを行ってください。,v2.0-final,v2.0-final,v2.0-final,ThinkPad P1 Gen 6,SMP,5B11K07736
2026-06-03T16:38:27,PW06AQ1F_LIP-Telemetry,REVIEW_INSUFFICIENT_DATA,ACTION_COLLECT_MORE_DATA_OR_MANUAL_REVIEW,review,REVIEW_SHORT_OBS_ACTIVE_LIKE,,,REVIEW_SHORT_OBS_ACTIVE_LIKE,low,観測期間<120日でactive様（flat_tail<60）。経過観察で十分なことが多い。,False,False,False,False,False,0,0,0,0.0,0.0,56.0,55.98,1.0,56.0,1.0,50.0,86.0,36.0,0.9714,0,0,0,0,0,0,0,0,0,0,,,,0.0,-1.0,n/a,73.3,14.5,"obs_days=56.0, n_samples=857, quality=QUALITY_SHORT_OBS -> insufficient/uncertain data",観測期間・サンプル数・カウンタ整合性のいずれかが不足しており信頼できる判定ができません。review_priorityに従い追加データ収集または手動レビューを行ってください。,v2.0-final,v2.0-final,v2.0-final,ThinkPad P1 Gen 6,SMP,5B11K07736
2026-06-03T16:38:27,PW0KZBL0_LIP,REVIEW_INSUFFICIENT_DATA,ACTION_COLLECT_MORE_DATA_OR_MANUAL_REVIEW,review,REVIEW_SHORT_OBS_ACTIVE_LIKE,,,REVIEW_SHORT_OBS_ACTIVE_LIKE,low,観測期間<120日でactive様（flat_tail<60）。経過観察で十分なことが多い。,False,False,False,False,False,0,0,0,0.0,0.0,13.0,12.97,1.0,13.0,1.0,95.0,100.0,5.0,1.0,0,0,0,0,0,0,0,0,0,0,,,,0.0,-1.0,n/a,66.7,7.4,"obs_days=13.0, n_samples=372, quality=QUALITY_SHORT_OBS -> insufficient/uncertain data",観測期間・サンプル数・カウンタ整合性のいずれかが不足しており信頼できる判定ができません。review_priorityに従い追加データ収集または手動レビューを行ってください。,v2.0-final,v2.0-final,v2.0-final,ThinkPad P1 Gen 8,Sunwoda,5B11M37553
2026-06-03T16:38:27,PW0KZBLW_LIP,REVIEW_INSUFFICIENT_DATA,ACTION_COLLECT_MORE_DATA_OR_MANUAL_REVIEW,review,REVIEW_SHORT_OBS_ACTIVE_LIKE,,,REVIEW_SHORT_OBS_ACTIVE_LIKE,low,観測期間<120日でactive様（flat_tail<60）。経過観察で十分なことが多い。,False,False,False,False,False,0,0,0,0.0,0.0,12.9,12.94,0.0,12.9,0.0,91.0,100.0,9.0,0.9796,0,0,0,0,0,0,0,0,0,0,,,,0.0,-1.0,n/a,66.7,7.2,"obs_days=12.9, n_samples=389, quality=QUALITY_SHORT_OBS -> insufficient/uncertain data",観測期間・サンプル数・カウンタ整合性のいずれかが不足しており信頼できる判定ができません。review_priorityに従い追加データ収集または手動レビューを行ってください。,v2.0-final,v2.0-final,v2.0-final,ThinkPad P1 Gen 8,Sunwoda,5B11M37553
2026-06-03T16:38:27,PW0KZBMA_LIP,REVIEW_INSUFFICIENT_DATA,ACTION_COLLECT_MORE_DATA_OR_MANUAL_REVIEW,review,REVIEW_SHORT_OBS_ACTIVE_LIKE,,,REVIEW_SHORT_OBS_ACTIVE_LIKE,low,観測期間<120日でactive様（flat_tail<60）。経過観察で十分なことが多い。,False,False,False,False,False,0,0,0,0.0,0.0,12.9,12.86,0.0,12.9,0.0,93.0,100.0,7.0,1.0,0,0,0,0,0,0,0,0,0,0,,,,0.0,-1.0,n/a,67.2,7.2,"obs_days=12.9, n_samples=368, quality=QUALITY_SHORT_OBS -> insufficient/uncertain data",観測期間・サンプル数・カウンタ整合性のいずれかが不足しており信頼できる判定ができません。review_priorityに従い追加データ収集または手動レビューを行ってください。,v2.0-final,v2.0-final,v2.0-final,ThinkPad P1 Gen 8,Celxpert,5B11M37552
2026-06-03T16:38:27,PW0KZBVB_LIP,REVIEW_INSUFFICIENT_DATA,ACTION_COLLECT_MORE_DATA_OR_MANUAL_REVIEW,review,REVIEW_SHORT_OBS_ACTIVE_LIKE,,,REVIEW_SHORT_OBS_ACTIVE_LIKE,low,観測期間<120日でactive様（flat_tail<60）。経過観察で十分なことが多い。,False,False,False,False,False,0,0,0,0.0,0.0,13.0,12.97,1.0,13.0,1.0,83.0,100.0,17.0,0.9741,0,0,0,0,0,0,0,0,0,0,,,,0.0,-1.0,n/a,66.1,7.4,"obs_days=13.0, n_samples=370, quality=QUALITY_SHORT_OBS -> insufficient/uncertain data",観測期間・サンプル数・カウンタ整合性のいずれかが不足しており信頼できる判定ができません。review_priorityに従い追加データ収集または手動レビューを行ってください。,v2.0-final,v2.0-final,v2.0-final,ThinkPad P1 Gen 8,Sunwoda,5B11M37553
2026-06-03T16:38:27,QCOM-DCV40DDOIB_jowill,REVIEW_INSUFFICIENT_DATA,ACTION_COLLECT_MORE_DATA_OR_MANUAL_REVIEW,review,REVIEW_SHORT_OBS_ACTIVE_LIKE,,,REVIEW_SHORT_OBS_ACTIVE_LIKE,low,観測期間<120日でactive様（flat_tail<60）。経過観察で十分なことが多い。,False,False,False,False,False,42,10,9,182.609,37.899,0.0,110.82,23.0,0.0,0.0,58.0,58.0,0.0,,0,0,0,0,0,0,0,0,0,0,,,,0.0,-1.0,n/a,65.0,5.0,"obs_days=110.8, n_samples=3759, quality=QUALITY_SHORT_OBS -> insufficient/uncertain data",観測期間・サンプル数・カウンタ整合性のいずれかが不足しており信頼できる判定ができません。review_priorityに従い追加データ収集または手動レビューを行ってください。,v2.0-final,v2.0-final,v2.0-final,ThinkPad T14s Gen 6,SMP,LNV-5B11H56403
2026-06-03T16:38:27,QCOM-MDUXZELAOC_mikejp,NORMAL_OR_RESPONDING,ACTION_NONE,high,NOT_NO_LOW_CHANGE_CANDIDATE,,,,,,False,False,False,False,False,72,18,15,171.429,34.534,2.6,208.49,42.0,2.6,0.0,94.0,100.0,6.0,0.9786,0,0,0,0,0,0,0,0,0,0,,,,0.0,-1.0,n/a,70.0,10.4,"flat_tail=2.6d, fcc_changes=72, tail_cyc=0.0, tail_ok[90/80]=0/0, unresp_complete[90/80]=0/0, large_gap[90/80]=0/0 -> FCC still updating / not a no-low-change candidate",,v2.0-final,v2.0-final,v2.0-final,ThinkPad T14s Gen 6,SMP,LNV-5B11H56403
2026-06-03T16:38:27,QCOM-YQK1OVIMJV_dereks,REVIEW_INSUFFICIENT_DATA,ACTION_COLLECT_MORE_DATA_OR_MANUAL_REVIEW,review,REVIEW_SHORT_OBS_ACTIVE_LIKE,,,REVIEW_SHORT_OBS_ACTIVE_LIKE,low,観測期間<120日でactive様（flat_tail<60）。経過観察で十分なことが多い。,False,False,False,False,False,9,0,0,225.0,32.166,2.0,27.98,4.0,2.0,0.0,90.0,100.0,10.0,0.9542,0,0,0,0,0,0,0,0,0,0,,,,0.0,-1.0,n/a,64.4,5.3,"obs_days=28.0, n_samples=420, quality=QUALITY_SHORT_OBS -> insufficient/uncertain data",観測期間・サンプル数・カウンタ整合性のいずれかが不足しており信頼できる判定ができません。review_priorityに従い追加データ収集または手動レビューを行ってください。,v2.0-final,v2.0-final,v2.0-final,ThinkPad T14s Gen 6,SMP,LNV-5B11H56403
2026-06-03T16:38:27,RADACHI-F5AL4EK_radachi,REVIEW_INSUFFICIENT_DATA,ACTION_COLLECT_MORE_DATA_OR_MANUAL_REVIEW,review,REVIEW_SHORT_OBS_ACTIVE_LIKE,,,REVIEW_SHORT_OBS_ACTIVE_LIKE,low,観測期間<120日でactive様（flat_tail<60）。経過観察で十分なことが多い。,False,False,False,False,False,23,3,2,121.053,22.437,4.9,102.51,19.0,4.9,0.0,50.0,100.0,50.0,0.8114,0,0,0,0,0,0,0,0,0,0,,,,0.0,-1.0,n/a,62.0,5.8,"obs_days=102.5, n_samples=1043, quality=QUALITY_SHORT_OBS -> insufficient/uncertain data",観測期間・サンプル数・カウンタ整合性のいずれかが不足しており信頼できる判定ができません。review_priorityに従い追加データ収集または手動レビューを行ってください。,v2.0-final,v2.0-final,v2.0-final,ThinkPad X1 2-in-1 Gen 10,SMP,5B11M90097
2026-06-03T16:38:27,RANDERSON4-Q4VG_randerson4,NORMAL_OR_RESPONDING,ACTION_NONE,high,NOT_NO_LOW_CHANGE_CANDIDATE,,,,,,False,False,False,False,False,13,0,0,100.0,3.439,6.2,378.01,13.0,6.2,0.0,92.0,100.0,8.0,0.9221,0,0,0,0,0,0,0,0,0,0,,,,0.0,-1.0,n/a,69.5,11.0,"flat_tail=6.2d, fcc_changes=13, tail_cyc=0.0, tail_ok[90/80]=0/0, unresp_complete[90/80]=0/0, large_gap[90/80]=0/0 -> FCC still updating / not a no-low-change candidate",,v2.0-final,v2.0-final,v2.0-final,ThinkPad T16 Gen 4,Celxpert,5B11H56411
2026-06-03T16:38:27,RAY-X1-9_Ratan,WATCH_LOW_UPDATE_RATE_AMBIGUOUS,ACTION_MONITOR_OR_MANUAL_REVIEW,low,WATCH_ACTIVE_LOW_CADENCE,,WATCH_ACTIVE_LOW_CADENCE,,,,True,False,False,True,True,8,5,5,1.649,1.056,27.2,757.3,485.0,27.2,5.0,0.0,100.0,100.0,0.5633,1,0,1,1,0,1,1,1,0,0,2.509,0.0,-3.926,98.1,1.0,MIXED,46.6,50.5,"flat_tail=27.2d, fcc_changes=8, tail_cyc=5.0, tail_ok[90/80]=1/1, unresp_complete[90/80]=1/1, large_gap[90/80]=0/0 -> ambiguous (watch)",FCC更新率は低いが完全凍結ではない/学習機会がlarge-gapまたは打ち切りで確証が弱い/境界的のため、FW確認に回す前にモニタリングまたは手動レビューを推奨します。,v2.0-final,v2.0-final,v2.0-final,ThinkPad X1 Carbon Gen 9,SMP,5B10W13973
2026-06-03T16:38:27,RBULLARD-4S7F11_rbullard,NORMAL_OR_RESPONDING,ACTION_NONE,high,NOT_NO_LOW_CHANGE_CANDIDATE,,,,,,False,False,False,False,False,16,1,1,100.0,6.923,0.3,231.13,16.0,0.3,0.0,100.0,100.0,0.0,1.0,0,0,0,0,0,0,0,0,0,0,,,,0.0,-1.0,n/a,70.0,10.1,"flat_tail=0.3d, fcc_changes=16, tail_cyc=0.0, tail_ok[90/80]=0/0, unresp_complete[90/80]=0/0, large_gap[90/80]=0/0 -> FCC still updating / not a no-low-change candidate",,v2.0-final,v2.0-final,v2.0-final,ThinkPad T14 Gen 5,Celxpert,5B11H56413
2026-06-03T16:38:27,RCLEMENTS-DS3BG_rclements,NORMAL_OR_RESPONDING,ACTION_NONE,high,NOT_NO_LOW_CHANGE_CANDIDATE,,,,,,False,False,False,False,False,36,6,5,109.091,23.415,0.0,153.75,33.0,0.0,0.0,95.0,100.0,5.0,1.0,0,0,0,0,0,0,0,0,0,0,,,,0.0,-1.0,n/a,70.0,10.0,"flat_tail=0.0d, fcc_changes=36, tail_cyc=0.0, tail_ok[90/80]=0/0, unresp_complete[90/80]=0/0, large_gap[90/80]=0/0 -> FCC still updating / not a no-low-change candidate",,v2.0-final,v2.0-final,v2.0-final,ThinkPad X9-14 Gen 1,BYD,LNV-5B11M90101@
2026-06-03T16:38:27,RDONAHUE-0A2BYP_rdonahue,NORMAL_OR_RESPONDING,ACTION_NONE,high,NOT_NO_LOW_CHANGE_CANDIDATE,,,,,,False,False,False,False,False,147,15,15,109.701,29.971,1.4,490.47,134.0,1.4,0.0,45.0,100.0,55.0,0.5295,0,0,0,0,0,0,0,0,0,0,,,,0.0,-1.0,n/a,60.8,10.2,"flat_tail=1.4d, fcc_changes=147, tail_cyc=0.0, tail_ok[90/80]=0/0, unresp_complete[90/80]=0/0, large_gap[90/80]=0/0 -> FCC still updating / not a no-low-change candidate",,v2.0-final,v2.0-final,v2.0-final,ThinkPad L16 Gen 1,SMP,5B11H56396
2026-06-03T16:38:27,RLOTRINIA-A7W6D_rlotrinia,REVIEW_INSUFFICIENT_DATA,ACTION_COLLECT_MORE_DATA_OR_MANUAL_REVIEW,review,REVIEW_COUNTER_RESET,,,REVIEW_COUNTER_RESET,high,cycleCountが減少（カウンタリセット/パック異常疑い）。生ログ確認が必要。,False,False,False,False,False,47,34,24,44.762,4.911,36.9,956.98,105.0,36.9,0.0,1.0,28.0,27.0,0.1733,0,0,0,0,0,0,0,0,0,0,,,,0.0,-1.0,n/a,57.1,6.1,"obs_days=957.0, n_samples=9172, quality=QUALITY_COUNTER_RESET -> insufficient/uncertain data",観測期間・サンプル数・カウンタ整合性のいずれかが不足しており信頼できる判定ができません。review_priorityに従い追加データ収集または手動レビューを行ってください。,v2.0-final,v2.0-final,v2.0-final,ThinkPad T14 Gen 2i,SMP,5B10W51827
2026-06-03T16:38:27,RMCCARTHY2-0063_rmccarthy2,NORMAL_OR_RESPONDING,ACTION_NONE,high,NOT_NO_LOW_CHANGE_CANDIDATE,,,,,,False,False,False,False,False,45,3,3,107.143,15.629,4.0,287.93,42.0,4.0,0.0,23.0,100.0,77.0,0.3087,0,0,0,0,0,0,0,0,0,0,,,,0.0,-1.0,n/a,56.8,10.7,"flat_tail=4.0d, fcc_changes=45, tail_cyc=0.0, tail_ok[90/80]=0/0, unresp_complete[90/80]=0/0, large_gap[90/80]=0/0 -> FCC still updating / not a no-low-change candidate",,v2.0-final,v2.0-final,v2.0-final,ThinkPad L13 2-in-1 Gen 6,SMP,5B11M90129
2026-06-03T16:38:27,RMCFADDEN1-S8MT_rmcfadden1,NORMAL_OR_RESPONDING,ACTION_NONE,high,NOT_NO_LOW_CHANGE_CANDIDATE,,,,,,False,False,False,False,False,153,15,15,105.517,45.151,0.0,338.86,145.0,0.0,0.0,59.0,80.0,21.0,1.0,0,0,0,0,0,0,0,0,0,0,,,,0.0,-1.0,n/a,70.0,10.0,"flat_tail=0.0d, fcc_changes=153, tail_cyc=0.0, tail_ok[90/80]=0/0, unresp_complete[90/80]=0/0, large_gap[90/80]=0/0 -> FCC still updating / not a no-low-change candidate",,v2.0-final,v2.0-final,v2.0-final,ThinkPad X1 Carbon Gen 13,,
2026-06-03T16:38:27,ROBBIET-F67BA37_robbiet,REVIEW_INSUFFICIENT_DATA,ACTION_COLLECT_MORE_DATA_OR_MANUAL_REVIEW,review,REVIEW_SHORT_OBS_ACTIVE_LIKE,,,REVIEW_SHORT_OBS_ACTIVE_LIKE,low,観測期間<120日でactive様（flat_tail<60）。経過観察で十分なことが多い。,False,False,False,False,False,10,2,2,111.111,27.152,7.0,36.83,9.0,7.0,0.0,37.0,100.0,63.0,0.2546,0,0,0,0,0,0,0,0,0,0,,,,0.0,-1.0,n/a,51.3,6.2,"obs_days=36.8, n_samples=252, quality=QUALITY_SHORT_OBS -> insufficient/uncertain data",観測期間・サンプル数・カウンタ整合性のいずれかが不足しており信頼できる判定ができません。review_priorityに従い追加データ収集または手動レビューを行ってください。,v2.0-final,v2.0-final,v2.0-final,ThinkPad T14s 2-in-1 Gen 2,Sunwoda,5B11M90160
2026-06-03T16:38:27,ROCK_yuqj1,REVIEW_INSUFFICIENT_DATA,ACTION_COLLECT_MORE_DATA_OR_MANUAL_REVIEW,review,REVIEW_SHORT_OBS_ACTIVE_LIKE,,,REVIEW_SHORT_OBS_ACTIVE_LIKE,low,観測期間<120日でactive様（flat_tail<60）。経過観察で十分なことが多い。,False,False,False,False,False,10,4,4,142.857,33.512,0.0,29.84,7.0,0.0,0.0,95.0,100.0,5.0,0.8487,0,0,0,0,0,0,0,0,0,0,,,,0.0,-1.0,n/a,63.3,5.0,"obs_days=29.8, n_samples=426, quality=QUALITY_SHORT_OBS -> insufficient/uncertain data",観測期間・サンプル数・カウンタ整合性のいずれかが不足しており信頼できる判定ができません。review_priorityに従い追加データ収集または手動レビューを行ってください。,v2.0-final,v2.0-final,v2.0-final,ThinkPad X1 Carbon Gen 13,BYD,5B11M90100
2026-06-03T16:38:27,ROROSAS-F4HH26Y_rorosas,WATCH_LOW_UPDATE_RATE_AMBIGUOUS,ACTION_MONITOR_OR_MANUAL_REVIEW,low,WATCH_POSSIBLE_OPPORTUNITY_WITH_LARGE_GAPS,,WATCH_POSSIBLE_OPPORTUNITY_WITH_LARGE_GAPS,,,,True,True,True,True,True,0,0,0,0.0,0.0,749.4,749.41,102.0,749.4,102.0,15.0,100.0,85.0,0.6003,0,5,5,0,0,0,0,0,0,0,,,,0.0,1.0,MIXED,56.2,50.0,"flat_tail=749.4d, fcc_changes=0, tail_cyc=102.0, tail_ok[90/80]=0/0, unresp_complete[90/80]=0/0, large_gap[90/80]=0/5 -> ambiguous (watch)",FCC更新率は低いが完全凍結ではない/学習機会がlarge-gapまたは打ち切りで確証が弱い/境界的のため、FW確認に回す前にモニタリングまたは手動レビューを推奨します。,v2.0-final,v2.0-final,v2.0-final,ThinkPad T16 Gen 2,Celxpert,5B10W51872
2026-06-03T16:38:27,ROROSAS-W0BX6X0_rorosas,NORMAL_OR_RESPONDING,ACTION_NONE,high,NOT_NO_LOW_CHANGE_CANDIDATE,,,,,,False,False,False,False,False,54,10,7,125.581,18.943,27.0,285.07,43.0,27.0,0.0,39.0,99.0,60.0,0.3393,0,0,0,0,0,0,0,0,0,0,,,,0.0,-1.0,n/a,61.3,14.5,"flat_tail=27.0d, fcc_changes=54, tail_cyc=0.0, tail_ok[90/80]=0/0, unresp_complete[90/80]=0/0, large_gap[90/80]=0/0 -> FCC still updating / not a no-low-change candidate",,v2.0-final,v2.0-final,v2.0-final,ThinkPad T14s Gen 6,SMP,LNV-5B11H56403
2026-06-03T16:38:27,RPHILLIPS1-MR01_rphillips1,NORMAL_OR_RESPONDING,ACTION_NONE,high,NOT_NO_LOW_CHANGE_CANDIDATE,,,,,,False,False,False,False,False,52,17,17,140.541,23.212,14.2,224.02,37.0,14.2,0.0,92.0,100.0,8.0,0.9716,0,0,0,0,0,0,0,0,0,0,,,,0.0,-1.0,n/a,71.8,12.4,"flat_tail=14.2d, fcc_changes=52, tail_cyc=0.0, tail_ok[90/80]=0/0, unresp_complete[90/80]=0/0, large_gap[90/80]=0/0 -> FCC still updating / not a no-low-change candidate",,v2.0-final,v2.0-final,v2.0-final,ThinkPad P16 Gen 3,SMP,5B11M90135
2026-06-03T16:38:27,RSEKINOXF43CNVB_rsekino,WATCH_LOW_UPDATE_RATE_AMBIGUOUS,ACTION_MONITOR_OR_MANUAL_REVIEW,low,WATCH_BORDERLINE_FLAT_TAIL_OR_CYCLES,,WATCH_BORDERLINE_FLAT_TAIL_OR_CYCLES,,,,True,False,False,True,True,7,6,6,3.553,1.054,97.0,663.9,197.0,97.0,22.0,6.0,100.0,94.0,0.2726,1,10,11,0,9,9,1,0,0,0,0.08,0.0,-0.295,19.1,1.0,MIXED,37.7,56.6,"flat_tail=97.0d, fcc_changes=7, tail_cyc=22.0, tail_ok[90/80]=0/1, unresp_complete[90/80]=0/1, large_gap[90/80]=9/10 -> ambiguous (watch)",FCC更新率は低いが完全凍結ではない/学習機会がlarge-gapまたは打ち切りで確証が弱い/境界的のため、FW確認に回す前にモニタリングまたは手動レビューを推奨します。,v2.0-final,v2.0-final,v2.0-final,ThinkPad X1 Yoga Gen 7,SMP,5B10W13973
2026-06-03T16:38:27,RTWALL-PF4JTB8S_rtwall,NORMAL_OR_RESPONDING,ACTION_NONE,high,NOT_NO_LOW_CHANGE_CANDIDATE,,,,,,False,False,False,False,False,91,35,34,119.737,31.607,9.0,287.91,76.0,9.0,1.0,49.0,100.0,51.0,0.8329,0,0,0,0,0,0,0,0,0,0,,,,0.0,-1.0,n/a,67.7,11.7,"flat_tail=9.0d, fcc_changes=91, tail_cyc=1.0, tail_ok[90/80]=0/0, unresp_complete[90/80]=0/0, large_gap[90/80]=0/0 -> FCC still updating / not a no-low-change candidate",,v2.0-final,v2.0-final,v2.0-final,ThinkPad Z16 Gen 2,Celxpert,5B10W51888
2026-06-03T16:38:27,RUBYHE_HEHP,NORMAL_OR_RESPONDING,ACTION_NONE,high,NOT_NO_LOW_CHANGE_CANDIDATE,,,,,,False,False,False,False,False,41,7,7,117.143,10.678,10.9,383.95,35.0,10.9,0.0,77.0,100.0,23.0,0.7985,0,0,0,0,0,0,0,0,0,0,,,,0.0,-1.0,n/a,67.8,11.8,"flat_tail=10.9d, fcc_changes=41, tail_cyc=0.0, tail_ok[90/80]=0/0, unresp_complete[90/80]=0/0, large_gap[90/80]=0/0 -> FCC still updating / not a no-low-change candidate",,v2.0-final,v2.0-final,v2.0-final,ThinkPad X1 Carbon Gen 13,BYD,5B11M90100
2026-06-03T16:38:27,RUMBLE_zawacki,REVIEW_INSUFFICIENT_DATA,ACTION_COLLECT_MORE_DATA_OR_MANUAL_REVIEW,review,REVIEW_SHORT_OBS_ACTIVE_LIKE,,,REVIEW_SHORT_OBS_ACTIVE_LIKE,low,観測期間<120日でactive様（flat_tail<60）。経過観察で十分なことが多い。,False,False,False,False,False,4,2,2,40.0,5.725,30.9,69.87,10.0,30.9,1.0,23.0,100.0,77.0,0.1653,0,0,0,0,0,0,0,0,0,0,,,,0.0,-1.0,n/a,53.0,10.3,"obs_days=69.9, n_samples=399, quality=QUALITY_SHORT_OBS -> insufficient/uncertain data",観測期間・サンプル数・カウンタ整合性のいずれかが不足しており信頼できる判定ができません。review_priorityに従い追加データ収集または手動レビューを行ってください。,v2.0-final,v2.0-final,v2.0-final,ThinkPad X12 Detachable Gen 2,Celxpert,5B11M90067
2026-06-03T16:38:27,RUSSELL_rgantman,REVIEW_INSUFFICIENT_DATA,ACTION_COLLECT_MORE_DATA_OR_MANUAL_REVIEW,review,REVIEW_SHORT_OBS_ACTIVE_LIKE,,,REVIEW_SHORT_OBS_ACTIVE_LIKE,low,観測期間<120日でactive様（flat_tail<60）。経過観察で十分なことが多い。,False,False,False,False,False,3,0,0,100.0,10.37,3.6,28.93,3.0,3.6,0.0,75.0,80.0,5.0,1.0,0,0,0,0,0,0,0,0,0,0,,,,0.0,-1.0,n/a,65.6,5.6,"obs_days=28.9, n_samples=589, quality=QUALITY_SHORT_OBS -> insufficient/uncertain data",観測期間・サンプル数・カウンタ整合性のいずれかが不足しており信頼できる判定ができません。review_priorityに従い追加データ収集または手動レビューを行ってください。,v2.0-final,v2.0-final,v2.0-final,ThinkPad P14s Gen 7 AMD,BYD,5B11M90171
2026-06-03T16:38:27,SADACHI1-4H67H3_sadachi1,NORMAL_OR_RESPONDING,ACTION_NONE,high,NOT_NO_LOW_CHANGE_CANDIDATE,,,,,,False,False,False,False,False,164,60,34,111.565,58.647,2.6,279.64,147.0,2.6,0.0,100.0,100.0,0.0,1.0,0,0,0,0,0,0,0,0,0,0,,,,0.0,-1.0,n/a,70.4,10.4,"flat_tail=2.6d, fcc_changes=164, tail_cyc=0.0, tail_ok[90/80]=0/0, unresp_complete[90/80]=0/0, large_gap[90/80]=0/0 -> FCC still updating / not a no-low-change candidate",,v2.0-final,v2.0-final,v2.0-final,ThinkPad T14 Gen 4,SMP,5B10W51861
2026-06-03T16:38:27,SAYINGZIYIN_yinsyz1,NORMAL_OR_RESPONDING,ACTION_NONE,high,NOT_NO_LOW_CHANGE_CANDIDATE,,,,,,False,False,False,False,False,98,30,30,136.111,15.841,69.0,618.64,72.0,69.0,0.0,1.0,100.0,99.0,0.4679,0,0,0,0,0,0,0,0,0,0,,,,0.0,-1.0,n/a,70.9,21.5,"flat_tail=69.0d, fcc_changes=98, tail_cyc=0.0, tail_ok[90/80]=0/0, unresp_complete[90/80]=0/0, large_gap[90/80]=0/0 -> FCC still updating / not a no-low-change candidate",,v2.0-final,v2.0-final,v2.0-final,ThinkPad T14s Gen 3,Sunwoda,5B10W51876
2026-06-03T16:38:27,SBARATAM-000032_sbaratam,NORMAL_OR_RESPONDING,ACTION_NONE,high,NOT_NO_LOW_CHANGE_CANDIDATE,,,,,,False,False,False,False,False,8,1,1,66.667,4.73,9.1,169.13,12.0,9.1,0.0,60.0,100.0,40.0,0.3981,0,0,0,0,0,0,0,0,0,0,,,,0.0,-1.0,n/a,59.5,11.5,"flat_tail=9.1d, fcc_changes=8, tail_cyc=0.0, tail_ok[90/80]=0/0, unresp_complete[90/80]=0/0, large_gap[90/80]=0/0 -> FCC still updating / not a no-low-change candidate",,v2.0-final,v2.0-final,v2.0-final,ThinkPad L13 Gen 6,Sunwoda,5B11M90128
2026-06-03T16:38:27,SBLEAKLEY-742XA_sbleakley,REVIEW_INSUFFICIENT_DATA,ACTION_COLLECT_MORE_DATA_OR_MANUAL_REVIEW,review,REVIEW_SHORT_OBS_ACTIVE_LIKE,,,REVIEW_SHORT_OBS_ACTIVE_LIKE,low,観測期間<120日でactive様（flat_tail<60）。経過観察で十分なことが多い。,False,False,False,False,False,4,0,0,80.0,11.465,5.9,34.89,5.0,5.9,0.0,80.0,100.0,20.0,0.9373,0,0,0,0,0,0,0,0,0,0,,,,0.0,-1.0,n/a,64.7,6.0,"obs_days=34.9, n_samples=959, quality=QUALITY_SHORT_OBS -> insufficient/uncertain data",観測期間・サンプル数・カウンタ整合性のいずれかが不足しており信頼できる判定ができません。review_priorityに従い追加データ収集または手動レビューを行ってください。,v2.0-final,v2.0-final,v2.0-final,ThinkPad T14s 2-in-1 Gen 2,Sunwoda,5B11M90160
2026-06-03T16:38:27,SDESCHENES-FH3M_sdeschenes,WATCH_LOW_UPDATE_RATE_AMBIGUOUS,ACTION_MONITOR_OR_MANUAL_REVIEW,low,WATCH_ACTIVE_LOW_CADENCE,,WATCH_ACTIVE_LOW_CADENCE,,,,True,False,False,True,False,21,21,21,3.139,2.36,39.9,889.67,669.0,39.9,21.0,3.0,100.0,97.0,0.6358,4,2,6,2,2,4,4,2,0,0,5.861,0.0,-3.97,98.1,1.0,MIXED,36.6,70.8,"flat_tail=39.9d, fcc_changes=21, tail_cyc=21.0, tail_ok[90/80]=2/4, unresp_complete[90/80]=2/4, large_gap[90/80]=2/2 -> ambiguous (watch)",FCC更新率は低いが完全凍結ではない/学習機会がlarge-gapまたは打ち切りで確証が弱い/境界的のため、FW確認に回す前にモニタリングまたは手動レビューを推奨します。,v2.0-final,v2.0-final,v2.0-final,ThinkPad T14 Gen 4,SMP,5B10W51864
2026-06-03T16:38:27,SDILLARD1-2S9T3_sdillard1,NORMAL_OR_RESPONDING,ACTION_NONE,high,NOT_NO_LOW_CHANGE_CANDIDATE,,,,,,False,False,False,False,False,37,12,12,132.143,29.645,5.8,124.81,28.0,5.8,0.0,27.0,89.0,62.0,0.0657,0,0,0,0,0,0,0,0,0,0,,,,0.0,-1.0,n/a,52.3,11.0,"flat_tail=5.8d, fcc_changes=37, tail_cyc=0.0, tail_ok[90/80]=0/0, unresp_complete[90/80]=0/0, large_gap[90/80]=0/0 -> FCC still updating / not a no-low-change candidate",,v2.0-final,v2.0-final,v2.0-final,ThinkPad T14 Gen 7,COSMX,5B11M90167
2026-06-03T16:38:27,SDILLARD1-GR30Q_sdillard1,NORMAL_OR_RESPONDING,ACTION_NONE,high,NOT_NO_LOW_CHANGE_CANDIDATE,,,,,,False,False,False,False,False,65,15,15,127.451,33.02,2.1,196.85,51.0,2.1,0.0,83.0,100.0,17.0,0.5703,0,0,0,0,0,0,0,0,0,0,,,,0.0,-1.0,n/a,64.7,10.3,"flat_tail=2.1d, fcc_changes=65, tail_cyc=0.0, tail_ok[90/80]=0/0, unresp_complete[90/80]=0/0, large_gap[90/80]=0/0 -> FCC still updating / not a no-low-change candidate",,v2.0-final,v2.0-final,v2.0-final,ThinkPad T14s Gen 6,Sunwoda,5B11M90105
2026-06-03T16:38:27,SHAUSER-F62JTB9_shauser,REVIEW_INSUFFICIENT_DATA,ACTION_COLLECT_MORE_DATA_OR_MANUAL_REVIEW,review,REVIEW_SHORT_OBS_ACTIVE_LIKE,,,REVIEW_SHORT_OBS_ACTIVE_LIKE,low,観測期間<120日でactive様（flat_tail<60）。経過観察で十分なことが多い。,False,False,False,False,False,2,0,0,66.667,9.103,2.9,21.97,3.0,2.9,0.0,23.0,100.0,77.0,0.5122,0,0,0,0,0,0,0,0,0,0,,,,0.0,-1.0,n/a,55.7,5.5,"obs_days=22.0, n_samples=242, quality=QUALITY_SHORT_OBS -> insufficient/uncertain data",観測期間・サンプル数・カウンタ整合性のいずれかが不足しており信頼できる判定ができません。review_priorityに従い追加データ収集または手動レビューを行ってください。,v2.0-final,v2.0-final,v2.0-final,ThinkPad T16 Gen 5,Sunwoda,5B11M90169
2026-06-03T16:38:27,SHAUSER-W0J2TNX_shauser,NORMAL_OR_RESPONDING,ACTION_NONE,high,NOT_NO_LOW_CHANGE_CANDIDATE,,,,,,False,False,False,False,False,32,6,6,118.519,22.852,4.1,140.03,27.0,4.1,0.0,30.0,100.0,70.0,0.6091,0,0,0,0,0,0,0,0,0,0,,,,0.0,-1.0,n/a,62.9,10.7,"flat_tail=4.1d, fcc_changes=32, tail_cyc=0.0, tail_ok[90/80]=0/0, unresp_complete[90/80]=0/0, large_gap[90/80]=0/0 -> FCC still updating / not a no-low-change candidate",,v2.0-final,v2.0-final,v2.0-final,ThinkPad L13 Gen 6,SMP,5B11M90129
2026-06-03T16:38:27,SHIGE_MS2ARL,REVIEW_INSUFFICIENT_DATA,ACTION_COLLECT_MORE_DATA_OR_MANUAL_REVIEW,review,REVIEW_SHORT_OBS_ACTIVE_LIKE,,,REVIEW_SHORT_OBS_ACTIVE_LIKE,low,観測期間<120日でactive様（flat_tail<60）。経過観察で十分なことが多い。,False,False,False,False,False,33,0,0,117.857,31.357,0.2,105.24,28.0,0.2,0.0,85.0,100.0,15.0,0.6424,0,0,0,0,0,0,0,0,0,0,,,,0.0,-1.0,n/a,60.0,5.0,"obs_days=105.2, n_samples=1132, quality=QUALITY_SHORT_OBS -> insufficient/uncertain data",観測期間・サンプル数・カウンタ整合性のいずれかが不足しており信頼できる判定ができません。review_priorityに従い追加データ収集または手動レビューを行ってください。,v2.0-final,v2.0-final,v2.0-final,ThinkPad X1 2-in-1 Gen 10,SMP,5B11M90097
2026-06-03T16:38:27,SHIGE_TH1,REVIEW_INSUFFICIENT_DATA,ACTION_COLLECT_MORE_DATA_OR_MANUAL_REVIEW,review,REVIEW_SHORT_OBS_ACTIVE_LIKE,,,REVIEW_SHORT_OBS_ACTIVE_LIKE,low,観測期間<120日でactive様（flat_tail<60）。経過観察で十分なことが多い。,False,False,False,False,False,18,0,0,69.231,34.709,1.8,51.86,26.0,1.8,2.0,17.0,100.0,83.0,0.4659,0,0,0,0,0,0,0,0,0,0,,,,0.0,-1.0,n/a,53.6,5.7,"obs_days=51.9, n_samples=891, quality=QUALITY_SHORT_OBS -> insufficient/uncertain data",観測期間・サンプル数・カウンタ整合性のいずれかが不足しており信頼できる判定ができません。review_priorityに従い追加データ収集または手動レビューを行ってください。,v2.0-final,v2.0-final,v2.0-final,ThinkPad X1 Carbon Gen 12,SMP,5B11H56383
2026-06-03T16:38:27,SHIGE_TH1SVT,NORMAL_OR_RESPONDING,ACTION_NONE,high,NOT_NO_LOW_CHANGE_CANDIDATE,,,,,,False,False,False,False,False,111,12,11,104.717,34.805,13.9,318.92,106.0,13.9,0.0,78.0,100.0,22.0,0.3256,0,0,0,0,0,0,0,0,0,0,,,,0.0,-1.0,n/a,65.0,12.3,"flat_tail=13.9d, fcc_changes=111, tail_cyc=0.0, tail_ok[90/80]=0/0, unresp_complete[90/80]=0/0, large_gap[90/80]=0/0 -> FCC still updating / not a no-low-change candidate",,v2.0-final,v2.0-final,v2.0-final,ThinkPad X1 Carbon Gen 12,Celxpert,5B11H56384
2026-06-03T16:38:27,SHIGUCHI-3_shiguchi,NORMAL_OR_RESPONDING,ACTION_NONE,high,NOT_NO_LOW_CHANGE_CANDIDATE,,,,,,False,False,False,False,False,5,4,4,125.0,3.977,24.8,125.71,4.0,24.8,0.0,81.0,100.0,19.0,0.9734,0,0,0,0,0,0,0,0,0,0,,,,0.0,-1.0,n/a,73.6,14.1,"flat_tail=24.8d, fcc_changes=5, tail_cyc=0.0, tail_ok[90/80]=0/0, unresp_complete[90/80]=0/0, large_gap[90/80]=0/0 -> FCC still updating / not a no-low-change candidate",,v2.0-final,v2.0-final,v2.0-final,ThinkPad X12 Detachable Gen 2,Celxpert,5B10Z26487
2026-06-03T16:38:27,SITZ13G2JN5BETA_jnunez5,NORMAL_OR_RESPONDING,ACTION_NONE,high,NOT_NO_LOW_CHANGE_CANDIDATE,,,,,,False,False,False,False,False,41,13,13,105.128,25.348,0.0,161.75,39.0,0.0,0.0,33.0,33.0,0.0,,0,0,0,0,0,0,0,0,0,0,,,,0.0,-1.0,n/a,70.0,10.0,"flat_tail=0.0d, fcc_changes=41, tail_cyc=0.0, tail_ok[90/80]=0/0, unresp_complete[90/80]=0/0, large_gap[90/80]=0/0 -> FCC still updating / not a no-low-change candidate",,v2.0-final,v2.0-final,v2.0-final,ThinkPad Z13 Gen 2,BYD,5B10W51883
2026-06-03T16:38:27,SIWAI-PF43AVX9_siwai,NORMAL_OR_RESPONDING,ACTION_NONE,high,NOT_NO_LOW_CHANGE_CANDIDATE,,,,,,False,False,False,False,False,9,8,8,4.306,1.916,109.0,469.61,209.0,109.0,41.0,0.0,100.0,100.0,0.4163,1,7,8,1,1,2,1,1,0,0,2.832,0.0,-7.115,99.9,-1.0,n/a,39.0,71.4,"flat_tail=109.0d, fcc_changes=9, tail_cyc=41.0, tail_ok[90/80]=1/1, unresp_complete[90/80]=1/1, large_gap[90/80]=1/7 -> FCC still updating / not a no-low-change candidate",,v2.0-final,v2.0-final,v2.0-final,ThinkPad X1 Yoga Gen 7,SMP,5B10W13973
2026-06-03T16:38:27,SIWAI-PF462GGQ_localuser,REVIEW_INSUFFICIENT_DATA,ACTION_COLLECT_MORE_DATA_OR_MANUAL_REVIEW,review,REVIEW_SHORT_OBS_STALE_OR_VERY_STALE,,,REVIEW_SHORT_OBS_STALE_OR_VERY_STALE,high,観測期間<120日だがflat_tail>=60日（stale様）。優先的に追加観測。,False,False,False,False,False,0,0,0,0.0,0.0,114.2,114.2,47.0,114.2,47.0,7.0,100.0,93.0,0.4999,1,8,9,0,1,1,1,0,0,0,0.059,0.0,-0.251,18.7,-1.0,n/a,36.5,59.4,"obs_days=114.2, n_samples=1616, quality=QUALITY_SHORT_OBS -> insufficient/uncertain data",観測期間・サンプル数・カウンタ整合性のいずれかが不足しており信頼できる判定ができません。review_priorityに従い追加データ収集または手動レビューを行ってください。,v2.0-final,v2.0-final,v2.0-final,ThinkPad X1 Yoga Gen 7,SMP,5B11M90056
2026-06-03T16:38:27,SIWAI-PF462GGQ_siwai,REVIEW_INSUFFICIENT_DATA,ACTION_COLLECT_MORE_DATA_OR_MANUAL_REVIEW,review,REVIEW_SHORT_OBS_STALE_OR_VERY_STALE,,,REVIEW_SHORT_OBS_STALE_OR_VERY_STALE,high,観測期間<120日だがflat_tail>=60日（stale様）。優先的に追加観測。,False,False,False,False,False,0,0,0,0.0,0.0,107.4,107.36,43.0,107.4,43.0,7.0,100.0,93.0,0.4999,1,8,9,0,1,1,1,0,0,0,0.104,0.0,-0.34,19.5,-1.0,n/a,35.4,57.5,"obs_days=107.4, n_samples=1459, quality=QUALITY_SHORT_OBS -> insufficient/uncertain data",観測期間・サンプル数・カウンタ整合性のいずれかが不足しており信頼できる判定ができません。review_priorityに従い追加データ収集または手動レビューを行ってください。,v2.0-final,v2.0-final,v2.0-final,ThinkPad X1 Yoga Gen 7,SMP,5B11M90056
2026-06-03T16:38:27,SIWAI-PF5P5JF7_siwai,NORMAL_OR_RESPONDING,ACTION_NONE,high,NOT_NO_LOW_CHANGE_CANDIDATE,,,,,,False,False,False,False,False,33,2,2,100.0,19.978,0.3,165.18,33.0,0.3,0.0,79.0,100.0,21.0,0.3658,0,0,0,0,0,0,0,0,0,0,,,,0.0,-1.0,n/a,63.0,10.1,"flat_tail=0.3d, fcc_changes=33, tail_cyc=0.0, tail_ok[90/80]=0/0, unresp_complete[90/80]=0/0, large_gap[90/80]=0/0 -> FCC still updating / not a no-low-change candidate",,v2.0-final,v2.0-final,v2.0-final,ThinkPad X1 2-in-1 Gen 10,BYD,5B11M90100
2026-06-03T16:38:27,SKADUKUNTLA-MTB_skadukuntla,NORMAL_OR_RESPONDING,ACTION_NONE,high,NOT_NO_LOW_CHANGE_CANDIDATE,,,,,,False,False,False,False,False,26,5,5,118.182,11.763,7.0,221.04,22.0,7.0,0.0,31.0,81.0,50.0,0.6812,0,0,0,0,0,0,0,0,0,0,,,,0.0,-1.0,n/a,64.8,11.2,"flat_tail=7.0d, fcc_changes=26, tail_cyc=0.0, tail_ok[90/80]=0/0, unresp_complete[90/80]=0/0, large_gap[90/80]=0/0 -> FCC still updating / not a no-low-change candidate",,v2.0-final,v2.0-final,v2.0-final,ThinkPad L13 Gen 6,SMP,5B11M90129
2026-06-03T16:38:27,SKAWANO-F2PXEKF_seiuchi,NORMAL_OR_RESPONDING,ACTION_NONE,high,NOT_NO_LOW_CHANGE_CANDIDATE,,,,,,False,False,False,False,False,312,206,143,350.562,192.831,24.6,161.8,89.0,24.6,1.0,23.0,99.0,76.0,0.7738,0,0,0,0,0,0,0,0,0,0,,,,0.0,-1.0,n/a,69.1,14.3,"flat_tail=24.6d, fcc_changes=312, tail_cyc=1.0, tail_ok[90/80]=0/0, unresp_complete[90/80]=0/0, large_gap[90/80]=0/0 -> FCC still updating / not a no-low-change candidate",,v2.0-final,v2.0-final,v2.0-final,ThinkPad X1 Carbon Gen 9,Celxpert,5B10W13974
2026-06-03T16:38:27,SKAWANO-F2PXEKF_skawano,NORMAL_OR_RESPONDING,ACTION_NONE,high,NOT_NO_LOW_CHANGE_CANDIDATE,,,,,,False,False,False,False,False,317,210,147,337.234,95.782,23.1,330.96,94.0,23.1,1.0,78.0,100.0,22.0,0.7758,0,0,0,0,0,0,0,0,0,0,,,,0.0,-1.0,n/a,68.9,14.1,"flat_tail=23.1d, fcc_changes=317, tail_cyc=1.0, tail_ok[90/80]=0/0, unresp_complete[90/80]=0/0, large_gap[90/80]=0/0 -> FCC still updating / not a no-low-change candidate",,v2.0-final,v2.0-final,v2.0-final,ThinkPad X1 Carbon Gen 9,Celxpert,5B10W13974
2026-06-03T16:38:27,SKEENER-W0A2BT8_skeener,NORMAL_OR_RESPONDING,ACTION_NONE,high,NOT_NO_LOW_CHANGE_CANDIDATE,,,,,,False,False,False,False,False,394,108,107,134.932,49.802,2.6,791.14,292.0,2.6,0.0,83.0,100.0,17.0,0.9601,0,0,0,0,0,0,0,0,0,0,,,,0.0,-1.0,n/a,69.6,10.4,"flat_tail=2.6d, fcc_changes=394, tail_cyc=0.0, tail_ok[90/80]=0/0, unresp_complete[90/80]=0/0, large_gap[90/80]=0/0 -> FCC still updating / not a no-low-change candidate",,v2.0-final,v2.0-final,v2.0-final,ThinkPad L14 Gen 5,SMP,5B11H56396
2026-06-03T16:38:27,SKOYAMA-F2Q1LZA_skoyama,NORMAL_OR_RESPONDING,ACTION_NONE,high,NOT_NO_LOW_CHANGE_CANDIDATE,,,,,,False,False,False,False,False,123,104,76,396.774,21.966,0.0,559.95,31.0,0.0,1.0,37.0,70.0,33.0,1.0,0,0,0,0,0,0,0,0,0,0,,,,0.0,-1.0,n/a,69.5,10.2,"flat_tail=0.0d, fcc_changes=123, tail_cyc=1.0, tail_ok[90/80]=0/0, unresp_complete[90/80]=0/0, large_gap[90/80]=0/0 -> FCC still updating / not a no-low-change candidate",,v2.0-final,v2.0-final,v2.0-final,ThinkPad T14 Gen 1,,
2026-06-03T16:38:27,SLO10-PF68EAMW_slo10,REVIEW_INSUFFICIENT_DATA,ACTION_COLLECT_MORE_DATA_OR_MANUAL_REVIEW,review,REVIEW_SHORT_OBS_ACTIVE_LIKE,,,REVIEW_SHORT_OBS_ACTIVE_LIKE,low,観測期間<120日でactive様（flat_tail<60）。経過観察で十分なことが多い。,False,False,False,False,False,4,0,0,66.667,7.837,5.0,51.04,6.0,5.0,0.0,97.0,100.0,3.0,0.9916,0,0,0,0,0,0,0,0,0,0,,,,0.0,-1.0,n/a,65.7,5.8,"obs_days=51.0, n_samples=1126, quality=QUALITY_SHORT_OBS -> insufficient/uncertain data",観測期間・サンプル数・カウンタ整合性のいずれかが不足しており信頼できる判定ができません。review_priorityに従い追加データ収集または手動レビューを行ってください。,v2.0-final,v2.0-final,v2.0-final,ThinkPad X1 Carbon Gen 14,ATL,5B11M90161
2026-06-03T16:38:27,SORIDE-50000008_soride,REVIEW_INSUFFICIENT_DATA,ACTION_COLLECT_MORE_DATA_OR_MANUAL_REVIEW,review,REVIEW_SHORT_OBS_ACTIVE_LIKE,,,REVIEW_SHORT_OBS_ACTIVE_LIKE,low,観測期間<120日でactive様（flat_tail<60）。経過観察で十分なことが多い。,False,False,False,False,False,3,0,0,100.0,2.979,31.7,100.72,3.0,31.7,0.0,90.0,100.0,10.0,0.9548,0,0,0,0,0,0,0,0,0,0,,,,0.0,-1.0,n/a,69.4,10.3,"obs_days=100.7, n_samples=688, quality=QUALITY_SHORT_OBS -> insufficient/uncertain data",観測期間・サンプル数・カウンタ整合性のいずれかが不足しており信頼できる判定ができません。review_priorityに従い追加データ収集または手動レビューを行ってください。,v2.0-final,v2.0-final,v2.0-final,ThinkPad P1 Gen 7,Celxpert,5B11M37552
2026-06-03T16:38:27,SPAVLIC-F66MQCF_SPAVLIC,REVIEW_INSUFFICIENT_DATA,ACTION_COLLECT_MORE_DATA_OR_MANUAL_REVIEW,review,REVIEW_SHORT_OBS_ACTIVE_LIKE,,,REVIEW_SHORT_OBS_ACTIVE_LIKE,low,観測期間<120日でactive様（flat_tail<60）。経過観察で十分なことが多い。,False,False,False,False,False,7,2,2,100.0,25.916,0.7,27.01,7.0,0.7,0.0,80.0,100.0,20.0,0.6216,0,0,0,0,0,0,0,0,0,0,,,,0.0,-1.0,n/a,58.5,5.1,"obs_days=27.0, n_samples=478, quality=QUALITY_SHORT_OBS -> insufficient/uncertain data",観測期間・サンプル数・カウンタ整合性のいずれかが不足しており信頼できる判定ができません。review_priorityに従い追加データ収集または手動レビューを行ってください。,v2.0-final,v2.0-final,v2.0-final,ThinkPad T14 Gen 7,Sunwoda,5B11M90169
2026-06-03T16:38:27,SPETERSEN2-SBS6_spetersen2,REVIEW_INSUFFICIENT_DATA,ACTION_COLLECT_MORE_DATA_OR_MANUAL_REVIEW,review,REVIEW_SHORT_OBS_ACTIVE_LIKE,,,REVIEW_SHORT_OBS_ACTIVE_LIKE,low,観測期間<120日でactive様（flat_tail<60）。経過観察で十分なことが多い。,False,False,False,False,False,7,0,0,100.0,20.132,0.0,34.77,7.0,0.0,0.0,93.0,93.0,0.0,,0,0,0,0,0,0,0,0,0,0,,,,0.0,-1.0,n/a,65.0,5.0,"obs_days=34.8, n_samples=326, quality=QUALITY_SHORT_OBS -> insufficient/uncertain data",観測期間・サンプル数・カウンタ整合性のいずれかが不足しており信頼できる判定ができません。review_priorityに従い追加データ収集または手動レビューを行ってください。,v2.0-final,v2.0-final,v2.0-final,ThinkPad T14s Gen 6,SMP,5B11M90107
2026-06-03T16:38:27,SPOSHAR-W0J2TP0_sposhar,NORMAL_OR_RESPONDING,ACTION_NONE,high,NOT_NO_LOW_CHANGE_CANDIDATE,,,,,,False,False,False,False,False,144,44,44,127.434,51.423,0.2,280.03,113.0,0.2,0.0,40.0,100.0,60.0,0.0724,0,0,0,0,0,0,0,0,0,0,,,,0.0,-1.0,n/a,51.5,10.0,"flat_tail=0.2d, fcc_changes=144, tail_cyc=0.0, tail_ok[90/80]=0/0, unresp_complete[90/80]=0/0, large_gap[90/80]=0/0 -> FCC still updating / not a no-low-change candidate",,v2.0-final,v2.0-final,v2.0-final,ThinkPad L13 Gen 6,SMP,5B11M90129
2026-06-03T16:38:27,SSPINNER-000090_sspinner,NORMAL_OR_RESPONDING,ACTION_NONE,high,NOT_NO_LOW_CHANGE_CANDIDATE,,,,,,False,False,False,False,False,246,69,66,114.953,56.67,1.1,434.09,214.0,1.1,0.0,19.0,100.0,81.0,0.5292,0,0,0,0,0,0,0,0,0,0,,,,0.0,-1.0,n/a,60.8,10.2,"flat_tail=1.1d, fcc_changes=246, tail_cyc=0.0, tail_ok[90/80]=0/0, unresp_complete[90/80]=0/0, large_gap[90/80]=0/0 -> FCC still updating / not a no-low-change candidate",,v2.0-final,v2.0-final,v2.0-final,ThinkPad L13 2-in-1 Gen 6,SMP,5B11M90129
2026-06-03T16:38:27,SSUGIMOTO2-0011_ssugimoto2,REVIEW_INSUFFICIENT_DATA,ACTION_COLLECT_MORE_DATA_OR_MANUAL_REVIEW,review,REVIEW_SHORT_OBS_ACTIVE_LIKE,,,REVIEW_SHORT_OBS_ACTIVE_LIKE,low,観測期間<120日でactive様（flat_tail<60）。経過観察で十分なことが多い。,False,False,False,False,False,0,0,0,0.0,0.0,15.2,15.18,1.0,15.2,1.0,62.0,100.0,38.0,0.8477,0,0,0,0,0,0,0,0,0,0,,,,0.0,-1.0,n/a,64.0,7.7,"obs_days=15.2, n_samples=271, quality=QUALITY_SHORT_OBS -> insufficient/uncertain data",観測期間・サンプル数・カウンタ整合性のいずれかが不足しており信頼できる判定ができません。review_priorityに従い追加データ収集または手動レビューを行ってください。,v2.0-final,v2.0-final,v2.0-final,ThinkPad P1 Gen 8,Sunwoda,5B11M37553
2026-06-03T16:38:27,SSUGIMOTO2-6_ssugimoto2,NORMAL_OR_RESPONDING,ACTION_NONE,high,NOT_NO_LOW_CHANGE_CANDIDATE,,,,,,False,False,False,False,False,39,0,0,100.0,8.248,10.6,472.83,39.0,10.6,0.0,65.0,95.0,30.0,0.3369,0,0,0,0,0,0,0,0,0,0,,,,0.0,-1.0,n/a,61.8,11.8,"flat_tail=10.6d, fcc_changes=39, tail_cyc=0.0, tail_ok[90/80]=0/0, unresp_complete[90/80]=0/0, large_gap[90/80]=0/0 -> FCC still updating / not a no-low-change candidate",,v2.0-final,v2.0-final,v2.0-final,ThinkPad P1 Gen 7,Sunwoda,5B11M37553
2026-06-03T16:38:27,SSUGIMOTO2-7_ssugimoto2,NORMAL_OR_RESPONDING,ACTION_NONE,high,NOT_NO_LOW_CHANGE_CANDIDATE,,,,,,False,False,False,False,False,32,3,3,100.0,4.431,29.8,722.13,32.0,29.8,0.0,52.0,100.0,48.0,0.9547,0,0,0,0,0,0,0,0,0,0,,,,0.0,-1.0,n/a,74.1,15.0,"flat_tail=29.8d, fcc_changes=32, tail_cyc=0.0, tail_ok[90/80]=0/0, unresp_complete[90/80]=0/0, large_gap[90/80]=0/0 -> FCC still updating / not a no-low-change candidate",,v2.0-final,v2.0-final,v2.0-final,ThinkPad P1 Gen 7,Sunwoda,5B11M37553
2026-06-03T16:38:27,SSUGIMOTO2-PSSK_ssugimoto2,NORMAL_OR_RESPONDING,ACTION_NONE,high,NOT_NO_LOW_CHANGE_CANDIDATE,,,,,,False,False,False,False,False,28,8,7,133.333,11.067,17.6,253.0,21.0,17.6,0.0,54.0,100.0,46.0,0.8046,0,0,0,0,0,0,0,0,0,0,,,,0.0,-1.0,n/a,69.0,12.9,"flat_tail=17.6d, fcc_changes=28, tail_cyc=0.0, tail_ok[90/80]=0/0, unresp_complete[90/80]=0/0, large_gap[90/80]=0/0 -> FCC still updating / not a no-low-change candidate",,v2.0-final,v2.0-final,v2.0-final,ThinkPad P1 Gen 8,Sunwoda,5B11M37553
2026-06-03T16:38:27,STAHAMTAN-MLH1C_stahamtan,NORMAL_OR_RESPONDING,ACTION_NONE,high,NOT_NO_LOW_CHANGE_CANDIDATE,,,,,,False,False,False,False,False,113,3,3,102.727,12.611,0.1,896.07,110.0,0.1,0.0,88.0,100.0,12.0,0.634,0,0,0,0,0,0,0,0,0,0,,,,0.0,-1.0,n/a,66.0,10.0,"flat_tail=0.1d, fcc_changes=113, tail_cyc=0.0, tail_ok[90/80]=0/0, unresp_complete[90/80]=0/0, large_gap[90/80]=0/0 -> FCC still updating / not a no-low-change candidate",,v2.0-final,v2.0-final,v2.0-final,ThinkPad X1 Carbon Gen 12,Celxpert,5B11H56384
2026-06-03T16:38:27,STEVENLONG-EKAH_stevenlong,REVIEW_INSUFFICIENT_DATA,ACTION_COLLECT_MORE_DATA_OR_MANUAL_REVIEW,review,REVIEW_COUNTER_RESET,,,REVIEW_COUNTER_RESET,high,cycleCountが減少（カウンタリセット/パック異常疑い）。生ログ確認が必要。,False,False,False,False,False,32,4,4,118.519,27.802,0.0,115.1,27.0,0.0,0.0,99.0,100.0,1.0,0.2167,0,0,0,0,0,0,0,0,0,0,,,,0.0,-1.0,n/a,59.7,0.0,"obs_days=115.1, n_samples=906, quality=QUALITY_COUNTER_RESET -> insufficient/uncertain data",観測期間・サンプル数・カウンタ整合性のいずれかが不足しており信頼できる判定ができません。review_priorityに従い追加データ収集または手動レビューを行ってください。,v2.0-final,v2.0-final,v2.0-final,ThinkPad X1 Carbon Gen 13,Celxpert,5B11M90098
2026-06-03T16:38:27,STEVENLONG-XACV_stevenlong,REVIEW_INSUFFICIENT_DATA,ACTION_COLLECT_MORE_DATA_OR_MANUAL_REVIEW,review,REVIEW_SHORT_OBS_ACTIVE_LIKE,,,REVIEW_SHORT_OBS_ACTIVE_LIKE,low,観測期間<120日でactive様（flat_tail<60）。経過観察で十分なことが多い。,False,False,False,False,False,42,10,10,113.514,39.664,5.0,105.89,37.0,5.0,0.0,82.0,100.0,18.0,0.3652,0,0,0,0,0,0,0,0,0,0,,,,0.0,-1.0,n/a,59.8,5.8,"obs_days=105.9, n_samples=903, quality=QUALITY_SHORT_OBS -> insufficient/uncertain data",観測期間・サンプル数・カウンタ整合性のいずれかが不足しており信頼できる判定ができません。review_priorityに従い追加データ収集または手動レビューを行ってください。,v2.0-final,v2.0-final,v2.0-final,ThinkPad X1 Carbon Gen 12,Sunwoda,5B11H56385
2026-06-03T16:38:27,SUGAP-PF2QQVFQ_SUGAP,NORMAL_OR_RESPONDING,ACTION_NONE,high,NOT_NO_LOW_CHANGE_CANDIDATE,,,,,,False,False,False,False,False,704,417,297,288.525,191.2,0.4,368.2,244.0,0.4,0.0,100.0,100.0,0.0,1.0,0,0,0,0,0,0,0,0,0,0,,,,0.0,-1.0,n/a,70.1,10.1,"flat_tail=0.4d, fcc_changes=704, tail_cyc=0.0, tail_ok[90/80]=0/0, unresp_complete[90/80]=0/0, large_gap[90/80]=0/0 -> FCC still updating / not a no-low-change candidate",,v2.0-final,v2.0-final,v2.0-final,ThinkPad X1 Carbon Gen 9,Celxpert,5B10W13974
2026-06-03T16:38:27,SWIGGINS-0HBMT4_swiggins,NORMAL_OR_RESPONDING,ACTION_NONE,high,NOT_NO_LOW_CHANGE_CANDIDATE,,,,,,False,False,False,False,False,199,39,37,119.162,59.217,0.1,336.05,167.0,0.1,0.0,33.0,94.0,61.0,0.0003,0,0,0,0,0,0,0,0,0,0,,,,0.0,-1.0,n/a,50.0,10.0,"flat_tail=0.1d, fcc_changes=199, tail_cyc=0.0, tail_ok[90/80]=0/0, unresp_complete[90/80]=0/0, large_gap[90/80]=0/0 -> FCC still updating / not a no-low-change candidate",,v2.0-final,v2.0-final,v2.0-final,ThinkPad L13 Gen 6,SMP,5B11M90129
2026-06-03T16:38:27,SYADAVILLI-NH12_syadavilli,NORMAL_OR_RESPONDING,ACTION_NONE,high,NOT_NO_LOW_CHANGE_CANDIDATE,,,,,,False,False,False,False,False,129,38,37,127.723,57.587,11.9,224.01,101.0,11.9,0.0,48.0,100.0,52.0,1.0,0,0,0,0,0,0,0,0,0,0,,,,0.0,-1.0,n/a,72.0,12.0,"flat_tail=11.9d, fcc_changes=129, tail_cyc=0.0, tail_ok[90/80]=0/0, unresp_complete[90/80]=0/0, large_gap[90/80]=0/0 -> FCC still updating / not a no-low-change candidate",,v2.0-final,v2.0-final,v2.0-final,ThinkPad P16 Gen 3,SMP,5B11M90135
2026-06-03T16:38:27,SYAMAKI-9000027_s,REVIEW_INSUFFICIENT_DATA,ACTION_COLLECT_MORE_DATA_OR_MANUAL_REVIEW,review,REVIEW_SHORT_OBS_ACTIVE_LIKE,,,REVIEW_SHORT_OBS_ACTIVE_LIKE,low,観測期間<120日でactive様（flat_tail<60）。経過観察で十分なことが多い。,False,False,False,False,False,4,1,1,133.333,10.61,0.1,37.7,3.0,0.1,0.0,97.0,97.0,0.0,1.0,0,0,0,0,0,0,0,0,0,0,,,,0.0,-1.0,n/a,65.0,5.0,"obs_days=37.7, n_samples=700, quality=QUALITY_SHORT_OBS -> insufficient/uncertain data",観測期間・サンプル数・カウンタ整合性のいずれかが不足しており信頼できる判定ができません。review_priorityに従い追加データ収集または手動レビューを行ってください。,v2.0-final,v2.0-final,v2.0-final,ThinkPad T14s Gen 6,Sunwoda,LNV-5B11H56404
2026-06-03T16:38:27,SYANG30-W0KZBQZ_syang30,NORMAL_OR_RESPONDING,ACTION_NONE,high,NOT_NO_LOW_CHANGE_CANDIDATE,,,,,,False,False,False,False,False,95,23,23,128.378,40.23,2.0,236.14,74.0,2.0,0.0,92.0,100.0,8.0,0.6891,0,0,0,0,0,0,0,0,0,0,,,,0.0,-1.0,n/a,67.7,10.3,"flat_tail=2.0d, fcc_changes=95, tail_cyc=0.0, tail_ok[90/80]=0/0, unresp_complete[90/80]=0/0, large_gap[90/80]=0/0 -> FCC still updating / not a no-low-change candidate",,v2.0-final,v2.0-final,v2.0-final,ThinkPad T1g Gen 8,Sunwoda,5B11M37553
2026-06-03T16:38:27,SYD6_zf,REVIEW_INSUFFICIENT_DATA,ACTION_COLLECT_MORE_DATA_OR_MANUAL_REVIEW,review,REVIEW_SHORT_OBS_ACTIVE_LIKE,,,REVIEW_SHORT_OBS_ACTIVE_LIKE,low,観測期間<120日でactive様（flat_tail<60）。経過観察で十分なことが多い。,False,False,False,False,False,0,0,0,0.0,0.0,14.3,14.33,3.0,14.3,3.0,29.0,100.0,71.0,0.7982,0,0,0,0,0,0,0,0,0,0,,,,0.0,-1.0,n/a,61.8,8.0,"obs_days=14.3, n_samples=314, quality=QUALITY_SHORT_OBS -> insufficient/uncertain data",観測期間・サンプル数・カウンタ整合性のいずれかが不足しており信頼できる判定ができません。review_priorityに従い追加データ収集または手動レビューを行ってください。,v2.0-final,v2.0-final,v2.0-final,ThinkPad T14p Gen 2,SMP,5B11H56401
2026-06-03T16:38:27,T14S-GEN5-REX_shensl3,REVIEW_INSUFFICIENT_DATA,ACTION_COLLECT_MORE_DATA_OR_MANUAL_REVIEW,review,REVIEW_COUNTER_RESET,,,REVIEW_COUNTER_RESET,high,cycleCountが減少（カウンタリセット/パック異常疑い）。生ログ確認が必要。,False,False,False,False,False,244,36,36,114.019,47.334,16.5,515.49,214.0,16.5,0.0,20.0,100.0,80.0,0.1582,0,0,0,0,0,0,0,0,0,0,,,,0.0,-1.0,n/a,45.9,2.8,"obs_days=515.5, n_samples=8842, quality=QUALITY_COUNTER_RESET -> insufficient/uncertain data",観測期間・サンプル数・カウンタ整合性のいずれかが不足しており信頼できる判定ができません。review_priorityに従い追加データ収集または手動レビューを行ってください。,v2.0-final,v2.0-final,v2.0-final,ThinkPad T14s Gen 5,SMP,5B11H56407
2026-06-03T16:38:27,T14S2IN1_robbiet,REVIEW_INSUFFICIENT_DATA,ACTION_COLLECT_MORE_DATA_OR_MANUAL_REVIEW,review,REVIEW_SHORT_OBS_ACTIVE_LIKE,,,REVIEW_SHORT_OBS_ACTIVE_LIKE,low,観測期間<120日でactive様（flat_tail<60）。経過観察で十分なことが多い。,False,False,False,False,False,28,1,1,100.0,31.187,0.2,89.78,28.0,0.2,0.0,66.0,100.0,34.0,0.6494,0,0,0,0,0,0,0,0,0,0,,,,0.0,-1.0,n/a,58.0,5.0,"obs_days=89.8, n_samples=858, quality=QUALITY_SHORT_OBS -> insufficient/uncertain data",観測期間・サンプル数・カウンタ整合性のいずれかが不足しており信頼できる判定ができません。review_priorityに従い追加データ収集または手動レビューを行ってください。,v2.0-final,v2.0-final,v2.0-final,ThinkPad T14s 2-in-1 Gen 1,ATL,5B11M90108
2026-06-03T16:38:27,T14SG5-CBLI_cblindenbacher,NORMAL_OR_RESPONDING,ACTION_NONE,high,NOT_NO_LOW_CHANGE_CANDIDATE,,,,,,False,False,False,False,False,101,39,39,146.377,12.033,53.0,839.34,69.0,53.0,0.0,76.0,100.0,24.0,0.9741,0,0,0,0,0,0,0,0,0,0,,,,0.0,-1.0,n/a,78.3,18.8,"flat_tail=53.0d, fcc_changes=101, tail_cyc=0.0, tail_ok[90/80]=0/0, unresp_complete[90/80]=0/0, large_gap[90/80]=0/0 -> FCC still updating / not a no-low-change candidate",,v2.0-final,v2.0-final,v2.0-final,ThinkPad T14s Gen 5,Celxpert,5B11H56406
2026-06-03T16:38:27,TAJISAKA-49SXPJ_tajisaka,ACTIONABLE_GAUGE_RESET_INSUFFICIENT_LEARNING_OPPORTUNITY,ACTION_GAUGE_RESET,high,GAUGE_HIGH_NO_OPPORTUNITY,NO_OPPORTUNITY_AC_BOUND,,,,,True,False,True,True,True,5,5,5,3.906,0.518,573.9,965.97,128.0,573.9,69.0,14.0,100.0,86.0,0.9438,0,0,0,0,0,0,0,0,0,0,,,,0.0,1.0,MIXED,83.9,50.0,"flat_tail=573.9d, fcc_changes=5, tail_cyc=69.0, tail_ok[90/80]=0/0, unresp_complete[90/80]=0/0, large_gap[90/80]=0/0, ac=0.94, min_rsoc=14.0 -> insufficient learning opportunity",FCC/SoHが長期間更新されておらず、ログ上は深い放電→再充電の学習機会が十分に確認できません（OK品質の機会が無く、large-gapを含めても判定可能な機会がない）。安全な環境でOEM推奨のバッテリーゲージリセット/キャリブレーションを実施し、その後72h〜7日間のテレメトリでFCC更新有無を確認してください。,v2.0-final,v2.0-final,v2.0-final,ThinkPad X1 Carbon Gen 10,SMP,5B11M90056
2026-06-03T16:38:27,TBERDAR-F4G0ASQ_tberdar,ACTIONABLE_FW_CHECK_OPPORTUNITY_NO_RESPONSE,ACTION_FW_CHECK,medium,FW_MEDIUM_UNRESPONDED_COMPLETE_WINDOWS,LOW_UPDATE_RATE_WITH_OPPORTUNITIES,,,,,True,False,False,True,True,1,1,1,1.351,0.549,155.1,182.12,74.0,155.1,61.0,4.0,100.0,96.0,0.657,2,24,26,0,3,3,2,0,0,0,0.713,0.0,-1.054,49.4,1.0,MIXED,49.9,77.8,"flat_tail=155.1d, fcc_changes=1, tail_cyc=61.0, tail_ok[90/80]=0/2, unresp_complete[90/80]=0/2, large_gap[90/80]=3/24 -> complete-window opportunities present but FCC did not respond",FCC/SoHが長期間更新されておらず、ログ上は深い放電→再充電の学習機会（完全窓・OK品質）が複数回確認されるのにFCCが応答していません。BIOS/EC/バッテリー関連FWのVersion確認とアップデート有無確認を優先してください。アップデート後、次回の学習機会後72h〜7日間でFCC更新有無を確認してください。,v2.0-final,v2.0-final,v2.0-final,ThinkPad T14 Gen 4,LG,5B10W51863
2026-06-03T16:38:27,TBERDAR-F4RM5MK_tberdar,REVIEW_INSUFFICIENT_DATA,ACTION_COLLECT_MORE_DATA_OR_MANUAL_REVIEW,review,REVIEW_SHORT_OBS_ACTIVE_LIKE,,,REVIEW_SHORT_OBS_ACTIVE_LIKE,low,観測期間<120日でactive様（flat_tail<60）。経過観察で十分なことが多い。,False,False,False,False,False,51,14,11,124.39,42.792,1.0,119.18,41.0,1.0,0.0,50.0,100.0,50.0,0.5529,0,0,0,0,0,0,0,0,0,0,,,,0.0,-1.0,n/a,56.2,5.2,"obs_days=119.2, n_samples=1653, quality=QUALITY_SHORT_OBS -> insufficient/uncertain data",観測期間・サンプル数・カウンタ整合性のいずれかが不足しており信頼できる判定ができません。review_priorityに従い追加データ収集または手動レビューを行ってください。,v2.0-final,v2.0-final,v2.0-final,ThinkPad X1 Carbon Gen 12,SMP,5B11H56383
2026-06-03T16:38:27,TBERDAR-F5DC8CG_tberdar,NORMAL_OR_RESPONDING,ACTION_NONE,high,NOT_NO_LOW_CHANGE_CANDIDATE,,,,,,False,False,False,False,False,150,25,25,117.188,36.313,2.8,413.07,128.0,2.8,0.0,75.0,100.0,25.0,0.0946,0,0,0,0,0,0,0,0,0,0,,,,0.0,-1.0,n/a,62.1,10.5,"flat_tail=2.8d, fcc_changes=150, tail_cyc=0.0, tail_ok[90/80]=0/0, unresp_complete[90/80]=0/0, large_gap[90/80]=0/0 -> FCC still updating / not a no-low-change candidate",,v2.0-final,v2.0-final,v2.0-final,ThinkPad X9-14 Gen 1,Sunwoda,LNV-5B11M90102
2026-06-03T16:38:27,TBERDAR-F62QQCF_tberdar,NORMAL_OR_RESPONDING,ACTION_NONE,high,NOT_NO_LOW_CHANGE_CANDIDATE,,,,,,False,False,False,False,False,47,12,11,109.302,37.266,1.2,126.12,43.0,1.2,0.0,15.0,100.0,85.0,0.3726,0,0,0,0,0,0,0,0,0,0,,,,0.0,-1.0,n/a,57.7,10.2,"flat_tail=1.2d, fcc_changes=47, tail_cyc=0.0, tail_ok[90/80]=0/0, unresp_complete[90/80]=0/0, large_gap[90/80]=0/0 -> FCC still updating / not a no-low-change candidate",,v2.0-final,v2.0-final,v2.0-final,ThinkPad T14 Gen 7,Celxpert,5B11M90174
2026-06-03T16:38:27,TCHONAN-F49QH11_tchonan,NORMAL_OR_RESPONDING,ACTION_NONE,high,NOT_NO_LOW_CHANGE_CANDIDATE,,,,,,False,False,False,False,False,955,650,430,401.261,204.444,1.0,467.12,238.0,1.0,0.0,97.0,100.0,3.0,0.8299,0,0,0,0,0,0,0,0,0,0,,,,0.0,-1.0,n/a,69.2,10.2,"flat_tail=1.0d, fcc_changes=955, tail_cyc=0.0, tail_ok[90/80]=0/0, unresp_complete[90/80]=0/0, large_gap[90/80]=0/0 -> FCC still updating / not a no-low-change candidate",,v2.0-final,v2.0-final,v2.0-final,ThinkPad X1 Carbon Gen 10,,
2026-06-03T16:38:27,THAMES2BESVT_apham,REVIEW_INSUFFICIENT_DATA,ACTION_COLLECT_MORE_DATA_OR_MANUAL_REVIEW,review,REVIEW_SHORT_OBS_ACTIVE_LIKE,,,REVIEW_SHORT_OBS_ACTIVE_LIKE,low,観測期間<120日でactive様（flat_tail<60）。経過観察で十分なことが多い。,False,False,False,False,False,21,0,0,210.0,27.653,7.9,75.94,10.0,7.9,0.0,87.0,100.0,13.0,0.8815,0,0,0,0,0,0,0,0,0,0,,,,0.0,-1.0,n/a,63.9,6.3,"obs_days=75.9, n_samples=968, quality=QUALITY_SHORT_OBS -> insufficient/uncertain data",観測期間・サンプル数・カウンタ整合性のいずれかが不足しており信頼できる判定ができません。review_priorityに従い追加データ収集または手動レビューを行ってください。,v2.0-final,v2.0-final,v2.0-final,ThinkPad X1 Carbon Gen 13,SMP,5B11M90097
2026-06-03T16:38:27,THAMES2EEPSVT_apham,REVIEW_INSUFFICIENT_DATA,ACTION_COLLECT_MORE_DATA_OR_MANUAL_REVIEW,review,REVIEW_SHORT_OBS_ACTIVE_LIKE,,,REVIEW_SHORT_OBS_ACTIVE_LIKE,low,観測期間<120日でactive様（flat_tail<60）。経過観察で十分なことが多い。,False,False,False,False,False,16,0,0,177.778,24.125,3.1,66.32,9.0,3.1,0.0,92.0,100.0,8.0,0.8753,0,0,0,0,0,0,0,0,0,0,,,,0.0,-1.0,n/a,63.0,5.5,"obs_days=66.3, n_samples=1518, quality=QUALITY_SHORT_OBS -> insufficient/uncertain data",観測期間・サンプル数・カウンタ整合性のいずれかが不足しており信頼できる判定ができません。review_priorityに従い追加データ収集または手動レビューを行ってください。,v2.0-final,v2.0-final,v2.0-final,ThinkPad X1 Carbon Gen 13,SMP,5B11M90097
2026-06-03T16:38:27,THAMES_SIT,NORMAL_OR_RESPONDING,ACTION_NONE,high,NOT_NO_LOW_CHANGE_CANDIDATE,,,,,,False,False,False,False,False,16,1,1,106.667,10.892,40.7,146.9,15.0,40.7,0.0,33.0,98.0,65.0,0.1036,0,0,0,0,0,0,0,0,0,0,,,,0.0,-1.0,n/a,58.9,16.8,"flat_tail=40.7d, fcc_changes=16, tail_cyc=0.0, tail_ok[90/80]=0/0, unresp_complete[90/80]=0/0, large_gap[90/80]=0/0 -> FCC still updating / not a no-low-change candidate",,v2.0-final,v2.0-final,v2.0-final,ThinkPad X1 Carbon Gen 12,Celxpert,5B11H56384
2026-06-03T16:38:27,THANNA-PF3SLBYQ_thanna,NORMAL_OR_RESPONDING,ACTION_NONE,high,NOT_NO_LOW_CHANGE_CANDIDATE,,,,,,False,False,False,False,False,52,41,13,130.0,6.848,48.6,759.3,40.0,48.6,0.0,36.0,100.0,64.0,0.959,0,0,0,0,0,0,0,0,0,0,,,,0.0,-1.0,n/a,77.3,18.1,"flat_tail=48.6d, fcc_changes=52, tail_cyc=0.0, tail_ok[90/80]=0/0, unresp_complete[90/80]=0/0, large_gap[90/80]=0/0 -> FCC still updating / not a no-low-change candidate",,v2.0-final,v2.0-final,v2.0-final,ThinkPad P16v Gen 1,Celxpert,5B11H56374
2026-06-03T16:38:27,THANNA-PW0KQC0Y_thanna,NORMAL_OR_RESPONDING,ACTION_NONE,high,NOT_NO_LOW_CHANGE_CANDIDATE,,,,,,False,False,False,False,False,81,22,22,135.0,30.451,7.0,266.0,60.0,7.0,0.0,87.0,100.0,13.0,0.9637,0,0,0,0,0,0,0,0,0,0,,,,0.0,-1.0,n/a,70.4,11.2,"flat_tail=7.0d, fcc_changes=81, tail_cyc=0.0, tail_ok[90/80]=0/0, unresp_complete[90/80]=0/0, large_gap[90/80]=0/0 -> FCC still updating / not a no-low-change candidate",,v2.0-final,v2.0-final,v2.0-final,ThinkPad P1 Gen 8,Sunwoda,5B11M37553
2026-06-03T16:38:27,THANSON-F5NV1S7_thanson,NORMAL_OR_RESPONDING,ACTION_NONE,high,NOT_NO_LOW_CHANGE_CANDIDATE,,,,,,False,False,False,False,False,132,44,42,138.947,52.379,0.1,252.01,95.0,0.1,0.0,75.0,100.0,25.0,1.0,0,0,0,0,0,0,0,0,0,0,,,,0.0,-1.0,n/a,70.0,10.0,"flat_tail=0.1d, fcc_changes=132, tail_cyc=0.0, tail_ok[90/80]=0/0, unresp_complete[90/80]=0/0, large_gap[90/80]=0/0 -> FCC still updating / not a no-low-change candidate",,v2.0-final,v2.0-final,v2.0-final,ThinkPad P14s Gen 6,Sunwoda,5B11M90119
2026-06-03T16:38:27,TK-THAMES2_takay,WATCH_LOW_UPDATE_RATE_AMBIGUOUS,ACTION_MONITOR_OR_MANUAL_REVIEW,low,WATCH_POSSIBLE_OPPORTUNITY_WITH_LARGE_GAPS,,WATCH_POSSIBLE_OPPORTUNITY_WITH_LARGE_GAPS,,,,True,False,True,True,True,1,1,0,1.786,0.302,193.2,331.67,56.0,193.2,18.0,6.0,100.0,94.0,0.5392,0,1,1,0,0,0,0,0,0,0,,,,0.0,1.0,MIXED,69.3,43.6,"flat_tail=193.2d, fcc_changes=1, tail_cyc=18.0, tail_ok[90/80]=0/0, unresp_complete[90/80]=0/0, large_gap[90/80]=0/1 -> ambiguous (watch)",FCC更新率は低いが完全凍結ではない/学習機会がlarge-gapまたは打ち切りで確証が弱い/境界的のため、FW確認に回す前にモニタリングまたは手動レビューを推奨します。,v2.0-final,v2.0-final,v2.0-final,ThinkPad X1 Carbon Gen 13,SMP,5B11M90097
2026-06-03T16:38:27,TKOIKE-PF43BEK1_tkoide,NORMAL_OR_RESPONDING,ACTION_NONE,high,NOT_NO_LOW_CHANGE_CANDIDATE,,,,,,False,False,False,False,False,18,13,13,5.357,1.56,139.0,1154.12,336.0,139.0,11.0,0.0,100.0,100.0,0.5428,0,6,6,0,5,5,0,0,0,0,,,,0.0,-1.0,n/a,57.1,35.4,"flat_tail=139.0d, fcc_changes=18, tail_cyc=11.0, tail_ok[90/80]=0/0, unresp_complete[90/80]=0/0, large_gap[90/80]=5/6 -> FCC still updating / not a no-low-change candidate",,v2.0-final,v2.0-final,v2.0-final,ThinkPad X1 Carbon Gen 10,SMP,5B11M90056
2026-06-03T16:38:27,TLIN29-PF4EHFCT_tlin29,NORMAL_OR_RESPONDING,ACTION_NONE,high,NOT_NO_LOW_CHANGE_CANDIDATE,,,,,,False,False,False,False,False,52,0,0,100.0,18.565,1.2,280.1,52.0,1.2,0.0,90.0,100.0,10.0,0.8368,0,0,0,0,0,0,0,0,0,0,,,,0.0,-1.0,n/a,66.9,10.2,"flat_tail=1.2d, fcc_changes=52, tail_cyc=0.0, tail_ok[90/80]=0/0, unresp_complete[90/80]=0/0, large_gap[90/80]=0/0 -> FCC still updating / not a no-low-change candidate",,v2.0-final,v2.0-final,v2.0-final,ThinkPad X13 Gen 4,Celxpert,5B11H56367
2026-06-03T16:38:27,TM1SIT1XPF4LA6X_EEP,WATCH_LOW_UPDATE_RATE_AMBIGUOUS,ACTION_MONITOR_OR_MANUAL_REVIEW,low,WATCH_POSSIBLE_OPPORTUNITY_WITH_LARGE_GAPS,,WATCH_POSSIBLE_OPPORTUNITY_WITH_LARGE_GAPS,,,,True,False,True,False,False,13,3,0,22.807,2.022,286.8,642.78,57.0,286.8,14.0,1.0,96.0,95.0,0.8668,0,3,3,0,0,0,0,0,0,0,,,,0.0,1.0,MIXED,71.6,42.8,"flat_tail=286.8d, fcc_changes=13, tail_cyc=14.0, tail_ok[90/80]=0/0, unresp_complete[90/80]=0/0, large_gap[90/80]=0/3 -> ambiguous (watch)",FCC更新率は低いが完全凍結ではない/学習機会がlarge-gapまたは打ち切りで確証が弱い/境界的のため、FW確認に回す前にモニタリングまたは手動レビューを推奨します。,v2.0-final,v2.0-final,v2.0-final,ThinkPad X1 Carbon Gen 12,SMP,5B11H56383
2026-06-03T16:38:27,TMIYAMOTO1-75C2_tmiyamoto1,REVIEW_INSUFFICIENT_DATA,ACTION_COLLECT_MORE_DATA_OR_MANUAL_REVIEW,review,REVIEW_SHORT_OBS_ACTIVE_LIKE,,,REVIEW_SHORT_OBS_ACTIVE_LIKE,low,観測期間<120日でactive様（flat_tail<60）。経過観察で十分なことが多い。,False,False,False,False,False,45,10,10,118.421,107.117,1.0,42.01,38.0,1.0,0.0,61.0,100.0,39.0,0.7018,0,0,0,0,0,0,0,0,0,0,,,,0.0,-1.0,n/a,59.2,5.2,"obs_days=42.0, n_samples=911, quality=QUALITY_SHORT_OBS -> insufficient/uncertain data",観測期間・サンプル数・カウンタ整合性のいずれかが不足しており信頼できる判定ができません。review_priorityに従い追加データ収集または手動レビューを行ってください。,v2.0-final,v2.0-final,v2.0-final,ThinkPad T14s Gen 3,BYD,LNV-5B10W51877
2026-06-03T16:38:27,TMOCHIZUKI-FHMH_tmochizuki,WATCH_LOW_UPDATE_RATE_AMBIGUOUS,ACTION_MONITOR_OR_MANUAL_REVIEW,low,WATCH_POSSIBLE_OPPORTUNITY_WITH_LARGE_GAPS,,WATCH_POSSIBLE_OPPORTUNITY_WITH_LARGE_GAPS,,,,True,True,True,False,True,0,0,0,0.0,0.0,312.3,312.26,4.0,312.3,4.0,2.0,100.0,98.0,0.9788,0,3,3,0,3,3,0,0,0,0,,,,0.0,1.0,MIXED,78.8,40.8,"flat_tail=312.3d, fcc_changes=0, tail_cyc=4.0, tail_ok[90/80]=0/0, unresp_complete[90/80]=0/0, large_gap[90/80]=3/3 -> ambiguous (watch)",FCC更新率は低いが完全凍結ではない/学習機会がlarge-gapまたは打ち切りで確証が弱い/境界的のため、FW確認に回す前にモニタリングまたは手動レビューを推奨します。,v2.0-final,v2.0-final,v2.0-final,ThinkPad T14 Gen 4,Celxpert,5B10W51866
2026-06-03T16:38:27,TMORIWAKI-00019_tmoriwaki,NORMAL_OR_RESPONDING,ACTION_NONE,high,NOT_NO_LOW_CHANGE_CANDIDATE,,,,,,False,False,False,False,False,92,9,9,110.843,33.594,0.1,273.86,83.0,0.1,0.0,100.0,100.0,0.0,1.0,0,0,0,0,0,0,0,0,0,0,,,,0.0,-1.0,n/a,70.0,10.0,"flat_tail=0.1d, fcc_changes=92, tail_cyc=0.0, tail_ok[90/80]=0/0, unresp_complete[90/80]=0/0, large_gap[90/80]=0/0 -> FCC still updating / not a no-low-change candidate",,v2.0-final,v2.0-final,v2.0-final,ThinkPad P1 Gen 7,Celxpert,5B11M37552
2026-06-03T16:38:27,TNAKAMURA8-CRZW_tnakamura8,ACTIONABLE_FW_CHECK_OPPORTUNITY_NO_RESPONSE,ACTION_FW_CHECK,high,FW_HIGH_UNRESPONDED_COMPLETE_WINDOWS,TERMINAL_FREEZE_AFTER_OPPORTUNITIES,,,,,True,False,True,True,True,11,11,11,1.843,1.29,328.4,852.9,597.0,328.4,108.0,0.0,100.0,100.0,0.6882,3,13,16,3,11,14,3,3,0,0,3.492,0.0,-4.082,98.3,1.0,MIXED,55.0,100.0,"flat_tail=328.4d, fcc_changes=11, tail_cyc=108.0, tail_ok[90/80]=3/3, unresp_complete[90/80]=3/3, large_gap[90/80]=11/13 -> complete-window opportunities present but FCC did not respond",FCC/SoHが長期間更新されておらず、ログ上は深い放電→再充電の学習機会（完全窓・OK品質）が複数回確認されるのにFCCが応答していません。BIOS/EC/バッテリー関連FWのVersion確認とアップデート有無確認を優先してください。アップデート後、次回の学習機会後72h〜7日間でFCC更新有無を確認してください。,v2.0-final,v2.0-final,v2.0-final,ThinkPad X1 Carbon Gen 10,Sunwoda,5B10W13975
2026-06-03T16:38:27,TOM_thiller,NORMAL_OR_RESPONDING,ACTION_NONE,high,NOT_NO_LOW_CHANGE_CANDIDATE,,,,,,False,False,False,False,False,38,13,13,131.034,10.44,6.1,363.98,29.0,6.1,0.0,94.0,100.0,6.0,0.9301,0,0,0,0,0,0,0,0,0,0,,,,0.0,-1.0,n/a,69.6,11.0,"flat_tail=6.1d, fcc_changes=38, tail_cyc=0.0, tail_ok[90/80]=0/0, unresp_complete[90/80]=0/0, large_gap[90/80]=0/0 -> FCC still updating / not a no-low-change candidate",,v2.0-final,v2.0-final,v2.0-final,ThinkPad L16 Gen 2,Sunwoda,5B11M90110
2026-06-03T16:38:27,TP-X1C-G11_emmet,WATCH_LOW_UPDATE_RATE_AMBIGUOUS,ACTION_MONITOR_OR_MANUAL_REVIEW,low,WATCH_POSSIBLE_OPPORTUNITY_WITH_LARGE_GAPS,,WATCH_POSSIBLE_OPPORTUNITY_WITH_LARGE_GAPS,,,,True,False,False,False,True,1,1,1,4.0,0.54,176.5,185.27,25.0,176.5,22.0,1.0,100.0,99.0,0.5968,0,4,4,0,1,1,0,0,0,0,,,,0.0,1.0,MIXED,60.4,43.8,"flat_tail=176.5d, fcc_changes=1, tail_cyc=22.0, tail_ok[90/80]=0/0, unresp_complete[90/80]=0/0, large_gap[90/80]=1/4 -> ambiguous (watch)",FCC更新率は低いが完全凍結ではない/学習機会がlarge-gapまたは打ち切りで確証が弱い/境界的のため、FW確認に回す前にモニタリングまたは手動レビューを推奨します。,v2.0-final,v2.0-final,v2.0-final,ThinkPad X1 Carbon Gen 11,Sunwoda,5B10W13975
2026-06-03T16:38:27,TPARRISH2-00047_tparrish2,REVIEW_INSUFFICIENT_DATA,ACTION_COLLECT_MORE_DATA_OR_MANUAL_REVIEW,review,REVIEW_SHORT_OBS_ACTIVE_LIKE,,,REVIEW_SHORT_OBS_ACTIVE_LIKE,low,観測期間<120日でactive様（flat_tail<60）。経過観察で十分なことが多い。,False,False,False,False,False,14,3,3,116.667,16.482,0.0,84.94,12.0,0.0,0.0,94.0,100.0,6.0,1.0,0,0,0,0,0,0,0,0,0,0,,,,0.0,-1.0,n/a,65.0,5.0,"obs_days=84.9, n_samples=506, quality=QUALITY_SHORT_OBS -> insufficient/uncertain data",観測期間・サンプル数・カウンタ整合性のいずれかが不足しており信頼できる判定ができません。review_priorityに従い追加データ収集または手動レビューを行ってください。,v2.0-final,v2.0-final,v2.0-final,ThinkPad P1 Gen 9,COSMX,5B11M90164
2026-06-03T16:38:27,TRICHARDSON-GP9_trichardson,NORMAL_OR_RESPONDING,ACTION_NONE,high,NOT_NO_LOW_CHANGE_CANDIDATE,,,,,,False,False,False,False,False,129,14,14,94.853,19.516,0.0,660.99,136.0,0.0,0.0,96.0,96.0,0.0,,0,0,0,0,0,0,0,0,0,0,,,,0.0,-1.0,n/a,70.0,10.0,"flat_tail=0.0d, fcc_changes=129, tail_cyc=0.0, tail_ok[90/80]=0/0, unresp_complete[90/80]=0/0, large_gap[90/80]=0/0 -> FCC still updating / not a no-low-change candidate",,v2.0-final,v2.0-final,v2.0-final,ThinkPad P1 Gen 6,Sunwoda,5B11K07737
2026-06-03T16:38:27,TRICHARDSON-NKH_trichardson,NORMAL_OR_RESPONDING,ACTION_NONE,high,NOT_NO_LOW_CHANGE_CANDIDATE,,,,,,False,False,False,False,False,44,10,10,122.222,18.484,0.6,238.04,36.0,0.6,0.0,49.0,99.0,50.0,0.5398,0,0,0,0,0,0,0,0,0,0,,,,0.0,-1.0,n/a,60.9,10.1,"flat_tail=0.6d, fcc_changes=44, tail_cyc=0.0, tail_ok[90/80]=0/0, unresp_complete[90/80]=0/0, large_gap[90/80]=0/0 -> FCC still updating / not a no-low-change candidate",,v2.0-final,v2.0-final,v2.0-final,ThinkPad P14s Gen 6,Sunwoda,5B11M90121
2026-06-03T16:38:27,TSCOTT2-F4RVJLS_tscott2,NORMAL_OR_RESPONDING,ACTION_NONE,high,NOT_NO_LOW_CHANGE_CANDIDATE,,,,,,False,False,False,False,False,109,18,17,117.204,26.488,23.4,411.51,93.0,23.4,0.0,3.0,12.0,9.0,0.0003,0,0,0,0,0,0,0,0,0,0,,,,0.0,-1.0,n/a,70.9,13.9,"flat_tail=23.4d, fcc_changes=109, tail_cyc=0.0, tail_ok[90/80]=0/0, unresp_complete[90/80]=0/0, large_gap[90/80]=0/0 -> FCC still updating / not a no-low-change candidate",,v2.0-final,v2.0-final,v2.0-final,ThinkPad T14s Gen 5,SMP,5B11H56407
2026-06-03T16:38:27,TSCOTT2-F58PHQH_tscott2,NORMAL_OR_RESPONDING,ACTION_NONE,high,NOT_NO_LOW_CHANGE_CANDIDATE,,,,,,False,False,False,False,False,88,5,5,104.762,22.055,0.1,399.01,84.0,0.1,0.0,88.0,100.0,12.0,0.2176,0,0,0,0,0,0,0,0,0,0,,,,0.0,-1.0,n/a,66.0,10.0,"flat_tail=0.1d, fcc_changes=88, tail_cyc=0.0, tail_ok[90/80]=0/0, unresp_complete[90/80]=0/0, large_gap[90/80]=0/0 -> FCC still updating / not a no-low-change candidate",,v2.0-final,v2.0-final,v2.0-final,ThinkPad X1 Carbon Gen 13,BYD,5B11M90100
2026-06-03T16:38:27,TSCOTT2-F5CERG3_tscott2,REVIEW_INSUFFICIENT_DATA,ACTION_COLLECT_MORE_DATA_OR_MANUAL_REVIEW,review,REVIEW_SHORT_OBS_ACTIVE_LIKE,,,REVIEW_SHORT_OBS_ACTIVE_LIKE,low,観測期間<120日でactive様（flat_tail<60）。経過観察で十分なことが多い。,False,False,False,False,False,13,0,0,144.444,27.134,6.1,47.91,9.0,6.1,0.0,63.0,100.0,37.0,0.2312,0,0,0,0,0,0,0,0,0,0,,,,0.0,-1.0,n/a,53.7,6.0,"obs_days=47.9, n_samples=403, quality=QUALITY_SHORT_OBS -> insufficient/uncertain data",観測期間・サンプル数・カウンタ整合性のいずれかが不足しており信頼できる判定ができません。review_priorityに従い追加データ収集または手動レビューを行ってください。,v2.0-final,v2.0-final,v2.0-final,ThinkPad X1 2-in-1 Gen 10,SMP,5B11M90097
2026-06-03T16:38:27,TSUZUKI26-9VQR2_tsuzuki26,NORMAL_OR_RESPONDING,ACTION_NONE,high,NOT_NO_LOW_CHANGE_CANDIDATE,,,,,,False,False,False,False,False,18,11,10,5.143,2.142,1.9,840.32,350.0,1.9,0.0,2.0,14.0,12.0,0.0,0,0,0,0,0,0,0,0,0,0,,,,0.0,-1.0,n/a,66.3,10.3,"flat_tail=1.9d, fcc_changes=18, tail_cyc=0.0, tail_ok[90/80]=0/0, unresp_complete[90/80]=0/0, large_gap[90/80]=0/0 -> FCC still updating / not a no-low-change candidate",,v2.0-final,v2.0-final,v2.0-final,ThinkPad X1 Yoga Gen 7,SMP,5B11M90056
2026-06-03T16:38:27,TTARRATS-09S0Z9_ttarrats,NORMAL_OR_RESPONDING,ACTION_NONE,high,NOT_NO_LOW_CHANGE_CANDIDATE,,,,,,False,False,False,False,False,11,0,0,100.0,6.04,2.6,182.11,11.0,2.6,0.0,95.0,100.0,5.0,0.987,0,0,0,0,0,0,0,0,0,0,,,,0.0,-1.0,n/a,70.2,10.4,"flat_tail=2.6d, fcc_changes=11, tail_cyc=0.0, tail_ok[90/80]=0/0, unresp_complete[90/80]=0/0, large_gap[90/80]=0/0 -> FCC still updating / not a no-low-change candidate",,v2.0-final,v2.0-final,v2.0-final,ThinkPad L14 Gen 5,Sunwoda,5B11H56398
2026-06-03T16:38:27,TTOMIMATSU-DC3F_ttomimatsu,NORMAL_OR_RESPONDING,ACTION_NONE,high,NOT_NO_LOW_CHANGE_CANDIDATE,,,,,,False,False,False,False,False,221,160,92,242.857,38.825,2.9,569.22,91.0,2.9,0.0,48.0,79.0,31.0,1.0,0,0,0,0,0,0,0,0,0,0,,,,0.0,-1.0,n/a,70.5,10.5,"flat_tail=2.9d, fcc_changes=221, tail_cyc=0.0, tail_ok[90/80]=0/0, unresp_complete[90/80]=0/0, large_gap[90/80]=0/0 -> FCC still updating / not a no-low-change candidate",,v2.0-final,v2.0-final,v2.0-final,ThinkPad X1 Yoga Gen 6,Celxpert,5B10W13974
2026-06-03T16:38:27,TYLER_tparrish2,REVIEW_INSUFFICIENT_DATA,ACTION_COLLECT_MORE_DATA_OR_MANUAL_REVIEW,review,REVIEW_SHORT_OBS_ACTIVE_LIKE,,,REVIEW_SHORT_OBS_ACTIVE_LIKE,low,観測期間<120日でactive様（flat_tail<60）。経過観察で十分なことが多い。,False,False,False,False,False,5,0,0,100.0,4.203,8.9,118.95,5.0,8.9,0.0,82.0,100.0,18.0,0.9726,0,0,0,0,0,0,0,0,0,0,,,,0.0,-1.0,n/a,65.9,6.5,"obs_days=119.0, n_samples=1208, quality=QUALITY_SHORT_OBS -> insufficient/uncertain data",観測期間・サンプル数・カウンタ整合性のいずれかが不足しており信頼できる判定ができません。review_priorityに従い追加データ収集または手動レビューを行ってください。,v2.0-final,v2.0-final,v2.0-final,ThinkPad T14s Gen 6,Celxpert,5B11M90106
2026-06-03T16:38:27,UINABA-GM114QLP_uinaba,REVIEW_INSUFFICIENT_DATA,ACTION_COLLECT_MORE_DATA_OR_MANUAL_REVIEW,review,REVIEW_SHORT_OBS_ACTIVE_LIKE,,,REVIEW_SHORT_OBS_ACTIVE_LIKE,low,観測期間<120日でactive様（flat_tail<60）。経過観察で十分なことが多い。,False,False,False,False,False,1,0,0,33.333,4.983,1.2,20.07,3.0,1.2,0.0,90.0,100.0,10.0,0.6857,0,0,0,0,0,0,0,0,0,0,,,,0.0,-1.0,n/a,61.9,5.2,"obs_days=20.1, n_samples=295, quality=QUALITY_SHORT_OBS -> insufficient/uncertain data",観測期間・サンプル数・カウンタ整合性のいずれかが不足しており信頼できる判定ができません。review_priorityに従い追加データ収集または手動レビューを行ってください。,v2.0-final,v2.0-final,v2.0-final,ThinkPad T14s Gen 6,SMP,5B11H56407
2026-06-03T16:38:27,VBARONE-F67TWPP_vbarone,REVIEW_INSUFFICIENT_DATA,ACTION_COLLECT_MORE_DATA_OR_MANUAL_REVIEW,review,REVIEW_SHORT_OBS_ACTIVE_LIKE,,,REVIEW_SHORT_OBS_ACTIVE_LIKE,low,観測期間<120日でactive様（flat_tail<60）。経過観察で十分なことが多い。,False,False,False,False,False,0,0,0,0.0,0.0,14.1,14.08,1.0,14.1,1.0,49.0,100.0,51.0,0.8212,0,0,0,0,0,0,0,0,0,0,,,,0.0,-1.0,n/a,63.3,7.6,"obs_days=14.1, n_samples=272, quality=QUALITY_SHORT_OBS -> insufficient/uncertain data",観測期間・サンプル数・カウンタ整合性のいずれかが不足しており信頼できる判定ができません。review_priorityに従い追加データ収集または手動レビューを行ってください。,v2.0-final,v2.0-final,v2.0-final,ThinkPad T14s Gen 7,Sunwoda,5B11M90160
2026-06-03T16:38:27,VISHNU_vkotipalli1,NORMAL_OR_RESPONDING,ACTION_NONE,high,NOT_NO_LOW_CHANGE_CANDIDATE,,,,,,False,False,False,False,False,52,19,19,133.333,19.481,0.9,266.92,39.0,0.9,0.0,10.0,100.0,90.0,0.0,0,0,0,0,0,0,0,0,0,0,,,,0.0,-1.0,n/a,50.1,10.2,"flat_tail=0.9d, fcc_changes=52, tail_cyc=0.0, tail_ok[90/80]=0/0, unresp_complete[90/80]=0/0, large_gap[90/80]=0/0 -> FCC still updating / not a no-low-change candidate",,v2.0-final,v2.0-final,v2.0-final,ThinkPad P1 Gen 8,Sunwoda,5B11M37553
2026-06-03T16:38:27,VSHARAK-F66KN1E_vsharak,REVIEW_INSUFFICIENT_DATA,ACTION_COLLECT_MORE_DATA_OR_MANUAL_REVIEW,review,REVIEW_SHORT_OBS_ACTIVE_LIKE,,,REVIEW_SHORT_OBS_ACTIVE_LIKE,low,観測期間<120日でactive様（flat_tail<60）。経過観察で十分なことが多い。,False,False,False,False,False,3,1,1,150.0,37.175,0.9,8.07,2.0,0.9,0.0,61.0,100.0,39.0,0.0,0,0,0,0,0,0,0,0,0,0,,,,0.0,-1.0,n/a,52.1,5.2,"obs_days=8.1, n_samples=256, quality=QUALITY_SHORT_OBS -> insufficient/uncertain data",観測期間・サンプル数・カウンタ整合性のいずれかが不足しており信頼できる判定ができません。review_priorityに従い追加データ収集または手動レビューを行ってください。,v2.0-final,v2.0-final,v2.0-final,ThinkPad P14s Gen 7 AMD,BYD,5B11M90171
2026-06-03T16:38:27,WANGLYB-5FGJED_wanglyb,REVIEW_INSUFFICIENT_DATA,ACTION_COLLECT_MORE_DATA_OR_MANUAL_REVIEW,review,REVIEW_COUNTER_RESET,,,REVIEW_COUNTER_RESET,high,cycleCountが減少（カウンタリセット/パック異常疑い）。生ログ確認が必要。,False,False,False,False,False,55,1,1,141.026,42.308,1.4,130.0,39.0,1.4,0.0,70.0,100.0,30.0,0.6803,0,0,0,0,0,0,0,0,0,0,,,,0.0,-1.0,n/a,53.8,0.2,"obs_days=130.0, n_samples=2201, quality=QUALITY_COUNTER_RESET -> insufficient/uncertain data",観測期間・サンプル数・カウンタ整合性のいずれかが不足しており信頼できる判定ができません。review_priorityに従い追加データ収集または手動レビューを行ってください。,v2.0-final,v2.0-final,v2.0-final,ThinkPad X1 Carbon Gen 13,SMP,5B11M90097
2026-06-03T16:38:27,WANGTC3-F4210KH_wangtc3,WATCH_LOW_UPDATE_RATE_AMBIGUOUS,ACTION_MONITOR_OR_MANUAL_REVIEW,low,WATCH_POSSIBLE_OPPORTUNITY_WITH_LARGE_GAPS,,WATCH_POSSIBLE_OPPORTUNITY_WITH_LARGE_GAPS,,,,True,False,False,False,True,12,8,8,7.895,1.409,35.8,851.86,152.0,35.8,12.0,2.0,100.0,98.0,0.8226,0,6,6,0,1,1,0,0,0,0,,,,0.0,1.0,MIXED,45.0,18.4,"flat_tail=35.8d, fcc_changes=12, tail_cyc=12.0, tail_ok[90/80]=0/0, unresp_complete[90/80]=0/0, large_gap[90/80]=1/6 -> ambiguous (watch)",FCC更新率は低いが完全凍結ではない/学習機会がlarge-gapまたは打ち切りで確証が弱い/境界的のため、FW確認に回す前にモニタリングまたは手動レビューを推奨します。,v2.0-final,v2.0-final,v2.0-final,ThinkPad T14s Gen 3,SMP,5B10W51875
2026-06-03T16:38:27,WCARTER-F3SKVGA_wcarter,NORMAL_OR_RESPONDING,ACTION_NONE,high,NOT_NO_LOW_CHANGE_CANDIDATE,,,,,,False,False,False,False,False,8,8,8,38.095,2.624,40.0,304.82,21.0,40.0,2.0,6.0,100.0,94.0,0.5728,0,0,0,0,0,0,0,0,0,0,,,,0.0,-1.0,n/a,67.1,17.1,"flat_tail=40.0d, fcc_changes=8, tail_cyc=2.0, tail_ok[90/80]=0/0, unresp_complete[90/80]=0/0, large_gap[90/80]=0/0 -> FCC still updating / not a no-low-change candidate",,v2.0-final,v2.0-final,v2.0-final,ThinkPad P16v Gen 1,SMP,5B11H56373
2026-06-03T16:38:27,WCHANG11-4C429A_wchang11,NORMAL_OR_RESPONDING,ACTION_NONE,high,NOT_NO_LOW_CHANGE_CANDIDATE,,,,,,False,False,False,False,False,53,37,7,115.217,4.949,13.2,1071.0,46.0,13.2,0.0,95.0,100.0,5.0,1.0,0,0,0,0,0,0,0,0,0,0,,,,0.0,-1.0,n/a,72.2,12.2,"flat_tail=13.2d, fcc_changes=53, tail_cyc=0.0, tail_ok[90/80]=0/0, unresp_complete[90/80]=0/0, large_gap[90/80]=0/0 -> FCC still updating / not a no-low-change candidate",,v2.0-final,v2.0-final,v2.0-final,ThinkPad P16v Gen 1,Celxpert,5B11H56374
2026-06-03T16:38:27,WCHANG11-4Y8ZWG_wchang11,NORMAL_OR_RESPONDING,ACTION_NONE,high,NOT_NO_LOW_CHANGE_CANDIDATE,,,,,,False,False,False,False,False,71,3,3,102.899,10.14,27.1,700.19,69.0,27.1,0.0,65.0,100.0,35.0,0.2715,0,0,0,0,0,0,0,0,0,0,,,,0.0,-1.0,n/a,62.9,14.5,"flat_tail=27.1d, fcc_changes=71, tail_cyc=0.0, tail_ok[90/80]=0/0, unresp_complete[90/80]=0/0, large_gap[90/80]=0/0 -> FCC still updating / not a no-low-change candidate",,v2.0-final,v2.0-final,v2.0-final,ThinkPad P16s Gen 3,Sunwoda,5B11H56402
2026-06-03T16:38:27,WFELTER-F5HN5KV_wfelter,NORMAL_OR_RESPONDING,ACTION_NONE,high,NOT_NO_LOW_CHANGE_CANDIDATE,,,,,,False,False,False,False,False,40,13,13,129.032,21.323,4.8,187.59,31.0,4.8,0.0,81.0,100.0,19.0,0.9683,0,0,0,0,0,0,0,0,0,0,,,,0.0,-1.0,n/a,70.2,10.8,"flat_tail=4.8d, fcc_changes=40, tail_cyc=0.0, tail_ok[90/80]=0/0, unresp_complete[90/80]=0/0, large_gap[90/80]=0/0 -> FCC still updating / not a no-low-change candidate",,v2.0-final,v2.0-final,v2.0-final,ThinkPad P16 Gen 3,SMP,5B11M90135
2026-06-03T16:38:27,WII-PF67AM0B_wii,REVIEW_INSUFFICIENT_DATA,ACTION_COLLECT_MORE_DATA_OR_MANUAL_REVIEW,review,REVIEW_SHORT_OBS_ACTIVE_LIKE,,,REVIEW_SHORT_OBS_ACTIVE_LIKE,low,観測期間<120日でactive様（flat_tail<60）。経過観察で十分なことが多い。,False,False,False,False,False,1,0,0,50.0,3.601,14.0,27.77,2.0,14.0,0.0,86.0,100.0,14.0,0.9048,0,0,0,0,0,0,0,0,0,0,,,,0.0,-1.0,n/a,65.4,7.3,"obs_days=27.8, n_samples=293, quality=QUALITY_SHORT_OBS -> insufficient/uncertain data",観測期間・サンプル数・カウンタ整合性のいずれかが不足しており信頼できる判定ができません。review_priorityに従い追加データ収集または手動レビューを行ってください。,v2.0-final,v2.0-final,v2.0-final,ThinkPad T14 Gen 7,COSMX,5B11M90167
2026-06-03T16:38:27,WOMALLEY-55RJ32_womalley,NORMAL_OR_RESPONDING,ACTION_NONE,high,NOT_NO_LOW_CHANGE_CANDIDATE,,,,,,False,False,False,False,False,226,67,65,134.524,57.65,1.1,392.02,168.0,1.1,0.0,24.0,100.0,76.0,0.1442,0,0,0,0,0,0,0,0,0,0,,,,0.0,-1.0,n/a,53.1,10.2,"flat_tail=1.1d, fcc_changes=226, tail_cyc=0.0, tail_ok[90/80]=0/0, unresp_complete[90/80]=0/0, large_gap[90/80]=0/0 -> FCC still updating / not a no-low-change candidate",,v2.0-final,v2.0-final,v2.0-final,ThinkPad T14 Gen 6,ATL,5B11M90125
2026-06-03T16:38:27,WSHX016709_Lenovo,REVIEW_INSUFFICIENT_DATA,ACTION_COLLECT_MORE_DATA_OR_MANUAL_REVIEW,review,REVIEW_SHORT_OBS_ACTIVE_LIKE,,,REVIEW_SHORT_OBS_ACTIVE_LIKE,low,観測期間<120日でactive様（flat_tail<60）。経過観察で十分なことが多い。,False,False,False,False,False,6,1,0,200.0,10.265,1.3,58.45,3.0,1.3,0.0,95.0,100.0,5.0,0.9313,0,0,0,0,0,0,0,0,0,0,,,,0.0,-1.0,n/a,63.8,5.2,"obs_days=58.5, n_samples=1077, quality=QUALITY_SHORT_OBS -> insufficient/uncertain data",観測期間・サンプル数・カウンタ整合性のいずれかが不足しており信頼できる判定ができません。review_priorityに従い追加データ収集または手動レビューを行ってください。,v2.0-final,v2.0-final,v2.0-final,ThinkPad X1 2-in-1 Gen 9,SMP,5B11H56383
2026-06-03T16:38:27,X1-CARBON-G12_hewei,NORMAL_OR_RESPONDING,ACTION_NONE,high,NOT_NO_LOW_CHANGE_CANDIDATE,,,,,,False,False,False,False,False,2,1,0,7.143,1.503,65.7,133.05,28.0,65.7,9.0,27.0,98.0,71.0,0.822,0,0,0,0,0,0,0,0,0,0,,,,0.0,-1.0,n/a,72.9,22.8,"flat_tail=65.7d, fcc_changes=2, tail_cyc=9.0, tail_ok[90/80]=0/0, unresp_complete[90/80]=0/0, large_gap[90/80]=0/0 -> FCC still updating / not a no-low-change candidate",,v2.0-final,v2.0-final,v2.0-final,ThinkPad X1 Carbon Gen 12,SMP,5B11H56383
2026-06-03T16:38:27,X1-LNL-BE-SIT_mripp,REVIEW_INSUFFICIENT_DATA,ACTION_COLLECT_MORE_DATA_OR_MANUAL_REVIEW,review,REVIEW_SHORT_OBS_ACTIVE_LIKE,,,REVIEW_SHORT_OBS_ACTIVE_LIKE,low,観測期間<120日でactive様（flat_tail<60）。経過観察で十分なことが多い。,False,False,False,False,False,14,5,5,116.667,20.999,3.0,66.67,12.0,3.0,0.0,93.0,100.0,7.0,0.9881,0,0,0,0,0,0,0,0,0,0,,,,0.0,-1.0,n/a,65.3,5.5,"obs_days=66.7, n_samples=996, quality=QUALITY_SHORT_OBS -> insufficient/uncertain data",観測期間・サンプル数・カウンタ整合性のいずれかが不足しており信頼できる判定ができません。review_priorityに従い追加データ収集または手動レビューを行ってください。,v2.0-final,v2.0-final,v2.0-final,ThinkPad X1 Carbon Gen 13,Celxpert,5B11M90098
2026-06-03T16:38:27,X13_2IN1,NORMAL_OR_RESPONDING,ACTION_NONE,high,NOT_NO_LOW_CHANGE_CANDIDATE,,,,,,False,False,False,False,False,242,83,83,143.195,69.129,0.2,350.07,169.0,0.2,0.0,15.0,93.0,78.0,0.0147,0,0,0,0,0,0,0,0,0,0,,,,0.0,-1.0,n/a,50.3,10.0,"flat_tail=0.2d, fcc_changes=242, tail_cyc=0.0, tail_ok[90/80]=0/0, unresp_complete[90/80]=0/0, large_gap[90/80]=0/0 -> FCC still updating / not a no-low-change candidate",,v2.0-final,v2.0-final,v2.0-final,ThinkPad X13 2-in-1 Gen 5,BYD,5B11M90051
2026-06-03T16:38:27,X1C-G13-TK_E28508,NORMAL_OR_RESPONDING,ACTION_NONE,high,NOT_NO_LOW_CHANGE_CANDIDATE,,,,,,False,False,False,False,False,10,0,0,100.0,1.848,0.2,541.26,10.0,0.2,0.0,100.0,100.0,0.0,1.0,0,0,0,0,0,0,0,0,0,0,,,,0.0,-1.0,n/a,70.0,10.0,"flat_tail=0.2d, fcc_changes=10, tail_cyc=0.0, tail_ok[90/80]=0/0, unresp_complete[90/80]=0/0, large_gap[90/80]=0/0 -> FCC still updating / not a no-low-change candidate",,v2.0-final,v2.0-final,v2.0-final,ThinkPad X1 Carbon Gen 13,Celxpert,5B11M90098
2026-06-03T16:38:27,X1C-LNL-SIT-EEP_mripp,REVIEW_INSUFFICIENT_DATA,ACTION_COLLECT_MORE_DATA_OR_MANUAL_REVIEW,review,REVIEW_COUNTER_RESET,,,REVIEW_COUNTER_RESET,high,cycleCountが減少（カウンタリセット/パック異常疑い）。生ログ確認が必要。,False,False,False,False,False,22,6,4,129.412,39.209,0.9,56.11,17.0,0.9,1.0,23.0,98.0,75.0,0.2637,0,0,0,0,0,0,0,0,0,0,,,,0.0,-1.0,n/a,44.9,0.3,"obs_days=56.1, n_samples=1112, quality=QUALITY_COUNTER_RESET -> insufficient/uncertain data",観測期間・サンプル数・カウンタ整合性のいずれかが不足しており信頼できる判定ができません。review_priorityに従い追加データ収集または手動レビューを行ってください。,v2.0-final,v2.0-final,v2.0-final,ThinkPad X1 Carbon Gen 13,SMP,5B11M90097
2026-06-03T16:38:27,X1C13-2024_henry,REVIEW_INSUFFICIENT_DATA,ACTION_COLLECT_MORE_DATA_OR_MANUAL_REVIEW,review,REVIEW_SHORT_OBS_ACTIVE_LIKE,,,REVIEW_SHORT_OBS_ACTIVE_LIKE,low,観測期間<120日でactive様（flat_tail<60）。経過観察で十分なことが多い。,False,False,False,False,False,2,0,0,100.0,29.895,2.1,6.69,2.0,2.1,0.0,92.0,100.0,8.0,0.9823,0,0,0,0,0,0,0,0,0,0,,,,0.0,-1.0,n/a,65.0,5.3,"obs_days=6.7, n_samples=300, quality=QUALITY_SHORT_OBS -> insufficient/uncertain data",観測期間・サンプル数・カウンタ整合性のいずれかが不足しており信頼できる判定ができません。review_priorityに従い追加データ収集または手動レビューを行ってください。,v2.0-final,v2.0-final,v2.0-final,ThinkPad X1 Carbon Gen 13,Sunwoda,5B11M90099
2026-06-03T16:38:27,X1C13-SIT_X1C13,REVIEW_INSUFFICIENT_DATA,ACTION_COLLECT_MORE_DATA_OR_MANUAL_REVIEW,review,REVIEW_COUNTER_RESET,,,REVIEW_COUNTER_RESET,high,cycleCountが減少（カウンタリセット/パック異常疑い）。生ログ確認が必要。,False,False,False,False,False,16,11,9,61.538,13.552,1.1,118.06,26.0,1.1,0.0,0.0,45.0,45.0,0.5747,0,0,0,0,0,0,0,0,0,0,,,,0.0,-1.0,n/a,51.7,0.2,"obs_days=118.1, n_samples=540, quality=QUALITY_COUNTER_RESET -> insufficient/uncertain data",観測期間・サンプル数・カウンタ整合性のいずれかが不足しており信頼できる判定ができません。review_priorityに従い追加データ収集または手動レビューを行ってください。,v2.0-final,v2.0-final,v2.0-final,ThinkPad X1 Carbon Gen 13,SMP,5B11M90097
2026-06-03T16:38:27,X1C_GEN13,REVIEW_INSUFFICIENT_DATA,ACTION_COLLECT_MORE_DATA_OR_MANUAL_REVIEW,review,REVIEW_SHORT_OBS_ACTIVE_LIKE,,,REVIEW_SHORT_OBS_ACTIVE_LIKE,low,観測期間<120日でactive様（flat_tail<60）。経過観察で十分なことが多い。,False,False,False,False,False,6,2,2,150.0,60.79,0.7,9.87,4.0,0.7,0.0,73.0,100.0,27.0,0.9673,0,0,0,0,0,0,0,0,0,0,,,,0.0,-1.0,n/a,64.5,5.1,"obs_days=9.9, n_samples=429, quality=QUALITY_SHORT_OBS -> insufficient/uncertain data",観測期間・サンプル数・カウンタ整合性のいずれかが不足しており信頼できる判定ができません。review_priorityに従い追加データ収集または手動レビューを行ってください。,v2.0-final,v2.0-final,v2.0-final,ThinkPad X1 Carbon Gen 13,Celxpert,5B11M90098
2026-06-03T16:38:27,X1C_LNL,NORMAL_OR_RESPONDING,ACTION_NONE,high,NOT_NO_LOW_CHANGE_CANDIDATE,,,,,,False,False,False,False,False,78,19,14,147.17,26.014,23.3,299.84,53.0,23.3,0.0,67.0,94.0,27.0,0.0,0,0,0,0,0,0,0,0,0,0,,,,0.0,-1.0,n/a,64.9,13.9,"flat_tail=23.3d, fcc_changes=78, tail_cyc=0.0, tail_ok[90/80]=0/0, unresp_complete[90/80]=0/0, large_gap[90/80]=0/0 -> FCC still updating / not a no-low-change candidate",,v2.0-final,v2.0-final,v2.0-final,ThinkPad X1 Carbon Gen 13,SMP,5B11M90097
2026-06-03T16:38:27,X1C_METEOR,NORMAL_OR_RESPONDING,ACTION_NONE,high,NOT_NO_LOW_CHANGE_CANDIDATE,,,,,,False,False,False,False,False,67,9,9,111.667,45.393,8.0,147.6,60.0,8.0,0.0,66.0,100.0,34.0,0.9225,0,0,0,0,0,0,0,0,0,0,,,,0.0,-1.0,n/a,69.8,11.3,"flat_tail=8.0d, fcc_changes=67, tail_cyc=0.0, tail_ok[90/80]=0/0, unresp_complete[90/80]=0/0, large_gap[90/80]=0/0 -> FCC still updating / not a no-low-change candidate",,v2.0-final,v2.0-final,v2.0-final,ThinkPad X1 Carbon Gen 12,Celxpert,5B11H56384
2026-06-03T16:38:27,X1C_SIT,REVIEW_INSUFFICIENT_DATA,ACTION_COLLECT_MORE_DATA_OR_MANUAL_REVIEW,review,REVIEW_SHORT_OBS_ACTIVE_LIKE,,,REVIEW_SHORT_OBS_ACTIVE_LIKE,low,観測期間<120日でactive様（flat_tail<60）。経過観察で十分なことが多い。,False,False,False,False,False,10,1,1,125.0,32.787,0.8,30.5,8.0,0.8,0.0,99.0,100.0,1.0,0.9996,0,0,0,0,0,0,0,0,0,0,,,,0.0,-1.0,n/a,65.1,5.1,"obs_days=30.5, n_samples=713, quality=QUALITY_SHORT_OBS -> insufficient/uncertain data",観測期間・サンプル数・カウンタ整合性のいずれかが不足しており信頼できる判定ができません。review_priorityに従い追加データ収集または手動レビューを行ってください。,v2.0-final,v2.0-final,v2.0-final,ThinkPad X1 Carbon Gen 13,SMP,5B11M90097
2026-06-03T16:38:27,X1FOLD16-TK_E28508,NORMAL_OR_RESPONDING,ACTION_NONE,high,NOT_NO_LOW_CHANGE_CANDIDATE,,,,,,False,False,False,False,False,13,2,2,56.522,7.655,23.9,169.82,23.0,23.9,0.0,85.0,100.0,15.0,0.7284,0,0,0,0,0,0,0,0,0,0,,,,0.0,-1.0,n/a,69.0,14.0,"flat_tail=23.9d, fcc_changes=13, tail_cyc=0.0, tail_ok[90/80]=0/0, unresp_complete[90/80]=0/0, large_gap[90/80]=0/0 -> FCC still updating / not a no-low-change candidate",,v2.0-final,v2.0-final,v2.0-final,ThinkPad X1 Fold 16 Gen 1,Celxpert,5B10W51898
2026-06-03T16:38:27,X1FOLDSVT_laher,REVIEW_INSUFFICIENT_DATA,ACTION_COLLECT_MORE_DATA_OR_MANUAL_REVIEW,review,REVIEW_COUNTER_RESET,,,REVIEW_COUNTER_RESET,high,cycleCountが減少（カウンタリセット/パック異常疑い）。生ログ確認が必要。,False,False,False,False,False,34,11,11,57.627,6.138,0.1,553.95,59.0,0.1,0.0,84.0,99.0,15.0,0.0,0,0,0,0,0,0,0,0,0,0,,,,0.0,-1.0,n/a,55.0,0.0,"obs_days=554.0, n_samples=2585, quality=QUALITY_COUNTER_RESET -> insufficient/uncertain data",観測期間・サンプル数・カウンタ整合性のいずれかが不足しており信頼できる判定ができません。review_priorityに従い追加データ収集または手動レビューを行ってください。,v2.0-final,v2.0-final,v2.0-final,ThinkPad X1 Fold 16 Gen 1,Celxpert,5B10W51898
2026-06-03T16:38:27,X1YADL_KMK,ACTIONABLE_GAUGE_RESET_INSUFFICIENT_LEARNING_OPPORTUNITY,ACTION_GAUGE_RESET,high,GAUGE_HIGH_NO_OPPORTUNITY,NO_OPPORTUNITY_AC_BOUND;NO_OPPORTUNITY_SHALLOW_RANGE,,,,,True,False,True,True,True,2,1,1,3.704,0.43,403.0,465.65,54.0,403.0,41.0,27.0,100.0,73.0,0.9162,0,0,0,0,0,0,0,0,0,0,,,,0.0,1.0,MIXED,83.3,48.2,"flat_tail=403.0d, fcc_changes=2, tail_cyc=41.0, tail_ok[90/80]=0/0, unresp_complete[90/80]=0/0, large_gap[90/80]=0/0, ac=0.92, min_rsoc=27.0 -> insufficient learning opportunity",FCC/SoHが長期間更新されておらず、ログ上は深い放電→再充電の学習機会が十分に確認できません（OK品質の機会が無く、large-gapを含めても判定可能な機会がない）。安全な環境でOEM推奨のバッテリーゲージリセット/キャリブレーションを実施し、その後72h〜7日間のテレメトリでFCC更新有無を確認してください。,v2.0-final,v2.0-final,v2.0-final,ThinkPad X1 Yoga Gen 7,Celxpert,5B10W13974
2026-06-03T16:38:27,X1_2-IN-1,NORMAL_OR_RESPONDING,ACTION_NONE,high,NOT_NO_LOW_CHANGE_CANDIDATE,,,,,,False,False,False,False,False,10,1,1,83.333,8.204,2.9,121.89,12.0,2.9,0.0,66.0,100.0,34.0,0.6257,0,0,0,0,0,0,0,0,0,0,,,,0.0,-1.0,n/a,63.0,10.5,"flat_tail=2.9d, fcc_changes=10, tail_cyc=0.0, tail_ok[90/80]=0/0, unresp_complete[90/80]=0/0, large_gap[90/80]=0/0 -> FCC still updating / not a no-low-change candidate",,v2.0-final,v2.0-final,v2.0-final,ThinkPad X1 2-in-1 Gen 10,Sunwoda,5B11M90099
2026-06-03T16:38:27,X9-14_SVT,REVIEW_INSUFFICIENT_DATA,ACTION_COLLECT_MORE_DATA_OR_MANUAL_REVIEW,review,REVIEW_SHORT_OBS_ACTIVE_LIKE,,,REVIEW_SHORT_OBS_ACTIVE_LIKE,low,観測期間<120日でactive様（flat_tail<60）。経過観察で十分なことが多い。,False,False,False,False,False,6,0,0,100.0,6.584,0.8,91.13,6.0,0.8,0.0,89.0,100.0,11.0,0.6325,0,0,0,0,0,0,0,0,0,0,,,,0.0,-1.0,n/a,61.5,5.1,"obs_days=91.1, n_samples=761, quality=QUALITY_SHORT_OBS -> insufficient/uncertain data",観測期間・サンプル数・カウンタ整合性のいずれかが不足しており信頼できる判定ができません。review_priorityに従い追加データ収集または手動レビューを行ってください。,v2.0-final,v2.0-final,v2.0-final,ThinkPad X9-14 Gen 1,Sunwoda,LNV-5B11M90102
2026-06-03T16:38:27,X9-14_jeffreyf1,REVIEW_INSUFFICIENT_DATA,ACTION_COLLECT_MORE_DATA_OR_MANUAL_REVIEW,review,REVIEW_SHORT_OBS_ACTIVE_LIKE,,,REVIEW_SHORT_OBS_ACTIVE_LIKE,low,観測期間<120日でactive様（flat_tail<60）。経過観察で十分なことが多い。,False,False,False,False,False,15,2,2,100.0,34.161,2.8,43.91,15.0,2.8,0.0,82.0,100.0,18.0,0.9601,0,0,0,0,0,0,0,0,0,0,,,,0.0,-1.0,n/a,64.7,5.5,"obs_days=43.9, n_samples=733, quality=QUALITY_SHORT_OBS -> insufficient/uncertain data",観測期間・サンプル数・カウンタ整合性のいずれかが不足しており信頼できる判定ができません。review_priorityに従い追加データ収集または手動レビューを行ってください。,v2.0-final,v2.0-final,v2.0-final,ThinkPad X9-14 Gen 1,Sunwoda,LNV-5B11M90102
2026-06-03T16:38:27,X9-SIT1_xuxru,REVIEW_INSUFFICIENT_DATA,ACTION_COLLECT_MORE_DATA_OR_MANUAL_REVIEW,review,REVIEW_SHORT_OBS_ACTIVE_LIKE,,,REVIEW_SHORT_OBS_ACTIVE_LIKE,low,観測期間<120日でactive様（flat_tail<60）。経過観察で十分なことが多い。,False,False,False,False,False,50,9,9,125.0,163.345,0.8,30.61,40.0,0.8,0.0,11.0,98.0,87.0,0.2138,0,0,0,0,0,0,0,0,0,0,,,,0.0,-1.0,n/a,49.4,5.1,"obs_days=30.6, n_samples=1112, quality=QUALITY_SHORT_OBS -> insufficient/uncertain data",観測期間・サンプル数・カウンタ整合性のいずれかが不足しており信頼できる判定ができません。review_priorityに従い追加データ収集または手動レビューを行ってください。,v2.0-final,v2.0-final,v2.0-final,ThinkPad X9-14 Gen 1,BYD,LNV-5B11M90101
2026-06-03T16:38:27,X9-TK_E28508,NORMAL_OR_RESPONDING,ACTION_NONE,high,NOT_NO_LOW_CHANGE_CANDIDATE,,,,,,False,False,False,False,False,22,4,4,115.789,6.788,21.9,324.11,19.0,21.9,0.0,47.0,100.0,53.0,0.673,0,0,0,0,0,0,0,0,0,0,,,,0.0,-1.0,n/a,67.1,13.7,"flat_tail=21.9d, fcc_changes=22, tail_cyc=0.0, tail_ok[90/80]=0/0, unresp_complete[90/80]=0/0, large_gap[90/80]=0/0 -> FCC still updating / not a no-low-change candidate",,v2.0-final,v2.0-final,v2.0-final,ThinkPad X9-14 Gen 1,BYD,LNV-5B11M90101
2026-06-03T16:38:27,X9ALADDIN-NAITO_arima,WATCH_LOW_UPDATE_RATE_AMBIGUOUS,ACTION_MONITOR_OR_MANUAL_REVIEW,low,WATCH_POSSIBLE_OPPORTUNITY_WITH_LARGE_GAPS,,WATCH_POSSIBLE_OPPORTUNITY_WITH_LARGE_GAPS,,,,True,True,True,False,True,0,0,0,0.0,0.0,220.2,220.15,24.0,220.2,24.0,0.0,100.0,100.0,0.3122,0,7,7,0,5,5,0,0,0,0,,,,0.0,1.0,MIXED,47.4,39.8,"flat_tail=220.2d, fcc_changes=0, tail_cyc=24.0, tail_ok[90/80]=0/0, unresp_complete[90/80]=0/0, large_gap[90/80]=5/7 -> ambiguous (watch)",FCC更新率は低いが完全凍結ではない/学習機会がlarge-gapまたは打ち切りで確証が弱い/境界的のため、FW確認に回す前にモニタリングまたは手動レビューを推奨します。,v2.0-final,v2.0-final,v2.0-final,ThinkPad X9-15 Gen 1,BYD,L24B4PE2
2026-06-03T16:38:27,XBB20241007_Lenovo,REVIEW_INSUFFICIENT_DATA,ACTION_COLLECT_MORE_DATA_OR_MANUAL_REVIEW,review,REVIEW_SHORT_OBS_ACTIVE_LIKE,,,REVIEW_SHORT_OBS_ACTIVE_LIKE,low,観測期間<120日でactive様（flat_tail<60）。経過観察で十分なことが多い。,False,False,False,False,False,9,3,3,150.0,36.159,2.9,24.89,6.0,2.9,0.0,33.0,100.0,67.0,0.7657,0,0,0,0,0,0,0,0,0,0,,,,0.0,-1.0,n/a,60.8,5.5,"obs_days=24.9, n_samples=1291, quality=QUALITY_SHORT_OBS -> insufficient/uncertain data",観測期間・サンプル数・カウンタ整合性のいずれかが不足しており信頼できる判定ができません。review_priorityに従い追加データ収集または手動レビューを行ってください。,v2.0-final,v2.0-final,v2.0-final,ThinkPad X1 Carbon Gen 12,Celxpert,5B11H56384
2026-06-03T16:38:27,XIUQIN_liuxq13,NORMAL_OR_RESPONDING,ACTION_NONE,high,NOT_NO_LOW_CHANGE_CANDIDATE,,,,,,False,False,False,False,False,155,17,16,107.639,45.332,3.0,341.92,144.0,3.0,0.0,64.0,100.0,36.0,0.7451,0,0,0,0,0,0,0,0,0,0,,,,0.0,-1.0,n/a,65.4,10.5,"flat_tail=3.0d, fcc_changes=155, tail_cyc=0.0, tail_ok[90/80]=0/0, unresp_complete[90/80]=0/0, large_gap[90/80]=0/0 -> FCC still updating / not a no-low-change candidate",,v2.0-final,v2.0-final,v2.0-final,ThinkPad X13 Gen 6,SMP,5B11M90123
2026-06-03T16:38:27,XLIN3-PF4RXZPZ_xlin3,NORMAL_OR_RESPONDING,ACTION_NONE,high,NOT_NO_LOW_CHANGE_CANDIDATE,,,,,,False,False,False,False,False,315,33,33,110.915,44.718,24.8,704.41,284.0,24.8,0.0,95.0,100.0,5.0,1.0,0,0,0,0,0,0,0,0,0,0,,,,0.0,-1.0,n/a,74.1,14.1,"flat_tail=24.8d, fcc_changes=315, tail_cyc=0.0, tail_ok[90/80]=0/0, unresp_complete[90/80]=0/0, large_gap[90/80]=0/0 -> FCC still updating / not a no-low-change candidate",,v2.0-final,v2.0-final,v2.0-final,ThinkPad P14s Gen 5 AMD,Celxpert,5B11H56416
2026-06-03T16:38:27,Y25872-PC2DR71X_y25872,NORMAL_OR_RESPONDING,ACTION_NONE,high,NOT_NO_LOW_CHANGE_CANDIDATE,,,,,,False,False,False,False,False,37,37,37,30.328,3.065,86.1,1206.99,122.0,86.1,14.0,6.0,100.0,94.0,0.6232,0,0,0,0,1,1,0,0,0,0,,,,0.0,-1.0,n/a,69.8,27.1,"flat_tail=86.1d, fcc_changes=37, tail_cyc=14.0, tail_ok[90/80]=0/0, unresp_complete[90/80]=0/0, large_gap[90/80]=1/0 -> FCC still updating / not a no-low-change candidate",,v2.0-final,v2.0-final,v2.0-final,ThinkPad T14s Gen 2a,Celxpert,5B10W51815
2026-06-03T16:38:27,YANAGISAWA51_yanagisawa,ACTIONABLE_GAUGE_RESET_INSUFFICIENT_LEARNING_OPPORTUNITY,ACTION_GAUGE_RESET,medium,GAUGE_MEDIUM_NO_OPPORTUNITY,NO_OPPORTUNITY_LOW_CYCLING;NO_OPPORTUNITY_SHALLOW_RANGE,,,,,True,False,False,False,True,3,0,0,50.0,1.321,84.0,227.05,6.0,84.0,1.0,73.0,100.0,27.0,0.5742,0,0,0,0,0,0,0,0,0,0,,,,0.0,0.0,AC_BOUND+SHALLOW_RANGE+LOW_CYCLING,70.0,19.2,"flat_tail=84.0d, fcc_changes=3, tail_cyc=1.0, tail_ok[90/80]=0/0, unresp_complete[90/80]=0/0, large_gap[90/80]=0/0, ac=0.57, min_rsoc=73.0 -> insufficient learning opportunity",FCC/SoHが長期間更新されておらず、ログ上は深い放電→再充電の学習機会が十分に確認できません（OK品質の機会が無く、large-gapを含めても判定可能な機会がない）。安全な環境でOEM推奨のバッテリーゲージリセット/キャリブレーションを実施し、その後72h〜7日間のテレメトリでFCC更新有無を確認してください。,v2.0-final,v2.0-final,v2.0-final,ThinkPad X1 Fold 16 Gen 1,Celxpert,5B10W51898
2026-06-03T16:38:27,YANGYQ-PF50KB95_yangyq,REVIEW_INSUFFICIENT_DATA,ACTION_COLLECT_MORE_DATA_OR_MANUAL_REVIEW,review,REVIEW_COUNTER_RESET,,,REVIEW_COUNTER_RESET,high,cycleCountが減少（カウンタリセット/パック異常疑い）。生ログ確認が必要。,False,False,False,False,False,39,7,7,121.875,6.795,13.5,573.98,32.0,13.5,0.0,63.0,100.0,37.0,0.784,0,0,0,0,0,0,0,0,0,0,,,,0.0,-1.0,n/a,57.9,2.2,"obs_days=574.0, n_samples=4936, quality=QUALITY_COUNTER_RESET -> insufficient/uncertain data",観測期間・サンプル数・カウンタ整合性のいずれかが不足しており信頼できる判定ができません。review_priorityに従い追加データ収集または手動レビューを行ってください。,v2.0-final,v2.0-final,v2.0-final,ThinkPad X1 Carbon Gen 12,Sunwoda,5B11H56385
2026-06-03T16:38:27,YCRANFORD-7CHLT_ycranford,REVIEW_INSUFFICIENT_DATA,ACTION_COLLECT_MORE_DATA_OR_MANUAL_REVIEW,review,REVIEW_SHORT_OBS_ACTIVE_LIKE,,,REVIEW_SHORT_OBS_ACTIVE_LIKE,low,観測期間<120日でactive様（flat_tail<60）。経過観察で十分なことが多い。,False,False,False,False,False,3,0,0,100.0,11.033,4.4,27.19,3.0,4.4,0.0,73.0,100.0,27.0,0.7587,0,0,0,0,0,0,0,0,0,0,,,,0.0,-1.0,n/a,60.9,5.7,"obs_days=27.2, n_samples=380, quality=QUALITY_SHORT_OBS -> insufficient/uncertain data",観測期間・サンプル数・カウンタ整合性のいずれかが不足しており信頼できる判定ができません。review_priorityに従い追加データ収集または手動レビューを行ってください。,v2.0-final,v2.0-final,v2.0-final,ThinkPad T14s 2-in-1 Gen 2,Sunwoda,5B11M90160
2026-06-03T16:38:27,YICHIKAWA3-M43N_yichikawa3,NORMAL_OR_RESPONDING,ACTION_NONE,high,NOT_NO_LOW_CHANGE_CANDIDATE,,,,,,False,False,False,False,False,122,2,2,101.667,49.977,0.8,244.11,120.0,0.8,0.0,60.0,100.0,40.0,0.1344,0,0,0,0,0,0,0,0,0,0,,,,0.0,-1.0,n/a,56.8,10.1,"flat_tail=0.8d, fcc_changes=122, tail_cyc=0.0, tail_ok[90/80]=0/0, unresp_complete[90/80]=0/0, large_gap[90/80]=0/0 -> FCC still updating / not a no-low-change candidate",,v2.0-final,v2.0-final,v2.0-final,ThinkPad T14s Gen 4,BYD,5B10W51877
2026-06-03T16:38:27,YINGNIE-W01KL34_yingnie,WATCH_LOW_UPDATE_RATE_AMBIGUOUS,ACTION_MONITOR_OR_MANUAL_REVIEW,low,WATCH_INSUFFICIENT_COMPLETE_WINDOWS,,WATCH_INSUFFICIENT_COMPLETE_WINDOWS,,,,True,False,False,True,True,2,2,2,2.941,0.53,8.4,377.7,68.0,8.4,3.0,2.0,100.0,98.0,0.8888,1,0,1,1,0,1,0,0,1,1,,,,0.0,1.0,MIXED,51.0,32.0,"flat_tail=8.4d, fcc_changes=2, tail_cyc=3.0, tail_ok[90/80]=1/1, unresp_complete[90/80]=0/0, large_gap[90/80]=0/0 -> ambiguous (watch)",FCC更新率は低いが完全凍結ではない/学習機会がlarge-gapまたは打ち切りで確証が弱い/境界的のため、FW確認に回す前にモニタリングまたは手動レビューを推奨します。,v2.0-final,v2.0-final,v2.0-final,ThinkPad X1 Nano Gen 2,Celxpert,5B11F28682
2026-06-03T16:38:27,YNAN-PF4FDG4X_qizha,NORMAL_OR_RESPONDING,ACTION_NONE,high,NOT_NO_LOW_CHANGE_CANDIDATE,,,,,,False,False,False,False,False,24,18,16,77.419,14.612,30.8,164.25,31.0,30.8,8.0,31.0,100.0,69.0,0.783,0,0,0,0,0,0,0,0,0,0,,,,0.0,-1.0,n/a,66.8,16.7,"flat_tail=30.8d, fcc_changes=24, tail_cyc=8.0, tail_ok[90/80]=0/0, unresp_complete[90/80]=0/0, large_gap[90/80]=0/0 -> FCC still updating / not a no-low-change candidate",,v2.0-final,v2.0-final,v2.0-final,ThinkPad T16 Gen 2,SMP,5B10W51871
2026-06-03T16:38:27,YNAN-PF4FDG4X_ynan,NORMAL_OR_RESPONDING,ACTION_NONE,high,NOT_NO_LOW_CHANGE_CANDIDATE,,,,,,False,False,False,False,False,24,18,16,82.759,14.852,28.1,161.59,29.0,28.1,6.0,31.0,100.0,69.0,0.7917,0,0,0,0,0,0,0,0,0,0,,,,0.0,-1.0,n/a,67.5,15.9,"flat_tail=28.1d, fcc_changes=24, tail_cyc=6.0, tail_ok[90/80]=0/0, unresp_complete[90/80]=0/0, large_gap[90/80]=0/0 -> FCC still updating / not a no-low-change candidate",,v2.0-final,v2.0-final,v2.0-final,ThinkPad T16 Gen 2,SMP,5B10W51871
2026-06-03T16:38:27,YONDA-PF1BLXHW_yonda,NORMAL_OR_RESPONDING,ACTION_NONE,high,NOT_NO_LOW_CHANGE_CANDIDATE,,,,,,False,False,False,False,False,753,506,402,370.936,70.5,1.0,1068.09,203.0,1.0,0.0,98.0,100.0,2.0,0.9504,0,0,0,0,0,0,0,0,0,0,,,,0.0,-1.0,n/a,69.5,10.2,"flat_tail=1.0d, fcc_changes=753, tail_cyc=0.0, tail_ok[90/80]=0/0, unresp_complete[90/80]=0/0, large_gap[90/80]=0/0 -> FCC still updating / not a no-low-change candidate",,v2.0-final,v2.0-final,v2.0-final,ThinkPad T490,Celxpert,5B10W13877
2026-06-03T16:38:27,YSONE-PF3993EL_ysone,NORMAL_OR_RESPONDING,ACTION_NONE,high,NOT_NO_LOW_CHANGE_CANDIDATE,,,,,,False,False,False,False,False,263,189,144,159.394,28.347,0.0,927.78,165.0,0.0,0.0,0.0,0.0,0.0,1.0,0,0,0,0,0,0,0,0,0,0,,,,0.0,-1.0,n/a,70.0,10.0,"flat_tail=0.0d, fcc_changes=263, tail_cyc=0.0, tail_ok[90/80]=0/0, unresp_complete[90/80]=0/0, large_gap[90/80]=0/0 -> FCC still updating / not a no-low-change candidate",,v2.0-final,v2.0-final,v2.0-final,ThinkPad T14 Gen 2i,Celxpert,5B10W51829
2026-06-03T16:38:27,YSUZUKI11-9S4B8_ysuzuki11,WATCH_LOW_UPDATE_RATE_AMBIGUOUS,ACTION_MONITOR_OR_MANUAL_REVIEW,low,WATCH_POSSIBLE_OPPORTUNITY_WITH_LARGE_GAPS,,WATCH_POSSIBLE_OPPORTUNITY_WITH_LARGE_GAPS,,,,True,False,True,True,True,1,1,0,0.457,0.197,498.8,508.58,219.0,498.8,215.0,3.0,100.0,97.0,0.9272,0,5,5,0,1,1,0,0,0,0,,,,0.0,1.0,MIXED,62.7,50.0,"flat_tail=498.8d, fcc_changes=1, tail_cyc=215.0, tail_ok[90/80]=0/0, unresp_complete[90/80]=0/0, large_gap[90/80]=1/5 -> ambiguous (watch)",FCC更新率は低いが完全凍結ではない/学習機会がlarge-gapまたは打ち切りで確証が弱い/境界的のため、FW確認に回す前にモニタリングまたは手動レビューを推奨します。,v2.0-final,v2.0-final,v2.0-final,ThinkPad T14 Gen 3,,
2026-06-03T16:38:27,YTAGAMI-F3TQANR_ytagami,WATCH_LOW_UPDATE_RATE_AMBIGUOUS,ACTION_MONITOR_OR_MANUAL_REVIEW,low,WATCH_OTHER_AMBIGUOUS,,WATCH_OTHER_AMBIGUOUS,,,,True,False,True,True,True,2,2,2,0.909,0.225,551.1,889.98,220.0,551.1,107.0,0.0,100.0,100.0,0.388,1,21,22,0,12,12,1,0,0,0,0.157,0.0,-0.412,40.1,1.0,MIXED,48.8,76.0,"flat_tail=551.1d, fcc_changes=2, tail_cyc=107.0, tail_ok[90/80]=0/1, unresp_complete[90/80]=0/1, large_gap[90/80]=12/21 -> ambiguous (watch)",FCC更新率は低いが完全凍結ではない/学習機会がlarge-gapまたは打ち切りで確証が弱い/境界的のため、FW確認に回す前にモニタリングまたは手動レビューを推奨します。,v2.0-final,v2.0-final,v2.0-final,ThinkPad X1 Yoga Gen 6,Sunwoda,5B10W13975
2026-06-03T16:38:27,YTAKEDA1-15_ytakeda1,NORMAL_OR_RESPONDING,ACTION_NONE,high,NOT_NO_LOW_CHANGE_CANDIDATE,,,,,,False,False,False,False,False,40,5,5,105.263,5.606,20.5,713.52,38.0,20.5,0.0,76.0,80.0,4.0,1.0,0,0,0,0,0,0,0,0,0,0,,,,0.0,-1.0,n/a,73.4,13.4,"flat_tail=20.5d, fcc_changes=40, tail_cyc=0.0, tail_ok[90/80]=0/0, unresp_complete[90/80]=0/0, large_gap[90/80]=0/0 -> FCC still updating / not a no-low-change candidate",,v2.0-final,v2.0-final,v2.0-final,ThinkPad P1 Gen 7,Celxpert,5B11M37552
2026-06-03T16:38:27,YWADA-PF49SXTB_ywada,NORMAL_OR_RESPONDING,ACTION_NONE,high,NOT_NO_LOW_CHANGE_CANDIDATE,,,,,,False,False,False,False,False,10,7,7,7.353,2.464,92.2,405.86,136.0,92.2,34.0,3.0,100.0,97.0,0.7431,0,10,10,0,2,2,0,0,0,0,,,,0.0,-1.0,n/a,42.5,32.2,"flat_tail=92.2d, fcc_changes=10, tail_cyc=34.0, tail_ok[90/80]=0/0, unresp_complete[90/80]=0/0, large_gap[90/80]=2/10 -> FCC still updating / not a no-low-change candidate",,v2.0-final,v2.0-final,v2.0-final,ThinkPad X1 Carbon Gen 10,,
2026-06-03T16:38:27,ZAWACKIJE_j,REVIEW_INSUFFICIENT_DATA,ACTION_COLLECT_MORE_DATA_OR_MANUAL_REVIEW,review,REVIEW_SHORT_OBS_ACTIVE_LIKE,,,REVIEW_SHORT_OBS_ACTIVE_LIKE,low,観測期間<120日でactive様（flat_tail<60）。経過観察で十分なことが多い。,False,False,False,False,False,10,2,2,111.111,22.553,2.4,44.34,9.0,2.4,0.0,67.0,100.0,33.0,0.3967,0,0,0,0,0,0,0,0,0,0,,,,0.0,-1.0,n/a,54.4,5.4,"obs_days=44.3, n_samples=508, quality=QUALITY_SHORT_OBS -> insufficient/uncertain data",観測期間・サンプル数・カウンタ整合性のいずれかが不足しており信頼できる判定ができません。review_priorityに従い追加データ収集または手動レビューを行ってください。,v2.0-final,v2.0-final,v2.0-final,ThinkPad X1 2-in-1 Gen 11,Sunwoda,5B11M90160
2026-06-03T16:38:27,ZHANGLU11-10_zhanglu11,NORMAL_OR_RESPONDING,ACTION_NONE,high,NOT_NO_LOW_CHANGE_CANDIDATE,,,,,,False,False,False,False,False,16,3,2,66.667,4.525,0.0,353.56,24.0,0.0,0.0,95.0,95.0,0.0,1.0,0,0,0,0,0,0,0,0,0,0,,,,0.0,-1.0,n/a,70.0,10.0,"flat_tail=0.0d, fcc_changes=16, tail_cyc=0.0, tail_ok[90/80]=0/0, unresp_complete[90/80]=0/0, large_gap[90/80]=0/0 -> FCC still updating / not a no-low-change candidate",,v2.0-final,v2.0-final,v2.0-final,ThinkPad X280,,
2026-06-03T16:38:27,ZWOXPF3V6VNY_zwo,NORMAL_OR_RESPONDING,ACTION_NONE,high,NOT_NO_LOW_CHANGE_CANDIDATE,,,,,,False,False,False,False,False,399,240,181,238.922,62.628,23.1,637.1,167.0,23.1,1.0,100.0,100.0,0.0,0.0,0,0,0,0,0,0,0,0,0,0,,,,0.0,-1.0,n/a,73.3,14.1,"flat_tail=23.1d, fcc_changes=399, tail_cyc=1.0, tail_ok[90/80]=0/0, unresp_complete[90/80]=0/0, large_gap[90/80]=0/0 -> FCC still updating / not a no-low-change candidate",,v2.0-final,v2.0-final,v2.0-final,ThinkPad T14 Gen 2a,,
