display_id,safe_id,user_id,device_model,manufacturer,design_capacity,n_samples,first_ts,last_ts,observation_days,median_sample_gap_min,fcc_first,fcc_last,fcc_peak,soh_design_pct,soh_peak_pct,capacity_fade_pct,cycle_count_last,cycles_in_window,cycles_per_month,cycles_per_year,ac_event_ratio,ac_time_ratio,battery_time_ratio,mean_pct_remaining,median_pct_remaining,time_ratio_below_20pct,time_ratio_full_on_ac,hours_at_full_charge_last,hours_high_temp_last,total_charged_capacity_last,total_awake_hrs_last,frac_awake_high_temp,n_discharge_sessions,mean_dod_pct,median_dod_pct,mean_session_minutes,median_drain_pct_per_hr,sleep_events,sleep_total_hours,fade_pct_per_100_cycles,fade_pct_per_year,batt_vendor,fcc_distinct,fcc_changes,fcc_change_rate_per_100d,soh_flat_tail_days,flat_pct_of_span,soh_last_change_ts,stale_days,soh_update_status,min_rsoc,rsoc_p05,rsoc_p95,rsoc_swing,frac_below_10,frac_below_5,n_deep_dis10,reaches_full,frac_at_full,n_full_range_dis
user_dfc6c0c3,PANTHER3_SVT,PANTHER3_SVT,ThinkPad X1 Carbon Gen 11,SMP,57050.0,1268,2023-03-23T13:04:35,2024-01-18T13:13:46,301.01,30.0,58990.0,58990.0,58990.0,103.4,100.0,0.0,20.0,19.0,1.92,23.06,0.8155,0.7453,0.2547,90.95,98.0,0.0019,0.6388,309.0,0.0,1185.0,7197.0,0.0,36,27.75,19.5,3560.3,2.57,70.0,0.24,,,SMP,1,0,0.0,301.0,100.0,2023-03-23 13:04:35,865.4,very_stale,2.0,56.0,100.0,44.0,0.0007886435331230284,0.0007886435331230284,1,1,0.35843624256924334,1
user_a374f503,GTORRES3-5AZJEC_gtorres3,GTORRES3-5AZJEC_gtorres3,ThinkPad X9-15 Gen 1,BYD,80000.0,2148,2025-01-13T09:25:31,2026-05-27T14:01:26,499.19,30.0,81080.0,81940.0,81940.0,102.43,100.0,0.0,48.0,47.0,2.87,34.39,0.5489,0.3976,0.6024,82.89,95.0,0.034,0.31,1070.0,0.0,3280.0,12079.0,0.0,141,24.96,20.0,3014.3,1.25,136.0,745.37,,,BYD,6,6,1.202,120.0,24.0,2026-01-27 14:52:40,5.4,stale,1.0,31.0,100.0,69.0,0.014432029795158287,0.0037243947858473,11,1,0.339737140005535,3
user_5f61cdba,GUERRILLAPC-M_GPC-1,GUERRILLAPC-M_GPC-1,ThinkPad L16 Gen 1,Sunwoda,57000.0,391,2023-12-18T13:58:45,2024-01-05T10:59:03,17.88,0.98,57000.0,57000.0,57000.0,100.0,100.0,0.0,7.0,5.0,8.51,102.17,0.4501,0.3525,0.6475,63.72,76.0,0.0909,0.032,74.0,0.0,439.0,1209.0,0.0,15,24.2,21.0,922.5,1.88,1495.0,431.42,,,Sunwoda,1,0,0.0,17.9,100.0,2023-12-18 13:58:45,878.5,active,1.0,17.0,80.0,63.0,0.028132992327365727,0.010230179028132993,4,1,0.03483220852090147,0
user_4efdcb15,NORITY-X1YOGA_nority,NORITY-X1YOGA_nority,ThinkPad X1 Yoga Gen 7,Sunwoda,57000.0,19873,2023-02-07T01:57:03,2026-05-20T08:49:05,1198.29,30.0,56990.0,56990.0,56990.0,99.98,100.0,0.0,186.0,181.0,4.6,55.17,0.9377,0.9245,0.0755,94.84,97.0,0.0024,0.8865,27597.0,25.0,9355.0,36079.0,0.0007,240,31.65,26.0,357.6,10.62,426.0,338.21,,,Sunwoda,1,0,0.0,1198.3,100.0,2023-02-07 01:57:03,12.6,very_stale,1.0,76.0,100.0,24.0,0.0018115030443315052,0.0009057515221657526,12,1,0.31065198154716767,6
user_a9b790d1,KURADA-32000014_kurada,KURADA-32000014_kurada,ThinkPad P1 Gen 8,Sunwoda,90000.0,269,2025-06-24T13:53:37,2025-07-09T09:03:57,14.8,30.0,90010.0,90010.0,90010.0,100.01,100.0,0.0,2.0,0.0,0.0,0.0,0.9554,0.979,0.021,98.52,99.0,0.0,0.9665,452.0,0.0,263.0,1174.0,0.0,0,,,,,761.0,206.49,,,Sunwoda,1,0,0.0,14.8,100.0,2025-06-24 13:53:37,327.6,active,84.0,95.0,100.0,5.0,0.0,0.0,0,1,0.6764461803519722,0
user_ad05e181,EB16034-F4414Y8_eb16034,EB16034-F4414Y8_eb16034,ThinkPad X1 Carbon Gen 11,,57000.0,2690,2023-04-10T10:36:36,2023-10-30T11:16:18,203.03,30.0,56990.0,56990.0,56990.0,99.98,100.0,0.0,85.0,80.0,11.99,143.92,0.3375,0.2516,0.7484,77.84,81.0,0.0104,0.1434,3511.0,5.0,4409.0,6710.0,0.0007,208,34.44,36.0,1140.5,6.31,,,,,,1,0,0.0,203.0,100.0,2023-04-10 10:36:36,945.5,very_stale,2.0,44.0,100.0,56.0,0.0044609665427509295,0.0037174721189591076,4,1,0.19760838017645654,2
user_ff959309,CPC-TESTER5_Ridge_Jia,CPC-TESTER5_Ridge_Jia,ThinkPad T14 Gen 4,LGES,52500.0,1596,2023-08-14T14:50:43,2023-11-28T16:52:14,106.08,30.0,52500.0,54070.0,54070.0,102.99,100.0,0.0,15.0,14.0,4.02,48.2,0.8947,0.9287,0.0713,97.22,99.0,0.0,0.8853,309.0,0.0,381.0,2973.0,0.0,34,14.29,10.0,147.0,13.92,259.0,188.55,,,LG,2,1,0.943,99.1,93.4,2023-08-21 14:20:53,916.3,stale,32.0,87.0,100.0,13.0,0.0,0.0,0,1,0.5756040299629264,0
user_f84f7f33,PF3KG4XY_TP-Telemetry,PF3KG4XY_TP-Telemetry,ThinkPad X1 Carbon Gen 10,Sunwoda,57000.0,1245,2024-07-24T13:25:19,2025-01-14T09:38:20,173.84,30.0,56990.0,56990.0,56990.0,99.98,100.0,0.0,37.0,3.0,0.53,6.3,0.9743,0.9792,0.0208,79.27,75.0,0.0013,0.2034,8012.0,49.0,1838.0,19450.0,0.0025,5,15.6,7.0,7523.0,0.27,71.0,677.33,,,Sunwoda,1,0,0.0,173.8,100.0,2024-07-24 13:25:19,503.6,stale,6.0,71.0,99.0,28.0,0.001606425702811245,0.0,1,1,0.07552799056272091,0
user_2a1eae0c,PF3MBEZV_TP-Telemetry,PF3MBEZV_TP-Telemetry,ThinkPad X1 Carbon Gen 10,Sunwoda,57000.0,257,2024-11-20T17:19:10,2024-12-16T18:15:03,26.04,30.0,56990.0,56990.0,56990.0,99.98,100.0,0.0,8.0,3.0,3.51,42.08,0.8833,0.9136,0.0864,79.11,79.0,0.0268,0.2515,1263.0,0.0,275.0,15504.0,0.0,4,56.75,61.5,313.1,27.08,28.0,22.05,,,Sunwoda,1,0,0.0,26.0,100.0,2024-11-20 17:19:10,532.2,active,2.0,28.400000000000002,100.0,71.6,0.042801556420233464,0.03501945525291829,2,1,0.26515634477816863,2
user_7ec11193,PF3MC0GA_TP-Telemetry,PF3MC0GA_TP-Telemetry,ThinkPad X1 Carbon Gen 10,SMP,57050.0,669,2024-07-26T12:28:36,2024-12-13T19:05:55,140.28,30.0,58960.0,58960.0,58960.0,103.35,100.0,0.0,4.0,1.0,0.22,2.6,0.9716,0.9713,0.0287,83.72,79.0,0.0,0.2575,429.0,0.0,289.0,10132.0,0.0,4,8.0,9.0,485.8,1.67,122.0,192.07,,,SMP,1,0,0.0,140.3,100.0,2024-07-26 12:28:36,535.2,stale,75.0,76.0,99.0,23.0,0.0,0.0,0,1,0.08604075696858353,0
user_57e7f87e,CHIKARA7-3PAB5T_chikara7,CHIKARA7-3PAB5T_chikara7,ThinkPad X1 Yoga Gen 6,SMP,57050.0,8007,2023-02-06T10:28:56,2024-07-29T16:38:14,539.26,28.81,48080.0,48080.0,48080.0,84.28,100.0,0.0,302.0,222.0,12.53,150.37,0.6436,0.5728,0.4272,75.18,79.0,0.0214,0.1303,2588.0,0.0,15542.0,18895.0,0.0,564,20.97,16.0,435.8,18.27,101.0,264.08,,,SMP,1,0,0.0,539.3,100.0,2023-02-06 10:28:56,672.3,very_stale,1.0,30.0,100.0,70.0,0.005370300986636693,0.0013737979268140378,21,1,0.15096050043380646,0
user_b1c898c4,PF3MDFBG_TP-Telemetry,PF3MDFBG_TP-Telemetry,ThinkPad X1 Yoga Gen 7,Sunwoda,57000.0,327,2024-11-19T14:41:18,2025-01-14T09:39:08,55.79,30.0,56990.0,56990.0,56990.0,99.98,100.0,0.0,21.0,0.0,0.0,0.0,0.9755,0.9768,0.0232,80.2,78.0,0.0,0.0244,8133.0,0.0,1009.0,27578.0,0.0,2,18.0,18.0,102.8,8.33,54.0,671.22,,,Sunwoda,1,0,0.0,55.8,100.0,2024-11-19 14:41:18,503.6,active,62.0,76.0,85.0,9.0,0.0,0.0,0,1,0.02145433905146317,0
user_4404d11a,PF3MDFJC_TP-Telemetry,PF3MDFJC_TP-Telemetry,ThinkPad X1 Carbon Gen 10,SMP,57050.0,1070,2024-07-24T10:49:27,2024-11-25T08:31:28,123.9,30.0,58970.0,58970.0,58970.0,103.37,100.0,0.0,5.0,2.0,0.49,5.9,0.9729,0.971,0.029,83.36,78.0,0.0014,0.2581,787.0,0.0,349.0,12067.0,0.0,5,11.6,12.0,884.4,15.66,124.0,162.08,,,SMP,1,0,0.0,123.9,100.0,2024-07-24 10:49:27,553.6,stale,3.0,76.0,100.0,24.0,0.0009345794392523365,0.0009345794392523365,1,1,0.12298952730707474,0
user_2b0a9b93,CCOURTEIX-C7ECE_ccourteix,CCOURTEIX-C7ECE_ccourteix,ThinkPad T14s Gen 6,Sunwoda2023,58000.0,331,2024-08-07T08:19:47,2024-09-06T09:18:01,30.04,30.0,58030.0,58030.0,58030.0,100.05,100.0,0.0,8.0,5.0,5.07,60.79,0.5045,0.4116,0.5884,79.4,85.0,0.0066,0.003,0.0,0.0,0.0,0.0,,28,15.75,13.5,695.7,3.29,944.0,670.83,,,Sunwoda,1,0,0.0,30.0,100.0,2024-08-07 08:19:47,633.6,active,0.0,55.0,89.0,34.0,0.0030211480362537764,0.0030211480362537764,1,1,0.003012239427180699,0
user_13b0fec7,LAPTOP-JL4J612V_jnunez5,LAPTOP-JL4J612V_jnunez5,ThinkPad X9-15 Gen 1,BYD,80000.0,885,2025-01-06T08:48:48,2025-03-17T15:53:43,70.3,30.0,81080.0,81610.0,81610.0,102.01,100.0,0.0,11.0,10.0,4.33,51.96,0.6633,0.5735,0.4265,87.36,99.0,0.0404,0.512,342.0,0.0,646.0,1811.0,0.0,40,17.55,10.0,1100.9,1.56,177.0,283.19,,,BYD,3,2,2.845,7.2,10.2,2025-03-10 11:03:56,441.3,active,2.0,22.0,100.0,78.0,0.0327683615819209,0.011299435028248588,5,1,0.5166989314678282,2
user_edaf5fa3,PF62APQP_LIP,PF62APQP_LIP,ThinkPad X1 2-in-1 Gen 11,COSMX,58000.0,2009,2026-02-17T02:35:08,2026-04-10T10:42:19,52.34,30.0,58030.0,58030.0,58030.0,100.05,100.0,0.0,2.0,1.0,0.58,6.98,0.9945,0.9928,0.0072,97.12,97.0,0.0,0.9889,756.0,0.0,169.0,3035.0,0.0,0,,,,,6.0,95.87,,,COSMX,1,0,0.0,52.3,100.0,2026-02-17 02:35:08,52.6,active,48.0,95.0,100.0,5.0,0.0,0.0,0,1,0.22619490221470298,0
user_76d292e7,PHAYES-PF4H9L6S_PHAYES,PHAYES-PF4H9L6S_PHAYES,ThinkPad T14 Gen 4,LGES,52500.0,2423,2023-08-17T11:11:43,2024-02-08T14:13:41,175.13,30.0,52500.0,54070.0,54070.0,102.99,100.0,0.0,40.0,40.0,6.95,83.43,0.7899,0.8051,0.1949,95.6,99.0,0.0005,0.7236,491.0,0.0,1276.0,4718.0,0.0,116,14.94,11.0,120.0,17.8,265.0,165.43,,,LG,2,1,0.571,163.6,93.4,2023-08-28 23:02:03,844.4,stale,19.0,78.0,100.0,22.0,0.0,0.0,0,1,0.5646617745330541,0
user_a51a80b9,JL24078-F3YZT26_jl24078,JL24078-F3YZT26_jl24078,ThinkPad X1 Carbon Gen 10,Sunwoda,57000.0,5089,2023-02-08T10:48:23,2024-05-10T14:37:16,457.16,30.0,57570.0,57570.0,57570.0,101.0,100.0,0.0,80.0,73.0,4.86,58.32,0.744,0.6943,0.3057,73.51,78.0,0.0041,0.0,6066.0,0.0,4306.0,15636.0,0.0,210,18.3,17.0,281.9,22.99,61.0,157.53,,,Sunwoda,1,0,0.0,457.2,100.0,2023-02-08 10:48:23,752.4,very_stale,2.0,48.0,80.0,32.0,0.0045195519748477105,0.0029475338966398115,5,0,0.0,0
user_92103310,PJJAKES-F3SKNHW_pjjakes,PJJAKES-F3SKNHW_pjjakes,ThinkPad P16v Gen 1,SMP,90090.0,2142,2023-09-28T08:19:38,2024-03-06T13:36:57,160.22,30.0,93980.0,94200.0,94200.0,104.56,100.0,0.0,54.0,53.0,10.07,120.82,0.4636,0.4871,0.5129,83.08,90.0,0.0109,0.2869,1237.0,0.0,5074.0,4878.0,0.0,173,25.16,18.0,561.1,8.11,562.0,669.4,,,SMP,8,7,4.369,2.3,1.4,2024-03-04 07:23:08,817.4,active,5.0,42.05000000000001,100.0,57.94999999999999,0.005135387488328665,0.0,4,1,0.2553958616204436,2
user_50758ef5,PJJAKES-F5B1GVP_pjjakes,PJJAKES-F5B1GVP_pjjakes,ThinkPad X9-15 Gen 1,BYD,80000.0,267,2025-01-09T14:39:33,2025-02-18T11:31:58,39.87,30.0,81080.0,81080.0,81080.0,101.35,100.0,0.0,11.0,9.0,6.87,82.45,0.4082,0.3433,0.6567,82.13,86.0,0.0,0.2067,0.0,0.0,76.0,514.0,0.0,25,24.4,20.0,1508.5,3.87,834.0,683.06,,,BYD,1,0,0.0,39.9,100.0,2025-01-09 14:39:33,468.5,active,27.0,51.6,100.0,48.4,0.0,0.0,0,1,0.2114558494988203,0
user_167e61cd,KMAKI-PF45ET63_kmaki,KMAKI-PF45ET63_kmaki,ThinkPad X1 Carbon Gen 10,Sunwoda,57000.0,4334,2024-04-04T18:48:20,2024-08-14T23:50:27,132.21,17.38,57570.0,57570.0,57570.0,101.0,100.0,0.0,89.0,86.0,19.8,237.59,0.6292,0.5668,0.4332,86.16,96.0,0.0124,0.363,3795.0,0.0,4895.0,9665.0,0.0,225,25.06,18.0,314.9,14.92,263.0,193.78,,,Sunwoda,1,0,0.0,132.2,100.0,2024-04-04 18:48:20,656.0,stale,2.0,40.650000000000006,100.0,59.349999999999994,0.003461005999077065,0.0011536686663590216,7,1,0.31265390843485874,1
user_e10a8cf9,BMIAO-PF4CFQ04_bmiao,BMIAO-PF4CFQ04_bmiao,ThinkPad T16 Gen 2,Celxpert,86000.0,1263,2023-06-09T13:45:11,2023-11-13T09:27:06,156.82,30.0,86000.0,86000.0,86000.0,100.0,100.0,0.0,8.0,6.0,1.16,13.97,0.9216,0.9251,0.0749,96.57,99.0,0.0059,0.9132,791.0,0.0,436.0,5384.0,0.0,10,24.0,12.5,215.2,16.92,15.0,158.23,,,Celxpert,1,0,0.0,156.8,100.0,2023-06-09 13:45:11,931.6,stale,2.0,93.0,100.0,7.0,0.003167062549485352,0.003167062549485352,1,1,0.5309501483001277,1
user_cce9fdf4,PR2-SVT-M1_MARUICHIT,PR2-SVT-M1_MARUICHIT,ThinkPad X1 Carbon Gen 10,Sunwoda,57000.0,422,2023-08-07T14:53:43,2023-12-13T09:10:12,127.76,30.0,56990.0,56990.0,56990.0,99.98,100.0,0.0,11.0,2.0,0.48,5.72,0.9526,0.9657,0.0343,97.43,98.0,0.0,0.9525,7778.0,0.0,491.0,15108.0,0.0,3,7.33,7.0,150.4,8.3,42.0,336.2,,,Sunwoda,1,0,0.0,127.8,100.0,2023-08-07 14:53:43,901.6,stale,76.0,94.05,100.0,5.950000000000003,0.0,0.0,0,1,0.41171541482183166,0
user_7ea8ba50,BFALEIRO-629K3A_bfaleiro,BFALEIRO-629K3A_bfaleiro,ThinkPad T14 Gen 7,COSMX,75000.0,1865,2026-01-29T16:49:03,2026-05-27T11:07:49,117.76,30.0,75010.0,77070.0,77070.0,102.76,100.0,0.0,39.0,38.0,9.82,117.86,0.6617,0.5485,0.4515,88.77,98.0,0.0178,0.4457,1237.0,0.0,2975.0,3693.0,0.0,133,23.05,12.0,652.4,4.27,154.0,215.84,,,COSMX,43,46,39.061,7.0,6.0,2026-05-20 10:17:27,5.5,active,7.0,43.2,100.0,56.8,0.0016085790884718498,0.0,1,1,0.4862419453711108,1
user_a4dcf161,PRAMINENI-00010_pramineni,PRAMINENI-00010_pramineni,ThinkPad T1g Gen 8,Celxpert,90000.0,915,2025-07-07T11:08:44,2025-09-22T10:45:35,76.98,10.17,90010.0,91620.0,91620.0,101.8,100.0,0.0,11.0,8.0,3.16,37.96,0.5388,0.5677,0.4323,94.75,99.0,0.0067,0.5173,865.0,0.0,1054.0,2882.0,0.0,24,29.58,19.0,1898.8,3.22,303.0,410.66,,,Celxpert,8,7,9.093,13.0,16.9,2025-09-09 11:10:00,252.6,active,1.0,75.7,100.0,24.299999999999997,0.004371584699453552,0.002185792349726776,1,1,0.5364431508185724,1
user_964d76aa,MOTO_AURA,MOTO_AURA,ThinkPad X9-14 Gen 1,BYD,55100.0,519,2024-11-05T09:29:17,2025-12-25T12:19:52,415.12,30.0,55130.0,55520.0,55520.0,100.76,100.0,0.0,15.0,13.0,0.95,11.44,0.6262,0.5666,0.4334,86.44,96.0,0.0163,0.4111,1312.0,0.0,868.0,8596.0,0.0,36,21.03,18.0,2795.9,4.01,28.0,2551.32,,,BYD,15,14,3.373,14.8,3.6,2025-12-10 16:13:09,158.5,active,4.0,33.800000000000004,100.0,66.19999999999999,0.009633911368015413,0.0019267822736030828,2,1,0.44158599390878556,1
user_3b8462ff,MOBILEPE-4HM087_MobilePE,MOBILEPE-4HM087_MobilePE,ThinkPad X1 Yoga Gen 8,Sunwoda,57000.0,3571,2024-07-22T07:41:48,2024-10-07T13:41:59,77.25,29.63,54370.0,54370.0,54370.0,95.39,100.0,0.0,70.0,54.0,21.28,255.32,0.9748,0.9827,0.0173,94.13,97.0,0.0017,0.7782,4642.0,17.0,3294.0,9123.0,0.0019,11,15.64,13.0,383.8,10.77,670.0,657.81,,,Sunwoda,1,0,0.0,77.3,100.0,2024-07-22 07:41:48,602.4,stale,2.0,81.0,100.0,19.0,0.0002800336040324839,0.0002800336040324839,1,1,0.3126503547619819,0
user_572df484,LAPTOP-891HSHPM_p14s,LAPTOP-891HSHPM_p14s,ThinkPad P14s Gen 7 AMD,Celxpert,75000.0,526,2026-01-09T10:13:28,2026-02-27T13:17:54,49.13,30.0,75010.0,75010.0,75010.0,100.01,100.0,0.0,1.0,0.0,0.0,0.0,0.9696,0.915,0.085,96.44,98.0,0.0,0.9038,379.0,0.0,133.0,1718.0,0.0,3,23.33,24.0,5784.5,0.3,2.0,191.15,,,Celxpert,1,0,0.0,49.1,100.0,2026-01-09 10:13:28,94.4,active,64.0,86.0,100.0,14.0,0.0,0.0,0,1,0.1847923682453832,0
user_4749282f,MNISHIO1-2DR71T_mnishio1,MNISHIO1-2DR71T_mnishio1,ThinkPad T14s Gen 2a,Celxpert,57000.0,1170,2023-02-02T20:49:03,2025-10-24T14:06:46,994.72,30.0,56410.0,56980.0,56980.0,99.96,100.0,0.0,29.0,21.0,0.64,7.71,0.7154,0.6807,0.3193,89.78,98.0,0.015,0.5756,1339.0,0.0,1433.0,20710.0,0.0,48,24.56,13.5,3062.5,4.98,38.0,52.51,,,Celxpert,4,16,1.608,497.7,50.0,2024-06-13 22:08:59,220.4,very_stale,0.0,39.45,100.0,60.55,0.023931623931623933,0.017948717948717947,10,1,0.5223709518313431,3
user_32205053,LAPTOP-HR5L43FU_Avon1,LAPTOP-HR5L43FU_Avon1,ThinkPad X1 Carbon Gen 14,COSMX,58000.0,16290,2025-12-09T12:46:44,2025-12-11T19:04:39,2.26,0.07,58030.0,58030.0,58030.0,100.05,100.0,0.0,4.0,3.0,40.36,484.32,0.4727,0.4334,0.5666,98.05,99.0,0.0,0.3345,20.0,0.0,267.0,374.0,0.0,2,45.5,45.5,395.3,6.81,13040.0,20.52,,,COSMX,1,0,0.0,2.3,100.0,2025-12-09 12:46:44,172.2,active,34.0,96.0,99.0,3.0,0.0,0.0,0,1,0.27801886913219914,0
user_14a3cee1,DONGQZ-PF505XME_dongqz,DONGQZ-PF505XME_dongqz,ThinkPad X1 Carbon Gen 13,Sunwoda,57000.0,1457,2024-10-10T15:19:09,2024-12-19T17:02:35,70.07,29.98,58760.0,59190.0,59190.0,103.84,100.0,0.0,14.0,13.0,5.65,67.76,0.7756,0.7976,0.2024,95.79,99.0,0.007,0.7288,1313.0,0.0,908.0,2373.0,0.0,29,20.1,16.0,276.5,13.26,854.0,671.34,,,Sunwoda,14,13,18.552,8.4,11.9,2024-12-11 08:27:56,529.3,active,0.0,77.8,100.0,22.200000000000003,0.0013726835964310226,0.0013726835964310226,1,1,0.5821801819970338,0
user_a9fc1c7b,LAPTOP-LM31Q23F_NL1SKU6LR,LAPTOP-LM31Q23F_NL1SKU6LR,ThinkPad X1 2-in-1 Gen 11,COSMX,58000.0,890,2025-12-05T16:45:26,2025-12-09T14:24:26,3.9,1.95,58590.0,58590.0,58590.0,101.02,100.0,0.0,2.0,0.0,0.0,0.0,0.9787,0.9427,0.0573,99.29,99.0,0.0,0.915,615.0,0.0,143.0,762.0,0.0,2,8.5,8.5,213.9,3.16,1669.0,1822.96,,,COSMX,1,0,0.0,3.9,100.0,2025-12-05 16:45:26,174.4,active,87.0,99.0,100.0,1.0,0.0,0.0,0,1,0.9239044107876253,0
user_9a354e95,LAPTOP-LNBSJHQF_AV1SKU10SIT1p2,LAPTOP-LNBSJHQF_AV1SKU10SIT1p2,ThinkPad X1 2-in-1 Gen 11,COSMX,58000.0,1495,2025-12-18T16:41:05,2026-02-19T10:58:30,62.76,30.0,58300.0,58300.0,58300.0,100.52,100.0,0.0,4.0,1.0,0.49,5.82,0.9933,0.9973,0.0027,97.32,97.0,0.0,0.9973,2470.0,0.0,249.0,3540.0,0.0,0,,,,,9.0,671.73,,,COSMX,1,0,0.0,62.8,100.0,2025-12-18 16:41:05,102.5,stale,95.0,95.0,100.0,5.0,0.0,0.0,0,1,0.3027271342041166,0
user_2523f924,DKUNTTU-F5AZ5F3_dkunttu,DKUNTTU-F5AZ5F3_dkunttu,ThinkPad X9-15 Gen 1,BYD,80000.0,2417,2025-01-09T16:16:13,2026-03-14T20:23:29,429.17,30.0,81080.0,83570.0,83570.0,104.46,100.0,0.0,26.0,25.0,1.77,21.28,0.8006,0.7414,0.2586,88.9,99.0,0.0027,0.4446,1669.0,0.0,2020.0,10836.0,0.0,62,23.27,15.0,3734.4,7.56,7.0,962.96,,,BYD,10,9,2.097,40.4,9.4,2026-02-02 11:43:15,79.2,active,1.0,69.0,100.0,31.0,0.003723624327678941,0.0024824162184526274,2,1,0.4864777052589452,1
user_3372a653,LAPTOP-OV7Q4J55_PE,LAPTOP-OV7Q4J55_PE,ThinkPad X1 Yoga Gen 8,Sunwoda,57000.0,495,2024-09-17T18:28:19,2024-09-29T18:18:34,11.99,30.0,57000.0,57570.0,57570.0,101.0,100.0,0.0,6.0,4.0,10.15,121.82,0.9556,0.9839,0.0161,91.13,99.0,0.0347,0.8034,283.0,0.0,302.0,8946.0,0.0,2,10.5,10.5,60.6,10.74,119.0,124.64,,,Sunwoda,2,1,8.338,4.6,38.2,2024-09-25 04:27:00,610.2,active,2.0,48.10000000000001,100.0,51.89999999999999,0.010101010101010102,0.00808080808080808,3,1,0.5320961165740806,0
user_918cbe7d,LAPTOP-SH0NRR9B_Mesery2,LAPTOP-SH0NRR9B_Mesery2,ThinkPad X1 2-in-1 Gen 10,Celxpert,57030.0,1066,2022-08-29T05:00:32,2025-09-05T01:01:08,1102.83,1.08,55200.0,55740.0,55740.0,97.74,100.0,0.0,15.0,1.0,0.03,0.33,0.9878,0.8343,0.1657,98.42,99.0,0.0,0.7963,3341.0,0.0,839.0,7969.0,0.0,2,15.5,15.5,1166.4,0.79,2360.0,-15018.62,,,Celxpert,2,1,0.091,0.1,0.0,2025-09-04 23:23:29,270.0,active,28.0,99.0,99.0,0.0,0.0,0.0,0,1,0.7966327074418823,0
user_30b13202,LAPTOP-SJCL3CJL_scollins1,LAPTOP-SJCL3CJL_scollins1,ThinkPad T14s Gen 2a,,57000.0,22184,2023-02-02T09:03:00,2025-05-22T13:00:02,840.16,30.0,56970.0,56990.0,56990.0,99.98,100.0,0.0,90.0,58.0,2.1,25.21,0.9281,0.9291,0.0709,75.01,78.0,0.015,0.0,2157.0,14.0,4715.0,33957.0,0.0004,117,19.87,13.0,1929.9,1.51,,,,,,2,1,0.119,741.0,88.2,2023-05-12 13:28:22,375.5,very_stale,0.0,57.0,79.0,22.0,0.001983411467724486,4.5077533357374686e-05,17,0,0.0,0
user_c409957b,LAPTOP-STAV4QJC_PQM,LAPTOP-STAV4QJC_PQM,ThinkPad X1 Yoga Gen 8,Sunwoda,57000.0,4877,2023-03-05T21:06:10,2023-12-28T08:46:33,297.49,30.0,57570.0,57570.0,57570.0,101.0,100.0,0.0,145.0,120.0,12.28,147.33,0.6225,0.4808,0.5192,86.27,95.0,0.0078,0.335,6309.0,0.0,7761.0,9736.0,0.0,383,21.04,16.0,405.6,10.92,1275.0,665.74,,,Sunwoda,1,0,0.0,297.5,100.0,2023-03-05 21:06:10,886.6,very_stale,1.0,47.0,100.0,53.0,0.003075661267172442,0.0016403526758253025,6,1,0.2887417509795799,1
user_bd2066a8,LAPTOP-TH4417NP_MobilePE,LAPTOP-TH4417NP_MobilePE,ThinkPad X1 Yoga Gen 8,Sunwoda,57000.0,507,2024-10-02T19:00:01,2024-10-09T19:36:45,7.03,30.0,57000.0,57570.0,57570.0,101.0,100.0,0.0,19.0,14.0,60.66,727.85,0.9546,0.946,0.054,80.94,81.0,0.0127,0.1377,177.0,0.0,811.0,9182.0,0.0,1,53.0,53.0,436.9,7.28,277.0,3338.05,,,Sunwoda,2,1,14.234,0.0,0.0,2024-10-09 19:36:45,600.2,active,2.0,60.900000000000006,100.0,39.099999999999994,0.0019723865877712033,0.0019723865877712033,1,1,0.1324744861290786,0
user_d34856f4,DESKTOP-QLOL3EV_ehowe,DESKTOP-QLOL3EV_ehowe,ThinkPad T14s Gen 6 Qualcomm,SMP2023,58000.0,366,2024-05-14T10:37:08,2024-06-26T13:29:00,43.12,30.0,63800.0,63800.0,63800.0,110.0,100.0,0.0,20.0,14.0,9.88,118.59,0.1557,0.1401,0.8599,72.65,79.5,0.0214,0.0493,0.0,0.0,0.0,0.0,,29,39.17,38.0,1088.2,3.72,1006.0,659.16,,,SMP,1,0,0.0,43.1,100.0,2024-05-14 10:37:08,705.4,active,10.0,32.0,99.0,67.0,0.0,0.0,0,1,0.06218431317941049,1
user_93158e98,DESKTOP-QAH5T71_ehowe,DESKTOP-QAH5T71_ehowe,ThinkPad T14s Gen 6,SMP2023,58000.0,505,2024-08-08T08:57:51,2024-10-02T07:57:48,54.96,30.0,63800.0,63800.0,63800.0,110.0,100.0,0.0,32.0,19.0,10.52,126.27,0.1901,0.1901,0.8099,74.55,79.0,0.0168,0.0833,0.0,0.0,0.0,0.0,,39,35.56,35.0,935.7,5.42,973.0,677.77,,,SMP,17,17,30.933,7.0,12.8,2024-09-25 07:44:32,607.7,active,3.0,33.2,99.0,65.8,0.0039603960396039604,0.0019801980198019802,1,1,0.10959922207855524,1
user_095ce067,LAPTOP-TH5V7J86_CQE_Test,LAPTOP-TH5V7J86_CQE_Test,ThinkPad X1 Carbon Gen 9,Sunwoda,57000.0,1997,2023-05-19T09:42:35,2023-10-23T09:32:19,156.99,30.0,56990.0,56990.0,56990.0,99.98,100.0,0.0,402.0,65.0,12.6,151.23,0.6865,0.6437,0.3563,79.96,95.0,0.0577,0.4204,9456.0,3.0,19106.0,16234.0,0.0002,126,37.98,33.0,686.3,25.53,844.0,669.74,,,Sunwoda,1,0,0.0,157.0,100.0,2023-05-19 09:42:35,952.6,stale,1.0,17.0,100.0,83.0,0.026539809714571858,0.005007511266900351,13,1,0.3543360484530958,5
user_84ac78c7,DESKTOP-MMH8JIS_chee1,DESKTOP-MMH8JIS_chee1,ThinkPad X13s Gen 1,Celxpert,49500.0,444,2023-10-24T18:15:19,2024-03-29T11:33:42,156.72,30.0,49530.0,49530.0,49530.0,100.06,100.0,0.0,27.0,11.0,2.14,25.64,0.7185,0.5889,0.4111,94.56,100.0,0.0038,0.53,0.0,0.0,0.0,0.0,,19,10.63,6.0,3815.2,0.47,7.0,0.21,,,Celxpert,1,0,0.0,156.7,100.0,2023-10-24 18:15:19,794.5,stale,3.0,67.0,100.0,33.0,0.0045045045045045045,0.0045045045045045045,2,1,0.6213873815639512,0
user_929f51e2,LIUFENG7-26Y6JC_liufeng7,LIUFENG7-26Y6JC_liufeng7,ThinkPad X13 Gen 2i,Sunwoda,54700.0,4141,2023-02-08T11:20:38,2024-07-10T15:33:15,518.18,30.0,54720.0,54720.0,54720.0,100.04,100.0,0.0,55.0,48.0,2.82,33.83,0.8814,0.9157,0.0843,94.51,99.0,0.0103,0.8564,8851.0,1.0,2759.0,14848.0,0.0001,107,25.25,18.0,543.6,19.33,18.0,652.23,,,Sunwoda,2,2,0.386,33.1,6.4,2024-06-07 14:13:56,691.4,active,0.0,68.0,100.0,32.0,0.007969089591886018,0.005554213957981164,12,1,0.6862377954694204,3
user_757906d6,MAGSHINE_wangyl,MAGSHINE_wangyl,ThinkPad Aladdin,BYD,80000.0,3398,2025-01-06T14:13:20,2025-09-23T10:53:35,259.86,30.0,85940.0,86010.0,86010.0,107.51,100.0,0.0,99.0,91.0,10.66,127.91,0.5983,0.6492,0.3508,81.94,95.0,0.0167,0.4908,3316.0,0.0,6580.0,6829.0,0.0,223,30.88,23.0,254.1,14.0,347.0,190.47,,,BYD,12,11,4.233,36.1,13.9,2025-08-18 09:31:53,251.5,active,1.0,26.0,100.0,74.0,0.013243084167157151,0.004708652148322542,21,1,0.45547168513049185,6
user_aaff7287,LAPTOP-CJP1C30S_TM2,LAPTOP-CJP1C30S_TM2,ThinkPad X1 Carbon Gen 13,SMP,57030.0,1725,2025-06-06T04:36:31,2025-09-05T02:05:22,90.9,1.03,58490.0,62730.0,62730.0,109.99,100.0,0.0,10.0,3.0,1.0,12.06,0.7925,0.676,0.324,97.89,100.0,0.0258,0.6508,678.0,0.0,608.0,5573.0,0.0,6,40.0,20.5,19681.6,0.43,32.0,1198.19,,,SMP,4,3,3.301,60.0,66.0,2025-07-07 02:42:28,269.9,stale,2.0,93.0,100.0,7.0,0.0034782608695652175,0.0017391304347826088,2,1,0.6546974816160812,1
user_014ac559,DESKTOP-DR88TUK_DEV-Condor,DESKTOP-DR88TUK_DEV-Condor,ThinkPad T14s Gen 6 Qualcomm,Sunwoda2023,58000.0,258,2024-05-17T05:23:54,2024-05-22T19:12:45,5.58,30.0,58030.0,58030.0,58030.0,100.05,100.0,0.0,7.0,4.0,21.84,262.04,0.9574,0.9635,0.0365,91.18,97.0,0.0,0.5369,0.0,0.0,0.0,0.0,,2,14.5,14.5,379.3,8.26,64.0,871.11,,,Sunwoda,1,0,0.0,5.6,100.0,2024-05-17 05:23:54,740.2,active,62.0,71.85,100.0,28.150000000000006,0.0,0.0,0,1,0.37131073735229053,0
user_550768ef,KHORINOUCHI-42K_khorinouchi,KHORINOUCHI-42K_khorinouchi,ThinkPad T14 Gen 1,LGC,50500.0,232,2023-10-12T17:25:07,2024-04-25T15:11:07,195.91,29.98,51480.0,51480.0,51480.0,101.94,100.0,0.0,448.0,10.0,1.55,18.64,0.5431,0.4415,0.5585,59.19,67.0,0.1912,0.2188,6558.0,0.0,17545.0,25535.0,0.0,16,45.25,29.5,2805.6,7.23,28.0,190.99,,,LG,1,0,0.0,195.9,100.0,2023-10-12 17:25:07,767.4,very_stale,1.0,3.0,100.0,97.0,0.13793103448275862,0.09051724137931035,8,1,0.21949515802336056,3
user_d991aa8b,HWPA-NL1-SKU8-S_HWPA,HWPA-NL1-SKU8-S_HWPA,ThinkPad X1 2-in-1 Gen 11,COSMX,58000.0,376,2025-09-23T19:43:31,2026-01-14T10:57:59,112.64,6.07,58030.0,58310.0,58310.0,100.53,100.0,0.0,6.0,5.0,1.35,16.21,0.5691,0.6967,0.3033,84.95,96.0,0.0035,0.5443,644.0,0.0,372.0,1587.0,0.0,14,17.07,12.5,7475.7,6.3,451.0,167.79,,,COSMX,5,4,3.551,0.0,0.0,2026-01-14 10:57:59,138.5,active,2.0,41.75,100.0,58.25,0.018617021276595744,0.018617021276595744,1,1,0.4757399437764955,0
user_04b3f884,E28386-PF3X7BXZ_e28386,E28386-PF3X7BXZ_e28386,ThinkPad X1 Yoga Gen 6,Sunwoda,57000.0,13395,2023-02-08T10:07:25,2025-10-29T22:15:42,994.51,30.0,57570.0,57570.0,57570.0,101.0,100.0,0.0,62.0,47.0,1.44,17.26,0.9327,0.931,0.069,97.27,98.0,0.0016,0.9078,18732.0,0.0,3124.0,24743.0,0.0,83,24.18,15.0,340.8,18.62,2.0,0.43,,,Sunwoda,1,0,0.0,994.5,100.0,2023-02-08 10:07:25,215.1,very_stale,0.0,95.0,100.0,5.0,0.001269130272489735,0.0010451661067562524,7,1,0.519547563356971,3
user_8515dde8,JP2-E3-05_e3,JP2-E3-05_e3,ThinkPad,Sunwoda,57000.0,998,2023-03-15T18:48:39,2025-02-21T13:55:08,708.8,30.0,56990.0,56990.0,56990.0,99.98,100.0,0.0,24.0,13.0,0.56,6.7,0.6733,0.6068,0.3932,90.06,99.0,0.0111,0.5442,15541.0,0.0,1225.0,27319.0,0.0,38,20.76,10.5,6775.5,0.8,23.0,194.25,,,Sunwoda,1,0,0.0,708.8,100.0,2023-03-15 18:48:39,465.4,very_stale,5.0,46.85,100.0,53.15,0.008016032064128256,0.0,7,1,0.5522496837097093,1
user_1f36f1a3,MHEIDENFELD-CJ1_mheidenfeldt,MHEIDENFELD-CJ1_mheidenfeldt,ThinkPad T14s Gen 6,SMP2023,58000.0,822,2024-08-06T07:58:30,2024-10-23T15:13:30,78.3,30.0,62150.0,62150.0,62150.0,107.16,100.0,0.0,13.0,11.0,4.28,51.31,0.5815,0.5342,0.4658,80.17,84.0,0.0068,0.0,0.0,0.0,0.0,0.0,,47,16.4,10.0,955.4,1.66,556.0,672.1,,,SMP,1,0,0.0,78.3,100.0,2024-08-06 07:58:30,586.4,stale,1.0,44.10000000000001,94.0,49.89999999999999,0.004866180048661801,0.004866180048661801,1,0,0.0,1
user_79664cc6,BDILLON-F67NKP7_bdillon,BDILLON-F67NKP7_bdillon,ThinkPad P14s Gen 7,Sunwoda,75000.0,316,2026-05-19T13:20:29,2026-05-27T16:54:00,8.15,30.0,75010.0,75010.0,75010.0,100.01,100.0,0.0,4.0,2.0,7.47,89.65,0.8513,0.9142,0.0858,98.08,100.0,0.0,0.8711,202.0,0.0,329.0,1535.0,0.0,7,9.86,8.0,38.0,21.3,566.0,192.9,,,Sunwoda,1,0,0.0,8.1,100.0,2026-05-19 13:20:29,5.3,active,67.0,92.0,100.0,8.0,0.0,0.0,0,1,0.6402213524092321,0
user_8f056c30,PF3QE5N0_TP-Telemetry,PF3QE5N0_TP-Telemetry,ThinkPad X1 Yoga Gen 7,Sunwoda,57000.0,270,2024-11-20T13:57:26,2024-12-16T18:22:45,26.18,30.0,56990.0,56990.0,56990.0,99.98,100.0,0.0,11.0,3.0,3.49,41.85,0.963,0.9768,0.0232,73.34,78.0,0.0177,0.0378,2859.0,0.0,500.0,13437.0,0.0,2,39.5,39.5,51.5,34.42,16.0,22.22,,,Sunwoda,1,0,0.0,26.2,100.0,2024-11-20 13:57:26,532.2,active,2.0,43.45,88.64999999999995,45.199999999999946,0.014814814814814815,0.014814814814814815,1,1,0.015590047373976226,0
user_e5dc411b,PW05SGBF_LIP-Telemetry,PW05SGBF_LIP-Telemetry,ThinkPad P1 Gen 6,Sunwoda,90010.0,649,2025-03-07T10:41:00,2025-04-25T14:45:36,49.17,30.0,90010.0,90010.0,90010.0,100.0,100.0,0.0,3.0,0.0,0.0,0.0,0.9753,0.9819,0.0181,78.47,79.0,0.0,0.0,34.0,0.0,421.0,15768.0,0.0,1,11.0,11.0,6989.9,0.09,595.0,671.68,,,Sunwoda,1,0,0.0,49.2,100.0,2025-03-07 10:41:00,402.4,active,64.0,76.0,80.0,4.0,0.0,0.0,0,0,0.0,0
user_ed1321f7,TMOCHIZUKI-FHMH_tmochizuki,TMOCHIZUKI-FHMH_tmochizuki,ThinkPad T14 Gen 4,Celxpert,52500.0,449,2023-05-12T12:20:34,2024-03-19T18:39:05,312.26,30.0,52490.0,52490.0,52490.0,99.98,100.0,0.0,9.0,4.0,0.39,4.68,0.9733,0.9788,0.0212,88.91,93.0,0.023,0.4135,443.0,0.0,470.0,7477.0,0.0,1,14.0,14.0,5.3,158.99,10.0,635.05,,,Celxpert,1,0,0.0,312.3,100.0,2023-05-12 12:20:34,804.2,very_stale,2.0,78.0,100.0,22.0,0.024498886414253896,0.013363028953229399,3,1,0.18019947393417785,1
user_ade076ac,LAPTOP-7HDJI946_MobilePE,LAPTOP-7HDJI946_MobilePE,ThinkPad X1 Yoga Gen 8,SMP,57050.0,372,2024-10-04T02:50:06,2024-10-09T19:36:21,5.7,29.63,58990.0,58990.0,58990.0,103.4,100.0,0.0,24.0,15.0,80.12,961.39,0.9946,0.9975,0.0025,85.08,82.0,0.0103,0.2228,393.0,0.0,1400.0,5165.0,0.0,0,,,,,169.0,3340.52,,,SMP,1,0,0.0,5.7,100.0,2024-10-04 02:50:06,600.2,active,2.0,72.65,99.0,26.349999999999994,0.002688172043010753,0.002688172043010753,1,1,0.2093380036928424,0
user_d1e2707d,SIWAI-PF462GGQ_localuser,SIWAI-PF462GGQ_localuser,ThinkPad X1 Yoga Gen 7,SMP,57050.0,1616,2024-07-06T06:57:56,2024-10-28T11:52:16,114.2,30.0,48080.0,48080.0,48080.0,84.28,100.0,0.0,256.0,47.0,12.53,150.32,0.5972,0.4999,0.5001,80.61,91.0,0.0077,0.3054,2425.0,0.0,13813.0,15577.0,0.0,122,24.95,18.5,850.1,3.64,486.0,437.53,,,SMP,1,0,0.0,114.2,100.0,2024-07-06 06:57:56,581.5,stale,7.0,29.0,100.0,71.0,0.0012376237623762376,0.0,1,1,0.21323754738223558,0
user_9a57a7df,SIWAI-PF462GGQ_siwai,SIWAI-PF462GGQ_siwai,ThinkPad X1 Yoga Gen 7,SMP,57050.0,1459,2024-07-06T06:57:56,2024-10-21T15:29:34,107.36,30.0,48080.0,48080.0,48080.0,84.28,100.0,0.0,252.0,43.0,12.19,146.3,0.5997,0.4999,0.5001,81.57,92.0,0.0054,0.3107,2416.0,0.0,13603.0,15418.0,0.0,113,24.86,19.0,877.7,4.34,38.0,22.45,,,SMP,1,0,0.0,107.4,100.0,2024-07-06 06:57:56,588.4,stale,7.0,30.0,100.0,70.0,0.0013708019191226869,0.0,1,1,0.22600556528557245,0
user_9d87b45e,LAPTOP-2OC97423_Administrator,LAPTOP-2OC97423_Administrator,ThinkPad X1 2-in-1 Gen 10,SMP,57030.0,929,2025-02-06T18:28:57,2025-02-11T22:45:11,5.18,2.8,62600.0,62600.0,62600.0,109.77,100.0,0.0,13.0,0.0,0.0,0.0,0.9429,0.9808,0.0192,96.56,97.0,0.0,0.966,733.0,185.0,815.0,1583.0,0.1169,2,7.0,7.0,18.2,26.65,747.0,6356.84,,,SMP,1,0,0.0,5.2,100.0,2025-02-06 18:28:57,475.1,active,63.0,92.0,100.0,8.0,0.0,0.0,0,1,0.6190972206699539,0
user_ea016da3,ANDY_zuyin,ANDY_zuyin,ThinkPad X1 Carbon Gen 11,SMP,57050.0,1373,2023-12-28T16:41:29,2024-05-08T19:12:32,132.1,30.0,51750.0,51750.0,51750.0,90.71,100.0,0.0,115.0,14.0,3.23,38.71,0.74,0.728,0.272,91.36,97.0,0.0,0.6252,2319.0,0.0,6419.0,12574.0,0.0,42,13.02,8.0,851.1,5.12,337.0,359.71,,,SMP,1,0,0.0,132.1,100.0,2023-12-28 16:41:29,754.2,stale,38.0,58.0,100.0,42.0,0.0,0.0,0,1,0.3629994346463379,0
user_065e1000,SSUGIMOTO2-0011_ssugimoto2,SSUGIMOTO2-0011_ssugimoto2,ThinkPad P1 Gen 8,Sunwoda,90000.0,271,2025-06-23T14:45:23,2025-07-08T19:02:49,15.18,30.0,90010.0,90010.0,90010.0,100.01,100.0,0.0,3.0,1.0,2.01,24.06,0.7601,0.8477,0.1523,96.29,99.0,0.0,0.8005,381.0,0.0,332.0,1128.0,0.0,7,14.29,10.0,797.4,10.8,54.0,193.56,,,Sunwoda,1,0,0.0,15.2,100.0,2025-06-23 14:45:23,328.2,active,62.0,81.5,100.0,18.5,0.0,0.0,0,1,0.6453354408796395,0
user_fd6eb8f2,SYD6_zf,SYD6_zf,ThinkPad T14p Gen 2,SMP,75000.0,314,2024-01-10T10:37:17,2024-01-24T18:30:54,14.33,30.0,75000.0,75000.0,75000.0,100.0,100.0,0.0,4.0,3.0,6.37,76.47,0.7803,0.7982,0.2018,94.42,96.0,0.0,0.7339,314.0,0.0,362.0,888.0,0.0,9,22.33,11.0,868.9,16.83,125.0,191.15,,,SMP,1,0,0.0,14.3,100.0,2024-01-10 10:37:17,859.2,active,29.0,76.6,100.0,23.400000000000006,0.0,0.0,0,1,0.3588755195005535,0
user_8f4f8bbc,KSHIBATAX3Y83N9_KSHIBATA,KSHIBATAX3Y83N9_KSHIBATA,ThinkPad X1 Yoga Gen 7,Sunwoda,57000.0,22648,2023-02-03T18:14:24,2025-10-01T16:24:11,970.92,30.0,57570.0,57570.0,57570.0,101.0,100.0,0.0,266.0,250.0,7.84,94.05,0.837,0.848,0.152,94.63,98.0,0.0067,0.7806,21040.0,71.0,13904.0,27752.0,0.0026,374,22.96,16.0,201.7,22.43,17.0,0.61,,,Sunwoda,1,0,0.0,970.9,100.0,2023-02-03 18:14:24,243.3,very_stale,2.0,73.0,100.0,27.0,0.004371246909219357,0.000485694101024373,34,1,0.4624116912477696,14
user_aadea6cc,HIROSE-PF4AKXKG_hirose,HIROSE-PF4AKXKG_hirose,ThinkPad Z16 Gen 2,SMP,72010.0,1294,2023-04-25T16:09:03,2024-01-31T11:22:07,280.8,30.0,74560.0,79210.0,79210.0,110.0,100.0,0.0,8.0,7.0,0.76,9.11,0.8764,0.7473,0.2527,96.68,97.0,0.0,0.7171,181.0,0.0,534.0,7217.0,0.0,39,7.82,5.0,811.2,1.0,56.0,169.19,,,SMP,2,1,0.356,6.8,2.4,2024-01-24 16:01:44,852.5,active,20.0,91.0,100.0,9.0,0.0,0.0,0,1,0.4508139245849092,0
user_06fe1ca0,TP-X1C-G11_emmet,TP-X1C-G11_emmet,ThinkPad X1 Carbon Gen 11,Sunwoda,57000.0,1896,2023-04-17T15:38:11,2023-10-19T22:02:22,185.27,16.23,57000.0,57570.0,57570.0,101.0,100.0,0.0,28.0,25.0,4.11,49.29,0.625,0.6117,0.3883,90.9,98.0,0.0071,0.4746,2933.0,0.0,1380.0,5631.0,0.0,53,24.85,17.0,2971.0,0.73,511.0,673.84,,,Sunwoda,2,1,0.54,176.5,95.3,2023-04-26 09:53:07,956.1,stale,1.0,52.0,100.0,48.0,0.0058016877637130804,0.002109704641350211,2,1,0.36559174936394623,0
user_65b8d794,ROROSAS-F4HH26Y_rorosas,ROROSAS-F4HH26Y_rorosas,ThinkPad T16 Gen 2,Celxpert,86000.0,4866,2023-08-17T11:40:35,2025-09-04T21:27:08,749.41,30.0,86000.0,86000.0,86000.0,100.0,100.0,0.0,103.0,102.0,4.14,49.71,0.6757,0.6003,0.3997,92.04,98.0,0.0012,0.5062,1356.0,0.0,5453.0,18494.0,0.0,264,19.02,13.0,1316.5,3.39,30.0,658.11,,,Celxpert,1,0,0.0,749.4,100.0,2023-08-17 11:40:35,270.1,very_stale,15.0,61.0,100.0,39.0,0.0,0.0,0,1,0.4133622562279842,0
user_6c130727,VBARONE-F67TWPP_vbarone,VBARONE-F67TWPP_vbarone,ThinkPad T14s Gen 7,Sunwoda,58000.0,272,2026-05-11T09:57:06,2026-05-25T11:49:23,14.08,30.0,58030.0,58030.0,58030.0,100.05,100.0,0.0,3.0,1.0,2.16,25.94,0.8529,0.8212,0.1788,97.28,100.0,0.0,0.7568,373.0,0.0,220.0,1591.0,0.0,6,16.17,10.5,96.2,10.58,419.0,168.03,,,Sunwoda,1,0,0.0,14.1,100.0,2026-05-11 09:57:06,7.5,active,49.0,86.55,100.0,13.450000000000003,0.0,0.0,0,1,0.5942097353326948,0
user_f9331e47,IMIHO-PF2SCRY9_imiho,IMIHO-PF2SCRY9_imiho,ThinkPad T14 Gen 1,LGC,50500.0,12743,2023-02-13T09:15:58,2024-10-09T15:46:21,604.27,30.0,51480.0,51480.0,51480.0,101.94,100.0,0.0,272.0,159.0,8.01,96.11,0.7932,0.8381,0.1619,94.08,99.0,0.002,0.7729,8575.0,0.0,6060.0,19881.0,0.0,441,24.76,21.0,257.9,14.54,32.0,165.07,,,LG,1,0,0.0,604.3,100.0,2023-02-13 09:15:58,600.3,very_stale,1.0,65.0,100.0,35.0,0.000784744565643883,0.00047084673938632975,3,1,0.5726468720684389,2
user_a98f025a,HYKW_X1CG11,HYKW_X1CG11,ThinkPad X1 Carbon Gen 12,Celxpert,57030.0,1143,2024-06-03T10:26:36,2024-11-15T17:29:54,165.29,30.0,54500.0,55030.0,55030.0,96.49,100.0,0.0,47.0,6.0,1.1,13.26,0.8845,0.8959,0.1041,97.14,100.0,0.0007,0.8659,6441.0,59.0,2664.0,9732.0,0.0061,25,17.44,14.0,6515.1,12.77,29.0,3.7,,,Celxpert,8,7,4.235,0.0,0.0,2024-11-15 17:29:54,563.3,active,0.0,87.0,100.0,13.0,0.0026246719160104987,0.0026246719160104987,1,1,0.8003090792800546,1
user_ceaefa13,LAPTOP-19J6LO6A_ytakeda,LAPTOP-19J6LO6A_ytakeda,ThinkPad X1 Yoga Gen 8,Celxpert,57000.0,552,2023-09-15T15:02:33,2023-10-24T13:01:36,38.92,29.6,57010.0,57010.0,57010.0,100.02,100.0,0.0,7.0,2.0,1.56,18.77,0.7862,0.6312,0.3688,96.62,98.0,0.0,0.5812,223.0,0.0,433.0,5654.0,0.0,22,7.0,4.0,1379.9,0.45,1606.0,670.6,,,Celxpert,1,0,0.0,38.9,100.0,2023-09-15 15:02:33,951.5,active,63.0,89.0,100.0,11.0,0.0,0.0,0,1,0.3832096390263888,0
user_13d0cbcf,AIII1-PF55Q7L6_aiii1,AIII1-PF55Q7L6_aiii1,ThinkPad T16 Gen 4,SMP,87380.0,1564,2025-04-09T15:19:19,2025-12-08T11:38:03,242.85,30.0,89450.0,89450.0,89450.0,102.37,100.0,0.0,40.0,40.0,5.01,60.16,0.539,0.5085,0.4915,62.45,70.0,0.0243,0.0031,159.0,0.0,3732.0,6141.0,0.0,94,35.18,34.0,2434.7,8.53,7.0,2317.11,,,SMP,1,0,0.0,242.8,100.0,2025-04-09 15:19:19,175.5,very_stale,4.0,22.150000000000006,80.0,57.849999999999994,0.007033248081841432,0.0019181585677749361,6,0,0.0,0
user_3af837ba,AH-PF2PXA6R_ah,AH-PF2PXA6R_ah,ThinkPad X1 Carbon Gen 9,Sunwoda,57000.0,16295,2025-03-03T16:22:07,2026-02-11T15:22:54,344.96,30.0,57000.0,57570.0,57570.0,101.0,100.0,0.0,70.0,68.0,6.0,72.0,0.924,0.9496,0.0504,97.22,100.0,0.0001,0.8498,8072.0,0.0,3570.0,8239.0,0.0,282,16.15,13.0,53.4,18.0,154.0,148.33,,,Sunwoda,2,1,0.29,336.9,97.7,2025-03-11 17:00:03,110.4,very_stale,6.0,84.0,100.0,16.0,0.000122737035900583,0.0,1,1,0.7501250353384389,0
user_a32f1671,X9ALADDIN-NAITO_arima,X9ALADDIN-NAITO_arima,ThinkPad X9-15 Gen 1,BYD,80000.0,845,2025-01-31T13:21:20,2025-09-08T16:58:47,220.15,30.0,81080.0,81080.0,81080.0,101.35,100.0,0.0,26.0,24.0,3.32,39.82,0.4722,0.3122,0.6878,78.74,90.0,0.0515,0.2026,715.0,0.0,1901.0,6096.0,0.0,60,32.1,25.0,2813.8,0.9,146.0,4205614.52,,,BYD,1,0,0.0,220.2,100.0,2025-01-31 13:21:20,266.3,very_stale,0.0,21.0,100.0,79.0,0.02603550295857988,0.008284023668639054,5,1,0.2282010446948021,4
user_d5b138e7,YSUZUKI11-9S4B8_ysuzuki11,YSUZUKI11-9S4B8_ysuzuki11,ThinkPad T14 Gen 3,,39300.0,16317,2023-02-03T17:49:21,2024-06-26T07:42:42,508.58,30.0,39300.0,39370.0,39370.0,100.18,100.0,0.0,220.0,219.0,13.11,157.28,0.9028,0.9257,0.0743,95.5,98.0,0.0005,0.8729,4676.0,0.0,5327.0,13390.0,0.0,298,24.63,22.0,55.7,36.32,,,,,,2,1,0.197,498.8,98.1,2023-02-13 13:05:46,705.7,very_stale,3.0,78.0,100.0,22.0,0.0003064288778574493,0.00018385732671446958,2,1,0.41552770984306964,1
user_f5183a53,ZAWACKIJE_j,ZAWACKIJE_j,ThinkPad X1 2-in-1 Gen 11,Sunwoda,58000.0,508,2026-04-06T14:47:21,2026-05-20T23:01:04,44.34,30.0,58030.0,58830.0,58830.0,101.43,100.0,0.0,11.0,9.0,6.18,74.13,0.5453,0.4632,0.5368,89.27,98.0,0.007,0.343,366.0,0.0,676.0,1841.0,0.0,25,23.52,14.0,1466.6,9.97,93.0,194.76,,,Sunwoda,11,10,22.552,2.4,5.4,2026-05-18 13:30:27,12.0,active,15.0,55.0,100.0,45.0,0.0,0.0,0,1,0.48946651253550305,0
user_8a0642a0,JANUMOLU-0A203W_janumolu,JANUMOLU-0A203W_janumolu,ThinkPad L13 2-in-1 Gen 5,LGES,46000.0,3314,2024-03-19T12:13:20,2024-11-02T21:43:59,228.4,30.0,46000.0,46460.0,46460.0,101.0,100.0,0.0,97.0,95.0,12.66,151.92,0.5196,0.3611,0.6389,77.6,88.0,0.0244,0.2374,876.0,0.0,4265.0,6175.0,0.0,218,39.41,37.0,954.8,3.23,78.0,267.42,,,LG,2,1,0.438,213.4,93.4,2024-04-03 11:55:36,576.1,very_stale,1.0,26.0,100.0,74.0,0.008449004224502113,0.003621001810500905,16,1,0.2943954159736557,5
user_37d73ee0,DONGQZ-PW0B15P6_dongqz,DONGQZ-PW0B15P6_dongqz,ThinkPad P1 Gen 7,Celxpert,90000.0,765,2024-06-06T08:22:16,2024-06-21T13:22:57,15.21,0.45,90010.0,90530.0,90530.0,100.59,100.0,0.0,7.0,2.0,4.0,48.03,0.3595,0.7595,0.2405,65.8,69.0,0.0042,0.6956,669.0,0.0,702.0,1737.0,0.0,8,12.38,8.0,158.4,8.7,2697.0,407.2,,,Celxpert,4,3,19.725,12.1,79.5,2024-06-09 11:18:44,710.4,active,14.0,21.0,100.0,79.0,0.0,0.0,0,1,0.577332577865352,0
user_719148d6,ATOKYO-PF3TQD0N_atokyo,ATOKYO-PF3TQD0N_atokyo,ThinkPad X1 Yoga Gen 6,Sunwoda,57000.0,12328,2023-02-06T09:32:53,2024-07-16T10:49:35,526.05,22.62,57570.0,57570.0,57570.0,101.0,100.0,0.0,249.0,172.0,9.95,119.42,0.6325,0.5946,0.4054,77.28,79.0,0.0025,0.0526,6327.0,0.0,13230.0,18078.0,0.0,711,12.4,9.0,289.1,12.37,2541.0,659.19,,,Sunwoda,1,0,0.0,526.1,100.0,2023-02-06 09:32:53,685.5,very_stale,2.0,59.0,98.0,39.0,0.0018656716417910447,0.0008111615833874108,8,1,0.04886508674538772,0
user_fc62639b,PW0KZBLW_LIP,PW0KZBLW_LIP,ThinkPad P1 Gen 8,Sunwoda,90000.0,389,2026-05-12T10:41:57,2026-05-25T09:11:09,12.94,30.0,90010.0,90010.0,90010.0,100.01,100.0,0.0,1.0,0.0,0.0,0.0,0.9589,0.9796,0.0204,97.82,98.0,0.0,0.9796,187.0,0.0,140.0,6372.0,0.0,1,3.0,3.0,36.9,4.88,15.0,257.54,,,Sunwoda,1,0,0.0,12.9,100.0,2026-05-12 10:41:57,7.6,active,91.0,95.0,100.0,5.0,0.0,0.0,0,1,0.39066714470055564,0
user_55ef578d,JG3-SIT-OS_Maru1tom,JG3-SIT-OS_Maru1tom,ThinkPad X1 Yoga Gen 8,Sunwoda,57000.0,769,2023-10-18T18:49:18,2024-05-14T13:32:14,208.78,30.0,57570.0,57570.0,57570.0,101.0,100.0,0.0,9.0,0.0,0.0,0.0,0.9766,0.9627,0.0373,98.0,99.0,0.0,0.9414,5179.0,0.0,331.0,13131.0,0.0,3,10.67,13.0,1290.6,0.4,6.0,0.09,,,Sunwoda,1,0,0.0,208.8,100.0,2023-10-18 18:49:18,748.4,very_stale,77.0,95.0,100.0,5.0,0.0,0.0,0,1,0.5439288871868236,0
user_53739d10,JFISHEL-F56FAH2_jfishel,JFISHEL-F56FAH2_jfishel,ThinkPad X1 Carbon Gen 13,SMP,57030.0,1649,2024-11-13T15:02:38,2025-05-07T09:47:36,174.78,30.0,59060.0,59060.0,59060.0,103.56,100.0,0.0,26.0,26.0,4.53,54.33,0.7641,0.7627,0.2373,74.86,79.0,0.0021,0.0277,73.0,0.0,1587.0,4530.0,0.0,80,19.95,19.0,373.5,14.97,353.0,359.55,,,SMP,1,0,0.0,174.8,100.0,2024-11-13 15:02:38,390.6,stale,5.0,53.0,80.0,27.0,0.0018192844147968466,0.0,2,1,0.028222156565011182,0
user_c582d8b8,PW0KZBVB_LIP,PW0KZBVB_LIP,ThinkPad P1 Gen 8,Sunwoda,90000.0,370,2026-05-12T11:16:41,2026-05-25T10:27:01,12.97,30.0,90010.0,90010.0,90010.0,100.01,100.0,0.0,2.0,1.0,2.35,28.17,0.9703,0.9741,0.0259,97.7,99.0,0.0,0.8734,279.0,27.0,200.0,6426.0,0.0042,1,3.0,3.0,7.1,25.35,7.0,257.31,,,Sunwoda,1,0,0.0,13.0,100.0,2026-05-12 11:16:41,7.6,active,83.0,91.0,100.0,9.0,0.0,0.0,0,1,0.5721595809340768,0
user_67d3c2d4,PW06AQ1F_LIP-Telemetry,PW06AQ1F_LIP-Telemetry,ThinkPad P1 Gen 6,SMP,90090.0,857,2025-02-27T17:28:16,2025-04-24T16:54:17,55.98,30.0,95430.0,95430.0,95430.0,105.93,100.0,0.0,3.0,1.0,0.54,6.53,0.9755,0.9714,0.0286,77.02,77.0,0.0,0.0,123.0,4.0,309.0,1487.0,0.0027,3,16.0,17.0,2768.8,0.26,127.0,177.59,,,SMP,1,0,0.0,56.0,100.0,2025-02-27 17:28:16,403.3,active,50.0,76.0,79.0,3.0,0.0,0.0,0,0,0.0,0
user_37421636,PW0KZBMA_LIP,PW0KZBMA_LIP,ThinkPad P1 Gen 8,Celxpert,90000.0,368,2026-05-12T13:57:30,2026-05-25T10:41:37,12.86,30.0,93940.0,93940.0,93940.0,104.38,100.0,0.0,1.0,0.0,0.0,0.0,0.9973,1.0,0.0,99.32,100.0,0.0,0.9973,221.0,0.0,142.0,6452.0,0.0,0,,,,,7.0,257.5,,,Celxpert,1,0,0.0,12.9,100.0,2026-05-12 13:57:30,7.6,active,93.0,95.0,100.0,5.0,0.0,0.0,0,1,0.8504835076280656,0
user_c98bbd6e,PW05SGBG_LIP-Telemetry,PW05SGBG_LIP-Telemetry,ThinkPad P1 Gen 6,Sunwoda,90010.0,680,2025-03-07T13:46:30,2025-04-25T14:45:59,49.04,30.0,90010.0,90010.0,90010.0,100.0,100.0,0.0,3.0,0.0,0.0,0.0,0.9574,0.9757,0.0243,78.22,79.0,0.0,0.0,26.0,0.0,483.0,16409.0,0.0,3,6.33,5.0,420.1,14.25,520.0,669.14,,,Sunwoda,1,0,0.0,49.0,100.0,2025-03-07 13:46:30,402.4,active,69.0,76.0,80.0,4.0,0.0,0.0,0,0,0.0,0
user_f17594f7,PW06AQ17_LIP-Telemetry,PW06AQ17_LIP-Telemetry,ThinkPad P1 Gen 6,SMP,90090.0,762,2025-03-07T11:31:51,2025-04-27T22:05:00,51.44,30.0,99880.0,99880.0,99880.0,110.87,100.0,0.0,3.0,1.0,0.59,7.1,0.8241,0.8011,0.1989,77.05,77.0,0.0,0.0,5.0,1.0,299.0,1405.0,0.0007,3,7.67,7.0,4345.4,3.82,679.0,672.31,,,SMP,1,0,0.0,51.4,100.0,2025-03-07 11:31:51,400.1,active,69.0,73.0,79.0,6.0,0.0,0.0,0,0,0.0,0
user_9afe2623,PW0KZBL0_LIP,PW0KZBL0_LIP,ThinkPad P1 Gen 8,Sunwoda,90000.0,372,2026-05-12T10:42:00,2026-05-25T09:55:53,12.97,30.0,90010.0,90010.0,90010.0,100.01,100.0,0.0,2.0,1.0,2.35,28.17,0.9973,1.0,0.0,98.8,99.0,0.0,1.0,273.0,1.0,204.0,6387.0,0.0002,0,,,,,9.0,257.51,,,Sunwoda,1,0,0.0,13.0,100.0,2026-05-12 10:42:00,7.6,active,95.0,96.0,100.0,4.0,0.0,0.0,0,1,0.7589115468911516,0
user_2eb5faa3,WII-PF67AM0B_wii,WII-PF67AM0B_wii,ThinkPad T14 Gen 7,COSMX,75000.0,293,2026-05-04T15:20:38,2026-06-01T09:56:37,27.77,30.0,75010.0,75000.0,75010.0,100.0,99.99,0.01,4.0,2.0,2.19,26.3,0.8942,0.8502,0.1498,96.86,99.0,0.0,0.8219,420.0,0.0,352.0,2023.0,0.0,5,11.4,8.0,1105.0,1.77,123.0,213.78,,,COSMX,2,1,3.6,14.0,50.2,2026-05-18 10:59:24,0.6,active,65.0,86.0,100.0,14.0,0.0,0.0,0,1,0.5238780887570281,0
user_3efa796e,VSHARAK-F66KN1E_vsharak,VSHARAK-F66KN1E_vsharak,ThinkPad P14s Gen 7 AMD,BYD,75000.0,256,2026-04-30T11:16:05,2026-05-08T12:59:07,8.07,30.0,75010.0,76750.0,76760.0,102.33,99.99,0.01,4.0,2.0,7.54,90.5,0.793,0.7468,0.2532,95.51,99.0,0.0664,0.7118,284.0,0.0,329.0,1589.0,0.0,3,76.0,94.0,1264.6,4.26,20597.0,141.52,,,BYD,4,3,37.168,0.9,11.4,2026-05-07 14:50:11,24.5,active,5.0,84.0,100.0,16.0,0.015625,0.0,2,1,0.7559947912382045,2
user_c3a5b6d4,DSMITH3-F66KH2F_dsmith3,DSMITH3-F66KH2F_dsmith3,ThinkPad T14 Gen 7,Sunwoda,75000.0,267,2026-05-05T14:16:25,2026-06-01T11:54:11,26.9,30.0,75010.0,75000.0,75010.0,100.0,99.99,0.01,4.0,3.0,3.39,40.73,0.809,0.5931,0.4069,94.51,100.0,0.0,0.5321,282.0,0.0,305.0,2178.0,0.0,14,20.14,10.0,1267.9,0.88,140.0,252.03,,,Sunwoda,2,1,3.717,2.9,10.9,2026-05-29 13:15:13,0.5,active,24.0,65.2,100.0,34.8,0.0,0.0,0,1,0.6566993753299174,0
user_00c3baa4,PHOULBROOKE-DFV_phoulbrooke,PHOULBROOKE-DFV_phoulbrooke,ThinkPad P14s Gen 7 AMD,BYD,75000.0,923,2026-04-30T11:12:49,2026-05-29T18:33:47,29.31,30.0,75150.0,75140.0,75150.0,100.19,99.99,0.01,2.0,1.0,1.04,12.46,0.961,0.958,0.042,97.65,98.0,0.0,0.9324,786.0,0.0,185.0,2116.0,0.0,1,7.0,7.0,151.3,2.78,598.0,624.12,,,BYD,2,1,3.412,17.4,59.5,2026-05-12 08:04:57,3.2,active,82.0,95.0,100.0,5.0,0.0,0.0,0,1,0.3087013614920052,0
user_9a084880,LAPTOP-D986V7T9_EAASIT1.12,LAPTOP-D986V7T9_EAASIT1.12,ThinkPad X1 Carbon Gen 12,Sunwoda,57000.0,478,2025-03-03T20:08:10,2025-09-02T13:01:25,182.7,30.0,53160.0,53460.0,53470.0,93.79,99.98,0.02,18.0,4.0,0.67,8.0,0.8536,0.8381,0.1619,93.64,98.0,0.0136,0.8108,3972.0,0.0,1115.0,14961.0,0.0,8,32.0,22.5,1566.5,9.14,74.0,2377.98,,,Sunwoda,8,7,3.831,8.1,4.4,2025-08-25 10:57:16,272.5,active,6.0,56.85,100.0,43.15,0.0041841004184100415,0.0,1,1,0.29438947226340406,1
user_04024f0a,LAPTOP-UFSPNVK8_SIT2,LAPTOP-UFSPNVK8_SIT2,ThinkPad L16 Gen 1,SMP,46590.0,300,2023-12-14T16:46:41,2023-12-25T15:34:41,10.95,30.0,45250.0,46630.0,46640.0,100.09,99.98,0.02,7.0,3.0,8.34,100.07,0.6767,0.8258,0.1742,86.85,99.0,0.0037,0.789,411.0,0.0,329.0,1021.0,0.0,8,27.5,16.5,647.3,18.51,1030.0,262.28,,,SMP,6,5,45.662,0.0,0.1,2023-12-25 15:25:22,889.4,active,5.0,34.0,100.0,66.0,0.006666666666666667,0.0,1,1,0.7666659173534802,1
user_9e69828b,ALLOY-SIT_mripp,ALLOY-SIT_mripp,ThinkPad X9-14 Gen 1,SWD,55100.0,299,2024-11-22T20:27:07,2024-12-31T05:26:06,38.37,30.0,55130.0,55120.0,55130.0,100.04,99.98,0.02,6.0,1.0,0.79,9.52,0.9498,0.9455,0.0545,97.49,99.0,0.0,0.9208,1102.0,0.0,464.0,2120.0,0.0,2,25.0,25.0,527.3,6.87,62.0,157.96,,,Sunwoda,2,1,2.606,35.9,93.6,2024-11-25 07:00:31,517.8,active,60.0,90.9,100.0,9.099999999999994,0.0,0.0,0,1,0.5160564232365515,0
user_16d29578,ECOOK-PF67560P_ecook,ECOOK-PF67560P_ecook,ThinkPad T14 Gen 7,Sunwoda,60000.0,309,2026-05-06T16:03:16,2026-05-27T12:21:18,20.85,30.0,60000.0,59990.0,60000.0,99.98,99.98,0.02,2.0,2.0,2.92,35.04,0.835,0.7904,0.2096,97.52,99.0,0.0,0.7479,449.0,0.0,165.0,1982.0,0.0,12,13.33,10.0,392.6,3.84,131.0,192.39,,,Sunwoda,2,1,4.797,8.8,42.2,2026-05-18 17:26:16,5.5,active,57.0,88.0,100.0,12.0,0.0,0.0,0,1,0.6858959374000344,0
user_ae7adf3e,DSABOGAL-66ZRAR_dsabogal,DSABOGAL-66ZRAR_dsabogal,ThinkPad T14s Gen 7,SMP,58000.0,498,2026-05-11T09:52:38,2026-05-25T16:06:53,14.26,30.0,58030.0,58020.0,58030.0,100.03,99.98,0.02,4.0,2.0,4.27,51.23,0.9137,0.9372,0.0628,97.91,99.0,0.0,0.9208,370.0,0.0,250.0,1524.0,0.0,9,11.78,8.0,75.9,8.17,1473.0,167.8,,,SMP,2,1,7.013,4.9,34.6,2026-05-20 17:35:35,7.3,active,47.0,92.0,100.0,8.0,0.0,0.0,0,1,0.7028165544680413,0
user_2222c3b5,X1C_GEN13,X1C_GEN13,ThinkPad X1 Carbon Gen 13,Celxpert,57030.0,429,2024-12-09T10:32:48,2024-12-19T07:26:52,9.87,30.0,57790.0,58890.0,58900.0,103.26,99.98,0.02,5.0,4.0,12.34,148.01,0.7832,0.7482,0.2518,91.53,100.0,0.004,0.7023,309.0,0.0,314.0,1330.0,0.0,8,48.88,64.5,375.8,10.49,250.0,826.5,,,Celxpert,7,6,60.785,0.7,6.9,2024-12-18 15:00:08,529.7,active,12.0,41.800000000000004,100.0,58.199999999999996,0.0,0.0,0,1,0.651957388768814,0
user_cfae9ad0,MERSEY1_SIT,MERSEY1_SIT,ThinkPad X1 2-in-1 Gen 9,BYD,57030.0,854,2024-01-28T18:11:51,2024-03-04T19:59:25,36.07,30.0,48940.0,56850.0,56860.0,99.68,99.98,0.02,18.0,7.0,5.91,70.87,0.7986,0.8109,0.1891,93.51,99.0,0.0099,0.7711,1420.0,0.0,950.0,2942.0,0.0,24,20.92,10.5,309.9,9.09,330.0,192.38,,,BYD,10,9,24.948,0.1,0.3,2024-03-04 16:58:16,819.2,active,2.0,60.650000000000006,100.0,39.349999999999994,0.00936768149882904,0.00117096018735363,2,1,0.6005906441625959,0
user_29316759,MERSEY1_SVT,MERSEY1_SVT,ThinkPad X1 2-in-1 Gen 9,SMP,57030.0,1574,2024-05-15T10:19:37,2024-09-13T10:02:27,120.99,30.0,57710.0,58340.0,58350.0,102.3,99.98,0.02,38.0,18.0,4.53,54.34,0.7935,0.7405,0.2595,92.42,98.0,0.006,0.6704,964.0,8.0,2265.0,5193.0,0.0015,48,21.75,13.0,1336.4,8.14,70.0,674.64,,,SMP,30,29,23.969,28.1,23.2,2024-08-16 07:27:21,626.6,active,1.0,53.0,100.0,47.0,0.0025412960609911056,0.0006353240152477764,3,1,0.4900932217623881,0
user_c5636393,LAPTOP-OLNLOES4_SIT21,LAPTOP-OLNLOES4_SIT21,ThinkPad X1 Carbon Gen 14,Sunwoda,58000.0,303,2025-12-19T20:01:33,2025-12-23T12:01:09,3.67,3.28,58000.0,57990.0,58000.0,99.98,99.98,0.02,13.0,1.0,8.3,99.62,0.8713,0.7539,0.2461,95.03,100.0,0.0,0.7307,273.0,0.0,812.0,1105.0,0.0,4,11.5,4.0,122.4,8.07,687.0,2159.88,,,Sunwoda,2,1,27.275,0.7,17.9,2025-12-22 20:14:26,160.5,active,57.0,68.1,100.0,31.900000000000006,0.0,0.0,0,1,0.7174590106638292,0
user_d2a5a63b,UINABA-GM114QLP_uinaba,UINABA-GM114QLP_uinaba,ThinkPad T14s Gen 6,SMP,58020.0,295,2026-04-02T14:18:24,2026-04-22T16:05:04,20.07,30.0,58030.0,58020.0,58030.0,100.0,99.98,0.02,3.0,3.0,4.55,54.59,0.7492,0.6108,0.3892,96.77,99.0,0.0,0.5468,363.0,0.0,185.0,7220.0,0.0,22,5.86,5.0,278.9,9.9,572.0,483.83,,,SMP,2,1,4.982,1.2,6.1,2026-04-21 10:35:28,40.3,active,74.0,88.0,100.0,12.0,0.0,0.0,0,1,0.501026963726109,0
user_774c5629,HWPA-TH1-SKU1B-_TEST,HWPA-TH1-SKU1B-_TEST,ThinkPad X1 Carbon Gen 12,Sunwoda,57000.0,2534,2023-10-31T10:37:32,2023-11-14T11:24:34,14.03,1.43,57000.0,56990.0,57000.0,99.98,99.98,0.02,4.0,1.0,2.17,26.03,0.9901,0.9508,0.0492,97.41,98.0,0.0,0.926,1643.0,0.0,372.0,2186.0,0.0,4,14.25,8.0,59.9,12.71,3632.0,319.65,,,Sunwoda,2,1,7.126,6.7,47.8,2023-11-07 18:33:36,930.5,active,51.0,95.0,100.0,5.0,0.0,0.0,0,1,0.5402286533189598,0
user_f5ae16be,HARRLIXPF4PFNTC_harrli,HARRLIXPF4PFNTC_harrli,ThinkPad X1 Carbon Gen 11,SMP,57050.0,1000,2023-11-16T10:33:05,2023-12-28T16:11:19,42.23,30.0,57320.0,57560.0,57570.0,100.89,99.98,0.02,56.0,43.0,30.99,371.87,0.628,0.5771,0.4229,67.73,81.0,0.1093,0.3335,595.0,0.0,3250.0,1550.0,0.0,69,47.25,42.0,404.1,17.12,936.0,671.16,0.116,,SMP,10,9,21.309,14.3,33.9,2023-12-14 08:10:06,886.3,active,2.0,8.0,100.0,92.0,0.06,0.018,26,1,0.2928793726782926,7
user_714058ff,PF3MBQME_TP-Telemetry,PF3MBQME_TP-Telemetry,ThinkPad X1 Carbon Gen 10,SMP,57050.0,510,2024-07-24T18:16:00,2024-11-11T18:33:06,110.01,30.0,51310.0,51300.0,51310.0,89.92,99.98,0.02,15.0,1.0,0.28,3.32,0.9784,0.9766,0.0234,87.77,87.0,0.0,0.4516,1608.0,0.0,869.0,14611.0,0.0,3,7.33,8.0,190.6,2.32,97.0,174.3,,0.065,SMP,2,1,0.909,109.4,99.4,2024-07-25 09:46:51,567.2,stale,76.0,76.0,100.0,24.0,0.0,0.0,0,1,0.16237506111668265,0
user_6ed8f107,LAPTOP-9PGJOH9P_tianx,LAPTOP-9PGJOH9P_tianx,ThinkPad T14s Gen 6,SMP,58020.0,285,2024-11-26T13:47:28,2024-12-12T17:20:24,16.15,30.0,58270.0,59340.0,59350.0,102.28,99.98,0.02,10.0,8.0,15.08,180.95,0.4877,0.4415,0.5585,78.77,87.0,0.0152,0.3233,453.0,0.0,629.0,872.0,0.0,19,38.79,35.0,829.3,3.57,724.0,167.84,,,SMP,11,10,61.928,1.3,8.0,2024-12-11 10:10:16,536.3,active,6.0,32.0,100.0,68.0,0.007017543859649123,0.0,1,1,0.29553940206241974,1
user_c0459e26,PF3MF7LQ_TP-Telemetry,PF3MF7LQ_TP-Telemetry,ThinkPad X1 Carbon Gen 10,SMP,57050.0,234,2024-11-19T14:33:25,2024-12-13T19:29:18,24.21,30.0,58970.0,58960.0,58970.0,103.35,99.98,0.02,3.0,1.0,1.26,15.09,0.9615,0.941,0.059,76.98,76.0,0.0,0.004,157.0,0.0,208.0,6990.0,0.0,2,13.0,13.0,587.8,2.22,212.0,198.73,,,SMP,2,1,4.131,24.1,99.6,2024-11-19 16:36:21,535.2,active,63.0,76.0,79.0,3.0,0.0,0.0,0,1,0.0025780871562101943,0
user_6d9b6e5e,LAPTOP-A9RJIBMS_kurada,LAPTOP-A9RJIBMS_kurada,ThinkPad P1 Gen 8,Sunwoda,90000.0,554,2025-07-16T11:27:07,2025-08-28T11:22:46,43.0,30.0,90000.0,89980.0,90000.0,99.98,99.98,0.02,4.0,1.0,0.71,8.49,0.9296,0.9886,0.0114,98.18,98.0,0.0,0.9845,1253.0,0.0,378.0,2378.0,0.0,0,,,,,118.0,303.58,,,Sunwoda,2,1,2.326,14.1,32.8,2025-08-14 09:25:13,277.5,active,88.0,95.0,100.0,5.0,0.0,0.0,0,1,0.47046044880034277,0
user_f988d32b,LAPTOP-EVNV9CFQ_Monica,LAPTOP-EVNV9CFQ_Monica,ThinkPad X1 Carbon Gen 13,BYD,57030.0,1201,2024-11-15T10:12:54,2025-03-27T14:53:07,132.19,30.0,57040.0,58590.0,58610.0,102.74,99.97,0.03,15.0,14.0,3.22,38.68,0.8493,0.8278,0.1722,94.53,100.0,0.0085,0.7807,1907.0,0.0,913.0,4636.0,0.0,27,28.33,19.0,1239.1,11.55,846.0,670.53,,,BYD,16,15,11.347,6.2,4.7,2025-03-21 10:07:37,431.4,active,7.0,70.0,100.0,30.0,0.0016652789342214821,0.0,1,1,0.6225016600058524,0
user_05a45107,DILIPB-PF66R2P1_dilipb,DILIPB-PF66R2P1_dilipb,ThinkPad X1 2-in-1 Gen 11,COSMX,58000.0,405,2026-05-06T14:09:16,2026-05-28T13:47:29,21.98,30.0,58030.0,58010.0,58030.0,100.02,99.97,0.03,8.0,4.0,5.54,66.45,0.8469,0.8507,0.1493,94.04,97.0,0.0,0.8188,366.0,0.0,484.0,1796.0,0.0,11,26.0,28.0,145.3,18.35,316.0,191.73,,,COSMX,3,2,9.097,0.9,3.9,2026-05-27 17:00:52,4.4,active,24.0,66.2,100.0,33.8,0.0,0.0,0,1,0.3244013839260823,0
user_61e2278a,ROCK_yuqj1,ROCK_yuqj1,ThinkPad X1 Carbon Gen 13,BYD,57030.0,426,2024-11-25T14:02:18,2024-12-25T10:05:50,29.84,30.0,57390.0,57630.0,57650.0,101.05,99.97,0.03,9.0,7.0,7.14,85.69,0.7113,0.7186,0.2814,90.95,99.0,0.031,0.6222,1094.0,0.0,546.0,1716.0,0.0,22,24.91,15.0,579.7,13.02,1110.0,670.7,,,BYD,11,10,33.517,0.0,0.2,2024-12-25 08:55:08,523.6,active,2.0,49.0,100.0,51.0,0.007042253521126761,0.002347417840375587,2,1,0.5610637607430445,2
user_50aac94a,AINOW_UX,AINOW_UX,ThinkPad X1 Carbon Gen 14,ATL,58000.0,396,2025-12-22T10:35:29,2025-12-29T16:55:49,7.26,9.8,58580.0,58560.0,58580.0,100.97,99.97,0.03,7.0,2.0,8.38,100.56,0.7247,0.7214,0.2786,86.42,97.0,0.0399,0.6399,77.0,0.0,388.0,615.0,0.0,9,28.78,16.0,166.5,16.08,782.0,2309.55,,,ATL,3,2,27.533,5.0,68.9,2025-12-24 16:48:07,154.3,active,2.0,44.75,100.0,55.25,0.007575757575757576,0.007575757575757576,1,1,0.5164347514522846,0
user_e23d38e2,SHAUSER-F62JTB9_shauser,SHAUSER-F62JTB9_shauser,ThinkPad T16 Gen 5,Sunwoda,75000.0,242,2026-01-14T11:20:38,2026-02-05T10:30:24,21.97,30.0,75010.0,74990.0,75010.0,99.99,99.97,0.03,4.0,3.0,4.16,49.89,0.7603,0.7327,0.2673,90.23,99.0,0.0,0.6641,413.0,0.0,342.0,1406.0,0.0,10,30.6,32.0,468.2,7.49,241.0,191.64,,,Sunwoda,3,2,9.105,2.9,13.0,2026-02-02 14:04:02,116.6,active,23.0,48.1,100.0,51.9,0.0,0.0,0,1,0.6645125060167936,0
user_18fb8091,X1C13-2024_henry,X1C13-2024_henry,ThinkPad X1 Carbon Gen 13,Sunwoda,57000.0,300,2024-10-17T20:31:16,2024-10-24T13:09:30,6.69,0.43,58720.0,58700.0,58720.0,102.98,99.97,0.03,6.0,2.0,9.1,109.14,0.65,0.7136,0.2864,96.09,98.0,0.0,0.6739,336.0,0.0,412.0,1037.0,0.0,5,21.2,26.0,320.6,11.97,509.0,151.11,,,Sunwoda,3,2,29.881,2.1,31.8,2024-10-22 10:05:14,585.5,active,64.0,79.95,100.0,20.049999999999997,0.0,0.0,0,1,0.22812226108790568,0
user_aa31857f,LAPTOP-A5C39DUF_ssugimoto2,LAPTOP-A5C39DUF_ssugimoto2,ThinkPad P1 Gen 9,COSMX,90000.0,249,2026-03-31T11:24:02,2026-05-12T08:39:30,41.89,30.0,90000.0,89970.0,90000.0,99.97,99.97,0.03,5.0,2.0,1.45,17.44,0.8193,0.844,0.156,95.39,98.0,0.0038,0.7561,1237.0,0.0,490.0,2447.0,0.0,10,11.0,8.5,129.5,15.57,319.0,516.15,,,COSMX,3,2,4.775,19.5,46.6,2026-04-22 20:41:15,20.6,active,17.0,83.4,100.0,16.599999999999994,0.0,0.0,0,1,0.46922150438498367,0
user_5ed6e31c,JAGUAR3_SVT,JAGUAR3_SVT,ThinkPad X1 Yoga Gen 8,SMP,57050.0,2164,2023-03-09T00:46:45,2023-12-05T08:47:11,271.33,30.0,58990.0,58970.0,58990.0,103.37,99.97,0.03,28.0,27.0,3.03,36.35,0.8142,0.7185,0.2815,91.05,97.0,0.0069,0.6424,618.0,0.0,1580.0,6799.0,0.0,82,19.8,14.0,1425.1,2.7,35.0,480.8,0.678,0.162,SMP,2,1,0.369,76.2,28.1,2023-09-20 04:02:03,909.6,stale,5.0,57.0,100.0,43.0,0.0013863216266173752,0.0,2,1,0.3923876113489609,0
user_e18f647e,MKRYNOCK-67L6RD_mkrynock,MKRYNOCK-67L6RD_mkrynock,ThinkPad T16 Gen 5,BYD,75000.0,259,2026-05-12T13:20:59,2026-06-01T16:47:35,20.14,30.0,75010.0,74990.0,75010.0,99.99,99.97,0.03,5.0,4.0,6.04,72.53,0.6293,0.6022,0.3978,90.62,96.0,0.0,0.49,255.0,0.0,427.0,2023.0,0.0,21,17.57,14.0,505.4,6.53,879.0,503.19,,,BYD,3,2,9.929,3.0,14.9,2026-05-29 16:38:25,0.3,active,43.0,61.0,100.0,39.0,0.0,0.0,0,1,0.31779121844347297,0
user_e95a0bd7,JN_jnunez5,JN_jnunez5,ThinkPad T14s Gen 6,Sunwoda2023,58000.0,416,2024-07-12T12:53:14,2024-08-09T14:04:28,28.05,30.0,58030.0,58440.0,58460.0,100.76,99.97,0.03,6.0,4.0,4.34,52.09,0.6659,0.6944,0.3056,95.82,97.0,0.0,0.6105,0.0,0.0,0.0,0.0,,15,9.33,6.0,786.5,0.89,1190.0,663.8,,,Sunwoda,5,4,14.261,1.2,4.2,2024-08-08 10:01:25,661.4,active,54.0,85.75,100.0,14.25,0.0,0.0,0,1,0.4564696167241582,0
user_12fdf7f5,CSILVA30-674ERX_csilva30,CSILVA30-674ERX_csilva30,ThinkPad T14s 2-in-1 Gen 2,Sunwoda,58000.0,413,2026-04-22T13:22:00,2026-05-26T16:27:53,34.13,30.0,58030.0,58010.0,58030.0,100.02,99.97,0.03,4.0,2.0,1.78,21.4,0.8039,0.8493,0.1507,96.83,98.0,0.0,0.8365,817.0,0.0,240.0,1862.0,0.0,14,10.71,6.0,811.5,6.38,564.0,168.51,,,Sunwoda,3,2,5.86,4.1,12.0,2026-05-22 13:54:01,6.3,active,51.0,88.6,100.0,11.400000000000006,0.0,0.0,0,1,0.5043202976707715,0
user_c691b546,LAPTOP-MGP5FI9R_longrun,LAPTOP-MGP5FI9R_longrun,ThinkPad X1 2-in-1 Gen 11,SMP,58000.0,3892,2025-12-05T13:13:19,2025-12-13T04:36:43,7.64,0.13,58170.0,58150.0,58170.0,100.26,99.97,0.03,6.0,2.0,7.97,95.6,0.4024,0.9287,0.0713,97.49,98.0,0.0,0.9207,200.0,0.0,372.0,840.0,0.0,3,32.33,23.0,97.5,20.77,16646.0,125.18,,,SMP,3,4,52.347,2.5,32.4,2025-12-10 17:10:34,170.8,active,40.0,95.0,100.0,5.0,0.0,0.0,0,1,0.3569653529399684,0
user_2a820680,PF62AL6S_LIP,PF62AL6S_LIP,ThinkPad X1 2-in-1 Gen 11,COSMX,58000.0,4165,2026-02-18T09:04:49,2026-06-01T09:17:20,103.01,30.0,58110.0,58090.0,58110.0,100.16,99.97,0.03,4.0,3.0,0.89,10.64,0.9962,0.9945,0.0055,97.22,97.0,0.0,0.9923,1432.0,0.0,271.0,4272.0,0.0,2,9.5,9.5,569.9,2.25,6.0,95.85,,0.161,COSMX,3,2,1.942,42.7,41.4,2026-04-19 16:54:17,0.6,active,83.0,95.0,100.0,5.0,0.0,0.0,0,1,0.26821708472119093,0
user_54562a5a,PSCHMIDT1-00044_pschmidt1,PSCHMIDT1-00044_pschmidt1,ThinkPad P1 Gen 9,COSMX,90000.0,349,2026-05-05T15:20:50,2026-05-21T08:49:13,15.73,26.73,90010.0,89980.0,90010.0,99.98,99.97,0.03,6.0,2.0,3.87,46.45,0.6705,0.6771,0.3229,96.73,99.0,0.0,0.6463,387.0,0.0,571.0,1620.0,0.0,11,9.73,6.0,763.3,1.36,230.0,167.01,,,COSMX,3,2,12.716,3.0,19.1,2026-05-18 08:51:11,11.6,active,68.0,85.4,100.0,14.599999999999994,0.0,0.0,0,1,0.6358065497382109,0
user_19110a3f,CBLACKBURN-E2WL_cblackburn,CBLACKBURN-E2WL_cblackburn,ThinkPad P16s Gen 5,COSMX,90000.0,802,2026-01-30T11:07:59,2026-03-30T07:59:57,58.87,30.0,92230.0,92630.0,92660.0,102.92,99.97,0.03,11.0,9.0,4.65,55.84,0.6833,0.7131,0.2869,88.11,99.0,0.0137,0.6771,965.0,0.0,1049.0,2153.0,0.0,21,31.05,30.0,668.9,9.12,229.0,486.99,,,COSMX,11,13,22.083,9.9,16.8,2026-03-20 10:43:42,63.7,active,1.0,51.0,100.0,49.0,0.0012468827930174563,0.0012468827930174563,1,1,0.6261579536646285,1
user_e023519c,MEHLINGER1-QNSG_mehlinger1,MEHLINGER1-QNSG_mehlinger1,ThinkPad X1 Carbon Gen 14,Sunwoda,58000.0,705,2026-04-22T11:17:40,2026-05-28T22:01:14,36.45,30.0,58030.0,58010.0,58030.0,100.02,99.97,0.03,6.0,2.0,1.67,20.04,0.9149,0.9407,0.0593,97.41,98.0,0.0,0.9278,809.0,0.0,351.0,1823.0,0.0,11,10.09,9.0,140.6,12.0,735.0,671.05,,,Sunwoda,3,2,5.487,1.3,3.5,2026-05-27 15:08:13,4.1,active,70.0,92.2,100.0,7.799999999999997,0.0,0.0,0,1,0.4590732038444619,0
user_99a07e7d,JNICHOL-F5MCDZS_jnichol,JNICHOL-F5MCDZS_jnichol,ThinkPad P14s Gen 6,Sunwoda,75000.0,781,2025-09-11T08:02:07,2025-10-08T16:22:52,27.35,30.0,75000.0,76820.0,76850.0,102.43,99.96,0.04,12.0,10.0,11.13,133.56,0.8143,0.8191,0.1809,91.69,98.0,0.011,0.7481,671.0,20.0,938.0,1475.0,0.0136,27,31.19,14.0,147.3,20.87,510.0,636.34,,,Sunwoda,16,15,54.849,1.8,6.5,2025-10-06 21:59:33,236.3,active,5.0,46.0,100.0,54.0,0.006402048655569782,0.0,1,1,0.5025392655159149,0
user_2cda3c53,LAPTOP-JLDUH829_11096,LAPTOP-JLDUH829_11096,ThinkPad X1 Carbon Gen 13,Celxpert,57030.0,675,2026-03-24T19:50:03,2026-04-10T13:22:32,16.73,22.79,57040.0,57010.0,57040.0,99.96,99.95,0.05,11.0,9.0,16.37,196.48,0.4341,0.5081,0.4919,86.32,88.0,0.0159,0.4431,176.0,0.0,674.0,1091.0,0.0,34,17.71,12.0,322.6,12.46,559.0,401.29,,,Celxpert,3,2,11.954,0.9,5.6,2026-04-09 15:03:00,52.4,active,1.0,57.7,100.0,42.3,0.005925925925925926,0.0044444444444444444,1,1,0.40859182778198094,0
user_8a2d8609,LAPTOP-K9NORC70_SIT,LAPTOP-K9NORC70_SIT,ThinkPad X9-14 Gen 1,SWD,55100.0,433,2025-03-26T14:44:31,2025-09-11T20:07:44,169.22,19.31,55050.0,55580.0,55610.0,100.87,99.95,0.05,20.0,10.0,1.8,21.58,0.4965,0.2844,0.7156,75.41,84.0,0.0345,0.1487,1663.0,0.0,1162.0,8579.0,0.0,22,31.59,35.0,5131.7,1.26,272.0,1704.68,,0.188,Sunwoda,12,11,6.5,0.0,0.0,2025-09-11 19:18:36,263.2,active,5.0,26.20000000000001,100.0,73.79999999999998,0.009237875288683603,0.0,2,1,0.1460740834068288,0
user_b69c080b,YCRANFORD-7CHLT_ycranford,YCRANFORD-7CHLT_ycranford,ThinkPad T14s 2-in-1 Gen 2,Sunwoda,58000.0,380,2026-04-22T13:19:00,2026-05-19T17:50:42,27.19,30.0,58030.0,58000.0,58030.0,100.0,99.95,0.05,5.0,3.0,3.36,40.3,0.7316,0.7722,0.2278,96.09,99.0,0.0,0.7263,761.0,0.0,320.0,1697.0,0.0,20,15.05,14.0,195.8,10.33,330.0,196.9,,,Sunwoda,4,3,11.034,4.4,16.2,2026-05-15 08:10:29,13.3,active,53.0,78.0,100.0,22.0,0.0,0.0,0,1,0.6893664723005354,0
user_74434d4d,LAPTOP-JHPGK11C_NL1SKU6SIT1LR,LAPTOP-JHPGK11C_NL1SKU6SIT1LR,ThinkPad X1 2-in-1 Gen 11,COSMX,58000.0,1730,2026-01-06T18:04:00,2026-01-20T16:38:51,13.94,2.38,56900.0,56870.0,56900.0,98.05,99.95,0.05,11.0,2.0,4.37,52.4,0.7468,0.8013,0.1987,89.59,98.0,0.0326,0.7803,1326.0,0.0,670.0,1617.0,0.0,5,60.0,61.0,381.7,11.04,1848.0,317.81,,,COSMX,3,2,14.346,11.0,79.2,2026-01-09 15:40:46,132.3,active,2.0,49.0,100.0,51.0,0.004046242774566474,0.0023121387283236996,2,1,0.26749386904534994,2
user_1345d717,LAPTOP-E1N6C0NF_Nile,LAPTOP-E1N6C0NF_Nile,ThinkPad X1 2-in-1 Gen 11,SMP,58000.0,1395,2025-12-11T05:58:43,2026-03-11T09:12:53,90.13,0.15,58030.0,58000.0,58030.0,100.0,99.95,0.05,7.0,6.0,2.03,24.31,0.6373,0.8153,0.1847,96.34,100.0,0.0015,0.5265,302.0,0.0,419.0,2503.0,0.0,14,15.14,10.5,3480.6,11.29,76.0,665.96,,0.46,SMP,4,3,3.328,0.0,0.0,2026-03-11 09:12:53,82.6,active,4.0,81.0,100.0,19.0,0.0007168458781362007,0.0007168458781362007,1,1,0.312230635178691,0
user_377a3e65,CGOOTEE-F66K4JN_cgootee,CGOOTEE-F66K4JN_cgootee,ThinkPad T14 Gen 7,Sunwoda,75000.0,263,2026-05-05T14:17:01,2026-06-01T11:34:17,26.89,30.0,75010.0,74970.0,75010.0,99.96,99.95,0.05,6.0,5.0,5.66,67.92,0.711,0.6682,0.3318,90.94,99.0,0.003,0.5834,364.0,1.0,482.0,2157.0,0.0005,12,21.75,15.0,420.6,11.44,231.0,176.23,,,Sunwoda,4,3,11.158,0.1,0.3,2026-06-01 09:34:18,0.5,active,3.0,51.1,100.0,48.9,0.0038022813688212928,0.0038022813688212928,1,1,0.5920210275575999,0
user_52878807,LAPTOP-11P5VLEF_tianx,LAPTOP-11P5VLEF_tianx,ThinkPad T14s Gen 6,ATL,58000.0,344,2025-03-21T18:10:08,2025-05-19T08:55:15,58.61,30.0,57950.0,58040.0,58070.0,100.07,99.95,0.05,18.0,11.0,5.71,68.55,0.3721,0.2652,0.7348,70.86,76.0,0.0295,0.1684,388.0,0.0,988.0,2881.0,0.0,23,43.96,42.0,2143.1,2.41,88.0,673.19,,,ATL,19,18,30.709,2.7,4.6,2025-05-16 15:44:27,378.6,active,1.0,25.0,100.0,75.0,0.011627906976744186,0.0029069767441860465,1,1,0.16427659750808077,2
user_e9ea99d1,RUSSELL_rgantman,RUSSELL_rgantman,ThinkPad P14s Gen 7 AMD,BYD,75000.0,589,2026-04-30T11:08:23,2026-05-29T09:33:09,28.93,30.0,75000.0,74960.0,75000.0,99.95,99.95,0.05,5.0,3.0,3.16,37.87,0.9542,0.9378,0.0622,80.58,78.0,0.0,0.0819,263.0,0.0,395.0,2092.0,0.0,8,13.75,12.5,64.2,17.54,51.0,191.03,,,BYD,4,3,10.368,3.6,12.3,2026-05-25 20:05:01,3.6,active,54.0,76.0,99.60000000000002,23.600000000000023,0.0,0.0,0,1,0.07083176571885959,0
user_a34ac703,LAPTOP-ARLD326G_X1CG14,LAPTOP-ARLD326G_X1CG14,ThinkPad X1 Carbon Gen 14,COSMX,58000.0,1075,2026-03-10T02:40:13,2026-05-21T20:05:52,72.73,30.0,58020.0,57990.0,58020.0,99.98,99.95,0.05,5.0,3.0,1.26,15.07,0.8791,0.929,0.071,97.42,99.0,0.0,0.9059,3143.0,0.0,337.0,4064.0,0.0,17,13.88,14.0,57.6,14.74,111.0,191.72,,0.448,COSMX,4,3,4.125,8.4,11.5,2026-05-13 10:49:28,11.2,active,68.0,92.0,100.0,8.0,0.0,0.0,0,1,0.5650315594606284,0
user_e87b6b6c,KIWAO_kiwao,KIWAO_kiwao,ThinkPad X1 Carbon Gen 14,ATL,58000.0,313,2026-01-06T09:46:39,2026-03-23T10:30:48,76.03,29.98,58030.0,58000.0,58030.0,100.0,99.95,0.05,11.0,7.0,2.8,33.63,0.6613,0.6184,0.3816,91.87,97.0,0.0,0.4849,344.0,0.0,596.0,2658.0,0.0,21,16.33,19.0,419.3,19.27,21.0,626.78,,0.357,ATL,4,3,3.946,27.0,35.5,2026-02-24 10:44:07,70.6,active,52.0,72.6,100.0,27.400000000000006,0.0,0.0,0,1,0.4889627084969273,0
user_738c8509,PF6299VT_LIP,PF6299VT_LIP,ThinkPad X1 2-in-1 Gen 11,SMP,58000.0,2009,2026-02-17T02:29:15,2026-04-10T10:26:10,52.33,30.0,59200.0,59170.0,59200.0,102.02,99.95,0.05,5.0,3.0,1.75,20.94,0.992,0.9918,0.0082,97.46,97.0,0.0,0.9902,1095.0,0.0,330.0,2821.0,0.0,1,10.0,10.0,47.7,12.57,82.0,-1552283.06,,0.386,SMP,4,3,5.733,8.8,16.8,2026-04-01 15:52:53,52.6,active,86.0,95.0,100.0,5.0,0.0,0.0,0,1,0.2756481398468532,0
user_1661d742,JMAYERSALMA-252_jmayersalman,JMAYERSALMA-252_jmayersalman,ThinkPad X13 Gen 7,Sunwoda,54700.0,395,2026-04-29T11:33:44,2026-05-21T12:29:07,22.04,30.0,54760.0,55210.0,55240.0,100.93,99.95,0.05,11.0,11.0,15.19,182.31,0.4861,0.4789,0.5211,83.83,95.0,0.005,0.3345,222.0,0.0,620.0,1348.0,0.0,29,30.48,20.0,435.5,11.24,1019.0,542.38,0.603,,Sunwoda,8,9,40.838,0.1,0.3,2026-05-21 11:07:22,11.5,active,0.0,37.7,100.0,62.3,0.007594936708860759,0.007594936708860759,1,1,0.36925072046109514,1
user_3773cf02,SORIDE-50000008_soride,SORIDE-50000008_soride,ThinkPad P1 Gen 7,Celxpert,90000.0,688,2024-02-13T16:35:07,2024-05-24T09:52:17,100.72,30.0,91280.0,91230.0,91280.0,101.37,99.95,0.05,4.0,3.0,0.91,10.88,0.8735,0.9018,0.0982,98.04,99.0,0.0,0.8707,2039.0,0.0,406.0,3084.0,0.0,21,8.29,8.0,39.6,12.28,91.0,168.09,,0.27,Celxpert,4,3,2.979,31.7,31.5,2024-04-22 17:34:27,738.6,active,80.0,92.0,100.0,8.0,0.0,0.0,0,1,0.620260496176789,0
user_f16b2589,ROBBIET-F67BA37_robbiet,ROBBIET-F67BA37_robbiet,ThinkPad T14s 2-in-1 Gen 2,Sunwoda,58000.0,252,2026-04-20T15:50:46,2026-05-27T11:45:55,36.83,30.0,58020.0,59070.0,59100.0,101.84,99.95,0.05,10.0,9.0,7.44,89.25,0.381,0.2782,0.7218,72.34,75.0,0.0023,0.1475,503.0,0.0,632.0,1881.0,0.0,22,41.73,38.5,1984.2,1.66,194.0,191.65,,,Sunwoda,11,10,27.152,7.0,19.0,2026-05-20 11:59:06,5.5,active,15.0,30.0,100.0,70.0,0.0,0.0,0,1,0.19276076876159562,0
user_52dd5f40,LAPTOP-93KHSN6N_hsouma,LAPTOP-93KHSN6N_hsouma,ThinkPad P1 Gen 8,Sunwoda,90000.0,1078,2025-07-14T10:00:29,2025-09-01T08:56:33,48.96,1.47,90000.0,89950.0,90000.0,99.94,99.94,0.06,6.0,3.0,1.87,22.38,0.5909,0.8298,0.1702,97.25,98.0,0.0,0.8122,1334.0,0.0,538.0,2326.0,0.0,10,8.9,5.5,38.0,16.12,572.0,476.29,,0.509,Sunwoda,4,3,6.128,5.7,11.7,2025-08-26 15:39:53,273.6,active,77.0,91.0,100.0,9.0,0.0,0.0,0,1,0.5246941058523426,0
user_5b4e291c,YANAGISAWA51_yanagisawa,YANAGISAWA51_yanagisawa,ThinkPad X1 Fold 16 Gen 1,Celxpert,48280.0,538,2023-03-03T08:20:01,2023-10-16T09:33:27,227.05,98.95,47350.0,47320.0,47350.0,98.01,99.94,0.06,39.0,6.0,0.8,9.65,0.6375,0.4787,0.5213,92.98,97.0,0.0,0.3515,5601.0,0.0,1900.0,11240.0,0.0,22,15.32,11.5,1564.9,0.83,68.0,314.51,1.056,0.107,Celxpert,4,3,1.321,84.0,37.0,2023-07-24 08:26:27,959.6,stale,48.0,70.0,100.0,30.0,0.0,0.0,0,1,0.2938022518261464,0
user_a323a07e,FRED_fbower,FRED_fbower,ThinkPad T16 Gen 4,Celxpert,86000.0,2127,2025-02-04T14:28:15,2025-03-20T13:46:49,43.97,30.0,86000.0,85950.0,86000.0,99.94,99.94,0.06,3.0,3.0,2.08,24.92,0.9408,0.9574,0.0426,97.3,100.0,0.0005,0.9354,1212.0,0.0,262.0,2392.0,0.0,12,13.5,8.0,217.8,7.43,522.0,665.59,,0.491,Celxpert,4,3,6.823,0.9,2.1,2025-03-19 15:46:20,438.4,active,13.0,92.0,100.0,8.0,0.0,0.0,0,1,0.647896986648372,0
user_785cc77b,CDORNER-F5WFAPN_cdorner,CDORNER-F5WFAPN_cdorner,ThinkPad T16g Gen 3,SMP,99900.0,291,2026-05-13T15:43:23,2026-06-01T12:21:33,18.86,30.0,99900.0,99840.0,99900.0,99.94,99.94,0.06,6.0,4.0,6.46,77.47,0.756,0.7875,0.2125,93.82,97.0,0.0,0.6969,585.0,0.0,617.0,4639.0,0.0,7,15.71,21.0,47.3,20.18,250.0,237.44,,,SMP,5,4,21.209,3.1,16.2,2026-05-29 11:06:21,0.5,active,43.0,70.0,100.0,30.0,0.0,0.0,0,1,0.4145184642094403,0
user_6c5e04cc,CXTESTT14P_liufe,CXTESTT14P_liufe,ThinkPad T14p Gen 2,Sunwoda,75000.0,538,2024-08-16T09:20:35,2024-10-11T10:18:42,56.04,30.0,70700.0,70660.0,70700.0,94.21,99.94,0.06,23.0,4.0,2.17,26.07,0.9145,0.9408,0.0592,96.67,98.0,0.0,0.9089,4427.0,0.0,1791.0,5257.0,0.0,11,17.18,14.0,69.3,17.65,173.0,73.84,,0.406,Sunwoda,5,4,7.138,3.1,5.5,2024-10-08 08:47:22,598.6,active,63.0,85.0,100.0,15.0,0.0,0.0,0,1,0.4579566988167147,0
user_96b0c573,LAPTOP-CU8DTV76_CamTest,LAPTOP-CU8DTV76_CamTest,ThinkPad X1 Carbon Gen 13,BYD,57030.0,396,2024-11-06T15:38:45,2024-11-20T17:37:50,14.08,30.0,56380.0,56900.0,56940.0,99.77,99.93,0.07,12.0,4.0,8.65,103.74,0.6338,0.6504,0.3496,87.6,97.0,0.0221,0.584,848.0,0.0,715.0,2809.0,0.0,13,32.54,29.0,559.0,8.21,292.0,4334.93,,,BYD,6,7,49.706,6.3,44.4,2024-11-14 11:28:59,558.3,active,0.0,46.75,100.0,53.25,0.012626262626262626,0.007575757575757576,1,1,0.46749804245914584,1
user_66760796,CPOWELL1-577MKQ_cpowell1,CPOWELL1-577MKQ_cpowell1,ThinkPad X1 Carbon Gen 13,BYD,57030.0,432,2024-11-06T16:15:45,2024-12-12T09:14:20,35.71,30.0,57100.0,57060.0,57100.0,100.05,99.93,0.07,3.0,3.0,2.56,30.69,0.8519,0.8249,0.1751,97.15,100.0,0.0,0.7674,1151.0,0.0,211.0,1539.0,0.0,10,12.7,11.0,1007.9,7.59,122.0,191.44,,,BYD,4,3,8.402,8.8,24.6,2024-12-03 14:10:46,536.6,active,56.0,84.55,100.0,15.450000000000003,0.0,0.0,0,1,0.8181228549364195,0
user_30d574c7,DLOMIS-PF58PBCR_X1,DLOMIS-PF58PBCR_X1,ThinkPad X1 Carbon Gen 13,Celxpert,57030.0,757,2025-05-28T12:20:43,2025-07-25T12:23:41,58.0,30.0,57030.0,57480.0,57520.0,100.79,99.93,0.07,8.0,5.0,2.62,31.49,0.7966,0.6876,0.3124,95.27,98.0,0.0,0.6501,846.0,0.0,499.0,3437.0,0.0,25,16.52,7.0,1087.8,2.38,632.0,671.76,,0.666,Celxpert,8,7,12.069,7.2,12.4,2025-07-18 08:24:13,311.5,active,30.0,79.80000000000001,100.0,20.19999999999999,0.0,0.0,0,1,0.44889133444996043,0
user_e6223c8f,DLOMIS-PF58PBCR_dlomis,DLOMIS-PF58PBCR_dlomis,ThinkPad X1 Carbon Gen 13,Celxpert,57030.0,715,2025-05-28T12:20:43,2025-07-23T12:41:28,56.01,30.0,57030.0,57480.0,57520.0,100.79,99.93,0.07,8.0,5.0,2.72,32.6,0.7986,0.6821,0.3179,95.07,98.0,0.0,0.6438,797.0,0.0,495.0,3388.0,0.0,24,16.92,7.0,1128.4,2.28,244.0,192.02,,,Celxpert,8,7,12.497,5.2,9.2,2025-07-18 08:24:13,313.5,active,30.0,79.0,100.0,21.0,0.0,0.0,0,1,0.429065525627495,0
user_3552f70a,SBLEAKLEY-742XA_sbleakley,SBLEAKLEY-742XA_sbleakley,ThinkPad T14s 2-in-1 Gen 2,Sunwoda,58000.0,959,2026-04-22T13:21:34,2026-05-27T10:37:31,34.89,30.0,58030.0,57990.0,58030.0,99.98,99.93,0.07,6.0,5.0,4.36,52.35,0.8697,0.804,0.196,94.99,96.0,0.0,0.6302,632.0,0.0,368.0,1881.0,0.0,27,11.48,8.0,262.3,4.84,278.0,191.86,,,Sunwoda,5,4,11.466,5.9,17.0,2026-05-21 12:33:39,5.6,active,58.0,84.9,100.0,15.099999999999994,0.0,0.0,0,1,0.4055406545768353,0
user_b28bc053,BDILLON-F65JXS1_bdillon,BDILLON-F65JXS1_bdillon,ThinkPad X13 Gen 7,Sunwoda,54700.0,553,2026-04-29T11:17:46,2026-05-19T15:49:01,20.19,30.0,54760.0,54720.0,54760.0,100.04,99.93,0.07,5.0,4.0,6.03,72.37,0.7631,0.8351,0.1649,95.78,98.0,0.0,0.7518,428.0,0.0,303.0,1303.0,0.0,23,13.35,9.0,70.5,12.02,350.0,167.95,,,Sunwoda,3,2,9.907,2.0,9.8,2026-05-17 16:07:07,13.3,active,47.0,81.6,100.0,18.400000000000006,0.0,0.0,0,1,0.46165570049909244,0
user_d1aa9333,BRIAN_bcampbell,BRIAN_bcampbell,ThinkPad X1 Carbon Gen 14,COSMX,58000.0,653,2026-04-06T14:34:24,2026-06-01T13:52:36,55.97,30.0,58030.0,57990.0,58030.0,99.98,99.93,0.07,9.0,8.0,4.35,52.21,0.6554,0.6679,0.3321,89.99,95.0,0.0016,0.5602,492.0,0.0,575.0,2207.0,0.0,25,16.8,14.0,620.8,7.67,138.0,405.58,,,COSMX,5,4,7.147,6.1,10.9,2026-05-26 11:40:44,0.4,active,10.0,61.0,100.0,39.0,0.0,0.0,0,1,0.5637996345173337,0
user_41aeb928,JPIPER-PF689FNM_jpiper,JPIPER-PF689FNM_jpiper,ThinkPad X1 Carbon Gen 14,Sunwoda,58000.0,377,2026-04-22T11:17:35,2026-05-28T14:06:46,36.12,30.0,58030.0,57990.0,58030.0,99.98,99.93,0.07,13.0,9.0,7.59,91.02,0.6525,0.6013,0.3987,90.66,98.0,0.0,0.4662,271.0,0.0,750.0,2392.0,0.0,28,21.57,15.5,1112.4,5.91,255.0,359.81,,,Sunwoda,5,4,11.075,0.0,0.1,2026-05-28 12:57:54,4.4,active,29.0,60.8,100.0,39.2,0.0,0.0,0,1,0.45955957349281357,0
user_fb0cb30f,SLO10-PF68EAMW_slo10,SLO10-PF68EAMW_slo10,ThinkPad X1 Carbon Gen 14,ATL,58000.0,1126,2026-04-06T14:18:07,2026-05-27T15:09:59,51.04,30.0,58030.0,57990.0,58030.0,99.98,99.93,0.07,9.0,6.0,3.58,42.94,0.9059,0.9222,0.0778,96.02,99.0,0.0008,0.8945,857.0,0.0,467.0,2510.0,0.0,12,25.33,18.0,383.2,16.93,214.0,191.42,,,ATL,5,4,7.838,5.0,9.8,2026-05-22 14:54:43,5.4,active,6.0,77.25,100.0,22.75,0.0008880994671403197,0.0,1,1,0.6525269993279342,0
user_67390620,LAPTOP-6HHN380C_QuFei_Ou,LAPTOP-6HHN380C_QuFei_Ou,ThinkPad X1 Carbon Gen 13,Celxpert,57030.0,551,2025-06-04T16:57:17,2025-07-02T13:39:20,27.86,30.0,58490.0,58860.0,58910.0,103.21,99.92,0.08,69.0,17.0,18.57,222.85,0.4247,0.3875,0.6125,75.63,78.0,0.0197,0.1998,866.0,0.0,4056.0,5210.0,0.0,48,28.35,29.0,470.2,11.06,1254.0,9721.22,,,Celxpert,19,18,64.603,5.1,18.2,2025-06-27 11:51:57,334.4,active,1.0,37.5,100.0,62.5,0.010889292196007259,0.003629764065335753,1,1,0.19086200060539138,0
user_872e2f92,X1C_SIT,X1C_SIT,ThinkPad X1 Carbon Gen 13,SMP,57030.0,713,2024-08-12T21:14:48,2024-09-12T09:21:12,30.5,30.0,58750.0,59160.0,59210.0,103.73,99.92,0.08,10.0,8.0,7.98,95.79,0.7686,0.7147,0.2853,92.98,99.0,0.012,0.6572,412.0,0.0,583.0,1636.0,0.0,21,18.62,15.0,658.1,7.47,519.0,621.39,,,SMP,11,10,32.782,0.8,2.8,2024-09-11 13:08:25,627.6,active,8.0,61.6,100.0,38.4,0.001402524544179523,0.0,1,1,0.5067023586671658,1
user_a0ba1f80,DESKTOP-BUL3M0Q_DEV,DESKTOP-BUL3M0Q_DEV,ThinkPad T14s Gen 6 Qualcomm,SMP2023,58000.0,261,2024-05-15T09:42:43,2024-05-22T19:12:08,7.4,30.0,59850.0,59800.0,59850.0,103.1,99.92,0.08,4.0,2.0,8.23,98.78,0.9349,0.9655,0.0345,97.56,99.0,0.0,0.8953,0.0,0.0,0.0,0.0,,2,15.5,15.5,60.8,14.36,74.0,870.01,,,SMP,5,4,54.087,0.4,5.1,2024-05-22 10:12:08,740.2,active,69.0,89.0,100.0,11.0,0.0,0.0,0,1,0.6079743843532116,0
user_9343331d,LAPTOP-B21SDAHL_Nile,LAPTOP-B21SDAHL_Nile,ThinkPad X1 2-in-1 Gen 11,SMP,58000.0,399,2025-12-16T10:39:56,2026-01-14T12:53:30,29.09,30.0,58030.0,58980.0,59030.0,101.69,99.92,0.08,25.0,18.0,18.83,225.98,0.5689,0.456,0.544,60.29,65.0,0.1538,0.2096,182.0,0.0,1449.0,1384.0,0.0,32,43.44,41.5,511.3,22.28,143.0,191.77,,,SMP,22,24,82.495,4.7,16.3,2026-01-09 19:10:56,138.5,active,1.0,5.0,100.0,95.0,0.10275689223057644,0.042606516290726815,15,1,0.19189026304860876,3
user_359492f1,TK-THAMES2_takay,TK-THAMES2_takay,ThinkPad X1 Carbon Gen 13,SMP,57030.0,3507,2025-02-08T21:00:57,2026-01-06T13:03:35,331.67,28.99,59670.0,59620.0,59670.0,104.54,99.92,0.08,57.0,56.0,5.14,61.67,0.5979,0.5806,0.4194,73.54,77.0,0.0007,0.0019,115.0,0.0,3486.0,10217.0,0.0,250,12.81,10.0,293.6,6.61,20.0,2953.14,0.466,0.158,SMP,2,1,0.302,193.2,58.2,2025-06-27 09:12:46,146.5,very_stale,6.0,54.0,80.0,26.0,0.00028514399771884804,0.0,1,1,0.0007352377681730782,0
user_2f16dcd8,JMANCHESTER-LQ5_jmanchester,JMANCHESTER-LQ5_jmanchester,ThinkPad X1 2-in-1 Gen 11,Sunwoda,58000.0,451,2026-04-22T11:20:25,2026-05-21T15:55:42,29.19,30.0,58590.0,58540.0,58590.0,100.93,99.91,0.09,8.0,5.0,5.21,62.56,0.6674,0.6597,0.3403,93.96,98.0,0.0,0.5943,508.0,0.0,488.0,1860.0,0.0,31,11.29,8.0,56.8,12.44,161.0,166.5,1.707,,Sunwoda,6,5,17.128,3.2,11.0,2026-05-18 11:00:14,11.3,active,21.0,74.0,100.0,26.0,0.0,0.0,0,1,0.46383624459935857,0
user_bfd1c92e,LAPTOP-1M50QFPI_GM,LAPTOP-1M50QFPI_GM,ThinkPad X1 2-in-1 Gen 9,BYD,57030.0,551,2024-02-05T21:09:32,2024-05-08T11:18:44,92.59,5.0,56990.0,56940.0,56990.0,99.84,99.91,0.09,14.0,4.0,1.32,15.78,0.7967,0.6841,0.3159,96.36,98.0,0.0032,0.6141,1575.0,0.0,824.0,4455.0,0.0,9,13.22,10.0,676.9,4.84,45.0,337.19,,0.494,BYD,5,4,4.32,16.6,17.9,2024-04-21 20:43:15,754.5,active,5.0,87.0,100.0,13.0,0.0018148820326678765,0.0,1,1,0.48368435336057003,0
user_27e0dac8,AMCCLARNON-69JL_amcclarnon,AMCCLARNON-69JL_amcclarnon,ThinkPad X1 Carbon Gen 13,Celxpert,57030.0,667,2024-10-15T09:29:17,2024-11-06T13:57:02,22.19,30.0,57950.0,57900.0,57950.0,101.53,99.91,0.09,5.0,4.0,5.49,65.85,0.8921,0.9034,0.0966,94.42,100.0,0.0196,0.8771,705.0,0.0,317.0,1283.0,0.0,8,38.62,26.0,186.1,23.92,268.0,4009.37,,,Celxpert,5,4,18.029,2.3,10.3,2024-11-04 07:01:49,572.4,active,0.0,61.0,100.0,39.0,0.01199400299850075,0.005997001499250375,1,1,0.7818038963679584,1
user_0d79a714,AKOZLOWSKI-ALZD_akozlowski,AKOZLOWSKI-ALZD_akozlowski,ThinkPad T14 Gen 7,COSMX,75000.0,346,2026-05-04T15:20:52,2026-06-01T14:04:54,27.95,30.0,75010.0,74940.0,75010.0,99.92,99.91,0.09,15.0,14.0,15.25,182.97,0.3353,0.2547,0.7453,61.28,60.0,0.0401,0.1008,195.0,0.0,1186.0,2024.0,0.0,30,44.37,50.5,989.2,3.11,168.0,209.03,1.555,,COSMX,7,6,21.469,4.0,14.3,2026-05-28 14:10:15,0.4,active,2.0,23.0,100.0,77.0,0.011560693641618497,0.002890173410404624,2,1,0.11263228948193149,0
user_c800c52d,KGUO1-PF4R03CL_kguo1,KGUO1-PF4R03CL_kguo1,ThinkPad T14s Gen 5,Sunwoda,58000.0,682,2024-04-09T14:33:15,2024-05-24T10:25:04,44.83,8.58,58020.0,57970.0,58020.0,99.95,99.91,0.09,6.0,4.0,2.72,32.59,0.6364,0.7794,0.2206,76.84,96.0,0.0,0.7113,1106.0,0.0,360.0,2087.0,0.0,11,25.45,15.0,832.6,13.02,100.0,168.5,,0.796,Sunwoda,5,4,8.923,10.0,22.3,2024-05-14 10:23:53,738.6,active,25.0,36.050000000000004,100.0,63.949999999999996,0.0,0.0,0,1,0.4275026414468915,0
user_9c79166a,LAPTOP-USS5OCA4_Cui_Qi,LAPTOP-USS5OCA4_Cui_Qi,ThinkPad X1 Carbon Gen 12,Sunwoda,57000.0,339,2024-01-25T14:11:47,2024-03-19T10:40:10,53.85,30.0,57040.0,56990.0,57040.0,99.98,99.91,0.09,6.0,6.0,3.39,40.69,0.6844,0.5694,0.4306,87.65,98.0,0.0017,0.4406,293.0,0.0,446.0,1694.0,0.0,18,24.06,17.5,3265.6,13.36,534.0,596.3,,,Sunwoda,5,4,7.428,2.0,3.7,2024-03-17 10:19:35,804.6,active,17.0,44.60000000000001,100.0,55.39999999999999,0.0,0.0,0,1,0.4008862121980575,0
user_09626fb2,MYERSP-PW0HKDA6_MYERSP,MYERSP-PW0HKDA6_MYERSP,ThinkPad L14 Gen 6,SMP,57170.0,502,2025-05-27T11:14:29,2025-06-25T11:54:26,29.03,30.0,57820.0,57760.0,57820.0,101.03,99.9,0.1,6.0,5.0,5.24,62.91,0.8506,0.8723,0.1277,95.18,98.0,0.0,0.8202,664.0,0.0,384.0,1405.0,0.0,19,18.16,17.0,42.2,26.27,671.0,670.55,2.075,,SMP,6,5,17.225,0.9,3.2,2025-06-24 13:30:07,341.5,active,50.0,76.0,100.0,24.0,0.0,0.0,0,1,0.4058071883721087,0
user_653d873f,JJOHNSON18-T4GM_jjohnson18,JJOHNSON18-T4GM_jjohnson18,ThinkPad T14s Gen 7,Sunwoda,58000.0,221,2026-05-11T10:00:45,2026-06-01T16:00:03,21.25,30.0,58030.0,57970.0,58030.0,99.95,99.9,0.1,9.0,7.0,10.03,120.32,0.4796,0.4838,0.5162,76.12,85.0,0.0,0.3763,227.0,0.0,543.0,1763.0,0.0,16,39.25,44.5,1079.5,7.48,132.0,666.21,2.068,,Sunwoda,6,5,23.53,3.3,15.3,2026-05-29 09:59:16,0.3,active,22.0,30.0,100.0,70.0,0.0,0.0,0,1,0.26691615957552506,0
user_6dc02e20,HELS-PW0C7G11_Lanshan,HELS-PW0C7G11_Lanshan,ThinkPad T14s Gen 6,Sunwoda2023,58000.0,493,2024-07-18T14:10:14,2024-08-22T08:17:49,34.76,30.0,58030.0,57970.0,58030.0,99.95,99.9,0.1,12.0,10.0,8.76,105.09,0.5254,0.4408,0.5592,86.75,94.0,0.0,0.3505,0.0,0.0,0.0,0.0,,39,20.21,18.0,578.1,9.92,1455.0,673.55,2.068,,Sunwoda,6,5,14.386,1.9,5.6,2024-08-20 09:29:56,648.7,active,21.0,45.6,100.0,54.4,0.0,0.0,0,1,0.30926431730699794,0
user_b0004c76,KGUO1-PF4Z3832_kguo1,KGUO1-PF4Z3832_kguo1,ThinkPad T14 Gen 5,Celxpert,52500.0,297,2024-05-08T13:44:11,2024-05-29T14:31:29,21.03,25.3,52510.0,52460.0,52510.0,99.92,99.9,0.1,4.0,3.0,4.34,52.1,0.7104,0.841,0.159,91.77,97.0,0.0149,0.746,558.0,0.0,255.0,1191.0,0.0,9,23.89,15.0,141.9,27.36,112.0,191.46,,,Celxpert,4,3,14.263,8.0,38.2,2024-05-21 13:34:56,733.4,active,12.0,65.4,100.0,34.599999999999994,0.0,0.0,0,1,0.3268460138282337,0
user_0ce5442c,DONGQZ-PF66VXBZ_dongqz,DONGQZ-PF66VXBZ_dongqz,ThinkPad X1 Carbon Gen 14,SMP,58000.0,528,2026-04-01T16:15:07,2026-05-04T14:07:56,32.91,30.0,58030.0,57970.0,58030.0,99.95,99.9,0.1,7.0,6.0,5.55,66.59,0.7822,0.8017,0.1983,94.49,99.0,0.0051,0.7423,761.0,0.0,452.0,1535.0,0.0,23,17.35,14.0,299.4,11.48,409.0,193.27,2.068,,SMP,6,5,15.192,4.8,14.5,2026-04-29 19:35:02,28.4,active,18.0,73.0,100.0,27.0,0.0,0.0,0,1,0.542492380391196,0
user_facf96b9,CPCTESTER202407_49005,CPCTESTER202407_49005,ThinkPad T14s Gen 6,SMP2023,58000.0,1361,2024-07-08T15:40:49,2024-11-25T15:19:09,139.98,30.0,59840.0,62910.0,62980.0,108.47,99.89,0.11,11.0,9.0,1.96,23.48,0.8053,0.831,0.169,92.47,97.0,0.006,0.7865,0.0,0.0,0.0,0.0,,28,26.68,11.5,1136.5,5.69,14.0,70.99,,,SMP,19,18,12.859,13.1,9.4,2024-11-12 13:02:42,553.4,active,0.0,54.0,100.0,46.0,0.00440852314474651,0.0014695077149155032,3,1,0.41208578916177724,1
user_78be5062,MHALE1-PF62L9EM_mhale1,MHALE1-PF62L9EM_mhale1,ThinkPad T16 Gen 5,COSMX,75000.0,1220,2026-01-22T10:47:58,2026-04-06T15:11:07,74.18,30.0,75000.0,74920.0,75000.0,99.89,99.89,0.11,8.0,7.0,2.87,34.47,0.7484,0.9067,0.0933,96.04,98.0,0.0,0.8623,2179.0,0.0,660.0,2617.0,0.0,25,12.88,11.0,104.2,16.19,281.0,167.85,1.524,0.526,COSMX,8,7,9.436,11.2,15.1,2026-03-26 10:25:45,56.4,active,39.0,83.0,100.0,17.0,0.0,0.0,0,1,0.40096720326418334,0
user_412f572e,DWATTS-PF668VNV_dwatts,DWATTS-PF668VNV_dwatts,ThinkPad X13 Gen 7,Sunwoda,54700.0,1140,2026-04-29T11:20:37,2026-05-26T21:05:30,27.41,30.0,54760.0,55550.0,55610.0,101.55,99.89,0.11,5.0,5.0,5.55,66.64,0.893,0.8668,0.1332,95.61,99.0,0.0,0.8066,516.0,0.0,301.0,1423.0,0.0,16,25.94,18.5,420.1,7.31,1494.0,675.3,,,Sunwoda,7,6,21.893,1.9,7.1,2026-05-24 22:18:21,6.1,active,34.0,77.0,100.0,23.0,0.0,0.0,0,1,0.6032742828272358,0
user_a24ace49,KGUO1-PF62LBME_kguo1,KGUO1-PF62LBME_kguo1,ThinkPad T16 Gen 5,COSMX,75000.0,3242,2026-01-14T13:13:27,2026-05-18T15:02:52,124.08,30.0,75010.0,74930.0,75010.0,99.91,99.89,0.11,7.0,7.0,1.72,20.61,0.9815,0.9883,0.0117,71.14,71.0,0.0,0.0,509.0,0.0,583.0,3614.0,0.0,11,12.73,11.0,63.8,11.0,194.0,227.88,1.524,0.314,COSMX,8,7,5.642,14.0,11.3,2026-05-04 15:22:56,14.4,active,28.0,66.0,78.0,12.0,0.0,0.0,0,0,0.0,0
user_fbb4357f,LAPTOP-0JJ03K9D_rgibson,LAPTOP-0JJ03K9D_rgibson,ThinkPad P1 Gen 6,Sunwoda,90010.0,3556,2023-05-15T14:13:48,2024-02-12T14:20:57,273.0,30.0,92690.0,92590.0,92690.0,102.87,99.89,0.11,13.0,11.0,1.23,14.72,0.953,0.9594,0.0406,84.86,86.0,0.0008,0.1577,1776.0,0.0,1241.0,7027.0,0.0,30,21.97,21.5,370.4,17.1,145.0,173.97,0.981,0.144,Sunwoda,11,10,3.663,6.0,2.2,2024-02-06 14:58:23,840.4,active,5.0,71.0,99.0,28.0,0.0011248593925759281,0.0,2,1,0.06696389725995751,0
user_af1d147e,KSAMBDMA-62KJHP_ksambdma,KSAMBDMA-62KJHP_ksambdma,ThinkPad T16 Gen 5,Sunwoda,75000.0,1422,2026-01-15T11:06:01,2026-05-28T13:36:27,133.1,30.0,75010.0,74920.0,75010.0,99.89,99.88,0.12,10.0,10.0,2.29,27.44,0.8326,0.8223,0.1777,95.83,99.0,0.0,0.7955,2635.0,0.0,757.0,4103.0,0.0,36,21.08,22.5,269.4,7.43,507.0,359.67,1.5,0.395,Sunwoda,9,8,6.01,8.2,6.1,2026-05-20 09:22:19,4.4,active,41.0,76.0,100.0,24.0,0.0,0.0,0,1,0.5317488812056688,0
user_471e62b3,KGUO1-PW09S0X5_kguo1,KGUO1-PW09S0X5_kguo1,ThinkPad L14 Gen 5,Sunwoda,57000.0,639,2024-02-14T10:09:17,2024-04-03T17:34:29,49.31,28.53,57000.0,56930.0,57000.0,99.88,99.88,0.12,10.0,9.0,5.56,66.67,0.662,0.7725,0.2275,88.23,96.0,0.0025,0.5859,902.0,0.0,595.0,1587.0,0.0,23,26.04,18.0,251.3,14.55,175.0,170.07,2.047,,Sunwoda,7,6,12.168,0.2,0.4,2024-04-03 12:20:53,789.3,active,15.0,53.0,100.0,47.0,0.0,0.0,0,1,0.24904913249622257,0
user_a711fd41,JNUNEZ5-F5HP4BE_jnunez5,JNUNEZ5-F5HP4BE_jnunez5,ThinkPad P16 Gen 3,SMP,99900.0,1668,2025-11-06T16:30:03,2026-04-22T09:46:41,166.72,30.0,99900.0,99780.0,99900.0,99.88,99.88,0.12,13.0,8.0,1.46,17.53,0.9568,0.9443,0.0557,95.16,98.0,0.0002,0.8992,3793.0,0.0,1308.0,5229.0,0.0,11,35.82,36.0,1563.7,6.25,53.0,118.74,1.502,0.269,SMP,9,8,4.798,0.0,0.0,2026-04-22 09:46:41,40.6,active,16.0,80.35000000000001,100.0,19.64999999999999,0.0,0.0,0,1,0.1959097259608874,0
user_d09a2854,HWPA-SKU2-03_YSKOBA,HWPA-SKU2-03_YSKOBA,ThinkPad X1 Carbon Gen 12,Celxpert,57030.0,668,2023-10-26T17:50:22,2023-12-20T11:58:44,54.76,30.0,57000.0,56930.0,57000.0,99.82,99.88,0.12,5.0,2.0,1.11,13.34,0.8907,0.9183,0.0817,97.81,99.0,0.0,0.9059,2283.0,0.0,283.0,3055.0,0.0,5,17.2,13.0,1716.9,9.13,96.0,168.16,,,Celxpert,3,2,3.653,1.9,3.5,2023-12-18 14:13:33,894.5,active,47.0,95.0,100.0,5.0,0.0,0.0,0,1,0.6715446184426436,0
user_e214e704,PQM-BETA_hels,PQM-BETA_hels,ThinkPad X1 Carbon Gen 14,COSMX,58000.0,5710,2025-12-08T15:10:12,2025-12-23T08:28:39,14.72,0.1,58030.0,57960.0,58030.0,99.93,99.88,0.12,15.0,10.0,20.68,248.11,0.5133,0.5256,0.4744,95.87,98.0,0.0,0.3195,117.0,0.0,806.0,721.0,0.0,20,23.15,23.5,257.3,12.52,720.0,527.96,2.01,,COSMX,7,6,40.758,0.5,3.2,2025-12-22 21:06:14,160.6,active,24.0,84.0,100.0,16.0,0.0,0.0,0,1,0.22994003225072535,0
user_2e18ccdc,NILE_SVT,NILE_SVT,ThinkPad X1 2-in-1 Gen 11,COSMX,58000.0,658,2026-03-25T07:54:33,2026-05-29T07:29:46,64.98,30.0,58030.0,57960.0,58030.0,99.93,99.88,0.12,15.0,14.0,6.56,78.69,0.6839,0.5963,0.4037,89.35,97.0,0.0148,0.4483,313.0,0.0,865.0,2585.0,0.0,39,23.56,16.0,961.6,8.64,283.0,192.12,2.01,,COSMX,7,6,9.233,0.9,1.3,2026-05-28 10:33:10,3.7,active,13.0,48.85,100.0,51.15,0.0,0.0,0,1,0.39894213182883786,0
user_f3e7a1fe,LAPTOP-2RQJAUEN_nyama,LAPTOP-2RQJAUEN_nyama,ThinkPad X1 Carbon Gen 13,Sunwoda,57000.0,728,2025-03-25T09:00:58,2025-07-31T09:52:50,128.04,49.98,57040.0,56970.0,57040.0,99.95,99.88,0.12,7.0,6.0,1.43,17.12,0.8558,0.8574,0.1426,98.6,100.0,0.0,0.7958,1832.0,0.0,447.0,5424.0,0.0,5,12.2,11.0,6944.0,0.18,841.0,671.9,2.045,0.367,Sunwoda,7,6,4.686,16.0,12.5,2025-07-15 09:28:48,305.6,active,78.0,89.0,100.0,11.0,0.0,0.0,0,1,0.8283061810768233,0
user_b4045957,MYERSP-PW0HKDA6_L14,MYERSP-PW0HKDA6_L14,ThinkPad L14 Gen 6,SMP,57170.0,559,2025-05-27T11:14:29,2025-06-30T13:21:32,34.09,30.0,57820.0,57750.0,57820.0,101.01,99.88,0.12,7.0,6.0,5.36,64.29,0.8444,0.8725,0.1275,95.33,98.0,0.0,0.8245,782.0,0.0,403.0,1527.0,0.0,22,17.23,15.5,48.0,24.77,380.0,676.85,2.018,,SMP,7,6,17.601,0.8,2.3,2025-06-29 18:23:32,336.4,active,50.0,76.0,100.0,24.0,0.0,0.0,0,1,0.415611112141423,0
user_7bd855bb,E31583-PW0BLY7A_ohsaw,E31583-PW0BLY7A_ohsaw,ThinkPad T14s Gen 6,Sunwoda2023,58000.0,437,2024-06-10T16:12:51,2024-08-22T12:03:24,72.83,30.0,58030.0,57960.0,58030.0,99.93,99.88,0.12,10.0,6.0,2.51,30.09,0.5927,0.5369,0.4631,91.78,97.0,0.0066,0.4321,0.0,0.0,0.0,0.0,,27,13.19,10.0,746.9,1.81,33.0,526.86,2.01,0.629,Sunwoda,7,6,8.239,27.1,37.2,2024-07-26 09:08:17,648.5,active,15.0,67.8,100.0,32.2,0.0,0.0,0,1,0.3151904843955517,0
user_88e12f54,LAPTOP-K2B03PT9_Mersey2,LAPTOP-K2B03PT9_Mersey2,ThinkPad X1 2-in-1 Gen 10,Sunwoda,57000.0,345,2025-02-25T07:03:40,2025-06-16T11:12:31,111.17,30.0,58340.0,58270.0,58340.0,102.23,99.88,0.12,8.0,6.0,1.64,19.71,0.7565,0.7044,0.2956,93.65,100.0,0.0,0.6236,638.0,0.0,493.0,4542.0,0.0,17,18.0,15.0,1040.3,9.27,105.0,1907.43,2.0,0.395,Sunwoda,7,6,5.397,14.1,12.7,2025-06-02 08:18:31,350.5,active,27.0,70.4,100.0,29.599999999999994,0.0,0.0,0,1,0.6472627033353876,0
user_5753a4fd,MS1-2ND-3C_HWPA,MS1-2ND-3C_HWPA,ThinkPad X1 2-in-1 Gen 9,Sunwoda,57000.0,334,2024-01-10T13:07:21,2024-02-15T15:47:29,36.11,30.0,57340.0,57270.0,57340.0,100.47,99.88,0.12,7.0,6.0,5.06,60.69,0.521,0.4613,0.5387,85.9,96.0,0.0067,0.3867,713.0,0.0,468.0,2502.0,0.0,16,28.81,23.5,1634.1,1.94,979.0,671.22,2.035,,Sunwoda,7,6,16.615,0.0,0.0,2024-02-15 15:47:29,837.3,active,4.0,45.0,100.0,55.0,0.014970059880239521,0.008982035928143712,1,1,0.3903869268875626,0
user_2e93cd77,GLRTEST_s,GLRTEST_s,ThinkPad T14s Gen 6,SMP2023,58000.0,513,2024-06-25T14:38:20,2024-07-18T14:12:50,22.98,30.0,59840.0,59760.0,59840.0,103.03,99.87,0.13,4.0,1.0,1.32,15.89,0.7953,0.8182,0.1818,97.4,98.0,0.0,0.7266,0.0,0.0,0.0,0.0,,6,8.83,8.5,1354.1,7.28,319.0,216.22,,,SMP,6,5,21.756,0.1,0.5,2024-07-18 11:31:11,683.4,active,78.0,93.6,100.0,6.400000000000006,0.0,0.0,0,1,0.4369706516990773,0
user_05630811,NAITOX9A_arimasa,NAITOX9A_arimasa,ThinkPad X9-14 Gen 1,BYD,55100.0,266,2024-11-06T11:45:13,2024-12-11T09:44:29,34.92,30.0,55120.0,55050.0,55120.0,99.91,99.87,0.13,7.0,6.0,5.23,62.76,0.5827,0.4068,0.5932,88.19,95.0,0.0,0.2897,478.0,0.0,420.0,1943.0,0.0,20,24.85,24.5,1360.5,1.53,130.0,154.32,2.117,,BYD,7,6,17.184,8.0,22.9,2024-12-03 09:47:41,537.6,active,41.0,57.25,100.0,42.75,0.0,0.0,0,1,0.3521399988087051,0
user_4a61ea44,CRISTIAN_cmorataya,CRISTIAN_cmorataya,ThinkPad L13 Gen 6,Sunwoda,54700.0,645,2025-09-05T11:28:35,2025-10-07T11:42:40,32.01,12.91,54760.0,54690.0,54760.0,99.98,99.87,0.13,8.0,6.0,5.71,68.46,0.555,0.5373,0.4627,96.19,100.0,0.0,0.4745,471.0,0.0,511.0,5176.0,0.0,16,23.0,12.5,792.0,5.23,1083.0,507.38,,,Sunwoda,5,4,12.496,4.1,12.8,2025-10-03 09:39:09,237.5,active,25.0,76.80000000000001,100.0,23.19999999999999,0.0,0.0,0,1,0.6745257506418622,0
user_5dd5c8e1,CCOLGLAZIER-V05_ccolglazier,CCOLGLAZIER-V05_ccolglazier,ThinkPad P14s Gen 7 AMD,Sunwoda,60000.0,580,2026-04-30T11:12:58,2026-06-01T09:32:16,31.93,30.0,60000.0,59920.0,60000.0,99.87,99.87,0.13,8.0,7.0,6.67,80.07,0.669,0.7088,0.2912,75.32,79.0,0.0021,0.0233,236.0,0.0,496.0,2172.0,0.0,25,25.04,19.0,603.1,12.64,108.0,239.51,1.905,,Sunwoda,8,7,21.923,2.9,9.2,2026-05-29 11:21:10,0.6,active,17.0,43.0,100.0,57.0,0.0,0.0,0,1,0.02004262586627899,0
user_07d124d7,X9-14_SVT,X9-14_SVT,ThinkPad X9-14 Gen 1,SWD,55100.0,761,2025-01-17T06:30:54,2025-04-18T09:41:21,91.13,30.0,55130.0,55060.0,55130.0,99.93,99.87,0.13,7.0,6.0,2.0,24.05,0.8857,0.8629,0.1371,95.33,98.0,0.0045,0.8317,1918.0,0.0,447.0,3380.0,0.0,16,26.31,17.5,976.3,2.79,234.0,174.71,2.116,0.603,Sunwoda,7,6,6.584,0.8,0.8,2025-04-17 15:25:45,409.6,active,16.0,79.0,100.0,21.0,0.0,0.0,0,1,0.3737773206121582,0
user_a1f62ae3,DESKTOP-CDUSM1A_T14s,DESKTOP-CDUSM1A_T14s,ThinkPad T14s Gen 6,Sunwoda2023,58000.0,511,2024-08-26T07:48:54,2024-10-11T10:08:34,46.1,13.28,58410.0,58330.0,58410.0,100.57,99.86,0.14,16.0,7.0,4.62,55.46,0.4971,0.4175,0.5825,87.89,96.0,0.0,0.3402,0.0,0.0,0.0,0.0,,21,20.81,19.0,1647.9,1.77,1157.0,670.28,1.957,1.111,Sunwoda,8,7,15.185,4.0,8.6,2024-10-07 11:15:18,598.6,active,28.0,50.0,100.0,50.0,0.0,0.0,0,1,0.3574364949660029,0
user_97658de2,JNUNEZ5-F626M4T_jnunez5,JNUNEZ5-F626M4T_jnunez5,ThinkPad X1 2-in-1 Gen 11,COSMX,58000.0,294,2026-01-06T16:06:18,2026-03-13T16:07:42,66.0,30.0,58090.0,58010.0,58090.0,100.02,99.86,0.14,11.0,10.0,4.61,55.34,0.4728,0.3787,0.6213,72.14,78.0,0.0158,0.144,82.0,0.0,671.0,2372.0,0.0,19,33.89,30.0,3826.3,1.27,151.0,686.56,1.377,0.771,COSMX,8,7,10.606,4.1,6.3,2026-03-09 13:07:02,80.3,active,14.0,27.0,100.0,73.0,0.0,0.0,0,1,0.17062032584923123,0
user_c34334af,LAPTOP-C2TA9AP9_Thames-2_LNL_BE_SIT,LAPTOP-C2TA9AP9_Thames-2_LNL_BE_SIT,ThinkPad X1 Carbon Gen 13,BYD,57030.0,279,2024-11-27T12:31:28,2025-04-24T15:46:16,148.14,19.14,57200.0,57120.0,57200.0,100.16,99.86,0.14,8.0,7.0,1.44,17.26,0.491,0.3131,0.6869,81.21,89.0,0.0005,0.1911,961.0,0.0,464.0,4629.0,0.0,21,23.76,13.0,7805.5,0.26,34.0,211.99,1.998,0.351,BYD,8,7,4.725,20.0,13.5,2025-04-04 15:47:32,403.3,active,16.0,42.9,100.0,57.1,0.0,0.0,0,1,0.2047527445416707,0
user_aac0336e,SPETERSEN2-SBS6_spetersen2,SPETERSEN2-SBS6_spetersen2,ThinkPad T14s Gen 6,SMP,58020.0,326,2025-06-04T15:08:12,2025-07-09T09:35:45,34.77,30.0,58030.0,57950.0,58030.0,99.88,99.86,0.14,7.0,7.0,6.13,73.54,0.7117,0.6231,0.3769,90.38,98.0,0.0,0.5227,741.0,0.0,405.0,1982.0,0.0,16,27.56,23.5,725.1,14.07,625.0,670.54,1.969,,SMP,8,7,20.133,0.0,0.0,2025-07-09 09:35:45,327.6,active,28.0,52.25,100.0,47.75,0.0,0.0,0,1,0.5484318973097501,0
user_ee1d4fd8,MCOONER1-67PP9K_mcooner1,MCOONER1-67PP9K_mcooner1,ThinkPad P16s Gen 5,COSMX,90000.0,351,2026-05-13T13:37:50,2026-05-26T08:58:28,12.81,30.0,91600.0,91460.0,91600.0,101.62,99.85,0.15,4.0,3.0,7.13,85.57,0.8889,0.9104,0.0896,95.4,99.0,0.0091,0.8784,265.0,0.0,384.0,1584.0,0.0,5,19.4,15.0,118.3,12.29,378.0,167.82,,,COSMX,5,4,31.235,0.5,4.0,2026-05-25 20:39:06,6.6,active,13.0,73.5,100.0,26.5,0.0,0.0,0,1,0.6542986504989744,0
user_d92d7ef5,RADACHI-F5AL4EK_radachi,RADACHI-F5AL4EK_radachi,ThinkPad X1 2-in-1 Gen 10,SMP,57030.0,1043,2026-02-11T20:33:49,2026-05-25T08:45:23,102.51,30.0,59070.0,60050.0,60140.0,105.3,99.85,0.15,20.0,19.0,5.64,67.7,0.6596,0.639,0.361,83.45,96.0,0.0029,0.5351,902.0,0.0,1265.0,11618.0,0.0,31,54.13,55.0,1323.4,3.14,164.0,192.47,,,SMP,20,23,22.437,4.9,4.7,2026-05-20 11:56:03,7.6,active,1.0,36.0,100.0,64.0,0.0028763183125599234,0.0028763183125599234,1,1,0.43157107092930447,0
user_f60b78bf,DESKTOP-2OI6HV8_jnunez5,DESKTOP-2OI6HV8_jnunez5,ThinkPad T14s Gen 6 Qualcomm,SMP2023,58000.0,333,2024-05-28T15:42:32,2024-06-28T10:20:38,30.78,29.08,59580.0,59490.0,59580.0,102.57,99.85,0.15,12.0,5.0,4.95,59.34,0.6336,0.5916,0.4084,88.08,97.0,0.0131,0.4898,0.0,0.0,0.0,0.0,,14,18.07,8.5,1108.2,2.13,1305.0,569.51,,,SMP,7,6,19.495,4.0,13.0,2024-06-24 10:07:55,703.6,active,15.0,41.6,100.0,58.4,0.0,0.0,0,1,0.37067308809068455,0
user_e946f061,LAPTOP-1MK05N4P_hwpa,LAPTOP-1MK05N4P_hwpa,ThinkPad X1 Carbon Gen 12,SMP,57030.0,413,2023-10-06T18:32:40,2023-11-02T15:20:01,26.87,30.0,59580.0,60040.0,60130.0,105.28,99.85,0.15,5.0,2.0,2.27,27.19,0.7772,0.8505,0.1495,97.29,99.0,0.0,0.8152,425.0,13.0,293.0,1842.0,0.0071,9,9.0,7.0,837.7,16.82,2501.0,215.17,,,SMP,6,5,18.611,3.1,11.4,2023-10-30 14:01:44,942.4,active,56.0,90.0,100.0,10.0,0.0,0.0,0,1,0.7594457631382795,0
user_1c0b893f,LAPTOP-2D6R853Q_jnunez5,LAPTOP-2D6R853Q_jnunez5,ThinkPad X13 Gen 7,Sunwoda,54700.0,343,2026-04-28T10:56:26,2026-05-26T13:20:47,28.1,30.0,54760.0,54680.0,54760.0,99.96,99.85,0.15,6.0,5.0,5.42,64.99,0.6501,0.6162,0.3838,88.82,98.0,0.0223,0.5261,509.0,0.0,334.0,1468.0,0.0,15,27.13,23.0,829.5,3.51,826.0,670.7,2.922,,Sunwoda,6,5,17.793,6.9,24.5,2026-05-19 16:26:59,6.4,active,2.0,40.1,100.0,59.9,0.01749271137026239,0.0029154518950437317,2,1,0.39344390578362726,1
user_258d5efc,FRED_Fred_Bower,FRED_Fred_Bower,ThinkPad T16 Gen 5,Sunwoda,75000.0,3998,2026-01-20T11:41:08,2026-05-11T10:10:30,110.94,30.0,75010.0,74900.0,75010.0,99.87,99.85,0.15,11.0,9.0,2.47,29.63,0.9195,0.9452,0.0548,97.12,100.0,0.0013,0.9045,2335.0,0.0,873.0,3690.0,0.0,37,17.95,13.0,281.3,12.64,581.0,556.29,1.629,0.564,Sunwoda,10,11,9.916,12.9,11.6,2026-04-28 13:01:01,21.6,active,2.0,90.0,100.0,10.0,0.0010005002501250625,0.0010005002501250625,1,1,0.6959011519748776,0
user_ade8d2d5,X1-CARBON-G12_hewei,X1-CARBON-G12_hewei,ThinkPad X1 Carbon Gen 12,SMP,57030.0,1993,2024-09-27T14:51:10,2025-02-07T16:09:05,133.05,30.0,59710.0,59620.0,59710.0,104.54,99.85,0.15,28.0,28.0,6.41,76.86,0.8339,0.7938,0.2062,71.57,78.0,0.0098,0.0127,66.0,0.0,1682.0,3696.0,0.0,62,26.6,22.0,581.5,13.52,258.0,671.08,0.718,0.519,SMP,3,2,1.503,65.7,49.4,2024-12-03 22:27:40,479.3,stale,1.0,32.0,80.0,48.0,0.0035122930255895636,0.0015052684395383843,3,1,0.005090880023705508,0
user_95944336,PHAYES-PF62TDKH_PHAYES,PHAYES-PF62TDKH_PHAYES,ThinkPad T14 Gen 7,Celxpert,75000.0,2685,2026-01-15T11:06:27,2026-05-28T15:20:03,133.18,30.0,75010.0,74890.0,75010.0,99.85,99.84,0.16,13.0,12.0,2.74,32.91,0.8644,0.8775,0.1225,96.15,98.0,0.002,0.8251,2385.0,0.0,1041.0,4079.0,0.0,59,15.08,10.0,470.2,10.45,326.0,190.35,1.6,0.528,Celxpert,11,10,7.509,2.9,2.2,2026-05-25 18:08:02,4.4,active,14.0,86.0,100.0,14.0,0.0,0.0,0,1,0.47832903460271103,0
user_515f58fa,KGUO1-PF55Q5S3_kguo1,KGUO1-PF55Q5S3_kguo1,ThinkPad T16 Gen 4,SMP,87380.0,1314,2025-04-21T10:37:55,2025-06-09T10:31:06,49.0,30.0,89410.0,89270.0,89410.0,102.16,99.84,0.16,2.0,1.0,0.62,7.45,0.9939,0.9969,0.0031,97.95,98.0,0.0,0.9941,178.0,0.0,211.0,1897.0,0.0,2,6.5,6.5,20.3,18.92,161.0,234.66,,1.173,SMP,9,8,16.328,6.9,14.0,2025-06-02 13:28:13,357.6,active,79.0,95.0,100.0,5.0,0.0,0.0,0,1,0.4802193443709137,0
user_3ca4946b,MHALE1-PF5CXE0G_mhale1,MHALE1-PF5CXE0G_mhale1,ThinkPad T16 Gen 4,Celxpert,52500.0,1310,2025-02-04T10:14:57,2025-04-15T09:51:13,69.98,30.0,52510.0,52420.0,52510.0,99.85,99.83,0.17,8.0,6.0,2.61,31.31,0.8969,0.9282,0.0718,96.45,98.0,0.0026,0.9002,1870.0,0.0,443.0,3010.0,0.0,22,16.18,9.5,103.4,11.48,209.0,190.52,2.857,0.923,Celxpert,7,6,8.573,0.7,1.0,2025-04-14 16:47:56,412.6,active,18.0,89.0,100.0,11.0,0.0,0.0,0,1,0.43175959730257846,0
user_c2f0df85,LAPTOP-9D1AU1OG_Mersey,LAPTOP-9D1AU1OG_Mersey,ThinkPad X1 2-in-1 Gen 9,Celxpert,57030.0,361,2023-01-18T10:52:32,2024-01-30T17:51:22,377.29,30.0,59010.0,58930.0,59030.0,103.33,99.83,0.17,38.0,7.0,0.56,6.78,0.518,0.4442,0.5558,86.33,95.0,0.0,0.3267,503.0,0.0,2363.0,2076.0,0.0,23,25.26,22.0,405.1,9.92,6.0,191.25,2.42,,Celxpert,8,8,2.12,1.7,0.5,2024-01-29 01:04:16,853.3,active,30.0,47.0,100.0,53.0,0.0,0.0,0,1,0.34934878655605045,0
user_5aded657,QCOM-YQK1OVIMJV_dereks,QCOM-YQK1OVIMJV_dereks,ThinkPad T14s Gen 6,SMP2023,58000.0,420,2024-07-10T10:45:42,2024-08-07T10:20:05,27.98,30.0,59870.0,59770.0,59870.0,103.05,99.83,0.17,5.0,4.0,4.35,52.21,0.7571,0.7194,0.2806,95.98,99.0,0.0,0.6639,0.0,0.0,0.0,0.0,,12,16.08,10.5,940.2,1.68,674.0,671.15,,,SMP,10,9,32.163,2.0,7.3,2024-08-05 09:34:50,663.6,active,48.0,80.95,100.0,19.049999999999997,0.0,0.0,0,1,0.5988992914319132,0
user_b9fd8d46,AMIGDOL-F67CCZ1_amigdol,AMIGDOL-F67CCZ1_amigdol,ThinkPad T14 Gen 7,ATL,60000.0,291,2026-05-04T15:20:47,2026-06-01T09:56:49,27.78,30.0,60120.0,60010.0,60120.0,100.02,99.82,0.18,12.0,9.0,9.86,118.35,0.3333,0.2838,0.7162,74.15,76.0,0.0,0.1635,178.0,0.0,656.0,1815.0,0.0,20,37.55,38.0,1458.2,2.52,143.0,218.01,2.033,,ATL,10,9,32.403,0.0,0.0,2026-06-01 09:56:49,0.6,active,24.0,36.0,100.0,64.0,0.0,0.0,0,1,0.18205554867146978,0
user_23d2e81b,FFENG-PF5FSWGF_ffeng,FFENG-PF5FSWGF_ffeng,ThinkPad X1 2-in-1 Gen 10,Sunwoda,57000.0,971,2025-06-16T16:04:57,2025-09-19T15:03:41,94.96,30.0,57040.0,56940.0,57040.0,99.89,99.82,0.18,9.0,8.0,2.56,30.77,0.9022,0.8703,0.1297,95.33,99.0,0.0,0.7557,1900.0,0.0,521.0,4025.0,0.0,4,4.25,4.0,2693.4,2.28,75.0,89.53,2.191,0.688,Sunwoda,9,8,8.425,1.2,1.3,2025-09-18 10:33:39,255.4,active,39.0,65.0,100.0,35.0,0.0,0.0,0,1,0.5571743657218441,0
user_b5ff1641,BILLWORK2_ottow,BILLWORK2_ottow,ThinkPad P14s Gen 5,SMP,75000.0,2239,2024-03-18T12:45:51,2024-06-06T14:12:40,80.06,30.0,77100.0,76960.0,77100.0,102.61,99.82,0.18,7.0,3.0,1.14,13.69,0.975,0.9818,0.0182,97.16,98.0,0.0017,0.978,2289.0,0.0,556.0,3948.0,0.0,6,38.5,26.5,151.2,18.52,210.0,655.55,,1.299,SMP,4,3,3.747,5.4,6.7,2024-06-01 05:20:40,725.4,active,16.0,95.0,100.0,5.0,0.0,0.0,0,1,0.35236264872939943,0
user_8bc770b0,MERSEY2BELNL_jeffreyf1,MERSEY2BELNL_jeffreyf1,ThinkPad X1 2-in-1 Gen 10,SMP,57030.0,395,2025-03-20T11:38:50,2025-05-04T21:14:16,45.4,30.0,60310.0,61400.0,61510.0,107.66,99.82,0.18,7.0,6.0,4.02,48.27,0.7215,0.7754,0.2246,91.05,97.0,0.002,0.6868,377.0,0.0,434.0,1841.0,0.0,15,21.53,14.0,334.7,7.66,1422.0,1064.16,3.577,,SMP,8,7,15.419,2.5,5.5,2025-05-02 09:36:41,393.1,active,0.0,56.0,100.0,44.0,0.007594936708860759,0.007594936708860759,1,1,0.4029262470324367,0
user_5f25fe98,DEBORAH_drepplier,DEBORAH_drepplier,ThinkPad T14s Gen 6,Sunwoda,58000.0,3674,2025-02-25T11:04:47,2026-03-10T10:52:21,377.99,30.0,58030.0,57920.0,58030.0,99.86,99.81,0.19,10.0,9.0,0.72,8.7,0.9535,0.9529,0.0471,78.51,79.0,0.0,0.0011,788.0,0.0,582.0,10250.0,0.0,18,18.0,16.0,408.7,7.23,119.0,192.66,2.106,0.183,Sunwoda,10,9,2.381,8.1,2.1,2026-03-02 09:00:44,83.5,active,20.0,77.0,80.0,3.0,0.0,0.0,0,1,0.001227183978737683,0
user_282e36ac,X1_2-IN-1,X1_2-IN-1,ThinkPad X1 2-in-1 Gen 10,Sunwoda,57000.0,494,2025-06-03T09:53:26,2025-10-03T07:09:29,121.89,30.0,57040.0,58440.0,58550.0,102.53,99.81,0.19,13.0,12.0,3.0,35.96,0.747,0.6224,0.3776,92.27,100.0,0.0082,0.5331,676.0,0.0,787.0,4330.0,0.0,24,19.17,11.0,2075.2,3.28,127.0,252.67,2.087,0.7,Sunwoda,11,10,8.204,2.9,2.4,2025-09-30 08:40:23,241.7,active,2.0,59.650000000000006,100.0,40.349999999999994,0.006072874493927126,0.006072874493927126,1,1,0.5488992108748452,1
user_6f6b39cf,MCOCKMAN-09S0ZB_mcockman,MCOCKMAN-09S0ZB_mcockman,ThinkPad L14 Gen 5,Sunwoda,57000.0,10672,2024-02-16T08:47:58,2026-05-29T12:25:43,833.15,30.0,57000.0,56890.0,57000.0,99.81,99.81,0.19,53.0,51.0,1.86,22.36,0.9399,0.9394,0.0606,96.57,98.0,0.0001,0.9191,12722.0,0.0,2989.0,20231.0,0.0,127,21.02,17.0,990.0,18.39,18.0,4723.36,0.386,0.085,Sunwoda,50,50,6.001,0.6,0.1,2026-05-28 21:19:21,3.5,active,13.0,93.0,100.0,7.0,0.0,0.0,0,1,0.37358961799434887,0
user_48e048d7,MOTO-T14S-Q_motty,MOTO-T14S-Q_motty,ThinkPad T14s Gen 6,Sunwoda2023,58000.0,480,2024-06-05T09:06:08,2024-08-20T21:46:55,76.53,29.97,58020.0,57910.0,58020.0,99.84,99.81,0.19,14.0,9.0,3.58,42.95,0.5708,0.5209,0.4791,87.12,95.0,0.0012,0.3909,0.0,0.0,0.0,0.0,,34,17.85,10.0,2058.5,3.41,814.0,976.75,2.107,0.982,Sunwoda,10,9,11.76,13.0,17.0,2024-08-07 21:53:11,650.1,active,0.0,42.95,100.0,57.05,0.0020833333333333333,0.0020833333333333333,1,1,0.25616056277713695,0
user_99638b66,SBARATAM-000032_sbaratam,SBARATAM-000032_sbaratam,ThinkPad L13 Gen 6,Sunwoda,54700.0,418,2025-03-20T10:15:03,2025-09-05T13:17:39,169.13,30.0,54760.0,55380.0,55490.0,101.24,99.8,0.2,13.0,12.0,2.16,25.92,0.5215,0.4084,0.5916,88.25,95.5,0.0091,0.2375,451.0,0.0,807.0,4419.0,0.0,42,19.6,14.0,3373.8,11.46,5.0,173.75,2.832,0.629,Sunwoda,9,8,4.73,9.1,5.4,2025-08-27 10:57:51,269.4,active,1.0,52.85,100.0,47.15,0.009569377990430622,0.004784688995215311,2,1,0.3835987653572827,0
user_327a3473,0350LQ-PF593HRF_0350LQ,0350LQ-PF593HRF_0350LQ,ThinkPad X1 2-in-1 Gen 10,SMP,57030.0,532,2025-08-06T10:02:35,2025-10-28T09:31:06,82.98,30.0,58960.0,58840.0,58960.0,103.17,99.8,0.2,7.0,3.0,1.1,13.21,0.8759,0.8443,0.1557,95.61,100.0,0.0162,0.8266,354.0,0.0,439.0,5479.0,0.0,9,15.89,10.0,977.4,8.82,367.0,663.56,,,SMP,6,5,6.026,1.0,1.3,2025-10-27 08:33:15,216.6,active,2.0,79.65,100.0,20.349999999999994,0.009398496240601503,0.005639097744360902,2,1,0.6985002616929151,0
user_ba158e5a,LAPTOP-88BMF4J6_Mersey,LAPTOP-88BMF4J6_Mersey,ThinkPad,BYD,57030.0,2153,2023-12-11T16:15:39,2024-06-11T17:30:04,183.05,18.57,58030.0,58360.0,58480.0,102.33,99.79,0.21,29.0,26.0,4.32,51.88,0.5722,0.4907,0.5093,83.73,95.0,0.0279,0.3668,1316.0,0.0,1651.0,5277.0,0.0,79,24.46,16.0,1777.8,1.8,1454.0,671.72,1.207,0.563,BYD,32,33,18.028,7.2,3.9,2024-06-04 13:03:44,720.3,active,0.0,33.0,100.0,67.0,0.009753831862517418,0.005109150023223409,6,1,0.3272972186793761,3
user_c1533eb9,TTARRATS-09S0Z9_ttarrats,TTARRATS-09S0Z9_ttarrats,ThinkPad L14 Gen 5,Sunwoda,57000.0,3451,2024-02-16T07:10:32,2024-08-16T09:55:34,182.11,30.0,57000.0,56880.0,57000.0,99.79,99.79,0.21,13.0,11.0,1.84,22.06,0.991,0.9906,0.0094,97.25,97.0,0.0,0.9884,4318.0,0.0,744.0,4795.0,0.0,4,14.25,11.5,66.4,15.41,37.0,96.55,1.914,0.438,Sunwoda,12,11,6.04,2.6,1.4,2024-08-13 18:57:51,654.6,active,62.0,95.0,100.0,5.0,0.0,0.0,0,1,0.279010143747148,0
user_c23d78c0,MGOMES3-W0HKDCB_L14,MGOMES3-W0HKDCB_L14,ThinkPad L14 Gen 6,SMP,57170.0,1358,2025-05-27T11:14:51,2025-08-20T15:06:11,85.16,30.0,57910.0,57790.0,57910.0,101.08,99.79,0.21,11.0,10.0,3.57,42.89,0.9227,0.906,0.094,93.5,98.0,0.0078,0.8368,1617.0,0.0,659.0,2753.0,0.0,23,27.83,23.0,438.9,13.62,10.0,167.97,2.072,1.008,SMP,11,10,11.743,12.2,14.3,2025-08-08 11:27:39,285.4,active,3.0,64.85000000000001,100.0,35.14999999999999,0.0066273932253313695,0.0022091310751104565,2,1,0.2604191908471976,0
user_8dc7ed93,MGOMES3-W0HKDCB_mgomes3,MGOMES3-W0HKDCB_mgomes3,ThinkPad L14 Gen 6,SMP,57170.0,1331,2025-05-27T11:14:51,2025-08-18T21:21:09,83.42,30.0,57910.0,57790.0,57910.0,101.08,99.79,0.21,11.0,10.0,3.65,43.78,0.9226,0.9041,0.0959,93.41,98.0,0.008,0.8335,1575.0,0.0,659.0,2711.0,0.0,23,27.83,23.0,438.9,13.62,286.0,521.05,2.072,1.032,SMP,11,10,11.987,10.4,12.5,2025-08-08 11:27:39,287.1,active,3.0,64.0,100.0,36.0,0.0067618332081141996,0.002253944402704733,2,1,0.26578218969057554,0
user_b4a49605,X1C-G13-TK_E28508,X1C-G13-TK_E28508,ThinkPad X1 Carbon Gen 13,Celxpert,57030.0,517,2024-11-12T09:02:25,2026-05-07T15:11:13,541.26,29.01,56490.0,56370.0,56490.0,98.84,99.79,0.21,16.0,10.0,0.56,6.75,0.7176,0.6746,0.3254,93.07,98.0,0.0072,0.5647,1163.0,0.0,911.0,16175.0,0.0,25,14.12,11.0,1969.0,9.33,62.0,9637.71,2.124,0.143,Celxpert,11,10,1.848,0.2,0.0,2026-05-07 10:50:05,25.4,active,1.0,75.6,100.0,24.400000000000006,0.013539651837524178,0.009671179883945842,2,1,0.47769076708850483,0
user_31d68d86,LAPTOP-49PO0SU0_ssugimoto2,LAPTOP-49PO0SU0_ssugimoto2,ThinkPad P1 Gen 8,Sunwoda,90000.0,1828,2025-07-16T11:04:41,2026-02-09T10:27:11,207.97,5.57,90010.0,89810.0,90010.0,99.79,99.78,0.22,16.0,13.0,1.9,22.83,0.5569,0.6706,0.3294,91.4,97.0,0.0012,0.5168,3085.0,0.0,1474.0,6274.0,0.0,43,11.53,9.0,619.2,7.86,50.0,1310.07,1.709,0.391,Sunwoda,14,13,6.251,56.0,26.9,2025-12-15 11:30:27,112.6,active,7.0,62.35000000000001,100.0,37.64999999999999,0.002735229759299781,0.0,1,1,0.4093927676186963,0
user_843c15fc,CMORATAYA-MDFJZ_cmorataya,CMORATAYA-MDFJZ_cmorataya,ThinkPad P16s Gen 4,Sunwoda,75000.0,944,2025-10-08T11:09:18,2025-12-20T16:19:39,73.22,30.0,75860.0,76420.0,76590.0,101.89,99.78,0.22,19.0,17.0,7.07,84.81,0.7013,0.6242,0.3758,91.1,99.0,0.0064,0.5403,1241.0,0.0,1482.0,3185.0,0.0,52,26.06,13.0,465.9,13.79,80.0,171.63,1.48,1.26,Sunwoda,19,18,24.585,11.0,15.0,2025-12-09 16:38:29,163.3,active,6.0,49.150000000000006,100.0,50.849999999999994,0.00211864406779661,0.0,1,1,0.5812140550478143,1
user_11bc1f0c,PF62AGYW_LIP,PF62AGYW_LIP,ThinkPad X1 2-in-1 Gen 11,SMP,58000.0,4201,2026-02-16T21:01:27,2026-06-01T09:17:42,104.51,30.0,59330.0,59200.0,59330.0,102.07,99.78,0.22,13.0,13.0,3.79,45.43,0.996,0.9933,0.0067,97.68,98.0,0.0,0.9899,2171.0,0.0,818.0,4270.0,0.0,1,3.0,3.0,916.0,0.2,6.0,95.74,1.685,0.771,SMP,12,11,10.525,18.7,17.9,2026-05-13 17:20:36,0.6,active,71.0,95.0,100.0,5.0,0.0,0.0,0,1,0.36632220097070417,0
user_ee4c46e8,LAPTOP-N0IFBCJM_AV1,LAPTOP-N0IFBCJM_AV1,ThinkPad X1 Carbon Gen 14,ATL,58000.0,833,2026-04-10T12:49:51,2026-06-01T09:57:24,51.88,29.41,58010.0,58250.0,58380.0,100.43,99.78,0.22,22.0,18.0,10.56,126.72,0.6255,0.6116,0.3884,89.69,97.0,0.0232,0.5081,910.0,0.0,1221.0,3958.0,0.0,62,20.89,14.5,402.5,18.01,307.0,186.82,2.024,,ATL,19,18,34.695,2.6,5.1,2026-05-29 18:38:46,0.6,active,7.0,51.6,100.0,48.4,0.0012004801920768306,0.0,1,1,0.3567910567274051,0
user_00e5bc63,PCHEN23-1000044_pchen23,PCHEN23-1000044_pchen23,ThinkPad X13 Detachable Gen 1,BYD,45000.0,2248,2026-03-04T15:11:54,2026-05-27T15:17:47,84.0,30.0,45010.0,46250.0,46350.0,102.78,99.78,0.22,14.0,14.0,5.07,60.87,0.9164,0.8859,0.1141,92.62,98.0,0.0239,0.845,874.0,1.0,669.0,2620.0,0.0004,24,45.0,48.5,1299.2,4.22,83.0,359.65,3.596,1.249,BYD,8,7,8.333,22.1,26.3,2026-05-05 13:01:47,5.4,active,2.0,43.0,100.0,57.0,0.009341637010676156,0.005782918149466192,10,1,0.4319836296559683,2
user_dd6ce0b8,LAPTOP-ENFNG5MU_1,LAPTOP-ENFNG5MU_1,ThinkPad X1 Carbon Gen 14,ATL,58000.0,16329,2025-12-03T13:31:27,2026-03-09T09:24:24,95.83,0.13,58030.0,57900.0,58030.0,99.83,99.78,0.22,20.0,17.0,5.4,64.8,0.5342,0.8944,0.1056,97.71,98.0,0.0026,0.849,1708.0,0.0,1107.0,2901.0,0.0,17,32.29,26.0,1158.7,19.8,421.0,617.71,1.867,0.947,ATL,10,9,9.392,32.7,34.1,2026-02-04 16:17:17,84.6,active,19.0,96.0,99.0,3.0,0.0,0.0,0,1,0.2963097154265608,0
user_a36e5dd4,KATIE_kjackson,KATIE_kjackson,ThinkPad L13 2-in-1 Gen 6,SMP,54750.0,1851,2025-03-20T11:37:35,2025-07-17T14:55:37,119.14,30.0,56380.0,56250.0,56380.0,102.74,99.77,0.23,9.0,8.0,2.04,24.53,0.9173,0.9111,0.0889,95.35,98.0,0.0,0.8207,2496.0,0.0,523.0,3169.0,0.0,29,23.1,19.0,400.1,13.87,252.0,198.42,2.882,0.989,SMP,9,8,6.715,0.2,0.2,2025-07-17 09:04:24,319.4,active,26.0,80.0,100.0,20.0,0.0,0.0,0,1,0.4460365640547732,0
user_7d478073,MATJONES-56FF1H_MATJONES,MATJONES-56FF1H_MATJONES,ThinkPad X1 Carbon Gen 13,Celxpert,57030.0,384,2024-12-16T09:57:41,2025-01-23T15:57:07,38.25,30.0,57110.0,56980.0,57110.0,99.91,99.77,0.23,10.0,10.0,7.96,95.49,0.5833,0.5352,0.4648,85.31,95.0,0.0,0.4426,412.0,0.0,578.0,2179.0,0.0,25,30.32,25.0,1106.5,4.3,959.0,670.76,2.276,2.174,Celxpert,10,9,23.53,1.1,3.0,2025-01-22 12:43:05,494.3,active,25.0,45.0,100.0,55.0,0.0,0.0,0,1,0.37234929141238676,0
user_e2bd08be,DWATTS-PF627DJB_dwatts,DWATTS-PF627DJB_dwatts,ThinkPad P14s Gen 7,COSMX,60000.0,4074,2026-01-30T11:50:23,2026-04-24T13:30:53,84.07,30.0,60000.0,59860.0,60000.0,99.77,99.77,0.23,16.0,15.0,5.43,65.17,0.9173,0.9225,0.0775,96.2,99.0,0.0003,0.881,1742.0,0.0,1000.0,2789.0,0.0,46,26.63,18.0,138.7,17.2,372.0,189.5,1.944,1.166,COSMX,13,12,14.274,10.7,12.7,2026-04-13 20:22:30,38.4,active,7.0,78.65,100.0,21.349999999999994,0.0004909180166912126,0.0,1,1,0.5698542190341381,0
user_c4105bd6,MMISTURIK-CXCF3_mmisturik,MMISTURIK-CXCF3_mmisturik,ThinkPad T14s Gen 6,Sunwoda2023,58000.0,757,2024-08-26T10:05:14,2024-10-16T16:05:24,51.25,30.0,58030.0,58320.0,58460.0,100.55,99.76,0.24,18.0,17.0,10.1,121.16,0.4742,0.4581,0.5419,80.32,90.0,0.0066,0.3376,0.0,0.0,0.0,0.0,,40,33.45,33.5,758.2,7.19,646.0,664.38,1.996,,Sunwoda,16,15,29.268,1.1,2.2,2024-10-15 13:13:44,593.3,active,8.0,38.60000000000001,100.0,61.39999999999999,0.001321003963011889,0.0,1,1,0.275724150650529,0
user_a60ab369,MARKUSTH1_theberlein,MARKUSTH1_theberlein,ThinkPad X1 Carbon Gen 12,BYD,57030.0,2974,2024-05-17T15:31:03,2024-12-11T17:55:45,208.1,30.0,57040.0,58040.0,58180.0,101.77,99.76,0.24,55.0,55.0,8.05,96.53,0.695,0.6437,0.3563,89.87,97.0,0.0029,0.5577,3052.0,0.0,3148.0,7446.0,0.0,152,25.86,19.0,525.0,8.84,587.0,361.23,2.005,,BYD,55,54,25.949,1.0,0.5,2024-12-10 18:55:58,537.3,active,0.0,50.0,100.0,50.0,0.0023537323470073975,0.0016812373907195697,3,1,0.3763130043901118,0
user_807466e7,CQUITIAN-5E0G78_cquitian,CQUITIAN-5E0G78_cquitian,ThinkPad T14s Gen 6,ATL,58000.0,360,2026-04-02T16:08:17,2026-04-22T16:41:46,20.02,30.0,58050.0,58490.0,58630.0,100.84,99.76,0.24,1.0,0.0,0.0,0.0,0.625,0.606,0.394,90.89,98.0,0.0127,0.5089,266.0,0.0,423.0,12425.0,0.0,25,21.64,17.0,243.7,13.06,428.0,479.97,,,ATL,6,5,24.971,0.3,1.3,2026-04-22 10:36:50,40.3,active,14.0,64.0,100.0,36.0,0.0,0.0,0,1,0.517226365382039,0
user_7e125e0c,RANDERSON4-Q4VG_randerson4,RANDERSON4-Q4VG_randerson4,ThinkPad T16 Gen 4,Celxpert,86000.0,4738,2025-05-13T14:46:19,2026-05-26T14:53:34,378.01,30.0,85990.0,85780.0,85990.0,99.74,99.76,0.24,14.0,13.0,1.05,12.56,0.9274,0.9614,0.0386,91.07,92.0,0.0,0.3657,3896.0,0.0,1223.0,9707.0,0.0,16,13.62,4.5,992.9,6.53,82.0,191.5,1.879,0.241,Celxpert,14,13,3.439,6.2,1.6,2026-05-20 09:21:01,6.4,active,36.0,81.0,100.0,19.0,0.0,0.0,0,1,0.16620307378533594,0
user_3e3cf12b,DESKTOP-56S79KM_DEV-condor,DESKTOP-56S79KM_DEV-condor,ThinkPad T14s Gen 6 Qualcomm,SMP2023,58000.0,254,2024-05-15T09:23:18,2024-05-22T19:12:25,7.41,30.0,59890.0,59740.0,59890.0,103.0,99.75,0.25,13.0,7.0,28.76,345.08,0.9724,0.9713,0.0287,58.01,88.5,0.3944,0.3899,0.0,0.0,0.0,0.0,,1,9.0,9.0,2362.2,0.23,81.0,870.49,3.578,,SMP,4,3,40.491,1.0,12.9,2024-05-21 20:12:26,740.2,active,4.0,4.0,100.0,96.0,0.37401574803149606,0.35039370078740156,1,1,0.2751299362081606,0
user_2e8d7e40,LAPTOP-11RRGHRF_2ndH28,LAPTOP-11RRGHRF_2ndH28,ThinkPad X1 Carbon Gen 12,SMP,57030.0,382,2023-12-18T00:38:22,2024-01-10T15:09:15,23.6,14.6,59670.0,59520.0,59670.0,104.37,99.75,0.25,7.0,6.0,7.74,92.84,0.4974,0.3457,0.6543,78.21,76.0,0.0,0.1883,103.0,0.0,437.0,1579.0,0.0,16,30.25,32.0,1428.0,1.51,22.0,1.72,5.028,,SMP,9,8,33.891,0.2,0.7,2024-01-10 11:23:14,873.4,active,34.0,51.05,100.0,48.95,0.0,0.0,0,1,0.22062157787635897,0
user_4b440124,BDILLON-F5CZRRY_T14,BDILLON-F5CZRRY_T14,ThinkPad T14 Gen 6,ATL,57000.0,1158,2025-02-06T14:13:34,2025-03-06T10:27:31,27.84,30.0,57000.0,56860.0,57000.0,99.75,99.75,0.25,12.0,9.0,9.84,118.06,0.8385,0.8872,0.1128,95.52,99.0,0.0,0.7937,905.0,0.0,657.0,2108.0,0.0,36,15.92,11.5,59.5,17.35,9.0,192.36,2.729,,ATL,10,9,32.324,1.8,6.3,2025-03-04 16:15:12,452.6,active,43.0,75.0,100.0,25.0,0.0,0.0,0,1,0.6561796607404992,0
user_edbf6c7f,JLEWIS9-W0A2BP7_jlewis9,JLEWIS9-W0A2BP7_jlewis9,ThinkPad L16 Gen 1,Sunwoda,57000.0,9056,2024-03-21T10:40:50,2024-07-18T11:07:04,119.02,0.07,57000.0,56860.0,57000.0,99.75,99.75,0.25,19.0,16.0,4.09,49.1,0.4738,0.7775,0.2225,84.23,88.0,0.0045,0.7165,1712.0,0.0,1114.0,3540.0,0.0,36,32.11,26.0,1399.2,5.71,106.0,171.58,1.889,0.985,Sunwoda,14,13,10.923,2.8,2.3,2024-07-15 16:11:43,683.5,active,6.0,54.0,100.0,46.0,0.00011042402826855124,0.0,1,1,0.7427315786576777,0
user_1281f43e,BDILLON-F5CZRRY_bdillon,BDILLON-F5CZRRY_bdillon,ThinkPad T14 Gen 6,ATL,57000.0,1148,2025-02-06T14:13:34,2025-03-05T21:51:58,27.32,30.0,57000.0,56860.0,57000.0,99.75,99.75,0.25,12.0,9.0,10.03,120.33,0.8432,0.8894,0.1106,95.61,99.0,0.0,0.7989,894.0,0.0,639.0,2096.0,0.0,34,15.74,11.5,60.1,17.29,740.0,677.0,2.729,,ATL,10,9,32.945,1.2,4.5,2025-03-04 16:15:12,453.1,active,43.0,76.35,100.0,23.650000000000006,0.0,0.0,0,1,0.6590034649478717,0
user_1e530638,CHIKARA7-ZBPQUS_chikara7,CHIKARA7-ZBPQUS_chikara7,ThinkPad X1 2-in-1 Gen 9,BYD,57030.0,602,2024-07-02T19:20:54,2024-08-13T09:06:41,41.57,22.93,56980.0,56840.0,56980.0,99.67,99.75,0.25,17.0,12.0,8.79,105.43,0.5914,0.4404,0.5596,88.54,94.0,0.0,0.2577,2038.0,1.0,980.0,4553.0,0.0002,61,14.11,12.0,503.3,11.99,174.0,145.08,2.048,2.249,BYD,13,12,28.865,4.8,11.5,2024-08-08 14:25:46,657.6,active,41.0,59.1,100.0,40.9,0.0,0.0,0,1,0.28104285793860095,0
user_138d34be,X9-14_jeffreyf1,X9-14_jeffreyf1,ThinkPad X9-14 Gen 1,SWD,55100.0,733,2025-01-08T12:50:25,2025-02-21T10:36:42,43.91,30.0,55130.0,56420.0,56560.0,102.4,99.75,0.25,16.0,15.0,10.4,124.78,0.6644,0.6192,0.3808,91.35,99.0,0.001,0.4993,663.0,0.0,969.0,1665.0,0.0,51,21.39,16.0,398.6,9.24,2006.0,671.43,2.063,,Sunwoda,16,15,34.163,2.8,6.3,2025-02-18 15:46:34,465.6,active,6.0,60.6,100.0,39.4,0.001364256480218281,0.0,1,1,0.5252813630633959,1
user_33271810,JEFFREYX9-14_jeffreyf1,JEFFREYX9-14_jeffreyf1,ThinkPad X9-14 Gen 1,SWD,55100.0,733,2025-01-08T12:50:25,2025-02-21T10:36:42,43.91,30.0,55130.0,56420.0,56560.0,102.4,99.75,0.25,16.0,15.0,10.4,124.78,0.6644,0.6192,0.3808,91.35,99.0,0.001,0.4993,663.0,0.0,969.0,1665.0,0.0,51,21.39,16.0,398.6,9.24,260.0,96.58,2.063,,Sunwoda,16,15,34.163,2.8,6.3,2025-02-18 15:46:34,465.6,active,6.0,60.6,100.0,39.4,0.001364256480218281,0.0,1,1,0.5252813630633959,1
user_54d9d1ea,TSCOTT2-F5CERG3_tscott2,TSCOTT2-F5CERG3_tscott2,ThinkPad X1 2-in-1 Gen 10,SMP,57030.0,403,2025-01-23T16:18:21,2025-03-12T14:11:02,47.91,30.0,59630.0,59470.0,59630.0,104.28,99.73,0.27,10.0,9.0,5.72,68.61,0.5782,0.4736,0.5264,90.37,97.0,0.0,0.3632,161.0,0.0,594.0,2219.0,0.0,30,20.97,15.0,1225.6,1.99,625.0,671.93,2.981,2.222,SMP,14,13,27.133,6.1,12.7,2025-03-06 12:10:46,446.4,active,27.0,61.2,100.0,38.8,0.0,0.0,0,1,0.39317106901642707,0
user_aff9f971,WSHX016709_Lenovo,WSHX016709_Lenovo,ThinkPad X1 2-in-1 Gen 9,SMP,57030.0,1077,2025-04-15T11:00:59,2025-06-12T21:45:01,58.45,30.0,56920.0,56760.0,56920.0,99.53,99.72,0.28,52.0,3.0,1.56,18.75,0.9257,0.9018,0.0982,96.19,97.0,0.0,0.8883,1381.0,0.0,3079.0,5736.0,0.0,8,26.75,16.5,5710.5,0.4,205.0,670.93,,2.336,SMP,7,6,10.266,1.3,2.2,2025-06-11 15:12:08,354.1,active,31.0,83.80000000000001,100.0,16.19999999999999,0.0,0.0,0,1,0.41209074118104616,0
user_0de9d125,LALLURI-F5FS8HX_lalluri,LALLURI-F5FS8HX_lalluri,ThinkPad X1 Carbon Gen 13,Sunwoda,57000.0,1077,2025-05-12T15:20:26,2025-09-02T09:08:32,112.74,30.0,57040.0,57560.0,57720.0,100.98,99.72,0.28,43.0,41.0,11.07,132.83,0.4364,0.3866,0.6134,73.09,82.0,0.0255,0.2474,695.0,0.0,2498.0,3604.0,0.0,87,38.08,35.0,1137.2,5.6,375.0,192.13,1.848,2.477,Sunwoda,40,41,36.366,4.9,4.3,2025-08-28 12:02:33,272.6,active,1.0,26.0,100.0,74.0,0.014856081708449397,0.0064995357474466105,4,1,0.2825096568460781,2
user_31acd597,COLIN_cdorner,COLIN_cdorner,ThinkPad P16 Gen 3,SMP,99900.0,1790,2025-10-13T15:02:56,2026-05-12T12:27:16,210.89,30.0,99900.0,99620.0,99900.0,99.72,99.72,0.28,27.0,26.0,3.75,45.03,0.6799,0.6241,0.3759,74.03,79.0,0.0029,0.0175,155.0,0.0,2753.0,5694.0,0.0,87,17.32,12.0,684.6,15.63,175.0,186.91,1.557,1.013,SMP,19,18,8.535,11.9,5.6,2026-04-30 14:50:28,20.5,active,17.0,45.0,80.0,35.0,0.0,0.0,0,1,0.02625776332451227,0
user_fbfa0d58,JEREMY_jeremyca,JEREMY_jeremyca,ThinkPad P16s Gen 5,COSMX,90000.0,1470,2026-01-22T11:14:26,2026-05-12T10:14:51,109.96,30.0,90010.0,89760.0,90010.0,99.73,99.72,0.28,17.0,17.0,4.71,56.47,0.7667,0.7282,0.2718,93.08,98.0,0.0059,0.6821,1943.0,0.0,1527.0,3250.0,0.0,55,24.27,18.0,710.9,6.53,175.0,131.82,1.736,1.128,COSMX,17,16,14.551,4.9,4.5,2026-05-07 12:00:37,20.6,active,10.0,62.0,100.0,38.0,0.0,0.0,0,1,0.4446977651385969,1
user_fd55bfa4,PEGGY_2,PEGGY_2,ThinkPad Z13 Gen 2,BYD,51510.0,772,2023-11-07T17:42:11,2024-02-21T10:07:00,105.68,30.0,48290.0,48150.0,48290.0,93.48,99.71,0.29,14.0,9.0,2.59,31.1,0.8277,0.803,0.197,93.87,100.0,0.0012,0.7483,2063.0,1.0,675.0,3467.0,0.0003,23,26.0,17.0,579.7,18.0,25.0,670.19,3.221,1.018,BYD,11,10,9.462,29.7,28.1,2024-01-22 17:17:02,831.6,active,3.0,65.0,100.0,35.0,0.0012953367875647669,0.0012953367875647669,1,1,0.7279862401515363,0
user_3b3d0923,PF3MC003_TP-Telemetry,PF3MC003_TP-Telemetry,ThinkPad X1 Yoga Gen 7,Celxpert,57000.0,381,2024-07-26T16:11:25,2024-10-10T13:36:19,75.89,30.0,57140.0,56970.0,57140.0,99.95,99.7,0.3,5.0,2.0,0.8,9.63,0.9134,0.922,0.078,90.02,96.0,0.0,0.6432,318.0,3.0,245.0,6238.0,0.0005,5,19.4,12.0,4513.1,16.49,58.0,91.3,,1.433,Celxpert,3,2,2.635,73.2,96.4,2024-07-29 09:26:22,599.4,stale,39.0,65.0,100.0,35.0,0.0,0.0,0,1,0.2643106235622219,0
user_e0f93a68,TYLER_tparrish2,TYLER_tparrish2,ThinkPad T14s Gen 6,Celxpert,58000.0,1208,2026-01-02T13:24:00,2026-05-01T12:10:30,118.95,30.0,58750.0,58570.0,58750.0,100.98,99.69,0.31,7.0,5.0,1.28,15.35,0.8998,0.8972,0.1028,95.78,99.0,0.0051,0.8737,2780.0,0.0,432.0,9027.0,0.0,17,17.41,10.0,1720.2,7.31,570.0,192.38,6.128,0.964,Celxpert,6,5,4.203,8.9,7.5,2026-04-22 14:07:21,31.5,active,0.0,82.0,100.0,18.0,0.004966887417218543,0.0041390728476821195,1,1,0.5138161384183416,1
user_97a2a0be,DESKTOP-VBGKQ59_rtwall,DESKTOP-VBGKQ59_rtwall,ThinkPad T14s Gen 6,SMP2023,58000.0,841,2024-10-14T16:13:54,2024-11-25T15:51:28,41.98,30.0,60880.0,60690.0,60880.0,104.64,99.69,0.31,10.0,7.0,5.08,60.9,0.786,0.7657,0.2343,94.86,99.0,0.0,0.722,0.0,0.0,0.0,0.0,,24,23.5,18.0,437.6,3.26,787.0,669.56,4.458,2.724,SMP,13,12,28.582,4.8,11.4,2024-11-20 20:39:15,553.3,active,22.0,73.0,100.0,27.0,0.0,0.0,0,1,0.6452399870844726,0
user_88c27ceb,MFINK-PF667W8F_mfink,MFINK-PF667W8F_mfink,ThinkPad X1 2-in-1 Gen 11,Sunwoda,58000.0,1005,2026-04-22T11:26:37,2026-06-01T10:47:56,39.97,30.0,58020.0,57840.0,58020.0,99.72,99.69,0.31,18.0,15.0,11.42,137.06,0.7184,0.7293,0.2707,91.52,97.0,0.0,0.6367,889.0,0.0,1047.0,1876.0,0.0,56,21.23,18.5,216.4,14.91,359.0,168.07,2.068,,Sunwoda,16,15,37.525,4.1,10.2,2026-05-28 09:17:46,0.6,active,24.0,60.2,100.0,39.8,0.0,0.0,0,1,0.36362979158779785,0
user_4f01d036,NORITY-PF3C8AE9_nority,NORITY-PF3C8AE9_nority,ThinkPad X1 Carbon Gen 9,SMP,57050.0,3823,2023-02-07T12:54:42,2025-10-14T12:17:06,979.97,30.0,49320.0,49160.0,49320.0,86.17,99.68,0.32,128.0,57.0,1.77,21.24,0.8941,0.9058,0.0942,94.35,99.0,0.0155,0.8537,3957.0,0.0,6456.0,33122.0,0.0,50,41.98,39.0,1916.0,14.61,128.0,192.18,0.901,0.14,SMP,2,1,0.102,845.8,86.3,2023-06-21 17:20:04,230.5,very_stale,0.0,59.0,100.0,41.0,0.005754642950562386,0.004446769552707298,8,1,0.6454148937254542,3
user_68ad8ed3,DHARDING-55C9NC_dharding,DHARDING-55C9NC_dharding,ThinkPad T14s Gen 6,Celxpert,58000.0,1720,2025-03-04T16:54:45,2025-06-11T11:10:14,98.76,30.0,60240.0,60040.0,60240.0,103.52,99.67,0.33,20.0,6.0,1.85,22.19,0.8488,0.7467,0.2533,96.64,98.0,0.0,0.7155,4167.0,0.0,1214.0,7278.0,0.0,14,18.21,9.0,891.1,6.2,198.0,670.65,5.533,1.52,Celxpert,7,6,6.075,8.0,8.1,2025-06-03 10:27:21,355.5,active,32.0,88.0,100.0,12.0,0.0,0.0,0,1,0.5248486675928687,0
user_96c2b47f,KGUO1-PF5GR16K_kguo1,KGUO1-PF5GR16K_kguo1,ThinkPad T14s Gen 6,Sunwoda,58000.0,2380,2025-06-10T12:48:45,2026-01-13T12:23:24,216.98,30.0,58030.0,57830.0,58030.0,99.71,99.66,0.34,18.0,17.0,2.38,28.62,0.9693,0.9783,0.0217,77.33,78.0,0.0,0.0061,524.0,0.0,1036.0,6451.0,0.0,17,15.41,13.0,86.4,19.77,413.0,191.92,2.027,0.583,Sunwoda,18,17,7.835,0.9,0.4,2026-01-12 15:23:25,139.5,active,25.0,75.0,80.0,5.0,0.0,0.0,0,1,0.0027930413953605633,0
user_ce4dee17,ADAMS_ALLOY,ADAMS_ALLOY,ThinkPad X9-14 Gen 1,SWD,55100.0,1419,2025-01-08T15:44:58,2025-10-10T14:15:36,274.94,30.0,55130.0,54940.0,55130.0,99.71,99.66,0.34,21.0,20.0,2.21,26.57,0.7766,0.7849,0.2151,91.85,98.0,0.0026,0.665,2104.0,0.0,1243.0,7079.0,0.0,66,17.24,11.0,1428.8,14.88,43.0,2504.6,2.154,0.484,Sunwoda,17,16,5.819,12.9,4.7,2025-09-27 16:48:43,234.4,active,1.0,57.900000000000006,100.0,42.099999999999994,0.004228329809725159,0.0007047216349541931,2,1,0.5187624575712844,0
user_c1084b67,THAMES_SIT,THAMES_SIT,ThinkPad X1 Carbon Gen 12,Celxpert,57030.0,2347,2023-08-31T10:48:40,2024-01-25T08:23:22,146.9,30.0,58360.0,58410.0,58620.0,102.42,99.64,0.36,16.0,15.0,3.11,37.3,0.8598,0.7886,0.2114,94.57,99.0,0.0007,0.7353,2184.0,4.0,963.0,3930.0,0.001,56,19.82,18.0,1502.8,9.73,65.0,470.17,5.971,1.721,Celxpert,17,16,10.892,40.7,27.7,2023-12-15 16:00:25,858.7,active,12.0,68.0,100.0,32.0,0.0,0.0,0,1,0.581488617390836,0
user_db2672cc,KURADA-3_kurada,KURADA-3_kurada,ThinkPad X12 Detachable Gen 2,SMP,42220.0,946,2024-01-18T09:15:18,2024-03-08T19:14:05,50.42,30.0,43550.0,43390.0,43550.0,102.77,99.63,0.37,7.0,3.0,1.81,21.73,0.9112,0.9486,0.0514,97.05,99.0,0.0,0.9317,596.0,0.0,244.0,2032.0,0.0,5,18.8,5.0,161.1,12.0,131.0,195.42,,,SMP,6,5,9.918,28.2,56.0,2024-02-09 13:47:45,815.2,active,22.0,94.0,100.0,6.0,0.0,0.0,0,1,0.5263174258681234,0
user_668fed63,LAPTOP-J9M9N0H9_X9-14,LAPTOP-J9M9N0H9_X9-14,ThinkPad X9-14 Gen 1,BYD,55100.0,1093,2025-01-13T15:47:37,2025-06-05T20:53:47,143.21,30.0,55130.0,54920.0,55130.0,99.67,99.62,0.38,20.0,20.0,4.25,51.01,0.7566,0.6848,0.3152,90.26,99.0,0.0079,0.5991,1872.0,0.0,1094.0,4058.0,0.0,48,30.96,22.0,1146.2,3.41,369.0,673.62,2.116,1.36,BYD,19,18,12.569,0.9,0.7,2025-06-04 22:28:12,361.1,active,2.0,45.0,100.0,55.0,0.008234217749313814,0.0036596523330283625,2,1,0.5146623148924734,2
user_c70ce5c2,MPCD-TNA_HWPA,MPCD-TNA_HWPA,ThinkPad T14s Gen 6,Sunwoda2023,58000.0,1190,2025-01-23T15:14:26,2025-06-25T07:14:53,152.67,30.0,58030.0,57810.0,58030.0,99.67,99.62,0.38,21.0,20.0,3.99,47.85,0.6126,0.5598,0.4402,76.25,79.0,0.0334,0.2218,0.0,0.0,0.0,0.0,,62,23.52,19.0,1485.4,5.2,10.0,689.44,1.995,0.992,Sunwoda,20,19,12.445,0.0,0.0,2025-06-25 07:14:53,341.7,active,1.0,29.0,100.0,71.0,0.018487394957983194,0.010084033613445379,7,1,0.20739689236062653,0
user_38db4b75,THAMES2EEPSVT_apham,THAMES2EEPSVT_apham,ThinkPad X1 Carbon Gen 13,SMP,57030.0,1518,2024-10-07T14:28:58,2024-12-12T22:03:45,66.32,30.0,59660.0,59430.0,59660.0,104.21,99.61,0.39,10.0,9.0,4.13,49.57,0.8775,0.8722,0.1278,96.48,98.0,0.0,0.8424,123.0,0.0,585.0,2120.0,0.0,31,15.39,14.0,337.3,13.42,1202.0,670.69,4.819,2.22,SMP,17,16,24.127,3.1,4.6,2024-12-09 20:43:22,536.1,active,29.0,86.0,100.0,14.0,0.0,0.0,0,1,0.4023269872354152,0
user_11fa3b0b,CRAMPELBERG-VRJ_crampelberg,CRAMPELBERG-VRJ_crampelberg,ThinkPad T14 Gen 6,ATL,57000.0,1085,2025-04-22T10:05:32,2025-07-28T15:16:51,97.22,30.0,57000.0,57330.0,57560.0,100.58,99.6,0.4,17.0,15.0,4.7,56.36,0.7622,0.6476,0.3524,90.72,98.0,0.0,0.5461,1464.0,0.0,981.0,3160.0,0.0,56,25.36,14.5,812.7,5.02,650.0,671.5,2.664,1.532,ATL,17,16,16.458,11.1,11.5,2025-07-17 12:01:06,308.4,active,20.0,45.2,100.0,54.8,0.0,0.0,0,1,0.4442365297813764,0
user_9c607164,CRAMPELBERG-VRJ_T14,CRAMPELBERG-VRJ_T14,ThinkPad T14 Gen 6,ATL,57000.0,1086,2025-04-22T10:05:32,2025-07-29T09:47:52,97.99,30.0,57000.0,57330.0,57560.0,100.58,99.6,0.4,17.0,15.0,4.66,55.91,0.7624,0.6485,0.3515,90.66,98.0,0.0,0.5446,1464.0,0.0,981.0,3160.0,0.0,56,25.36,14.5,812.7,5.02,206.0,192.15,2.664,1.52,ATL,17,16,16.329,11.9,12.2,2025-07-17 12:01:06,307.6,active,20.0,45.0,100.0,55.0,0.0,0.0,0,1,0.4430282580806989,0
user_12396233,DESKTOP-EP8TDGT_nmadhani,DESKTOP-EP8TDGT_nmadhani,ThinkPad T14s Gen 6,SMP2023,58000.0,452,2024-07-31T07:54:25,2024-09-16T09:07:24,47.05,30.02,59820.0,59580.0,59820.0,102.72,99.6,0.4,19.0,14.0,9.06,108.68,0.1814,0.1092,0.8908,61.68,62.0,0.0029,0.0184,0.0,0.0,0.0,0.0,,30,41.27,42.5,1992.6,1.92,950.0,671.58,3.343,3.255,SMP,6,5,10.627,3.1,6.6,2024-09-13 06:05:09,623.6,active,14.0,27.0,97.0,70.0,0.0,0.0,0,1,0.0232207859319548,0
user_94e75721,X1YADL_KMK,X1YADL_KMK,ThinkPad X1 Yoga Gen 7,Celxpert,57000.0,15383,2023-03-02T23:21:46,2024-06-10T15:04:43,465.65,30.0,55790.0,55560.0,55790.0,97.47,99.59,0.41,71.0,54.0,3.53,42.36,0.8819,0.9113,0.0887,97.08,98.0,0.0,0.87,754.0,1.0,3870.0,20240.0,0.0,169,15.64,13.0,71.6,21.44,364.0,167.93,1.006,0.369,Celxpert,3,2,0.43,403.0,86.5,2023-05-04 16:09:49,721.4,very_stale,27.0,92.0,100.0,8.0,0.0,0.0,0,1,0.4577596970782044,0
user_b6eb7145,PJJAKES-F63ATFB_pjjakes,PJJAKES-F63ATFB_pjjakes,ThinkPad X1 Carbon Gen 14,ATL,58000.0,342,2026-01-14T10:23:40,2026-02-04T13:43:40,21.14,30.0,58030.0,58340.0,58580.0,100.59,99.59,0.41,17.0,15.0,21.6,259.18,0.4327,0.4785,0.5215,77.4,84.0,0.0249,0.2893,274.0,0.0,965.0,1526.0,0.0,34,35.18,31.5,364.6,16.27,371.0,167.84,6.828,,ATL,9,8,37.845,0.2,1.1,2026-02-04 08:18:23,117.4,active,7.0,31.1,100.0,68.9,0.005847953216374269,0.0,2,1,0.2795066146224004,1
user_a4265c47,BDILLON-F62WZTG_bdillon,BDILLON-F62WZTG_bdillon,ThinkPad T16 Gen 5,Celxpert,60000.0,3821,2026-01-22T10:10:58,2026-04-28T09:40:16,95.98,30.0,60000.0,59750.0,60000.0,99.58,99.58,0.42,25.0,25.0,7.93,95.14,0.8647,0.8857,0.1143,96.1,99.0,0.0,0.7902,2176.0,0.0,1486.0,3006.0,0.0,110,15.99,11.0,98.0,17.68,226.0,193.47,1.894,1.696,Celxpert,23,22,22.922,0.5,0.6,2026-04-27 20:28:19,34.6,active,37.0,79.0,100.0,21.0,0.0,0.0,0,1,0.5998492275377482,0
user_c0017e7d,DESKTOP-8L6GNCN_Winson_Chiu,DESKTOP-8L6GNCN_Winson_Chiu,ThinkPad T14s Gen 6,SMP2023,58000.0,1535,2025-01-09T21:02:44,2025-09-15T08:47:11,248.49,30.0,56750.0,56510.0,56750.0,97.43,99.58,0.42,68.0,14.0,1.72,20.58,0.7687,0.7913,0.2087,91.05,98.0,0.0091,0.727,0.0,0.0,0.0,0.0,,38,26.42,19.5,386.5,5.45,204.0,1402014.46,3.253,2.271,SMP,22,21,8.451,3.6,1.5,2025-09-11 18:01:31,259.6,active,2.0,50.7,100.0,49.3,0.005211726384364821,0.0026058631921824105,1,1,0.39590763549524144,1
user_5bdc1482,ANIETO1-F5GNTSH_anieto1,ANIETO1-F5GNTSH_anieto1,ThinkPad T14 Gen 6,Celxpert,57000.0,1033,2025-05-06T14:13:15,2026-03-17T07:57:38,314.74,30.0,57000.0,56750.0,57000.0,99.56,99.56,0.44,17.0,17.0,1.64,19.73,0.6931,0.6572,0.3428,91.34,99.0,0.0,0.5483,2183.0,0.0,976.0,4696.0,0.0,59,22.66,17.0,414.4,8.08,6.0,4195.07,2.741,0.522,Celxpert,17,16,5.084,181.8,57.8,2025-09-16 11:33:44,76.7,very_stale,2.0,58.6,100.0,41.4,0.000968054211035818,0.000968054211035818,1,1,0.5204343408630789,0
user_d5342651,SHIGE_TH1,SHIGE_TH1,ThinkPad X1 Carbon Gen 12,SMP,57030.0,891,2023-12-19T14:23:34,2024-02-09T11:05:17,51.86,23.9,59670.0,59390.0,59670.0,104.14,99.53,0.47,27.0,26.0,15.26,183.11,0.5253,0.3858,0.6142,74.23,79.0,0.026,0.1529,273.0,0.0,1635.0,2275.0,0.0,83,21.98,18.0,385.7,15.52,1062.0,651.66,1.805,3.358,SMP,19,18,34.707,1.8,3.5,2024-02-07 15:27:43,843.5,active,2.0,28.0,100.0,72.0,0.006734006734006734,0.001122334455667789,2,1,0.1736409767022786,0
user_d5c2107a,EWALLACE-5AM7XJ_ewallace,EWALLACE-5AM7XJ_ewallace,ThinkPad T14 Gen 6,Sunwoda,57000.0,994,2026-02-05T17:19:13,2026-05-29T09:28:33,112.67,30.0,60930.0,60750.0,61040.0,106.58,99.52,0.48,23.0,20.0,5.4,64.83,0.7082,0.6544,0.3456,90.76,99.0,0.0007,0.5721,1134.0,0.0,1471.0,4040.0,0.0,48,27.17,26.5,1028.3,2.43,101.0,172.44,2.501,1.652,Sunwoda,20,21,18.638,2.9,2.6,2026-05-26 10:51:22,3.6,active,2.0,55.30000000000001,100.0,44.69999999999999,0.0030181086519114686,0.0030181086519114686,1,1,0.5363424552580399,0
user_9ca94b9e,THAMES2BESVT_apham,THAMES2BESVT_apham,ThinkPad X1 Carbon Gen 13,SMP,57030.0,968,2025-01-29T10:34:04,2025-04-15T09:05:54,75.94,30.0,59710.0,59410.0,59710.0,104.17,99.5,0.5,10.0,10.0,4.01,48.1,0.7211,0.7867,0.2133,95.49,98.0,0.0,0.7269,171.0,0.0,625.0,2781.0,0.0,30,15.27,8.0,247.3,8.07,1240.0,662.18,5.024,2.417,SMP,22,21,27.654,7.9,10.5,2025-04-07 10:21:48,412.6,active,28.0,82.0,100.0,18.0,0.0,0.0,0,1,0.5205828955002775,0
user_271e1f6a,DESKTOP-5TU0QIM_igluzman,DESKTOP-5TU0QIM_igluzman,ThinkPad T14s Gen 6,SMP2023,58000.0,2123,2024-08-05T16:57:39,2025-01-13T09:18:06,160.68,30.0,59810.0,59510.0,59810.0,102.6,99.5,0.5,7.0,5.0,0.95,11.37,0.926,0.9438,0.0562,97.26,98.0,0.0,0.8809,0.0,0.0,0.0,0.0,,15,19.67,13.0,607.9,4.79,517.0,671.32,,1.456,SMP,15,14,8.713,26.0,16.2,2024-12-18 10:19:42,504.6,active,28.0,94.0,100.0,6.0,0.0,0.0,0,1,0.4156821203897799,0
user_44d40a1f,L14G5I_Richard,L14G5I_Richard,ThinkPad L14 Gen 5,Sunwoda,46500.0,1107,2024-03-18T14:12:26,2024-06-27T12:35:35,100.93,30.0,47640.0,47400.0,47640.0,101.94,99.5,0.5,23.0,21.0,6.33,75.99,0.6513,0.6699,0.3301,88.92,100.0,0.0,0.5898,1036.0,0.0,1123.0,3046.0,0.0,54,32.54,34.0,979.5,14.34,79.0,354.05,2.399,2.077,Sunwoda,22,21,20.806,3.6,3.6,2024-06-23 21:55:26,704.5,active,20.0,46.300000000000004,100.0,53.699999999999996,0.0,0.0,0,1,0.6121600161817177,0
user_56cd65fc,DILLON_dpaquin,DILLON_dpaquin,ThinkPad T14 Gen 6,Sunwoda,57000.0,1276,2025-05-06T14:32:21,2025-08-13T07:37:53,98.71,30.0,57000.0,56690.0,57000.0,99.46,99.46,0.54,22.0,21.0,6.48,77.7,0.453,0.3986,0.6014,81.01,80.0,0.0005,0.1959,479.0,0.0,1352.0,2844.0,0.0,88,22.03,18.0,538.3,6.23,33.0,47.6,2.719,2.206,Sunwoda,21,20,20.261,2.0,2.0,2025-08-11 08:11:37,292.7,active,18.0,48.0,100.0,52.0,0.0,0.0,0,1,0.2035589198807648,0
user_6ba74687,JNUNEZ5-F4ML5N5_jnunez5,JNUNEZ5-F4ML5N5_jnunez5,ThinkPad X1 Carbon Gen 12,SMP,57030.0,1235,2023-12-05T07:44:37,2024-03-08T13:19:55,94.23,30.0,59550.0,62040.0,62380.0,108.78,99.45,0.55,29.0,27.0,8.72,104.65,0.5296,0.4212,0.5788,76.37,92.0,0.0526,0.2812,459.0,0.0,1812.0,2592.0,0.0,67,30.55,18.0,918.4,10.91,57.0,347.87,3.893,3.331,SMP,29,28,29.714,15.0,16.0,2024-02-22 12:33:23,815.4,active,1.0,18.0,100.0,82.0,0.026720647773279354,0.021052631578947368,7,1,0.23700363327927823,3
user_e94974f1,TM1SIT1XPF4LA6X_EEP,TM1SIT1XPF4LA6X_EEP,ThinkPad X1 Carbon Gen 12,SMP,57030.0,9150,2023-10-31T17:49:13,2025-08-04T12:26:35,642.78,30.0,60030.0,59700.0,60030.0,104.68,99.45,0.55,59.0,57.0,2.7,32.39,0.8143,0.7773,0.2227,74.16,74.0,0.003,0.0756,468.0,23.0,3425.0,16782.0,0.0014,207,15.94,12.0,1044.7,2.38,106.0,256.04,0.964,0.312,SMP,14,13,2.022,286.8,44.6,2024-10-21 16:54:07,301.5,very_stale,1.0,48.0,99.0,51.0,0.005027322404371585,0.001092896174863388,13,1,0.06016099915972846,1
user_05c41c94,LAPTOP-080TD3DG_HWPA,LAPTOP-080TD3DG_HWPA,ThinkPad P1 Gen 6,Sunwoda,90010.0,326,2024-01-12T18:17:31,2024-07-03T13:51:00,172.81,16.18,92130.0,91530.0,92130.0,101.69,99.35,0.65,6.0,5.0,0.88,10.57,0.4233,0.3684,0.6316,76.18,95.0,0.0828,0.2658,860.0,0.0,569.0,7689.0,0.0,11,28.27,5.0,15188.4,2.42,92.0,651.5,13.025,1.62,Sunwoda,8,7,4.051,20.9,12.1,2024-06-12 16:53:57,698.4,active,3.0,18.0,100.0,82.0,0.018404907975460124,0.006134969325153374,1,1,0.27189365984947017,1
user_567926af,SSUGIMOTO2-6_ssugimoto2,SSUGIMOTO2-6_ssugimoto2,ThinkPad P1 Gen 7,Sunwoda,90000.0,2998,2024-02-22T13:21:24,2025-06-09T09:15:30,472.83,30.0,91710.0,91100.0,91710.0,101.22,99.33,0.67,42.0,39.0,2.51,30.13,0.6338,0.5949,0.4051,84.4,87.0,0.0006,0.1172,991.0,0.0,3862.0,12122.0,0.0,190,15.97,13.0,1015.4,8.55,349.0,671.81,1.705,0.526,Sunwoda,40,39,8.248,10.6,2.2,2025-05-29 18:28:57,357.6,active,15.0,57.0,100.0,43.0,0.0,0.0,0,1,0.056338065017006174,0
user_5984dfc6,JCOYNE_jcoyne,JCOYNE_jcoyne,ThinkPad T14 Gen 5,Celxpert,52500.0,482,2024-04-18T10:27:33,2024-10-25T08:16:37,189.91,30.0,52510.0,52150.0,52510.0,99.33,99.31,0.69,14.0,11.0,1.76,21.16,0.8257,0.6662,0.3338,88.14,98.0,0.0122,0.5727,652.0,0.0,744.0,4488.0,0.0,14,30.36,13.0,3779.2,1.12,30.0,333.49,6.233,1.391,Celxpert,12,11,5.792,0.0,0.0,2024-10-25 08:06:43,584.7,active,0.0,31.05,100.0,68.95,0.02074688796680498,0.02074688796680498,5,1,0.4672621327351315,0
user_6735a3ce,LAPTOP-OTD6NS5M_lnvni,LAPTOP-OTD6NS5M_lnvni,ThinkPad X1 Carbon Gen 12,SMP,57030.0,1079,2023-12-08T00:39:55,2024-05-16T13:06:50,160.52,26.77,59640.0,59210.0,59640.0,103.82,99.28,0.72,16.0,14.0,2.65,31.86,0.6172,0.581,0.419,86.74,95.0,0.0,0.4674,71.0,0.0,921.0,4532.0,0.0,50,19.8,14.5,1520.2,2.84,87.0,170.3,5.15,1.677,SMP,24,23,14.329,9.0,5.6,2024-05-07 12:48:42,746.5,active,22.0,42.0,100.0,58.0,0.0,0.0,0,1,0.38500654550236,0
user_55188c08,JMESTLER-5FS8KD_jmestler,JMESTLER-5FS8KD_jmestler,ThinkPad X1 Carbon Gen 13,Sunwoda,57000.0,6739,2025-05-12T15:11:39,2026-05-23T12:29:42,375.89,30.0,57040.0,56620.0,57040.0,99.33,99.26,0.74,24.0,22.0,1.78,21.38,0.9495,0.9528,0.0472,96.78,98.0,0.0,0.9349,8543.0,0.0,1358.0,9831.0,0.0,62,16.85,13.0,266.9,15.63,185.0,192.36,3.506,0.741,Sunwoda,22,21,5.587,3.0,0.8,2026-05-20 11:49:08,9.5,active,39.0,95.0,100.0,5.0,0.0,0.0,0,1,0.32510512637585615,0
user_4e165193,EMOURA3-W0A2BQE_emoura3,EMOURA3-W0A2BQE_emoura3,ThinkPad L14 Gen 5,Sunwoda,46500.0,2187,2024-03-26T16:16:35,2024-07-02T16:25:02,98.01,30.0,47760.0,47380.0,47760.0,101.89,99.2,0.8,38.0,34.0,10.56,126.71,0.7343,0.6831,0.3169,89.98,100.0,0.0209,0.6105,1043.0,0.0,1801.0,3191.0,0.0,64,45.75,42.5,807.0,6.86,70.0,183.92,2.34,2.987,Sunwoda,35,34,34.692,4.9,5.0,2024-06-27 18:57:43,699.3,active,1.0,38.30000000000001,100.0,61.69999999999999,0.011431184270690443,0.00594421582075903,12,1,0.6886462574972375,9
user_07f841b3,LAPTOP-T4UU1BOP_Nikle,LAPTOP-T4UU1BOP_Nikle,ThinkPad X13 Gen 6,Sunwoda,54700.0,3026,2025-11-16T17:57:35,2026-04-23T14:02:34,157.84,30.0,54760.0,56920.0,57380.0,104.06,99.2,0.8,95.0,93.0,17.94,215.21,0.4577,0.3484,0.6516,78.72,87.0,0.0146,0.2074,1213.0,0.0,5257.0,7696.0,0.0,300,27.64,21.0,350.1,11.7,1002.0,670.45,1.955,3.813,Sunwoda,92,113,71.593,0.1,0.0,2026-04-23 12:20:42,39.4,active,2.0,30.0,100.0,70.0,0.0056179775280898875,0.0039656311962987445,6,1,0.24556874361023442,2
user_26034c97,SHIGE_MS2ARL,SHIGE_MS2ARL,ThinkPad X1 2-in-1 Gen 10,SMP,57030.0,1132,2025-05-13T10:48:07,2025-08-26T16:27:18,105.24,30.0,59670.0,59180.0,59670.0,103.77,99.18,0.82,29.0,28.0,8.1,97.18,0.6254,0.5939,0.4061,89.17,95.0,0.0,0.4278,357.0,0.0,1700.0,5363.0,0.0,95,18.26,15.0,372.0,9.68,279.0,1402748.89,2.933,2.935,SMP,34,33,31.358,0.2,0.2,2025-08-26 11:53:15,279.3,active,31.0,61.0,100.0,39.0,0.0,0.0,0,1,0.38495684985334633,0
user_0ca15c0b,FSUN3-PC133Y8H_fsun3,FSUN3-PC133Y8H_fsun3,ThinkPad T480s,,57020.0,408,2023-02-07T19:00:19,2024-03-05T15:54:52,391.87,30.0,50540.0,50620.0,51040.0,88.78,99.18,0.82,120.0,9.0,0.7,8.39,0.6618,0.6466,0.3534,88.22,99.0,0.0,0.5372,3592.0,5.0,5662.0,43142.0,0.0001,18,35.39,29.5,5446.1,1.35,,,,3.132,,15,16,4.083,1.0,0.3,2024-03-04 15:59:51,818.3,active,17.0,48.35,100.0,51.65,0.0,0.0,0,1,0.5057895953060323,0
user_d9fce6ca,WANGLYB-5FGJED_wanglyb,WANGLYB-5FGJED_wanglyb,ThinkPad X1 Carbon Gen 13,SMP,57030.0,2201,2025-03-14T10:47:19,2025-07-22T10:50:42,130.0,30.0,59710.0,59710.0,60210.0,104.7,99.17,0.83,40.0,39.0,9.13,109.57,0.7151,0.7145,0.2855,89.74,98.0,0.0087,0.6023,846.0,0.0,2436.0,3184.0,0.0,102,23.19,17.0,455.8,13.27,1095.0,671.09,2.864,2.955,SMP,55,55,42.307,1.4,1.1,2025-07-21 00:28:39,314.5,active,2.0,46.0,100.0,54.0,0.007723761926397092,0.0013630168105406633,3,1,0.48484651824180347,2
user_c0568b2c,MOTO-X1C_motty,MOTO-X1C_motty,ThinkPad,COSMX,58000.0,2132,2025-12-26T16:19:44,2026-04-22T17:27:29,117.05,30.0,58030.0,58680.0,59170.0,101.17,99.17,0.83,46.0,44.0,11.44,137.3,0.6135,0.5685,0.4315,88.3,96.0,0.0083,0.4164,1306.0,0.0,2688.0,3342.0,0.0,130,21.93,16.0,430.2,5.77,2319.0,668.45,2.02,3.075,COSMX,46,49,41.864,0.0,0.0,2026-04-22 17:06:00,40.3,active,0.0,49.0,100.0,51.0,0.0009380863039399625,0.0009380863039399625,1,1,0.36059280825181883,0
user_651ff7ef,MORISAN-F291M86_morisan,MORISAN-F291M86_morisan,ThinkPad T14 Gen 1,SMP,50450.0,10121,2023-02-10T09:08:38,2026-05-08T17:14:18,1183.34,30.0,48230.0,48220.0,48660.0,95.58,99.1,0.9,58.0,16.0,0.41,4.94,0.9934,0.9954,0.0046,97.49,98.0,0.0,0.9915,2946.0,0.0,2499.0,49688.0,0.0,12,27.75,22.5,275.6,24.8,190.0,497.57,,2.132,SMP,54,146,12.338,3.7,0.3,2026-05-04 23:29:14,24.3,active,25.0,95.0,100.0,5.0,0.0,0.0,0,1,0.3790313595591935,0
user_d6ea3523,EB16034-F4QX17S_eb16034,EB16034-F4QX17S_eb16034,ThinkPad X1 Carbon Gen 12,SMP,57030.0,1600,2024-05-29T13:10:17,2024-09-26T19:34:39,120.27,30.0,61830.0,61260.0,61830.0,107.42,99.08,0.92,45.0,43.0,10.88,130.59,0.3281,0.221,0.779,80.57,83.0,0.0,0.1162,595.0,0.0,2622.0,4726.0,0.0,119,31.48,34.0,1177.6,2.47,93.0,196.53,2.248,2.849,SMP,42,41,34.091,7.1,5.9,2024-09-19 16:45:29,613.2,active,31.0,54.0,100.0,46.0,0.0,0.0,0,1,0.18882462144139242,0
user_de347004,CARBON9TH_Dexter,CARBON9TH_Dexter,ThinkPad X1 Carbon Gen 9,SMP,57050.0,10159,2023-02-04T11:14:49,2024-06-07T09:10:29,488.91,30.0,49600.0,49140.0,49600.0,86.13,99.07,0.93,433.0,227.0,14.13,169.58,0.8436,0.8137,0.1863,90.12,98.0,0.0064,0.6982,7024.0,9.0,18217.0,25090.0,0.0004,331,38.99,36.0,335.1,35.36,238.0,355.83,0.429,0.727,SMP,5,4,0.818,332.7,68.1,2023-07-10 16:06:29,724.6,very_stale,1.0,42.0,100.0,58.0,0.002165567477113889,0.0011812186238803033,11,1,0.44597975736452333,7
user_388c25ca,JNUNEZ5-F57YZZH_jnunez5,JNUNEZ5-F57YZZH_jnunez5,ThinkPad X9-14 Gen 1,BYD,55100.0,281,2024-10-08T15:26:02,2024-10-24T10:40:35,15.8,7.79,55130.0,55130.0,55680.0,100.05,99.01,0.99,6.0,5.0,9.63,115.57,0.5409,0.5074,0.4926,87.12,96.0,0.0088,0.3244,70.0,0.0,342.0,753.0,0.0,11,25.73,21.0,895.3,3.29,875.0,3704.66,,,BYD,3,3,18.985,10.1,64.0,2024-10-14 08:04:26,585.6,active,6.0,50.0,100.0,50.0,0.014234875444839857,0.0,1,1,0.29619042961586434,0
user_b8262fe2,LAPTOP-8HCCR0QE_PE,LAPTOP-8HCCR0QE_PE,ThinkPad X1 2-in-1 Gen 9,BYD,57030.0,44009,2024-05-17T14:13:10,2024-10-29T18:17:50,165.17,1.03,57040.0,57840.0,58420.0,101.42,99.01,0.99,35.0,34.0,6.27,75.19,0.4031,0.5336,0.4664,99.0,100.0,0.0197,0.515,2313.0,0.0,2069.0,6408.0,0.0,17,23.53,12.0,671.6,7.21,15.0,1.28,3.009,2.451,BYD,37,56,33.904,103.1,62.4,2024-07-18 16:15:34,580.2,stale,0.0,97.0,100.0,3.0,0.0014315253698107206,0.0005680656229407621,5,1,0.8278052386947807,1
user_a6cef743,E14_test,E14_test,ThinkPad E14 Gen 6,BYD,47000.0,510,2024-05-14T10:12:05,2026-03-24T09:36:40,678.98,2.0,47000.0,46520.0,47000.0,98.98,98.98,1.02,6.0,4.0,0.18,2.15,0.8902,0.8264,0.1736,95.46,100.0,0.0135,0.7231,183.0,0.0,226.0,12058.0,0.0,3,4.67,4.0,378.9,1.75,12.0,832.5,,2.543,BYD,2,1,0.147,87.9,12.9,2025-12-26 12:45:50,69.6,stale,0.0,72.0,100.0,28.0,0.011764705882352941,0.011764705882352941,3,1,0.7076787281675001,0
user_d318b7b4,ALLOY_FINALSVT,ALLOY_FINALSVT,ThinkPad X9-14 Gen 1,BYD,55100.0,2693,2025-04-14T23:54:41,2025-07-25T08:31:28,101.36,30.0,55080.0,54520.0,55080.0,98.95,98.98,1.02,36.0,27.0,8.11,97.3,0.8199,0.7824,0.2176,94.11,100.0,0.0032,0.647,1667.0,0.0,1987.0,5055.0,0.0,101,19.69,15.0,494.6,12.83,377.0,669.74,3.766,3.753,BYD,31,30,29.598,0.4,0.4,2025-07-24 21:59:07,311.6,active,2.0,72.0,100.0,28.0,0.0025993316004456,0.0014853323431117712,1,1,0.5481646492449437,1
user_e1845922,DESKTOP-KQ90P7N_jkleissler,DESKTOP-KQ90P7N_jkleissler,ThinkPad T14s Gen 6 Qualcomm,SMP2023,58000.0,937,2024-05-24T10:41:54,2024-08-27T12:48:07,95.09,30.0,59140.0,59330.0,59940.0,102.29,98.98,1.02,23.0,13.0,4.16,49.94,0.7332,0.6915,0.3085,92.25,98.0,0.0025,0.6086,0.0,0.0,0.0,0.0,,41,16.29,7.0,779.6,4.67,498.0,669.82,,,SMP,22,21,22.085,1.1,1.2,2024-08-26 09:18:03,643.5,active,1.0,54.800000000000004,100.0,45.199999999999996,0.0021344717182497333,0.0021344717182497333,2,1,0.4792479494438732,0
user_80f803e3,KMORIGUCHI-SY92_kmoriguchi,KMORIGUCHI-SY92_kmoriguchi,ThinkPad X1 Carbon Gen 10,SMP,57050.0,8454,2023-04-20T12:02:06,2026-05-27T13:52:29,1133.08,30.0,58990.0,58380.0,58990.0,102.33,98.97,1.03,107.0,106.0,2.85,34.17,0.7981,0.8419,0.1581,95.6,98.0,0.0,0.7589,631.0,0.0,5823.0,26767.0,0.0,382,14.76,13.0,83.8,19.07,21.0,439.02,14.772,0.949,SMP,2,1,0.088,397.8,35.1,2025-04-24 17:41:37,5.4,very_stale,37.0,79.0,100.0,21.0,0.0,0.0,0,1,0.4819939072339692,0
user_f9bca9f8,LAPTOP-LVNFDHDN_EAA,LAPTOP-LVNFDHDN_EAA,ThinkPad X1 Carbon Gen 13,BYD,57030.0,8059,2025-04-09T00:02:55,2025-09-04T01:38:29,148.07,1.05,55330.0,58230.0,58850.0,102.1,98.95,1.05,27.0,10.0,2.06,24.67,0.5887,0.4601,0.5399,95.64,98.0,0.0764,0.4175,1572.0,1.0,1488.0,10006.0,0.0001,14,37.86,15.5,3548.3,0.51,1220.0,718.0,,,BYD,12,11,7.429,0.1,0.1,2025-09-03 23:41:10,270.9,active,0.0,88.0,100.0,12.0,0.006700583198908053,0.0013649336145923811,5,1,0.42322993778100737,4
user_a495d966,PCHEN23-F4KXHBP_pchen23,PCHEN23-F4KXHBP_pchen23,ThinkPad Z13 Gen 2,BYD,51510.0,644,2023-09-20T08:08:02,2024-01-17T11:02:38,119.12,30.0,51510.0,50970.0,51510.0,98.95,98.95,1.05,3.0,1.0,0.26,3.07,0.868,0.954,0.046,97.78,99.0,0.0,0.9468,2640.0,0.0,116.0,3720.0,0.0,2,11.0,11.0,22.0,36.86,318.0,359.56,,4.925,BYD,3,2,1.679,32.9,27.6,2023-12-15 13:51:55,866.5,active,46.0,95.0,100.0,5.0,0.0,0.0,0,1,0.4841484970174715,0
user_7fae8c19,KGU-PF5DEB5C_kgu,KGU-PF5DEB5C_kgu,ThinkPad P16s Gen 3,SMP,75000.0,1619,2025-10-26T13:20:38,2026-01-30T11:52:24,95.94,30.0,75000.0,74210.0,75000.0,98.95,98.95,1.05,26.0,26.0,8.25,98.99,0.7622,0.7567,0.2433,78.36,79.0,0.002,0.1455,478.0,0.0,1923.0,3658.0,0.0,52,26.04,19.0,208.4,27.55,487.0,667.35,6.196,6.444,SMP,18,19,19.804,2.7,2.8,2026-01-27 18:42:22,122.5,active,19.0,50.0,99.0,49.0,0.0,0.0,0,1,0.10379139459087273,0
user_e89772f4,TPARRISH2-00047_tparrish2,TPARRISH2-00047_tparrish2,ThinkPad P1 Gen 9,COSMX,90000.0,506,2026-02-17T16:53:31,2026-05-13T15:22:06,84.94,30.0,90850.0,91730.0,92710.0,101.92,98.94,1.06,15.0,12.0,4.3,51.6,0.6462,0.5492,0.4508,85.45,96.0,0.0247,0.4565,545.0,0.0,1362.0,2367.0,0.0,29,27.1,14.0,1605.3,5.54,224.0,166.74,,,COSMX,15,14,16.483,0.0,0.0,2026-05-13 14:22:06,19.4,active,9.0,36.0,100.0,64.0,0.001976284584980237,0.0,1,1,0.37765874922900533,0
user_c67d8fc6,SYAMAKI-9000027_s,SYAMAKI-9000027_s,ThinkPad T14s Gen 6,Sunwoda2023,58000.0,700,2024-09-10T20:20:30,2024-10-18T13:06:23,37.7,30.0,58040.0,57420.0,58040.0,99.0,98.93,1.07,5.0,3.0,2.42,29.07,0.7757,0.7196,0.2804,97.08,98.0,0.0,0.6765,0.0,0.0,0.0,0.0,,24,6.5,5.0,351.1,3.11,1206.0,661.45,,,Sunwoda,5,4,10.61,0.1,0.3,2024-10-18 10:06:23,591.5,active,76.0,90.95,100.0,9.049999999999997,0.0,0.0,0,1,0.3736873229968958,0
user_cef9d369,LIXINB-PF5G1XJE_lixinb,LIXINB-PF5G1XJE_lixinb,ThinkPad X1 Carbon Gen 13,BYD,57030.0,2969,2025-07-28T14:51:05,2026-02-09T10:44:21,195.83,30.0,57040.0,56440.0,57050.0,98.97,98.93,1.07,76.0,76.0,11.81,141.75,0.5143,0.5009,0.4991,86.47,95.0,0.0053,0.3667,2190.0,0.0,4288.0,7612.0,0.0,251,22.5,17.0,470.2,6.58,1364.0,670.25,1.465,2.078,BYD,73,78,39.831,2.8,1.4,2026-02-06 15:22:17,112.6,active,6.0,47.0,100.0,53.0,0.0020208824520040417,0.0,2,1,0.3173278324513689,0
user_cd3089ec,PQM_tianx,PQM_tianx,ThinkPad T14s Gen 7,ATL,58000.0,387,2026-01-21T13:55:28,2026-03-20T16:53:31,58.12,30.0,58030.0,59110.0,59750.0,101.91,98.93,1.07,13.0,11.0,5.76,69.12,0.5426,0.481,0.519,74.59,90.0,0.0557,0.3373,350.0,0.0,722.0,2044.0,0.0,24,33.92,23.5,1804.4,7.08,412.0,676.53,,,ATL,16,15,25.807,2.2,3.8,2026-03-18 11:25:04,73.3,active,2.0,18.0,100.0,82.0,0.012919896640826873,0.00516795865633075,1,1,0.3630362260959451,1
user_712388a1,TBERDAR-F62QQCF_tberdar,TBERDAR-F62QQCF_tberdar,ThinkPad T14 Gen 7,Celxpert,75000.0,1622,2026-01-14T13:09:14,2026-05-20T15:55:39,126.12,30.0,75010.0,76420.0,77260.0,101.89,98.91,1.09,44.0,43.0,10.38,124.53,0.3477,0.2811,0.7189,72.78,80.5,0.0431,0.1684,446.0,0.0,3285.0,3791.0,0.0,93,39.05,34.0,1375.8,2.95,976.0,214.07,21.745,,Celxpert,48,47,37.267,1.2,1.0,2026-05-19 10:37:45,12.3,active,2.0,23.0,100.0,77.0,0.007398273736128237,0.0018495684340320592,5,1,0.16557399612714277,3
user_e58b8712,STEVENLONG-EKAH_stevenlong,STEVENLONG-EKAH_stevenlong,ThinkPad X1 Carbon Gen 13,Celxpert,57030.0,906,2024-12-16T06:56:12,2025-04-10T09:27:22,115.1,30.0,57350.0,58150.0,58790.0,101.96,98.91,1.09,30.0,27.0,7.14,85.68,0.5795,0.6108,0.3892,84.23,94.0,0.0002,0.4567,2063.0,0.0,1723.0,3893.0,0.0,68,29.1,26.0,320.1,11.13,1408.0,670.76,,,Celxpert,31,32,27.801,0.0,0.0,2025-04-10 08:51:22,417.6,active,16.0,43.0,100.0,57.0,0.0,0.0,0,1,0.4481957438371405,0
user_6c899359,OHSAWAAURA_e3158,OHSAWAAURA_e3158,ThinkPad X1 Carbon Gen 13,Celxpert,57030.0,2677,2025-10-22T10:08:03,2026-05-28T13:01:18,218.12,30.0,57460.0,56820.0,57460.0,99.63,98.89,1.11,56.0,55.0,7.68,92.1,0.4976,0.4109,0.5891,88.81,95.0,0.0,0.2872,1828.0,0.0,3255.0,13930.0,0.0,249,16.52,13.0,743.6,5.99,393.0,191.46,2.025,2.865,Celxpert,56,55,25.215,1.6,0.7,2026-05-26 22:05:34,4.5,active,25.0,57.0,100.0,43.0,0.0,0.0,0,1,0.31557403315428584,0
user_6c99cd50,LAPTOP-869LCUOI_panjun1,LAPTOP-869LCUOI_panjun1,ThinkPad X1 Nano Gen 3,SMP,49570.0,432,2023-03-22T10:44:30,2023-05-12T07:00:22,50.84,24.35,49570.0,49020.0,49570.0,98.89,98.89,1.11,22.0,19.0,11.38,136.49,0.3611,0.2036,0.7964,54.51,54.0,0.1291,0.0364,104.0,1.0,1020.0,2324.0,0.0004,47,31.77,29.0,1308.3,9.86,55.0,394.82,8.535,10.68,SMP,28,37,72.771,0.6,1.3,2023-05-11 15:43:40,1116.7,active,0.0,11.55,100.0,88.45,0.046296296296296294,0.02546296296296296,5,1,0.10277152351048031,0
user_b0e7dd4f,JJOHNSON16-QW2P_jjohnson16,JJOHNSON16-QW2P_jjohnson16,ThinkPad T14s Gen 4,Sunwoda,57000.0,7523,2023-06-27T19:24:07,2024-05-15T07:30:44,322.5,30.0,56990.0,59660.0,60330.0,104.67,98.89,1.11,29.0,26.0,2.45,29.45,0.9176,0.8746,0.1254,96.33,99.0,0.0026,0.8273,4050.0,0.0,1657.0,10454.0,0.0,73,20.9,11.0,1026.4,2.85,90.0,188.91,,,Sunwoda,31,30,9.302,0.8,0.2,2024-05-14 13:02:02,747.7,active,1.0,86.0,100.0,14.0,0.0018609597235145553,0.0015951083344410474,5,1,0.5745778530251001,4
user_c9fbe9f0,GM201_an1,GM201_an1,ThinkPad X1 2-in-1 Gen 11,SMP,58000.0,1483,2026-03-30T13:01:02,2026-04-22T17:57:57,23.21,2.78,56860.0,56230.0,56860.0,96.95,98.89,1.11,41.0,3.0,3.94,47.22,0.9373,0.7761,0.2239,95.58,98.0,0.0014,0.7424,2584.0,0.0,2327.0,3869.0,0.0,7,37.57,46.0,825.8,2.28,1719.0,539.09,,,SMP,5,4,17.237,5.1,22.1,2026-04-17 14:48:11,40.3,active,18.0,82.0,100.0,18.0,0.0,0.0,0,1,0.21066077746046627,0
user_63519f3d,DRUBRIGHT-N1GRS_drubright,DRUBRIGHT-N1GRS_drubright,ThinkPad X1 Carbon Gen 12,Celxpert,57030.0,356,2023-12-15T13:06:55,2024-01-04T12:53:00,19.99,30.0,61110.0,60430.0,61110.0,105.96,98.89,1.11,7.0,5.0,7.61,91.36,0.7837,0.6783,0.3217,91.62,98.0,0.0122,0.6132,583.0,0.0,437.0,1139.0,0.0,11,37.09,28.0,567.7,6.49,35.0,111.02,22.255,,Celxpert,7,6,30.015,11.2,56.0,2023-12-24 08:24:03,879.5,active,18.0,53.0,100.0,47.0,0.0,0.0,0,1,0.3960062483940567,0
user_e0fe620c,LAPTOP-FEFDP1D9_test,LAPTOP-FEFDP1D9_test,ThinkPad X1 Carbon Gen 14,Sunwoda,58000.0,1988,2026-01-06T00:36:21,2026-06-01T08:32:36,146.33,29.57,58030.0,57450.0,58100.0,99.05,98.88,1.12,46.0,44.0,9.15,109.83,0.6061,0.6067,0.3933,90.71,97.0,0.0011,0.465,1401.0,0.0,2725.0,4191.0,0.0,150,19.43,15.5,254.0,13.96,365.0,229.92,18.646,,Sunwoda,46,45,30.752,2.6,1.8,2026-05-29 17:36:51,0.6,active,6.0,61.35000000000001,100.0,38.64999999999999,0.001006036217303823,0.0,1,1,0.4432252864090664,1
user_e4dfcc86,LAPTOP-IJG7MG54_test,LAPTOP-IJG7MG54_test,ThinkPad X1 Carbon Gen 12,Celxpert,57030.0,4423,2023-10-31T04:12:43,2023-11-20T09:36:44,20.23,1.45,57350.0,56710.0,57350.0,99.44,98.88,1.12,10.0,2.0,3.01,36.12,0.9914,0.9263,0.0737,97.07,97.0,0.0077,0.9076,1254.0,0.0,606.0,2317.0,0.0,4,29.75,12.0,1727.7,17.6,147.0,299.11,,,Celxpert,4,3,14.833,2.8,13.6,2023-11-17 15:25:19,924.6,active,1.0,95.0,100.0,5.0,0.0004521817770743839,0.0004521817770743839,1,1,0.3054476476822719,1
user_69a82031,CCHOW3-PF4YBY4D_cchow3,CCHOW3-PF4YBY4D_cchow3,ThinkPad P14s Gen 5,SMP,75000.0,1260,2024-06-10T11:38:47,2024-08-29T09:17:51,79.9,30.0,72750.0,74370.0,75210.0,99.16,98.88,1.12,15.0,14.0,5.33,64.0,0.8175,0.7792,0.2208,89.69,98.0,0.0408,0.597,1814.0,0.0,1117.0,3012.0,0.0,35,14.03,8.0,310.2,5.05,720.0,667.62,,,SMP,19,18,22.528,7.9,9.9,2024-08-21 10:50:36,641.6,active,1.0,31.0,100.0,69.0,0.018253968253968255,0.007142857142857143,7,1,0.4176005568577496,0
user_e3aaa09c,DLI13-PW0HKDEK_dli13,DLI13-PW0HKDEK_dli13,ThinkPad L16 Gen 2,Sunwoda,57000.0,1793,2025-05-27T14:18:19,2025-11-04T13:43:02,160.98,30.0,57600.0,56950.0,57600.0,99.91,98.87,1.13,10.0,7.0,1.32,15.88,0.9236,0.9408,0.0592,96.51,99.0,0.0,0.9183,3391.0,0.0,587.0,4572.0,0.0,17,30.53,27.0,612.4,13.91,354.0,191.63,16.121,2.658,Sunwoda,9,8,4.97,19.2,11.9,2025-10-16 08:23:25,209.4,active,24.0,90.60000000000001,100.0,9.399999999999991,0.0,0.0,0,1,0.5225801274425003,0
user_a7c0629e,HARDBAR-F4VMMMN_hardbar,HARDBAR-F4VMMMN_hardbar,ThinkPad T14 Gen 5,Sunwoda,52500.0,1291,2024-01-11T10:30:19,2024-10-29T22:37:13,292.5,30.0,52510.0,52680.0,53280.0,100.34,98.87,1.13,35.0,34.0,3.54,42.46,0.6235,0.4949,0.5051,83.62,95.0,0.0128,0.3914,1420.0,0.0,1933.0,7832.0,0.0,80,34.62,30.0,2906.6,3.64,4.0,0.24,,3.227,Sunwoda,34,37,12.649,110.5,37.8,2024-07-11 10:34:53,580.1,stale,2.0,31.0,100.0,69.0,0.009295120061967466,0.004647560030983733,4,1,0.36108709133048017,4
user_52387f8a,AMCCLARNON-1Z35_amcclarnon,AMCCLARNON-1Z35_amcclarnon,ThinkPad L13 2-in-1 Gen 5,Sunwoda,46000.0,1399,2024-03-14T12:02:59,2024-06-06T14:38:18,84.11,30.0,46190.0,46090.0,46620.0,100.2,98.86,1.14,12.0,10.0,3.62,43.43,0.8585,0.9252,0.0748,94.81,99.0,0.001,0.8904,637.0,0.0,519.0,2538.0,0.0,16,36.88,26.0,213.2,20.6,26.0,190.15,14.211,5.391,Sunwoda,16,18,21.401,57.3,68.1,2024-04-10 08:13:54,725.4,active,6.0,56.0,100.0,44.0,0.0007147962830593281,0.0,1,1,0.7326816060265089,0
user_4dcb3a6a,AIII1-PW0J2TQF_aiii1,AIII1-PW0J2TQF_aiii1,ThinkPad L13 2-in-1 Gen 6,SMP,54750.0,2572,2025-08-20T11:34:54,2026-01-28T11:18:45,160.99,30.0,54760.0,54130.0,54760.0,98.87,98.85,1.15,49.0,47.0,8.89,106.63,0.7045,0.6467,0.3533,68.45,76.0,0.0099,0.0015,156.0,0.0,2637.0,5907.0,0.0,110,34.74,37.5,588.8,11.8,107.0,287.21,2.876,3.11,SMP,41,40,24.846,0.1,0.0,2026-01-28 09:48:45,124.5,active,3.0,30.55000000000001,79.0,48.44999999999999,0.0015552099533437014,0.0007776049766718507,2,1,0.0028378587954655254,0
user_d0d12ef0,LAPTOP-K5TN4699_ThinkPad,LAPTOP-K5TN4699_ThinkPad,ThinkPad X1 Carbon Gen 11,Celxpert,57000.0,1157,2024-05-20T15:08:33,2024-09-28T14:59:41,130.99,30.0,57000.0,56900.0,57580.0,99.82,98.82,1.18,12.0,12.0,2.79,33.46,0.828,0.8328,0.1672,92.2,97.0,0.0,0.7882,658.0,0.0,694.0,3492.0,0.0,23,31.13,34.0,1436.0,11.07,684.0,671.03,9.841,3.349,Celxpert,14,13,9.924,7.7,5.9,2024-09-20 21:35:02,611.4,active,24.0,54.0,100.0,46.0,0.0,0.0,0,1,0.38499779783789045,0
user_0a2c4c1d,LOEBACHJ-4SMBAL_loebachj,LOEBACHJ-4SMBAL_loebachj,ThinkPad X13 2-in-1 Gen 5,BYD,54700.0,13774,2024-04-05T14:29:01,2025-03-14T14:36:08,343.0,30.0,53050.0,52420.0,53050.0,95.83,98.81,1.19,44.0,41.0,3.64,43.66,0.9301,0.9145,0.0855,95.69,97.0,0.0013,0.8021,7853.0,10.0,2357.0,10102.0,0.001,149,14.26,12.0,157.2,11.78,407.0,360.94,2.896,1.267,BYD,42,41,11.953,6.9,2.0,2025-03-07 16:32:18,444.4,active,7.0,80.0,100.0,20.0,0.0006534049658777406,0.0,1,1,0.3462979040009217,1
user_2f217718,AMANDELBLOO-9TD_amandelbloom,AMANDELBLOO-9TD_amandelbloom,ThinkPad T14 Gen 7,COSMX,75000.0,1171,2026-01-14T13:19:27,2026-05-12T08:08:15,117.78,30.0,75010.0,74820.0,75730.0,99.76,98.8,1.2,19.0,17.0,4.39,52.72,0.6627,0.629,0.371,83.4,97.0,0.0313,0.5331,1427.0,2.0,1455.0,3472.0,0.0006,48,30.56,15.5,1168.2,7.49,238.0,306.09,9.243,4.645,COSMX,18,17,14.433,1.0,0.9,2026-05-11 07:30:18,20.7,active,1.0,26.0,100.0,74.0,0.011955593509820665,0.008539709649871904,4,1,0.3952786987084086,3
user_eb527c2a,KIWAO-PF4KXHHL_kiwao,KIWAO-PF4KXHHL_kiwao,ThinkPad Z13 Gen 2,BYD,51510.0,2177,2023-09-14T16:12:50,2024-02-01T19:07:33,140.12,30.0,51510.0,50890.0,51510.0,98.8,98.8,1.2,10.0,8.0,1.74,20.85,0.8521,0.8423,0.1577,97.44,99.0,0.0,0.82,2940.0,0.0,500.0,4078.0,0.0,47,10.09,6.0,170.7,4.92,922.0,676.96,15.046,3.481,BYD,10,9,6.423,3.4,2.5,2024-01-29 08:40:12,851.2,active,32.0,91.80000000000001,100.0,8.199999999999989,0.0,0.0,0,1,0.561211200771078,0
user_549e83b7,SHIGE_TH1SVT,SHIGE_TH1SVT,ThinkPad X1 Carbon Gen 12,Celxpert,57030.0,3307,2024-02-08T13:04:39,2024-12-23T11:05:26,318.92,29.42,57610.0,59600.0,60330.0,104.51,98.79,1.21,108.0,106.0,10.12,121.4,0.4905,0.3653,0.6347,77.06,84.0,0.0194,0.1882,1381.0,3.0,6233.0,8245.0,0.0004,313,25.25,20.0,779.0,12.18,114.0,584.25,3.903,2.796,Celxpert,97,111,34.805,13.9,4.4,2024-12-09 13:22:51,525.5,active,0.0,32.0,100.0,68.0,0.006350166313879649,0.004535833081342607,8,1,0.21503730266731994,3
user_2ef3ef38,LOEBACHJ-4SMBAL_X13_2-1,LOEBACHJ-4SMBAL_X13_2-1,ThinkPad X13 2-in-1 Gen 5,BYD,54700.0,13981,2024-04-05T14:29:01,2025-03-21T10:31:24,349.83,30.0,53050.0,52400.0,53050.0,95.8,98.77,1.23,45.0,42.0,3.65,43.85,0.9296,0.9133,0.0867,95.71,97.0,0.0013,0.8025,7951.0,10.0,2380.0,10267.0,0.001,152,14.24,12.0,171.5,11.71,659.0,669.97,2.917,1.282,BYD,43,42,12.006,3.9,1.1,2025-03-17 11:47:48,437.6,active,7.0,80.0,100.0,20.0,0.0006437307774837279,0.0,1,1,0.34664258014635224,1
user_1b82b29c,CFERLAND-0DYS2P_cferland,CFERLAND-0DYS2P_cferland,ThinkPad T14s Gen 6,SMP2023,58000.0,3057,2024-11-05T11:15:53,2025-05-21T08:00:32,196.86,30.0,59850.0,59100.0,59850.0,101.9,98.75,1.25,46.0,44.0,6.8,81.63,0.6163,0.5724,0.4276,93.35,96.0,0.0,0.4345,0.0,0.0,0.0,0.0,,188,11.63,8.0,389.5,4.9,1018.0,668.48,2.848,2.397,SMP,62,61,30.986,1.0,0.5,2025-05-20 07:21:06,376.7,active,43.0,77.0,99.0,22.0,0.0,0.0,0,1,0.28642440130471397,0
user_297ca5c7,LAPTOP-Q5JPEGGD_Nate,LAPTOP-Q5JPEGGD_Nate,ThinkPad X1 Carbon Gen 14,ATL,58000.0,2291,2026-01-28T14:35:33,2026-04-09T14:20:39,70.99,30.0,58030.0,57290.0,58030.0,98.78,98.72,1.28,24.0,22.0,9.43,113.19,0.8817,0.8792,0.1208,92.2,98.0,0.0056,0.7702,1169.0,0.0,1369.0,3063.0,0.0,52,24.23,19.0,162.9,19.69,297.0,185.04,6.376,8.02,ATL,22,21,29.582,1.0,1.4,2026-04-08 15:14:19,53.4,active,0.0,59.0,100.0,41.0,0.001745962461807071,0.001745962461807071,2,1,0.3175855681882907,0
user_99726d81,LAPTOP-APU7HF6F_Administrator,LAPTOP-APU7HF6F_Administrator,ThinkPad X1 Carbon Gen 12,Celxpert,57030.0,196,2024-11-20T12:50:00,2025-03-18T10:01:25,117.88,30.0,47780.0,47160.0,47780.0,82.69,98.7,1.3,149.0,3.0,0.77,9.3,0.9082,0.8585,0.1415,92.41,100.0,0.0584,0.7892,1630.0,1.0,8316.0,11986.0,0.0001,1,34.0,34.0,155582.4,0.01,17.0,96.86,,4.021,Celxpert,3,2,1.697,3.5,3.0,2025-03-14 21:32:34,440.6,active,1.0,37.75,100.0,62.25,0.03571428571428571,0.03571428571428571,2,1,0.7506858912307535,0
user_b4477f95,DESKTOP-K1B42LP_SVT-GM5-who2-No-B,DESKTOP-K1B42LP_SVT-GM5-who2-No-B,ThinkPad T14s Gen 6,SMP2023,58000.0,2114,2024-07-17T04:55:29,2025-09-12T18:11:57,422.55,30.0,61620.0,62970.0,63800.0,108.57,98.7,1.3,69.0,65.0,4.68,56.19,0.3978,0.308,0.692,72.28,77.5,0.0331,0.1868,0.0,0.0,0.0,0.0,,102,48.99,53.5,4346.9,1.46,231.0,671.85,,,SMP,33,38,8.993,1.8,0.4,2025-09-10 23:35:19,262.2,active,1.0,26.0,100.0,74.0,0.01750236518448439,0.008514664143803218,14,1,0.22076926035831657,5
user_b8029134,AMCCLARNON-TSEM_amcclarnon,AMCCLARNON-TSEM_amcclarnon,ThinkPad T14s 2-in-1 Gen 1,Celxpert,58000.0,2607,2025-05-28T13:45:24,2025-11-19T13:37:22,174.99,30.0,58750.0,57980.0,58750.0,99.97,98.69,1.31,6.0,5.0,0.87,10.44,0.9689,0.9758,0.0242,97.24,98.0,0.0,0.9684,3971.0,0.0,350.0,5093.0,0.0,13,22.23,19.0,83.0,16.26,32.0,191.18,26.213,2.749,Celxpert,7,6,3.429,5.9,3.4,2025-11-13 16:53:14,194.4,active,47.0,95.0,100.0,5.0,0.0,0.0,0,1,0.3832878025233746,0
user_e368c9d2,P1G7_SKU5,P1G7_SKU5,ThinkPad P1 Gen 7,Sunwoda,90000.0,13076,2024-05-14T13:01:11,2025-11-14T11:10:49,548.92,30.0,90010.0,88800.0,90010.0,98.67,98.66,1.34,87.0,85.0,4.71,56.56,0.8183,0.8061,0.1939,86.43,89.0,0.0013,0.012,212.0,0.0,7748.0,13510.0,0.0,397,12.47,9.0,158.0,13.67,5.0,1239.25,1.723,0.998,Sunwoda,77,76,13.845,56.8,10.3,2025-09-18 16:49:32,199.5,active,12.0,74.0,90.0,16.0,0.0,0.0,0,1,0.010402089630120669,0
user_8be4a73e,COC-X9-BE1_kojik,COC-X9-BE1_kojik,ThinkPad X9-14 Gen 1,BYD,55100.0,522,2025-03-25T13:40:27,2025-05-16T13:39:39,52.0,30.0,55130.0,55410.0,56180.0,100.56,98.63,1.37,17.0,17.0,9.95,119.41,0.5517,0.4505,0.5495,80.18,89.0,0.0078,0.2808,322.0,0.0,964.0,1895.0,0.0,37,27.03,19.0,864.1,13.46,662.0,671.74,15.229,,BYD,17,16,30.77,1.0,1.8,2025-05-15 14:45:00,381.4,active,7.0,41.0,100.0,59.0,0.0019157088122605363,0.0,1,1,0.20758822398315974,0
user_ce5881fb,SIWAI-PF5P5JF7_siwai,SIWAI-PF5P5JF7_siwai,ThinkPad X1 2-in-1 Gen 10,BYD,57030.0,2445,2025-12-18T10:49:06,2026-06-01T15:09:59,165.18,30.0,57040.0,56660.0,57450.0,99.35,98.62,1.38,33.0,33.0,6.08,72.97,0.6573,0.5905,0.4095,92.82,98.0,0.0003,0.5028,1862.0,0.0,1891.0,4017.0,0.0,153,15.9,12.0,725.4,5.88,278.0,227.62,7.639,5.333,BYD,34,33,19.978,0.3,0.2,2026-06-01 08:58:36,0.4,active,16.0,68.0,100.0,32.0,0.0,0.0,0,1,0.47038530587750815,0
user_94207e21,DESKTOP-LBSEJ4D_perf-test,DESKTOP-LBSEJ4D_perf-test,ThinkPad X1 Yoga Gen 8,Celxpert,57000.0,311,2023-09-05T18:43:16,2024-01-16T08:11:46,132.56,30.62,55490.0,55450.0,56230.0,97.28,98.61,1.39,22.0,7.0,1.61,19.29,0.3891,0.203,0.797,68.74,76.0,0.021,0.1294,919.0,0.0,1278.0,9972.0,0.0,18,32.39,24.5,7115.5,0.26,92.0,115.09,,,Celxpert,10,11,8.298,0.0,0.0,2024-01-16 07:27:54,867.7,active,3.0,19.0,100.0,81.0,0.003215434083601286,0.003215434083601286,1,1,0.0904796897089768,0
user_0b553a48,MBHAVSAR-GM0WY2_mbhavsar,MBHAVSAR-GM0WY2_mbhavsar,ThinkPad T14s Gen 5,Celxpert,58000.0,839,2025-04-01T10:33:28,2025-08-14T13:50:21,135.14,30.0,58030.0,58150.0,58990.0,100.26,98.58,1.42,23.0,23.0,5.18,62.16,0.3945,0.2621,0.7379,73.9,82.0,0.0483,0.1625,718.0,0.0,1356.0,4111.0,0.0,47,38.34,34.0,3343.7,2.69,29.0,576.92,8.9,4.449,Celxpert,22,24,17.76,24.0,17.7,2025-07-21 14:52:25,291.4,active,4.0,20.0,100.0,80.0,0.0166865315852205,0.0011918951132300357,7,1,0.21403468883583743,5
user_cb13deff,RBULLARD-4S7F11_rbullard,RBULLARD-4S7F11_rbullard,ThinkPad T14 Gen 5,Celxpert,39300.0,2703,2024-01-30T12:08:18,2024-09-17T15:19:23,231.13,30.0,39380.0,38810.0,39380.0,98.75,98.55,1.45,17.0,16.0,2.11,25.28,0.879,0.8316,0.1684,97.48,100.0,0.0007,0.7847,4728.0,0.0,663.0,5950.0,0.0,99,7.12,5.0,124.1,6.28,192.0,191.14,9.65,2.541,Celxpert,17,16,6.922,0.3,0.1,2024-09-17 07:28:16,622.4,active,2.0,92.0,100.0,8.0,0.0029596744358120607,0.0022197558268590455,2,1,0.6669637213031344,0
user_de917e3f,TBERDAR-F4G0ASQ_tberdar,TBERDAR-F4G0ASQ_tberdar,ThinkPad T14 Gen 4,LGES,52500.0,2400,2023-08-03T12:33:41,2024-02-01T15:28:12,182.12,30.0,54610.0,53810.0,54610.0,102.5,98.54,1.46,76.0,74.0,12.37,148.41,0.6229,0.6479,0.3521,81.77,98.0,0.0217,0.5339,2492.0,6.0,3784.0,5465.0,0.0011,117,49.24,53.0,618.0,18.09,109.0,191.2,2.363,3.45,LG,2,1,0.549,155.1,85.2,2023-08-30 12:58:18,851.4,stale,4.0,24.0,100.0,76.0,0.004166666666666667,0.0004166666666666667,5,1,0.5288822829240993,4
user_f1b85796,MHALE1-PF55QFC9_mhale1,MHALE1-PF55QFC9_mhale1,ThinkPad T16 Gen 4,SMP,87380.0,14503,2025-04-21T10:47:15,2026-06-01T10:35:43,405.99,0.03,89410.0,88100.0,89410.0,100.82,98.53,1.47,29.0,29.0,2.17,26.09,0.6473,0.9161,0.0839,87.26,92.0,0.0,0.8712,308.0,0.0,2409.0,10201.0,0.0,112,12.77,10.0,179.8,12.78,252.0,168.1,5.052,1.319,SMP,72,71,17.488,0.1,0.0,2026-06-01 09:05:43,0.6,active,47.0,64.0,100.0,36.0,0.0,0.0,0,1,0.45982384432258394,0
user_13b77e03,EAAGM1_pasw-,EAAGM1_pasw-,ThinkPad X1 Carbon Gen 13,SMP,57030.0,3404,2025-04-14T18:23:29,2025-09-05T17:27:16,143.96,30.0,58110.0,58920.0,59800.0,103.31,98.53,1.47,23.0,5.0,1.06,12.69,0.9627,0.947,0.053,97.78,99.0,0.004,0.9287,1105.0,0.0,1370.0,8794.0,0.0,11,32.09,26.0,2764.7,1.28,595.0,671.02,,4.931,SMP,14,13,9.03,1.0,0.7,2025-09-04 18:24:40,269.3,active,5.0,97.0,100.0,3.0,0.0005875440658049354,0.0,1,1,0.7296670617155651,1
user_80674062,JNUNEZ5-W0KPY33_T1g,JNUNEZ5-W0KPY33_T1g,ThinkPad T1g Gen 8,Sunwoda,90000.0,1220,2025-08-27T11:46:31,2026-03-03T17:01:44,188.22,30.0,90010.0,88650.0,90010.0,98.5,98.49,1.51,12.0,10.0,1.62,19.41,0.8459,0.8626,0.1374,90.57,99.0,0.0174,0.784,1711.0,0.0,1123.0,4809.0,0.0,23,23.0,15.0,3582.5,1.73,6.0,191.47,15.109,3.304,Sunwoda,17,24,12.751,2.2,1.2,2026-03-01 12:18:37,90.3,active,0.0,43.95,100.0,56.05,0.010655737704918032,0.007377049180327869,3,1,0.5626491157639706,0
user_5d4ef86a,X9-TK_E28508,X9-TK_E28508,ThinkPad X9-14 Gen 1,BYD,55100.0,850,2024-11-06T08:38:25,2025-09-26T11:17:12,324.11,30.0,55120.0,54280.0,55120.0,98.51,98.48,1.52,23.0,19.0,1.78,21.41,0.6871,0.6043,0.3957,91.43,97.0,0.0082,0.4548,1077.0,0.0,1255.0,6156.0,0.0,65,16.08,10.0,1630.6,10.14,59.0,1869.09,8.021,1.723,BYD,23,22,6.788,21.9,6.7,2025-09-04 14:39:31,248.5,active,0.0,63.0,100.0,37.0,0.0058823529411764705,0.004705882352941176,2,1,0.4501164082221421,0
user_0ded0dfd,SSUGIMOTO2-7_ssugimoto2,SSUGIMOTO2-7_ssugimoto2,ThinkPad P1 Gen 7,Sunwoda,90000.0,6660,2024-05-21T10:12:14,2026-05-13T13:14:12,722.13,30.0,90010.0,88620.0,90010.0,98.47,98.46,1.54,35.0,32.0,1.35,16.19,0.8763,0.897,0.103,96.45,99.0,0.0012,0.8382,10479.0,0.0,3158.0,17803.0,0.0,136,16.77,14.5,518.1,16.0,58.0,671.53,5.148,0.804,Sunwoda,33,32,4.431,29.8,4.1,2026-04-13 19:11:00,19.4,active,11.0,80.0,100.0,20.0,0.0,0.0,0,1,0.5459859894788718,0
user_cfa8e09f,OHSAWACONDOR4_ohsaw,OHSAWACONDOR4_ohsaw,ThinkPad T14s Gen 6,SMP2023,58000.0,2993,2024-07-03T20:04:50,2024-12-20T17:04:59,169.88,30.0,59920.0,58990.0,59920.0,101.71,98.45,1.55,54.0,53.0,9.5,113.96,0.5159,0.4145,0.5855,91.48,96.0,0.001,0.3147,0.0,0.0,0.0,0.0,,247,14.96,11.0,566.9,3.37,420.0,191.26,2.928,3.396,SMP,78,79,46.505,0.1,0.1,2024-12-20 14:47:54,528.3,active,0.0,68.0,100.0,32.0,0.0006682258603407952,0.0006682258603407952,1,1,0.25204745663770106,0
user_e28ffba0,RUMBLE_zawacki,RUMBLE_zawacki,ThinkPad X12 Detachable Gen 2,Celxpert,42000.0,399,2024-04-11T11:01:31,2024-06-20T07:54:23,69.87,30.0,42000.0,41350.0,42000.0,98.45,98.45,1.55,11.0,10.0,4.36,52.28,0.3083,0.2518,0.7482,71.75,76.0,0.018,0.1403,249.0,0.0,409.0,2482.0,0.0,20,44.2,45.0,3706.7,1.36,33.0,300.53,,15.286,Celxpert,5,4,5.725,30.9,44.2,2024-05-20 11:26:48,711.7,active,15.0,28.900000000000002,100.0,71.1,0.0,0.0,0,1,0.0956219522464384,0
user_7f5b7be3,X1-LNL-BE-SIT_mripp,X1-LNL-BE-SIT_mripp,ThinkPad X1 Carbon Gen 13,Celxpert,57030.0,996,2024-11-22T16:41:07,2025-01-28T08:47:09,66.67,30.0,57610.0,57390.0,58300.0,100.63,98.44,1.56,13.0,12.0,5.48,65.74,0.8002,0.697,0.303,92.26,99.0,0.0303,0.6202,1328.0,0.0,773.0,2676.0,0.0,36,21.53,14.5,1087.5,4.57,794.0,650.47,26.015,,Celxpert,15,14,20.999,3.0,4.5,2025-01-25 08:03:18,489.6,active,6.0,47.75,100.0,52.25,0.0030120481927710845,0.0,1,1,0.4865662767388844,3
user_1f32234c,SDILLARD1-2S9T3_sdillard1,SDILLARD1-2S9T3_sdillard1,ThinkPad T14 Gen 7,COSMX,75000.0,1189,2026-01-14T13:19:15,2026-05-19T08:43:43,124.81,30.0,75010.0,74950.0,76170.0,99.93,98.4,1.6,29.0,28.0,6.83,81.94,0.4575,0.3682,0.6318,80.43,89.0,0.0094,0.244,863.0,5.0,2206.0,3589.0,0.0014,60,35.52,30.0,1599.6,2.32,104.0,160.07,8.43,7.528,COSMX,37,37,29.645,5.8,4.6,2026-05-13 13:39:12,13.6,active,1.0,38.0,100.0,62.0,0.005887300252312868,0.004205214465937763,5,1,0.3109861767114144,1
user_33fc7351,MOBILEPE-4N8HJ9_MobilePE,MOBILEPE-4N8HJ9_MobilePE,ThinkPad X1 Yoga Gen 8,Celxpert,57000.0,2541,2024-07-24T06:26:03,2024-10-09T18:13:09,77.49,29.82,56890.0,56080.0,57000.0,98.39,98.39,1.61,56.0,51.0,20.03,240.39,0.961,0.9574,0.0426,90.87,96.0,0.0094,0.6536,1056.0,0.0,3165.0,8350.0,0.0,10,29.4,15.5,511.5,8.95,456.0,661.24,4.362,,Celxpert,63,94,121.304,0.0,0.0,2024-10-09 18:13:09,600.2,active,0.0,79.0,100.0,21.0,0.004329004329004329,0.0027548209366391185,7,1,0.28563085482919903,0
user_66db2d61,DHERRING1-6KYF4_dherring1,DHERRING1-6KYF4_dherring1,ThinkPad P14s Gen 7 AMD,BYD,75000.0,451,2026-04-30T11:12:40,2026-05-29T13:38:25,29.1,30.0,75010.0,76010.0,77260.0,101.35,98.38,1.62,15.0,14.0,14.64,175.71,0.2816,0.2021,0.7979,62.47,67.0,0.1194,0.0911,259.0,0.0,1171.0,2103.0,0.0,26,50.27,51.0,1181.5,3.55,73.0,168.77,32.358,,BYD,9,14,48.108,0.3,0.9,2026-05-29 07:08:25,3.4,active,4.0,10.0,100.0,90.0,0.04656319290465632,0.0022172949002217295,8,1,0.11595538384898754,3
user_7786f12f,T14S2IN1_robbiet,T14S2IN1_robbiet,ThinkPad T14s 2-in-1 Gen 1,ATL,58000.0,858,2025-05-13T20:07:00,2025-08-11T14:43:08,89.78,30.0,58050.0,57430.0,58380.0,99.02,98.37,1.63,28.0,28.0,9.49,113.92,0.3263,0.2541,0.7459,75.38,82.0,0.0084,0.151,360.0,0.0,1641.0,2682.0,0.0,65,34.98,31.0,1494.3,1.89,970.0,602.06,6.027,6.821,ATL,29,28,31.189,0.2,0.2,2025-08-11 09:53:53,294.4,active,2.0,29.0,100.0,71.0,0.008158508158508158,0.0034965034965034965,2,1,0.14957185390265856,2
user_95adf981,ADAMSTHAMESLNLB_Howes,ADAMSTHAMESLNLB_Howes,ThinkPad X1 Carbon Gen 13,SMP,57030.0,3021,2025-03-18T20:39:45,2025-10-02T08:42:07,197.5,30.0,59710.0,58690.0,59710.0,102.91,98.29,1.71,54.0,52.0,8.01,96.17,0.6521,0.7133,0.2867,91.0,97.0,0.0023,0.5862,520.0,0.0,3093.0,6223.0,0.0,193,18.62,14.0,283.9,12.88,1273.0,670.35,3.285,3.159,SMP,77,76,38.481,0.9,0.5,2025-10-01 10:03:25,242.6,active,9.0,62.0,100.0,38.0,0.00033101621979476995,0.0,1,1,0.47432932734774175,0
user_68a5ad06,PJJAKES-F63ATFB_X1,PJJAKES-F63ATFB_X1,ThinkPad X1 Carbon Gen 14,ATL,58000.0,543,2026-01-14T10:23:40,2026-02-17T16:35:14,34.26,30.0,58030.0,57580.0,58580.0,99.28,98.29,1.71,25.0,23.0,20.44,245.22,0.4457,0.4771,0.5229,78.07,87.0,0.0227,0.2903,397.0,0.0,1429.0,1841.0,0.0,55,33.31,27.0,401.8,16.36,150.0,184.42,12.193,,ATL,18,17,49.623,0.3,0.9,2026-02-17 09:01:22,104.3,active,7.0,29.0,100.0,71.0,0.003683241252302026,0.0,2,1,0.24340987181780147,1
user_cb994f8e,SPAVLIC-F66MQCF_SPAVLIC,SPAVLIC-F66MQCF_SPAVLIC,ThinkPad T14 Gen 7,Sunwoda,75000.0,478,2026-05-05T14:19:48,2026-06-01T14:34:52,27.01,30.0,75010.0,73710.0,75010.0,98.28,98.27,1.73,10.0,7.0,7.89,94.66,0.7092,0.6833,0.3167,90.92,98.0,0.0016,0.5903,525.0,0.0,782.0,2141.0,0.0,24,23.92,14.5,432.7,8.59,1112.0,669.26,28.885,,Sunwoda,8,7,25.916,0.7,2.6,2026-05-31 21:26:42,0.4,active,17.0,47.85,100.0,52.15,0.0,0.0,0,1,0.4476643302057457,0
user_1cf41671,WFELTER-F5HN5KV_wfelter,WFELTER-F5HN5KV_wfelter,ThinkPad P16 Gen 3,SMP,99900.0,2251,2025-11-12T15:42:06,2026-05-19T05:57:39,187.59,30.0,99900.0,98140.0,99900.0,98.24,98.24,1.76,33.0,31.0,5.03,60.36,0.8241,0.7926,0.2074,94.69,99.0,0.0022,0.7474,3689.0,3.0,3204.0,5774.0,0.0005,69,25.81,18.0,313.6,10.77,391.0,190.53,5.873,3.667,SMP,41,40,21.323,4.8,2.5,2026-05-14 11:37:00,13.8,active,9.0,71.0,100.0,29.0,0.000444247001332741,0.0,1,1,0.572025642748286,1
user_1078c8f8,AIII1-PF6249QS_aiii1,AIII1-PF6249QS_aiii1,ThinkPad P16s Gen 5,COSMX,60000.0,1272,2026-01-29T14:20:30,2026-05-19T10:15:31,109.83,30.0,60000.0,58930.0,60000.0,98.22,98.22,1.78,28.0,27.0,7.48,89.79,0.6847,0.6372,0.3628,78.44,83.0,0.0129,0.1821,577.0,0.0,1685.0,3407.0,0.0,67,27.52,22.0,630.7,10.79,52.0,49.0,6.605,6.163,COSMX,30,29,26.404,6.0,5.5,2026-05-13 09:34:38,13.6,active,2.0,35.0,100.0,65.0,0.0031446540880503146,0.0015723270440251573,3,1,0.16060776613905015,0
user_7dd64c3f,AL-SVT7_xuxru,AL-SVT7_xuxru,ThinkPad X9-14 Gen 1,SWD,55100.0,526,2025-02-18T11:27:19,2025-03-17T08:43:27,26.89,26.78,55310.0,54290.0,55310.0,98.53,98.16,1.84,52.0,19.0,21.51,258.12,0.4183,0.3295,0.6705,72.16,83.0,0.0651,0.1758,286.0,0.0,2893.0,2612.0,0.0,44,32.09,23.5,617.1,12.92,1385.0,636.01,9.706,,Sunwoda,23,22,81.826,2.8,10.4,2025-03-14 13:41:17,441.6,active,1.0,16.25,100.0,83.75,0.03802281368821293,0.013307984790874524,3,1,0.14548722633739616,3
user_96b0858c,LAPTOP-H11NV2VL_hwpa,LAPTOP-H11NV2VL_hwpa,ThinkPad Z13 Gen 2,SMP,51970.0,651,2024-10-30T12:38:45,2025-04-01T13:51:53,153.05,30.0,52580.0,54600.0,55650.0,105.06,98.11,1.89,20.0,20.0,3.98,47.73,0.3794,0.3083,0.6917,74.26,91.0,0.0303,0.189,693.0,0.0,1118.0,4738.0,0.0,41,36.17,32.0,3274.8,3.13,130.0,306.95,20.964,,SMP,5,4,2.614,20.9,13.6,2025-03-11 17:09:20,426.4,active,5.0,26.5,100.0,73.5,0.004608294930875576,0.0,2,1,0.22411749668843392,0
user_7ae9389a,LIUHY24-X1C8_Miss_Ling,LIUHY24-X1C8_Miss_Ling,ThinkPad X1 Carbon Gen 8,LGC,51000.0,1497,2023-09-06T09:57:58,2025-07-23T16:43:11,686.28,30.0,51990.0,50990.0,51990.0,99.98,98.08,1.92,134.0,58.0,2.57,30.87,0.664,0.6735,0.3265,83.3,93.0,0.019,0.3099,4928.0,1.0,5139.0,34827.0,0.0,94,34.21,31.0,3935.9,23.53,270.0,671.4,3.316,1.024,LG,2,1,0.146,686.2,100.0,2023-09-06 11:27:35,313.3,very_stale,6.0,38.0,100.0,62.0,0.009352037408149633,0.0,6,1,0.258798315222882,4
user_66316a36,DESKTOP-F4I6BLL_jl240,DESKTOP-F4I6BLL_jl240,ThinkPad X1 Yoga Gen 5,LGC,51000.0,300,2023-02-06T22:48:38,2024-01-19T11:53:24,346.54,30.0,51990.0,50990.0,51990.0,99.98,98.08,1.92,143.0,4.0,0.35,4.22,0.8167,0.7817,0.2183,78.18,79.0,0.0204,0.0169,5823.0,0.0,5322.0,26042.0,0.0,5,22.8,12.0,6350.8,0.58,42.0,16.86,,2.908,LG,2,1,0.289,241.5,69.7,2023-05-22 22:48:39,864.5,very_stale,4.0,67.95,90.05000000000001,22.10000000000001,0.01,0.0033333333333333335,3,1,0.016041728176360594,1
user_bccce6a4,EBUCHHOLZ-HKD6N_ebuchholz,EBUCHHOLZ-HKD6N_ebuchholz,ThinkPad L16 Gen 2,Sunwoda,57000.0,850,2025-05-27T14:24:58,2025-08-06T10:10:25,70.82,30.0,57000.0,55960.0,57060.0,98.18,98.07,1.93,26.0,23.0,9.89,118.62,0.6518,0.5573,0.4427,78.66,90.0,0.0128,0.3304,874.0,0.0,1497.0,2407.0,0.0,53,34.94,29.0,682.9,4.35,703.0,671.57,10.146,11.228,Sunwoda,23,23,32.475,4.8,6.8,2025-08-01 14:04:41,299.6,active,6.0,29.0,100.0,71.0,0.010588235294117647,0.0,3,1,0.26666468059009074,1
user_22199408,JNUNEZ5-F588R5E_jnunez5,JNUNEZ5-F588R5E_jnunez5,ThinkPad X1 2-in-1 Gen 10,SMP,57030.0,1248,2025-03-18T14:22:32,2025-09-07T14:50:14,173.02,30.0,59660.0,58570.0,59750.0,102.7,98.03,1.97,41.0,39.0,6.86,82.33,0.476,0.3396,0.6604,68.4,87.0,0.1681,0.1638,440.0,16.0,2492.0,3048.0,0.0052,56,59.04,71.5,713.7,12.16,179.0,286.99,5.985,4.343,SMP,39,49,28.321,16.2,9.4,2025-08-22 09:08:51,267.4,active,0.0,2.0,100.0,98.0,0.11618589743589744,0.10657051282051282,31,1,0.3198490913462251,22
user_d0cb3233,LAPTOP-FG0TTKQT_amurugan1,LAPTOP-FG0TTKQT_amurugan1,ThinkPad X1 Carbon Gen 13,Celxpert,57030.0,2103,2025-03-20T19:56:45,2025-06-26T15:51:49,97.83,30.0,57620.0,56460.0,57620.0,99.0,97.99,2.01,35.0,34.0,10.58,126.94,0.679,0.555,0.445,89.0,99.0,0.0052,0.4919,1096.0,0.0,1987.0,2834.0,0.0,95,30.38,24.0,776.9,4.91,647.0,670.75,5.921,7.533,Celxpert,31,43,43.954,0.1,0.1,2025-06-26 13:51:49,340.3,active,15.0,44.0,100.0,56.0,0.0,0.0,0,1,0.4472767426537516,0
user_cf63bd96,JNUNEZ5-F5L9LW0_jnunez5,JNUNEZ5-F5L9LW0_jnunez5,ThinkPad P16v Gen 3,Sunwoda,90000.0,306,2025-06-16T11:40:29,2025-07-28T15:39:48,42.17,33.42,87480.0,85710.0,87480.0,95.23,97.98,2.02,3.0,0.0,0.0,0.0,0.9477,0.9874,0.0126,98.55,99.0,0.0,0.9874,1060.0,0.0,401.0,1846.0,0.0,0,,,,,294.0,193.26,,,Sunwoda,3,2,4.743,4.1,9.7,2025-07-24 13:22:34,308.3,active,95.0,97.0,100.0,3.0,0.0,0.0,0,1,0.516455409289593,0
user_0fc4ab69,PF62APRB_LIP,PF62APRB_LIP,ThinkPad X1 2-in-1 Gen 11,COSMX,58000.0,4168,2026-02-17T14:19:26,2026-06-01T09:17:09,103.79,30.0,58030.0,56840.0,58030.0,98.0,97.95,2.05,3.0,2.0,0.59,7.04,0.9959,0.9941,0.0059,97.73,98.0,0.0,0.993,1262.0,0.0,221.0,4276.0,0.0,1,6.0,6.0,1024.1,0.35,6.0,95.71,,16.422,COSMX,4,3,2.89,9.2,8.9,2026-05-23 04:00:13,0.6,active,88.0,95.0,100.0,5.0,0.0,0.0,0,1,0.4039293684098668,0
user_0d1ed037,FANG_X13,FANG_X13,ThinkPad X13 Gen 4,SMP,54730.0,9552,2023-05-10T12:24:40,2025-06-18T02:16:47,769.58,30.0,55510.0,54590.0,55740.0,99.74,97.94,2.06,70.0,70.0,2.77,33.22,0.8993,0.8729,0.1271,96.5,99.0,0.0006,0.7552,1242.0,0.0,3473.0,18980.0,0.0,93,19.73,14.0,146.6,19.96,181.0,218.57,,,SMP,4,3,0.39,20.6,2.7,2025-05-28 11:03:27,348.9,active,3.0,85.0,100.0,15.0,0.00010469011725293132,0.00010469011725293132,1,1,0.4808003077383451,0
user_f4030926,M-PA3_Atsus,M-PA3_Atsus,ThinkPad X1 Carbon Gen 11,SMP,57050.0,2649,2023-07-11T15:20:05,2024-07-19T11:17:45,373.83,30.0,52470.0,51390.0,52470.0,90.08,97.94,2.06,62.0,34.0,2.77,33.22,0.7727,0.8453,0.1547,91.85,97.0,0.0035,0.7064,1682.0,0.0,3387.0,14236.0,0.0,69,19.7,13.0,2198.6,21.19,12.0,0.89,6.861,2.083,SMP,3,2,0.535,93.8,25.1,2024-04-16 15:58:36,682.5,stale,6.0,60.0,100.0,40.0,0.0011325028312570782,0.0,2,1,0.32661142271047094,0
user_1133aec9,AMIKAMI-F49VQPZ_amikami,AMIKAMI-F49VQPZ_amikami,ThinkPad X1 Yoga Gen 7,SMP,57050.0,7843,2023-03-20T16:34:52,2024-12-09T09:52:57,629.72,30.0,58990.0,57770.0,58990.0,101.26,97.93,2.07,130.0,129.0,6.24,74.82,0.7273,0.7776,0.2224,74.12,78.0,0.0119,0.104,388.0,0.0,7786.0,14384.0,0.0,341,20.62,17.0,466.9,19.41,83.0,222.95,6.671,2.71,SMP,3,2,0.318,31.9,5.1,2024-11-07 12:59:19,539.6,active,0.0,39.0,99.0,60.0,0.00573760040800714,0.0010200178503123804,22,1,0.05225561763613927,0
user_1a3a0ddc,JNUNEZ5-3000012_jnunez5,JNUNEZ5-3000012_jnunez5,ThinkPad X13 Detachable Gen 1,ATL,45000.0,819,2026-03-03T14:22:09,2026-05-13T14:49:51,71.02,30.0,46160.0,45630.0,46600.0,101.4,97.92,2.08,22.0,20.0,8.57,102.86,0.6923,0.6149,0.3851,82.37,96.0,0.0569,0.4848,567.0,1.0,988.0,2312.0,0.0004,42,30.93,16.5,654.9,4.11,950.0,672.07,10.956,11.654,ATL,27,27,38.018,5.0,7.1,2026-05-08 14:19:18,19.4,active,2.0,15.0,100.0,85.0,0.03785103785103785,0.02442002442002442,9,1,0.45356431875253184,5
user_c29be833,JMAYERSALMA-HDJ_jmayersalman,JMAYERSALMA-HDJ_jmayersalman,ThinkPad T14 Gen 6,Celxpert,57000.0,1390,2025-05-13T14:50:23,2025-08-26T02:14:28,104.48,30.0,57000.0,56640.0,57860.0,99.37,97.89,2.11,47.0,46.0,13.4,160.82,0.495,0.4445,0.5555,82.17,95.0,0.0313,0.3192,1204.0,1.0,2631.0,3027.0,0.0003,115,31.24,21.0,528.9,10.04,269.0,191.07,5.857,9.091,Celxpert,52,56,53.601,3.7,3.5,2025-08-22 10:14:15,279.9,active,2.0,26.450000000000003,100.0,73.55,0.019424460431654675,0.006474820143884892,9,1,0.3219254425761609,5
user_23717e6e,SKOYAMA-F2Q1LZA_skoyama,SKOYAMA-F2Q1LZA_skoyama,ThinkPad T14 Gen 1,,50450.0,2302,2023-02-06T15:01:07,2024-08-19T13:45:45,559.95,30.0,46280.0,46360.0,47380.0,91.89,97.85,2.15,242.0,31.0,1.69,20.22,0.8762,0.8871,0.1129,93.55,98.0,0.001,0.8181,3500.0,1.0,9736.0,29840.0,0.0,64,26.94,23.5,152.9,24.76,,,43.056,1.643,,84,123,21.966,0.0,0.0,2024-08-19 13:12:36,651.4,active,15.0,61.0,100.0,39.0,0.0,0.0,0,1,0.480356895654309,0
user_7598cf72,DKUNTTU-F4ML5R6_dkunttu,DKUNTTU-F4ML5R6_dkunttu,ThinkPad X1 Carbon Gen 12,SMP,57030.0,4514,2023-12-13T14:49:18,2024-08-23T15:45:40,254.04,30.0,60100.0,58780.0,60100.0,103.07,97.8,2.2,49.0,45.0,5.39,64.7,0.8219,0.8132,0.1868,86.61,98.0,0.0624,0.5594,1956.0,10.0,2933.0,6491.0,0.0015,97,26.47,17.0,1084.8,19.54,271.0,460.44,4.881,3.159,SMP,72,78,30.704,1.8,0.7,2024-08-21 19:30:41,647.3,active,2.0,19.0,100.0,81.0,0.007975188303057155,0.003544528134692069,7,1,0.4515346326493215,5
user_33a75b18,DESKTOP-N9S9JC9_think,DESKTOP-N9S9JC9_think,ThinkPad R14 Gen 5,Sunwoda,47000.0,873,2024-04-24T11:30:05,2024-06-26T13:47:12,63.1,30.0,48610.0,47490.0,48610.0,101.04,97.7,2.3,14.0,8.0,3.86,46.31,0.882,0.8642,0.1358,95.52,100.0,0.0054,0.8294,138.0,0.0,352.0,5122.0,0.0,17,34.47,33.0,1274.1,11.06,276.0,666.75,28.801,13.341,Sunwoda,5,4,6.34,22.2,35.2,2024-06-04 09:29:02,705.4,active,0.0,71.6,100.0,28.400000000000006,0.003436426116838488,0.003436426116838488,1,1,0.6457434877548645,1
user_f534c1cc,PQM-AN1-BETA_hels,PQM-AN1-BETA_hels,ThinkPad X1 Carbon Gen 14,COSMX,58000.0,2336,2026-01-07T15:47:46,2026-05-20T17:20:30,133.06,28.73,58210.0,58380.0,59760.0,100.66,97.69,2.31,101.0,100.0,22.88,274.49,0.5805,0.5647,0.4353,75.86,83.0,0.0059,0.2727,559.0,0.0,5925.0,3320.0,0.0,196,26.9,22.0,230.9,21.38,318.0,181.78,15.395,,COSMX,94,105,78.909,0.1,0.1,2026-05-20 15:23:17,12.3,active,1.0,30.0,100.0,70.0,0.0008561643835616438,0.0004280821917808219,2,1,0.19209597822913207,0
user_3ef1838e,AVON-SVTSKU3_Avon,AVON-SVTSKU3_Avon,ThinkPad X1 Carbon Gen 14,Sunwoda,58000.0,1170,2026-03-16T19:28:59,2026-06-01T16:37:34,76.88,30.0,58030.0,57340.0,58710.0,98.86,97.67,2.33,56.0,54.0,21.38,256.55,0.5017,0.3912,0.6088,64.68,67.0,0.0488,0.168,252.0,0.0,3214.0,2742.0,0.0,115,36.17,31.0,541.5,17.29,1803.0,740.71,7.071,22.068,Sunwoda,42,50,65.036,0.1,0.2,2026-06-01 13:34:59,0.3,active,1.0,16.0,100.0,84.0,0.02905982905982906,0.01452991452991453,16,1,0.18307360640076029,5
user_2d25eddb,LAPTOP-MUEEDSGP_NL1SKU7SIT2LR,LAPTOP-MUEEDSGP_NL1SKU7SIT2LR,ThinkPad X1 2-in-1 Gen 11,COSMX,58000.0,1361,2026-01-15T12:13:11,2026-01-20T09:45:46,4.9,2.48,57550.0,56210.0,57550.0,96.91,97.67,2.33,11.0,2.0,12.43,149.15,0.9008,0.7833,0.2167,94.27,97.0,0.0448,0.7591,559.0,0.0,666.0,1114.0,0.0,3,52.33,57.0,452.9,7.73,2900.0,91.67,,,COSMX,4,3,61.254,3.6,73.5,2026-01-16 19:19:34,132.6,active,2.0,69.0,100.0,31.0,0.0036737692872887582,0.0029390154298310064,1,1,0.2610359509294003,1
user_6a0d7b6f,DAVID_dcosby,DAVID_dcosby,ThinkPad T14s Gen 6,Sunwoda,58000.0,11566,2025-02-25T11:04:32,2026-05-26T11:06:41,455.0,30.0,58030.0,56680.0,58030.0,97.72,97.67,2.33,68.0,67.0,4.48,53.78,0.8195,0.8807,0.1193,96.59,99.0,0.0,0.8301,8769.0,2.0,3880.0,12029.0,0.0002,373,13.05,9.0,243.3,12.0,657.0,190.85,3.525,1.963,Sunwoda,68,67,14.725,1.0,0.2,2026-05-25 11:08:10,6.5,active,26.0,85.0,100.0,15.0,0.0,0.0,0,1,0.5732109961294843,0
user_175442b5,JNUNEZ5-F4RX1S4_jnunez5,JNUNEZ5-F4RX1S4_jnunez5,ThinkPad X1 2-in-1 Gen 9,Celxpert,57030.0,1838,2024-03-14T08:52:05,2025-06-30T13:58:26,473.21,30.0,58370.0,57510.0,58890.0,100.84,97.66,2.34,27.0,21.0,1.35,16.21,0.7802,0.8021,0.1979,86.13,97.0,0.0287,0.7028,3230.0,0.0,1558.0,11674.0,0.0,49,31.41,26.0,2405.0,9.55,8.0,0.49,14.646,2.052,Celxpert,25,24,5.072,48.1,10.2,2025-05-13 11:45:08,336.4,active,0.0,25.0,100.0,75.0,0.018498367791077257,0.013601741022850925,9,1,0.3255443591143168,3
user_acc2d774,DONGQZ-PF4RM5MZ_dongqz,DONGQZ-PF4RM5MZ_dongqz,ThinkPad X1 Carbon Gen 12,SMP,57030.0,1958,2024-02-05T11:36:40,2025-03-21T15:32:32,410.16,3.28,60260.0,61200.0,62730.0,107.31,97.56,2.44,34.0,33.0,2.45,29.39,0.4637,0.4785,0.5215,79.26,93.0,0.0754,0.362,724.0,0.0,2033.0,10054.0,0.0,55,42.84,34.0,5850.8,1.99,91.0,263.94,48.78,5.362,SMP,39,46,11.215,9.7,2.4,2025-03-11 22:02:06,437.4,active,0.0,23.85000000000001,100.0,76.14999999999999,0.02400408580183861,0.015832482124616958,14,1,0.30389695419450197,6
user_ea0a1e30,BOB_Libra2.1-ELP2-SVT34,BOB_Libra2.1-ELP2-SVT34,ThinkPad P16 Gen 2,SMP,93540.0,6228,2024-04-29T11:33:15,2025-07-03T09:34:30,429.92,30.0,91080.0,96310.0,98820.0,102.96,97.46,2.54,64.0,61.0,4.32,51.82,0.9786,0.9789,0.0211,97.32,98.0,0.0019,0.9447,1927.0,2.0,5435.0,12215.0,0.0002,18,42.11,30.5,3964.3,8.87,25.0,191.57,7.471,3.479,SMP,9,8,1.861,265.8,61.8,2024-10-10 14:04:05,333.6,very_stale,4.0,95.0,100.0,5.0,0.0008028259473346178,0.00016056518946692356,3,1,0.48235628500051114,2
user_98fc12ad,WCHANG11-4Y8ZWG_wchang11,WCHANG11-4Y8ZWG_wchang11,ThinkPad P16s Gen 3,Sunwoda,75000.0,3670,2024-06-17T11:42:22,2026-05-18T16:17:41,700.19,30.0,75000.0,73360.0,75290.0,97.81,97.44,2.56,72.0,69.0,3.0,35.99,0.5973,0.5523,0.4477,90.73,98.0,0.0001,0.4932,11701.0,0.0,5440.0,17985.0,0.0,179,20.1,13.0,2753.3,7.66,29.0,527.18,7.324,3.26,Sunwoda,72,71,10.14,27.1,3.9,2026-04-21 14:43:11,14.3,active,17.0,58.0,100.0,42.0,0.0,0.0,0,1,0.4300696666565258,0
user_92fbe344,LAPTOP-N4IHLN0J_MS2,LAPTOP-N4IHLN0J_MS2,ThinkPad X1 2-in-1 Gen 10,SMP,57030.0,290,2025-12-19T16:01:26,2026-01-16T11:06:39,27.8,30.0,57030.0,55560.0,57030.0,97.42,97.42,2.58,2.0,1.0,1.1,13.14,0.6793,0.6722,0.3278,83.76,99.0,0.0857,0.6602,281.0,0.0,160.0,5835.0,0.0,4,44.0,37.0,3157.9,4.37,10.0,192.26,,,SMP,2,1,3.598,8.8,31.7,2026-01-07 15:33:19,136.5,active,0.0,16.0,100.0,84.0,0.03793103448275862,0.02413793103448276,2,1,0.6023617975295023,1
user_cdd66a67,SSUGIMOTO2-PSSK_ssugimoto2,SSUGIMOTO2-PSSK_ssugimoto2,ThinkPad P1 Gen 8,Sunwoda,90000.0,2703,2025-09-04T09:58:55,2026-05-15T10:01:16,253.0,30.0,90010.0,90750.0,93150.0,100.83,97.42,2.58,23.0,21.0,2.53,30.32,0.8494,0.8754,0.1246,95.05,99.0,0.0028,0.805,4308.0,1.0,2143.0,6563.0,0.0002,67,17.63,13.0,302.8,13.69,17.0,86.94,18.403,5.957,Sunwoda,29,28,11.067,17.6,7.0,2026-04-27 19:20:20,17.6,active,2.0,72.0,100.0,28.0,0.006289308176100629,0.0003699593044765076,4,1,0.7008180206067655,0
user_00430204,PQM-BETA_frank,PQM-BETA_frank,ThinkPad X1 2-in-1 Gen 10,Sunwoda,57000.0,4388,2025-03-12T12:01:33,2026-05-12T15:44:17,426.15,30.0,57040.0,55560.0,57040.0,97.47,97.41,2.59,105.0,100.0,7.14,85.71,0.5978,0.575,0.425,86.76,95.0,0.0099,0.4004,2648.0,0.0,5793.0,11854.0,0.0,318,19.41,14.5,546.6,8.74,30.0,439.15,2.703,2.293,Sunwoda,91,101,23.7,0.1,0.0,2026-05-12 14:14:18,20.3,active,0.0,44.0,100.0,56.0,0.0052415679124886054,0.0029626253418413855,7,1,0.35746821872273843,1
user_03442e4d,KURADA-4_kurada,KURADA-4_kurada,ThinkPad X12 Detachable Gen 2,SMP,42220.0,2896,2024-03-15T10:10:06,2025-06-23T08:36:41,464.94,30.0,43580.0,42550.0,43690.0,100.78,97.39,2.61,29.0,28.0,1.83,22.0,0.9185,0.9501,0.0499,94.7,97.0,0.0,0.8432,225.0,0.0,1018.0,11314.0,0.0,18,16.67,5.0,1263.6,0.3,24.0,165.43,12.425,2.579,SMP,6,5,1.075,366.6,78.9,2024-06-21 18:03:54,343.6,very_stale,20.0,69.0,100.0,31.0,0.0,0.0,0,1,0.45043941470491927,0
user_6c28bfa7,LOEBACHJ-58TDMH_loebachj,LOEBACHJ-58TDMH_loebachj,ThinkPad X1 2-in-1 Gen 10,BYD,57030.0,19217,2025-03-18T09:42:16,2026-05-26T09:38:57,434.0,30.0,57040.0,55550.0,57050.0,97.4,97.37,2.63,49.0,48.0,3.37,40.4,0.9274,0.9263,0.0737,96.88,98.0,0.0004,0.8622,9343.0,0.0,2761.0,10767.0,0.0,175,14.1,9.0,248.5,14.22,193.0,191.61,8.764,3.28,BYD,41,49,11.29,0.1,0.0,2026-05-26 07:20:19,6.6,active,2.0,89.0,100.0,11.0,0.00010407451735442577,5.2037258677212886e-05,1,1,0.49276526954322336,1
user_824486c6,NMMILLER-62XHX6_nmmiller,NMMILLER-62XHX6_nmmiller,ThinkPad T16 Gen 5,ATL,60000.0,506,2026-01-23T13:29:18,2026-05-26T13:16:36,122.99,30.0,60910.0,59280.0,60910.0,98.8,97.32,2.68,12.0,9.0,2.23,26.73,0.751,0.7293,0.2707,93.1,98.0,0.0,0.6397,2464.0,0.0,664.0,3713.0,0.0,30,21.27,14.5,1480.4,23.5,76.0,298.05,29.734,7.971,ATL,10,9,7.318,0.1,0.1,2026-05-26 10:42:43,6.4,active,29.0,64.25,100.0,35.75,0.0,0.0,0,1,0.4565254254104379,0
user_f02a684b,TMIYAMOTO1-75C2_tmiyamoto1,TMIYAMOTO1-75C2_tmiyamoto1,ThinkPad T14s Gen 3,BYD,57140.0,911,2024-11-27T17:48:00,2025-01-08T18:06:01,42.01,25.03,57690.0,57110.0,58690.0,99.95,97.31,2.69,40.0,38.0,27.53,330.37,0.4479,0.4356,0.5644,74.44,84.0,0.0527,0.1975,371.0,2.0,2220.0,4508.0,0.0004,96,31.54,26.0,244.2,23.08,111.0,57.13,17.947,,BYD,41,45,107.111,1.0,2.3,2025-01-07 19:12:32,509.2,active,1.0,19.0,100.0,81.0,0.01646542261251372,0.010976948408342482,6,1,0.21365324415511233,3
user_6523f2c4,GTORRES3-0ABC7N_gtorres3,GTORRES3-0ABC7N_gtorres3,ThinkPad X12 Detachable Gen 2,SMP,42220.0,1606,2024-04-04T12:13:20,2025-06-13T15:22:59,435.13,30.0,43970.0,42780.0,43970.0,101.33,97.29,2.71,17.0,16.0,1.12,13.43,0.7659,0.7029,0.2971,93.17,99.0,0.0118,0.6384,205.0,4.0,654.0,10584.0,0.0004,58,20.0,11.5,4822.3,8.29,20.0,175.49,45.107,3.188,SMP,13,12,2.758,4.3,1.0,2025-06-09 08:09:46,353.4,active,0.0,58.0,100.0,42.0,0.0049813200498132005,0.0024906600249066002,2,1,0.5239132332207591,2
user_5964344f,DONGQZ-PF6229ZN_dongqz,DONGQZ-PF6229ZN_dongqz,ThinkPad X1 Carbon Gen 14,ATL,58000.0,1106,2026-01-20T13:50:00,2026-04-01T13:14:11,70.98,30.0,58030.0,57690.0,59320.0,99.47,97.25,2.75,25.0,23.0,9.86,118.36,0.7007,0.7295,0.2705,89.82,98.0,0.0195,0.5872,970.0,0.0,1437.0,2871.0,0.0,50,28.16,19.0,480.4,13.9,179.0,158.93,39.254,,ATL,26,25,35.224,2.6,3.7,2026-03-29 22:38:02,61.4,active,2.0,50.0,100.0,50.0,0.0009041591320072332,0.0009041591320072332,1,1,0.49002291362189054,1
user_4fcb780e,LAPTOP-0S7K8PQH_Stan,LAPTOP-0S7K8PQH_Stan,ThinkPad P52,LGC,90060.0,8575,2023-02-09T08:48:38,2023-10-26T18:12:55,259.39,30.0,71820.0,69830.0,71820.0,77.54,97.23,2.77,84.0,7.0,0.82,9.86,0.9966,0.9981,0.0019,97.79,98.0,0.0,0.9961,33398.0,48.0,5561.0,41602.0,0.0012,9,27.22,22.0,30.9,48.4,43.0,36.4,46.18,3.903,LG,17,16,6.168,10.1,3.9,2023-10-16 15:34:30,949.2,active,15.0,95.0,100.0,5.0,0.0,0.0,0,1,0.40526459551678745,0
user_0238f851,JNUNEZ5-W0KPY33_jnunez5,JNUNEZ5-W0KPY33_jnunez5,ThinkPad T1g Gen 8,Sunwoda,90000.0,1100,2025-08-27T11:46:31,2026-02-25T11:40:47,182.0,30.0,90010.0,87520.0,90010.0,97.24,97.23,2.77,10.0,8.0,1.34,16.06,0.8573,0.8731,0.1269,92.07,99.0,0.0119,0.8079,1662.0,0.0,901.0,4661.0,0.0,20,21.3,14.5,3965.8,1.57,198.0,598.74,34.579,6.283,Sunwoda,12,11,6.044,0.5,0.3,2026-02-24 23:08:17,96.5,active,1.0,50.0,100.0,50.0,0.006363636363636364,0.004545454545454545,2,1,0.5757940944700094,0
user_f58bab9c,XBB20241007_Lenovo,XBB20241007_Lenovo,ThinkPad X1 Carbon Gen 12,Celxpert,57030.0,1291,2025-02-11T14:54:37,2025-03-08T12:19:05,24.89,0.85,57760.0,56140.0,57760.0,98.44,97.2,2.8,22.0,6.0,7.34,88.04,0.4113,0.5416,0.4584,94.35,98.0,0.0195,0.4539,2634.0,0.0,1310.0,7177.0,0.0,16,33.94,24.5,601.3,5.89,768.0,441.58,46.745,,Celxpert,8,9,36.156,2.9,11.7,2025-03-05 14:28:09,450.5,active,5.0,60.5,100.0,39.5,0.005422153369481022,0.0,3,1,0.28866815594915163,1
user_60263ae0,YSONE-PF3993EL_ysone,YSONE-PF3993EL_ysone,ThinkPad T14 Gen 2i,Celxpert,51000.0,14213,2023-02-06T15:01:00,2025-08-22T09:50:53,927.78,30.0,45050.0,45300.0,46630.0,88.82,97.15,2.85,254.0,165.0,5.41,64.96,0.9079,0.8643,0.1357,95.76,99.0,0.0071,0.8048,3519.0,31.0,9770.0,33700.0,0.0009,169,14.76,9.0,1000.6,1.75,12.0,0.17,3.1,1.88,Celxpert,132,263,28.347,0.0,0.0,2025-08-22 09:49:05,283.6,active,0.0,83.0,100.0,17.0,0.0020403855625131923,0.0015478787025962146,12,1,0.4937557926193409,0
user_ea6d4789,DESKTOP-6BVEF2H_PF4LS9A1,DESKTOP-6BVEF2H_PF4LS9A1,ThinkPad X1 2-in-1 Gen 9,Sunwoda,57000.0,1995,2025-02-27T13:47:18,2025-06-04T01:28:48,96.49,0.77,58010.0,56350.0,58010.0,98.86,97.14,2.86,8.0,1.0,0.32,3.79,0.984,0.9244,0.0756,95.32,99.0,0.0327,0.8905,1185.0,0.0,554.0,9728.0,0.0,1,92.0,92.0,2672.0,2.07,10.0,189.88,,11.899,Sunwoda,3,2,2.073,86.4,89.6,2025-03-09 14:50:49,362.9,stale,1.0,69.80000000000001,100.0,30.19999999999999,0.005513784461152882,0.0030075187969924814,2,1,0.47857651045664756,1
user_856b5a76,LAPTOP-V1IRQ8I4_1,LAPTOP-V1IRQ8I4_1,ThinkPad X1 2-in-1 Gen 11,COSMX,58000.0,13939,2025-12-03T13:29:25,2026-03-05T10:42:07,91.88,0.17,58030.0,56920.0,58610.0,98.14,97.12,2.88,29.0,27.0,8.94,107.33,0.5053,0.7971,0.2029,92.09,97.0,0.0026,0.5749,1792.0,0.0,1687.0,2777.0,0.0,31,24.55,16.0,119.6,19.63,248.0,144.01,13.107,13.397,COSMX,23,22,23.943,0.9,1.0,2026-03-04 12:26:04,88.6,active,2.0,60.0,100.0,40.0,0.00035870578951144273,0.00035870578951144273,1,1,0.3237992124411623,0
user_668d815a,SHIGUCHI-3_shiguchi,SHIGUCHI-3_shiguchi,ThinkPad X12 Detachable Gen 2,Celxpert,42000.0,446,2024-01-16T16:34:32,2024-05-21T09:30:16,125.71,30.0,42000.0,40780.0,42000.0,97.1,97.1,2.9,5.0,4.0,0.97,11.62,0.8206,0.8664,0.1336,96.17,100.0,0.0007,0.8228,582.0,0.0,184.0,3780.0,0.0,5,29.2,17.0,462.4,17.12,56.0,306.3,,17.511,Celxpert,6,5,3.978,24.8,19.8,2024-04-26 13:12:23,741.6,active,19.0,82.0,100.0,18.0,0.0,0.0,0,1,0.6994278803280506,0
user_232f29cf,LAPTOP-UU99D8BO_T14p_CX_SVT,LAPTOP-UU99D8BO_T14p_CX_SVT,ThinkPad T14p Gen 2,Sunwoda,75000.0,4999,2024-03-19T22:21:18,2024-08-08T14:06:57,141.66,30.0,76490.0,74250.0,76490.0,99.0,97.07,2.93,18.0,17.0,3.65,43.83,0.9672,0.9764,0.0236,96.5,98.0,0.0026,0.9581,2981.0,0.0,1446.0,3733.0,0.0,27,21.52,13.0,120.0,23.18,36.0,72.98,17.226,7.981,Sunwoda,22,21,14.825,0.9,0.6,2024-08-07 16:18:34,662.4,active,2.0,95.0,100.0,5.0,0.0014002800560112022,0.0010002000400080016,2,1,0.38284852504847516,1
user_b383bcba,TLIN29-PF4EHFCT_tlin29,TLIN29-PF4EHFCT_tlin29,ThinkPad X13 Gen 4,Celxpert,54700.0,5328,2023-08-24T12:08:37,2024-05-30T14:32:57,280.1,30.0,54740.0,53130.0,54740.0,97.13,97.06,2.94,54.0,52.0,5.65,67.81,0.7008,0.569,0.431,94.58,98.0,0.0,0.5045,4474.0,0.0,2904.0,7966.0,0.0,285,13.13,7.0,476.6,1.89,207.0,189.24,5.656,3.889,Celxpert,53,52,18.565,1.2,0.4,2024-05-29 08:55:46,732.4,active,20.0,73.0,100.0,27.0,0.0,0.0,0,1,0.42110471844309305,0
user_fb0b3170,JEREMYCA-4BWNT1_jeremyca,JEREMYCA-4BWNT1_jeremyca,ThinkPad P16 Gen 2,LGES,94010.0,6737,2023-06-05T12:22:24,2024-12-04T10:46:26,547.93,30.0,94660.0,91840.0,94660.0,97.69,97.02,2.98,42.0,39.0,2.17,26.0,0.9218,0.9269,0.0731,91.19,97.0,0.0029,0.6369,5569.0,3.0,3843.0,14325.0,0.0002,103,28.86,23.0,644.6,25.61,144.0,195.85,7.639,1.986,LG,47,46,8.395,1.9,0.3,2024-12-02 13:02:18,544.6,active,1.0,76.0,100.0,24.0,0.0037108505269407748,0.0005937360843105239,10,1,0.4228078705100933,0
user_301ce1f7,AGEORGE3-4SA7W2_ageorge3,AGEORGE3-4SA7W2_ageorge3,ThinkPad X13 Gen 5,SMP,54730.0,3244,2024-04-03T11:59:17,2024-10-24T09:00:42,203.88,30.0,56810.0,55110.0,56810.0,100.69,97.01,2.99,21.0,18.0,2.69,32.25,0.8998,0.8726,0.1274,95.54,99.0,0.0027,0.8048,678.0,0.0,1195.0,6482.0,0.0,47,25.3,16.0,421.3,11.59,142.0,197.95,21.375,5.895,SMP,2,1,0.49,185.4,90.9,2024-04-21 23:20:38,585.6,very_stale,10.0,77.0,100.0,23.0,0.0,0.0,0,1,0.5925904673119411,1
user_71985556,LAPTOP-V450TO4P_Rob,LAPTOP-V450TO4P_Rob,ThinkPad P1 Gen 7,Celxpert,90000.0,1758,2024-05-13T14:22:37,2025-12-02T16:02:48,568.07,30.0,91420.0,91460.0,94400.0,101.62,96.89,3.11,26.0,21.0,1.13,13.5,0.7782,0.8259,0.1741,95.02,99.0,0.0026,0.7536,8520.0,0.0,2438.0,14489.0,0.0,82,17.62,14.5,793.3,12.0,223.0,514.82,44.492,3.623,Celxpert,25,24,4.225,77.8,13.7,2025-09-15 19:54:50,181.3,stale,8.0,74.0,100.0,26.0,0.0005688282138794084,0.0,1,1,0.6117602399391199,1
user_eecb153c,BDILLON-F58TDBM_bdillon,BDILLON-F58TDBM_bdillon,ThinkPad X1 2-in-1 Gen 10,Celxpert,57030.0,14352,2025-03-20T09:39:00,2026-04-29T20:04:27,405.43,30.0,57040.0,55260.0,57040.0,96.9,96.88,3.12,105.0,104.0,7.81,93.69,0.8551,0.8733,0.1267,95.16,99.0,0.0,0.7602,6804.0,0.0,5915.0,10220.0,0.0,389,17.87,13.0,110.2,17.0,8.0,1966.37,3.001,2.839,Celxpert,101,100,24.665,0.0,0.0,2026-04-29 19:04:00,33.2,active,35.0,73.0,100.0,27.0,0.0,0.0,0,1,0.5725221575199275,0
user_9426bedd,LISA_loconnor,LISA_loconnor,ThinkPad T14s Gen 6,ATL,58000.0,4320,2025-04-30T15:37:48,2026-05-28T07:23:01,392.66,30.0,58050.0,56260.0,58080.0,97.0,96.87,3.13,16.0,15.0,1.16,13.95,0.94,0.9573,0.0427,96.86,98.0,0.0016,0.944,6913.0,0.0,954.0,9989.0,0.0,24,32.75,21.5,222.8,24.14,27.0,184.24,22.383,3.137,ATL,19,22,5.603,38.0,9.7,2026-04-20 07:25:36,4.7,active,1.0,95.0,100.0,5.0,0.0020833333333333333,0.001388888888888889,4,1,0.49513345066859726,1
user_d75c5b0f,LAPTOP-A68FDH6Q_amcclarnon,LAPTOP-A68FDH6Q_amcclarnon,ThinkPad X1 Carbon Gen 13,Celxpert,57030.0,3882,2024-11-13T16:45:55,2025-05-28T12:30:38,195.82,30.0,57890.0,56080.0,57890.0,98.33,96.87,3.13,17.0,11.0,1.71,20.52,0.965,0.9665,0.0335,97.32,99.0,0.0,0.9535,5110.0,0.0,1014.0,6078.0,0.0,26,22.42,19.5,277.5,15.37,25.0,191.46,28.424,5.886,Celxpert,12,11,5.617,34.9,17.8,2025-04-23 15:52:59,369.5,active,29.0,95.0,100.0,5.0,0.0,0.0,0,1,0.5158158851534043,0
user_fdf2c76d,LAPTOP-QQLCC3QB_jl240,LAPTOP-QQLCC3QB_jl240,ThinkPad X1 Yoga 4th,SMP,51010.0,7744,2023-02-11T23:28:12,2024-05-22T08:23:47,465.37,30.0,46670.0,45200.0,46670.0,88.61,96.85,3.15,153.0,8.0,0.52,6.28,0.9892,0.9876,0.0124,77.59,78.0,0.0024,0.0,3654.0,0.0,6415.0,39572.0,0.0,10,22.2,13.5,619.8,6.91,2.0,132.16,52.496,3.174,SMP,7,6,1.289,20.5,4.4,2024-05-01 20:54:23,740.7,active,0.0,76.0,80.0,4.0,0.0011621900826446281,0.0007747933884297521,3,0,0.0,0
user_a3487c1f,PETER_pchen23,PETER_pchen23,ThinkPad X1 2-in-1 Gen 11,COSMX,58000.0,558,2026-01-14T14:19:42,2026-03-17T20:39:54,62.26,30.0,58030.0,57010.0,58900.0,98.29,96.79,3.21,22.0,21.0,10.27,123.19,0.448,0.3296,0.6704,44.87,38.0,0.3166,0.0252,340.0,0.0,1270.0,2339.0,0.0,39,40.74,35.0,1100.0,9.0,108.0,173.68,45.84,,COSMX,15,14,22.485,1.0,1.6,2026-03-16 20:07:27,76.1,active,2.0,6.0,98.0,92.0,0.07347670250896057,0.021505376344086023,14,1,0.040970175818449375,2
user_1f43db4e,DRUBRIGHT-320B9_drubright,DRUBRIGHT-320B9_drubright,ThinkPad X1 Carbon Gen 14,ATL,58000.0,901,2026-01-14T11:12:24,2026-03-05T07:57:59,49.86,30.0,58030.0,56140.0,58030.0,96.79,96.74,3.26,23.0,22.0,13.43,161.15,0.6792,0.6008,0.3992,84.7,98.0,0.0002,0.4659,553.0,0.0,1273.0,2222.0,0.0,46,37.83,39.0,619.3,8.35,187.0,191.12,16.285,29.013,ATL,22,21,42.114,0.9,1.8,2026-03-04 10:10:45,88.7,active,7.0,38.0,100.0,62.0,0.0011098779134295228,0.0,1,1,0.4279695736415949,0
user_1d5a45b8,JGERMANO-5PHRQ0_jgermano,JGERMANO-5PHRQ0_jgermano,ThinkPad P16v Gen 3,Sunwoda,90000.0,3354,2025-09-16T14:12:55,2026-05-26T14:17:26,252.0,30.0,90890.0,87920.0,90890.0,97.69,96.73,3.27,79.0,77.0,9.3,111.6,0.554,0.4735,0.5265,87.22,98.0,0.0093,0.3872,2858.0,0.0,6887.0,7405.0,0.0,188,32.54,25.5,977.7,5.46,113.0,191.92,4.244,4.754,Sunwoda,95,104,41.269,0.0,0.0,2026-05-26 13:47:26,6.4,active,5.0,41.0,100.0,59.0,0.002385211687537269,0.0,5,1,0.5280450744788517,3
user_125ed002,FBOWER-PF59NQY8_fbower,FBOWER-PF59NQY8_fbower,ThinkPad T16 Gen 4,SMP,87380.0,7956,2025-04-08T11:11:01,2026-05-01T09:24:28,387.93,30.0,89410.0,86480.0,89410.0,98.97,96.72,3.28,12.0,11.0,0.86,10.36,0.9671,0.9579,0.0421,98.28,99.0,0.0,0.9456,950.0,0.0,1052.0,9428.0,0.0,42,14.19,10.0,334.5,7.48,10.0,1372.47,29.791,3.093,SMP,32,31,7.991,0.1,0.0,2026-05-01 07:50:35,31.6,active,28.0,95.0,100.0,5.0,0.0,0.0,0,1,0.6651418838921752,0
user_e6152963,P1G7_SVT,P1G7_SVT,ThinkPad P1 Gen 7,Celxpert,90000.0,5080,2024-05-15T03:39:55,2025-07-22T15:08:18,433.48,30.0,92600.0,89560.0,92600.0,99.51,96.72,3.28,51.0,50.0,3.51,42.13,0.812,0.7766,0.2234,91.37,99.0,0.0038,0.6202,3454.0,0.0,4570.0,10785.0,0.0,173,21.61,16.0,905.1,11.56,20.0,30.7,6.566,2.77,Celxpert,54,53,12.227,1.3,0.3,2025-07-21 08:36:08,314.4,active,1.0,63.0,100.0,37.0,0.001968503937007874,0.0003937007874015748,5,1,0.5161531837114888,1
user_19adfc62,MNISHIO1X121QM6_mnishio1,MNISHIO1X121QM6_mnishio1,ThinkPad X1 Nano Gen 1,Celxpert,48200.0,931,2023-02-27T14:24:21,2024-08-20T15:28:14,540.04,30.0,39720.0,39460.0,40820.0,81.87,96.67,3.33,278.0,23.0,1.3,15.56,0.739,0.6197,0.3803,88.03,100.0,0.0094,0.4661,2825.0,0.0,10486.0,28376.0,0.0,25,28.88,26.0,10960.8,0.76,8.0,287.6,17.535,2.499,Celxpert,29,28,5.185,18.2,3.4,2024-08-02 11:08:30,650.4,active,4.0,44.5,100.0,55.5,0.0010741138560687433,0.0010741138560687433,1,1,0.529694666699145,0
user_931e6c9b,X1C-LNL-SIT-EEP_mripp,X1C-LNL-SIT-EEP_mripp,ThinkPad X1 Carbon Gen 13,SMP,57030.0,1112,2024-09-18T17:12:30,2024-11-13T19:55:36,56.11,30.0,59670.0,57680.0,59670.0,101.14,96.66,3.34,29.0,17.0,9.22,110.66,0.6547,0.6231,0.3769,86.66,98.0,0.0209,0.5567,1179.0,0.0,1767.0,3092.0,0.0,41,29.8,19.0,591.0,5.77,418.0,193.44,19.618,23.45,SMP,21,22,39.206,0.9,1.5,2024-11-12 23:16:20,565.2,active,2.0,34.0,100.0,66.0,0.008093525179856115,0.0035971223021582736,3,1,0.46337025339717364,2
user_340bfd07,TOM_thiller,TOM_thiller,ThinkPad L16 Gen 2,Sunwoda,46500.0,4727,2025-05-27T14:35:57,2026-05-26T14:12:49,363.98,30.0,47850.0,46250.0,47850.0,99.46,96.66,3.34,32.0,29.0,2.43,29.1,0.9008,0.8629,0.1371,96.04,99.0,0.0047,0.8261,7648.0,0.0,1489.0,9382.0,0.0,73,27.77,14.0,348.1,5.24,432.0,191.74,11.53,3.36,Sunwoda,35,38,10.44,6.1,1.7,2026-05-20 10:37:29,6.4,active,6.0,83.0,100.0,17.0,0.001903955997461392,0.0,3,1,0.623644381111371,2
user_ecf2dce0,ASHISHIDO-RHBV7_ashishido,ASHISHIDO-RHBV7_ashishido,ThinkPad T14 Gen 1,SMP,50450.0,1490,2024-08-28T09:57:27,2024-11-06T19:50:42,70.41,30.0,48320.0,47280.0,48940.0,93.72,96.61,3.39,248.0,7.0,3.03,36.31,0.8738,0.924,0.076,96.09,99.0,0.0056,0.8968,8677.0,0.0,10321.0,31262.0,0.0,14,31.5,27.5,1225.6,11.72,10.0,219.58,,,SMP,39,41,58.229,0.4,0.5,2024-11-06 10:38:13,572.2,active,1.0,79.45,100.0,20.549999999999997,0.0020134228187919465,0.0013422818791946308,1,1,0.6169663487984516,1
user_4bfcb1a1,PCHEN23-5000001_pchen23,PCHEN23-5000001_pchen23,ThinkPad T14s Gen 6,SMP2023,58000.0,567,2024-09-13T08:21:27,2024-11-15T13:10:07,63.2,30.0,59870.0,57810.0,59870.0,99.67,96.56,3.44,16.0,15.0,7.22,86.69,0.3862,0.3085,0.6915,69.55,73.0,0.0294,0.1421,0.0,0.0,0.0,0.0,,34,34.94,26.0,1331.3,3.03,222.0,660.51,24.577,20.303,SMP,16,15,23.734,3.1,4.9,2024-11-12 10:46:42,563.5,active,8.0,25.3,100.0,74.7,0.003527336860670194,0.0,1,1,0.1341510241158979,0
user_256d867e,ARAMAR-R9109T7G_aramar,ARAMAR-R9109T7G_aramar,ThinkPad X1 Extreme Gen 3,SMP,80400.0,9515,2023-02-08T10:35:11,2024-07-15T09:33:12,522.96,30.0,68470.0,68000.0,70430.0,84.58,96.55,3.45,851.0,286.0,16.65,199.75,0.7294,0.7049,0.2951,84.57,93.0,0.0115,0.1874,2753.0,42.0,46787.0,31592.0,0.0013,553,23.65,18.0,323.2,37.08,204.0,1411795.73,3.383,8.313,SMP,254,420,80.313,0.8,0.1,2024-07-14 15:29:03,686.6,active,0.0,47.0,95.0,48.0,0.005044666316342617,0.002627430373095113,27,1,0.0025223750172027838,4
user_efbc81cd,NHEIDENFELD-CDY_nheidenfeldt,NHEIDENFELD-CDY_nheidenfeldt,ThinkPad X13 Gen 5,BYD,54700.0,1621,2024-04-04T12:11:53,2025-04-10T13:24:20,371.05,30.0,54740.0,52830.0,54740.0,96.58,96.51,3.49,28.0,25.0,2.05,24.61,0.7125,0.7254,0.2746,90.09,99.0,0.0152,0.659,1783.0,0.0,1449.0,6294.0,0.0,76,28.57,19.5,1153.3,9.94,38.0,30.36,15.171,3.568,BYD,30,29,7.816,69.7,18.8,2025-01-30 20:10:00,417.4,stale,1.0,46.0,100.0,54.0,0.011721159777914868,0.003701418877236274,6,1,0.607896687707121,3
user_9c72c723,APARAMESWAR-G5E_aparameswara,APARAMESWAR-G5E_aparameswara,ThinkPad T16 Gen 2,Sunwoda,86000.0,1073,2023-08-08T09:57:47,2023-11-08T10:18:25,92.01,30.0,86000.0,83810.0,86860.0,97.45,96.49,3.51,35.0,33.0,10.92,130.99,0.4324,0.358,0.642,75.77,87.0,0.0273,0.2513,1114.0,9.0,2409.0,3420.0,0.0026,67,42.42,36.0,1149.4,2.86,284.0,190.46,43.892,,Sunwoda,3,2,2.174,27.2,29.6,2023-10-12 05:02:33,936.6,active,5.0,21.6,100.0,78.4,0.007455731593662628,0.0,4,1,0.2839692456745683,3
user_a26bb591,LAPTOP-G59PGF6O_Avon,LAPTOP-G59PGF6O_Avon,ThinkPad X1 2-in-1 Gen 11,SMP,58000.0,947,2026-02-05T00:53:07,2026-05-08T08:32:48,92.32,30.0,58550.0,56520.0,58580.0,97.45,96.48,3.52,37.0,36.0,11.87,142.43,0.4161,0.3562,0.6438,73.53,82.0,0.0566,0.1751,481.0,0.0,2137.0,3568.0,0.0,74,35.57,27.0,916.0,4.62,234.0,167.8,9.768,14.911,SMP,43,47,50.91,0.7,0.8,2026-05-07 14:38:28,24.6,active,0.0,20.0,100.0,80.0,0.026399155227032733,0.014783526927138331,9,1,0.20748120155195804,3
user_34883599,LAPTOP-H1CK928J_rreaves,LAPTOP-H1CK928J_rreaves,ThinkPad X1 Fold 16 Gen 1,SMP,16430.0,4847,2023-10-30T06:10:11,2025-05-18T18:42:32,566.52,30.0,16430.0,15850.0,16430.0,96.47,96.47,3.53,108.0,107.0,5.75,68.99,0.8213,0.8282,0.1718,86.05,96.0,0.009,0.5815,2183.0,146.0,1625.0,8185.0,0.0178,186,24.34,18.0,142.7,28.13,65.0,10.26,3.461,2.319,SMP,9,8,1.412,0.4,0.1,2025-05-18 09:48:51,379.2,active,1.0,38.30000000000001,100.0,61.69999999999999,0.005364142768722922,0.0022694450175366207,9,1,0.44036615586480266,2
user_eab510fc,LAPTOP-DDJ0EVTT_T14s2in1,LAPTOP-DDJ0EVTT_T14s2in1,ThinkPad T14s 2-in-1 Gen 2,SMP,58000.0,1497,2026-01-28T12:13:32,2026-05-27T14:03:48,119.08,30.0,59050.0,57210.0,59320.0,98.64,96.44,3.56,30.0,30.0,7.67,92.02,0.6106,0.6499,0.3501,89.82,98.0,0.0103,0.5541,1970.0,0.0,1766.0,3679.0,0.0,102,22.05,14.5,233.4,10.34,1515.0,169.02,32.336,,SMP,33,32,26.873,0.0,0.0,2026-05-27 13:33:48,5.4,active,2.0,54.0,100.0,46.0,0.005344021376085505,0.0026720106880427524,4,1,0.5057805318028826,3
user_b9efbad6,MBHAVSAR-5FSFDE_mbhavsar,MBHAVSAR-5FSFDE_mbhavsar,ThinkPad X1 Carbon Gen 13,BYD,57030.0,1540,2025-05-12T14:09:16,2025-08-11T14:26:19,91.01,30.0,57600.0,56300.0,58380.0,98.72,96.44,3.56,56.0,55.0,18.4,220.73,0.4448,0.3596,0.6404,73.95,82.0,0.0256,0.2019,469.0,0.0,3216.0,3017.0,0.0,111,40.81,36.0,807.4,10.26,105.0,209.85,9.136,19.407,BYD,70,73,80.209,0.1,0.1,2025-08-11 12:45:38,294.4,active,1.0,23.0,100.0,77.0,0.01883116883116883,0.005194805194805195,11,1,0.2776208335884546,6
user_71c0ab55,LAPTOP-CPPVM862_LL,LAPTOP-CPPVM862_LL,ThinkPad X13 Yoga Gen 3,LGC,52800.0,3698,2023-02-06T10:52:10,2024-09-18T09:20:24,589.94,30.0,54380.0,52440.0,54380.0,99.32,96.43,3.57,140.0,73.0,3.77,45.2,0.8407,0.836,0.164,94.59,98.0,0.0015,0.773,1104.0,3.0,3917.0,21316.0,0.0001,98,19.81,15.5,971.7,27.23,41.0,398.44,5.663,2.353,LG,2,1,0.17,553.5,93.8,2023-03-14 21:03:24,621.6,very_stale,5.0,71.0,100.0,29.0,0.0005408328826392645,0.0,1,1,0.4275746644939747,0
user_61960640,LAPTOP-CIKD46CF_Zeus2,LAPTOP-CIKD46CF_Zeus2,ThinkPad X1 Nano Gen 2,SMP,49570.0,403,2023-09-11T11:51:57,2024-06-11T17:02:21,274.22,30.0,48840.0,47420.0,49180.0,95.66,96.42,3.58,24.0,8.0,0.89,10.66,0.6328,0.4971,0.5029,84.8,98.0,0.0288,0.4027,1470.0,0.0,1203.0,19584.0,0.0,18,34.78,35.5,14858.0,7.39,60.0,4.77,51.124,7.304,SMP,16,15,5.47,0.1,0.0,2024-06-11 15:10:40,720.3,active,2.0,32.300000000000004,100.0,67.69999999999999,0.022332506203473945,0.017369727047146403,3,1,0.3887579518466851,2
user_315c8ecf,LAPTOP-UQQQG0S3_ThinkPad,LAPTOP-UQQQG0S3_ThinkPad,ThinkPad X1 Carbon Gen 13,Celxpert,57030.0,6112,2024-12-02T08:22:35,2025-07-30T08:35:38,240.01,30.0,57050.0,55380.0,57440.0,97.11,96.41,3.59,32.0,32.0,4.06,48.7,0.9166,0.9104,0.0896,83.88,79.0,0.0081,0.3666,1718.0,3.0,1826.0,6684.0,0.0004,96,25.67,16.0,677.4,15.55,281.0,669.99,13.283,7.444,Celxpert,37,40,16.666,6.4,2.7,2025-07-23 22:34:03,306.6,active,2.0,64.0,100.0,36.0,0.004581151832460733,0.002781413612565445,8,1,0.23424735516943238,3
user_69f5bdf5,LAPTOP-QQKPMET2_longrun,LAPTOP-QQKPMET2_longrun,ThinkPad P1 Gen 9,COSMX,90000.0,244,2026-03-06T17:42:11,2026-05-11T11:14:45,65.73,25.37,90010.0,89370.0,92710.0,99.3,96.4,3.6,14.0,13.0,6.02,72.24,0.4467,0.3932,0.6068,59.39,62.0,0.0892,0.074,504.0,0.0,1278.0,2248.0,0.0,18,44.39,44.0,2708.8,6.11,120.0,676.77,,,COSMX,17,18,27.384,12.8,19.5,2026-04-28 16:24:13,21.5,active,1.0,10.0,100.0,90.0,0.040983606557377046,0.00819672131147541,4,1,0.17014523002000176,1
user_54d591ae,LAPTOP-8KIMRE5B_cturner,LAPTOP-8KIMRE5B_cturner,ThinkPad P14s Gen 5,Sunwoda,75000.0,780,2024-04-11T14:48:53,2024-06-26T11:13:50,75.85,30.0,74330.0,71670.0,74360.0,95.56,96.38,3.62,49.0,17.0,6.82,81.86,0.6346,0.5936,0.4064,89.32,98.0,0.0123,0.4878,1926.0,6.0,3662.0,4532.0,0.0013,50,21.16,12.0,640.4,8.15,900.0,669.74,36.175,31.425,Sunwoda,18,22,29.004,0.0,0.1,2024-06-26 10:11:07,705.5,active,5.0,47.900000000000006,100.0,52.099999999999994,0.008974358974358974,0.0,3,1,0.49152856467522765,2
user_0c3fc25d,HBOUHYA-F5GLH13_hbouhya,HBOUHYA-F5GLH13_hbouhya,ThinkPad X13 Gen 6,SMP,54750.0,2451,2025-05-28T14:44:00,2025-11-05T15:14:05,161.02,30.0,54760.0,52770.0,54760.0,96.38,96.37,3.63,20.0,19.0,3.59,43.1,0.9078,0.8752,0.1248,94.12,97.0,0.004,0.8118,2569.0,0.0,1091.0,4884.0,0.0,35,32.0,25.0,607.9,9.62,103.0,190.89,19.127,8.502,SMP,23,22,13.663,12.2,7.6,2025-10-24 10:58:15,208.4,active,1.0,70.5,100.0,29.5,0.0004079967360261118,0.0004079967360261118,1,1,0.31409318240290973,0
user_b1c96b41,ARANGANATHA-8QB_aranganathan,ARANGANATHA-8QB_aranganathan,ThinkPad T14s Gen 4,SMP,57000.0,1481,2023-08-21T11:21:40,2023-12-11T14:19:40,112.12,30.0,53170.0,56400.0,58530.0,98.95,96.36,3.64,56.0,54.0,14.66,175.91,0.3545,0.2876,0.7124,71.51,77.0,0.0103,0.1406,1153.0,0.0,3493.0,4176.0,0.0,112,44.12,49.5,1051.2,4.11,116.0,165.81,9.836,18.442,SMP,22,22,19.621,0.7,0.6,2023-12-10 22:02:28,903.4,active,6.0,25.0,100.0,75.0,0.0013504388926401081,0.0,1,1,0.19113484630967878,0
user_12679067,LAPTOP-KQTSA7PM_1,LAPTOP-KQTSA7PM_1,ThinkPad X1 Carbon Gen 12,SMP,57030.0,1751,2023-08-31T16:00:49,2023-12-07T09:41:08,97.74,30.0,59680.0,57470.0,59680.0,100.77,96.3,3.7,35.0,34.0,10.59,127.06,0.6214,0.5345,0.4655,89.45,97.0,0.0046,0.4514,451.0,0.0,2020.0,2652.0,0.0,104,23.18,16.5,477.4,6.34,1045.0,669.73,10.891,14.45,SMP,49,48,49.112,0.1,0.1,2023-12-07 07:28:36,907.6,active,0.0,50.0,100.0,50.0,0.0034266133637921186,0.002284408909194746,2,1,0.41078773259260287,1
user_ea24d968,LAPTOP-A9PSKJU9_panjun1,LAPTOP-A9PSKJU9_panjun1,ThinkPad X1 Carbon Gen 14,COSMX,58000.0,4079,2025-12-10T08:48:23,2026-05-20T14:35:17,161.24,8.43,58030.0,56660.0,58850.0,97.69,96.28,3.72,119.0,115.0,21.71,260.5,0.5234,0.4409,0.5591,77.99,95.0,0.0682,0.231,812.0,0.0,6761.0,4460.0,0.0,216,41.91,40.0,538.6,19.15,415.0,320.05,15.506,,COSMX,123,134,83.105,0.2,0.1,2026-05-20 10:39:37,12.4,active,1.0,18.0,100.0,82.0,0.02402549644520716,0.012257906349595489,42,1,0.20868750150539758,10
user_64ce299d,LAPTOP-1QC1JCNE_CPC-Tester12,LAPTOP-1QC1JCNE_CPC-Tester12,ThinkPad X1 Carbon Gen 12,SMP,57030.0,1165,2023-12-04T10:53:33,2024-02-25T20:47:30,83.41,30.0,60580.0,58320.0,60580.0,102.26,96.27,3.73,15.0,15.0,5.47,65.68,0.7811,0.7882,0.2118,90.04,98.0,0.0145,0.6946,613.0,0.0,947.0,2770.0,0.0,40,28.6,17.5,558.1,15.64,373.0,670.86,26.647,16.384,SMP,26,25,29.972,4.3,5.2,2024-02-21 13:22:19,827.1,active,0.0,45.0,100.0,55.0,0.00944206008583691,0.006008583690987125,3,1,0.5044505067890274,2
user_27ca827a,LAPTOP-IHE4MH4F_mriddle,LAPTOP-IHE4MH4F_mriddle,ThinkPad P1 Gen 9,COSMX,90000.0,1797,2026-04-16T15:27:42,2026-05-28T14:39:15,41.97,30.0,90280.0,87690.0,91150.0,97.43,96.2,3.8,13.0,11.0,7.98,95.74,0.9104,0.9293,0.0707,96.58,100.0,0.0032,0.9032,1133.0,0.0,1173.0,2845.0,0.0,28,27.14,21.5,331.1,20.89,113.0,192.32,37.959,,COSMX,15,14,33.36,1.2,2.8,2026-05-27 10:17:20,4.4,active,5.0,83.40000000000003,100.0,16.599999999999966,0.001669449081803005,0.0,1,1,0.7408496831320761,0
user_7dadd6e4,SHAUSER-W0J2TNX_shauser,SHAUSER-W0J2TNX_shauser,ThinkPad L13 Gen 6,SMP,54750.0,1227,2025-08-25T14:41:40,2026-01-12T15:21:03,140.03,30.0,54760.0,53200.0,55330.0,97.17,96.15,3.85,28.0,27.0,5.87,70.43,0.7253,0.676,0.324,84.2,98.0,0.0328,0.5909,2238.0,2.0,1545.0,5523.0,0.0004,46,47.0,44.0,1116.9,8.67,303.0,174.94,16.738,12.829,SMP,32,32,22.853,4.1,2.9,2026-01-08 13:57:45,140.4,active,1.0,22.0,100.0,78.0,0.02526487367563162,0.010594947025264874,10,1,0.5104146488504281,8
user_5fba2ccf,JNUNEZ5-W05SG98_jnunez5,JNUNEZ5-W05SG98_jnunez5,ThinkPad P1 Gen 6,Sunwoda,90010.0,6656,2023-08-07T10:17:24,2024-07-18T00:25:46,345.59,30.0,90080.0,89080.0,92710.0,98.97,96.08,3.92,40.0,33.0,2.91,34.88,0.9489,0.944,0.056,95.72,99.0,0.0081,0.8845,6953.0,16.0,3641.0,10754.0,0.0015,75,26.99,16.0,535.7,19.44,96.0,232.77,13.502,4.365,Sunwoda,36,35,10.128,22.1,6.4,2024-06-25 22:33:10,684.0,active,1.0,82.0,100.0,18.0,0.0028545673076923075,0.00045072115384615387,7,1,0.5110824056176534,5
user_5c84e51e,RUBYHE_HEHP,RUBYHE_HEHP,ThinkPad X1 Carbon Gen 13,BYD,57030.0,3019,2024-11-12T09:22:17,2025-12-01T08:10:56,383.95,30.0,57030.0,54790.0,57030.0,96.07,96.07,3.93,38.0,35.0,2.77,33.3,0.732,0.7069,0.2931,92.84,99.0,0.0026,0.6084,4275.0,0.0,2084.0,10597.0,0.0,151,16.18,12.0,949.0,6.38,287.0,287.89,11.222,3.975,BYD,42,41,10.678,10.9,2.8,2025-11-20 10:32:34,182.7,active,10.0,63.0,100.0,37.0,0.0,0.0,0,1,0.5732809293490035,0
user_8f891e48,LAPTOP-77S3EOA5_Mao_Nakabauashi,LAPTOP-77S3EOA5_Mao_Nakabauashi,ThinkPad X1 Carbon Gen 14,Sunwoda,58000.0,2276,2025-12-24T11:57:48,2026-05-27T16:46:27,154.2,30.0,58030.0,55730.0,58030.0,96.09,96.04,3.96,32.0,31.0,6.12,73.43,0.7953,0.8543,0.1457,93.56,100.0,0.0005,0.7627,2884.0,0.0,1936.0,4257.0,0.0,100,26.12,21.5,70.4,21.99,126.0,190.0,14.155,10.964,Sunwoda,34,33,21.401,6.0,3.9,2026-05-21 17:23:25,5.3,active,16.0,62.0,100.0,38.0,0.0,0.0,0,1,0.714303859791495,0
user_11f5153a,TSCOTT2-F58PHQH_tscott2,TSCOTT2-F58PHQH_tscott2,ThinkPad X1 Carbon Gen 13,BYD,57030.0,3704,2025-03-17T14:34:07,2026-04-20T14:41:41,399.01,30.0,57040.0,54770.0,57040.0,96.04,96.02,3.98,84.0,84.0,6.41,76.89,0.6525,0.5074,0.4926,88.07,99.0,0.0016,0.4104,3224.0,0.0,4720.0,9888.0,0.0,226,28.44,24.5,1134.1,2.75,175.0,218.95,4.795,3.818,BYD,86,88,22.055,0.1,0.0,2026-04-20 11:23:51,42.4,active,6.0,45.0,100.0,55.0,0.0005399568034557236,0.0,1,1,0.45821540529727006,1
user_7cb6edab,GTORRES3-0C7G0F_gtorres3,GTORRES3-0C7G0F_gtorres3,ThinkPad T14s Gen 6,Sunwoda2023,58000.0,965,2024-08-14T09:26:53,2024-11-11T09:36:17,89.01,30.0,58020.0,56710.0,59080.0,97.78,95.99,4.01,24.0,20.0,6.84,82.07,0.4249,0.3771,0.6229,77.53,88.0,0.036,0.26,0.0,0.0,0.0,0.0,,50,35.52,27.0,1719.9,3.32,1011.0,669.85,,,Sunwoda,25,26,29.211,8.0,9.0,2024-11-03 09:56:51,567.6,active,2.0,24.0,100.0,76.0,0.011398963730569948,0.0051813471502590676,6,1,0.24916439473681568,2
user_7fbeed32,JFASANO-F4RXM66_jfasano,JFASANO-F4RXM66_jfasano,ThinkPad P14s Gen 5 AMD,SMP,39420.0,12862,2024-01-30T12:11:10,2025-11-25T09:49:32,664.9,30.0,39430.0,37850.0,39430.0,96.02,95.99,4.01,111.0,109.0,4.99,59.88,0.8681,0.8322,0.1678,75.74,78.0,0.0025,0.0005,116.0,0.0,4284.0,16471.0,0.0,363,13.67,6.0,277.4,6.92,2634.0,530.33,3.929,2.328,SMP,103,102,15.341,6.0,0.9,2025-11-19 09:48:09,188.6,active,5.0,67.0,79.0,12.0,0.0004664904369460426,0.0,2,1,0.0005801314311276062,1
user_2a90d78d,SKADUKUNTLA-MTB_skadukuntla,SKADUKUNTLA-MTB_skadukuntla,ThinkPad L13 Gen 6,SMP,54750.0,9157,2025-06-24T13:48:07,2026-01-31T14:44:13,221.04,30.0,54760.0,52560.0,54760.0,96.0,95.98,4.02,24.0,22.0,3.03,36.35,0.9181,0.9378,0.0622,97.02,99.0,0.0036,0.8802,4573.0,0.0,1316.0,6956.0,0.0,78,19.44,11.0,179.1,12.93,18.0,374.52,19.131,7.044,SMP,27,26,11.763,7.0,3.1,2026-01-24 15:50:32,121.4,active,2.0,88.0,100.0,12.0,0.0010920607185759528,0.0009828546467183575,5,1,0.5915595361465036,4
user_3bd00f2c,VISHNU_vkotipalli1,VISHNU_vkotipalli1,ThinkPad P1 Gen 8,Sunwoda,90000.0,897,2025-09-02T14:13:08,2026-05-27T12:13:50,266.92,30.0,90010.0,91870.0,95740.0,102.08,95.96,4.04,42.0,39.0,4.45,53.37,0.5262,0.3506,0.6494,73.51,89.0,0.0473,0.2318,1026.0,0.0,3867.0,5863.0,0.0,55,57.69,60.0,3430.3,2.4,872.0,192.49,16.169,9.289,Sunwoda,47,52,19.482,0.9,0.3,2026-05-26 14:16:56,5.5,active,0.0,9.0,100.0,91.0,0.05128205128205128,0.022296544035674472,14,1,0.3973393027401235,5
user_6ee66297,LAPTOP-0NPD7G3O_Tsutomu_Chonan,LAPTOP-0NPD7G3O_Tsutomu_Chonan,ThinkPad X1 Carbon Gen 13,BYD,57030.0,321,2024-08-29T11:04:48,2024-11-25T09:36:25,87.94,30.0,57040.0,54720.0,57040.0,95.95,95.93,4.07,6.0,5.0,1.73,20.77,0.7165,0.6876,0.3124,93.72,98.0,0.0,0.624,425.0,0.0,340.0,3442.0,0.0,17,16.06,15.0,472.8,12.99,59.0,120.28,,,BYD,5,4,4.549,4.6,5.3,2024-11-20 18:04:57,553.6,active,30.0,74.0,100.0,26.0,0.0,0.0,0,1,0.49663835530147477,0
user_8e758790,HBOUHYA-F62XRZ6_hbouhya,HBOUHYA-F62XRZ6_hbouhya,ThinkPad T16 Gen 5,BYD,60000.0,868,2026-01-22T15:01:07,2026-03-17T14:09:22,53.96,30.0,60000.0,57560.0,60000.0,95.93,95.93,4.07,6.0,6.0,3.38,40.61,0.9528,0.9466,0.0534,96.58,98.0,0.0079,0.9082,1265.0,7.0,377.0,1963.0,0.0036,3,20.67,23.0,772.3,11.9,388.0,485.69,81.333,,BYD,9,8,14.825,0.2,0.3,2026-03-17 09:47:38,76.4,active,0.0,94.0,100.0,6.0,0.0034562211981566822,0.0034562211981566822,3,1,0.5148269894123774,0
user_00881b9d,KKITTS-PF58LF52_kkitts,KKITTS-PF58LF52_kkitts,ThinkPad T14 Gen 6,Sunwoda,57000.0,2194,2025-04-22T10:04:58,2026-05-27T09:52:09,399.99,30.0,57170.0,57190.0,59650.0,100.33,95.88,4.12,47.0,46.0,3.5,42.0,0.546,0.492,0.508,80.7,91.0,0.0134,0.3185,3466.0,0.0,2831.0,10947.0,0.0,86,33.3,27.0,3641.4,1.18,41.0,191.79,12.13,4.898,Sunwoda,47,54,13.5,8.0,2.0,2026-05-19 09:08:58,5.6,active,0.0,30.650000000000006,100.0,69.35,0.004557885141294439,0.0013673655423883319,4,1,0.2920085414185918,1
user_31c2384e,JYANGO-PF462GGQ_jyango,JYANGO-PF462GGQ_jyango,ThinkPad X1 Yoga Gen 7,,57050.0,3998,2023-02-07T13:40:27,2023-10-24T16:00:55,259.1,30.0,58360.0,55950.0,58360.0,98.07,95.87,4.13,131.0,94.0,11.04,132.51,0.7604,0.784,0.216,89.08,97.0,0.0047,0.6432,3609.0,0.0,7240.0,9113.0,0.0,184,31.18,28.5,541.7,26.36,,,4.538,5.956,,5,4,1.544,204.5,78.9,2023-04-03 03:25:05,951.3,very_stale,2.0,47.85000000000002,100.0,52.14999999999998,0.0010005002501250625,0.0007503751875937969,2,1,0.39175706359914186,1
user_a0c3aa69,RCLEMENTS-DS3BG_rclements,RCLEMENTS-DS3BG_rclements,ThinkPad X9-14 Gen 1,BYD,55100.0,2058,2025-01-23T15:51:18,2025-06-26T09:48:39,153.75,30.0,55130.0,53260.0,55580.0,96.66,95.83,4.17,35.0,33.0,6.53,78.4,0.7274,0.6111,0.3889,91.38,99.0,0.0051,0.5288,1662.0,0.0,1914.0,5068.0,0.0,112,22.23,14.0,786.6,3.84,19.0,145.98,17.392,12.71,BYD,31,36,23.415,0.0,0.0,2025-06-26 09:18:39,340.6,active,2.0,54.0,100.0,46.0,0.0014577259475218659,0.00048590864917395527,2,1,0.4851754637173986,1
user_f0254a91,L13G4-A-CGBETA_cgridley,L13G4-A-CGBETA_cgridley,ThinkPad L13 Gen 4,Sunwoda,46000.0,1857,2023-03-17T00:43:19,2024-08-01T11:19:13,503.44,30.0,46000.0,44940.0,46920.0,97.7,95.78,4.22,35.0,30.0,1.81,21.77,0.6871,0.6213,0.3787,71.34,60.0,0.0109,0.2245,630.0,2.0,1595.0,10612.0,0.0002,93,23.61,16.0,3019.7,2.77,79.0,146.07,16.88,3.529,Sunwoda,43,50,9.932,0.0,0.0,2024-08-01 11:19:13,669.5,active,0.0,38.0,100.0,62.0,0.008616047388260635,0.008077544426494346,4,1,0.22525922651642383,2
user_a491e95e,RMCCARTHY2-0063_rmccarthy2,RMCCARTHY2-0063_rmccarthy2,ThinkPad L13 2-in-1 Gen 6,SMP,54750.0,2564,2025-03-20T11:15:02,2026-01-02T09:30:19,287.93,30.0,55660.0,53290.0,55660.0,97.33,95.74,4.26,43.0,42.0,4.44,53.28,0.6845,0.5945,0.4055,92.0,99.0,0.0065,0.5228,3542.0,0.0,2348.0,7143.0,0.0,147,21.63,16.0,932.6,2.62,321.0,167.71,10.138,5.475,SMP,46,45,15.629,4.0,1.4,2025-12-29 10:37:14,150.6,active,1.0,59.0,100.0,41.0,0.006630265210608425,0.0035101404056162248,4,1,0.5412463545614693,3
user_ede8e14d,LAPTOP-C1EEVLRC_86138,LAPTOP-C1EEVLRC_86138,ThinkPad X1 Carbon Gen 12,Celxpert,57030.0,718,2024-03-26T10:39:57,2024-05-22T13:30:48,57.12,30.0,58360.0,57560.0,60150.0,100.93,95.69,4.31,50.0,28.0,14.92,179.05,0.454,0.3779,0.6221,61.16,65.0,0.1303,0.1451,674.0,0.0,2920.0,4385.0,0.0,57,43.33,35.0,828.9,17.61,172.0,190.54,21.53,,Celxpert,32,33,57.774,1.2,2.0,2024-05-21 09:33:00,740.4,active,1.0,9.850000000000001,100.0,90.15,0.05013927576601671,0.020891364902506964,14,1,0.12432371560371443,2
user_a3de7cc2,DJR-PF3R8T3C_djr,DJR-PF3R8T3C_djr,ThinkPad X1 Carbon Gen 10,Celxpert,57000.0,28464,2023-02-08T21:53:10,2025-04-10T08:08:22,791.43,30.0,55500.0,53070.0,55500.0,93.11,95.62,4.38,65.0,54.0,2.08,24.92,0.9816,0.9776,0.0224,96.67,97.0,0.0001,0.8793,1050.0,2.0,3470.0,25540.0,0.0001,96,17.46,13.0,226.9,17.54,193.0,190.51,8.757,2.284,Celxpert,32,35,4.422,84.6,10.7,2025-01-15 17:57:58,417.7,stale,3.0,92.0,100.0,8.0,3.5132096683530073e-05,3.5132096683530073e-05,1,1,0.3104971051239381,0
user_b7968d84,NMMILLER-577H4Q_nmmiller,NMMILLER-577H4Q_nmmiller,ThinkPad X1 Carbon Gen 13,BYD,57030.0,1601,2024-11-06T13:08:00,2026-01-20T10:53:17,439.91,30.0,57040.0,54530.0,57040.0,95.62,95.6,4.4,29.0,28.0,1.94,23.25,0.7883,0.7791,0.2209,90.32,99.0,0.0075,0.6564,4464.0,0.0,1603.0,11164.0,0.0,72,21.83,18.0,1603.3,18.02,38.0,331.4,16.298,3.775,BYD,29,28,6.365,34.9,7.9,2025-12-16 13:33:50,132.5,active,1.0,49.0,100.0,51.0,0.003123048094940662,0.0018738288569643974,1,1,0.5803190615603457,0
user_a2ff6063,PCHEN23-W0ABC67_pchen23,PCHEN23-W0ABC67_pchen23,ThinkPad X12 Detachable Gen 2,Celxpert,42000.0,576,2024-04-10T11:48:36,2024-05-19T23:29:40,39.49,30.0,42000.0,40150.0,42000.0,95.6,95.6,4.4,16.0,15.0,11.56,138.75,0.625,0.5418,0.4582,81.94,95.0,0.0564,0.4257,454.0,0.0,589.0,1744.0,0.0,34,31.29,21.0,787.0,11.37,46.0,247.71,62.925,,Celxpert,22,30,75.975,0.0,0.0,2024-05-19 23:29:40,743.0,active,1.0,22.5,100.0,77.5,0.008680555555555556,0.006944444444444444,2,1,0.4109960690887433,2
user_4fb4ae0e,LAPTOP-U4336J0U_P14s,LAPTOP-U4336J0U_P14s,ThinkPad P14s Gen 6,Sunwoda,75000.0,4691,2025-09-18T10:20:19,2026-04-17T14:14:58,211.16,30.0,75000.0,72190.0,75530.0,96.25,95.58,4.42,35.0,31.0,4.47,53.62,0.9124,0.9097,0.0903,94.4,99.0,0.0015,0.7787,3370.0,0.0,2633.0,6004.0,0.0,71,31.13,32.0,420.2,19.68,473.0,667.47,17.688,9.853,Sunwoda,37,36,17.048,2.8,1.3,2026-04-14 18:44:50,45.4,active,2.0,76.0,100.0,24.0,0.0010658708164570454,0.0006395224898742272,2,1,0.558499441359819,0
user_dbff3fbc,DESKTOP-0R32PSA_ah,DESKTOP-0R32PSA_ah,ThinkPad T14s Gen 6,Sunwoda2023,58000.0,6204,2024-07-17T17:12:32,2025-02-27T18:46:30,225.07,30.0,57420.0,54870.0,57420.0,94.6,95.56,4.44,22.0,16.0,2.16,25.97,0.8835,0.9147,0.0853,98.22,100.0,0.0007,0.863,0.0,0.0,0.0,0.0,,138,7.7,6.0,104.6,6.73,331.0,191.06,27.756,7.504,Sunwoda,22,22,9.775,7.0,3.1,2025-02-20 19:07:32,459.2,active,0.0,92.0,100.0,8.0,0.0006447453255963894,0.0006447453255963894,3,1,0.7699529046375636,0
user_7e28b3a4,JACKX1_jkleissler,JACKX1_jkleissler,ThinkPad X1 Carbon Gen 13,BYD,57030.0,5844,2025-03-18T15:28:36,2026-05-26T15:29:52,434.0,30.0,57040.0,54490.0,57040.0,95.55,95.53,4.47,131.0,131.0,9.19,110.25,0.7166,0.6538,0.3462,90.38,99.0,0.0063,0.5595,5242.0,10.0,6506.0,10764.0,0.0009,343,26.96,20.0,492.9,13.48,161.0,196.99,3.548,3.894,BYD,133,138,31.797,7.2,1.7,2026-05-19 09:31:15,6.4,active,1.0,47.0,100.0,53.0,0.002053388090349076,0.001026694045174538,5,1,0.53687594169638,3
user_ca005cc3,FTEK-PW09S10C_ftek,FTEK-PW09S10C_ftek,ThinkPad L16 Gen 1,Sunwoda,57000.0,1146,2024-02-16T07:10:24,2024-08-05T22:19:49,171.63,30.0,57060.0,57290.0,59990.0,100.51,95.5,4.5,31.0,29.0,5.14,61.72,0.3342,0.3071,0.6929,77.73,85.0,0.0106,0.1991,826.0,0.0,1816.0,4557.0,0.0,76,34.82,28.5,1741.4,3.66,23.0,614.06,25.004,11.398,Sunwoda,32,35,20.393,77.4,45.1,2024-05-20 12:43:35,665.1,stale,2.0,29.0,100.0,71.0,0.010471204188481676,0.002617801047120419,3,1,0.21511417399486732,1
user_688982eb,HZHANG16-5GLDJK_hzhang16,HZHANG16-5GLDJK_hzhang16,ThinkPad X13 Gen 6,SMP,54750.0,9643,2025-05-28T14:44:06,2026-05-27T15:15:15,364.02,30.0,54760.0,52280.0,54760.0,95.49,95.47,4.53,21.0,20.0,1.67,20.07,0.9649,0.9535,0.0465,96.82,98.0,0.0,0.9461,8262.0,0.0,1152.0,9686.0,0.0,45,26.58,23.0,685.7,8.35,68.0,130.17,22.644,4.739,SMP,25,24,6.593,33.1,9.1,2026-04-24 13:28:17,5.4,active,22.0,95.0,100.0,5.0,0.0,0.0,0,1,0.3122979948941504,0
user_84875218,SDILLARD1-GR30Q_sdillard1,SDILLARD1-GR30Q_sdillard1,ThinkPad T14s Gen 6,Sunwoda,58000.0,1567,2025-06-04T15:17:09,2025-12-18T11:42:34,196.85,30.0,58020.0,55900.0,58550.0,96.38,95.47,4.53,53.0,51.0,7.89,94.63,0.5195,0.4321,0.5679,79.74,90.0,0.0081,0.3079,1664.0,0.0,3017.0,5904.0,0.0,112,41.16,44.0,1271.8,3.08,517.0,194.05,17.408,16.691,Sunwoda,60,65,33.02,2.1,1.1,2025-12-16 08:30:22,165.5,active,6.0,33.0,100.0,67.0,0.0019144862795149968,0.0,1,1,0.39894624277119334,0
user_53d4c3dc,LAPTOP-GGLFATQJ_kazuk,LAPTOP-GGLFATQJ_kazuk,ThinkPad X1 Yoga 3rd,SMP,54060.0,3212,2023-02-08T07:36:25,2023-10-13T19:12:21,247.48,30.0,43560.0,43130.0,45190.0,79.78,95.44,4.56,223.0,49.0,6.03,72.32,0.8425,0.7711,0.2289,92.5,100.0,0.0243,0.7067,2325.0,1.0,8686.0,26792.0,0.0,78,39.9,31.5,1652.3,8.15,9.0,116.17,28.491,8.634,SMP,77,98,39.599,4.8,1.9,2023-10-09 01:10:25,962.2,active,0.0,42.55000000000001,100.0,57.44999999999999,0.0112079701120797,0.0043586550435865505,15,1,0.6864454173220599,11
user_8a99e8cf,LAPTOP-J2L4OE0Q_ANakamura,LAPTOP-J2L4OE0Q_ANakamura,ThinkPad X1 Carbon Gen 14,ATL,58000.0,2925,2025-12-23T18:00:42,2026-05-29T09:39:02,156.65,28.19,58030.0,55830.0,58510.0,96.26,95.42,4.58,68.0,67.0,13.02,156.22,0.545,0.506,0.494,83.4,93.0,0.0293,0.3638,946.0,0.0,3825.0,4218.0,0.0,209,26.14,17.0,553.9,15.49,120.0,168.57,10.906,17.074,ATL,69,68,43.408,1.0,0.6,2026-05-28 10:05:42,3.6,active,0.0,31.200000000000017,100.0,68.79999999999998,0.014358974358974359,0.009572649572649573,17,1,0.3559823426410227,9
user_a1c54b7c,ASANTHOSH_asanthosh,ASANTHOSH_asanthosh,ThinkPad P14s Gen 7,BYD,60000.0,904,2026-02-03T16:23:48,2026-05-29T22:40:36,115.26,30.0,60000.0,58960.0,61800.0,98.27,95.4,4.6,48.0,47.0,12.41,148.94,0.3341,0.2365,0.7635,46.27,41.0,0.2078,0.0854,403.0,0.0,2860.0,3330.0,0.0,70,59.46,68.0,1412.4,3.58,264.0,186.5,13.516,23.142,BYD,58,57,49.453,0.6,0.5,2026-05-29 08:06:57,3.1,active,0.0,5.0,100.0,95.0,0.1404867256637168,0.04535398230088496,46,1,0.11942924766776158,15
user_5b6faeb8,LAPTOP-3GSNHJDB_GM3,LAPTOP-3GSNHJDB_GM3,ThinkPad P14s Gen 5,Sunwoda,75000.0,5162,2024-04-21T23:47:20,2024-08-23T09:31:35,123.41,1.48,76020.0,73250.0,76780.0,97.67,95.4,4.6,15.0,5.0,1.23,14.8,0.9535,0.7195,0.2805,98.01,100.0,0.0104,0.6892,1415.0,2.0,1123.0,5902.0,0.0003,14,31.71,11.5,2135.7,1.85,4604.0,400.47,91.951,17.077,Sunwoda,8,7,5.672,2.8,2.3,2024-08-20 14:45:27,647.6,active,10.0,95.0,100.0,5.0,0.0,0.0,0,1,0.6873261132786224,0
user_2c503d07,PHOVEY-PW0KPSPG_phovey,PHOVEY-PW0KPSPG_phovey,ThinkPad T1g Gen 8,Sunwoda,90000.0,1527,2025-09-02T13:25:37,2026-04-29T13:24:21,239.0,30.0,90400.0,87030.0,91230.0,96.7,95.4,4.6,14.0,12.0,1.53,18.34,0.9181,0.8968,0.1032,95.56,98.0,0.0047,0.8493,3388.0,0.0,1278.0,6182.0,0.0,14,17.5,11.0,285.8,6.67,87.0,244.34,57.547,8.483,Sunwoda,16,15,6.276,6.1,2.6,2026-04-23 10:15:59,33.4,active,3.0,85.0,100.0,15.0,0.0032743942370661427,0.0006548788474132286,2,1,0.45667131599232796,0
user_bfb3e7e4,X1FOLDSVT_laher,X1FOLDSVT_laher,ThinkPad X1 Fold 16 Gen 1,Celxpert,48280.0,2585,2023-04-19T13:50:07,2024-10-24T12:42:12,553.95,30.0,48280.0,46050.0,48280.0,95.38,95.38,4.62,60.0,59.0,3.24,38.9,0.6847,0.5934,0.4066,84.94,96.0,0.0085,0.455,3094.0,82.0,2831.0,15249.0,0.0054,147,28.48,22.0,1406.1,4.11,13.0,2.08,8.103,3.08,Celxpert,35,34,6.138,0.1,0.0,2024-10-24 10:38:24,585.5,active,2.0,40.0,100.0,60.0,0.005802707930367505,0.0019342359767891683,4,1,0.41374718422745643,2
user_5640dc2f,YNAN-PF4FDG4X_ynan,YNAN-PF4FDG4X_ynan,ThinkPad T16 Gen 2,SMP,86000.0,7751,2023-08-09T09:55:12,2024-01-17T23:59:27,161.59,30.0,88400.0,84300.0,88400.0,98.02,95.36,4.64,30.0,29.0,5.46,65.55,0.6342,0.7932,0.2068,88.5,96.0,0.0014,0.7704,1750.0,0.0,2631.0,5064.0,0.0,83,32.27,29.0,433.3,5.55,100.0,167.27,15.993,10.509,SMP,22,24,14.853,28.1,17.4,2023-12-20 21:48:44,866.0,active,2.0,67.0,100.0,33.0,0.0005160624435556702,0.00012901561088891756,1,1,0.7317925247316405,1
user_2ff2e9ee,YNAN-PF4FDG4X_qizha,YNAN-PF4FDG4X_qizha,ThinkPad T16 Gen 2,SMP,86000.0,7799,2023-08-09T09:55:12,2024-01-20T15:57:18,164.25,30.0,88400.0,84300.0,88400.0,98.02,95.36,4.64,32.0,31.0,5.75,68.94,0.6343,0.7916,0.2084,88.52,96.0,0.0014,0.7683,1781.0,0.0,2738.0,5128.0,0.0,84,32.63,29.0,447.3,5.5,113.0,188.66,14.961,10.338,SMP,22,24,14.612,30.8,18.7,2023-12-20 21:48:44,863.3,active,2.0,67.0,100.0,33.0,0.0005128862674701885,0.00012822156686754713,1,1,0.7302574007309157,1
user_d4d64382,LAPTOP-SHOBTFD7_TM1,LAPTOP-SHOBTFD7_TM1,ThinkPad X1 2-in-1 Gen 9,BYD,57030.0,319,2025-09-05T13:55:37,2025-10-02T03:05:38,26.55,30.0,54590.0,54360.0,57010.0,95.32,95.35,4.65,31.0,4.0,4.59,55.03,0.4044,0.2648,0.7352,57.26,59.0,0.2689,0.187,3124.0,0.0,1775.0,13454.0,0.0,6,55.17,60.0,5027.4,1.8,321.0,11945.49,,,BYD,10,11,41.433,0.6,2.2,2025-10-01 13:00:27,242.9,active,0.0,4.0,100.0,96.0,0.12225705329153605,0.05642633228840126,4,1,0.07708180024083487,2
user_405cbae2,STEVENLONG-XACV_stevenlong,STEVENLONG-XACV_stevenlong,ThinkPad X1 Carbon Gen 12,Sunwoda,57000.0,903,2024-04-22T10:24:36,2024-08-06T07:52:38,105.89,30.16,58680.0,56790.0,59590.0,99.63,95.3,4.7,37.0,37.0,10.64,127.62,0.3677,0.3882,0.6118,78.19,86.0,0.0086,0.2203,1809.0,0.0,2243.0,4496.0,0.0,88,32.59,27.0,478.4,8.16,93.0,673.57,14.239,17.816,Sunwoda,43,42,39.662,5.0,4.8,2024-08-01 06:52:59,664.7,active,2.0,30.0,100.0,70.0,0.0022148394241417496,0.0011074197120708748,2,1,0.25203193918115757,1
user_8b23b6cd,QCOM-DCV40DDOIB_jowill,QCOM-DCV40DDOIB_jowill,ThinkPad T14s Gen 6,SMP2023,58000.0,3759,2024-07-10T12:43:07,2024-10-29T08:27:49,110.82,30.0,62390.0,59730.0,62700.0,102.98,95.26,4.74,25.0,23.0,6.32,75.8,0.8428,0.8389,0.1611,93.4,98.0,0.0026,0.5853,0.0,0.0,0.0,0.0,,91,10.46,6.0,263.1,6.64,477.0,429.31,29.605,24.406,SMP,43,42,37.898,0.0,0.0,2024-10-29 08:27:49,580.6,active,2.0,63.0,100.0,37.0,0.0007980845969672786,0.00026602819898909286,3,1,0.4710569600993693,0
user_f28e67f2,X1C13-SIT_X1C13,X1C13-SIT_X1C13,ThinkPad X1 Carbon Gen 13,SMP,57030.0,540,2024-08-16T10:29:44,2024-12-12T11:56:14,118.06,20.7,59840.0,58050.0,60950.0,101.79,95.24,4.76,29.0,26.0,6.7,80.44,0.4037,0.2922,0.7078,47.79,41.0,0.1877,0.0469,299.0,0.0,1810.0,3741.0,0.0,44,34.16,30.0,1302.9,5.05,51.0,10.85,59.475,28.511,SMP,15,16,13.552,1.1,1.0,2024-12-11 08:37:48,536.5,active,0.0,5.0,99.0,94.0,0.10740740740740741,0.04259259259259259,24,1,0.0430177931137416,2
user_c968fb6b,X1FOLD16-TK_E28508,X1FOLD16-TK_E28508,ThinkPad X1 Fold 16 Gen 1,Celxpert,48280.0,2538,2023-04-26T18:27:48,2023-10-13T14:07:23,169.82,22.65,48260.0,45940.0,48260.0,95.15,95.19,4.81,28.0,23.0,4.12,49.47,0.6619,0.5857,0.4143,92.01,97.0,0.009,0.4931,5171.0,279.0,1404.0,10876.0,0.0257,112,17.16,10.0,510.8,13.49,34.0,167.8,21.851,11.345,Celxpert,14,13,7.655,23.9,14.1,2023-09-19 16:45:28,962.4,active,4.0,60.85000000000001,100.0,39.14999999999999,0.0035460992907801418,0.0007880220646178094,1,1,0.38713315724351777,1
user_300c9197,AMANDELBLOO-VBQ_amandelbloom,AMANDELBLOO-VBQ_amandelbloom,ThinkPad X13 Gen 4,Sunwoda,54700.0,1501,2023-08-30T13:09:23,2024-11-27T10:16:47,454.88,30.0,54890.0,52230.0,54890.0,95.48,95.15,4.85,23.0,21.0,1.41,16.86,0.7135,0.6206,0.3794,88.82,98.0,0.0209,0.5212,2874.0,1.0,1334.0,11671.0,0.0001,63,29.0,19.0,2930.1,3.81,171.0,238.02,23.076,3.955,Sunwoda,26,25,5.496,214.9,47.2,2024-04-26 12:23:59,551.6,very_stale,2.0,39.0,100.0,61.0,0.010659560293137908,0.003997335109926716,5,1,0.4439249198587985,3
user_b0621bfb,DKUNTTU-W0CXCFB_dkunttu,DKUNTTU-W0CXCFB_dkunttu,ThinkPad T14s Gen 6,,58000.0,538,2024-08-26T10:05:33,2024-09-17T12:12:05,22.09,30.0,58030.0,57170.0,60100.0,98.57,95.12,4.88,7.0,6.0,8.27,99.22,0.7528,0.7149,0.2851,91.74,99.0,0.0184,0.6268,0.0,0.0,0.0,0.0,,17,23.12,11.0,452.5,6.34,,,97.504,,,10,12,54.328,1.1,5.1,2024-09-16 09:03:26,622.5,active,0.0,53.0,100.0,47.0,0.01486988847583643,0.011152416356877323,3,1,0.5029725910055847,1
user_f5cdf311,ZHANGLU11-10_zhanglu11,ZHANGLU11-10_zhanglu11,ThinkPad X280,,47880.0,482,2023-02-10T18:34:36,2024-01-30T08:08:05,353.56,30.0,42620.0,40540.0,42620.0,84.67,95.12,4.88,108.0,24.0,2.07,24.79,0.6701,0.6687,0.3313,88.02,98.0,0.0409,0.5766,12852.0,118.0,3887.0,18928.0,0.0062,24,33.79,27.5,1172.8,20.71,,,21.219,5.137,,17,16,4.525,0.0,0.0,2024-01-30 08:07:18,853.7,active,0.0,32.1,100.0,67.9,0.02074688796680498,0.008298755186721992,5,1,0.4319669334851556,3
user_4f8996f9,KARAI6-PF4PTTHT_karai6,KARAI6-PF4PTTHT_karai6,ThinkPad X1 Carbon Gen 12,SMP,57030.0,3105,2024-01-15T23:04:07,2024-09-06T11:33:54,234.52,30.0,54190.0,51540.0,54190.0,90.37,95.11,4.89,59.0,56.0,7.27,87.22,0.6718,0.5584,0.4416,90.48,96.0,0.0054,0.454,739.0,125.0,3438.0,7330.0,0.0171,202,16.87,12.0,545.9,10.4,343.0,166.05,8.733,7.735,SMP,85,84,35.818,1.9,0.8,2024-09-04 15:01:32,633.5,active,2.0,55.0,100.0,45.0,0.004186795491143317,0.000966183574879227,4,1,0.31226685451598996,2
user_b9cc4d8a,TRICHARDSON-NKH_trichardson,TRICHARDSON-NKH_trichardson,ThinkPad P14s Gen 6,Sunwoda,75000.0,2594,2025-09-30T10:52:57,2026-05-26T11:45:29,238.04,30.0,76100.0,74080.0,77900.0,98.77,95.1,4.9,39.0,36.0,4.6,55.24,0.7086,0.676,0.324,88.3,99.0,0.0052,0.6095,4025.0,0.0,2919.0,6934.0,0.0,87,31.54,28.0,997.5,2.74,141.0,167.86,37.721,27.489,Sunwoda,45,44,18.485,0.6,0.3,2026-05-25 20:55:34,6.5,active,2.0,38.0,100.0,62.0,0.0015420200462606013,0.001156515034695451,1,1,0.6180607603158238,0
user_828249f3,OALI-PF5TMH9T_oali,OALI-PF5TMH9T_oali,ThinkPad P16 Gen 3,SMP,99900.0,4717,2025-10-13T15:24:40,2026-06-01T16:00:45,231.03,30.0,99900.0,94990.0,99900.0,95.09,95.09,4.91,26.0,23.0,3.03,36.36,0.8849,0.9037,0.0963,95.89,98.0,0.0059,0.8716,4976.0,0.0,2590.0,6302.0,0.0,43,28.95,23.0,179.7,13.12,35.0,170.75,23.404,8.063,SMP,29,28,12.12,13.1,5.7,2026-05-19 13:34:39,0.3,active,4.0,84.0,100.0,16.0,0.0025439898240407037,0.00042399830400678397,4,1,0.42724209320257156,2
user_a4843dbd,KANGYINGB-LFXB1_kangyingb,KANGYINGB-LFXB1_kangyingb,ThinkPad X9-14 Gen 1,BYD,55100.0,1930,2025-05-08T10:15:18,2025-10-09T13:49:38,154.15,30.0,55130.0,53000.0,55810.0,96.19,94.97,5.03,77.0,77.0,15.21,182.45,0.4855,0.351,0.649,75.43,83.0,0.026,0.216,462.0,0.0,4171.0,3741.0,0.0,154,38.46,41.0,940.4,4.33,263.0,5605054.41,12.28,26.215,BYD,66,92,59.683,0.1,0.1,2025-10-09 11:07:17,235.4,active,0.0,29.0,100.0,71.0,0.01865284974093264,0.007253886010362694,12,1,0.23277933906318662,5
user_a6991803,ZWOXPF3V6VNY_zwo,ZWOXPF3V6VNY_zwo,ThinkPad T14 Gen 2a,,51000.0,9367,2023-02-02T17:12:11,2024-10-31T19:40:36,637.1,30.0,48650.0,46830.0,49360.0,91.82,94.87,5.13,195.0,167.0,7.98,95.74,0.7066,0.6865,0.3135,87.14,99.0,0.0126,0.5566,3915.0,1.0,7981.0,20094.0,0.0,242,27.75,20.5,601.2,11.51,,,3.535,3.113,,197,399,62.627,23.1,3.6,2024-10-08 17:45:29,578.2,active,0.0,31.0,100.0,69.0,0.015586633927618235,0.0032027329988256648,34,1,0.5970767673403362,2
user_976f2541,LXIAO1-PF3T9L7M_lxiao1,LXIAO1-PF3T9L7M_lxiao1,ThinkPad X1 Carbon Gen 9,SMP,57050.0,10892,2023-02-08T10:19:37,2025-08-08T13:57:50,912.15,30.0,58990.0,55960.0,58990.0,98.09,94.86,5.14,285.0,242.0,8.08,96.9,0.6551,0.5813,0.4187,65.76,70.0,0.0173,0.0011,90.0,0.0,16855.0,24889.0,0.0,766,16.53,12.0,311.2,14.23,7.0,0.51,2.776,2.433,SMP,6,5,0.548,525.2,57.6,2024-03-01 09:49:55,297.4,very_stale,2.0,33.0,79.0,46.0,0.007987513771575468,0.002662504590525156,39,1,0.0008220175644268851,0
user_91ace884,L13_jboxer,L13_jboxer,ThinkPad L13 Yoga Gen 4,Celxpert,46000.0,1602,2023-04-28T15:12:43,2025-07-09T09:57:18,802.78,30.0,46000.0,43770.0,46150.0,95.15,94.84,5.16,59.0,52.0,1.97,23.66,0.5836,0.4449,0.5551,71.32,83.0,0.0452,0.0736,409.0,0.0,2733.0,13726.0,0.0,122,33.61,29.0,2209.1,2.65,11.0,0.68,10.525,2.4,Celxpert,72,120,14.948,273.9,34.1,2024-10-08 13:14:56,327.6,very_stale,0.0,18.0,100.0,82.0,0.03745318352059925,0.02372034956304619,16,1,0.09969751758922599,2
user_5049b97b,NPUTSALA-0A1Z31_nputsala,NPUTSALA-0A1Z31_nputsala,ThinkPad L13 2-in-1 Gen 5,Sunwoda,46000.0,6925,2024-03-19T12:13:33,2025-05-23T19:04:13,430.29,30.0,46000.0,44350.0,46770.0,96.41,94.83,5.17,80.0,75.0,5.31,63.66,0.7214,0.6139,0.3861,94.51,100.0,0.0033,0.5383,505.0,0.0,3449.0,10834.0,0.0,358,13.95,9.0,475.1,4.92,26.0,611.2,7.186,4.468,Sunwoda,35,36,8.367,6.3,1.5,2025-05-17 12:17:21,374.2,active,0.0,72.0,100.0,28.0,0.0018772563176895306,0.0010108303249097472,3,1,0.5882509290898764,3
user_ce5101c8,JESTROFF-504AKS_jestroff,JESTROFF-504AKS_jestroff,ThinkPad X1 Carbon Gen 13,Celxpert,57030.0,1436,2024-10-10T16:18:13,2025-02-06T08:36:43,118.68,30.0,58150.0,55820.0,58870.0,97.88,94.82,5.18,25.0,24.0,6.16,73.86,0.7416,0.6658,0.3342,88.93,100.0,0.0164,0.5965,1479.0,0.0,1448.0,3517.0,0.0,55,34.87,22.0,1150.0,3.06,119.0,190.92,47.099,32.638,Celxpert,31,31,26.121,3.0,2.5,2025-02-03 08:59:04,480.6,active,3.0,35.0,100.0,65.0,0.004874651810584958,0.0006963788300835655,4,1,0.5390791362987821,1
user_c4616c30,JOSEPH_jmayersalman,JOSEPH_jmayersalman,ThinkPad P14s Gen 7 AMD,Celxpert,75000.0,1553,2026-01-14T14:45:18,2026-04-17T12:56:43,92.92,30.0,75010.0,73090.0,77100.0,97.45,94.8,5.2,61.0,60.0,19.65,235.84,0.4913,0.411,0.589,78.76,88.0,0.0192,0.2319,1137.0,0.0,4600.0,2900.0,0.0,126,37.62,33.0,448.8,12.71,196.0,163.84,11.307,31.62,Celxpert,67,66,71.025,0.8,0.9,2026-04-16 16:56:38,45.5,active,5.0,26.0,100.0,74.0,0.0077269800386349004,0.0,6,1,0.27398904514789396,6
user_46c9c813,STAHAMTAN-MLH1C_stahamtan,STAHAMTAN-MLH1C_stahamtan,ThinkPad X1 Carbon Gen 12,Celxpert,57030.0,9516,2023-12-14T10:11:34,2026-05-28T11:55:25,896.07,30.0,58830.0,55750.0,58830.0,97.76,94.76,5.24,112.0,110.0,3.74,44.84,0.8138,0.8022,0.1978,93.53,98.0,0.0007,0.7384,16639.0,0.0,6360.0,22192.0,0.0,324,24.83,21.0,333.6,12.52,941.0,359.31,4.759,2.205,Celxpert,114,113,12.611,0.1,0.0,2026-05-28 08:45:58,4.5,active,3.0,64.0,100.0,36.0,0.00031525851197982345,0.00031525851197982345,1,1,0.4528687598494967,1
user_6b4fe27e,MBUT-PF3DMVFZ_mbutt,MBUT-PF3DMVFZ_mbutt,ThinkPad T14 Gen 6,BYD,52500.0,697,2026-04-16T10:58:39,2026-05-28T11:04:45,42.0,30.0,51990.0,51200.0,54070.0,97.52,94.69,5.31,58.0,38.0,27.54,330.43,0.429,0.3947,0.6053,61.76,65.0,0.1522,0.2176,436.0,1.0,3021.0,2186.0,0.0005,43,65.16,70.0,821.6,14.08,357.0,192.29,29.489,,BYD,48,52,123.797,0.0,0.0,2026-05-28 10:34:45,4.5,active,1.0,7.0,100.0,93.0,0.058823529411764705,0.04160688665710186,18,1,0.2611355546353462,10
user_6c9351af,X9-SIT1_xuxru,X9-SIT1_xuxru,ThinkPad X9-14 Gen 1,BYD,55100.0,1112,2024-11-09T21:12:44,2024-12-10T11:51:48,30.61,29.95,54870.0,52570.0,55530.0,95.41,94.67,5.33,54.0,40.0,39.78,477.29,0.3534,0.2584,0.7416,57.21,57.0,0.1141,0.0769,211.0,0.0,2959.0,1916.0,0.0,86,41.26,35.5,319.8,13.74,3275.0,662.61,22.21,,BYD,43,50,163.343,0.8,2.5,2024-12-09 17:15:57,538.5,active,2.0,10.550000000000004,100.0,89.44999999999999,0.047661870503597124,0.006294964028776978,17,1,0.09453074954151655,8
user_655e1819,LAPTOP-I551TCUQ_Eiger-1,LAPTOP-I551TCUQ_Eiger-1,ThinkPad T14s Gen 5,ATL,58000.0,442,2023-12-28T03:05:55,2024-02-29T18:18:33,63.63,30.0,58050.0,55930.0,59090.0,96.43,94.65,5.35,10.0,8.0,3.83,45.92,0.6742,0.5586,0.4414,85.59,99.0,0.0516,0.504,692.0,0.0,555.0,1973.0,0.0,15,35.4,28.0,2185.3,1.44,5.0,8.36,106.955,,ATL,12,11,17.286,0.3,0.4,2024-02-29 11:48:33,823.2,active,0.0,21.05,100.0,78.95,0.01583710407239819,0.006787330316742082,3,1,0.4298125689478195,1
user_0b24bf6e,SKAWANO-F2PXEKF_seiuchi,SKAWANO-F2PXEKF_seiuchi,ThinkPad X1 Carbon Gen 9,Celxpert,57000.0,2600,2023-07-26T16:16:26,2024-01-04T11:23:33,161.8,26.22,48130.0,46870.0,49520.0,82.23,94.65,5.35,486.0,89.0,16.74,200.91,0.6273,0.5884,0.4116,81.3,94.0,0.0315,0.3485,4579.0,7.0,24331.0,24192.0,0.0003,175,30.23,26.0,241.6,30.74,47.0,373.72,11.633,20.836,Celxpert,156,312,192.835,24.6,15.2,2023-12-10 20:43:34,879.5,active,2.0,31.0,100.0,69.0,0.003076923076923077,0.0019230769230769232,3,1,0.32614087738290015,0
user_4c1ce1e2,JBOWEN2-F62KRD0_jbowen2,JBOWEN2-F62KRD0_jbowen2,ThinkPad T16 Gen 5,COSMX,75000.0,1843,2026-01-14T11:42:48,2026-05-18T15:25:45,124.15,30.0,75010.0,71000.0,75010.0,94.67,94.65,5.35,39.0,39.0,9.56,114.73,0.6994,0.7108,0.2892,83.26,96.0,0.0168,0.5645,1878.0,0.0,2884.0,3634.0,0.0,62,43.71,47.0,892.2,13.82,126.0,237.75,14.449,16.97,COSMX,39,38,30.607,3.2,2.6,2026-05-15 11:11:43,14.4,active,4.0,26.0,100.0,74.0,0.0016277807921866521,0.0005425935973955507,2,1,0.3128520490800406,2
user_75d5a0a3,LAPTOP-P9BQ8OLJ_Neal,LAPTOP-P9BQ8OLJ_Neal,ThinkPad X13 Gen 6,Sunwoda,54700.0,3232,2025-07-08T00:39:09,2026-04-22T22:35:26,288.91,30.0,55650.0,52630.0,55650.0,96.22,94.57,5.43,71.0,70.0,7.38,88.5,0.62,0.5318,0.4682,86.72,97.0,0.0058,0.3684,3440.0,0.0,3839.0,7646.0,0.0,172,29.67,26.5,1305.5,13.74,690.0,671.54,7.753,6.9,Sunwoda,70,69,23.883,3.5,1.2,2026-04-19 09:25:36,40.1,active,1.0,47.0,100.0,53.0,0.001547029702970297,0.0012376237623762376,2,1,0.4100211596320111,1
user_ddd1e86f,TRICHARDSON-GP9_trichardson,TRICHARDSON-GP9_trichardson,ThinkPad P1 Gen 6,Sunwoda,90010.0,6989,2023-07-21T11:53:27,2025-05-12T11:32:15,660.99,30.0,92520.0,87480.0,92520.0,97.19,94.55,5.45,140.0,136.0,6.26,75.15,0.754,0.7021,0.2979,88.56,98.0,0.0109,0.6003,10928.0,4.0,12406.0,17881.0,0.0002,335,30.57,25.0,715.7,6.28,853.0,654.27,4.005,3.023,Sunwoda,128,129,19.516,0.0,0.0,2025-05-12 11:32:15,385.5,active,0.0,40.0,100.0,60.0,0.005723279439118615,0.0005723279439118615,20,1,0.488481708475899,9
user_445c702a,MAOXY1-PF1H5KSF_maoxy1,MAOXY1-PF1H5KSF_maoxy1,ThinkPad E490,SMP,45280.0,10983,2023-02-06T09:50:32,2025-05-27T11:06:25,841.05,30.0,41300.0,40530.0,42870.0,89.51,94.54,5.46,582.0,166.0,6.01,72.09,0.8587,0.8136,0.1864,92.46,98.0,0.0129,0.7526,13474.0,0.0,20226.0,57462.0,0.0,221,43.51,40.0,519.3,33.17,95.0,167.16,6.498,3.653,SMP,206,390,46.37,0.1,0.0,2025-05-27 09:00:30,370.5,active,0.0,51.10000000000002,100.0,48.89999999999998,0.006009287080032778,0.00418829099517436,24,1,0.4243542597325741,17
user_5547af7f,TTOMIMATSU-DC3F_ttomimatsu,TTOMIMATSU-DC3F_ttomimatsu,ThinkPad X1 Yoga Gen 6,Celxpert,57000.0,8315,2023-02-08T09:47:02,2024-08-30T15:00:16,569.22,30.0,49190.0,46820.0,49530.0,82.14,94.53,5.47,235.0,91.0,4.87,58.39,0.8485,0.8702,0.1298,85.54,92.0,0.0043,0.4772,6235.0,0.0,11936.0,29536.0,0.0,237,24.44,19.0,426.0,30.97,112.0,235.86,6.079,3.543,Celxpert,145,221,38.825,2.9,0.5,2024-08-27 17:24:06,640.4,active,1.0,51.0,100.0,49.0,0.0012026458208057728,0.0007215874924834636,5,1,0.37482294328138865,1
user_ee98cac2,YICHIKAWA3-M43N_yichikawa3,YICHIKAWA3-M43N_yichikawa3,ThinkPad T14s Gen 4,BYD,57000.0,3733,2025-09-26T10:43:34,2026-05-28T13:23:34,244.11,30.0,53390.0,50430.0,53390.0,88.47,94.46,5.54,265.0,120.0,14.96,179.55,0.3453,0.2216,0.7784,78.12,80.0,0.0,0.1103,3288.0,0.0,14055.0,22075.0,0.0,312,32.48,34.5,915.2,8.55,77.0,167.79,4.62,8.304,BYD,123,122,49.977,0.8,0.3,2026-05-27 17:12:59,4.4,active,30.0,47.0,100.0,53.0,0.0,0.0,0,1,0.1824468312515078,0
user_9cda0530,PPOOJA-PW0C7CJW_ppooja,PPOOJA-PW0C7CJW_ppooja,ThinkPad T14s Gen 6,,58000.0,1029,2024-07-24T11:29:46,2024-11-11T07:57:20,109.85,30.0,59940.0,60260.0,63800.0,103.9,94.45,5.55,34.0,33.0,9.14,109.72,0.3314,0.2622,0.7378,60.41,60.0,0.0531,0.1591,0.0,0.0,0.0,0.0,,66,44.86,40.0,1579.5,3.22,,,,,,22,24,21.847,3.5,3.2,2024-11-07 20:24:35,567.7,active,0.0,15.0,100.0,85.0,0.027210884353741496,0.010689990281827016,11,1,0.16403837545094668,4
user_84f2c7b0,TBERDAR-F5DC8CG_tberdar,TBERDAR-F5DC8CG_tberdar,ThinkPad X9-14 Gen 1,SWD,55100.0,4285,2025-01-13T11:27:15,2026-03-02T13:10:31,413.07,30.0,55130.0,53620.0,56780.0,97.31,94.43,5.57,129.0,128.0,9.43,113.18,0.6161,0.5746,0.4254,78.84,86.0,0.0182,0.3289,3753.0,0.0,7115.0,10414.0,0.0,237,37.15,34.0,876.2,7.56,148.0,1091.37,7.95,8.039,Sunwoda,132,150,36.313,2.8,0.7,2026-02-27 17:39:56,91.5,active,2.0,29.0,100.0,71.0,0.0030338389731621937,0.0009334889148191366,7,1,0.18193471566647387,2
user_1694e77c,JKLEISSLER-DNZK_jkleissler,JKLEISSLER-DNZK_jkleissler,ThinkPad X1 Carbon Gen 13,BYD,57030.0,699,2025-01-24T10:08:32,2025-03-14T10:00:37,48.99,30.0,57040.0,56160.0,59480.0,98.47,94.42,5.58,23.0,22.0,13.67,164.01,0.6581,0.5702,0.4298,85.55,98.0,0.0231,0.4675,511.0,0.0,1274.0,2335.0,0.0,43,34.77,24.0,593.8,12.26,135.0,166.39,93.028,,BYD,23,22,44.903,0.1,0.1,2025-03-14 08:30:41,444.6,active,6.0,30.0,100.0,70.0,0.008583690987124463,0.0,2,1,0.3906892858395452,2
user_5be2ad89,CPOWELL1-PF4Z89_cpowell1,CPOWELL1-PF4Z89_cpowell1,ThinkPad T14 Gen 5,Sunwoda,52500.0,1238,2024-08-20T16:15:56,2024-12-09T08:37:36,110.68,30.0,48250.0,46920.0,49720.0,89.37,94.37,5.63,57.0,25.0,6.88,82.5,0.7003,0.6201,0.3799,86.4,98.0,0.0783,0.5289,1953.0,0.0,2943.0,6219.0,0.0,43,34.09,18.0,758.8,11.26,29.0,514.35,,,Sunwoda,36,39,35.236,11.9,10.7,2024-11-27 12:07:00,539.6,active,0.0,18.85,100.0,81.15,0.0395799676898223,0.023424878836833602,15,1,0.448316513905935,9
user_45ac48af,JQUINTERO-A2BYW_jquintero,JQUINTERO-A2BYW_jquintero,ThinkPad L16 Gen 1,SMP,57170.0,8555,2024-03-20T08:11:18,2025-10-08T11:27:10,567.14,30.0,58380.0,55090.0,58380.0,96.36,94.36,5.64,102.0,100.0,5.37,64.4,0.8256,0.8203,0.1797,93.35,100.0,0.0077,0.7505,9491.0,8.0,5640.0,14296.0,0.0006,240,35.67,31.0,535.0,10.5,189.0,191.33,5.635,3.636,SMP,111,113,19.925,8.8,1.6,2025-09-29 15:40:22,236.5,active,1.0,53.0,100.0,47.0,0.004441846873173583,0.0016364699006428988,17,1,0.7735524253041771,10
user_f7537ae7,SKAWANO-F2PXEKF_skawano,SKAWANO-F2PXEKF_skawano,ThinkPad X1 Carbon Gen 9,Celxpert,57000.0,2657,2023-07-26T16:16:26,2024-06-21T15:15:06,330.96,26.47,48130.0,46720.0,49520.0,81.96,94.35,5.65,491.0,94.0,8.65,103.74,0.6293,0.5904,0.4096,81.45,94.0,0.0308,0.3536,4591.0,7.0,24570.0,28208.0,0.0002,177,30.03,26.0,239.0,30.8,12.0,223.76,11.087,7.853,Celxpert,160,317,95.783,23.1,7.0,2024-05-29 11:50:38,710.4,active,2.0,31.80000000000001,100.0,68.19999999999999,0.003387278885961611,0.002258185923974407,4,1,0.32629908021348647,0
user_b0ec1eee,LL_LLL,LL_LLL,ThinkPad T14p Gen 3,Sunwoda,75000.0,8233,2025-08-04T17:48:34,2026-04-20T17:08:12,258.97,30.0,75000.0,71770.0,76100.0,95.69,94.31,5.69,48.0,48.0,5.64,67.7,0.8862,0.8952,0.1048,96.44,100.0,0.0026,0.8561,5044.0,2.0,3519.0,6495.0,0.0003,129,27.38,23.0,209.9,16.75,771.0,654.59,16.735,10.986,Sunwoda,56,55,21.238,0.3,0.1,2026-04-20 09:26:49,42.3,active,1.0,79.0,100.0,21.0,0.0007287744443094862,0.0004858496295396575,4,1,0.7200550487465874,1
user_c4fb4e4f,ROROSAS-W0BX6X0_rorosas,ROROSAS-W0BX6X0_rorosas,ThinkPad T14s Gen 6,SMP2023,58000.0,2913,2024-07-31T13:04:57,2025-05-12T14:43:38,285.07,30.0,59850.0,60130.0,63800.0,103.67,94.25,5.75,46.0,43.0,4.59,55.09,0.6303,0.5982,0.4018,89.85,97.0,0.008,0.5152,0.0,0.0,0.0,0.0,,143,21.99,13.0,1119.3,3.02,62.0,671.99,20.544,10.382,SMP,54,54,18.943,27.0,9.5,2025-04-15 13:34:01,385.4,active,0.0,50.0,100.0,50.0,0.0054926192928252664,0.003089598352214212,5,1,0.3640274723102075,2
user_7d3eafad,KCHAUHAN1-Y538L_kchauhan1,KCHAUHAN1-Y538L_kchauhan1,ThinkPad P16s Gen 3,SMP,75000.0,638,2024-06-17T11:41:42,2024-08-22T11:34:23,65.99,30.0,75000.0,72350.0,76780.0,96.47,94.23,5.77,32.0,29.0,13.38,160.5,0.4342,0.3626,0.6374,66.9,73.5,0.0551,0.1805,463.0,0.0,2454.0,2930.0,0.0,43,64.6,70.0,1428.5,4.51,131.0,239.5,44.383,,SMP,25,30,45.458,4.7,7.2,2024-08-17 17:46:19,648.5,active,1.0,14.0,100.0,86.0,0.02664576802507837,0.004702194357366771,4,1,0.22690512540894223,2
user_e1960442,YTAKEDA1-15_ytakeda1,YTAKEDA1-15_ytakeda1,ThinkPad P1 Gen 7,Celxpert,90000.0,5064,2024-06-06T13:12:38,2026-05-21T01:41:11,713.52,30.0,91240.0,85940.0,91240.0,95.49,94.19,5.81,43.0,38.0,1.62,19.45,0.8335,0.8051,0.1949,76.58,79.0,0.0191,0.0689,2349.0,0.0,3761.0,17915.0,0.0,148,19.23,15.5,1242.4,14.69,354.0,191.87,15.286,3.007,Celxpert,41,40,5.606,20.5,2.9,2026-04-30 13:39:44,11.9,active,0.0,54.0,99.0,45.0,0.005924170616113744,0.0007898894154818325,9,1,0.05106124626781744,0
user_c9dacee3,DRUBRIGHT-NXE61_drubright,DRUBRIGHT-NXE61_drubright,ThinkPad X1 2-in-1 Gen 9,SMP,57030.0,4115,2024-01-12T12:38:00,2025-12-08T15:46:31,696.13,30.0,58390.0,54990.0,58390.0,96.42,94.18,5.82,76.0,74.0,3.24,38.83,0.755,0.673,0.327,87.27,99.0,0.0186,0.5644,2838.0,0.0,4503.0,17355.0,0.0,146,35.42,29.0,1019.1,8.51,10.0,0.3,8.958,3.108,SMP,80,84,12.067,138.2,19.9,2025-07-23 09:55:27,175.3,stale,2.0,36.0,100.0,64.0,0.006561360874848116,0.0026731470230862697,13,1,0.5312652833427868,2
user_65988094,FALMODOVAR-ZGVG_falmodovar,FALMODOVAR-ZGVG_falmodovar,ThinkPad T16 Gen 4,SMP,87380.0,553,2025-02-04T14:09:35,2025-04-01T14:14:07,56.0,30.0,89300.0,84090.0,89300.0,96.23,94.17,5.83,14.0,12.0,6.52,78.26,0.5497,0.4617,0.5383,80.23,94.0,0.0089,0.3851,596.0,5.0,1332.0,2641.0,0.0019,26,38.35,38.5,2216.5,3.32,327.0,673.0,53.039,39.434,SMP,14,14,24.999,0.7,1.2,2025-03-31 21:46:11,426.4,active,13.0,33.6,100.0,66.4,0.0,0.0,0,1,0.38888987297861827,0
user_cfd15f45,ASANTHOSH-9S10E_asanthosh,ASANTHOSH-9S10E_asanthosh,ThinkPad L16 Gen 1,Sunwoda,57000.0,1954,2024-02-15T11:49:27,2024-08-09T12:24:36,176.02,30.0,57170.0,56750.0,60330.0,99.56,94.07,5.93,97.0,95.0,16.43,197.12,0.5005,0.4304,0.5696,57.55,59.5,0.1626,0.1762,871.0,0.0,5658.0,4656.0,0.0,151,56.9,62.0,789.1,9.49,19.0,579.73,12.626,22.09,Sunwoda,118,137,77.83,29.9,17.0,2024-07-10 14:25:53,661.5,active,0.0,3.0,100.0,97.0,0.1105424769703173,0.06038894575230297,76,1,0.20636236082026105,37
user_faac180e,PCHEN23-F5FSWCG_pchen23,PCHEN23-F5FSWCG_pchen23,ThinkPad X1 2-in-1 Gen 10,Sunwoda,57000.0,780,2025-05-20T15:00:01,2025-09-17T09:48:51,119.78,30.0,57040.0,54830.0,58310.0,96.19,94.03,5.97,38.0,37.0,9.4,112.82,0.3769,0.3729,0.6271,59.2,61.0,0.1156,0.1005,1306.0,0.0,2144.0,3915.0,0.0,64,48.58,47.5,1091.8,8.12,129.0,289.32,22.104,23.494,Sunwoda,46,45,37.568,0.9,0.7,2025-09-16 12:39:03,257.6,active,0.0,11.0,100.0,89.0,0.04487179487179487,0.019230769230769232,16,1,0.12133412179256615,9
user_7d0557e1,LAPTOP-VMR2DHBF_test,LAPTOP-VMR2DHBF_test,ThinkPad X1 Carbon Gen 13,Sunwoda,57000.0,2666,2024-10-29T08:58:16,2025-08-22T10:43:13,297.07,29.3,58930.0,56230.0,59860.0,98.65,93.94,6.06,81.0,76.0,7.79,93.44,0.5409,0.517,0.483,81.91,89.0,0.0079,0.3132,1852.0,0.0,4858.0,8119.0,0.0,231,23.24,18.0,798.9,12.03,396.0,230.39,16.39,13.5,Sunwoda,78,86,28.949,1.8,0.6,2025-08-20 15:24:36,283.6,active,2.0,42.0,100.0,58.0,0.003000750187546887,0.0007501875468867217,4,1,0.2534890788091916,2
user_28fa728b,MKITAMURA-N0XRP_mkitamura,MKITAMURA-N0XRP_mkitamura,ThinkPad X1 Carbon Gen 9,,57000.0,10136,2023-02-03T12:48:21,2024-04-10T13:40:09,432.04,30.0,50890.0,49360.0,52570.0,86.6,93.89,6.11,298.0,211.0,14.87,178.38,0.6916,0.6476,0.3524,89.73,98.0,0.0106,0.5246,4217.0,2.0,15463.0,18182.0,0.0001,558,26.11,20.0,304.4,19.46,,,7.93,13.106,,261,861,199.289,0.7,0.2,2024-04-09 20:05:29,782.4,active,2.0,47.0,100.0,53.0,0.002861089187056038,0.000887924230465667,16,1,0.49324329053084354,6
user_d4d40a7a,LAPTOP-T2RCOIA2_SVT,LAPTOP-T2RCOIA2_SVT,ThinkPad X1 Carbon Gen 12,Sunwoda,57000.0,2778,2024-05-29T18:33:39,2024-11-18T13:55:37,172.81,30.0,57590.0,54070.0,57590.0,94.86,93.89,6.11,36.0,34.0,5.99,71.86,0.6904,0.6211,0.3789,92.52,98.0,0.0055,0.5378,3183.0,0.0,2119.0,6980.0,0.0,174,16.47,10.5,384.6,11.56,53.0,366.14,17.977,13.276,Sunwoda,39,38,21.99,40.8,23.6,2024-10-08 18:45:30,560.4,active,6.0,65.0,100.0,35.0,0.0003599712023038157,0.0,1,1,0.43527573474446085,0
user_e6821828,ASANTHOSH-FT15Y_X1,ASANTHOSH-FT15Y_X1,ThinkPad X1 2-in-1 Gen 10,BYD,57030.0,666,2025-07-08T13:19:08,2025-10-14T10:43:42,97.89,30.0,57040.0,54910.0,58510.0,96.28,93.85,6.15,36.0,34.0,10.57,126.86,0.4144,0.3395,0.6605,48.67,43.0,0.2083,0.144,573.0,0.0,2083.0,4528.0,0.0,53,57.94,57.0,2227.7,4.5,515.0,347.71,20.509,26.758,BYD,46,50,51.077,1.0,1.0,2025-10-13 10:54:15,230.6,active,1.0,2.0,100.0,98.0,0.16516516516516516,0.08858858858858859,45,1,0.1919263851653262,15
user_8613db0a,JDASILVA-4QWMA3_jdasilva,JDASILVA-4QWMA3_jdasilva,ThinkPad T14s Gen 5,SMP,58020.0,1581,2024-04-15T15:07:09,2024-08-05T14:52:04,111.99,30.0,58030.0,54450.0,58030.0,93.85,93.83,6.17,31.0,30.0,8.15,97.84,0.6635,0.555,0.445,87.19,96.0,0.0041,0.4047,1417.0,0.0,1732.0,3818.0,0.0,80,27.41,21.0,694.8,4.63,194.0,188.18,20.564,20.663,SMP,31,33,29.467,4.0,3.6,2024-08-01 15:09:09,665.4,active,17.0,47.0,100.0,53.0,0.0,0.0,0,1,0.3641630162127484,0
user_14d9d7fb,LAPTOP-SHD3G568_Test,LAPTOP-SHD3G568_Test,ThinkPad X9-14 Gen 1,BYD,55100.0,1556,2025-06-26T01:38:03,2026-03-15T11:17:15,262.4,30.0,56570.0,53070.0,56570.0,96.32,93.81,6.19,214.0,67.0,7.77,93.26,0.3843,0.2664,0.7336,63.45,65.0,0.0451,0.0855,1706.0,0.0,11526.0,12906.0,0.0,122,44.93,50.0,2288.4,1.99,633.0,691.81,9.234,9.284,BYD,72,81,30.869,0.8,0.3,2026-03-14 16:58:55,78.5,active,3.0,19.0,100.0,81.0,0.019280205655526992,0.0012853470437017994,12,1,0.12817723898891112,3
user_0cd25538,LAPTOP-VM3TTE0T_Totoro,LAPTOP-VM3TTE0T_Totoro,ThinkPad P15v Gen 2i,Celxpert,68000.0,27767,2023-02-14T09:13:50,2024-11-29T10:10:50,654.04,30.0,61710.0,58000.0,61850.0,85.29,93.78,6.22,58.0,38.0,1.77,21.22,0.9935,0.9943,0.0057,98.08,100.0,0.0003,0.9695,1812.0,57.0,2627.0,29590.0,0.0019,42,35.88,32.0,60.7,40.69,45.0,71.12,16.381,3.526,Celxpert,56,87,13.302,3.0,0.5,2024-11-26 09:10:50,549.6,active,5.0,95.0,100.0,5.0,7.202794684337522e-05,0.0,2,1,0.7403426731266679,2
user_e2b3445d,MHEIDENFELD-XSD_mheidenfeldt,MHEIDENFELD-XSD_mheidenfeldt,ThinkPad T14s Gen 6,Sunwoda,58000.0,3547,2025-02-24T15:16:36,2026-04-13T22:01:06,413.28,30.0,58140.0,54960.0,58630.0,94.76,93.74,6.26,68.0,66.0,4.86,58.33,0.5616,0.4669,0.5331,87.64,96.0,0.0103,0.3923,3852.0,0.0,3866.0,10836.0,0.0,229,21.87,14.0,1391.4,3.12,254.0,191.15,10.792,6.835,Sunwoda,75,83,20.083,4.4,1.1,2026-04-09 13:00:58,49.1,active,0.0,44.0,100.0,56.0,0.006202424584155625,0.0019734987313222443,8,1,0.3910489613131778,5
user_415df276,LAPTOP-OMDL8LQ4_EESIT,LAPTOP-OMDL8LQ4_EESIT,ThinkPad X1 Carbon Gen 13,BYD,57030.0,3100,2024-08-21T13:01:52,2025-03-12T13:51:11,203.03,30.0,58870.0,55460.0,59200.0,97.25,93.68,6.32,141.0,127.0,19.04,228.47,0.44,0.3662,0.6338,59.45,61.0,0.1034,0.1345,567.0,0.0,7969.0,5964.0,0.0,258,40.83,36.0,730.6,13.83,205.0,167.95,5.095,12.031,BYD,131,167,82.252,0.1,0.0,2025-03-12 11:47:50,446.4,active,0.0,10.0,100.0,90.0,0.047419354838709675,0.00903225806451613,64,1,0.12475880794854703,18
user_63c7389a,AH-PF4KXDJ8_ah,AH-PF4KXDJ8_ah,ThinkPad X1 Carbon Gen 12,Celxpert,57030.0,10342,2023-10-02T13:13:32,2024-05-29T12:11:38,239.96,30.0,57630.0,54500.0,58210.0,95.56,93.63,6.37,41.0,38.0,4.82,57.84,0.9161,0.9449,0.0551,95.64,99.0,0.0001,0.815,5445.0,59.0,2307.0,6454.0,0.0091,166,16.9,13.5,79.6,18.51,154.0,280.22,16.772,9.821,Celxpert,46,45,18.753,0.8,0.4,2024-05-28 15:52:13,733.5,active,18.0,78.0,100.0,22.0,0.0,0.0,0,1,0.6173331088043236,0
user_95309b77,KCHEON-PF5A9YHM_kcheon,KCHEON-PF5A9YHM_kcheon,ThinkPad T14s Gen 6,Sunwoda,58000.0,5715,2025-02-25T10:48:40,2026-05-25T15:49:45,454.21,30.0,58030.0,54330.0,58030.0,93.67,93.62,6.38,99.0,98.0,6.57,78.81,0.7897,0.7582,0.2418,89.03,97.0,0.0028,0.5891,5013.0,0.0,5571.0,11967.0,0.0,264,26.34,21.0,282.0,23.9,6.0,1176.5,6.712,5.219,Sunwoda,101,100,22.016,49.2,10.8,2026-04-06 09:52:53,7.3,active,6.0,50.0,100.0,50.0,0.00034995625546806647,0.0,2,1,0.3235138249293579,0
user_90a586e4,YANGYQ-PF50KB95_yangyq,YANGYQ-PF50KB95_yangyq,ThinkPad X1 Carbon Gen 12,Sunwoda,57000.0,4936,2024-07-09T14:04:15,2026-02-03T13:32:13,573.98,0.07,57040.0,54220.0,57930.0,95.12,93.6,6.4,33.0,32.0,1.7,20.36,0.5221,0.5032,0.4968,52.07,52.0,0.0144,0.3421,4814.0,0.0,1953.0,13837.0,0.0,84,28.76,24.5,5165.0,0.81,145.0,309.54,64.043,13.362,Sunwoda,38,39,6.795,13.5,2.4,2026-01-21 00:27:08,118.4,active,0.0,7.0,99.0,92.0,0.08022690437601297,0.008508914100486223,6,1,0.2748017529041434,0
user_ab6e506b,JMAYERSALMA-TNQ_jmayersalman,JMAYERSALMA-TNQ_jmayersalman,ThinkPad L13 Gen 6,SMP,54750.0,2225,2025-08-21T13:11:21,2026-02-03T12:12:07,165.96,30.0,54760.0,51900.0,55460.0,94.79,93.58,6.42,102.0,102.0,18.71,224.49,0.511,0.5058,0.4942,81.46,95.0,0.0185,0.312,2207.0,0.0,5351.0,6048.0,0.0,206,36.77,31.0,481.5,20.2,380.0,439.03,7.054,15.933,SMP,102,119,71.705,14.1,8.5,2026-01-20 09:52:58,118.5,active,0.0,28.0,100.0,72.0,0.005393258426966292,0.003146067415730337,4,1,0.3256635475729491,3
user_ae8a7012,FSUN3-PC133Y8H_LicenseServer,FSUN3-PC133Y8H_LicenseServer,ThinkPad T480s,SMP,57020.0,2577,2023-02-07T19:00:19,2026-05-25T13:54:39,1202.79,30.0,50540.0,47760.0,51040.0,83.76,93.57,6.43,126.0,15.0,0.38,4.56,0.9367,0.9307,0.0693,96.49,99.0,0.0002,0.9093,3612.0,5.0,5910.0,62540.0,0.0001,21,33.57,29.0,4741.5,1.52,6.0,191.19,91.805,2.588,SMP,21,23,1.912,8.3,0.7,2026-05-17 06:05:31,7.4,active,17.0,87.0,100.0,13.0,0.0,0.0,0,1,0.49297339475798974,0
user_2f4b3615,LAPTOP-5U1GRQST_AN1484GM11,LAPTOP-5U1GRQST_AN1484GM11,ThinkPad X1 2-in-1 Gen 11,SMP,58000.0,1607,2026-02-02T11:45:34,2026-06-01T09:03:44,118.89,30.0,59850.0,56000.0,59850.0,96.55,93.57,6.43,6.0,4.0,1.02,12.29,0.8905,0.9216,0.0784,95.09,97.0,0.0075,0.9097,3148.0,0.0,391.0,4283.0,0.0,12,25.83,11.5,203.2,11.18,14.0,230.63,,22.602,SMP,6,5,4.206,38.9,32.7,2026-04-23 10:59:18,0.6,active,2.0,86.0,100.0,14.0,0.0043559427504667085,0.0012445550715619166,2,1,0.3356866207190814,2
user_36cfed9a,MTSUKADA-3MYFQH_mtsukada,MTSUKADA-3MYFQH_mtsukada,ThinkPad T14 Gen 2i,,51000.0,10718,2023-02-03T13:45:04,2024-03-12T15:15:16,403.06,30.0,45930.0,44600.0,47680.0,87.45,93.54,6.46,270.0,128.0,9.67,115.99,0.8346,0.8237,0.1763,96.01,100.0,0.0102,0.773,4105.0,78.0,10532.0,17516.0,0.0045,190,21.07,12.5,512.2,16.99,,,5.339,6.211,,158,284,70.461,0.0,0.0,2024-03-12 14:42:30,811.4,active,0.0,79.0,100.0,21.0,0.004198544504571748,0.0027057286807240155,21,1,0.7254630188918998,9
user_92cbcd28,FBOWER-PF5PJKZL_fbower,FBOWER-PF5PJKZL_fbower,ThinkPad P16s Gen 4,Sunwoda,57000.0,9864,2025-10-01T13:15:58,2026-05-27T13:13:41,238.0,30.0,55600.0,52010.0,55600.0,91.25,93.54,6.46,21.0,17.0,2.17,26.09,0.9676,0.9542,0.0458,97.08,99.0,0.0005,0.9259,5844.0,48.0,1140.0,7505.0,0.0064,44,27.39,14.5,367.7,10.09,50.0,185.31,37.981,9.943,Sunwoda,29,30,12.605,13.8,5.8,2026-05-13 17:21:02,5.4,active,18.0,95.0,100.0,5.0,0.0,0.0,0,1,0.5522699507955484,0
user_e1bf4c54,MRIGGS-PW0A1NXC_mriggs,MRIGGS-PW0A1NXC_mriggs,ThinkPad L13 Gen 5,Celxpert,46000.0,5767,2024-03-14T12:02:50,2026-05-28T12:57:50,805.04,30.0,46000.0,43400.0,46460.0,94.35,93.41,6.59,59.0,58.0,2.19,26.31,0.8247,0.837,0.163,96.27,100.0,0.0007,0.7962,1722.0,0.0,2521.0,19716.0,0.0,138,23.74,19.0,639.3,22.22,125.0,192.38,14.636,3.568,Celxpert,40,45,5.59,28.0,3.5,2026-04-30 14:05:35,4.5,active,0.0,76.0,100.0,24.0,0.0012138026703658747,0.0008670019074041963,3,1,0.676851690906488,1
user_c9aad9ed,LAPTOP-ADS95E8B_TM2,LAPTOP-ADS95E8B_TM2,ThinkPad X1 Carbon Gen 13,SMP,57030.0,664,2019-05-06T01:31:37,2025-08-28T12:17:55,2306.45,30.0,61270.0,57210.0,61270.0,100.32,93.37,6.63,6.0,5.0,0.07,0.79,0.7259,0.7018,0.2982,93.09,99.0,0.0133,0.6574,441.0,0.0,381.0,7535.0,0.0,13,23.38,16.0,12781.5,0.45,192.0,1006.9,,21.985,SMP,11,11,0.477,0.0,0.0,2025-08-28 12:10:00,277.5,active,0.0,67.15,100.0,32.849999999999994,0.01355421686746988,0.01355421686746988,2,1,0.6518930607718794,0
user_b172ee17,JURAKAWA-3319AM_jurakawa,JURAKAWA-3319AM_jurakawa,ThinkPad X1 Carbon Gen 9,SMP,57050.0,8473,2023-02-16T14:50:55,2026-03-19T19:23:28,1127.19,30.0,50670.0,47280.0,50670.0,82.87,93.31,6.69,215.0,166.0,4.48,53.79,0.721,0.5913,0.4087,91.06,99.0,0.0224,0.484,2414.0,0.0,10968.0,33229.0,0.0,357,22.81,14.0,1515.1,2.37,38.0,505.71,5.268,2.579,SMP,10,9,0.798,675.3,59.9,2024-05-13 11:12:38,74.2,very_stale,0.0,42.0,100.0,58.0,0.009677800070813172,0.005310987843738935,29,1,0.5327805484217732,6
user_2c298de8,DRICKARD-5GLCFY_drickard,DRICKARD-5GLCFY_drickard,ThinkPad X13 Gen 6,SMP,54750.0,3229,2025-05-28T14:46:22,2025-12-17T15:06:50,203.01,30.0,54760.0,52260.0,56020.0,95.45,93.29,6.71,32.0,31.0,4.65,55.77,0.8256,0.7929,0.2071,91.73,98.0,0.0147,0.7468,3500.0,0.0,1752.0,5913.0,0.0,62,38.23,28.5,824.1,8.61,94.0,191.89,44.746,22.69,SMP,38,38,18.718,9.3,4.6,2025-12-08 08:59:27,166.4,active,2.0,48.400000000000006,100.0,51.599999999999994,0.005884174667079591,0.0006193868070610096,7,1,0.4521356615997732,6
user_b0cb1ada,LAPTOP-GAVGVR9P_panjun1,LAPTOP-GAVGVR9P_panjun1,ThinkPad X1 Carbon Gen 13,BYD,57030.0,3757,2025-03-14T17:27:30,2026-02-11T09:16:31,333.66,30.0,48790.0,52210.0,56000.0,91.55,93.23,6.77,320.0,177.0,16.15,193.76,0.4916,0.4134,0.5866,57.9,55.0,0.0776,0.1382,1536.0,0.0,17002.0,13943.0,0.0,357,37.68,36.0,673.7,17.68,41.0,468.86,5.458,10.131,BYD,197,211,63.238,22.0,6.6,2026-01-20 08:19:26,110.6,active,0.0,14.0,100.0,86.0,0.03007718924673942,0.01463933989885547,38,1,0.14255559045782248,8
user_ff5ed27a,KAYLEY_Kayle,KAYLEY_Kayle,ThinkPad X1 2-in-1 Gen 10,SMP,57030.0,2229,2025-03-28T11:48:20,2026-05-26T20:52:00,424.38,30.0,59670.0,58480.0,62730.0,102.54,93.22,6.78,17.0,16.0,1.15,13.77,0.886,0.9134,0.0866,95.0,97.0,0.0017,0.8898,821.0,0.0,962.0,10830.0,0.0,39,21.0,13.0,1003.6,8.1,533.0,359.93,56.459,6.306,SMP,54,55,12.96,0.5,0.1,2026-05-26 09:40:29,6.1,active,1.0,80.0,100.0,20.0,0.001794526693584567,0.001794526693584567,2,1,0.3324888675275567,0
user_82e52770,KTATE2-PW0A2BTJ_ktate2,KTATE2-PW0A2BTJ_ktate2,ThinkPad L14 Gen 5,SMP,57170.0,5677,2024-03-26T16:12:55,2025-05-06T16:15:01,406.0,30.0,57170.0,53290.0,57170.0,93.21,93.21,6.79,105.0,103.0,7.72,92.66,0.7291,0.6865,0.3135,86.18,99.0,0.0274,0.5546,5167.0,0.0,5684.0,10562.0,0.0,248,33.23,20.5,577.2,5.44,124.0,167.6,6.787,6.322,SMP,106,110,27.093,3.1,0.8,2025-05-03 14:30:35,391.3,active,0.0,27.0,100.0,73.0,0.012858904350889554,0.005636779989431038,35,1,0.5706965347074818,15
user_dd53d6da,CBOULTON-5METJ1_cboulton,CBOULTON-5METJ1_cboulton,ThinkPad P14s Gen 6,Sunwoda,75000.0,3142,2025-09-17T15:12:48,2026-06-01T08:27:48,256.72,30.0,74990.0,69890.0,74990.0,93.19,93.2,6.8,105.0,104.0,12.33,147.97,0.4488,0.3248,0.6752,81.16,91.0,0.0153,0.1933,1923.0,2.0,7578.0,7102.0,0.0003,292,27.18,18.0,722.8,11.44,82.0,267.72,6.539,9.706,Sunwoda,116,124,48.302,3.9,1.5,2026-05-28 11:18:24,0.6,active,1.0,32.0,100.0,68.0,0.010502864417568428,0.0022278803309993636,9,1,0.29728865335961424,9
user_c45e5d5b,JBRUNDIDGE-EPQ0_jbrundidge,JBRUNDIDGE-EPQ0_jbrundidge,ThinkPad P14s Gen 6,Sunwoda,75000.0,2986,2025-09-17T15:14:13,2026-05-27T15:33:22,252.01,30.0,75000.0,70660.0,75870.0,94.21,93.13,6.87,13.0,12.0,1.45,17.39,0.9163,0.9011,0.0989,96.96,99.0,0.0012,0.8823,5505.0,0.0,955.0,7033.0,0.0,29,22.55,16.0,326.1,6.27,287.0,191.64,76.3,10.34,Sunwoda,16,15,5.952,13.8,5.5,2026-05-13 21:26:31,5.4,active,15.0,94.25,100.0,5.75,0.0,0.0,0,1,0.5284221813601051,0
user_8069c49e,LAPTOP-72AKT2DB_1,LAPTOP-72AKT2DB_1,ThinkPad X1 Carbon Gen 14,SMP,58000.0,888,2026-03-10T00:02:48,2026-05-19T13:51:11,70.58,30.0,58030.0,54520.0,58590.0,94.0,93.05,6.95,31.0,31.0,13.37,160.44,0.8311,0.8587,0.1413,81.12,97.0,0.0314,0.5914,1325.0,0.0,1781.0,2395.0,0.0,26,27.19,23.5,419.2,16.37,509.0,525.05,25.728,41.565,SMP,36,36,51.009,4.0,5.7,2026-05-15 13:13:01,13.4,active,0.0,8.350000000000001,100.0,91.65,0.05292792792792793,0.0259009009009009,15,1,0.3668050044344033,0
user_9464228f,LAPTOP-4K9G9BRE_TM1,LAPTOP-4K9G9BRE_TM1,ThinkPad X1 2-in-1 Gen 9,BYD,57030.0,20715,2025-06-22T18:15:50,2025-09-02T22:19:51,72.17,0.95,57860.0,53820.0,57860.0,94.37,93.02,6.98,26.0,9.0,3.8,45.55,0.9018,0.8562,0.1438,97.01,99.0,0.0135,0.8332,3055.0,0.0,1521.0,12754.0,0.0,9,44.33,26.0,2828.4,1.15,224.0,688.67,77.582,35.428,BYD,15,14,19.399,21.9,30.4,2025-08-12 00:06:16,272.1,active,0.0,96.0,100.0,4.0,0.0024619840695148444,0.0013034033309196234,3,1,0.6228492468110415,3
user_d18da266,CTURNER-1000036_cturner,CTURNER-1000036_cturner,ThinkPad P1 Gen 8,Celxpert,90000.0,1741,2025-07-09T13:42:00,2025-09-04T13:12:32,56.98,8.11,91400.0,88610.0,95280.0,98.46,93.0,7.0,38.0,33.0,17.63,211.54,0.5704,0.635,0.365,80.98,95.0,0.0172,0.4636,743.0,0.0,3413.0,2492.0,0.0,64,37.73,38.0,342.4,17.48,1778.0,670.64,22.582,46.948,Celxpert,42,41,71.956,0.1,0.3,2025-09-04 09:42:32,270.4,active,5.0,29.0,100.0,71.0,0.010913268236645606,0.0,4,1,0.3638459584611477,1
user_b8d44632,EDANG-PF5TMMM8_edang,EDANG-PF5TMMM8_edang,ThinkPad P16 Gen 3,SMP,99900.0,1187,2025-10-13T15:24:33,2026-06-01T15:42:47,231.01,30.0,99900.0,92870.0,99900.0,92.96,92.96,7.04,20.0,18.0,2.37,28.46,0.7784,0.8383,0.1617,92.22,98.0,0.0165,0.7743,4673.0,0.0,1957.0,6419.0,0.0,43,25.21,16.0,520.7,10.71,461.0,168.48,43.981,13.098,SMP,25,24,10.389,19.0,8.2,2026-05-13 16:38:48,0.3,active,5.0,53.0,100.0,47.0,0.004212299915754001,0.0,3,1,0.45989268623103985,0
user_c5abd264,CBLACKBURNXY23A_cblackburn,CBLACKBURNXY23A_cblackburn,ThinkPad P14s Gen 5 AMD,Celxpert,52500.0,2036,2024-02-13T06:40:17,2024-08-06T14:11:51,175.31,30.0,52720.0,48990.0,52720.0,93.31,92.92,7.08,36.0,31.0,5.38,64.59,0.7687,0.8061,0.1939,84.06,97.0,0.032,0.7508,2697.0,2.0,1802.0,4983.0,0.0004,47,44.68,32.0,509.6,18.0,37.0,506.04,22.823,14.835,Celxpert,50,50,28.52,12.0,6.9,2024-07-25 13:12:45,664.4,active,0.0,28.0,100.0,72.0,0.019646365422396856,0.008349705304518664,17,1,0.36982032339612525,7
user_5af0f1dd,LAPTOP-A86VO230_PQM,LAPTOP-A86VO230_PQM,ThinkPad X1 2-in-1 Gen 9,SMP,57030.0,649,2023-11-21T21:02:39,2024-01-23T15:52:06,62.78,30.0,59670.0,58280.0,62730.0,102.19,92.91,7.09,19.0,18.0,8.73,104.72,0.4468,0.3824,0.6176,72.81,79.0,0.046,0.228,438.0,0.0,1161.0,1913.0,0.0,41,39.71,40.0,1219.2,7.04,266.0,454.8,70.939,65.03,SMP,17,16,25.484,13.1,20.8,2024-01-10 14:14:39,860.3,active,2.0,23.0,100.0,77.0,0.020030816640986132,0.012326656394453005,5,1,0.23407900631644032,4
user_6c248fff,ASANTHOSH-FT15Y_asanthosh,ASANTHOSH-FT15Y_asanthosh,ThinkPad X1 2-in-1 Gen 10,BYD,57030.0,675,2025-07-08T13:19:08,2025-11-10T11:26:36,124.92,30.0,57040.0,54350.0,58510.0,95.3,92.89,7.11,37.0,35.0,8.53,102.33,0.4104,0.3323,0.6677,48.31,42.0,0.2098,0.141,903.0,0.0,2131.0,5171.0,0.0,53,58.57,64.0,2962.1,4.5,77.0,336.92,22.935,23.392,BYD,47,51,40.826,11.8,9.5,2025-10-29 15:28:30,203.5,active,1.0,2.0,100.0,98.0,0.1688888888888889,0.08888888888888889,46,1,0.18785780245560785,15
user_c5927b54,LSU4-PF5FS8LS_lsu4,LSU4-PF5FS8LS_lsu4,ThinkPad X1 Carbon Gen 13,Sunwoda,57000.0,5681,2025-05-12T15:11:06,2026-06-01T15:17:56,385.0,30.0,57040.0,52980.0,57040.0,92.95,92.88,7.12,8.0,6.0,0.47,5.69,0.9627,0.964,0.036,97.78,98.0,0.0,0.9575,8266.0,0.0,482.0,10103.0,0.0,23,9.22,7.0,1171.7,2.84,279.0,169.27,118.63,7.045,Sunwoda,14,13,3.377,18.0,4.7,2026-05-14 14:44:14,0.4,active,56.0,95.0,100.0,5.0,0.0,0.0,0,1,0.47948112643696483,0
user_2c43883f,DESKTOP-AN20HIT_kpatton,DESKTOP-AN20HIT_kpatton,ThinkPad T14s Gen 6,Sunwoda2023,58000.0,678,2024-08-26T15:26:59,2024-10-17T10:57:23,51.81,30.0,58030.0,55090.0,59330.0,94.98,92.85,7.15,17.0,16.0,9.4,112.79,0.5177,0.5201,0.4799,81.17,93.5,0.0197,0.4112,0.0,0.0,0.0,0.0,,34,38.24,40.0,1086.4,4.98,336.0,673.65,79.405,,Sunwoda,22,21,40.531,1.8,3.5,2024-10-15 15:18:38,592.5,active,0.0,32.0,100.0,68.0,0.007374631268436578,0.0058997050147492625,2,1,0.37892600924734027,1
user_ffaa4c12,QCOM-MDUXZELAOC_mikejp,QCOM-MDUXZELAOC_mikejp,ThinkPad T14s Gen 6,SMP2023,58000.0,3315,2024-07-22T09:36:09,2025-02-15T21:20:05,208.49,30.0,59850.0,59180.0,63800.0,102.03,92.76,7.24,44.0,42.0,6.13,73.58,0.8398,0.8382,0.1618,95.52,99.0,0.0076,0.7515,0.0,0.0,0.0,0.0,,51,15.45,10.0,331.6,6.61,249.0,687.69,120.69,,SMP,69,72,34.534,2.6,1.3,2025-02-13 05:59:17,471.1,active,1.0,77.0,100.0,23.0,0.004223227752639517,0.0021116138763197585,12,1,0.6638344467548555,0
user_9a4b8b13,KSHIBAYAMA-TB38_kshibayama,KSHIBAYAMA-TB38_kshibayama,ThinkPad X1 2-in-1 Gen 9,SMP,57030.0,5142,2023-12-19T16:33:39,2024-08-21T09:01:34,245.69,30.0,59620.0,55280.0,59620.0,96.93,92.72,7.28,96.0,95.0,11.77,141.23,0.6437,0.579,0.421,86.43,96.0,0.0093,0.4177,1649.0,4.0,5640.0,6809.0,0.0006,310,23.84,18.0,482.5,13.73,836.0,667.53,7.663,11.095,SMP,110,109,44.366,0.7,0.3,2024-08-20 15:48:59,649.6,active,2.0,41.0,100.0,59.0,0.0019447685725398677,0.0005834305717619603,4,1,0.3540795097870062,1
user_a3cd5436,CTURNER-F4T62ZK_cturner,CTURNER-F4T62ZK_cturner,ThinkPad P14s Gen 5,Sunwoda,75000.0,1003,2024-01-23T12:05:54,2024-04-09T15:11:14,77.13,29.77,79400.0,73610.0,79400.0,98.15,92.71,7.29,31.0,29.0,11.45,137.33,0.6002,0.5571,0.4429,83.01,94.0,0.0345,0.3629,917.0,6.0,2366.0,2681.0,0.0022,70,25.7,16.0,475.2,15.7,260.0,191.48,25.145,35.021,Sunwoda,37,36,46.675,0.1,0.1,2024-04-09 13:08:42,783.4,active,3.0,28.0,100.0,72.0,0.01694915254237288,0.005982053838484547,7,1,0.3489094393542018,1
user_58364fda,ANODA-PF5E0G8K_anoda,ANODA-PF5E0G8K_anoda,ThinkPad T14s Gen 6,ATL,58000.0,1266,2026-02-17T16:21:35,2026-04-22T17:04:45,64.03,29.92,58050.0,53790.0,58050.0,92.74,92.66,7.34,1.0,0.0,0.0,0.0,0.7038,0.706,0.294,90.85,97.0,0.0223,0.5889,839.0,2.0,1328.0,12426.0,0.0002,58,15.95,9.5,259.9,13.43,508.0,616.32,,48.699,ATL,28,29,45.291,0.3,0.5,2026-04-22 10:04:46,40.3,active,0.0,43.0,100.0,57.0,0.00631911532385466,0.00631911532385466,5,1,0.38622974252472375,0
user_154c3e1c,PJJAKES-W0C7DHV_pjjakes,PJJAKES-W0C7DHV_pjjakes,ThinkPad T14s Gen 6,SMP2023,58000.0,1711,2024-08-23T09:46:32,2024-11-21T16:18:24,90.27,30.0,59930.0,59110.0,63800.0,101.91,92.65,7.35,54.0,51.0,17.2,206.35,0.3811,0.362,0.638,80.85,87.0,0.0047,0.1845,0.0,0.0,0.0,0.0,,156,26.69,21.0,501.0,6.98,1375.0,669.48,40.839,,SMP,44,43,47.634,1.1,1.3,2024-11-20 13:12:01,557.3,active,0.0,43.0,100.0,57.0,0.0011689070718877848,0.0011689070718877848,1,1,0.19357301926081638,0
user_5da07c49,LAPTOP-J2HRJNCI_Feng,LAPTOP-J2HRJNCI_Feng,ThinkPad T14p Gen 2,SMP,75000.0,1310,2024-01-24T01:20:08,2025-11-09T12:04:51,655.45,30.0,74950.0,71540.0,77240.0,95.39,92.62,7.38,25.0,23.0,1.07,12.82,0.8405,0.8518,0.1482,90.65,97.0,0.0078,0.7508,8778.0,0.0,1898.0,16537.0,0.0,40,28.1,20.0,4791.1,12.4,149.0,192.02,105.423,12.168,SMP,28,29,4.424,13.8,2.1,2025-10-26 17:39:13,204.5,active,5.0,42.0,100.0,58.0,0.004580152671755725,0.0,2,1,0.3978106116561884,0
user_56748b07,JESSICAWANG2025_wangyun,JESSICAWANG2025_wangyun,ThinkPad X1 Carbon Gen 12,Sunwoda,57000.0,2952,2025-01-02T14:11:02,2025-10-17T09:40:03,287.81,30.0,55800.0,53360.0,57680.0,93.61,92.51,7.49,113.0,99.0,10.47,125.64,0.565,0.5046,0.4954,76.4,85.0,0.017,0.2821,2094.0,0.0,6373.0,14945.0,0.0,241,31.11,28.0,647.5,14.22,918.0,671.83,9.602,11.739,Sunwoda,102,106,36.83,0.9,0.3,2025-10-16 12:02:12,227.6,active,0.0,29.0,100.0,71.0,0.009485094850948509,0.0047425474254742545,9,1,0.2861955588515392,3
user_c2f66d0b,AMANDELBLOO-4SM_amandelbloom,AMANDELBLOO-4SM_amandelbloom,ThinkPad X9-14 Gen 1,SWD,55100.0,6293,2025-01-08T11:12:54,2026-05-19T19:08:14,496.33,30.0,55130.0,52290.0,56550.0,94.9,92.47,7.53,114.0,112.0,6.87,82.42,0.806,0.7082,0.2918,88.38,99.0,0.0215,0.6025,4406.0,0.0,6098.0,12653.0,0.0,229,29.68,21.0,1269.6,4.65,67.0,338.31,8.1,6.335,Sunwoda,129,142,28.61,22.2,4.5,2026-04-27 13:47:34,13.2,active,2.0,31.0,100.0,69.0,0.014460511679644048,0.006356268870173209,29,1,0.5076145961665419,11
user_1e24c659,SADACHI1-4H67H3_sadachi1,SADACHI1-4H67H3_sadachi1,ThinkPad T14 Gen 4,SMP,39380.0,1912,2023-12-25T17:26:40,2024-09-30T08:46:50,279.64,30.0,40280.0,37180.0,40280.0,94.41,92.3,7.7,147.0,147.0,16.0,192.0,0.7144,0.768,0.232,84.53,100.0,0.0259,0.5948,2838.0,0.0,5442.0,10122.0,0.0,137,43.72,41.0,288.8,48.57,42.0,71.73,5.235,10.053,SMP,106,164,58.647,2.6,0.9,2024-09-27 18:20:04,609.6,active,5.0,23.0,100.0,77.0,0.01202928870292887,0.0,14,1,0.5664959053938576,5
user_7fc2cf5f,MERSEYPQMBETA_hels,MERSEYPQMBETA_hels,ThinkPad X1 2-in-1 Gen 9,Sunwoda,57000.0,2254,2024-03-06T09:21:42,2024-12-13T16:16:13,282.29,30.0,57040.0,53550.0,58020.0,93.95,92.3,7.7,68.0,65.0,7.01,84.1,0.5834,0.5001,0.4999,75.55,83.0,0.0264,0.2867,1611.0,0.0,3882.0,7261.0,0.0,168,24.37,18.5,724.2,15.99,22.0,161.45,29.632,13.85,Sunwoda,65,71,25.152,17.8,6.3,2024-11-25 22:04:16,535.3,active,2.0,27.0,100.0,73.0,0.009760425909494233,0.0026619343389529724,9,1,0.24009853238559684,5
user_2f678635,PHIL_pjjakes,PHIL_pjjakes,ThinkPad T14s Gen 6,SMP2023,58000.0,2144,2025-01-15T14:18:33,2025-11-04T18:12:24,293.16,30.0,59620.0,54970.0,59620.0,94.78,92.2,7.8,152.0,73.0,7.58,90.95,0.3862,0.3887,0.6113,78.24,84.0,0.0085,0.1923,0.0,0.0,0.0,0.0,,199,27.82,22.0,693.7,7.0,112.0,73.72,10.684,9.742,SMP,80,84,28.653,0.0,0.0,2025-11-04 18:12:24,209.2,active,2.0,33.0,100.0,67.0,0.0046641791044776115,0.0032649253731343282,4,1,0.20033444489910576,3
user_d618b9d3,KTAKEDA5-3ZPVTQ_ktakeda5,KTAKEDA5-3ZPVTQ_ktakeda5,ThinkPad X1 Carbon Gen 10,,57050.0,7430,2023-02-09T01:22:17,2024-03-25T14:39:45,410.55,30.0,54230.0,49990.0,54230.0,87.62,92.18,7.82,45.0,32.0,2.37,28.47,0.9055,0.9111,0.0889,96.95,99.0,0.002,0.8926,2567.0,0.0,2341.0,13677.0,0.0,85,25.25,17.0,283.9,22.54,,,24.433,7.053,,8,7,1.705,217.0,52.9,2023-08-21 14:12:15,798.4,very_stale,2.0,94.0,100.0,6.0,0.0013458950201884253,0.00013458950201884252,7,1,0.574049913476673,5
user_8068d41b,ADIEHL-PF4CNVD9_adiehl,ADIEHL-PF4CNVD9_adiehl,ThinkPad T14s Gen 4,SMP,57000.0,2901,2023-05-24T14:15:44,2024-01-18T13:41:48,238.98,30.0,58420.0,54280.0,58980.0,95.23,92.03,7.97,64.0,63.0,8.02,96.29,0.6715,0.6028,0.3972,83.86,97.0,0.0558,0.4921,1824.0,6.0,3818.0,7345.0,0.0008,133,39.35,32.0,744.8,9.38,154.0,191.04,19.922,18.852,SMP,30,29,12.135,1.7,0.7,2024-01-16 20:54:37,865.4,active,0.0,22.0,100.0,78.0,0.029644950017235435,0.023440193036883834,22,1,0.3654572233456849,18
user_cf4d7430,SYADAVILLI-NH12_syadavilli,SYADAVILLI-NH12_syadavilli,ThinkPad P16 Gen 3,SMP,99900.0,6158,2025-10-13T15:32:51,2026-05-25T15:47:55,224.01,30.0,99900.0,91760.0,99900.0,91.85,91.85,8.15,103.0,101.0,13.72,164.68,0.8084,0.8366,0.1634,91.35,99.0,0.0223,0.7692,3516.0,62.0,9631.0,5946.0,0.0104,195,35.46,27.0,277.9,21.97,12.0,191.7,8.148,13.77,SMP,130,129,57.587,11.9,5.3,2026-05-13 17:02:10,7.3,active,0.0,45.0,100.0,55.0,0.012504059759662229,0.005683663527119195,27,1,0.6060606180065072,12
user_9645a992,CQUICK-PF4H4VXC_cquick,CQUICK-PF4H4VXC_cquick,ThinkPad X13 Gen 4,Sunwoda,54700.0,3012,2023-08-30T13:08:08,2024-01-17T16:39:52,140.15,30.0,54740.0,50250.0,54740.0,91.86,91.8,8.2,67.0,64.0,13.9,166.8,0.6295,0.5653,0.4347,88.0,98.0,0.0091,0.4683,1800.0,0.0,3517.0,4214.0,0.0,215,26.24,19.0,244.6,15.86,203.0,190.81,14.142,24.091,Sunwoda,68,68,48.52,0.8,0.6,2024-01-16 21:12:44,866.3,active,2.0,46.0,100.0,54.0,0.004648074369189907,0.00298804780876494,3,1,0.45402828341107443,3
user_f6619ccf,SITZ13G2JN5BETA_jnunez5,SITZ13G2JN5BETA_jnunez5,ThinkPad Z13 Gen 2,BYD,51510.0,932,2023-05-15T15:48:16,2023-10-24T09:48:31,161.75,30.0,51510.0,48360.0,52690.0,93.88,91.78,8.22,41.0,39.0,7.34,88.07,0.5719,0.4903,0.5097,79.64,94.0,0.0547,0.3639,463.0,5.0,2027.0,1861.0,0.0027,60,33.28,23.0,532.5,11.5,86.0,16.29,32.872,27.052,BYD,41,41,25.348,0.0,0.0,2023-10-24 09:48:31,951.6,active,1.0,17.0,100.0,83.0,0.03111587982832618,0.017167381974248927,13,1,0.36587623068482844,3
user_1beb5025,LAPTOP-VHFOHP1Q_Neal,LAPTOP-VHFOHP1Q_Neal,ThinkPad X13 Gen 6,Sunwoda,54700.0,12868,2025-07-08T00:39:06,2026-04-24T09:23:22,290.36,30.0,54760.0,50230.0,54760.0,91.83,91.73,8.27,47.0,46.0,4.82,57.86,0.9451,0.9602,0.0398,95.79,99.0,0.0009,0.8801,6217.0,0.0,2393.0,7668.0,0.0,136,25.98,21.0,90.8,19.95,439.0,470.99,18.383,10.914,Sunwoda,52,55,18.942,0.0,0.0,2026-04-24 09:23:22,38.6,active,2.0,77.0,100.0,23.0,0.0006216972334473111,0.0006216972334473111,3,1,0.5272993321983318,2
user_2f512077,LAPTOP-TSQ0GU66_motty,LAPTOP-TSQ0GU66_motty,ThinkPad X1 Fold 16 Gen 1,SMP,16430.0,1352,2023-04-17T22:02:32,2024-02-03T07:33:04,291.4,30.0,16630.0,15250.0,16630.0,92.82,91.7,8.3,49.0,46.0,4.81,57.66,0.6849,0.5504,0.4496,77.97,89.5,0.0372,0.3528,739.0,54.0,786.0,8026.0,0.0067,78,32.73,30.0,649.2,6.09,977.0,677.45,23.709,11.893,SMP,3,2,0.686,21.0,7.2,2024-01-13 07:15:28,849.7,active,0.0,23.549999999999997,100.0,76.45,0.02514792899408284,0.01775147928994083,9,1,0.3327399447700902,1
user_186042a3,ANDY-TH1_zuyin,ANDY-TH1_zuyin,ThinkPad X1 Carbon Gen 12,Celxpert,57030.0,13116,2024-01-12T22:16:39,2026-03-24T11:50:32,801.57,30.0,57040.0,52940.0,57740.0,92.83,91.69,8.31,185.0,185.0,7.03,84.3,0.7447,0.7846,0.2154,75.53,77.0,0.0156,0.132,2008.0,50.0,9547.0,20559.0,0.0024,368,23.35,18.0,597.1,18.76,110.0,171.87,5.363,4.11,Celxpert,143,177,22.082,8.5,1.1,2026-03-15 23:43:21,69.5,active,0.0,41.0,99.0,58.0,0.007319304666056725,0.003354681305275999,31,1,0.07636784827153079,3
user_9cd15edc,AMANDELBLOOXH8H_amandelbloom,AMANDELBLOOXH8H_amandelbloom,ThinkPad T14 Gen 5,BYD,52500.0,4658,2024-01-11T10:32:00,2025-01-09T13:30:29,364.12,30.0,52500.0,48770.0,53190.0,92.9,91.69,8.31,75.0,74.0,6.19,74.23,0.7711,0.7067,0.2933,90.13,99.0,0.0178,0.6217,3736.0,0.0,3796.0,9494.0,0.0,216,24.3,13.0,521.3,10.78,118.0,192.69,12.043,8.851,BYD,82,85,23.344,7.2,2.0,2025-01-02 09:35:57,508.4,active,1.0,43.0,100.0,57.0,0.015457277801631602,0.01180764276513525,22,1,0.5091902317607102,12
user_14feca78,FFEI-PF5PFHPB_ffei,FFEI-PF5PFHPB_ffei,ThinkPad P16v Gen 3,COSMX,90000.0,2133,2025-09-16T14:12:25,2026-05-26T14:33:21,252.01,30.0,90000.0,84970.0,92710.0,94.41,91.65,8.35,60.0,58.0,7.01,84.06,0.6353,0.5107,0.4893,88.91,100.0,0.0033,0.4308,2037.0,0.0,5253.0,7478.0,0.0,128,32.52,32.5,1480.2,2.27,232.0,359.2,29.816,21.912,COSMX,58,60,23.808,0.1,0.1,2026-05-26 11:27:37,6.4,active,5.0,47.0,100.0,53.0,0.001875293014533521,0.0,1,1,0.5767205859042834,1
user_f4f9b214,AMALU_asanthosh,AMALU_asanthosh,ThinkPad X1 Carbon Gen 13,BYD,57030.0,1863,2025-01-23T13:33:24,2025-05-29T13:27:35,126.0,30.0,57040.0,54260.0,59240.0,95.14,91.59,8.41,79.0,78.0,18.84,226.11,0.3564,0.3332,0.6668,61.0,65.0,0.14,0.1677,1427.0,0.0,4470.0,3895.0,0.0,113,58.2,66.0,893.0,6.91,291.0,167.77,12.933,30.983,BYD,104,120,95.241,0.1,0.0,2025-05-29 12:09:04,368.4,active,1.0,6.0,100.0,94.0,0.08695652173913043,0.03542673107890499,58,1,0.18609041457867534,43
user_fc053057,MCROWNOVER-QC11_mcrownover,MCROWNOVER-QC11_mcrownover,ThinkPad P1 Gen 8,Sunwoda,90000.0,11041,2025-09-02T13:13:27,2026-05-26T12:55:13,265.99,30.0,90010.0,82410.0,90010.0,91.57,91.56,8.44,45.0,43.0,4.92,59.05,0.9537,0.9645,0.0355,95.52,98.0,0.007,0.9258,5471.0,9.0,3922.0,6807.0,0.0013,41,22.49,21.0,336.6,26.65,38.0,191.02,20.104,12.97,Sunwoda,61,62,23.309,7.8,2.9,2026-05-18 18:43:22,6.5,active,5.0,82.0,100.0,18.0,0.003170002717145186,0.0,14,1,0.49153881152311907,0
user_22146983,CCHOW3-PF4S7DN8_cchow3,CCHOW3-PF4S7DN8_cchow3,ThinkPad T14 Gen 5,Celxpert,39300.0,1545,2024-01-29T12:12:47,2024-05-28T07:57:25,119.82,30.0,39380.0,38300.0,41850.0,97.46,91.52,8.48,27.0,26.0,6.61,79.25,0.6246,0.516,0.484,88.57,98.0,0.0112,0.4091,1273.0,0.0,1114.0,3272.0,0.0,95,22.26,12.0,785.7,5.85,127.0,191.51,121.181,55.428,Celxpert,25,25,20.864,4.5,3.7,2024-05-23 20:07:37,734.7,active,3.0,43.0,100.0,57.0,0.007766990291262136,0.003236245954692557,6,1,0.3559990122271648,2
user_5430bd61,ETURNER-F54Q6Z0_eturner,ETURNER-F54Q6Z0_eturner,ThinkPad T14s Gen 6,Sunwoda,58000.0,3405,2024-09-11T14:46:15,2025-06-11T11:04:49,272.85,30.0,58020.0,53080.0,58020.0,91.52,91.49,8.51,80.0,78.0,8.7,104.42,0.617,0.474,0.526,82.01,96.0,0.0266,0.3584,2698.0,0.0,4469.0,7293.0,0.0,194,34.15,27.0,881.7,3.12,375.0,670.76,10.916,11.433,Sunwoda,105,111,40.682,0.0,0.0,2025-06-11 11:04:49,355.5,active,1.0,29.0,100.0,71.0,0.015859030837004406,0.010866372980910427,17,1,0.4279597407496215,11
user_6af0e281,GMCNEIL-F55JALH_gmcneil,GMCNEIL-F55JALH_gmcneil,ThinkPad T14s Gen 6,Celxpert,58000.0,2092,2024-09-17T15:21:50,2024-11-25T15:44:09,69.02,30.0,57720.0,53810.0,58820.0,92.78,91.48,8.52,43.0,39.0,17.2,206.4,0.7739,0.7162,0.2838,81.26,97.0,0.0625,0.6044,1308.0,4.0,2436.0,2518.0,0.0016,79,37.48,22.0,323.2,17.29,545.0,669.49,27.476,65.083,Celxpert,56,57,82.59,0.3,0.4,2024-11-25 09:37:40,553.3,active,0.0,16.0,100.0,84.0,0.027246653919694074,0.01577437858508604,18,1,0.3515378279845641,10
user_01193943,LAPTOP-Q6HOEUNN_tyler,LAPTOP-Q6HOEUNN_tyler,ThinkPad X1 Carbon Gen 11,SMP,57050.0,4684,2023-05-02T09:13:46,2024-06-25T10:27:13,420.05,30.0,54980.0,50280.0,54980.0,88.13,91.45,8.55,71.0,62.0,4.49,53.91,0.8497,0.8413,0.1587,91.82,98.0,0.0111,0.7065,2301.0,0.0,3823.0,10869.0,0.0,149,27.04,20.0,573.3,10.97,276.0,167.89,14.739,8.42,SMP,8,7,1.666,95.0,22.6,2024-03-22 09:49:15,706.6,stale,0.0,55.0,100.0,45.0,0.002775405636208369,0.001067463706233988,4,1,0.4822314669515097,2
user_09e01f36,MHALE1-PW0A1P1J_mhale1,MHALE1-PW0A1P1J_mhale1,ThinkPad L13 Gen 5,Sunwoda,46000.0,4994,2024-03-15T10:41:08,2025-01-24T10:54:31,315.01,30.0,46430.0,42600.0,46630.0,92.61,91.36,8.64,43.0,41.0,3.96,47.54,0.8678,0.9113,0.0887,95.52,100.0,0.0031,0.8705,2089.0,0.0,1856.0,8058.0,0.0,104,27.51,21.5,282.3,23.11,489.0,505.13,21.606,10.027,Sunwoda,55,62,19.682,0.8,0.3,2025-01-23 15:22:27,493.5,active,1.0,68.0,100.0,32.0,0.0016019223067681217,0.00040048057669203043,5,1,0.7896756155748909,3
user_f646cb7e,LAPTOP-97DA2E9K_johnny,LAPTOP-97DA2E9K_johnny,ThinkPad T14s Gen 3,Sunwoda,57000.0,3958,2023-02-10T02:21:33,2023-11-09T13:57:58,272.48,30.0,54440.0,49720.0,54440.0,87.23,91.33,8.67,193.0,78.0,8.71,104.55,0.7163,0.686,0.314,78.86,90.0,0.024,0.5483,5245.0,4.0,9911.0,14990.0,0.0003,146,38.26,34.0,621.6,24.56,59.0,168.66,11.116,11.769,Sunwoda,59,90,33.03,0.0,0.0,2023-11-09 13:57:58,935.4,active,1.0,35.0,100.0,65.0,0.012379989893885801,0.0055583628094997475,20,1,0.41431745064752,10
user_f525397f,BFALEIRO-0A1NXZ_bfaleiro,BFALEIRO-0A1NXZ_bfaleiro,ThinkPad L13 Gen 5,Celxpert,46000.0,5130,2024-03-15T10:41:14,2026-02-06T10:54:39,693.01,30.0,46000.0,42010.0,46000.0,91.33,91.33,8.67,146.0,144.0,6.33,75.9,0.6306,0.5801,0.4199,81.38,97.0,0.0491,0.4321,2007.0,0.0,6353.0,10766.0,0.0,325,36.43,28.0,534.4,17.09,52.0,63.73,6.331,4.663,Celxpert,208,378,54.545,372.7,53.8,2025-01-29 19:15:30,115.5,very_stale,0.0,18.0,100.0,82.0,0.028460038986354776,0.018518518518518517,44,1,0.4724419061555043,14
user_ceaa25c2,NANO_G3,NANO_G3,ThinkPad X1 Nano Gen 3,Sunwoda,49570.0,5257,2023-04-24T10:10:26,2024-03-25T13:28:32,336.14,30.0,49680.0,45960.0,50370.0,92.72,91.24,8.76,117.0,109.0,9.87,118.44,0.7095,0.5938,0.4062,88.55,97.0,0.0026,0.4359,1892.0,6.0,5633.0,9938.0,0.0006,340,23.85,18.0,337.8,17.61,111.0,185.61,8.934,11.138,Sunwoda,155,264,78.539,0.1,0.0,2024-03-25 11:21:55,798.4,active,13.0,47.0,100.0,53.0,0.0,0.0,0,1,0.42499142277131685,0
user_a6ac4ccc,LAPTOP-38PBJKV3_Dan,LAPTOP-38PBJKV3_Dan,ThinkPad P1 Gen 6,Sunwoda,90010.0,14526,2023-05-17T09:40:30,2026-05-28T10:35:08,1107.04,30.0,91770.0,84540.0,92710.0,93.92,91.19,8.81,118.0,116.0,3.19,38.27,0.9277,0.9174,0.0826,93.09,98.0,0.0017,0.7878,18816.0,4.0,10234.0,26743.0,0.0001,226,36.08,34.0,335.7,34.04,23.0,191.11,8.16,3.081,Sunwoda,114,115,10.388,1.9,0.2,2026-05-26 13:50:53,4.6,active,0.0,69.0,100.0,31.0,0.0006884207627702051,0.00020652622883106156,4,1,0.4556530368987492,1
user_78fdc319,JNUNEZ5-F4KXMXN_jnunez5,JNUNEZ5-F4KXMXN_jnunez5,ThinkPad Z13 Gen 2,BYD,51510.0,4024,2023-09-19T08:43:39,2025-03-23T19:22:12,551.44,30.0,51980.0,47840.0,52480.0,92.88,91.16,8.84,36.0,34.0,1.88,22.52,0.7808,0.6962,0.3038,91.55,98.0,0.0262,0.6582,4227.0,14.0,1803.0,11984.0,0.0012,91,27.56,15.0,2682.1,2.42,5.0,0.11,26.792,5.932,BYD,45,46,8.342,60.4,11.0,2025-01-22 09:53:29,435.2,stale,2.0,46.0,100.0,54.0,0.011679920477137177,0.00621272365805169,14,1,0.3882773904431056,8
user_e39f9810,SYANG30-W0KZBQZ_syang30,SYANG30-W0KZBQZ_syang30,ThinkPad T1g Gen 8,Sunwoda,90000.0,5795,2025-09-15T14:17:58,2026-05-09T17:33:02,236.14,30.0,92740.0,84460.0,92740.0,93.84,91.07,8.93,77.0,74.0,9.54,114.46,0.5817,0.5921,0.4079,83.47,97.0,0.0175,0.5011,2756.0,4.0,6628.0,6063.0,0.0007,163,29.05,21.0,690.1,9.75,247.0,159.42,12.065,13.95,Sunwoda,89,95,40.231,2.0,0.8,2026-05-07 17:38:25,23.3,active,2.0,28.0,100.0,72.0,0.013287316652286454,0.006729939603106126,5,1,0.5071088803967264,3
user_4e83d30b,LAPTOP-25UDU5UN_jestroff,LAPTOP-25UDU5UN_jestroff,ThinkPad X1 Carbon Gen 13,Celxpert,57030.0,2282,2025-04-29T10:51:51,2025-11-14T10:00:13,198.96,30.0,55810.0,50870.0,55930.0,89.2,90.95,9.05,68.0,42.0,6.43,77.1,0.7498,0.6509,0.3491,89.68,99.0,0.0123,0.5726,3841.0,1.0,3753.0,10268.0,0.0001,100,29.95,21.5,1159.4,3.19,487.0,669.01,24.451,18.885,Celxpert,60,59,29.654,3.6,1.8,2025-11-10 19:44:52,199.6,active,5.0,44.0,100.0,56.0,0.007011393514460999,0.0,6,1,0.49583908272923255,4
user_b658fcf7,JUAN_jnunez5,JUAN_jnunez5,ThinkPad T14s 2-in-1 Gen 1,SMP,58020.0,1225,2025-05-13T12:46:49,2026-01-05T10:19:23,236.9,30.0,58030.0,53730.0,59090.0,92.61,90.93,9.07,41.0,40.0,5.14,61.67,0.5159,0.3983,0.6017,72.79,89.0,0.0689,0.2534,1007.0,0.0,2376.0,6223.0,0.0,78,40.6,35.0,2546.3,1.91,828.0,671.88,32.396,19.734,SMP,47,55,23.217,3.0,1.3,2026-01-02 09:14:40,147.6,active,0.0,16.0,100.0,84.0,0.031020408163265307,0.02122448979591837,9,1,0.33746221833730666,6
user_c57e5f34,PMCINNIS-09S0XG_pmcinnis,PMCINNIS-09S0XG_pmcinnis,ThinkPad L14 Gen 5,Sunwoda,57000.0,4743,2024-02-16T07:09:59,2025-09-15T15:32:38,577.35,30.0,57000.0,52330.0,57570.0,91.81,90.9,9.1,176.0,175.0,9.23,110.71,0.4191,0.3614,0.6386,59.11,59.0,0.0878,0.1447,995.0,0.0,9702.0,7794.0,0.0,312,50.23,52.5,643.1,12.57,8.0,0.64,5.323,5.883,Sunwoda,175,212,36.72,89.7,15.5,2025-06-17 23:47:37,259.4,stale,0.0,12.0,100.0,88.0,0.04237824161922834,0.02066202825216108,83,1,0.13494757470040922,26
user_3d3686d8,LIUFENG_liufeng7,LIUFENG_liufeng7,ThinkPad X1 Carbon Gen 12,SMP,57030.0,5856,2024-04-11T16:32:50,2025-09-18T22:06:01,525.23,30.0,58250.0,52950.0,58250.0,92.85,90.9,9.1,83.0,76.0,4.4,52.85,0.8902,0.899,0.101,93.22,97.0,0.0022,0.7991,1568.0,0.0,4582.0,16123.0,0.0,156,22.73,19.0,1190.3,24.06,352.0,191.51,11.972,6.327,SMP,133,132,25.132,1.3,0.2,2025-09-17 14:57:50,256.1,active,7.0,65.0,100.0,35.0,0.0005122950819672131,0.0,2,1,0.3430698924748104,1
user_1f2fd1df,PF3MDXHT_TP-Telemetry,PF3MDXHT_TP-Telemetry,ThinkPad X1 Carbon Gen 10,SMP,57050.0,694,2024-07-23T17:12:48,2024-11-11T14:21:34,110.88,30.0,57050.0,51860.0,57050.0,90.9,90.9,9.1,4.0,1.0,0.27,3.29,0.9553,0.9623,0.0377,85.28,79.0,0.0,0.3677,271.0,0.0,236.0,3161.0,0.0,4,10.5,10.0,425.9,5.7,86.0,354.87,,31.687,SMP,2,1,0.902,104.0,93.8,2024-07-30 13:23:47,567.4,stale,68.0,76.0,100.0,24.0,0.0,0.0,0,1,0.11978558039685103,0
user_436ff1c1,LAPTOP-0P70H8T7_Naito,LAPTOP-0P70H8T7_Naito,ThinkPad X1 Carbon Gen 12,SMP,57030.0,230,2024-07-22T15:25:29,2024-09-18T11:37:44,57.84,30.0,58230.0,52890.0,58230.0,92.74,90.83,9.17,49.0,7.0,3.68,44.2,0.4478,0.2388,0.7612,65.01,69.5,0.0576,0.0623,1072.0,0.0,2915.0,7446.0,0.0,19,33.47,37.0,2078.2,1.63,600.0,703.38,131.008,57.912,SMP,7,6,10.373,2.6,4.6,2024-09-15 20:17:07,621.5,active,3.0,13.350000000000003,100.0,86.64999999999999,0.0391304347826087,0.013043478260869565,3,1,0.10695985747271652,0
user_e6445f71,CBLACKBURN-TSG2_cblackburn,CBLACKBURN-TSG2_cblackburn,ThinkPad T14s 2-in-1 Gen 1,Celxpert,58000.0,2576,2025-06-02T11:25:09,2026-05-18T11:09:31,349.99,30.0,59130.0,53710.0,59130.0,92.6,90.83,9.17,54.0,53.0,4.61,55.31,0.6805,0.6702,0.3298,83.18,99.0,0.0361,0.6059,4064.0,0.0,3057.0,9179.0,0.0,100,41.56,41.0,1943.9,16.45,40.0,235.37,17.295,9.675,Celxpert,73,73,20.858,10.0,2.9,2026-05-08 10:50:38,14.5,active,0.0,24.0,100.0,76.0,0.018633540372670808,0.008928571428571428,17,1,0.5328626079222446,5
user_45bfb731,DBROWN6-F4RV7QY_dbrown6,DBROWN6-F4RV7QY_dbrown6,ThinkPad T14 Gen 5,SMP,52570.0,1853,2024-01-29T12:14:06,2024-05-06T18:30:02,98.26,30.0,52930.0,48070.0,52930.0,91.44,90.82,9.18,37.0,36.0,11.15,133.82,0.721,0.6818,0.3182,87.91,98.0,0.0152,0.5717,1337.0,1.0,2012.0,2691.0,0.0004,90,30.77,21.5,353.8,9.03,915.0,355.74,25.505,34.21,SMP,36,37,37.655,3.5,3.5,2024-05-03 07:39:20,756.2,active,1.0,35.0,100.0,65.0,0.004856988667026443,0.002698327037236913,4,1,0.33743129108952674,3
user_9fc8d21e,WCHANG11-4C429A_wchang11,WCHANG11-4C429A_wchang11,ThinkPad P16v Gen 1,Celxpert,90000.0,9304,2023-06-21T15:14:14,2026-05-27T15:15:12,1071.0,30.0,90000.0,81710.0,90000.0,90.79,90.79,9.21,48.0,46.0,1.31,15.69,0.8978,0.9014,0.0986,96.27,98.0,0.0001,0.869,19094.0,0.0,4289.0,27002.0,0.0,175,19.89,13.0,694.0,12.64,16.0,185.01,20.024,3.201,Celxpert,54,53,4.949,13.2,1.2,2026-05-14 11:38:41,5.4,active,14.0,83.0,100.0,17.0,0.0,0.0,0,1,0.47656877881554327,0
user_78d18bb9,NMARX-PF4DMZPC_nmarx,NMARX-PF4DMZPC_nmarx,ThinkPad T14s Gen 4,SMP,57000.0,1457,2023-09-05T10:42:14,2024-01-30T13:38:53,147.12,30.0,58080.0,54690.0,60270.0,95.95,90.74,9.26,31.0,29.0,6.0,72.0,0.6795,0.6047,0.3953,88.21,97.0,0.0106,0.519,1636.0,0.0,1863.0,4588.0,0.0,71,30.96,23.0,718.6,3.75,349.0,192.23,71.218,59.191,SMP,14,14,9.516,17.9,12.2,2024-01-12 15:27:44,853.4,active,2.0,41.0,100.0,59.0,0.00549073438572409,0.0034317089910775567,3,1,0.43445401784331017,2
user_bef7474f,THANNA-PW0KQC0Y_thanna,THANNA-PW0KQC0Y_thanna,ThinkPad P1 Gen 8,Sunwoda,90000.0,8455,2025-09-02T11:03:48,2026-05-26T11:01:01,266.0,30.0,90010.0,82260.0,90700.0,91.4,90.69,9.31,61.0,60.0,6.87,82.39,0.9449,0.9443,0.0557,93.46,99.0,0.0215,0.8524,5120.0,4.0,5143.0,6790.0,0.0006,43,31.35,19.0,316.1,24.97,128.0,191.23,23.264,25.402,Sunwoda,80,81,30.451,7.0,2.6,2026-05-19 11:26:41,6.5,active,1.0,53.0,100.0,47.0,0.015612063867534004,0.006031933767001774,41,1,0.56876571305244,4
user_a7f2cf3b,RPHILLIPS1-MR01_rphillips1,RPHILLIPS1-MR01_rphillips1,ThinkPad P16 Gen 3,SMP,99900.0,7861,2025-10-13T15:25:48,2026-05-25T15:47:51,224.02,30.0,99890.0,90420.0,99890.0,90.51,90.52,9.48,40.0,37.0,5.03,60.33,0.9298,0.9253,0.0747,96.0,99.0,0.0055,0.8934,4891.0,4.0,3742.0,5975.0,0.0007,72,29.43,23.0,187.0,16.66,88.0,190.11,25.623,15.598,SMP,52,52,23.213,14.2,6.3,2026-05-11 12:06:52,7.3,active,4.0,87.0,100.0,13.0,0.0015265233430861213,0.00012721027859051011,6,1,0.5154856599766159,2
user_874b813d,WCARTER-F3SKVGA_wcarter,WCARTER-F3SKVGA_wcarter,ThinkPad P16v Gen 1,SMP,90090.0,1154,2023-09-07T15:10:14,2024-07-08T10:45:56,304.82,30.0,95850.0,87840.0,97070.0,97.5,90.49,9.51,22.0,21.0,2.1,25.16,0.6837,0.6207,0.3793,87.67,99.0,0.0477,0.5722,1612.0,0.0,2053.0,7060.0,0.0,32,44.56,38.0,3887.3,3.75,30.0,482.59,118.858,42.593,SMP,9,8,2.625,40.0,13.1,2024-05-29 11:12:03,693.6,active,2.0,28.0,100.0,72.0,0.01386481802426343,0.0025996533795493936,9,1,0.562067411034731,8
user_e6185b8b,JCOMBS-PF5BRRYC_jcombs,JCOMBS-PF5BRRYC_jcombs,ThinkPad X1 Carbon Gen 13,Sunwoda,57000.0,2727,2025-01-23T10:48:47,2026-03-06T10:26:05,406.98,30.0,57040.0,54150.0,59850.0,95.0,90.48,9.52,65.0,64.0,4.79,57.44,0.5838,0.557,0.443,83.73,96.0,0.0286,0.4546,3867.0,0.0,3579.0,10662.0,0.0,166,32.87,20.5,811.9,7.98,40.0,4020.29,15.117,8.673,Sunwoda,89,89,21.868,16.8,4.1,2026-02-17 14:20:26,87.6,active,2.0,27.30000000000001,100.0,72.69999999999999,0.010634396773010634,0.002566923359002567,12,1,0.4227187786098771,10
user_5af4bb22,MCROWNOVER-1540_mcrownover,MCROWNOVER-1540_mcrownover,ThinkPad P1 Gen 7,Sunwoda,90000.0,14471,2024-05-06T14:27:33,2025-05-12T14:27:48,371.0,30.0,90110.0,81490.0,90110.0,90.54,90.43,9.57,33.0,30.0,2.46,29.54,0.9467,0.9475,0.0525,97.99,100.0,0.0007,0.9371,6865.0,5.0,2856.0,9497.0,0.0005,92,25.52,20.0,151.6,21.44,30.0,190.06,31.887,9.476,Sunwoda,43,42,11.321,25.9,7.0,2025-04-16 15:58:38,385.4,active,7.0,95.0,100.0,5.0,6.910372469076083e-05,0.0,1,1,0.6963954217273971,0
user_d55baab3,LAPTOP-VSQFIELJ_L16HPT,LAPTOP-VSQFIELJ_L16HPT,ThinkPad L16 Gen 2,Sunwoda,57000.0,5252,2025-06-06T12:54:49,2026-04-28T09:30:41,325.86,30.0,57000.0,51540.0,57000.0,90.42,90.42,9.58,59.0,58.0,5.42,65.01,0.8054,0.8627,0.1373,91.57,97.0,0.0104,0.7367,5456.0,0.0,3279.0,8335.0,0.0,127,32.49,27.0,396.7,22.11,430.0,670.09,16.805,12.199,Sunwoda,68,69,21.175,0.5,0.2,2026-04-27 20:29:37,34.6,active,1.0,58.0,100.0,42.0,0.003998476770753999,0.0028560548362528563,7,1,0.3460120245465518,5
user_fe9bb7d5,KMAKI-PF4WSHXN_kmaki,KMAKI-PF4WSHXN_kmaki,ThinkPad X1 Carbon Gen 12,BYD,57030.0,7886,2024-10-18T16:16:38,2025-10-08T20:48:35,355.19,30.0,56180.0,50800.0,56180.0,89.08,90.42,9.58,192.0,161.0,13.8,165.56,0.6405,0.5181,0.4819,86.6,95.0,0.0053,0.3412,5181.0,0.0,10090.0,11957.0,0.0,568,17.99,13.5,347.3,13.33,22.0,392.77,5.948,9.882,BYD,170,181,50.959,16.7,4.7,2025-09-22 03:32:29,236.1,active,1.0,47.0,100.0,53.0,0.002409332995181334,0.00126806999746386,7,1,0.34585371080774097,1
user_fc997de6,AVON_SIT2,AVON_SIT2,ThinkPad X1 Carbon Gen 14,ATL,58000.0,702,2026-02-10T20:42:36,2026-05-15T16:50:07,93.84,30.0,58030.0,52450.0,58030.0,90.43,90.38,9.62,17.0,14.0,4.54,54.49,0.7464,0.7059,0.2941,86.0,99.0,0.0236,0.6147,1271.0,0.0,955.0,3921.0,0.0,29,39.07,34.0,1488.6,2.22,39.0,191.49,87.416,46.942,ATL,14,13,13.854,10.1,10.8,2026-05-05 13:39:50,17.3,active,3.0,27.0,100.0,73.0,0.009971509971509971,0.002849002849002849,4,1,0.5139590582077112,2
user_8788a9bb,SAYINGZIYIN_yinsyz1,SAYINGZIYIN_yinsyz1,ThinkPad T14s Gen 3,Sunwoda,57000.0,15062,2023-02-14T10:41:19,2024-10-25T01:56:21,618.64,30.0,55220.0,50610.0,56020.0,88.79,90.34,9.66,103.0,72.0,3.54,42.51,0.9541,0.9523,0.0477,96.44,99.0,0.0089,0.9311,8650.0,0.0,5504.0,17840.0,0.0,123,40.46,30.0,507.1,25.74,4.0,0.45,27.592,10.901,Sunwoda,95,98,15.841,69.0,11.2,2024-08-17 02:05:07,584.9,stale,0.0,88.0,100.0,12.0,0.00690479352011685,0.005776125348559288,31,1,0.718172569646954,19
user_49e0becd,JCOMBS-PF5PEZSE_jcombs,JCOMBS-PF5PEZSE_jcombs,ThinkPad P16v Gen 3,COSMX,90000.0,2346,2025-09-16T13:01:09,2026-05-12T13:23:24,238.02,30.0,90890.0,83740.0,92710.0,93.04,90.32,9.68,76.0,74.0,9.46,113.56,0.4569,0.3979,0.6021,77.17,89.0,0.0291,0.2966,2459.0,0.0,6784.0,7118.0,0.0,143,42.9,42.0,1204.4,3.94,355.0,167.4,28.457,30.202,COSMX,84,95,39.913,6.9,2.9,2026-05-05 15:21:00,20.4,active,5.0,21.25,100.0,78.75,0.00937766410912191,0.0,7,1,0.3487948637627301,5
user_f3e8a1f8,HIKAWA-PF38LTK0_hikawa,HIKAWA-PF38LTK0_hikawa,ThinkPad X1 Yoga Gen 6,Celxpert,57000.0,3918,2023-02-15T14:00:41,2026-02-24T13:47:02,1104.99,30.0,55900.0,50370.0,55900.0,88.37,90.11,9.89,102.0,62.0,1.71,20.49,0.8456,0.8597,0.1403,94.42,99.0,0.0033,0.7711,2248.0,0.0,5496.0,37980.0,0.0,119,19.13,14.0,272.1,23.18,5.0,688.07,16.488,3.4,Celxpert,35,36,3.258,89.7,8.1,2025-11-26 20:12:33,97.4,stale,0.0,69.0,100.0,31.0,0.002297090352220521,0.002041858090862685,5,1,0.6194005780840401,0
user_20278c33,IMANARANG1-3A19_imanarang1,IMANARANG1-3A19_imanarang1,ThinkPad T14 Gen 3,Celxpert,39300.0,12732,2023-02-20T16:54:54,2025-09-01T08:35:29,923.65,30.0,39300.0,35430.0,39370.0,90.15,89.99,10.01,383.0,382.0,12.59,151.06,0.7563,0.7397,0.2603,87.5,97.0,0.0125,0.6436,4786.0,0.0,9763.0,23715.0,0.0,469,46.95,48.0,658.9,23.0,77.0,662.79,4.488,5.1,Celxpert,3,2,0.217,716.7,77.6,2023-09-15 15:07:24,273.6,very_stale,2.0,35.0,100.0,65.0,0.006676091737354697,0.002199183160540371,50,1,0.35092254871770295,22
user_ee51de86,LAPTOP-H0IEOCT5_zuyin,LAPTOP-H0IEOCT5_zuyin,ThinkPad P1 Gen 7,Sunwoda,90000.0,2871,2024-09-20T19:03:02,2025-05-12T11:57:55,233.7,30.0,93400.0,84010.0,93400.0,93.34,89.95,10.05,24.0,18.0,2.34,28.13,0.8882,0.8523,0.1477,96.64,100.0,0.0054,0.7964,4961.0,0.0,2168.0,11227.0,0.0,69,18.06,11.0,739.1,8.98,258.0,191.93,55.853,15.921,Sunwoda,25,24,10.269,7.1,3.0,2025-05-05 09:53:32,385.5,active,1.0,83.0,100.0,17.0,0.0020898641588296763,0.0010449320794148381,2,1,0.705774894168643,0
user_da7643a8,GGILLETT-5D9MVD_ggillett,GGILLETT-5D9MVD_ggillett,ThinkPad T14 Gen 6,Sunwoda,52500.0,7320,2025-02-05T11:07:45,2026-05-27T10:51:54,475.99,30.0,53280.0,47910.0,53280.0,91.26,89.92,10.08,132.0,129.0,8.25,98.99,0.7369,0.6644,0.3356,93.16,99.0,0.0016,0.5657,7810.0,0.0,6670.0,12730.0,0.0,415,21.9,16.0,235.8,20.0,151.0,191.43,7.813,7.741,Sunwoda,137,136,28.572,5.1,1.1,2026-05-22 09:34:44,5.5,active,4.0,65.0,100.0,35.0,0.000546448087431694,0.0001366120218579235,3,1,0.5014767098343308,1
user_1afc8f37,LAPTOP-146432PF_PQM,LAPTOP-146432PF_PQM,ThinkPad X1 2-in-1 Gen 9,BYD,57030.0,2776,2024-01-08T21:13:56,2024-08-22T09:32:50,226.51,30.0,51900.0,54320.0,60420.0,95.25,89.9,10.1,95.0,92.0,12.36,148.35,0.4841,0.4733,0.5267,64.8,69.0,0.0786,0.2557,1964.0,0.0,5410.0,7022.0,0.0,205,40.4,33.0,625.2,17.46,148.0,144.89,15.069,21.957,BYD,123,126,55.626,0.7,0.3,2024-08-21 17:40:04,648.6,active,1.0,14.0,100.0,86.0,0.03314121037463977,0.009365994236311239,35,1,0.26768420806725385,14
user_c75ea138,DRUBRIGHT-DPJ32_drubright,DRUBRIGHT-DPJ32_drubright,ThinkPad X9-14 Gen 1,BYD,55100.0,3662,2025-01-07T13:53:42,2025-05-27T21:41:54,140.33,30.0,55130.0,50080.0,55760.0,90.89,89.81,10.19,69.0,68.0,14.75,177.0,0.6696,0.5623,0.4377,89.76,99.0,0.0012,0.4745,1603.0,2.0,3742.0,4478.0,0.0004,183,25.5,19.0,394.4,6.79,187.0,178.12,39.179,75.131,BYD,78,78,55.585,1.3,0.9,2025-05-26 14:44:11,370.1,active,16.0,52.0,100.0,48.0,0.0,0.0,0,1,0.5009784093369067,0
user_93526c86,BKOCHUPARAM-BR2_bkochuparamb,BKOCHUPARAM-BR2_bkochuparamb,ThinkPad T1g Gen 8,Sunwoda,90000.0,5023,2025-09-16T15:15:36,2026-05-26T15:16:05,252.0,30.0,91450.0,82740.0,92150.0,91.93,89.79,10.21,98.0,95.0,11.48,137.69,0.7175,0.581,0.419,88.7,98.0,0.0136,0.4704,2891.0,19.0,8513.0,6445.0,0.0029,215,33.52,19.0,439.8,6.19,182.0,191.76,13.262,17.411,Sunwoda,117,119,47.222,2.2,0.9,2026-05-24 11:16:06,6.4,active,1.0,26.0,100.0,74.0,0.007764284292255624,0.004977105315548477,10,1,0.5120676371538521,7
user_7a8a909c,MYERSP-PF5FSZHR_MYERSP,MYERSP-PF5FSZHR_MYERSP,ThinkPad X1 2-in-1 Gen 10,BYD,57030.0,4946,2025-07-07T10:15:53,2026-06-01T10:04:05,328.99,30.0,57040.0,51060.0,57040.0,89.53,89.52,10.48,40.0,39.0,3.61,43.3,0.8453,0.8359,0.1641,96.53,99.0,0.0008,0.7918,6892.0,0.0,2231.0,10017.0,0.0,171,17.22,14.0,113.4,18.31,146.0,207.06,26.882,11.898,BYD,40,39,11.854,4.1,1.2,2026-05-28 08:42:56,0.6,active,12.0,80.0,100.0,20.0,0.0,0.0,0,1,0.7323970956875614,0
user_ed6b4a7d,OHSAWAEAGLE7_ohsaw,OHSAWAEAGLE7_ohsaw,ThinkPad X13s Gen 1,SMP2021,49530.0,9164,2023-03-28T11:25:27,2024-07-04T09:18:15,463.91,30.0,52530.0,46920.0,52530.0,94.73,89.32,10.68,172.0,169.0,11.09,133.06,0.5334,0.4274,0.5726,90.38,99.0,0.001,0.3228,0.0,0.0,0.0,0.0,,606,19.94,16.0,587.0,3.35,350.0,190.49,6.319,8.443,SMP,69,91,19.616,1.0,0.2,2024-07-03 09:38:50,697.6,active,0.0,58.0,100.0,42.0,0.00032736796158882583,0.00021824530772588389,3,1,0.41446279267809705,0
user_34a4d109,RAY-X1-9_Ratan,RAY-X1-9_Ratan,ThinkPad X1 Carbon Gen 9,SMP,57050.0,18888,2023-02-08T09:01:35,2025-03-06T16:09:54,757.3,30.0,49960.0,44620.0,49960.0,78.21,89.31,10.69,586.0,485.0,19.49,233.92,0.6379,0.6592,0.3408,88.54,98.0,0.0123,0.5139,9380.0,0.0,26719.0,23177.0,0.0,1067,30.24,25.0,201.2,30.19,131.0,173.83,2.92,7.315,SMP,8,8,1.056,27.2,3.6,2025-02-07 10:40:37,452.3,active,0.0,43.0,100.0,57.0,0.00439432443879712,0.00021177467174925878,40,1,0.47790644751305295,18
user_0abe67b9,TCHONAN-F49QH11_tchonan,TCHONAN-F49QH11_tchonan,ThinkPad X1 Carbon Gen 10,,57000.0,9717,2023-02-02T15:13:37,2024-05-14T18:03:33,467.12,30.0,57700.0,51650.0,57870.0,90.61,89.25,10.75,241.0,238.0,15.51,186.1,0.6829,0.6703,0.3297,85.79,97.0,0.0199,0.4977,5171.0,0.0,13136.0,12320.0,0.0,629,28.19,22.0,204.4,27.78,,,4.653,8.551,,440,955,204.445,1.0,0.2,2024-05-13 18:21:59,748.2,active,0.0,35.0,100.0,65.0,0.004733971390346815,0.0013378614798806217,19,1,0.4626290350203361,9
user_a66b6ac9,HSUMI-GM132TGM_hsumi,HSUMI-GM132TGM_hsumi,ThinkPad T14s Gen 6,Celxpert,58000.0,4232,2025-09-12T17:03:59,2026-05-28T19:53:54,258.12,30.0,58030.0,51790.0,58030.0,89.29,89.25,10.75,40.0,40.0,4.72,56.6,0.784,0.8044,0.1956,95.98,99.0,0.0002,0.7269,5792.0,2.0,2132.0,6759.0,0.0003,103,15.31,7.0,110.6,14.97,194.0,173.96,26.883,15.641,Celxpert,46,47,18.209,2.1,0.8,2026-05-26 17:26:47,4.2,active,9.0,81.0,100.0,19.0,0.00023629489603024575,0.0,1,1,0.6191419178765599,0
user_bff989f4,JL18156-F3Z1LJN_JL18156,JL18156-F3Z1LJN_JL18156,ThinkPad X13 Gen 3,Celxpert,54720.0,16866,2023-02-05T10:46:49,2025-10-16T18:03:00,984.3,30.0,50260.0,45860.0,51420.0,83.81,89.19,10.81,299.0,257.0,7.95,95.37,0.9003,0.8955,0.1045,93.53,98.0,0.0111,0.8188,4654.0,307.0,14895.0,27760.0,0.0111,152,40.47,34.0,358.3,27.88,436.0,582.61,5.38,5.167,Celxpert,288,887,90.115,0.0,0.0,2025-10-16 17:55:35,228.2,active,1.0,63.0,100.0,37.0,0.005632633700936796,0.0023716352424997035,38,1,0.3798993473860161,11
user_0201e770,GLANCE_GM4,GLANCE_GM4,ThinkPad X13s Gen 1,SMP,49530.0,7953,2023-02-20T22:20:49,2025-08-22T13:04:27,913.61,30.0,51110.0,46290.0,51950.0,93.46,89.1,10.9,195.0,180.0,6.0,71.96,0.4836,0.3969,0.6031,75.41,84.0,0.015,0.2295,0.0,0.0,0.0,0.0,,399,37.07,35.0,1351.2,3.43,19.0,2.27,6.447,4.492,SMP,312,564,61.733,0.7,0.1,2025-08-21 21:24:58,283.5,active,0.0,27.0,100.0,73.0,0.004275116308311329,0.0021375581541556647,19,1,0.312447694475428,3
user_fb3818f4,LAPTOP-SE41CTD4_gaojiangwei,LAPTOP-SE41CTD4_gaojiangwei,ThinkPad T14 Gen 2i,Celxpert,51000.0,1884,2023-02-03T13:58:59,2023-12-25T15:45:53,325.07,30.0,52630.0,46880.0,52630.0,91.92,89.07,10.93,101.0,55.0,5.15,61.8,0.7192,0.7468,0.2532,87.29,97.0,0.0092,0.6105,1495.0,1.0,3992.0,16798.0,0.0001,99,33.38,33.0,912.7,29.53,26.0,70.04,19.864,12.423,Celxpert,69,93,28.609,0.1,0.0,2023-12-25 13:15:53,889.3,active,3.0,41.0,100.0,59.0,0.0037154989384288748,0.0015923566878980893,4,1,0.3994347558198719,0
user_48139b37,SDESCHENES-FH3M_sdeschenes,SDESCHENES-FH3M_sdeschenes,ThinkPad T14 Gen 4,SMP,52500.0,12086,2023-06-06T16:03:55,2025-11-12T08:04:53,889.67,30.0,52500.0,46740.0,52500.0,89.03,89.03,10.97,673.0,669.0,22.89,274.66,0.7073,0.6355,0.3645,82.29,95.0,0.0303,0.4714,9311.0,0.0,18594.0,22991.0,0.0,799,37.32,33.0,447.0,18.92,172.0,502.97,1.652,4.554,SMP,18,21,2.36,39.9,4.5,2025-10-03 11:13:11,201.7,active,0.0,26.0,100.0,74.0,0.016051629985106734,0.0015720668542114843,92,1,0.27713759202102783,31
user_f0f69a0f,JXU9-PF3SLCZ3_jxu9,JXU9-PF3SLCZ3_jxu9,ThinkPad P16v Gen 1,Celxpert,90000.0,4481,2023-09-07T10:09:40,2026-04-16T13:02:12,952.12,30.0,90000.0,80110.0,90000.0,89.01,89.01,10.99,37.0,36.0,1.15,13.81,0.8543,0.7679,0.2321,94.46,100.0,0.0044,0.7432,5645.0,0.0,3146.0,19218.0,0.0,76,31.95,28.0,3612.8,3.49,60.0,2733.48,34.34,4.272,Celxpert,39,40,4.201,3.5,0.4,2026-04-13 02:05:22,46.5,active,5.0,64.0,100.0,36.0,0.0022316447221602323,0.0,5,1,0.5909664830690214,4
user_616f8969,CCHEN50-F3PD01M_cchen50,CCHEN50-F3PD01M_cchen50,ThinkPad X1 Carbon Gen 9,Celxpert,57000.0,8751,2023-02-08T18:20:00,2024-10-18T09:54:01,617.65,30.0,56020.0,50240.0,56450.0,88.14,89.0,11.0,118.0,92.0,4.53,54.4,0.8645,0.8822,0.1178,95.65,99.0,0.0014,0.82,2138.0,0.0,6223.0,22620.0,0.0,195,23.51,20.0,161.8,26.56,176.0,172.99,11.957,6.557,Celxpert,88,103,16.676,100.6,16.3,2024-07-09 19:25:33,591.6,stale,0.0,76.0,100.0,24.0,0.0009141812364301222,0.0009141812364301222,2,1,0.5632946752789898,0
user_a747c19f,LAPTOP-K8IULGVA_Sun,LAPTOP-K8IULGVA_Sun,ThinkPad X1 Carbon Gen 10,SMP,57050.0,2181,2023-09-10T09:43:22,2024-09-24T10:25:59,380.03,30.0,52960.0,47270.0,53120.0,82.86,88.99,11.01,67.0,58.0,4.65,55.74,0.6635,0.5821,0.4179,88.11,99.0,0.018,0.4953,2116.0,0.0,3528.0,11171.0,0.0,105,40.22,36.0,2588.5,1.97,859.0,666.5,29.764,20.647,SMP,12,11,2.895,37.5,9.9,2024-08-17 21:41:12,615.6,active,0.0,37.0,100.0,63.0,0.006419073819348923,0.0041265474552957355,8,1,0.4954102735135626,6
user_dac43b62,MARUICHIT-CRC21_MARUICHIT,MARUICHIT-CRC21_MARUICHIT,ThinkPad T14s Gen 2a,LGC,57000.0,14773,2023-02-09T12:07:55,2026-05-20T09:48:24,1195.9,30.0,56970.0,50680.0,56990.0,88.91,88.93,11.07,152.0,132.0,3.36,40.32,0.8005,0.8344,0.1656,95.05,98.0,0.0012,0.7801,1618.0,0.0,7381.0,36452.0,0.0,486,17.03,14.0,159.2,20.41,128.0,783.29,20.891,6.549,LG,3,2,0.167,617.5,51.6,2024-09-09 22:56:17,12.6,very_stale,0.0,76.0,100.0,24.0,0.001218439044202261,0.0010830569281797874,6,1,0.4094082995425083,1
user_cf25307d,LAPTOP-BD8L6116_Think,LAPTOP-BD8L6116_Think,ThinkPad X13 Gen 5,SMP,54730.0,469,2025-05-21T16:56:12,2025-07-10T10:09:44,49.72,30.0,55390.0,53510.0,60200.0,97.77,88.89,11.11,29.0,16.0,9.8,117.54,0.7164,0.7007,0.2993,81.2,100.0,0.0743,0.521,944.0,0.0,1641.0,9248.0,0.0,23,57.17,61.0,1933.2,42.83,257.0,667.44,74.086,,SMP,8,7,14.079,8.0,16.0,2025-07-02 10:43:58,326.6,active,0.0,12.400000000000002,100.0,87.6,0.04477611940298507,0.03411513859275053,7,1,0.5944014650909034,4
user_7227243c,DWATTS-PF5C6AV8_dwatts,DWATTS-PF5C6AV8_dwatts,ThinkPad X1 Carbon Gen 13,BYD,57030.0,16911,2025-01-28T15:44:19,2026-05-02T13:18:40,458.9,30.0,57040.0,50680.0,57040.0,88.87,88.85,11.15,67.0,66.0,4.38,52.53,0.912,0.9166,0.0834,96.91,100.0,0.0001,0.8589,8220.0,0.0,3576.0,11974.0,0.0,255,19.7,15.0,268.9,12.18,33.0,1651.31,17.154,8.995,BYD,73,72,15.69,6.7,1.5,2026-04-25 20:06:25,30.4,active,13.0,83.0,100.0,17.0,0.0,0.0,0,1,0.6732102617144691,0
user_dc1a4843,FORIPF_radac,FORIPF_radac,ThinkPad X1 Yoga Gen 8,Celxpert,57000.0,4054,2024-02-26T10:48:22,2026-03-25T13:59:21,758.13,30.0,54470.0,48350.0,54470.0,84.82,88.76,11.24,198.0,134.0,5.38,64.56,0.4924,0.4151,0.5849,71.58,81.0,0.035,0.2747,2260.0,0.0,10226.0,26482.0,0.0,227,50.09,56.0,2502.4,2.8,35.0,23.85,8.512,5.572,Celxpert,219,344,45.375,0.0,0.0,2026-03-25 13:29:21,68.4,active,0.0,16.0,100.0,84.0,0.033547113961519485,0.02220029600394672,32,1,0.21400785216114482,22
user_26066b81,CHANGYC2-1QSR8D_changyc2,CHANGYC2-1QSR8D_changyc2,ThinkPad X280,SMP,48010.0,15329,2023-02-06T09:37:20,2024-01-23T15:13:58,351.23,30.0,40090.0,35900.0,40450.0,74.78,88.75,11.25,398.0,64.0,5.55,66.55,0.9699,0.9789,0.0211,97.99,100.0,0.0036,0.9663,15936.0,0.0,14062.0,49260.0,0.0,79,56.39,58.0,152.4,49.24,179.0,675.42,18.747,12.184,SMP,66,87,24.77,0.8,0.2,2024-01-22 19:43:58,860.4,active,0.0,95.0,100.0,5.0,0.00254419727314241,0.0005218866201317764,18,1,0.8726647889060652,10
user_4416c6a8,ESHORT_L13,ESHORT_L13,ThinkPad L13 Gen 4,Sunwoda,46000.0,6411,2023-03-24T10:37:41,2024-07-29T11:56:24,493.05,30.0,46120.0,41700.0,46990.0,90.65,88.74,11.26,314.0,306.0,18.89,226.68,0.4319,0.3501,0.6499,75.02,78.0,0.0096,0.1374,2246.0,3.0,13653.0,13396.0,0.0002,590,43.78,45.0,774.6,12.38,332.0,338.63,3.895,8.803,Sunwoda,353,789,160.023,0.1,0.0,2024-07-29 10:26:24,672.5,active,0.0,35.0,100.0,65.0,0.002339728591483388,0.0004679457182966776,10,1,0.2383636796073216,3
user_0752c78e,GHOOGAR-F3KPQQX_ghoogar,GHOOGAR-F3KPQQX_ghoogar,ThinkPad X1 Carbon Gen 10,,57050.0,1477,2023-02-14T08:51:39,2024-02-27T10:59:24,378.09,29.52,54820.0,48600.0,54820.0,85.19,88.65,11.35,87.0,64.0,5.15,61.83,0.4882,0.399,0.601,61.59,65.0,0.0774,0.1438,1614.0,6.0,4635.0,12673.0,0.0005,115,36.5,32.0,3175.8,4.97,,,20.261,12.366,,7,7,1.851,13.1,3.5,2024-02-14 09:03:09,825.5,active,1.0,12.799999999999997,100.0,87.2,0.03317535545023697,0.010155721056194989,25,1,0.16151979466601016,3
user_2872196d,MHAGI-PF3YCK6H_mhagi,MHAGI-PF3YCK6H_mhagi,ThinkPad X1 Carbon Gen 10,Sunwoda,57000.0,29894,2023-02-04T14:18:25,2025-01-13T11:18:36,708.88,30.0,57000.0,51030.0,57570.0,89.53,88.64,11.36,322.0,320.0,13.74,164.88,0.8749,0.8442,0.1558,90.26,97.0,0.0153,0.6427,15836.0,13.0,16361.0,21480.0,0.0006,729,27.18,21.0,109.6,24.0,355.0,205.97,3.629,5.953,Sunwoda,4,3,0.423,589.5,83.2,2023-06-03 23:03:56,504.5,very_stale,1.0,45.0,100.0,55.0,0.002140897839031244,0.0006690305746972637,23,1,0.4040357752144386,5
user_ab1fcd1a,CARZADON-3JDEXX_carzadon,CARZADON-3JDEXX_carzadon,ThinkPad T14 Gen 2i,SMP,50450.0,9940,2023-02-03T09:09:44,2025-03-07T13:57:49,763.2,30.0,46430.0,43140.0,48680.0,85.51,88.62,11.38,662.0,494.0,19.7,236.42,0.4543,0.3792,0.6208,69.8,74.0,0.0325,0.1737,1679.0,0.0,25279.0,27184.0,0.0,734,49.91,53.0,911.3,10.92,14.0,24.46,5.244,10.573,SMP,428,1061,139.02,0.9,0.1,2025-03-06 16:54:59,451.4,active,0.0,23.0,100.0,77.0,0.01398390342052314,0.005331991951710261,69,1,0.18660744175990504,25
user_bcd86d6d,ABUCKNER-0B0WH8_abuckner,ABUCKNER-0B0WH8_abuckner,ThinkPad P1 Gen 7,Sunwoda,90000.0,15781,2024-05-06T14:27:28,2026-06-01T14:35:40,756.01,30.0,90010.0,83380.0,94130.0,92.64,88.58,11.42,45.0,41.0,1.65,19.81,0.9575,0.957,0.043,82.13,79.0,0.0033,0.2557,4504.0,0.0,3930.0,18691.0,0.0,80,35.7,34.5,464.7,10.8,56.0,405.15,40.787,5.797,Sunwoda,51,50,6.614,10.9,1.4,2026-05-21 17:11:37,0.4,active,2.0,76.0,100.0,24.0,0.0012039794689816868,0.00019010202141816107,8,1,0.2013267070918455,3
user_b785bad2,HIDEKIK-F3T9NA0_hidekik,HIDEKIK-F3T9NA0_hidekik,ThinkPad X1 Carbon Gen 9,SMP,57050.0,10106,2023-02-03T15:00:42,2024-08-06T15:12:42,550.01,30.0,58990.0,52240.0,58990.0,91.57,88.56,11.44,166.0,137.0,7.58,90.98,0.7542,0.7342,0.2658,94.18,98.0,0.0007,0.6336,1155.0,0.0,8627.0,17914.0,0.0,456,14.33,11.0,473.4,10.81,749.0,671.57,8.352,7.665,SMP,5,4,0.727,50.2,9.1,2024-06-17 10:08:15,664.4,active,5.0,71.0,100.0,29.0,0.0004947555907381753,0.0,3,1,0.481851437218082,0
user_85211b3e,PJJAKES-F5HTSDQ_pjjakes,PJJAKES-F5HTSDQ_pjjakes,ThinkPad T14s 2-in-1 Gen 1,Celxpert,58000.0,2468,2025-05-27T13:12:32,2026-05-19T09:07:40,356.83,30.0,58750.0,52730.0,59640.0,90.91,88.41,11.59,109.0,108.0,9.21,110.55,0.3695,0.3614,0.6386,79.39,87.0,0.0292,0.1891,2141.0,0.0,6206.0,9280.0,0.0,250,30.46,25.0,1212.1,13.18,14.0,692.02,11.141,12.104,Celxpert,115,123,34.47,0.0,0.0,2026-05-19 08:37:15,13.6,active,2.0,33.0,100.0,67.0,0.006888168557536467,0.0016207455429497568,7,1,0.2635858028798551,4
user_5f459eea,ICA_USER,ICA_USER,ThinkPad T14s Gen 3,SMP,57000.0,643,2024-07-24T10:06:02,2025-06-05T14:51:18,316.2,30.0,60160.0,53160.0,60160.0,93.26,88.36,11.64,33.0,25.0,2.41,28.88,0.409,0.2928,0.7072,67.59,75.0,0.0888,0.1722,799.0,0.0,1913.0,20184.0,0.0,47,45.09,46.0,5343.3,1.56,27.0,519.7,55.408,19.395,SMP,6,5,1.581,77.0,24.4,2025-03-20 14:58:42,361.4,stale,0.0,10.100000000000001,100.0,89.9,0.041990668740279936,0.02332814930015552,12,1,0.21560953985176726,2
user_aa7a3896,JESTROFF-4G0AHW_jestroff,JESTROFF-4G0AHW_jestroff,ThinkPad T14 Gen 4,LGES,52500.0,3410,2023-08-04T13:15:51,2024-07-23T14:08:42,354.04,30.0,52500.0,47770.0,54070.0,90.99,88.35,11.65,89.0,87.0,7.48,89.76,0.6754,0.5273,0.4727,87.66,98.0,0.0145,0.4448,1854.0,0.0,3934.0,9616.0,0.0,201,32.81,26.0,1726.3,2.7,11.0,162.65,28.418,18.652,LG,3,2,0.565,228.2,64.4,2023-12-08 10:18:32,678.4,very_stale,5.0,36.0,100.0,64.0,0.005571847507331379,0.0,8,1,0.4584570373927068,5
user_a0530ef6,NICOLEX1CG12_nbaker,NICOLEX1CG12_nbaker,ThinkPad X1 Carbon Gen 12,Celxpert,57030.0,4548,2024-04-17T12:39:16,2025-02-24T17:56:30,313.22,30.0,57680.0,52160.0,59090.0,91.46,88.27,11.73,117.0,116.0,11.27,135.27,0.6106,0.5166,0.4834,84.2,96.0,0.0199,0.3731,3380.0,0.0,6595.0,9325.0,0.0,295,29.94,23.0,692.3,7.8,228.0,166.79,10.288,15.36,Celxpert,126,130,41.504,0.4,0.1,2025-02-24 09:25:34,462.3,active,0.0,36.0,100.0,64.0,0.007255936675461741,0.00395778364116095,15,1,0.36692260742435806,8
user_78c2dec9,TMORIWAKI-00019_tmoriwaki,TMORIWAKI-00019_tmoriwaki,ThinkPad P1 Gen 7,Celxpert,90000.0,10570,2024-02-27T21:30:11,2024-11-27T18:03:27,273.86,30.0,90590.0,80540.0,91260.0,89.49,88.25,11.75,86.0,83.0,9.23,110.7,0.8546,0.8811,0.1189,96.73,100.0,0.0006,0.8351,5865.0,0.0,7352.0,7597.0,0.0,383,18.04,13.0,106.9,13.99,150.0,176.88,14.683,16.42,Celxpert,93,92,33.594,0.1,0.1,2024-11-27 14:33:27,551.2,active,5.0,81.0,100.0,19.0,0.0006622516556291391,0.0,2,1,0.7909840344534108,2
user_2e8f135e,YONDA-PF1BLXHW_yonda,YONDA-PF1BLXHW_yonda,ThinkPad T490,Celxpert,51000.0,14257,2023-02-06T20:11:43,2026-01-09T22:20:10,1068.09,30.0,37610.0,38510.0,43650.0,75.51,88.22,11.78,448.0,203.0,5.79,69.42,0.6076,0.6148,0.3852,87.27,98.0,0.0243,0.572,2421.0,8.0,16554.0,52550.0,0.0002,454,29.05,22.0,738.5,11.12,731.0,526.86,7.137,4.669,Celxpert,434,753,70.5,1.0,0.1,2026-01-08 21:44:58,143.1,active,1.0,38.0,100.0,62.0,0.007364803254541629,0.0009819737672722172,37,1,0.4844655213708005,25
user_99ceb08d,XIUQIN_liuxq13,XIUQIN_liuxq13,ThinkPad X13 Gen 6,SMP,54750.0,5239,2025-05-20T10:20:39,2026-04-27T08:22:25,341.92,30.0,54760.0,48560.0,55070.0,88.69,88.18,11.82,144.0,144.0,12.82,153.83,0.6343,0.6337,0.3663,84.87,97.0,0.0089,0.476,5299.0,0.0,7320.0,8874.0,0.0,350,31.14,26.5,317.9,19.41,1089.0,670.62,9.093,14.441,SMP,152,155,45.333,3.0,0.9,2026-04-24 08:50:51,35.7,active,2.0,36.0,100.0,64.0,0.0032448940637526246,0.0013361328497804924,7,1,0.40790862297568337,1
user_3d4c7c3b,MIT_mpatel13,MIT_mpatel13,ThinkPad L16 Gen 2,Sunwoda,57000.0,6198,2025-05-27T14:42:24,2026-05-26T14:41:47,364.0,30.0,57000.0,50760.0,57570.0,89.05,88.17,11.83,132.0,130.0,10.87,130.45,0.6283,0.4463,0.5537,85.18,100.0,0.0467,0.3676,2196.0,0.0,7129.0,9321.0,0.0,231,42.26,30.0,915.1,3.8,78.0,172.03,9.241,12.059,Sunwoda,171,205,56.319,0.9,0.3,2026-05-25 16:42:01,6.4,active,1.0,21.0,100.0,79.0,0.022426589222329783,0.012746047111971604,37,1,0.5409352531518417,32
user_daa8763e,BFALEIRO-5C6ATS_bfaleiro,BFALEIRO-5C6ATS_bfaleiro,ThinkPad X1 Carbon Gen 13,BYD,57030.0,7074,2025-01-29T09:57:25,2026-05-16T12:26:59,472.1,30.0,57040.0,50260.0,57040.0,88.13,88.11,11.89,51.0,49.0,3.16,37.91,0.8907,0.8644,0.1356,93.89,98.0,0.0039,0.8002,4071.0,0.0,2711.0,11844.0,0.0,140,23.77,15.5,1993.1,9.95,44.0,866.6,25.84,9.44,BYD,56,55,11.65,21.0,4.5,2026-04-25 11:26:02,16.5,active,0.0,68.0,100.0,32.0,0.003958156629912355,0.0015549901046084252,9,1,0.4431290706710338,1
user_2cf30d73,MERSEY1_Jeffrey_Farringer,MERSEY1_Jeffrey_Farringer,ThinkPad X1 2-in-1 Gen 9,BYD,57030.0,4742,2024-05-06T11:10:55,2025-02-06T10:23:00,275.97,30.0,56910.0,50100.0,56910.0,87.85,88.03,11.97,91.0,79.0,8.71,104.56,0.7214,0.7306,0.2694,90.88,98.0,0.0033,0.6457,6090.0,12.0,4692.0,9261.0,0.0013,227,24.18,18.0,312.8,14.24,99.0,84.52,15.147,16.202,BYD,78,88,31.888,0.0,0.0,2025-02-06 10:23:00,480.6,active,11.0,52.05000000000001,100.0,47.94999999999999,0.0,0.0,0,1,0.48991109214162626,0
user_d6e80b97,DONGQZ-PF5HTSGV_dongqz,DONGQZ-PF5HTSGV_dongqz,ThinkPad T14s 2-in-1 Gen 1,Celxpert,58000.0,5557,2025-05-28T13:25:30,2026-05-27T12:39:02,363.97,30.0,59610.0,52580.0,59730.0,90.66,88.03,11.97,40.0,39.0,3.26,39.14,0.8652,0.873,0.127,95.37,99.0,0.0038,0.8232,5475.0,2.0,2305.0,8378.0,0.0002,109,23.65,18.0,813.2,10.7,540.0,191.93,46.041,16.071,Celxpert,49,48,13.188,8.1,2.2,2026-05-19 09:08:41,5.5,active,0.0,72.80000000000001,100.0,27.19999999999999,0.003599064243296743,0.0030592046068022316,6,1,0.6295429249393856,2
user_205fd2e1,SUGAP-PF2QQVFQ_SUGAP,SUGAP-PF2QQVFQ_SUGAP,ThinkPad X1 Carbon Gen 9,Celxpert,57000.0,8759,2023-02-03T12:45:16,2024-02-06T17:26:59,368.2,30.0,48310.0,45080.0,51250.0,79.09,87.96,12.04,501.0,244.0,20.17,242.05,0.7566,0.7215,0.2785,89.41,100.0,0.0141,0.5665,5828.0,31.0,25146.0,24914.0,0.0012,363,30.34,23.0,182.6,21.73,369.0,123.85,5.733,13.954,Celxpert,320,704,191.203,0.4,0.1,2024-02-06 08:56:58,846.3,active,3.0,41.0,100.0,59.0,0.0041100582258248655,0.0011416828405069071,22,1,0.5918256235519218,8
user_2234b22d,MNAKABAYASH-XPZ_mnakabayashi1,MNAKABAYASH-XPZ_mnakabayashi1,ThinkPad X1 Carbon Gen 10,SMP,57050.0,7455,2023-07-04T16:26:51,2026-05-27T14:45:46,1057.93,30.0,58990.0,51880.0,58990.0,90.94,87.95,12.05,188.0,188.0,5.41,64.91,0.719,0.7279,0.2721,87.27,97.0,0.0103,0.5722,3739.0,0.0,10290.0,24443.0,0.0,434,30.07,25.5,227.0,24.22,51.0,147.33,7.58,4.635,SMP,7,6,0.567,797.1,75.3,2024-03-21 13:33:25,5.4,very_stale,1.0,42.0,100.0,58.0,0.003755868544600939,0.0014755197853789403,10,1,0.40971734119887127,5
user_c44d92f6,TBERDAR-F4RM5MK_tberdar,TBERDAR-F4RM5MK_tberdar,ThinkPad X1 Carbon Gen 12,SMP,57030.0,1653,2024-02-06T09:29:32,2024-06-04T13:51:30,119.18,30.0,59660.0,52460.0,59660.0,91.99,87.93,12.07,42.0,41.0,10.47,125.65,0.5644,0.5617,0.4383,81.7,95.0,0.0072,0.4464,1715.0,0.0,2517.0,3296.0,0.0,85,37.91,36.0,740.2,10.26,307.0,193.86,30.171,37.054,SMP,52,51,42.792,1.0,0.9,2024-06-03 12:59:53,727.4,active,8.0,33.60000000000001,100.0,66.39999999999999,0.0006049606775559589,0.0,1,1,0.4156791170676188,1
user_75878165,MD2-SVT-3FCN_xuxru,MD2-SVT-3FCN_xuxru,ThinkPad Z16 Gen 2,SMP,72010.0,3725,2023-09-25T11:12:55,2024-04-12T20:55:32,200.4,30.0,74200.0,69620.0,79210.0,96.68,87.89,12.11,99.0,97.0,14.73,176.79,0.4856,0.3118,0.6882,73.75,85.0,0.0401,0.1903,848.0,0.0,7566.0,5048.0,0.0,169,52.58,59.0,1357.5,4.68,124.0,359.29,15.93,25.357,SMP,24,26,12.974,0.8,0.4,2024-04-12 01:13:32,780.1,active,1.0,20.0,100.0,80.0,0.014496644295302013,0.006174496644295302,17,1,0.19004653515622952,14
user_5098b8dd,NATHANP-F4YAYFH_nathanp,NATHANP-F4YAYFH_nathanp,ThinkPad P16s Gen 3,Sunwoda,75000.0,10943,2024-06-17T11:42:09,2025-12-01T14:45:46,532.13,30.0,76100.0,66660.0,76100.0,88.88,87.6,12.4,117.0,115.0,6.58,78.94,0.8597,0.8867,0.1133,92.86,98.0,0.0022,0.7094,9429.0,1.0,8124.0,14016.0,0.0001,282,21.37,16.0,120.4,21.32,82.0,205.27,10.787,8.518,Sunwoda,125,124,23.303,2.8,0.5,2025-11-28 20:43:02,182.4,active,8.0,69.0,100.0,31.0,0.0005482957141551677,0.0,3,1,0.37853255296799215,0
user_d82031d2,LAPTOP-RCQD7R5B_kazuk,LAPTOP-RCQD7R5B_kazuk,ThinkPad X1 Carbon Gen 10,Celxpert,57000.0,7250,2023-02-17T04:28:14,2024-01-29T16:51:46,346.52,30.0,57130.0,50510.0,57660.0,88.61,87.6,12.4,105.0,103.0,9.05,108.57,0.8312,0.7491,0.2509,90.28,99.0,0.0242,0.6722,2025.0,18.0,5701.0,13220.0,0.0014,214,36.64,24.0,832.7,8.04,43.0,239.37,12.526,15.6,Celxpert,261,378,109.086,0.0,0.0,2024-01-29 16:51:43,854.3,active,0.0,35.0,100.0,65.0,0.013931034482758621,0.008827586206896552,41,1,0.4868936615209689,24
user_4f486f07,HSUMIXPF3T9QH8_hsumi,HSUMIXPF3T9QH8_hsumi,ThinkPad X1 Carbon Gen 9,SMP,57050.0,1494,2023-02-08T01:21:16,2025-01-31T10:46:57,723.39,30.0,53820.0,47100.0,53830.0,82.56,87.5,12.5,61.0,46.0,1.94,23.23,0.7416,0.7302,0.2698,86.46,97.0,0.0341,0.5442,3959.0,0.0,3192.0,20588.0,0.0,49,26.41,17.0,1398.4,14.55,9.0,0.22,27.783,6.336,SMP,12,11,1.521,209.0,28.9,2024-07-06 10:51:08,486.6,very_stale,1.0,26.650000000000006,100.0,73.35,0.018072289156626505,0.009370816599732263,10,1,0.3739561618936987,7
user_366165ef,TAJISAKA-49SXPJ_tajisaka,TAJISAKA-49SXPJ_tajisaka,ThinkPad X1 Carbon Gen 10,SMP,57050.0,14183,2023-05-25T09:41:51,2026-01-15T09:01:57,965.97,30.0,58990.0,51540.0,58990.0,90.34,87.37,12.63,128.0,128.0,4.03,48.4,0.9126,0.9385,0.0615,95.66,98.0,0.0008,0.8958,1982.0,0.0,6639.0,22505.0,0.0,312,21.97,20.5,93.1,29.69,107.0,191.21,10.703,5.261,SMP,6,5,0.518,573.9,59.4,2024-06-20 12:10:24,137.6,very_stale,6.0,80.0,100.0,20.0,0.00021152083480222803,0.0,2,1,0.36392093750822185,1
user_42fb9bb4,LIUHY24-X1EGEN4_liuhy24,LIUHY24-X1EGEN4_liuhy24,ThinkPad X1 Extreme Gen 4i,SMP,90090.0,29432,2023-02-27T10:56:16,2025-04-28T09:30:34,790.94,30.0,88150.0,76980.0,88150.0,85.45,87.33,12.67,26.0,13.0,0.5,6.0,0.9964,0.9977,0.0023,97.78,98.0,0.0004,0.9838,1730.0,22.0,2342.0,31529.0,0.0007,25,25.56,16.0,33.5,45.5,340.0,664.86,115.196,7.162,SMP,4,3,0.379,168.0,21.2,2024-11-11 10:32:40,399.6,stale,4.0,95.0,100.0,5.0,0.00023783636857841803,0.00010192987224789345,3,1,0.4769333953856651,2
user_60c1b000,JPROULX-F5GQ0BB_jproulx,JPROULX-F5GQ0BB_jproulx,ThinkPad T16 Gen 4,Celxpert,86000.0,5959,2025-05-13T14:50:25,2026-05-27T07:41:49,378.7,30.0,86000.0,75520.0,86510.0,87.81,87.3,12.7,115.0,113.0,9.08,108.99,0.611,0.4708,0.5292,89.37,99.0,0.0124,0.4032,2578.0,0.0,9277.0,9740.0,0.0,212,33.38,24.0,1108.9,2.32,108.0,205.97,27.617,33.703,Celxpert,146,161,42.514,0.9,0.2,2026-05-26 09:25:25,5.7,active,4.0,46.0,100.0,54.0,0.0015103205235777815,0.0003356267830172848,5,1,0.48797206038238106,2
user_e75c7ac2,LAPTOP-7CFQ50BM_Carl,LAPTOP-7CFQ50BM_Carl,ThinkPad X1 Carbon Gen 12,SMP,57030.0,4308,2024-01-09T17:21:44,2025-03-14T20:10:38,430.12,30.0,59240.0,52640.0,60340.0,92.3,87.24,12.76,182.0,175.0,12.38,148.61,0.4408,0.3474,0.6526,57.41,57.0,0.1404,0.1353,1282.0,0.0,10585.0,11513.0,0.0,346,41.79,37.0,960.1,14.92,25.0,605.33,9.892,13.421,SMP,110,129,29.992,63.3,14.7,2025-01-10 12:22:04,444.2,stale,0.0,6.0,100.0,94.0,0.08124419684308264,0.03574744661095636,115,1,0.150510081909319,33
user_c5611d4b,MCROWNOVER-WLK4_mcrownover,MCROWNOVER-WLK4_mcrownover,ThinkPad P16 Gen 2,LGES,94010.0,10597,2023-08-07T12:11:53,2024-05-06T20:42:35,273.35,30.0,92640.0,80800.0,92640.0,85.95,87.22,12.78,31.0,19.0,2.12,25.39,0.9749,0.9689,0.0311,97.84,99.0,0.0013,0.9615,7132.0,7.0,2785.0,9049.0,0.0008,41,36.05,27.0,171.1,47.0,14.0,171.2,67.267,17.097,LG,28,27,9.877,19.7,7.2,2024-04-17 04:04:16,756.1,active,5.0,95.0,100.0,5.0,0.0006605643106539587,0.0,3,1,0.6249406789087861,2
user_6d571186,JCAMARADOR-4NYS_jcamarador,JCAMARADOR-4NYS_jcamarador,ThinkPad T14 Gen 2a,Celxpert,51000.0,14283,2023-02-03T19:35:50,2025-09-19T10:57:38,958.64,30.0,50370.0,44140.0,50630.0,86.55,87.18,12.82,176.0,159.0,5.05,60.58,0.8871,0.8871,0.1129,96.12,100.0,0.0025,0.8308,3301.0,0.0,4300.0,16396.0,0.0,274,26.04,20.5,276.7,20.67,440.0,568.41,8.217,4.982,Celxpert,173,218,22.741,51.0,5.3,2025-07-30 10:12:46,255.5,active,3.0,76.0,100.0,24.0,0.0007701463278022825,0.00014002660505496044,7,1,0.7212342488540213,2
user_4da89fa1,MKOZO-PF3W9L3K_mkozo,MKOZO-PF3W9L3K_mkozo,ThinkPad X1 Carbon Gen 9,Celxpert,57000.0,13786,2023-02-07T17:11:25,2026-05-29T01:54:04,1206.36,30.0,55710.0,48510.0,55710.0,85.11,87.08,12.92,224.0,199.0,5.02,60.25,0.8426,0.8206,0.1794,94.76,100.0,0.0104,0.7457,3530.0,15.0,11582.0,34194.0,0.0004,243,24.95,18.0,567.1,13.53,176.0,331.68,6.696,4.026,Celxpert,271,430,35.644,0.4,0.0,2026-05-28 16:35:24,3.9,active,0.0,68.0,100.0,32.0,0.005295227041926592,0.004279704047584506,25,1,0.6369868343698999,5
user_fb31e908,ENOZAKI1-38LRB0_enozaki1,ENOZAKI1-38LRB0_enozaki1,ThinkPad X1 Yoga Gen 6,Celxpert,57000.0,9041,2023-02-05T11:01:33,2025-06-12T10:39:15,857.98,30.0,55370.0,48260.0,55590.0,84.67,86.81,13.19,246.0,184.0,6.53,78.33,0.6913,0.589,0.411,83.4,95.0,0.016,0.3835,2676.0,1.0,13080.0,25614.0,0.0,509,22.2,16.0,627.0,17.74,58.0,503.62,7.245,5.635,Celxpert,352,835,97.321,12.5,1.5,2025-05-30 23:13:02,354.6,active,0.0,34.0,100.0,66.0,0.005640968919367327,0.002101537440548612,14,1,0.2666978310297124,1
user_76bda0d2,CTURNER_cturner,CTURNER_cturner,ThinkPad X13 Gen 4,SMP,54730.0,6669,2023-04-25T13:15:09,2024-04-10T07:18:22,350.75,6.56,55220.0,52140.0,60200.0,95.27,86.61,13.39,52.0,51.0,4.43,53.11,0.8429,0.7985,0.2015,91.65,98.0,0.0122,0.7107,1891.0,0.0,2904.0,8442.0,0.0,111,31.3,22.0,1173.7,9.95,8.0,0.63,34.33,16.985,SMP,11,10,2.851,161.8,46.1,2023-10-31 11:11:41,782.7,stale,2.0,48.0,100.0,52.0,0.004048582995951417,0.001649422702054281,9,1,0.47689983619680554,2
user_04005327,HIKAWAXPF3Z84A1_hikawa,HIKAWAXPF3Z84A1_hikawa,ThinkPad X1 Carbon Gen 10,SMP,57050.0,13177,2023-02-09T10:41:46,2026-05-22T13:20:21,1198.11,30.0,53120.0,45980.0,53120.0,80.6,86.56,13.44,332.0,251.0,6.38,76.52,0.7261,0.7426,0.2574,89.93,97.0,0.0048,0.5799,4107.0,0.0,16860.0,31752.0,0.0,624,23.64,17.0,298.9,26.0,13.0,720.9,5.464,4.125,SMP,9,8,0.668,799.7,66.7,2024-03-13 19:55:45,10.4,very_stale,0.0,53.0,100.0,47.0,0.002580253471958716,0.0006071184639902861,17,1,0.3530375445859314,3
user_5104e68f,X1C_LNL,X1C_LNL,ThinkPad X1 Carbon Gen 13,SMP,57030.0,2277,2025-03-30T20:10:55,2026-01-24T16:24:40,299.84,30.0,59520.0,52410.0,60640.0,91.9,86.43,13.57,61.0,53.0,5.38,64.56,0.6974,0.6593,0.3407,86.54,98.0,0.0116,0.5553,1481.0,0.0,3563.0,10427.0,0.0,114,31.61,28.0,1244.6,4.82,119.0,679.62,71.431,27.277,SMP,65,78,26.014,23.3,7.8,2026-01-01 09:10:28,128.3,active,2.0,38.0,100.0,62.0,0.0030742204655248135,0.0030742204655248135,3,1,0.4389458553361967,2
user_64d2126c,PHIL_pweinstein,PHIL_pweinstein,ThinkPad T14 Gen 6,Sunwoda,57000.0,4844,2025-05-06T14:29:42,2026-05-26T14:31:14,385.0,30.0,57000.0,50360.0,58330.0,88.35,86.34,13.66,84.0,84.0,6.64,79.69,0.7723,0.7368,0.2632,90.29,99.0,0.0118,0.6649,5415.0,0.0,4666.0,9412.0,0.0,190,33.07,25.0,789.3,6.16,161.0,190.14,23.971,19.183,Sunwoda,103,110,28.571,0.0,0.0,2026-05-26 14:01:14,6.4,active,1.0,37.0,100.0,63.0,0.0053674649050371595,0.003922378199834847,12,1,0.5521261826526458,4
user_020da669,WOMALLEY-55RJ32_womalley,WOMALLEY-55RJ32_womalley,ThinkPad T14 Gen 6,ATL,57000.0,5315,2025-04-22T15:15:28,2026-05-19T15:39:13,392.02,30.0,57000.0,51010.0,59120.0,89.49,86.28,13.72,170.0,168.0,13.05,156.53,0.5932,0.5014,0.4986,80.0,94.0,0.0116,0.3775,5275.0,0.0,9085.0,10233.0,0.0,361,39.39,43.0,654.6,9.86,216.0,167.92,8.966,14.084,ATL,194,226,57.651,1.1,0.3,2026-05-18 13:14:42,13.3,active,2.0,30.0,100.0,70.0,0.0030103480714957667,0.0009407337723424271,7,1,0.4204850735482933,3
user_7279addf,RLOTRINIA-A7W6D_rlotrinia,RLOTRINIA-A7W6D_rlotrinia,ThinkPad T14 Gen 2i,SMP,50450.0,9172,2023-02-03T11:08:17,2025-09-17T10:41:49,956.98,30.0,53330.0,46390.0,53770.0,91.95,86.27,13.73,105.0,105.0,3.34,40.08,0.8706,0.8861,0.1139,96.44,99.0,0.0011,0.8378,2225.0,0.0,4154.0,32486.0,0.0,191,19.54,15.0,1006.9,20.03,10.0,0.8,18.3,5.427,SMP,43,47,4.911,36.9,3.9,2025-08-11 12:15:16,257.6,active,1.0,81.0,100.0,19.0,0.0007631923244657653,0.0005451373746184038,4,1,0.6101317198570027,1
user_90b1c2ca,SSPINNER-000090_sspinner,SSPINNER-000090_sspinner,ThinkPad L13 2-in-1 Gen 6,SMP,54750.0,4791,2025-03-20T11:15:03,2026-05-28T13:18:50,434.09,30.0,55720.0,48060.0,55720.0,87.78,86.25,13.75,214.0,214.0,15.01,180.06,0.441,0.3531,0.6469,71.39,79.0,0.0394,0.208,2623.0,4.0,10798.0,10583.0,0.0004,343,50.5,56.0,1268.7,4.39,102.0,191.11,6.424,11.58,SMP,212,246,56.671,1.1,0.2,2026-05-27 11:28:53,4.4,active,1.0,20.0,100.0,80.0,0.019828845752452515,0.0073053642245877685,46,1,0.2780867868440948,29
user_f3573b01,X1C_METEOR,X1C_METEOR,ThinkPad X1 Carbon Gen 12,Celxpert,57030.0,5610,2024-01-25T00:03:28,2024-06-20T14:22:30,147.6,30.0,58930.0,50720.0,58930.0,88.94,86.07,13.93,66.0,60.0,12.37,148.48,0.7592,0.7467,0.2533,93.55,99.0,0.0071,0.6863,2705.0,2.0,3758.0,5902.0,0.0003,217,20.61,11.0,213.7,11.16,48.0,206.58,23.22,35.768,Celxpert,68,67,45.394,8.0,5.4,2024-06-12 15:00:51,711.4,active,2.0,62.0,100.0,38.0,0.00196078431372549,0.0012477718360071302,7,1,0.6190969763991538,4
user_37b7d84a,IYOSHIMITSU-VKS_iyoshimitsu,IYOSHIMITSU-VKS_iyoshimitsu,ThinkPad T14 Gen 3,LGES,39300.0,4886,2023-02-02T22:24:11,2026-01-23T15:36:28,1085.72,30.0,40550.0,34870.0,40550.0,88.73,85.99,14.01,158.0,151.0,4.23,50.8,0.8535,0.8282,0.1718,90.06,97.0,0.0233,0.7121,3832.0,0.0,3857.0,30523.0,0.0,140,34.5,25.5,1030.0,20.59,34.0,1399111.06,10.693,6.706,LG,3,2,0.184,495.8,45.7,2024-09-14 19:28:19,129.3,very_stale,0.0,39.0,100.0,61.0,0.010233319688907082,0.006139991813344249,20,1,0.38776391363793544,9
user_a5bc65c9,HARSHADA-X1CG12_hghodke,HARSHADA-X1CG12_hghodke,ThinkPad X1 Carbon Gen 12,Celxpert,57030.0,3500,2024-09-08T10:50:18,2026-05-27T09:12:36,625.93,30.0,57250.0,49840.0,58000.0,87.39,85.93,14.07,100.0,99.0,4.81,57.77,0.7223,0.7284,0.2716,84.4,96.0,0.0283,0.5182,7614.0,0.0,5333.0,20291.0,0.0,196,37.01,30.0,704.5,17.27,181.0,167.0,16.171,11.344,Celxpert,110,114,18.213,0.5,0.1,2026-05-26 20:52:32,5.6,active,2.0,28.0,100.0,72.0,0.013428571428571429,0.006285714285714286,21,1,0.289647237544146,6
user_6ad0b925,MERSEY_SIT,MERSEY_SIT,ThinkPad X1 2-in-1 Gen 9,BYD,57030.0,778,2023-12-05T13:48:12,2024-01-26T13:15:39,51.98,30.0,57040.0,48940.0,57040.0,85.81,85.8,14.2,11.0,11.0,6.44,77.3,0.7635,0.751,0.249,92.02,98.0,0.0002,0.679,660.0,0.0,575.0,2031.0,0.0,25,23.44,18.0,657.0,6.22,1222.0,609.71,157.784,,BYD,8,9,17.315,2.1,4.1,2024-01-24 09:41:07,857.4,active,18.0,54.0,100.0,46.0,0.0,0.0,0,1,0.49920450275425926,0
user_97d44858,GKONDOXPF3TRKJD_gkondo,GKONDOXPF3TRKJD_gkondo,ThinkPad X1 Yoga Gen 6,Sunwoda,57000.0,13912,2023-02-02T16:46:38,2026-06-01T20:55:40,1215.17,30.0,48600.0,43640.0,50970.0,76.56,85.62,14.38,515.0,430.0,10.77,129.25,0.6048,0.5563,0.4437,78.83,95.0,0.0705,0.4008,15517.0,6.0,24035.0,34624.0,0.0002,911,35.84,27.0,559.9,20.09,8.0,542.95,4.609,5.215,Sunwoda,44,44,3.621,54.8,4.5,2026-04-08 02:43:15,0.1,active,0.0,15.0,100.0,85.0,0.03622771707878091,0.020126509488211614,173,1,0.4105343772668811,86
user_d8f912e4,LAPTOP-K2Q4C3UQ_1,LAPTOP-K2Q4C3UQ_1,ThinkPad Z16 Gen 1,SMP,72010.0,2063,2023-02-07T08:47:11,2023-11-21T15:35:21,287.28,30.0,73350.0,66900.0,78140.0,92.9,85.62,14.38,102.0,40.0,4.24,50.86,0.7523,0.7574,0.2426,86.66,99.0,0.0651,0.5813,3616.0,1.0,7197.0,11858.0,0.0001,66,48.33,49.0,2696.3,19.56,208.0,192.84,49.602,35.705,SMP,28,28,9.746,4.3,1.5,2023-11-17 08:46:41,923.4,active,2.0,20.0,100.0,80.0,0.03538536112457586,0.005332040717401842,13,1,0.5230289071351614,5
user_7220ec3f,LAPTOP-S8IHCLL8_x1,LAPTOP-S8IHCLL8_x1,ThinkPad X1 2-in-1 Gen 10,BYD,57030.0,2798,2025-01-13T11:27:43,2026-05-22T19:58:36,494.35,30.0,57040.0,48700.0,57040.0,85.39,85.38,14.62,42.0,42.0,2.59,31.03,0.7105,0.6907,0.3093,71.87,78.0,0.0384,0.1561,971.0,1.0,2096.0,12256.0,0.0001,74,45.26,46.5,1572.2,2.41,96.0,222.91,34.813,10.889,BYD,50,49,9.912,8.1,1.6,2026-05-14 18:16:51,10.2,active,1.0,22.0,100.0,78.0,0.021801286633309505,0.004288777698355968,11,1,0.13988319387102263,1
user_027b5aa9,GHIROSE-F453D0C_ghirose,GHIROSE-F453D0C_ghirose,ThinkPad T14 Gen 3,SMP,39380.0,14915,2023-03-27T16:17:23,2025-06-10T11:02:55,805.78,30.0,40290.0,34650.0,40780.0,87.99,84.97,15.03,335.0,335.0,12.66,151.85,0.6624,0.5823,0.4177,85.12,92.0,0.0095,0.1382,2037.0,0.0,12208.0,22700.0,0.0,914,23.79,18.0,509.0,19.03,1035.0,643.73,4.772,7.254,SMP,283,711,88.237,0.7,0.1,2025-06-09 18:33:21,356.5,active,0.0,47.0,100.0,53.0,0.002078444518940664,0.0006034193764666443,17,1,0.1383155026785914,7
user_6a7eeb32,MATT-T16G1_lietzke,MATT-T16G1_lietzke,ThinkPad T16 Gen 1,,86000.0,9399,2023-02-08T19:24:59,2024-03-04T12:02:08,389.69,30.0,83760.0,71150.0,83760.0,82.73,84.95,15.05,252.0,141.0,11.01,132.16,0.912,0.8664,0.1336,93.5,97.0,0.0047,0.7742,6845.0,0.0,14775.0,17903.0,0.0,89,38.54,38.0,987.1,4.15,,,12.34,16.279,,3,2,0.513,139.9,35.9,2023-10-16 13:44:37,819.5,stale,1.0,69.0,100.0,31.0,0.0018087030535163316,0.00042557718906266625,9,1,0.27621963982823283,2
user_60e59289,KWATAMURA-BLXLJ_kwatamura,KWATAMURA-BLXLJ_kwatamura,ThinkPad T490,,51000.0,8477,2023-02-06T12:33:21,2024-10-10T13:53:51,612.06,29.93,41080.0,36540.0,43090.0,71.65,84.8,15.2,702.0,305.0,15.17,182.01,0.5247,0.4567,0.5433,79.25,91.0,0.0393,0.3074,6617.0,4.0,26111.0,41694.0,0.0001,574,36.98,30.0,587.4,17.02,,,6.468,11.593,,375,854,139.53,0.0,0.0,2024-10-10 13:53:44,599.4,active,1.0,23.0,100.0,77.0,0.012504423734811844,0.004010852896071723,35,1,0.36351077575359897,19
user_26c928c7,WANGTC3-F4210KH_wangtc3,WANGTC3-F4210KH_wangtc3,ThinkPad T14s Gen 3,SMP,57000.0,14092,2023-02-09T13:57:03,2025-06-10T10:31:49,851.86,30.0,54570.0,48760.0,57610.0,85.54,84.64,15.36,177.0,152.0,5.43,65.17,0.947,0.9416,0.0584,93.69,97.0,0.016,0.8927,4274.0,5.0,9224.0,23673.0,0.0002,132,50.32,53.0,851.9,7.48,386.0,659.03,13.475,14.096,SMP,13,12,1.409,35.8,4.2,2025-05-05 15:03:47,356.6,active,0.0,67.55000000000007,100.0,32.44999999999993,0.005251206358217428,0.0026965654271927336,22,1,0.34268334663930666,11
user_8a84d2d1,KAZUK_PR2,KAZUK_PR2,ThinkPad X1 Carbon Gen 10,Celxpert,57000.0,7491,2023-02-17T04:28:14,2025-06-06T11:17:45,840.28,30.0,57130.0,48750.0,57660.0,85.53,84.55,15.45,115.0,113.0,4.09,49.12,0.8255,0.7435,0.2565,89.68,98.0,0.0278,0.66,2251.0,18.0,6197.0,21820.0,0.0008,225,36.65,24.0,838.1,8.38,89.0,93.95,14.177,7.198,Celxpert,277,405,48.198,0.0,0.0,2025-06-06 10:47:46,360.5,active,0.0,32.0,100.0,68.0,0.015485248965425177,0.00934454678948071,45,1,0.47955470404046086,24
user_eef44cea,LAPTOP-1KS1Q32S_T14s,LAPTOP-1KS1Q32S_T14s,ThinkPad T14s Gen 3,SMP,57000.0,11802,2023-02-12T20:22:31,2024-09-04T15:35:00,569.8,30.0,58420.0,49360.0,58420.0,86.6,84.49,15.51,244.0,242.0,12.93,155.13,0.5817,0.5072,0.4928,90.06,98.0,0.0043,0.4297,2632.0,27.0,13617.0,17316.0,0.0016,815,22.7,16.0,601.1,4.98,210.0,168.85,9.693,18.863,SMP,31,31,5.441,30.9,5.4,2024-08-04 18:57:10,635.4,active,0.0,52.0,100.0,48.0,0.0014404338247754618,0.0008473140145738011,9,1,0.44274601642143374,4
user_3cc5d81e,LAPTOP-T83863L5_EigerSIT11,LAPTOP-T83863L5_EigerSIT11,ThinkPad,Sunwoda,58000.0,5773,2023-12-28T02:39:48,2026-05-31T21:07:11,885.77,30.0,58030.0,49010.0,58030.0,84.5,84.46,15.54,184.0,182.0,6.25,75.05,0.4906,0.3856,0.6144,68.46,79.0,0.096,0.2533,4192.0,3.0,9461.0,18014.0,0.0002,325,48.57,50.0,1581.8,2.31,80.0,255.44,8.588,6.51,Sunwoda,224,245,27.66,4.0,0.4,2026-05-27 22:14:31,1.1,active,0.0,7.0,100.0,93.0,0.06357179975749178,0.03291183093712108,103,1,0.21672269475011421,49
user_0321c007,LWANG5-PW0A203M_lwang5,LWANG5-PW0A203M_lwang5,ThinkPad L13 2-in-1 Gen 5,LGES,46000.0,3525,2024-03-19T12:13:22,2026-05-29T21:19:14,801.38,30.0,46000.0,39240.0,46460.0,85.3,84.46,15.54,65.0,63.0,2.39,28.71,0.7634,0.7468,0.2532,90.81,100.0,0.0099,0.6431,1783.0,0.0,2393.0,19616.0,0.0,162,24.4,14.0,1171.6,17.48,9.0,1731.19,91.413,14.048,LG,4,3,0.374,235.6,29.4,2025-10-06 07:27:46,3.1,very_stale,0.0,45.0,100.0,55.0,0.007659574468085106,0.005957446808510639,11,1,0.6363669160376205,7
user_bb96a1f8,LAPTOP-II2JP927_Oak2-SVT-REX-1,LAPTOP-II2JP927_Oak2-SVT-REX-1,ThinkPad P16v Gen 2,Celxpert,90000.0,1000,2024-04-25T12:01:32,2025-01-04T16:01:22,254.17,30.0,89950.0,76160.0,90200.0,84.62,84.43,15.57,19.0,15.0,1.8,21.56,0.703,0.6636,0.3364,85.43,98.0,0.0627,0.5945,2748.0,0.0,1683.0,6727.0,0.0,19,42.42,34.0,7231.5,0.45,114.0,192.28,222.363,33.995,Celxpert,25,24,9.443,9.9,3.9,2024-12-25 17:40:16,513.3,active,1.0,20.0,100.0,80.0,0.022,0.006,5,1,0.4642476856109375,2
user_911260b9,TSCOTT2-F4RVJLS_tscott2,TSCOTT2-F4RVJLS_tscott2,ThinkPad T14s Gen 5,SMP,58020.0,3643,2024-04-17T09:59:07,2025-06-02T22:10:34,411.51,30.0,58030.0,48910.0,58030.0,84.3,84.28,15.72,95.0,93.0,6.88,82.55,0.6138,0.4676,0.5324,85.28,95.0,0.0127,0.3483,3357.0,0.0,5042.0,10169.0,0.0,237,31.72,28.0,1008.6,3.43,11.0,562.94,16.899,14.057,SMP,102,109,26.488,23.4,5.7,2025-05-10 11:30:21,364.1,active,1.0,38.0,100.0,62.0,0.00521548174581389,0.0024704913532802636,7,1,0.3782858835351697,2
user_fba4b3aa,JMATTHEWS2-YXHQ_jmatthews2,JMATTHEWS2-YXHQ_jmatthews2,ThinkPad P16 Gen 2,SMP,93540.0,16554,2023-08-09T12:36:03,2024-10-03T11:10:42,420.94,30.0,101460.0,85340.0,101460.0,91.23,84.11,15.89,92.0,91.0,6.58,78.96,0.9564,0.9414,0.0586,96.23,100.0,0.0078,0.9027,5396.0,2.0,8605.0,11631.0,0.0002,149,51.66,59.0,293.0,22.5,50.0,359.73,19.615,15.599,SMP,33,34,8.077,14.1,3.3,2024-09-19 08:51:31,606.5,active,4.0,77.0,100.0,23.0,0.005134710643953123,6.040836051709557e-05,32,1,0.783609430563993,18
user_b7ba4b9e,HSUMIXPF3MN51B_Hiroyuki_Sumi,HSUMIXPF3MN51B_Hiroyuki_Sumi,ThinkPad X1 Carbon Gen 10,Celxpert,57000.0,15258,2023-02-18T14:17:09,2025-08-13T08:04:33,906.74,30.0,55990.0,47110.0,56080.0,82.65,84.0,16.0,156.0,152.0,5.1,61.23,0.889,0.9059,0.0941,92.79,97.0,0.02,0.7611,2729.0,163.0,7953.0,29236.0,0.0056,313,26.45,17.0,411.3,20.47,74.0,195.78,10.663,6.462,Celxpert,249,391,43.121,0.0,0.0,2025-08-13 08:04:19,292.7,active,2.0,62.0,100.0,38.0,0.005046532966312754,0.0019006422860138943,17,1,0.31216472045011684,7
user_b10c222c,YWADA-PF49SXTB_ywada,YWADA-PF49SXTB_ywada,ThinkPad X1 Carbon Gen 10,,57050.0,8209,2023-04-20T16:04:29,2024-05-30T12:44:05,405.86,30.0,58990.0,49500.0,58990.0,86.77,83.91,16.09,136.0,136.0,10.2,122.39,0.8123,0.7556,0.2444,93.22,100.0,0.0057,0.6507,2342.0,0.0,7417.0,9699.0,0.0,253,21.17,14.0,279.5,17.16,,,14.112,18.886,,11,10,2.464,92.2,22.7,2024-02-28 08:45:33,732.5,stale,2.0,59.0,100.0,41.0,0.0014618102083079547,0.0006090875867949811,9,1,0.6350815136294189,2
user_f0834cc9,SWIGGINS-0HBMT4_swiggins,SWIGGINS-0HBMT4_swiggins,ThinkPad L13 Gen 6,SMP,54750.0,4820,2025-06-24T13:58:03,2026-05-26T15:03:02,336.05,30.0,54760.0,47050.0,56160.0,85.94,83.78,16.22,168.0,167.0,15.13,181.51,0.5983,0.5211,0.4789,81.46,95.0,0.0106,0.3767,3709.0,5.0,8548.0,9797.0,0.0005,365,36.89,37.0,561.3,12.9,403.0,191.43,10.398,18.915,SMP,168,199,59.218,0.1,0.0,2026-05-26 13:27:05,6.4,active,2.0,33.0,100.0,67.0,0.0012448132780082987,0.0006224066390041493,3,1,0.43546635613069856,1
user_7747dd1a,SPOSHAR-W0J2TP0_sposhar,SPOSHAR-W0J2TP0_sposhar,ThinkPad L13 Gen 6,SMP,54750.0,3241,2025-08-25T14:41:42,2026-06-01T15:26:19,280.03,30.0,54760.0,46500.0,55570.0,84.93,83.68,16.32,114.0,113.0,12.28,147.39,0.5042,0.3963,0.6037,81.61,93.0,0.0149,0.2673,2282.0,0.0,5744.0,8888.0,0.0,244,35.67,34.5,831.5,9.01,144.0,221.59,23.655,35.71,SMP,136,144,51.423,0.2,0.1,2026-06-01 10:54:11,0.4,active,4.0,35.0,100.0,65.0,0.001234186979327368,0.000308546744831842,3,1,0.3871360541658644,1
user_807170a8,LAPTOP-DCOJFCQ0_TM_X1_MTL,LAPTOP-DCOJFCQ0_TM_X1_MTL,ThinkPad X1 2-in-1 Gen 9,BYD,57030.0,5968,2024-03-26T16:02:24,2025-03-15T15:49:44,353.99,30.0,57040.0,49610.0,59390.0,86.99,83.53,16.47,103.0,101.0,8.69,104.21,0.7599,0.7182,0.2818,88.69,99.0,0.0181,0.6332,5851.0,0.0,5490.0,9686.0,0.0,255,31.13,20.0,415.0,10.9,1479.0,196.06,17.519,18.129,BYD,100,122,34.464,2.8,0.8,2025-03-12 21:21:20,443.3,active,1.0,35.0,100.0,65.0,0.007875335120643432,0.0030160857908847183,16,1,0.6042355840233743,7
user_ff48c0c7,HMORI-PF49QH1A_HMORI,HMORI-PF49QH1A_HMORI,ThinkPad X1 Carbon Gen 10,,57000.0,13701,2023-03-08T14:22:37,2025-01-16T08:51:04,679.77,30.0,57080.0,48040.0,57540.0,84.28,83.49,16.51,305.0,304.0,13.61,163.34,0.7638,0.7258,0.2742,88.68,99.0,0.0166,0.5997,5381.0,7.0,15776.0,18066.0,0.0004,610,31.22,24.0,390.8,24.45,,,5.597,9.389,,440,1010,148.58,0.0,0.0,2025-01-16 08:51:04,501.6,active,0.0,37.0,100.0,63.0,0.00642288884023064,0.0029194949273775635,51,1,0.596379065801813,21
user_167bf998,KDARDEN-F4CFJD9_kdarden,KDARDEN-F4CFJD9_kdarden,ThinkPad T14 Gen 4,Celxpert,52500.0,8242,2023-06-06T15:44:35,2024-08-01T10:35:57,421.79,30.0,52490.0,43780.0,52490.0,83.39,83.41,16.59,302.0,297.0,21.43,257.19,0.704,0.6413,0.3587,86.1,97.0,0.01,0.4918,3414.0,0.0,10903.0,11687.0,0.0,495,33.73,33.0,440.3,19.27,137.0,192.1,37.713,99.578,Celxpert,3,2,0.474,37.1,8.8,2024-06-25 07:04:23,669.6,active,1.0,42.0,100.0,58.0,0.004367871875758311,0.003397233681145353,16,1,0.4019524401180071,10
user_2b4dbca8,NPATEL6-F4C403Q_npatel6,NPATEL6-F4C403Q_npatel6,ThinkPad P16v Gen 1,Celxpert,90000.0,14210,2023-06-06T11:49:37,2026-02-19T18:54:35,989.3,30.0,90000.0,77130.0,92510.0,85.7,83.37,16.63,409.0,408.0,12.55,150.63,0.5994,0.4623,0.5377,81.26,96.0,0.0384,0.3644,7117.0,0.0,32105.0,21536.0,0.0,871,40.58,35.0,1002.9,5.87,21.0,3411.07,4.198,6.364,Celxpert,426,556,56.202,1.1,0.1,2026-02-18 16:10:21,102.2,active,0.0,22.0,100.0,78.0,0.01738212526389866,0.0033075299085151303,92,1,0.36982328520663516,52
user_796d16db,YTAGAMI-F3TQANR_ytagami,YTAGAMI-F3TQANR_ytagami,ThinkPad X1 Yoga Gen 6,Sunwoda,57000.0,9210,2023-02-07T13:13:30,2025-07-16T12:48:30,889.98,30.0,54420.0,45190.0,54420.0,79.28,83.04,16.96,278.0,220.0,7.52,90.29,0.5621,0.4123,0.5877,86.77,97.0,0.0185,0.3123,15055.0,25.0,13233.0,26453.0,0.0009,609,26.92,21.0,1027.6,6.1,19.0,118.94,8.274,7.426,Sunwoda,3,2,0.225,551.1,61.9,2024-01-12 10:58:11,320.5,very_stale,0.0,43.0,100.0,57.0,0.007057546145494028,0.003800217155266015,22,1,0.354764426644222,11
user_e5129b76,T14SG5-CBLI_cblindenbacher,T14SG5-CBLI_cblindenbacher,ThinkPad T14s Gen 5,Celxpert,58000.0,7136,2024-02-09T13:47:39,2026-05-28T22:01:52,839.34,30.0,58530.0,48650.0,58640.0,83.88,82.96,17.04,72.0,69.0,2.5,30.03,0.8558,0.847,0.153,94.18,100.0,0.0096,0.799,15942.0,0.0,3912.0,21706.0,0.0,168,32.25,23.5,1115.1,4.36,184.0,193.68,34.072,8.024,Celxpert,99,101,12.033,53.0,6.3,2026-04-05 22:18:58,4.1,active,2.0,62.0,100.0,38.0,0.006726457399103139,0.0011210762331838565,16,1,0.6888719516902904,11
user_581b31b1,DRUBRIGHT-EHFA6_drubright,DRUBRIGHT-EHFA6_drubright,ThinkPad X13 Gen 4,Celxpert,54700.0,2574,2023-09-07T10:53:24,2024-02-11T11:00:09,157.0,30.0,55430.0,46330.0,55910.0,84.7,82.87,17.13,62.0,59.0,11.44,137.26,0.6399,0.5312,0.4688,85.61,97.0,0.003,0.4123,1363.0,0.0,2975.0,5336.0,0.0,152,32.49,28.0,913.4,9.52,13.0,140.6,30.598,41.144,Celxpert,63,73,46.495,58.0,36.9,2023-12-15 11:32:33,841.5,active,7.0,42.0,100.0,58.0,0.000777000777000777,0.0,1,1,0.4037335918140137,0
user_718b219c,GKONDO-PF4RM5PL_gkondo,GKONDO-PF4RM5PL_gkondo,ThinkPad X1 Carbon Gen 12,SMP,57030.0,3893,2024-05-16T17:36:00,2024-09-11T19:56:17,118.1,3.51,62730.0,51900.0,62730.0,91.0,82.74,17.26,51.0,48.0,12.37,148.45,0.5482,0.5123,0.4877,71.98,90.0,0.0352,0.3451,1386.0,3.0,2995.0,5592.0,0.0005,152,23.11,14.0,486.2,12.86,183.0,217.68,42.108,60.851,SMP,39,43,36.411,0.0,0.0,2024-09-11 19:56:08,628.2,active,2.0,17.0,100.0,83.0,0.015155407141022348,0.011302337528898022,12,1,0.33710685229298315,5
user_5983ee06,RMCFADDEN1-S8MT_rmcfadden1,RMCFADDEN1-S8MT_rmcfadden1,ThinkPad X1 Carbon Gen 13,,57000.0,13961,2025-05-12T15:23:00,2026-04-16T11:56:47,338.86,30.0,57040.0,47400.0,57290.0,83.16,82.74,17.26,147.0,145.0,13.03,156.29,0.8572,0.8505,0.1495,90.65,98.0,0.003,0.6626,5374.0,0.0,8095.0,8948.0,0.0,342,31.45,28.0,239.4,18.02,939.0,593.82,15.011,24.153,,149,153,45.152,0.0,0.0,2026-04-16 11:26:47,46.5,active,1.0,51.0,100.0,49.0,0.0016474464579901153,0.0001432562137382709,5,1,0.4830014070714866,2
user_984155c6,MMERCHANT-H0CAW_mmerchant,MMERCHANT-H0CAW_mmerchant,ThinkPad T14s Gen 6,Sunwoda,58000.0,4142,2025-04-30T15:14:27,2026-05-27T15:44:42,392.02,30.0,58030.0,50780.0,61440.0,87.55,82.65,17.35,197.0,195.0,15.14,181.68,0.3897,0.2607,0.7393,66.3,68.0,0.0137,0.1029,1401.0,0.0,10878.0,9873.0,0.0,360,45.98,50.0,1111.1,4.34,233.0,191.82,11.49,22.229,Sunwoda,230,258,65.813,1.0,0.3,2026-05-26 15:53:54,5.3,active,1.0,25.0,100.0,75.0,0.004828585224529213,0.0014485755673587638,11,1,0.13859707053992518,2
user_15985a42,THANSON-F5NV1S7_thanson,THANSON-F5NV1S7_thanson,ThinkPad P14s Gen 6,Sunwoda,57000.0,2943,2025-09-17T15:13:32,2026-05-27T15:22:04,252.01,30.0,57000.0,48440.0,58720.0,84.98,82.49,17.51,97.0,95.0,11.48,137.69,0.4122,0.4245,0.5755,77.41,87.0,0.0181,0.2979,3171.0,2.0,5092.0,7462.0,0.0003,178,46.65,52.5,973.4,5.41,90.0,191.84,18.825,25.908,Sunwoda,125,132,52.38,0.1,0.0,2026-05-27 13:22:05,5.4,active,3.0,29.0,100.0,71.0,0.0067957866123003734,0.0013591573224600749,7,1,0.33062536654651514,6
user_df584ae2,MNISHIO1-43AFSK_mnishio1,MNISHIO1-43AFSK_mnishio1,ThinkPad X1 Carbon Gen 10,SMP,57050.0,10194,2023-02-06T18:29:29,2025-09-12T13:25:28,948.79,30.0,58990.0,48650.0,58990.0,85.28,82.47,17.53,261.0,241.0,7.73,92.78,0.7192,0.6776,0.3224,85.83,96.0,0.0176,0.4952,3894.0,0.0,14137.0,23876.0,0.0,535,28.24,23.0,497.3,27.22,16.0,240.44,7.654,6.912,SMP,10,9,0.949,41.6,4.4,2025-08-01 23:49:33,262.4,active,0.0,38.0,100.0,62.0,0.006866784382970375,0.005199136747106141,22,1,0.35518930424910367,11
user_dbba56e4,BRYAN_X1,BRYAN_X1,ThinkPad X1 Yoga Gen 8,SMP,57050.0,8142,2023-04-04T22:34:38,2025-10-08T13:59:45,917.64,30.0,58990.0,48590.0,58990.0,85.17,82.37,17.63,128.0,127.0,4.21,50.55,0.839,0.8253,0.1747,90.49,98.0,0.009,0.7436,3877.0,0.0,6729.0,21887.0,0.0,226,37.43,34.0,615.1,12.31,160.0,192.64,15.331,7.539,SMP,14,13,1.417,539.2,58.8,2024-04-17 09:04:09,236.4,very_stale,2.0,42.05000000000001,100.0,57.94999999999999,0.005281257676246622,0.0024563989191844758,18,1,0.3925765566479777,7
user_4ef1b5b0,NMMILLER-4T259L_nmmiller,NMMILLER-4T259L_nmmiller,ThinkPad T14 Gen 5,Sunwoda,52500.0,1430,2024-01-11T10:46:59,2024-10-14T13:30:25,277.11,30.0,52510.0,45640.0,55460.0,86.93,82.29,17.71,42.0,41.0,4.5,54.04,0.6531,0.6193,0.3807,84.89,97.0,0.0214,0.5029,3829.0,3.0,2178.0,7436.0,0.0004,95,33.16,28.0,788.9,21.21,50.0,171.36,47.855,25.069,Sunwoda,51,50,18.043,7.1,2.5,2024-10-07 12:15:28,595.4,active,1.0,39.0,100.0,61.0,0.011188811188811189,0.005594405594405594,7,1,0.4743201411310454,4
user_fecc3809,DKUNTTU-F4JTB5W_dkunttu,DKUNTTU-F4JTB5W_dkunttu,ThinkPad Z16 Gen 2,Celxpert,72160.0,15519,2023-09-21T15:00:12,2024-12-12T16:20:49,448.06,30.0,72160.0,59630.0,72540.0,82.64,82.2,17.8,81.0,80.0,5.44,65.22,0.9156,0.9269,0.0731,95.76,98.0,0.0027,0.8441,9419.0,2.0,5372.0,11586.0,0.0002,208,22.21,16.0,157.5,28.23,111.0,155.07,22.528,14.731,Celxpert,67,66,14.73,1.3,0.3,2024-12-11 09:56:39,536.3,active,2.0,80.0,100.0,20.0,0.0009021199819576004,0.00032218570784200013,10,1,0.4681703526957573,2
user_c3fcf73b,RTWALL-PF4JTB8S_rtwall,RTWALL-PF4JTB8S_rtwall,ThinkPad Z16 Gen 2,Celxpert,72160.0,5534,2023-10-12T10:53:15,2024-07-26T08:45:40,287.91,30.0,67970.0,62180.0,75770.0,86.17,82.06,17.94,79.0,76.0,8.04,96.42,0.7875,0.7453,0.2547,92.5,100.0,0.0058,0.6891,5690.0,0.0,5525.0,7751.0,0.0,178,38.53,39.0,516.7,8.4,158.0,191.59,28.929,25.493,Celxpert,87,91,31.607,9.0,3.1,2024-07-17 09:07:41,675.6,active,2.0,52.0,100.0,48.0,0.0014456089627755693,0.00018070112034694616,6,1,0.6731155450229838,2
user_1944a92e,HDIZ1PF59HFLQ_hdiz,HDIZ1PF59HFLQ_hdiz,ThinkPad X1 2-in-1 Gen 10,SMP,57030.0,7522,2025-05-14T11:41:03,2026-05-27T11:02:11,377.97,30.0,59070.0,51460.0,62730.0,90.23,82.03,17.97,247.0,246.0,19.81,237.72,0.447,0.3521,0.6479,73.17,79.5,0.0168,0.1946,2150.0,0.0,14220.0,10903.0,0.0,550,37.36,35.5,668.5,7.46,221.0,191.78,8.894,23.855,SMP,177,195,51.591,0.0,0.0,2026-05-27 10:32:11,5.5,active,1.0,30.0,100.0,70.0,0.006514224940175485,0.0018612071257644244,18,1,0.21138342798136986,4
user_a31f908e,APARAMESWAR-PAD_aparameswara,APARAMESWAR-PAD_aparameswara,ThinkPad X13 2-in-1 Gen 5,Celxpert,54700.0,6210,2024-04-09T11:19:29,2024-11-26T14:33:46,231.13,30.0,55250.0,47040.0,57350.0,86.0,82.02,17.98,101.0,98.0,12.91,154.86,0.79,0.7463,0.2537,86.79,100.0,0.0533,0.6301,3124.0,18.0,5150.0,7091.0,0.0025,171,45.95,39.0,615.5,14.57,71.0,167.66,19.541,30.404,Celxpert,135,153,66.195,0.2,0.1,2024-11-26 09:40:23,552.4,active,0.0,24.0,100.0,76.0,0.02962962962962963,0.007890499194847021,58,1,0.5646229992989692,37
user_ebc50bfb,LAPTOP-E1AAB86F_X1_2-1,LAPTOP-E1AAB86F_X1_2-1,ThinkPad X1 2-in-1 Gen 9,Celxpert,57030.0,6371,2024-02-01T13:11:56,2025-03-03T10:27:18,395.89,30.0,57040.0,48480.0,59240.0,85.01,81.84,18.16,229.0,228.0,17.53,210.36,0.5147,0.3828,0.6172,69.92,77.0,0.0489,0.2065,1917.0,3.0,12330.0,9948.0,0.0003,555,32.81,28.0,571.3,8.09,178.0,116.01,10.035,20.823,Celxpert,217,259,65.423,0.1,0.0,2025-03-03 07:02:11,455.6,active,1.0,18.0,100.0,82.0,0.02479987443101554,0.012242975984931723,62,1,0.21852824994736858,11
user_abe13fff,MNISHIO1-43AFSK_Debug,MNISHIO1-43AFSK_Debug,ThinkPad X1 Carbon Gen 10,SMP,57050.0,9336,2023-02-06T18:29:29,2024-07-24T10:57:53,533.69,30.0,58990.0,48210.0,58990.0,84.5,81.73,18.27,242.0,222.0,12.66,151.93,0.7043,0.6617,0.3383,85.77,96.0,0.0118,0.4715,3403.0,0.0,13187.0,14484.0,0.0,515,26.85,22.0,416.5,27.77,752.0,670.38,8.702,13.059,SMP,9,8,1.499,29.6,5.5,2024-06-24 21:41:10,677.5,active,2.0,40.0,100.0,60.0,0.0029991431019708655,0.002035132819194516,12,1,0.3247261060083127,4
user_3139cf96,SIWAI-PF43AVX9_siwai,SIWAI-PF43AVX9_siwai,ThinkPad X1 Yoga Gen 7,SMP,57050.0,7074,2023-03-24T15:09:12,2024-07-06T05:45:06,469.61,30.0,58990.0,48080.0,58990.0,84.28,81.51,18.49,209.0,209.0,13.55,162.56,0.5616,0.462,0.538,79.02,87.0,0.0131,0.2512,2138.0,0.0,11455.0,12918.0,0.0,511,28.14,21.0,762.5,9.7,40.0,69.88,12.496,20.888,SMP,10,9,1.916,109.0,23.2,2024-03-19 06:07:42,695.8,stale,0.0,30.0,100.0,70.0,0.008340401470172462,0.0053717839977381965,18,1,0.21317748021272154,3
user_11d0f648,ANUPT14S_avachali,ANUPT14S_avachali,ThinkPad X13 2-in-1 Gen 5,BYD,54700.0,7586,2024-03-13T10:00:21,2025-11-11T11:35:33,608.07,30.0,54740.0,44780.0,54970.0,81.86,81.46,18.54,94.0,94.0,4.71,56.46,0.7864,0.7273,0.2727,92.38,97.0,0.0054,0.6577,7859.0,0.0,4918.0,15930.0,0.0,289,20.29,12.0,740.1,5.67,210.0,200.91,31.961,20.958,BYD,95,98,16.117,7.0,1.2,2025-11-04 11:18:15,202.5,active,2.0,61.0,100.0,39.0,0.0021091484313208544,0.0001318217769575534,10,1,0.3369656817918545,2
user_f5d1dfa2,ANUP_TINY,ANUP_TINY,ThinkPad X13 2-in-1 Gen 5,BYD,54700.0,7491,2024-03-13T10:00:21,2025-11-04T11:48:15,601.07,30.0,54740.0,44780.0,54970.0,81.86,81.46,18.54,94.0,94.0,4.76,57.12,0.7837,0.7237,0.2763,92.33,97.0,0.0055,0.6535,7691.0,0.0,4899.0,15762.0,0.0,289,20.29,12.0,740.1,5.67,176.0,170.08,31.961,21.422,BYD,95,98,16.304,0.0,0.0,2025-11-04 11:18:15,209.5,active,2.0,61.0,100.0,39.0,0.002135896409024162,0.00013349352556401014,10,1,0.3368534144576777,2
user_b86aa526,AVACHALI-4SM98Q_avachali,AVACHALI-4SM98Q_avachali,ThinkPad X13 2-in-1 Gen 5,BYD,54700.0,7621,2024-03-13T10:00:21,2025-11-12T16:47:54,609.28,30.0,54740.0,44780.0,54970.0,81.86,81.46,18.54,94.0,94.0,4.7,56.35,0.7865,0.7279,0.2721,92.4,97.0,0.0054,0.6585,7887.0,0.0,4932.0,15959.0,0.0,290,20.28,12.0,737.8,5.75,293.0,191.75,31.961,20.88,BYD,95,98,16.084,8.2,1.4,2025-11-04 11:18:15,201.3,active,2.0,61.0,100.0,39.0,0.002099462012859205,0.0001312163758037003,10,1,0.3370238512644856,2
user_403a9bbc,DRUBRIGHT-FSTTJ_drubright,DRUBRIGHT-FSTTJ_drubright,ThinkPad X1 2-in-1 Gen 10,Sunwoda,57000.0,4914,2025-06-11T14:08:58,2026-05-27T19:26:33,350.22,30.0,57040.0,47300.0,58080.0,82.98,81.44,18.56,124.0,122.0,10.6,127.24,0.6536,0.5507,0.4493,85.57,97.0,0.0077,0.4377,3025.0,4.0,6626.0,10013.0,0.0004,266,36.02,32.0,864.2,5.76,250.0,191.39,16.281,20.586,Sunwoda,135,141,40.26,0.3,0.1,2026-05-27 11:24:19,5.2,active,0.0,37.0,100.0,63.0,0.0034595034595034596,0.0030525030525030525,6,1,0.3949629680119548,4
user_a989643b,RSEKINOXF43CNVB_rsekino,RSEKINOXF43CNVB_rsekino,ThinkPad X1 Yoga Gen 7,SMP,57050.0,8027,2023-06-06T14:57:25,2025-03-31T12:34:03,663.9,30.0,58990.0,48010.0,58990.0,84.15,81.39,18.61,211.0,197.0,9.03,108.38,0.6395,0.6165,0.3835,86.6,96.0,0.0194,0.482,3180.0,0.0,10870.0,19214.0,0.0,476,26.51,18.0,758.4,16.69,9.0,62.82,10.341,11.352,SMP,8,7,1.054,97.0,14.6,2024-12-24 11:44:25,427.5,stale,6.0,39.0,100.0,61.0,0.0029899090569328515,0.0,19,1,0.33394103197806346,10
user_725e8a53,JESTROFF-4SA4E9_jestroff,JESTROFF-4SA4E9_jestroff,ThinkPad X13 Gen 5,SMP,54730.0,3934,2024-04-03T11:59:32,2025-04-24T08:13:43,385.84,30.0,57370.0,48820.0,60090.0,89.2,81.24,18.76,66.0,65.0,5.13,61.53,0.71,0.5474,0.4526,90.91,100.0,0.0076,0.491,2040.0,0.0,3656.0,10634.0,0.0,186,27.17,17.5,1284.5,1.31,173.0,357.88,53.586,27.078,SMP,17,16,4.147,26.0,6.7,2025-03-29 09:12:56,403.7,active,2.0,47.0,100.0,53.0,0.0027961362480935434,0.0005083884087442806,5,1,0.5244942414440061,4
user_43b0e591,JINOUE1-F49SYAH_jinoue1,JINOUE1-F49SYAH_jinoue1,ThinkPad X1 Carbon Gen 10,SMP,57050.0,13995,2023-07-07T15:58:34,2025-12-03T21:44:08,880.24,30.0,58990.0,47920.0,58990.0,84.0,81.23,18.77,168.0,168.0,5.81,69.71,0.8348,0.8183,0.1817,94.1,99.0,0.0136,0.7514,2445.0,0.0,8852.0,19948.0,0.0,358,25.86,17.0,284.8,16.5,53.0,191.91,11.877,8.283,SMP,14,13,1.477,106.5,12.1,2025-08-19 10:26:45,180.1,stale,1.0,69.0,100.0,31.0,0.0019292604501607716,0.0006430868167202572,15,1,0.5216076325042669,4
user_7c0ed825,GREG-WORK-X13Y_gmcneil,GREG-WORK-X13Y_gmcneil,ThinkPad X13 Yoga Gen 4,SMP,54730.0,9900,2023-05-12T21:19:28,2024-09-06T22:00:20,483.03,30.0,57030.0,47140.0,58040.0,86.13,81.22,18.78,165.0,164.0,10.34,124.01,0.7931,0.7549,0.2451,86.75,98.0,0.0337,0.6757,4500.0,6.0,8583.0,12374.0,0.0005,308,40.44,33.5,520.1,14.49,377.0,357.63,11.593,14.37,SMP,29,28,5.797,36.4,7.5,2024-08-01 12:59:45,633.1,active,0.0,24.0,100.0,76.0,0.01696969696969697,0.004646464646464647,71,1,0.4690624049489263,25
user_f1c1d886,YINGNIE-W01KL34_yingnie,YINGNIE-W01KL34_yingnie,ThinkPad X1 Nano Gen 2,Celxpert,49570.0,5663,2023-02-22T22:46:01,2024-03-06T15:38:46,377.7,30.0,49570.0,40150.0,49570.0,81.0,81.0,19.0,87.0,68.0,5.48,65.76,0.8958,0.8905,0.1095,80.68,97.0,0.035,0.5364,3982.0,183.0,3195.0,16896.0,0.0108,93,39.16,35.0,1245.3,19.67,45.0,127.14,38.007,33.333,Celxpert,3,2,0.53,8.4,2.2,2024-02-27 06:34:29,817.3,active,1.0,34.0,100.0,66.0,0.01907116369415504,0.002648772735299311,18,1,0.4413334786746944,5
user_55bb712e,KIRRO-ALLOYSIT7_Kirro,KIRRO-ALLOYSIT7_Kirro,ThinkPad X9-14 Gen 1,SWD,55100.0,8663,2024-12-11T21:10:39,2026-05-28T13:58:09,532.7,30.0,55390.0,45970.0,56780.0,83.43,80.96,19.04,305.0,284.0,16.23,194.73,0.6477,0.5299,0.4701,78.97,93.0,0.0254,0.3482,4594.0,0.0,15463.0,14687.0,0.0,573,33.17,28.0,532.7,9.83,186.0,191.33,7.677,15.246,Sunwoda,293,343,64.389,1.1,0.2,2026-05-27 10:53:12,4.4,active,0.0,25.0,100.0,75.0,0.020778021470622188,0.008426642040863443,55,1,0.18013261663164915,7
user_a49686f3,BDILLON-F4RV0ZR_bdillon,BDILLON-F4RV0ZR_bdillon,ThinkPad T14 Gen 5,SMP,52570.0,18500,2024-01-29T12:09:22,2025-09-13T17:20:31,593.22,30.0,52930.0,42830.0,52930.0,81.47,80.92,19.08,151.0,150.0,7.7,92.36,0.8811,0.9025,0.0975,95.97,99.0,0.0004,0.8432,1957.0,0.0,7459.0,14197.0,0.0,389,21.3,14.0,82.0,23.57,7.0,0.17,12.807,11.771,SMP,144,148,24.949,0.0,0.0,2025-09-13 17:20:14,261.3,active,17.0,78.0,100.0,22.0,0.0,0.0,0,1,0.6210672102136028,0
user_0dfc91fa,DESKTOP-65B5D4E_Mark,DESKTOP-65B5D4E_Mark,ThinkPad P51 W10DG,,90000.0,12511,2018-07-02T14:01:29,2024-03-15T14:41:33,2083.03,30.0,92970.0,75050.0,92970.0,83.39,80.72,19.28,343.0,341.0,4.98,59.79,0.9936,0.994,0.006,99.45,100.0,0.0024,0.9906,11577.0,0.0,23772.0,49908.0,0.0,13,48.85,28.0,4956.1,25.3,,,5.653,3.38,,51,136,6.529,16.0,0.8,2024-02-28 13:32:02,808.4,active,0.0,100.0,100.0,0.0,0.001918311885540724,0.001358804252258013,6,1,0.9672216199324452,5
user_362084ff,CARLLAPTOP_CarlWu,CARLLAPTOP_CarlWu,ThinkPad X1 Carbon Gen 11,Sunwoda,57000.0,8747,2023-05-05T20:52:11,2024-07-15T15:09:37,436.76,30.0,57570.0,46400.0,57570.0,81.4,80.6,19.4,248.0,244.0,17.01,204.05,0.5895,0.476,0.524,80.54,93.0,0.022,0.3162,8101.0,2.0,12127.0,10843.0,0.0002,616,30.45,24.0,446.6,6.03,1689.0,664.95,10.001,21.044,Sunwoda,5,5,1.145,142.8,32.7,2024-02-23 19:13:27,686.4,stale,0.0,25.0,100.0,75.0,0.013833314279181434,0.00868869326626272,42,1,0.3038554372370049,17
user_ec30a798,HHUDELSON-B0WN2_hhudelson,HHUDELSON-B0WN2_hhudelson,ThinkPad P1 Gen 7,Celxpert,90000.0,14786,2024-05-06T14:29:03,2026-06-01T14:46:29,756.01,30.0,90010.0,72770.0,90370.0,80.86,80.52,19.48,109.0,107.0,4.31,51.69,0.8042,0.6924,0.3076,96.25,99.0,0.0024,0.6534,11352.0,1.0,8753.0,18835.0,0.0001,332,17.96,7.0,602.8,1.78,78.0,229.88,24.653,26.124,Celxpert,146,154,20.37,3.3,0.4,2026-05-29 07:57:35,0.4,active,7.0,85.0,100.0,15.0,6.763154335181928e-05,0.0,1,1,0.5496027443829303,0
user_8141d610,PJJAKES-F4QW4SK_pjjakes,PJJAKES-F4QW4SK_pjjakes,ThinkPad X1 2-in-1 Gen 9,BYD,57030.0,3454,2024-03-14T07:50:53,2026-03-31T12:56:50,747.21,30.0,59460.0,48470.0,60210.0,84.99,80.5,19.5,120.0,119.0,4.85,58.17,0.5706,0.5957,0.4043,78.16,89.0,0.0441,0.3496,3222.0,0.0,6774.0,18338.0,0.0,258,32.66,27.5,538.3,19.27,52.0,307.33,20.743,10.034,BYD,135,145,19.405,12.8,1.7,2026-03-18 17:31:47,62.5,active,1.0,23.0,100.0,77.0,0.01360741169658367,0.004053271569195136,25,1,0.32482615378173785,8
user_af8204df,PRIMUS_tscott2,PRIMUS_tscott2,ThinkPad X1 Carbon Gen 11,SMP,57050.0,4876,2023-03-16T15:15:16,2024-04-16T11:08:40,396.83,30.0,58990.0,47440.0,58990.0,83.16,80.42,19.58,124.0,121.0,9.28,111.37,0.6682,0.5069,0.4931,81.5,94.0,0.0226,0.3393,2035.0,0.0,7086.0,9887.0,0.0,270,37.51,34.0,896.3,5.04,213.0,191.79,20.395,24.521,SMP,8,7,1.764,21.5,5.4,2024-03-25 22:43:56,776.5,active,4.0,28.0,100.0,72.0,0.0008203445447087777,0.0006152584085315833,2,1,0.34892181062801586,2
user_bb59c953,TKOIKE-PF43BEK1_tkoide,TKOIKE-PF43BEK1_tkoide,ThinkPad X1 Carbon Gen 10,SMP,57050.0,8157,2023-03-28T14:14:03,2026-05-25T17:00:29,1154.12,30.0,58990.0,47280.0,58990.0,82.87,80.15,19.85,337.0,336.0,8.86,106.34,0.5806,0.4977,0.5023,79.16,91.0,0.0347,0.2729,4711.0,0.0,17643.0,28896.0,0.0,613,32.71,28.0,940.8,14.23,5.0,301.14,5.961,6.377,SMP,19,18,1.56,139.0,12.0,2026-01-06 16:31:11,7.3,stale,0.0,27.0,100.0,73.0,0.013730538188059336,0.007723427730783376,55,1,0.28267672277800937,15
user_34eb5561,THANNA-PF3SLBYQ_thanna,THANNA-PF3SLBYQ_thanna,ThinkPad P16v Gen 1,Celxpert,90000.0,21666,2023-09-07T15:10:23,2025-10-05T22:20:19,759.3,30.0,90890.0,72700.0,90890.0,80.78,79.99,20.01,41.0,40.0,1.6,19.24,0.9707,0.9693,0.0307,98.27,100.0,0.0007,0.9596,14453.0,0.0,3372.0,18937.0,0.0,91,31.25,23.0,422.1,23.78,18.0,437.18,50.033,9.628,Celxpert,53,52,6.848,48.6,6.4,2025-08-18 08:01:13,239.1,active,6.0,95.0,100.0,5.0,9.231053263177328e-05,0.0,2,1,0.7162376981202527,1
user_c2307938,LAPTOP-APU7HF6F_Carl_Pan,LAPTOP-APU7HF6F_Carl_Pan,ThinkPad X1 Carbon Gen 12,Celxpert,57030.0,3194,2023-10-16T09:33:21,2024-10-17T10:20:43,367.03,29.98,58450.0,46720.0,58450.0,81.92,79.93,20.07,146.0,126.0,10.45,125.39,0.4386,0.3742,0.6258,55.93,54.0,0.1414,0.1493,1351.0,1.0,8202.0,9805.0,0.0001,249,42.54,36.0,1106.6,14.6,73.0,643.29,15.927,20.031,Celxpert,133,156,42.503,0.0,0.0,2024-10-17 10:20:04,592.6,active,0.0,7.0,100.0,93.0,0.06887914840325611,0.035691922354414526,74,1,0.1603478659147909,20
user_ef3e1f73,DESKTOP-BJGS966_DEV,DESKTOP-BJGS966_DEV,ThinkPad T14s Gen 6 Qualcomm,Sunwoda2023,58000.0,266,2024-05-16T22:25:50,2024-05-22T19:11:29,5.87,30.0,58000.0,46240.0,58000.0,79.72,79.72,20.28,16.0,9.0,46.71,560.48,0.9474,0.9465,0.0535,68.36,94.0,0.2058,0.4537,0.0,0.0,0.0,0.0,,3,5.67,4.0,386.7,7.67,94.0,870.88,225.287,,Sunwoda,11,10,170.502,0.1,1.1,2024-05-22 17:41:34,740.2,active,5.0,7.25,99.0,91.75,0.06390977443609022,0.0,3,1,0.37306455748634093,0
user_023ea2a0,Y25872-PC2DR71X_y25872,Y25872-PC2DR71X_y25872,ThinkPad T14s Gen 2a,Celxpert,57000.0,14515,2023-02-06T09:31:46,2026-05-28T09:18:27,1206.99,30.0,56410.0,45370.0,56980.0,79.6,79.62,20.38,154.0,122.0,3.08,36.92,0.8781,0.8269,0.1731,92.33,98.0,0.0052,0.5854,1606.0,0.0,7101.0,34201.0,0.0,302,17.56,10.0,597.3,10.68,149.0,191.1,25.469,8.263,Celxpert,11,37,3.065,86.1,7.1,2026-03-03 07:18:03,4.6,stale,0.0,71.0,100.0,29.0,0.0037202893558387876,0.001515673441267654,26,1,0.44509186962030156,5
user_92f5919c,DESKTOP-0OFMVDC_x1,DESKTOP-0OFMVDC_x1,ThinkPad X1 2-in-1 Gen 10,Celxpert,57030.0,17637,2025-01-14T08:52:34,2026-05-28T14:01:53,499.21,30.0,57400.0,46920.0,59110.0,82.27,79.38,20.62,151.0,150.0,9.15,109.75,0.8344,0.8321,0.1679,93.84,100.0,0.0174,0.7992,9578.0,20.0,7752.0,12647.0,0.0016,297,37.07,30.0,364.2,8.13,19.0,191.28,15.742,18.001,Celxpert,188,208,41.665,2.3,0.5,2026-05-26 08:01:52,4.4,active,1.0,56.0,100.0,44.0,0.007711061971990701,0.004535918807053354,42,1,0.7563974577976127,31
user_d6db2459,CQUEEN-PW06FV2M_cqueen,CQUEEN-PW06FV2M_cqueen,ThinkPad P1 Gen 5,SMP,90090.0,16556,2023-10-23T08:37:45,2026-05-13T14:02:10,933.23,30.0,92670.0,74190.0,93510.0,82.35,79.34,20.66,316.0,315.0,10.27,123.29,0.8036,0.7912,0.2088,89.11,99.0,0.015,0.6922,6907.0,0.0,25025.0,21826.0,0.0,623,39.58,35.0,498.8,18.97,268.0,267.41,7.379,8.497,SMP,82,90,9.644,22.2,2.4,2026-04-21 08:38:30,19.4,active,2.0,35.0,100.0,65.0,0.0065837158733993715,0.0015704276395264558,51,1,0.5833825900504194,20
user_a3e7573f,TNAKAMURA8-CRZW_tnakamura8,TNAKAMURA8-CRZW_tnakamura8,ThinkPad X1 Carbon Gen 10,Sunwoda,57000.0,22422,2023-02-10T14:03:19,2025-06-12T11:45:15,852.9,30.0,57570.0,45370.0,57570.0,79.6,78.81,21.19,673.0,597.0,21.31,255.66,0.6967,0.6663,0.3337,84.63,96.0,0.017,0.4727,15367.0,157.0,32439.0,25074.0,0.0063,1270,27.1,19.0,276.7,19.86,371.0,358.16,4.369,11.008,Sunwoda,12,11,1.29,328.4,38.5,2024-07-19 01:22:36,354.5,very_stale,0.0,32.0,100.0,68.0,0.005931674248505932,0.002898938542502899,65,1,0.4056864326984534,23
user_924d87e2,EB16034-F2RY6ZG_eb16034,EB16034-F2RY6ZG_eb16034,ThinkPad T14 Gen 1,LGC,50500.0,14489,2023-02-02T17:38:06,2025-10-28T12:35:52,998.79,30.0,51480.0,40550.0,51480.0,80.3,78.77,21.23,265.0,238.0,7.25,87.03,0.7446,0.7634,0.2366,90.31,99.0,0.008,0.6381,6958.0,0.0,10026.0,39193.0,0.0,508,30.68,28.0,401.6,10.64,110.0,170.72,23.078,16.323,LG,3,2,0.2,18.0,1.8,2025-10-10 12:55:52,216.5,active,2.0,52.0,100.0,48.0,0.004141072537787287,0.003588929532748982,18,1,0.5837490839655095,10
user_a893e09c,MSUMMERVILL-VCL_msummerville,MSUMMERVILL-VCL_msummerville,ThinkPad P16 Gen 2,SMP,93540.0,30829,2023-06-23T11:48:52,2026-05-29T13:56:37,1071.09,30.0,101460.0,80930.0,102890.0,86.52,78.66,21.34,151.0,149.0,4.23,50.81,0.9115,0.8931,0.1069,96.65,98.0,0.0021,0.8443,4706.0,2.0,10937.0,25635.0,0.0001,409,22.12,7.0,226.8,10.86,145.0,191.62,14.619,7.374,SMP,21,22,2.054,9.7,0.9,2026-05-19 20:11:51,3.4,active,1.0,91.0,100.0,9.0,0.001232605663498654,6.487398228940284e-05,19,1,0.5026091548949707,13
user_9e322194,RDONAHUE-0A2BYP_rdonahue,RDONAHUE-0A2BYP_rdonahue,ThinkPad L16 Gen 1,SMP,57170.0,7399,2024-03-20T08:11:20,2025-07-23T19:27:01,490.47,30.0,57930.0,45400.0,57930.0,79.41,78.37,21.63,136.0,134.0,8.32,99.79,0.7147,0.7609,0.2391,88.59,100.0,0.0057,0.6501,8551.0,0.0,7243.0,12402.0,0.0,362,30.93,25.5,227.3,19.84,148.0,192.27,16.141,16.142,SMP,141,147,29.971,1.4,0.3,2025-07-22 09:07:00,313.2,active,2.0,42.0,100.0,58.0,0.004324908771455602,0.001892147587511826,9,1,0.6113818905072435,7
user_db9174d3,MC702142-0275JW_MC702142,MC702142-0275JW_MC702142,ThinkPad T14s Gen 3,BYD,57140.0,4830,2023-02-02T17:28:46,2025-07-11T18:22:03,890.04,30.0,57140.0,47710.0,61210.0,83.5,77.94,22.06,208.0,206.0,7.05,84.54,0.6793,0.5639,0.4361,79.83,97.0,0.0877,0.373,4155.0,23.0,11016.0,20545.0,0.0011,289,44.6,38.0,1504.8,3.85,56.0,71.28,11.196,9.432,BYD,240,268,30.111,0.0,0.0,2025-07-11 18:21:58,325.2,active,0.0,16.0,100.0,84.0,0.02111801242236025,0.012215320910973085,47,1,0.45480392199657055,17
user_623ef572,HNAKA-PF43B9PV_hnaka,HNAKA-PF43B9PV_hnaka,ThinkPad X1 Yoga Gen 7,SMP,57050.0,10676,2023-03-20T14:52:18,2025-05-22T22:05:49,794.3,30.0,58990.0,45660.0,58990.0,80.04,77.4,22.6,306.0,306.0,11.73,140.71,0.6813,0.7322,0.2678,83.71,97.0,0.0304,0.5437,7945.0,0.0,15728.0,20406.0,0.0,721,27.74,20.0,233.2,24.0,5.0,575.29,7.634,10.81,SMP,23,22,2.77,34.4,4.3,2025-04-18 13:16:15,375.1,active,1.0,25.0,100.0,75.0,0.01395653802922443,0.0031847133757961785,73,1,0.44752916880646704,17
user_305fa47b,MBHAVSAR-3R8CWY_mbhavsar,MBHAVSAR-3R8CWY_mbhavsar,ThinkPad X1 Carbon Gen 10,Celxpert,57000.0,11381,2023-02-07T08:14:34,2025-01-30T16:12:07,723.33,30.0,56990.0,43920.0,56990.0,77.05,77.07,22.93,608.0,455.0,19.15,229.75,0.6515,0.6301,0.3699,74.84,87.0,0.055,0.3188,15314.0,32.0,27922.0,24637.0,0.0013,790,40.49,36.0,402.7,27.27,151.0,182.78,7.122,15.494,Celxpert,6,5,0.691,107.0,14.8,2024-10-15 16:21:36,487.3,stale,0.0,17.0,100.0,83.0,0.028292768649503558,0.011861875054916088,171,1,0.219589447035163,45
user_e06d5e8d,TSUZUKI26-9VQR2_tsuzuki26,TSUZUKI26-9VQR2_tsuzuki26,ThinkPad X1 Yoga Gen 7,SMP,57050.0,12599,2023-06-16T11:27:47,2025-10-03T19:11:33,840.32,30.0,58990.0,45460.0,58990.0,79.68,77.06,22.94,350.0,350.0,12.68,152.13,0.6531,0.5913,0.4087,81.03,94.0,0.0356,0.3882,2946.0,22.0,17979.0,19640.0,0.0011,791,31.1,26.0,771.3,17.88,25.0,671.97,6.553,10.137,SMP,18,18,2.142,1.9,0.2,2025-10-01 22:42:07,241.2,active,0.0,27.0,100.0,73.0,0.006349710294467815,0.0026192554964679735,35,1,0.3610984138506988,11
user_01c02686,KSERDAR-W0A2BP3_kserdar,KSERDAR-W0A2BP3_kserdar,ThinkPad L16 Gen 1,Sunwoda,57000.0,12638,2024-03-21T10:42:46,2026-05-28T11:02:36,798.01,30.0,57000.0,45330.0,59150.0,79.53,76.64,23.36,216.0,213.0,8.12,97.49,0.697,0.6744,0.3256,88.49,100.0,0.0111,0.5667,8409.0,3.0,11705.0,19659.0,0.0002,589,30.95,24.0,777.4,11.24,104.0,191.57,19.634,20.685,Sunwoda,250,289,36.215,0.0,0.0,2026-05-28 10:32:36,4.5,active,1.0,42.0,100.0,58.0,0.0056179775280898875,0.001266023104921665,35,1,0.5661605450480036,14
user_3460233c,KILLEBREW,KILLEBREW,ThinkPad X13 Gen 4,SMP,54730.0,14881,2023-05-02T14:12:48,2026-04-27T15:03:27,1091.04,30.0,55220.0,46140.0,60200.0,84.3,76.64,23.36,241.0,240.0,6.7,80.35,0.772,0.7556,0.2444,93.07,99.0,0.0067,0.6855,5461.0,3.0,11595.0,26250.0,0.0001,678,24.51,19.0,364.9,16.97,91.0,162.01,14.07,14.358,SMP,31,34,3.116,76.2,7.0,2026-02-10 09:42:24,35.4,stale,1.0,61.0,100.0,39.0,0.00322558967811303,0.0018143941939385794,19,1,0.5438090161445934,13
user_e82f61aa,XLIN3-PF4RXZPZ_xlin3,XLIN3-PF4RXZPZ_xlin3,ThinkPad P14s Gen 5 AMD,Celxpert,52500.0,9758,2024-02-08T08:40:27,2026-01-12T18:29:40,704.41,30.0,52660.0,40290.0,52660.0,76.74,76.51,23.49,285.0,284.0,12.27,147.26,0.5302,0.4625,0.5375,82.06,95.0,0.0212,0.3293,12074.0,0.0,11303.0,17439.0,0.0,654,36.26,27.0,631.4,6.57,101.0,177.4,8.271,12.29,Celxpert,262,315,44.718,24.8,3.5,2025-12-18 22:57:30,140.2,active,2.0,27.0,100.0,73.0,0.005021520803443328,0.0006148800983808157,22,1,0.33608790577558173,19
user_1be4ef0c,NMCKOY-PF5H0PJZ_nmckoy,NMCKOY-PF5H0PJZ_nmckoy,ThinkPad T14s Gen 6,ATL,58000.0,4715,2025-04-30T15:12:50,2026-05-28T08:39:32,392.73,30.0,58050.0,44770.0,58560.0,77.19,76.45,23.55,171.0,170.0,13.18,158.11,0.6117,0.4927,0.5073,80.7,98.0,0.0349,0.3917,3131.0,0.0,8709.0,9978.0,0.0,224,51.9,58.0,926.2,5.04,27.0,170.11,15.804,30.63,ATL,178,190,48.38,0.0,0.0,2026-05-28 08:37:03,4.6,active,0.0,18.0,100.0,82.0,0.03054082714740191,0.02099681866383881,47,1,0.5282984873461254,29
user_65c953b0,ADAMS_JAGUAR3,ADAMS_JAGUAR3,ThinkPad X1 Yoga Gen 8,SMP,57050.0,11533,2023-04-03T13:40:35,2025-04-11T06:41:15,738.71,30.0,58990.0,44750.0,58990.0,78.44,75.86,24.14,116.0,115.0,4.74,56.86,0.8607,0.868,0.132,92.95,98.0,0.0053,0.7423,2158.0,0.0,6093.0,17696.0,0.0,303,22.94,16.0,227.9,18.15,207.0,192.43,31.35,15.259,SMP,12,11,1.489,89.8,12.2,2025-01-11 12:18:49,416.7,stale,2.0,66.0,100.0,34.0,0.001994277291251192,0.0009537847914679615,10,1,0.4012724615598924,6
user_b5367131,KINOUE4XF49VR0W_kinoue4,KINOUE4XF49VR0W_kinoue4,ThinkPad X1 Yoga Gen 7,SMP,57050.0,11138,2023-04-14T16:40:20,2025-04-09T13:40:28,725.88,30.0,58990.0,44340.0,58990.0,77.72,75.17,24.83,353.0,353.0,14.8,177.62,0.6572,0.5939,0.4061,81.44,96.0,0.0294,0.4057,2596.0,0.0,18014.0,16941.0,0.0,779,29.2,21.0,631.5,22.8,107.0,190.0,7.198,13.068,SMP,19,19,2.618,109.8,15.1,2024-12-20 17:22:16,418.4,stale,1.0,24.0,100.0,76.0,0.010773927096426647,0.002783264499910217,62,1,0.386137787460492,15
user_37f22857,LAPTOP-V5HIJJIL_Admin,LAPTOP-V5HIJJIL_Admin,ThinkPad P1 Gen 6,SMP,90090.0,15342,2024-06-27T14:07:12,2026-04-02T17:31:31,644.14,30.0,92670.0,69500.0,92670.0,77.15,75.0,25.0,124.0,123.0,5.81,69.75,0.8762,0.8444,0.1556,93.72,100.0,0.0029,0.7001,2017.0,0.0,9965.0,15007.0,0.0,449,19.63,16.0,372.0,18.95,233.0,191.63,20.327,14.18,SMP,14,15,2.329,17.0,2.6,2026-03-16 18:00:46,60.3,active,4.0,69.0,100.0,31.0,0.0008473471516099595,6.518055012384304e-05,5,1,0.5851656770667626,3
user_7e06ed8e,ANAKAMURA8-3ZVB_anakamura8,ANAKAMURA8-3ZVB_anakamura8,ThinkPad X1 Carbon Gen 9,Sunwoda,57000.0,25241,2023-02-09T09:15:48,2026-05-19T17:15:26,1195.33,28.73,57570.0,42430.0,57570.0,74.44,73.7,26.3,910.0,842.0,21.44,257.28,0.5226,0.4532,0.5468,81.4,92.0,0.0237,0.2951,18284.0,4.0,40776.0,34150.0,0.0001,2095,29.77,24.0,498.5,18.0,29.0,195.67,3.259,8.493,Sunwoda,11,10,0.837,11.0,0.9,2026-05-08 17:47:59,13.3,active,1.0,31.0,100.0,69.0,0.009389485361118815,0.003724099679093538,116,1,0.2995450506407548,46
user_2f43b34c,MNAKATA1-3Y659D_mnakata1,MNAKATA1-3Y659D_mnakata1,ThinkPad T14s Gen 3,LGES,57000.0,17671,2023-02-03T09:33:37,2025-11-14T18:10:20,1015.36,30.0,61960.0,45910.0,62690.0,80.54,73.23,26.77,154.0,149.0,4.47,53.6,0.7962,0.8354,0.1646,95.69,99.0,0.0056,0.7892,14317.0,6.0,7917.0,26492.0,0.0002,421,21.52,15.0,272.2,17.53,33.0,89.5,19.975,10.825,LG,177,181,17.826,37.1,3.7,2025-10-08 15:41:27,199.2,active,0.0,78.0,100.0,22.0,0.0018674664704883708,0.0013015675400373493,16,1,0.5703618245540651,3
user_a165ef5f,EIGERAMD_44900,EIGERAMD_44900,ThinkPad T14s Gen 6,SMP,58020.0,11833,2024-09-26T17:09:28,2026-06-01T10:00:12,612.7,30.0,58030.0,41040.0,58600.0,70.73,70.03,29.97,137.0,134.0,6.66,79.88,0.7722,0.7477,0.2523,92.67,98.0,0.0019,0.6454,9306.0,0.0,6961.0,15649.0,0.0,393,25.27,21.0,481.6,13.37,300.0,190.81,22.701,18.839,SMP,145,144,23.502,2.8,0.5,2026-05-29 15:28:33,0.6,active,0.0,61.0,100.0,39.0,0.0021127355700160566,0.0005915659596044959,9,1,0.43766916930789707,3
user_0b53a9fd,X13_2IN1,X13_2IN1,ThinkPad X13 2-in-1 Gen 5,BYD,54700.0,4273,2024-03-25T12:48:38,2025-03-10T14:28:21,350.07,30.0,54720.0,37770.0,55850.0,69.05,67.63,32.37,171.0,169.0,14.7,176.33,0.5294,0.3723,0.6277,78.25,91.0,0.023,0.2525,2708.0,0.0,7845.0,10006.0,0.0,342,39.93,39.0,902.8,4.15,300.0,298.59,22.959,41.316,BYD,220,242,69.129,0.2,0.0,2025-03-10 10:44:28,448.4,active,1.0,26.0,100.0,74.0,0.010765270301895623,0.0016381933068102036,19,1,0.27986275014358764,9
user_ff6aeb45,HAOJING6-501MPD_haojing6,HAOJING6-501MPD_haojing6,ThinkPad T14s Gen 6,SMP,58020.0,5468,2025-03-17T13:51:58,2026-04-22T10:27:39,400.86,30.0,56770.0,37980.0,56770.0,65.46,66.9,33.1,73.0,59.0,4.48,53.76,0.8228,0.7654,0.2346,92.84,100.0,0.014,0.7196,6150.0,4.0,3555.0,13367.0,0.0003,138,34.23,21.5,1252.4,3.28,766.0,666.19,56.099,30.223,SMP,88,89,22.202,0.0,0.0,2026-04-22 09:57:39,40.6,active,0.0,53.0,100.0,47.0,0.010241404535479151,0.004754937820043892,17,1,0.5436705030128315,10
user_547c80a2,JBARRETT-4SA7XV_jbarrett,JBARRETT-4SA7XV_jbarrett,ThinkPad X13 Gen 5,BYD,54700.0,7853,2024-04-03T12:03:15,2025-09-03T14:55:38,518.12,30.0,54740.0,34850.0,54740.0,63.71,63.66,36.34,135.0,133.0,7.81,93.76,0.831,0.8212,0.1788,92.42,100.0,0.0103,0.7568,10687.0,0.0,5512.0,13980.0,0.0,284,34.86,32.5,292.7,19.55,284.0,191.2,27.527,25.939,BYD,135,163,31.46,0.1,0.0,2025-09-03 12:51:07,271.4,active,1.0,50.0,100.0,50.0,0.004711575194193302,0.00025467974022666496,15,1,0.5451458725896235,8
user_8df65ce1,AOHYAMA-F3Y6JVY_aohyama,AOHYAMA-F3Y6JVY_aohyama,ThinkPad T14s Gen 3,,57000.0,10415,2023-02-06T10:07:59,2024-06-18T19:34:04,498.39,22.15,57050.0,34600.0,57050.0,60.7,60.65,39.35,425.0,390.0,23.82,285.81,0.3332,0.3053,0.6947,66.33,74.0,0.0849,0.132,2978.0,1.0,20837.0,16375.0,0.0001,1052,29.74,23.0,379.7,14.6,,,10.09,28.856,,405,459,92.096,0.3,0.1,2024-06-18 13:00:01,713.2,active,0.0,13.0,100.0,87.0,0.03331733077292367,0.00556889102256361,163,1,0.15720953908980814,33
user_8e5ecc91,JOSHUA_jbowen2,JOSHUA_jbowen2,ThinkPad L13 Gen 6,SMP,54750.0,2840,2025-06-24T14:10:02,2026-01-08T10:49:12,197.86,30.0,55320.0,33870.0,56360.0,61.86,60.1,39.9,63.0,61.0,9.38,112.61,0.7743,0.786,0.214,86.05,97.0,0.0151,0.6714,3280.0,0.0,3046.0,6541.0,0.0,89,53.55,61.0,858.0,22.48,382.0,670.56,88.676,110.446,SMP,83,89,44.981,2.0,1.0,2026-01-06 09:54:40,144.5,active,2.0,29.0,100.0,71.0,0.004929577464788733,0.0007042253521126761,8,1,0.39153256647520207,3
user_2bec6b47,SKEENER-W0A2BT8_skeener,SKEENER-W0A2BT8_skeener,ThinkPad L14 Gen 5,SMP,57170.0,15550,2024-03-27T10:09:06,2026-05-27T13:28:12,791.14,30.0,57740.0,34680.0,57740.0,60.66,60.06,39.94,294.0,292.0,11.24,134.81,0.6217,0.6503,0.3497,85.71,97.0,0.0253,0.5225,9774.0,0.0,13714.0,19617.0,0.0,639,35.46,29.0,592.5,13.83,319.0,191.81,13.677,18.443,SMP,362,394,49.802,2.6,0.3,2026-05-24 22:31:47,5.4,active,0.0,33.0,100.0,67.0,0.010418006430868168,0.005209003215434084,53,1,0.5335581886389164,33
user_70450253,T14S-GEN5-REX_shensl3,T14S-GEN5-REX_shensl3,ThinkPad T14s Gen 5,SMP,58020.0,8842,2024-04-30T21:02:18,2025-09-28T08:42:28,515.49,30.0,58030.0,34090.0,58630.0,58.76,58.14,41.86,217.0,214.0,12.64,151.63,0.7081,0.6216,0.3784,88.4,98.0,0.0056,0.4847,5736.0,6.0,9796.0,14131.0,0.0004,537,28.32,22.0,534.8,13.73,1107.0,669.97,24.194,44.833,SMP,231,244,47.334,16.5,3.2,2025-09-11 21:47:35,246.6,active,4.0,42.0,100.0,58.0,0.0023750282741461207,0.00022619316896629722,10,1,0.4691480569474805,6
user_502c3630,JNUNEZ5-F5801NF_jnunez5,JNUNEZ5-F5801NF_jnunez5,ThinkPad X9-14 Gen 1,BYD,55100.0,441,2024-11-19T13:08:30,2025-01-16T14:15:00,58.05,30.0,55430.0,5614.0,56780.0,10.19,9.89,90.11,16.0,9.0,4.72,56.63,0.5873,0.4882,0.5118,83.32,99.0,0.0396,0.4199,379.0,0.0,897.0,2411.0,0.0,23,30.39,18.0,1722.3,1.3,131.0,625.41,1501.879,744.946,BYD,12,14,24.119,0.0,0.0,2025-01-16 14:14:58,501.4,active,0.0,27.0,100.0,73.0,0.024943310657596373,0.013605442176870748,3,1,0.4889109293313755,3
