user_id,cycle_last,cycles_in_window,obs_days,obs_days_eff,coverage,n_samples,median_gap_min,first_ts,last_ts,ac_time_ratio,battery_hours_observed,observed_hours_total,n_discharge_sessions,sum_dod_pct,equiv_full_cycles,rsoc_min,rsoc_max,awake_hrs,days_stale,is_stale,cycles_per_obs_year,gauge_gap_cycles,is_low_cycle,cause
0350LQ-PF593HRF_0350LQ,7,3,82.98,12.16,0.147,532,30.0,2025-08-06 10:02:35,2025-10-28 09:31:06,0.8443,45.5,291.9,9,143.0,1.43,2,100,5479,216.5,True,90.1,-1.57,False,
ABUCKNER-0B0WH8_abuckner,45,41,756.01,349.1,0.462,15781,30.0,2024-05-06 14:27:28,2026-06-01 14:35:40,0.957,360.2,8378.3,80,2856.0,28.56,2,100,18691,0.3,False,42.9,-12.44,False,
ADAMSTHAMESLNLB_Howes,54,52,197.5,75.8,0.384,3021,30.0,2025-03-18 20:39:45,2025-10-02 08:42:07,0.7133,521.6,1819.2,193,3593.0,35.93,9,100,6223,242.5,True,250.6,-16.07,False,
ADAMS_ALLOY,21,20,274.94,38.86,0.141,1419,30.0,2025-01-08 15:44:58,2025-10-10 14:15:36,0.7849,200.6,932.6,66,1138.0,11.38,1,100,7079,234.3,True,188.0,-8.62,False,
ADAMS_JAGUAR3,116,115,738.71,304.35,0.412,11533,30.0,2023-04-03 13:40:35,2025-04-11 06:41:15,0.868,964.3,7304.3,303,6950.0,69.5,2,100,17696,416.6,True,138.0,-45.5,False,
ADIEHL-PF4CNVD9_adiehl,64,63,238.98,69.31,0.29,2901,30.0,2023-05-24 14:15:44,2024-01-18 13:41:48,0.6028,660.8,1663.5,133,5233.0,52.33,0,100,7345,865.3,True,332.0,-10.67,False,
AGEORGE3-4SA7W2_ageorge3,21,18,203.88,78.66,0.386,3244,30.0,2024-04-03 11:59:17,2024-10-24 09:00:42,0.8726,240.4,1887.9,47,1189.0,11.89,10,100,6482,585.5,True,83.6,-6.11,False,
AH-PF2PXA6R_ah,70,68,344.96,319.17,0.925,16295,30.0,2025-03-03 16:22:07,2026-02-11 15:22:54,0.9496,385.8,7660.1,282,4555.0,45.55,6,100,8239,110.2,True,77.8,-22.45,False,
AH-PF4KXDJ8_ah,41,38,239.96,200.63,0.836,10342,30.0,2023-10-02 13:13:32,2024-05-29 12:11:38,0.9449,265.2,4815.0,166,2805.0,28.05,18,100,6454,733.4,True,69.2,-9.95,False,
AIII1-PF55Q7L6_aiii1,40,40,242.85,41.46,0.171,1564,30.0,2025-04-09 15:19:19,2025-12-08 11:38:03,0.5085,489.0,995.0,94,3307.0,33.07,4,98,6141,175.4,True,352.4,-6.93,False,
AIII1-PF6249QS_aiii1,28,27,109.83,32.37,0.295,1272,30.0,2026-01-29 14:20:30,2026-05-19 10:15:31,0.6372,281.8,776.8,67,1844.0,18.44,2,100,3407,13.4,False,304.7,-8.56,False,
AIII1-PW0J2TQF_aiii1,49,47,160.99,62.24,0.387,2572,30.0,2025-08-20 11:34:54,2026-01-28 11:18:45,0.6467,527.8,1493.8,110,3821.0,38.21,3,100,5907,124.4,True,275.8,-8.79,False,
AINOW_UX,7,2,7.26,3.94,0.543,396,9.8,2025-12-22 10:35:29,2025-12-29 16:55:49,0.7214,26.3,94.6,9,259.0,2.59,2,100,615,154.2,True,185.4,0.59,False,
AKOZLOWSKI-ALZD_akozlowski,15,14,27.95,9.6,0.344,346,30.0,2026-05-04 15:20:52,2026-06-01 14:04:54,0.2547,171.7,230.5,30,1331.0,13.31,2,100,2024,0.3,False,532.7,-0.69,False,
AL-SVT7_xuxru,52,19,26.89,10.91,0.406,526,26.8,2025-02-18 11:27:19,2025-03-17 08:43:27,0.3295,175.5,261.8,44,1412.0,14.12,1,100,2612,441.5,True,636.1,-4.88,False,
ALLOY-SIT_mripp,6,1,38.37,7.81,0.203,299,30.0,2024-11-22 20:27:07,2024-12-31 05:26:06,0.9455,10.2,187.3,2,50.0,0.5,60,100,2120,517.6,True,46.8,-0.5,False,
ALLOY_FINALSVT,36,27,101.36,54.95,0.542,2693,30.0,2025-04-14 23:54:41,2025-07-25 08:31:28,0.7824,287.0,1318.9,101,1989.0,19.89,2,100,5055,311.5,True,179.5,-7.11,False,
AMALU_asanthosh,79,78,126.0,52.95,0.42,1863,30.0,2025-01-23 13:33:24,2025-05-29 13:27:35,0.3332,847.3,1270.7,113,6577.0,65.77,1,100,3895,368.3,True,538.0,-12.23,False,
AMANDELBLOO-4SM_amandelbloom,114,112,496.33,153.1,0.308,6293,30.0,2025-01-08 11:12:54,2026-05-19 19:08:14,0.7082,1072.4,3674.5,229,6797.0,67.97,2,100,12653,13.1,False,267.2,-44.03,False,
AMANDELBLOO-9TD_amandelbloom,19,17,117.78,27.87,0.237,1171,30.0,2026-01-14 13:19:27,2026-05-12 08:08:15,0.629,248.2,668.9,48,1467.0,14.67,1,100,3472,20.5,False,222.8,-2.33,False,
AMANDELBLOO-VBQ_amandelbloom,23,21,454.88,44.81,0.099,1501,30.0,2023-08-30 13:09:23,2024-11-27 10:16:47,0.6206,408.1,1075.5,63,1827.0,18.27,2,100,11671,551.4,True,171.2,-2.73,False,
AMANDELBLOOXH8H_amandelbloom,75,74,364.12,115.8,0.318,4658,30.0,2024-01-11 10:32:00,2025-01-09 13:30:29,0.7067,815.1,2779.3,216,5249.0,52.49,1,100,9494,508.3,True,233.4,-21.51,False,
AMCCLARNON-1Z35_amcclarnon,12,10,84.11,27.24,0.324,1399,30.0,2024-03-14 12:02:59,2024-06-06 14:38:18,0.9252,48.9,653.7,16,590.0,5.9,6,100,2538,725.3,True,134.1,-4.1,False,
AMCCLARNON-69JL_amcclarnon,5,4,22.19,13.83,0.623,667,30.0,2024-10-15 09:29:17,2024-11-06 13:57:02,0.9034,32.1,332.0,8,309.0,3.09,0,100,1283,572.3,True,105.6,-0.91,True,LOGGING_STOPPED
AMCCLARNON-TSEM_amcclarnon,6,5,174.99,59.56,0.34,2607,30.0,2025-05-28 13:45:24,2025-11-19 13:37:22,0.9758,34.6,1429.4,13,289.0,2.89,47,100,5093,194.3,True,30.7,-2.11,False,
AMIGDOL-F67CCZ1_amigdol,12,9,27.78,7.85,0.282,291,30.0,2026-05-04 15:20:47,2026-06-01 09:56:49,0.2838,134.9,188.3,20,751.0,7.51,24,100,1815,0.5,False,418.8,-1.49,False,
AMIKAMI-F49VQPZ_amikami,130,129,629.72,149.42,0.237,7843,30.0,2023-03-20 16:34:52,2024-12-09 09:52:57,0.7776,797.5,3586.1,341,7031.0,70.31,0,100,14384,539.5,True,315.3,-58.69,False,
ANAKAMURA8-3ZVB_anakamura8,910,842,1195.33,478.86,0.401,25241,28.7,2023-02-09 09:15:48,2026-05-19 17:15:26,0.4532,6284.2,11492.6,2095,62359.0,623.59,1,100,34150,13.2,False,642.2,-218.41,False,
ANDY-TH1_zuyin,185,185,801.57,283.44,0.354,13116,30.0,2024-01-12 22:16:39,2026-03-24 11:50:32,0.7846,1465.5,6802.5,368,8592.0,85.92,0,100,20559,69.4,True,238.4,-99.08,False,
ANDY_zuyin,115,14,132.1,32.22,0.244,1373,30.0,2023-12-28 16:41:29,2024-05-08 19:12:32,0.728,210.4,773.4,42,547.0,5.47,38,100,12574,754.1,True,158.7,-8.53,False,
ANIETO1-F5GNTSH_anieto1,17,17,314.74,26.23,0.083,1033,30.0,2025-05-06 14:13:15,2026-03-17 07:57:38,0.6572,215.8,629.6,59,1337.0,13.37,2,100,4696,76.5,True,236.7,-3.63,False,
ANODA-PF5E0G8K_anoda,1,0,64.03,23.38,0.365,1266,29.9,2026-02-17 16:21:35,2026-04-22 17:04:45,0.706,165.0,561.2,58,925.0,9.25,0,100,12426,40.2,False,0.0,9.25,True,GAUGE_NOT_INCREMENTING
ANUPT14S_avachali,94,94,608.07,189.74,0.312,7586,30.0,2024-03-13 10:00:21,2025-11-11 11:35:33,0.7273,1241.9,4553.7,289,5865.0,58.65,2,100,15930,202.4,True,181.0,-35.35,False,
ANUP_TINY,94,94,601.07,187.28,0.312,7491,30.0,2024-03-13 10:00:21,2025-11-04 11:48:15,0.7237,1241.9,4494.6,289,5865.0,58.65,2,100,15762,209.4,True,183.3,-35.35,False,
AOHYAMA-F3Y6JVY_aohyama,425,390,498.39,176.53,0.354,10415,22.1,2023-02-06 10:07:59,2024-06-18 19:34:04,0.3053,2943.1,4236.7,1052,31290.0,312.9,0,100,16375,713.1,True,806.9,-77.1,False,
APARAMESWAR-G5E_aparameswara,35,33,92.01,33.5,0.364,1073,30.0,2023-08-08 09:57:47,2023-11-08 10:18:25,0.358,516.2,803.9,67,2842.0,28.42,5,100,3420,936.4,True,359.8,-4.58,False,
APARAMESWAR-PAD_aparameswara,101,98,231.13,132.89,0.575,6210,30.0,2024-04-09 11:19:29,2024-11-26 14:33:46,0.7463,809.1,3189.4,171,7858.0,78.58,0,100,7091,552.3,True,269.4,-19.42,False,
ARAMAR-R9109T7G_aramar,851,286,522.96,192.93,0.369,9515,30.0,2023-02-08 10:35:11,2024-07-15 09:33:12,0.7049,1366.3,4630.2,553,13077.0,130.77,0,100,31592,686.5,True,541.4,-155.23,False,
ARANGANATHA-8QB_aranganathan,56,54,112.12,40.59,0.362,1481,30.0,2023-08-21 11:21:40,2023-12-11 14:19:40,0.2876,694.0,974.2,112,4941.0,49.41,6,100,4176,903.3,True,485.9,-4.59,False,
ASANTHOSH-9S10E_asanthosh,97,95,176.02,46.73,0.265,1954,30.0,2024-02-15 11:49:27,2024-08-09 12:24:36,0.4304,638.8,1121.5,151,8592.0,85.92,0,100,4656,661.4,True,742.5,-9.08,False,
ASANTHOSH-FT15Y_X1,36,34,97.89,19.06,0.195,666,30.0,2025-07-08 13:19:08,2025-10-14 10:43:42,0.3395,302.2,457.5,53,3071.0,30.71,1,100,4528,230.4,True,651.5,-3.29,False,
ASANTHOSH-FT15Y_asanthosh,37,35,124.92,19.48,0.156,675,30.0,2025-07-08 13:19:08,2025-11-10 11:26:36,0.3323,312.1,467.5,53,3104.0,31.04,1,100,5171,203.4,True,656.2,-3.96,False,
ASANTHOSH_asanthosh,48,47,115.26,28.69,0.249,904,30.0,2026-02-03 16:23:48,2026-05-29 22:40:36,0.2365,525.7,688.4,70,4162.0,41.62,0,100,3330,2.9,False,598.4,-5.38,False,
ASHISHIDO-RHBV7_ashishido,248,7,70.41,28.32,0.402,1490,30.0,2024-08-28 09:57:27,2024-11-06 19:50:42,0.924,51.7,679.7,14,441.0,4.41,1,100,31262,572.0,True,90.3,-2.59,False,
ATOKYO-PF3TQD0N_atokyo,249,172,526.05,224.32,0.426,12328,22.6,2023-02-06 09:32:53,2024-07-16 10:49:35,0.5946,2182.4,5383.7,711,8814.0,88.14,2,100,18078,685.4,True,280.1,-83.86,False,
AVACHALI-4SM98Q_avachali,94,94,609.28,190.53,0.313,7621,30.0,2024-03-13 10:00:21,2025-11-12 16:47:54,0.7279,1244.2,4572.8,290,5882.0,58.82,2,100,15959,201.2,True,180.2,-35.18,False,
AVON-SVTSKU3_Avon,56,54,76.88,27.67,0.36,1170,30.0,2026-03-16 19:28:59,2026-06-01 16:37:34,0.3912,404.3,664.1,115,4159.0,41.59,1,100,2742,0.2,False,712.8,-12.41,False,
AVON_SIT2,17,14,93.84,22.61,0.241,702,30.0,2026-02-10 20:42:36,2026-05-15 16:50:07,0.7059,159.6,542.6,29,1133.0,11.33,3,100,3921,17.2,False,226.2,-2.67,False,
BDILLON-F4RV0ZR_bdillon,151,150,593.22,356.79,0.601,18500,30.0,2024-01-29 12:09:22,2025-09-13 17:20:31,0.9025,835.0,8563.0,389,8284.0,82.84,17,100,14197,261.1,True,153.6,-67.16,False,
BDILLON-F58TDBM_bdillon,105,104,405.43,278.12,0.686,14352,30.0,2025-03-20 09:39:00,2026-04-29 20:04:27,0.8733,845.8,6674.8,389,6953.0,69.53,35,100,10220,33.0,False,136.6,-34.47,False,
BDILLON-F5CZRRY_T14,12,9,27.84,22.71,0.816,1158,30.0,2025-02-06 14:13:34,2025-03-06 10:27:31,0.8872,61.5,545.0,36,573.0,5.73,43,100,2108,452.4,True,144.7,-3.27,False,
BDILLON-F5CZRRY_bdillon,12,9,27.32,22.51,0.824,1148,30.0,2025-02-06 14:13:34,2025-03-05 21:51:58,0.8894,59.7,540.2,34,535.0,5.35,43,100,2096,453.0,True,146.0,-3.65,False,
BDILLON-F62WZTG_bdillon,25,25,95.98,80.96,0.843,3821,30.0,2026-01-22 10:10:58,2026-04-28 09:40:16,0.8857,222.0,1943.0,110,1759.0,17.59,37,100,3006,34.5,False,112.8,-7.41,False,
BDILLON-F65JXS1_bdillon,5,4,20.19,13.24,0.656,553,30.0,2026-04-29 11:17:46,2026-05-19 15:49:01,0.8351,52.4,317.9,23,307.0,3.07,47,100,1303,13.2,False,110.3,-0.93,True,RECENTLY_STARTED
BDILLON-F67NKP7_bdillon,4,2,8.15,6.86,0.842,316,30.0,2026-05-19 13:20:29,2026-05-27 16:54:00,0.9142,14.1,164.6,7,69.0,0.69,67,100,1535,5.2,False,106.5,-1.31,True,RECENTLY_STARTED
BFALEIRO-0A1NXZ_bfaleiro,146,144,693.01,108.84,0.157,5130,30.0,2024-03-15 10:41:14,2026-02-06 10:54:39,0.5801,1096.8,2612.1,325,11841.0,118.41,0,100,10766,115.4,True,483.2,-25.59,False,
BFALEIRO-5C6ATS_bfaleiro,51,49,472.1,153.36,0.325,7074,30.0,2025-01-29 09:57:25,2026-05-16 12:26:59,0.8644,499.1,3680.8,140,3328.0,33.28,0,100,11844,16.4,False,116.7,-15.72,False,
BFALEIRO-629K3A_bfaleiro,39,38,117.76,44.77,0.38,1865,30.0,2026-01-29 16:49:03,2026-05-27 11:07:49,0.5485,485.1,1074.4,133,3066.0,30.66,7,100,3693,5.4,False,310.0,-7.34,False,
BILLWORK2_ottow,7,3,80.06,49.57,0.619,2239,30.0,2024-03-18 12:45:51,2024-06-06 14:12:40,0.9818,21.7,1189.7,6,231.0,2.31,16,100,3948,725.3,True,22.1,-0.69,False,
BKOCHUPARAM-BR2_bkochuparamb,98,95,252.0,132.18,0.525,5023,30.0,2025-09-16 15:15:36,2026-05-26 15:16:05,0.581,1329.1,3172.4,215,7207.0,72.07,1,100,6445,6.2,False,262.5,-22.93,False,
BMIAO-PF4CFQ04_bmiao,8,6,156.82,32.1,0.205,1263,30.0,2023-06-09 13:45:11,2023-11-13 09:27:06,0.9251,57.7,770.5,10,240.0,2.4,2,100,5384,931.5,True,68.3,-3.6,False,
BOB_Libra2.1-ELP2-SVT34,64,61,429.92,136.42,0.317,6228,30.0,2024-04-29 11:33:15,2025-07-03 09:34:30,0.9789,69.1,3274.0,18,758.0,7.58,4,100,12215,333.5,True,163.3,-53.42,False,
BRIAN_bcampbell,9,8,55.97,13.03,0.233,653,30.0,2026-04-06 14:34:24,2026-06-01 13:52:36,0.6679,103.9,312.8,25,420.0,4.2,10,100,2207,0.3,False,224.3,-3.8,False,
BRYAN_X1,128,127,917.64,259.56,0.283,8142,30.0,2023-04-04 22:34:38,2025-10-08 13:59:45,0.8253,1088.1,6229.4,226,8459.0,84.59,2,100,21887,236.3,True,178.7,-42.41,False,
CARBON9TH_Dexter,433,227,488.91,244.6,0.5,10159,30.0,2023-02-04 11:14:49,2024-06-07 09:10:29,0.8137,1093.6,5870.4,331,12907.0,129.07,1,100,25090,724.5,True,339.0,-97.93,False,
CARLLAPTOP_CarlWu,248,244,436.76,257.01,0.588,8747,30.0,2023-05-05 20:52:11,2024-07-15 15:09:37,0.476,3232.2,6168.2,616,18760.0,187.6,0,100,10843,686.2,True,346.8,-56.4,False,
CARZADON-3JDEXX_carzadon,662,494,763.2,207.92,0.272,9940,30.0,2023-02-03 09:09:44,2025-03-07 13:57:49,0.3792,3097.9,4990.1,734,36635.0,366.35,0,100,27184,451.3,True,867.8,-127.65,False,
CBLACKBURN-E2WL_cblackburn,11,9,58.87,16.8,0.285,802,30.0,2026-01-30 11:07:59,2026-03-30 07:59:57,0.7131,115.7,403.2,21,652.0,6.52,1,100,2153,63.5,True,195.7,-2.48,False,
CBLACKBURN-TSG2_cblackburn,54,53,349.99,62.05,0.177,2576,30.0,2025-06-02 11:25:09,2026-05-18 11:09:31,0.6702,491.1,1489.1,100,4156.0,41.56,0,100,9179,14.4,False,312.0,-11.44,False,
CBLACKBURNXY23A_cblackburn,36,31,175.31,41.48,0.237,2036,30.0,2024-02-13 06:40:17,2024-08-06 14:11:51,0.8061,193.1,995.6,47,2100.0,21.0,0,100,4983,664.3,True,273.0,-10.0,False,
CBOULTON-5METJ1_cboulton,105,104,256.72,79.72,0.311,3142,30.0,2025-09-17 15:12:48,2026-06-01 08:27:48,0.3248,1291.9,1913.4,292,7936.0,79.36,1,100,7102,0.5,False,476.5,-24.64,False,
CCHEN50-F3PD01M_cchen50,118,92,617.65,196.78,0.319,8751,30.0,2023-02-08 18:20:00,2024-10-18 09:54:01,0.8822,556.2,4722.8,195,4585.0,45.85,0,100,22620,591.5,True,170.8,-46.15,False,
CCHOW3-PF4S7DN8_cchow3,27,26,119.82,38.29,0.32,1545,30.0,2024-01-29 12:12:47,2024-05-28 07:57:25,0.516,444.8,919.0,95,2115.0,21.15,3,100,3272,734.5,True,248.0,-4.85,False,
CCHOW3-PF4YBY4D_cchow3,15,14,79.9,28.97,0.363,1260,30.0,2024-06-10 11:38:47,2024-08-29 09:17:51,0.7792,153.5,695.2,35,491.0,4.91,1,100,3012,641.5,True,176.5,-9.09,False,
CCOLGLAZIER-V05_ccolglazier,8,7,31.93,9.84,0.308,580,30.0,2026-04-30 11:12:58,2026-06-01 09:32:16,0.7088,68.8,236.2,25,626.0,6.26,17,100,2172,0.5,False,259.8,-0.74,False,
CCOURTEIX-C7ECE_ccourteix,8,5,30.04,8.2,0.273,331,30.0,2024-08-07 08:19:47,2024-09-06 09:18:01,0.4116,115.8,196.9,28,441.0,4.41,0,99,0,633.5,True,222.7,-0.59,False,
CDORNER-F5WFAPN_cdorner,6,4,18.86,5.62,0.298,291,30.0,2026-05-13 15:43:23,2026-06-01 12:21:33,0.7875,28.7,134.9,7,110.0,1.1,43,100,4639,0.4,False,260.0,-2.9,False,
CFERLAND-0DYS2P_cferland,46,44,196.86,73.85,0.375,3057,30.0,2024-11-05 11:15:53,2025-05-21 08:00:32,0.5724,757.9,1772.3,188,2186.0,21.86,43,100,0,376.5,True,217.6,-22.14,False,
CGOOTEE-F66K4JN_cgootee,6,5,26.89,7.05,0.262,263,30.0,2026-05-05 14:17:01,2026-06-01 11:34:17,0.6682,56.1,169.1,12,261.0,2.61,3,100,2157,0.4,False,259.0,-2.39,False,
CHANGYC2-1QSR8D_changyc2,398,64,351.23,313.13,0.892,15329,30.0,2023-02-06 09:37:20,2024-01-23 15:13:58,0.9789,158.3,7515.2,79,4455.0,44.55,0,100,49260,860.2,True,74.7,-19.45,False,
CHIKARA7-3PAB5T_chikara7,302,222,539.26,153.79,0.285,8007,28.8,2023-02-06 10:28:56,2024-07-29 16:38:14,0.5728,1576.9,3690.8,564,11827.0,118.27,1,100,18895,672.2,True,527.2,-103.73,False,
CHIKARA7-ZBPQUS_chikara7,17,12,41.57,12.05,0.29,602,22.9,2024-07-02 19:20:54,2024-08-13 09:06:41,0.4404,161.9,289.2,61,861.0,8.61,41,100,4553,657.5,True,363.7,-3.39,False,
CMORATAYA-MDFJZ_cmorataya,19,17,73.22,24.05,0.328,944,30.0,2025-10-08 11:09:18,2025-12-20 16:19:39,0.6242,216.9,577.2,52,1355.0,13.55,6,100,3185,163.2,True,258.2,-3.45,False,
COC-X9-BE1_kojik,17,17,52.0,11.44,0.22,522,30.0,2025-03-25 13:40:27,2025-05-16 13:39:39,0.4505,150.8,274.5,37,1000.0,10.0,7,100,1895,381.3,True,542.8,-7.0,False,
COLIN_cdorner,27,26,210.89,42.54,0.202,1790,30.0,2025-10-13 15:02:56,2026-05-12 12:27:16,0.6241,383.8,1020.9,87,1507.0,15.07,17,100,5694,20.4,False,223.2,-10.93,False,
CPC-TESTER5_Ridge_Jia,15,14,106.08,37.0,0.349,1596,30.0,2023-08-14 14:50:43,2023-11-28 16:52:14,0.9287,63.3,888.1,34,486.0,4.86,32,100,2973,916.2,True,138.2,-9.14,False,
CPCTESTER202407_49005,11,9,139.98,41.64,0.297,1361,30.0,2024-07-08 15:40:49,2024-11-25 15:19:09,0.831,168.9,999.3,28,747.0,7.47,0,100,0,553.2,True,78.9,-1.53,False,
CPOWELL1-577MKQ_cpowell1,3,3,35.71,9.55,0.267,432,30.0,2024-11-06 16:15:45,2024-12-12 09:14:20,0.8249,40.1,229.1,10,127.0,1.27,56,100,1539,536.5,True,114.7,-1.73,True,LOGGING_STOPPED
CPOWELL1-PF4Z89_cpowell1,57,25,110.68,24.62,0.222,1238,30.0,2024-08-20 16:15:56,2024-12-09 08:37:36,0.6201,224.5,590.9,43,1466.0,14.66,0,100,6219,539.5,True,370.9,-10.34,False,
CQUEEN-PW06FV2M_cqueen,316,315,933.23,417.65,0.448,16556,30.0,2023-10-23 08:37:45,2026-05-13 14:02:10,0.7912,2093.1,10023.5,623,24660.0,246.6,2,100,21826,19.3,False,275.5,-68.4,False,
CQUICK-PF4H4VXC_cquick,67,64,140.15,68.37,0.488,3012,30.0,2023-08-30 13:08:08,2024-01-17 16:39:52,0.5653,713.2,1640.8,215,5642.0,56.42,2,100,4214,866.2,True,341.9,-7.58,False,
CQUITIAN-5E0G78_cquitian,1,0,20.02,8.29,0.414,360,30.0,2026-04-02 16:08:17,2026-04-22 16:41:46,0.606,78.4,199.0,25,541.0,5.41,14,100,12425,40.2,False,0.0,5.41,True,GAUGE_NOT_INCREMENTING
CRAMPELBERG-VRJ_T14,17,15,97.99,30.64,0.313,1086,30.0,2025-04-22 10:05:32,2025-07-29 09:47:52,0.6485,258.5,735.3,56,1420.0,14.2,20,100,3160,307.5,True,178.8,-0.8,False,
CRAMPELBERG-VRJ_crampelberg,17,15,97.22,30.56,0.314,1085,30.0,2025-04-22 10:05:32,2025-07-28 15:16:51,0.6476,258.5,733.3,56,1420.0,14.2,20,100,3160,308.2,True,179.3,-0.8,False,
CRISTIAN_cmorataya,8,6,32.01,10.49,0.328,645,12.9,2025-09-05 11:28:35,2025-10-07 11:42:40,0.5373,116.4,251.7,16,368.0,3.68,25,100,5176,237.4,True,208.9,-2.32,False,
CSILVA30-674ERX_csilva30,4,2,34.13,12.28,0.36,413,30.0,2026-04-22 13:22:00,2026-05-26 16:27:53,0.8493,44.4,294.7,14,150.0,1.5,51,100,1862,6.2,False,59.5,-0.5,True,RECENTLY_STARTED
CTURNER-1000036_cturner,38,33,56.98,24.88,0.437,1741,8.1,2025-07-09 13:42:00,2025-09-04 13:12:32,0.635,218.0,597.1,64,2415.0,24.15,5,100,2492,270.3,True,484.5,-8.85,False,
CTURNER-F4T62ZK_cturner,31,29,77.13,21.17,0.275,1003,29.8,2024-01-23 12:05:54,2024-04-09 15:11:14,0.5571,225.1,508.2,70,1799.0,17.99,3,100,2681,783.2,True,500.3,-11.01,False,
CTURNER_cturner,52,51,350.75,86.95,0.248,6669,6.6,2023-04-25 13:15:09,2024-04-10 07:18:22,0.7985,420.5,2086.9,111,3474.0,34.74,2,100,8442,782.6,True,214.2,-16.26,False,
CXTESTT14P_liufe,23,4,56.04,13.87,0.248,538,30.0,2024-08-16 09:20:35,2024-10-11 10:18:42,0.9408,19.7,332.9,11,189.0,1.89,63,100,5257,598.4,True,105.3,-2.11,False,
DAVID_dcosby,68,67,455.0,294.67,0.648,11566,30.0,2025-02-25 11:04:32,2026-05-26 11:06:41,0.8807,843.7,7072.0,373,4869.0,48.69,26,100,12029,6.4,False,83.0,-18.31,False,
DBROWN6-F4RV7QY_dbrown6,37,36,98.26,43.99,0.448,1853,30.0,2024-01-29 12:14:06,2024-05-06 18:30:02,0.6818,335.9,1055.8,90,2769.0,27.69,1,100,2691,756.1,True,298.9,-8.31,False,
DEBORAH_drepplier,10,9,377.99,97.41,0.258,3674,30.0,2025-02-25 11:04:47,2026-03-10 10:52:21,0.9529,110.1,2337.8,18,324.0,3.24,20,100,10250,83.4,True,33.7,-5.76,False,
DESKTOP-0OFMVDC_x1,151,150,499.21,361.35,0.724,17637,30.0,2025-01-14 08:52:34,2026-05-28 14:01:53,0.8321,1455.7,8672.3,297,11009.0,110.09,1,100,12647,4.3,False,151.6,-39.91,False,
DESKTOP-0R32PSA_ah,22,16,225.07,127.52,0.567,6204,30.0,2024-07-17 17:12:32,2025-02-27 18:46:30,0.9147,261.2,3060.6,138,1063.0,10.63,0,100,0,459.1,True,45.8,-5.37,False,
DESKTOP-2OI6HV8_jnunez5,12,5,30.78,7.47,0.243,333,29.1,2024-05-28 15:42:32,2024-06-28 10:20:38,0.5916,73.3,179.4,14,253.0,2.53,15,100,0,703.4,True,244.5,-2.47,False,
DESKTOP-56S79KM_DEV-condor,13,7,7.41,5.29,0.714,254,30.0,2024-05-15 09:23:18,2024-05-22 19:12:25,0.9713,3.6,126.9,1,9.0,0.09,4,100,0,740.1,True,483.3,-6.91,False,
DESKTOP-5TU0QIM_igluzman,7,5,160.68,54.36,0.338,2123,30.0,2024-08-05 16:57:39,2025-01-13 09:18:06,0.9438,73.3,1304.6,15,295.0,2.95,28,100,0,504.5,True,33.6,-2.05,False,
DESKTOP-65B5D4E_Mark,343,341,2083.03,258.67,0.124,12511,30.0,2018-07-02 14:01:29,2024-03-15 14:41:33,0.994,37.3,6208.0,13,635.0,6.35,0,100,49908,808.3,True,481.5,-334.65,False,
DESKTOP-6BVEF2H_PF4LS9A1,8,1,96.49,9.89,0.103,1995,0.8,2025-02-27 13:47:18,2025-06-04 01:28:48,0.9244,17.9,237.4,1,92.0,0.92,1,100,9728,362.8,True,36.9,-0.08,False,
DESKTOP-8L6GNCN_Winson_Chiu,68,14,248.49,35.55,0.143,1535,30.0,2025-01-09 21:02:44,2025-09-15 08:47:11,0.7913,178.1,853.3,38,1004.0,10.04,2,100,0,259.5,True,143.8,-3.96,False,
DESKTOP-AN20HIT_kpatton,17,16,51.81,14.43,0.279,678,30.0,2024-08-26 15:26:59,2024-10-17 10:57:23,0.5201,166.2,346.3,34,1300.0,13.0,0,100,0,592.4,True,405.0,-3.0,False,
DESKTOP-BJGS966_DEV,16,9,5.87,5.28,0.9,266,30.0,2024-05-16 22:25:50,2024-05-22 19:11:29,0.9465,6.8,126.7,3,17.0,0.17,5,100,0,740.1,True,622.6,-8.83,False,
DESKTOP-BUL3M0Q_DEV,4,2,7.4,5.27,0.713,261,30.0,2024-05-15 09:42:43,2024-05-22 19:12:08,0.9655,4.4,126.6,2,31.0,0.31,69,100,0,740.1,True,138.6,-1.69,True,LOGGING_STOPPED
DESKTOP-CDUSM1A_T14s,16,7,46.1,9.18,0.199,511,13.3,2024-08-26 07:48:54,2024-10-11 10:08:34,0.4175,128.3,220.3,21,437.0,4.37,28,100,0,598.4,True,278.5,-2.63,False,
DESKTOP-DR88TUK_DEV-Condor,7,4,5.58,5.21,0.934,258,30.0,2024-05-17 05:23:54,2024-05-22 19:12:45,0.9635,4.6,124.9,2,29.0,0.29,62,100,0,740.1,True,280.4,-3.71,False,
DESKTOP-EP8TDGT_nmadhani,19,14,47.05,15.23,0.324,452,30.0,2024-07-31 07:54:25,2024-09-16 09:07:24,0.1092,325.6,365.5,30,1238.0,12.38,14,100,0,623.5,True,335.8,-1.62,False,
DESKTOP-F4I6BLL_jl240,143,4,346.54,6.0,0.017,300,30.0,2023-02-06 22:48:38,2024-01-19 11:53:24,0.7817,31.4,143.9,5,114.0,1.14,4,99,26042,864.4,True,243.5,-2.86,False,
DESKTOP-K1B42LP_SVT-GM5-who2-No-B,69,65,422.55,53.86,0.127,2114,30.0,2024-07-17 04:55:29,2025-09-12 18:11:57,0.308,894.5,1292.6,102,4997.0,49.97,1,100,0,262.1,True,440.8,-15.03,False,
DESKTOP-KQ90P7N_jkleissler,23,13,95.09,24.65,0.259,937,30.0,2024-05-24 10:41:54,2024-08-27 12:48:07,0.6915,182.5,591.6,41,668.0,6.68,1,100,0,643.3,True,192.6,-6.32,False,
DESKTOP-LBSEJ4D_perf-test,22,7,132.56,12.0,0.091,311,30.6,2023-09-05 18:43:16,2024-01-16 08:11:46,0.203,229.6,288.0,18,583.0,5.83,3,100,9972,867.5,True,213.1,-1.17,False,
DESKTOP-MMH8JIS_chee1,27,11,156.72,10.89,0.069,444,30.0,2023-10-24 18:15:19,2024-03-29 11:33:42,0.5889,107.4,261.3,19,202.0,2.02,3,100,0,794.4,True,368.9,-8.98,False,
DESKTOP-N9S9JC9_think,14,8,63.1,19.48,0.309,873,30.0,2024-04-24 11:30:05,2024-06-26 13:47:12,0.8642,63.5,467.6,17,586.0,5.86,0,100,5122,705.3,True,150.0,-2.14,False,
DESKTOP-QAH5T71_ehowe,32,19,54.96,17.47,0.318,505,30.0,2024-08-08 08:57:51,2024-10-02 07:57:48,0.1901,339.6,419.4,39,1387.0,13.87,3,100,0,607.5,True,397.2,-5.13,False,
DESKTOP-QLOL3EV_ehowe,20,14,43.12,12.8,0.297,366,30.0,2024-05-14 10:37:08,2024-06-26 13:29:00,0.1401,264.2,307.2,29,1136.0,11.36,10,100,0,705.3,True,399.5,-2.64,False,
DESKTOP-VBGKQ59_rtwall,10,7,41.98,19.68,0.469,841,30.0,2024-10-14 16:13:54,2024-11-25 15:51:28,0.7657,110.7,472.3,24,564.0,5.64,22,100,0,553.2,True,129.9,-1.36,False,
DHARDING-55C9NC_dharding,20,6,98.76,34.62,0.351,1720,30.0,2025-03-04 16:54:45,2025-06-11 11:10:14,0.7467,210.4,831.0,14,255.0,2.55,32,100,7278,355.4,True,63.3,-3.45,False,
DHERRING1-6KYF4_dherring1,15,14,29.1,10.83,0.372,451,30.0,2026-04-30 11:12:40,2026-05-29 13:38:25,0.2021,207.3,259.8,26,1307.0,13.07,4,100,2103,3.3,False,472.2,-0.93,False,
DILIPB-PF66R2P1_dilipb,8,4,21.98,12.25,0.557,405,30.0,2026-05-06 14:09:16,2026-05-28 13:47:29,0.8507,43.9,293.9,11,286.0,2.86,24,100,1796,4.3,False,119.3,-1.14,False,
DILLON_dpaquin,22,21,98.71,25.65,0.26,1276,30.0,2025-05-06 14:32:21,2025-08-13 07:37:53,0.3986,370.3,615.7,88,1939.0,19.39,18,100,2844,292.6,True,299.0,-1.61,False,
DJR-PF3R8T3C_djr,65,54,791.43,604.57,0.764,28464,30.0,2023-02-08 21:53:10,2025-04-10 08:08:22,0.9776,325.4,14509.6,96,1676.0,16.76,3,100,25540,417.5,True,32.6,-37.24,False,
DKUNTTU-F4JTB5W_dkunttu,81,80,448.06,309.02,0.69,15519,30.0,2023-09-21 15:00:12,2024-12-12 16:20:49,0.9269,542.3,7416.4,208,4620.0,46.2,2,100,11586,536.2,True,94.6,-33.8,False,
DKUNTTU-F4ML5R6_dkunttu,49,45,254.04,95.82,0.377,4514,30.0,2023-12-13 14:49:18,2024-08-23 15:45:40,0.8132,429.5,2299.6,97,2568.0,25.68,2,100,6491,647.2,True,171.5,-19.32,False,
DKUNTTU-F5AZ5F3_dkunttu,26,25,429.17,54.25,0.126,2417,30.0,2025-01-09 16:16:13,2026-03-14 20:23:29,0.7414,336.7,1302.1,62,1443.0,14.43,1,100,10836,79.0,True,168.3,-10.57,False,
DKUNTTU-W0CXCFB_dkunttu,7,6,22.09,11.81,0.535,538,30.0,2024-08-26 10:05:33,2024-09-17 12:12:05,0.7149,80.8,283.4,17,393.0,3.93,0,100,0,622.4,True,185.6,-2.07,False,
DLI13-PW0HKDEK_dli13,10,7,160.98,62.02,0.385,1793,30.0,2025-05-27 14:18:19,2025-11-04 13:43:02,0.9408,88.2,1488.5,17,519.0,5.19,24,100,4572,209.3,True,41.2,-1.81,False,
DLOMIS-PF58PBCR_X1,8,5,58.0,19.14,0.33,757,30.0,2025-05-28 12:20:43,2025-07-25 12:23:41,0.6876,143.5,459.4,25,413.0,4.13,30,100,3437,311.4,True,95.4,-0.87,False,
DLOMIS-PF58PBCR_dlomis,8,5,56.01,18.16,0.324,715,30.0,2025-05-28 12:20:43,2025-07-23 12:41:28,0.6821,138.6,435.9,24,406.0,4.06,30,100,3388,313.3,True,100.6,-0.94,False,
DONGQZ-PF4RM5MZ_dongqz,34,33,410.16,35.28,0.086,1958,3.3,2024-02-05 11:36:40,2025-03-21 15:32:32,0.4785,441.6,846.8,55,2356.0,23.56,0,100,10054,437.2,True,341.6,-9.44,False,
DONGQZ-PF505XME_dongqz,14,13,70.07,26.74,0.382,1457,30.0,2024-10-10 15:19:09,2024-12-19 17:02:35,0.7976,129.9,641.9,29,583.0,5.83,0,100,2373,529.2,True,177.6,-7.17,False,
DONGQZ-PF5HTSGV_dongqz,40,39,363.97,135.9,0.373,5557,30.0,2025-05-28 13:25:30,2026-05-27 12:39:02,0.873,414.2,3261.6,109,2578.0,25.78,0,100,8378,5.3,False,104.8,-13.22,False,
DONGQZ-PF6229ZN_dongqz,25,23,70.98,27.61,0.389,1106,30.0,2026-01-20 13:50:00,2026-04-01 13:14:11,0.7295,179.3,662.8,50,1408.0,14.08,2,100,2871,61.3,True,304.3,-8.92,False,
DONGQZ-PF66VXBZ_dongqz,7,6,32.91,14.12,0.429,528,30.0,2026-04-01 16:15:07,2026-05-04 14:07:56,0.8017,67.2,338.9,23,399.0,3.99,18,100,1535,28.3,False,155.2,-2.01,False,
DONGQZ-PW0B15P6_dongqz,7,2,15.21,4.11,0.27,765,0.4,2024-06-06 08:22:16,2024-06-21 13:22:57,0.7595,23.7,98.5,8,99.0,0.99,14,100,1737,710.3,True,177.7,-1.01,False,
DRICKARD-5GLCFY_drickard,32,31,203.01,76.81,0.378,3229,30.0,2025-05-28 14:46:22,2025-12-17 15:06:50,0.7929,381.8,1843.3,62,2370.0,23.7,2,100,5913,166.2,True,147.4,-7.3,False,
DRUBRIGHT-320B9_drubright,23,22,49.86,22.23,0.446,901,30.0,2026-01-14 11:12:24,2026-03-05 07:57:59,0.6008,213.0,533.6,46,1740.0,17.4,7,100,2222,88.5,True,361.5,-4.6,False,
DRUBRIGHT-DPJ32_drubright,69,68,140.33,84.26,0.6,3662,30.0,2025-01-07 13:53:42,2025-05-27 21:41:54,0.5623,885.1,2022.3,183,4667.0,46.67,16,100,4478,370.0,True,294.8,-21.33,False,
DRUBRIGHT-EHFA6_drubright,62,59,157.0,61.88,0.394,2574,30.0,2023-09-07 10:53:24,2024-02-11 11:00:09,0.5312,696.2,1485.0,152,4938.0,49.38,7,100,5336,841.4,True,348.3,-9.62,False,
DRUBRIGHT-FSTTJ_drubright,124,122,350.22,122.26,0.349,4914,30.0,2025-06-11 14:08:58,2026-05-27 19:26:33,0.5507,1318.4,2934.2,266,9581.0,95.81,0,100,10013,5.1,False,364.5,-26.19,False,
DRUBRIGHT-N1GRS_drubright,7,5,19.99,8.51,0.426,356,30.0,2023-12-15 13:06:55,2024-01-04 12:53:00,0.6783,65.7,204.3,11,408.0,4.08,18,100,1139,879.3,True,214.6,-0.92,False,
DRUBRIGHT-NXE61_drubright,76,74,696.13,95.4,0.137,4115,30.0,2024-01-12 12:38:00,2025-12-08 15:46:31,0.673,748.6,2289.5,146,5172.0,51.72,2,100,17355,175.2,True,283.3,-22.28,False,
DSABOGAL-66ZRAR_dsabogal,4,2,14.26,11.14,0.781,498,30.0,2026-05-11 09:52:38,2026-05-25 16:06:53,0.9372,16.8,267.3,9,106.0,1.06,47,100,1524,7.2,False,65.6,-0.94,True,RECENTLY_STARTED
DSMITH3-F66KH2F_dsmith3,4,3,26.9,7.26,0.27,267,30.0,2026-05-05 14:16:25,2026-06-01 11:54:11,0.5931,70.9,174.2,14,282.0,2.82,24,100,2178,0.4,False,150.9,-0.18,True,RECENTLY_STARTED
DWATTS-PF5C6AV8_dwatts,67,66,458.9,341.97,0.745,16911,30.0,2025-01-28 15:44:19,2026-05-02 13:18:40,0.9166,684.4,8207.2,255,5023.0,50.23,13,100,11974,30.3,False,70.5,-15.77,False,
DWATTS-PF627DJB_dwatts,16,15,84.07,82.72,0.984,4074,30.0,2026-01-30 11:50:23,2026-04-24 13:30:53,0.9225,153.8,1985.2,46,1225.0,12.25,7,100,2789,38.3,False,66.2,-2.75,False,
DWATTS-PF668VNV_dwatts,5,5,27.41,23.89,0.872,1140,30.0,2026-04-29 11:20:37,2026-05-26 21:05:30,0.8668,76.4,573.4,16,415.0,4.15,34,100,1423,6.0,False,76.4,-0.85,True,RECENTLY_STARTED
E14_test,6,4,678.98,4.69,0.007,510,2.0,2024-05-14 10:12:05,2026-03-24 09:36:40,0.8264,19.6,112.7,3,14.0,0.14,0,100,12058,69.5,True,311.5,-3.86,False,
E28386-PF3X7BXZ_e28386,62,47,994.51,362.54,0.365,13395,30.0,2023-02-08 10:07:25,2025-10-29 22:15:42,0.931,600.8,8701.0,83,2007.0,20.07,0,100,24743,214.9,True,47.4,-26.93,False,
E31583-PW0BLY7A_ohsaw,10,6,72.83,10.81,0.148,437,30.0,2024-06-10 16:12:51,2024-08-22 12:03:24,0.5369,120.2,259.6,27,356.0,3.56,15,100,0,648.4,True,202.7,-2.44,False,
EAAGM1_pasw-,23,5,143.96,72.26,0.502,3404,30.0,2025-04-14 18:23:29,2025-09-05 17:27:16,0.947,91.9,1734.2,11,353.0,3.53,5,100,8794,269.1,True,25.3,-1.47,False,
EB16034-F2RY6ZG_eb16034,265,238,998.79,358.44,0.359,14489,30.0,2023-02-02 17:38:06,2025-10-28 12:35:52,0.7634,2035.5,8602.5,508,15583.0,155.83,2,100,39193,216.3,True,242.5,-82.17,False,
EB16034-F4414Y8_eb16034,85,80,203.03,61.72,0.304,2690,30.0,2023-04-10 10:36:36,2023-10-30 11:16:18,0.2516,1108.6,1481.4,208,7164.0,71.64,2,100,6710,945.4,True,473.4,-8.36,False,
EB16034-F4QX17S_eb16034,45,43,120.27,39.89,0.332,1600,30.0,2024-05-29 13:10:17,2024-09-26 19:34:39,0.221,745.7,957.3,119,3746.0,37.46,31,100,4726,613.1,True,393.7,-5.54,False,
EBUCHHOLZ-HKD6N_ebuchholz,26,23,70.82,22.53,0.318,850,30.0,2025-05-27 14:24:58,2025-08-06 10:10:25,0.5573,239.4,540.8,53,1852.0,18.52,6,100,2407,299.4,True,372.9,-4.48,False,
ECOOK-PF67560P_ecook,2,2,20.85,7.53,0.361,309,30.0,2026-05-06 16:03:16,2026-05-27 12:21:18,0.7904,37.9,180.6,12,160.0,1.6,57,100,1982,5.4,False,97.0,-0.4,True,RECENTLY_STARTED
EDANG-PF5TMMM8_edang,20,18,231.01,37.63,0.163,1187,30.0,2025-10-13 15:24:33,2026-06-01 15:42:47,0.8383,146.1,903.0,43,1084.0,10.84,5,100,6419,0.2,False,174.7,-7.16,False,
EIGERAMD_44900,137,134,612.7,288.12,0.47,11833,30.0,2024-09-26 17:09:28,2026-06-01 10:00:12,0.7477,1744.3,6914.9,393,9933.0,99.33,0,100,15649,0.5,False,169.9,-34.67,False,
EMOURA3-W0A2BQE_emoura3,38,34,98.01,49.53,0.505,2187,30.0,2024-03-26 16:16:35,2024-07-02 16:25:02,0.6831,376.7,1188.8,64,2928.0,29.28,1,100,3191,699.2,True,250.7,-4.72,False,
ENOZAKI1-38LRB0_enozaki1,246,184,857.98,190.18,0.222,9041,30.0,2023-02-05 11:01:33,2025-06-12 10:39:15,0.589,1875.9,4564.2,509,11299.0,112.99,0,100,25614,354.4,True,353.4,-71.01,False,
ESHORT_L13,314,306,493.05,156.89,0.318,6411,30.0,2023-03-24 10:37:41,2024-07-29 11:56:24,0.3501,2447.0,3765.4,590,25830.0,258.3,0,100,13396,672.4,True,712.4,-47.7,False,
ETURNER-F54Q6Z0_eturner,80,78,272.85,80.18,0.294,3405,30.0,2024-09-11 14:46:15,2025-06-11 11:04:49,0.474,1012.1,1924.2,194,6626.0,66.26,1,100,7293,355.4,True,355.3,-11.74,False,
EWALLACE-5AM7XJ_ewallace,23,20,112.67,29.46,0.261,994,30.0,2026-02-05 17:19:13,2026-05-29 09:28:33,0.6544,244.3,707.0,48,1304.0,13.04,2,100,4040,3.5,False,248.0,-6.96,False,
FALMODOVAR-ZGVG_falmodovar,14,12,56.0,15.68,0.28,553,30.0,2025-02-04 14:09:35,2025-04-01 14:14:07,0.4617,202.6,376.4,26,997.0,9.97,13,100,2641,426.3,True,279.5,-2.03,False,
FANG_X13,70,70,769.58,270.82,0.352,9552,30.0,2023-05-10 12:24:40,2025-06-18 02:16:47,0.8729,825.9,6499.7,93,1835.0,18.35,3,100,18980,348.8,True,94.4,-51.65,False,
FBOWER-PF59NQY8_fbower,12,11,387.93,165.06,0.426,7956,30.0,2025-04-08 11:11:01,2026-05-01 09:24:28,0.9579,166.8,3961.5,42,596.0,5.96,28,100,9428,31.5,False,24.3,-5.04,False,
FBOWER-PF5PJKZL_fbower,21,17,238.0,208.6,0.876,9864,30.0,2025-10-01 13:15:58,2026-05-27 13:13:41,0.9542,229.2,5006.4,44,1205.0,12.05,18,100,7505,5.3,False,29.8,-4.95,False,
FFEI-PF5PFHPB_ffei,60,58,252.01,66.08,0.262,2133,30.0,2025-09-16 14:12:25,2026-05-26 14:33:21,0.5107,776.1,1586.0,128,4163.0,41.63,5,100,7478,6.3,False,320.6,-16.37,False,
FFENG-PF5FSWGF_ffeng,9,8,94.96,24.97,0.263,971,30.0,2025-06-16 16:04:57,2025-09-19 15:03:41,0.8703,77.7,599.4,4,17.0,0.17,39,100,4025,255.2,True,117.0,-7.83,False,
FORIPF_radac,198,134,758.13,141.42,0.187,4054,30.0,2024-02-26 10:48:22,2026-03-25 13:59:21,0.4151,1985.3,3394.0,227,11370.0,113.7,0,100,26482,68.3,True,346.1,-20.3,False,
FRED_Fred_Bower,11,9,110.94,78.02,0.703,3998,30.0,2026-01-20 11:41:08,2026-05-11 10:10:30,0.9452,102.7,1872.4,37,664.0,6.64,2,100,3690,21.4,False,42.1,-2.36,False,
FRED_fbower,3,3,43.97,41.67,0.948,2127,30.0,2025-02-04 14:28:15,2025-03-20 13:46:49,0.9574,42.6,1000.1,12,162.0,1.62,13,100,2392,438.3,True,26.3,-1.38,True,LOGGING_STOPPED
FSUN3-PC133Y8H_LicenseServer,126,15,1202.79,55.12,0.046,2577,30.0,2023-02-07 19:00:19,2026-05-25 13:54:39,0.9307,91.7,1322.8,21,705.0,7.05,17,100,62540,7.3,False,99.4,-7.95,False,
FSUN3-PC133Y8H_fsun3,120,9,391.87,9.22,0.024,408,30.0,2023-02-07 19:00:19,2024-03-05 15:54:52,0.6466,78.2,221.2,18,637.0,6.37,17,100,43142,818.2,True,356.5,-2.63,False,
FTEK-PW09S10C_ftek,31,29,171.63,33.47,0.195,1146,30.0,2024-02-16 07:10:24,2024-08-05 22:19:49,0.3071,556.6,803.2,76,2646.0,26.46,2,100,4557,664.9,True,316.5,-2.54,False,
GGILLETT-5D9MVD_ggillett,132,129,475.99,167.76,0.352,7320,30.0,2025-02-05 11:07:45,2026-05-27 10:51:54,0.6644,1351.1,4026.3,415,9087.0,90.87,4,100,12730,5.4,False,280.9,-38.13,False,
GHIROSE-F453D0C_ghirose,335,335,805.78,322.45,0.4,14915,30.0,2023-03-27 16:17:23,2025-06-10 11:02:55,0.5823,3232.4,7738.9,914,21748.0,217.48,0,100,22700,356.4,True,379.5,-117.52,False,
GHOOGAR-F3KPQQX_ghoogar,87,64,378.09,33.24,0.088,1477,29.5,2023-02-14 08:51:39,2024-02-27 10:59:24,0.399,479.4,797.7,115,4197.0,41.97,1,100,12673,825.4,True,703.2,-22.03,False,
GKONDO-PF4RM5PL_gkondo,51,48,118.1,47.02,0.398,3893,3.5,2024-05-16 17:36:00,2024-09-11 19:56:17,0.5123,550.4,1128.6,152,3513.0,35.13,2,100,5592,628.0,True,372.9,-12.87,False,
GKONDOXPF3TRKJD_gkondo,515,430,1215.17,283.64,0.233,13912,30.0,2023-02-02 16:46:38,2026-06-01 20:55:40,0.5563,3020.6,6807.3,911,32652.0,326.52,0,100,34624,0.0,False,553.7,-103.48,False,
GLANCE_GM4,195,180,913.61,190.0,0.208,7953,30.0,2023-02-20 22:20:49,2025-08-22 13:04:27,0.3969,2749.9,4559.9,399,14792.0,147.92,0,100,0,283.3,True,346.0,-32.08,False,
GLRTEST_s,4,1,22.98,8.74,0.38,513,30.0,2024-06-25 14:38:20,2024-07-18 14:12:50,0.8182,38.1,209.8,6,53.0,0.53,78,100,0,683.3,True,41.8,-0.47,True,LOGGING_STOPPED
GM201_an1,41,3,23.21,8.69,0.374,1483,2.8,2026-03-30 13:01:02,2026-04-22 17:57:57,0.7761,46.7,208.5,7,263.0,2.63,18,100,3869,40.1,False,126.1,-0.37,False,
GMCNEIL-F55JALH_gmcneil,43,39,69.02,45.38,0.657,2092,30.0,2024-09-17 15:21:50,2024-11-25 15:44:09,0.7162,309.1,1089.0,79,2961.0,29.61,0,100,2518,553.2,True,313.9,-9.39,False,
GREG-WORK-X13Y_gmcneil,165,164,483.03,231.28,0.479,9900,30.0,2023-05-12 21:19:28,2024-09-06 22:00:20,0.7549,1360.4,5550.7,308,12456.0,124.56,0,100,12374,633.0,True,259.0,-39.44,False,
GTORRES3-0ABC7N_gtorres3,17,16,435.13,36.33,0.084,1606,30.0,2024-04-04 12:13:20,2025-06-13 15:22:59,0.7029,259.1,872.0,58,1160.0,11.6,0,100,10584,353.2,True,160.9,-4.4,False,
GTORRES3-0C7G0F_gtorres3,24,20,89.01,23.07,0.259,965,30.0,2024-08-14 09:26:53,2024-11-11 09:36:17,0.3771,344.9,553.7,50,1776.0,17.76,2,100,0,567.5,True,316.6,-2.24,False,
GTORRES3-5AZJEC_gtorres3,48,47,499.19,62.9,0.126,2148,30.0,2025-01-13 09:25:31,2026-05-27 14:01:26,0.3976,909.3,1509.6,141,3519.0,35.19,1,100,12079,5.3,False,272.9,-11.81,False,
GUERRILLAPC-M_GPC-1,7,5,17.88,4.85,0.271,391,1.0,2023-12-18 13:58:45,2024-01-05 10:59:03,0.3525,75.4,116.4,15,363.0,3.63,1,100,1209,878.4,True,376.5,-1.37,False,
HAOJING6-501MPD_haojing6,73,59,400.86,141.57,0.353,5468,30.0,2025-03-17 13:51:58,2026-04-22 10:27:39,0.7654,797.2,3397.6,138,4724.0,47.24,0,100,13367,40.4,False,152.2,-11.76,False,
HARDBAR-F4VMMMN_hardbar,35,34,292.5,34.83,0.119,1291,30.0,2024-01-11 10:30:19,2024-10-29 22:37:13,0.4949,422.2,835.9,80,2770.0,27.7,2,100,7832,579.9,True,356.5,-6.3,False,
HARRLIXPF4PFNTC_harrli,56,43,42.23,22.36,0.529,1000,30.0,2023-11-16 10:33:05,2023-12-28 16:11:19,0.5771,226.9,536.6,69,3260.0,32.6,2,100,1550,886.2,True,702.4,-10.4,False,
HARSHADA-X1CG12_hghodke,100,99,625.93,117.16,0.187,3500,30.0,2024-09-08 10:50:18,2026-05-27 09:12:36,0.7284,763.7,2811.9,196,7253.0,72.53,2,100,20291,5.5,False,308.6,-26.47,False,
HBOUHYA-F5GLH13_hbouhya,20,19,161.02,63.12,0.392,2451,30.0,2025-05-28 14:44:00,2025-11-05 15:14:05,0.8752,189.1,1514.8,35,1120.0,11.2,1,100,4884,208.2,True,109.9,-7.8,False,
HBOUHYA-F62XRZ6_hbouhya,6,6,53.96,22.25,0.412,868,30.0,2026-01-22 15:01:07,2026-03-17 14:09:22,0.9466,28.5,534.0,3,62.0,0.62,0,100,1963,76.3,True,98.5,-5.38,False,
HDIZ1PF59HFLQ_hdiz,247,246,377.97,160.46,0.425,7522,30.0,2025-05-14 11:41:03,2026-05-27 11:02:11,0.3521,2495.2,3851.1,550,20548.0,205.48,1,100,10903,5.4,False,560.0,-40.52,False,
HELS-PW0C7G11_Lanshan,12,10,34.76,11.7,0.337,493,30.0,2024-07-18 14:10:14,2024-08-22 08:17:49,0.4408,157.0,280.8,39,788.0,7.88,21,100,0,648.5,True,312.2,-2.12,False,
HHUDELSON-B0WN2_hhudelson,109,107,756.01,364.36,0.482,14786,30.0,2024-05-06 14:29:03,2026-06-01 14:46:29,0.6924,2690.1,8744.6,332,5964.0,59.64,7,100,18835,0.3,False,107.3,-47.36,False,
HIDEKIK-F3T9NA0_hidekik,166,137,550.01,210.96,0.384,10106,30.0,2023-02-03 15:00:42,2024-08-06 15:12:42,0.7342,1345.6,5063.0,456,6535.0,65.35,5,100,17914,664.2,True,237.2,-71.65,False,
HIKAWA-PF38LTK0_hikawa,102,62,1104.99,85.8,0.078,3918,30.0,2023-02-15 14:00:41,2026-02-24 13:47:02,0.8597,288.8,2059.2,119,2277.0,22.77,0,100,37980,97.3,True,263.9,-39.23,False,
HIKAWAXPF3Z84A1_hikawa,332,251,1198.11,251.33,0.21,13177,30.0,2023-02-09 10:41:46,2026-05-22 13:20:21,0.7426,1552.3,6031.8,624,14754.0,147.54,0,100,31752,10.3,False,364.8,-103.46,False,
HIROSE-PF4AKXKG_hirose,8,7,280.8,30.68,0.109,1294,30.0,2023-04-25 16:09:03,2024-01-31 11:22:07,0.7473,186.1,736.4,39,305.0,3.05,20,100,7217,852.4,True,83.3,-3.95,False,
HMORI-PF49QH1A_HMORI,305,304,679.77,285.65,0.42,13701,30.0,2023-03-08 14:22:37,2025-01-16 08:51:04,0.7258,1879.6,6855.6,610,19045.0,190.45,0,100,18066,501.5,True,388.7,-113.55,False,
HNAKA-PF43B9PV_hnaka,306,306,794.3,220.12,0.277,10676,30.0,2023-03-20 14:52:18,2025-05-22 22:05:49,0.7322,1414.9,5282.9,721,20002.0,200.02,1,100,20406,375.0,True,507.8,-105.98,False,
HSUMI-GM132TGM_hsumi,40,40,258.12,109.87,0.426,4232,30.0,2025-09-12 17:03:59,2026-05-28 19:53:54,0.8044,515.7,2637.0,103,1577.0,15.77,9,100,6759,4.0,False,133.0,-24.23,False,
HSUMIXPF3MN51B_Hiroyuki_Sumi,156,152,906.74,479.24,0.529,15258,30.0,2023-02-18 14:17:09,2025-08-13 08:04:33,0.9059,1082.5,11501.8,313,8278.0,82.78,2,100,29236,292.5,True,115.8,-69.22,False,
HSUMIXPF3T9QH8_hsumi,61,46,723.39,52.37,0.072,1494,30.0,2023-02-08 01:21:16,2025-01-31 10:46:57,0.7302,339.1,1256.8,49,1294.0,12.94,1,100,20588,486.4,True,320.8,-33.06,False,
HWPA-NL1-SKU8-S_HWPA,6,5,112.64,7.2,0.064,376,6.1,2025-09-23 19:43:31,2026-01-14 10:57:59,0.6967,52.4,172.7,14,239.0,2.39,2,100,1587,138.4,True,253.6,-2.61,False,
HWPA-SKU2-03_YSKOBA,5,2,54.76,17.65,0.322,668,30.0,2023-10-26 17:50:22,2023-12-20 11:58:44,0.9183,34.6,423.7,5,86.0,0.86,47,100,3055,894.4,True,41.4,-1.14,True,LOGGING_STOPPED
HWPA-TH1-SKU1B-_TEST,4,1,14.03,7.24,0.516,2534,1.4,2023-10-31 10:37:32,2023-11-14 11:24:34,0.9508,8.5,173.7,4,57.0,0.57,51,100,2186,930.4,True,50.4,-0.43,True,LOGGING_STOPPED
HYKW_X1CG11,47,6,165.29,22.78,0.138,1143,30.0,2024-06-03 10:26:36,2024-11-15 17:29:54,0.8959,56.9,546.8,25,436.0,4.36,0,100,9732,563.1,True,96.2,-1.64,False,
HZHANG16-5GLDJK_hzhang16,21,20,364.02,218.68,0.601,9643,30.0,2025-05-28 14:44:06,2026-05-27 15:15:15,0.9535,244.1,5248.3,45,1196.0,11.96,22,100,9686,5.2,False,33.4,-8.04,False,
ICA_USER,33,25,316.2,19.42,0.061,643,30.0,2024-07-24 10:06:02,2025-06-05 14:51:18,0.2928,329.7,466.2,47,2119.0,21.19,0,100,20184,361.3,True,470.2,-3.81,False,
IMANARANG1-3A19_imanarang1,383,382,923.65,264.41,0.286,12732,30.0,2023-02-20 16:54:54,2025-09-01 08:35:29,0.7397,1651.6,6345.9,469,22021.0,220.21,2,100,23715,273.5,True,527.7,-161.79,False,
IMIHO-PF2SCRY9_imiho,272,159,604.27,244.36,0.404,12743,30.0,2023-02-13 09:15:58,2024-10-09 15:46:21,0.8381,949.3,5864.7,441,10917.0,109.17,1,100,19881,600.2,True,237.7,-49.83,False,
IYOSHIMITSU-VKS_iyoshimitsu,158,151,1085.72,132.07,0.122,4886,30.0,2023-02-02 22:24:11,2026-01-23 15:36:28,0.8282,544.5,3169.8,140,4830.0,48.3,0,100,30523,129.2,True,417.6,-102.7,False,
JACKX1_jkleissler,131,131,434.0,145.89,0.336,5844,30.0,2025-03-18 15:28:36,2026-05-26 15:29:52,0.6538,1212.2,3501.4,343,9248.0,92.48,1,100,10764,6.2,False,328.0,-38.52,False,
JAGUAR3_SVT,28,27,271.33,62.34,0.23,2164,30.0,2023-03-09 00:46:45,2023-12-05 08:47:11,0.7185,421.1,1496.2,82,1624.0,16.24,5,100,6799,909.5,True,158.2,-10.76,False,
JANUMOLU-0A203W_janumolu,97,95,228.4,90.05,0.394,3314,30.0,2024-03-19 12:13:20,2024-11-02 21:43:59,0.3611,1380.7,2161.1,218,8591.0,85.91,1,100,6175,576.0,True,385.3,-9.09,False,
JBARRETT-4SA7XV_jbarrett,135,133,518.12,225.28,0.435,7853,30.0,2024-04-03 12:03:15,2025-09-03 14:55:38,0.8212,966.8,5406.7,284,9900.0,99.0,1,100,13980,271.3,True,215.6,-34.0,False,
JBOWEN2-F62KRD0_jbowen2,39,39,124.15,39.73,0.32,1843,30.0,2026-01-14 11:42:48,2026-05-18 15:25:45,0.7108,275.7,953.5,62,2710.0,27.1,4,100,3634,14.2,False,358.5,-11.9,False,
JBRUNDIDGE-EPQ0_jbrundidge,13,12,252.01,99.73,0.396,2986,30.0,2025-09-17 15:14:13,2026-05-27 15:33:22,0.9011,236.8,2393.6,29,654.0,6.54,15,100,7033,5.2,False,43.9,-5.46,False,
JCAMARADOR-4NYS_jcamarador,176,159,958.64,313.28,0.327,14283,30.0,2023-02-03 19:35:50,2025-09-19 10:57:38,0.8871,849.1,7518.7,274,7134.0,71.34,3,100,16396,255.4,True,185.4,-87.66,False,
JCOMBS-PF5BRRYC_jcombs,65,64,406.98,76.5,0.188,2727,30.0,2025-01-23 10:48:47,2026-03-06 10:26:05,0.557,813.3,1835.9,166,5457.0,54.57,2,100,10662,87.4,True,305.6,-9.43,False,
JCOMBS-PF5PEZSE_jcombs,76,74,238.02,70.24,0.295,2346,30.0,2025-09-16 13:01:09,2026-05-12 13:23:24,0.3979,1015.0,1685.7,143,6134.0,61.34,5,100,7118,20.3,False,384.8,-12.66,False,
JCOYNE_jcoyne,14,11,189.91,12.69,0.067,482,30.0,2024-04-18 10:27:33,2024-10-25 08:16:37,0.6662,101.7,304.6,14,425.0,4.25,0,100,4488,584.5,True,316.6,-6.75,False,
JDASILVA-4QWMA3_jdasilva,31,30,111.99,35.21,0.314,1581,30.0,2024-04-15 15:07:09,2024-08-05 14:52:04,0.555,376.1,845.2,80,2193.0,21.93,17,100,3818,665.3,True,311.2,-8.07,False,
JEFFREYX9-14_jeffreyf1,16,15,43.91,20.52,0.467,733,30.0,2025-01-08 12:50:25,2025-02-21 10:36:42,0.6192,187.6,492.5,51,1091.0,10.91,6,100,1665,465.4,True,267.0,-4.09,False,
JEREMYCA-4BWNT1_jeremyca,42,39,547.93,185.42,0.338,6737,30.0,2023-06-05 12:22:24,2024-12-04 10:46:26,0.9269,325.2,4450.1,103,2973.0,29.73,1,100,14325,544.4,True,76.8,-9.27,False,
JEREMY_jeremyca,17,17,109.96,38.79,0.353,1470,30.0,2026-01-22 11:14:26,2026-05-12 10:14:51,0.7282,253.0,931.0,55,1335.0,13.35,10,100,3250,20.4,False,160.1,-3.65,False,
JESSICAWANG2025_wangyun,113,99,287.81,73.32,0.255,2952,30.0,2025-01-02 14:11:02,2025-10-17 09:40:03,0.5046,871.8,1759.7,241,7498.0,74.98,0,100,14945,227.5,True,493.2,-24.02,False,
JESTROFF-4G0AHW_jestroff,89,87,354.04,103.41,0.292,3410,30.0,2023-08-04 13:15:51,2024-07-23 14:08:42,0.5273,1173.1,2481.8,201,6594.0,65.94,5,100,9616,678.3,True,307.3,-21.06,False,
JESTROFF-4SA4E9_jestroff,66,65,385.84,106.42,0.276,3934,30.0,2024-04-03 11:59:32,2025-04-24 08:13:43,0.5474,1156.1,2554.1,186,5053.0,50.53,2,100,10634,403.5,True,223.1,-14.47,False,
JESTROFF-504AKS_jestroff,25,24,118.68,38.25,0.322,1436,30.0,2024-10-10 16:18:13,2025-02-06 08:36:43,0.6658,306.8,917.9,55,1918.0,19.18,3,100,3517,480.5,True,229.2,-4.82,False,
JFASANO-F4RXM66_jfasano,111,109,664.9,342.51,0.515,12862,30.0,2024-01-30 12:11:10,2025-11-25 09:49:32,0.8322,1379.0,8220.4,363,4962.0,49.62,5,100,16471,188.5,True,116.2,-59.38,False,
JFISHEL-F56FAH2_jfishel,26,26,174.78,45.56,0.261,1649,30.0,2024-11-13 15:02:38,2025-05-07 09:47:36,0.7627,259.5,1093.4,80,1596.0,15.96,5,100,4530,390.5,True,208.4,-10.04,False,
JG3-SIT-OS_Maru1tom,9,0,208.78,27.32,0.131,769,30.0,2023-10-18 18:49:18,2024-05-14 13:32:14,0.9627,24.5,655.7,3,32.0,0.32,77,100,13131,748.3,True,0.0,0.32,False,
JGERMANO-5PHRQ0_jgermano,79,77,252.0,85.2,0.338,3354,30.0,2025-09-16 14:12:55,2026-05-26 14:17:26,0.4735,1076.5,2044.8,188,6117.0,61.17,5,100,7405,6.3,False,330.1,-15.83,False,
JINOUE1-F49SYAH_jinoue1,168,168,880.24,250.02,0.284,13995,30.0,2023-07-07 15:58:34,2025-12-03 21:44:08,0.8183,1090.1,6000.5,358,9259.0,92.59,1,100,19948,180.0,True,245.4,-75.41,False,
JJOHNSON16-QW2P_jjohnson16,29,26,322.5,162.1,0.503,7523,30.0,2023-06-27 19:24:07,2024-05-15 07:30:44,0.8746,487.8,3890.4,73,1526.0,15.26,1,100,10454,747.6,True,58.6,-10.74,False,
JJOHNSON18-T4GM_jjohnson18,9,7,21.25,6.64,0.312,221,30.0,2026-05-11 10:00:45,2026-06-01 16:00:03,0.4838,82.3,159.4,16,628.0,6.28,22,100,1763,0.2,False,385.1,-0.72,False,
JKLEISSLER-DNZK_jkleissler,23,22,48.99,17.16,0.35,699,30.0,2025-01-24 10:08:32,2025-03-14 10:00:37,0.5702,177.0,411.8,43,1495.0,14.95,6,100,2335,444.5,True,468.3,-7.05,False,
JL18156-F3Z1LJN_JL18156,299,257,984.3,437.15,0.444,16866,30.0,2023-02-05 10:46:49,2025-10-16 18:03:00,0.8955,1096.0,10491.7,152,6152.0,61.52,1,100,27760,228.1,True,214.7,-195.48,False,
JL24078-F3YZT26_jl24078,80,73,457.16,113.41,0.248,5089,30.0,2023-02-08 10:48:23,2024-05-10 14:37:16,0.6943,832.0,2721.8,210,3842.0,38.42,2,97,15636,752.3,True,235.1,-34.58,False,
JLEWIS9-W0A2BP7_jlewis9,19,16,119.02,31.12,0.261,9056,0.1,2024-03-21 10:40:50,2024-07-18 11:07:04,0.7775,166.2,746.9,36,1156.0,11.56,6,100,3540,683.4,True,187.8,-4.44,False,
JMANCHESTER-LQ5_jmanchester,8,5,29.19,8.73,0.299,451,30.0,2026-04-22 11:20:25,2026-05-21 15:55:42,0.6597,71.3,209.6,31,350.0,3.5,21,100,1860,11.2,False,209.2,-1.5,False,
JMATTHEWS2-YXHQ_jmatthews2,92,91,420.94,351.96,0.836,16554,30.0,2023-08-09 12:36:03,2024-10-03 11:10:42,0.9414,494.6,8446.9,149,7697.0,76.97,4,100,11631,606.4,True,94.4,-14.03,False,
JMAYERSALMA-252_jmayersalman,11,11,22.04,9.64,0.437,395,30.0,2026-04-29 11:33:44,2026-05-21 12:29:07,0.4789,120.6,231.3,29,884.0,8.84,0,100,1348,11.4,False,416.8,-2.16,False,
JMAYERSALMA-HDJ_jmayersalman,47,46,104.48,36.19,0.346,1390,30.0,2025-05-13 14:50:23,2025-08-26 02:14:28,0.4445,482.5,868.5,115,3593.0,35.93,2,100,3027,279.8,True,464.3,-10.07,False,
JMAYERSALMA-TNQ_jmayersalman,102,102,165.96,59.55,0.359,2225,30.0,2025-08-21 13:11:21,2026-02-03 12:12:07,0.5058,706.4,1429.2,206,7575.0,75.75,0,100,6048,118.4,True,625.6,-26.25,False,
JMESTLER-5FS8KD_jmestler,24,22,375.89,174.74,0.465,6739,30.0,2025-05-12 15:11:39,2026-05-23 12:29:42,0.9528,197.8,4193.8,62,1045.0,10.45,39,100,9831,9.4,False,46.0,-11.55,False,
JNICHOL-F5MCDZS_jnichol,12,10,27.35,16.97,0.621,781,30.0,2025-09-11 08:02:07,2025-10-08 16:22:52,0.8191,73.7,407.3,27,842.0,8.42,5,100,1475,236.2,True,215.2,-1.58,False,
JNUNEZ5-3000012_jnunez5,22,20,71.02,22.69,0.319,819,30.0,2026-03-03 14:22:09,2026-05-13 14:49:51,0.6149,209.6,544.5,42,1299.0,12.99,2,100,2312,19.3,False,321.9,-7.01,False,
JNUNEZ5-F4KXMXN_jnunez5,36,34,551.44,91.35,0.166,4024,30.0,2023-09-19 08:43:39,2025-03-23 19:22:12,0.6962,665.9,2192.4,91,2508.0,25.08,2,100,11984,435.1,True,135.9,-8.92,False,
JNUNEZ5-F4ML5N5_jnunez5,29,27,94.23,28.49,0.302,1235,30.0,2023-12-05 07:44:37,2024-03-08 13:19:55,0.4212,395.8,683.8,67,2047.0,20.47,1,100,2592,815.3,True,346.1,-6.53,False,
JNUNEZ5-F4RX1S4_jnunez5,27,21,473.21,48.41,0.102,1838,30.0,2024-03-14 08:52:05,2025-06-30 13:58:26,0.8021,229.9,1161.8,49,1539.0,15.39,0,100,11674,336.3,True,158.4,-5.61,False,
JNUNEZ5-F57YZZH_jnunez5,6,5,15.8,4.73,0.3,281,7.8,2024-10-08 15:26:02,2024-10-24 10:40:35,0.5074,56.0,113.6,11,283.0,2.83,6,100,753,585.4,True,386.1,-2.17,False,
JNUNEZ5-F5801NF_jnunez5,16,9,58.05,11.93,0.205,441,30.0,2024-11-19 13:08:30,2025-01-16 14:15:00,0.4882,146.5,286.2,23,699.0,6.99,0,100,2411,501.3,True,275.5,-2.01,False,
JNUNEZ5-F588R5E_jnunez5,41,39,173.02,30.47,0.176,1248,30.0,2025-03-18 14:22:32,2025-09-07 14:50:14,0.3396,483.0,731.3,56,3306.0,33.06,0,100,3048,267.3,True,467.5,-5.94,False,
JNUNEZ5-F5HP4BE_jnunez5,13,8,166.72,45.56,0.273,1668,30.0,2025-11-06 16:30:03,2026-04-22 09:46:41,0.9443,60.9,1093.3,11,394.0,3.94,16,100,5229,40.5,False,64.1,-4.06,False,
JNUNEZ5-F5L9LW0_jnunez5,3,0,42.17,11.85,0.281,306,33.4,2025-06-16 11:40:29,2025-07-28 15:39:48,0.9874,3.6,284.3,0,0.0,0.0,95,100,1846,308.2,True,0.0,0.0,True,LOGGING_STOPPED
JNUNEZ5-F626M4T_jnunez5,11,10,66.0,8.48,0.128,294,30.0,2026-01-06 16:06:18,2026-03-13 16:07:42,0.3787,126.4,203.5,19,644.0,6.44,14,100,2372,80.2,True,430.7,-3.56,False,
JNUNEZ5-W05SG98_jnunez5,40,33,345.59,169.17,0.49,6656,30.0,2023-08-07 10:17:24,2024-07-18 00:25:46,0.944,227.5,4060.2,75,2024.0,20.24,1,100,10754,683.9,True,71.2,-12.76,False,
JNUNEZ5-W0KPY33_T1g,12,10,188.22,32.9,0.175,1220,30.0,2025-08-27 11:46:31,2026-03-03 17:01:44,0.8626,108.5,789.5,23,529.0,5.29,0,100,4809,90.2,True,111.0,-4.71,False,
JNUNEZ5-W0KPY33_jnunez5,10,8,182.0,30.58,0.168,1100,30.0,2025-08-27 11:46:31,2026-02-25 11:40:47,0.8731,93.1,733.9,20,426.0,4.26,1,100,4661,96.4,True,95.6,-3.74,False,
JN_jnunez5,6,4,28.05,9.73,0.347,416,30.0,2024-07-12 12:53:14,2024-08-09 14:04:28,0.6944,71.3,233.4,15,140.0,1.4,54,100,0,661.3,True,150.2,-2.6,False,
JOSEPH_jmayersalman,61,60,92.92,40.99,0.441,1553,30.0,2026-01-14 14:45:18,2026-04-17 12:56:43,0.411,579.5,983.8,126,4740.0,47.4,5,100,2900,45.3,False,534.6,-12.6,False,
JOSHUA_jbowen2,63,61,197.86,58.65,0.296,2840,30.0,2025-06-24 14:10:02,2026-01-08 10:49:12,0.786,301.3,1407.7,89,4766.0,47.66,2,100,6541,144.4,True,379.9,-13.34,False,
JP2-E3-05_e3,24,13,708.8,22.01,0.031,998,30.0,2023-03-15 18:48:39,2025-02-21 13:55:08,0.6068,207.7,528.3,38,789.0,7.89,5,100,27319,465.3,True,215.7,-5.11,False,
JPIPER-PF689FNM_jpiper,13,9,36.12,9.65,0.267,377,30.0,2026-04-22 11:17:35,2026-05-28 14:06:46,0.6013,92.3,231.5,28,604.0,6.04,29,100,2392,4.3,False,340.6,-2.96,False,
JPROULX-F5GQ0BB_jproulx,115,113,378.7,156.98,0.415,5959,30.0,2025-05-13 14:50:25,2026-05-27 07:41:49,0.4708,1993.7,3767.5,212,7076.0,70.76,4,100,9740,5.6,False,262.9,-42.24,False,
JQUINTERO-A2BYW_jquintero,102,100,567.14,230.85,0.407,8555,30.0,2024-03-20 08:11:18,2025-10-08 11:27:10,0.8203,995.8,5540.4,240,8560.0,85.6,1,100,14296,236.4,True,158.2,-14.4,False,
JUAN_jnunez5,41,40,236.9,38.17,0.161,1225,30.0,2025-05-13 12:46:49,2026-01-05 10:19:23,0.3983,551.3,916.2,78,3167.0,31.67,0,100,6223,147.4,True,382.8,-8.33,False,
JURAKAWA-3319AM_jurakawa,215,166,1127.19,208.8,0.185,8473,30.0,2023-02-16 14:50:55,2026-03-19 19:23:28,0.5913,2048.3,5011.3,357,8143.0,81.43,0,100,33229,74.1,True,290.4,-84.57,False,
JXU9-PF3SLCZ3_jxu9,37,36,952.12,104.73,0.11,4481,30.0,2023-09-07 10:09:40,2026-04-16 13:02:12,0.7679,583.3,2513.5,76,2428.0,24.28,5,100,19218,46.3,False,125.6,-11.72,False,
JYANGO-PF462GGQ_jyango,131,94,259.1,91.94,0.355,3998,30.0,2023-02-07 13:40:27,2023-10-24 16:00:55,0.784,476.7,2206.7,184,5737.0,57.37,2,100,9113,951.2,True,373.4,-36.63,False,
KANGYINGB-LFXB1_kangyingb,77,77,154.15,53.12,0.345,1930,30.0,2025-05-08 10:15:18,2025-10-09 13:49:38,0.351,827.5,1275.0,154,5923.0,59.23,0,100,3741,235.3,True,529.4,-17.77,False,
KARAI6-PF4PTTHT_karai6,59,56,234.52,75.4,0.322,3105,30.0,2024-01-15 23:04:07,2024-09-06 11:33:54,0.5584,799.2,1809.6,202,3408.0,34.08,2,100,7330,633.4,True,271.3,-21.92,False,
KATIE_kjackson,9,8,119.14,46.86,0.393,1851,30.0,2025-03-20 11:37:35,2025-07-17 14:55:37,0.9111,100.0,1124.6,29,670.0,6.7,26,100,3169,319.3,True,62.4,-1.3,False,
KAYLEY_Kayle,17,16,424.38,90.91,0.214,2229,30.0,2025-03-28 11:48:20,2026-05-26 20:52:00,0.9134,189.0,2181.7,39,819.0,8.19,1,100,10830,6.0,False,64.3,-7.81,False,
KAZUK_PR2,115,113,840.28,165.61,0.197,7491,30.0,2023-02-17 04:28:14,2025-06-06 11:17:45,0.7435,1019.5,3974.8,225,8246.0,82.46,0,100,21820,360.4,True,249.2,-30.54,False,
KCHAUHAN1-Y538L_kchauhan1,32,29,65.99,19.9,0.302,638,30.0,2024-06-17 11:41:42,2024-08-22 11:34:23,0.3626,304.4,477.6,43,2778.0,27.78,1,100,2930,648.4,True,532.3,-1.22,False,
KCHEON-PF5A9YHM_kcheon,99,98,454.21,137.63,0.303,5715,30.0,2025-02-25 10:48:40,2026-05-25 15:49:45,0.7582,798.7,3303.2,264,6953.0,69.53,6,100,11967,7.2,False,260.1,-28.47,False,
KDARDEN-F4CFJD9_kdarden,302,297,421.79,194.18,0.46,8242,30.0,2023-06-06 15:44:35,2024-08-01 10:35:57,0.6413,1671.7,4660.3,495,16697.0,166.97,1,100,11687,669.4,True,558.7,-130.03,False,
KGU-PF5DEB5C_kgu,26,26,95.94,40.88,0.426,1619,30.0,2025-10-26 13:20:38,2026-01-30 11:52:24,0.7567,238.7,981.1,52,1354.0,13.54,19,100,3658,122.4,True,232.3,-12.46,False,
KGUO1-PF4R03CL_kguo1,6,4,44.83,8.94,0.199,682,8.6,2024-04-09 14:33:15,2024-05-24 10:25:04,0.7794,47.3,214.5,11,280.0,2.8,25,100,2087,738.4,True,163.4,-1.2,False,
KGUO1-PF4Z3832_kguo1,4,3,21.03,5.02,0.239,297,25.3,2024-05-08 13:44:11,2024-05-29 14:31:29,0.841,19.1,120.4,9,215.0,2.15,12,100,1191,733.3,True,218.3,-0.85,True,LOGGING_STOPPED
KGUO1-PF55Q5S3_kguo1,2,1,49.0,27.63,0.564,1314,30.0,2025-04-21 10:37:55,2025-06-09 10:31:06,0.9969,2.0,663.2,2,13.0,0.13,79,100,1897,357.4,True,13.2,-0.87,True,LOGGING_STOPPED
KGUO1-PF5GR16K_kguo1,18,17,216.98,61.06,0.281,2380,30.0,2025-06-10 12:48:45,2026-01-13 12:23:24,0.9783,31.8,1465.3,17,262.0,2.62,25,100,6451,139.4,True,101.7,-14.38,False,
KGUO1-PF62LBME_kguo1,7,7,124.08,67.84,0.547,3242,30.0,2026-01-14 13:13:27,2026-05-18 15:02:52,0.9883,19.1,1628.2,11,140.0,1.4,28,81,3614,14.2,False,37.7,-5.6,False,
KGUO1-PW09S0X5_kguo1,10,9,49.31,11.77,0.239,639,28.5,2024-02-14 10:09:17,2024-04-03 17:34:29,0.7725,64.3,282.6,23,599.0,5.99,15,100,1587,789.1,True,279.3,-3.01,False,
KHORINOUCHI-42K_khorinouchi,448,10,195.91,5.95,0.03,232,30.0,2023-10-12 17:25:07,2024-04-25 15:11:07,0.4415,79.7,142.8,16,724.0,7.24,1,100,25535,767.2,True,613.9,-2.76,False,
KILLEBREW,241,240,1091.04,428.66,0.393,14881,30.0,2023-05-02 14:12:48,2026-04-27 15:03:27,0.7556,2514.2,10287.8,678,16621.0,166.21,1,100,26250,35.2,False,204.5,-73.79,False,
KINOUE4XF49VR0W_kinoue4,353,353,725.88,222.42,0.306,11138,30.0,2023-04-14 16:40:20,2025-04-09 13:40:28,0.5939,2167.8,5338.1,779,22745.0,227.45,1,100,16941,418.3,True,579.7,-125.55,False,
KIRRO-ALLOYSIT7_Kirro,305,284,532.7,214.05,0.402,8663,30.0,2024-12-11 21:10:39,2026-05-28 13:58:09,0.5299,2415.1,5137.1,573,19005.0,190.05,0,100,14687,4.3,False,484.6,-93.95,False,
KIWAO-PF4KXHHL_kiwao,10,8,140.12,56.32,0.402,2177,30.0,2023-09-14 16:12:50,2024-02-01 19:07:33,0.8423,213.2,1351.6,47,474.0,4.74,32,100,4078,851.1,True,51.9,-3.26,False,
KIWAO_kiwao,11,7,76.03,8.06,0.106,313,30.0,2026-01-06 09:46:39,2026-03-23 10:30:48,0.6184,73.8,193.5,21,343.0,3.43,52,100,2658,70.4,True,317.2,-3.57,False,
KKITTS-PF58LF52_kkitts,47,46,399.99,47.96,0.12,2194,30.0,2025-04-22 10:04:58,2026-05-27 09:52:09,0.492,584.7,1151.0,86,2864.0,28.64,0,100,10947,5.5,False,350.3,-17.36,False,
KMAKI-PF45ET63_kmaki,89,86,132.21,69.29,0.524,4334,17.4,2024-04-04 18:48:20,2024-08-14 23:50:27,0.5668,720.4,1662.9,225,5639.0,56.39,2,100,9665,655.9,True,453.3,-29.61,False,
KMAKI-PF4WSHXN_kmaki,192,161,355.19,189.02,0.532,7886,30.0,2024-10-18 16:16:38,2025-10-08 20:48:35,0.5181,2186.0,4536.5,568,10216.0,102.16,1,100,11957,236.0,True,311.1,-58.84,False,
KMORIGUCHI-SY92_kmoriguchi,107,106,1133.08,179.86,0.159,8454,30.0,2023-04-20 12:02:06,2026-05-27 13:52:29,0.8419,682.6,4316.6,382,5640.0,56.4,37,100,26767,5.3,False,215.3,-49.6,False,
KSAMBDMA-62KJHP_ksambdma,10,10,133.1,40.94,0.308,1422,30.0,2026-01-15 11:06:01,2026-05-28 13:36:27,0.8223,174.6,982.6,36,759.0,7.59,41,100,4103,4.3,False,89.2,-2.41,False,
KSERDAR-W0A2BP3_kserdar,216,213,798.01,286.6,0.359,12638,30.0,2024-03-21 10:42:46,2026-05-28 11:02:36,0.6744,2239.9,6878.4,589,18231.0,182.31,1,100,19659,4.4,False,271.5,-30.69,False,
KSHIBATAX3Y83N9_KSHIBATA,266,250,970.92,501.74,0.517,22648,30.0,2023-02-03 18:14:24,2025-10-01 16:24:11,0.848,1830.1,12041.7,374,8588.0,85.88,2,100,27752,243.2,True,182.0,-164.12,False,
KSHIBAYAMA-TB38_kshibayama,96,95,245.69,116.19,0.473,5142,30.0,2023-12-19 16:33:39,2024-08-21 09:01:34,0.579,1174.0,2788.4,310,7389.0,73.89,2,100,6809,649.5,True,298.6,-21.11,False,
KTAKEDA5-3ZPVTQ_ktakeda5,45,32,410.55,175.16,0.427,7430,30.0,2023-02-09 01:22:17,2024-03-25 14:39:45,0.9111,373.7,4203.9,85,2146.0,21.46,2,100,13677,798.3,True,66.7,-10.54,False,
KTATE2-PW0A2BTJ_ktate2,105,103,406.0,142.67,0.351,5677,30.0,2024-03-26 16:12:55,2025-05-06 16:15:01,0.6865,1073.6,3424.1,248,8242.0,82.42,0,100,10562,391.2,True,263.7,-20.58,False,
KURADA-32000014_kurada,2,0,14.8,5.13,0.347,269,30.0,2025-06-24 13:53:37,2025-07-09 09:03:57,0.979,2.6,123.2,0,0.0,0.0,84,100,1174,327.5,True,0.0,0.0,True,LOGGING_STOPPED
KURADA-3_kurada,7,3,50.42,18.99,0.377,946,30.0,2024-01-18 09:15:18,2024-03-08 19:14:05,0.9486,23.4,455.6,5,94.0,0.94,22,100,2032,815.1,True,57.7,-2.06,False,
KURADA-4_kurada,29,28,464.94,63.69,0.137,2896,30.0,2024-03-15 10:10:06,2025-06-23 08:36:41,0.9501,76.2,1528.6,18,300.0,3.0,20,100,11314,343.5,True,160.6,-25.0,False,
KWATAMURA-BLXLJ_kwatamura,702,305,612.06,166.26,0.272,8477,29.9,2023-02-06 12:33:21,2024-10-10 13:53:51,0.4567,2167.9,3990.3,574,21227.0,212.27,1,100,41694,599.3,True,670.0,-92.73,False,
L13G4-A-CGBETA_cgridley,35,30,503.44,54.44,0.108,1857,30.0,2023-03-17 00:43:19,2024-08-01 11:19:13,0.6213,494.7,1306.5,93,2196.0,21.96,0,100,10612,669.4,True,201.3,-8.04,False,
L13_jboxer,59,52,802.78,51.37,0.064,1602,30.0,2023-04-28 15:12:43,2025-07-09 09:57:18,0.4449,684.3,1232.8,122,4100.0,41.0,0,100,13726,327.5,True,369.7,-11.0,False,
L14G5I_Richard,23,21,100.93,23.8,0.236,1107,30.0,2024-03-18 14:12:26,2024-06-27 12:35:35,0.6699,188.6,571.3,54,1757.0,17.57,20,100,3046,704.3,True,322.3,-3.43,False,
LALLURI-F5FS8HX_lalluri,43,41,112.74,30.19,0.268,1077,30.0,2025-05-12 15:20:26,2025-09-02 09:08:32,0.3866,444.5,724.7,87,3313.0,33.13,1,100,3604,272.5,True,496.0,-7.87,False,
LAPTOP-080TD3DG_HWPA,6,5,172.81,5.13,0.03,326,16.2,2024-01-12 18:17:31,2024-07-03 13:51:00,0.3684,77.8,123.2,11,311.0,3.11,3,100,7689,698.3,True,356.0,-1.89,False,
LAPTOP-0JJ03K9D_rgibson,13,11,273.0,98.7,0.362,3556,30.0,2023-05-15 14:13:48,2024-02-12 14:20:57,0.9594,96.1,2368.7,30,659.0,6.59,5,100,7027,840.3,True,40.7,-4.41,False,
LAPTOP-0NPD7G3O_Tsutomu_Chonan,6,5,87.94,6.58,0.075,321,30.0,2024-08-29 11:04:48,2024-11-25 09:36:25,0.6876,49.3,157.9,17,273.0,2.73,30,100,3442,553.5,True,277.5,-2.27,False,
LAPTOP-0P70H8T7_Naito,49,7,57.84,7.55,0.131,230,30.0,2024-07-22 15:25:29,2024-09-18 11:37:44,0.2388,137.9,181.2,19,636.0,6.36,3,100,7446,621.4,True,338.6,-0.64,False,
LAPTOP-0S7K8PQH_Stan,84,7,259.39,186.1,0.717,8575,30.0,2023-02-09 08:48:38,2023-10-26 18:12:55,0.9981,8.3,4466.4,9,245.0,2.45,15,100,41602,949.1,True,13.7,-4.55,False,
LAPTOP-11P5VLEF_tianx,18,11,58.61,10.47,0.179,344,30.0,2025-03-21 18:10:08,2025-05-19 08:55:15,0.2652,184.7,251.4,23,1011.0,10.11,1,100,2881,378.5,True,383.7,-0.89,False,
LAPTOP-11RRGHRF_2ndH28,7,6,23.6,7.17,0.304,382,14.6,2023-12-18 00:38:22,2024-01-10 15:09:15,0.3457,112.6,172.1,16,484.0,4.84,34,100,1579,873.2,True,305.6,-1.16,False,
LAPTOP-146432PF_PQM,95,92,226.51,63.91,0.282,2776,30.0,2024-01-08 21:13:56,2024-08-22 09:32:50,0.4733,807.8,1533.9,205,8282.0,82.82,1,100,7022,648.5,True,525.8,-9.18,False,
LAPTOP-19J6LO6A_ytakeda,7,2,38.92,10.4,0.267,552,29.6,2023-09-15 15:02:33,2023-10-24 13:01:36,0.6312,92.0,249.5,22,154.0,1.54,63,100,5654,951.3,True,70.2,-0.46,False,
LAPTOP-1KS1Q32S_T14s,244,242,569.8,262.05,0.46,11802,30.0,2023-02-12 20:22:31,2024-09-04 15:35:00,0.5072,3099.4,6289.2,815,18497.0,184.97,0,100,17316,635.2,True,337.3,-57.03,False,
LAPTOP-1M50QFPI_GM,14,4,92.59,9.43,0.102,551,5.0,2024-02-05 21:09:32,2024-05-08 11:18:44,0.6841,71.5,226.2,9,119.0,1.19,5,100,4455,754.4,True,154.9,-2.81,False,
LAPTOP-1MK05N4P_hwpa,5,2,26.87,7.41,0.276,413,30.0,2023-10-06 18:32:40,2023-11-02 15:20:01,0.8505,26.6,177.8,9,81.0,0.81,56,100,1842,942.2,True,98.6,-1.19,True,LOGGING_STOPPED
LAPTOP-1QC1JCNE_CPC-Tester12,15,15,83.41,26.41,0.317,1165,30.0,2023-12-04 10:53:33,2024-02-25 20:47:30,0.7882,134.2,633.9,40,1144.0,11.44,0,100,2770,827.0,True,207.4,-3.56,False,
LAPTOP-25UDU5UN_jestroff,68,42,198.96,66.94,0.336,2282,30.0,2025-04-29 10:51:51,2025-11-14 10:00:13,0.6509,561.0,1606.7,100,2995.0,29.95,5,100,10268,199.5,True,229.2,-12.05,False,
LAPTOP-2D6R853Q_jnunez5,6,5,28.1,9.32,0.332,343,30.0,2026-04-28 10:56:26,2026-05-26 13:20:47,0.6162,85.8,223.6,15,407.0,4.07,2,100,1468,6.3,False,195.9,-0.93,False,
LAPTOP-2OC97423_Administrator,13,0,5.18,5.18,1.0,929,2.8,2025-02-06 18:28:57,2025-02-11 22:45:11,0.9808,2.4,124.3,2,14.0,0.14,63,100,1583,474.9,True,0.0,0.14,False,
LAPTOP-2RQJAUEN_nyama,7,6,128.04,31.22,0.244,728,50.0,2025-03-25 09:00:58,2025-07-31 09:52:50,0.8574,106.9,749.4,5,61.0,0.61,78,100,5424,305.5,True,70.2,-5.39,False,
LAPTOP-38PBJKV3_Dan,118,116,1107.04,333.54,0.301,14526,30.0,2023-05-17 09:40:30,2026-05-28 10:35:08,0.9174,661.3,8005.0,226,8153.0,81.53,0,100,26743,4.4,False,127.0,-34.47,False,
LAPTOP-3GSNHJDB_GM3,15,5,123.41,17.21,0.139,5162,1.5,2024-04-21 23:47:20,2024-08-23 09:31:35,0.7195,115.8,412.9,14,444.0,4.44,10,100,5902,647.5,True,106.1,-0.56,False,
LAPTOP-49PO0SU0_ssugimoto2,16,13,207.97,23.72,0.114,1828,5.6,2025-07-16 11:04:41,2026-02-09 10:27:11,0.6706,187.6,569.4,43,496.0,4.96,7,100,6274,112.4,True,200.2,-8.04,False,
LAPTOP-4K9G9BRE_TM1,26,9,72.17,23.47,0.325,20715,1.0,2025-06-22 18:15:50,2025-09-02 22:19:51,0.8562,81.0,563.3,9,399.0,3.99,0,100,12754,271.9,True,140.1,-5.01,False,
LAPTOP-5U1GRQST_AN1484GM11,6,4,118.89,32.99,0.277,1607,30.0,2026-02-02 11:45:34,2026-06-01 09:03:44,0.9216,62.0,791.6,12,310.0,3.1,2,100,4283,0.5,False,44.3,-0.9,False,
LAPTOP-6HHN380C_QuFei_Ou,69,17,27.86,13.57,0.487,551,30.0,2025-06-04 16:57:17,2025-07-02 13:39:20,0.3875,199.6,325.8,48,1361.0,13.61,1,100,5210,334.3,True,457.6,-3.39,False,
LAPTOP-72AKT2DB_1,31,31,70.58,21.74,0.308,888,30.0,2026-03-10 00:02:48,2026-05-19 13:51:11,0.8587,73.7,521.8,26,707.0,7.07,0,100,2395,13.3,False,520.8,-23.93,False,
LAPTOP-77S3EOA5_Mao_Nakabauashi,32,31,154.2,46.38,0.301,2276,30.0,2025-12-24 11:57:48,2026-05-27 16:46:27,0.8543,162.2,1113.1,100,2612.0,26.12,16,100,4257,5.2,False,244.1,-4.88,False,
LAPTOP-7CFQ50BM_Carl,182,175,430.12,94.01,0.219,4308,30.0,2024-01-09 17:21:44,2025-03-14 20:10:38,0.3474,1472.5,2256.3,346,14458.0,144.58,0,100,11513,444.0,True,679.9,-30.42,False,
LAPTOP-7HDJI946_MobilePE,24,15,5.7,5.11,0.898,372,29.6,2024-10-04 02:50:06,2024-10-09 19:36:21,0.9975,0.3,122.8,0,0.0,0.0,2,100,5165,600.1,True,1072.2,-15.0,False,
LAPTOP-869LCUOI_panjun1,22,19,50.84,10.63,0.209,432,24.3,2023-03-22 10:44:30,2023-05-12 07:00:22,0.2036,203.2,255.1,47,1493.0,14.93,0,100,2324,1116.6,True,652.8,-4.07,False,
LAPTOP-88BMF4J6_Mersey,29,26,183.05,38.79,0.212,2153,18.6,2023-12-11 16:15:39,2024-06-11 17:30:04,0.4907,474.2,931.1,79,1932.0,19.32,0,100,5277,720.1,True,244.8,-6.68,False,
LAPTOP-891HSHPM_p14s,1,0,49.13,10.85,0.221,526,30.0,2026-01-09 10:13:28,2026-02-27 13:17:54,0.915,22.1,260.5,3,70.0,0.7,64,100,1718,94.3,True,0.0,0.7,True,LOGGING_STOPPED
LAPTOP-8HCCR0QE_PE,35,34,165.17,42.85,0.259,44009,1.0,2024-05-17 14:13:10,2024-10-29 18:17:50,0.5336,479.6,1028.3,17,400.0,4.0,0,100,6408,580.1,True,289.8,-30.0,False,
LAPTOP-8KIMRE5B_cturner,49,17,75.85,22.67,0.299,780,30.0,2024-04-11 14:48:53,2024-06-26 11:13:50,0.5936,221.1,544.1,50,1058.0,10.58,5,100,4532,705.4,True,273.9,-6.42,False,
LAPTOP-93KHSN6N_hsouma,6,3,48.96,8.97,0.183,1078,1.5,2025-07-14 10:00:29,2025-09-01 08:56:33,0.8298,36.6,215.3,10,89.0,0.89,77,100,2326,273.5,True,122.2,-2.11,False,
LAPTOP-97DA2E9K_johnny,193,78,272.48,69.19,0.254,3958,30.0,2023-02-10 02:21:33,2023-11-09 13:57:58,0.686,521.5,1660.6,146,5586.0,55.86,1,100,14990,935.3,True,411.8,-22.14,False,
LAPTOP-9D1AU1OG_Mersey,38,7,377.29,7.84,0.021,361,30.0,2023-01-18 10:52:32,2024-01-30 17:51:22,0.4442,104.6,188.2,23,581.0,5.81,30,100,2076,853.1,True,326.1,-1.19,False,
LAPTOP-9PGJOH9P_tianx,10,8,16.15,6.77,0.419,285,30.0,2024-11-26 13:47:28,2024-12-12 17:20:24,0.4415,90.7,162.5,19,737.0,7.37,6,100,872,536.1,True,431.6,-0.63,False,
LAPTOP-A5C39DUF_ssugimoto2,5,2,41.89,5.12,0.122,249,30.0,2026-03-31 11:24:02,2026-05-12 08:39:30,0.844,19.2,122.9,10,110.0,1.1,17,100,2447,20.5,False,142.7,-0.9,True,RECENTLY_STARTED
LAPTOP-A68FDH6Q_amcclarnon,17,11,195.82,84.45,0.431,3882,30.0,2024-11-13 16:45:55,2025-05-28 12:30:38,0.9665,67.9,2026.7,26,583.0,5.83,29,100,6078,369.4,True,47.6,-5.17,False,
LAPTOP-A86VO230_PQM,19,18,62.78,16.17,0.258,649,30.0,2023-11-21 21:02:39,2024-01-23 15:52:06,0.3824,239.7,388.1,41,1628.0,16.28,2,100,1913,860.2,True,406.6,-1.72,False,
LAPTOP-A9PSKJU9_panjun1,119,115,161.24,56.7,0.352,4079,8.4,2025-12-10 08:48:23,2026-05-20 14:35:17,0.4409,760.8,1360.8,216,9053.0,90.53,1,100,4460,12.3,False,740.8,-24.47,False,
LAPTOP-A9RJIBMS_kurada,4,1,43.0,10.37,0.241,554,30.0,2025-07-16 11:27:07,2025-08-28 11:22:46,0.9886,2.8,249.0,0,0.0,0.0,88,100,2378,277.4,True,35.2,-1.0,True,LOGGING_STOPPED
LAPTOP-ADS95E8B_TM2,6,5,2306.45,14.22,0.006,664,30.0,2019-05-06 01:31:37,2025-08-28 12:17:55,0.7018,101.7,341.2,13,304.0,3.04,0,100,7535,277.4,True,128.4,-1.96,False,
LAPTOP-APU7HF6F_Administrator,149,3,117.88,4.33,0.037,196,30.0,2024-11-20 12:50:00,2025-03-18 10:01:25,0.8585,14.7,103.9,1,34.0,0.34,1,100,11986,440.5,True,253.1,-2.66,False,
LAPTOP-APU7HF6F_Carl_Pan,146,126,367.03,66.61,0.181,3194,30.0,2023-10-16 09:33:21,2024-10-17 10:20:43,0.3742,1000.5,1598.7,249,10593.0,105.93,0,100,9805,592.4,True,690.9,-20.07,False,
LAPTOP-ARLD326G_X1CG14,5,3,72.73,24.88,0.342,1075,30.0,2026-03-10 02:40:13,2026-05-21 20:05:52,0.929,42.4,597.2,17,236.0,2.36,68,100,4064,11.0,False,44.0,-0.64,True,RECENTLY_STARTED
LAPTOP-B21SDAHL_Nile,25,18,29.09,9.14,0.314,399,30.0,2025-12-16 10:39:56,2026-01-14 12:53:30,0.456,119.4,219.4,32,1390.0,13.9,1,100,1384,138.3,True,719.3,-4.1,False,
LAPTOP-BD8L6116_Think,29,16,49.72,9.66,0.194,469,30.0,2025-05-21 16:56:12,2025-07-10 10:09:44,0.7007,69.4,231.9,23,1315.0,13.15,0,100,9248,326.4,True,605.0,-2.85,False,
LAPTOP-C1EEVLRC_86138,50,28,57.12,16.75,0.293,718,30.0,2024-03-26 10:39:57,2024-05-22 13:30:48,0.3779,250.1,402.1,57,2470.0,24.7,1,100,4385,740.3,True,610.6,-3.3,False,
LAPTOP-C2TA9AP9_Thames-2_LNL_BE_SIT,8,7,148.14,8.56,0.058,279,19.1,2024-11-27 12:31:28,2025-04-24 15:46:16,0.3131,141.1,205.5,21,499.0,4.99,16,100,4629,403.2,True,298.7,-2.01,False,
LAPTOP-CIKD46CF_Zeus2,24,8,274.22,8.98,0.033,403,30.0,2023-09-11 11:51:57,2024-06-11 17:02:21,0.4971,108.3,215.4,18,626.0,6.26,2,100,19584,720.2,True,325.4,-1.74,False,
LAPTOP-CJP1C30S_TM2,10,3,90.9,8.15,0.09,1725,1.0,2025-06-06 04:36:31,2025-09-05 02:05:22,0.676,63.4,195.7,6,240.0,2.4,2,100,5573,269.8,True,134.4,-0.6,False,
LAPTOP-CPPVM862_LL,140,73,589.94,92.06,0.156,3698,30.0,2023-02-06 10:52:10,2024-09-18 09:20:24,0.836,362.3,2209.4,98,1941.0,19.41,5,100,21316,621.5,True,289.6,-53.59,False,
LAPTOP-CU8DTV76_CamTest,12,4,14.08,6.83,0.485,396,30.0,2024-11-06 15:38:45,2024-11-20 17:37:50,0.6504,57.3,163.9,13,423.0,4.23,0,100,2809,558.1,True,213.9,0.23,False,
LAPTOP-D986V7T9_EAASIT1.12,18,4,182.7,10.55,0.058,478,30.0,2025-03-03 20:08:10,2025-09-02 13:01:25,0.8381,41.0,253.1,8,256.0,2.56,6,100,14961,272.3,True,138.5,-1.44,False,
LAPTOP-DCOJFCQ0_TM_X1_MTL,103,101,353.99,171.79,0.485,5968,30.0,2024-03-26 16:02:24,2025-03-15 15:49:44,0.7182,1161.8,4123.0,255,7939.0,79.39,1,100,9686,443.2,True,214.7,-21.61,False,
LAPTOP-DDJ0EVTT_T14s2in1,30,30,119.08,42.13,0.354,1497,30.0,2026-01-28 12:13:32,2026-05-27 14:03:48,0.6499,354.0,1011.2,102,2249.0,22.49,2,100,3679,5.3,False,260.1,-7.51,False,
LAPTOP-E1AAB86F_X1_2-1,229,228,395.89,178.46,0.451,6371,30.0,2024-02-01 13:11:56,2025-03-03 10:27:18,0.3828,2643.3,4282.9,555,18210.0,182.1,1,100,9948,455.4,True,466.6,-45.9,False,
LAPTOP-E1N6C0NF_Nile,7,6,90.13,13.46,0.149,1395,0.1,2025-12-11 05:58:43,2026-03-11 09:12:53,0.8153,59.7,323.1,14,212.0,2.12,4,100,2503,82.5,True,162.8,-3.88,False,
LAPTOP-ENFNG5MU_1,20,17,95.83,32.49,0.339,16329,0.1,2025-12-03 13:31:27,2026-03-09 09:24:24,0.8944,82.4,779.7,17,549.0,5.49,19,100,2901,84.5,True,191.1,-11.51,False,
LAPTOP-EVNV9CFQ_Monica,15,14,132.19,32.47,0.246,1201,30.0,2024-11-15 10:12:54,2025-03-27 14:53:07,0.8278,134.2,779.4,27,765.0,7.65,7,100,4636,431.3,True,157.5,-6.35,False,
LAPTOP-FEFDP1D9_test,46,44,146.33,38.48,0.263,1988,29.6,2026-01-06 00:36:21,2026-06-01 08:32:36,0.6067,363.2,923.6,150,2915.0,29.15,6,100,4191,0.5,False,417.6,-14.85,False,
LAPTOP-FG0TTKQT_amurugan1,35,34,97.83,54.53,0.557,2103,30.0,2025-03-20 19:56:45,2025-06-26 15:51:49,0.555,582.4,1308.6,95,2886.0,28.86,15,100,2834,340.2,True,227.7,-5.14,False,
LAPTOP-G59PGF6O_Avon,37,36,92.32,25.71,0.278,947,30.0,2026-02-05 00:53:07,2026-05-08 08:32:48,0.3562,397.2,617.0,74,2632.0,26.32,0,100,3568,24.5,False,511.4,-9.68,False,
LAPTOP-GAVGVR9P_panjun1,320,177,333.66,83.01,0.249,3757,30.0,2025-03-14 17:27:30,2026-02-11 09:16:31,0.4134,1168.6,1992.3,357,13453.0,134.53,0,100,13943,110.5,True,778.8,-42.47,False,
LAPTOP-GGLFATQJ_kazuk,223,49,247.48,72.46,0.293,3212,30.0,2023-02-08 07:36:25,2023-10-13 19:12:21,0.7711,398.1,1739.0,78,3112.0,31.12,0,100,26792,962.1,True,247.0,-17.88,False,
LAPTOP-H0IEOCT5_zuyin,24,18,233.7,79.33,0.339,2871,30.0,2024-09-20 19:03:02,2025-05-12 11:57:55,0.8523,281.2,1903.9,69,1246.0,12.46,1,100,11227,385.4,True,82.9,-5.54,False,
LAPTOP-H11NV2VL_hwpa,20,20,153.05,17.43,0.114,651,30.0,2024-10-30 12:38:45,2025-04-01 13:51:53,0.3083,289.4,418.4,41,1483.0,14.83,5,100,4738,426.3,True,419.1,-5.17,False,
LAPTOP-H1CK928J_rreaves,108,107,566.52,114.04,0.201,4847,30.0,2023-10-30 06:10:11,2025-05-18 18:42:32,0.8282,470.2,2736.9,186,4528.0,45.28,1,100,8185,379.1,True,342.7,-61.72,False,
LAPTOP-HR5L43FU_Avon1,4,3,2.26,1.81,0.799,16290,0.1,2025-12-09 12:46:44,2025-12-11 19:04:39,0.4334,24.6,43.4,2,91.0,0.91,34,100,374,172.1,True,605.4,-2.09,True,LOGGING_STOPPED
LAPTOP-I551TCUQ_Eiger-1,10,8,63.63,12.98,0.204,442,30.0,2023-12-28 03:05:55,2024-02-29 18:18:33,0.5586,137.5,311.5,15,531.0,5.31,0,100,1973,823.1,True,225.1,-2.69,False,
LAPTOP-IHE4MH4F_mriddle,13,11,41.97,35.81,0.853,1797,30.0,2026-04-16 15:27:42,2026-05-28 14:39:15,0.9293,60.7,859.4,28,760.0,7.6,5,100,2845,4.3,False,112.2,-3.4,False,
LAPTOP-II2JP927_Oak2-SVT-REX-1,19,15,254.17,23.6,0.093,1000,30.0,2024-04-25 12:01:32,2025-01-04 16:01:22,0.6636,190.5,566.4,19,806.0,8.06,1,100,6727,513.2,True,232.2,-6.94,False,
LAPTOP-IJG7MG54_test,10,2,20.23,10.44,0.516,4423,1.4,2023-10-31 04:12:43,2023-11-20 09:36:44,0.9263,18.5,250.6,4,119.0,1.19,1,100,2317,924.5,True,70.0,-0.81,False,
LAPTOP-J2HRJNCI_Feng,25,23,655.45,39.8,0.061,1310,30.0,2024-01-24 01:20:08,2025-11-09 12:04:51,0.8518,141.6,955.2,40,1124.0,11.24,5,100,16537,204.4,True,211.1,-11.76,False,
LAPTOP-J2L4OE0Q_ANakamura,68,67,156.65,49.1,0.313,2925,28.2,2025-12-23 18:00:42,2026-05-29 09:39:02,0.506,582.1,1178.4,209,5463.0,54.63,0,100,4218,3.5,False,498.4,-12.37,False,
LAPTOP-J9M9N0H9_X9-14,20,20,143.21,32.04,0.224,1093,30.0,2025-01-13 15:47:37,2025-06-05 20:53:47,0.6848,242.4,769.0,48,1486.0,14.86,2,100,4058,361.0,True,228.0,-5.14,False,
LAPTOP-JHPGK11C_NL1SKU6SIT1LR,11,2,13.94,7.29,0.523,1730,2.4,2026-01-06 18:04:00,2026-01-20 16:38:51,0.8013,34.7,174.9,5,300.0,3.0,2,100,1617,132.2,True,100.2,1.0,False,
LAPTOP-JL4J612V_jnunez5,11,10,70.3,21.36,0.304,885,30.0,2025-01-06 08:48:48,2025-03-17 15:53:43,0.5735,218.6,512.5,40,702.0,7.02,2,100,1811,441.2,True,171.0,-2.98,False,
LAPTOP-JLDUH829_11096,11,9,16.73,9.1,0.544,675,22.8,2026-03-24 19:50:03,2026-04-10 13:22:32,0.5081,107.5,218.5,34,602.0,6.02,1,100,1091,52.3,False,361.2,-2.98,False,
LAPTOP-K2B03PT9_Mersey2,8,6,111.17,10.44,0.094,345,30.0,2025-02-25 07:03:40,2025-06-16 11:12:31,0.7044,74.1,250.6,17,306.0,3.06,27,100,4542,350.4,True,209.9,-2.94,False,
LAPTOP-K2Q4C3UQ_1,102,40,287.28,51.63,0.18,2063,30.0,2023-02-07 08:47:11,2023-11-21 15:35:21,0.7574,300.6,1239.1,66,3190.0,31.9,2,100,11858,923.2,True,283.0,-8.1,False,
LAPTOP-K5TN4699_ThinkPad,12,12,130.99,31.9,0.244,1157,30.0,2024-05-20 15:08:33,2024-09-28 14:59:41,0.8328,128.1,765.7,23,716.0,7.16,24,100,3492,611.2,True,137.4,-4.84,False,
LAPTOP-K8IULGVA_Sun,67,58,380.03,73.03,0.192,2181,30.0,2023-09-10 09:43:22,2024-09-24 10:25:59,0.5821,732.4,1752.8,105,4223.0,42.23,0,100,11171,615.4,True,290.1,-15.77,False,
LAPTOP-K9NORC70_SIT,20,10,169.22,9.19,0.054,433,19.3,2025-03-26 14:44:31,2025-09-11 20:07:44,0.2844,157.8,220.5,22,695.0,6.95,5,100,8579,263.0,True,397.4,-3.05,False,
LAPTOP-KQTSA7PM_1,35,34,97.74,48.38,0.495,1751,30.0,2023-08-31 16:00:49,2023-12-07 09:41:08,0.5345,540.5,1161.2,104,2411.0,24.11,0,100,2652,907.5,True,256.7,-9.89,False,
LAPTOP-LM31Q23F_NL1SKU6LR,2,0,3.9,3.75,0.96,890,2.0,2025-12-05 16:45:26,2025-12-09 14:24:26,0.9427,5.2,89.9,2,17.0,0.17,87,100,762,174.3,True,0.0,0.17,True,LOGGING_STOPPED
LAPTOP-LNBSJHQF_AV1SKU10SIT1p2,4,1,62.76,29.93,0.477,1495,30.0,2025-12-18 16:41:05,2026-02-19 10:58:30,0.9973,1.9,718.3,0,0.0,0.0,95,100,3540,102.4,True,12.2,-1.0,True,LOGGING_STOPPED
LAPTOP-LVNFDHDN_EAA,27,10,148.07,25.48,0.172,8059,1.1,2025-04-09 00:02:55,2025-09-04 01:38:29,0.4601,330.2,611.6,14,530.0,5.3,0,100,10006,270.8,True,143.3,-4.7,False,
LAPTOP-MGP5FI9R_longrun,6,2,7.64,5.64,0.738,3892,0.1,2025-12-05 13:13:19,2025-12-13 04:36:43,0.9287,9.6,135.3,3,97.0,0.97,40,100,840,170.7,True,129.5,-1.03,False,
LAPTOP-MUEEDSGP_NL1SKU7SIT2LR,11,2,4.9,4.81,0.982,1361,2.5,2026-01-15 12:13:11,2026-01-20 09:45:46,0.7833,25.0,115.4,3,157.0,1.57,2,100,1114,132.5,True,151.9,-0.43,False,
LAPTOP-N0IFBCJM_AV1,22,18,51.88,17.06,0.329,833,29.4,2026-04-10 12:49:51,2026-06-01 09:57:24,0.6116,159.0,409.3,62,1295.0,12.95,7,100,3958,0.5,False,385.4,-5.05,False,
LAPTOP-N4IHLN0J_MS2,2,1,27.8,5.71,0.205,290,30.0,2025-12-19 16:01:26,2026-01-16 11:06:39,0.6722,44.9,137.0,4,176.0,1.76,0,100,5835,136.4,True,64.0,0.76,True,LOGGING_STOPPED
LAPTOP-OLNLOES4_SIT21,13,1,3.67,1.49,0.406,303,3.3,2025-12-19 20:01:33,2025-12-23 12:01:09,0.7539,8.8,35.8,4,46.0,0.46,57,100,1105,160.4,True,245.1,-0.54,False,
LAPTOP-OMDL8LQ4_EESIT,141,127,203.03,69.26,0.341,3100,30.0,2024-08-21 13:01:52,2025-03-12 13:51:11,0.3662,1053.5,1662.3,258,10535.0,105.35,0,100,5964,446.3,True,669.7,-21.65,False,
LAPTOP-OTD6NS5M_lnvni,16,14,160.52,23.94,0.149,1079,26.8,2023-12-08 00:39:55,2024-05-16 13:06:50,0.581,240.8,574.6,50,990.0,9.9,22,100,4532,746.3,True,213.6,-4.1,False,
LAPTOP-OV7Q4J55_PE,6,4,11.99,8.93,0.744,495,30.0,2024-09-17 18:28:19,2024-09-29 18:18:34,0.9839,3.5,214.3,2,21.0,0.21,2,100,8946,610.1,True,163.6,-3.79,False,
LAPTOP-P9BQ8OLJ_Neal,71,70,288.91,68.2,0.236,3232,30.0,2025-07-08 00:39:09,2026-04-22 22:35:26,0.5318,766.4,1636.8,172,5104.0,51.04,1,100,7646,39.9,False,374.9,-18.96,False,
LAPTOP-Q5JPEGGD_Nate,24,22,70.99,46.53,0.655,2291,30.0,2026-01-28 14:35:33,2026-04-09 14:20:39,0.8792,134.9,1116.8,52,1260.0,12.6,0,100,3063,53.3,False,172.7,-9.4,False,
LAPTOP-Q6HOEUNN_tyler,71,62,420.05,154.3,0.367,4684,30.0,2023-05-02 09:13:46,2024-06-25 10:27:13,0.8413,587.5,3703.1,149,4029.0,40.29,0,100,10869,706.4,True,146.8,-21.71,False,
LAPTOP-QQKPMET2_longrun,14,13,65.73,6.39,0.097,244,25.4,2026-03-06 17:42:11,2026-05-11 11:14:45,0.3932,93.0,153.3,18,799.0,7.99,1,100,2248,21.4,False,743.1,-5.01,False,
LAPTOP-QQLCC3QB_jl240,153,8,465.37,163.83,0.352,7744,30.0,2023-02-11 23:28:12,2024-05-22 08:23:47,0.9876,48.6,3932.0,10,222.0,2.22,0,83,39572,740.5,True,17.8,-5.78,False,
LAPTOP-RCQD7R5B_kazuk,105,103,346.52,159.77,0.461,7250,30.0,2023-02-17 04:28:14,2024-01-29 16:51:46,0.7491,962.1,3834.6,214,7842.0,78.42,0,100,13220,854.2,True,235.5,-24.58,False,
LAPTOP-S8IHCLL8_x1,42,42,494.35,75.96,0.154,2798,30.0,2025-01-13 11:27:43,2026-05-22 19:58:36,0.6907,563.8,1823.1,74,3349.0,33.49,1,100,12256,10.0,False,202.0,-8.51,False,
LAPTOP-SE41CTD4_gaojiangwei,101,55,325.07,45.8,0.141,1884,30.0,2023-02-03 13:58:59,2023-12-25 15:45:53,0.7468,278.3,1099.1,99,3305.0,33.05,3,100,16798,889.2,True,438.6,-21.95,False,
LAPTOP-SH0NRR9B_Mesery2,15,1,1102.83,2.24,0.002,1066,1.1,2022-08-29 05:00:32,2025-09-05 01:01:08,0.8343,8.9,53.7,2,31.0,0.31,28,100,7969,269.8,True,163.1,-0.69,False,
LAPTOP-SHD3G568_Test,214,67,262.4,43.44,0.166,1556,30.0,2025-06-26 01:38:03,2026-03-15 11:17:15,0.2664,764.8,1042.5,122,5482.0,54.82,3,100,12906,78.4,True,563.3,-12.18,False,
LAPTOP-SHOBTFD7_TM1,31,4,26.55,5.54,0.209,319,30.0,2025-09-05 13:55:37,2025-10-02 03:05:38,0.2648,97.7,132.9,6,331.0,3.31,0,100,13454,242.7,True,263.7,-0.69,False,
LAPTOP-SJCL3CJL_scollins1,90,58,840.16,453.12,0.539,22184,30.0,2023-02-02 09:03:00,2025-05-22 13:00:02,0.9291,770.9,10874.9,117,2325.0,23.25,0,86,33957,375.3,True,46.8,-34.75,False,
LAPTOP-STAV4QJC_PQM,145,120,297.49,113.69,0.382,4877,30.0,2023-03-05 21:06:10,2023-12-28 08:46:33,0.4808,1416.7,2728.6,383,8059.0,80.59,1,100,9736,886.5,True,385.5,-39.41,False,
LAPTOP-T2RCOIA2_SVT,36,34,172.81,57.29,0.332,2778,30.0,2024-05-29 18:33:39,2024-11-18 13:55:37,0.6211,520.9,1374.9,174,2866.0,28.66,6,100,6980,560.3,True,216.8,-5.34,False,
LAPTOP-T4UU1BOP_Nikle,95,93,157.84,73.83,0.468,3026,30.0,2025-11-16 17:57:35,2026-04-23 14:02:34,0.3484,1154.6,1772.0,300,8292.0,82.92,2,100,7696,39.3,False,460.1,-10.08,False,
LAPTOP-T83863L5_EigerSIT11,184,182,885.77,172.43,0.195,5773,30.0,2023-12-28 02:39:48,2026-05-31 21:07:11,0.3856,2542.6,4138.3,325,15785.0,157.85,0,100,18014,1.0,False,385.5,-24.15,False,
LAPTOP-TH4417NP_MobilePE,19,14,7.03,6.44,0.917,507,30.0,2024-10-02 19:00:01,2024-10-09 19:36:45,0.946,8.4,154.6,1,53.0,0.53,2,100,9182,600.1,True,794.0,-13.47,False,
LAPTOP-TH5V7J86_CQE_Test,402,65,156.99,49.27,0.314,1997,30.0,2023-05-19 09:42:35,2023-10-23 09:32:19,0.6437,421.3,1182.5,126,4786.0,47.86,1,100,16234,952.5,True,481.9,-17.14,False,
LAPTOP-TSQ0GU66_motty,49,46,291.4,40.84,0.14,1352,30.0,2023-04-17 22:02:32,2024-02-03 07:33:04,0.5504,440.7,980.2,78,2553.0,25.53,0,100,8026,849.6,True,411.4,-20.47,False,
LAPTOP-U4336J0U_P14s,35,31,211.16,99.18,0.47,4691,30.0,2025-09-18 10:20:19,2026-04-17 14:14:58,0.9097,214.9,2380.3,71,2210.0,22.1,2,100,6004,45.3,False,114.2,-8.9,False,
LAPTOP-UFSPNVK8_SIT2,7,3,10.95,5.66,0.517,300,30.0,2023-12-14 16:46:41,2023-12-25 15:34:41,0.8258,23.7,135.9,8,220.0,2.2,5,100,1021,889.2,True,193.6,-0.8,False,
LAPTOP-UQQQG0S3_ThinkPad,32,32,240.01,126.75,0.528,6112,30.0,2024-12-02 08:22:35,2025-07-30 08:35:38,0.9104,272.7,3041.9,96,2464.0,24.64,2,100,6684,306.5,True,92.2,-7.36,False,
LAPTOP-USS5OCA4_Cui_Qi,6,6,53.85,7.28,0.135,339,30.0,2024-01-25 14:11:47,2024-03-19 10:40:10,0.5694,75.2,174.7,18,433.0,4.33,17,100,1694,804.4,True,301.0,-1.67,False,
LAPTOP-UU99D8BO_T14p_CX_SVT,18,17,141.66,102.34,0.722,4999,30.0,2024-03-19 22:21:18,2024-08-08 14:06:57,0.9764,57.9,2456.2,27,581.0,5.81,2,100,3733,662.3,True,60.7,-11.19,False,
LAPTOP-V1IRQ8I4_1,29,27,91.88,30.42,0.331,13939,0.2,2025-12-03 13:29:25,2026-03-05 10:42:07,0.7971,148.1,730.2,31,761.0,7.61,2,100,2777,88.4,True,324.2,-19.39,False,
LAPTOP-V450TO4P_Rob,26,21,568.07,64.64,0.114,1758,30.0,2024-05-13 14:22:37,2025-12-02 16:02:48,0.8259,270.0,1551.3,82,1445.0,14.45,8,100,14489,181.2,True,118.7,-6.55,False,
LAPTOP-V5HIJJIL_Admin,124,123,644.14,336.13,0.522,15342,30.0,2024-06-27 14:07:12,2026-04-02 17:31:31,0.8444,1255.0,8067.2,449,8814.0,88.14,4,100,15007,60.1,True,133.7,-34.86,False,
LAPTOP-VHFOHP1Q_Neal,47,46,290.36,259.03,0.892,12868,30.0,2025-07-08 00:39:06,2026-04-24 09:23:22,0.9602,247.2,6216.7,136,3533.0,35.33,2,100,7668,38.5,False,64.9,-10.67,False,
LAPTOP-VM3TTE0T_Totoro,58,38,654.04,574.1,0.878,27767,30.0,2023-02-14 09:13:50,2024-11-29 10:10:50,0.9943,78.2,13778.3,42,1507.0,15.07,5,100,29590,549.4,True,24.2,-22.93,False,
LAPTOP-VMR2DHBF_test,81,76,297.07,63.19,0.213,2666,29.3,2024-10-29 08:58:16,2025-08-22 10:43:13,0.517,732.4,1516.5,231,5368.0,53.68,2,100,8119,283.4,True,439.3,-22.32,False,
LAPTOP-VSQFIELJ_L16HPT,59,58,325.86,114.47,0.351,5252,30.0,2025-06-06 12:54:49,2026-04-28 09:30:41,0.8627,377.1,2747.3,127,4126.0,41.26,1,100,8335,34.5,False,185.1,-16.74,False,
LISA_loconnor,16,15,392.66,98.6,0.251,4320,30.0,2025-04-30 15:37:48,2026-05-28 07:23:01,0.9573,101.1,2366.4,24,786.0,7.86,1,100,9989,4.6,False,55.6,-7.14,False,
LIUFENG7-26Y6JC_liufeng7,55,48,518.18,109.55,0.211,4141,30.0,2023-02-08 11:20:38,2024-07-10 15:33:15,0.9157,221.7,2629.2,107,2702.0,27.02,0,100,14848,691.2,True,160.0,-20.98,False,
LIUFENG_liufeng7,83,76,525.23,147.09,0.28,5856,30.0,2024-04-11 16:32:50,2025-09-18 22:06:01,0.899,356.7,3530.2,156,3546.0,35.46,7,100,16123,256.0,True,188.7,-40.54,False,
LIUHY24-X1C8_Miss_Ling,134,58,686.28,44.45,0.065,1497,30.0,2023-09-06 09:57:58,2025-07-23 16:43:11,0.6735,348.4,1066.8,94,3216.0,32.16,6,100,34827,313.2,True,476.6,-25.84,False,
LIUHY24-X1EGEN4_liuhy24,26,13,790.94,619.72,0.784,29432,30.0,2023-02-27 10:56:16,2025-04-28 09:30:34,0.9977,34.9,14873.3,25,639.0,6.39,4,100,31529,399.5,True,7.7,-6.61,False,
LIXINB-PF5G1XJE_lixinb,76,76,195.83,85.32,0.436,2969,30.0,2025-07-28 14:51:05,2026-02-09 10:44:21,0.5009,1022.1,2047.6,251,5647.0,56.47,6,100,7612,112.4,True,325.4,-19.53,False,
LL_LLL,48,48,258.97,168.93,0.652,8233,30.0,2025-08-04 17:48:34,2026-04-20 17:08:12,0.8952,424.7,4054.4,129,3532.0,35.32,1,100,6495,42.2,False,103.8,-12.68,False,
LOEBACHJ-4SMBAL_X13_2-1,45,42,349.83,289.82,0.828,13981,30.0,2024-04-05 14:29:01,2025-03-21 10:31:24,0.9133,603.0,6955.6,152,2165.0,21.65,7,100,10267,437.4,True,52.9,-20.35,False,
LOEBACHJ-4SMBAL_loebachj,44,41,343.0,285.3,0.832,13774,30.0,2024-04-05 14:29:01,2025-03-14 14:36:08,0.9145,585.2,6847.2,149,2124.0,21.24,7,100,10102,444.3,True,52.5,-19.76,False,
LOEBACHJ-58TDMH_loebachj,49,48,434.0,387.59,0.893,19217,30.0,2025-03-18 09:42:16,2026-05-26 09:38:57,0.9263,685.4,9302.3,175,2467.0,24.67,2,100,10767,6.5,False,45.2,-23.33,False,
LSU4-PF5FS8LS_lsu4,8,6,385.0,169.93,0.441,5681,30.0,2025-05-12 15:11:06,2026-06-01 15:17:56,0.964,146.7,4078.3,23,212.0,2.12,56,100,10103,0.2,False,12.9,-3.88,False,
LWANG5-PW0A203M_lwang5,65,63,801.38,93.04,0.116,3525,30.0,2024-03-19 12:13:22,2026-05-29 21:19:14,0.7468,565.4,2232.9,162,3952.0,39.52,0,100,19616,3.0,False,247.3,-23.48,False,
LXIAO1-PF3T9L7M_lxiao1,285,242,912.15,217.3,0.238,10892,30.0,2023-02-08 10:19:37,2025-08-08 13:57:50,0.5813,2183.5,5215.1,766,12660.0,126.6,2,100,24889,297.3,True,406.8,-115.4,False,
M-PA3_Atsus,62,34,373.83,49.14,0.131,2649,30.0,2023-07-11 15:20:05,2024-07-19 11:17:45,0.8453,182.5,1179.4,69,1359.0,13.59,6,100,14236,682.4,True,252.7,-20.41,False,
MAGSHINE_wangyl,99,91,259.86,80.4,0.309,3398,30.0,2025-01-06 14:13:20,2025-09-23 10:53:35,0.6492,677.0,1929.7,223,6887.0,68.87,1,100,6829,251.4,True,413.4,-22.13,False,
MAOXY1-PF1H5KSF_maoxy1,582,166,841.05,245.33,0.292,10983,30.0,2023-02-06 09:50:32,2025-05-27 11:06:25,0.8136,1097.3,5887.9,221,9616.0,96.16,0,100,57462,370.4,True,247.1,-69.84,False,
MARKUSTH1_theberlein,55,55,208.1,84.53,0.406,2974,30.0,2024-05-17 15:31:03,2024-12-11 17:55:45,0.6437,722.8,2028.6,152,3930.0,39.3,0,100,7446,537.1,True,237.7,-15.7,False,
MARUICHIT-CRC21_MARUICHIT,152,132,1195.9,307.37,0.257,14773,30.0,2023-02-09 12:07:55,2026-05-20 09:48:24,0.8344,1221.8,7376.9,486,8277.0,82.77,0,100,36452,12.5,False,156.9,-49.23,False,
MATJONES-56FF1H_MATJONES,10,10,38.25,11.36,0.297,384,30.0,2024-12-16 09:57:41,2025-01-23 15:57:07,0.5352,126.7,272.6,25,758.0,7.58,25,100,2179,494.2,True,321.5,-2.42,False,
MATT-T16G1_lietzke,252,141,389.69,229.42,0.589,9399,30.0,2023-02-08 19:24:59,2024-03-04 12:02:08,0.8664,735.9,5506.0,89,3430.0,34.3,1,100,17903,819.4,True,224.5,-106.7,False,
MBHAVSAR-3R8CWY_mbhavsar,608,455,723.33,268.96,0.372,11381,30.0,2023-02-07 08:14:34,2025-01-30 16:12:07,0.6301,2387.6,6455.1,790,31990.0,319.9,0,100,24637,487.2,True,617.9,-135.1,False,
MBHAVSAR-5FSFDE_mbhavsar,56,55,91.01,34.21,0.376,1540,30.0,2025-05-12 14:09:16,2025-08-11 14:26:19,0.3596,525.8,821.1,111,4530.0,45.3,1,100,3017,294.3,True,587.2,-9.7,False,
MBHAVSAR-GM0WY2_mbhavsar,23,23,135.14,18.94,0.14,839,30.0,2025-04-01 10:33:28,2025-08-14 13:50:21,0.2621,335.3,454.5,47,1802.0,18.02,4,100,4111,291.3,True,443.5,-4.98,False,
MBUT-PF3DMVFZ_mbutt,58,38,42.0,17.3,0.412,697,30.0,2026-04-16 10:58:39,2026-05-28 11:04:45,0.3947,251.3,415.2,43,2802.0,28.02,1,100,2186,4.4,False,802.3,-9.98,False,
MC702142-0275JW_MC702142,208,206,890.04,129.93,0.146,4830,30.0,2023-02-02 17:28:46,2025-07-11 18:22:03,0.5639,1360.0,3118.2,289,12888.0,128.88,0,100,20545,325.1,True,579.1,-77.12,False,
MCOCKMAN-09S0ZB_mcockman,53,51,833.15,237.57,0.285,10672,30.0,2024-02-16 08:47:58,2026-05-29 12:25:43,0.9394,345.3,5701.6,127,2670.0,26.7,13,100,20231,3.4,False,78.4,-24.3,False,
MCOONER1-67PP9K_mcooner1,4,3,12.81,9.21,0.719,351,30.0,2026-05-13 13:37:50,2026-05-26 08:58:28,0.9104,19.8,220.9,5,97.0,0.97,13,100,1584,6.5,False,119.0,-2.03,True,RECENTLY_STARTED
MCROWNOVER-1540_mcrownover,33,30,371.0,295.77,0.797,14471,30.0,2024-05-06 14:27:33,2025-05-12 14:27:48,0.9475,372.6,7098.5,92,2348.0,23.48,7,100,9497,385.3,True,37.0,-6.52,False,
MCROWNOVER-QC11_mcrownover,45,43,265.99,220.15,0.828,11041,30.0,2025-09-02 13:13:27,2026-05-26 12:55:13,0.9645,187.7,5283.5,41,922.0,9.22,5,100,6807,6.3,False,71.3,-33.78,False,
MCROWNOVER-WLK4_mcrownover,31,19,273.35,223.5,0.818,10597,30.0,2023-08-07 12:11:53,2024-05-06 20:42:35,0.9689,166.8,5363.9,41,1478.0,14.78,5,100,9049,756.0,True,31.1,-4.22,False,
MD2-SVT-3FCN_xuxru,99,97,200.4,83.83,0.418,3725,30.0,2023-09-25 11:12:55,2024-04-12 20:55:32,0.3118,1384.6,2012.0,169,8886.0,88.86,1,100,5048,780.0,True,422.6,-8.14,False,
MEHLINGER1-QNSG_mehlinger1,6,2,36.45,15.89,0.436,705,30.0,2026-04-22 11:17:40,2026-05-28 22:01:14,0.9407,22.6,381.4,11,111.0,1.11,70,100,1823,4.0,False,46.0,-0.89,False,
MERSEY1_Jeffrey_Farringer,91,79,275.97,138.0,0.5,4742,30.0,2024-05-06 11:10:55,2025-02-06 10:23:00,0.7306,892.4,3312.0,227,5488.0,54.88,11,100,9261,480.4,True,209.1,-24.12,False,
MERSEY1_SIT,18,7,36.07,19.14,0.53,854,30.0,2024-01-28 18:11:51,2024-03-04 19:59:25,0.8109,86.9,459.3,24,502.0,5.02,2,100,2942,819.0,True,133.6,-1.98,False,
MERSEY1_SVT,38,18,120.99,39.0,0.322,1574,30.0,2024-05-15 10:19:37,2024-09-13 10:02:27,0.7405,242.9,936.1,48,1044.0,10.44,1,100,5193,626.5,True,168.6,-7.56,False,
MERSEY2BELNL_jeffreyf1,7,6,45.4,10.59,0.233,395,30.0,2025-03-20 11:38:50,2025-05-04 21:14:16,0.7754,57.1,254.1,15,323.0,3.23,0,100,1841,393.0,True,206.9,-2.77,False,
MERSEYPQMBETA_hels,68,65,282.29,54.24,0.192,2254,30.0,2024-03-06 09:21:42,2024-12-13 16:16:13,0.5001,650.7,1301.7,168,4094.0,40.94,2,100,7261,535.2,True,437.7,-24.06,False,
MERSEY_SIT,11,11,51.98,18.82,0.362,778,30.0,2023-12-05 13:48:12,2024-01-26 13:15:39,0.751,112.5,451.7,25,586.0,5.86,18,100,2031,857.3,True,213.5,-5.14,False,
MFINK-PF667W8F_mfink,18,15,39.97,20.97,0.525,1005,30.0,2026-04-22 11:26:37,2026-06-01 10:47:56,0.7293,136.3,503.4,56,1189.0,11.89,24,100,1876,0.4,False,261.3,-3.11,False,
MGOMES3-W0HKDCB_L14,11,10,85.16,32.34,0.38,1358,30.0,2025-05-27 11:14:51,2025-08-20 15:06:11,0.906,72.9,776.1,23,640.0,6.4,3,100,2753,285.2,True,112.9,-3.6,False,
MGOMES3-W0HKDCB_mgomes3,11,10,83.42,31.68,0.38,1331,30.0,2025-05-27 11:14:51,2025-08-18 21:21:09,0.9041,72.9,760.4,23,640.0,6.4,3,100,2711,287.0,True,115.3,-3.6,False,
MHAGI-PF3YCK6H_mhagi,322,320,708.88,618.11,0.872,29894,30.0,2023-02-04 14:18:25,2025-01-13 11:18:36,0.8442,2310.9,14834.7,729,19817.0,198.17,1,100,21480,504.4,True,189.1,-121.83,False,
MHALE1-PF55QFC9_mhale1,29,29,405.99,135.97,0.335,14503,0.0,2025-04-21 10:47:15,2026-06-01 10:35:43,0.9161,273.8,3263.2,112,1430.0,14.3,47,100,10201,0.4,False,77.9,-14.7,False,
MHALE1-PF5CXE0G_mhale1,8,6,69.98,32.14,0.459,1310,30.0,2025-02-04 10:14:57,2025-04-15 09:51:13,0.9282,55.4,771.4,22,356.0,3.56,18,100,3010,412.5,True,68.2,-2.44,False,
MHALE1-PF62L9EM_mhale1,8,7,74.18,27.2,0.367,1220,30.0,2026-01-22 10:47:58,2026-04-06 15:11:07,0.9067,60.9,652.7,25,322.0,3.22,39,100,2617,56.2,False,94.0,-3.78,False,
MHALE1-PW0A1P1J_mhale1,43,41,315.01,124.33,0.395,4994,30.0,2024-03-15 10:41:08,2025-01-24 10:54:31,0.9113,264.6,2984.0,104,2861.0,28.61,1,100,8058,493.4,True,120.4,-12.39,False,
MHEIDENFELD-CJ1_mheidenfeldt,13,11,78.3,22.96,0.293,822,30.0,2024-08-06 07:58:30,2024-10-23 15:13:30,0.5342,256.7,551.1,47,771.0,7.71,1,94,0,586.2,True,175.0,-3.29,False,
MHEIDENFELD-XSD_mheidenfeldt,68,66,413.28,113.55,0.275,3547,30.0,2025-02-24 15:16:36,2026-04-13 22:01:06,0.4669,1452.8,2725.2,229,5009.0,50.09,0,100,10836,49.0,False,212.3,-15.91,False,
MIT_mpatel13,132,130,364.0,165.51,0.455,6198,30.0,2025-05-27 14:42:24,2026-05-26 14:41:47,0.4463,2199.5,3972.3,231,9762.0,97.62,1,100,9321,6.3,False,286.9,-32.38,False,
MKITAMURA-N0XRP_mkitamura,298,211,432.04,200.11,0.463,10136,30.0,2023-02-03 12:48:21,2024-04-10 13:40:09,0.6476,1692.5,4802.6,558,14569.0,145.69,2,100,18182,782.3,True,385.1,-65.31,False,
MKOZO-PF3W9L3K_mkozo,224,199,1206.36,291.22,0.241,13786,30.0,2023-02-07 17:11:25,2026-05-29 01:54:04,0.8206,1253.7,6989.2,243,6062.0,60.62,0,100,34194,3.8,False,249.6,-138.38,False,
MKRYNOCK-67L6RD_mkrynock,5,4,20.14,6.93,0.344,259,30.0,2026-05-12 13:20:59,2026-06-01 16:47:35,0.6022,66.2,166.3,21,369.0,3.69,43,100,2023,0.2,False,210.8,-0.31,True,RECENTLY_STARTED
MMERCHANT-H0CAW_mmerchant,197,195,392.02,112.55,0.287,4142,30.0,2025-04-30 15:14:27,2026-05-27 15:44:42,0.2607,1997.1,2701.2,360,16553.0,165.53,1,100,9873,5.2,False,632.8,-29.47,False,
MMISTURIK-CXCF3_mmisturik,18,17,51.25,17.19,0.336,757,30.0,2024-08-26 10:05:14,2024-10-16 16:05:24,0.4581,223.6,412.7,40,1338.0,13.38,8,100,0,593.2,True,361.2,-3.62,False,
MNAKABAYASH-XPZ_mnakabayashi1,188,188,1057.93,154.87,0.146,7455,30.0,2023-07-04 16:26:51,2026-05-27 14:45:46,0.7279,1011.2,3716.9,434,13049.0,130.49,1,100,24443,5.3,False,443.4,-57.51,False,
MNAKATA1-3Y659D_mnakata1,154,149,1015.36,352.41,0.347,17671,30.0,2023-02-03 09:33:37,2025-11-14 18:10:20,0.8354,1392.4,8457.9,421,9058.0,90.58,0,100,26492,199.1,True,154.4,-58.42,False,
MNISHIO1-2DR71T_mnishio1,29,21,994.72,32.02,0.032,1170,30.0,2023-02-02 20:49:03,2025-10-24 14:06:46,0.6807,245.3,768.5,48,1179.0,11.79,0,100,20710,220.3,True,239.5,-9.21,False,
MNISHIO1-43AFSK_Debug,242,222,533.69,194.9,0.365,9336,30.0,2023-02-06 18:29:29,2024-07-24 10:57:53,0.6617,1582.3,4677.6,515,13827.0,138.27,2,100,14484,677.4,True,416.0,-83.73,False,
MNISHIO1-43AFSK_mnishio1,261,241,948.79,215.98,0.228,10194,30.0,2023-02-06 18:29:29,2025-09-12 13:25:28,0.6776,1671.1,5183.6,535,15107.0,151.07,0,100,23876,262.3,True,407.6,-89.93,False,
MNISHIO1X121QM6_mnishio1,278,23,540.04,27.08,0.05,931,30.0,2023-02-27 14:24:21,2024-08-20 15:28:14,0.6197,247.2,650.0,25,722.0,7.22,4,100,28376,650.2,True,310.2,-15.78,False,
MOBILEPE-4HM087_MobilePE,70,54,77.25,50.37,0.652,3571,29.6,2024-07-22 07:41:48,2024-10-07 13:41:59,0.9827,20.9,1208.8,11,172.0,1.72,2,100,9123,602.3,True,391.6,-52.28,False,
MOBILEPE-4N8HJ9_MobilePE,56,51,77.49,38.96,0.503,2541,29.8,2024-07-24 06:26:03,2024-10-09 18:13:09,0.9574,39.9,935.1,10,294.0,2.94,0,100,8350,600.1,True,478.1,-48.06,False,
MORISAN-F291M86_morisan,58,16,1183.34,317.15,0.268,10121,30.0,2023-02-10 09:08:38,2026-05-08 17:14:18,0.9954,35.0,7611.7,12,333.0,3.33,25,100,49688,24.2,False,18.4,-12.67,False,
MOTO-T14S-Q_motty,14,9,76.53,12.27,0.16,480,30.0,2024-06-05 09:06:08,2024-08-20 21:46:55,0.5209,141.1,294.5,34,607.0,6.07,0,100,0,650.0,True,267.9,-2.93,False,
MOTO-X1C_motty,46,44,117.05,52.46,0.448,2132,30.0,2025-12-26 16:19:44,2026-04-22 17:27:29,0.5685,543.3,1259.0,130,2851.0,28.51,0,100,3342,40.1,False,306.3,-15.49,False,
MOTO_AURA,15,13,415.12,16.26,0.039,519,30.0,2024-11-05 09:29:17,2025-12-25 12:19:52,0.5666,169.1,390.2,36,757.0,7.57,4,100,8596,158.4,True,292.0,-5.43,False,
MPCD-TNA_HWPA,21,20,152.67,26.12,0.171,1190,30.0,2025-01-23 15:14:26,2025-06-25 07:14:53,0.5598,276.0,627.0,62,1458.0,14.58,1,100,0,341.6,True,279.7,-5.42,False,
MRIGGS-PW0A1NXC_mriggs,59,58,805.04,141.96,0.176,5767,30.0,2024-03-14 12:02:50,2026-05-28 12:57:50,0.837,555.3,3407.1,138,3276.0,32.76,0,100,19716,4.3,False,149.2,-25.24,False,
MS1-2ND-3C_HWPA,7,6,36.11,8.33,0.231,334,30.0,2024-01-10 13:07:21,2024-02-15 15:47:29,0.4613,107.7,199.9,16,461.0,4.61,4,100,2502,837.2,True,263.1,-1.39,False,
MSUMMERVILL-VCL_msummerville,151,149,1071.09,712.46,0.665,30829,30.0,2023-06-23 11:48:52,2026-05-29 13:56:37,0.8931,1827.9,17099.1,409,9046.0,90.46,1,100,25635,3.3,False,76.4,-58.54,False,
MTSUKADA-3MYFQH_mtsukada,270,128,403.06,216.24,0.536,10718,30.0,2023-02-03 13:45:04,2024-03-12 15:15:16,0.8237,915.2,5189.7,190,4004.0,40.04,0,100,17516,811.2,True,216.2,-87.96,False,
MYERSP-PF5FSZHR_MYERSP,40,39,328.99,113.3,0.344,4946,30.0,2025-07-07 10:15:53,2026-06-01 10:04:05,0.8359,446.1,2719.1,171,2945.0,29.45,12,100,10017,0.5,False,125.7,-9.55,False,
MYERSP-PW0HKDA6_L14,7,6,34.09,11.86,0.348,559,30.0,2025-05-27 11:14:29,2025-06-30 13:21:32,0.8725,36.3,284.6,22,379.0,3.79,50,100,1527,336.3,True,184.8,-2.21,False,
MYERSP-PW0HKDA6_MYERSP,6,5,29.03,10.28,0.354,502,30.0,2025-05-27 11:14:29,2025-06-25 11:54:26,0.8723,31.5,246.6,19,345.0,3.45,50,100,1405,341.4,True,177.7,-1.55,False,
NAITOX9A_arimasa,7,6,34.92,8.55,0.245,266,30.0,2024-11-06 11:45:13,2024-12-11 09:44:29,0.4068,121.7,205.2,20,497.0,4.97,41,100,1943,537.5,True,256.3,-1.03,False,
NANO_G3,117,109,336.14,121.85,0.363,5257,30.0,2023-04-24 10:10:26,2024-03-25 13:28:32,0.5938,1187.9,2924.4,340,8109.0,81.09,13,100,9938,798.3,True,326.7,-27.91,False,
NATHANP-F4YAYFH_nathanp,117,115,532.13,236.59,0.445,10943,30.0,2024-06-17 11:42:09,2025-12-01 14:45:46,0.8867,643.4,5678.1,282,6027.0,60.27,8,100,14016,182.3,True,177.5,-54.73,False,
NHEIDENFELD-CDY_nheidenfeldt,28,25,371.05,48.57,0.131,1621,30.0,2024-04-04 12:11:53,2025-04-10 13:24:20,0.7254,320.1,1165.7,76,2171.0,21.71,1,100,6294,417.3,True,188.0,-3.29,False,
NICOLEX1CG12_nbaker,117,116,313.22,119.49,0.381,4548,30.0,2024-04-17 12:39:16,2025-02-24 17:56:30,0.5166,1386.2,2867.7,295,8833.0,88.33,0,100,9325,462.1,True,354.6,-27.67,False,
NILE_SVT,15,14,64.98,14.64,0.225,658,30.0,2026-03-25 07:54:33,2026-05-29 07:29:46,0.5963,141.9,351.4,39,919.0,9.19,13,100,2585,3.6,False,349.3,-4.81,False,
NMARX-PF4DMZPC_nmarx,31,29,147.12,48.93,0.333,1457,30.0,2023-09-05 10:42:14,2024-01-30 13:38:53,0.6047,464.2,1174.4,71,2198.0,21.98,2,100,4588,853.3,True,216.5,-7.02,False,
NMCKOY-PF5H0PJZ_nmckoy,171,170,392.73,121.73,0.31,4715,30.0,2025-04-30 15:12:50,2026-05-28 08:39:32,0.4927,1482.1,2921.6,224,11625.0,116.25,0,100,9978,4.5,False,510.1,-53.75,False,
NMMILLER-4T259L_nmmiller,42,41,277.11,33.38,0.12,1430,30.0,2024-01-11 10:46:59,2024-10-14 13:30:25,0.6193,305.0,801.1,95,3150.0,31.5,1,100,7436,595.3,True,448.6,-9.5,False,
NMMILLER-577H4Q_nmmiller,29,28,439.91,39.74,0.09,1601,30.0,2024-11-06 13:08:00,2026-01-20 10:53:17,0.7791,210.7,953.7,72,1572.0,15.72,1,100,11164,132.4,True,257.3,-12.28,False,
NMMILLER-62XHX6_nmmiller,12,9,122.99,12.83,0.104,506,30.0,2026-01-23 13:29:18,2026-05-26 13:16:36,0.7293,83.4,308.0,30,638.0,6.38,29,100,3713,6.3,False,256.2,-2.62,False,
NORITY-PF3C8AE9_nority,128,57,979.97,132.86,0.136,3823,30.0,2023-02-07 12:54:42,2025-10-14 12:17:06,0.9058,300.3,3188.6,50,2099.0,20.99,0,100,33122,230.4,True,156.7,-36.01,False,
NORITY-X1YOGA_nority,186,181,1198.29,621.39,0.519,19873,30.0,2023-02-07 01:57:03,2026-05-20 08:49:05,0.9245,1126.0,14913.5,240,7595.0,75.95,1,100,36079,12.5,False,106.4,-105.05,False,
NPATEL6-F4C403Q_npatel6,409,408,989.3,375.99,0.38,14210,30.0,2023-06-06 11:49:37,2026-02-19 18:54:35,0.4623,4852.0,9023.7,871,35348.0,353.48,0,100,21536,102.1,True,396.3,-54.52,False,
NPUTSALA-0A1Z31_nputsala,80,75,430.29,153.06,0.356,6925,30.0,2024-03-19 12:13:33,2025-05-23 19:04:13,0.6139,1418.5,3673.5,358,4995.0,49.95,0,100,10834,374.1,True,179.0,-25.05,False,
OALI-PF5TMH9T_oali,26,23,231.03,100.45,0.435,4717,30.0,2025-10-13 15:24:40,2026-06-01 16:00:45,0.9037,232.1,2410.8,43,1245.0,12.45,4,100,6302,0.2,False,83.6,-10.55,False,
OHSAWAAURA_e3158,56,55,218.12,65.01,0.298,2677,30.0,2025-10-22 10:08:03,2026-05-28 13:01:18,0.4109,919.2,1560.3,249,4113.0,41.13,25,100,13930,4.3,False,309.0,-13.87,False,
OHSAWACONDOR4_ohsaw,54,53,169.88,80.58,0.474,2993,30.0,2024-07-03 20:04:50,2024-12-20 17:04:59,0.4145,1132.2,1933.8,247,3696.0,36.96,0,100,0,528.2,True,240.2,-16.04,False,
OHSAWAEAGLE7_ohsaw,172,169,463.91,234.15,0.505,9164,30.0,2023-03-28 11:25:27,2024-07-04 09:18:15,0.4274,3218.0,5619.6,606,12086.0,120.86,0,100,0,697.5,True,263.6,-48.14,False,
P1G7_SKU5,87,85,548.92,285.95,0.521,13076,30.0,2024-05-14 13:01:11,2025-11-14 11:10:49,0.8061,1330.6,6862.9,397,4951.0,49.51,12,100,13510,199.4,True,108.6,-35.49,False,
P1G7_SVT,51,50,433.48,108.66,0.251,5080,30.0,2024-05-15 03:39:55,2025-07-22 15:08:18,0.7766,582.6,2607.9,173,3739.0,37.39,1,100,10785,314.2,True,168.1,-12.61,False,
PANTHER3_SVT,20,19,301.01,44.17,0.147,1268,30.0,2023-03-23 13:04:35,2024-01-18 13:13:46,0.7453,270.0,1060.0,36,999.0,9.99,2,100,7197,865.3,True,157.1,-9.01,False,
PCHEN23-1000044_pchen23,14,14,84.0,47.95,0.571,2248,30.0,2026-03-04 15:11:54,2026-05-27 15:17:47,0.8859,131.3,1150.7,24,1080.0,10.8,2,100,2620,5.2,False,106.6,-3.2,False,
PCHEN23-5000001_pchen23,16,15,63.2,14.26,0.226,567,30.0,2024-09-13 08:21:27,2024-11-15 13:10:07,0.3085,236.6,342.2,34,1188.0,11.88,8,100,0,563.3,True,384.2,-3.12,False,
PCHEN23-F4KXHBP_pchen23,3,1,119.12,16.49,0.138,644,30.0,2023-09-20 08:08:02,2024-01-17 11:02:38,0.954,18.2,395.9,2,22.0,0.22,46,100,3720,866.4,True,22.1,-0.78,True,LOGGING_STOPPED
PCHEN23-F5FSWCG_pchen23,38,37,119.78,18.99,0.158,780,30.0,2025-05-20 15:00:01,2025-09-17 09:48:51,0.3729,285.7,455.6,64,3109.0,31.09,0,100,3915,257.5,True,711.7,-5.91,False,
PCHEN23-W0ABC67_pchen23,16,15,39.49,12.15,0.308,576,30.0,2024-04-10 11:48:36,2024-05-19 23:29:40,0.5418,133.6,291.5,34,1064.0,10.64,1,100,1744,742.9,True,450.9,-4.36,False,
PEGGY_2,14,9,105.68,17.67,0.167,772,30.0,2023-11-07 17:42:11,2024-02-21 10:07:00,0.803,83.5,424.1,23,598.0,5.98,3,100,3467,831.5,True,186.0,-3.02,False,
PETER_pchen23,22,21,62.26,12.62,0.203,558,30.0,2026-01-14 14:19:42,2026-03-17 20:39:54,0.3296,203.0,302.8,39,1589.0,15.89,2,100,2339,76.0,True,607.8,-5.11,False,
PF3KG4XY_TP-Telemetry,37,3,173.84,31.5,0.181,1245,30.0,2024-07-24 13:25:19,2025-01-14 09:38:20,0.9792,15.7,756.1,5,78.0,0.78,6,100,19450,503.5,True,34.8,-2.22,False,
PF3MBEZV_TP-Telemetry,8,3,26.04,6.74,0.259,257,30.0,2024-11-20 17:19:10,2024-12-16 18:15:03,0.9136,14.0,161.7,4,227.0,2.27,2,100,15504,532.1,True,162.6,-0.73,False,
PF3MBQME_TP-Telemetry,15,1,110.01,13.42,0.122,510,30.0,2024-07-24 18:16:00,2024-11-11 18:33:06,0.9766,7.5,322.1,3,22.0,0.22,76,100,14611,567.1,True,27.2,-0.78,False,
PF3MC003_TP-Telemetry,5,2,75.89,9.48,0.125,381,30.0,2024-07-26 16:11:25,2024-10-10 13:36:19,0.922,17.8,227.5,5,97.0,0.97,39,100,6238,599.3,True,77.1,-1.03,True,LOGGING_STOPPED
PF3MC0GA_TP-Telemetry,4,1,140.28,18.56,0.132,669,30.0,2024-07-26 12:28:36,2024-12-13 19:05:55,0.9713,12.8,445.4,4,32.0,0.32,75,100,10132,535.1,True,19.7,-0.68,True,LOGGING_STOPPED
PF3MDFBG_TP-Telemetry,21,0,55.79,9.18,0.164,327,30.0,2024-11-19 14:41:18,2025-01-14 09:39:08,0.9768,5.1,220.2,2,36.0,0.36,62,100,27578,503.5,True,0.0,0.36,False,
PF3MDFJC_TP-Telemetry,5,2,123.9,25.93,0.209,1070,30.0,2024-07-24 10:49:27,2024-11-25 08:31:28,0.971,18.1,622.3,5,58.0,0.58,3,100,12067,553.5,True,28.2,-1.42,True,LOGGING_STOPPED
PF3MDXHT_TP-Telemetry,4,1,110.88,17.09,0.154,694,30.0,2024-07-23 17:12:48,2024-11-11 14:21:34,0.9623,15.5,410.0,4,42.0,0.42,68,100,3161,567.3,True,21.4,-0.58,True,LOGGING_STOPPED
PF3MF7LQ_TP-Telemetry,3,1,24.21,6.45,0.267,234,30.0,2024-11-19 14:33:25,2024-12-13 19:29:18,0.941,9.1,154.8,2,26.0,0.26,63,100,6990,535.1,True,56.6,-0.74,True,LOGGING_STOPPED
PF3QE5N0_TP-Telemetry,11,3,26.18,7.07,0.27,270,30.0,2024-11-20 13:57:26,2024-12-16 18:22:45,0.9768,3.9,169.7,2,79.0,0.79,2,100,13437,532.1,True,155.0,-2.21,False,
PF6299VT_LIP,5,3,52.33,41.57,0.794,2009,30.0,2026-02-17 02:29:15,2026-04-10 10:26:10,0.9918,8.2,997.7,1,10.0,0.1,86,100,2821,52.4,False,26.4,-2.9,True,AC_BOUND
PF62AGYW_LIP,13,13,104.51,87.21,0.834,4201,30.0,2026-02-16 21:01:27,2026-06-01 09:17:42,0.9933,14.1,2093.1,1,3.0,0.03,71,100,4270,0.5,False,54.4,-12.97,False,
PF62AL6S_LIP,4,3,103.01,86.61,0.841,4165,30.0,2026-02-18 09:04:49,2026-06-01 09:17:20,0.9945,11.4,2078.5,2,19.0,0.19,83,100,4272,0.5,False,12.7,-2.81,True,AC_BOUND
PF62APQP_LIP,2,1,52.34,41.56,0.794,2009,30.0,2026-02-17 02:35:08,2026-04-10 10:42:19,0.9928,7.2,997.4,0,0.0,0.0,48,100,3035,52.4,False,8.8,-1.0,True,AC_BOUND
PF62APRB_LIP,3,2,103.79,86.59,0.834,4168,30.0,2026-02-17 14:19:26,2026-06-01 09:17:09,0.9941,12.3,2078.2,1,6.0,0.06,88,100,4276,0.5,False,8.4,-1.94,True,AC_BOUND
PHAYES-PF4H9L6S_PHAYES,40,40,175.13,64.69,0.369,2423,30.0,2023-08-17 11:11:43,2024-02-08 14:13:41,0.8051,302.6,1552.6,116,1733.0,17.33,19,100,4718,844.3,True,225.8,-22.67,False,
PHAYES-PF62TDKH_PHAYES,13,12,133.18,67.55,0.507,2685,30.0,2026-01-15 11:06:27,2026-05-28 15:20:03,0.8775,198.6,1621.2,59,890.0,8.9,14,100,4079,4.2,False,64.9,-3.1,False,
PHIL_pjjakes,152,73,293.16,61.72,0.211,2144,30.0,2025-01-15 14:18:33,2025-11-04 18:12:24,0.3887,905.4,1481.2,199,5537.0,55.37,2,100,0,209.1,True,432.0,-17.63,False,
PHIL_pweinstein,84,84,385.0,139.2,0.362,4844,30.0,2025-05-06 14:29:42,2026-05-26 14:31:14,0.7368,879.4,3340.8,190,6283.0,62.83,1,100,9412,6.3,False,220.4,-21.17,False,
PHOULBROOKE-DFV_phoulbrooke,2,1,29.31,20.23,0.69,923,30.0,2026-04-30 11:12:49,2026-05-29 18:33:47,0.958,20.4,485.5,1,7.0,0.07,82,100,2116,3.1,False,18.1,-0.93,True,RECENTLY_STARTED
PHOVEY-PW0KPSPG_phovey,14,12,239.0,41.37,0.173,1527,30.0,2025-09-02 13:25:37,2026-04-29 13:24:21,0.8968,102.4,992.8,14,245.0,2.45,3,100,6182,33.3,False,105.9,-9.55,False,
PJJAKES-F3SKNHW_pjjakes,54,53,160.22,64.49,0.403,2142,30.0,2023-09-28 08:19:38,2024-03-06 13:36:57,0.4871,793.8,1547.9,173,4352.0,43.52,5,100,4878,817.3,True,300.2,-9.48,False,
PJJAKES-F4QW4SK_pjjakes,120,119,747.21,75.74,0.101,3454,30.0,2024-03-14 07:50:53,2026-03-31 12:56:50,0.5957,735.0,1817.8,258,8425.0,84.25,1,100,18338,62.3,True,573.9,-34.75,False,
PJJAKES-F5B1GVP_pjjakes,11,9,39.87,7.39,0.185,267,30.0,2025-01-09 14:39:33,2025-02-18 11:31:58,0.3433,116.4,177.3,25,610.0,6.1,27,100,514,468.4,True,444.8,-2.9,False,
PJJAKES-F5HTSDQ_pjjakes,109,108,356.83,67.28,0.189,2468,30.0,2025-05-27 13:12:32,2026-05-19 09:07:40,0.3614,1031.2,1614.8,250,7615.0,76.15,2,100,9280,13.5,False,586.3,-31.85,False,
PJJAKES-F63ATFB_X1,25,23,34.26,14.69,0.429,543,30.0,2026-01-14 10:23:40,2026-02-17 16:35:14,0.4771,184.3,352.6,55,1832.0,18.32,7,100,1841,104.2,True,571.9,-4.68,False,
PJJAKES-F63ATFB_pjjakes,17,15,21.14,9.69,0.458,342,30.0,2026-01-14 10:23:40,2026-02-04 13:43:40,0.4785,121.3,232.6,34,1196.0,11.96,7,100,1526,117.3,True,565.4,-3.04,False,
PJJAKES-W0C7DHV_pjjakes,54,51,90.27,44.97,0.498,1711,30.0,2024-08-23 09:46:32,2024-11-21 16:18:24,0.362,688.6,1079.3,156,4164.0,41.64,0,100,0,557.2,True,414.2,-9.36,False,
PMCINNIS-09S0XG_pmcinnis,176,175,577.35,105.38,0.183,4743,30.0,2024-02-16 07:09:59,2025-09-15 15:32:38,0.3614,1615.0,2529.1,312,15671.0,156.71,0,100,7794,259.2,True,606.6,-18.29,False,
PPOOJA-PW0C7CJW_ppooja,34,33,109.85,32.96,0.3,1029,30.0,2024-07-24 11:29:46,2024-11-11 07:57:20,0.2622,583.7,791.2,66,2961.0,29.61,0,100,0,567.5,True,365.7,-3.39,False,
PQM-AN1-BETA_hels,101,100,133.06,48.28,0.363,2336,28.7,2026-01-07 15:47:46,2026-05-20 17:20:30,0.5647,504.4,1158.7,196,5273.0,52.73,1,100,3320,12.1,False,756.5,-47.27,False,
PQM-BETA_frank,105,100,426.15,105.06,0.247,4388,30.0,2025-03-12 12:01:33,2026-05-12 15:44:17,0.575,1071.6,2521.6,318,6173.0,61.73,0,100,11854,20.2,False,347.7,-38.27,False,
PQM-BETA_hels,15,10,14.72,6.97,0.473,5710,0.1,2025-12-08 15:10:12,2025-12-23 08:28:39,0.5256,79.4,167.3,20,463.0,4.63,24,100,721,160.5,True,524.0,-5.37,False,
PQM_tianx,13,11,58.12,9.85,0.17,387,30.0,2026-01-21 13:55:28,2026-03-20 16:53:31,0.481,122.7,236.5,24,814.0,8.14,2,100,2044,73.2,True,407.9,-2.86,False,
PR2-SVT-M1_MARUICHIT,11,2,127.76,13.87,0.109,422,30.0,2023-08-07 14:53:43,2023-12-13 09:10:12,0.9657,11.4,332.8,3,22.0,0.22,76,100,15108,901.5,True,52.7,-1.78,False,
PRAMINENI-00010_pramineni,11,8,76.98,15.84,0.206,915,10.2,2025-07-07 11:08:44,2025-09-22 10:45:35,0.5677,164.3,380.1,24,710.0,7.1,1,100,2882,252.4,True,184.5,-0.9,False,
PRIMUS_tscott2,124,121,396.83,135.76,0.342,4876,30.0,2023-03-16 15:15:16,2024-04-16 11:08:40,0.5069,1606.7,3258.2,270,10128.0,101.28,4,100,9887,776.4,True,325.5,-19.72,False,
PSCHMIDT1-00044_pschmidt1,6,2,15.73,6.81,0.433,349,26.7,2026-05-05 15:20:50,2026-05-21 08:49:13,0.6771,52.8,163.5,11,107.0,1.07,68,100,1620,11.5,False,107.3,-0.93,False,
PW05SGBF_LIP-Telemetry,3,0,49.17,16.19,0.329,649,30.0,2025-03-07 10:41:00,2025-04-25 14:45:36,0.9819,7.0,388.5,1,11.0,0.11,64,84,15768,402.3,True,0.0,0.11,True,LOGGING_STOPPED
PW05SGBG_LIP-Telemetry,3,0,49.04,16.05,0.327,680,30.0,2025-03-07 13:46:30,2025-04-25 14:45:59,0.9757,9.4,385.3,3,19.0,0.19,69,83,16409,402.3,True,0.0,0.19,True,LOGGING_STOPPED
PW06AQ17_LIP-Telemetry,3,1,51.44,18.66,0.363,762,30.0,2025-03-07 11:31:51,2025-04-27 22:05:00,0.8011,89.1,447.8,3,23.0,0.23,69,88,1405,400.0,True,19.6,-0.77,True,LOGGING_STOPPED
PW06AQ1F_LIP-Telemetry,3,1,55.98,20.35,0.364,857,30.0,2025-02-27 17:28:16,2025-04-24 16:54:17,0.9714,14.0,488.4,3,48.0,0.48,50,86,1487,403.2,True,17.9,-0.52,True,LOGGING_STOPPED
PW0KZBL0_LIP,2,1,12.97,7.64,0.589,372,30.0,2026-05-12 10:42:00,2026-05-25 09:55:53,1.0,0.0,183.3,0,0.0,0.0,95,100,6387,7.5,False,47.8,-1.0,True,RECENTLY_STARTED
PW0KZBLW_LIP,1,0,12.94,7.65,0.591,389,30.0,2026-05-12 10:41:57,2026-05-25 09:11:09,0.9796,3.7,183.6,1,3.0,0.03,91,100,6372,7.5,False,0.0,0.03,True,RECENTLY_STARTED
PW0KZBMA_LIP,1,0,12.86,7.58,0.59,368,30.0,2026-05-12 13:57:30,2026-05-25 10:41:37,1.0,0.0,182.0,0,0.0,0.0,93,100,6452,7.4,False,0.0,0.0,True,RECENTLY_STARTED
PW0KZBVB_LIP,2,1,12.97,7.64,0.589,370,30.0,2026-05-12 11:16:41,2026-05-25 10:27:01,0.9741,4.7,183.3,1,3.0,0.03,83,100,6426,7.4,False,47.8,-0.97,True,RECENTLY_STARTED
QCOM-DCV40DDOIB_jowill,25,23,110.82,74.32,0.671,3759,30.0,2024-07-10 12:43:07,2024-10-29 08:27:49,0.8389,287.4,1783.7,91,952.0,9.52,2,100,0,580.5,True,113.0,-13.48,False,
QCOM-MDUXZELAOC_mikejp,44,42,208.49,68.02,0.326,3315,30.0,2024-07-22 09:36:09,2025-02-15 21:20:05,0.8382,264.1,1632.4,51,788.0,7.88,1,100,0,471.0,True,225.5,-34.12,False,
QCOM-YQK1OVIMJV_dereks,5,4,27.98,8.87,0.317,420,30.0,2024-07-10 10:45:42,2024-08-07 10:20:05,0.7194,59.7,212.8,12,193.0,1.93,48,100,0,663.4,True,164.7,-2.07,True,LOGGING_STOPPED
RADACHI-F5AL4EK_radachi,20,19,102.51,27.83,0.271,1043,30.0,2026-02-11 20:33:49,2026-05-25 08:45:23,0.639,241.1,667.8,31,1678.0,16.78,1,100,11618,7.5,False,249.4,-2.22,False,
RANDERSON4-Q4VG_randerson4,14,13,378.01,103.06,0.273,4738,30.0,2025-05-13 14:46:19,2026-05-26 14:53:34,0.9614,95.4,2473.3,16,218.0,2.18,36,100,9707,6.3,False,46.1,-10.82,False,
RAY-X1-9_Ratan,586,485,757.3,388.16,0.513,18888,30.0,2023-02-08 09:01:35,2025-03-06 16:09:54,0.6592,3174.5,9315.8,1067,32267.0,322.67,0,100,23177,452.2,True,456.4,-162.33,False,
RBULLARD-4S7F11_rbullard,17,16,231.13,75.07,0.325,2703,30.0,2024-01-30 12:08:18,2024-09-17 15:19:23,0.8316,303.3,1801.6,99,705.0,7.05,2,100,5950,622.2,True,77.8,-8.95,False,
RCLEMENTS-DS3BG_rclements,35,33,153.75,51.29,0.334,2058,30.0,2025-01-23 15:51:18,2025-06-26 09:48:39,0.6111,478.6,1230.9,112,2490.0,24.9,2,100,5068,340.5,True,235.0,-8.1,False,
RDONAHUE-0A2BYP_rdonahue,136,134,490.47,165.18,0.337,7399,30.0,2024-03-20 08:11:20,2025-07-23 19:27:01,0.7609,947.9,3964.3,362,11198.0,111.98,2,100,12402,313.1,True,296.3,-22.02,False,
RLOTRINIA-A7W6D_rlotrinia,105,105,956.98,201.57,0.211,9172,30.0,2023-02-03 11:08:17,2025-09-17 10:41:49,0.8861,551.2,4837.8,191,3733.0,37.33,1,100,32486,257.4,True,190.3,-67.67,False,
RMCCARTHY2-0063_rmccarthy2,43,42,287.93,79.5,0.276,2564,30.0,2025-03-20 11:15:02,2026-01-02 09:30:19,0.5945,773.7,1908.1,147,3179.0,31.79,1,100,7143,150.5,True,193.0,-10.21,False,
RMCFADDEN1-S8MT_rmcfadden1,147,145,338.86,278.32,0.821,13961,30.0,2025-05-12 15:23:00,2026-04-16 11:56:47,0.8505,998.8,6679.8,342,10756.0,107.56,1,100,8948,46.4,False,190.3,-37.44,False,
ROBBIET-F67BA37_robbiet,10,9,36.83,9.07,0.246,252,30.0,2026-04-20 15:50:46,2026-05-27 11:45:55,0.2782,157.1,217.7,22,918.0,9.18,15,100,1881,5.4,False,362.4,0.18,False,
ROCK_yuqj1,9,7,29.84,10.38,0.348,426,30.0,2024-11-25 14:02:18,2024-12-25 10:05:50,0.7186,70.1,249.1,22,548.0,5.48,2,100,1716,523.5,True,246.3,-1.52,False,
ROROSAS-F4HH26Y_rorosas,103,102,749.41,160.56,0.214,4866,30.0,2023-08-17 11:40:35,2025-09-04 21:27:08,0.6003,1540.1,3853.5,264,5022.0,50.22,15,100,18494,270.0,True,232.0,-51.78,False,
ROROSAS-W0BX6X0_rorosas,46,43,285.07,84.88,0.298,2913,30.0,2024-07-31 13:04:57,2025-05-12 14:43:38,0.5982,818.5,2037.2,143,3145.0,31.45,0,100,0,385.3,True,185.0,-11.55,False,
RPHILLIPS1-MR01_rphillips1,40,37,224.02,160.6,0.717,7861,30.0,2025-10-13 15:25:48,2026-05-25 15:47:51,0.9253,287.7,3854.5,72,2119.0,21.19,4,100,5975,7.2,False,84.1,-15.81,False,
RSEKINOXF43CNVB_rsekino,211,197,663.9,176.62,0.266,8027,30.0,2023-06-06 14:57:25,2025-03-31 12:34:03,0.6165,1625.6,4239.0,476,12617.0,126.17,6,100,19214,427.3,True,407.4,-70.83,False,
RTWALL-PF4JTB8S_rtwall,79,76,287.91,149.27,0.518,5534,30.0,2023-10-12 10:53:15,2024-07-26 08:45:40,0.7453,912.5,3582.4,178,6858.0,68.58,2,100,7751,675.5,True,186.0,-7.42,False,
RUBYHE_HEHP,38,35,383.95,88.78,0.231,3019,30.0,2024-11-12 09:22:17,2025-12-01 08:10:56,0.7069,624.4,2130.8,151,2443.0,24.43,10,100,10597,182.5,True,144.0,-10.57,False,
RUMBLE_zawacki,11,10,69.87,9.07,0.13,399,30.0,2024-04-11 11:01:31,2024-06-20 07:54:23,0.2518,162.9,217.7,20,884.0,8.84,15,100,2482,711.5,True,402.7,-1.16,False,
RUSSELL_rgantman,5,3,28.93,13.75,0.475,589,30.0,2026-04-30 11:08:23,2026-05-29 09:33:09,0.9378,20.5,330.0,8,110.0,1.1,54,100,2092,3.5,False,79.7,-1.9,True,RECENTLY_STARTED
SADACHI1-4H67H3_sadachi1,147,147,279.64,39.48,0.141,1912,30.0,2023-12-25 17:26:40,2024-09-30 08:46:50,0.768,219.9,947.6,137,5989.0,59.89,5,100,10122,609.5,True,1360.0,-87.11,False,
SAYINGZIYIN_yinsyz1,103,72,618.64,310.39,0.502,15062,30.0,2023-02-14 10:41:19,2024-10-25 01:56:21,0.9523,355.2,7449.4,123,4977.0,49.77,0,100,17840,584.8,True,84.7,-22.23,False,
SBARATAM-000032_sbaratam,13,12,169.13,11.46,0.068,418,30.0,2025-03-20 10:15:03,2025-09-05 13:17:39,0.4084,162.7,275.0,42,823.0,8.23,1,100,4419,269.3,True,382.5,-3.77,False,
SBLEAKLEY-742XA_sbleakley,6,5,34.89,20.6,0.591,959,30.0,2026-04-22 13:21:34,2026-05-27 10:37:31,0.804,96.9,494.4,27,310.0,3.1,58,100,1881,5.4,False,88.7,-1.9,False,
SDESCHENES-FH3M_sdeschenes,673,669,889.67,320.81,0.361,12086,30.0,2023-06-06 16:03:55,2025-11-12 08:04:53,0.6355,2806.5,7699.5,799,29818.0,298.18,0,100,22991,201.5,True,761.7,-370.82,False,
SDILLARD1-2S9T3_sdillard1,29,28,124.81,31.68,0.254,1189,30.0,2026-01-14 13:19:15,2026-05-19 08:43:43,0.3682,480.3,760.3,60,2131.0,21.31,1,100,3589,13.5,False,322.8,-6.69,False,
SDILLARD1-GR30Q_sdillard1,53,51,196.85,47.6,0.242,1567,30.0,2025-06-04 15:17:09,2025-12-18 11:42:34,0.4321,648.8,1142.4,112,4610.0,46.1,6,100,5904,165.4,True,391.3,-4.9,False,
SHAUSER-F62JTB9_shauser,4,3,21.97,6.49,0.296,242,30.0,2026-01-14 11:20:38,2026-02-05 10:30:24,0.7327,41.6,155.8,10,306.0,3.06,23,100,1406,116.4,True,168.8,0.06,True,LOGGING_STOPPED
SHAUSER-W0J2TNX_shauser,28,27,140.03,36.21,0.259,1227,30.0,2025-08-25 14:41:40,2026-01-12 15:21:03,0.676,281.6,869.0,46,2162.0,21.62,1,100,5523,140.2,True,272.3,-5.38,False,
SHIGE_MS2ARL,29,28,105.24,28.32,0.269,1132,30.0,2025-05-13 10:48:07,2025-08-26 16:27:18,0.5939,276.0,679.7,95,1735.0,17.35,31,100,5363,279.2,True,361.1,-10.65,False,
SHIGE_TH1,27,26,51.86,18.46,0.356,891,23.9,2023-12-19 14:23:34,2024-02-09 11:05:17,0.3858,272.1,443.0,83,1824.0,18.24,2,100,2275,843.4,True,514.4,-7.76,False,
SHIGE_TH1SVT,108,106,318.92,78.15,0.245,3307,29.4,2024-02-08 13:04:39,2024-12-23 11:05:26,0.3653,1190.3,1875.5,313,7904.0,79.04,0,100,8245,525.4,True,495.4,-26.96,False,
SHIGUCHI-3_shiguchi,5,4,125.71,13.99,0.111,446,30.0,2024-01-16 16:34:32,2024-05-21 09:30:16,0.8664,44.9,335.8,5,146.0,1.46,19,100,3780,741.5,True,104.4,-2.54,True,LOGGING_STOPPED
SITZ13G2JN5BETA_jnunez5,41,39,161.75,21.9,0.135,932,30.0,2023-05-15 15:48:16,2023-10-24 09:48:31,0.4903,267.9,525.6,60,1997.0,19.97,1,100,1861,951.5,True,650.4,-19.03,False,
SIWAI-PF43AVX9_siwai,209,209,469.61,170.22,0.362,7074,30.0,2023-03-24 15:09:12,2024-07-06 05:45:06,0.462,2198.0,4085.3,511,14380.0,143.8,0,100,12918,695.6,True,448.5,-65.2,False,
SIWAI-PF462GGQ_localuser,256,47,114.2,41.7,0.365,1616,30.0,2024-07-06 06:57:56,2024-10-28 11:52:16,0.4999,500.5,1000.7,122,3044.0,30.44,7,100,15577,581.4,True,411.7,-16.56,False,
SIWAI-PF462GGQ_siwai,252,43,107.36,38.03,0.354,1459,30.0,2024-07-06 06:57:56,2024-10-21 15:29:34,0.4999,456.4,912.6,113,2809.0,28.09,7,100,15418,588.2,True,413.0,-14.91,False,
SIWAI-PF5P5JF7_siwai,33,33,165.18,57.47,0.348,2445,30.0,2025-12-18 10:49:06,2026-06-01 15:09:59,0.5905,564.9,1379.4,153,2433.0,24.33,16,100,4017,0.2,False,209.7,-8.67,False,
SKADUKUNTLA-MTB_skadukuntla,24,22,221.04,182.16,0.824,9157,30.0,2025-06-24 13:48:07,2026-01-31 14:44:13,0.9378,272.1,4371.8,78,1516.0,15.16,2,100,6956,121.3,True,44.1,-6.84,False,
SKAWANO-F2PXEKF_seiuchi,486,89,161.8,49.3,0.305,2600,26.2,2023-07-26 16:16:26,2024-01-04 11:23:33,0.5884,487.0,1183.2,175,5290.0,52.9,2,100,24192,879.4,True,659.4,-36.1,False,
SKAWANO-F2PXEKF_skawano,491,94,330.96,51.02,0.154,2657,26.5,2023-07-26 16:16:26,2024-06-21 15:15:06,0.5904,501.6,1224.6,177,5315.0,53.15,2,100,28208,710.2,True,672.9,-40.85,False,
SKEENER-W0A2BT8_skeener,294,292,791.14,276.38,0.349,15550,30.0,2024-03-27 10:09:06,2026-05-27 13:28:12,0.6503,2319.6,6633.1,639,22662.0,226.62,0,100,19617,5.3,False,385.9,-65.38,False,
SKOYAMA-F2Q1LZA_skoyama,242,31,559.95,48.41,0.086,2302,30.0,2023-02-06 15:01:07,2024-08-19 13:45:45,0.8871,131.2,1161.8,64,1724.0,17.24,15,100,29840,651.3,True,233.9,-13.76,False,
SLO10-PF68EAMW_slo10,9,6,51.04,25.54,0.5,1126,30.0,2026-04-06 14:18:07,2026-05-27 15:09:59,0.9222,47.7,613.0,12,304.0,3.04,6,100,2510,5.2,False,85.8,-2.96,False,
SORIDE-50000008_soride,4,3,100.72,13.77,0.137,688,30.0,2024-02-13 16:35:07,2024-05-24 09:52:17,0.9018,32.5,330.4,21,174.0,1.74,80,100,3084,738.5,True,79.6,-1.26,True,LOGGING_STOPPED
SPAVLIC-F66MQCF_SPAVLIC,10,7,27.01,13.17,0.487,478,30.0,2026-05-05 14:19:48,2026-06-01 14:34:52,0.6833,100.1,316.0,24,574.0,5.74,17,100,2141,0.3,False,194.1,-1.26,False,
SPETERSEN2-SBS6_spetersen2,7,7,34.77,8.45,0.243,326,30.0,2025-06-04 15:08:12,2025-07-09 09:35:45,0.6231,76.4,202.8,16,441.0,4.41,28,100,1982,327.5,True,302.6,-2.59,False,
SPOSHAR-W0J2TP0_sposhar,114,113,280.03,93.23,0.333,3241,30.0,2025-08-25 14:41:42,2026-06-01 15:26:19,0.3963,1350.7,2237.4,244,8704.0,87.04,4,100,8888,0.2,False,442.7,-25.96,False,
SSPINNER-000090_sspinner,214,214,434.09,121.84,0.281,4791,30.0,2025-03-20 11:15:03,2026-05-28 13:18:50,0.3531,1891.7,2924.3,343,17321.0,173.21,1,100,10583,4.3,False,641.5,-40.79,False,
SSUGIMOTO2-0011_ssugimoto2,3,1,15.18,5.02,0.331,271,30.0,2025-06-23 14:45:23,2025-07-08 19:02:49,0.8477,18.4,120.6,7,100.0,1.0,62,100,1128,328.1,True,72.8,0.0,True,LOGGING_STOPPED
SSUGIMOTO2-6_ssugimoto2,42,39,472.83,70.78,0.15,2998,30.0,2024-02-22 13:21:24,2025-06-09 09:15:30,0.5949,688.1,1698.8,190,3035.0,30.35,15,100,12122,357.5,True,201.3,-8.65,False,
SSUGIMOTO2-7_ssugimoto2,35,32,722.13,140.77,0.195,6660,30.0,2024-05-21 10:12:14,2026-05-13 13:14:12,0.897,347.9,3378.5,136,2281.0,22.81,11,100,17803,19.3,False,83.0,-9.19,False,
SSUGIMOTO2-PSSK_ssugimoto2,23,21,253.0,55.78,0.22,2703,30.0,2025-09-04 09:58:55,2026-05-15 10:01:16,0.8754,166.8,1338.7,67,1181.0,11.81,2,100,6563,17.5,False,137.5,-9.19,False,
STAHAMTAN-MLH1C_stahamtan,112,110,896.07,265.06,0.296,9516,30.0,2023-12-14 10:11:34,2026-05-28 11:55:25,0.8022,1258.4,6361.5,324,8044.0,80.44,3,100,22192,4.4,False,151.6,-29.56,False,
STEVENLONG-EKAH_stevenlong,30,27,115.1,30.47,0.265,906,30.0,2024-12-16 06:56:12,2025-04-10 09:27:22,0.6108,284.6,731.3,68,1979.0,19.79,16,100,3893,417.5,True,323.7,-7.21,False,
STEVENLONG-XACV_stevenlong,37,37,105.89,31.9,0.301,903,30.2,2024-04-22 10:24:36,2024-08-06 07:52:38,0.3882,468.4,765.6,88,2868.0,28.68,2,100,4496,664.5,True,423.6,-8.32,False,
SUGAP-PF2QQVFQ_SUGAP,501,244,368.2,200.55,0.545,8759,30.0,2023-02-03 12:45:16,2024-02-06 17:26:59,0.7215,1340.7,4813.3,363,11012.0,110.12,3,100,24914,846.1,True,444.4,-133.88,False,
SWIGGINS-0HBMT4_swiggins,168,167,336.05,124.3,0.37,4820,30.0,2025-06-24 13:58:03,2026-05-26 15:03:02,0.5211,1428.7,2983.1,365,13465.0,134.65,2,100,9797,6.2,False,490.7,-32.35,False,
SYADAVILLI-NH12_syadavilli,103,101,224.01,117.44,0.524,6158,30.0,2025-10-13 15:32:51,2026-05-25 15:47:55,0.8366,460.6,2818.5,195,6915.0,69.15,0,100,5946,7.2,False,314.1,-31.85,False,
SYAMAKI-9000027_s,5,3,37.7,16.32,0.433,700,30.0,2024-09-10 20:20:30,2024-10-18 13:06:23,0.7196,109.9,391.7,24,156.0,1.56,76,100,0,591.3,True,67.1,-1.44,True,LOGGING_STOPPED
SYANG30-W0KZBQZ_syang30,77,74,236.14,110.29,0.467,5795,30.0,2025-09-15 14:17:58,2026-05-09 17:33:02,0.5921,1079.8,2646.9,163,4735.0,47.35,2,100,6063,23.1,False,245.1,-26.65,False,
SYD6_zf,4,3,14.33,6.38,0.445,314,30.0,2024-01-10 10:37:17,2024-01-24 18:30:54,0.7982,30.9,153.1,9,201.0,2.01,29,100,888,859.1,True,171.7,-0.99,True,LOGGING_STOPPED
T14S-GEN5-REX_shensl3,217,214,515.49,212.54,0.412,8842,30.0,2024-04-30 21:02:18,2025-09-28 08:42:28,0.6216,1930.2,5101.0,537,15208.0,152.08,4,100,14131,246.5,True,367.8,-61.92,False,
T14S2IN1_robbiet,28,28,89.78,27.73,0.309,858,30.0,2025-05-13 20:07:00,2025-08-11 14:43:08,0.2541,496.4,665.4,65,2274.0,22.74,2,100,2682,294.3,True,368.8,-5.26,False,
T14SG5-CBLI_cblindenbacher,72,69,839.34,236.11,0.281,7136,30.0,2024-02-09 13:47:39,2026-05-28 22:01:52,0.847,866.7,5666.5,168,5418.0,54.18,2,100,21706,4.0,False,106.7,-14.82,False,
TAJISAKA-49SXPJ_tajisaka,128,128,965.97,299.58,0.31,14183,30.0,2023-05-25 09:41:51,2026-01-15 09:01:57,0.9385,441.9,7189.9,312,6855.0,68.55,6,100,22505,137.5,True,156.1,-59.45,False,
TBERDAR-F4G0ASQ_tberdar,76,74,182.12,51.37,0.282,2400,30.0,2023-08-03 12:33:41,2024-02-01 15:28:12,0.6479,434.1,1232.9,117,5761.0,57.61,4,100,5465,851.2,True,526.2,-16.39,False,
TBERDAR-F4RM5MK_tberdar,42,41,119.18,40.48,0.34,1653,30.0,2024-02-06 09:29:32,2024-06-04 13:51:30,0.5617,425.9,971.6,85,3222.0,32.22,8,100,3296,727.3,True,369.9,-8.78,False,
TBERDAR-F5DC8CG_tberdar,129,128,413.07,113.77,0.275,4285,30.0,2025-01-13 11:27:15,2026-03-02 13:10:31,0.5746,1161.5,2730.4,237,8805.0,88.05,2,100,10414,91.3,True,410.9,-39.95,False,
TBERDAR-F62QQCF_tberdar,44,43,126.12,37.76,0.299,1622,30.0,2026-01-14 13:09:14,2026-05-20 15:55:39,0.2811,651.4,906.2,93,3632.0,36.32,2,100,3791,12.2,False,415.9,-6.68,False,
TCHONAN-F49QH11_tchonan,241,238,467.12,180.17,0.386,9717,30.0,2023-02-02 15:13:37,2024-05-14 18:03:33,0.6703,1425.8,4324.1,629,17730.0,177.3,0,100,12320,748.1,True,482.5,-60.7,False,
THAMES2BESVT_apham,10,10,75.94,23.8,0.313,968,30.0,2025-01-29 10:34:04,2025-04-15 09:05:54,0.7867,121.8,571.2,30,458.0,4.58,28,100,2781,412.5,True,153.5,-5.42,False,
THAMES2EEPSVT_apham,10,9,66.32,36.45,0.55,1518,30.0,2024-10-07 14:28:58,2024-12-12 22:03:45,0.8722,111.8,874.9,31,477.0,4.77,29,100,2120,536.0,True,90.2,-4.23,False,
THAMES_SIT,16,15,146.9,55.01,0.375,2347,30.0,2023-08-31 10:48:40,2024-01-25 08:23:22,0.7886,279.1,1320.3,56,1110.0,11.1,12,100,3930,858.5,True,99.6,-3.9,False,
THANNA-PF3SLBYQ_thanna,41,40,759.3,459.63,0.605,21666,30.0,2023-09-07 15:10:23,2025-10-05 22:20:19,0.9693,338.2,11031.0,91,2844.0,28.44,6,100,18937,238.9,True,31.8,-11.56,False,
THANNA-PW0KQC0Y_thanna,61,60,266.0,171.5,0.645,8455,30.0,2025-09-02 11:03:48,2026-05-26 11:01:01,0.9443,229.3,4116.0,43,1348.0,13.48,1,100,6790,6.4,False,127.8,-46.52,False,
THANSON-F5NV1S7_thanson,97,95,252.01,77.66,0.308,2943,30.0,2025-09-17 15:13:32,2026-05-27 15:22:04,0.4245,1072.7,1863.8,178,8304.0,83.04,3,100,7462,5.2,False,446.8,-11.96,False,
TK-THAMES2_takay,57,56,331.67,80.35,0.242,3507,29.0,2025-02-08 21:00:57,2026-01-06 13:03:35,0.5806,808.7,1928.3,250,3202.0,32.02,6,100,10217,146.3,True,254.6,-23.98,False,
TKOIKE-PF43BEK1_tkoide,337,336,1154.12,201.66,0.175,8157,30.0,2023-03-28 14:14:03,2026-05-25 17:00:29,0.4977,2431.0,4839.7,613,20052.0,200.52,0,100,28896,7.2,False,608.6,-135.48,False,
TLIN29-PF4EHFCT_tlin29,54,52,280.1,140.14,0.5,5328,30.0,2023-08-24 12:08:37,2024-05-30 14:32:57,0.569,1449.7,3363.4,285,3743.0,37.43,20,100,7966,732.3,True,135.5,-14.57,False,
TM1SIT1XPF4LA6X_EEP,59,57,642.78,174.35,0.271,9150,30.0,2023-10-31 17:49:13,2025-08-04 12:26:35,0.7773,932.0,4184.5,207,3300.0,33.0,1,100,16782,301.4,True,119.4,-24.0,False,
TMIYAMOTO1-75C2_tmiyamoto1,40,38,42.01,16.35,0.389,911,25.0,2024-11-27 17:48:00,2025-01-08 18:06:01,0.4356,221.5,392.4,96,3028.0,30.28,1,100,4508,509.1,True,848.9,-7.72,False,
TMOCHIZUKI-FHMH_tmochizuki,9,4,312.26,9.24,0.03,449,30.0,2023-05-12 12:20:34,2024-03-19 18:39:05,0.9788,4.7,221.7,1,14.0,0.14,2,100,7477,804.1,True,158.1,-3.86,False,
TMORIWAKI-00019_tmoriwaki,86,83,273.86,208.3,0.761,10570,30.0,2024-02-27 21:30:11,2024-11-27 18:03:27,0.8811,594.6,4999.2,383,6909.0,69.09,5,100,7597,551.1,True,145.5,-13.91,False,
TNAKAMURA8-CRZW_tnakamura8,673,597,852.9,444.69,0.521,22422,30.0,2023-02-10 14:03:19,2025-06-12 11:45:15,0.6663,3561.8,10672.6,1270,34422.0,344.22,0,100,25074,354.4,True,490.4,-252.78,False,
TOM_thiller,32,29,363.98,139.7,0.384,4727,30.0,2025-05-27 14:35:57,2026-05-26 14:12:49,0.8629,459.8,3352.8,73,2027.0,20.27,6,100,9382,6.3,False,75.8,-8.73,False,
TP-X1C-G11_emmet,28,25,185.27,34.7,0.187,1896,16.2,2023-04-17 15:38:11,2023-10-19 22:02:22,0.6117,323.4,832.7,53,1317.0,13.17,1,100,5631,956.0,True,263.1,-11.83,False,
TPARRISH2-00047_tparrish2,15,12,84.94,12.23,0.144,506,30.0,2026-02-17 16:53:31,2026-05-13 15:22:06,0.5492,132.4,293.6,29,786.0,7.86,9,100,2367,19.2,False,358.4,-4.14,False,
TRICHARDSON-GP9_trichardson,140,136,660.99,192.69,0.292,6989,30.0,2023-07-21 11:53:27,2025-05-12 11:32:15,0.7021,1377.9,4624.6,335,10242.0,102.42,0,100,17881,385.4,True,257.8,-33.58,False,
TRICHARDSON-NKH_trichardson,39,36,238.04,72.35,0.304,2594,30.0,2025-09-30 10:52:57,2026-05-26 11:45:29,0.676,562.5,1736.4,87,2744.0,27.44,2,100,6934,6.4,False,181.7,-8.56,False,
TSCOTT2-F4RVJLS_tscott2,95,93,411.51,101.68,0.247,3643,30.0,2024-04-17 09:59:07,2025-06-02 22:10:34,0.4676,1299.2,2440.3,237,7517.0,75.17,1,100,10169,363.9,True,334.1,-17.83,False,
TSCOTT2-F58PHQH_tscott2,84,84,399.01,106.48,0.267,3704,30.0,2025-03-17 14:34:07,2026-04-20 14:41:41,0.5074,1259.0,2555.6,226,6428.0,64.28,6,100,9888,42.3,False,288.1,-19.72,False,
TSCOTT2-F5CERG3_tscott2,10,9,47.91,12.02,0.251,403,30.0,2025-01-23 16:18:21,2025-03-12 14:11:02,0.4736,151.8,288.4,30,629.0,6.29,27,100,2219,446.3,True,273.5,-2.71,False,
TSUZUKI26-9VQR2_tsuzuki26,350,350,840.32,245.91,0.293,12599,30.0,2023-06-16 11:27:47,2025-10-03 19:11:33,0.5913,2411.9,5901.9,791,24599.0,245.99,0,100,19640,241.1,True,519.9,-104.01,False,
TTARRATS-09S0Z9_ttarrats,13,11,182.11,78.14,0.429,3451,30.0,2024-02-16 07:10:32,2024-08-16 09:55:34,0.9906,17.7,1875.5,4,57.0,0.57,62,100,4795,654.5,True,51.4,-10.43,False,
TTOMIMATSU-DC3F_ttomimatsu,235,91,569.22,162.14,0.285,8315,30.0,2023-02-08 09:47:02,2024-08-30 15:00:16,0.8702,505.0,3891.4,237,5792.0,57.92,1,100,29536,640.2,True,205.0,-33.08,False,
TYLER_tparrish2,7,5,118.95,30.9,0.26,1208,30.0,2026-01-02 13:24:00,2026-05-01 12:10:30,0.8972,76.2,741.6,17,296.0,2.96,0,100,9027,31.4,False,59.1,-2.04,False,
UINABA-GM114QLP_uinaba,3,3,20.07,6.35,0.316,295,30.0,2026-04-02 14:18:24,2026-04-22 16:05:04,0.6108,59.3,152.3,22,129.0,1.29,74,100,7220,40.2,False,172.6,-1.71,True,RECENTLY_STARTED
VBARONE-F67TWPP_vbarone,3,1,14.08,7.26,0.516,272,30.0,2026-05-11 09:57:06,2026-05-25 11:49:23,0.8212,31.2,174.3,6,97.0,0.97,49,100,1591,7.4,False,50.3,-0.03,True,RECENTLY_STARTED
VISHNU_vkotipalli1,42,39,266.92,34.9,0.131,897,30.0,2025-09-02 14:13:08,2026-05-27 12:13:50,0.3506,543.9,837.6,55,3173.0,31.73,0,100,5863,5.4,False,408.2,-7.27,False,
VSHARAK-F66KN1E_vsharak,4,2,8.07,5.77,0.715,256,30.0,2026-04-30 11:16:05,2026-05-08 12:59:07,0.7468,35.1,138.4,3,228.0,2.28,5,100,1589,24.3,False,126.6,0.28,True,RECENTLY_STARTED
WANGLYB-5FGJED_wanglyb,40,39,130.0,56.18,0.432,2201,30.0,2025-03-14 10:47:19,2025-07-22 10:50:42,0.7145,384.9,1348.3,102,2365.0,23.65,2,100,3184,314.4,True,253.6,-15.35,False,
WANGTC3-F4210KH_wangtc3,177,152,851.86,414.42,0.486,14092,30.0,2023-02-09 13:57:03,2025-06-10 10:31:49,0.9416,580.4,9946.1,132,6642.0,66.42,0,100,23673,356.4,True,134.0,-85.58,False,
WCARTER-F3SKVGA_wcarter,22,21,304.82,29.91,0.098,1154,30.0,2023-09-07 15:10:14,2024-07-08 10:45:56,0.6207,272.3,717.9,32,1426.0,14.26,2,100,7060,693.4,True,256.4,-6.74,False,
WCHANG11-4C429A_wchang11,48,46,1071.0,232.91,0.217,9304,30.0,2023-06-21 15:14:14,2026-05-27 15:15:12,0.9014,551.2,5589.9,175,3480.0,34.8,14,100,27002,5.2,False,72.1,-11.2,False,
WCHANG11-4Y8ZWG_wchang11,72,69,700.19,104.62,0.149,3670,30.0,2024-06-17 11:42:22,2026-05-18 16:17:41,0.5523,1124.1,2511.0,179,3598.0,35.98,17,100,17985,14.2,False,240.9,-33.02,False,
WFELTER-F5HN5KV_wfelter,33,31,187.59,65.47,0.349,2251,30.0,2025-11-12 15:42:06,2026-05-19 05:57:39,0.7926,325.9,1571.2,69,1781.0,17.81,9,100,5774,13.6,False,172.9,-13.19,False,
WII-PF67AM0B_wii,4,2,27.77,8.37,0.301,293,30.0,2026-05-04 15:20:38,2026-06-01 09:56:37,0.8502,30.1,200.8,5,57.0,0.57,65,100,2023,0.5,False,87.3,-1.43,True,RECENTLY_STARTED
WOMALLEY-55RJ32_womalley,170,168,392.02,144.55,0.369,5315,30.0,2025-04-22 15:15:28,2026-05-19 15:39:13,0.5014,1729.6,3469.1,361,14221.0,142.21,2,100,10233,13.2,False,424.5,-25.79,False,
WSHX016709_Lenovo,52,3,58.45,22.05,0.377,1077,30.0,2025-04-15 11:00:59,2025-06-12 21:45:01,0.9018,52.0,529.2,8,214.0,2.14,31,100,5736,354.0,True,49.7,-0.86,False,
X1-CARBON-G12_hewei,28,28,133.05,45.47,0.342,1993,30.0,2024-09-27 14:51:10,2025-02-07 16:09:05,0.7938,225.0,1091.2,62,1649.0,16.49,1,100,3696,479.2,True,224.9,-11.51,False,
X1-LNL-BE-SIT_mripp,13,12,66.67,24.06,0.361,996,30.0,2024-11-22 16:41:07,2025-01-28 08:47:09,0.697,175.0,577.4,36,775.0,7.75,6,100,2676,489.5,True,182.2,-4.25,False,
X13_2IN1,171,169,350.07,126.98,0.363,4273,30.0,2024-03-25 12:48:38,2025-03-10 14:28:21,0.3723,1912.9,3047.4,342,13655.0,136.55,1,100,10006,448.3,True,486.1,-32.45,False,
X1C-G13-TK_E28508,16,10,541.26,11.11,0.021,517,29.0,2024-11-12 09:02:25,2026-05-07 15:11:13,0.6746,86.8,266.7,25,353.0,3.53,1,100,16175,25.2,False,328.8,-6.47,False,
X1C-LNL-SIT-EEP_mripp,29,17,56.11,27.55,0.491,1112,30.0,2024-09-18 17:12:30,2024-11-13 19:55:36,0.6231,249.3,661.3,41,1222.0,12.22,2,100,3092,565.0,True,225.4,-4.78,False,
X1C13-2024_henry,6,2,6.69,2.93,0.438,300,0.4,2024-10-17 20:31:16,2024-10-24 13:09:30,0.7136,20.2,70.4,5,106.0,1.06,64,100,1037,585.3,True,249.3,-0.94,False,
X1C13-SIT_X1C13,29,26,118.06,13.03,0.11,540,20.7,2024-08-16 10:29:44,2024-12-12 11:56:14,0.2922,221.3,312.7,44,1503.0,15.03,0,100,3741,536.4,True,728.8,-10.97,False,
X1C_GEN13,5,4,9.87,9.17,0.929,429,30.0,2024-12-09 10:32:48,2024-12-19 07:26:52,0.7482,55.4,220.2,8,391.0,3.91,12,100,1330,529.6,True,159.3,-0.09,True,LOGGING_STOPPED
X1C_LNL,61,53,299.84,69.46,0.232,2277,30.0,2025-03-30 20:10:55,2026-01-24 16:24:40,0.6593,568.0,1667.1,114,3604.0,36.04,2,100,10427,128.2,True,278.7,-16.96,False,
X1C_METEOR,66,60,147.6,111.64,0.756,5610,30.0,2024-01-25 00:03:28,2024-06-20 14:22:30,0.7467,678.6,2679.4,217,4472.0,44.72,2,100,5902,711.3,True,196.3,-15.28,False,
X1C_SIT,10,8,30.5,15.46,0.507,713,30.0,2024-08-12 21:14:48,2024-09-12 09:21:12,0.7147,105.8,371.0,21,391.0,3.91,8,100,1636,627.5,True,189.0,-4.09,False,
X1FOLD16-TK_E28508,28,23,169.82,40.82,0.24,2538,22.6,2023-04-26 18:27:48,2023-10-13 14:07:23,0.5857,405.9,979.7,112,1922.0,19.22,4,100,10876,962.3,True,205.8,-3.78,False,
X1FOLDSVT_laher,60,59,553.95,82.88,0.15,2585,30.0,2023-04-19 13:50:07,2024-10-24 12:42:12,0.5934,808.7,1989.2,147,4186.0,41.86,2,100,15249,585.3,True,260.0,-17.14,False,
X1YADL_KMK,71,54,465.65,318.58,0.684,15383,30.0,2023-03-02 23:21:46,2024-06-10 15:04:43,0.9113,677.9,7645.8,169,2644.0,26.44,27,100,20240,721.2,True,61.9,-27.56,False,
X1_2-IN-1,13,12,121.89,15.3,0.126,494,30.0,2025-06-03 09:53:26,2025-10-03 07:09:29,0.6224,138.7,367.2,24,460.0,4.6,2,100,4330,241.6,True,286.5,-7.4,False,
X9-14_SVT,7,6,91.13,24.92,0.273,761,30.0,2025-01-17 06:30:54,2025-04-18 09:41:21,0.8629,82.0,598.2,16,421.0,4.21,16,100,3380,409.5,True,87.9,-1.79,False,
X9-14_jeffreyf1,16,15,43.91,20.52,0.467,733,30.0,2025-01-08 12:50:25,2025-02-21 10:36:42,0.6192,187.6,492.5,51,1091.0,10.91,6,100,1665,465.4,True,267.0,-4.09,False,
X9-SIT1_xuxru,54,40,30.61,21.09,0.689,1112,29.9,2024-11-09 21:12:44,2024-12-10 11:51:48,0.2584,375.3,506.0,86,3548.0,35.48,2,100,1916,538.4,True,692.7,-4.52,False,
X9-TK_E28508,23,19,324.11,20.06,0.062,850,30.0,2024-11-06 08:38:25,2025-09-26 11:17:12,0.6043,190.5,481.4,65,1045.0,10.45,0,100,6156,248.4,True,345.9,-8.55,False,
X9ALADDIN-NAITO_arima,26,24,220.15,30.38,0.138,845,30.0,2025-01-31 13:21:20,2025-09-08 16:58:47,0.3122,501.4,729.1,60,1926.0,19.26,0,100,6096,266.2,True,288.5,-4.74,False,
XBB20241007_Lenovo,22,6,24.89,10.45,0.42,1291,0.8,2025-02-11 14:54:37,2025-03-08 12:19:05,0.5416,114.9,250.7,16,543.0,5.43,5,100,7177,450.4,True,209.7,-0.57,False,
XIUQIN_liuxq13,144,144,341.92,115.51,0.338,5239,30.0,2025-05-20 10:20:39,2026-04-27 08:22:25,0.6337,1015.5,2772.1,350,10900.0,109.0,2,100,8874,35.5,False,455.3,-35.0,False,
XLIN3-PF4RXZPZ_xlin3,285,284,704.41,231.47,0.329,9758,30.0,2024-02-08 08:40:27,2026-01-12 18:29:40,0.4625,2986.2,5555.3,654,23711.0,237.11,2,100,17439,140.1,True,448.1,-46.89,False,
Y25872-PC2DR71X_y25872,154,122,1206.99,349.21,0.289,14515,30.0,2023-02-06 09:31:46,2026-05-28 09:18:27,0.8269,1450.4,8381.1,302,5303.0,53.03,0,100,34201,4.5,False,127.6,-68.97,False,
YANAGISAWA51_yanagisawa,39,6,227.05,26.58,0.117,538,99.0,2023-03-03 08:20:01,2023-10-16 09:33:27,0.4787,332.5,637.8,22,337.0,3.37,48,100,11240,959.5,True,82.4,-2.63,False,
YANGYQ-PF50KB95_yangyq,33,32,573.98,48.6,0.085,4936,0.1,2024-07-09 14:04:15,2026-02-03 13:32:13,0.5032,579.6,1166.5,84,2416.0,24.16,0,100,13837,118.3,True,240.5,-7.84,False,
YCRANFORD-7CHLT_ycranford,5,3,27.19,11.37,0.418,380,30.0,2026-04-22 13:19:00,2026-05-19 17:50:42,0.7722,62.2,272.8,20,301.0,3.01,53,100,1697,13.1,False,96.4,0.01,True,RECENTLY_STARTED
YICHIKAWA3-M43N_yichikawa3,265,120,244.11,90.96,0.373,3733,30.0,2025-09-26 10:43:34,2026-05-28 13:23:34,0.2216,1699.4,2183.1,312,10135.0,101.35,30,100,22075,4.3,False,481.9,-18.65,False,
YINGNIE-W01KL34_yingnie,87,68,377.7,122.64,0.325,5663,30.0,2023-02-22 22:46:01,2024-03-06 15:38:46,0.8905,322.3,2943.3,93,3642.0,36.42,1,100,16896,817.2,True,202.5,-31.58,False,
YNAN-PF4FDG4X_qizha,32,31,164.25,106.64,0.649,7799,30.0,2023-08-09 09:55:12,2024-01-20 15:57:18,0.7916,533.3,2559.4,84,2741.0,27.41,2,100,5128,863.2,True,106.2,-3.59,False,
YNAN-PF4FDG4X_ynan,30,29,161.59,105.47,0.653,7751,30.0,2023-08-09 09:55:12,2024-01-17 23:59:27,0.7932,523.4,2531.2,83,2678.0,26.78,2,100,5064,865.9,True,100.4,-2.22,False,
YONDA-PF1BLXHW_yonda,448,203,1068.09,399.6,0.374,14257,30.0,2023-02-06 20:11:43,2026-01-09 22:20:10,0.6148,3694.2,9590.3,454,13189.0,131.89,1,100,52550,142.9,True,185.5,-71.11,False,
YSONE-PF3993EL_ysone,254,165,927.78,358.83,0.387,14213,30.0,2023-02-06 15:01:00,2025-08-22 09:50:53,0.8643,1168.6,8611.9,169,2494.0,24.94,0,100,33700,283.5,True,168.0,-140.06,False,
YSUZUKI11-9S4B8_ysuzuki11,220,219,508.58,331.0,0.651,16317,30.0,2023-02-03 17:49:21,2024-06-26 07:42:42,0.9257,590.4,7944.0,298,7340.0,73.4,3,100,13390,705.6,True,241.7,-145.6,False,
YTAGAMI-F3TQANR_ytagami,278,220,889.98,227.47,0.256,9210,30.0,2023-02-07 13:13:30,2025-07-16 12:48:30,0.4123,3208.7,5459.4,609,16396.0,163.96,0,100,26453,320.3,True,353.3,-56.04,False,
YTAKEDA1-15_ytakeda1,43,38,713.52,109.5,0.153,5064,30.0,2024-06-06 13:12:38,2026-05-21 01:41:11,0.8051,512.1,2628.0,148,2846.0,28.46,0,100,17915,11.8,False,126.8,-9.54,False,
YWADA-PF49SXTB_ywada,136,136,405.86,170.91,0.421,8209,30.0,2023-04-20 16:04:29,2024-05-30 12:44:05,0.7556,1002.4,4101.9,253,5357.0,53.57,2,100,9699,732.3,True,290.6,-82.43,False,
ZAWACKIJE_j,11,9,44.34,11.87,0.268,508,30.0,2026-04-06 14:47:21,2026-05-20 23:01:04,0.4632,153.0,285.0,25,588.0,5.88,15,100,1841,11.9,False,276.9,-3.12,False,
ZHANGLU11-10_zhanglu11,108,24,353.56,10.25,0.029,482,30.0,2023-02-10 18:34:36,2024-01-30 08:08:05,0.6687,81.5,245.9,24,811.0,8.11,0,100,18928,853.5,True,855.2,-15.89,False,
ZWOXPF3V6VNY_zwo,195,167,637.1,174.24,0.273,9367,30.0,2023-02-02 17:12:11,2024-10-31 19:40:36,0.6865,1310.9,4181.7,242,6715.0,67.15,0,100,20094,578.1,True,350.1,-99.85,False,
