user_id,window_end_date,window_start_ts,window_end_ts,n_samples_30d,obs_days_in_window,median_interval_h,p95_interval_h,max_gap_h,gaps_gt_6h_count,gaps_gt_12h_count,gaps_gt_24h_count,duplicate_timestamp_count,cycle_decrease_count,fcc_missing_count,rsoc_missing_count,has_counter_reset,window_data_quality_label,cycle_start_30d,cycle_end_30d,cycle_delta_30d,cycle_rate_per_30d,ac_time_ratio_30d,charge_time_ratio_30d,discharge_time_ratio_30d,rsoc_min_30d,rsoc_max_30d,rsoc_swing_30d,rsoc_p05_30d,rsoc_p50_30d,rsoc_p95_30d,frac_below_10_30d,frac_below_20_30d,frac_above_80_30d,frac_above_90_30d,frac_above_95_30d,n_acdc_switches_30d,n_charge_status_switches_30d,n_discharge_sessions_30d,fcc_start_30d,fcc_end_30d,fcc_min_30d,fcc_max_30d,fcc_abs_delta_30d,fcc_any_changes_30d,fcc_effective_changes_30d,fcc_effective_step_abs_max_30d,last_effective_fcc_change_ts_in_window,last_effective_fcc_change_cycle_in_window,soh_start_30d,soh_end_30d,n_80_20_80_ok_complete_30d,n_80_20_80_large_gap_30d,n_80_20_80_no_response_30d,n_80_20_80_censored_30d,n_80_20_80_any_30d,n_85_15_85_ok_complete_30d,n_85_15_85_large_gap_30d,n_85_15_85_no_response_30d,n_85_15_85_censored_30d,n_85_15_85_any_30d,n_90_10_90_ok_complete_30d,n_90_10_90_large_gap_30d,n_90_10_90_no_response_30d,n_90_10_90_censored_30d,n_90_10_90_any_30d,expected_response_30d,observed_response_30d,no_response_count_30d,n_complete_ok_opportunities_30d,p_all_no_response_30d,fw_response_anomaly_score_30d,conformal_p,conformal_p_proxy_final_normal,expected_response_30d_personalized,observed_response_30d_personalized,no_response_count_30d_personalized,n_complete_ok_opportunities_30d_personalized,p_all_no_response_30d_personalized,fw_response_anomaly_score_30d_personalized,conformal_p_personalized,state_as_of_ts,first_seen_ts,last_seen_ts,state_history_days,state_history_sufficient,last_effective_fcc_value,last_effective_fcc_change_ts,last_effective_fcc_change_cycle,days_since_effective_fcc_change,cycles_since_effective_fcc_change,effective_active_flag,last_any_fcc_value,last_any_fcc_change_ts,last_any_fcc_change_cycle,days_since_any_fcc_change,cycles_since_any_fcc_change,legacy_any_active_flag,n_micro_steps_since_effective_change,max_micro_step_mWh_since_effective_change,micro_wobble_only_since_effective_change,cum_primary_ok_opportunities_since_last_effective_change,cum_primary_medium_gap_opportunities_since_last_effective_change,cum_primary_large_gap_opportunities_since_last_effective_change,cum_primary_ok_no_response_since_last_effective_change,cum_primary_medium_gap_no_response_since_last_effective_change,cum_primary_no_response_since_last_effective_change,cum_primary_censored_since_last_effective_change,cum_strict_ok_opportunities_since_last_effective_change,cum_strict_medium_gap_opportunities_since_last_effective_change,cum_strict_large_gap_opportunities_since_last_effective_change,cum_strict_ok_no_response_since_last_effective_change,cum_strict_medium_gap_no_response_since_last_effective_change,cum_strict_no_response_since_last_effective_change,cum_strict_censored_since_last_effective_change,high_quality_no_response_count,censored_count,large_gap_low_quality_count,observed_effective_responses_since_last_effective_change,cum_expected_normative_response,cum_observed_effective_response,cum_log_p_all_no_response_since_last_effective_change,cum_normative_fw_anomaly_score,cumulative_normative_fw_anomaly_score,days_since_last_effective_fcc_change,cycles_since_last_effective_fcc_change,cum_primary_no_response_since_last_fcc_change,cum_strict_no_response_since_last_fcc_change,cum_observed_response_since_last_fcc_change,cum_fw_response_anomaly_score,cluster_id,cluster_profile_name,stateful_label_v2,window_label_v2,recommended_action,confidence,priority,primary_reason,secondary_reasons,evidence_summary,user_message_template,engineering_message_template,would_have_been_label,fw_like_evidence_flag,gauge_like_evidence_flag,micro_wobble_only_flag,large_gap_dominant_flag,censored_dominant_flag,state_history_insufficient_flag,data_quality_review_flag,alert_fired,consecutive_windows_opportunity_no_response,analysis_timestamp,code_version,window_days,stride_days,effective_step_definition
ABUCKNER-0B0WH8_abuckner,2026-06-01,2026-05-02 23:59:59.999999999,2026-06-01 23:59:59.999999999,809,28.169,0.5,0.5,71.099,6,5,4,0,0,0,0,False,WINDOW_QUALITY_OK,44.0,45.0,1.0,1.065,0.9749,0.0087,0.0251,4.0,81.0,77.0,76.0,79.0,80.0,0.0062,0.0062,0.0247,0.0,0.0,14,21,7,83400.0,83380.0,83380.0,83400.0,20.0,1,0,0.0,,,92.67,92.64,0,1,0,0,1,0,0,0,0,0,0,0,0,0,0,0.0,0,0,0,,0.0,,,0.0,0,0,0,,0.0,,2026-06-01 23:59:59.999999999,2024-05-06 14:27:28,2026-06-01 14:35:40,756.398,True,83550.0,2024-12-22 15:13:04,34.0,526.366,11.0,False,83380.0,2026-05-21 17:11:37,45.0,11.284,0.0,True,11,20.0,True,0,0,5,0,0,0,0,0,0,0,0,0,0,0,0,0,5,0,0.0,0,0.0,-0.0,-0.0,526.366,11.0,0,0,0,-0.0,2,MOBILE_DEEP_CYCLE,STATEFUL_WATCH_LARGE_GAP_OR_CENSORED,WINDOW_MICRO_WOBBLE_ONLY,ACTION_MONITOR_NEXT_WINDOW,low,7,large_gap_or_censored_dominant,micro_wobble;large_gap_dominant,days_eff=526 days_any=11 cyc_eff=11 hq_nr=0 total_nr=0 cens=0 lg_opp=5 opp=5 norm_anom=-0.00 conf_p=1 micro_only=True cluster=MOBILE_DEEP_CYCLE,No user-facing action; monitoring.,Ambiguous/weak evidence (526d since effective change); monitor next window.,,False,False,True,True,False,False,False,False,0,2026-06-08T10:02:59Z,rolling30-v2.0,30,1,abs_ge_50mWh
ADIEHL-PF4CNVD9_adiehl,2024-01-18,2023-12-19 23:59:59.999999999,2024-01-18 23:59:59.999999999,320,29.187,0.5,5.474,195.075,15,12,5,0,0,0,0,False,WINDOW_QUALITY_OK,56.0,64.0,8.0,8.223,0.5263,0.1207,0.4737,1.0,100.0,99.0,6.95,95.0,100.0,0.0791,0.1241,0.613,0.558,0.4963,52,75,26,54820.0,54280.0,53710.0,54820.0,1110.0,4,3,590.0,2024-01-16 20:54:37,63.0,96.18,95.23,2,4,2,1,7,2,3,2,1,6,2,2,2,1,5,0.8814,0,2,2,0.312818,0.5047,0.29672,0.28263,0.6479,0,2,2,0.457052,0.34,0.42562,2024-01-18 23:59:59.999999999,2023-05-24 14:15:44,2024-01-18 13:41:48,239.406,True,54280.0,2024-01-16 20:54:37,63.0,2.129,1.0,True,54280.0,2024-01-16 20:54:37,63.0,2.129,1.0,True,0,0.0,False,1,0,0,0,0,0,1,1,0,0,0,0,0,1,0,1,0,0,0.0,0,0.0,-0.0,-0.0,2.129,1.0,0,0,0,-0.0,4,MOBILE_DEEP_CYCLE,STATEFUL_WATCH_LARGE_GAP_OR_CENSORED,WINDOW_NORMAL_RESPONDING,ACTION_MONITOR_NEXT_WINDOW,low,7,large_gap_or_censored_dominant,censored_dominant,days_eff=2 days_any=2 cyc_eff=1 hq_nr=0 total_nr=0 cens=1 lg_opp=0 opp=2 norm_anom=-0.00 conf_p=0.297 micro_only=False cluster=MOBILE_DEEP_CYCLE,No user-facing action; monitoring.,Ambiguous/weak evidence (2d since effective change); monitor next window.,,False,False,False,False,True,False,False,False,0,2026-06-08T10:02:59Z,rolling30-v2.0,30,1,abs_ge_50mWh
AMALU_asanthosh,2025-05-29,2025-04-29 23:59:59.999999999,2025-05-29 23:59:59.999999999,375,29.273,0.5,8.994,93.451,23,14,4,0,0,0,0,False,WINDOW_QUALITY_OK,60.0,79.0,19.0,19.472,0.3207,0.1688,0.6793,1.0,100.0,99.0,3.0,58.0,100.0,0.0979,0.1623,0.3711,0.2662,0.2053,59,70,30,57190.0,54260.0,54260.0,57290.0,3030.0,30,11,1870.0,2025-05-28 15:49:32,77.0,100.28,95.14,5,9,2,0,14,5,8,2,0,13,5,8,2,0,13,2.1724,3,2,5,0.057833,1.2378,0.0562,0.0614,3.1597,3,2,5,0.004904,2.3094,0.06184,2025-05-29 23:59:59.999999999,2025-01-23 13:33:24,2025-05-29 13:27:35,126.435,True,54290.0,2025-05-28 15:49:32,77.0,1.341,2.0,True,54260.0,2025-05-29 12:09:04,79.0,0.494,0.0,True,2,20.0,True,0,1,0,0,0,0,1,0,1,0,0,0,0,1,0,1,0,0,0.0,0,0.0,-0.0,-0.0,1.341,2.0,0,0,0,-0.0,4,MOBILE_DEEP_CYCLE,STATEFUL_WATCH_LARGE_GAP_OR_CENSORED,WINDOW_NORMAL_RESPONDING,ACTION_MONITOR_NEXT_WINDOW,low,7,large_gap_or_censored_dominant,micro_wobble;censored_dominant,days_eff=1 days_any=0 cyc_eff=2 hq_nr=0 total_nr=0 cens=1 lg_opp=0 opp=2 norm_anom=-0.00 conf_p=0.0562 micro_only=True cluster=MOBILE_DEEP_CYCLE,No user-facing action; monitoring.,Ambiguous/weak evidence (1d since effective change); monitor next window.,,False,False,True,False,True,False,False,False,0,2026-06-08T10:02:59Z,rolling30-v2.0,30,1,abs_ge_50mWh
AMANDELBLOO-4SM_amandelbloom,2026-05-19,2026-04-19 23:59:59.999999999,2026-05-19 23:59:59.999999999,208,28.257,0.5,7.219,291.501,11,9,3,0,0,0,0,False,WINDOW_QUALITY_OK,112.0,114.0,2.0,2.123,0.8592,0.0917,0.1408,2.0,100.0,98.0,47.35,100.0,100.0,0.0045,0.0045,0.9388,0.9033,0.8445,14,23,7,52310.0,52290.0,52290.0,52310.0,20.0,2,0,0.0,,,94.94,94.9,0,1,0,0,1,0,1,0,0,1,0,1,0,0,1,0.0,0,0,0,,0.0,,,0.0,0,0,0,,0.0,,2026-05-19 23:59:59.999999999,2025-01-08 11:12:54,2026-05-19 19:08:14,496.533,True,52370.0,2026-01-05 19:24:44,107.0,134.191,7.0,False,52290.0,2026-04-27 13:47:34,114.0,22.425,0.0,True,7,20.0,True,0,0,2,0,0,0,0,0,0,1,0,0,0,0,0,0,2,0,0.0,0,0.0,-0.0,-0.0,134.191,7.0,0,0,0,-0.0,4,MOBILE_DEEP_CYCLE,STATEFUL_WATCH_LARGE_GAP_OR_CENSORED,WINDOW_MICRO_WOBBLE_ONLY,ACTION_MONITOR_NEXT_WINDOW,low,7,large_gap_or_censored_dominant,micro_wobble;large_gap_dominant,days_eff=134 days_any=22 cyc_eff=7 hq_nr=0 total_nr=0 cens=0 lg_opp=2 opp=3 norm_anom=-0.00 conf_p=1 micro_only=True cluster=MOBILE_DEEP_CYCLE,No user-facing action; monitoring.,Ambiguous/weak evidence (134d since effective change); monitor next window.,,False,False,True,True,False,False,False,False,0,2026-06-08T10:02:59Z,rolling30-v2.0,30,1,abs_ge_50mWh
AMANDELBLOO-9TD_amandelbloom,2026-05-12,2026-04-12 23:59:59.999999999,2026-05-12 23:59:59.999999999,275,28.913,0.5,0.5,211.004,11,11,4,0,0,0,0,False,WINDOW_QUALITY_OK,16.0,19.0,3.0,3.113,0.7365,0.0807,0.2635,1.0,100.0,99.0,23.7,96.0,100.0,0.031,0.0466,0.7614,0.7333,0.6819,29,35,15,75620.0,74820.0,74820.0,75620.0,800.0,4,1,760.0,2026-05-11 07:30:18,19.0,100.83,99.76,1,1,1,0,2,1,1,1,0,2,1,1,1,0,2,0.451,0,1,1,0.54902,0.2604,0.53695,0.52345,0.2298,0,1,1,0.770201,0.1134,0.72253,2026-05-12 23:59:59.999999999,2026-01-14 13:19:27,2026-05-12 08:08:15,118.445,True,74820.0,2026-05-11 07:30:18,19.0,1.687,0.0,True,74820.0,2026-05-11 07:30:18,19.0,1.687,0.0,True,0,0.0,False,0,0,0,0,0,0,0,0,0,0,0,0,0,0,0,0,0,0,0.0,0,0.0,-0.0,-0.0,1.687,0.0,0,0,0,-0.0,4,MOBILE_DEEP_CYCLE,STATEFUL_WATCH_LOW_EVIDENCE,WINDOW_NORMAL_RESPONDING,ACTION_MONITOR_NEXT_WINDOW,low,8,weak_partial_evidence,,days_eff=2 days_any=2 cyc_eff=0 hq_nr=0 total_nr=0 cens=0 lg_opp=0 opp=0 norm_anom=-0.00 conf_p=0.537 micro_only=False cluster=MOBILE_DEEP_CYCLE,No user-facing action; monitoring.,Ambiguous/weak evidence (1d since effective change); monitor next window.,,False,False,False,False,False,False,False,False,0,2026-06-08T10:02:59Z,rolling30-v2.0,30,1,abs_ge_50mWh
AMANDELBLOOXH8H_amandelbloom,2025-01-09,2024-12-10 23:59:59.999999999,2025-01-09 23:59:59.999999999,504,29.148,0.5,0.972,103.613,16,12,4,0,0,0,0,False,WINDOW_QUALITY_OK,69.0,75.0,6.0,6.175,0.8186,0.1599,0.1814,1.0,100.0,99.0,33.15,96.0,100.0,0.0046,0.0199,0.7846,0.7556,0.7141,32,47,16,50260.0,48770.0,44110.0,50260.0,6150.0,8,2,6070.0,2024-12-25 19:33:55,74.0,95.73,92.9,0,3,0,0,3,0,3,0,0,3,0,3,0,0,3,0.0,0,0,0,,0.0,,,0.0,0,0,0,,0.0,,2025-01-09 23:59:59.999999999,2024-01-11 10:32:00,2025-01-09 13:30:29,364.561,True,48790.0,2024-12-25 19:33:55,74.0,15.185,1.0,True,48770.0,2025-01-02 09:35:57,75.0,7.6,0.0,True,1,20.0,True,0,0,1,0,0,0,0,0,0,1,0,0,0,0,0,0,1,0,0.0,0,0.0,-0.0,-0.0,15.185,1.0,0,0,0,-0.0,4,MOBILE_DEEP_CYCLE,STATEFUL_WATCH_LARGE_GAP_OR_CENSORED,WINDOW_NORMAL_RESPONDING,ACTION_MONITOR_NEXT_WINDOW,low,7,large_gap_or_censored_dominant,micro_wobble;large_gap_dominant,days_eff=15 days_any=8 cyc_eff=1 hq_nr=0 total_nr=0 cens=0 lg_opp=1 opp=2 norm_anom=-0.00 conf_p=1 micro_only=True cluster=MOBILE_DEEP_CYCLE,No user-facing action; monitoring.,Ambiguous/weak evidence (15d since effective change); monitor next window.,,False,False,True,True,False,False,False,False,0,2026-06-08T10:02:59Z,rolling30-v2.0,30,1,abs_ge_50mWh
ANAKAMURA8-3ZVB_anakamura8,2026-05-19,2026-04-19 23:59:59.999999999,2026-05-19 23:59:59.999999999,253,29.261,0.5,1.285,213.606,12,12,5,0,0,0,0,False,WINDOW_QUALITY_OK,903.0,910.0,7.0,7.177,0.6363,0.1079,0.3637,2.0,100.0,98.0,15.0,99.0,100.0,0.029,0.0501,0.697,0.6447,0.6023,21,37,11,43330.0,42430.0,42430.0,43970.0,1540.0,2,2,1540.0,2026-05-08 17:47:59,907.0,76.02,74.44,0,4,0,0,4,0,4,0,0,4,0,4,0,0,4,0.0,0,0,0,,0.0,,,0.0,0,0,0,,0.0,,2026-05-19 23:59:59.999999999,2023-02-09 09:15:48,2026-05-19 17:15:26,1195.614,True,42430.0,2026-05-08 17:47:59,907.0,11.258,3.0,True,42430.0,2026-05-08 17:47:59,907.0,11.258,3.0,True,0,0.0,False,0,1,1,0,1,1,0,0,1,1,0,1,1,0,0,0,1,0,0.4303,0,-0.56269,0.2444,0.2444,11.258,3.0,1,1,0,0.2444,4,MOBILE_DEEP_CYCLE,STATEFUL_WATCH_LARGE_GAP_OR_CENSORED,WINDOW_NORMAL_RESPONDING,ACTION_MONITOR_NEXT_WINDOW,low,7,large_gap_or_censored_dominant,fw_like;large_gap_dominant,days_eff=11 days_any=11 cyc_eff=3 hq_nr=0 total_nr=1 cens=0 lg_opp=1 opp=4 norm_anom=0.24 conf_p=1 micro_only=False cluster=MOBILE_DEEP_CYCLE,No user-facing action; monitoring.,Ambiguous/weak evidence (11d since effective change); monitor next window.,,True,False,False,True,False,False,False,False,0,2026-06-08T10:02:59Z,rolling30-v2.0,30,1,abs_ge_50mWh
ANDY-TH1_zuyin,2026-03-24,2026-02-22 23:59:59.999999999,2026-03-24 23:59:59.999999999,252,28.573,0.5,16.325,66.131,29,17,8,0,0,0,0,False,WINDOW_QUALITY_OK,183.0,185.0,2.0,2.1,0.9707,0.1542,0.0293,58.0,79.0,21.0,60.0,77.0,79.0,0.0,0.0,0.0,0.0,0.0,22,50,11,52970.0,52940.0,52940.0,52970.0,30.0,2,0,0.0,,,92.88,92.83,0,0,0,0,0,0,0,0,0,0,0,0,0,0,0,0.0,0,0,0,,0.0,,,0.0,0,0,0,,0.0,,2026-03-24 23:59:59.999999999,2024-01-12 22:16:39,2026-03-24 11:50:32,802.072,True,53130.0,2025-10-03 23:06:34,169.0,172.037,16.0,False,52940.0,2026-03-15 23:43:21,185.0,9.012,0.0,True,16,20.0,True,0,0,1,0,0,0,0,0,0,0,0,0,0,0,0,0,1,0,0.0,0,0.0,-0.0,-0.0,172.037,16.0,0,0,0,-0.0,2,MOBILE_DEEP_CYCLE,STATEFUL_WATCH_LARGE_GAP_OR_CENSORED,WINDOW_MICRO_WOBBLE_ONLY,ACTION_MONITOR_NEXT_WINDOW,low,7,large_gap_or_censored_dominant,micro_wobble;large_gap_dominant,days_eff=172 days_any=9 cyc_eff=16 hq_nr=0 total_nr=0 cens=0 lg_opp=1 opp=1 norm_anom=-0.00 conf_p=1 micro_only=True cluster=MOBILE_DEEP_CYCLE,No user-facing action; monitoring.,Ambiguous/weak evidence (172d since effective change); monitor next window.,,False,False,True,True,False,False,False,False,0,2026-06-08T10:02:59Z,rolling30-v2.0,30,1,abs_ge_50mWh
ANODA-PF5E0G8K_anoda,2026-04-22,2026-03-23 23:59:59.999999999,2026-04-22 23:59:59.999999999,655,29.296,0.5,1.712,59.315,27,18,5,0,0,0,0,False,WINDOW_QUALITY_OK,1.0,1.0,0.0,0.0,0.6847,0.2017,0.3153,1.0,100.0,99.0,50.8,97.0,100.0,0.0034,0.0205,0.8556,0.7488,0.5849,170,240,85,55280.0,53790.0,53790.0,55770.0,1980.0,16,4,670.0,2026-04-16 09:02:24,1.0,95.31,92.74,0,3,0,0,3,0,3,0,0,3,0,2,0,0,2,0.0,0,0,0,,0.0,,,0.0,0,0,0,,0.0,,2026-04-22 23:59:59.999999999,2026-02-17 16:21:35,2026-04-22 17:04:45,64.318,True,53880.0,2026-04-16 09:02:24,1.0,6.623,0.0,True,53790.0,2026-04-22 10:04:46,1.0,0.58,0.0,True,4,40.0,True,0,1,0,0,1,1,0,0,0,0,0,0,0,0,0,0,0,0,0.451,0,-0.59962,0.2604,0.2604,6.623,0.0,1,0,0,0.2604,3,AC_BOUND,STATEFUL_WATCH_LOW_EVIDENCE,WINDOW_NORMAL_RESPONDING,ACTION_MONITOR_NEXT_WINDOW,low,8,weak_partial_evidence,fw_like;micro_wobble,days_eff=7 days_any=1 cyc_eff=0 hq_nr=0 total_nr=1 cens=0 lg_opp=0 opp=1 norm_anom=0.26 conf_p=1 micro_only=True cluster=AC_BOUND,No user-facing action; monitoring.,Ambiguous/weak evidence (6d since effective change); monitor next window.,,True,False,True,False,False,False,False,False,0,2026-06-08T10:02:59Z,rolling30-v2.0,30,1,abs_ge_50mWh
AOHYAMA-F3Y6JVY_aohyama,2024-06-18,2024-05-19 23:59:59.999999999,2024-06-18 23:59:59.999999999,831,29.441,0.3,0.779,61.727,23,14,4,0,0,0,0,False,WINDOW_QUALITY_OK,393.0,425.0,32.0,32.607,0.3239,0.217,0.6963,3.0,100.0,97.0,11.5,75.0,100.0,0.0357,0.1039,0.4277,0.2934,0.2296,291,312,145,40340.0,34600.0,34600.0,47030.0,12430.0,37,5,8630.0,2024-06-17 18:30:44,423.0,70.77,60.7,2,10,2,1,13,1,7,1,1,9,1,5,1,1,7,0.7682,0,2,2,0.379354,0.421,0.39319,0.37606,0.4401,0,2,2,0.603226,0.2195,0.53187,2024-06-18 23:59:59.999999999,2023-02-06 10:07:59,2024-06-18 19:34:04,498.578,True,34630.0,2024-06-17 18:30:44,423.0,1.229,2.0,True,34600.0,2024-06-18 13:00:01,425.0,0.458,0.0,True,2,20.0,True,1,0,0,0,0,0,1,1,0,0,0,0,0,1,0,1,0,0,0.0,0,0.0,-0.0,-0.0,1.229,2.0,0,0,0,-0.0,1,AC_BOUND,STATEFUL_WATCH_LARGE_GAP_OR_CENSORED,WINDOW_NORMAL_RESPONDING,ACTION_MONITOR_NEXT_WINDOW,low,7,large_gap_or_censored_dominant,micro_wobble;censored_dominant,days_eff=1 days_any=0 cyc_eff=2 hq_nr=0 total_nr=0 cens=1 lg_opp=0 opp=2 norm_anom=-0.00 conf_p=0.393 micro_only=True cluster=AC_BOUND,No user-facing action; monitoring.,Ambiguous/weak evidence (1d since effective change); monitor next window.,,False,False,True,False,True,False,False,False,0,2026-06-08T10:02:59Z,rolling30-v2.0,30,1,abs_ge_50mWh
APARAMESWAR-G5E_aparameswara,2023-11-08,2023-10-09 23:59:59.999999999,2023-11-08 23:59:59.999999999,329,29.168,0.5,11.679,70.672,23,16,5,0,0,0,0,False,WINDOW_QUALITY_OK,26.0,35.0,9.0,9.257,0.3405,0.1109,0.6595,5.0,100.0,95.0,19.4,87.0,100.0,0.0133,0.0339,0.5539,0.3925,0.308,59,81,30,86860.0,83810.0,83810.0,86860.0,3050.0,1,1,3050.0,2023-10-12 05:02:33,27.0,101.0,97.45,0,6,0,0,6,0,2,0,0,2,0,1,0,0,1,0.0,0,0,0,,0.0,,,0.0,0,0,0,,0.0,,2023-11-08 23:59:59.999999999,2023-08-08 09:57:47,2023-11-08 10:18:25,92.585,True,83810.0,2023-10-12 05:02:33,27.0,27.79,8.0,True,83810.0,2023-10-12 05:02:33,27.0,27.79,8.0,True,0,0.0,False,0,2,3,0,2,2,0,0,0,1,0,0,0,0,0,0,3,0,0.8814,0,-1.16213,0.5047,0.5047,27.79,8.0,2,0,0,0.5047,4,MOBILE_DEEP_CYCLE,STATEFUL_WATCH_LARGE_GAP_OR_CENSORED,WINDOW_NORMAL_RESPONDING,ACTION_MONITOR_NEXT_WINDOW,low,7,large_gap_or_censored_dominant,fw_like;large_gap_dominant,days_eff=28 days_any=28 cyc_eff=8 hq_nr=0 total_nr=2 cens=0 lg_opp=3 opp=6 norm_anom=0.50 conf_p=1 micro_only=False cluster=MOBILE_DEEP_CYCLE,No user-facing action; monitoring.,Ambiguous/weak evidence (27d since effective change); monitor next window.,,True,False,False,True,False,False,False,False,0,2026-06-08T10:02:59Z,rolling30-v2.0,30,1,abs_ge_50mWh
APARAMESWAR-PAD_aparameswara,2024-11-26,2024-10-27 23:59:59.999999999,2024-11-26 23:59:59.999999999,903,29.45,0.5,0.501,60.571,15,12,2,0,0,0,0,False,WINDOW_QUALITY_OK,86.0,101.0,15.0,15.28,0.7863,0.1113,0.2137,1.0,100.0,99.0,17.0,100.0,100.0,0.0427,0.0664,0.7601,0.7319,0.7131,75,103,38,47960.0,47040.0,46490.0,49580.0,3090.0,23,8,1950.0,2024-11-24 18:51:25,99.0,87.68,86.0,2,6,0,0,8,2,6,0,0,8,2,6,0,0,8,0.8814,2,0,2,0.312818,0.5047,0.29672,0.28263,0.9941,2,0,2,0.251981,0.5986,0.29639,2024-11-26 23:59:59.999999999,2024-04-09 11:19:29,2024-11-26 14:33:46,231.528,True,47110.0,2024-11-24 18:51:25,99.0,2.214,2.0,True,47040.0,2024-11-26 09:40:23,101.0,0.597,0.0,True,2,40.0,True,0,1,0,0,0,0,1,0,1,0,0,0,0,1,0,1,0,0,0.0,0,0.0,-0.0,-0.0,2.214,2.0,0,0,0,-0.0,4,MOBILE_DEEP_CYCLE,STATEFUL_WATCH_LARGE_GAP_OR_CENSORED,WINDOW_NORMAL_RESPONDING,ACTION_MONITOR_NEXT_WINDOW,low,7,large_gap_or_censored_dominant,micro_wobble;censored_dominant,days_eff=2 days_any=1 cyc_eff=2 hq_nr=0 total_nr=0 cens=1 lg_opp=0 opp=2 norm_anom=-0.00 conf_p=0.297 micro_only=True cluster=MOBILE_DEEP_CYCLE,No user-facing action; monitoring.,Ambiguous/weak evidence (2d since effective change); monitor next window.,,False,False,True,False,True,False,False,False,0,2026-06-08T10:02:59Z,rolling30-v2.0,30,1,abs_ge_50mWh
ARAMAR-R9109T7G_aramar,2024-07-15,2024-06-15 23:59:59.999999999,2024-07-15 23:59:59.999999999,522,20.823,0.381,1.451,62.521,19,13,1,0,0,0,0,False,WINDOW_QUALITY_OK,822.0,851.0,29.0,41.781,0.5667,0.2212,0.4071,0.0,95.0,95.0,21.0,90.5,95.0,0.0097,0.0338,0.6429,0.4796,0.0,190,245,82,67420.0,68000.0,65320.0,68160.0,2840.0,47,35,2270.0,2024-07-14 15:29:03,851.0,83.86,84.58,4,6,0,0,10,1,5,0,0,6,0,5,0,0,5,1.4999,4,0,4,0.149756,0.8246,0.12871,0.1269,3.4756,4,0,4,0.000216,3.6652,0.01956,2024-07-15 23:59:59.999999999,2023-02-08 10:35:11,2024-07-15 09:33:12,523.559,True,68000.0,2024-07-14 15:29:03,851.0,1.355,0.0,True,68000.0,2024-07-14 15:29:03,851.0,1.355,0.0,True,0,0.0,False,0,0,0,0,0,0,0,0,0,0,0,0,0,0,0,0,0,0,0.0,0,0.0,-0.0,-0.0,1.355,0.0,0,0,0,-0.0,0,MOBILE_DEEP_CYCLE,STATEFUL_WATCH_LOW_EVIDENCE,WINDOW_NORMAL_RESPONDING,ACTION_MONITOR_NEXT_WINDOW,low,8,weak_partial_evidence,,days_eff=1 days_any=1 cyc_eff=0 hq_nr=0 total_nr=0 cens=0 lg_opp=0 opp=0 norm_anom=-0.00 conf_p=0.129 micro_only=False cluster=MOBILE_DEEP_CYCLE,No user-facing action; monitoring.,Ambiguous/weak evidence (1d since effective change); monitor next window.,,False,False,False,False,False,False,False,False,0,2026-06-08T10:02:59Z,rolling30-v2.0,30,1,abs_ge_50mWh
ARANGANATHA-8QB_aranganathan,2023-12-11,2023-11-11 23:59:59.999999999,2023-12-11 23:59:59.999999999,446,28.651,0.5,5.515,56.409,19,10,4,0,0,0,0,False,WINDOW_QUALITY_OK,39.0,56.0,17.0,17.801,0.3096,0.1735,0.6904,6.0,100.0,94.0,21.0,82.0,100.0,0.0017,0.0206,0.4715,0.3409,0.2553,105,148,53,50420.0,56400.0,50420.0,56720.0,6300.0,7,7,4530.0,2023-12-10 22:02:28,56.0,88.46,98.95,2,5,0,0,7,0,1,0,0,1,0,1,0,0,1,0.7682,2,0,2,0.379354,0.421,0.39319,0.37606,0.9409,2,0,2,0.280444,0.5522,0.30363,2023-12-11 23:59:59.999999999,2023-08-21 11:21:40,2023-12-11 14:19:40,112.527,True,56400.0,2023-12-10 22:02:28,56.0,1.082,0.0,True,56400.0,2023-12-10 22:02:28,56.0,1.082,0.0,True,0,0.0,False,0,0,0,0,0,0,0,0,0,0,0,0,0,0,0,0,0,0,0.0,0,0.0,-0.0,-0.0,1.082,0.0,0,0,0,-0.0,4,MOBILE_DEEP_CYCLE,STATEFUL_WATCH_LOW_EVIDENCE,WINDOW_NORMAL_RESPONDING,ACTION_MONITOR_NEXT_WINDOW,low,8,weak_partial_evidence,,days_eff=1 days_any=1 cyc_eff=0 hq_nr=0 total_nr=0 cens=0 lg_opp=0 opp=0 norm_anom=-0.00 conf_p=0.393 micro_only=False cluster=MOBILE_DEEP_CYCLE,No user-facing action; monitoring.,Ambiguous/weak evidence (1d since effective change); monitor next window.,,False,False,False,False,False,False,False,False,0,2026-06-08T10:02:59Z,rolling30-v2.0,30,1,abs_ge_50mWh
ASANTHOSH-FT15Y_X1,2025-10-14,2025-09-14 23:59:59.999999999,2025-10-14 23:59:59.999999999,374,29.078,0.5,14.446,66.906,26,24,5,0,0,0,0,False,WINDOW_QUALITY_OK,17.0,36.0,19.0,19.603,0.3314,0.232,0.6686,1.0,100.0,99.0,2.0,33.0,100.0,0.1135,0.2546,0.2112,0.1472,0.1117,78,103,40,57860.0,54910.0,54910.0,57940.0,3030.0,27,8,2730.0,2025-10-13 10:06:58,35.0,101.46,96.28,1,10,1,0,11,1,10,1,0,11,0,10,0,0,10,0.4303,0,1,1,0.569677,0.2444,0.74929,0.76293,0.2481,0,1,1,0.751926,0.1238,0.71787,2025-10-14 23:59:59.999999999,2025-07-08 13:19:08,2025-10-14 10:43:42,98.445,True,54920.0,2025-10-13 10:06:58,35.0,1.578,1.0,True,54910.0,2025-10-13 10:54:15,36.0,1.546,0.0,True,1,10.0,True,0,0,0,0,0,0,0,0,0,0,0,0,0,0,0,0,0,0,0.0,0,0.0,-0.0,-0.0,1.578,1.0,0,0,0,-0.0,0,MOBILE_DEEP_CYCLE,STATEFUL_WATCH_LOW_EVIDENCE,WINDOW_NORMAL_RESPONDING,ACTION_MONITOR_NEXT_WINDOW,low,8,weak_partial_evidence,micro_wobble,days_eff=2 days_any=2 cyc_eff=1 hq_nr=0 total_nr=0 cens=0 lg_opp=0 opp=0 norm_anom=-0.00 conf_p=0.749 micro_only=True cluster=MOBILE_DEEP_CYCLE,No user-facing action; monitoring.,Ambiguous/weak evidence (1d since effective change); monitor next window.,,False,False,True,False,False,False,False,False,0,2026-06-08T10:02:59Z,rolling30-v2.0,30,1,abs_ge_50mWh
ASANTHOSH_asanthosh,2026-05-29,2026-04-29 23:59:59.999999999,2026-05-29 23:59:59.999999999,321,29.725,0.5,12.463,65.064,31,17,2,0,0,0,0,False,WINDOW_QUALITY_OK,31.0,48.0,17.0,17.157,0.2413,0.1277,0.7587,1.0,100.0,99.0,5.0,36.0,100.0,0.0887,0.2554,0.2061,0.1421,0.1262,57,79,29,58380.0,58960.0,58260.0,60090.0,1830.0,19,4,1830.0,2026-05-21 14:46:16,44.0,97.3,98.27,3,8,1,1,12,3,8,1,1,12,3,8,1,1,12,1.3221,2,1,3,0.17496,0.7571,0.16129,0.16099,1.6369,2,1,3,0.093805,1.0278,0.19663,2026-05-29 23:59:59.999999999,2026-02-03 16:23:48,2026-05-29 22:40:36,115.317,True,59000.0,2026-05-21 14:46:16,44.0,8.385,4.0,True,58960.0,2026-05-29 08:06:57,48.0,0.662,0.0,True,4,10.0,True,2,0,1,1,0,1,1,2,0,1,1,0,1,1,1,1,1,0,0.4407,0,-0.58107,0.2524,0.2524,8.385,4.0,1,1,0,0.2524,0,MOBILE_DEEP_CYCLE,STATEFUL_WATCH_LOW_EVIDENCE,WINDOW_NORMAL_RESPONDING,ACTION_MONITOR_NEXT_WINDOW,low,8,weak_partial_evidence,fw_like;micro_wobble,days_eff=8 days_any=1 cyc_eff=4 hq_nr=1 total_nr=1 cens=1 lg_opp=1 opp=6 norm_anom=0.25 conf_p=0.161 micro_only=True cluster=MOBILE_DEEP_CYCLE,No user-facing action; monitoring.,Ambiguous/weak evidence (8d since effective change); monitor next window.,,True,False,True,False,False,False,False,False,0,2026-06-08T10:02:59Z,rolling30-v2.0,30,1,abs_ge_50mWh
AVON-SVTSKU3_Avon,2026-06-01,2026-05-02 23:59:59.999999999,2026-06-01 23:59:59.999999999,567,26.259,0.479,4.328,51.067,25,7,4,0,0,0,0,False,WINDOW_QUALITY_OK,29.0,56.0,27.0,30.846,0.3841,0.2403,0.6159,1.0,100.0,99.0,17.0,63.0,100.0,0.0111,0.0392,0.3871,0.293,0.2247,169,238,85,57940.0,57340.0,57340.0,57940.0,600.0,28,1,280.0,2026-05-11 13:35:51,33.0,99.9,98.86,5,5,5,0,10,3,2,3,0,5,2,1,2,0,3,1.8821,0,5,5,0.092542,1.0337,0.08303,0.08611,1.8007,0,5,5,0.102179,0.9906,0.21126,2026-06-01 23:59:59.999999999,2026-03-16 19:28:59,2026-06-01 16:37:34,77.188,True,57610.0,2026-05-11 13:35:51,33.0,21.433,23.0,True,57340.0,2026-06-01 13:34:59,56.0,0.434,0.0,True,23,20.0,True,5,0,3,5,0,5,0,2,0,0,2,0,2,0,5,0,3,0,1.8821,0,-2.38009,1.0337,1.0337,21.433,23.0,5,2,0,1.0337,4,MOBILE_DEEP_CYCLE,STATEFUL_WATCH_LOW_EVIDENCE,WINDOW_NORMAL_RESPONDING,ACTION_MONITOR_NEXT_WINDOW,low,8,weak_partial_evidence,fw_like;micro_wobble,days_eff=21 days_any=0 cyc_eff=23 hq_nr=5 total_nr=5 cens=0 lg_opp=3 opp=10 norm_anom=1.03 conf_p=0.083 micro_only=True cluster=MOBILE_DEEP_CYCLE,No user-facing action; monitoring.,Ambiguous/weak evidence (21d since effective change); monitor next window.,,True,False,True,False,False,False,False,False,0,2026-06-08T10:02:59Z,rolling30-v2.0,30,1,abs_ge_50mWh
BKOCHUPARAM-BR2_bkochuparamb,2026-05-26,2026-04-26 23:59:59.999999999,2026-05-26 23:59:59.999999999,545,29.28,0.5,3.54,61.807,23,10,4,0,0,0,0,False,WINDOW_QUALITY_OK,94.0,98.0,4.0,4.098,0.7152,0.1898,0.2848,29.0,100.0,71.0,79.0,97.0,100.0,0.0,0.0,0.9094,0.8447,0.6497,82,109,41,82800.0,82740.0,82740.0,82800.0,60.0,4,0,0.0,,,92.0,91.93,0,0,0,0,0,0,0,0,0,0,0,0,0,0,0,0.0,0,0,0,,0.0,,,0.0,0,0,0,,0.0,,2026-05-26 23:59:59.999999999,2025-09-16 15:15:36,2026-05-26 15:16:05,252.364,True,82910.0,2026-03-18 12:49:21,87.0,69.466,11.0,False,82740.0,2026-05-24 11:16:06,98.0,2.53,0.0,True,11,20.0,True,0,0,1,0,0,0,0,0,0,0,0,0,0,0,0,0,1,0,0.0,0,0.0,-0.0,-0.0,69.466,11.0,0,0,0,-0.0,5,AC_BOUND,STATEFUL_WATCH_LARGE_GAP_OR_CENSORED,WINDOW_MICRO_WOBBLE_ONLY,ACTION_MONITOR_NEXT_WINDOW,low,7,large_gap_or_censored_dominant,micro_wobble;large_gap_dominant,days_eff=69 days_any=3 cyc_eff=11 hq_nr=0 total_nr=0 cens=0 lg_opp=1 opp=1 norm_anom=-0.00 conf_p=1 micro_only=True cluster=AC_BOUND,No user-facing action; monitoring.,Ambiguous/weak evidence (69d since effective change); monitor next window.,,False,False,True,True,False,False,False,False,0,2026-06-08T10:02:59Z,rolling30-v2.0,30,1,abs_ge_50mWh
CMORATAYA-MDFJZ_cmorataya,2025-12-20,2025-11-20 23:59:59.999999999,2025-12-20 23:59:59.999999999,351,29.622,0.5,13.451,70.382,24,20,6,0,0,0,0,False,WINDOW_QUALITY_OK,13.0,19.0,6.0,6.077,0.6589,0.1174,0.3411,20.0,100.0,80.0,37.5,99.0,100.0,0.0,0.0,0.848,0.7396,0.6179,55,75,28,76490.0,76420.0,76420.0,76490.0,70.0,6,0,0.0,,,101.99,101.89,0,1,0,0,1,0,0,0,0,0,0,0,0,0,0,0.0,0,0,0,,0.0,,,0.0,0,0,0,,0.0,,2025-12-20 23:59:59.999999999,2025-10-08 11:09:18,2025-12-20 16:19:39,73.535,True,76590.0,2025-10-09 15:14:03,4.0,72.365,15.0,False,76420.0,2025-12-09 16:38:29,19.0,11.307,0.0,True,15,20.0,True,0,0,2,0,0,0,0,0,0,1,0,0,0,0,0,0,2,0,0.0,0,0.0,-0.0,-0.0,72.365,15.0,0,0,0,-0.0,5,AC_BOUND,STATEFUL_WATCH_LARGE_GAP_OR_CENSORED,WINDOW_MICRO_WOBBLE_ONLY,ACTION_MONITOR_NEXT_WINDOW,low,7,large_gap_or_censored_dominant,micro_wobble;large_gap_dominant,days_eff=72 days_any=11 cyc_eff=15 hq_nr=0 total_nr=0 cens=0 lg_opp=2 opp=3 norm_anom=-0.00 conf_p=1 micro_only=True cluster=AC_BOUND,No user-facing action; monitoring.,Ambiguous/weak evidence (72d since effective change); monitor next window.,,False,False,True,True,False,False,False,False,0,2026-06-08T10:02:59Z,rolling30-v2.0,30,1,abs_ge_50mWh
CRAMPELBERG-VRJ_T14,2025-07-29,2025-06-29 23:59:59.999999999,2025-07-29 23:59:59.999999999,189,29.035,0.5,14.786,138.782,24,12,4,0,0,0,0,False,WINDOW_QUALITY_OK,12.0,17.0,5.0,5.166,0.5148,0.173,0.4852,20.0,100.0,80.0,32.4,98.0,100.0,0.0,0.0,0.7082,0.53,0.4899,38,55,19,57410.0,57330.0,57330.0,57410.0,80.0,5,0,0.0,,,100.72,100.58,0,0,0,0,0,0,0,0,0,0,0,0,0,0,0,0.0,0,0,0,,0.0,,,0.0,0,0,0,,0.0,,2025-07-29 23:59:59.999999999,2025-04-22 10:05:32,2025-07-29 09:47:52,98.579,True,57560.0,2025-04-23 10:56:32,2.0,97.544,15.0,False,57330.0,2025-07-17 12:01:06,17.0,12.499,0.0,True,15,20.0,True,0,0,1,0,0,0,0,0,0,0,0,0,0,0,0,0,1,0,0.0,0,0.0,-0.0,-0.0,97.544,15.0,0,0,0,-0.0,5,AC_BOUND,STATEFUL_WATCH_LARGE_GAP_OR_CENSORED,WINDOW_MICRO_WOBBLE_ONLY,ACTION_MONITOR_NEXT_WINDOW,low,7,large_gap_or_censored_dominant,micro_wobble;large_gap_dominant,days_eff=98 days_any=12 cyc_eff=15 hq_nr=0 total_nr=0 cens=0 lg_opp=1 opp=1 norm_anom=-0.00 conf_p=1 micro_only=True cluster=AC_BOUND,No user-facing action; monitoring.,Ambiguous/weak evidence (97d since effective change); monitor next window.,,False,False,True,True,False,False,False,False,0,2026-06-08T10:02:59Z,rolling30-v2.0,30,1,abs_ge_50mWh
CRAMPELBERG-VRJ_crampelberg,2025-07-28,2025-06-28 23:59:59.999999999,2025-07-28 23:59:59.999999999,188,28.263,0.5,12.911,138.782,23,11,4,0,0,0,0,False,WINDOW_QUALITY_OK,12.0,17.0,5.0,5.307,0.5078,0.1611,0.4922,20.0,100.0,80.0,35.45,98.0,100.0,0.0,0.0,0.7185,0.5376,0.497,38,55,19,57410.0,57330.0,57330.0,57410.0,80.0,5,0,0.0,,,100.72,100.58,0,0,0,0,0,0,0,0,0,0,0,0,0,0,0,0.0,0,0,0,,0.0,,,0.0,0,0,0,,0.0,,2025-07-28 23:59:59.999999999,2025-04-22 10:05:32,2025-07-28 15:16:51,97.579,True,57560.0,2025-04-23 10:56:32,2.0,96.544,15.0,False,57330.0,2025-07-17 12:01:06,17.0,11.499,0.0,True,15,20.0,True,0,0,1,0,0,0,0,0,0,0,0,0,0,0,0,0,1,0,0.0,0,0.0,-0.0,-0.0,96.544,15.0,0,0,0,-0.0,5,AC_BOUND,STATEFUL_WATCH_LARGE_GAP_OR_CENSORED,WINDOW_MICRO_WOBBLE_ONLY,ACTION_MONITOR_NEXT_WINDOW,low,7,large_gap_or_censored_dominant,micro_wobble;large_gap_dominant,days_eff=97 days_any=11 cyc_eff=15 hq_nr=0 total_nr=0 cens=0 lg_opp=1 opp=1 norm_anom=-0.00 conf_p=1 micro_only=True cluster=AC_BOUND,No user-facing action; monitoring.,Ambiguous/weak evidence (96d since effective change); monitor next window.,,False,False,True,True,False,False,False,False,0,2026-06-08T10:02:59Z,rolling30-v2.0,30,1,abs_ge_50mWh
DBROWN6-F4RV7QY_dbrown6,2024-05-06,2024-04-06 23:59:59.999999999,2024-05-06 23:59:59.999999999,597,29.753,0.5,6.269,33.355,32,16,4,0,0,0,0,False,WINDOW_QUALITY_OK,23.0,37.0,14.0,14.116,0.6452,0.12,0.3548,1.0,100.0,99.0,33.0,98.0,100.0,0.0149,0.0226,0.7876,0.6978,0.5868,119,151,60,52570.0,48070.0,48070.0,52570.0,4500.0,17,3,3220.0,2024-04-30 04:41:14,33.0,100.0,91.44,0,5,0,0,5,0,4,0,0,4,0,3,0,0,3,0.0,0,0,0,,0.0,,,0.0,0,0,0,,0.0,,2024-05-06 23:59:59.999999999,2024-01-29 12:14:06,2024-05-06 18:30:02,98.49,True,48130.0,2024-04-30 04:41:14,33.0,6.805,4.0,True,48070.0,2024-05-03 07:39:20,37.0,3.681,0.0,True,4,20.0,True,0,1,0,0,1,1,0,0,1,0,0,1,1,0,0,0,0,0,0.3841,0,-0.48464,0.2105,0.2105,6.805,4.0,1,1,0,0.2105,4,MOBILE_DEEP_CYCLE,STATEFUL_WATCH_LOW_EVIDENCE,WINDOW_NORMAL_RESPONDING,ACTION_MONITOR_NEXT_WINDOW,low,8,weak_partial_evidence,fw_like;micro_wobble,days_eff=7 days_any=4 cyc_eff=4 hq_nr=0 total_nr=1 cens=0 lg_opp=0 opp=2 norm_anom=0.21 conf_p=1 micro_only=True cluster=MOBILE_DEEP_CYCLE,No user-facing action; monitoring.,Ambiguous/weak evidence (6d since effective change); monitor next window.,,True,False,True,False,False,False,False,False,0,2026-06-08T10:02:59Z,rolling30-v2.0,30,1,abs_ge_50mWh
DEBORAH_drepplier,2026-03-10,2026-02-08 23:59:59.999999999,2026-03-10 23:59:59.999999999,298,29.104,0.5,12.099,112.049,21,15,5,0,0,0,0,False,WINDOW_QUALITY_OK,9.0,10.0,1.0,1.031,0.9437,0.0152,0.0563,64.0,80.0,16.0,78.0,79.0,80.0,0.0,0.0,0.0,0.0,0.0,12,19,6,57930.0,57920.0,57920.0,57930.0,10.0,1,0,0.0,,,99.88,99.86,0,0,0,0,0,0,0,0,0,0,0,0,0,0,0,0.0,0,0,0,,0.0,,,0.0,0,0,0,,0.0,,2026-03-10 23:59:59.999999999,2025-02-25 11:04:47,2026-03-10 10:52:21,378.538,True,58030.0,2025-02-25 11:04:47,1.0,378.538,9.0,False,57920.0,2026-03-02 09:00:44,10.0,8.624,0.0,True,9,20.0,True,0,0,1,0,0,0,0,0,0,0,0,0,0,0,0,0,1,0,0.0,0,0.0,-0.0,-0.0,378.538,9.0,0,0,0,-0.0,2,MOBILE_DEEP_CYCLE,STATEFUL_WATCH_LARGE_GAP_OR_CENSORED,WINDOW_MICRO_WOBBLE_ONLY,ACTION_MONITOR_NEXT_WINDOW,low,7,large_gap_or_censored_dominant,micro_wobble;large_gap_dominant,days_eff=379 days_any=9 cyc_eff=9 hq_nr=0 total_nr=0 cens=0 lg_opp=1 opp=1 norm_anom=-0.00 conf_p=1 micro_only=True cluster=MOBILE_DEEP_CYCLE,No user-facing action; monitoring.,Ambiguous/weak evidence (378d since effective change); monitor next window.,,False,False,True,True,False,False,False,False,0,2026-06-08T10:02:59Z,rolling30-v2.0,30,1,abs_ge_50mWh
DESKTOP-8L6GNCN_Winson_Chiu,2025-09-15,2025-08-16 23:59:59.999999999,2025-09-15 23:59:59.999999999,684,29.173,0.5,1.487,57.847,21,8,4,0,0,0,0,False,WINDOW_QUALITY_OK,60.0,68.0,8.0,8.227,0.702,0.0833,0.3007,2.0,100.0,98.0,35.0,97.0,100.0,0.0141,0.0211,0.8034,0.7325,0.6762,64,84,31,56620.0,56510.0,56510.0,56620.0,110.0,10,0,0.0,,,97.62,97.43,0,1,0,0,1,0,1,0,0,1,0,1,0,0,1,0.0,0,0,0,,0.0,,,0.0,0,0,0,,0.0,,2025-09-15 23:59:59.999999999,2025-01-09 21:02:44,2025-09-15 08:47:11,249.123,True,56750.0,2025-01-09 21:02:44,54.0,249.123,14.0,False,56510.0,2025-09-11 18:01:31,68.0,4.249,0.0,True,21,20.0,True,0,0,1,0,0,0,0,0,0,1,0,0,0,0,0,0,1,0,0.0,0,0.0,-0.0,-0.0,249.123,14.0,0,0,0,-0.0,4,MOBILE_DEEP_CYCLE,STATEFUL_WATCH_LARGE_GAP_OR_CENSORED,WINDOW_MICRO_WOBBLE_ONLY,ACTION_MONITOR_NEXT_WINDOW,low,7,large_gap_or_censored_dominant,micro_wobble;large_gap_dominant,days_eff=249 days_any=4 cyc_eff=14 hq_nr=0 total_nr=0 cens=0 lg_opp=1 opp=2 norm_anom=-0.00 conf_p=1 micro_only=True cluster=MOBILE_DEEP_CYCLE,No user-facing action; monitoring.,Ambiguous/weak evidence (249d since effective change); monitor next window.,,False,False,True,True,False,False,False,False,0,2026-06-08T10:02:59Z,rolling30-v2.0,30,1,abs_ge_50mWh
DESKTOP-KQ90P7N_jkleissler,2024-08-27,2024-07-28 23:59:59.999999999,2024-08-27 23:59:59.999999999,468,29.197,0.5,6.804,63.377,25,11,4,0,0,0,0,False,WINDOW_QUALITY_OK,16.0,23.0,7.0,7.193,0.7124,0.1235,0.2876,4.0,100.0,96.0,38.7,97.0,100.0,0.0018,0.0036,0.8637,0.8089,0.5885,82,104,41,59020.0,59330.0,58990.0,59940.0,950.0,12,3,950.0,2024-08-18 19:44:20,21.0,101.76,102.29,0,2,0,0,2,0,2,0,0,2,0,1,0,0,1,0.0,0,0,0,,0.0,,,0.0,0,0,0,,0.0,,2024-08-27 23:59:59.999999999,2024-05-24 10:41:54,2024-08-27 12:48:07,95.554,True,59370.0,2024-08-18 19:44:20,21.0,9.178,2.0,True,59330.0,2024-08-26 09:18:03,23.0,1.612,0.0,True,4,10.0,True,0,0,1,0,0,0,0,0,0,1,0,0,0,0,0,0,1,0,0.0,0,0.0,-0.0,-0.0,9.178,2.0,0,0,0,-0.0,4,MOBILE_DEEP_CYCLE,STATEFUL_WATCH_LARGE_GAP_OR_CENSORED,WINDOW_NORMAL_RESPONDING,ACTION_MONITOR_NEXT_WINDOW,low,7,large_gap_or_censored_dominant,micro_wobble;large_gap_dominant,days_eff=9 days_any=2 cyc_eff=2 hq_nr=0 total_nr=0 cens=0 lg_opp=1 opp=2 norm_anom=-0.00 conf_p=1 micro_only=True cluster=MOBILE_DEEP_CYCLE,No user-facing action; monitoring.,Ambiguous/weak evidence (9d since effective change); monitor next window.,,False,False,True,True,False,False,False,False,0,2026-06-08T10:02:59Z,rolling30-v2.0,30,1,abs_ge_50mWh
DILLON_dpaquin,2025-08-13,2025-07-14 23:59:59.999999999,2025-08-13 23:59:59.999999999,214,29.027,0.5,15.439,260.286,13,13,3,0,0,0,0,False,WINDOW_QUALITY_OK,18.0,22.0,4.0,4.134,0.3249,0.0687,0.6751,18.0,80.0,62.0,38.3,75.0,80.0,0.0,0.003,0.0,0.0,0.0,38,47,19,56750.0,56690.0,56690.0,56750.0,60.0,4,0,0.0,,,99.56,99.46,0,1,0,0,1,0,0,0,0,0,0,0,0,0,0,0.0,0,0,0,,0.0,,,0.0,0,0,0,,0.0,,2025-08-13 23:59:59.999999999,2025-05-06 14:32:21,2025-08-13 07:37:53,99.394,True,57000.0,2025-05-06 14:32:21,1.0,99.394,21.0,False,56690.0,2025-08-11 08:11:37,22.0,2.659,0.0,True,20,20.0,True,0,0,1,0,0,0,0,0,0,0,0,0,0,0,0,0,1,0,0.0,0,0.0,-0.0,-0.0,99.394,21.0,0,0,0,-0.0,2,MOBILE_DEEP_CYCLE,STATEFUL_WATCH_LARGE_GAP_OR_CENSORED,WINDOW_MICRO_WOBBLE_ONLY,ACTION_MONITOR_NEXT_WINDOW,low,7,large_gap_or_censored_dominant,micro_wobble;large_gap_dominant,days_eff=99 days_any=3 cyc_eff=21 hq_nr=0 total_nr=0 cens=0 lg_opp=1 opp=1 norm_anom=-0.00 conf_p=1 micro_only=True cluster=MOBILE_DEEP_CYCLE,No user-facing action; monitoring.,Ambiguous/weak evidence (99d since effective change); monitor next window.,,False,False,True,True,False,False,False,False,0,2026-06-08T10:02:59Z,rolling30-v2.0,30,1,abs_ge_50mWh
DKUNTTU-F4JTB5W_dkunttu,2024-12-12,2024-11-12 23:59:59.999999999,2024-12-12 23:59:59.999999999,821,29.432,0.5,0.5,151.207,10,9,4,0,0,0,0,False,WINDOW_QUALITY_OK,74.0,81.0,7.0,7.135,0.8778,0.0877,0.1222,3.0,100.0,97.0,71.0,93.0,98.0,0.0053,0.0086,0.9282,0.8515,0.1724,114,172,57,56620.0,59630.0,56620.0,59670.0,3050.0,5,1,3050.0,2024-11-17 13:02:07,75.0,78.46,82.64,0,2,0,0,2,0,2,0,0,2,0,1,0,0,1,0.0,0,0,0,,0.0,,,0.0,0,0,0,,0.0,,2024-12-12 23:59:59.999999999,2023-09-21 15:00:12,2024-12-12 16:20:49,448.375,True,59670.0,2024-11-17 13:02:07,75.0,25.457,6.0,True,59630.0,2024-12-11 09:56:39,81.0,1.586,0.0,True,4,10.0,True,0,1,0,0,1,1,0,0,0,0,0,0,0,0,0,0,0,0,0.4407,0,-0.58107,0.2524,0.2524,25.457,6.0,1,0,0,0.2524,1,AC_BOUND,STATEFUL_WATCH_LOW_EVIDENCE,WINDOW_NORMAL_RESPONDING,ACTION_MONITOR_NEXT_WINDOW,low,8,weak_partial_evidence,fw_like;micro_wobble,days_eff=25 days_any=2 cyc_eff=6 hq_nr=0 total_nr=1 cens=0 lg_opp=0 opp=1 norm_anom=0.25 conf_p=1 micro_only=True cluster=AC_BOUND,No user-facing action; monitoring.,Ambiguous/weak evidence (25d since effective change); monitor next window.,,True,False,True,False,False,False,False,False,0,2026-06-08T10:02:59Z,rolling30-v2.0,30,1,abs_ge_50mWh
DKUNTTU-F4ML5R6_dkunttu,2024-08-23,2024-07-24 23:59:59.999999999,2024-08-23 23:59:59.999999999,130,29.64,0.5,0.503,365.799,5,5,3,0,0,0,0,False,WINDOW_QUALITY_OK,47.0,49.0,2.0,2.024,0.6787,0.6174,0.3213,2.0,100.0,98.0,19.0,19.0,100.0,0.0301,0.6475,0.2922,0.2512,0.2354,6,6,3,60090.0,58780.0,58780.0,60090.0,1310.0,5,1,1230.0,2024-07-27 01:06:28,47.0,105.37,103.07,0,2,0,0,2,0,2,0,0,2,0,2,0,0,2,0.0,0,0,0,,0.0,,,0.0,0,0,0,,0.0,,2024-08-23 23:59:59.999999999,2023-12-13 14:49:18,2024-08-23 15:45:40,254.382,True,58840.0,2024-07-27 01:06:28,47.0,27.954,2.0,True,58780.0,2024-08-21 19:30:41,49.0,2.187,0.0,True,3,30.0,True,0,0,1,0,0,0,0,0,0,1,0,0,0,0,0,0,1,0,0.0,0,0.0,-0.0,-0.0,27.954,2.0,0,0,0,-0.0,0,MOBILE_DEEP_CYCLE,STATEFUL_WATCH_LARGE_GAP_OR_CENSORED,WINDOW_NORMAL_RESPONDING,ACTION_MONITOR_NEXT_WINDOW,low,7,large_gap_or_censored_dominant,micro_wobble;large_gap_dominant,days_eff=28 days_any=2 cyc_eff=2 hq_nr=0 total_nr=0 cens=0 lg_opp=1 opp=2 norm_anom=-0.00 conf_p=1 micro_only=True cluster=MOBILE_DEEP_CYCLE,No user-facing action; monitoring.,Ambiguous/weak evidence (27d since effective change); monitor next window.,,False,False,True,True,False,False,False,False,0,2026-06-08T10:02:59Z,rolling30-v2.0,30,1,abs_ge_50mWh
DRICKARD-5GLCFY_drickard,2025-12-17,2025-11-17 23:59:59.999999999,2025-12-17 23:59:59.999999999,503,29.332,0.5,1.705,60.013,19,12,7,0,0,0,0,False,WINDOW_QUALITY_OK,29.0,32.0,3.0,3.068,0.9131,0.0331,0.0869,2.0,100.0,98.0,47.1,98.0,100.0,0.0057,0.0171,0.919,0.8977,0.7975,10,16,5,52870.0,52260.0,52260.0,52870.0,610.0,4,1,560.0,2025-12-05 09:43:05,31.0,96.57,95.45,0,2,0,0,2,0,2,0,0,2,0,1,0,0,1,0.0,0,0,0,,0.0,,,0.0,0,0,0,,0.0,,2025-12-17 23:59:59.999999999,2025-05-28 14:46:22,2025-12-17 15:06:50,203.384,True,52280.0,2025-12-05 09:43:05,31.0,12.595,1.0,True,52260.0,2025-12-08 08:59:27,32.0,9.625,0.0,True,1,20.0,True,0,0,1,0,0,0,0,0,0,0,0,0,0,0,0,0,1,0,0.0,0,0.0,-0.0,-0.0,12.595,1.0,0,0,0,-0.0,4,MOBILE_DEEP_CYCLE,STATEFUL_WATCH_LARGE_GAP_OR_CENSORED,WINDOW_NORMAL_RESPONDING,ACTION_MONITOR_NEXT_WINDOW,low,7,large_gap_or_censored_dominant,micro_wobble;large_gap_dominant,days_eff=13 days_any=10 cyc_eff=1 hq_nr=0 total_nr=0 cens=0 lg_opp=1 opp=1 norm_anom=-0.00 conf_p=1 micro_only=True cluster=MOBILE_DEEP_CYCLE,No user-facing action; monitoring.,Ambiguous/weak evidence (12d since effective change); monitor next window.,,False,False,True,True,False,False,False,False,0,2026-06-08T10:02:59Z,rolling30-v2.0,30,1,abs_ge_50mWh
DRUBRIGHT-FSTTJ_drubright,2026-05-27,2026-04-27 23:59:59.999999999,2026-05-27 23:59:59.999999999,564,29.519,0.5,7.07,30.926,34,8,3,0,0,0,0,False,WINDOW_QUALITY_OK,107.0,124.0,17.0,17.277,0.4712,0.1745,0.5288,2.0,100.0,98.0,27.0,92.0,100.0,0.0249,0.0388,0.5821,0.4752,0.42,104,141,53,50670.0,47300.0,47300.0,51360.0,4060.0,21,5,3160.0,2026-05-20 21:00:41,121.0,88.89,82.98,0,4,0,0,4,0,4,0,0,4,0,4,0,0,4,0.0,0,0,0,,0.0,,,0.0,0,0,0,,0.0,,2026-05-27 23:59:59.999999999,2025-06-11 14:08:58,2026-05-27 19:26:33,350.41,True,47340.0,2026-05-20 21:00:41,121.0,7.125,3.0,True,47300.0,2026-05-27 11:24:19,124.0,0.525,0.0,True,3,20.0,True,0,1,0,0,0,0,1,0,1,0,0,0,0,1,0,1,0,0,0.0,0,0.0,-0.0,-0.0,7.125,3.0,0,0,0,-0.0,4,MOBILE_DEEP_CYCLE,STATEFUL_WATCH_LARGE_GAP_OR_CENSORED,WINDOW_NORMAL_RESPONDING,ACTION_MONITOR_NEXT_WINDOW,low,7,large_gap_or_censored_dominant,micro_wobble;censored_dominant,days_eff=7 days_any=1 cyc_eff=3 hq_nr=0 total_nr=0 cens=1 lg_opp=0 opp=2 norm_anom=-0.00 conf_p=1 micro_only=True cluster=MOBILE_DEEP_CYCLE,No user-facing action; monitoring.,Ambiguous/weak evidence (7d since effective change); monitor next window.,,False,False,True,False,True,False,False,False,0,2026-06-08T10:02:59Z,rolling30-v2.0,30,1,abs_ge_50mWh
EAAGM1_pasw-,2025-09-05,2025-08-06 23:59:59.999999999,2025-09-05 23:59:59.999999999,305,29.721,0.5,13.469,127.29,18,16,5,0,0,0,0,False,WINDOW_QUALITY_OK,20.0,23.0,3.0,3.028,0.716,0.1366,0.284,10.0,100.0,90.0,25.2,100.0,100.0,0.0,0.0385,0.7136,0.6502,0.6293,28,37,14,58990.0,58920.0,58920.0,58990.0,70.0,4,0,0.0,,,103.44,103.31,0,1,0,0,1,0,1,0,0,1,0,1,0,0,1,0.0,0,0,0,,0.0,,,0.0,0,0,0,,0.0,,2025-09-05 23:59:59.999999999,2025-04-14 18:23:29,2025-09-05 17:27:16,144.234,True,59010.0,2025-07-24 12:38:01,20.0,43.474,3.0,True,58920.0,2025-09-04 18:24:40,23.0,1.233,0.0,True,5,30.0,True,0,0,1,0,0,0,0,0,0,1,0,0,0,0,0,0,1,0,0.0,0,0.0,-0.0,-0.0,43.474,3.0,0,0,0,-0.0,4,MOBILE_DEEP_CYCLE,STATEFUL_WATCH_LARGE_GAP_OR_CENSORED,WINDOW_MICRO_WOBBLE_ONLY,ACTION_MONITOR_NEXT_WINDOW,low,7,large_gap_or_censored_dominant,micro_wobble;large_gap_dominant,days_eff=43 days_any=1 cyc_eff=3 hq_nr=0 total_nr=0 cens=0 lg_opp=1 opp=2 norm_anom=-0.00 conf_p=1 micro_only=True cluster=MOBILE_DEEP_CYCLE,No user-facing action; monitoring.,Ambiguous/weak evidence (43d since effective change); monitor next window.,,False,False,True,True,False,False,False,False,0,2026-06-08T10:02:59Z,rolling30-v2.0,30,1,abs_ge_50mWh
EB16034-F2RY6ZG_eb16034,2025-10-28,2025-09-28 23:59:59.999999999,2025-10-28 23:59:59.999999999,382,29.118,0.5,13.411,86.342,22,21,6,0,0,0,0,False,WINDOW_QUALITY_OK,253.0,265.0,12.0,12.363,0.7363,0.1225,0.2637,2.0,100.0,98.0,25.15,100.0,100.0,0.0109,0.0212,0.8118,0.7805,0.761,36,55,18,50490.0,40550.0,40550.0,50490.0,9940.0,1,1,9940.0,2025-10-10 12:55:52,258.0,99.98,80.3,0,4,0,0,4,0,4,0,0,4,0,3,0,0,3,0.0,0,0,0,,0.0,,,0.0,0,0,0,,0.0,,2025-10-28 23:59:59.999999999,2023-02-02 17:38:06,2025-10-28 12:35:52,999.265,True,40550.0,2025-10-10 12:55:52,258.0,18.461,7.0,True,40550.0,2025-10-10 12:55:52,258.0,18.461,7.0,True,0,0.0,False,0,2,2,0,2,2,0,0,1,2,0,1,1,0,0,0,2,0,0.7682,0,-0.96929,0.421,0.421,18.461,7.0,2,1,0,0.421,4,MOBILE_DEEP_CYCLE,STATEFUL_WATCH_LARGE_GAP_OR_CENSORED,WINDOW_NORMAL_RESPONDING,ACTION_MONITOR_NEXT_WINDOW,low,7,large_gap_or_censored_dominant,fw_like;large_gap_dominant,days_eff=18 days_any=18 cyc_eff=7 hq_nr=0 total_nr=2 cens=0 lg_opp=2 opp=7 norm_anom=0.42 conf_p=1 micro_only=False cluster=MOBILE_DEEP_CYCLE,No user-facing action; monitoring.,Ambiguous/weak evidence (18d since effective change); monitor next window.,,True,False,False,True,False,False,False,False,0,2026-06-08T10:02:59Z,rolling30-v2.0,30,1,abs_ge_50mWh
EBUCHHOLZ-HKD6N_ebuchholz,2025-08-06,2025-07-07 23:59:59.999999999,2025-08-06 23:59:59.999999999,352,29.075,0.5,11.387,59.794,31,11,5,0,0,0,0,False,WINDOW_QUALITY_OK,16.0,26.0,10.0,10.318,0.4682,0.2066,0.5318,12.0,100.0,88.0,26.0,88.0,100.0,0.0,0.0074,0.5661,0.4318,0.3135,62,83,32,56960.0,55960.0,55860.0,56960.0,1100.0,13,3,570.0,2025-07-28 21:05:57,24.0,99.93,98.18,2,3,1,0,5,0,2,0,0,2,0,0,0,0,0,0.8248,1,1,2,0.344483,0.4628,0.35375,0.3404,0.7865,1,1,2,0.363353,0.4397,0.34916,2025-08-06 23:59:59.999999999,2025-05-27 14:24:58,2025-08-06 10:10:25,71.399,True,55980.0,2025-07-28 21:05:57,24.0,9.121,2.0,True,55960.0,2025-08-01 14:04:41,26.0,5.413,0.0,True,2,10.0,True,1,0,0,1,0,1,0,0,0,0,0,0,0,0,1,0,0,0,0.3841,0,-0.48464,0.2105,0.2105,9.121,2.0,1,0,0,0.2105,4,MOBILE_DEEP_CYCLE,STATEFUL_WATCH_LOW_EVIDENCE,WINDOW_NORMAL_RESPONDING,ACTION_MONITOR_NEXT_WINDOW,low,8,weak_partial_evidence,fw_like;micro_wobble,days_eff=9 days_any=5 cyc_eff=2 hq_nr=1 total_nr=1 cens=0 lg_opp=0 opp=1 norm_anom=0.21 conf_p=0.354 micro_only=True cluster=MOBILE_DEEP_CYCLE,No user-facing action; monitoring.,Ambiguous/weak evidence (9d since effective change); monitor next window.,,True,False,True,False,False,False,False,False,0,2026-06-08T10:02:59Z,rolling30-v2.0,30,1,abs_ge_50mWh
EWALLACE-5AM7XJ_ewallace,2026-05-29,2026-04-29 23:59:59.999999999,2026-05-29 23:59:59.999999999,280,28.992,0.5,17.399,118.446,23,21,4,0,0,0,0,False,WINDOW_QUALITY_OK,19.0,23.0,4.0,4.139,0.7853,0.1468,0.2147,2.0,100.0,98.0,70.9,100.0,100.0,0.0032,0.0032,0.9381,0.8616,0.7192,58,81,29,60810.0,60750.0,60750.0,60810.0,60.0,4,0,0.0,,,106.68,106.58,0,1,0,0,1,0,1,0,0,1,0,1,0,0,1,0.0,0,0,0,,0.0,,,0.0,0,0,0,,0.0,,2026-05-29 23:59:59.999999999,2026-02-05 17:19:13,2026-05-29 09:28:33,113.278,True,61040.0,2026-02-12 14:01:09,4.0,106.416,19.0,False,60750.0,2026-05-26 10:51:22,23.0,3.548,0.0,True,19,20.0,True,0,0,1,0,0,0,0,0,0,1,0,0,0,0,0,0,1,0,0.0,0,0.0,-0.0,-0.0,106.416,19.0,0,0,0,-0.0,4,MOBILE_DEEP_CYCLE,STATEFUL_WATCH_LARGE_GAP_OR_CENSORED,WINDOW_MICRO_WOBBLE_ONLY,ACTION_MONITOR_NEXT_WINDOW,low,7,large_gap_or_censored_dominant,micro_wobble;large_gap_dominant,days_eff=106 days_any=4 cyc_eff=19 hq_nr=0 total_nr=0 cens=0 lg_opp=1 opp=2 norm_anom=-0.00 conf_p=1 micro_only=True cluster=MOBILE_DEEP_CYCLE,No user-facing action; monitoring.,Ambiguous/weak evidence (106d since effective change); monitor next window.,,False,False,True,True,False,False,False,False,0,2026-06-08T10:02:59Z,rolling30-v2.0,30,1,abs_ge_50mWh
FANG_X13,2025-06-18,2025-05-19 23:59:59.999999999,2025-06-18 23:59:59.999999999,290,28.734,0.5,17.641,45.679,28,24,6,0,0,0,0,False,WINDOW_QUALITY_OK,67.0,70.0,3.0,3.132,0.887,0.0719,0.113,14.0,100.0,86.0,79.45,99.0,100.0,0.0,0.0059,0.9304,0.9169,0.746,34,46,17,55170.0,54590.0,54590.0,55170.0,580.0,1,1,580.0,2025-05-28 11:03:27,68.0,100.8,99.74,0,1,0,0,1,0,1,0,0,1,0,0,0,0,0,0.0,0,0,0,,0.0,,,0.0,0,0,0,,0.0,,2025-06-18 23:59:59.999999999,2023-05-10 12:24:40,2025-06-18 02:16:47,770.483,True,54590.0,2025-05-28 11:03:27,68.0,21.539,2.0,True,54590.0,2025-05-28 11:03:27,68.0,21.539,2.0,True,0,0.0,False,0,0,1,0,0,0,0,0,0,0,0,0,0,0,0,0,1,0,0.0,0,0.0,-0.0,-0.0,21.539,2.0,0,0,0,-0.0,4,MOBILE_DEEP_CYCLE,STATEFUL_WATCH_LARGE_GAP_OR_CENSORED,WINDOW_NORMAL_RESPONDING,ACTION_MONITOR_NEXT_WINDOW,low,7,large_gap_or_censored_dominant,large_gap_dominant,days_eff=22 days_any=22 cyc_eff=2 hq_nr=0 total_nr=0 cens=0 lg_opp=1 opp=1 norm_anom=-0.00 conf_p=1 micro_only=False cluster=MOBILE_DEEP_CYCLE,No user-facing action; monitoring.,Ambiguous/weak evidence (21d since effective change); monitor next window.,,False,False,False,True,False,False,False,False,0,2026-06-08T10:02:59Z,rolling30-v2.0,30,1,abs_ge_50mWh
GKONDOXPF3TRKJD_gkondo,2026-06-01,2026-05-02 23:59:59.999999999,2026-06-01 23:59:59.999999999,229,26.662,0.5,0.5,266.778,2,2,2,0,0,0,0,False,WINDOW_QUALITY_OK,512.0,515.0,3.0,3.376,0.7364,0.0717,0.2636,1.0,100.0,99.0,9.0,100.0,100.0,0.0668,0.0939,0.7351,0.708,0.6945,8,12,4,43640.0,43640.0,43640.0,43640.0,0.0,0,0,0.0,,,76.56,76.56,1,2,1,0,3,1,2,1,0,3,1,2,1,0,3,0.451,0,1,1,0.54902,0.2604,0.53695,0.52345,0.1744,0,1,1,0.825581,0.0832,0.76302,2026-06-01 23:59:59.999999999,2023-02-02 16:46:38,2026-06-01 20:55:40,1215.301,True,43640.0,2026-04-08 02:43:15,506.0,54.887,9.0,True,43640.0,2026-04-08 02:43:15,506.0,54.887,9.0,True,0,0.0,False,1,1,5,1,1,2,0,1,1,4,1,1,2,0,1,0,5,0,0.902,0,-1.19924,0.5208,0.5208,54.887,9.0,2,2,0,0.5208,4,MOBILE_DEEP_CYCLE,STATEFUL_WATCH_LARGE_GAP_OR_CENSORED,WINDOW_OPPORTUNITY_NO_RESPONSE,ACTION_MONITOR_NEXT_WINDOW,low,7,large_gap_or_censored_dominant,fw_like;large_gap_dominant,days_eff=55 days_any=55 cyc_eff=9 hq_nr=1 total_nr=2 cens=0 lg_opp=5 opp=13 norm_anom=0.52 conf_p=0.537 micro_only=False cluster=MOBILE_DEEP_CYCLE,No user-facing action; monitoring.,Ambiguous/weak evidence (54d since effective change); monitor next window.,,True,False,False,True,False,False,False,False,21,2026-06-08T10:02:59Z,rolling30-v2.0,30,1,abs_ge_50mWh
GMCNEIL-F55JALH_gmcneil,2024-11-25,2024-10-26 23:59:59.999999999,2024-11-25 23:59:59.999999999,1024,29.639,0.5,0.595,42.303,15,7,2,0,0,0,0,False,WINDOW_QUALITY_OK,26.0,43.0,17.0,17.207,0.8072,0.2075,0.1928,0.0,100.0,100.0,16.0,97.0,100.0,0.0267,0.0654,0.7653,0.741,0.6268,130,200,65,56650.0,53810.0,53140.0,57530.0,4390.0,25,8,2550.0,2024-11-22 22:27:19,42.0,97.67,92.78,3,4,2,0,7,3,3,2,0,6,3,3,2,0,6,1.1288,1,2,3,0.24055,0.6188,0.23168,0.21326,1.6369,1,2,3,0.093805,1.0278,0.19663,2024-11-25 23:59:59.999999999,2024-09-17 15:21:50,2024-11-25 15:44:09,69.36,True,53850.0,2024-11-22 22:27:19,42.0,3.064,1.0,True,53810.0,2024-11-25 09:37:40,43.0,0.599,0.0,True,1,40.0,True,0,0,1,0,0,0,0,0,0,1,0,0,0,0,0,0,1,0,0.0,0,0.0,-0.0,-0.0,3.064,1.0,0,0,0,-0.0,4,MOBILE_DEEP_CYCLE,STATEFUL_WATCH_LARGE_GAP_OR_CENSORED,WINDOW_NORMAL_RESPONDING,ACTION_MONITOR_NEXT_WINDOW,low,7,large_gap_or_censored_dominant,micro_wobble;large_gap_dominant,days_eff=3 days_any=1 cyc_eff=1 hq_nr=0 total_nr=0 cens=0 lg_opp=1 opp=2 norm_anom=-0.00 conf_p=0.232 micro_only=True cluster=MOBILE_DEEP_CYCLE,No user-facing action; monitoring.,Ambiguous/weak evidence (3d since effective change); monitor next window.,,False,False,True,True,False,False,False,False,0,2026-06-08T10:02:59Z,rolling30-v2.0,30,1,abs_ge_50mWh
GREG-WORK-X13Y_gmcneil,2024-09-06,2024-08-07 23:59:59.999999999,2024-09-06 23:59:59.999999999,920,29.905,0.5,1.342,39.542,16,6,3,0,0,0,0,False,WINDOW_QUALITY_OK,146.0,165.0,19.0,19.06,0.7046,0.2802,0.2954,3.0,100.0,97.0,22.9,98.0,100.0,0.0076,0.0334,0.7466,0.7106,0.6777,126,164,63,47140.0,47140.0,47140.0,47140.0,0.0,0,0,0.0,,,86.13,86.13,6,4,6,1,11,4,4,4,0,8,3,4,3,0,7,2.5206,0,6,6,0.03781,1.4224,0.03814,0.04146,0.575,0,6,6,0.545098,0.2635,0.51403,2024-09-06 23:59:59.999999999,2023-05-12 21:19:28,2024-09-06 22:00:20,483.111,True,47140.0,2024-08-01 12:59:45,143.0,36.459,22.0,True,47140.0,2024-08-01 12:59:45,143.0,36.459,22.0,True,0,0.0,False,7,1,4,6,1,7,1,3,1,4,3,1,4,0,6,1,4,0,2.9509,0,-3.83786,1.6668,1.6668,36.459,22.0,7,4,0,1.6668,3,AC_BOUND,STATEFUL_WATCH_LOW_EVIDENCE,WINDOW_OPPORTUNITY_NO_RESPONSE,ACTION_MONITOR_NEXT_WINDOW,low,8,weak_partial_evidence,fw_like,days_eff=36 days_any=36 cyc_eff=22 hq_nr=6 total_nr=7 cens=1 lg_opp=4 opp=20 norm_anom=1.67 conf_p=0.0381 micro_only=False cluster=AC_BOUND,No user-facing action; monitoring.,Ambiguous/weak evidence (36d since effective change); monitor next window.,,True,False,False,False,False,False,False,False,7,2026-06-08T10:02:59Z,rolling30-v2.0,30,1,abs_ge_50mWh
GTORRES3-0C7G0F_gtorres3,2024-11-11,2024-10-12 23:59:59.999999999,2024-11-11 23:59:59.999999999,346,28.525,0.5,11.366,36.854,34,17,3,0,0,0,0,False,WINDOW_QUALITY_OK,16.0,24.0,8.0,8.414,0.3135,0.1009,0.6922,2.0,100.0,98.0,16.0,79.0,100.0,0.0169,0.056,0.4525,0.347,0.2618,44,47,20,58020.0,56710.0,56710.0,59080.0,2370.0,12,6,1750.0,2024-11-02 14:59:04,23.0,100.03,97.78,1,4,1,0,5,0,3,0,0,3,0,3,0,0,3,0.451,0,1,1,0.54902,0.2604,0.53695,0.52345,0.4625,0,1,1,0.537459,0.2697,0.51097,2024-11-11 23:59:59.999999999,2024-08-14 09:26:53,2024-11-11 09:36:17,89.606,True,56730.0,2024-11-02 14:59:04,23.0,9.376,1.0,True,56710.0,2024-11-03 09:56:51,24.0,8.586,0.0,True,1,20.0,True,0,1,0,0,1,1,0,0,0,1,0,0,0,0,0,0,0,0,0.4407,0,-0.58107,0.2524,0.2524,9.376,1.0,1,0,0,0.2524,4,MOBILE_DEEP_CYCLE,STATEFUL_WATCH_LOW_EVIDENCE,WINDOW_NORMAL_RESPONDING,ACTION_MONITOR_NEXT_WINDOW,low,8,weak_partial_evidence,fw_like;micro_wobble,days_eff=9 days_any=9 cyc_eff=1 hq_nr=0 total_nr=1 cens=0 lg_opp=0 opp=2 norm_anom=0.25 conf_p=0.537 micro_only=True cluster=MOBILE_DEEP_CYCLE,No user-facing action; monitoring.,Ambiguous/weak evidence (9d since effective change); monitor next window.,,True,False,True,False,False,False,False,False,0,2026-06-08T10:02:59Z,rolling30-v2.0,30,1,abs_ge_50mWh
HARSHADA-X1CG12_hghodke,2026-05-27,2026-04-27 23:59:59.999999999,2026-05-27 23:59:59.999999999,238,28.978,0.5,15.014,73.682,27,15,5,0,0,0,0,False,WINDOW_QUALITY_OK,87.0,100.0,13.0,13.458,0.5652,0.1929,0.4348,2.0,100.0,98.0,15.85,89.5,100.0,0.0448,0.0668,0.6023,0.4771,0.3961,42,54,21,48580.0,49840.0,48570.0,52920.0,4350.0,17,6,4350.0,2026-05-20 13:35:42,97.0,85.18,87.39,3,3,3,0,6,2,3,2,0,5,0,3,0,0,3,1.1957,0,3,3,0.214423,0.6687,0.21055,0.19519,1.3484,0,3,3,0.161129,0.7928,0.24369,2026-05-27 23:59:59.999999999,2024-09-08 10:50:18,2026-05-27 09:12:36,626.548,True,49880.0,2026-05-20 13:35:42,97.0,7.434,3.0,True,49840.0,2026-05-26 20:52:32,100.0,1.13,0.0,True,3,20.0,True,1,0,0,1,0,1,0,0,0,1,0,0,0,0,1,0,0,0,0.4303,0,-0.56269,0.2444,0.2444,7.434,3.0,1,0,0,0.2444,4,MOBILE_DEEP_CYCLE,STATEFUL_WATCH_LOW_EVIDENCE,WINDOW_NORMAL_RESPONDING,ACTION_MONITOR_NEXT_WINDOW,low,8,weak_partial_evidence,fw_like;micro_wobble,days_eff=7 days_any=1 cyc_eff=3 hq_nr=1 total_nr=1 cens=0 lg_opp=0 opp=2 norm_anom=0.24 conf_p=0.211 micro_only=True cluster=MOBILE_DEEP_CYCLE,No user-facing action; monitoring.,Ambiguous/weak evidence (7d since effective change); monitor next window.,,True,False,True,False,False,False,False,False,0,2026-06-08T10:02:59Z,rolling30-v2.0,30,1,abs_ge_50mWh
HBOUHYA-F5GLH13_hbouhya,2025-11-05,2025-10-06 23:59:59.999999999,2025-11-05 23:59:59.999999999,421,29.514,0.5,5.03,117.263,19,13,3,0,0,0,0,False,WINDOW_QUALITY_OK,18.0,20.0,2.0,2.033,0.8407,0.0448,0.1593,18.0,100.0,82.0,80.0,97.0,100.0,0.0,0.0093,0.8872,0.8558,0.7722,18,38,9,52810.0,52770.0,52770.0,52810.0,40.0,2,0,0.0,,,96.46,96.38,0,1,0,0,1,0,0,0,0,0,0,0,0,0,0,0.0,0,0,0,,0.0,,,0.0,0,0,0,,0.0,,2025-11-05 23:59:59.999999999,2025-05-28 14:44:00,2025-11-05 15:14:05,161.386,True,52870.0,2025-08-29 07:36:05,14.0,68.683,6.0,False,52770.0,2025-10-24 10:58:15,20.0,12.543,0.0,True,6,20.0,True,0,0,1,0,0,0,0,0,0,0,0,0,0,0,0,0,1,0,0.0,0,0.0,-0.0,-0.0,68.683,6.0,0,0,0,-0.0,4,MOBILE_DEEP_CYCLE,STATEFUL_WATCH_LARGE_GAP_OR_CENSORED,WINDOW_MICRO_WOBBLE_ONLY,ACTION_MONITOR_NEXT_WINDOW,low,7,large_gap_or_censored_dominant,micro_wobble;large_gap_dominant,days_eff=69 days_any=13 cyc_eff=6 hq_nr=0 total_nr=0 cens=0 lg_opp=1 opp=1 norm_anom=-0.00 conf_p=1 micro_only=True cluster=MOBILE_DEEP_CYCLE,No user-facing action; monitoring.,Ambiguous/weak evidence (68d since effective change); monitor next window.,,False,False,True,True,False,False,False,False,0,2026-06-08T10:02:59Z,rolling30-v2.0,30,1,abs_ge_50mWh
HIDEKIK-F3T9NA0_hidekik,2024-08-06,2024-07-07 23:59:59.999999999,2024-08-06 23:59:59.999999999,629,29.614,0.5,3.912,52.86,26,6,4,0,0,0,0,False,WINDOW_QUALITY_OK,159.0,166.0,7.0,7.091,0.6267,0.1141,0.3733,28.0,100.0,72.0,84.0,99.0,100.0,0.0,0.0,0.9619,0.8669,0.687,155,216,78,52240.0,52240.0,52240.0,52240.0,0.0,0,0,0.0,,,91.57,91.57,0,0,0,0,0,0,0,0,0,0,0,0,0,0,0,0.0,0,0,0,,0.0,,,0.0,0,0,0,,0.0,,2024-08-06 23:59:59.999999999,2023-02-03 15:00:42,2024-08-06 15:12:42,550.375,True,52240.0,2024-06-17 10:08:15,150.0,50.578,16.0,True,52240.0,2024-06-17 10:08:15,150.0,50.578,16.0,True,0,0.0,False,0,0,1,0,0,0,0,0,0,0,0,0,0,0,0,0,1,0,0.0,0,0.0,-0.0,-0.0,50.578,16.0,0,0,0,-0.0,5,AC_BOUND,STATEFUL_WATCH_LARGE_GAP_OR_CENSORED,WINDOW_INSUFFICIENT_LEARNING_OPPORTUNITY,ACTION_MONITOR_NEXT_WINDOW,low,7,large_gap_or_censored_dominant,large_gap_dominant,days_eff=51 days_any=51 cyc_eff=16 hq_nr=0 total_nr=0 cens=0 lg_opp=1 opp=1 norm_anom=-0.00 conf_p=1 micro_only=False cluster=AC_BOUND,No user-facing action; monitoring.,Ambiguous/weak evidence (50d since effective change); monitor next window.,,False,False,False,True,False,False,False,False,0,2026-06-08T10:02:59Z,rolling30-v2.0,30,1,abs_ge_50mWh
JACKX1_jkleissler,2026-05-26,2026-04-26 23:59:59.999999999,2026-05-26 23:59:59.999999999,399,29.293,0.5,12.008,58.051,26,20,6,0,0,0,0,False,WINDOW_QUALITY_OK,123.0,131.0,8.0,8.193,0.7049,0.1557,0.2951,20.0,100.0,80.0,60.0,99.0,100.0,0.0,0.0,0.8541,0.7751,0.7104,78,114,39,54580.0,54490.0,54490.0,54580.0,90.0,8,0,0.0,,,95.7,95.55,0,1,0,0,1,0,0,0,0,0,0,0,0,0,0,0.0,0,0,0,,0.0,,,0.0,0,0,0,,0.0,,2026-05-26 23:59:59.999999999,2025-03-18 15:28:36,2026-05-26 15:29:52,434.355,True,54590.0,2026-04-17 21:26:57,122.0,39.106,9.0,True,54490.0,2026-05-19 09:31:15,131.0,7.603,0.0,True,9,20.0,True,0,0,1,0,0,0,0,0,0,0,0,0,0,0,0,0,1,0,0.0,0,0.0,-0.0,-0.0,39.106,9.0,0,0,0,-0.0,5,AC_BOUND,STATEFUL_WATCH_LARGE_GAP_OR_CENSORED,WINDOW_MICRO_WOBBLE_ONLY,ACTION_MONITOR_NEXT_WINDOW,low,7,large_gap_or_censored_dominant,micro_wobble;large_gap_dominant,days_eff=39 days_any=8 cyc_eff=9 hq_nr=0 total_nr=0 cens=0 lg_opp=1 opp=1 norm_anom=-0.00 conf_p=1 micro_only=True cluster=AC_BOUND,No user-facing action; monitoring.,Ambiguous/weak evidence (39d since effective change); monitor next window.,,False,False,True,True,False,False,False,False,0,2026-06-08T10:02:59Z,rolling30-v2.0,30,1,abs_ge_50mWh
JBARRETT-4SA7XV_jbarrett,2025-09-03,2025-08-04 23:59:59.999999999,2025-09-03 23:59:59.999999999,519,29.621,0.5,5.776,55.75,26,7,4,0,0,0,0,False,WINDOW_QUALITY_OK,125.0,135.0,10.0,10.128,0.8165,0.0879,0.1835,10.0,100.0,90.0,47.0,98.0,100.0,0.0,0.0007,0.8577,0.8227,0.791,72,100,36,35000.0,34850.0,34850.0,35000.0,150.0,10,0,0.0,,,63.99,63.71,0,1,0,0,1,0,1,0,0,1,0,1,0,0,1,0.0,0,0,0,,0.0,,,0.0,0,0,0,,0.0,,2025-09-03 23:59:59.999999999,2024-04-03 12:03:15,2025-09-03 14:55:38,518.498,True,35030.0,2025-07-29 22:27:19,123.0,36.064,12.0,True,34850.0,2025-09-03 12:51:07,135.0,0.465,0.0,True,12,20.0,True,0,0,1,0,0,0,0,0,0,1,0,0,0,0,0,0,1,0,0.0,0,0.0,-0.0,-0.0,36.064,12.0,0,0,0,-0.0,4,MOBILE_DEEP_CYCLE,STATEFUL_WATCH_LARGE_GAP_OR_CENSORED,WINDOW_MICRO_WOBBLE_ONLY,ACTION_MONITOR_NEXT_WINDOW,low,7,large_gap_or_censored_dominant,micro_wobble;large_gap_dominant,days_eff=36 days_any=0 cyc_eff=12 hq_nr=0 total_nr=0 cens=0 lg_opp=1 opp=2 norm_anom=-0.00 conf_p=1 micro_only=True cluster=MOBILE_DEEP_CYCLE,No user-facing action; monitoring.,Ambiguous/weak evidence (36d since effective change); monitor next window.,,False,False,True,True,False,False,False,False,0,2026-06-08T10:02:59Z,rolling30-v2.0,30,1,abs_ge_50mWh
JBOWEN2-F62KRD0_jbowen2,2026-05-18,2026-04-18 23:59:59.999999999,2026-05-18 23:59:59.999999999,470,28.316,0.5,0.5,62.697,20,19,4,0,0,0,0,False,WINDOW_QUALITY_OK,30.0,39.0,9.0,9.535,0.8232,0.2239,0.1768,10.0,100.0,90.0,31.45,97.0,100.0,0.0,0.0104,0.8232,0.7716,0.5864,43,108,22,72580.0,71000.0,71000.0,72580.0,1580.0,9,2,750.0,2026-05-08 11:41:52,37.0,96.77,94.67,1,5,0,0,6,1,4,0,0,5,1,4,0,0,5,0.3841,1,0,1,0.615917,0.2105,0.86181,0.88065,0.2481,1,0,1,0.751926,0.1238,0.71787,2026-05-18 23:59:59.999999999,2026-01-14 11:42:48,2026-05-18 15:25:45,124.512,True,71020.0,2026-05-08 11:41:52,37.0,10.513,2.0,True,71000.0,2026-05-15 11:11:43,39.0,3.534,0.0,True,2,10.0,True,0,0,1,0,0,0,0,0,0,1,0,0,0,0,0,0,1,0,0.0,0,0.0,-0.0,-0.0,10.513,2.0,0,0,0,-0.0,4,MOBILE_DEEP_CYCLE,STATEFUL_WATCH_LARGE_GAP_OR_CENSORED,WINDOW_NORMAL_RESPONDING,ACTION_MONITOR_NEXT_WINDOW,low,7,large_gap_or_censored_dominant,micro_wobble;large_gap_dominant,days_eff=11 days_any=4 cyc_eff=2 hq_nr=0 total_nr=0 cens=0 lg_opp=1 opp=2 norm_anom=-0.00 conf_p=0.862 micro_only=True cluster=MOBILE_DEEP_CYCLE,No user-facing action; monitoring.,Ambiguous/weak evidence (10d since effective change); monitor next window.,,False,False,True,True,False,False,False,False,0,2026-06-08T10:02:59Z,rolling30-v2.0,30,1,abs_ge_50mWh
JCOMBS-PF5PEZSE_jcombs,2026-05-12,2026-04-12 23:59:59.999999999,2026-05-12 23:59:59.999999999,300,20.109,0.5,6.623,49.402,17,11,4,0,0,0,0,False,WINDOW_QUALITY_OK,71.0,76.0,5.0,7.459,0.6416,0.1189,0.3584,5.0,100.0,95.0,28.95,97.0,100.0,0.0039,0.0109,0.8355,0.7398,0.6472,53,71,27,87770.0,83740.0,83740.0,87770.0,4030.0,6,1,3940.0,2026-04-30 12:15:43,73.0,97.52,93.04,0,2,0,0,2,0,1,0,0,1,0,1,0,0,1,0.0,0,0,0,,0.0,,,0.0,0,0,0,,0.0,,2026-05-12 23:59:59.999999999,2025-09-16 13:01:09,2026-05-12 13:23:24,238.458,True,83790.0,2026-04-30 12:15:43,73.0,12.489,3.0,True,83740.0,2026-05-05 15:21:00,76.0,7.36,0.0,True,3,20.0,True,0,0,2,0,0,0,0,0,0,1,0,0,0,0,0,0,2,0,0.0,0,0.0,-0.0,-0.0,12.489,3.0,0,0,0,-0.0,4,MOBILE_DEEP_CYCLE,STATEFUL_WATCH_LARGE_GAP_OR_CENSORED,WINDOW_NORMAL_RESPONDING,ACTION_MONITOR_NEXT_WINDOW,low,7,large_gap_or_censored_dominant,micro_wobble;large_gap_dominant,days_eff=12 days_any=7 cyc_eff=3 hq_nr=0 total_nr=0 cens=0 lg_opp=2 opp=3 norm_anom=-0.00 conf_p=1 micro_only=True cluster=MOBILE_DEEP_CYCLE,No user-facing action; monitoring.,Ambiguous/weak evidence (12d since effective change); monitor next window.,,False,False,True,True,False,False,False,False,0,2026-06-08T10:02:59Z,rolling30-v2.0,30,1,abs_ge_50mWh
JEREMY_jeremyca,2026-05-12,2026-04-12 23:59:59.999999999,2026-05-12 23:59:59.999999999,281,29.055,0.5,14.033,165.419,19,15,4,0,0,0,0,False,WINDOW_QUALITY_OK,11.0,17.0,6.0,6.195,0.6188,0.1039,0.3812,20.0,100.0,80.0,50.0,98.0,100.0,0.0,0.0,0.7682,0.6773,0.5668,41,58,21,89860.0,89760.0,89760.0,89860.0,100.0,6,0,0.0,,,99.84,99.73,0,1,0,0,1,0,0,0,0,0,0,0,0,0,0,0.0,0,0,0,,0.0,,,0.0,0,0,0,,0.0,,2026-05-12 23:59:59.999999999,2026-01-22 11:14:26,2026-05-12 10:14:51,110.532,True,90010.0,2026-01-22 11:14:26,0.0,110.532,17.0,False,89760.0,2026-05-07 12:00:37,17.0,5.5,0.0,True,16,20.0,True,0,0,2,0,0,0,0,0,0,1,0,0,0,0,0,0,2,0,0.0,0,0.0,-0.0,-0.0,110.532,17.0,0,0,0,-0.0,5,AC_BOUND,STATEFUL_WATCH_LARGE_GAP_OR_CENSORED,WINDOW_MICRO_WOBBLE_ONLY,ACTION_MONITOR_NEXT_WINDOW,low,7,large_gap_or_censored_dominant,micro_wobble;large_gap_dominant,days_eff=111 days_any=6 cyc_eff=17 hq_nr=0 total_nr=0 cens=0 lg_opp=2 opp=3 norm_anom=-0.00 conf_p=1 micro_only=True cluster=AC_BOUND,No user-facing action; monitoring.,Ambiguous/weak evidence (110d since effective change); monitor next window.,,False,False,True,True,False,False,False,False,0,2026-06-08T10:02:59Z,rolling30-v2.0,30,1,abs_ge_50mWh
JESSICAWANG2025_wangyun,2025-10-17,2025-09-17 23:59:59.999999999,2025-10-17 23:59:59.999999999,310,28.999,0.5,10.258,176.701,19,14,4,0,0,0,0,False,WINDOW_QUALITY_OK,103.0,113.0,10.0,10.345,0.4393,0.2551,0.5607,2.0,100.0,98.0,20.0,79.0,100.0,0.0189,0.0303,0.4484,0.3449,0.3082,78,99,39,54000.0,53360.0,53360.0,54580.0,1220.0,12,3,610.0,2025-10-09 09:21:47,110.0,94.74,93.61,0,3,0,0,3,0,1,0,0,1,0,1,0,0,1,0.0,0,0,0,,0.0,,,0.0,0,0,0,,0.0,,2025-10-17 23:59:59.999999999,2025-01-02 14:11:02,2025-10-17 09:40:03,288.409,True,53400.0,2025-10-09 09:21:47,110.0,8.61,3.0,True,53360.0,2025-10-16 12:02:12,113.0,1.498,0.0,True,3,20.0,True,0,0,1,0,0,0,0,0,0,0,0,0,0,0,0,0,1,0,0.0,0,0.0,-0.0,-0.0,8.61,3.0,0,0,0,-0.0,4,MOBILE_DEEP_CYCLE,STATEFUL_WATCH_LARGE_GAP_OR_CENSORED,WINDOW_NORMAL_RESPONDING,ACTION_MONITOR_NEXT_WINDOW,low,7,large_gap_or_censored_dominant,micro_wobble;large_gap_dominant,days_eff=9 days_any=1 cyc_eff=3 hq_nr=0 total_nr=0 cens=0 lg_opp=1 opp=1 norm_anom=-0.00 conf_p=1 micro_only=True cluster=MOBILE_DEEP_CYCLE,No user-facing action; monitoring.,Ambiguous/weak evidence (8d since effective change); monitor next window.,,False,False,True,True,False,False,False,False,0,2026-06-08T10:02:59Z,rolling30-v2.0,30,1,abs_ge_50mWh
JESTROFF-4SA4E9_jestroff,2025-04-24,2025-03-25 23:59:59.999999999,2025-04-24 23:59:59.999999999,460,29.334,0.5,8.007,68.117,39,5,2,0,0,0,0,False,WINDOW_QUALITY_OK,57.0,66.0,9.0,9.204,0.4732,0.0924,0.5268,7.0,100.0,93.0,41.95,100.0,100.0,0.0017,0.0072,0.7846,0.6824,0.5489,74,105,38,49350.0,48820.0,48820.0,49350.0,530.0,1,1,530.0,2025-03-29 09:12:56,58.0,90.17,89.2,1,2,1,0,3,0,1,0,0,1,0,1,0,0,1,0.4407,0,1,1,0.559302,0.2524,0.64517,0.64521,0.2481,0,1,1,0.751926,0.1238,0.71787,2025-04-24 23:59:59.999999999,2024-04-03 11:59:32,2025-04-24 08:13:43,386.5,True,48820.0,2025-03-29 09:12:56,58.0,26.616,8.0,True,48820.0,2025-03-29 09:12:56,58.0,26.616,8.0,True,0,0.0,False,1,1,1,1,1,2,0,0,0,1,0,0,0,0,1,0,1,0,0.8814,0,-1.16213,0.5047,0.5047,26.616,8.0,2,0,0,0.5047,4,MOBILE_DEEP_CYCLE,STATEFUL_WATCH_LOW_EVIDENCE,WINDOW_NORMAL_RESPONDING,ACTION_MONITOR_NEXT_WINDOW,low,8,weak_partial_evidence,fw_like,days_eff=27 days_any=27 cyc_eff=8 hq_nr=1 total_nr=2 cens=0 lg_opp=1 opp=4 norm_anom=0.50 conf_p=0.645 micro_only=False cluster=MOBILE_DEEP_CYCLE,No user-facing action; monitoring.,Ambiguous/weak evidence (26d since effective change); monitor next window.,,True,False,False,False,False,False,False,False,0,2026-06-08T10:02:59Z,rolling30-v2.0,30,1,abs_ge_50mWh
JESTROFF-504AKS_jestroff,2025-02-06,2025-01-07 23:59:59.999999999,2025-02-06 23:59:59.999999999,426,29.012,0.5,10.537,41.804,32,19,4,0,0,0,0,False,WINDOW_QUALITY_OK,21.0,25.0,4.0,4.136,0.7885,0.1105,0.2115,3.0,100.0,97.0,67.0,100.0,100.0,0.0024,0.0058,0.9281,0.8901,0.7722,56,80,28,58250.0,55820.0,55820.0,58250.0,2430.0,6,2,1800.0,2025-01-16 10:00:29,21.0,102.14,97.88,0,1,0,0,1,0,1,0,0,1,0,1,0,0,1,0.0,0,0,0,,0.0,,,0.0,0,0,0,,0.0,,2025-02-06 23:59:59.999999999,2024-10-10 16:18:13,2025-02-06 08:36:43,119.321,True,55870.0,2025-01-16 10:00:29,21.0,21.583,4.0,True,55820.0,2025-02-03 08:59:04,25.0,3.626,0.0,True,4,20.0,True,0,0,1,0,0,0,0,0,0,1,0,0,0,0,0,0,1,0,0.0,0,0.0,-0.0,-0.0,21.583,4.0,0,0,0,-0.0,4,MOBILE_DEEP_CYCLE,STATEFUL_WATCH_LARGE_GAP_OR_CENSORED,WINDOW_NORMAL_RESPONDING,ACTION_MONITOR_NEXT_WINDOW,low,7,large_gap_or_censored_dominant,micro_wobble;large_gap_dominant,days_eff=22 days_any=4 cyc_eff=4 hq_nr=0 total_nr=0 cens=0 lg_opp=1 opp=2 norm_anom=-0.00 conf_p=1 micro_only=True cluster=MOBILE_DEEP_CYCLE,No user-facing action; monitoring.,Ambiguous/weak evidence (21d since effective change); monitor next window.,,False,False,True,True,False,False,False,False,0,2026-06-08T10:02:59Z,rolling30-v2.0,30,1,abs_ge_50mWh
JFASANO-F4RXM66_jfasano,2025-11-25,2025-10-26 23:59:59.999999999,2025-11-25 23:59:59.999999999,572,29.281,0.502,3.034,59.35,17,5,3,0,0,0,0,False,WINDOW_QUALITY_OK,102.0,111.0,9.0,9.221,0.7826,0.0726,0.2174,19.0,80.0,61.0,25.0,77.0,79.0,0.0,0.0081,0.0,0.0,0.0,92,135,46,37950.0,37850.0,37850.0,37950.0,100.0,9,0,0.0,,,96.27,96.02,2,2,2,0,4,0,0,0,0,0,0,0,0,0,0,0.6289,0,2,2,0.470011,0.3279,0.4644,0.42984,0.2721,0,2,2,0.74623,0.1271,0.67402,2025-11-25 23:59:59.999999999,2024-01-30 12:11:10,2025-11-25 09:49:32,665.492,True,37980.0,2025-10-21 06:36:43,100.0,35.725,11.0,True,37850.0,2025-11-19 09:48:09,111.0,6.592,0.0,True,11,20.0,True,2,1,2,2,1,3,0,0,0,0,0,0,0,0,2,0,2,0,0.9433,0,-1.1325,0.4918,0.4918,35.725,11.0,3,0,0,0.4918,2,MOBILE_DEEP_CYCLE,STATEFUL_WATCH_LOW_EVIDENCE,WINDOW_OPPORTUNITY_NO_RESPONSE,ACTION_MONITOR_NEXT_WINDOW,low,8,weak_partial_evidence,fw_like;micro_wobble,days_eff=36 days_any=7 cyc_eff=11 hq_nr=2 total_nr=3 cens=0 lg_opp=2 opp=5 norm_anom=0.49 conf_p=0.464 micro_only=True cluster=MOBILE_DEEP_CYCLE,No user-facing action; monitoring.,Ambiguous/weak evidence (35d since effective change); monitor next window.,,True,False,True,False,False,False,False,False,6,2026-06-08T10:02:59Z,rolling30-v2.0,30,1,abs_ge_50mWh
JFISHEL-F56FAH2_jfishel,2025-05-07,2025-04-07 23:59:59.999999999,2025-05-07 23:59:59.999999999,314,29.005,0.5,16.128,63.724,25,19,4,0,0,0,0,False,WINDOW_QUALITY_OK,22.0,26.0,4.0,4.137,0.8132,0.0756,0.1868,50.0,80.0,30.0,57.65,79.0,80.0,0.0,0.0,0.0,0.0,0.0,52,73,26,59060.0,59060.0,59060.0,59060.0,0.0,0,0,0.0,,,103.56,103.56,0,0,0,0,0,0,0,0,0,0,0,0,0,0,0,0.0,0,0,0,,0.0,,,0.0,0,0,0,,0.0,,2025-05-07 23:59:59.999999999,2024-11-13 15:02:38,2025-05-07 09:47:36,175.373,True,59060.0,2024-11-13 15:02:38,0.0,175.373,26.0,False,59060.0,2024-11-13 15:02:38,0.0,175.373,26.0,False,0,0.0,False,0,0,2,0,0,0,0,0,0,0,0,0,0,0,0,0,2,0,0.0,0,0.0,-0.0,-0.0,175.373,26.0,0,0,0,-0.0,2,MOBILE_DEEP_CYCLE,STATEFUL_WATCH_LARGE_GAP_OR_CENSORED,WINDOW_INSUFFICIENT_LEARNING_OPPORTUNITY,ACTION_MONITOR_NEXT_WINDOW,low,7,large_gap_or_censored_dominant,large_gap_dominant,days_eff=175 days_any=175 cyc_eff=26 hq_nr=0 total_nr=0 cens=0 lg_opp=2 opp=2 norm_anom=-0.00 conf_p=1 micro_only=False cluster=MOBILE_DEEP_CYCLE,No user-facing action; monitoring.,Ambiguous/weak evidence (175d since effective change); monitor next window.,,False,False,False,True,False,False,False,False,0,2026-06-08T10:02:59Z,rolling30-v2.0,30,1,abs_ge_50mWh
JINOUE1-F49SYAH_jinoue1,2025-12-03,2025-11-03 23:59:59.999999999,2025-12-03 23:59:59.999999999,34,7.991,0.5,17.043,130.678,4,4,1,0,0,0,0,False,WINDOW_QUALITY_OK,167.0,168.0,1.0,3.754,0.7721,0.1528,0.2279,6.0,100.0,94.0,28.55,97.0,100.0,0.0052,0.0305,0.7409,0.6356,0.6356,2,4,1,47920.0,47920.0,47920.0,47920.0,0.0,0,0,0.0,,,84.0,84.0,0,1,0,0,1,0,1,0,0,1,0,1,0,0,1,0.0,0,0,0,,0.0,,,0.0,0,0,0,,0.0,,2025-12-03 23:59:59.999999999,2023-07-07 15:58:34,2025-12-03 21:44:08,880.334,True,47920.0,2025-08-19 10:26:45,165.0,106.565,3.0,False,47920.0,2025-08-19 10:26:45,165.0,106.565,3.0,False,0,0.0,False,0,0,3,0,0,0,0,0,0,3,0,0,0,0,0,0,3,0,0.0,0,0.0,-0.0,-0.0,106.565,3.0,0,0,0,-0.0,4,MOBILE_DEEP_CYCLE,STATEFUL_WATCH_LARGE_GAP_OR_CENSORED,WINDOW_LARGE_GAP_AMBIGUOUS,ACTION_MONITOR_NEXT_WINDOW,low,7,large_gap_or_censored_dominant,large_gap_dominant,days_eff=107 days_any=107 cyc_eff=3 hq_nr=0 total_nr=0 cens=0 lg_opp=3 opp=6 norm_anom=-0.00 conf_p=1 micro_only=False cluster=MOBILE_DEEP_CYCLE,No user-facing action; monitoring.,Ambiguous/weak evidence (106d since effective change); monitor next window.,,False,False,False,True,False,False,False,False,0,2026-06-08T10:02:59Z,rolling30-v2.0,30,1,abs_ge_50mWh
JJOHNSON16-QW2P_jjohnson16,2024-05-15,2024-04-15 23:59:59.999999999,2024-05-15 23:59:59.999999999,545,28.875,0.5,0.509,71.224,19,15,4,0,0,0,0,False,WINDOW_QUALITY_OK,24.0,29.0,5.0,5.195,0.7735,0.0779,0.2265,1.0,100.0,99.0,22.2,99.0,100.0,0.0243,0.0276,0.8393,0.8032,0.7345,46,64,23,60090.0,59660.0,59660.0,60330.0,670.0,7,2,620.0,2024-05-03 09:00:01,26.0,105.42,104.67,0,3,0,0,3,0,3,0,0,3,0,3,0,0,3,0.0,0,0,0,,0.0,,,0.0,0,0,0,,0.0,,2024-05-15 23:59:59.999999999,2023-06-27 19:24:07,2024-05-15 07:30:44,323.192,True,59700.0,2024-05-03 09:00:01,26.0,12.625,3.0,True,59660.0,2024-05-14 13:02:02,29.0,1.457,0.0,True,3,20.0,True,0,0,1,0,0,0,0,0,0,1,0,0,0,0,0,0,1,0,0.0,0,0.0,-0.0,-0.0,12.625,3.0,0,0,0,-0.0,4,MOBILE_DEEP_CYCLE,STATEFUL_WATCH_LARGE_GAP_OR_CENSORED,WINDOW_NORMAL_RESPONDING,ACTION_MONITOR_NEXT_WINDOW,low,7,large_gap_or_censored_dominant,micro_wobble;large_gap_dominant,days_eff=13 days_any=1 cyc_eff=3 hq_nr=0 total_nr=0 cens=0 lg_opp=1 opp=2 norm_anom=-0.00 conf_p=1 micro_only=True cluster=MOBILE_DEEP_CYCLE,No user-facing action; monitoring.,Ambiguous/weak evidence (12d since effective change); monitor next window.,,False,False,True,True,False,False,False,False,0,2026-06-08T10:02:59Z,rolling30-v2.0,30,1,abs_ge_50mWh
JL18156-F3Z1LJN_JL18156,2025-10-16,2025-09-16 23:59:59.999999999,2025-10-16 23:59:59.999999999,260,26.854,0.5,12.162,65.132,25,15,5,0,0,0,0,False,WINDOW_QUALITY_OK,290.0,299.0,9.0,10.055,0.9252,0.2987,0.0748,1.0,100.0,99.0,17.85,96.0,100.0,0.0296,0.0605,0.7893,0.7522,0.5847,34,59,17,47110.0,45860.0,45860.0,48340.0,2480.0,19,11,1460.0,2025-10-16 17:55:35,299.0,86.09,83.81,1,5,0,0,6,0,3,0,0,3,0,3,0,0,3,0.3841,1,0,1,0.615917,0.2105,0.86181,0.88065,0.8276,1,0,1,0.172414,0.7634,0.24813,2025-10-16 23:59:59.999999999,2023-02-05 10:46:49,2025-10-16 18:03:00,984.551,True,45860.0,2025-10-16 17:55:35,299.0,0.253,0.0,True,45860.0,2025-10-16 17:55:35,299.0,0.253,0.0,True,0,0.0,False,0,0,0,0,0,0,0,0,0,0,0,0,0,0,0,0,0,0,0.0,0,0.0,-0.0,-0.0,0.253,0.0,0,0,0,-0.0,4,MOBILE_DEEP_CYCLE,STATEFUL_WATCH_LOW_EVIDENCE,WINDOW_NORMAL_RESPONDING,ACTION_MONITOR_NEXT_WINDOW,low,8,weak_partial_evidence,,days_eff=0 days_any=0 cyc_eff=0 hq_nr=0 total_nr=0 cens=0 lg_opp=0 opp=0 norm_anom=-0.00 conf_p=0.862 micro_only=False cluster=MOBILE_DEEP_CYCLE,No user-facing action; monitoring.,Ambiguous/weak evidence (0d since effective change); monitor next window.,,False,False,False,False,False,False,False,False,0,2026-06-08T10:02:59Z,rolling30-v2.0,30,1,abs_ge_50mWh
JL24078-F3YZT26_jl24078,2024-05-10,2024-04-10 23:59:59.999999999,2024-05-10 23:59:59.999999999,167,29.243,0.5,15.701,188.327,12,10,6,0,0,0,0,False,WINDOW_QUALITY_OK,77.0,80.0,3.0,3.078,0.7293,0.1265,0.2707,2.0,80.0,78.0,30.2,77.0,79.0,0.0445,0.0445,0.0,0.0,0.0,40,51,20,57570.0,57570.0,57570.0,57570.0,0.0,0,0,0.0,,,101.0,101.0,0,0,0,0,0,0,0,0,0,0,0,0,0,0,0,0.0,0,0,0,,0.0,,,0.0,0,0,0,,0.0,,2024-05-10 23:59:59.999999999,2023-02-08 10:48:23,2024-05-10 14:37:16,457.55,True,57570.0,2023-02-08 10:48:23,7.0,457.55,73.0,False,57570.0,2023-02-08 10:48:23,7.0,457.55,73.0,False,0,0.0,False,0,0,8,0,0,0,0,0,0,0,0,0,0,0,0,0,8,0,0.0,0,0.0,-0.0,-0.0,457.55,73.0,0,0,0,-0.0,2,MOBILE_DEEP_CYCLE,STATEFUL_WATCH_LARGE_GAP_OR_CENSORED,WINDOW_INSUFFICIENT_LEARNING_OPPORTUNITY,ACTION_MONITOR_NEXT_WINDOW,low,7,large_gap_or_censored_dominant,large_gap_dominant,days_eff=458 days_any=458 cyc_eff=73 hq_nr=0 total_nr=0 cens=0 lg_opp=8 opp=8 norm_anom=-0.00 conf_p=1 micro_only=False cluster=MOBILE_DEEP_CYCLE,No user-facing action; monitoring.,Ambiguous/weak evidence (457d since effective change); monitor next window.,,False,False,False,True,False,False,False,False,0,2026-06-08T10:02:59Z,rolling30-v2.0,30,1,abs_ge_50mWh
JLEWIS9-W0A2BP7_jlewis9,2024-07-18,2024-06-18 23:59:59.999999999,2024-07-18 23:59:59.999999999,286,28.116,0.5,13.74,118.048,18,16,5,0,0,0,0,False,WINDOW_QUALITY_OK,16.0,19.0,3.0,3.201,0.8404,0.8374,0.1596,6.0,100.0,94.0,38.0,100.0,100.0,0.0006,0.0201,0.8569,0.836,0.8003,15,17,8,56890.0,56860.0,56860.0,56890.0,30.0,3,0,0.0,,,99.81,99.75,0,3,0,0,3,0,1,0,0,1,0,1,0,0,1,0.0,0,0,0,,0.0,,,0.0,0,0,0,,0.0,,2024-07-18 23:59:59.999999999,2024-03-21 10:40:50,2024-07-18 11:07:04,119.555,True,57000.0,2024-03-21 10:40:50,3.0,119.555,16.0,False,56860.0,2024-07-15 16:11:43,19.0,3.325,0.0,True,13,20.0,True,0,0,3,0,0,0,0,0,0,1,0,0,0,0,0,0,3,0,0.0,0,0.0,-0.0,-0.0,119.555,16.0,0,0,0,-0.0,3,AC_BOUND,STATEFUL_WATCH_LARGE_GAP_OR_CENSORED,WINDOW_MICRO_WOBBLE_ONLY,ACTION_MONITOR_NEXT_WINDOW,low,7,large_gap_or_censored_dominant,micro_wobble;large_gap_dominant,days_eff=120 days_any=3 cyc_eff=16 hq_nr=0 total_nr=0 cens=0 lg_opp=3 opp=4 norm_anom=-0.00 conf_p=1 micro_only=True cluster=AC_BOUND,No user-facing action; monitoring.,Ambiguous/weak evidence (119d since effective change); monitor next window.,,False,False,True,True,False,False,False,False,0,2026-06-08T10:02:59Z,rolling30-v2.0,30,1,abs_ge_50mWh
JMATTHEWS2-YXHQ_jmatthews2,2024-10-03,2024-09-03 23:59:59.999999999,2024-10-03 23:59:59.999999999,668,29.448,0.5,0.5,336.069,5,3,1,0,0,0,0,False,WINDOW_QUALITY_OK,88.0,92.0,4.0,4.075,0.9475,0.0394,0.0525,9.0,100.0,91.0,93.0,100.0,100.0,0.0012,0.0028,0.9501,0.9418,0.9245,18,24,9,85430.0,85340.0,85340.0,87990.0,2650.0,2,2,2650.0,2024-09-19 08:51:31,91.0,91.33,91.23,1,1,1,0,2,0,1,0,0,1,0,1,0,0,1,0.335,0,1,1,0.664987,0.1772,0.88648,0.9047,0.3401,0,1,1,0.659864,0.1805,0.59069,2024-10-03 23:59:59.999999999,2023-08-09 12:36:03,2024-10-03 11:10:42,421.475,True,85340.0,2024-09-19 08:51:31,91.0,14.631,1.0,True,85340.0,2024-09-19 08:51:31,91.0,14.631,1.0,True,0,0.0,False,1,0,0,1,0,1,0,0,0,0,0,0,0,0,1,0,0,0,0.335,0,-0.40799,0.1772,0.1772,14.631,1.0,1,0,0,0.1772,4,MOBILE_DEEP_CYCLE,STATEFUL_WATCH_LOW_EVIDENCE,WINDOW_NORMAL_RESPONDING,ACTION_MONITOR_NEXT_WINDOW,low,8,weak_partial_evidence,fw_like,days_eff=15 days_any=15 cyc_eff=1 hq_nr=1 total_nr=1 cens=0 lg_opp=0 opp=1 norm_anom=0.18 conf_p=0.886 micro_only=False cluster=MOBILE_DEEP_CYCLE,No user-facing action; monitoring.,Ambiguous/weak evidence (14d since effective change); monitor next window.,,True,False,False,False,False,False,False,False,0,2026-06-08T10:02:59Z,rolling30-v2.0,30,1,abs_ge_50mWh
JMAYERSALMA-HDJ_jmayersalman,2025-08-26,2025-07-27 23:59:59.999999999,2025-08-26 23:59:59.999999999,404,26.05,0.5,10.546,45.237,29,16,3,0,0,0,0,False,WINDOW_QUALITY_OK,35.0,47.0,12.0,13.82,0.4995,0.1588,0.5005,4.0,100.0,96.0,43.0,97.0,100.0,0.0024,0.0223,0.6605,0.5748,0.4642,89,123,45,56000.0,56640.0,55570.0,56780.0,1210.0,16,6,590.0,2025-08-17 15:11:02,44.0,98.25,99.37,0,3,0,0,3,0,2,0,0,2,0,1,0,0,1,0.0,0,0,0,,0.0,,,0.0,0,0,0,,0.0,,2025-08-26 23:59:59.999999999,2025-05-13 14:50:23,2025-08-26 02:14:28,105.382,True,56690.0,2025-08-17 15:11:02,44.0,9.367,3.0,True,56640.0,2025-08-22 10:14:15,47.0,4.573,0.0,True,3,20.0,True,0,0,1,0,0,0,0,0,0,0,0,0,0,0,0,0,1,0,0.0,0,0.0,-0.0,-0.0,9.367,3.0,0,0,0,-0.0,4,MOBILE_DEEP_CYCLE,STATEFUL_WATCH_LARGE_GAP_OR_CENSORED,WINDOW_NORMAL_RESPONDING,ACTION_MONITOR_NEXT_WINDOW,low,7,large_gap_or_censored_dominant,micro_wobble;large_gap_dominant,days_eff=9 days_any=5 cyc_eff=3 hq_nr=0 total_nr=0 cens=0 lg_opp=1 opp=1 norm_anom=-0.00 conf_p=1 micro_only=True cluster=MOBILE_DEEP_CYCLE,No user-facing action; monitoring.,Ambiguous/weak evidence (9d since effective change); monitor next window.,,False,False,True,True,False,False,False,False,0,2026-06-08T10:02:59Z,rolling30-v2.0,30,1,abs_ge_50mWh
JMAYERSALMA-TNQ_jmayersalman,2026-02-03,2026-01-04 23:59:59.999999999,2026-02-03 23:59:59.999999999,287,29.119,0.5,8.531,278.982,19,6,3,0,0,0,0,False,WINDOW_QUALITY_OK,88.0,102.0,14.0,14.424,0.4321,0.1725,0.5679,2.0,100.0,98.0,22.3,93.0,100.0,0.0118,0.0624,0.5686,0.4377,0.3611,75,92,38,49840.0,51900.0,49340.0,51920.0,2580.0,16,4,2160.0,2026-01-19 10:41:05,101.0,91.03,94.79,3,2,1,0,5,2,2,1,0,4,0,1,0,0,1,1.2191,2,1,3,0.208273,0.6814,0.20257,0.19132,1.5617,2,1,3,0.10933,0.9613,0.21563,2026-02-03 23:59:59.999999999,2025-08-21 13:11:21,2026-02-03 12:12:07,166.45,True,51920.0,2026-01-19 10:41:05,101.0,15.555,1.0,True,51900.0,2026-01-20 09:52:58,102.0,14.588,0.0,True,1,20.0,True,0,0,0,0,0,0,0,0,0,0,0,0,0,0,0,0,0,0,0.0,0,0.0,-0.0,-0.0,15.555,1.0,0,0,0,-0.0,4,MOBILE_DEEP_CYCLE,STATEFUL_WATCH_LOW_EVIDENCE,WINDOW_NORMAL_RESPONDING,ACTION_MONITOR_NEXT_WINDOW,low,8,weak_partial_evidence,micro_wobble,days_eff=16 days_any=15 cyc_eff=1 hq_nr=0 total_nr=0 cens=0 lg_opp=0 opp=0 norm_anom=-0.00 conf_p=0.203 micro_only=True cluster=MOBILE_DEEP_CYCLE,No user-facing action; monitoring.,Ambiguous/weak evidence (15d since effective change); monitor next window.,,False,False,True,False,False,False,False,False,0,2026-06-08T10:02:59Z,rolling30-v2.0,30,1,abs_ge_50mWh
JNUNEZ5-3000012_jnunez5,2026-05-13,2026-04-13 23:59:59.999999999,2026-05-13 23:59:59.999999999,369,29.21,0.5,8.453,116.063,26,11,2,0,0,0,0,False,WINDOW_QUALITY_OK,11.0,22.0,11.0,11.298,0.6797,0.1614,0.3203,2.0,100.0,98.0,5.0,96.0,100.0,0.0591,0.0881,0.7342,0.658,0.5625,66,86,33,46470.0,45630.0,43620.0,46470.0,2850.0,17,7,2030.0,2026-05-06 14:06:45,21.0,103.27,101.4,3,6,2,0,9,3,6,2,0,9,2,6,2,0,8,1.3013,1,2,3,0.181511,0.7411,0.17439,0.17126,1.2917,1,2,3,0.174957,0.7571,0.24847,2026-05-13 23:59:59.999999999,2026-03-03 14:22:09,2026-05-13 14:49:51,71.401,True,45650.0,2026-05-06 14:06:45,21.0,7.412,1.0,True,45630.0,2026-05-08 14:19:18,22.0,5.403,0.0,True,1,20.0,True,1,1,0,1,1,2,0,1,1,0,1,1,2,0,1,0,0,0,0.8248,0,-1.06571,0.4628,0.4628,7.412,1.0,2,2,0,0.4628,4,MOBILE_DEEP_CYCLE,STATEFUL_WATCH_LOW_EVIDENCE,WINDOW_NORMAL_RESPONDING,ACTION_MONITOR_NEXT_WINDOW,low,8,weak_partial_evidence,fw_like;micro_wobble,days_eff=7 days_any=5 cyc_eff=1 hq_nr=1 total_nr=2 cens=0 lg_opp=0 opp=4 norm_anom=0.46 conf_p=0.174 micro_only=True cluster=MOBILE_DEEP_CYCLE,No user-facing action; monitoring.,Ambiguous/weak evidence (7d since effective change); monitor next window.,,True,False,True,False,False,False,False,False,0,2026-06-08T10:02:59Z,rolling30-v2.0,30,1,abs_ge_50mWh
JNUNEZ5-F4ML5N5_jnunez5,2024-03-08,2024-02-07 23:59:59.999999999,2024-03-08 23:59:59.999999999,260,29.154,0.484,5.727,271.455,13,13,4,0,0,0,0,False,WINDOW_QUALITY_OK,24.0,29.0,5.0,5.145,0.4967,0.1789,0.5033,1.0,100.0,99.0,11.95,93.0,100.0,0.0542,0.0842,0.5152,0.4956,0.3748,65,85,33,62100.0,62040.0,62040.0,62100.0,60.0,4,0,0.0,,,108.89,108.78,0,3,0,0,3,0,2,0,0,2,0,1,0,0,1,0.0,0,0,0,,0.0,,,0.0,0,0,0,,0.0,,2024-03-08 23:59:59.999999999,2023-12-05 07:44:37,2024-03-08 13:19:55,94.677,True,62170.0,2024-01-26 09:01:14,20.0,42.624,9.0,True,62040.0,2024-02-22 12:33:23,29.0,15.477,0.0,True,10,30.0,True,0,1,4,0,1,1,0,0,0,3,0,0,0,0,0,0,4,0,0.451,0,-0.59962,0.2604,0.2604,42.624,9.0,1,0,0,0.2604,4,MOBILE_DEEP_CYCLE,STATEFUL_WATCH_LARGE_GAP_OR_CENSORED,WINDOW_MICRO_WOBBLE_ONLY,ACTION_MONITOR_NEXT_WINDOW,low,7,large_gap_or_censored_dominant,fw_like;micro_wobble;large_gap_dominant,days_eff=43 days_any=15 cyc_eff=9 hq_nr=0 total_nr=1 cens=0 lg_opp=4 opp=8 norm_anom=0.26 conf_p=1 micro_only=True cluster=MOBILE_DEEP_CYCLE,No user-facing action; monitoring.,Ambiguous/weak evidence (42d since effective change); monitor next window.,,True,False,True,True,False,False,False,False,0,2026-06-08T10:02:59Z,rolling30-v2.0,30,1,abs_ge_50mWh
JOSEPH_jmayersalman,2026-04-17,2026-03-18 23:59:59.999999999,2026-04-17 23:59:59.999999999,540,29.233,0.5,5.524,63.598,27,9,4,0,0,0,0,False,WINDOW_QUALITY_OK,42.0,61.0,19.0,19.499,0.3474,0.1675,0.6526,5.0,100.0,95.0,27.0,88.0,100.0,0.0057,0.0147,0.546,0.4357,0.3073,109,152,55,72980.0,73090.0,72140.0,74830.0,2690.0,23,7,1990.0,2026-04-16 16:24:16,60.0,97.31,97.45,0,4,0,0,4,0,4,0,0,4,0,3,0,0,3,0.0,0,0,0,,0.0,,,0.0,0,0,0,,0.0,,2026-04-17 23:59:59.999999999,2026-01-14 14:45:18,2026-04-17 12:56:43,93.385,True,73100.0,2026-04-16 16:24:16,60.0,1.316,1.0,True,73090.0,2026-04-16 16:56:38,61.0,1.294,0.0,True,1,10.0,True,0,0,1,0,0,0,0,0,0,1,0,0,0,0,0,0,1,0,0.0,0,0.0,-0.0,-0.0,1.316,1.0,0,0,0,-0.0,4,MOBILE_DEEP_CYCLE,STATEFUL_WATCH_LARGE_GAP_OR_CENSORED,WINDOW_NORMAL_RESPONDING,ACTION_MONITOR_NEXT_WINDOW,low,7,large_gap_or_censored_dominant,micro_wobble;large_gap_dominant,days_eff=1 days_any=1 cyc_eff=1 hq_nr=0 total_nr=0 cens=0 lg_opp=1 opp=2 norm_anom=-0.00 conf_p=1 micro_only=True cluster=MOBILE_DEEP_CYCLE,No user-facing action; monitoring.,Ambiguous/weak evidence (1d since effective change); monitor next window.,,False,False,True,True,False,False,False,False,0,2026-06-08T10:02:59Z,rolling30-v2.0,30,1,abs_ge_50mWh
JYANGO-PF462GGQ_jyango,2023-10-24,2023-09-24 23:59:59.999999999,2023-10-24 23:59:59.999999999,414,29.302,0.5,5.224,65.375,21,16,6,0,0,0,0,False,WINDOW_QUALITY_OK,119.0,131.0,12.0,12.286,0.7576,0.2845,0.2424,18.0,100.0,82.0,33.0,96.0,100.0,0.0,0.0046,0.7518,0.6962,0.5897,89,155,45,55950.0,55950.0,55950.0,55950.0,0.0,0,0,0.0,,,98.07,98.07,0,2,0,0,2,0,0,0,0,0,0,0,0,0,0,0.0,0,0,0,,0.0,,,0.0,0,0,0,,0.0,,2023-10-24 23:59:59.999999999,2023-02-07 13:40:27,2023-10-24 16:00:55,259.43,True,55950.0,2023-04-03 03:25:05,67.0,204.858,64.0,False,55950.0,2023-04-03 03:25:05,67.0,204.858,64.0,False,0,0.0,False,0,0,6,0,0,0,0,0,0,1,0,0,0,0,0,0,6,0,0.0,0,0.0,-0.0,-0.0,204.858,64.0,0,0,0,-0.0,4,MOBILE_DEEP_CYCLE,STATEFUL_WATCH_LARGE_GAP_OR_CENSORED,WINDOW_LARGE_GAP_AMBIGUOUS,ACTION_MONITOR_NEXT_WINDOW,low,7,large_gap_or_censored_dominant,large_gap_dominant,days_eff=205 days_any=205 cyc_eff=64 hq_nr=0 total_nr=0 cens=0 lg_opp=6 opp=7 norm_anom=-0.00 conf_p=1 micro_only=False cluster=MOBILE_DEEP_CYCLE,No user-facing action; monitoring.,Ambiguous/weak evidence (204d since effective change); monitor next window.,,False,False,False,True,False,False,False,False,0,2026-06-08T10:02:59Z,rolling30-v2.0,30,1,abs_ge_50mWh
KCHAUHAN1-Y538L_kchauhan1,2024-08-22,2024-07-23 23:59:59.999999999,2024-08-22 23:59:59.999999999,209,29.16,0.5,16.823,62.627,26,19,5,0,0,0,0,False,WINDOW_QUALITY_OK,23.0,32.0,9.0,9.259,0.2931,0.1255,0.7069,4.0,100.0,96.0,6.0,59.0,100.0,0.0411,0.0889,0.2942,0.1935,0.1435,30,47,16,76420.0,72350.0,72350.0,76640.0,4290.0,12,10,4190.0,2024-08-17 17:46:19,32.0,101.89,96.47,1,7,1,0,8,0,6,0,0,6,0,5,0,0,5,0.4407,0,1,1,0.559302,0.2524,0.64517,0.64521,0.6496,0,1,1,0.350394,0.4554,0.33994,2024-08-22 23:59:59.999999999,2024-06-17 11:41:42,2024-08-22 11:34:23,66.513,True,72350.0,2024-08-17 17:46:19,32.0,5.26,0.0,True,72350.0,2024-08-17 17:46:19,32.0,5.26,0.0,True,0,0.0,False,0,0,1,0,0,0,0,0,0,1,0,0,0,0,0,0,1,0,0.0,0,0.0,-0.0,-0.0,5.26,0.0,0,0,0,-0.0,4,MOBILE_DEEP_CYCLE,STATEFUL_WATCH_LARGE_GAP_OR_CENSORED,WINDOW_NORMAL_RESPONDING,ACTION_MONITOR_NEXT_WINDOW,low,7,large_gap_or_censored_dominant,large_gap_dominant,days_eff=5 days_any=5 cyc_eff=0 hq_nr=0 total_nr=0 cens=0 lg_opp=1 opp=2 norm_anom=-0.00 conf_p=0.645 micro_only=False cluster=MOBILE_DEEP_CYCLE,No user-facing action; monitoring.,Ambiguous/weak evidence (5d since effective change); monitor next window.,,False,False,False,True,False,False,False,False,0,2026-06-08T10:02:59Z,rolling30-v2.0,30,1,abs_ge_50mWh
KDARDEN-F4CFJD9_kdarden,2024-08-01,2024-07-02 23:59:59.999999999,2024-08-01 23:59:59.999999999,717,29.018,0.5,2.057,87.294,15,6,2,0,0,0,0,False,WINDOW_QUALITY_OK,286.0,302.0,16.0,16.541,0.6907,0.1511,0.3093,2.0,100.0,98.0,44.8,98.0,100.0,0.0072,0.0099,0.7801,0.7033,0.6347,109,144,55,43780.0,43780.0,43780.0,43780.0,0.0,0,0,0.0,,,83.39,83.39,0,2,0,0,2,0,2,0,0,2,0,2,0,0,2,0.0,0,0,0,,0.0,,,0.0,0,0,0,,0.0,,2024-08-01 23:59:59.999999999,2023-06-06 15:44:35,2024-08-01 10:35:57,422.344,True,43780.0,2024-06-25 07:04:23,278.0,37.705,24.0,True,43780.0,2024-06-25 07:04:23,278.0,37.705,24.0,True,0,0.0,False,0,1,2,0,1,1,0,0,1,2,0,1,1,0,0,0,2,0,0.3144,0,-0.3775,0.1639,0.1639,37.705,24.0,1,1,0,0.1639,4,MOBILE_DEEP_CYCLE,STATEFUL_WATCH_LARGE_GAP_OR_CENSORED,WINDOW_LARGE_GAP_AMBIGUOUS,ACTION_MONITOR_NEXT_WINDOW,low,7,large_gap_or_censored_dominant,fw_like;large_gap_dominant,days_eff=38 days_any=38 cyc_eff=24 hq_nr=0 total_nr=1 cens=0 lg_opp=2 opp=6 norm_anom=0.16 conf_p=1 micro_only=False cluster=MOBILE_DEEP_CYCLE,No user-facing action; monitoring.,Ambiguous/weak evidence (37d since effective change); monitor next window.,,True,False,False,True,False,False,False,False,0,2026-06-08T10:02:59Z,rolling30-v2.0,30,1,abs_ge_50mWh
KINOUE4XF49VR0W_kinoue4,2025-04-09,2025-03-10 23:59:59.999999999,2025-04-09 23:59:59.999999999,467,29.12,0.5,4.203,105.778,19,12,4,0,0,0,0,False,WINDOW_QUALITY_OK,341.0,353.0,12.0,12.363,0.6018,0.1794,0.3982,18.0,100.0,82.0,45.3,98.0,100.0,0.0,0.0034,0.8745,0.7603,0.608,103,153,52,44340.0,44340.0,44340.0,44340.0,0.0,0,0,0.0,,,77.72,77.72,0,2,0,0,2,0,0,0,0,0,0,0,0,0,0,0.0,0,0,0,,0.0,,,0.0,0,0,0,,0.0,,2025-04-09 23:59:59.999999999,2023-04-14 16:40:20,2025-04-09 13:40:28,726.305,True,44340.0,2024-12-20 17:22:16,316.0,110.276,37.0,False,44340.0,2024-12-20 17:22:16,316.0,110.276,37.0,False,0,0.0,False,0,0,6,0,0,0,0,0,0,1,0,0,0,0,0,0,6,0,0.0,0,0.0,-0.0,-0.0,110.276,37.0,0,0,0,-0.0,4,MOBILE_DEEP_CYCLE,STATEFUL_WATCH_LARGE_GAP_OR_CENSORED,WINDOW_LARGE_GAP_AMBIGUOUS,ACTION_MONITOR_NEXT_WINDOW,low,7,large_gap_or_censored_dominant,large_gap_dominant,days_eff=110 days_any=110 cyc_eff=37 hq_nr=0 total_nr=0 cens=0 lg_opp=6 opp=7 norm_anom=-0.00 conf_p=1 micro_only=False cluster=MOBILE_DEEP_CYCLE,No user-facing action; monitoring.,Ambiguous/weak evidence (110d since effective change); monitor next window.,,False,False,False,True,False,False,False,False,0,2026-06-08T10:02:59Z,rolling30-v2.0,30,1,abs_ge_50mWh
KIRRO-ALLOYSIT7_Kirro,2026-05-28,2026-04-28 23:59:59.999999999,2026-05-28 23:59:59.999999999,512,29.481,0.5,3.139,141.647,21,5,4,0,0,0,0,False,WINDOW_QUALITY_OK,292.0,305.0,13.0,13.229,0.5715,0.2571,0.4285,6.0,100.0,94.0,39.55,96.0,100.0,0.0032,0.0048,0.7036,0.65,0.4709,87,177,44,43400.0,45970.0,43290.0,46030.0,2740.0,16,3,2740.0,2026-05-19 08:08:50,300.0,78.77,83.43,0,2,0,0,2,0,2,0,0,2,0,2,0,0,2,0.0,0,0,0,,0.0,,,0.0,0,0,0,,0.0,,2026-05-28 23:59:59.999999999,2024-12-11 21:10:39,2026-05-28 13:58:09,533.118,True,46030.0,2026-05-19 08:08:50,300.0,9.661,5.0,True,45970.0,2026-05-27 10:53:12,305.0,1.546,0.0,True,5,20.0,True,0,0,1,0,0,0,0,0,0,1,0,0,0,0,0,0,1,0,0.0,0,0.0,-0.0,-0.0,9.661,5.0,0,0,0,-0.0,4,MOBILE_DEEP_CYCLE,STATEFUL_WATCH_LARGE_GAP_OR_CENSORED,WINDOW_NORMAL_RESPONDING,ACTION_MONITOR_NEXT_WINDOW,low,7,large_gap_or_censored_dominant,micro_wobble;large_gap_dominant,days_eff=10 days_any=2 cyc_eff=5 hq_nr=0 total_nr=0 cens=0 lg_opp=1 opp=2 norm_anom=-0.00 conf_p=1 micro_only=True cluster=MOBILE_DEEP_CYCLE,No user-facing action; monitoring.,Ambiguous/weak evidence (9d since effective change); monitor next window.,,False,False,True,True,False,False,False,False,0,2026-06-08T10:02:59Z,rolling30-v2.0,30,1,abs_ge_50mWh
KTATE2-PW0A2BTJ_ktate2,2025-05-06,2025-04-06 23:59:59.999999999,2025-05-06 23:59:59.999999999,474,29.31,0.5,5.927,67.443,24,17,4,0,0,0,0,False,WINDOW_QUALITY_OK,99.0,105.0,6.0,6.141,0.7507,0.1272,0.2493,6.0,100.0,94.0,37.65,99.0,100.0,0.0109,0.026,0.8753,0.8318,0.7359,66,89,33,55310.0,53290.0,53290.0,55310.0,2020.0,7,1,1810.0,2025-04-15 17:42:26,101.0,96.75,93.21,0,4,0,0,4,0,2,0,0,2,0,2,0,0,2,0.0,0,0,0,,0.0,,,0.0,0,0,0,,0.0,,2025-05-06 23:59:59.999999999,2024-03-26 16:12:55,2025-05-06 16:15:01,406.324,True,53430.0,2025-04-15 17:42:26,101.0,21.262,4.0,True,53290.0,2025-05-03 14:30:35,105.0,3.395,0.0,True,4,40.0,True,0,1,2,0,1,1,0,0,1,0,0,1,1,0,0,0,2,0,0.4303,0,-0.56269,0.2444,0.2444,21.262,4.0,1,1,0,0.2444,4,MOBILE_DEEP_CYCLE,STATEFUL_WATCH_LARGE_GAP_OR_CENSORED,WINDOW_NORMAL_RESPONDING,ACTION_MONITOR_NEXT_WINDOW,low,7,large_gap_or_censored_dominant,fw_like;micro_wobble;large_gap_dominant,days_eff=21 days_any=3 cyc_eff=4 hq_nr=0 total_nr=1 cens=0 lg_opp=2 opp=4 norm_anom=0.24 conf_p=1 micro_only=True cluster=MOBILE_DEEP_CYCLE,No user-facing action; monitoring.,Ambiguous/weak evidence (21d since effective change); monitor next window.,,True,False,True,True,False,False,False,False,0,2026-06-08T10:02:59Z,rolling30-v2.0,30,1,abs_ge_50mWh
L14G5I_Richard,2024-06-27,2024-05-28 23:59:59.999999999,2024-06-27 23:59:59.999999999,304,29.094,0.5,16.004,62.595,22,21,7,0,0,0,0,False,WINDOW_QUALITY_OK,16.0,23.0,7.0,7.218,0.6143,0.5963,0.3857,34.0,100.0,66.0,41.15,100.0,100.0,0.0,0.0,0.6917,0.6434,0.6045,43,52,22,47480.0,47400.0,47400.0,47480.0,80.0,7,0,0.0,,,102.11,101.94,0,0,0,0,0,0,0,0,0,0,0,0,0,0,0,0.0,0,0,0,,0.0,,,0.0,0,0,0,,0.0,,2024-06-27 23:59:59.999999999,2024-03-18 14:12:26,2024-06-27 12:35:35,101.408,True,47640.0,2024-03-18 14:12:26,2.0,101.408,21.0,False,47400.0,2024-06-23 21:55:26,23.0,4.087,0.0,True,21,20.0,True,0,0,1,0,0,0,0,0,0,0,0,0,0,0,0,0,1,0,0.0,0,0.0,-0.0,-0.0,101.408,21.0,0,0,0,-0.0,1,AC_BOUND,STATEFUL_WATCH_LARGE_GAP_OR_CENSORED,WINDOW_MICRO_WOBBLE_ONLY,ACTION_MONITOR_NEXT_WINDOW,low,7,large_gap_or_censored_dominant,micro_wobble;large_gap_dominant,days_eff=101 days_any=4 cyc_eff=21 hq_nr=0 total_nr=0 cens=0 lg_opp=1 opp=1 norm_anom=-0.00 conf_p=1 micro_only=True cluster=AC_BOUND,No user-facing action; monitoring.,Ambiguous/weak evidence (101d since effective change); monitor next window.,,False,False,True,True,False,False,False,False,0,2026-06-08T10:02:59Z,rolling30-v2.0,30,1,abs_ge_50mWh
LALLURI-F5FS8HX_lalluri,2025-09-02,2025-08-03 23:59:59.999999999,2025-09-02 23:59:59.999999999,256,28.977,0.5,18.042,66.683,26,21,5,0,0,0,0,False,WINDOW_QUALITY_OK,33.0,43.0,10.0,10.353,0.3329,0.1442,0.6671,5.0,100.0,95.0,24.75,82.0,100.0,0.008,0.0309,0.4444,0.3274,0.2549,55,74,28,57660.0,57560.0,56970.0,57660.0,690.0,12,2,610.0,2025-08-28 07:42:08,42.0,101.16,100.98,1,3,1,0,4,0,2,0,0,2,0,2,0,0,2,0.4407,0,1,1,0.559302,0.2524,0.64517,0.64521,0.2835,0,1,1,0.716495,0.1448,0.65823,2025-09-02 23:59:59.999999999,2025-05-12 15:20:26,2025-09-02 09:08:32,113.361,True,57580.0,2025-08-28 07:42:08,42.0,5.679,1.0,True,57560.0,2025-08-28 12:02:33,43.0,5.498,0.0,True,1,20.0,True,0,0,1,0,0,0,0,0,0,1,0,0,0,0,0,0,1,0,0.0,0,0.0,-0.0,-0.0,5.679,1.0,0,0,0,-0.0,4,MOBILE_DEEP_CYCLE,STATEFUL_WATCH_LARGE_GAP_OR_CENSORED,WINDOW_NORMAL_RESPONDING,ACTION_MONITOR_NEXT_WINDOW,low,7,large_gap_or_censored_dominant,micro_wobble;large_gap_dominant,days_eff=6 days_any=5 cyc_eff=1 hq_nr=0 total_nr=0 cens=0 lg_opp=1 opp=2 norm_anom=-0.00 conf_p=0.645 micro_only=True cluster=MOBILE_DEEP_CYCLE,No user-facing action; monitoring.,Ambiguous/weak evidence (5d since effective change); monitor next window.,,False,False,True,True,False,False,False,False,0,2026-06-08T10:02:59Z,rolling30-v2.0,30,1,abs_ge_50mWh
LAPTOP-0JJ03K9D_rgibson,2024-02-12,2024-01-13 23:59:59.999999999,2024-02-12 23:59:59.999999999,408,28.105,0.5,7.741,63.55,23,10,3,0,0,0,0,False,WINDOW_QUALITY_OK,12.0,13.0,1.0,1.067,0.9848,0.0058,0.0152,42.0,90.0,48.0,71.0,85.0,89.0,0.0,0.0,0.6519,0.0,0.0,10,12,5,92600.0,92590.0,92590.0,92600.0,10.0,1,0,0.0,,,102.88,102.87,0,0,0,0,0,0,0,0,0,0,0,0,0,0,0,0.0,0,0,0,,0.0,,,0.0,0,0,0,,0.0,,2024-02-12 23:59:59.999999999,2023-05-15 14:13:48,2024-02-12 14:20:57,273.407,True,92690.0,2023-05-15 14:13:48,2.0,273.407,11.0,False,92590.0,2024-02-06 14:58:23,13.0,6.376,0.0,True,10,10.0,True,0,0,3,0,0,0,0,0,0,2,0,0,0,0,0,0,3,0,0.0,0,0.0,-0.0,-0.0,273.407,11.0,0,0,0,-0.0,2,MOBILE_DEEP_CYCLE,STATEFUL_WATCH_LARGE_GAP_OR_CENSORED,WINDOW_MICRO_WOBBLE_ONLY,ACTION_MONITOR_NEXT_WINDOW,low,7,large_gap_or_censored_dominant,micro_wobble;large_gap_dominant,days_eff=273 days_any=6 cyc_eff=11 hq_nr=0 total_nr=0 cens=0 lg_opp=3 opp=5 norm_anom=-0.00 conf_p=1 micro_only=True cluster=MOBILE_DEEP_CYCLE,No user-facing action; monitoring.,Ambiguous/weak evidence (273d since effective change); monitor next window.,,False,False,True,True,False,False,False,False,0,2026-06-08T10:02:59Z,rolling30-v2.0,30,1,abs_ge_50mWh
LAPTOP-146432PF_PQM,2024-08-22,2024-07-23 23:59:59.999999999,2024-08-22 23:59:59.999999999,414,29.025,0.5,3.176,60.935,20,18,5,0,0,0,0,False,WINDOW_QUALITY_OK,82.0,95.0,13.0,13.437,0.7147,0.2372,0.2853,2.0,100.0,98.0,20.0,91.0,100.0,0.0114,0.0283,0.6662,0.5751,0.5067,72,105,36,56420.0,54320.0,54320.0,56420.0,2100.0,18,5,1050.0,2024-08-09 12:22:32,90.0,98.93,95.25,1,5,0,0,6,0,3,0,0,3,0,3,0,0,3,0.3841,1,0,1,0.615917,0.2105,0.86181,0.88065,0.5456,1,0,1,0.454369,0.3426,0.42454,2024-08-22 23:59:59.999999999,2024-01-08 21:13:56,2024-08-22 09:32:50,227.115,True,54380.0,2024-08-09 12:22:32,90.0,13.484,5.0,True,54320.0,2024-08-21 17:40:04,95.0,1.264,0.0,True,5,20.0,True,0,2,1,0,1,1,1,0,1,1,0,1,1,0,0,1,1,0,0.4407,0,-0.58107,0.2524,0.2524,13.484,5.0,1,1,0,0.2524,4,MOBILE_DEEP_CYCLE,STATEFUL_WATCH_LOW_EVIDENCE,WINDOW_NORMAL_RESPONDING,ACTION_MONITOR_NEXT_WINDOW,low,8,weak_partial_evidence,fw_like;micro_wobble,days_eff=13 days_any=1 cyc_eff=5 hq_nr=0 total_nr=1 cens=1 lg_opp=1 opp=5 norm_anom=0.25 conf_p=0.862 micro_only=True cluster=MOBILE_DEEP_CYCLE,No user-facing action; monitoring.,Ambiguous/weak evidence (13d since effective change); monitor next window.,,True,False,True,False,False,False,False,False,0,2026-06-08T10:02:59Z,rolling30-v2.0,30,1,abs_ge_50mWh
LAPTOP-1KS1Q32S_T14s,2024-09-04,2024-08-05 23:59:59.999999999,2024-09-04 23:59:59.999999999,476,29.301,0.5,9.178,62.71,29,13,5,0,0,0,0,False,WINDOW_QUALITY_OK,232.0,244.0,12.0,12.286,0.4873,0.0885,0.5127,5.0,100.0,95.0,36.75,96.0,100.0,0.0034,0.0162,0.7937,0.7064,0.4915,97,110,47,49360.0,49360.0,49360.0,49360.0,0.0,0,0,0.0,,,86.6,86.6,0,2,0,0,2,0,1,0,0,1,0,1,0,0,1,0.0,0,0,0,,0.0,,,0.0,0,0,0,,0.0,,2024-09-04 23:59:59.999999999,2023-02-12 20:22:31,2024-09-04 15:35:00,570.151,True,49360.0,2024-08-04 18:57:10,232.0,31.21,12.0,True,49360.0,2024-08-04 18:57:10,232.0,31.21,12.0,True,0,0.0,False,0,0,2,0,0,0,0,0,0,1,0,0,0,0,0,0,2,0,0.0,0,0.0,-0.0,-0.0,31.21,12.0,0,0,0,-0.0,4,MOBILE_DEEP_CYCLE,STATEFUL_WATCH_LARGE_GAP_OR_CENSORED,WINDOW_LARGE_GAP_AMBIGUOUS,ACTION_MONITOR_NEXT_WINDOW,low,7,large_gap_or_censored_dominant,large_gap_dominant,days_eff=31 days_any=31 cyc_eff=12 hq_nr=0 total_nr=0 cens=0 lg_opp=2 opp=3 norm_anom=-0.00 conf_p=1 micro_only=False cluster=MOBILE_DEEP_CYCLE,No user-facing action; monitoring.,Ambiguous/weak evidence (31d since effective change); monitor next window.,,False,False,False,True,False,False,False,False,0,2026-06-08T10:02:59Z,rolling30-v2.0,30,1,abs_ge_50mWh
LAPTOP-1M50QFPI_GM,2024-05-08,2024-04-08 23:59:59.999999999,2024-05-08 23:59:59.999999999,152,29.457,0.193,14.448,279.821,13,9,4,0,0,0,0,False,WINDOW_QUALITY_OK,13.0,14.0,1.0,1.018,0.6793,0.1358,0.3207,76.0,100.0,24.0,84.1,99.0,100.0,0.0,0.0,0.9662,0.8178,0.6666,28,35,14,56960.0,56940.0,56940.0,56960.0,20.0,1,0,0.0,,,99.88,99.84,0,0,0,0,0,0,0,0,0,0,0,0,0,0,0,0.0,0,0,0,,0.0,,,0.0,0,0,0,,0.0,,2024-05-08 23:59:59.999999999,2024-02-05 21:09:32,2024-05-08 11:18:44,93.118,True,56990.0,2024-02-05 21:09:32,10.0,93.118,4.0,False,56940.0,2024-04-21 20:43:15,14.0,17.137,0.0,True,4,20.0,True,0,0,1,0,0,0,0,0,0,1,0,0,0,0,0,0,1,0,0.0,0,0.0,-0.0,-0.0,93.118,4.0,0,0,0,-0.0,5,AC_BOUND,STATEFUL_WATCH_LARGE_GAP_OR_CENSORED,WINDOW_MICRO_WOBBLE_ONLY,ACTION_MONITOR_NEXT_WINDOW,low,7,large_gap_or_censored_dominant,micro_wobble;large_gap_dominant,days_eff=93 days_any=17 cyc_eff=4 hq_nr=0 total_nr=0 cens=0 lg_opp=1 opp=2 norm_anom=-0.00 conf_p=1 micro_only=True cluster=AC_BOUND,No user-facing action; monitoring.,Ambiguous/weak evidence (93d since effective change); monitor next window.,,False,False,True,True,False,False,False,False,0,2026-06-08T10:02:59Z,rolling30-v2.0,30,1,abs_ge_50mWh
LAPTOP-1QC1JCNE_CPC-Tester12,2024-02-25,2024-01-26 23:59:59.999999999,2024-02-25 23:59:59.999999999,394,27.51,0.5,2.484,185.006,19,13,4,0,0,0,0,False,WINDOW_QUALITY_OK,12.0,15.0,3.0,3.272,0.9198,0.1003,0.0802,18.0,100.0,82.0,76.3,99.0,100.0,0.0,0.0025,0.9147,0.8931,0.7785,26,40,13,58400.0,58320.0,58320.0,58400.0,80.0,5,0,0.0,,,102.4,102.26,0,1,0,0,1,0,0,0,0,0,0,0,0,0,0,0.0,0,0,0,,0.0,,,0.0,0,0,0,,0.0,,2024-02-25 23:59:59.999999999,2023-12-04 10:53:33,2024-02-25 20:47:30,83.546,True,58450.0,2024-01-16 14:19:36,8.0,40.403,7.0,True,58320.0,2024-02-21 13:22:19,15.0,4.443,0.0,True,9,30.0,True,0,0,2,0,0,0,0,0,0,1,0,0,0,0,0,0,2,0,0.0,0,0.0,-0.0,-0.0,40.403,7.0,0,0,0,-0.0,4,MOBILE_DEEP_CYCLE,STATEFUL_WATCH_LARGE_GAP_OR_CENSORED,WINDOW_MICRO_WOBBLE_ONLY,ACTION_MONITOR_NEXT_WINDOW,low,7,large_gap_or_censored_dominant,micro_wobble;large_gap_dominant,days_eff=40 days_any=4 cyc_eff=7 hq_nr=0 total_nr=0 cens=0 lg_opp=2 opp=3 norm_anom=-0.00 conf_p=1 micro_only=True cluster=MOBILE_DEEP_CYCLE,No user-facing action; monitoring.,Ambiguous/weak evidence (40d since effective change); monitor next window.,,False,False,True,True,False,False,False,False,0,2026-06-08T10:02:59Z,rolling30-v2.0,30,1,abs_ge_50mWh
LAPTOP-25UDU5UN_jestroff,2025-11-14,2025-10-15 23:59:59.999999999,2025-11-14 23:59:59.999999999,385,29.083,0.5,12.518,35.624,31,21,4,0,0,0,0,False,WINDOW_QUALITY_OK,62.0,68.0,6.0,6.189,0.6586,0.1486,0.3414,5.0,100.0,95.0,44.0,99.0,100.0,0.0211,0.0233,0.8114,0.7002,0.5709,76,109,38,50400.0,50870.0,50400.0,51460.0,1060.0,8,2,1060.0,2025-10-21 09:36:06,63.0,88.37,89.2,1,1,1,0,2,1,1,1,0,2,1,1,1,0,2,0.3841,0,1,1,0.615917,0.2105,0.86181,0.88065,0.2481,0,1,1,0.751926,0.1238,0.71787,2025-11-14 23:59:59.999999999,2025-04-29 10:51:51,2025-11-14 10:00:13,199.547,True,50930.0,2025-10-21 09:36:06,63.0,24.6,5.0,True,50870.0,2025-11-10 19:44:52,68.0,4.177,0.0,True,5,20.0,True,0,0,1,0,0,0,0,0,0,1,0,0,0,0,0,0,1,0,0.0,0,0.0,-0.0,-0.0,24.6,5.0,0,0,0,-0.0,4,MOBILE_DEEP_CYCLE,STATEFUL_WATCH_LARGE_GAP_OR_CENSORED,WINDOW_NORMAL_RESPONDING,ACTION_MONITOR_NEXT_WINDOW,low,7,large_gap_or_censored_dominant,micro_wobble;large_gap_dominant,days_eff=25 days_any=4 cyc_eff=5 hq_nr=0 total_nr=0 cens=0 lg_opp=1 opp=2 norm_anom=-0.00 conf_p=0.862 micro_only=True cluster=MOBILE_DEEP_CYCLE,No user-facing action; monitoring.,Ambiguous/weak evidence (24d since effective change); monitor next window.,,False,False,True,True,False,False,False,False,0,2026-06-08T10:02:59Z,rolling30-v2.0,30,1,abs_ge_50mWh
LAPTOP-38PBJKV3_Dan,2026-05-28,2026-04-28 23:59:59.999999999,2026-05-28 23:59:59.999999999,445,29.171,0.5,0.501,112.061,19,18,4,0,0,0,0,False,WINDOW_QUALITY_OK,111.0,118.0,7.0,7.199,0.8409,0.0829,0.1591,30.0,81.0,51.0,49.0,77.0,80.0,0.0,0.0,0.0068,0.0,0.0,62,91,31,84600.0,84540.0,84540.0,84600.0,60.0,6,0,0.0,,,93.99,93.92,0,0,0,0,0,0,0,0,0,0,0,0,0,0,0,0.0,0,0,0,,0.0,,,0.0,0,0,0,,0.0,,2026-05-28 23:59:59.999999999,2023-05-17 09:40:30,2026-05-28 10:35:08,1107.597,True,84800.0,2025-09-22 11:02:10,88.0,248.54,30.0,False,84540.0,2026-05-26 13:50:53,118.0,2.423,0.0,True,26,10.0,True,0,0,2,0,0,0,0,0,0,0,0,0,0,0,0,0,2,0,0.0,0,0.0,-0.0,-0.0,248.54,30.0,0,0,0,-0.0,2,MOBILE_DEEP_CYCLE,STATEFUL_WATCH_LARGE_GAP_OR_CENSORED,WINDOW_MICRO_WOBBLE_ONLY,ACTION_MONITOR_NEXT_WINDOW,low,7,large_gap_or_censored_dominant,micro_wobble;large_gap_dominant,days_eff=249 days_any=2 cyc_eff=30 hq_nr=0 total_nr=0 cens=0 lg_opp=2 opp=2 norm_anom=-0.00 conf_p=1 micro_only=True cluster=MOBILE_DEEP_CYCLE,No user-facing action; monitoring.,Ambiguous/weak evidence (248d since effective change); monitor next window.,,False,False,True,True,False,False,False,False,0,2026-06-08T10:02:59Z,rolling30-v2.0,30,1,abs_ge_50mWh
LAPTOP-72AKT2DB_1,2026-05-19,2026-04-19 23:59:59.999999999,2026-05-19 23:59:59.999999999,270,29.193,0.5,8.845,257.919,19,13,4,0,0,0,0,False,WINDOW_QUALITY_OK,23.0,31.0,8.0,8.221,0.9161,0.2588,0.0839,2.0,100.0,98.0,10.35,98.0,100.0,0.0386,0.0492,0.7818,0.7207,0.6803,29,51,15,56000.0,54520.0,54520.0,56520.0,2000.0,10,3,1360.0,2026-05-12 10:36:06,27.0,96.55,94.0,0,3,0,0,3,0,3,0,0,3,0,3,0,0,3,0.0,0,0,0,,0.0,,,0.0,0,0,0,,0.0,,2026-05-19 23:59:59.999999999,2026-03-10 00:02:48,2026-05-19 13:51:11,70.998,True,54570.0,2026-05-12 10:36:06,27.0,7.558,4.0,True,54520.0,2026-05-15 13:13:01,31.0,4.449,0.0,True,4,20.0,True,0,0,1,0,0,0,0,0,0,1,0,0,0,0,0,0,1,0,0.0,0,0.0,-0.0,-0.0,7.558,4.0,0,0,0,-0.0,4,MOBILE_DEEP_CYCLE,STATEFUL_WATCH_LARGE_GAP_OR_CENSORED,WINDOW_NORMAL_RESPONDING,ACTION_MONITOR_NEXT_WINDOW,low,7,large_gap_or_censored_dominant,micro_wobble;large_gap_dominant,days_eff=8 days_any=4 cyc_eff=4 hq_nr=0 total_nr=0 cens=0 lg_opp=1 opp=2 norm_anom=-0.00 conf_p=1 micro_only=True cluster=MOBILE_DEEP_CYCLE,No user-facing action; monitoring.,Ambiguous/weak evidence (7d since effective change); monitor next window.,,False,False,True,True,False,False,False,False,0,2026-06-08T10:02:59Z,rolling30-v2.0,30,1,abs_ge_50mWh
LAPTOP-88BMF4J6_Mersey,2024-06-11,2024-05-12 23:59:59.999999999,2024-06-11 23:59:59.999999999,280,28.27,0.5,13.97,90.536,17,16,4,0,0,0,0,False,WINDOW_QUALITY_OK,25.0,29.0,4.0,4.245,0.4601,0.1094,0.5399,2.0,100.0,98.0,26.9,92.0,100.0,0.0157,0.0221,0.7666,0.7009,0.4715,43,54,22,53890.0,58360.0,53880.0,58380.0,4500.0,5,2,4370.0,2024-05-30 10:12:43,27.0,94.49,102.33,0,2,0,0,2,0,2,0,0,2,0,2,0,0,2,0.0,0,0,0,,0.0,,,0.0,0,0,0,,0.0,,2024-06-11 23:59:59.999999999,2023-12-11 16:15:39,2024-06-11 17:30:04,183.322,True,58380.0,2024-05-30 10:12:43,27.0,12.575,2.0,True,58360.0,2024-06-04 13:03:44,29.0,7.456,0.0,True,2,10.0,True,0,0,1,0,0,0,0,0,0,1,0,0,0,0,0,0,1,0,0.0,0,0.0,-0.0,-0.0,12.575,2.0,0,0,0,-0.0,4,MOBILE_DEEP_CYCLE,STATEFUL_WATCH_LARGE_GAP_OR_CENSORED,WINDOW_NORMAL_RESPONDING,ACTION_MONITOR_NEXT_WINDOW,low,7,large_gap_or_censored_dominant,micro_wobble;large_gap_dominant,days_eff=13 days_any=7 cyc_eff=2 hq_nr=0 total_nr=0 cens=0 lg_opp=1 opp=2 norm_anom=-0.00 conf_p=1 micro_only=True cluster=MOBILE_DEEP_CYCLE,No user-facing action; monitoring.,Ambiguous/weak evidence (12d since effective change); monitor next window.,,False,False,True,True,False,False,False,False,0,2026-06-08T10:02:59Z,rolling30-v2.0,30,1,abs_ge_50mWh
LAPTOP-8KIMRE5B_cturner,2024-06-26,2024-05-27 23:59:59.999999999,2024-06-26 23:59:59.999999999,304,29.097,0.5,12.049,58.858,25,16,6,0,0,0,0,False,WINDOW_QUALITY_OK,42.0,49.0,7.0,7.217,0.6186,0.181,0.3814,5.0,100.0,95.0,43.15,98.0,100.0,0.0231,0.0267,0.813,0.7197,0.6099,80,100,41,73560.0,71670.0,71670.0,73560.0,1890.0,9,2,1280.0,2024-06-26 03:56:14,48.0,98.08,95.56,0,3,0,0,3,0,2,0,0,2,0,2,0,0,2,0.0,0,0,0,,0.0,,,0.0,0,0,0,,0.0,,2024-06-26 23:59:59.999999999,2024-04-11 14:48:53,2024-06-26 11:13:50,76.383,True,71680.0,2024-06-26 03:56:14,48.0,0.836,1.0,True,71670.0,2024-06-26 10:11:07,49.0,0.576,0.0,True,1,10.0,True,0,0,1,0,0,0,0,0,0,0,0,0,0,0,0,0,1,0,0.0,0,0.0,-0.0,-0.0,0.836,1.0,0,0,0,-0.0,4,MOBILE_DEEP_CYCLE,STATEFUL_WATCH_LARGE_GAP_OR_CENSORED,WINDOW_NORMAL_RESPONDING,ACTION_MONITOR_NEXT_WINDOW,low,7,large_gap_or_censored_dominant,micro_wobble;large_gap_dominant,days_eff=1 days_any=1 cyc_eff=1 hq_nr=0 total_nr=0 cens=0 lg_opp=1 opp=1 norm_anom=-0.00 conf_p=1 micro_only=True cluster=MOBILE_DEEP_CYCLE,No user-facing action; monitoring.,Ambiguous/weak evidence (0d since effective change); monitor next window.,,False,False,True,True,False,False,False,False,0,2026-06-08T10:02:59Z,rolling30-v2.0,30,1,abs_ge_50mWh
LAPTOP-A86VO230_PQM,2024-01-23,2023-12-24 23:59:59.999999999,2024-01-23 23:59:59.999999999,275,29.284,0.5,2.008,184.866,12,12,6,0,0,0,0,False,WINDOW_QUALITY_OK,11.0,19.0,8.0,8.196,0.3228,0.2617,0.6772,3.0,100.0,97.0,22.4,69.0,100.0,0.0345,0.0531,0.3373,0.2029,0.1154,38,44,20,58960.0,58280.0,58280.0,58960.0,680.0,10,2,420.0,2024-01-03 17:09:35,14.0,103.38,102.19,0,4,0,0,4,0,3,0,0,3,0,2,0,0,2,0.0,0,0,0,,0.0,,,0.0,0,0,0,,0.0,,2024-01-23 23:59:59.999999999,2023-11-21 21:02:39,2024-01-23 15:52:06,63.123,True,58340.0,2024-01-03 17:09:35,14.0,20.285,5.0,True,58280.0,2024-01-10 14:14:39,18.0,13.406,1.0,True,4,20.0,True,0,0,2,0,0,0,0,0,0,1,0,0,0,0,0,0,2,0,0.0,0,0.0,-0.0,-0.0,20.285,5.0,0,0,0,-0.0,4,MOBILE_DEEP_CYCLE,STATEFUL_WATCH_LARGE_GAP_OR_CENSORED,WINDOW_NORMAL_RESPONDING,ACTION_MONITOR_NEXT_WINDOW,low,7,large_gap_or_censored_dominant,micro_wobble;large_gap_dominant,days_eff=20 days_any=13 cyc_eff=5 hq_nr=0 total_nr=0 cens=0 lg_opp=2 opp=3 norm_anom=-0.00 conf_p=1 micro_only=True cluster=MOBILE_DEEP_CYCLE,No user-facing action; monitoring.,Ambiguous/weak evidence (20d since effective change); monitor next window.,,False,False,True,True,False,False,False,False,0,2026-06-08T10:02:59Z,rolling30-v2.0,30,1,abs_ge_50mWh
LAPTOP-A9PSKJU9_panjun1,2026-05-20,2026-04-20 23:59:59.999999999,2026-05-20 23:59:59.999999999,563,29.206,0.5,4.9,36.701,27,16,5,0,0,0,0,False,WINDOW_QUALITY_OK,98.0,119.0,21.0,21.571,0.6143,0.2875,0.3857,1.0,100.0,99.0,17.1,90.0,100.0,0.0084,0.042,0.5891,0.4824,0.442,103,142,52,58820.0,56660.0,53950.0,58820.0,4870.0,30,10,3570.0,2026-05-19 11:37:20,118.0,101.41,97.69,3,9,1,0,12,3,8,1,0,11,2,5,1,0,7,0.9639,2,1,3,0.312551,0.5051,0.27836,0.26674,1.2596,2,1,3,0.182473,0.7388,0.25037,2026-05-20 23:59:59.999999999,2025-12-10 08:48:23,2026-05-20 14:35:17,161.633,True,56670.0,2026-05-19 11:37:20,118.0,1.516,1.0,True,56660.0,2026-05-20 10:39:37,119.0,0.556,0.0,True,1,10.0,True,0,0,0,0,0,0,0,0,0,0,0,0,0,0,0,0,0,0,0.0,0,0.0,-0.0,-0.0,1.516,1.0,0,0,0,-0.0,4,MOBILE_DEEP_CYCLE,STATEFUL_WATCH_LOW_EVIDENCE,WINDOW_NORMAL_RESPONDING,ACTION_MONITOR_NEXT_WINDOW,low,8,weak_partial_evidence,micro_wobble,days_eff=2 days_any=1 cyc_eff=1 hq_nr=0 total_nr=0 cens=0 lg_opp=0 opp=0 norm_anom=-0.00 conf_p=0.278 micro_only=True cluster=MOBILE_DEEP_CYCLE,No user-facing action; monitoring.,Ambiguous/weak evidence (1d since effective change); monitor next window.,,False,False,True,False,False,False,False,False,0,2026-06-08T10:02:59Z,rolling30-v2.0,30,1,abs_ge_50mWh
LAPTOP-APU7HF6F_Carl_Pan,2024-10-17,2024-09-17 23:59:59.999999999,2024-10-17 23:59:59.999999999,109,26.808,0.498,4.566,425.174,6,5,3,0,0,0,0,False,WINDOW_QUALITY_OK,141.0,146.0,5.0,5.595,0.687,0.2517,0.313,1.0,100.0,99.0,2.0,83.0,100.0,0.1128,0.1764,0.5214,0.4745,0.3681,26,35,13,48980.0,46720.0,46720.0,48980.0,2260.0,7,2,1600.0,2024-10-12 20:07:30,145.0,85.88,81.92,0,3,0,0,3,0,2,0,0,2,0,2,0,0,2,0.0,0,0,0,,0.0,,,0.0,0,0,0,,0.0,,2024-10-17 23:59:59.999999999,2023-10-16 09:33:21,2024-10-17 10:20:43,367.602,True,46740.0,2024-10-12 20:07:30,145.0,5.161,1.0,True,46720.0,2024-10-17 10:20:04,146.0,0.569,0.0,True,1,20.0,True,0,0,1,0,0,0,0,0,0,1,0,0,0,0,0,0,1,0,0.0,0,0.0,-0.0,-0.0,5.161,1.0,0,0,0,-0.0,0,MOBILE_DEEP_CYCLE,STATEFUL_WATCH_LARGE_GAP_OR_CENSORED,WINDOW_NORMAL_RESPONDING,ACTION_MONITOR_NEXT_WINDOW,low,7,large_gap_or_censored_dominant,micro_wobble;large_gap_dominant,days_eff=5 days_any=1 cyc_eff=1 hq_nr=0 total_nr=0 cens=0 lg_opp=1 opp=2 norm_anom=-0.00 conf_p=1 micro_only=True cluster=MOBILE_DEEP_CYCLE,No user-facing action; monitoring.,Ambiguous/weak evidence (5d since effective change); monitor next window.,,False,False,True,True,False,False,False,False,0,2026-06-08T10:02:59Z,rolling30-v2.0,30,1,abs_ge_50mWh
LAPTOP-DDJ0EVTT_T14s2in1,2026-05-27,2026-04-27 23:59:59.999999999,2026-05-27 23:59:59.999999999,403,29.327,0.5,6.953,71.176,22,13,4,0,0,0,0,False,WINDOW_QUALITY_OK,21.0,30.0,9.0,9.207,0.6297,0.1889,0.3703,2.0,100.0,98.0,49.0,96.0,100.0,0.0102,0.025,0.8063,0.6518,0.5584,82,109,41,59300.0,57210.0,57210.0,59300.0,2090.0,10,1,1970.0,2026-05-22 18:55:01,28.0,102.24,98.64,0,2,0,0,2,0,2,0,0,2,0,2,0,0,2,0.0,0,0,0,,0.0,,,0.0,0,0,0,,0.0,,2026-05-27 23:59:59.999999999,2026-01-28 12:13:32,2026-05-27 14:03:48,119.491,True,57240.0,2026-05-22 18:55:01,28.0,5.212,2.0,True,57210.0,2026-05-27 13:33:48,30.0,0.435,0.0,True,2,20.0,True,0,0,1,0,0,0,0,0,0,1,0,0,0,0,0,0,1,0,0.0,0,0.0,-0.0,-0.0,5.212,2.0,0,0,0,-0.0,4,MOBILE_DEEP_CYCLE,STATEFUL_WATCH_LARGE_GAP_OR_CENSORED,WINDOW_NORMAL_RESPONDING,ACTION_MONITOR_NEXT_WINDOW,low,7,large_gap_or_censored_dominant,micro_wobble;large_gap_dominant,days_eff=5 days_any=0 cyc_eff=2 hq_nr=0 total_nr=0 cens=0 lg_opp=1 opp=2 norm_anom=-0.00 conf_p=1 micro_only=True cluster=MOBILE_DEEP_CYCLE,No user-facing action; monitoring.,Ambiguous/weak evidence (5d since effective change); monitor next window.,,False,False,True,True,False,False,False,False,0,2026-06-08T10:02:59Z,rolling30-v2.0,30,1,abs_ge_50mWh
LAPTOP-E1AAB86F_X1_2-1,2025-03-03,2025-02-01 23:59:59.999999999,2025-03-03 23:59:59.999999999,468,28.154,0.5,8.339,34.854,36,6,2,0,0,0,0,False,WINDOW_QUALITY_OK,210.0,229.0,19.0,20.246,0.4503,0.2547,0.5497,2.0,100.0,98.0,22.35,80.0,100.0,0.0197,0.0526,0.5166,0.4241,0.295,115,146,58,49490.0,48480.0,48480.0,49490.0,1010.0,21,1,750.0,2025-03-01 00:37:59,227.0,86.78,85.01,3,6,3,0,9,0,4,0,0,4,0,3,0,0,3,1.1288,0,3,3,0.24055,0.6188,0.23168,0.21326,0.7115,0,3,3,0.443616,0.353,0.37629,2025-03-03 23:59:59.999999999,2024-02-01 13:11:56,2025-03-03 10:27:18,396.45,True,48510.0,2025-03-01 00:37:59,227.0,2.974,2.0,True,48480.0,2025-03-03 07:02:11,229.0,0.707,0.0,True,2,20.0,True,0,0,1,0,0,0,0,0,0,1,0,0,0,0,0,0,1,0,0.0,0,0.0,-0.0,-0.0,2.974,2.0,0,0,0,-0.0,4,MOBILE_DEEP_CYCLE,STATEFUL_WATCH_LARGE_GAP_OR_CENSORED,WINDOW_NORMAL_RESPONDING,ACTION_MONITOR_NEXT_WINDOW,low,7,large_gap_or_censored_dominant,micro_wobble;large_gap_dominant,days_eff=3 days_any=1 cyc_eff=2 hq_nr=0 total_nr=0 cens=0 lg_opp=1 opp=2 norm_anom=-0.00 conf_p=0.232 micro_only=True cluster=MOBILE_DEEP_CYCLE,No user-facing action; monitoring.,Ambiguous/weak evidence (2d since effective change); monitor next window.,,False,False,True,True,False,False,False,False,0,2026-06-08T10:02:59Z,rolling30-v2.0,30,1,abs_ge_50mWh
LAPTOP-ENFNG5MU_1,2026-03-09,2026-02-07 23:59:59.999999999,2026-03-09 23:59:59.999999999,802,29.31,0.5,0.513,132.093,11,5,1,0,0,0,0,False,WINDOW_QUALITY_OK,20.0,20.0,0.0,0.0,1.0,0.0023,0.0,95.0,100.0,5.0,96.0,98.0,98.0,0.0,0.0,1.0,1.0,0.9849,0,2,0,57900.0,57900.0,57900.0,57900.0,0.0,0,0,0.0,,,99.83,99.83,0,0,0,0,0,0,0,0,0,0,0,0,0,0,0,0.0,0,0,0,,0.0,,,0.0,0,0,0,,0.0,,2026-03-09 23:59:59.999999999,2025-12-03 13:31:27,2026-03-09 09:24:24,96.436,True,58030.0,2025-12-03 13:31:27,3.0,96.436,17.0,False,57900.0,2026-02-04 16:17:17,20.0,33.321,0.0,True,9,30.0,True,0,0,1,0,0,0,0,0,0,0,0,0,0,0,0,0,1,0,0.0,0,0.0,-0.0,-0.0,96.436,17.0,0,0,0,-0.0,5,AC_BOUND,STATEFUL_WATCH_LARGE_GAP_OR_CENSORED,WINDOW_LOW_INFORMATION,ACTION_MONITOR_NEXT_WINDOW,low,7,large_gap_or_censored_dominant,micro_wobble;large_gap_dominant,days_eff=96 days_any=33 cyc_eff=17 hq_nr=0 total_nr=0 cens=0 lg_opp=1 opp=1 norm_anom=-0.00 conf_p=1 micro_only=True cluster=AC_BOUND,No user-facing action; monitoring.,Ambiguous/weak evidence (96d since effective change); monitor next window.,,False,False,True,True,False,False,False,False,0,2026-06-08T10:02:59Z,rolling30-v2.0,30,1,abs_ge_50mWh
LAPTOP-FG0TTKQT_amurugan1,2025-06-26,2025-05-27 23:59:59.999999999,2025-06-26 23:59:59.999999999,705,29.266,0.5,2.87,63.585,14,7,2,0,0,0,0,False,WINDOW_QUALITY_OK,25.0,35.0,10.0,10.251,0.5541,0.0808,0.4459,15.0,100.0,85.0,53.0,99.0,100.0,0.0,0.0099,0.7476,0.6512,0.5477,72,104,36,56500.0,56460.0,56460.0,57130.0,670.0,13,3,590.0,2025-06-11 14:39:07,30.0,99.07,99.0,0,1,0,0,1,0,1,0,0,1,0,0,0,0,0,0.0,0,0,0,,0.0,,,0.0,0,0,0,,0.0,,2025-06-26 23:59:59.999999999,2025-03-20 19:56:45,2025-06-26 15:51:49,98.169,True,56520.0,2025-06-11 14:39:07,30.0,15.39,5.0,True,56460.0,2025-06-26 13:51:49,35.0,0.422,0.0,True,5,20.0,True,0,0,1,0,0,0,0,0,0,0,0,0,0,0,0,0,1,0,0.0,0,0.0,-0.0,-0.0,15.39,5.0,0,0,0,-0.0,4,MOBILE_DEEP_CYCLE,STATEFUL_WATCH_LARGE_GAP_OR_CENSORED,WINDOW_NORMAL_RESPONDING,ACTION_MONITOR_NEXT_WINDOW,low,7,large_gap_or_censored_dominant,micro_wobble;large_gap_dominant,days_eff=15 days_any=0 cyc_eff=5 hq_nr=0 total_nr=0 cens=0 lg_opp=1 opp=1 norm_anom=-0.00 conf_p=1 micro_only=True cluster=MOBILE_DEEP_CYCLE,No user-facing action; monitoring.,Ambiguous/weak evidence (15d since effective change); monitor next window.,,False,False,True,True,False,False,False,False,0,2026-06-08T10:02:59Z,rolling30-v2.0,30,1,abs_ge_50mWh
LAPTOP-G59PGF6O_Avon,2026-05-08,2026-04-08 23:59:59.999999999,2026-05-08 23:59:59.999999999,308,28.98,0.5,10.721,67.576,28,15,4,0,0,0,0,False,WINDOW_QUALITY_OK,25.0,37.0,12.0,12.423,0.297,0.1705,0.703,2.0,100.0,98.0,15.0,74.0,100.0,0.0316,0.07,0.4502,0.3019,0.2423,73,99,37,56700.0,56520.0,55500.0,57550.0,2050.0,16,5,1430.0,2026-05-06 12:02:00,36.0,97.76,97.45,1,5,1,0,6,1,5,1,0,6,0,4,0,0,4,0.4407,0,1,1,0.559302,0.2524,0.64517,0.64521,0.5456,0,1,1,0.454369,0.3426,0.42454,2026-05-08 23:59:59.999999999,2026-02-05 00:53:07,2026-05-08 08:32:48,92.963,True,56530.0,2026-05-06 12:02:00,36.0,2.499,1.0,True,56520.0,2026-05-07 14:38:28,37.0,1.39,0.0,True,1,10.0,True,0,0,1,0,0,0,0,0,0,1,0,0,0,0,0,0,1,0,0.0,0,0.0,-0.0,-0.0,2.499,1.0,0,0,0,-0.0,4,MOBILE_DEEP_CYCLE,STATEFUL_WATCH_LARGE_GAP_OR_CENSORED,WINDOW_NORMAL_RESPONDING,ACTION_MONITOR_NEXT_WINDOW,low,7,large_gap_or_censored_dominant,micro_wobble;large_gap_dominant,days_eff=2 days_any=1 cyc_eff=1 hq_nr=0 total_nr=0 cens=0 lg_opp=1 opp=2 norm_anom=-0.00 conf_p=0.645 micro_only=True cluster=MOBILE_DEEP_CYCLE,No user-facing action; monitoring.,Ambiguous/weak evidence (2d since effective change); monitor next window.,,False,False,True,True,False,False,False,False,0,2026-06-08T10:02:59Z,rolling30-v2.0,30,1,abs_ge_50mWh
LAPTOP-H11NV2VL_hwpa,2025-04-01,2025-03-02 23:59:59.999999999,2025-04-01 23:59:59.999999999,166,29.15,0.5,15.995,115.163,17,14,5,0,0,0,0,False,WINDOW_QUALITY_OK,12.0,20.0,8.0,8.233,0.1876,0.1164,0.8124,5.0,100.0,95.0,21.0,53.5,99.0,0.0141,0.0633,0.3006,0.1755,0.1037,29,37,15,55150.0,54600.0,54600.0,55150.0,550.0,1,1,550.0,2025-03-11 17:09:20,16.0,106.12,105.06,0,2,0,0,2,0,2,0,0,2,0,1,0,0,1,0.0,0,0,0,,0.0,,,0.0,0,0,0,,0.0,,2025-04-01 23:59:59.999999999,2024-10-30 12:38:45,2025-04-01 13:51:53,153.473,True,54600.0,2025-03-11 17:09:20,16.0,21.285,4.0,True,54600.0,2025-03-11 17:09:20,16.0,21.285,4.0,True,0,0.0,False,0,0,1,0,0,0,0,0,0,0,0,0,0,0,0,0,1,0,0.0,0,0.0,-0.0,-0.0,21.285,4.0,0,0,0,-0.0,4,MOBILE_DEEP_CYCLE,STATEFUL_WATCH_LARGE_GAP_OR_CENSORED,WINDOW_NORMAL_RESPONDING,ACTION_MONITOR_NEXT_WINDOW,low,7,large_gap_or_censored_dominant,large_gap_dominant,days_eff=21 days_any=21 cyc_eff=4 hq_nr=0 total_nr=0 cens=0 lg_opp=1 opp=1 norm_anom=-0.00 conf_p=1 micro_only=False cluster=MOBILE_DEEP_CYCLE,No user-facing action; monitoring.,Ambiguous/weak evidence (21d since effective change); monitor next window.,,False,False,False,True,False,False,False,False,0,2026-06-08T10:02:59Z,rolling30-v2.0,30,1,abs_ge_50mWh
LAPTOP-J2L4OE0Q_ANakamura,2026-05-29,2026-04-29 23:59:59.999999999,2026-05-29 23:59:59.999999999,523,22.017,0.487,1.241,61.961,17,7,3,0,0,0,0,False,WINDOW_QUALITY_OK,57.0,68.0,11.0,14.988,0.5775,0.1503,0.4225,2.0,100.0,98.0,59.0,95.0,100.0,0.0052,0.0098,0.7689,0.5826,0.5169,137,187,69,54450.0,55830.0,54430.0,55940.0,1510.0,12,1,1510.0,2026-05-11 18:03:46,59.0,93.88,96.26,0,3,0,0,3,0,2,0,0,2,0,2,0,0,2,0.0,0,0,0,,0.0,,,0.0,0,0,0,,0.0,,2026-05-29 23:59:59.999999999,2025-12-23 18:00:42,2026-05-29 09:39:02,157.25,True,55940.0,2026-05-11 18:03:46,59.0,18.247,9.0,True,55830.0,2026-05-28 10:05:42,68.0,1.579,0.0,True,9,20.0,True,0,1,1,0,1,1,0,0,0,1,0,0,0,0,0,0,1,0,0.4407,0,-0.58107,0.2524,0.2524,18.247,9.0,1,0,0,0.2524,3,AC_BOUND,STATEFUL_WATCH_LARGE_GAP_OR_CENSORED,WINDOW_NORMAL_RESPONDING,ACTION_MONITOR_NEXT_WINDOW,low,7,large_gap_or_censored_dominant,fw_like;micro_wobble;large_gap_dominant,days_eff=18 days_any=2 cyc_eff=9 hq_nr=0 total_nr=1 cens=0 lg_opp=1 opp=3 norm_anom=0.25 conf_p=1 micro_only=True cluster=AC_BOUND,No user-facing action; monitoring.,Ambiguous/weak evidence (18d since effective change); monitor next window.,,True,False,True,True,False,False,False,False,0,2026-06-08T10:02:59Z,rolling30-v2.0,30,1,abs_ge_50mWh
LAPTOP-J9M9N0H9_X9-14,2025-06-05,2025-05-06 23:59:59.999999999,2025-06-05 23:59:59.999999999,199,28.505,0.5,15.44,122.608,22,12,5,0,0,0,0,False,WINDOW_QUALITY_OK,16.0,20.0,4.0,4.21,0.6029,0.1295,0.3971,2.0,100.0,98.0,33.6,96.0,100.0,0.0255,0.0331,0.7859,0.743,0.5507,39,54,20,54970.0,54920.0,54920.0,54970.0,50.0,4,0,0.0,,,99.76,99.67,0,1,0,0,1,0,1,0,0,1,0,1,0,0,1,0.0,0,0,0,,0.0,,,0.0,0,0,0,,0.0,,2025-06-05 23:59:59.999999999,2025-01-13 15:47:37,2025-06-05 20:53:47,143.342,True,55130.0,2025-01-13 15:47:37,0.0,143.342,20.0,False,54920.0,2025-06-04 22:28:12,20.0,1.064,0.0,True,18,20.0,True,0,0,2,0,0,0,0,0,0,2,0,0,0,0,0,0,2,0,0.0,0,0.0,-0.0,-0.0,143.342,20.0,0,0,0,-0.0,4,MOBILE_DEEP_CYCLE,STATEFUL_WATCH_LARGE_GAP_OR_CENSORED,WINDOW_MICRO_WOBBLE_ONLY,ACTION_MONITOR_NEXT_WINDOW,low,7,large_gap_or_censored_dominant,micro_wobble;large_gap_dominant,days_eff=143 days_any=1 cyc_eff=20 hq_nr=0 total_nr=0 cens=0 lg_opp=2 opp=4 norm_anom=-0.00 conf_p=1 micro_only=True cluster=MOBILE_DEEP_CYCLE,No user-facing action; monitoring.,Ambiguous/weak evidence (143d since effective change); monitor next window.,,False,False,True,True,False,False,False,False,0,2026-06-08T10:02:59Z,rolling30-v2.0,30,1,abs_ge_50mWh
LAPTOP-K2Q4C3UQ_1,2023-11-21,2023-10-22 23:59:59.999999999,2023-11-21 23:59:59.999999999,485,29.288,0.5,5.541,63.507,21,5,2,0,0,0,0,False,WINDOW_QUALITY_OK,90.0,102.0,12.0,12.292,0.8289,0.2325,0.1711,2.0,100.0,98.0,9.0,100.0,100.0,0.1313,0.134,0.6872,0.5702,0.5415,52,81,26,66520.0,66900.0,66520.0,70450.0,3930.0,6,6,2250.0,2023-11-17 08:46:41,101.0,92.38,92.9,2,3,1,0,5,0,3,0,0,3,0,3,0,0,3,0.6985,1,1,2,0.422256,0.3744,0.42738,0.40815,1.0161,1,1,2,0.24062,0.6187,0.28769,2023-11-21 23:59:59.999999999,2023-02-07 08:47:11,2023-11-21 15:35:21,287.634,True,66900.0,2023-11-17 08:46:41,101.0,4.634,1.0,True,66900.0,2023-11-17 08:46:41,101.0,4.634,1.0,True,0,0.0,False,0,1,0,0,0,0,1,0,1,0,0,0,0,1,0,1,0,0,0.0,0,0.0,-0.0,-0.0,4.634,1.0,0,0,0,-0.0,4,MOBILE_DEEP_CYCLE,STATEFUL_WATCH_LARGE_GAP_OR_CENSORED,WINDOW_NORMAL_RESPONDING,ACTION_MONITOR_NEXT_WINDOW,low,7,large_gap_or_censored_dominant,censored_dominant,days_eff=5 days_any=5 cyc_eff=1 hq_nr=0 total_nr=0 cens=1 lg_opp=0 opp=2 norm_anom=-0.00 conf_p=0.427 micro_only=False cluster=MOBILE_DEEP_CYCLE,No user-facing action; monitoring.,Ambiguous/weak evidence (4d since effective change); monitor next window.,,False,False,False,False,True,False,False,False,0,2026-06-08T10:02:59Z,rolling30-v2.0,30,1,abs_ge_50mWh
LAPTOP-K8IULGVA_Sun,2024-09-24,2024-08-25 23:59:59.999999999,2024-09-24 23:59:59.999999999,127,29.048,0.57,23.169,156.396,15,13,6,0,0,0,0,False,WINDOW_QUALITY_OK,63.0,67.0,4.0,4.131,0.417,0.1187,0.583,24.0,100.0,76.0,50.0,95.0,100.0,0.0,0.0,0.688,0.6042,0.4681,18,29,10,47270.0,47270.0,47270.0,47270.0,0.0,0,0,0.0,,,82.86,82.86,0,0,0,0,0,0,0,0,0,0,0,0,0,0,0,0.0,0,0,0,,0.0,,,0.0,0,0,0,,0.0,,2024-09-24 23:59:59.999999999,2023-09-10 09:43:22,2024-09-24 10:25:59,380.595,True,47270.0,2024-08-17 21:41:12,61.0,38.096,6.0,True,47270.0,2024-08-17 21:41:12,61.0,38.096,6.0,True,0,0.0,False,0,0,1,0,0,0,0,0,0,1,0,0,0,0,0,0,1,0,0.0,0,0.0,-0.0,-0.0,38.096,6.0,0,0,0,-0.0,5,AC_BOUND,STATEFUL_WATCH_LARGE_GAP_OR_CENSORED,WINDOW_INSUFFICIENT_LEARNING_OPPORTUNITY,ACTION_MONITOR_NEXT_WINDOW,low,7,large_gap_or_censored_dominant,large_gap_dominant,days_eff=38 days_any=38 cyc_eff=6 hq_nr=0 total_nr=0 cens=0 lg_opp=1 opp=2 norm_anom=-0.00 conf_p=1 micro_only=False cluster=AC_BOUND,No user-facing action; monitoring.,Ambiguous/weak evidence (38d since effective change); monitor next window.,,False,False,False,True,False,False,False,False,0,2026-06-08T10:02:59Z,rolling30-v2.0,30,1,abs_ge_50mWh
LAPTOP-KQTSA7PM_1,2023-12-07,2023-11-07 23:59:59.999999999,2023-12-07 23:59:59.999999999,423,29.343,0.5,6.122,88.928,22,6,6,0,0,0,0,False,WINDOW_QUALITY_OK,27.0,35.0,8.0,8.179,0.5125,0.1312,0.4875,25.0,100.0,75.0,59.0,97.0,100.0,0.0,0.0,0.7747,0.6533,0.5531,94,124,47,57590.0,57470.0,57470.0,57590.0,120.0,9,0,0.0,,,100.98,100.77,0,0,0,0,0,0,0,0,0,0,0,0,0,0,0,0.0,0,0,0,,0.0,,,0.0,0,0,0,,0.0,,2023-12-07 23:59:59.999999999,2023-08-31 16:00:49,2023-12-07 09:41:08,98.333,True,57750.0,2023-10-18 14:48:21,17.0,50.383,18.0,True,57470.0,2023-12-07 07:28:36,35.0,0.688,0.0,True,22,20.0,True,0,0,2,0,0,0,0,0,0,1,0,0,0,0,0,0,2,0,0.0,0,0.0,-0.0,-0.0,50.383,18.0,0,0,0,-0.0,5,AC_BOUND,STATEFUL_WATCH_LARGE_GAP_OR_CENSORED,WINDOW_MICRO_WOBBLE_ONLY,ACTION_MONITOR_NEXT_WINDOW,low,7,large_gap_or_censored_dominant,micro_wobble;large_gap_dominant,days_eff=50 days_any=1 cyc_eff=18 hq_nr=0 total_nr=0 cens=0 lg_opp=2 opp=3 norm_anom=-0.00 conf_p=1 micro_only=True cluster=AC_BOUND,No user-facing action; monitoring.,Ambiguous/weak evidence (50d since effective change); monitor next window.,,False,False,True,True,False,False,False,False,0,2026-06-08T10:02:59Z,rolling30-v2.0,30,1,abs_ge_50mWh
LAPTOP-OMDL8LQ4_EESIT,2025-03-12,2025-02-10 23:59:59.999999999,2025-03-12 23:59:59.999999999,512,29.354,0.5,4.617,62.509,24,19,4,0,0,0,0,False,WINDOW_QUALITY_OK,119.0,141.0,22.0,22.484,0.353,0.271,0.647,6.0,100.0,94.0,11.0,53.0,100.0,0.024,0.1289,0.2269,0.1578,0.1049,137,152,69,55800.0,55460.0,55380.0,56710.0,1330.0,27,7,1330.0,2025-03-06 16:38:31,136.0,97.84,97.25,2,9,2,0,11,2,9,2,0,11,0,6,0,0,6,0.8144,0,2,2,0.350874,0.4548,0.37177,0.35829,1.0913,0,2,2,0.206451,0.6852,0.27478,2025-03-12 23:59:59.999999999,2024-08-21 13:01:52,2025-03-12 13:51:11,203.457,True,55520.0,2025-03-06 16:38:31,136.0,6.307,5.0,True,55460.0,2025-03-12 11:47:50,141.0,0.508,0.0,True,5,20.0,True,0,1,1,0,0,0,1,0,0,1,0,0,0,0,0,1,1,0,0.0,0,0.0,-0.0,-0.0,6.307,5.0,0,0,0,-0.0,4,MOBILE_DEEP_CYCLE,STATEFUL_WATCH_LARGE_GAP_OR_CENSORED,WINDOW_NORMAL_RESPONDING,ACTION_MONITOR_NEXT_WINDOW,low,7,large_gap_or_censored_dominant,micro_wobble;large_gap_dominant;censored_dominant,days_eff=6 days_any=1 cyc_eff=5 hq_nr=0 total_nr=0 cens=1 lg_opp=1 opp=3 norm_anom=-0.00 conf_p=0.372 micro_only=True cluster=MOBILE_DEEP_CYCLE,No user-facing action; monitoring.,Ambiguous/weak evidence (6d since effective change); monitor next window.,,False,False,True,True,True,False,False,False,0,2026-06-08T10:02:59Z,rolling30-v2.0,30,1,abs_ge_50mWh
LAPTOP-Q5JPEGGD_Nate,2026-04-09,2026-03-10 23:59:59.999999999,2026-04-09 23:59:59.999999999,1149,29.592,0.5,0.5,41.284,11,4,2,0,0,0,0,False,WINDOW_QUALITY_OK,14.0,24.0,10.0,10.138,0.9064,0.157,0.0936,0.0,100.0,100.0,48.0,98.0,100.0,0.0081,0.011,0.8961,0.8691,0.643,88,145,44,57920.0,57290.0,57290.0,57920.0,630.0,11,1,500.0,2026-03-26 14:31:04,20.0,99.86,98.78,1,2,0,0,3,1,2,0,0,3,1,2,0,0,3,0.451,1,0,1,0.54902,0.2604,0.53695,0.52345,0.2835,1,0,1,0.716495,0.1448,0.65823,2026-04-09 23:59:59.999999999,2026-01-28 14:35:33,2026-04-09 14:20:39,71.392,True,57340.0,2026-03-26 14:31:04,20.0,14.395,4.0,True,57290.0,2026-04-08 15:14:19,24.0,1.365,0.0,True,4,20.0,True,0,1,0,0,1,1,0,0,1,0,0,1,1,0,0,0,0,0,0.3144,0,-0.3775,0.1639,0.1639,14.395,4.0,1,1,0,0.1639,3,AC_BOUND,STATEFUL_WATCH_LOW_EVIDENCE,WINDOW_NORMAL_RESPONDING,ACTION_MONITOR_NEXT_WINDOW,low,8,weak_partial_evidence,fw_like;micro_wobble,days_eff=14 days_any=1 cyc_eff=4 hq_nr=0 total_nr=1 cens=0 lg_opp=0 opp=2 norm_anom=0.16 conf_p=0.537 micro_only=True cluster=AC_BOUND,No user-facing action; monitoring.,Ambiguous/weak evidence (14d since effective change); monitor next window.,,True,False,True,False,False,False,False,False,0,2026-06-08T10:02:59Z,rolling30-v2.0,30,1,abs_ge_50mWh
LAPTOP-RCQD7R5B_kazuk,2024-01-29,2023-12-30 23:59:59.999999999,2024-01-29 23:59:59.999999999,689,29.671,0.5,2.995,66.147,13,6,4,0,0,0,0,False,WINDOW_QUALITY_OK,89.0,105.0,16.0,16.178,0.708,0.1764,0.292,2.0,100.0,98.0,15.0,98.0,100.0,0.0164,0.0384,0.7234,0.6741,0.5958,65,107,33,52320.0,50510.0,50140.0,53920.0,3780.0,51,38,2980.0,2024-01-29 16:38:28,105.0,91.79,88.61,9,2,1,0,11,7,3,0,0,10,6,3,0,0,9,3.4175,8,1,9,0.013255,1.8776,0.01534,0.0165,8.3682,8,1,9,0.0,10.6614,0.00168,2024-01-29 23:59:59.999999999,2023-02-17 04:28:14,2024-01-29 16:51:46,346.814,True,50520.0,2024-01-29 16:38:28,105.0,0.307,0.0,True,50510.0,2024-01-29 16:51:43,105.0,0.297,0.0,True,1,10.0,True,0,0,0,0,0,0,0,0,0,0,0,0,0,0,0,0,0,0,0.0,0,0.0,-0.0,-0.0,0.307,0.0,0,0,0,-0.0,4,MOBILE_DEEP_CYCLE,STATEFUL_WATCH_LOW_EVIDENCE,WINDOW_NORMAL_RESPONDING,ACTION_MONITOR_NEXT_WINDOW,low,8,weak_partial_evidence,fw_like;micro_wobble,days_eff=0 days_any=0 cyc_eff=0 hq_nr=0 total_nr=0 cens=0 lg_opp=0 opp=0 norm_anom=-0.00 conf_p=0.0153 micro_only=True cluster=MOBILE_DEEP_CYCLE,No user-facing action; monitoring.,Ambiguous/weak evidence (0d since effective change); monitor next window.,,True,False,True,False,False,False,False,False,0,2026-06-08T10:02:59Z,rolling30-v2.0,30,1,abs_ge_50mWh
LAPTOP-T4UU1BOP_Nikle,2026-04-23,2026-03-24 23:59:59.999999999,2026-04-23 23:59:59.999999999,534,29.234,0.5,2.449,62.426,22,14,4,0,0,0,0,False,WINDOW_QUALITY_OK,78.0,95.0,17.0,17.446,0.3948,0.1675,0.6052,2.0,100.0,98.0,28.65,86.0,100.0,0.0022,0.0249,0.5548,0.4169,0.325,126,180,64,56940.0,56920.0,55150.0,57030.0,1880.0,23,6,1180.0,2026-04-14 08:48:43,88.0,104.1,104.06,1,4,0,0,5,1,1,0,0,2,0,0,0,0,0,0.4303,1,0,1,0.569677,0.2444,0.74929,0.76293,0.5456,1,0,1,0.454369,0.3426,0.42454,2026-04-23 23:59:59.999999999,2025-11-16 17:57:35,2026-04-23 14:02:34,158.252,True,57030.0,2026-04-14 08:48:43,88.0,9.633,7.0,True,56920.0,2026-04-23 12:20:42,95.0,0.486,0.0,True,7,20.0,True,0,1,1,0,0,0,1,0,0,0,0,0,0,0,0,1,1,0,0.0,0,0.0,-0.0,-0.0,9.633,7.0,0,0,0,-0.0,4,MOBILE_DEEP_CYCLE,STATEFUL_WATCH_LARGE_GAP_OR_CENSORED,WINDOW_NORMAL_RESPONDING,ACTION_MONITOR_NEXT_WINDOW,low,7,large_gap_or_censored_dominant,micro_wobble;large_gap_dominant;censored_dominant,days_eff=10 days_any=0 cyc_eff=7 hq_nr=0 total_nr=0 cens=1 lg_opp=1 opp=2 norm_anom=-0.00 conf_p=0.749 micro_only=True cluster=MOBILE_DEEP_CYCLE,No user-facing action; monitoring.,Ambiguous/weak evidence (9d since effective change); monitor next window.,,False,False,True,True,True,False,False,False,0,2026-06-08T10:02:59Z,rolling30-v2.0,30,1,abs_ge_50mWh
LAPTOP-T83863L5_EigerSIT11,2026-05-31,2026-05-01 23:59:59.999999999,2026-05-31 23:59:59.999999999,138,29.367,0.5,18.736,98.899,28,17,4,0,0,0,0,False,WINDOW_QUALITY_OK,176.0,184.0,8.0,8.172,0.2448,0.1762,0.7552,1.0,100.0,99.0,4.0,55.5,100.0,0.0611,0.0842,0.3339,0.2713,0.1442,23,28,12,47800.0,49010.0,44070.0,49030.0,4960.0,10,2,4960.0,2026-05-16 18:35:45,182.0,82.41,84.5,2,6,1,0,8,1,5,1,0,6,0,4,0,0,4,0.902,1,1,2,0.301423,0.5208,0.26623,0.25242,0.7937,1,1,2,0.341652,0.4664,0.33109,2026-05-31 23:59:59.999999999,2023-12-28 02:39:48,2026-05-31 21:07:11,885.889,True,49030.0,2026-05-16 18:35:45,182.0,15.225,2.0,True,49010.0,2026-05-27 22:14:31,184.0,4.073,0.0,True,2,10.0,True,0,0,2,0,0,0,0,0,0,2,0,0,0,0,0,0,2,0,0.0,0,0.0,-0.0,-0.0,15.225,2.0,0,0,0,-0.0,4,MOBILE_DEEP_CYCLE,STATEFUL_WATCH_LARGE_GAP_OR_CENSORED,WINDOW_NORMAL_RESPONDING,ACTION_MONITOR_NEXT_WINDOW,low,7,large_gap_or_censored_dominant,micro_wobble;large_gap_dominant,days_eff=15 days_any=4 cyc_eff=2 hq_nr=0 total_nr=0 cens=0 lg_opp=2 opp=4 norm_anom=-0.00 conf_p=0.266 micro_only=True cluster=MOBILE_DEEP_CYCLE,No user-facing action; monitoring.,Ambiguous/weak evidence (15d since effective change); monitor next window.,,False,False,True,True,False,False,False,False,0,2026-06-08T10:02:59Z,rolling30-v2.0,30,1,abs_ge_50mWh
LAPTOP-UU99D8BO_T14p_CX_SVT,2024-08-08,2024-07-09 23:59:59.999999999,2024-08-08 23:59:59.999999999,1301,29.576,0.5,0.5,63.18,1,1,1,0,0,0,0,False,WINDOW_QUALITY_OK,14.0,18.0,4.0,4.057,0.9855,0.0309,0.0145,17.0,100.0,83.0,95.0,98.0,100.0,0.0,0.0012,0.9817,0.9726,0.8906,18,45,9,74290.0,74250.0,74250.0,74290.0,40.0,4,0,0.0,,,99.05,99.0,0,1,0,1,2,0,0,0,0,0,0,0,0,0,0,0.0,0,0,0,,0.0,,,0.0,0,0,0,,0.0,,2024-08-08 23:59:59.999999999,2024-03-19 22:21:18,2024-08-08 14:06:57,142.069,True,74300.0,2024-06-14 02:45:37,13.0,55.885,5.0,True,74250.0,2024-08-07 16:18:34,18.0,1.32,0.0,True,5,10.0,True,1,0,1,0,0,0,1,0,0,0,0,0,0,0,0,1,1,0,0.0,0,0.0,-0.0,-0.0,55.885,5.0,0,0,0,-0.0,3,AC_BOUND,STATEFUL_WATCH_LARGE_GAP_OR_CENSORED,WINDOW_MICRO_WOBBLE_ONLY,ACTION_MONITOR_NEXT_WINDOW,low,7,large_gap_or_censored_dominant,micro_wobble;large_gap_dominant;censored_dominant,days_eff=56 days_any=1 cyc_eff=5 hq_nr=0 total_nr=0 cens=1 lg_opp=1 opp=2 norm_anom=-0.00 conf_p=1 micro_only=True cluster=AC_BOUND,No user-facing action; monitoring.,Ambiguous/weak evidence (55d since effective change); monitor next window.,,False,False,True,True,True,False,False,False,0,2026-06-08T10:02:59Z,rolling30-v2.0,30,1,abs_ge_50mWh
MAGSHINE_wangyl,2025-09-23,2025-08-24 23:59:59.999999999,2025-09-23 23:59:59.999999999,442,29.213,0.5,10.885,48.057,29,21,6,0,0,0,0,False,WINDOW_QUALITY_OK,89.0,99.0,10.0,10.269,0.7239,0.1953,0.2761,2.0,100.0,98.0,39.0,97.0,100.0,0.0036,0.0087,0.8072,0.7146,0.6394,87,110,44,86010.0,86010.0,86010.0,86010.0,0.0,0,0,0.0,,,107.51,107.51,0,2,0,0,2,0,1,0,0,1,0,1,0,0,1,0.0,0,0,0,,0.0,,,0.0,0,0,0,,0.0,,2025-09-23 23:59:59.999999999,2025-01-06 14:13:20,2025-09-23 10:53:35,260.407,True,86010.0,2025-08-18 09:31:53,87.0,36.603,12.0,True,86010.0,2025-08-18 09:31:53,87.0,36.603,12.0,True,0,0.0,False,0,0,3,0,0,0,0,0,0,2,0,0,0,0,0,0,3,0,0.0,0,0.0,-0.0,-0.0,36.603,12.0,0,0,0,-0.0,4,MOBILE_DEEP_CYCLE,STATEFUL_WATCH_LARGE_GAP_OR_CENSORED,WINDOW_LARGE_GAP_AMBIGUOUS,ACTION_MONITOR_NEXT_WINDOW,low,7,large_gap_or_censored_dominant,large_gap_dominant,days_eff=37 days_any=37 cyc_eff=12 hq_nr=0 total_nr=0 cens=0 lg_opp=3 opp=5 norm_anom=-0.00 conf_p=1 micro_only=False cluster=MOBILE_DEEP_CYCLE,No user-facing action; monitoring.,Ambiguous/weak evidence (36d since effective change); monitor next window.,,False,False,False,True,False,False,False,False,0,2026-06-08T10:02:59Z,rolling30-v2.0,30,1,abs_ge_50mWh
MAOXY1-PF1H5KSF_maoxy1,2025-05-27,2025-04-27 23:59:59.999999999,2025-05-27 23:59:59.999999999,246,29.089,0.5,14.841,142.505,20,17,5,0,0,0,0,False,WINDOW_QUALITY_OK,570.0,582.0,12.0,12.376,0.4511,0.1844,0.5489,0.0,100.0,100.0,2.25,89.0,100.0,0.0909,0.1369,0.5366,0.4581,0.3405,36,44,18,40170.0,40530.0,39220.0,40580.0,1360.0,17,13,800.0,2025-05-27 09:00:30,581.0,88.71,89.51,0,4,0,1,5,0,4,0,1,5,0,4,0,1,5,0.0,0,0,0,,0.0,,,0.0,0,0,0,,0.0,,2025-05-27 23:59:59.999999999,2023-02-06 09:50:32,2025-05-27 11:06:25,841.59,True,40530.0,2025-05-27 09:00:30,581.0,0.625,1.0,True,40530.0,2025-05-27 09:00:30,581.0,0.625,1.0,True,0,0.0,False,1,0,0,0,0,0,1,1,0,0,0,0,0,1,0,1,0,0,0.0,0,0.0,-0.0,-0.0,0.625,1.0,0,0,0,-0.0,4,MOBILE_DEEP_CYCLE,STATEFUL_WATCH_LARGE_GAP_OR_CENSORED,WINDOW_NORMAL_RESPONDING,ACTION_MONITOR_NEXT_WINDOW,low,7,large_gap_or_censored_dominant,censored_dominant,days_eff=1 days_any=1 cyc_eff=1 hq_nr=0 total_nr=0 cens=1 lg_opp=0 opp=2 norm_anom=-0.00 conf_p=1 micro_only=False cluster=MOBILE_DEEP_CYCLE,No user-facing action; monitoring.,Ambiguous/weak evidence (0d since effective change); monitor next window.,,False,False,False,False,True,False,False,False,0,2026-06-08T10:02:59Z,rolling30-v2.0,30,1,abs_ge_50mWh
MARKUSTH1_theberlein,2024-12-11,2024-11-11 23:59:59.999999999,2024-12-11 23:59:59.999999999,500,29.739,0.5,5.229,61.782,22,8,4,0,0,0,0,False,WINDOW_QUALITY_OK,44.0,55.0,11.0,11.097,0.6064,0.1359,0.3936,0.0,100.0,100.0,55.0,98.0,100.0,0.0094,0.0094,0.8269,0.7234,0.6355,116,161,58,58170.0,58040.0,58040.0,58170.0,130.0,11,0,0.0,,,102.0,101.77,0,2,0,0,2,0,2,0,0,2,0,2,0,0,2,0.0,0,0,0,,0.0,,,0.0,0,0,0,,0.0,,2024-12-11 23:59:59.999999999,2024-05-17 15:31:03,2024-12-11 17:55:45,208.353,True,58180.0,2024-11-04 12:38:37,43.0,37.473,12.0,True,58040.0,2024-12-10 18:55:58,55.0,1.211,0.0,True,12,20.0,True,0,0,2,0,0,0,0,0,0,2,0,0,0,0,0,0,2,0,0.0,0,0.0,-0.0,-0.0,37.473,12.0,0,0,0,-0.0,4,MOBILE_DEEP_CYCLE,STATEFUL_WATCH_LARGE_GAP_OR_CENSORED,WINDOW_MICRO_WOBBLE_ONLY,ACTION_MONITOR_NEXT_WINDOW,low,7,large_gap_or_censored_dominant,micro_wobble;large_gap_dominant,days_eff=37 days_any=1 cyc_eff=12 hq_nr=0 total_nr=0 cens=0 lg_opp=2 opp=4 norm_anom=-0.00 conf_p=1 micro_only=True cluster=MOBILE_DEEP_CYCLE,No user-facing action; monitoring.,Ambiguous/weak evidence (37d since effective change); monitor next window.,,False,False,True,True,False,False,False,False,0,2026-06-08T10:02:59Z,rolling30-v2.0,30,1,abs_ge_50mWh
MBHAVSAR-5FSFDE_mbhavsar,2025-08-11,2025-07-12 23:59:59.999999999,2025-08-11 23:59:59.999999999,571,28.172,0.5,5.647,42.649,27,13,2,0,0,0,0,False,WINDOW_QUALITY_OK,36.0,56.0,20.0,21.298,0.3449,0.1799,0.6551,3.0,100.0,97.0,20.5,78.0,100.0,0.0131,0.0318,0.4739,0.3719,0.3015,93,147,47,56480.0,56300.0,55760.0,58270.0,2510.0,26,6,2450.0,2025-08-04 15:27:59,55.0,99.04,98.72,4,4,4,0,8,3,3,3,0,6,3,3,3,0,6,1.742,0,4,4,0.10152,0.9934,0.09632,0.10213,1.77,0,4,4,0.091632,1.038,0.19391,2025-08-11 23:59:59.999999999,2025-05-12 14:09:16,2025-08-11 14:26:19,91.41,True,56310.0,2025-08-04 15:27:59,55.0,7.356,1.0,True,56300.0,2025-08-11 12:45:38,56.0,0.468,0.0,True,1,10.0,True,0,0,1,0,0,0,0,0,0,1,0,0,0,0,0,0,1,0,0.0,0,0.0,-0.0,-0.0,7.356,1.0,0,0,0,-0.0,4,MOBILE_DEEP_CYCLE,STATEFUL_WATCH_LARGE_GAP_OR_CENSORED,WINDOW_NORMAL_RESPONDING,ACTION_MONITOR_NEXT_WINDOW,low,7,large_gap_or_censored_dominant,micro_wobble;large_gap_dominant,days_eff=7 days_any=0 cyc_eff=1 hq_nr=0 total_nr=0 cens=0 lg_opp=1 opp=2 norm_anom=-0.00 conf_p=0.0963 micro_only=True cluster=MOBILE_DEEP_CYCLE,No user-facing action; monitoring.,Ambiguous/weak evidence (7d since effective change); monitor next window.,,False,False,True,True,False,False,False,False,0,2026-06-08T10:02:59Z,rolling30-v2.0,30,1,abs_ge_50mWh
MCROWNOVER-QC11_mcrownover,2026-05-26,2026-04-26 23:59:59.999999999,2026-05-26 23:59:59.999999999,1393,29.529,0.5,0.5,21.476,6,1,0,0,0,0,0,False,WINDOW_QUALITY_OK,34.0,45.0,11.0,11.176,0.9495,0.123,0.0505,5.0,100.0,95.0,31.2,100.0,100.0,0.0107,0.0222,0.893,0.876,0.7029,62,93,31,84940.0,82410.0,81600.0,85410.0,3810.0,18,8,1190.0,2026-05-18 18:43:22,45.0,94.38,91.57,7,1,3,0,8,7,1,3,0,8,6,1,2,0,7,3.0743,4,3,7,0.017432,1.7586,0.01974,0.02109,4.8007,4,3,7,0.000132,3.8801,0.01728,2026-05-26 23:59:59.999999999,2025-09-02 13:13:27,2026-05-26 12:55:13,266.449,True,82410.0,2026-05-18 18:43:22,45.0,8.22,0.0,True,82410.0,2026-05-18 18:43:22,45.0,8.22,0.0,True,0,0.0,False,0,0,0,0,0,0,0,0,0,0,0,0,0,0,0,0,0,0,0.0,0,0.0,-0.0,-0.0,8.22,0.0,0,0,0,-0.0,3,AC_BOUND,STATEFUL_WATCH_LOW_EVIDENCE,WINDOW_NORMAL_RESPONDING,ACTION_MONITOR_NEXT_WINDOW,low,8,weak_partial_evidence,fw_like,days_eff=8 days_any=8 cyc_eff=0 hq_nr=0 total_nr=0 cens=0 lg_opp=0 opp=0 norm_anom=-0.00 conf_p=0.0197 micro_only=False cluster=AC_BOUND,No user-facing action; monitoring.,Ambiguous/weak evidence (8d since effective change); monitor next window.,,True,False,False,False,False,False,False,False,0,2026-06-08T10:02:59Z,rolling30-v2.0,30,1,abs_ge_50mWh
MD2-SVT-3FCN_xuxru,2024-04-12,2024-03-13 23:59:59.999999999,2024-04-12 23:59:59.999999999,313,29.851,0.5,7.281,101.08,20,11,6,0,0,0,0,False,WINDOW_QUALITY_OK,85.0,99.0,14.0,14.07,0.1801,0.1349,0.8199,2.0,100.0,98.0,14.0,60.0,100.0,0.0221,0.0544,0.2973,0.1679,0.1349,45,56,23,72450.0,69620.0,69620.0,78170.0,8550.0,7,7,8550.0,2024-04-12 01:13:32,98.0,100.61,96.68,0,6,0,1,7,0,3,0,1,4,0,1,0,1,2,0.0,0,0,0,,0.0,,,0.0,0,0,0,,0.0,,2024-04-12 23:59:59.999999999,2023-09-25 11:12:55,2024-04-12 20:55:32,200.533,True,69620.0,2024-04-12 01:13:32,98.0,0.949,1.0,True,69620.0,2024-04-12 01:13:32,98.0,0.949,1.0,True,0,0.0,False,1,0,0,0,0,0,1,1,0,0,0,0,0,1,0,1,0,0,0.0,0,0.0,-0.0,-0.0,0.949,1.0,0,0,0,-0.0,4,MOBILE_DEEP_CYCLE,STATEFUL_WATCH_LARGE_GAP_OR_CENSORED,WINDOW_NORMAL_RESPONDING,ACTION_MONITOR_NEXT_WINDOW,low,7,large_gap_or_censored_dominant,censored_dominant,days_eff=1 days_any=1 cyc_eff=1 hq_nr=0 total_nr=0 cens=1 lg_opp=0 opp=2 norm_anom=-0.00 conf_p=1 micro_only=False cluster=MOBILE_DEEP_CYCLE,No user-facing action; monitoring.,Ambiguous/weak evidence (0d since effective change); monitor next window.,,False,False,False,False,True,False,False,False,0,2026-06-08T10:02:59Z,rolling30-v2.0,30,1,abs_ge_50mWh
MERSEYPQMBETA_hels,2024-12-13,2024-11-13 23:59:59.999999999,2024-12-13 23:59:59.999999999,50,17.925,0.5,7.039,267.868,3,2,2,0,0,0,0,False,WINDOW_QUALITY_OK,66.0,68.0,2.0,3.347,0.7284,0.1626,0.2716,2.0,100.0,98.0,14.25,100.0,100.0,0.0904,0.1251,0.7122,0.6942,0.6019,2,3,1,53570.0,53550.0,53550.0,53570.0,20.0,2,0,0.0,,,93.98,93.95,0,1,0,0,1,0,1,0,0,1,0,1,0,0,1,0.0,0,0,0,,0.0,,,0.0,0,0,0,,0.0,,2024-12-13 23:59:59.999999999,2024-03-06 09:21:42,2024-12-13 16:16:13,282.61,True,53570.0,2024-10-22 15:04:20,66.0,52.372,2.0,True,53550.0,2024-11-25 22:04:16,68.0,18.08,0.0,True,2,10.0,True,0,0,1,0,0,0,0,0,0,1,0,0,0,0,0,0,1,0,0.0,0,0.0,-0.0,-0.0,52.372,2.0,0,0,0,-0.0,4,MOBILE_DEEP_CYCLE,STATEFUL_WATCH_LARGE_GAP_OR_CENSORED,WINDOW_MICRO_WOBBLE_ONLY,ACTION_MONITOR_NEXT_WINDOW,low,7,large_gap_or_censored_dominant,micro_wobble;large_gap_dominant,days_eff=52 days_any=18 cyc_eff=2 hq_nr=0 total_nr=0 cens=0 lg_opp=1 opp=2 norm_anom=-0.00 conf_p=1 micro_only=True cluster=MOBILE_DEEP_CYCLE,No user-facing action; monitoring.,Ambiguous/weak evidence (52d since effective change); monitor next window.,,False,False,True,True,False,False,False,False,0,2026-06-08T10:02:59Z,rolling30-v2.0,30,1,abs_ge_50mWh
MGOMES3-W0HKDCB_L14,2025-08-20,2025-07-21 23:59:59.999999999,2025-08-20 23:59:59.999999999,199,29.29,0.5,18.525,169.237,19,17,5,0,0,0,0,False,WINDOW_QUALITY_OK,7.0,11.0,4.0,4.097,0.7041,0.1225,0.2959,3.0,100.0,97.0,20.9,98.0,100.0,0.0378,0.0396,0.73,0.6906,0.6358,25,34,13,57840.0,57790.0,57790.0,57840.0,50.0,4,0,0.0,,,101.17,101.08,0,2,0,0,2,0,1,0,0,1,0,1,0,0,1,0.0,0,0,0,,0.0,,,0.0,0,0,0,,0.0,,2025-08-20 23:59:59.999999999,2025-05-27 11:14:51,2025-08-20 15:06:11,85.531,True,57910.0,2025-05-27 11:14:51,1.0,85.531,10.0,False,57790.0,2025-08-08 11:27:39,11.0,12.522,0.0,True,10,20.0,True,0,0,3,0,0,0,0,0,0,2,0,0,0,0,0,0,3,0,0.0,0,0.0,-0.0,-0.0,85.531,10.0,0,0,0,-0.0,4,MOBILE_DEEP_CYCLE,STATEFUL_WATCH_LARGE_GAP_OR_CENSORED,WINDOW_MICRO_WOBBLE_ONLY,ACTION_MONITOR_NEXT_WINDOW,low,7,large_gap_or_censored_dominant,micro_wobble;large_gap_dominant,days_eff=86 days_any=13 cyc_eff=10 hq_nr=0 total_nr=0 cens=0 lg_opp=3 opp=5 norm_anom=-0.00 conf_p=1 micro_only=True cluster=MOBILE_DEEP_CYCLE,No user-facing action; monitoring.,Ambiguous/weak evidence (85d since effective change); monitor next window.,,False,False,True,True,False,False,False,False,0,2026-06-08T10:02:59Z,rolling30-v2.0,30,1,abs_ge_50mWh
MGOMES3-W0HKDCB_mgomes3,2025-08-18,2025-07-19 23:59:59.999999999,2025-08-18 23:59:59.999999999,188,28.533,0.5,17.628,169.237,19,17,4,0,0,0,0,False,WINDOW_QUALITY_OK,7.0,11.0,4.0,4.206,0.6896,0.1491,0.3104,3.0,100.0,97.0,20.35,98.0,100.0,0.0397,0.0415,0.7167,0.6753,0.585,24,35,12,57840.0,57790.0,57790.0,57840.0,50.0,4,0,0.0,,,101.17,101.08,0,2,0,0,2,0,1,0,0,1,0,1,0,0,1,0.0,0,0,0,,0.0,,,0.0,0,0,0,,0.0,,2025-08-18 23:59:59.999999999,2025-05-27 11:14:51,2025-08-18 21:21:09,83.531,True,57910.0,2025-05-27 11:14:51,1.0,83.531,10.0,False,57790.0,2025-08-08 11:27:39,11.0,10.522,0.0,True,10,20.0,True,0,0,3,0,0,0,0,0,0,2,0,0,0,0,0,0,3,0,0.0,0,0.0,-0.0,-0.0,83.531,10.0,0,0,0,-0.0,4,MOBILE_DEEP_CYCLE,STATEFUL_WATCH_LARGE_GAP_OR_CENSORED,WINDOW_MICRO_WOBBLE_ONLY,ACTION_MONITOR_NEXT_WINDOW,low,7,large_gap_or_censored_dominant,micro_wobble;large_gap_dominant,days_eff=84 days_any=11 cyc_eff=10 hq_nr=0 total_nr=0 cens=0 lg_opp=3 opp=5 norm_anom=-0.00 conf_p=1 micro_only=True cluster=MOBILE_DEEP_CYCLE,No user-facing action; monitoring.,Ambiguous/weak evidence (83d since effective change); monitor next window.,,False,False,True,True,False,False,False,False,0,2026-06-08T10:02:59Z,rolling30-v2.0,30,1,abs_ge_50mWh
MHALE1-PF5CXE0G_mhale1,2025-04-15,2025-03-16 23:59:59.999999999,2025-04-15 23:59:59.999999999,604,29.04,0.5,3.982,54.852,25,5,3,0,0,0,0,False,WINDOW_QUALITY_OK,6.0,8.0,2.0,2.066,0.9531,0.0256,0.0469,18.0,100.0,82.0,94.0,98.0,100.0,0.0,0.0054,0.9732,0.9664,0.8883,36,53,18,52450.0,52420.0,52420.0,52450.0,30.0,2,0,0.0,,,99.9,99.85,0,1,0,0,1,0,0,0,0,0,0,0,0,0,0,0.0,0,0,0,,0.0,,,0.0,0,0,0,,0.0,,2025-04-15 23:59:59.999999999,2025-02-04 10:14:57,2025-04-15 09:51:13,70.573,True,52510.0,2025-02-04 10:14:57,2.0,70.573,6.0,False,52420.0,2025-04-14 16:47:56,8.0,1.3,0.0,True,6,20.0,True,0,0,1,0,0,0,0,0,0,0,0,0,0,0,0,0,1,0,0.0,0,0.0,-0.0,-0.0,70.573,6.0,0,0,0,-0.0,4,MOBILE_DEEP_CYCLE,STATEFUL_WATCH_LARGE_GAP_OR_CENSORED,WINDOW_MICRO_WOBBLE_ONLY,ACTION_MONITOR_NEXT_WINDOW,low,7,large_gap_or_censored_dominant,micro_wobble;large_gap_dominant,days_eff=71 days_any=1 cyc_eff=6 hq_nr=0 total_nr=0 cens=0 lg_opp=1 opp=1 norm_anom=-0.00 conf_p=1 micro_only=True cluster=MOBILE_DEEP_CYCLE,No user-facing action; monitoring.,Ambiguous/weak evidence (70d since effective change); monitor next window.,,False,False,True,True,False,False,False,False,0,2026-06-08T10:02:59Z,rolling30-v2.0,30,1,abs_ge_50mWh
MHEIDENFELD-CJ1_mheidenfeldt,2024-10-23,2024-09-23 23:59:59.999999999,2024-10-23 23:59:59.999999999,256,29.509,0.5,10.246,78.721,32,11,4,0,0,0,0,False,WINDOW_QUALITY_OK,9.0,13.0,4.0,4.067,0.4554,0.0574,0.5475,29.0,94.0,65.0,51.0,83.0,94.0,0.0,0.0,0.4783,0.1751,0.0,65,67,32,62150.0,62150.0,62150.0,62150.0,0.0,0,0,0.0,,,107.16,107.16,0,0,0,0,0,0,0,0,0,0,0,0,0,0,0,0.0,0,0,0,,0.0,,,0.0,0,0,0,,0.0,,2024-10-23 23:59:59.999999999,2024-08-06 07:58:30,2024-10-23 15:13:30,78.668,True,62150.0,2024-08-06 07:58:30,2.0,78.668,11.0,False,62150.0,2024-08-06 07:58:30,2.0,78.668,11.0,False,0,0.0,False,0,0,1,0,0,0,0,0,0,1,0,0,0,0,0,0,1,0,0.0,0,0.0,-0.0,-0.0,78.668,11.0,0,0,0,-0.0,2,MOBILE_DEEP_CYCLE,STATEFUL_WATCH_LARGE_GAP_OR_CENSORED,WINDOW_INSUFFICIENT_LEARNING_OPPORTUNITY,ACTION_MONITOR_NEXT_WINDOW,low,7,large_gap_or_censored_dominant,large_gap_dominant,days_eff=79 days_any=79 cyc_eff=11 hq_nr=0 total_nr=0 cens=0 lg_opp=1 opp=2 norm_anom=-0.00 conf_p=1 micro_only=False cluster=MOBILE_DEEP_CYCLE,No user-facing action; monitoring.,Ambiguous/weak evidence (78d since effective change); monitor next window.,,False,False,False,True,False,False,False,False,0,2026-06-08T10:02:59Z,rolling30-v2.0,30,1,abs_ge_50mWh
MIT_mpatel13,2026-05-26,2026-04-26 23:59:59.999999999,2026-05-26 23:59:59.999999999,473,29.277,0.5,9.334,47.515,30,13,4,0,0,0,0,False,WINDOW_QUALITY_OK,120.0,132.0,12.0,12.296,0.5208,0.1666,0.4792,2.0,100.0,98.0,21.0,99.0,100.0,0.02,0.0507,0.7351,0.5922,0.5271,88,119,44,52200.0,50760.0,50560.0,53460.0,2900.0,19,7,2340.0,2026-05-25 09:31:51,131.0,91.58,89.05,0,5,0,0,5,0,3,0,0,3,0,3,0,0,3,0.0,0,0,0,,0.0,,,0.0,0,0,0,,0.0,,2026-05-26 23:59:59.999999999,2025-05-27 14:42:24,2026-05-26 14:41:47,364.387,True,50770.0,2026-05-25 09:31:51,131.0,1.603,1.0,True,50760.0,2026-05-25 16:42:01,132.0,1.304,0.0,True,1,10.0,True,0,0,1,0,0,0,0,0,0,1,0,0,0,0,0,0,1,0,0.0,0,0.0,-0.0,-0.0,1.603,1.0,0,0,0,-0.0,4,MOBILE_DEEP_CYCLE,STATEFUL_WATCH_LARGE_GAP_OR_CENSORED,WINDOW_NORMAL_RESPONDING,ACTION_MONITOR_NEXT_WINDOW,low,7,large_gap_or_censored_dominant,micro_wobble;large_gap_dominant,days_eff=2 days_any=1 cyc_eff=1 hq_nr=0 total_nr=0 cens=0 lg_opp=1 opp=2 norm_anom=-0.00 conf_p=1 micro_only=True cluster=MOBILE_DEEP_CYCLE,No user-facing action; monitoring.,Ambiguous/weak evidence (1d since effective change); monitor next window.,,False,False,True,True,False,False,False,False,0,2026-06-08T10:02:59Z,rolling30-v2.0,30,1,abs_ge_50mWh
MMERCHANT-H0CAW_mmerchant,2026-05-27,2026-04-27 23:59:59.999999999,2026-05-27 23:59:59.999999999,356,29.254,0.5,16.545,65.113,24,23,4,0,0,0,0,False,WINDOW_QUALITY_OK,177.0,197.0,20.0,20.51,0.2809,0.2074,0.7191,5.0,100.0,95.0,15.5,56.0,100.0,0.0102,0.0439,0.2771,0.1711,0.1052,77,102,39,53380.0,50780.0,50320.0,53380.0,3060.0,23,3,2580.0,2026-05-20 17:01:34,194.0,92.03,87.55,0,12,0,0,12,0,8,0,0,8,0,6,0,0,6,0.0,0,0,0,,0.0,,,0.0,0,0,0,,0.0,,2026-05-27 23:59:59.999999999,2025-04-30 15:14:27,2026-05-27 15:44:42,392.365,True,50820.0,2026-05-20 17:01:34,194.0,7.291,3.0,True,50780.0,2026-05-26 15:53:54,197.0,1.338,0.0,True,3,20.0,True,0,0,1,0,0,0,0,0,0,1,0,0,0,0,0,0,1,0,0.0,0,0.0,-0.0,-0.0,7.291,3.0,0,0,0,-0.0,4,MOBILE_DEEP_CYCLE,STATEFUL_WATCH_LARGE_GAP_OR_CENSORED,WINDOW_NORMAL_RESPONDING,ACTION_MONITOR_NEXT_WINDOW,low,7,large_gap_or_censored_dominant,micro_wobble;large_gap_dominant,days_eff=7 days_any=1 cyc_eff=3 hq_nr=0 total_nr=0 cens=0 lg_opp=1 opp=2 norm_anom=-0.00 conf_p=1 micro_only=True cluster=MOBILE_DEEP_CYCLE,No user-facing action; monitoring.,Ambiguous/weak evidence (7d since effective change); monitor next window.,,False,False,True,True,False,False,False,False,0,2026-06-08T10:02:59Z,rolling30-v2.0,30,1,abs_ge_50mWh
MNISHIO1-2DR71T_mnishio1,2025-10-24,2025-09-24 23:59:59.999999999,2025-10-24 23:59:59.999999999,44,9.979,0.284,2.137,179.984,2,2,2,0,0,0,0,False,WINDOW_QUALITY_OK,27.0,29.0,2.0,6.013,0.5327,0.3224,0.3782,0.0,100.0,100.0,1.0,78.5,100.0,0.0287,0.076,0.644,0.2965,0.2731,8,10,4,56980.0,56980.0,56980.0,56980.0,0.0,0,0,0.0,,,99.96,99.96,0,2,0,0,2,0,2,0,0,2,0,2,0,0,2,0.0,0,0,0,,0.0,,,0.0,0,0,0,,0.0,,2025-10-24 23:59:59.999999999,2023-02-02 20:49:03,2025-10-24 14:06:46,995.133,True,56980.0,2024-06-13 22:08:59,24.0,498.077,5.0,False,56980.0,2024-06-13 22:08:59,24.0,498.077,5.0,False,0,0.0,False,0,0,4,0,0,0,0,0,0,4,0,0,0,0,0,0,4,0,0.0,0,0.0,-0.0,-0.0,498.077,5.0,0,0,0,-0.0,0,MOBILE_DEEP_CYCLE,STATEFUL_WATCH_LARGE_GAP_OR_CENSORED,WINDOW_LARGE_GAP_AMBIGUOUS,ACTION_MONITOR_NEXT_WINDOW,low,7,large_gap_or_censored_dominant,large_gap_dominant,days_eff=498 days_any=498 cyc_eff=5 hq_nr=0 total_nr=0 cens=0 lg_opp=4 opp=8 norm_anom=-0.00 conf_p=1 micro_only=False cluster=MOBILE_DEEP_CYCLE,No user-facing action; monitoring.,Ambiguous/weak evidence (498d since effective change); monitor next window.,,False,False,False,True,False,False,False,False,0,2026-06-08T10:02:59Z,rolling30-v2.0,30,1,abs_ge_50mWh
MNISHIO1-43AFSK_Debug,2024-07-24,2024-06-24 23:59:59.999999999,2024-07-24 23:59:59.999999999,454,29.1,0.5,7.125,59.928,24,13,5,0,0,0,0,False,WINDOW_QUALITY_OK,227.0,242.0,15.0,15.464,0.504,0.1964,0.496,2.0,100.0,98.0,16.65,85.5,100.0,0.0378,0.0681,0.5475,0.4345,0.3556,114,149,57,48210.0,48210.0,48210.0,48210.0,0.0,0,0,0.0,,,84.5,84.5,1,4,1,0,5,0,2,0,0,2,0,2,0,0,2,0.4303,0,1,1,0.569677,0.2444,0.74929,0.76293,0.08,0,1,1,0.92,0.0362,0.92611,2024-07-24 23:59:59.999999999,2023-02-06 18:29:29,2024-07-24 10:57:53,534.23,True,48210.0,2024-06-24 21:41:10,227.0,30.096,15.0,True,48210.0,2024-06-24 21:41:10,227.0,30.096,15.0,True,0,0.0,False,1,0,4,1,0,1,0,0,0,2,0,0,0,0,1,0,4,0,0.4303,0,-0.56269,0.2444,0.2444,30.096,15.0,1,0,0,0.2444,4,MOBILE_DEEP_CYCLE,STATEFUL_WATCH_LARGE_GAP_OR_CENSORED,WINDOW_OPPORTUNITY_NO_RESPONSE,ACTION_MONITOR_NEXT_WINDOW,low,7,large_gap_or_censored_dominant,fw_like;large_gap_dominant,days_eff=30 days_any=30 cyc_eff=15 hq_nr=1 total_nr=1 cens=0 lg_opp=4 opp=7 norm_anom=0.24 conf_p=0.749 micro_only=False cluster=MOBILE_DEEP_CYCLE,No user-facing action; monitoring.,Ambiguous/weak evidence (30d since effective change); monitor next window.,,True,False,False,True,False,False,False,False,1,2026-06-08T10:02:59Z,rolling30-v2.0,30,1,abs_ge_50mWh
MNISHIO1-43AFSK_mnishio1,2025-09-12,2025-08-13 23:59:59.999999999,2025-09-12 23:59:59.999999999,201,14.018,0.5,0.5,240.102,1,1,1,0,0,0,0,False,WINDOW_QUALITY_OK,259.0,261.0,2.0,4.28,0.9821,0.0433,0.0179,6.0,100.0,94.0,50.0,100.0,100.0,0.0032,0.0043,0.9492,0.9492,0.9441,4,6,2,48650.0,48650.0,48650.0,48650.0,0.0,0,0,0.0,,,85.28,85.28,0,1,0,0,1,0,1,0,0,1,0,1,0,0,1,0.0,0,0,0,,0.0,,,0.0,0,0,0,,0.0,,2025-09-12 23:59:59.999999999,2023-02-06 18:29:29,2025-09-12 13:25:28,949.23,True,48650.0,2025-08-01 23:49:33,258.0,42.007,3.0,True,48650.0,2025-08-01 23:49:33,258.0,42.007,3.0,True,0,0.0,False,0,0,2,0,0,0,0,0,0,2,0,0,0,0,0,0,2,0,0.0,0,0.0,-0.0,-0.0,42.007,3.0,0,0,0,-0.0,3,AC_BOUND,STATEFUL_WATCH_LARGE_GAP_OR_CENSORED,WINDOW_LARGE_GAP_AMBIGUOUS,ACTION_MONITOR_NEXT_WINDOW,low,7,large_gap_or_censored_dominant,large_gap_dominant,days_eff=42 days_any=42 cyc_eff=3 hq_nr=0 total_nr=0 cens=0 lg_opp=2 opp=4 norm_anom=-0.00 conf_p=1 micro_only=False cluster=AC_BOUND,No user-facing action; monitoring.,Ambiguous/weak evidence (42d since effective change); monitor next window.,,False,False,False,True,False,False,False,False,0,2026-06-08T10:02:59Z,rolling30-v2.0,30,1,abs_ge_50mWh
MOBILEPE-4HM087_MobilePE,2024-10-07,2024-09-07 23:59:59.999999999,2024-10-07 23:59:59.999999999,1843,29.554,0.495,0.509,44.192,2,2,1,0,0,0,0,False,WINDOW_QUALITY_OK,20.0,70.0,50.0,50.754,0.9945,0.2333,0.2372,2.0,100.0,98.0,81.0,96.0,100.0,0.0031,0.0031,0.9665,0.7141,0.538,14,378,143,54370.0,54370.0,54370.0,54370.0,0.0,0,0,0.0,,,95.39,95.39,0,1,0,0,1,0,1,0,0,1,0,1,0,0,1,0.0,0,0,0,,0.0,,,0.0,0,0,0,,0.0,,2024-10-07 23:59:59.999999999,2024-07-22 07:41:48,2024-10-07 13:41:59,77.679,True,54370.0,2024-07-22 07:41:48,16.0,77.679,54.0,False,54370.0,2024-07-22 07:41:48,16.0,77.679,54.0,False,0,0.0,False,0,0,1,0,0,0,0,0,0,1,0,0,0,0,0,0,1,0,0.0,0,0.0,-0.0,-0.0,77.679,54.0,0,0,0,-0.0,1,AC_BOUND,STATEFUL_WATCH_LARGE_GAP_OR_CENSORED,WINDOW_LARGE_GAP_AMBIGUOUS,ACTION_MONITOR_NEXT_WINDOW,low,7,large_gap_or_censored_dominant,large_gap_dominant,days_eff=78 days_any=78 cyc_eff=54 hq_nr=0 total_nr=0 cens=0 lg_opp=1 opp=2 norm_anom=-0.00 conf_p=1 micro_only=False cluster=AC_BOUND,No user-facing action; monitoring.,Ambiguous/weak evidence (77d since effective change); monitor next window.,,False,False,False,True,False,False,False,False,0,2026-06-08T10:02:59Z,rolling30-v2.0,30,1,abs_ge_50mWh
MOBILEPE-4N8HJ9_MobilePE,2024-10-09,2024-09-09 23:59:59.999999999,2024-10-09 23:59:59.999999999,1468,29.751,0.5,0.524,70.421,6,6,1,0,0,0,0,False,WINDOW_QUALITY_OK,11.0,56.0,45.0,45.377,0.958,0.3543,0.2801,0.0,100.0,100.0,74.0,88.0,100.0,0.0033,0.008,0.9095,0.5512,0.4538,34,445,196,56780.0,56080.0,55550.0,57000.0,1450.0,79,36,790.0,2024-10-09 17:33:28,56.0,99.61,98.39,1,3,0,0,4,0,2,0,0,2,0,2,0,0,2,0.3841,1,0,1,0.615917,0.2105,0.86181,0.88065,0.6496,1,0,1,0.350394,0.4554,0.33994,2024-10-09 23:59:59.999999999,2024-07-24 06:26:03,2024-10-09 18:13:09,77.732,True,56050.0,2024-10-09 17:33:28,56.0,0.268,0.0,True,56080.0,2024-10-09 18:13:09,56.0,0.241,0.0,True,1,30.0,True,0,0,0,0,0,0,0,0,0,0,0,0,0,0,0,0,0,0,0.0,0,0.0,-0.0,-0.0,0.268,0.0,0,0,0,-0.0,1,AC_BOUND,STATEFUL_WATCH_LOW_EVIDENCE,WINDOW_NORMAL_RESPONDING,ACTION_MONITOR_NEXT_WINDOW,low,8,weak_partial_evidence,micro_wobble,days_eff=0 days_any=0 cyc_eff=0 hq_nr=0 total_nr=0 cens=0 lg_opp=0 opp=0 norm_anom=-0.00 conf_p=0.862 micro_only=True cluster=AC_BOUND,No user-facing action; monitoring.,Ambiguous/weak evidence (0d since effective change); monitor next window.,,False,False,True,False,False,False,False,False,0,2026-06-08T10:02:59Z,rolling30-v2.0,30,1,abs_ge_50mWh
MOTO-T14S-Q_motty,2024-08-20,2024-07-21 23:59:59.999999999,2024-08-20 23:59:59.999999999,162,24.35,0.486,8.197,283.949,16,4,3,0,0,0,0,False,WINDOW_QUALITY_OK,10.0,14.0,4.0,4.928,0.4737,0.2371,0.5269,0.0,100.0,100.0,37.1,92.0,100.0,0.0031,0.0031,0.7248,0.5365,0.3706,59,66,30,57960.0,57910.0,57910.0,57960.0,50.0,4,0,0.0,,,99.93,99.84,0,1,0,0,1,0,1,0,0,1,0,1,0,0,1,0.0,0,0,0,,0.0,,,0.0,0,0,0,,0.0,,2024-08-20 23:59:59.999999999,2024-06-05 09:06:08,2024-08-20 21:46:55,76.621,True,58020.0,2024-06-05 09:06:08,5.0,76.621,9.0,False,57910.0,2024-08-07 21:53:11,14.0,13.088,0.0,True,9,20.0,True,0,0,1,0,0,0,0,0,0,1,0,0,0,0,0,0,1,0,0.0,0,0.0,-0.0,-0.0,76.621,9.0,0,0,0,-0.0,4,MOBILE_DEEP_CYCLE,STATEFUL_WATCH_LARGE_GAP_OR_CENSORED,WINDOW_MICRO_WOBBLE_ONLY,ACTION_MONITOR_NEXT_WINDOW,low,7,large_gap_or_censored_dominant,micro_wobble;large_gap_dominant,days_eff=77 days_any=13 cyc_eff=9 hq_nr=0 total_nr=0 cens=0 lg_opp=1 opp=2 norm_anom=-0.00 conf_p=1 micro_only=True cluster=MOBILE_DEEP_CYCLE,No user-facing action; monitoring.,Ambiguous/weak evidence (76d since effective change); monitor next window.,,False,False,True,True,False,False,False,False,0,2026-06-08T10:02:59Z,rolling30-v2.0,30,1,abs_ge_50mWh
MTSUKADA-3MYFQH_mtsukada,2024-03-12,2024-02-11 23:59:59.999999999,2024-03-12 23:59:59.999999999,846,29.392,0.5,0.901,38.109,23,16,3,0,0,0,0,False,WINDOW_QUALITY_OK,262.0,270.0,8.0,8.166,0.8135,0.0961,0.1865,17.0,100.0,83.0,86.0,100.0,100.0,0.0,0.0012,0.958,0.9318,0.8773,121,163,61,45420.0,44600.0,44590.0,47230.0,2640.0,18,11,1810.0,2024-03-12 12:42:30,270.0,89.06,87.45,0,2,0,0,2,0,0,0,0,0,0,0,0,0,0,0.0,0,0,0,,0.0,,,0.0,0,0,0,,0.0,,2024-03-12 23:59:59.999999999,2023-02-03 13:45:04,2024-03-12 15:15:16,403.427,True,44620.0,2024-03-12 12:42:30,270.0,0.47,0.0,True,44600.0,2024-03-12 14:42:30,270.0,0.387,0.0,True,1,20.0,True,0,0,1,0,0,0,0,0,0,0,0,0,0,0,0,0,1,0,0.0,0,0.0,-0.0,-0.0,0.47,0.0,0,0,0,-0.0,4,MOBILE_DEEP_CYCLE,STATEFUL_WATCH_LARGE_GAP_OR_CENSORED,WINDOW_NORMAL_RESPONDING,ACTION_MONITOR_NEXT_WINDOW,low,7,large_gap_or_censored_dominant,micro_wobble;large_gap_dominant,days_eff=0 days_any=0 cyc_eff=0 hq_nr=0 total_nr=0 cens=0 lg_opp=1 opp=1 norm_anom=-0.00 conf_p=1 micro_only=True cluster=MOBILE_DEEP_CYCLE,No user-facing action; monitoring.,Ambiguous/weak evidence (0d since effective change); monitor next window.,,False,False,True,True,False,False,False,False,0,2026-06-08T10:02:59Z,rolling30-v2.0,30,1,abs_ge_50mWh
MYERSP-PF5FSZHR_MYERSP,2026-06-01,2026-05-02 23:59:59.999999999,2026-06-01 23:59:59.999999999,422,28.645,0.5,8.735,60.134,26,16,7,0,0,0,0,False,WINDOW_QUALITY_OK,36.0,40.0,4.0,4.189,0.8536,0.0906,0.1464,34.0,100.0,66.0,76.05,100.0,100.0,0.0,0.0,0.9207,0.8745,0.8545,44,61,22,51110.0,51060.0,51060.0,51110.0,50.0,4,0,0.0,,,89.62,89.53,0,0,0,0,0,0,0,0,0,0,0,0,0,0,0,0.0,0,0,0,,0.0,,,0.0,0,0,0,,0.0,,2026-06-01 23:59:59.999999999,2025-07-07 10:15:53,2026-06-01 10:04:05,329.572,True,51130.0,2026-04-24 11:56:09,34.0,38.503,6.0,True,51060.0,2026-05-28 08:42:56,40.0,4.637,0.0,True,6,20.0,True,0,1,0,0,1,1,0,0,0,0,0,0,0,0,0,0,0,0,0.4303,0,-0.56269,0.2444,0.2444,38.503,6.0,1,0,0,0.2444,5,AC_BOUND,STATEFUL_WATCH_LOW_EVIDENCE,WINDOW_MICRO_WOBBLE_ONLY,ACTION_MONITOR_NEXT_WINDOW,low,8,weak_partial_evidence,fw_like;micro_wobble,days_eff=39 days_any=5 cyc_eff=6 hq_nr=0 total_nr=1 cens=0 lg_opp=0 opp=1 norm_anom=0.24 conf_p=1 micro_only=True cluster=AC_BOUND,No user-facing action; monitoring.,Ambiguous/weak evidence (38d since effective change); monitor next window.,,True,False,True,False,False,False,False,False,0,2026-06-08T10:02:59Z,rolling30-v2.0,30,1,abs_ge_50mWh
NMARX-PF4DMZPC_nmarx,2024-01-30,2023-12-31 23:59:59.999999999,2024-01-30 23:59:59.999999999,295,28.192,0.5,10.193,68.5,23,11,5,0,0,0,0,False,WINDOW_QUALITY_OK,24.0,31.0,7.0,7.449,0.5871,0.1668,0.4129,2.0,100.0,98.0,31.0,97.0,100.0,0.0076,0.0134,0.7876,0.7284,0.6547,54,85,27,53250.0,54690.0,52690.0,54690.0,2000.0,2,2,2000.0,2024-01-12 15:27:44,27.0,93.42,95.95,0,2,0,0,2,0,1,0,0,1,0,1,0,0,1,0.0,0,0,0,,0.0,,,0.0,0,0,0,,0.0,,2024-01-30 23:59:59.999999999,2023-09-05 10:42:14,2024-01-30 13:38:53,147.554,True,54690.0,2024-01-12 15:27:44,27.0,18.356,4.0,True,54690.0,2024-01-12 15:27:44,27.0,18.356,4.0,True,0,0.0,False,0,1,0,0,1,1,0,0,0,1,0,0,0,0,0,0,0,0,0.3841,0,-0.48464,0.2105,0.2105,18.356,4.0,1,0,0,0.2105,4,MOBILE_DEEP_CYCLE,STATEFUL_WATCH_LOW_EVIDENCE,WINDOW_NORMAL_RESPONDING,ACTION_MONITOR_NEXT_WINDOW,low,8,weak_partial_evidence,fw_like,days_eff=18 days_any=18 cyc_eff=4 hq_nr=0 total_nr=1 cens=0 lg_opp=0 opp=2 norm_anom=0.21 conf_p=1 micro_only=False cluster=MOBILE_DEEP_CYCLE,No user-facing action; monitoring.,Ambiguous/weak evidence (18d since effective change); monitor next window.,,True,False,False,False,False,False,False,False,0,2026-06-08T10:02:59Z,rolling30-v2.0,30,1,abs_ge_50mWh
PETER_pchen23,2026-03-17,2026-02-15 23:59:59.999999999,2026-03-17 23:59:59.999999999,300,26.408,0.5,12.687,103.118,18,16,4,0,0,0,0,False,WINDOW_QUALITY_OK,11.0,22.0,11.0,12.496,0.4111,0.237,0.5889,2.0,100.0,98.0,7.95,26.5,98.0,0.0831,0.4183,0.1356,0.1109,0.0963,50,61,25,58010.0,57010.0,57010.0,58900.0,1890.0,12,2,1820.0,2026-03-03 10:28:18,17.0,100.02,98.29,0,7,0,0,7,0,7,0,0,7,0,4,0,0,4,0.0,0,0,0,,0.0,,,0.0,0,0,0,,0.0,,2026-03-17 23:59:59.999999999,2026-01-14 14:19:42,2026-03-17 20:39:54,62.403,True,57070.0,2026-03-03 10:28:18,17.0,14.564,5.0,True,57010.0,2026-03-16 20:07:27,22.0,1.161,0.0,True,5,20.0,True,0,1,2,0,1,1,0,0,0,1,0,0,0,0,0,0,2,0,0.451,0,-0.59962,0.2604,0.2604,14.564,5.0,1,0,0,0.2604,0,MOBILE_DEEP_CYCLE,STATEFUL_WATCH_LARGE_GAP_OR_CENSORED,WINDOW_NORMAL_RESPONDING,ACTION_MONITOR_NEXT_WINDOW,low,7,large_gap_or_censored_dominant,fw_like;micro_wobble;large_gap_dominant,days_eff=15 days_any=1 cyc_eff=5 hq_nr=0 total_nr=1 cens=0 lg_opp=2 opp=4 norm_anom=0.26 conf_p=1 micro_only=True cluster=MOBILE_DEEP_CYCLE,No user-facing action; monitoring.,Ambiguous/weak evidence (14d since effective change); monitor next window.,,True,False,True,True,False,False,False,False,0,2026-06-08T10:02:59Z,rolling30-v2.0,30,1,abs_ge_50mWh
PHAYES-PF4H9L6S_PHAYES,2024-02-08,2024-01-09 23:59:59.999999999,2024-02-08 23:59:59.999999999,501,29.325,0.5,6.199,162.349,26,5,2,0,0,0,0,False,WINDOW_QUALITY_OK,32.0,40.0,8.0,8.184,0.816,0.1049,0.184,19.0,100.0,81.0,76.0,99.0,100.0,0.0,0.0027,0.9149,0.8619,0.6944,103,138,52,54070.0,54070.0,54070.0,54070.0,0.0,0,0,0.0,,,102.99,102.99,0,1,0,0,1,0,0,0,0,0,0,0,0,0,0,0.0,0,0,0,,0.0,,,0.0,0,0,0,,0.0,,2024-02-08 23:59:59.999999999,2023-08-17 11:11:43,2024-02-08 14:13:41,175.534,True,54070.0,2023-08-28 23:02:03,0.0,164.04,40.0,False,54070.0,2023-08-28 23:02:03,0.0,164.04,40.0,False,0,0.0,False,0,0,1,0,0,0,0,0,0,0,0,0,0,0,0,0,1,0,0.0,0,0.0,-0.0,-0.0,164.04,40.0,0,0,0,-0.0,4,MOBILE_DEEP_CYCLE,STATEFUL_WATCH_LARGE_GAP_OR_CENSORED,WINDOW_LARGE_GAP_AMBIGUOUS,ACTION_MONITOR_NEXT_WINDOW,low,7,large_gap_or_censored_dominant,large_gap_dominant,days_eff=164 days_any=164 cyc_eff=40 hq_nr=0 total_nr=0 cens=0 lg_opp=1 opp=1 norm_anom=-0.00 conf_p=1 micro_only=False cluster=MOBILE_DEEP_CYCLE,No user-facing action; monitoring.,Ambiguous/weak evidence (164d since effective change); monitor next window.,,False,False,False,True,False,False,False,False,0,2026-06-08T10:02:59Z,rolling30-v2.0,30,1,abs_ge_50mWh
PHIL_pjjakes,2025-11-04,2025-10-05 23:59:59.999999999,2025-11-04 23:59:59.999999999,420,22.081,0.5,5.605,38.691,21,7,1,0,0,0,0,False,WINDOW_QUALITY_OK,139.0,152.0,13.0,17.663,0.4514,0.2976,0.5506,3.0,100.0,97.0,21.0,85.0,100.0,0.0042,0.0085,0.581,0.4042,0.2905,106,120,52,54620.0,54970.0,54510.0,55060.0,550.0,13,2,550.0,2025-11-03 13:32:20,150.0,94.17,94.78,0,2,0,1,3,0,1,0,1,2,0,1,0,0,1,0.0,0,0,0,,0.0,,,0.0,0,0,0,,0.0,,2025-11-04 23:59:59.999999999,2025-01-15 14:18:33,2025-11-04 18:12:24,293.404,True,55010.0,2025-11-03 13:32:20,150.0,1.436,2.0,True,54970.0,2025-11-04 18:12:24,152.0,0.241,0.0,True,2,20.0,True,1,0,0,0,0,0,1,0,0,1,0,0,0,0,0,1,0,0,0.0,0,0.0,-0.0,-0.0,1.436,2.0,0,0,0,-0.0,3,AC_BOUND,STATEFUL_WATCH_LARGE_GAP_OR_CENSORED,WINDOW_NORMAL_RESPONDING,ACTION_MONITOR_NEXT_WINDOW,low,7,large_gap_or_censored_dominant,micro_wobble;censored_dominant,days_eff=1 days_any=0 cyc_eff=2 hq_nr=0 total_nr=0 cens=1 lg_opp=0 opp=2 norm_anom=-0.00 conf_p=1 micro_only=True cluster=AC_BOUND,No user-facing action; monitoring.,Ambiguous/weak evidence (1d since effective change); monitor next window.,,False,False,True,False,True,False,False,False,0,2026-06-08T10:02:59Z,rolling30-v2.0,30,1,abs_ge_50mWh
PJJAKES-F3SKNHW_pjjakes,2024-03-06,2024-02-05 23:59:59.999999999,2024-03-06 23:59:59.999999999,263,29.318,0.5,7.547,380.165,16,5,1,0,0,0,0,False,WINDOW_QUALITY_OK,47.0,54.0,7.0,7.163,0.514,0.1249,0.486,10.0,100.0,90.0,38.0,85.0,100.0,0.0,0.0028,0.5402,0.4046,0.1972,54,62,27,91310.0,94200.0,90400.0,94200.0,3800.0,3,3,2320.0,2024-03-04 07:23:08,52.0,101.35,104.56,1,1,0,0,2,0,1,0,0,1,0,1,0,0,1,0.4407,1,0,1,0.559302,0.2524,0.64517,0.64521,0.3675,1,0,1,0.632546,0.1989,0.55631,2024-03-06 23:59:59.999999999,2023-09-28 08:19:38,2024-03-06 13:36:57,160.653,True,94200.0,2024-03-04 07:23:08,52.0,2.692,2.0,True,94200.0,2024-03-04 07:23:08,52.0,2.692,2.0,True,0,0.0,False,0,0,0,0,0,0,0,0,0,0,0,0,0,0,0,0,0,0,0.0,0,0.0,-0.0,-0.0,2.692,2.0,0,0,0,-0.0,4,MOBILE_DEEP_CYCLE,STATEFUL_WATCH_LOW_EVIDENCE,WINDOW_NORMAL_RESPONDING,ACTION_MONITOR_NEXT_WINDOW,low,8,weak_partial_evidence,,days_eff=3 days_any=3 cyc_eff=2 hq_nr=0 total_nr=0 cens=0 lg_opp=0 opp=0 norm_anom=-0.00 conf_p=0.645 micro_only=False cluster=MOBILE_DEEP_CYCLE,No user-facing action; monitoring.,Ambiguous/weak evidence (2d since effective change); monitor next window.,,False,False,False,False,False,False,False,False,0,2026-06-08T10:02:59Z,rolling30-v2.0,30,1,abs_ge_50mWh
PPOOJA-PW0C7CJW_ppooja,2024-11-11,2024-10-12 23:59:59.999999999,2024-11-11 23:59:59.999999999,363,28.888,0.5,8.753,57.338,30,11,4,0,0,0,0,False,WINDOW_QUALITY_OK,23.0,34.0,11.0,11.424,0.3447,0.1497,0.6577,0.0,100.0,100.0,12.1,64.0,100.0,0.0177,0.0812,0.3704,0.2911,0.2485,53,63,27,63800.0,60260.0,60260.0,63800.0,3540.0,7,6,3480.0,2024-11-07 20:24:35,34.0,110.0,103.9,3,4,0,0,7,2,4,0,0,6,2,3,0,0,5,1.3917,3,0,3,0.153534,0.8138,0.13233,0.13053,1.6369,3,0,3,0.093805,1.0278,0.19663,2024-11-11 23:59:59.999999999,2024-07-24 11:29:46,2024-11-11 07:57:20,110.521,True,60260.0,2024-11-07 20:24:35,34.0,4.15,0.0,True,60260.0,2024-11-07 20:24:35,34.0,4.15,0.0,True,0,0.0,False,0,0,0,0,0,0,0,0,0,0,0,0,0,0,0,0,0,0,0.0,0,0.0,-0.0,-0.0,4.15,0.0,0,0,0,-0.0,4,MOBILE_DEEP_CYCLE,STATEFUL_WATCH_LOW_EVIDENCE,WINDOW_NORMAL_RESPONDING,ACTION_MONITOR_NEXT_WINDOW,low,8,weak_partial_evidence,,days_eff=4 days_any=4 cyc_eff=0 hq_nr=0 total_nr=0 cens=0 lg_opp=0 opp=0 norm_anom=-0.00 conf_p=0.132 micro_only=False cluster=MOBILE_DEEP_CYCLE,No user-facing action; monitoring.,Ambiguous/weak evidence (4d since effective change); monitor next window.,,False,False,False,False,False,False,False,False,0,2026-06-08T10:02:59Z,rolling30-v2.0,30,1,abs_ge_50mWh
PRIMUS_tscott2,2024-04-16,2024-03-17 23:59:59.999999999,2024-04-16 23:59:59.999999999,279,22.044,0.5,10.723,65.016,18,10,4,0,0,0,0,False,WINDOW_QUALITY_OK,116.0,124.0,8.0,10.887,0.4839,0.1545,0.5161,4.0,100.0,96.0,28.8,95.0,100.0,0.0129,0.0311,0.672,0.5799,0.4355,44,60,22,51810.0,47440.0,47440.0,51810.0,4370.0,1,1,4370.0,2024-03-25 22:43:56,116.0,90.82,83.16,1,4,1,0,5,0,1,0,0,1,0,1,0,0,1,0.4303,0,1,1,0.569677,0.2444,0.74929,0.76293,0.1487,0,1,1,0.851282,0.0699,0.81598,2024-04-16 23:59:59.999999999,2023-03-16 15:15:16,2024-04-16 11:08:40,397.364,True,47440.0,2024-03-25 22:43:56,116.0,22.053,8.0,True,47440.0,2024-03-25 22:43:56,116.0,22.053,8.0,True,0,0.0,False,1,2,2,1,2,3,0,0,0,1,0,0,0,0,1,0,2,0,1.3117,0,-1.72482,0.7491,0.7491,22.053,8.0,3,0,0,0.7491,4,MOBILE_DEEP_CYCLE,STATEFUL_WATCH_LOW_EVIDENCE,WINDOW_NORMAL_RESPONDING,ACTION_MONITOR_NEXT_WINDOW,low,8,weak_partial_evidence,fw_like,days_eff=22 days_any=22 cyc_eff=8 hq_nr=1 total_nr=3 cens=0 lg_opp=2 opp=6 norm_anom=0.75 conf_p=0.749 micro_only=False cluster=MOBILE_DEEP_CYCLE,No user-facing action; monitoring.,Ambiguous/weak evidence (22d since effective change); monitor next window.,,True,False,False,False,False,False,False,False,0,2026-06-08T10:02:59Z,rolling30-v2.0,30,1,abs_ge_50mWh
QCOM-MDUXZELAOC_mikejp,2025-02-15,2025-01-16 23:59:59.999999999,2025-02-15 23:59:59.999999999,671,29.874,0.5,0.501,63.357,15,13,5,0,0,0,0,False,WINDOW_QUALITY_OK,39.0,44.0,5.0,5.021,0.8921,0.1165,0.1129,6.0,100.0,94.0,89.5,99.0,100.0,0.001,0.0086,0.9642,0.9452,0.8993,71,89,36,63370.0,59180.0,58760.0,63370.0,4610.0,12,4,3290.0,2025-02-12 09:30:04,43.0,109.26,102.03,0,2,0,0,2,0,2,0,0,2,0,2,0,0,2,0.0,0,0,0,,0.0,,,0.0,0,0,0,,0.0,,2025-02-15 23:59:59.999999999,2024-07-22 09:36:09,2025-02-15 21:20:05,208.6,True,59190.0,2025-02-12 09:30:04,43.0,3.604,1.0,True,59180.0,2025-02-13 05:59:17,44.0,2.75,0.0,True,1,10.0,True,0,0,1,0,0,0,0,0,0,1,0,0,0,0,0,0,1,0,0.0,0,0.0,-0.0,-0.0,3.604,1.0,0,0,0,-0.0,4,MOBILE_DEEP_CYCLE,STATEFUL_WATCH_LARGE_GAP_OR_CENSORED,WINDOW_NORMAL_RESPONDING,ACTION_MONITOR_NEXT_WINDOW,low,7,large_gap_or_censored_dominant,micro_wobble;large_gap_dominant,days_eff=4 days_any=3 cyc_eff=1 hq_nr=0 total_nr=0 cens=0 lg_opp=1 opp=2 norm_anom=-0.00 conf_p=1 micro_only=True cluster=MOBILE_DEEP_CYCLE,No user-facing action; monitoring.,Ambiguous/weak evidence (3d since effective change); monitor next window.,,False,False,True,True,False,False,False,False,0,2026-06-08T10:02:59Z,rolling30-v2.0,30,1,abs_ge_50mWh
RADACHI-F5AL4EK_radachi,2026-05-25,2026-04-25 23:59:59.999999999,2026-05-25 23:59:59.999999999,274,29.348,0.5,12.809,192.296,19,16,4,0,0,0,0,False,WINDOW_QUALITY_OK,18.0,20.0,2.0,2.044,0.8525,0.0436,0.1475,20.0,100.0,80.0,55.25,99.0,100.0,0.0,0.0,0.8974,0.8704,0.7315,12,17,6,60120.0,60050.0,60050.0,60120.0,70.0,3,0,0.0,,,105.42,105.3,0,1,0,0,1,0,0,0,0,0,0,0,0,0,0,0.0,0,0,0,,0.0,,,0.0,0,0,0,,0.0,,2026-05-25 23:59:59.999999999,2026-02-11 20:33:49,2026-05-25 08:45:23,103.143,True,60140.0,2026-04-22 10:16:13,17.0,33.572,3.0,True,60050.0,2026-05-20 11:56:03,20.0,5.503,0.0,True,5,30.0,True,0,1,1,0,1,1,0,0,0,0,0,0,0,0,0,0,1,0,0.4303,0,-0.56269,0.2444,0.2444,33.572,3.0,1,0,0,0.2444,5,AC_BOUND,STATEFUL_WATCH_LARGE_GAP_OR_CENSORED,WINDOW_MICRO_WOBBLE_ONLY,ACTION_MONITOR_NEXT_WINDOW,low,7,large_gap_or_censored_dominant,fw_like;micro_wobble;large_gap_dominant,days_eff=34 days_any=6 cyc_eff=3 hq_nr=0 total_nr=1 cens=0 lg_opp=1 opp=2 norm_anom=0.24 conf_p=1 micro_only=True cluster=AC_BOUND,No user-facing action; monitoring.,Ambiguous/weak evidence (33d since effective change); monitor next window.,,True,False,True,True,False,False,False,False,0,2026-06-08T10:02:59Z,rolling30-v2.0,30,1,abs_ge_50mWh
RAY-X1-9_Ratan,2025-03-06,2025-02-04 23:59:59.999999999,2025-03-06 23:59:59.999999999,363,29.662,0.231,10.211,70.429,28,15,8,0,0,0,0,False,WINDOW_QUALITY_OK,580.0,586.0,6.0,6.068,0.5911,0.1392,0.4089,0.0,100.0,100.0,47.1,100.0,100.0,0.033,0.036,0.8628,0.7964,0.7868,171,181,86,44780.0,44620.0,44620.0,44780.0,160.0,1,1,160.0,2025-02-07 10:40:37,581.0,78.49,78.21,2,0,2,0,2,2,0,2,0,2,2,0,2,0,2,0.7447,0,2,2,0.390556,0.4083,0.40599,0.38561,0.0819,0,2,2,0.919813,0.0363,0.90708,2025-03-06 23:59:59.999999999,2023-02-08 09:01:35,2025-03-06 16:09:54,757.624,True,44620.0,2025-02-07 10:40:37,581.0,27.555,5.0,True,44620.0,2025-02-07 10:40:37,581.0,27.555,5.0,True,0,0.0,False,2,0,0,2,0,2,0,2,0,0,2,0,2,0,2,0,0,0,0.7447,0,-0.94018,0.4083,0.4083,27.555,5.0,2,2,0,0.4083,4,MOBILE_DEEP_CYCLE,STATEFUL_WATCH_LOW_EVIDENCE,WINDOW_NORMAL_RESPONDING,ACTION_MONITOR_NEXT_WINDOW,low,8,weak_partial_evidence,fw_like,days_eff=28 days_any=28 cyc_eff=5 hq_nr=2 total_nr=2 cens=0 lg_opp=0 opp=4 norm_anom=0.41 conf_p=0.406 micro_only=False cluster=MOBILE_DEEP_CYCLE,No user-facing action; monitoring.,Ambiguous/weak evidence (27d since effective change); monitor next window.,,True,False,False,False,False,False,False,False,0,2026-06-08T10:02:59Z,rolling30-v2.0,30,1,abs_ge_50mWh
RMCCARTHY2-0063_rmccarthy2,2026-01-02,2025-12-03 23:59:59.999999999,2026-01-02 23:59:59.999999999,216,29.0,0.5,16.407,56.116,31,19,6,0,0,0,0,False,WINDOW_QUALITY_OK,38.0,43.0,5.0,5.172,0.5452,0.1254,0.4548,2.0,100.0,98.0,61.5,98.0,100.0,0.0035,0.0035,0.9161,0.7177,0.5777,57,76,29,53910.0,53290.0,53290.0,53910.0,620.0,6,1,550.0,2025-12-07 19:01:34,39.0,98.47,97.33,0,1,0,0,1,0,1,0,0,1,0,1,0,0,1,0.0,0,0,0,,0.0,,,0.0,0,0,0,,0.0,,2026-01-02 23:59:59.999999999,2025-03-20 11:15:02,2026-01-02 09:30:19,288.531,True,53350.0,2025-12-07 19:01:34,39.0,26.207,4.0,True,53290.0,2025-12-29 10:37:14,43.0,4.557,0.0,True,4,20.0,True,0,0,1,0,0,0,0,0,0,1,0,0,0,0,0,0,1,0,0.0,0,0.0,-0.0,-0.0,26.207,4.0,0,0,0,-0.0,4,MOBILE_DEEP_CYCLE,STATEFUL_WATCH_LARGE_GAP_OR_CENSORED,WINDOW_NORMAL_RESPONDING,ACTION_MONITOR_NEXT_WINDOW,low,7,large_gap_or_censored_dominant,micro_wobble;large_gap_dominant,days_eff=26 days_any=5 cyc_eff=4 hq_nr=0 total_nr=0 cens=0 lg_opp=1 opp=2 norm_anom=-0.00 conf_p=1 micro_only=True cluster=MOBILE_DEEP_CYCLE,No user-facing action; monitoring.,Ambiguous/weak evidence (26d since effective change); monitor next window.,,False,False,True,True,False,False,False,False,0,2026-06-08T10:02:59Z,rolling30-v2.0,30,1,abs_ge_50mWh
RMCFADDEN1-S8MT_rmcfadden1,2026-04-16,2026-03-17 23:59:59.999999999,2026-04-16 23:59:59.999999999,1052,29.484,0.5,0.703,33.36,16,7,1,0,0,0,0,False,WINDOW_QUALITY_OK,134.0,147.0,13.0,13.228,0.7925,0.2787,0.2075,1.0,100.0,99.0,44.0,95.0,100.0,0.0019,0.0028,0.6387,0.5074,0.4745,126,155,63,54250.0,47400.0,47400.0,54250.0,6850.0,14,1,6700.0,2026-04-02 07:05:22,140.0,95.18,83.16,0,1,0,0,1,0,1,0,0,1,0,1,0,0,1,0.0,0,0,0,,0.0,,,0.0,0,0,0,,0.0,,2026-04-16 23:59:59.999999999,2025-05-12 15:23:00,2026-04-16 11:56:47,339.359,True,47480.0,2026-04-02 07:05:22,140.0,14.705,7.0,True,47400.0,2026-04-16 11:26:47,147.0,0.523,0.0,True,7,20.0,True,0,0,1,0,0,0,0,0,0,1,0,0,0,0,0,0,1,0,0.0,0,0.0,-0.0,-0.0,14.705,7.0,0,0,0,-0.0,3,AC_BOUND,STATEFUL_WATCH_LARGE_GAP_OR_CENSORED,WINDOW_NORMAL_RESPONDING,ACTION_MONITOR_NEXT_WINDOW,low,7,large_gap_or_censored_dominant,micro_wobble;large_gap_dominant,days_eff=15 days_any=1 cyc_eff=7 hq_nr=0 total_nr=0 cens=0 lg_opp=1 opp=2 norm_anom=-0.00 conf_p=1 micro_only=True cluster=AC_BOUND,No user-facing action; monitoring.,Ambiguous/weak evidence (14d since effective change); monitor next window.,,False,False,True,True,False,False,False,False,0,2026-06-08T10:02:59Z,rolling30-v2.0,30,1,abs_ge_50mWh
SDESCHENES-FH3M_sdeschenes,2025-11-12,2025-10-13 23:59:59.999999999,2025-11-12 23:59:59.999999999,174,28.979,0.5,8.197,234.053,13,4,3,0,0,0,0,False,WINDOW_QUALITY_OK,659.0,673.0,14.0,14.493,0.5911,0.2424,0.4089,5.0,100.0,95.0,12.25,95.0,100.0,0.0499,0.0594,0.6058,0.5217,0.4357,42,53,21,46740.0,46740.0,46740.0,46740.0,0.0,0,0,0.0,,,89.03,89.03,3,2,3,0,5,3,2,3,0,5,1,2,1,0,3,1.0592,0,3,3,0.267755,0.5723,0.24071,0.2187,0.1228,0,3,3,0.882165,0.0545,0.85184,2025-11-12 23:59:59.999999999,2023-06-06 16:03:55,2025-11-12 08:04:53,890.331,True,46740.0,2025-10-03 11:13:11,652.0,40.533,21.0,True,46740.0,2025-10-03 11:13:11,652.0,40.533,21.0,True,0,0.0,False,3,1,3,3,1,4,0,1,1,3,1,1,2,0,3,0,3,0,1.3736,0,-1.69518,0.7362,0.7362,40.533,21.0,4,2,0,0.7362,4,MOBILE_DEEP_CYCLE,STATEFUL_WATCH_LOW_EVIDENCE,WINDOW_OPPORTUNITY_NO_RESPONSE,ACTION_MONITOR_NEXT_WINDOW,low,8,weak_partial_evidence,fw_like,days_eff=41 days_any=41 cyc_eff=21 hq_nr=3 total_nr=4 cens=0 lg_opp=3 opp=12 norm_anom=0.74 conf_p=0.241 micro_only=False cluster=MOBILE_DEEP_CYCLE,No user-facing action; monitoring.,Ambiguous/weak evidence (40d since effective change); monitor next window.,,True,False,False,False,False,False,False,False,11,2026-06-08T10:02:59Z,rolling30-v2.0,30,1,abs_ge_50mWh
SDILLARD1-2S9T3_sdillard1,2026-05-19,2026-04-19 23:59:59.999999999,2026-05-19 23:59:59.999999999,196,29.344,0.5,18.738,68.297,27,20,5,0,0,0,0,False,WINDOW_QUALITY_OK,23.0,29.0,6.0,6.134,0.2474,0.1212,0.7526,2.0,100.0,98.0,29.5,78.5,100.0,0.0033,0.0196,0.4173,0.2781,0.2369,38,47,19,75020.0,74950.0,74950.0,75020.0,70.0,6,0,0.0,,,100.03,99.93,0,2,0,0,2,0,2,0,0,2,0,1,0,0,1,0.0,0,0,0,,0.0,,,0.0,0,0,0,,0.0,,2026-05-19 23:59:59.999999999,2026-01-14 13:19:15,2026-05-19 08:43:43,125.445,True,75030.0,2026-04-15 13:14:56,22.0,34.448,7.0,True,74950.0,2026-05-13 13:39:12,29.0,6.431,0.0,True,7,20.0,True,0,0,2,0,0,0,0,0,0,1,0,0,0,0,0,0,2,0,0.0,0,0.0,-0.0,-0.0,34.448,7.0,0,0,0,-0.0,4,MOBILE_DEEP_CYCLE,STATEFUL_WATCH_LARGE_GAP_OR_CENSORED,WINDOW_MICRO_WOBBLE_ONLY,ACTION_MONITOR_NEXT_WINDOW,low,7,large_gap_or_censored_dominant,micro_wobble;large_gap_dominant,days_eff=34 days_any=6 cyc_eff=7 hq_nr=0 total_nr=0 cens=0 lg_opp=2 opp=3 norm_anom=-0.00 conf_p=1 micro_only=True cluster=MOBILE_DEEP_CYCLE,No user-facing action; monitoring.,Ambiguous/weak evidence (34d since effective change); monitor next window.,,False,False,True,True,False,False,False,False,0,2026-06-08T10:02:59Z,rolling30-v2.0,30,1,abs_ge_50mWh
SHIGE_TH1SVT,2024-12-23,2024-11-23 23:59:59.999999999,2024-12-23 23:59:59.999999999,144,28.086,0.485,9.332,320.474,16,3,3,0,0,0,0,False,WINDOW_QUALITY_OK,104.0,108.0,4.0,4.273,0.3424,0.174,0.6576,26.0,100.0,74.0,31.0,85.5,100.0,0.0,0.0,0.6077,0.4858,0.3397,39,49,20,59650.0,59600.0,59600.0,59650.0,50.0,4,0,0.0,,,104.59,104.51,0,0,0,0,0,0,0,0,0,0,0,0,0,0,0,0.0,0,0,0,,0.0,,,0.0,0,0,0,,0.0,,2024-12-23 23:59:59.999999999,2024-02-08 13:04:39,2024-12-23 11:05:26,319.455,True,59760.0,2024-09-17 17:52:56,94.0,97.255,14.0,False,59600.0,2024-12-09 13:22:51,108.0,14.442,0.0,True,14,20.0,True,0,0,1,0,0,0,0,0,0,0,0,0,0,0,0,0,1,0,0.0,0,0.0,-0.0,-0.0,97.255,14.0,0,0,0,-0.0,4,MOBILE_DEEP_CYCLE,STATEFUL_WATCH_LARGE_GAP_OR_CENSORED,WINDOW_MICRO_WOBBLE_ONLY,ACTION_MONITOR_NEXT_WINDOW,low,7,large_gap_or_censored_dominant,micro_wobble;large_gap_dominant,days_eff=97 days_any=14 cyc_eff=14 hq_nr=0 total_nr=0 cens=0 lg_opp=1 opp=1 norm_anom=-0.00 conf_p=1 micro_only=True cluster=MOBILE_DEEP_CYCLE,No user-facing action; monitoring.,Ambiguous/weak evidence (97d since effective change); monitor next window.,,False,False,True,True,False,False,False,False,0,2026-06-08T10:02:59Z,rolling30-v2.0,30,1,abs_ge_50mWh
SKADUKUNTLA-MTB_skadukuntla,2026-01-31,2026-01-01 23:59:59.999999999,2026-01-31 23:59:59.999999999,711,29.602,0.5,0.5,207.46,3,3,3,0,0,0,0,False,WINDOW_QUALITY_OK,23.0,24.0,1.0,1.013,0.9442,0.1957,0.0558,7.0,100.0,93.0,94.5,100.0,100.0,0.0058,0.0114,0.9585,0.9456,0.929,32,57,16,52570.0,52560.0,52560.0,52570.0,10.0,1,0,0.0,,,96.02,96.0,0,1,0,0,1,0,0,0,0,0,0,0,0,0,0,0.0,0,0,0,,0.0,,,0.0,0,0,0,,0.0,,2026-01-31 23:59:59.999999999,2025-06-24 13:48:07,2026-01-31 14:44:13,221.425,True,52570.0,2025-12-20 21:48:54,23.0,42.091,1.0,True,52560.0,2026-01-24 15:50:32,24.0,7.34,0.0,True,1,10.0,True,0,0,1,0,0,0,0,0,0,0,0,0,0,0,0,0,1,0,0.0,0,0.0,-0.0,-0.0,42.091,1.0,0,0,0,-0.0,3,AC_BOUND,STATEFUL_WATCH_LARGE_GAP_OR_CENSORED,WINDOW_MICRO_WOBBLE_ONLY,ACTION_MONITOR_NEXT_WINDOW,low,7,large_gap_or_censored_dominant,micro_wobble;large_gap_dominant,days_eff=42 days_any=7 cyc_eff=1 hq_nr=0 total_nr=0 cens=0 lg_opp=1 opp=1 norm_anom=-0.00 conf_p=1 micro_only=True cluster=AC_BOUND,No user-facing action; monitoring.,Ambiguous/weak evidence (42d since effective change); monitor next window.,,False,False,True,True,False,False,False,False,0,2026-06-08T10:02:59Z,rolling30-v2.0,30,1,abs_ge_50mWh
SSPINNER-000090_sspinner,2026-05-28,2026-04-28 23:59:59.999999999,2026-05-28 23:59:59.999999999,362,29.184,0.5,13.732,75.645,22,21,4,0,0,0,0,False,WINDOW_QUALITY_OK,202.0,214.0,12.0,12.336,0.4699,0.1637,0.5301,2.0,100.0,98.0,19.0,91.0,100.0,0.0099,0.0345,0.6193,0.5034,0.4647,61,84,31,45940.0,48060.0,45940.0,48110.0,2170.0,16,4,1860.0,2026-05-18 17:19:04,211.0,83.91,87.78,0,6,0,0,6,0,5,0,0,5,0,3,0,0,3,0.0,0,0,0,,0.0,,,0.0,0,0,0,,0.0,,2026-05-28 23:59:59.999999999,2025-03-20 11:15:03,2026-05-28 13:18:50,434.531,True,48110.0,2026-05-18 17:19:04,211.0,10.278,3.0,True,48060.0,2026-05-27 11:28:53,214.0,1.522,0.0,True,3,20.0,True,0,1,1,0,1,1,0,0,0,0,0,0,0,0,0,0,1,0,0.451,0,-0.59962,0.2604,0.2604,10.278,3.0,1,0,0,0.2604,4,MOBILE_DEEP_CYCLE,STATEFUL_WATCH_LARGE_GAP_OR_CENSORED,WINDOW_NORMAL_RESPONDING,ACTION_MONITOR_NEXT_WINDOW,low,7,large_gap_or_censored_dominant,fw_like;micro_wobble;large_gap_dominant,days_eff=10 days_any=2 cyc_eff=3 hq_nr=0 total_nr=1 cens=0 lg_opp=1 opp=2 norm_anom=0.26 conf_p=1 micro_only=True cluster=MOBILE_DEEP_CYCLE,No user-facing action; monitoring.,Ambiguous/weak evidence (10d since effective change); monitor next window.,,True,False,True,True,False,False,False,False,0,2026-06-08T10:02:59Z,rolling30-v2.0,30,1,abs_ge_50mWh
SSUGIMOTO2-6_ssugimoto2,2025-06-09,2025-05-10 23:59:59.999999999,2025-06-09 23:59:59.999999999,277,28.028,0.5,10.446,110.83,15,14,6,0,0,0,0,False,WINDOW_QUALITY_OK,39.0,42.0,3.0,3.211,0.5992,0.0842,0.4008,48.0,95.0,47.0,70.8,84.0,94.0,0.0,0.0,0.789,0.2524,0.0,58,65,29,91150.0,91100.0,91100.0,91150.0,50.0,3,0,0.0,,,101.28,101.22,0,0,0,0,0,0,0,0,0,0,0,0,0,0,0,0.0,0,0,0,,0.0,,,0.0,0,0,0,,0.0,,2025-06-09 23:59:59.999999999,2024-02-22 13:21:24,2025-06-09 09:15:30,473.443,True,91710.0,2024-02-22 13:21:24,3.0,473.443,39.0,False,91100.0,2025-05-29 18:28:57,42.0,11.23,0.0,True,39,20.0,True,0,0,2,0,0,0,0,0,0,0,0,0,0,0,0,0,2,0,0.0,0,0.0,-0.0,-0.0,473.443,39.0,0,0,0,-0.0,2,MOBILE_DEEP_CYCLE,STATEFUL_WATCH_LARGE_GAP_OR_CENSORED,WINDOW_MICRO_WOBBLE_ONLY,ACTION_MONITOR_NEXT_WINDOW,low,7,large_gap_or_censored_dominant,micro_wobble;large_gap_dominant,days_eff=473 days_any=11 cyc_eff=39 hq_nr=0 total_nr=0 cens=0 lg_opp=2 opp=2 norm_anom=-0.00 conf_p=1 micro_only=True cluster=MOBILE_DEEP_CYCLE,No user-facing action; monitoring.,Ambiguous/weak evidence (473d since effective change); monitor next window.,,False,False,True,True,False,False,False,False,0,2026-06-08T10:02:59Z,rolling30-v2.0,30,1,abs_ge_50mWh
SUGAP-PF2QQVFQ_SUGAP,2024-02-06,2024-01-07 23:59:59.999999999,2024-02-06 23:59:59.999999999,812,28.817,0.5,1.856,45.667,23,10,3,0,0,0,0,False,WINDOW_QUALITY_OK,487.0,501.0,14.0,14.575,0.6783,0.1825,0.3217,4.0,100.0,96.0,50.55,98.0,100.0,0.0005,0.0049,0.8516,0.7688,0.6101,165,215,83,45080.0,45080.0,44850.0,45660.0,810.0,59,34,650.0,2024-02-06 08:56:58,501.0,79.09,79.09,1,4,0,0,5,0,2,0,0,2,0,1,0,0,1,0.3841,1,0,1,0.615917,0.2105,0.86181,0.88065,0.9008,1,0,1,0.099174,1.0036,0.20873,2024-02-06 23:59:59.999999999,2023-02-03 12:45:16,2024-02-06 17:26:59,368.469,True,45080.0,2024-02-06 08:56:58,501.0,0.627,0.0,True,45080.0,2024-02-06 08:56:58,501.0,0.627,0.0,True,0,0.0,False,0,0,0,0,0,0,0,0,0,0,0,0,0,0,0,0,0,0,0.0,0,0.0,-0.0,-0.0,0.627,0.0,0,0,0,-0.0,4,MOBILE_DEEP_CYCLE,STATEFUL_WATCH_LOW_EVIDENCE,WINDOW_NORMAL_RESPONDING,ACTION_MONITOR_NEXT_WINDOW,low,8,weak_partial_evidence,,days_eff=1 days_any=1 cyc_eff=0 hq_nr=0 total_nr=0 cens=0 lg_opp=0 opp=0 norm_anom=-0.00 conf_p=0.862 micro_only=False cluster=MOBILE_DEEP_CYCLE,No user-facing action; monitoring.,Ambiguous/weak evidence (0d since effective change); monitor next window.,,False,False,False,False,False,False,False,False,0,2026-06-08T10:02:59Z,rolling30-v2.0,30,1,abs_ge_50mWh
SWIGGINS-0HBMT4_swiggins,2026-05-26,2026-04-26 23:59:59.999999999,2026-05-26 23:59:59.999999999,494,29.279,0.5,8.472,52.528,28,14,5,0,0,0,0,False,WINDOW_QUALITY_OK,153.0,168.0,15.0,15.369,0.6619,0.1874,0.3381,2.0,100.0,98.0,35.95,97.0,100.0,0.0102,0.0199,0.7103,0.6099,0.5765,106,143,53,47280.0,47050.0,47050.0,47280.0,230.0,15,0,0.0,,,86.36,85.94,0,2,0,0,2,0,2,0,0,2,0,2,0,0,2,0.0,0,0,0,,0.0,,,0.0,0,0,0,,0.0,,2026-05-26 23:59:59.999999999,2025-06-24 13:58:03,2026-05-26 15:03:02,336.418,True,47310.0,2026-04-20 21:35:44,151.0,36.1,17.0,True,47050.0,2026-05-26 13:27:05,168.0,0.44,0.0,True,17,20.0,True,0,0,2,0,0,0,0,0,0,2,0,0,0,0,0,0,2,0,0.0,0,0.0,-0.0,-0.0,36.1,17.0,0,0,0,-0.0,4,MOBILE_DEEP_CYCLE,STATEFUL_WATCH_LARGE_GAP_OR_CENSORED,WINDOW_MICRO_WOBBLE_ONLY,ACTION_MONITOR_NEXT_WINDOW,low,7,large_gap_or_censored_dominant,micro_wobble;large_gap_dominant,days_eff=36 days_any=0 cyc_eff=17 hq_nr=0 total_nr=0 cens=0 lg_opp=2 opp=4 norm_anom=-0.00 conf_p=1 micro_only=True cluster=MOBILE_DEEP_CYCLE,No user-facing action; monitoring.,Ambiguous/weak evidence (36d since effective change); monitor next window.,,False,False,True,True,False,False,False,False,0,2026-06-08T10:02:59Z,rolling30-v2.0,30,1,abs_ge_50mWh
SYADAVILLI-NH12_syadavilli,2026-05-25,2026-04-25 23:59:59.999999999,2026-05-25 23:59:59.999999999,845,17.847,0.5,0.5,13.475,2,1,0,0,0,0,0,False,WINDOW_QUALITY_OK,102.0,103.0,1.0,1.681,0.9877,0.0068,0.0123,2.0,100.0,98.0,96.0,97.0,99.0,0.0061,0.0069,0.9858,0.9853,0.9827,6,8,3,91770.0,91760.0,91760.0,91770.0,10.0,1,0,0.0,,,91.86,91.85,0,1,0,0,1,0,1,0,0,1,0,1,0,0,1,0.0,0,0,0,,0.0,,,0.0,0,0,0,,0.0,,2026-05-25 23:59:59.999999999,2025-10-13 15:32:51,2026-05-25 15:47:55,224.352,True,91770.0,2026-04-07 15:06:54,102.0,48.37,1.0,True,91760.0,2026-05-13 17:02:10,103.0,12.29,0.0,True,1,10.0,True,0,0,1,0,0,0,0,0,0,1,0,0,0,0,0,0,1,0,0.0,0,0.0,-0.0,-0.0,48.37,1.0,0,0,0,-0.0,3,AC_BOUND,STATEFUL_WATCH_LARGE_GAP_OR_CENSORED,WINDOW_MICRO_WOBBLE_ONLY,ACTION_MONITOR_NEXT_WINDOW,low,7,large_gap_or_censored_dominant,micro_wobble;large_gap_dominant,days_eff=48 days_any=12 cyc_eff=1 hq_nr=0 total_nr=0 cens=0 lg_opp=1 opp=2 norm_anom=-0.00 conf_p=1 micro_only=True cluster=AC_BOUND,No user-facing action; monitoring.,Ambiguous/weak evidence (48d since effective change); monitor next window.,,False,False,True,True,False,False,False,False,0,2026-06-08T10:02:59Z,rolling30-v2.0,30,1,abs_ge_50mWh
TBERDAR-F4RM5MK_tberdar,2024-06-04,2024-05-05 23:59:59.999999999,2024-06-04 23:59:59.999999999,383,29.21,0.5,11.094,76.489,28,18,3,0,0,0,0,False,WINDOW_QUALITY_OK,30.0,42.0,12.0,12.324,0.4188,0.1326,0.5812,16.0,100.0,84.0,35.0,88.0,100.0,0.0,0.0184,0.5505,0.4512,0.3741,48,71,25,52750.0,52460.0,52460.0,53700.0,1240.0,14,6,570.0,2024-05-29 09:18:52,39.0,92.5,91.99,0,3,0,0,3,0,0,0,0,0,0,0,0,0,0,0.0,0,0,0,,0.0,,,0.0,0,0,0,,0.0,,2024-06-04 23:59:59.999999999,2024-02-06 09:29:32,2024-06-04 13:51:30,119.604,True,52500.0,2024-05-29 09:18:52,39.0,6.612,3.0,True,52460.0,2024-06-03 12:59:53,42.0,1.458,0.0,True,3,20.0,True,0,0,1,0,0,0,0,0,0,0,0,0,0,0,0,0,1,0,0.0,0,0.0,-0.0,-0.0,6.612,3.0,0,0,0,-0.0,4,MOBILE_DEEP_CYCLE,STATEFUL_WATCH_LARGE_GAP_OR_CENSORED,WINDOW_NORMAL_RESPONDING,ACTION_MONITOR_NEXT_WINDOW,low,7,large_gap_or_censored_dominant,micro_wobble;large_gap_dominant,days_eff=7 days_any=1 cyc_eff=3 hq_nr=0 total_nr=0 cens=0 lg_opp=1 opp=1 norm_anom=-0.00 conf_p=1 micro_only=True cluster=MOBILE_DEEP_CYCLE,No user-facing action; monitoring.,Ambiguous/weak evidence (6d since effective change); monitor next window.,,False,False,True,True,False,False,False,False,0,2026-06-08T10:02:59Z,rolling30-v2.0,30,1,abs_ge_50mWh
THANNA-PW0KQC0Y_thanna,2026-05-26,2026-04-26 23:59:59.999999999,2026-05-26 23:59:59.999999999,894,29.439,0.5,0.5,64.003,15,13,2,0,0,0,0,False,WINDOW_QUALITY_OK,54.0,61.0,7.0,7.133,0.9341,0.0813,0.0659,2.0,100.0,98.0,66.3,99.5,100.0,0.0042,0.0138,0.946,0.9324,0.8847,58,90,29,80810.0,82260.0,80790.0,82310.0,1520.0,9,2,800.0,2026-05-05 18:56:49,58.0,89.79,91.4,0,5,0,0,5,0,5,0,0,5,0,4,0,0,4,0.0,0,0,0,,0.0,,,0.0,0,0,0,,0.0,,2026-05-26 23:59:59.999999999,2025-09-02 11:03:48,2026-05-26 11:01:01,266.539,True,82310.0,2026-05-05 18:56:49,58.0,21.211,3.0,True,82260.0,2026-05-19 11:26:41,61.0,7.523,0.0,True,3,20.0,True,0,2,0,0,2,2,0,0,1,0,0,1,1,0,0,0,0,0,0.7551,0,-0.95857,0.4163,0.4163,21.211,3.0,2,1,0,0.4163,4,MOBILE_DEEP_CYCLE,STATEFUL_WATCH_LOW_EVIDENCE,WINDOW_NORMAL_RESPONDING,ACTION_MONITOR_NEXT_WINDOW,low,8,weak_partial_evidence,fw_like;micro_wobble,days_eff=21 days_any=8 cyc_eff=3 hq_nr=0 total_nr=2 cens=0 lg_opp=0 opp=3 norm_anom=0.42 conf_p=1 micro_only=True cluster=MOBILE_DEEP_CYCLE,No user-facing action; monitoring.,Ambiguous/weak evidence (21d since effective change); monitor next window.,,True,False,True,False,False,False,False,False,0,2026-06-08T10:02:59Z,rolling30-v2.0,30,1,abs_ge_50mWh
THANSON-F5NV1S7_thanson,2026-05-27,2026-04-27 23:59:59.999999999,2026-05-27 23:59:59.999999999,487,29.241,0.341,6.572,131.253,25,11,3,0,0,0,0,False,WINDOW_QUALITY_OK,84.0,97.0,13.0,13.337,0.4449,0.1482,0.5551,9.0,100.0,91.0,16.0,87.0,100.0,0.0003,0.0251,0.5951,0.4895,0.3934,157,191,79,48470.0,48440.0,47950.0,48540.0,590.0,17,5,500.0,2026-05-18 15:01:15,94.0,85.04,84.98,0,5,0,0,5,0,3,0,0,3,0,1,0,0,1,0.0,0,0,0,,0.0,,,0.0,0,0,0,,0.0,,2026-05-27 23:59:59.999999999,2025-09-17 15:13:32,2026-05-27 15:22:04,252.366,True,48470.0,2026-05-18 15:01:15,94.0,9.374,3.0,True,48440.0,2026-05-27 13:22:05,97.0,0.443,0.0,True,3,10.0,True,0,0,1,0,0,0,0,0,0,1,0,0,0,0,0,0,1,0,0.0,0,0.0,-0.0,-0.0,9.374,3.0,0,0,0,-0.0,4,MOBILE_DEEP_CYCLE,STATEFUL_WATCH_LARGE_GAP_OR_CENSORED,WINDOW_NORMAL_RESPONDING,ACTION_MONITOR_NEXT_WINDOW,low,7,large_gap_or_censored_dominant,micro_wobble;large_gap_dominant,days_eff=9 days_any=0 cyc_eff=3 hq_nr=0 total_nr=0 cens=0 lg_opp=1 opp=2 norm_anom=-0.00 conf_p=1 micro_only=True cluster=MOBILE_DEEP_CYCLE,No user-facing action; monitoring.,Ambiguous/weak evidence (9d since effective change); monitor next window.,,False,False,True,True,False,False,False,False,0,2026-06-08T10:02:59Z,rolling30-v2.0,30,1,abs_ge_50mWh
TM1SIT1XPF4LA6X_EEP,2025-08-04,2025-07-05 23:59:59.999999999,2025-08-04 23:59:59.999999999,914,29.503,0.5,0.5,90.138,9,9,2,0,0,0,0,False,WINDOW_QUALITY_OK,59.0,59.0,0.0,0.0,0.9857,0.0,0.0143,66.0,79.0,13.0,67.0,71.0,79.0,0.0,0.0,0.0,0.0,0.0,4,4,2,59700.0,59700.0,59700.0,59700.0,0.0,0,0,0.0,,,104.68,104.68,0,0,0,0,0,0,0,0,0,0,0,0,0,0,0,0.0,0,0,0,,0.0,,,0.0,0,0,0,,0.0,,2025-08-04 23:59:59.999999999,2023-10-31 17:49:13,2025-08-04 12:26:35,643.257,True,59700.0,2024-10-21 16:54:07,45.0,287.296,14.0,False,59700.0,2024-10-21 16:54:07,45.0,287.296,14.0,False,0,0.0,False,0,0,4,0,0,0,0,0,0,0,0,0,0,0,0,0,4,0,0.0,0,0.0,-0.0,-0.0,287.296,14.0,0,0,0,-0.0,2,MOBILE_DEEP_CYCLE,STATEFUL_WATCH_LARGE_GAP_OR_CENSORED,WINDOW_INSUFFICIENT_LEARNING_OPPORTUNITY,ACTION_MONITOR_NEXT_WINDOW,low,7,large_gap_or_censored_dominant,large_gap_dominant,days_eff=287 days_any=287 cyc_eff=14 hq_nr=0 total_nr=0 cens=0 lg_opp=4 opp=4 norm_anom=-0.00 conf_p=1 micro_only=False cluster=MOBILE_DEEP_CYCLE,No user-facing action; monitoring.,Ambiguous/weak evidence (287d since effective change); monitor next window.,,False,False,False,True,False,False,False,False,0,2026-06-08T10:02:59Z,rolling30-v2.0,30,1,abs_ge_50mWh
TP-X1C-G11_emmet,2023-10-19,2023-09-19 23:59:59.999999999,2023-10-19 23:59:59.999999999,421,28.128,0.5,3.481,146.144,9,5,4,0,0,0,0,False,WINDOW_QUALITY_OK,25.0,28.0,3.0,3.2,0.7331,0.1022,0.2669,2.0,100.0,98.0,60.0,98.0,100.0,0.0019,0.0058,0.8731,0.8343,0.7404,70,102,35,57570.0,57570.0,57570.0,57570.0,0.0,0,0,0.0,,,101.0,101.0,0,1,0,0,1,0,1,0,0,1,0,1,0,0,1,0.0,0,0,0,,0.0,,,0.0,0,0,0,,0.0,,2023-10-19 23:59:59.999999999,2023-04-17 15:38:11,2023-10-19 22:02:22,185.348,True,57570.0,2023-04-26 09:53:07,6.0,176.588,22.0,False,57570.0,2023-04-26 09:53:07,6.0,176.588,22.0,False,0,0.0,False,0,0,5,0,0,0,0,0,0,2,0,0,0,0,0,0,5,0,0.0,0,0.0,-0.0,-0.0,176.588,22.0,0,0,0,-0.0,4,MOBILE_DEEP_CYCLE,STATEFUL_WATCH_LARGE_GAP_OR_CENSORED,WINDOW_LARGE_GAP_AMBIGUOUS,ACTION_MONITOR_NEXT_WINDOW,low,7,large_gap_or_censored_dominant,large_gap_dominant,days_eff=177 days_any=177 cyc_eff=22 hq_nr=0 total_nr=0 cens=0 lg_opp=5 opp=7 norm_anom=-0.00 conf_p=1 micro_only=False cluster=MOBILE_DEEP_CYCLE,No user-facing action; monitoring.,Ambiguous/weak evidence (176d since effective change); monitor next window.,,False,False,False,True,False,False,False,False,0,2026-06-08T10:02:59Z,rolling30-v2.0,30,1,abs_ge_50mWh
TPARRISH2-00047_tparrish2,2026-05-13,2026-04-13 23:59:59.999999999,2026-05-13 23:59:59.999999999,151,28.255,0.5,17.073,162.684,13,9,6,0,0,0,0,False,WINDOW_QUALITY_OK,9.0,15.0,6.0,6.37,0.4705,0.1754,0.5295,9.0,100.0,91.0,19.0,81.0,100.0,0.0037,0.0843,0.5745,0.4508,0.327,34,45,17,90760.0,91730.0,90750.0,92710.0,1960.0,9,3,1090.0,2026-05-12 11:23:01,13.0,100.84,101.92,0,3,0,1,4,0,2,0,0,2,0,1,0,0,1,0.0,0,0,0,,0.0,,,0.0,0,0,0,,0.0,,2026-05-13 23:59:59.999999999,2026-02-17 16:53:31,2026-05-13 15:22:06,85.296,True,91760.0,2026-05-12 11:23:01,13.0,1.526,2.0,True,91730.0,2026-05-13 14:22:06,15.0,0.401,0.0,True,2,20.0,True,1,0,0,0,0,0,1,0,0,1,0,0,0,0,0,1,0,0,0.0,0,0.0,-0.0,-0.0,1.526,2.0,0,0,0,-0.0,4,MOBILE_DEEP_CYCLE,STATEFUL_WATCH_LARGE_GAP_OR_CENSORED,WINDOW_NORMAL_RESPONDING,ACTION_MONITOR_NEXT_WINDOW,low,7,large_gap_or_censored_dominant,micro_wobble;censored_dominant,days_eff=2 days_any=0 cyc_eff=2 hq_nr=0 total_nr=0 cens=1 lg_opp=0 opp=2 norm_anom=-0.00 conf_p=1 micro_only=True cluster=MOBILE_DEEP_CYCLE,No user-facing action; monitoring.,Ambiguous/weak evidence (1d since effective change); monitor next window.,,False,False,True,False,True,False,False,False,0,2026-06-08T10:02:59Z,rolling30-v2.0,30,1,abs_ge_50mWh
TSCOTT2-F58PHQH_tscott2,2026-04-20,2026-03-21 23:59:59.999999999,2026-04-20 23:59:59.999999999,300,28.168,0.5,12.874,47.09,28,17,4,0,0,0,0,False,WINDOW_QUALITY_OK,78.0,84.0,6.0,6.39,0.6132,0.1753,0.3868,6.0,100.0,94.0,59.9,100.0,100.0,0.0038,0.0038,0.8259,0.6593,0.6067,47,71,24,54840.0,54770.0,54770.0,54840.0,70.0,6,0,0.0,,,96.16,96.04,0,1,0,0,1,0,1,0,0,1,0,1,0,0,1,0.0,0,0,0,,0.0,,,0.0,0,0,0,,0.0,,2026-04-20 23:59:59.999999999,2025-03-17 14:34:07,2026-04-20 14:41:41,399.393,True,54910.0,2026-02-24 00:54:40,72.0,55.962,12.0,True,54770.0,2026-04-20 11:23:51,84.0,0.525,0.0,True,12,20.0,True,0,0,1,0,0,0,0,0,0,1,0,0,0,0,0,0,1,0,0.0,0,0.0,-0.0,-0.0,55.962,12.0,0,0,0,-0.0,4,MOBILE_DEEP_CYCLE,STATEFUL_WATCH_LARGE_GAP_OR_CENSORED,WINDOW_MICRO_WOBBLE_ONLY,ACTION_MONITOR_NEXT_WINDOW,low,7,large_gap_or_censored_dominant,micro_wobble;large_gap_dominant,days_eff=56 days_any=1 cyc_eff=12 hq_nr=0 total_nr=0 cens=0 lg_opp=1 opp=2 norm_anom=-0.00 conf_p=1 micro_only=True cluster=MOBILE_DEEP_CYCLE,No user-facing action; monitoring.,Ambiguous/weak evidence (55d since effective change); monitor next window.,,False,False,True,True,False,False,False,False,0,2026-06-08T10:02:59Z,rolling30-v2.0,30,1,abs_ge_50mWh
TSUZUKI26-9VQR2_tsuzuki26,2025-10-03,2025-09-03 23:59:59.999999999,2025-10-03 23:59:59.999999999,159,29.415,0.5,0.501,570.791,4,2,2,0,0,0,0,False,WINDOW_QUALITY_OK,347.0,350.0,3.0,3.06,0.7366,0.7356,0.2634,1.0,100.0,99.0,10.0,10.0,100.0,0.0378,0.6888,0.1606,0.1231,0.0948,9,10,5,45450.0,45460.0,45450.0,45460.0,10.0,1,0,0.0,,,79.67,79.68,0,1,0,0,1,0,1,0,0,1,0,1,0,0,1,0.0,0,0,0,,0.0,,,0.0,0,0,0,,0.0,,2025-10-03 23:59:59.999999999,2023-06-16 11:27:47,2025-10-03 19:11:33,840.522,True,45450.0,2025-08-05 20:21:14,344.0,59.152,6.0,True,45460.0,2025-10-01 22:42:07,350.0,2.054,0.0,True,1,10.0,True,0,0,2,0,0,0,0,0,0,2,0,0,0,0,0,0,2,0,0.0,0,0.0,-0.0,-0.0,59.152,6.0,0,0,0,-0.0,0,MOBILE_DEEP_CYCLE,STATEFUL_WATCH_LARGE_GAP_OR_CENSORED,WINDOW_MICRO_WOBBLE_ONLY,ACTION_MONITOR_NEXT_WINDOW,low,7,large_gap_or_censored_dominant,micro_wobble;large_gap_dominant,days_eff=59 days_any=2 cyc_eff=6 hq_nr=0 total_nr=0 cens=0 lg_opp=2 opp=4 norm_anom=-0.00 conf_p=1 micro_only=True cluster=MOBILE_DEEP_CYCLE,No user-facing action; monitoring.,Ambiguous/weak evidence (59d since effective change); monitor next window.,,False,False,True,True,False,False,False,False,0,2026-06-08T10:02:59Z,rolling30-v2.0,30,1,abs_ge_50mWh
TYLER_tparrish2,2026-05-01,2026-04-01 23:59:59.999999999,2026-05-01 23:59:59.999999999,519,29.113,0.5,1.046,67.474,19,16,4,0,0,0,0,False,WINDOW_QUALITY_OK,5.0,7.0,2.0,2.061,0.8917,0.0473,0.1083,0.0,100.0,100.0,81.0,100.0,100.0,0.01,0.0137,0.9605,0.9306,0.9073,34,50,17,58640.0,58570.0,58570.0,58640.0,70.0,2,0,0.0,,,101.1,100.98,0,1,0,0,1,0,1,0,0,1,0,1,0,0,1,0.0,0,0,0,,0.0,,,0.0,0,0,0,,0.0,,2026-05-01 23:59:59.999999999,2026-01-02 13:24:00,2026-05-01 12:10:30,119.442,True,58750.0,2026-01-02 13:24:00,2.0,119.442,5.0,False,58570.0,2026-04-22 14:07:21,7.0,9.412,0.0,True,5,40.0,True,0,0,1,0,0,0,0,0,0,1,0,0,0,0,0,0,1,0,0.0,0,0.0,-0.0,-0.0,119.442,5.0,0,0,0,-0.0,4,MOBILE_DEEP_CYCLE,STATEFUL_WATCH_LARGE_GAP_OR_CENSORED,WINDOW_MICRO_WOBBLE_ONLY,ACTION_MONITOR_NEXT_WINDOW,low,7,large_gap_or_censored_dominant,micro_wobble;large_gap_dominant,days_eff=119 days_any=9 cyc_eff=5 hq_nr=0 total_nr=0 cens=0 lg_opp=1 opp=2 norm_anom=-0.00 conf_p=1 micro_only=True cluster=MOBILE_DEEP_CYCLE,No user-facing action; monitoring.,Ambiguous/weak evidence (119d since effective change); monitor next window.,,False,False,True,True,False,False,False,False,0,2026-06-08T10:02:59Z,rolling30-v2.0,30,1,abs_ge_50mWh
VISHNU_vkotipalli1,2026-05-27,2026-04-27 23:59:59.999999999,2026-05-27 23:59:59.999999999,195,29.073,0.631,12.65,113.429,30,11,4,0,0,0,0,False,WINDOW_QUALITY_OK,32.0,42.0,10.0,10.319,0.2378,0.1153,0.7622,1.0,100.0,99.0,9.0,82.0,100.0,0.0296,0.0558,0.532,0.4597,0.4019,44,54,22,93720.0,91870.0,91530.0,93720.0,2190.0,13,5,940.0,2026-05-24 11:19:28,41.0,104.13,102.08,1,6,1,0,7,0,5,0,0,5,0,5,0,0,5,0.4407,0,1,1,0.559302,0.2524,0.64517,0.64521,0.3675,0,1,1,0.632546,0.1989,0.55631,2026-05-27 23:59:59.999999999,2025-09-02 14:13:08,2026-05-27 12:13:50,267.408,True,91880.0,2026-05-24 11:19:28,41.0,3.528,1.0,True,91870.0,2026-05-26 14:16:56,42.0,1.405,0.0,True,1,10.0,True,0,1,0,0,0,0,1,0,0,0,0,0,0,0,0,1,0,0,0.0,0,0.0,-0.0,-0.0,3.528,1.0,0,0,0,-0.0,4,MOBILE_DEEP_CYCLE,STATEFUL_WATCH_LARGE_GAP_OR_CENSORED,WINDOW_NORMAL_RESPONDING,ACTION_MONITOR_NEXT_WINDOW,low,7,large_gap_or_censored_dominant,micro_wobble;censored_dominant,days_eff=4 days_any=1 cyc_eff=1 hq_nr=0 total_nr=0 cens=1 lg_opp=0 opp=1 norm_anom=-0.00 conf_p=0.645 micro_only=True cluster=MOBILE_DEEP_CYCLE,No user-facing action; monitoring.,Ambiguous/weak evidence (3d since effective change); monitor next window.,,False,False,True,False,True,False,False,False,0,2026-06-08T10:02:59Z,rolling30-v2.0,30,1,abs_ge_50mWh
WANGLYB-5FGJED_wanglyb,2025-07-22,2025-06-22 23:59:59.999999999,2025-07-22 23:59:59.999999999,476,29.075,0.5,8.688,52.34,31,12,4,0,0,0,0,False,WINDOW_QUALITY_OK,34.0,40.0,6.0,6.191,0.7668,0.1205,0.2332,10.0,100.0,90.0,65.5,98.0,100.0,0.0,0.0067,0.896,0.8118,0.7382,92,117,46,59850.0,59710.0,59710.0,59850.0,140.0,12,0,0.0,,,104.94,104.7,0,1,0,0,1,0,1,0,0,1,0,1,0,0,1,0.0,0,0,0,,0.0,,,0.0,0,0,0,,0.0,,2025-07-22 23:59:59.999999999,2025-03-14 10:47:19,2025-07-22 10:50:42,130.55,True,60210.0,2025-04-09 05:22:26,10.0,104.776,30.0,False,59710.0,2025-07-21 00:28:39,40.0,1.98,0.0,True,41,30.0,True,0,0,4,0,0,0,0,0,0,4,0,0,0,0,0,0,4,0,0.0,0,0.0,-0.0,-0.0,104.776,30.0,0,0,0,-0.0,4,MOBILE_DEEP_CYCLE,STATEFUL_WATCH_LARGE_GAP_OR_CENSORED,WINDOW_MICRO_WOBBLE_ONLY,ACTION_MONITOR_NEXT_WINDOW,low,7,large_gap_or_censored_dominant,micro_wobble;large_gap_dominant,days_eff=105 days_any=2 cyc_eff=30 hq_nr=0 total_nr=0 cens=0 lg_opp=4 opp=8 norm_anom=-0.00 conf_p=1 micro_only=True cluster=MOBILE_DEEP_CYCLE,No user-facing action; monitoring.,Ambiguous/weak evidence (104d since effective change); monitor next window.,,False,False,True,True,False,False,False,False,0,2026-06-08T10:02:59Z,rolling30-v2.0,30,1,abs_ge_50mWh
WCARTER-F3SKVGA_wcarter,2024-07-08,2024-06-08 23:59:59.999999999,2024-07-08 23:59:59.999999999,96,20.946,0.5,21.607,139.531,8,8,4,0,0,0,0,False,WINDOW_QUALITY_OK,20.0,22.0,2.0,2.865,0.4936,0.0463,0.5064,6.0,100.0,94.0,19.5,95.5,100.0,0.0376,0.0654,0.6845,0.6108,0.5233,10,13,5,87840.0,87840.0,87840.0,87840.0,0.0,0,0,0.0,,,97.5,97.5,0,1,0,0,1,0,1,0,0,1,0,1,0,0,1,0.0,0,0,0,,0.0,,,0.0,0,0,0,,0.0,,2024-07-08 23:59:59.999999999,2023-09-07 15:10:14,2024-07-08 10:45:56,305.368,True,87840.0,2024-05-29 11:12:03,20.0,40.533,2.0,True,87840.0,2024-05-29 11:12:03,20.0,40.533,2.0,True,0,0.0,False,0,0,1,0,0,0,0,0,0,1,0,0,0,0,0,0,1,0,0.0,0,0.0,-0.0,-0.0,40.533,2.0,0,0,0,-0.0,4,MOBILE_DEEP_CYCLE,STATEFUL_WATCH_LARGE_GAP_OR_CENSORED,WINDOW_LARGE_GAP_AMBIGUOUS,ACTION_MONITOR_NEXT_WINDOW,low,7,large_gap_or_censored_dominant,large_gap_dominant,days_eff=41 days_any=41 cyc_eff=2 hq_nr=0 total_nr=0 cens=0 lg_opp=1 opp=2 norm_anom=-0.00 conf_p=1 micro_only=False cluster=MOBILE_DEEP_CYCLE,No user-facing action; monitoring.,Ambiguous/weak evidence (40d since effective change); monitor next window.,,False,False,False,True,False,False,False,False,0,2026-06-08T10:02:59Z,rolling30-v2.0,30,1,abs_ge_50mWh
WFELTER-F5HN5KV_wfelter,2026-05-19,2026-04-19 23:59:59.999999999,2026-05-19 23:59:59.999999999,471,28.96,0.5,7.385,42.272,28,13,4,0,0,0,0,False,WINDOW_QUALITY_OK,27.0,33.0,6.0,6.215,0.7673,0.087,0.2327,15.0,100.0,85.0,79.0,98.0,100.0,0.0,0.0068,0.9499,0.8928,0.679,87,114,44,98230.0,98140.0,98140.0,98230.0,90.0,6,0,0.0,,,98.33,98.24,0,1,0,0,1,0,1,0,0,1,0,0,0,0,0,0.0,0,0,0,,0.0,,,0.0,0,0,0,,0.0,,2026-05-19 23:59:59.999999999,2025-11-12 15:42:06,2026-05-19 05:57:39,188.346,True,98280.0,2026-03-12 09:27:01,24.0,68.606,9.0,False,98140.0,2026-05-14 11:37:00,33.0,5.516,0.0,True,9,20.0,True,0,0,1,0,0,0,0,0,0,0,0,0,0,0,0,0,1,0,0.0,0,0.0,-0.0,-0.0,68.606,9.0,0,0,0,-0.0,4,MOBILE_DEEP_CYCLE,STATEFUL_WATCH_LARGE_GAP_OR_CENSORED,WINDOW_MICRO_WOBBLE_ONLY,ACTION_MONITOR_NEXT_WINDOW,low,7,large_gap_or_censored_dominant,micro_wobble;large_gap_dominant,days_eff=69 days_any=6 cyc_eff=9 hq_nr=0 total_nr=0 cens=0 lg_opp=1 opp=1 norm_anom=-0.00 conf_p=1 micro_only=True cluster=MOBILE_DEEP_CYCLE,No user-facing action; monitoring.,Ambiguous/weak evidence (68d since effective change); monitor next window.,,False,False,True,True,False,False,False,False,0,2026-06-08T10:02:59Z,rolling30-v2.0,30,1,abs_ge_50mWh
WOMALLEY-55RJ32_womalley,2026-05-19,2026-04-19 23:59:59.999999999,2026-05-19 23:59:59.999999999,448,29.308,0.5,8.489,59.301,30,8,5,0,0,0,0,False,WINDOW_QUALITY_OK,154.0,170.0,16.0,16.378,0.514,0.161,0.486,6.0,100.0,94.0,28.0,94.0,100.0,0.0008,0.0204,0.595,0.5154,0.4106,78,112,39,52870.0,51010.0,51010.0,52870.0,1860.0,22,7,550.0,2026-05-18 13:14:42,170.0,92.75,89.49,1,3,0,0,4,0,3,0,0,3,0,1,0,0,1,0.3841,1,0,1,0.615917,0.2105,0.86181,0.88065,0.4704,1,0,1,0.52957,0.2761,0.46947,2026-05-19 23:59:59.999999999,2025-04-22 15:15:28,2026-05-19 15:39:13,392.364,True,51010.0,2026-05-18 13:14:42,170.0,1.448,0.0,True,51010.0,2026-05-18 13:14:42,170.0,1.448,0.0,True,0,0.0,False,0,0,0,0,0,0,0,0,0,0,0,0,0,0,0,0,0,0,0.0,0,0.0,-0.0,-0.0,1.448,0.0,0,0,0,-0.0,4,MOBILE_DEEP_CYCLE,STATEFUL_WATCH_LOW_EVIDENCE,WINDOW_NORMAL_RESPONDING,ACTION_MONITOR_NEXT_WINDOW,low,8,weak_partial_evidence,,days_eff=1 days_any=1 cyc_eff=0 hq_nr=0 total_nr=0 cens=0 lg_opp=0 opp=0 norm_anom=-0.00 conf_p=0.862 micro_only=False cluster=MOBILE_DEEP_CYCLE,No user-facing action; monitoring.,Ambiguous/weak evidence (1d since effective change); monitor next window.,,False,False,False,False,False,False,False,False,0,2026-06-08T10:02:59Z,rolling30-v2.0,30,1,abs_ge_50mWh
X1C_METEOR,2024-06-20,2024-05-21 23:59:59.999999999,2024-06-20 23:59:59.999999999,1018,29.598,0.5,0.5,94.552,11,6,4,0,0,0,0,False,WINDOW_QUALITY_OK,56.0,66.0,10.0,10.136,0.7939,0.0726,0.2061,2.0,100.0,98.0,63.0,99.0,100.0,0.0051,0.006,0.9037,0.8496,0.7345,127,165,64,56360.0,50720.0,50720.0,56360.0,5640.0,11,2,4370.0,2024-05-23 03:44:52,57.0,98.83,88.94,0,2,0,0,2,0,2,0,0,2,0,2,0,0,2,0.0,0,0,0,,0.0,,,0.0,0,0,0,,0.0,,2024-06-20 23:59:59.999999999,2024-01-25 00:03:28,2024-06-20 14:22:30,147.998,True,50820.0,2024-05-23 03:44:52,57.0,28.844,9.0,True,50720.0,2024-06-12 15:00:51,66.0,8.374,0.0,True,9,20.0,True,0,1,1,0,1,1,0,0,1,1,0,1,1,0,0,0,1,0,0.451,0,-0.59962,0.2604,0.2604,28.844,9.0,1,1,0,0.2604,3,AC_BOUND,STATEFUL_WATCH_LARGE_GAP_OR_CENSORED,WINDOW_NORMAL_RESPONDING,ACTION_MONITOR_NEXT_WINDOW,low,7,large_gap_or_censored_dominant,fw_like;micro_wobble;large_gap_dominant,days_eff=29 days_any=8 cyc_eff=9 hq_nr=0 total_nr=1 cens=0 lg_opp=1 opp=4 norm_anom=0.26 conf_p=1 micro_only=True cluster=AC_BOUND,No user-facing action; monitoring.,Ambiguous/weak evidence (28d since effective change); monitor next window.,,True,False,True,True,False,False,False,False,0,2026-06-08T10:02:59Z,rolling30-v2.0,30,1,abs_ge_50mWh
X1_2-IN-1,2025-10-03,2025-09-03 23:59:59.999999999,2025-10-03 23:59:59.999999999,100,28.927,0.5,23.823,141.937,19,18,4,0,0,0,0,False,WINDOW_QUALITY_OK,10.0,13.0,3.0,3.111,0.5054,0.1927,0.4946,44.0,100.0,56.0,62.9,97.5,100.0,0.0,0.0,0.8041,0.628,0.5591,27,36,14,58480.0,58440.0,58440.0,58480.0,40.0,3,0,0.0,,,102.6,102.53,0,0,0,0,0,0,0,0,0,0,0,0,0,0,0,0.0,0,0,0,,0.0,,,0.0,0,0,0,,0.0,,2025-10-03 23:59:59.999999999,2025-06-03 09:53:26,2025-10-03 07:09:29,122.588,True,58550.0,2025-06-13 07:59:58,4.0,112.667,9.0,False,58440.0,2025-09-30 08:40:23,13.0,3.639,0.0,True,9,20.0,True,0,0,1,0,0,0,0,0,0,1,0,0,0,0,0,0,1,0,0.0,0,0.0,-0.0,-0.0,112.667,9.0,0,0,0,-0.0,5,AC_BOUND,STATEFUL_WATCH_LARGE_GAP_OR_CENSORED,WINDOW_MICRO_WOBBLE_ONLY,ACTION_MONITOR_NEXT_WINDOW,low,7,large_gap_or_censored_dominant,micro_wobble;large_gap_dominant,days_eff=113 days_any=4 cyc_eff=9 hq_nr=0 total_nr=0 cens=0 lg_opp=1 opp=2 norm_anom=-0.00 conf_p=1 micro_only=True cluster=AC_BOUND,No user-facing action; monitoring.,Ambiguous/weak evidence (112d since effective change); monitor next window.,,False,False,True,True,False,False,False,False,0,2026-06-08T10:02:59Z,rolling30-v2.0,30,1,abs_ge_50mWh
X9ALADDIN-NAITO_arima,2025-09-08,2025-08-09 23:59:59.999999999,2025-09-08 23:59:59.999999999,141,29.304,0.5,23.517,88.823,28,23,6,0,0,0,0,False,WINDOW_QUALITY_OK,21.0,26.0,5.0,5.119,0.2689,0.1717,0.7311,6.0,100.0,94.0,13.0,81.0,100.0,0.0154,0.0512,0.4537,0.3497,0.2769,26,33,14,81080.0,81080.0,81080.0,81080.0,0.0,0,0,0.0,,,101.35,101.35,0,2,0,0,2,0,2,0,0,2,0,2,0,0,2,0.0,0,0,0,,0.0,,,0.0,0,0,0,,0.0,,2025-09-08 23:59:59.999999999,2025-01-31 13:21:20,2025-09-08 16:58:47,220.444,True,81080.0,2025-01-31 13:21:20,2.0,220.444,24.0,False,81080.0,2025-01-31 13:21:20,2.0,220.444,24.0,False,0,0.0,False,0,0,7,0,0,0,0,0,0,5,0,0,0,0,0,0,7,0,0.0,0,0.0,-0.0,-0.0,220.444,24.0,0,0,0,-0.0,4,MOBILE_DEEP_CYCLE,STATEFUL_WATCH_LARGE_GAP_OR_CENSORED,WINDOW_LARGE_GAP_AMBIGUOUS,ACTION_MONITOR_NEXT_WINDOW,low,7,large_gap_or_censored_dominant,large_gap_dominant,days_eff=220 days_any=220 cyc_eff=24 hq_nr=0 total_nr=0 cens=0 lg_opp=7 opp=12 norm_anom=-0.00 conf_p=1 micro_only=False cluster=MOBILE_DEEP_CYCLE,No user-facing action; monitoring.,Ambiguous/weak evidence (220d since effective change); monitor next window.,,False,False,False,True,False,False,False,False,0,2026-06-08T10:02:59Z,rolling30-v2.0,30,1,abs_ge_50mWh
XIUQIN_liuxq13,2026-04-27,2026-03-28 23:59:59.999999999,2026-04-27 23:59:59.999999999,477,27.995,0.5,3.917,86.53,22,19,4,0,0,0,0,False,WINDOW_QUALITY_OK,126.0,144.0,18.0,19.289,0.6134,0.3786,0.3866,2.0,100.0,98.0,24.0,78.0,100.0,0.0034,0.0121,0.5279,0.4308,0.3628,134,187,67,48860.0,48560.0,48560.0,49310.0,750.0,19,2,520.0,2026-04-10 21:39:43,135.0,89.24,88.69,0,6,0,0,6,0,3,0,0,3,0,1,0,0,1,0.0,0,0,0,,0.0,,,0.0,0,0,0,,0.0,,2026-04-27 23:59:59.999999999,2025-05-20 10:20:39,2026-04-27 08:22:25,342.569,True,48700.0,2026-04-10 21:39:43,135.0,17.097,9.0,True,48560.0,2026-04-24 08:50:51,144.0,3.631,0.0,True,9,20.0,True,0,1,1,0,0,0,1,0,0,0,0,0,0,0,0,1,1,0,0.0,0,0.0,-0.0,-0.0,17.097,9.0,0,0,0,-0.0,4,MOBILE_DEEP_CYCLE,STATEFUL_WATCH_LARGE_GAP_OR_CENSORED,WINDOW_NORMAL_RESPONDING,ACTION_MONITOR_NEXT_WINDOW,low,7,large_gap_or_censored_dominant,micro_wobble;large_gap_dominant;censored_dominant,days_eff=17 days_any=4 cyc_eff=9 hq_nr=0 total_nr=0 cens=1 lg_opp=1 opp=2 norm_anom=-0.00 conf_p=1 micro_only=True cluster=MOBILE_DEEP_CYCLE,No user-facing action; monitoring.,Ambiguous/weak evidence (17d since effective change); monitor next window.,,False,False,True,True,True,False,False,False,0,2026-06-08T10:02:59Z,rolling30-v2.0,30,1,abs_ge_50mWh
Y25872-PC2DR71X_y25872,2026-05-28,2026-04-28 23:59:59.999999999,2026-05-28 23:59:59.999999999,373,29.381,0.5,8.035,58.311,34,12,6,0,0,0,0,False,WINDOW_QUALITY_OK,150.0,154.0,4.0,4.084,0.6014,0.1014,0.3942,68.0,100.0,32.0,87.0,100.0,100.0,0.0,0.0,0.9722,0.9121,0.7406,65,82,33,45370.0,45370.0,45370.0,45370.0,0.0,0,0,0.0,,,79.6,79.6,0,0,0,0,0,0,0,0,0,0,0,0,0,0,0,0.0,0,0,0,,0.0,,,0.0,0,0,0,,0.0,,2026-05-28 23:59:59.999999999,2023-02-06 09:31:46,2026-05-28 09:18:27,1207.603,True,45370.0,2026-03-03 07:18:03,140.0,86.696,14.0,False,45370.0,2026-03-03 07:18:03,140.0,86.696,14.0,False,0,0.0,False,0,0,1,0,0,0,0,0,0,1,0,0,0,0,0,0,1,0,0.0,0,0.0,-0.0,-0.0,86.696,14.0,0,0,0,-0.0,5,AC_BOUND,STATEFUL_WATCH_LARGE_GAP_OR_CENSORED,WINDOW_INSUFFICIENT_LEARNING_OPPORTUNITY,ACTION_MONITOR_NEXT_WINDOW,low,7,large_gap_or_censored_dominant,large_gap_dominant,days_eff=87 days_any=87 cyc_eff=14 hq_nr=0 total_nr=0 cens=0 lg_opp=1 opp=2 norm_anom=-0.00 conf_p=1 micro_only=False cluster=AC_BOUND,No user-facing action; monitoring.,Ambiguous/weak evidence (86d since effective change); monitor next window.,,False,False,False,True,False,False,False,False,0,2026-06-08T10:02:59Z,rolling30-v2.0,30,1,abs_ge_50mWh
YINGNIE-W01KL34_yingnie,2024-03-06,2024-02-05 23:59:59.999999999,2024-03-06 23:59:59.999999999,428,12.276,0.5,1.105,73.358,1,1,1,0,0,0,0,False,WINDOW_QUALITY_OK,81.0,87.0,6.0,14.663,0.8663,0.3376,0.1337,2.0,100.0,98.0,51.35,100.0,100.0,0.0103,0.0148,0.617,0.5851,0.5588,29,43,15,44610.0,40150.0,40150.0,44610.0,4460.0,1,1,4460.0,2024-02-27 06:34:29,84.0,89.99,81.0,0,1,0,1,2,0,1,0,1,2,0,1,0,1,2,0.0,0,0,0,,0.0,,,0.0,0,0,0,,0.0,,2024-03-06 23:59:59.999999999,2023-02-22 22:46:01,2024-03-06 15:38:46,378.051,True,40150.0,2024-02-27 06:34:29,84.0,8.726,3.0,True,40150.0,2024-02-27 06:34:29,84.0,8.726,3.0,True,0,0.0,False,1,0,1,0,0,0,1,1,0,1,0,0,0,1,0,1,1,0,0.0,0,0.0,-0.0,-0.0,8.726,3.0,0,0,0,-0.0,0,MOBILE_DEEP_CYCLE,STATEFUL_WATCH_LARGE_GAP_OR_CENSORED,WINDOW_NORMAL_RESPONDING,ACTION_MONITOR_NEXT_WINDOW,low,7,large_gap_or_censored_dominant,large_gap_dominant;censored_dominant,days_eff=9 days_any=9 cyc_eff=3 hq_nr=0 total_nr=0 cens=1 lg_opp=1 opp=4 norm_anom=-0.00 conf_p=1 micro_only=False cluster=MOBILE_DEEP_CYCLE,No user-facing action; monitoring.,Ambiguous/weak evidence (8d since effective change); monitor next window.,,False,False,False,True,True,False,False,False,0,2026-06-08T10:02:59Z,rolling30-v2.0,30,1,abs_ge_50mWh
