user_id,window_end_date,window_start_ts,window_end_ts,n_samples_30d,obs_days_in_window,median_interval_h,p95_interval_h,max_gap_h,gaps_gt_6h_count,gaps_gt_12h_count,gaps_gt_24h_count,duplicate_timestamp_count,cycle_decrease_count,fcc_missing_count,rsoc_missing_count,has_counter_reset,window_data_quality_label,cycle_start_30d,cycle_end_30d,cycle_delta_30d,cycle_rate_per_30d,ac_time_ratio_30d,charge_time_ratio_30d,discharge_time_ratio_30d,rsoc_min_30d,rsoc_max_30d,rsoc_swing_30d,rsoc_p05_30d,rsoc_p50_30d,rsoc_p95_30d,frac_below_10_30d,frac_below_20_30d,frac_above_80_30d,frac_above_90_30d,frac_above_95_30d,n_acdc_switches_30d,n_charge_status_switches_30d,n_discharge_sessions_30d,fcc_start_30d,fcc_end_30d,fcc_min_30d,fcc_max_30d,fcc_abs_delta_30d,fcc_any_changes_30d,fcc_effective_changes_30d,fcc_effective_step_abs_max_30d,last_effective_fcc_change_ts_in_window,last_effective_fcc_change_cycle_in_window,soh_start_30d,soh_end_30d,n_80_20_80_ok_complete_30d,n_80_20_80_large_gap_30d,n_80_20_80_no_response_30d,n_80_20_80_censored_30d,n_80_20_80_any_30d,n_85_15_85_ok_complete_30d,n_85_15_85_large_gap_30d,n_85_15_85_no_response_30d,n_85_15_85_censored_30d,n_85_15_85_any_30d,n_90_10_90_ok_complete_30d,n_90_10_90_large_gap_30d,n_90_10_90_no_response_30d,n_90_10_90_censored_30d,n_90_10_90_any_30d,expected_response_30d,observed_response_30d,no_response_count_30d,n_complete_ok_opportunities_30d,p_all_no_response_30d,fw_response_anomaly_score_30d,conformal_p,conformal_p_proxy_final_normal,expected_response_30d_personalized,observed_response_30d_personalized,no_response_count_30d_personalized,n_complete_ok_opportunities_30d_personalized,p_all_no_response_30d_personalized,fw_response_anomaly_score_30d_personalized,conformal_p_personalized,state_as_of_ts,first_seen_ts,last_seen_ts,state_history_days,state_history_sufficient,last_effective_fcc_value,last_effective_fcc_change_ts,last_effective_fcc_change_cycle,days_since_effective_fcc_change,cycles_since_effective_fcc_change,effective_active_flag,last_any_fcc_value,last_any_fcc_change_ts,last_any_fcc_change_cycle,days_since_any_fcc_change,cycles_since_any_fcc_change,legacy_any_active_flag,n_micro_steps_since_effective_change,max_micro_step_mWh_since_effective_change,micro_wobble_only_since_effective_change,cum_primary_ok_opportunities_since_last_effective_change,cum_primary_medium_gap_opportunities_since_last_effective_change,cum_primary_large_gap_opportunities_since_last_effective_change,cum_primary_ok_no_response_since_last_effective_change,cum_primary_medium_gap_no_response_since_last_effective_change,cum_primary_no_response_since_last_effective_change,cum_primary_censored_since_last_effective_change,cum_strict_ok_opportunities_since_last_effective_change,cum_strict_medium_gap_opportunities_since_last_effective_change,cum_strict_large_gap_opportunities_since_last_effective_change,cum_strict_ok_no_response_since_last_effective_change,cum_strict_medium_gap_no_response_since_last_effective_change,cum_strict_no_response_since_last_effective_change,cum_strict_censored_since_last_effective_change,high_quality_no_response_count,censored_count,large_gap_low_quality_count,observed_effective_responses_since_last_effective_change,cum_expected_normative_response,cum_observed_effective_response,cum_log_p_all_no_response_since_last_effective_change,cum_normative_fw_anomaly_score,cumulative_normative_fw_anomaly_score,days_since_last_effective_fcc_change,cycles_since_last_effective_fcc_change,cum_primary_no_response_since_last_fcc_change,cum_strict_no_response_since_last_fcc_change,cum_observed_response_since_last_fcc_change,cum_fw_response_anomaly_score,cluster_id,cluster_profile_name,stateful_label_v2,window_label_v2,recommended_action,confidence,priority,primary_reason,secondary_reasons,evidence_summary,user_message_template,engineering_message_template,would_have_been_label,fw_like_evidence_flag,gauge_like_evidence_flag,micro_wobble_only_flag,large_gap_dominant_flag,censored_dominant_flag,state_history_insufficient_flag,data_quality_review_flag,alert_fired,consecutive_windows_opportunity_no_response,analysis_timestamp,code_version,window_days,stride_days,effective_step_definition
0350LQ-PF593HRF_0350LQ,2025-10-28,2025-09-28 23:59:59.999999999,2025-10-28 23:59:59.999999999,502,28.943,0.5,4.162,61.261,23,20,3,0,0,0,0,False,WINDOW_QUALITY_OK,4.0,7.0,3.0,3.11,0.895,0.0311,0.105,2.0,100.0,98.0,91.05,100.0,100.0,0.0019,0.0019,0.9815,0.9502,0.8649,38,47,19,58960.0,58840.0,58840.0,58960.0,120.0,5,1,50.0,2025-09-30 04:24:32,6.0,103.38,103.17,0,1,0,0,1,0,1,0,0,1,0,1,0,0,1,0.0,0,0,0,,0.0,,,0.0,0,0,0,,0.0,,2025-10-28 23:59:59.999999999,2025-08-06 10:02:35,2025-10-28 09:31:06,83.582,True,58910.0,2025-09-30 04:24:32,6.0,28.816,1.0,True,58840.0,2025-10-27 08:33:15,7.0,1.644,0.0,True,4,40.0,True,0,0,0,0,0,0,0,0,0,0,0,0,0,0,0,0,0,0,0.0,0,0.0,-0.0,-0.0,28.816,1.0,0,0,0,-0.0,4,MOBILE_DEEP_CYCLE,STATEFUL_NORMAL_RESPONDING,WINDOW_NORMAL_RESPONDING,ACTION_NONE,high,9,responding_or_no_concern,micro_wobble,days_eff=29 days_any=2 cyc_eff=1 hq_nr=0 total_nr=0 cens=0 lg_opp=0 opp=0 norm_anom=-0.00 conf_p=1 micro_only=True cluster=MOBILE_DEEP_CYCLE,No action needed.,Responding normally; no concern.,,False,False,True,False,False,False,False,False,0,2026-06-08T10:02:59Z,rolling30-v2.0,30,1,abs_ge_50mWh
ABUCKNER-0B0WH8_abuckner,2026-06-01,2026-05-02 23:59:59.999999999,2026-06-01 23:59:59.999999999,809,28.169,0.5,0.5,71.099,6,5,4,0,0,0,0,False,WINDOW_QUALITY_OK,44.0,45.0,1.0,1.065,0.9749,0.0087,0.0251,4.0,81.0,77.0,76.0,79.0,80.0,0.0062,0.0062,0.0247,0.0,0.0,14,21,7,83400.0,83380.0,83380.0,83400.0,20.0,1,0,0.0,,,92.67,92.64,0,1,0,0,1,0,0,0,0,0,0,0,0,0,0,0.0,0,0,0,,0.0,,,0.0,0,0,0,,0.0,,2026-06-01 23:59:59.999999999,2024-05-06 14:27:28,2026-06-01 14:35:40,756.398,True,83550.0,2024-12-22 15:13:04,34.0,526.366,11.0,False,83380.0,2026-05-21 17:11:37,45.0,11.284,0.0,True,11,20.0,True,0,0,5,0,0,0,0,0,0,0,0,0,0,0,0,0,5,0,0.0,0,0.0,-0.0,-0.0,526.366,11.0,0,0,0,-0.0,2,MOBILE_DEEP_CYCLE,STATEFUL_WATCH_LARGE_GAP_OR_CENSORED,WINDOW_MICRO_WOBBLE_ONLY,ACTION_MONITOR_NEXT_WINDOW,low,7,large_gap_or_censored_dominant,micro_wobble;large_gap_dominant,days_eff=526 days_any=11 cyc_eff=11 hq_nr=0 total_nr=0 cens=0 lg_opp=5 opp=5 norm_anom=-0.00 conf_p=1 micro_only=True cluster=MOBILE_DEEP_CYCLE,No user-facing action; monitoring.,Ambiguous/weak evidence (526d since effective change); monitor next window.,,False,False,True,True,False,False,False,False,0,2026-06-08T10:02:59Z,rolling30-v2.0,30,1,abs_ge_50mWh
ADAMSTHAMESLNLB_Howes,2025-10-02,2025-09-02 23:59:59.999999999,2025-10-02 23:59:59.999999999,566,29.254,0.485,5.41,80.07,25,13,3,0,0,0,0,False,WINDOW_QUALITY_OK,45.0,54.0,9.0,9.229,0.6743,0.1979,0.3257,28.0,100.0,72.0,72.0,97.0,100.0,0.0,0.0,0.911,0.7432,0.6344,192,225,96,58830.0,58690.0,58690.0,58830.0,140.0,10,0,0.0,,,103.16,102.91,0,0,0,0,0,0,0,0,0,0,0,0,0,0,0,0.0,0,0,0,,0.0,,,0.0,0,0,0,,0.0,,2025-10-02 23:59:59.999999999,2025-03-18 20:39:45,2025-10-02 08:42:07,198.139,True,59710.0,2025-03-18 20:39:45,2.0,198.139,52.0,False,58690.0,2025-10-01 10:03:25,54.0,1.581,0.0,True,76,40.0,True,0,0,2,0,0,0,0,0,0,1,0,0,0,0,0,0,2,0,0.0,0,0.0,-0.0,-0.0,198.139,52.0,0,0,0,-0.0,5,AC_BOUND,STATEFUL_GAUGE_SOFT_CALIBRATION_EFFECTIVE_ONLY,WINDOW_MICRO_WOBBLE_ONLY,ACTION_SOFT_CALIBRATION_PROMPT,medium,5,micro_wobble_only_no_effective_relearn,gauge_like;micro_wobble;large_gap_dominant,days_eff=198 days_any=2 cyc_eff=52 hq_nr=0 total_nr=0 cens=0 lg_opp=2 opp=3 norm_anom=-0.00 conf_p=1 micro_only=True cluster=AC_BOUND,A full charge/discharge cycle may help the gauge recalibrate (low priority).,Soft calibration prompt: micro-wobbles present but no meaningful FCC relearning step under the effective threshold for 198d. Not a hard gauge reset target.,,False,True,True,True,False,False,False,False,0,2026-06-08T10:02:59Z,rolling30-v2.0,30,1,abs_ge_50mWh
ADAMS_ALLOY,2025-10-10,2025-09-10 23:59:59.999999999,2025-10-10 23:59:59.999999999,14,12.921,0.5,122.45,303.832,1,1,1,0,0,0,0,False,WINDOW_QUALITY_SHORT_OBS,20.0,21.0,1.0,2.322,1.0,0.9942,0.0,27.0,94.0,67.0,27.65,53.0,93.35,0.0,0.0,0.0058,0.0058,0.0,0,2,0,54950.0,54940.0,54940.0,54950.0,10.0,1,0,0.0,,,99.73,99.71,0,0,0,0,0,0,0,0,0,0,0,0,0,0,0,0.0,0,0,0,,0.0,,,0.0,0,0,0,,0.0,,2025-10-10 23:59:59.999999999,2025-01-08 15:44:58,2025-10-10 14:15:36,275.344,True,55130.0,2025-01-08 15:44:58,1.0,275.344,20.0,False,54940.0,2025-09-27 16:48:43,21.0,13.3,0.0,True,16,20.0,True,0,0,2,0,0,0,0,0,0,2,0,0,0,0,0,0,2,0,0.0,0,0.0,-0.0,-0.0,275.344,20.0,0,0,0,-0.0,-1,SPARSE_OR_GAPPY,STATEFUL_REVIEW_DATA_QUALITY,WINDOW_DATA_QUALITY_REVIEW,ACTION_COLLECT_MORE_DATA_OR_MANUAL_REVIEW,low,1,data_quality_or_history_review,micro_wobble;large_gap_dominant,days_eff=275 days_any=13 cyc_eff=20 hq_nr=0 total_nr=0 cens=0 lg_opp=2 opp=4 norm_anom=-0.00 conf_p=1 micro_only=True cluster=SPARSE_OR_GAPPY,No user-facing action; collecting more data.,Data-quality/history review outranks action (would_have_been=NONE). Collect more data or manual review.,NONE,False,False,True,True,False,False,True,False,0,2026-06-08T10:02:59Z,rolling30-v2.0,30,1,abs_ge_50mWh
ADAMS_JAGUAR3,2025-04-11,2025-03-12 23:59:59.999999999,2025-04-11 23:59:59.999999999,428,28.95,0.5,10.062,30.244,38,11,1,0,0,0,0,False,WINDOW_QUALITY_OK,116.0,116.0,0.0,0.0,0.9794,0.0226,0.0206,77.0,100.0,23.0,95.0,98.0,100.0,0.0,0.0,0.9919,0.9919,0.847,4,11,2,44750.0,44750.0,44750.0,44750.0,0.0,0,0,0.0,,,78.44,78.44,0,0,0,0,0,0,0,0,0,0,0,0,0,0,0,0.0,0,0,0,,0.0,,,0.0,0,0,0,,0.0,,2025-04-11 23:59:59.999999999,2023-04-03 13:40:35,2025-04-11 06:41:15,739.43,True,44750.0,2025-01-11 12:18:49,111.0,90.487,5.0,False,44750.0,2025-01-11 12:18:49,111.0,90.487,5.0,False,0,0.0,False,0,2,1,0,2,2,0,0,2,1,0,2,2,0,0,0,1,0,0.871,0,-1.14375,0.4967,0.4967,90.487,5.0,2,2,0,0.4967,5,AC_BOUND,STATEFUL_FW_WATCH_HIGH_ANOMALY,WINDOW_INSUFFICIENT_LEARNING_OPPORTUNITY,ACTION_FW_ENGINEERING_REVIEW,medium,4,fw_like_no_response_core_requirement_short,fw_like,days_eff=90 days_any=90 cyc_eff=5 hq_nr=0 total_nr=2 cens=0 lg_opp=1 opp=6 norm_anom=0.50 conf_p=1 micro_only=False cluster=AC_BOUND,No user-facing action; monitoring.,"FW-like no-response signal but a core requirement is short (staleness/cycles/quality). Monitor and add to FW engineering queue. normative anomaly 0.50, 2 no_response since last effective change (90d ago).",,True,False,False,False,False,False,False,True,0,2026-06-08T10:02:59Z,rolling30-v2.0,30,1,abs_ge_50mWh
ADIEHL-PF4CNVD9_adiehl,2024-01-18,2023-12-19 23:59:59.999999999,2024-01-18 23:59:59.999999999,320,29.187,0.5,5.474,195.075,15,12,5,0,0,0,0,False,WINDOW_QUALITY_OK,56.0,64.0,8.0,8.223,0.5263,0.1207,0.4737,1.0,100.0,99.0,6.95,95.0,100.0,0.0791,0.1241,0.613,0.558,0.4963,52,75,26,54820.0,54280.0,53710.0,54820.0,1110.0,4,3,590.0,2024-01-16 20:54:37,63.0,96.18,95.23,2,4,2,1,7,2,3,2,1,6,2,2,2,1,5,0.8814,0,2,2,0.312818,0.5047,0.29672,0.28263,0.6479,0,2,2,0.457052,0.34,0.42562,2024-01-18 23:59:59.999999999,2023-05-24 14:15:44,2024-01-18 13:41:48,239.406,True,54280.0,2024-01-16 20:54:37,63.0,2.129,1.0,True,54280.0,2024-01-16 20:54:37,63.0,2.129,1.0,True,0,0.0,False,1,0,0,0,0,0,1,1,0,0,0,0,0,1,0,1,0,0,0.0,0,0.0,-0.0,-0.0,2.129,1.0,0,0,0,-0.0,4,MOBILE_DEEP_CYCLE,STATEFUL_WATCH_LARGE_GAP_OR_CENSORED,WINDOW_NORMAL_RESPONDING,ACTION_MONITOR_NEXT_WINDOW,low,7,large_gap_or_censored_dominant,censored_dominant,days_eff=2 days_any=2 cyc_eff=1 hq_nr=0 total_nr=0 cens=1 lg_opp=0 opp=2 norm_anom=-0.00 conf_p=0.297 micro_only=False cluster=MOBILE_DEEP_CYCLE,No user-facing action; monitoring.,Ambiguous/weak evidence (2d since effective change); monitor next window.,,False,False,False,False,True,False,False,False,0,2026-06-08T10:02:59Z,rolling30-v2.0,30,1,abs_ge_50mWh
AGEORGE3-4SA7W2_ageorge3,2024-10-24,2024-09-24 23:59:59.999999999,2024-10-24 23:59:59.999999999,440,28.978,0.5,6.953,68.783,27,11,5,0,0,0,0,False,WINDOW_QUALITY_OK,19.0,21.0,2.0,2.071,0.8619,0.0307,0.1381,17.0,100.0,83.0,72.0,100.0,100.0,0.0,0.0003,0.864,0.8436,0.7944,28,35,14,55110.0,55110.0,55110.0,55110.0,0.0,0,0,0.0,,,100.69,100.69,0,1,0,0,1,0,0,0,0,0,0,0,0,0,0,0.0,0,0,0,,0.0,,,0.0,0,0,0,,0.0,,2024-10-24 23:59:59.999999999,2024-04-03 11:59:17,2024-10-24 09:00:42,204.5,True,55110.0,2024-04-21 23:20:38,8.0,186.027,13.0,False,55110.0,2024-04-21 23:20:38,8.0,186.027,13.0,False,0,0.0,False,0,0,2,0,0,0,0,0,0,0,0,0,0,0,0,0,2,0,0.0,0,0.0,-0.0,-0.0,186.027,13.0,0,0,0,-0.0,5,AC_BOUND,STATEFUL_GAUGE_REVIEW,WINDOW_LARGE_GAP_AMBIGUOUS,ACTION_COLLECT_MORE_DATA_OR_MANUAL_REVIEW,low,6,gauge_like_but_large_gap_ambiguity,gauge_like;large_gap_dominant,days_eff=186 days_any=186 cyc_eff=13 hq_nr=0 total_nr=0 cens=0 lg_opp=2 opp=2 norm_anom=-0.00 conf_p=1 micro_only=False cluster=AC_BOUND,No user-facing action; under review.,Gauge-like staleness (186d) but large-gap opportunities prevent a firm no-opportunity conclusion. Manual/engineering review.,GAUGE_SOFT_OR_REVIEW_LIKE,False,True,False,True,False,False,False,False,0,2026-06-08T10:02:59Z,rolling30-v2.0,30,1,abs_ge_50mWh
AH-PF2PXA6R_ah,2026-02-11,2026-01-12 23:59:59.999999999,2026-02-11 23:59:59.999999999,1462,29.181,0.5,0.5,6.753,1,0,0,0,0,0,0,False,WINDOW_QUALITY_OK,66.0,70.0,4.0,4.112,0.9468,0.0775,0.0532,57.0,100.0,43.0,88.0,100.0,100.0,0.0,0.0,0.9801,0.9424,0.9047,82,97,41,57570.0,57570.0,57570.0,57570.0,0.0,0,0,0.0,,,101.0,101.0,0,0,0,0,0,0,0,0,0,0,0,0,0,0,0,0.0,0,0,0,,0.0,,,0.0,0,0,0,,0.0,,2026-02-11 23:59:59.999999999,2025-03-03 16:22:07,2026-02-11 15:22:54,345.318,True,57570.0,2025-03-11 17:00:03,4.0,337.292,66.0,False,57570.0,2025-03-11 17:00:03,4.0,337.292,66.0,False,0,0.0,False,1,0,1,1,0,1,0,0,0,1,0,0,0,0,1,0,1,0,0.335,0,-0.40799,0.1772,0.1772,337.292,66.0,1,0,0,0.1772,5,AC_BOUND,STATEFUL_FW_WATCH_HIGH_ANOMALY,WINDOW_INSUFFICIENT_LEARNING_OPPORTUNITY,ACTION_FW_ENGINEERING_REVIEW,medium,4,fw_like_no_response_core_requirement_short,fw_like;gauge_like;large_gap_dominant,days_eff=337 days_any=337 cyc_eff=66 hq_nr=1 total_nr=1 cens=0 lg_opp=1 opp=3 norm_anom=0.18 conf_p=1 micro_only=False cluster=AC_BOUND,No user-facing action; monitoring.,"FW-like no-response signal but a core requirement is short (staleness/cycles/quality). Monitor and add to FW engineering queue. normative anomaly 0.18, 1 no_response since last effective change (337d ago).",,True,True,False,True,False,False,False,False,0,2026-06-08T10:02:59Z,rolling30-v2.0,30,1,abs_ge_50mWh
AH-PF4KXDJ8_ah,2024-05-29,2024-04-29 23:59:59.999999999,2024-05-29 23:59:59.999999999,1520,29.494,0.5,0.5,0.904,0,0,0,0,0,0,0,False,WINDOW_QUALITY_OK,36.0,41.0,5.0,5.086,0.9701,0.1474,0.0299,30.0,100.0,70.0,78.0,100.0,100.0,0.0,0.0,0.9569,0.9162,0.7428,92,108,46,54670.0,54500.0,54500.0,54670.0,170.0,5,0,0.0,,,95.86,95.56,0,0,0,0,0,0,0,0,0,0,0,0,0,0,0,0.0,0,0,0,,0.0,,,0.0,0,0,0,,0.0,,2024-05-29 23:59:59.999999999,2023-10-02 13:13:32,2024-05-29 12:11:38,240.449,True,54670.0,2024-04-25 12:13:32,36.0,34.491,5.0,True,54500.0,2024-05-28 15:52:13,41.0,1.339,0.0,True,5,40.0,True,0,0,0,0,0,0,0,0,0,0,0,0,0,0,0,0,0,0,0.0,0,0.0,-0.0,-0.0,34.491,5.0,0,0,0,-0.0,5,AC_BOUND,STATEFUL_NORMAL_RESPONDING,WINDOW_MICRO_WOBBLE_ONLY,ACTION_NONE,high,9,responding_or_no_concern,micro_wobble,days_eff=34 days_any=1 cyc_eff=5 hq_nr=0 total_nr=0 cens=0 lg_opp=0 opp=0 norm_anom=-0.00 conf_p=1 micro_only=True cluster=AC_BOUND,No action needed.,Responding normally; no concern.,,False,False,True,False,False,False,False,False,0,2026-06-08T10:02:59Z,rolling30-v2.0,30,1,abs_ge_50mWh
AIII1-PF55Q7L6_aiii1,2025-12-08,2025-11-08 23:59:59.999999999,2025-12-08 23:59:59.999999999,2,0.002,0.054,0.054,0.054,0,0,0,0,0,0,0,False,WINDOW_QUALITY_SHORT_OBS,40.0,40.0,0.0,0.0,0.0,0.0,1.0,54.0,54.0,0.0,54.0,54.0,54.0,0.0,0.0,0.0,0.0,0.0,1,1,1,89450.0,89450.0,89450.0,89450.0,0.0,0,0,0.0,,,102.37,102.37,0,0,0,0,0,0,0,0,0,0,0,0,0,0,0,0.0,0,0,0,,0.0,,,0.0,0,0,0,,0.0,,2025-12-08 23:59:59.999999999,2025-04-09 15:19:19,2025-12-08 11:38:03,243.362,True,89450.0,2025-04-09 15:19:19,0.0,243.362,40.0,False,89450.0,2025-04-09 15:19:19,0.0,243.362,40.0,False,0,0.0,False,0,4,11,0,4,4,0,0,0,0,0,0,0,0,0,0,11,0,1.5797,0,-2.018,0.8764,0.8764,243.362,40.0,4,0,0,0.8764,-1,SPARSE_OR_GAPPY,STATEFUL_REVIEW_DATA_QUALITY,WINDOW_DATA_QUALITY_REVIEW,ACTION_COLLECT_MORE_DATA_OR_MANUAL_REVIEW,low,1,data_quality_or_history_review,fw_like;large_gap_dominant,days_eff=243 days_any=243 cyc_eff=40 hq_nr=0 total_nr=4 cens=0 lg_opp=11 opp=15 norm_anom=0.88 conf_p=1 micro_only=False cluster=SPARSE_OR_GAPPY,No user-facing action; collecting more data.,Data-quality/history review outranks action (would_have_been=FW_WATCH_LIKE). Collect more data or manual review.,FW_WATCH_LIKE,True,False,False,True,False,False,True,False,0,2026-06-08T10:02:59Z,rolling30-v2.0,30,1,abs_ge_50mWh
AIII1-PF6249QS_aiii1,2026-05-19,2026-04-19 23:59:59.999999999,2026-05-19 23:59:59.999999999,334,29.075,0.5,11.547,113.383,22,17,4,0,0,0,0,False,WINDOW_QUALITY_OK,19.0,28.0,9.0,9.286,0.5777,0.0768,0.4223,2.0,100.0,98.0,30.0,81.0,94.0,0.0031,0.035,0.5251,0.0888,0.0641,86,107,43,59040.0,58930.0,58930.0,59040.0,110.0,9,0,0.0,,,98.4,98.22,0,4,0,0,4,0,3,0,0,3,0,1,0,0,1,0.0,0,0,0,,0.0,,,0.0,0,0,0,,0.0,,2026-05-19 23:59:59.999999999,2026-01-29 14:20:30,2026-05-19 10:15:31,110.402,True,59200.0,2026-02-17 09:00:47,5.0,91.624,23.0,False,58930.0,2026-05-13 09:34:38,28.0,6.601,0.0,True,23,20.0,True,1,2,6,1,2,3,0,0,0,1,0,0,0,0,1,0,6,0,1.2191,0,-1.56891,0.6814,0.6814,91.624,23.0,3,0,0,0.6814,1,AC_BOUND,STATEFUL_FW_WATCH_HIGH_ANOMALY,WINDOW_MICRO_WOBBLE_ONLY,ACTION_FW_ENGINEERING_REVIEW,medium,4,fw_like_no_response_core_requirement_short,fw_like;micro_wobble;large_gap_dominant,days_eff=92 days_any=7 cyc_eff=23 hq_nr=1 total_nr=3 cens=0 lg_opp=6 opp=10 norm_anom=0.68 conf_p=1 micro_only=True cluster=AC_BOUND,No user-facing action; monitoring.,"FW-like no-response signal but a core requirement is short (staleness/cycles/quality). Monitor and add to FW engineering queue. normative anomaly 0.68, 3 no_response since last effective change (91d ago).",,True,False,True,True,False,False,False,False,0,2026-06-08T10:02:59Z,rolling30-v2.0,30,1,abs_ge_50mWh
AIII1-PW0J2TQF_aiii1,2026-01-28,2025-12-29 23:59:59.999999999,2026-01-28 23:59:59.999999999,296,28.821,0.5,8.303,236.495,17,11,5,0,0,0,0,False,WINDOW_QUALITY_OK,44.0,49.0,5.0,5.205,0.6906,0.0676,0.3094,15.0,80.0,65.0,32.0,75.0,79.0,0.0,0.0185,0.0,0.0,0.0,56,65,28,54210.0,54130.0,54130.0,54210.0,80.0,5,0,0.0,,,99.01,98.87,0,2,0,0,2,0,0,0,0,0,0,0,0,0,0,0.0,0,0,0,,0.0,,,0.0,0,0,0,,0.0,,2026-01-28 23:59:59.999999999,2025-08-20 11:34:54,2026-01-28 11:18:45,161.517,True,54760.0,2025-08-20 11:34:54,2.0,161.517,47.0,False,54130.0,2026-01-28 09:48:45,49.0,0.591,0.0,True,40,20.0,True,0,1,9,0,1,1,0,0,0,0,0,0,0,0,0,0,9,0,0.335,0,-0.40799,0.1772,0.1772,161.517,47.0,1,0,0,0.1772,2,MOBILE_DEEP_CYCLE,STATEFUL_FW_WATCH_HIGH_ANOMALY,WINDOW_MICRO_WOBBLE_ONLY,ACTION_FW_ENGINEERING_REVIEW,medium,4,fw_like_no_response_core_requirement_short,fw_like;micro_wobble;large_gap_dominant,days_eff=162 days_any=1 cyc_eff=47 hq_nr=0 total_nr=1 cens=0 lg_opp=9 opp=10 norm_anom=0.18 conf_p=1 micro_only=True cluster=MOBILE_DEEP_CYCLE,No user-facing action; monitoring.,"FW-like no-response signal but a core requirement is short (staleness/cycles/quality). Monitor and add to FW engineering queue. normative anomaly 0.18, 1 no_response since last effective change (161d ago).",,True,False,True,True,False,False,False,False,0,2026-06-08T10:02:59Z,rolling30-v2.0,30,1,abs_ge_50mWh
AINOW_UX,2025-12-29,2025-11-29 23:59:59.999999999,2025-12-29 23:59:59.999999999,396,7.264,0.163,0.5,65.21,2,2,1,0,0,0,0,False,WINDOW_QUALITY_OK,5.0,7.0,2.0,8.26,0.7214,0.106,0.2786,2.0,100.0,98.0,44.75,97.0,100.0,0.0264,0.0399,0.7581,0.6952,0.6217,22,37,12,58580.0,58560.0,58560.0,58580.0,20.0,2,0,0.0,,,101.0,100.97,0,1,0,0,1,0,1,0,0,1,0,1,0,0,1,0.0,0,0,0,,0.0,,,0.0,0,0,0,,0.0,,2025-12-29 23:59:59.999999999,2025-12-22 10:35:29,2025-12-29 16:55:49,7.559,False,58580.0,2025-12-22 10:35:29,5.0,7.559,2.0,False,58560.0,2025-12-24 16:48:07,7.0,5.3,0.0,False,2,10.0,True,0,1,0,0,1,1,0,0,1,0,0,1,1,0,0,0,0,0,0.3144,0,-0.3775,0.1639,0.1639,7.559,2.0,1,1,0,0.1639,3,AC_BOUND,STATEFUL_REVIEW_DATA_QUALITY,WINDOW_MICRO_WOBBLE_ONLY,ACTION_COLLECT_MORE_DATA_OR_MANUAL_REVIEW,low,1,data_quality_or_history_review,fw_like;micro_wobble,days_eff=8 days_any=5 cyc_eff=2 hq_nr=0 total_nr=1 cens=0 lg_opp=0 opp=2 norm_anom=0.16 conf_p=1 micro_only=True cluster=AC_BOUND,No user-facing action; collecting more data.,Data-quality/history review outranks action (would_have_been=FW_WATCH_LIKE). Collect more data or manual review.,FW_WATCH_LIKE,True,False,True,False,False,True,False,False,0,2026-06-08T10:02:59Z,rolling30-v2.0,30,1,abs_ge_50mWh
AKOZLOWSKI-ALZD_akozlowski,2026-06-01,2026-05-02 23:59:59.999999999,2026-06-01 23:59:59.999999999,346,27.947,0.5,11.926,63.066,26,17,4,0,0,0,0,False,WINDOW_QUALITY_OK,1.0,15.0,14.0,15.028,0.2547,0.1632,0.7453,2.0,100.0,98.0,23.0,60.0,100.0,0.0212,0.0401,0.2987,0.2095,0.1638,60,85,30,75010.0,74940.0,74940.0,75010.0,70.0,6,0,0.0,,,100.01,99.92,0,3,0,0,3,0,2,0,0,2,0,1,0,0,1,0.0,0,0,0,,0.0,,,0.0,0,0,0,,0.0,,2026-06-01 23:59:59.999999999,2026-05-04 15:20:52,2026-06-01 14:04:54,28.361,False,75010.0,2026-05-04 15:20:52,1.0,28.361,14.0,False,74940.0,2026-05-28 14:10:15,15.0,4.41,0.0,False,6,20.0,True,0,1,2,0,1,1,0,0,0,1,0,0,0,0,0,0,2,0,0.3841,0,-0.48464,0.2105,0.2105,28.361,14.0,1,0,0,0.2105,4,MOBILE_DEEP_CYCLE,STATEFUL_REVIEW_DATA_QUALITY,WINDOW_MICRO_WOBBLE_ONLY,ACTION_COLLECT_MORE_DATA_OR_MANUAL_REVIEW,low,1,data_quality_or_history_review,fw_like;micro_wobble;large_gap_dominant,days_eff=28 days_any=4 cyc_eff=14 hq_nr=0 total_nr=1 cens=0 lg_opp=2 opp=4 norm_anom=0.21 conf_p=1 micro_only=True cluster=MOBILE_DEEP_CYCLE,No user-facing action; collecting more data.,Data-quality/history review outranks action (would_have_been=FW_WATCH_LIKE). Collect more data or manual review.,FW_WATCH_LIKE,True,False,True,True,False,True,False,False,0,2026-06-08T10:02:59Z,rolling30-v2.0,30,1,abs_ge_50mWh
AL-SVT7_xuxru,2025-03-17,2025-02-15 23:59:59.999999999,2025-03-17 23:59:59.999999999,526,26.886,0.446,8.163,32.437,29,17,2,0,0,0,0,False,WINDOW_QUALITY_OK,33.0,52.0,19.0,21.2,0.3295,0.2364,0.6705,1.0,100.0,99.0,16.25,83.0,100.0,0.041,0.0651,0.4347,0.3244,0.2308,126,162,64,55310.0,54290.0,53840.0,55310.0,1470.0,22,5,1160.0,2025-03-12 10:44:32,49.0,100.38,98.53,1,7,0,0,8,1,4,0,0,5,0,3,0,0,3,0.3841,1,0,1,0.615917,0.2105,0.86181,0.88065,0.4704,1,0,1,0.52957,0.2761,0.46947,2025-03-17 23:59:59.999999999,2025-02-18 11:27:19,2025-03-17 08:43:27,27.523,False,54320.0,2025-03-12 10:44:32,49.0,5.552,3.0,False,54290.0,2025-03-14 13:41:17,52.0,3.43,0.0,False,3,10.0,True,0,1,0,0,0,0,1,0,0,0,0,0,0,0,0,1,0,0,0.0,0,0.0,-0.0,-0.0,5.552,3.0,0,0,0,-0.0,4,MOBILE_DEEP_CYCLE,STATEFUL_REVIEW_DATA_QUALITY,WINDOW_NORMAL_RESPONDING,ACTION_COLLECT_MORE_DATA_OR_MANUAL_REVIEW,low,1,data_quality_or_history_review,micro_wobble;censored_dominant,days_eff=6 days_any=3 cyc_eff=3 hq_nr=0 total_nr=0 cens=1 lg_opp=0 opp=1 norm_anom=-0.00 conf_p=0.862 micro_only=True cluster=MOBILE_DEEP_CYCLE,No user-facing action; collecting more data.,Data-quality/history review outranks action (would_have_been=NONE). Collect more data or manual review.,NONE,False,False,True,False,True,True,False,False,0,2026-06-08T10:02:59Z,rolling30-v2.0,30,1,abs_ge_50mWh
ALLOY-SIT_mripp,2024-12-31,2024-12-01 23:59:59.999999999,2024-12-31 23:59:59.999999999,168,28.393,0.5,19.417,199.313,16,12,7,0,0,0,0,False,WINDOW_QUALITY_OK,6.0,6.0,0.0,0.0,0.9707,0.0171,0.0293,77.0,100.0,23.0,95.0,99.0,100.0,0.0,0.0,0.9989,0.9706,0.836,8,10,4,55120.0,55120.0,55120.0,55120.0,0.0,0,0,0.0,,,100.04,100.04,0,0,0,0,0,0,0,0,0,0,0,0,0,0,0,0.0,0,0,0,,0.0,,,0.0,0,0,0,,0.0,,2024-12-31 23:59:59.999999999,2024-11-22 20:27:07,2024-12-31 05:26:06,39.148,False,55130.0,2024-11-22 20:27:07,5.0,39.148,1.0,False,55120.0,2024-11-25 07:00:31,6.0,36.708,0.0,False,1,10.0,True,0,0,0,0,0,0,0,0,0,0,0,0,0,0,0,0,0,0,0.0,0,0.0,-0.0,-0.0,39.148,1.0,0,0,0,-0.0,5,AC_BOUND,STATEFUL_REVIEW_DATA_QUALITY,WINDOW_INSUFFICIENT_LEARNING_OPPORTUNITY,ACTION_COLLECT_MORE_DATA_OR_MANUAL_REVIEW,low,1,data_quality_or_history_review,micro_wobble,days_eff=39 days_any=37 cyc_eff=1 hq_nr=0 total_nr=0 cens=0 lg_opp=0 opp=0 norm_anom=-0.00 conf_p=1 micro_only=True cluster=AC_BOUND,No user-facing action; collecting more data.,Data-quality/history review outranks action (would_have_been=NONE). Collect more data or manual review.,NONE,False,False,True,False,False,True,False,False,0,2026-06-08T10:02:59Z,rolling30-v2.0,30,1,abs_ge_50mWh
ALLOY_FINALSVT,2025-07-25,2025-06-25 23:59:59.999999999,2025-07-25 23:59:59.999999999,665,25.986,0.5,0.501,37.484,21,13,4,0,0,0,0,False,WINDOW_QUALITY_OK,31.0,36.0,5.0,5.772,0.8156,0.1015,0.1845,25.0,100.0,75.0,76.2,100.0,100.0,0.0,0.0,0.9166,0.8539,0.7883,67,88,35,54580.0,54520.0,54520.0,54580.0,60.0,5,0,0.0,,,99.06,98.95,0,0,0,0,0,0,0,0,0,0,0,0,0,0,0,0.0,0,0,0,,0.0,,,0.0,0,0,0,,0.0,,2025-07-25 23:59:59.999999999,2025-04-14 23:54:41,2025-07-25 08:31:28,102.004,True,54650.0,2025-06-03 14:06:38,25.0,52.412,11.0,True,54520.0,2025-07-24 21:59:07,36.0,1.084,0.0,True,11,20.0,True,0,0,0,0,0,0,0,0,0,0,0,0,0,0,0,0,0,0,0.0,0,0.0,-0.0,-0.0,52.412,11.0,0,0,0,-0.0,5,AC_BOUND,STATEFUL_NORMAL_RESPONDING,WINDOW_MICRO_WOBBLE_ONLY,ACTION_NONE,high,9,responding_or_no_concern,micro_wobble,days_eff=52 days_any=1 cyc_eff=11 hq_nr=0 total_nr=0 cens=0 lg_opp=0 opp=0 norm_anom=-0.00 conf_p=1 micro_only=True cluster=AC_BOUND,No action needed.,Responding normally; no concern.,,False,False,True,False,False,False,False,False,0,2026-06-08T10:02:59Z,rolling30-v2.0,30,1,abs_ge_50mWh
AMALU_asanthosh,2025-05-29,2025-04-29 23:59:59.999999999,2025-05-29 23:59:59.999999999,375,29.273,0.5,8.994,93.451,23,14,4,0,0,0,0,False,WINDOW_QUALITY_OK,60.0,79.0,19.0,19.472,0.3207,0.1688,0.6793,1.0,100.0,99.0,3.0,58.0,100.0,0.0979,0.1623,0.3711,0.2662,0.2053,59,70,30,57190.0,54260.0,54260.0,57290.0,3030.0,30,11,1870.0,2025-05-28 15:49:32,77.0,100.28,95.14,5,9,2,0,14,5,8,2,0,13,5,8,2,0,13,2.1724,3,2,5,0.057833,1.2378,0.0562,0.0614,3.1597,3,2,5,0.004904,2.3094,0.06184,2025-05-29 23:59:59.999999999,2025-01-23 13:33:24,2025-05-29 13:27:35,126.435,True,54290.0,2025-05-28 15:49:32,77.0,1.341,2.0,True,54260.0,2025-05-29 12:09:04,79.0,0.494,0.0,True,2,20.0,True,0,1,0,0,0,0,1,0,1,0,0,0,0,1,0,1,0,0,0.0,0,0.0,-0.0,-0.0,1.341,2.0,0,0,0,-0.0,4,MOBILE_DEEP_CYCLE,STATEFUL_WATCH_LARGE_GAP_OR_CENSORED,WINDOW_NORMAL_RESPONDING,ACTION_MONITOR_NEXT_WINDOW,low,7,large_gap_or_censored_dominant,micro_wobble;censored_dominant,days_eff=1 days_any=0 cyc_eff=2 hq_nr=0 total_nr=0 cens=1 lg_opp=0 opp=2 norm_anom=-0.00 conf_p=0.0562 micro_only=True cluster=MOBILE_DEEP_CYCLE,No user-facing action; monitoring.,Ambiguous/weak evidence (1d since effective change); monitor next window.,,False,False,True,False,True,False,False,False,0,2026-06-08T10:02:59Z,rolling30-v2.0,30,1,abs_ge_50mWh
AMANDELBLOO-4SM_amandelbloom,2026-05-19,2026-04-19 23:59:59.999999999,2026-05-19 23:59:59.999999999,208,28.257,0.5,7.219,291.501,11,9,3,0,0,0,0,False,WINDOW_QUALITY_OK,112.0,114.0,2.0,2.123,0.8592,0.0917,0.1408,2.0,100.0,98.0,47.35,100.0,100.0,0.0045,0.0045,0.9388,0.9033,0.8445,14,23,7,52310.0,52290.0,52290.0,52310.0,20.0,2,0,0.0,,,94.94,94.9,0,1,0,0,1,0,1,0,0,1,0,1,0,0,1,0.0,0,0,0,,0.0,,,0.0,0,0,0,,0.0,,2026-05-19 23:59:59.999999999,2025-01-08 11:12:54,2026-05-19 19:08:14,496.533,True,52370.0,2026-01-05 19:24:44,107.0,134.191,7.0,False,52290.0,2026-04-27 13:47:34,114.0,22.425,0.0,True,7,20.0,True,0,0,2,0,0,0,0,0,0,1,0,0,0,0,0,0,2,0,0.0,0,0.0,-0.0,-0.0,134.191,7.0,0,0,0,-0.0,4,MOBILE_DEEP_CYCLE,STATEFUL_WATCH_LARGE_GAP_OR_CENSORED,WINDOW_MICRO_WOBBLE_ONLY,ACTION_MONITOR_NEXT_WINDOW,low,7,large_gap_or_censored_dominant,micro_wobble;large_gap_dominant,days_eff=134 days_any=22 cyc_eff=7 hq_nr=0 total_nr=0 cens=0 lg_opp=2 opp=3 norm_anom=-0.00 conf_p=1 micro_only=True cluster=MOBILE_DEEP_CYCLE,No user-facing action; monitoring.,Ambiguous/weak evidence (134d since effective change); monitor next window.,,False,False,True,True,False,False,False,False,0,2026-06-08T10:02:59Z,rolling30-v2.0,30,1,abs_ge_50mWh
AMANDELBLOO-9TD_amandelbloom,2026-05-12,2026-04-12 23:59:59.999999999,2026-05-12 23:59:59.999999999,275,28.913,0.5,0.5,211.004,11,11,4,0,0,0,0,False,WINDOW_QUALITY_OK,16.0,19.0,3.0,3.113,0.7365,0.0807,0.2635,1.0,100.0,99.0,23.7,96.0,100.0,0.031,0.0466,0.7614,0.7333,0.6819,29,35,15,75620.0,74820.0,74820.0,75620.0,800.0,4,1,760.0,2026-05-11 07:30:18,19.0,100.83,99.76,1,1,1,0,2,1,1,1,0,2,1,1,1,0,2,0.451,0,1,1,0.54902,0.2604,0.53695,0.52345,0.2298,0,1,1,0.770201,0.1134,0.72253,2026-05-12 23:59:59.999999999,2026-01-14 13:19:27,2026-05-12 08:08:15,118.445,True,74820.0,2026-05-11 07:30:18,19.0,1.687,0.0,True,74820.0,2026-05-11 07:30:18,19.0,1.687,0.0,True,0,0.0,False,0,0,0,0,0,0,0,0,0,0,0,0,0,0,0,0,0,0,0.0,0,0.0,-0.0,-0.0,1.687,0.0,0,0,0,-0.0,4,MOBILE_DEEP_CYCLE,STATEFUL_WATCH_LOW_EVIDENCE,WINDOW_NORMAL_RESPONDING,ACTION_MONITOR_NEXT_WINDOW,low,8,weak_partial_evidence,,days_eff=2 days_any=2 cyc_eff=0 hq_nr=0 total_nr=0 cens=0 lg_opp=0 opp=0 norm_anom=-0.00 conf_p=0.537 micro_only=False cluster=MOBILE_DEEP_CYCLE,No user-facing action; monitoring.,Ambiguous/weak evidence (1d since effective change); monitor next window.,,False,False,False,False,False,False,False,False,0,2026-06-08T10:02:59Z,rolling30-v2.0,30,1,abs_ge_50mWh
AMANDELBLOO-VBQ_amandelbloom,2024-11-27,2024-10-28 23:59:59.999999999,2024-11-27 23:59:59.999999999,12,10.003,0.174,110.842,176.656,3,3,2,0,0,0,0,False,WINDOW_QUALITY_SHORT_OBS,23.0,23.0,0.0,0.0,1.0,0.7044,0.0,61.0,96.0,35.0,71.45,95.0,96.0,0.0,0.0,0.9256,0.9028,0.2956,0,2,0,52230.0,52230.0,52230.0,52230.0,0.0,0,0,0.0,,,95.48,95.48,0,0,0,0,0,0,0,0,0,0,0,0,0,0,0,0.0,0,0,0,,0.0,,,0.0,0,0,0,,0.0,,2024-11-27 23:59:59.999999999,2023-08-30 13:09:23,2024-11-27 10:16:47,455.452,True,52320.0,2024-01-08 13:10:07,20.0,324.451,3.0,False,52230.0,2024-04-26 12:23:59,23.0,215.483,0.0,False,3,30.0,True,0,0,1,0,0,0,0,0,0,1,0,0,0,0,0,0,1,0,0.0,0,0.0,-0.0,-0.0,324.451,3.0,0,0,0,-0.0,-1,SPARSE_OR_GAPPY,STATEFUL_REVIEW_DATA_QUALITY,WINDOW_DATA_QUALITY_REVIEW,ACTION_COLLECT_MORE_DATA_OR_MANUAL_REVIEW,low,1,data_quality_or_history_review,micro_wobble;large_gap_dominant,days_eff=324 days_any=215 cyc_eff=3 hq_nr=0 total_nr=0 cens=0 lg_opp=1 opp=2 norm_anom=-0.00 conf_p=1 micro_only=True cluster=SPARSE_OR_GAPPY,No user-facing action; collecting more data.,Data-quality/history review outranks action (would_have_been=NONE). Collect more data or manual review.,NONE,False,False,True,True,False,False,True,False,0,2026-06-08T10:02:59Z,rolling30-v2.0,30,1,abs_ge_50mWh
AMANDELBLOOXH8H_amandelbloom,2025-01-09,2024-12-10 23:59:59.999999999,2025-01-09 23:59:59.999999999,504,29.148,0.5,0.972,103.613,16,12,4,0,0,0,0,False,WINDOW_QUALITY_OK,69.0,75.0,6.0,6.175,0.8186,0.1599,0.1814,1.0,100.0,99.0,33.15,96.0,100.0,0.0046,0.0199,0.7846,0.7556,0.7141,32,47,16,50260.0,48770.0,44110.0,50260.0,6150.0,8,2,6070.0,2024-12-25 19:33:55,74.0,95.73,92.9,0,3,0,0,3,0,3,0,0,3,0,3,0,0,3,0.0,0,0,0,,0.0,,,0.0,0,0,0,,0.0,,2025-01-09 23:59:59.999999999,2024-01-11 10:32:00,2025-01-09 13:30:29,364.561,True,48790.0,2024-12-25 19:33:55,74.0,15.185,1.0,True,48770.0,2025-01-02 09:35:57,75.0,7.6,0.0,True,1,20.0,True,0,0,1,0,0,0,0,0,0,1,0,0,0,0,0,0,1,0,0.0,0,0.0,-0.0,-0.0,15.185,1.0,0,0,0,-0.0,4,MOBILE_DEEP_CYCLE,STATEFUL_WATCH_LARGE_GAP_OR_CENSORED,WINDOW_NORMAL_RESPONDING,ACTION_MONITOR_NEXT_WINDOW,low,7,large_gap_or_censored_dominant,micro_wobble;large_gap_dominant,days_eff=15 days_any=8 cyc_eff=1 hq_nr=0 total_nr=0 cens=0 lg_opp=1 opp=2 norm_anom=-0.00 conf_p=1 micro_only=True cluster=MOBILE_DEEP_CYCLE,No user-facing action; monitoring.,Ambiguous/weak evidence (15d since effective change); monitor next window.,,False,False,True,True,False,False,False,False,0,2026-06-08T10:02:59Z,rolling30-v2.0,30,1,abs_ge_50mWh
AMCCLARNON-1Z35_amcclarnon,2024-06-06,2024-05-07 23:59:59.999999999,2024-06-06 23:59:59.999999999,458,29.318,0.5,0.5,88.523,20,19,4,0,0,0,0,False,WINDOW_QUALITY_OK,10.0,12.0,2.0,2.046,0.9604,0.0375,0.0396,34.0,100.0,66.0,94.0,100.0,100.0,0.0,0.0,0.9731,0.9668,0.921,24,41,12,46090.0,46090.0,46090.0,46090.0,0.0,0,0,0.0,,,100.2,100.2,0,0,0,0,0,0,0,0,0,0,0,0,0,0,0,0.0,0,0,0,,0.0,,,0.0,0,0,0,,0.0,,2024-06-06 23:59:59.999999999,2024-03-14 12:02:59,2024-06-06 14:38:18,84.498,True,46100.0,2024-04-04 16:17:57,8.0,63.321,4.0,False,46090.0,2024-04-10 08:13:54,8.0,57.657,4.0,True,1,10.0,True,0,0,0,0,0,0,0,0,0,0,0,0,0,0,0,0,0,0,0.0,0,0.0,-0.0,-0.0,63.321,4.0,0,0,0,-0.0,5,AC_BOUND,STATEFUL_NORMAL_RESPONDING,WINDOW_INSUFFICIENT_LEARNING_OPPORTUNITY,ACTION_NONE,high,9,responding_or_no_concern,micro_wobble,days_eff=63 days_any=58 cyc_eff=4 hq_nr=0 total_nr=0 cens=0 lg_opp=0 opp=0 norm_anom=-0.00 conf_p=1 micro_only=True cluster=AC_BOUND,No action needed.,Responding normally; no concern.,,False,False,True,False,False,False,False,False,0,2026-06-08T10:02:59Z,rolling30-v2.0,30,1,abs_ge_50mWh
AMCCLARNON-69JL_amcclarnon,2024-11-06,2024-10-07 23:59:59.999999999,2024-11-06 23:59:59.999999999,667,22.186,0.5,0.5,63.651,11,10,2,0,0,0,0,False,WINDOW_QUALITY_OK,1.0,5.0,4.0,5.409,0.9034,0.0562,0.0966,0.0,100.0,100.0,61.0,100.0,100.0,0.0136,0.0196,0.9175,0.8964,0.8715,29,42,15,57950.0,57900.0,57900.0,57950.0,50.0,4,0,0.0,,,101.61,101.53,0,1,0,0,1,0,1,0,0,1,0,1,0,0,1,0.0,0,0,0,,0.0,,,0.0,0,0,0,,0.0,,2024-11-06 23:59:59.999999999,2024-10-15 09:29:17,2024-11-06 13:57:02,22.605,False,57950.0,2024-10-15 09:29:17,1.0,22.605,4.0,False,57900.0,2024-11-04 07:01:49,5.0,2.707,0.0,False,4,20.0,True,0,0,1,0,0,0,0,0,0,1,0,0,0,0,0,0,1,0,0.0,0,0.0,-0.0,-0.0,22.605,4.0,0,0,0,-0.0,4,MOBILE_DEEP_CYCLE,STATEFUL_REVIEW_DATA_QUALITY,WINDOW_MICRO_WOBBLE_ONLY,ACTION_COLLECT_MORE_DATA_OR_MANUAL_REVIEW,low,1,data_quality_or_history_review,micro_wobble;large_gap_dominant,days_eff=23 days_any=3 cyc_eff=4 hq_nr=0 total_nr=0 cens=0 lg_opp=1 opp=2 norm_anom=-0.00 conf_p=1 micro_only=True cluster=MOBILE_DEEP_CYCLE,No user-facing action; collecting more data.,Data-quality/history review outranks action (would_have_been=NONE). Collect more data or manual review.,NONE,False,False,True,True,False,True,False,False,0,2026-06-08T10:02:59Z,rolling30-v2.0,30,1,abs_ge_50mWh
AMCCLARNON-TSEM_amcclarnon,2025-11-19,2025-10-20 23:59:59.999999999,2025-11-19 23:59:59.999999999,467,29.236,0.5,0.501,63.427,21,19,4,0,0,0,0,False,WINDOW_QUALITY_OK,5.0,6.0,1.0,1.026,1.0,0.0153,0.0,95.0,100.0,5.0,96.0,98.0,100.0,0.0,0.0,1.0,1.0,0.9712,0,6,0,58020.0,57980.0,57980.0,58020.0,40.0,1,0,0.0,,,100.03,99.97,0,0,0,0,0,0,0,0,0,0,0,0,0,0,0,0.0,0,0,0,,0.0,,,0.0,0,0,0,,0.0,,2025-11-19 23:59:59.999999999,2025-05-28 13:45:24,2025-11-19 13:37:22,175.427,True,58050.0,2025-09-10 07:53:32,4.0,70.671,2.0,False,57980.0,2025-11-13 16:53:14,6.0,6.296,0.0,True,2,40.0,True,0,0,0,0,0,0,0,0,0,0,0,0,0,0,0,0,0,0,0.0,0,0.0,-0.0,-0.0,70.671,2.0,0,0,0,-0.0,5,AC_BOUND,STATEFUL_NORMAL_RESPONDING,WINDOW_MICRO_WOBBLE_ONLY,ACTION_NONE,high,9,responding_or_no_concern,micro_wobble,days_eff=71 days_any=6 cyc_eff=2 hq_nr=0 total_nr=0 cens=0 lg_opp=0 opp=0 norm_anom=-0.00 conf_p=1 micro_only=True cluster=AC_BOUND,No action needed.,Responding normally; no concern.,,False,False,True,False,False,False,False,False,0,2026-06-08T10:02:59Z,rolling30-v2.0,30,1,abs_ge_50mWh
AMIGDOL-F67CCZ1_amigdol,2026-06-01,2026-05-02 23:59:59.999999999,2026-06-01 23:59:59.999999999,291,27.775,0.5,15.496,71.859,23,23,4,0,0,0,0,False,WINDOW_QUALITY_OK,3.0,12.0,9.0,9.721,0.2838,0.1402,0.7162,24.0,100.0,76.0,36.0,76.0,100.0,0.0,0.0,0.5176,0.3348,0.2399,52,65,26,60120.0,60010.0,60010.0,60120.0,110.0,9,0,0.0,,,100.2,100.02,0,0,0,0,0,0,0,0,0,0,0,0,0,0,0,0.0,0,0,0,,0.0,,,0.0,0,0,0,,0.0,,2026-06-01 23:59:59.999999999,2026-05-04 15:20:47,2026-06-01 09:56:49,28.361,False,60120.0,2026-05-04 15:20:47,3.0,28.361,9.0,False,60010.0,2026-06-01 09:56:49,12.0,0.586,0.0,False,9,20.0,True,0,0,0,0,0,0,0,0,0,0,0,0,0,0,0,0,0,0,0.0,0,0.0,-0.0,-0.0,28.361,9.0,0,0,0,-0.0,4,MOBILE_DEEP_CYCLE,STATEFUL_REVIEW_DATA_QUALITY,WINDOW_MICRO_WOBBLE_ONLY,ACTION_COLLECT_MORE_DATA_OR_MANUAL_REVIEW,low,1,data_quality_or_history_review,micro_wobble,days_eff=28 days_any=1 cyc_eff=9 hq_nr=0 total_nr=0 cens=0 lg_opp=0 opp=0 norm_anom=-0.00 conf_p=1 micro_only=True cluster=MOBILE_DEEP_CYCLE,No user-facing action; collecting more data.,Data-quality/history review outranks action (would_have_been=NONE). Collect more data or manual review.,NONE,False,False,True,False,False,True,False,False,0,2026-06-08T10:02:59Z,rolling30-v2.0,30,1,abs_ge_50mWh
AMIKAMI-F49VQPZ_amikami,2024-12-09,2024-11-09 23:59:59.999999999,2024-12-09 23:59:59.999999999,372,27.997,0.5,6.524,87.272,19,18,4,0,0,0,0,False,WINDOW_QUALITY_OK,125.0,130.0,5.0,5.358,0.8704,0.1266,0.1296,46.0,100.0,54.0,69.1,98.0,100.0,0.0,0.0,0.9351,0.8968,0.7906,67,95,34,57770.0,57770.0,57770.0,57770.0,0.0,0,0,0.0,,,101.26,101.26,0,0,0,0,0,0,0,0,0,0,0,0,0,0,0,0.0,0,0,0,,0.0,,,0.0,0,0,0,,0.0,,2024-12-09 23:59:59.999999999,2023-03-20 16:34:52,2024-12-09 09:52:57,630.309,True,57770.0,2024-11-07 12:59:19,125.0,32.459,5.0,True,57770.0,2024-11-07 12:59:19,125.0,32.459,5.0,True,0,0.0,False,0,0,0,0,0,0,0,0,0,0,0,0,0,0,0,0,0,0,0.0,0,0.0,-0.0,-0.0,32.459,5.0,0,0,0,-0.0,5,AC_BOUND,STATEFUL_NORMAL_RESPONDING,WINDOW_INSUFFICIENT_LEARNING_OPPORTUNITY,ACTION_NONE,high,9,responding_or_no_concern,,days_eff=32 days_any=32 cyc_eff=5 hq_nr=0 total_nr=0 cens=0 lg_opp=0 opp=0 norm_anom=-0.00 conf_p=1 micro_only=False cluster=AC_BOUND,No action needed.,Responding normally; no concern.,,False,False,False,False,False,False,False,False,0,2026-06-08T10:02:59Z,rolling30-v2.0,30,1,abs_ge_50mWh
ANAKAMURA8-3ZVB_anakamura8,2026-05-19,2026-04-19 23:59:59.999999999,2026-05-19 23:59:59.999999999,253,29.261,0.5,1.285,213.606,12,12,5,0,0,0,0,False,WINDOW_QUALITY_OK,903.0,910.0,7.0,7.177,0.6363,0.1079,0.3637,2.0,100.0,98.0,15.0,99.0,100.0,0.029,0.0501,0.697,0.6447,0.6023,21,37,11,43330.0,42430.0,42430.0,43970.0,1540.0,2,2,1540.0,2026-05-08 17:47:59,907.0,76.02,74.44,0,4,0,0,4,0,4,0,0,4,0,4,0,0,4,0.0,0,0,0,,0.0,,,0.0,0,0,0,,0.0,,2026-05-19 23:59:59.999999999,2023-02-09 09:15:48,2026-05-19 17:15:26,1195.614,True,42430.0,2026-05-08 17:47:59,907.0,11.258,3.0,True,42430.0,2026-05-08 17:47:59,907.0,11.258,3.0,True,0,0.0,False,0,1,1,0,1,1,0,0,1,1,0,1,1,0,0,0,1,0,0.4303,0,-0.56269,0.2444,0.2444,11.258,3.0,1,1,0,0.2444,4,MOBILE_DEEP_CYCLE,STATEFUL_WATCH_LARGE_GAP_OR_CENSORED,WINDOW_NORMAL_RESPONDING,ACTION_MONITOR_NEXT_WINDOW,low,7,large_gap_or_censored_dominant,fw_like;large_gap_dominant,days_eff=11 days_any=11 cyc_eff=3 hq_nr=0 total_nr=1 cens=0 lg_opp=1 opp=4 norm_anom=0.24 conf_p=1 micro_only=False cluster=MOBILE_DEEP_CYCLE,No user-facing action; monitoring.,Ambiguous/weak evidence (11d since effective change); monitor next window.,,True,False,False,True,False,False,False,False,0,2026-06-08T10:02:59Z,rolling30-v2.0,30,1,abs_ge_50mWh
ANDY-TH1_zuyin,2026-03-24,2026-02-22 23:59:59.999999999,2026-03-24 23:59:59.999999999,252,28.573,0.5,16.325,66.131,29,17,8,0,0,0,0,False,WINDOW_QUALITY_OK,183.0,185.0,2.0,2.1,0.9707,0.1542,0.0293,58.0,79.0,21.0,60.0,77.0,79.0,0.0,0.0,0.0,0.0,0.0,22,50,11,52970.0,52940.0,52940.0,52970.0,30.0,2,0,0.0,,,92.88,92.83,0,0,0,0,0,0,0,0,0,0,0,0,0,0,0,0.0,0,0,0,,0.0,,,0.0,0,0,0,,0.0,,2026-03-24 23:59:59.999999999,2024-01-12 22:16:39,2026-03-24 11:50:32,802.072,True,53130.0,2025-10-03 23:06:34,169.0,172.037,16.0,False,52940.0,2026-03-15 23:43:21,185.0,9.012,0.0,True,16,20.0,True,0,0,1,0,0,0,0,0,0,0,0,0,0,0,0,0,1,0,0.0,0,0.0,-0.0,-0.0,172.037,16.0,0,0,0,-0.0,2,MOBILE_DEEP_CYCLE,STATEFUL_WATCH_LARGE_GAP_OR_CENSORED,WINDOW_MICRO_WOBBLE_ONLY,ACTION_MONITOR_NEXT_WINDOW,low,7,large_gap_or_censored_dominant,micro_wobble;large_gap_dominant,days_eff=172 days_any=9 cyc_eff=16 hq_nr=0 total_nr=0 cens=0 lg_opp=1 opp=1 norm_anom=-0.00 conf_p=1 micro_only=True cluster=MOBILE_DEEP_CYCLE,No user-facing action; monitoring.,Ambiguous/weak evidence (172d since effective change); monitor next window.,,False,False,True,True,False,False,False,False,0,2026-06-08T10:02:59Z,rolling30-v2.0,30,1,abs_ge_50mWh
ANDY_zuyin,2024-05-08,2024-04-08 23:59:59.999999999,2024-05-08 23:59:59.999999999,213,29.722,0.5,7.871,277.111,13,6,4,0,0,0,0,False,WINDOW_QUALITY_OK,114.0,115.0,1.0,1.009,0.7363,0.0686,0.2637,90.0,100.0,10.0,94.0,97.0,100.0,0.0,0.0,1.0,0.9965,0.7575,53,62,27,51750.0,51750.0,51750.0,51750.0,0.0,0,0,0.0,,,90.71,90.71,0,0,0,0,0,0,0,0,0,0,0,0,0,0,0,0.0,0,0,0,,0.0,,,0.0,0,0,0,,0.0,,2024-05-08 23:59:59.999999999,2023-12-28 16:41:29,2024-05-08 19:12:32,132.305,True,51750.0,2023-12-28 16:41:29,101.0,132.305,14.0,False,51750.0,2023-12-28 16:41:29,101.0,132.305,14.0,False,0,0.0,False,0,0,0,0,0,0,0,0,0,0,0,0,0,0,0,0,0,0,0.0,0,0.0,-0.0,-0.0,132.305,14.0,0,0,0,-0.0,5,AC_BOUND,STATEFUL_GAUGE_RESET_CORE,WINDOW_INSUFFICIENT_LEARNING_OPPORTUNITY,ACTION_GAUGE_RESET_CORE,high,3,no_learning_opportunity_both_definitions_long_staleness,gauge_like,days_eff=132 days_any=132 cyc_eff=14 hq_nr=0 total_nr=0 cens=0 lg_opp=0 opp=0 norm_anom=-0.00 conf_p=1 micro_only=False cluster=AC_BOUND,A battery gauge recalibration (full charge/discharge cycle) is recommended.,"High-confidence gauge reset/calibration target: no learning opportunity for 132d under both any-change and effective definitions, usage cluster AC_BOUND.",,False,True,False,False,False,False,False,False,0,2026-06-08T10:02:59Z,rolling30-v2.0,30,1,abs_ge_50mWh
ANIETO1-F5GNTSH_anieto1,2026-03-17,2026-02-15 23:59:59.999999999,2026-03-17 23:59:59.999999999,1,0.0,,,0.0,0,0,0,0,0,0,0,False,WINDOW_QUALITY_SHORT_OBS,17.0,17.0,0.0,0.0,,,,2.0,2.0,0.0,2.0,2.0,2.0,,,,,,0,0,0,56750.0,56750.0,56750.0,56750.0,0.0,0,0,0.0,,,99.56,99.56,0,0,0,0,0,0,0,0,0,0,0,0,0,0,0,0.0,0,0,0,,0.0,,,0.0,0,0,0,,0.0,,2026-03-17 23:59:59.999999999,2025-05-06 14:13:15,2026-03-17 07:57:38,315.407,True,57000.0,2025-05-06 14:13:15,0.0,315.407,17.0,False,56750.0,2025-09-16 11:33:44,17.0,182.518,0.0,False,16,20.0,True,0,0,0,0,0,0,0,0,0,0,0,0,0,0,0,0,0,0,0.0,0,0.0,-0.0,-0.0,315.407,17.0,0,0,0,-0.0,-1,SPARSE_OR_GAPPY,STATEFUL_REVIEW_DATA_QUALITY,WINDOW_DATA_QUALITY_REVIEW,ACTION_COLLECT_MORE_DATA_OR_MANUAL_REVIEW,low,1,data_quality_or_history_review,micro_wobble,days_eff=315 days_any=183 cyc_eff=17 hq_nr=0 total_nr=0 cens=0 lg_opp=0 opp=0 norm_anom=-0.00 conf_p=1 micro_only=True cluster=SPARSE_OR_GAPPY,No user-facing action; collecting more data.,Data-quality/history review outranks action (would_have_been=NONE). Collect more data or manual review.,NONE,False,False,True,False,False,False,True,False,0,2026-06-08T10:02:59Z,rolling30-v2.0,30,1,abs_ge_50mWh
ANODA-PF5E0G8K_anoda,2026-04-22,2026-03-23 23:59:59.999999999,2026-04-22 23:59:59.999999999,655,29.296,0.5,1.712,59.315,27,18,5,0,0,0,0,False,WINDOW_QUALITY_OK,1.0,1.0,0.0,0.0,0.6847,0.2017,0.3153,1.0,100.0,99.0,50.8,97.0,100.0,0.0034,0.0205,0.8556,0.7488,0.5849,170,240,85,55280.0,53790.0,53790.0,55770.0,1980.0,16,4,670.0,2026-04-16 09:02:24,1.0,95.31,92.74,0,3,0,0,3,0,3,0,0,3,0,2,0,0,2,0.0,0,0,0,,0.0,,,0.0,0,0,0,,0.0,,2026-04-22 23:59:59.999999999,2026-02-17 16:21:35,2026-04-22 17:04:45,64.318,True,53880.0,2026-04-16 09:02:24,1.0,6.623,0.0,True,53790.0,2026-04-22 10:04:46,1.0,0.58,0.0,True,4,40.0,True,0,1,0,0,1,1,0,0,0,0,0,0,0,0,0,0,0,0,0.451,0,-0.59962,0.2604,0.2604,6.623,0.0,1,0,0,0.2604,3,AC_BOUND,STATEFUL_WATCH_LOW_EVIDENCE,WINDOW_NORMAL_RESPONDING,ACTION_MONITOR_NEXT_WINDOW,low,8,weak_partial_evidence,fw_like;micro_wobble,days_eff=7 days_any=1 cyc_eff=0 hq_nr=0 total_nr=1 cens=0 lg_opp=0 opp=1 norm_anom=0.26 conf_p=1 micro_only=True cluster=AC_BOUND,No user-facing action; monitoring.,Ambiguous/weak evidence (6d since effective change); monitor next window.,,True,False,True,False,False,False,False,False,0,2026-06-08T10:02:59Z,rolling30-v2.0,30,1,abs_ge_50mWh
ANUPT14S_avachali,2025-11-11,2025-10-12 23:59:59.999999999,2025-11-11 23:59:59.999999999,248,29.159,0.5,14.405,71.6,33,15,4,0,0,0,0,False,WINDOW_QUALITY_OK,85.0,94.0,9.0,9.259,0.4243,0.1407,0.5757,18.0,100.0,82.0,30.0,93.0,100.0,0.0,0.018,0.6284,0.5061,0.3316,31,43,16,49400.0,44780.0,44780.0,49400.0,4620.0,10,3,4440.0,2025-10-30 00:14:31,92.0,90.31,81.86,0,2,0,0,2,0,0,0,0,0,0,0,0,0,0,0.0,0,0,0,,0.0,,,0.0,0,0,0,,0.0,,2025-11-11 23:59:59.999999999,2024-03-13 10:00:21,2025-11-11 11:35:33,608.583,True,44810.0,2025-10-30 00:14:31,92.0,12.99,2.0,True,44780.0,2025-11-04 11:18:15,94.0,7.529,0.0,True,2,20.0,True,0,0,0,0,0,0,0,0,0,0,0,0,0,0,0,0,0,0,0.0,0,0.0,-0.0,-0.0,12.99,2.0,0,0,0,-0.0,4,MOBILE_DEEP_CYCLE,STATEFUL_NORMAL_RESPONDING,WINDOW_NORMAL_RESPONDING,ACTION_NONE,high,9,responding_or_no_concern,micro_wobble,days_eff=13 days_any=8 cyc_eff=2 hq_nr=0 total_nr=0 cens=0 lg_opp=0 opp=0 norm_anom=-0.00 conf_p=1 micro_only=True cluster=MOBILE_DEEP_CYCLE,No action needed.,Responding normally; no concern.,,False,False,True,False,False,False,False,False,0,2026-06-08T10:02:59Z,rolling30-v2.0,30,1,abs_ge_50mWh
ANUP_TINY,2025-11-04,2025-10-05 23:59:59.999999999,2025-11-04 23:59:59.999999999,288,29.204,0.5,10.571,71.6,32,14,4,0,0,0,0,False,WINDOW_QUALITY_OK,82.0,94.0,12.0,12.327,0.3909,0.1646,0.6091,11.0,100.0,89.0,26.05,87.0,100.0,0.0,0.0271,0.5834,0.4761,0.3645,48,62,24,49440.0,44780.0,44780.0,49440.0,4660.0,13,3,4440.0,2025-10-30 00:14:31,92.0,90.38,81.86,0,3,0,0,3,0,1,0,0,1,0,0,0,0,0,0.0,0,0,0,,0.0,,,0.0,0,0,0,,0.0,,2025-11-04 23:59:59.999999999,2024-03-13 10:00:21,2025-11-04 11:48:15,601.583,True,44810.0,2025-10-30 00:14:31,92.0,5.99,2.0,True,44780.0,2025-11-04 11:18:15,94.0,0.529,0.0,True,2,20.0,True,0,0,0,0,0,0,0,0,0,0,0,0,0,0,0,0,0,0,0.0,0,0.0,-0.0,-0.0,5.99,2.0,0,0,0,-0.0,4,MOBILE_DEEP_CYCLE,STATEFUL_NORMAL_RESPONDING,WINDOW_NORMAL_RESPONDING,ACTION_NONE,high,9,responding_or_no_concern,micro_wobble,days_eff=6 days_any=1 cyc_eff=2 hq_nr=0 total_nr=0 cens=0 lg_opp=0 opp=0 norm_anom=-0.00 conf_p=1 micro_only=True cluster=MOBILE_DEEP_CYCLE,No action needed.,Responding normally; no concern.,,False,False,True,False,False,False,False,False,0,2026-06-08T10:02:59Z,rolling30-v2.0,30,1,abs_ge_50mWh
AOHYAMA-F3Y6JVY_aohyama,2024-06-18,2024-05-19 23:59:59.999999999,2024-06-18 23:59:59.999999999,831,29.441,0.3,0.779,61.727,23,14,4,0,0,0,0,False,WINDOW_QUALITY_OK,393.0,425.0,32.0,32.607,0.3239,0.217,0.6963,3.0,100.0,97.0,11.5,75.0,100.0,0.0357,0.1039,0.4277,0.2934,0.2296,291,312,145,40340.0,34600.0,34600.0,47030.0,12430.0,37,5,8630.0,2024-06-17 18:30:44,423.0,70.77,60.7,2,10,2,1,13,1,7,1,1,9,1,5,1,1,7,0.7682,0,2,2,0.379354,0.421,0.39319,0.37606,0.4401,0,2,2,0.603226,0.2195,0.53187,2024-06-18 23:59:59.999999999,2023-02-06 10:07:59,2024-06-18 19:34:04,498.578,True,34630.0,2024-06-17 18:30:44,423.0,1.229,2.0,True,34600.0,2024-06-18 13:00:01,425.0,0.458,0.0,True,2,20.0,True,1,0,0,0,0,0,1,1,0,0,0,0,0,1,0,1,0,0,0.0,0,0.0,-0.0,-0.0,1.229,2.0,0,0,0,-0.0,1,AC_BOUND,STATEFUL_WATCH_LARGE_GAP_OR_CENSORED,WINDOW_NORMAL_RESPONDING,ACTION_MONITOR_NEXT_WINDOW,low,7,large_gap_or_censored_dominant,micro_wobble;censored_dominant,days_eff=1 days_any=0 cyc_eff=2 hq_nr=0 total_nr=0 cens=1 lg_opp=0 opp=2 norm_anom=-0.00 conf_p=0.393 micro_only=True cluster=AC_BOUND,No user-facing action; monitoring.,Ambiguous/weak evidence (1d since effective change); monitor next window.,,False,False,True,False,True,False,False,False,0,2026-06-08T10:02:59Z,rolling30-v2.0,30,1,abs_ge_50mWh
APARAMESWAR-G5E_aparameswara,2023-11-08,2023-10-09 23:59:59.999999999,2023-11-08 23:59:59.999999999,329,29.168,0.5,11.679,70.672,23,16,5,0,0,0,0,False,WINDOW_QUALITY_OK,26.0,35.0,9.0,9.257,0.3405,0.1109,0.6595,5.0,100.0,95.0,19.4,87.0,100.0,0.0133,0.0339,0.5539,0.3925,0.308,59,81,30,86860.0,83810.0,83810.0,86860.0,3050.0,1,1,3050.0,2023-10-12 05:02:33,27.0,101.0,97.45,0,6,0,0,6,0,2,0,0,2,0,1,0,0,1,0.0,0,0,0,,0.0,,,0.0,0,0,0,,0.0,,2023-11-08 23:59:59.999999999,2023-08-08 09:57:47,2023-11-08 10:18:25,92.585,True,83810.0,2023-10-12 05:02:33,27.0,27.79,8.0,True,83810.0,2023-10-12 05:02:33,27.0,27.79,8.0,True,0,0.0,False,0,2,3,0,2,2,0,0,0,1,0,0,0,0,0,0,3,0,0.8814,0,-1.16213,0.5047,0.5047,27.79,8.0,2,0,0,0.5047,4,MOBILE_DEEP_CYCLE,STATEFUL_WATCH_LARGE_GAP_OR_CENSORED,WINDOW_NORMAL_RESPONDING,ACTION_MONITOR_NEXT_WINDOW,low,7,large_gap_or_censored_dominant,fw_like;large_gap_dominant,days_eff=28 days_any=28 cyc_eff=8 hq_nr=0 total_nr=2 cens=0 lg_opp=3 opp=6 norm_anom=0.50 conf_p=1 micro_only=False cluster=MOBILE_DEEP_CYCLE,No user-facing action; monitoring.,Ambiguous/weak evidence (27d since effective change); monitor next window.,,True,False,False,True,False,False,False,False,0,2026-06-08T10:02:59Z,rolling30-v2.0,30,1,abs_ge_50mWh
APARAMESWAR-PAD_aparameswara,2024-11-26,2024-10-27 23:59:59.999999999,2024-11-26 23:59:59.999999999,903,29.45,0.5,0.501,60.571,15,12,2,0,0,0,0,False,WINDOW_QUALITY_OK,86.0,101.0,15.0,15.28,0.7863,0.1113,0.2137,1.0,100.0,99.0,17.0,100.0,100.0,0.0427,0.0664,0.7601,0.7319,0.7131,75,103,38,47960.0,47040.0,46490.0,49580.0,3090.0,23,8,1950.0,2024-11-24 18:51:25,99.0,87.68,86.0,2,6,0,0,8,2,6,0,0,8,2,6,0,0,8,0.8814,2,0,2,0.312818,0.5047,0.29672,0.28263,0.9941,2,0,2,0.251981,0.5986,0.29639,2024-11-26 23:59:59.999999999,2024-04-09 11:19:29,2024-11-26 14:33:46,231.528,True,47110.0,2024-11-24 18:51:25,99.0,2.214,2.0,True,47040.0,2024-11-26 09:40:23,101.0,0.597,0.0,True,2,40.0,True,0,1,0,0,0,0,1,0,1,0,0,0,0,1,0,1,0,0,0.0,0,0.0,-0.0,-0.0,2.214,2.0,0,0,0,-0.0,4,MOBILE_DEEP_CYCLE,STATEFUL_WATCH_LARGE_GAP_OR_CENSORED,WINDOW_NORMAL_RESPONDING,ACTION_MONITOR_NEXT_WINDOW,low,7,large_gap_or_censored_dominant,micro_wobble;censored_dominant,days_eff=2 days_any=1 cyc_eff=2 hq_nr=0 total_nr=0 cens=1 lg_opp=0 opp=2 norm_anom=-0.00 conf_p=0.297 micro_only=True cluster=MOBILE_DEEP_CYCLE,No user-facing action; monitoring.,Ambiguous/weak evidence (2d since effective change); monitor next window.,,False,False,True,False,True,False,False,False,0,2026-06-08T10:02:59Z,rolling30-v2.0,30,1,abs_ge_50mWh
ARAMAR-R9109T7G_aramar,2024-07-15,2024-06-15 23:59:59.999999999,2024-07-15 23:59:59.999999999,522,20.823,0.381,1.451,62.521,19,13,1,0,0,0,0,False,WINDOW_QUALITY_OK,822.0,851.0,29.0,41.781,0.5667,0.2212,0.4071,0.0,95.0,95.0,21.0,90.5,95.0,0.0097,0.0338,0.6429,0.4796,0.0,190,245,82,67420.0,68000.0,65320.0,68160.0,2840.0,47,35,2270.0,2024-07-14 15:29:03,851.0,83.86,84.58,4,6,0,0,10,1,5,0,0,6,0,5,0,0,5,1.4999,4,0,4,0.149756,0.8246,0.12871,0.1269,3.4756,4,0,4,0.000216,3.6652,0.01956,2024-07-15 23:59:59.999999999,2023-02-08 10:35:11,2024-07-15 09:33:12,523.559,True,68000.0,2024-07-14 15:29:03,851.0,1.355,0.0,True,68000.0,2024-07-14 15:29:03,851.0,1.355,0.0,True,0,0.0,False,0,0,0,0,0,0,0,0,0,0,0,0,0,0,0,0,0,0,0.0,0,0.0,-0.0,-0.0,1.355,0.0,0,0,0,-0.0,0,MOBILE_DEEP_CYCLE,STATEFUL_WATCH_LOW_EVIDENCE,WINDOW_NORMAL_RESPONDING,ACTION_MONITOR_NEXT_WINDOW,low,8,weak_partial_evidence,,days_eff=1 days_any=1 cyc_eff=0 hq_nr=0 total_nr=0 cens=0 lg_opp=0 opp=0 norm_anom=-0.00 conf_p=0.129 micro_only=False cluster=MOBILE_DEEP_CYCLE,No user-facing action; monitoring.,Ambiguous/weak evidence (1d since effective change); monitor next window.,,False,False,False,False,False,False,False,False,0,2026-06-08T10:02:59Z,rolling30-v2.0,30,1,abs_ge_50mWh
ARANGANATHA-8QB_aranganathan,2023-12-11,2023-11-11 23:59:59.999999999,2023-12-11 23:59:59.999999999,446,28.651,0.5,5.515,56.409,19,10,4,0,0,0,0,False,WINDOW_QUALITY_OK,39.0,56.0,17.0,17.801,0.3096,0.1735,0.6904,6.0,100.0,94.0,21.0,82.0,100.0,0.0017,0.0206,0.4715,0.3409,0.2553,105,148,53,50420.0,56400.0,50420.0,56720.0,6300.0,7,7,4530.0,2023-12-10 22:02:28,56.0,88.46,98.95,2,5,0,0,7,0,1,0,0,1,0,1,0,0,1,0.7682,2,0,2,0.379354,0.421,0.39319,0.37606,0.9409,2,0,2,0.280444,0.5522,0.30363,2023-12-11 23:59:59.999999999,2023-08-21 11:21:40,2023-12-11 14:19:40,112.527,True,56400.0,2023-12-10 22:02:28,56.0,1.082,0.0,True,56400.0,2023-12-10 22:02:28,56.0,1.082,0.0,True,0,0.0,False,0,0,0,0,0,0,0,0,0,0,0,0,0,0,0,0,0,0,0.0,0,0.0,-0.0,-0.0,1.082,0.0,0,0,0,-0.0,4,MOBILE_DEEP_CYCLE,STATEFUL_WATCH_LOW_EVIDENCE,WINDOW_NORMAL_RESPONDING,ACTION_MONITOR_NEXT_WINDOW,low,8,weak_partial_evidence,,days_eff=1 days_any=1 cyc_eff=0 hq_nr=0 total_nr=0 cens=0 lg_opp=0 opp=0 norm_anom=-0.00 conf_p=0.393 micro_only=False cluster=MOBILE_DEEP_CYCLE,No user-facing action; monitoring.,Ambiguous/weak evidence (1d since effective change); monitor next window.,,False,False,False,False,False,False,False,False,0,2026-06-08T10:02:59Z,rolling30-v2.0,30,1,abs_ge_50mWh
ASANTHOSH-9S10E_asanthosh,2024-08-09,2024-07-10 23:59:59.999999999,2024-08-09 23:59:59.999999999,22,29.275,0.5,112.055,524.883,5,4,3,0,0,0,0,False,WINDOW_QUALITY_SPARSE,97.0,97.0,0.0,0.0,0.3894,0.0955,0.6106,36.0,100.0,64.0,45.85,84.0,100.0,0.0,0.0,0.6658,0.425,0.2802,6,9,4,56750.0,56750.0,56750.0,56750.0,0.0,0,0,0.0,,,99.56,99.56,0,0,0,0,0,0,0,0,0,0,0,0,0,0,0,0.0,0,0,0,,0.0,,,0.0,0,0,0,,0.0,,2024-08-09 23:59:59.999999999,2024-02-15 11:49:27,2024-08-09 12:24:36,176.507,True,56790.0,2024-07-08 21:55:09,94.0,32.087,3.0,True,56750.0,2024-07-10 14:25:53,97.0,30.399,0.0,True,3,20.0,True,2,1,0,2,1,3,0,0,1,0,0,1,1,0,2,0,0,0,1.0696,0,-1.33607,0.5802,0.5802,32.087,3.0,3,1,0,0.5802,-1,SPARSE_OR_GAPPY,STATEFUL_REVIEW_DATA_QUALITY,WINDOW_DATA_QUALITY_REVIEW,ACTION_COLLECT_MORE_DATA_OR_MANUAL_REVIEW,low,1,data_quality_or_history_review,fw_like;micro_wobble,days_eff=32 days_any=30 cyc_eff=3 hq_nr=2 total_nr=3 cens=0 lg_opp=0 opp=4 norm_anom=0.58 conf_p=1 micro_only=True cluster=SPARSE_OR_GAPPY,No user-facing action; collecting more data.,Data-quality/history review outranks action (would_have_been=FW_CORE_LIKE). Collect more data or manual review.,FW_CORE_LIKE,True,False,True,False,False,False,True,False,0,2026-06-08T10:02:59Z,rolling30-v2.0,30,1,abs_ge_50mWh
ASANTHOSH-FT15Y_X1,2025-10-14,2025-09-14 23:59:59.999999999,2025-10-14 23:59:59.999999999,374,29.078,0.5,14.446,66.906,26,24,5,0,0,0,0,False,WINDOW_QUALITY_OK,17.0,36.0,19.0,19.603,0.3314,0.232,0.6686,1.0,100.0,99.0,2.0,33.0,100.0,0.1135,0.2546,0.2112,0.1472,0.1117,78,103,40,57860.0,54910.0,54910.0,57940.0,3030.0,27,8,2730.0,2025-10-13 10:06:58,35.0,101.46,96.28,1,10,1,0,11,1,10,1,0,11,0,10,0,0,10,0.4303,0,1,1,0.569677,0.2444,0.74929,0.76293,0.2481,0,1,1,0.751926,0.1238,0.71787,2025-10-14 23:59:59.999999999,2025-07-08 13:19:08,2025-10-14 10:43:42,98.445,True,54920.0,2025-10-13 10:06:58,35.0,1.578,1.0,True,54910.0,2025-10-13 10:54:15,36.0,1.546,0.0,True,1,10.0,True,0,0,0,0,0,0,0,0,0,0,0,0,0,0,0,0,0,0,0.0,0,0.0,-0.0,-0.0,1.578,1.0,0,0,0,-0.0,0,MOBILE_DEEP_CYCLE,STATEFUL_WATCH_LOW_EVIDENCE,WINDOW_NORMAL_RESPONDING,ACTION_MONITOR_NEXT_WINDOW,low,8,weak_partial_evidence,micro_wobble,days_eff=2 days_any=2 cyc_eff=1 hq_nr=0 total_nr=0 cens=0 lg_opp=0 opp=0 norm_anom=-0.00 conf_p=0.749 micro_only=True cluster=MOBILE_DEEP_CYCLE,No user-facing action; monitoring.,Ambiguous/weak evidence (1d since effective change); monitor next window.,,False,False,True,False,False,False,False,False,0,2026-06-08T10:02:59Z,rolling30-v2.0,30,1,abs_ge_50mWh
ASANTHOSH-FT15Y_asanthosh,2025-11-10,2025-10-11 23:59:59.999999999,2025-11-10 23:59:59.999999999,34,28.203,0.5,124.518,364.747,5,5,3,0,0,0,0,False,WINDOW_QUALITY_SPARSE,35.0,37.0,2.0,2.127,0.1135,0.0734,0.8865,4.0,88.0,84.0,4.0,36.0,71.45,0.0818,0.2289,0.0229,0.0,0.0,5,7,3,57560.0,54350.0,54350.0,57560.0,3210.0,3,2,2640.0,2025-10-29 15:28:30,37.0,100.93,95.3,0,0,0,0,0,0,0,0,0,0,0,0,0,0,0,0.0,0,0,0,,0.0,,,0.0,0,0,0,,0.0,,2025-11-10 23:59:59.999999999,2025-07-08 13:19:08,2025-11-10 11:26:36,125.445,True,54350.0,2025-10-29 15:28:30,37.0,12.355,0.0,True,54350.0,2025-10-29 15:28:30,37.0,12.355,0.0,True,0,0.0,False,0,0,0,0,0,0,0,0,0,0,0,0,0,0,0,0,0,0,0.0,0,0.0,-0.0,-0.0,12.355,0.0,0,0,0,-0.0,-1,SPARSE_OR_GAPPY,STATEFUL_REVIEW_DATA_QUALITY,WINDOW_DATA_QUALITY_REVIEW,ACTION_COLLECT_MORE_DATA_OR_MANUAL_REVIEW,low,1,data_quality_or_history_review,,days_eff=12 days_any=12 cyc_eff=0 hq_nr=0 total_nr=0 cens=0 lg_opp=0 opp=0 norm_anom=-0.00 conf_p=1 micro_only=False cluster=SPARSE_OR_GAPPY,No user-facing action; collecting more data.,Data-quality/history review outranks action (would_have_been=NONE). Collect more data or manual review.,NONE,False,False,False,False,False,False,True,False,0,2026-06-08T10:02:59Z,rolling30-v2.0,30,1,abs_ge_50mWh
ASANTHOSH_asanthosh,2026-05-29,2026-04-29 23:59:59.999999999,2026-05-29 23:59:59.999999999,321,29.725,0.5,12.463,65.064,31,17,2,0,0,0,0,False,WINDOW_QUALITY_OK,31.0,48.0,17.0,17.157,0.2413,0.1277,0.7587,1.0,100.0,99.0,5.0,36.0,100.0,0.0887,0.2554,0.2061,0.1421,0.1262,57,79,29,58380.0,58960.0,58260.0,60090.0,1830.0,19,4,1830.0,2026-05-21 14:46:16,44.0,97.3,98.27,3,8,1,1,12,3,8,1,1,12,3,8,1,1,12,1.3221,2,1,3,0.17496,0.7571,0.16129,0.16099,1.6369,2,1,3,0.093805,1.0278,0.19663,2026-05-29 23:59:59.999999999,2026-02-03 16:23:48,2026-05-29 22:40:36,115.317,True,59000.0,2026-05-21 14:46:16,44.0,8.385,4.0,True,58960.0,2026-05-29 08:06:57,48.0,0.662,0.0,True,4,10.0,True,2,0,1,1,0,1,1,2,0,1,1,0,1,1,1,1,1,0,0.4407,0,-0.58107,0.2524,0.2524,8.385,4.0,1,1,0,0.2524,0,MOBILE_DEEP_CYCLE,STATEFUL_WATCH_LOW_EVIDENCE,WINDOW_NORMAL_RESPONDING,ACTION_MONITOR_NEXT_WINDOW,low,8,weak_partial_evidence,fw_like;micro_wobble,days_eff=8 days_any=1 cyc_eff=4 hq_nr=1 total_nr=1 cens=1 lg_opp=1 opp=6 norm_anom=0.25 conf_p=0.161 micro_only=True cluster=MOBILE_DEEP_CYCLE,No user-facing action; monitoring.,Ambiguous/weak evidence (8d since effective change); monitor next window.,,True,False,True,False,False,False,False,False,0,2026-06-08T10:02:59Z,rolling30-v2.0,30,1,abs_ge_50mWh
ASHISHIDO-RHBV7_ashishido,2024-11-06,2024-10-07 23:59:59.999999999,2024-11-06 23:59:59.999999999,858,29.439,0.5,0.5,210.396,3,3,2,0,0,0,0,False,WINDOW_QUALITY_OK,247.0,248.0,1.0,1.019,0.9517,0.0129,0.0483,1.0,100.0,99.0,92.0,99.0,100.0,0.0067,0.009,0.9646,0.9548,0.9449,13,19,7,47840.0,47280.0,47280.0,47840.0,560.0,5,4,450.0,2024-11-06 10:38:13,248.0,94.83,93.72,0,1,0,0,1,0,1,0,0,1,0,1,0,0,1,0.0,0,0,0,,0.0,,,0.0,0,0,0,,0.0,,2024-11-06 23:59:59.999999999,2024-08-28 09:57:27,2024-11-06 19:50:42,70.585,True,47280.0,2024-11-06 10:38:13,248.0,0.557,0.0,True,47280.0,2024-11-06 10:38:13,248.0,0.557,0.0,True,0,0.0,False,0,0,0,0,0,0,0,0,0,0,0,0,0,0,0,0,0,0,0.0,0,0.0,-0.0,-0.0,0.557,0.0,0,0,0,-0.0,3,AC_BOUND,STATEFUL_NORMAL_RESPONDING,WINDOW_NORMAL_RESPONDING,ACTION_NONE,high,9,responding_or_no_concern,,days_eff=1 days_any=1 cyc_eff=0 hq_nr=0 total_nr=0 cens=0 lg_opp=0 opp=0 norm_anom=-0.00 conf_p=1 micro_only=False cluster=AC_BOUND,No action needed.,Responding normally; no concern.,,False,False,False,False,False,False,False,False,0,2026-06-08T10:02:59Z,rolling30-v2.0,30,1,abs_ge_50mWh
ATOKYO-PF3TQD0N_atokyo,2024-07-16,2024-06-16 23:59:59.999999999,2024-07-16 23:59:59.999999999,922,29.448,0.344,2.136,42.147,33,4,1,0,0,0,0,False,WINDOW_QUALITY_OK,228.0,249.0,21.0,21.393,0.5645,0.2494,0.4355,44.0,100.0,56.0,66.0,96.0,100.0,0.0,0.0,0.8771,0.7306,0.5465,324,417,162,57570.0,57570.0,57570.0,57570.0,0.0,0,0,0.0,,,101.0,101.0,0,0,0,0,0,0,0,0,0,0,0,0,0,0,0,0.0,0,0,0,,0.0,,,0.0,0,0,0,,0.0,,2024-07-16 23:59:59.999999999,2023-02-06 09:32:53,2024-07-16 10:49:35,526.602,True,57570.0,2023-02-06 09:32:53,77.0,526.602,172.0,False,57570.0,2023-02-06 09:32:53,77.0,526.602,172.0,False,0,0.0,False,1,0,7,1,0,1,0,0,0,2,0,0,0,0,1,0,7,0,0.3144,0,-0.3775,0.1639,0.1639,526.602,172.0,1,0,0,0.1639,3,AC_BOUND,STATEFUL_FW_WATCH_HIGH_ANOMALY,WINDOW_INSUFFICIENT_LEARNING_OPPORTUNITY,ACTION_FW_ENGINEERING_REVIEW,medium,4,fw_like_no_response_core_requirement_short,fw_like;gauge_like;large_gap_dominant,days_eff=527 days_any=527 cyc_eff=172 hq_nr=1 total_nr=1 cens=0 lg_opp=7 opp=10 norm_anom=0.16 conf_p=1 micro_only=False cluster=AC_BOUND,No user-facing action; monitoring.,"FW-like no-response signal but a core requirement is short (staleness/cycles/quality). Monitor and add to FW engineering queue. normative anomaly 0.16, 1 no_response since last effective change (526d ago).",,True,True,False,True,False,False,False,False,0,2026-06-08T10:02:59Z,rolling30-v2.0,30,1,abs_ge_50mWh
AVACHALI-4SM98Q_avachali,2025-11-12,2025-10-13 23:59:59.999999999,2025-11-12 23:59:59.999999999,271,29.327,0.5,13.698,71.6,33,15,4,0,0,0,0,False,WINDOW_QUALITY_OK,86.0,94.0,8.0,8.183,0.4868,0.1391,0.5132,18.0,100.0,82.0,36.0,95.0,100.0,0.0,0.0173,0.6783,0.56,0.3751,35,50,18,49380.0,44780.0,44780.0,49380.0,4600.0,9,3,4440.0,2025-10-30 00:14:31,92.0,90.27,81.86,0,2,0,0,2,0,0,0,0,0,0,0,0,0,0,0.0,0,0,0,,0.0,,,0.0,0,0,0,,0.0,,2025-11-12 23:59:59.999999999,2024-03-13 10:00:21,2025-11-12 16:47:54,609.583,True,44810.0,2025-10-30 00:14:31,92.0,13.99,2.0,True,44780.0,2025-11-04 11:18:15,94.0,8.529,0.0,True,2,20.0,True,0,0,0,0,0,0,0,0,0,0,0,0,0,0,0,0,0,0,0.0,0,0.0,-0.0,-0.0,13.99,2.0,0,0,0,-0.0,4,MOBILE_DEEP_CYCLE,STATEFUL_NORMAL_RESPONDING,WINDOW_NORMAL_RESPONDING,ACTION_NONE,high,9,responding_or_no_concern,micro_wobble,days_eff=14 days_any=9 cyc_eff=2 hq_nr=0 total_nr=0 cens=0 lg_opp=0 opp=0 norm_anom=-0.00 conf_p=1 micro_only=True cluster=MOBILE_DEEP_CYCLE,No action needed.,Responding normally; no concern.,,False,False,True,False,False,False,False,False,0,2026-06-08T10:02:59Z,rolling30-v2.0,30,1,abs_ge_50mWh
AVON-SVTSKU3_Avon,2026-06-01,2026-05-02 23:59:59.999999999,2026-06-01 23:59:59.999999999,567,26.259,0.479,4.328,51.067,25,7,4,0,0,0,0,False,WINDOW_QUALITY_OK,29.0,56.0,27.0,30.846,0.3841,0.2403,0.6159,1.0,100.0,99.0,17.0,63.0,100.0,0.0111,0.0392,0.3871,0.293,0.2247,169,238,85,57940.0,57340.0,57340.0,57940.0,600.0,28,1,280.0,2026-05-11 13:35:51,33.0,99.9,98.86,5,5,5,0,10,3,2,3,0,5,2,1,2,0,3,1.8821,0,5,5,0.092542,1.0337,0.08303,0.08611,1.8007,0,5,5,0.102179,0.9906,0.21126,2026-06-01 23:59:59.999999999,2026-03-16 19:28:59,2026-06-01 16:37:34,77.188,True,57610.0,2026-05-11 13:35:51,33.0,21.433,23.0,True,57340.0,2026-06-01 13:34:59,56.0,0.434,0.0,True,23,20.0,True,5,0,3,5,0,5,0,2,0,0,2,0,2,0,5,0,3,0,1.8821,0,-2.38009,1.0337,1.0337,21.433,23.0,5,2,0,1.0337,4,MOBILE_DEEP_CYCLE,STATEFUL_WATCH_LOW_EVIDENCE,WINDOW_NORMAL_RESPONDING,ACTION_MONITOR_NEXT_WINDOW,low,8,weak_partial_evidence,fw_like;micro_wobble,days_eff=21 days_any=0 cyc_eff=23 hq_nr=5 total_nr=5 cens=0 lg_opp=3 opp=10 norm_anom=1.03 conf_p=0.083 micro_only=True cluster=MOBILE_DEEP_CYCLE,No user-facing action; monitoring.,Ambiguous/weak evidence (21d since effective change); monitor next window.,,True,False,True,False,False,False,False,False,0,2026-06-08T10:02:59Z,rolling30-v2.0,30,1,abs_ge_50mWh
AVON_SIT2,2026-05-15,2026-04-15 23:59:59.999999999,2026-05-15 23:59:59.999999999,203,29.682,0.5,15.803,94.456,15,13,7,0,0,0,0,False,WINDOW_QUALITY_OK,16.0,17.0,1.0,1.011,0.8201,0.2422,0.1799,3.0,100.0,97.0,63.2,99.0,100.0,0.0022,0.0114,0.9086,0.8749,0.7185,20,26,10,57920.0,52450.0,52450.0,57920.0,5470.0,3,2,3060.0,2026-05-05 13:39:50,17.0,99.86,90.43,0,1,0,0,1,0,1,0,0,1,0,1,0,0,1,0.0,0,0,0,,0.0,,,0.0,0,0,0,,0.0,,2026-05-15 23:59:59.999999999,2026-02-10 20:42:36,2026-05-15 16:50:07,94.137,True,52450.0,2026-05-05 13:39:50,17.0,10.431,0.0,True,52450.0,2026-05-05 13:39:50,17.0,10.431,0.0,True,0,0.0,False,0,0,0,0,0,0,0,0,0,0,0,0,0,0,0,0,0,0,0.0,0,0.0,-0.0,-0.0,10.431,0.0,0,0,0,-0.0,4,MOBILE_DEEP_CYCLE,STATEFUL_NORMAL_RESPONDING,WINDOW_NORMAL_RESPONDING,ACTION_NONE,high,9,responding_or_no_concern,,days_eff=10 days_any=10 cyc_eff=0 hq_nr=0 total_nr=0 cens=0 lg_opp=0 opp=0 norm_anom=-0.00 conf_p=1 micro_only=False cluster=MOBILE_DEEP_CYCLE,No action needed.,Responding normally; no concern.,,False,False,False,False,False,False,False,False,0,2026-06-08T10:02:59Z,rolling30-v2.0,30,1,abs_ge_50mWh
BDILLON-F4RV0ZR_bdillon,2025-09-13,2025-08-14 23:59:59.999999999,2025-09-13 23:59:59.999999999,2,0.0,0.005,0.005,0.005,0,0,0,0,0,0,0,False,WINDOW_QUALITY_SHORT_OBS,151.0,151.0,0.0,0.0,1.0,1.0,0.0,92.0,92.0,0.0,92.0,92.0,92.0,0.0,0.0,1.0,1.0,0.0,0,0,0,42830.0,42830.0,42830.0,42830.0,0.0,0,0,0.0,,,81.47,81.47,0,0,0,0,0,0,0,0,0,0,0,0,0,0,0,0.0,0,0,0,,0.0,,,0.0,0,0,0,,0.0,,2025-09-13 23:59:59.999999999,2024-01-29 12:09:22,2025-09-13 17:20:31,593.493,True,42830.0,2025-09-13 17:20:14,151.0,0.278,0.0,True,42830.0,2025-09-13 17:20:14,151.0,0.278,0.0,True,0,0.0,False,0,0,0,0,0,0,0,0,0,0,0,0,0,0,0,0,0,0,0.0,0,0.0,-0.0,-0.0,0.278,0.0,0,0,0,-0.0,-1,SPARSE_OR_GAPPY,STATEFUL_REVIEW_DATA_QUALITY,WINDOW_DATA_QUALITY_REVIEW,ACTION_COLLECT_MORE_DATA_OR_MANUAL_REVIEW,low,1,data_quality_or_history_review,,days_eff=0 days_any=0 cyc_eff=0 hq_nr=0 total_nr=0 cens=0 lg_opp=0 opp=0 norm_anom=-0.00 conf_p=1 micro_only=False cluster=SPARSE_OR_GAPPY,No user-facing action; collecting more data.,Data-quality/history review outranks action (would_have_been=NONE). Collect more data or manual review.,NONE,False,False,False,False,False,False,True,False,0,2026-06-08T10:02:59Z,rolling30-v2.0,30,1,abs_ge_50mWh
BDILLON-F58TDBM_bdillon,2026-04-29,2026-03-30 23:59:59.999999999,2026-04-29 23:59:59.999999999,4,0.042,0.477,0.498,0.5,0,0,0,0,0,0,0,False,WINDOW_QUALITY_SHORT_OBS,105.0,105.0,0.0,0.0,1.0,1.0,0.0,71.0,90.0,19.0,72.05,83.5,89.85,0.0,0.0,0.0303,0.0,0.0,0,0,0,55260.0,55260.0,55260.0,55260.0,0.0,0,0,0.0,,,96.9,96.9,0,0,0,0,0,0,0,0,0,0,0,0,0,0,0,0.0,0,0,0,,0.0,,,0.0,0,0,0,,0.0,,2026-04-29 23:59:59.999999999,2025-03-20 09:39:00,2026-04-29 20:04:27,405.598,True,55320.0,2026-01-12 16:06:24,100.0,107.329,5.0,False,55260.0,2026-04-29 19:04:00,105.0,0.206,0.0,True,3,40.0,True,0,0,0,0,0,0,0,0,0,0,0,0,0,0,0,0,0,0,0.0,0,0.0,-0.0,-0.0,107.329,5.0,0,0,0,-0.0,-1,SPARSE_OR_GAPPY,STATEFUL_REVIEW_DATA_QUALITY,WINDOW_DATA_QUALITY_REVIEW,ACTION_COLLECT_MORE_DATA_OR_MANUAL_REVIEW,low,1,data_quality_or_history_review,micro_wobble,days_eff=107 days_any=0 cyc_eff=5 hq_nr=0 total_nr=0 cens=0 lg_opp=0 opp=0 norm_anom=-0.00 conf_p=1 micro_only=True cluster=SPARSE_OR_GAPPY,No user-facing action; collecting more data.,Data-quality/history review outranks action (would_have_been=NONE). Collect more data or manual review.,NONE,False,False,True,False,False,False,True,False,0,2026-06-08T10:02:59Z,rolling30-v2.0,30,1,abs_ge_50mWh
BDILLON-F5CZRRY_T14,2025-03-06,2025-02-04 23:59:59.999999999,2025-03-06 23:59:59.999999999,1158,27.843,0.5,0.512,17.016,10,2,0,0,0,0,0,False,WINDOW_QUALITY_OK,3.0,12.0,9.0,9.697,0.8872,0.1328,0.1128,43.0,100.0,57.0,75.0,99.0,100.0,0.0,0.0,0.9231,0.8811,0.7945,167,240,84,57000.0,56860.0,56860.0,57000.0,140.0,9,0,0.0,,,100.0,99.75,0,0,0,0,0,0,0,0,0,0,0,0,0,0,0,0.0,0,0,0,,0.0,,,0.0,0,0,0,,0.0,,2025-03-06 23:59:59.999999999,2025-02-06 14:13:34,2025-03-06 10:27:31,28.407,False,57000.0,2025-02-06 14:13:34,3.0,28.407,9.0,False,56860.0,2025-03-04 16:15:12,12.0,2.323,0.0,False,9,20.0,True,0,0,0,0,0,0,0,0,0,0,0,0,0,0,0,0,0,0,0.0,0,0.0,-0.0,-0.0,28.407,9.0,0,0,0,-0.0,5,AC_BOUND,STATEFUL_REVIEW_DATA_QUALITY,WINDOW_MICRO_WOBBLE_ONLY,ACTION_COLLECT_MORE_DATA_OR_MANUAL_REVIEW,low,1,data_quality_or_history_review,micro_wobble,days_eff=28 days_any=2 cyc_eff=9 hq_nr=0 total_nr=0 cens=0 lg_opp=0 opp=0 norm_anom=-0.00 conf_p=1 micro_only=True cluster=AC_BOUND,No user-facing action; collecting more data.,Data-quality/history review outranks action (would_have_been=NONE). Collect more data or manual review.,NONE,False,False,True,False,False,True,False,False,0,2026-06-08T10:02:59Z,rolling30-v2.0,30,1,abs_ge_50mWh
BDILLON-F5CZRRY_bdillon,2025-03-05,2025-02-03 23:59:59.999999999,2025-03-05 23:59:59.999999999,1148,27.318,0.5,0.5,17.016,9,2,0,0,0,0,0,False,WINDOW_QUALITY_OK,3.0,12.0,9.0,9.883,0.8894,0.1302,0.1106,43.0,100.0,57.0,76.35,99.0,100.0,0.0,0.0,0.9274,0.886,0.7986,164,236,82,57000.0,56860.0,56860.0,57000.0,140.0,9,0,0.0,,,100.0,99.75,0,0,0,0,0,0,0,0,0,0,0,0,0,0,0,0.0,0,0,0,,0.0,,,0.0,0,0,0,,0.0,,2025-03-05 23:59:59.999999999,2025-02-06 14:13:34,2025-03-05 21:51:58,27.407,False,57000.0,2025-02-06 14:13:34,3.0,27.407,9.0,False,56860.0,2025-03-04 16:15:12,12.0,1.323,0.0,False,9,20.0,True,0,0,0,0,0,0,0,0,0,0,0,0,0,0,0,0,0,0,0.0,0,0.0,-0.0,-0.0,27.407,9.0,0,0,0,-0.0,5,AC_BOUND,STATEFUL_REVIEW_DATA_QUALITY,WINDOW_MICRO_WOBBLE_ONLY,ACTION_COLLECT_MORE_DATA_OR_MANUAL_REVIEW,low,1,data_quality_or_history_review,micro_wobble,days_eff=27 days_any=1 cyc_eff=9 hq_nr=0 total_nr=0 cens=0 lg_opp=0 opp=0 norm_anom=-0.00 conf_p=1 micro_only=True cluster=AC_BOUND,No user-facing action; collecting more data.,Data-quality/history review outranks action (would_have_been=NONE). Collect more data or manual review.,NONE,False,False,True,False,False,True,False,False,0,2026-06-08T10:02:59Z,rolling30-v2.0,30,1,abs_ge_50mWh
BDILLON-F62WZTG_bdillon,2026-04-28,2026-03-29 23:59:59.999999999,2026-04-28 23:59:59.999999999,1118,29.383,0.5,0.816,13.438,15,1,0,0,0,0,0,False,WINDOW_QUALITY_OK,17.0,25.0,8.0,8.168,0.8479,0.1513,0.1521,40.0,100.0,60.0,82.85,99.0,100.0,0.0,0.0,0.9702,0.8861,0.8057,154,232,77,59840.0,59750.0,59750.0,59840.0,90.0,8,0,0.0,,,99.73,99.58,0,0,0,0,0,0,0,0,0,0,0,0,0,0,0,0.0,0,0,0,,0.0,,,0.0,0,0,0,,0.0,,2026-04-28 23:59:59.999999999,2026-01-22 10:10:58,2026-04-28 09:40:16,96.576,True,60000.0,2026-01-22 10:10:58,0.0,96.576,25.0,False,59750.0,2026-04-27 20:28:19,25.0,1.147,0.0,True,22,20.0,True,0,0,0,0,0,0,0,0,0,0,0,0,0,0,0,0,0,0,0.0,0,0.0,-0.0,-0.0,96.576,25.0,0,0,0,-0.0,5,AC_BOUND,STATEFUL_NORMAL_RESPONDING,WINDOW_MICRO_WOBBLE_ONLY,ACTION_NONE,high,9,responding_or_no_concern,micro_wobble,days_eff=97 days_any=1 cyc_eff=25 hq_nr=0 total_nr=0 cens=0 lg_opp=0 opp=0 norm_anom=-0.00 conf_p=1 micro_only=True cluster=AC_BOUND,No action needed.,Responding normally; no concern.,,False,False,True,False,False,False,False,False,0,2026-06-08T10:02:59Z,rolling30-v2.0,30,1,abs_ge_50mWh
BDILLON-F65JXS1_bdillon,2026-05-19,2026-04-19 23:59:59.999999999,2026-05-19 23:59:59.999999999,553,20.188,0.5,4.172,14.316,19,1,0,0,0,0,0,False,WINDOW_QUALITY_OK,1.0,5.0,4.0,5.944,0.8351,0.1009,0.1649,47.0,100.0,53.0,81.6,98.0,100.0,0.0,0.0,0.9602,0.9065,0.6716,120,163,60,54760.0,54720.0,54720.0,54760.0,40.0,2,0,0.0,,,100.11,100.04,0,0,0,0,0,0,0,0,0,0,0,0,0,0,0,0.0,0,0,0,,0.0,,,0.0,0,0,0,,0.0,,2026-05-19 23:59:59.999999999,2026-04-29 11:17:46,2026-05-19 15:49:01,20.529,False,54760.0,2026-04-29 11:17:46,1.0,20.529,4.0,False,54720.0,2026-05-17 16:07:07,5.0,2.328,0.0,False,2,20.0,True,0,0,0,0,0,0,0,0,0,0,0,0,0,0,0,0,0,0,0.0,0,0.0,-0.0,-0.0,20.529,4.0,0,0,0,-0.0,5,AC_BOUND,STATEFUL_REVIEW_DATA_QUALITY,WINDOW_MICRO_WOBBLE_ONLY,ACTION_COLLECT_MORE_DATA_OR_MANUAL_REVIEW,low,1,data_quality_or_history_review,micro_wobble,days_eff=21 days_any=2 cyc_eff=4 hq_nr=0 total_nr=0 cens=0 lg_opp=0 opp=0 norm_anom=-0.00 conf_p=1 micro_only=True cluster=AC_BOUND,No user-facing action; collecting more data.,Data-quality/history review outranks action (would_have_been=NONE). Collect more data or manual review.,NONE,False,False,True,False,False,True,False,False,0,2026-06-08T10:02:59Z,rolling30-v2.0,30,1,abs_ge_50mWh
BDILLON-F67NKP7_bdillon,2026-05-27,2026-04-27 23:59:59.999999999,2026-05-27 23:59:59.999999999,316,8.148,0.5,1.499,9.134,3,0,0,0,0,0,0,False,WINDOW_QUALITY_OK,2.0,4.0,2.0,7.364,0.9142,0.063,0.0858,67.0,100.0,33.0,92.0,100.0,100.0,0.0,0.0,0.974,0.9675,0.8959,43,55,22,75010.0,75010.0,75010.0,75010.0,0.0,0,0,0.0,,,100.01,100.01,0,0,0,0,0,0,0,0,0,0,0,0,0,0,0,0.0,0,0,0,,0.0,,,0.0,0,0,0,,0.0,,2026-05-27 23:59:59.999999999,2026-05-19 13:20:29,2026-05-27 16:54:00,8.444,False,75010.0,2026-05-19 13:20:29,2.0,8.444,2.0,False,75010.0,2026-05-19 13:20:29,2.0,8.444,2.0,False,0,0.0,False,0,0,0,0,0,0,0,0,0,0,0,0,0,0,0,0,0,0,0.0,0,0.0,-0.0,-0.0,8.444,2.0,0,0,0,-0.0,3,AC_BOUND,STATEFUL_REVIEW_DATA_QUALITY,WINDOW_INSUFFICIENT_LEARNING_OPPORTUNITY,ACTION_COLLECT_MORE_DATA_OR_MANUAL_REVIEW,low,1,data_quality_or_history_review,,days_eff=8 days_any=8 cyc_eff=2 hq_nr=0 total_nr=0 cens=0 lg_opp=0 opp=0 norm_anom=-0.00 conf_p=1 micro_only=False cluster=AC_BOUND,No user-facing action; collecting more data.,Data-quality/history review outranks action (would_have_been=NONE). Collect more data or manual review.,NONE,False,False,False,False,False,True,False,False,0,2026-06-08T10:02:59Z,rolling30-v2.0,30,1,abs_ge_50mWh
BFALEIRO-0A1NXZ_bfaleiro,2026-02-06,2026-01-07 23:59:59.999999999,2026-02-06 23:59:59.999999999,9,2.716,0.5,39.159,57.41,1,1,1,0,0,0,0,False,WINDOW_QUALITY_SHORT_OBS,145.0,146.0,1.0,11.047,0.9991,0.7684,0.0009,0.0,100.0,100.0,0.0,2.0,100.0,0.7693,0.7693,0.2307,0.2307,0.2307,1,2,1,42010.0,42010.0,42010.0,42010.0,0.0,0,0,0.0,,,91.33,91.33,0,1,0,0,1,0,1,0,0,1,0,1,0,0,1,0.0,0,0,0,,0.0,,,0.0,0,0,0,,0.0,,2026-02-06 23:59:59.999999999,2024-03-15 10:41:14,2026-02-06 10:54:39,693.555,True,42000.0,2025-01-28 11:10:11,143.0,374.535,3.0,False,42010.0,2025-01-29 19:15:30,144.0,373.198,2.0,False,2,20.0,True,0,1,1,0,1,1,0,0,0,1,0,0,0,0,0,0,1,0,0.3841,0,-0.48464,0.2105,0.2105,374.535,3.0,1,0,0,0.2105,-1,SPARSE_OR_GAPPY,STATEFUL_REVIEW_DATA_QUALITY,WINDOW_DATA_QUALITY_REVIEW,ACTION_COLLECT_MORE_DATA_OR_MANUAL_REVIEW,low,1,data_quality_or_history_review,fw_like;micro_wobble;large_gap_dominant,days_eff=375 days_any=373 cyc_eff=3 hq_nr=0 total_nr=1 cens=0 lg_opp=1 opp=3 norm_anom=0.21 conf_p=1 micro_only=True cluster=SPARSE_OR_GAPPY,No user-facing action; collecting more data.,Data-quality/history review outranks action (would_have_been=FW_WATCH_LIKE). Collect more data or manual review.,FW_WATCH_LIKE,True,False,True,True,False,False,True,False,0,2026-06-08T10:02:59Z,rolling30-v2.0,30,1,abs_ge_50mWh
BFALEIRO-5C6ATS_bfaleiro,2026-05-16,2026-04-16 23:59:59.999999999,2026-05-16 23:59:59.999999999,11,22.565,0.5,285.067,504.896,3,3,1,0,0,0,0,False,WINDOW_QUALITY_SHORT_OBS,50.0,51.0,1.0,1.33,0.7921,0.7921,0.2079,0.0,90.0,90.0,2.0,20.0,55.5,0.0644,0.0644,0.2079,0.0,0.0,2,2,1,50270.0,50260.0,50260.0,50270.0,10.0,1,0,0.0,,,88.15,88.13,0,1,0,0,1,0,1,0,0,1,0,1,0,0,1,0.0,0,0,0,,0.0,,,0.0,0,0,0,,0.0,,2026-05-16 23:59:59.999999999,2025-01-29 09:57:25,2026-05-16 12:26:59,472.585,True,50270.0,2026-03-29 23:17:27,50.0,48.03,1.0,True,50260.0,2026-04-25 11:26:02,51.0,21.524,0.0,True,1,10.0,True,0,0,1,0,0,0,0,0,0,1,0,0,0,0,0,0,1,0,0.0,0,0.0,-0.0,-0.0,48.03,1.0,0,0,0,-0.0,-1,SPARSE_OR_GAPPY,STATEFUL_REVIEW_DATA_QUALITY,WINDOW_DATA_QUALITY_REVIEW,ACTION_COLLECT_MORE_DATA_OR_MANUAL_REVIEW,low,1,data_quality_or_history_review,micro_wobble;large_gap_dominant,days_eff=48 days_any=22 cyc_eff=1 hq_nr=0 total_nr=0 cens=0 lg_opp=1 opp=2 norm_anom=-0.00 conf_p=1 micro_only=True cluster=SPARSE_OR_GAPPY,No user-facing action; collecting more data.,Data-quality/history review outranks action (would_have_been=NONE). Collect more data or manual review.,NONE,False,False,True,True,False,False,True,False,0,2026-06-08T10:02:59Z,rolling30-v2.0,30,1,abs_ge_50mWh
BFALEIRO-629K3A_bfaleiro,2026-05-27,2026-04-27 23:59:59.999999999,2026-05-27 23:59:59.999999999,434,29.335,0.5,11.025,113.279,31,22,2,0,0,0,0,False,WINDOW_QUALITY_OK,31.0,39.0,8.0,8.181,0.5364,0.1293,0.4636,7.0,100.0,93.0,47.0,99.0,100.0,0.0159,0.0259,0.7967,0.6234,0.5733,91,118,46,76550.0,77070.0,75710.0,77070.0,1360.0,10,3,770.0,2026-05-20 10:17:27,39.0,102.07,102.76,0,2,0,0,2,0,1,0,0,1,0,1,0,0,1,0.0,0,0,0,,0.0,,,0.0,0,0,0,,0.0,,2026-05-27 23:59:59.999999999,2026-01-29 16:49:03,2026-05-27 11:07:49,118.299,True,77070.0,2026-05-20 10:17:27,39.0,7.571,0.0,True,77070.0,2026-05-20 10:17:27,39.0,7.571,0.0,True,0,0.0,False,0,0,0,0,0,0,0,0,0,0,0,0,0,0,0,0,0,0,0.0,0,0.0,-0.0,-0.0,7.571,0.0,0,0,0,-0.0,4,MOBILE_DEEP_CYCLE,STATEFUL_NORMAL_RESPONDING,WINDOW_NORMAL_RESPONDING,ACTION_NONE,high,9,responding_or_no_concern,,days_eff=8 days_any=8 cyc_eff=0 hq_nr=0 total_nr=0 cens=0 lg_opp=0 opp=0 norm_anom=-0.00 conf_p=1 micro_only=False cluster=MOBILE_DEEP_CYCLE,No action needed.,Responding normally; no concern.,,False,False,False,False,False,False,False,False,0,2026-06-08T10:02:59Z,rolling30-v2.0,30,1,abs_ge_50mWh
BILLWORK2_ottow,2024-06-06,2024-05-07 23:59:59.999999999,2024-06-06 23:59:59.999999999,884,29.302,0.5,0.5,23.047,17,16,0,0,0,0,0,False,WINDOW_QUALITY_OK,6.0,7.0,1.0,1.024,0.9849,0.0021,0.0151,16.0,100.0,84.0,95.0,98.0,100.0,0.0,0.0043,0.9882,0.9872,0.78,4,6,2,77010.0,76960.0,76960.0,77010.0,50.0,1,1,50.0,2024-06-01 05:20:40,7.0,102.68,102.61,0,1,0,0,1,0,0,0,0,0,0,0,0,0,0,0.0,0,0,0,,0.0,,,0.0,0,0,0,,0.0,,2024-06-06 23:59:59.999999999,2024-03-18 12:45:51,2024-06-06 14:12:40,80.468,True,76960.0,2024-06-01 05:20:40,7.0,5.777,0.0,True,76960.0,2024-06-01 05:20:40,7.0,5.777,0.0,True,0,0.0,False,0,0,0,0,0,0,0,0,0,0,0,0,0,0,0,0,0,0,0.0,0,0.0,-0.0,-0.0,5.777,0.0,0,0,0,-0.0,3,AC_BOUND,STATEFUL_NORMAL_RESPONDING,WINDOW_NORMAL_RESPONDING,ACTION_NONE,high,9,responding_or_no_concern,,days_eff=6 days_any=6 cyc_eff=0 hq_nr=0 total_nr=0 cens=0 lg_opp=0 opp=0 norm_anom=-0.00 conf_p=1 micro_only=False cluster=AC_BOUND,No action needed.,Responding normally; no concern.,,False,False,False,False,False,False,False,False,0,2026-06-08T10:02:59Z,rolling30-v2.0,30,1,abs_ge_50mWh
BKOCHUPARAM-BR2_bkochuparamb,2026-05-26,2026-04-26 23:59:59.999999999,2026-05-26 23:59:59.999999999,545,29.28,0.5,3.54,61.807,23,10,4,0,0,0,0,False,WINDOW_QUALITY_OK,94.0,98.0,4.0,4.098,0.7152,0.1898,0.2848,29.0,100.0,71.0,79.0,97.0,100.0,0.0,0.0,0.9094,0.8447,0.6497,82,109,41,82800.0,82740.0,82740.0,82800.0,60.0,4,0,0.0,,,92.0,91.93,0,0,0,0,0,0,0,0,0,0,0,0,0,0,0,0.0,0,0,0,,0.0,,,0.0,0,0,0,,0.0,,2026-05-26 23:59:59.999999999,2025-09-16 15:15:36,2026-05-26 15:16:05,252.364,True,82910.0,2026-03-18 12:49:21,87.0,69.466,11.0,False,82740.0,2026-05-24 11:16:06,98.0,2.53,0.0,True,11,20.0,True,0,0,1,0,0,0,0,0,0,0,0,0,0,0,0,0,1,0,0.0,0,0.0,-0.0,-0.0,69.466,11.0,0,0,0,-0.0,5,AC_BOUND,STATEFUL_WATCH_LARGE_GAP_OR_CENSORED,WINDOW_MICRO_WOBBLE_ONLY,ACTION_MONITOR_NEXT_WINDOW,low,7,large_gap_or_censored_dominant,micro_wobble;large_gap_dominant,days_eff=69 days_any=3 cyc_eff=11 hq_nr=0 total_nr=0 cens=0 lg_opp=1 opp=1 norm_anom=-0.00 conf_p=1 micro_only=True cluster=AC_BOUND,No user-facing action; monitoring.,Ambiguous/weak evidence (69d since effective change); monitor next window.,,False,False,True,True,False,False,False,False,0,2026-06-08T10:02:59Z,rolling30-v2.0,30,1,abs_ge_50mWh
BMIAO-PF4CFQ04_bmiao,2023-11-13,2023-10-14 23:59:59.999999999,2023-11-13 23:59:59.999999999,4,6.588,0.37,141.915,157.642,1,1,1,0,0,0,0,False,WINDOW_QUALITY_SHORT_OBS,8.0,8.0,0.0,0.0,0.8115,0.0,0.1885,92.0,100.0,8.0,92.6,96.5,99.55,0.0,0.0,1.0,1.0,1.0,1,2,1,86000.0,86000.0,86000.0,86000.0,0.0,0,0,0.0,,,100.0,100.0,0,0,0,0,0,0,0,0,0,0,0,0,0,0,0,0.0,0,0,0,,0.0,,,0.0,0,0,0,,0.0,,2023-11-13 23:59:59.999999999,2023-06-09 13:45:11,2023-11-13 09:27:06,157.427,True,86000.0,2023-06-09 13:45:11,2.0,157.427,6.0,False,86000.0,2023-06-09 13:45:11,2.0,157.427,6.0,False,0,0.0,False,0,0,1,0,0,0,0,0,0,1,0,0,0,0,0,0,1,0,0.0,0,0.0,-0.0,-0.0,157.427,6.0,0,0,0,-0.0,-1,SPARSE_OR_GAPPY,STATEFUL_REVIEW_DATA_QUALITY,WINDOW_DATA_QUALITY_REVIEW,ACTION_COLLECT_MORE_DATA_OR_MANUAL_REVIEW,low,1,data_quality_or_history_review,large_gap_dominant,days_eff=157 days_any=157 cyc_eff=6 hq_nr=0 total_nr=0 cens=0 lg_opp=1 opp=2 norm_anom=-0.00 conf_p=1 micro_only=False cluster=SPARSE_OR_GAPPY,No user-facing action; collecting more data.,Data-quality/history review outranks action (would_have_been=NONE). Collect more data or manual review.,NONE,False,False,False,True,False,False,True,False,0,2026-06-08T10:02:59Z,rolling30-v2.0,30,1,abs_ge_50mWh
BOB_Libra2.1-ELP2-SVT34,2025-07-03,2025-06-03 23:59:59.999999999,2025-07-03 23:59:59.999999999,973,27.735,0.5,0.5,64.103,6,6,2,0,0,0,0,False,WINDOW_QUALITY_OK,61.0,64.0,3.0,3.245,0.9982,0.0807,0.0018,4.0,100.0,96.0,95.0,100.0,100.0,0.0006,0.0016,0.9973,0.9963,0.7543,7,30,4,96310.0,96310.0,96310.0,96310.0,0.0,0,0,0.0,,,102.96,102.96,0,1,0,0,1,0,1,0,0,1,0,1,0,0,1,0.0,0,0,0,,0.0,,,0.0,0,0,0,,0.0,,2025-07-03 23:59:59.999999999,2024-04-29 11:33:15,2025-07-03 09:34:30,430.519,True,96310.0,2024-10-10 14:04:05,30.0,266.414,34.0,False,96310.0,2024-10-10 14:04:05,30.0,266.414,34.0,False,0,0.0,False,0,0,1,0,0,0,0,0,0,1,0,0,0,0,0,0,1,0,0.0,0,0.0,-0.0,-0.0,266.414,34.0,0,0,0,-0.0,3,AC_BOUND,STATEFUL_GAUGE_REVIEW,WINDOW_LARGE_GAP_AMBIGUOUS,ACTION_COLLECT_MORE_DATA_OR_MANUAL_REVIEW,low,6,gauge_like_but_large_gap_ambiguity,gauge_like;large_gap_dominant,days_eff=266 days_any=266 cyc_eff=34 hq_nr=0 total_nr=0 cens=0 lg_opp=1 opp=2 norm_anom=-0.00 conf_p=1 micro_only=False cluster=AC_BOUND,No user-facing action; under review.,Gauge-like staleness (266d) but large-gap opportunities prevent a firm no-opportunity conclusion. Manual/engineering review.,GAUGE_SOFT_OR_REVIEW_LIKE,False,True,False,True,False,False,False,False,0,2026-06-08T10:02:59Z,rolling30-v2.0,30,1,abs_ge_50mWh
BRIAN_bcampbell,2026-06-01,2026-05-02 23:59:59.999999999,2026-06-01 23:59:59.999999999,224,28.172,0.5,14.842,257.752,16,14,5,0,0,0,0,False,WINDOW_QUALITY_OK,7.0,9.0,2.0,2.13,0.7103,0.1823,0.2897,56.0,100.0,44.0,69.0,99.0,100.0,0.0,0.0,0.9266,0.8023,0.7227,49,69,25,58010.0,57990.0,57990.0,58010.0,20.0,2,0,0.0,,,100.02,99.98,0,0,0,0,0,0,0,0,0,0,0,0,0,0,0,0.0,0,0,0,,0.0,,,0.0,0,0,0,,0.0,,2026-06-01 23:59:59.999999999,2026-04-06 14:34:24,2026-06-01 13:52:36,56.393,False,58030.0,2026-04-06 14:34:24,1.0,56.393,8.0,False,57990.0,2026-05-26 11:40:44,9.0,6.513,0.0,False,4,10.0,True,0,1,0,0,1,1,0,0,1,0,0,1,1,0,0,0,0,0,0.3144,0,-0.3775,0.1639,0.1639,56.393,8.0,1,1,0,0.1639,5,AC_BOUND,STATEFUL_REVIEW_DATA_QUALITY,WINDOW_MICRO_WOBBLE_ONLY,ACTION_COLLECT_MORE_DATA_OR_MANUAL_REVIEW,low,1,data_quality_or_history_review,fw_like;micro_wobble,days_eff=56 days_any=7 cyc_eff=8 hq_nr=0 total_nr=1 cens=0 lg_opp=0 opp=2 norm_anom=0.16 conf_p=1 micro_only=True cluster=AC_BOUND,No user-facing action; collecting more data.,Data-quality/history review outranks action (would_have_been=FW_WATCH_LIKE). Collect more data or manual review.,FW_WATCH_LIKE,True,False,True,False,False,True,False,False,0,2026-06-08T10:02:59Z,rolling30-v2.0,30,1,abs_ge_50mWh
BRYAN_X1,2025-10-08,2025-09-08 23:59:59.999999999,2025-10-08 23:59:59.999999999,179,29.251,0.5,21.726,39.077,27,23,7,0,0,0,0,False,WINDOW_QUALITY_OK,127.0,128.0,1.0,1.026,0.9927,0.0433,0.0073,95.0,100.0,5.0,95.0,97.0,100.0,0.0,0.0,1.0,1.0,0.9397,6,14,3,48590.0,48590.0,48590.0,48590.0,0.0,0,0,0.0,,,85.17,85.17,0,0,0,0,0,0,0,0,0,0,0,0,0,0,0,0.0,0,0,0,,0.0,,,0.0,0,0,0,,0.0,,2025-10-08 23:59:59.999999999,2023-04-04 22:34:38,2025-10-08 13:59:45,918.059,True,48590.0,2024-04-17 09:04:09,77.0,539.622,51.0,False,48590.0,2024-04-17 09:04:09,77.0,539.622,51.0,False,0,0.0,False,0,0,10,0,0,0,0,0,0,5,0,0,0,0,0,0,10,0,0.0,0,0.0,-0.0,-0.0,539.622,51.0,0,0,0,-0.0,5,AC_BOUND,STATEFUL_GAUGE_REVIEW,WINDOW_INSUFFICIENT_LEARNING_OPPORTUNITY,ACTION_COLLECT_MORE_DATA_OR_MANUAL_REVIEW,low,6,gauge_like_but_large_gap_ambiguity,gauge_like;large_gap_dominant,days_eff=540 days_any=540 cyc_eff=51 hq_nr=0 total_nr=0 cens=0 lg_opp=10 opp=15 norm_anom=-0.00 conf_p=1 micro_only=False cluster=AC_BOUND,No user-facing action; under review.,Gauge-like staleness (539d) but large-gap opportunities prevent a firm no-opportunity conclusion. Manual/engineering review.,GAUGE_SOFT_OR_REVIEW_LIKE,False,True,False,True,False,False,False,False,0,2026-06-08T10:02:59Z,rolling30-v2.0,30,1,abs_ge_50mWh
CARBON9TH_Dexter,2024-06-07,2024-05-08 23:59:59.999999999,2024-06-07 23:59:59.999999999,463,29.242,0.5,4.977,70.289,22,19,3,0,0,0,0,False,WINDOW_QUALITY_OK,426.0,433.0,7.0,7.181,0.8277,0.2679,0.1723,17.0,100.0,83.0,67.1,98.0,100.0,0.0,0.0016,0.9387,0.8869,0.7805,52,133,26,49140.0,49140.0,49140.0,49140.0,0.0,0,0,0.0,,,86.13,86.13,0,1,0,0,1,0,0,0,0,0,0,0,0,0,0,0.0,0,0,0,,0.0,,,0.0,0,0,0,,0.0,,2024-06-07 23:59:59.999999999,2023-02-04 11:14:49,2024-06-07 09:10:29,489.531,True,49160.0,2023-06-16 18:31:34,283.0,357.228,150.0,False,49140.0,2023-07-10 16:06:29,294.0,333.329,139.0,False,1,20.0,True,5,8,18,5,8,13,0,0,0,5,0,0,0,0,5,0,18,0,4.7139,0,-5.89163,2.5587,2.5587,357.228,150.0,13,0,0,2.5587,4,MOBILE_DEEP_CYCLE,STATEFUL_FW_WATCH_HIGH_ANOMALY,WINDOW_LARGE_GAP_AMBIGUOUS,ACTION_FW_ENGINEERING_REVIEW,medium,4,fw_like_no_response_core_requirement_short,fw_like;micro_wobble;large_gap_dominant,days_eff=357 days_any=333 cyc_eff=150 hq_nr=5 total_nr=13 cens=0 lg_opp=18 opp=36 norm_anom=2.56 conf_p=1 micro_only=True cluster=MOBILE_DEEP_CYCLE,No user-facing action; monitoring.,"FW-like no-response signal but a core requirement is short (staleness/cycles/quality). Monitor and add to FW engineering queue. normative anomaly 2.56, 13 no_response since last effective change (357d ago).",,True,False,True,True,False,False,False,False,0,2026-06-08T10:02:59Z,rolling30-v2.0,30,1,abs_ge_50mWh
CARLLAPTOP_CarlWu,2024-07-15,2024-06-15 23:59:59.999999999,2024-07-15 23:59:59.999999999,818,29.457,0.499,5.049,12.769,23,2,0,0,0,0,0,False,WINDOW_QUALITY_OK,229.0,248.0,19.0,19.35,0.4486,0.1922,0.5514,2.0,100.0,98.0,21.0,91.0,100.0,0.0219,0.0252,0.712,0.5841,0.4681,230,278,116,46400.0,46400.0,46400.0,46400.0,0.0,0,0,0.0,,,81.4,81.4,1,2,1,0,3,0,2,0,0,2,0,2,0,0,2,0.4303,0,1,1,0.569677,0.2444,0.74929,0.76293,0.0409,0,1,1,0.959069,0.0182,0.98862,2024-07-15 23:59:59.999999999,2023-05-05 20:52:11,2024-07-15 15:09:37,437.13,True,46400.0,2024-02-23 19:13:27,165.0,143.199,83.0,False,46400.0,2024-02-23 19:13:27,165.0,143.199,83.0,False,0,0.0,False,8,10,1,8,10,18,0,3,8,1,3,8,11,0,8,0,1,0,6.8738,0,-8.71125,3.7832,3.7832,143.199,83.0,18,11,0,3.7832,4,MOBILE_DEEP_CYCLE,STATEFUL_FW_CHECK_CORE,WINDOW_OPPORTUNITY_NO_RESPONSE,ACTION_FW_VERSION_CHECK_CORE,high,2,high_quality_no_response_with_long_effective_staleness,fw_like,days_eff=143 days_any=143 cyc_eff=83 hq_nr=8 total_nr=18 cens=0 lg_opp=1 opp=31 norm_anom=3.78 conf_p=0.749 micro_only=False cluster=MOBILE_DEEP_CYCLE,No user-facing action; engineering FW review queued.,"Prioritize BIOS/EC/battery-FW version and update review: 8 high-quality discharge+recharge learning opportunities since the last effective FCC change (143d ago) produced no FCC relearning step (8 high-quality + 3 strict-band no_response confirmations). Candidate, not a confirmed FW fault.",,True,False,False,False,False,False,False,False,36,2026-06-08T10:02:59Z,rolling30-v2.0,30,1,abs_ge_50mWh
CARZADON-3JDEXX_carzadon,2025-03-07,2025-02-05 23:59:59.999999999,2025-03-07 23:59:59.999999999,7,1.018,0.469,16.267,20.874,1,1,0,0,0,0,0,False,WINDOW_QUALITY_SHORT_OBS,661.0,662.0,1.0,29.47,0.5749,0.5749,0.4251,13.0,97.0,84.0,15.7,90.0,97.0,0.0,0.0978,0.4251,0.4251,0.4251,2,2,1,42770.0,43140.0,42770.0,43140.0,370.0,1,1,370.0,2025-03-06 16:54:59,662.0,84.78,85.51,0,1,0,0,1,0,1,0,0,1,0,0,0,0,0,0.0,0,0,0,,0.0,,,0.0,0,0,0,,0.0,,2025-03-07 23:59:59.999999999,2023-02-03 09:09:44,2025-03-07 13:57:49,763.618,True,43140.0,2025-03-06 16:54:59,662.0,1.295,0.0,True,43140.0,2025-03-06 16:54:59,662.0,1.295,0.0,True,0,0.0,False,0,0,0,0,0,0,0,0,0,0,0,0,0,0,0,0,0,0,0.0,0,0.0,-0.0,-0.0,1.295,0.0,0,0,0,-0.0,-1,SPARSE_OR_GAPPY,STATEFUL_REVIEW_DATA_QUALITY,WINDOW_DATA_QUALITY_REVIEW,ACTION_COLLECT_MORE_DATA_OR_MANUAL_REVIEW,low,1,data_quality_or_history_review,,days_eff=1 days_any=1 cyc_eff=0 hq_nr=0 total_nr=0 cens=0 lg_opp=0 opp=0 norm_anom=-0.00 conf_p=1 micro_only=False cluster=SPARSE_OR_GAPPY,No user-facing action; collecting more data.,Data-quality/history review outranks action (would_have_been=NONE). Collect more data or manual review.,NONE,False,False,False,False,False,False,True,False,0,2026-06-08T10:02:59Z,rolling30-v2.0,30,1,abs_ge_50mWh
CBLACKBURN-E2WL_cblackburn,2026-03-30,2026-02-28 23:59:59.999999999,2026-03-30 23:59:59.999999999,366,28.041,0.5,15.863,65.436,21,21,4,0,0,0,0,False,WINDOW_QUALITY_OK,6.0,11.0,5.0,5.349,0.7654,0.068,0.2346,1.0,100.0,99.0,53.25,99.0,100.0,0.0025,0.0025,0.8519,0.7713,0.7332,28,42,14,92240.0,92630.0,92200.0,92660.0,460.0,6,1,460.0,2026-03-09 08:56:43,9.0,102.49,102.92,0,1,0,0,1,0,1,0,0,1,0,1,0,0,1,0.0,0,0,0,,0.0,,,0.0,0,0,0,,0.0,,2026-03-30 23:59:59.999999999,2026-01-30 11:07:59,2026-03-30 07:59:57,59.536,False,92660.0,2026-03-09 08:56:43,9.0,21.627,2.0,False,92630.0,2026-03-20 10:43:42,11.0,10.553,0.0,False,2,20.0,True,0,0,0,0,0,0,0,0,0,0,0,0,0,0,0,0,0,0,0.0,0,0.0,-0.0,-0.0,21.627,2.0,0,0,0,-0.0,4,MOBILE_DEEP_CYCLE,STATEFUL_REVIEW_DATA_QUALITY,WINDOW_NORMAL_RESPONDING,ACTION_COLLECT_MORE_DATA_OR_MANUAL_REVIEW,low,1,data_quality_or_history_review,micro_wobble,days_eff=22 days_any=11 cyc_eff=2 hq_nr=0 total_nr=0 cens=0 lg_opp=0 opp=0 norm_anom=-0.00 conf_p=1 micro_only=True cluster=MOBILE_DEEP_CYCLE,No user-facing action; collecting more data.,Data-quality/history review outranks action (would_have_been=NONE). Collect more data or manual review.,NONE,False,False,True,False,False,True,False,False,0,2026-06-08T10:02:59Z,rolling30-v2.0,30,1,abs_ge_50mWh
CBLACKBURN-TSG2_cblackburn,2026-05-18,2026-04-18 23:59:59.999999999,2026-05-18 23:59:59.999999999,265,28.131,0.5,12.803,159.238,14,14,4,0,0,0,0,False,WINDOW_QUALITY_OK,52.0,54.0,2.0,2.133,0.8432,0.0715,0.1568,6.0,100.0,94.0,35.2,100.0,100.0,0.0009,0.0044,0.9022,0.8617,0.8317,26,39,13,55950.0,53710.0,53710.0,55950.0,2240.0,4,1,2140.0,2026-05-01 08:54:55,53.0,96.47,92.6,0,1,0,0,1,0,1,0,0,1,0,1,0,0,1,0.0,0,0,0,,0.0,,,0.0,0,0,0,,0.0,,2026-05-18 23:59:59.999999999,2025-06-02 11:25:09,2026-05-18 11:09:31,350.524,True,53770.0,2026-05-01 08:54:55,53.0,17.629,1.0,True,53710.0,2026-05-08 10:50:38,54.0,10.548,0.0,True,2,40.0,True,0,0,0,0,0,0,0,0,0,0,0,0,0,0,0,0,0,0,0.0,0,0.0,-0.0,-0.0,17.629,1.0,0,0,0,-0.0,4,MOBILE_DEEP_CYCLE,STATEFUL_NORMAL_RESPONDING,WINDOW_NORMAL_RESPONDING,ACTION_NONE,high,9,responding_or_no_concern,micro_wobble,days_eff=18 days_any=11 cyc_eff=1 hq_nr=0 total_nr=0 cens=0 lg_opp=0 opp=0 norm_anom=-0.00 conf_p=1 micro_only=True cluster=MOBILE_DEEP_CYCLE,No action needed.,Responding normally; no concern.,,False,False,True,False,False,False,False,False,0,2026-06-08T10:02:59Z,rolling30-v2.0,30,1,abs_ge_50mWh
CBLACKBURNXY23A_cblackburn,2024-08-06,2024-07-07 23:59:59.999999999,2024-08-06 23:59:59.999999999,107,29.281,0.5,24.741,284.709,8,8,6,0,0,0,0,False,WINDOW_QUALITY_SPARSE,32.0,36.0,4.0,4.098,0.3695,0.0764,0.6305,2.0,100.0,98.0,7.0,71.0,100.0,0.0894,0.1641,0.4379,0.3507,0.3301,12,16,6,47760.0,48990.0,47740.0,49830.0,2090.0,5,2,2090.0,2024-07-19 13:16:15,34.0,90.97,93.31,0,2,0,0,2,0,2,0,0,2,0,2,0,0,2,0.0,0,0,0,,0.0,,,0.0,0,0,0,,0.0,,2024-08-06 23:59:59.999999999,2024-02-13 06:40:17,2024-08-06 14:11:51,175.722,True,49030.0,2024-07-19 13:16:15,34.0,18.447,2.0,True,48990.0,2024-07-25 13:12:45,36.0,12.449,0.0,True,2,20.0,True,0,0,1,0,0,0,0,0,0,1,0,0,0,0,0,0,1,0,0.0,0,0.0,-0.0,-0.0,18.447,2.0,0,0,0,-0.0,-1,SPARSE_OR_GAPPY,STATEFUL_REVIEW_DATA_QUALITY,WINDOW_DATA_QUALITY_REVIEW,ACTION_COLLECT_MORE_DATA_OR_MANUAL_REVIEW,low,1,data_quality_or_history_review,micro_wobble;large_gap_dominant,days_eff=18 days_any=12 cyc_eff=2 hq_nr=0 total_nr=0 cens=0 lg_opp=1 opp=2 norm_anom=-0.00 conf_p=1 micro_only=True cluster=SPARSE_OR_GAPPY,No user-facing action; collecting more data.,Data-quality/history review outranks action (would_have_been=NONE). Collect more data or manual review.,NONE,False,False,True,True,False,False,True,False,0,2026-06-08T10:02:59Z,rolling30-v2.0,30,1,abs_ge_50mWh
CBOULTON-5METJ1_cboulton,2026-06-01,2026-05-02 23:59:59.999999999,2026-06-01 23:59:59.999999999,278,27.915,0.5,11.837,89.845,24,13,5,0,0,0,0,False,WINDOW_QUALITY_OK,95.0,105.0,10.0,10.747,0.2816,0.1573,0.7184,18.0,100.0,82.0,30.0,86.0,100.0,0.0,0.0019,0.5155,0.331,0.2603,67,84,34,69750.0,69890.0,69220.0,69890.0,670.0,11,2,670.0,2026-05-28 11:18:24,105.0,93.0,93.19,0,1,0,0,1,0,0,0,0,0,0,0,0,0,0,0.0,0,0,0,,0.0,,,0.0,0,0,0,,0.0,,2026-06-01 23:59:59.999999999,2025-09-17 15:12:48,2026-06-01 08:27:48,257.366,True,69890.0,2026-05-28 11:18:24,105.0,4.529,0.0,True,69890.0,2026-05-28 11:18:24,105.0,4.529,0.0,True,0,0.0,False,0,0,0,0,0,0,0,0,0,0,0,0,0,0,0,0,0,0,0.0,0,0.0,-0.0,-0.0,4.529,0.0,0,0,0,-0.0,4,MOBILE_DEEP_CYCLE,STATEFUL_NORMAL_RESPONDING,WINDOW_NORMAL_RESPONDING,ACTION_NONE,high,9,responding_or_no_concern,,days_eff=5 days_any=5 cyc_eff=0 hq_nr=0 total_nr=0 cens=0 lg_opp=0 opp=0 norm_anom=-0.00 conf_p=1 micro_only=False cluster=MOBILE_DEEP_CYCLE,No action needed.,Responding normally; no concern.,,False,False,False,False,False,False,False,False,0,2026-06-08T10:02:59Z,rolling30-v2.0,30,1,abs_ge_50mWh
CCHEN50-F3PD01M_cchen50,2024-10-18,2024-09-18 23:59:59.999999999,2024-10-18 23:59:59.999999999,214,29.004,0.5,4.89,383.234,9,7,3,0,0,0,0,False,WINDOW_QUALITY_OK,117.0,118.0,1.0,1.034,0.9799,0.1041,0.0201,92.0,100.0,8.0,93.0,95.0,97.0,0.0,0.0,1.0,1.0,0.1429,13,13,7,50240.0,50240.0,50240.0,50240.0,0.0,0,0,0.0,,,88.14,88.14,0,0,0,0,0,0,0,0,0,0,0,0,0,0,0,0.0,0,0,0,,0.0,,,0.0,0,0,0,,0.0,,2024-10-18 23:59:59.999999999,2023-02-08 18:20:00,2024-10-18 09:54:01,618.236,True,50200.0,2024-07-08 14:17:29,108.0,102.405,10.0,False,50240.0,2024-07-09 19:25:33,108.0,101.191,10.0,False,2,20.0,True,0,0,0,0,0,0,0,0,0,0,0,0,0,0,0,0,0,0,0.0,0,0.0,-0.0,-0.0,102.405,10.0,0,0,0,-0.0,1,AC_BOUND,STATEFUL_NORMAL_RESPONDING,WINDOW_INSUFFICIENT_LEARNING_OPPORTUNITY,ACTION_NONE,high,9,responding_or_no_concern,micro_wobble,days_eff=102 days_any=101 cyc_eff=10 hq_nr=0 total_nr=0 cens=0 lg_opp=0 opp=0 norm_anom=-0.00 conf_p=1 micro_only=True cluster=AC_BOUND,No action needed.,Responding normally; no concern.,,False,False,True,False,False,False,False,False,0,2026-06-08T10:02:59Z,rolling30-v2.0,30,1,abs_ge_50mWh
CCHOW3-PF4S7DN8_cchow3,2024-05-28,2024-04-28 23:59:59.999999999,2024-05-28 23:59:59.999999999,314,28.994,0.5,14.507,133.838,23,17,4,0,0,0,0,False,WINDOW_QUALITY_OK,23.0,27.0,4.0,4.139,0.5971,0.1613,0.4029,3.0,100.0,97.0,43.2,98.0,100.0,0.0107,0.0107,0.8463,0.8029,0.5088,54,70,27,41820.0,38300.0,38300.0,41820.0,3520.0,5,1,3470.0,2024-05-23 20:07:37,27.0,106.41,97.46,0,1,0,0,1,0,1,0,0,1,0,1,0,0,1,0.0,0,0,0,,0.0,,,0.0,0,0,0,,0.0,,2024-05-28 23:59:59.999999999,2024-01-29 12:12:47,2024-05-28 07:57:25,120.491,True,38300.0,2024-05-23 20:07:37,27.0,5.161,0.0,True,38300.0,2024-05-23 20:07:37,27.0,5.161,0.0,True,0,0.0,False,0,0,0,0,0,0,0,0,0,0,0,0,0,0,0,0,0,0,0.0,0,0.0,-0.0,-0.0,5.161,0.0,0,0,0,-0.0,4,MOBILE_DEEP_CYCLE,STATEFUL_NORMAL_RESPONDING,WINDOW_NORMAL_RESPONDING,ACTION_NONE,high,9,responding_or_no_concern,,days_eff=5 days_any=5 cyc_eff=0 hq_nr=0 total_nr=0 cens=0 lg_opp=0 opp=0 norm_anom=-0.00 conf_p=1 micro_only=False cluster=MOBILE_DEEP_CYCLE,No action needed.,Responding normally; no concern.,,False,False,False,False,False,False,False,False,0,2026-06-08T10:02:59Z,rolling30-v2.0,30,1,abs_ge_50mWh
CCHOW3-PF4YBY4D_cchow3,2024-08-29,2024-07-30 23:59:59.999999999,2024-08-29 23:59:59.999999999,514,29.036,0.5,3.813,68.968,23,13,4,0,0,0,0,False,WINDOW_QUALITY_OK,10.0,15.0,5.0,5.166,0.8186,0.274,0.1814,2.0,100.0,98.0,16.65,97.0,100.0,0.05,0.0685,0.7985,0.7372,0.5727,68,92,34,71600.0,74370.0,70770.0,75210.0,4440.0,8,6,4440.0,2024-08-21 10:50:36,15.0,95.47,99.16,0,3,0,0,3,0,3,0,0,3,0,3,0,0,3,0.0,0,0,0,,0.0,,,0.0,0,0,0,,0.0,,2024-08-29 23:59:59.999999999,2024-06-10 11:38:47,2024-08-29 09:17:51,80.515,True,74370.0,2024-08-21 10:50:36,15.0,8.548,0.0,True,74370.0,2024-08-21 10:50:36,15.0,8.548,0.0,True,0,0.0,False,0,0,0,0,0,0,0,0,0,0,0,0,0,0,0,0,0,0,0.0,0,0.0,-0.0,-0.0,8.548,0.0,0,0,0,-0.0,4,MOBILE_DEEP_CYCLE,STATEFUL_NORMAL_RESPONDING,WINDOW_NORMAL_RESPONDING,ACTION_NONE,high,9,responding_or_no_concern,,days_eff=9 days_any=9 cyc_eff=0 hq_nr=0 total_nr=0 cens=0 lg_opp=0 opp=0 norm_anom=-0.00 conf_p=1 micro_only=False cluster=MOBILE_DEEP_CYCLE,No action needed.,Responding normally; no concern.,,False,False,False,False,False,False,False,False,0,2026-06-08T10:02:59Z,rolling30-v2.0,30,1,abs_ge_50mWh
CCOLGLAZIER-V05_ccolglazier,2026-06-01,2026-05-02 23:59:59.999999999,2026-06-01 23:59:59.999999999,444,28.061,0.5,0.868,64.356,20,20,5,0,0,0,0,False,WINDOW_QUALITY_OK,2.0,8.0,6.0,6.415,0.7383,0.0634,0.2617,17.0,80.0,63.0,41.0,78.0,79.0,0.0,0.0024,0.0,0.0,0.0,78,102,39,59990.0,59920.0,59920.0,59990.0,70.0,6,0,0.0,,,99.98,99.87,0,1,0,0,1,0,0,0,0,0,0,0,0,0,0,0.0,0,0,0,,0.0,,,0.0,0,0,0,,0.0,,2026-06-01 23:59:59.999999999,2026-04-30 11:12:58,2026-06-01 09:32:16,32.533,False,60000.0,2026-04-30 11:12:58,1.0,32.533,7.0,False,59920.0,2026-05-29 11:21:10,8.0,3.527,0.0,False,7,20.0,True,0,0,1,0,0,0,0,0,0,0,0,0,0,0,0,0,1,0,0.0,0,0.0,-0.0,-0.0,32.533,7.0,0,0,0,-0.0,2,MOBILE_DEEP_CYCLE,STATEFUL_REVIEW_DATA_QUALITY,WINDOW_MICRO_WOBBLE_ONLY,ACTION_COLLECT_MORE_DATA_OR_MANUAL_REVIEW,low,1,data_quality_or_history_review,micro_wobble;large_gap_dominant,days_eff=33 days_any=4 cyc_eff=7 hq_nr=0 total_nr=0 cens=0 lg_opp=1 opp=1 norm_anom=-0.00 conf_p=1 micro_only=True cluster=MOBILE_DEEP_CYCLE,No user-facing action; collecting more data.,Data-quality/history review outranks action (would_have_been=NONE). Collect more data or manual review.,NONE,False,False,True,True,False,True,False,False,0,2026-06-08T10:02:59Z,rolling30-v2.0,30,1,abs_ge_50mWh
CCOURTEIX-C7ECE_ccourteix,2024-09-06,2024-08-07 23:59:59.999999999,2024-09-06 23:59:59.999999999,317,29.045,0.5,14.262,65.483,28,20,5,0,0,0,0,False,WINDOW_QUALITY_OK,3.0,8.0,5.0,5.164,0.4171,0.0726,0.6066,0.0,90.0,90.0,54.8,85.0,89.0,0.007,0.007,0.565,0.0,0.0,88,103,44,58030.0,58030.0,58030.0,58030.0,0.0,0,0,0.0,,,100.05,100.05,0,1,0,0,1,0,1,0,0,1,0,0,0,0,0,0.0,0,0,0,,0.0,,,0.0,0,0,0,,0.0,,2024-09-06 23:59:59.999999999,2024-08-07 08:19:47,2024-09-06 09:18:01,30.653,False,58030.0,2024-08-07 08:19:47,3.0,30.653,5.0,False,58030.0,2024-08-07 08:19:47,3.0,30.653,5.0,False,0,0.0,False,0,0,1,0,0,0,0,0,0,0,0,0,0,0,0,0,1,0,0.0,0,0.0,-0.0,-0.0,30.653,5.0,0,0,0,-0.0,2,MOBILE_DEEP_CYCLE,STATEFUL_REVIEW_DATA_QUALITY,WINDOW_LARGE_GAP_AMBIGUOUS,ACTION_COLLECT_MORE_DATA_OR_MANUAL_REVIEW,low,1,data_quality_or_history_review,large_gap_dominant,days_eff=31 days_any=31 cyc_eff=5 hq_nr=0 total_nr=0 cens=0 lg_opp=1 opp=1 norm_anom=-0.00 conf_p=1 micro_only=False cluster=MOBILE_DEEP_CYCLE,No user-facing action; collecting more data.,Data-quality/history review outranks action (would_have_been=NONE). Collect more data or manual review.,NONE,False,False,False,True,False,True,False,False,0,2026-06-08T10:02:59Z,rolling30-v2.0,30,1,abs_ge_50mWh
CDORNER-F5WFAPN_cdorner,2026-06-01,2026-05-02 23:59:59.999999999,2026-06-01 23:59:59.999999999,291,18.86,0.5,3.984,89.813,12,7,3,0,0,0,0,False,WINDOW_QUALITY_OK,2.0,6.0,4.0,6.363,0.7875,0.1274,0.2125,43.0,100.0,57.0,70.0,97.0,100.0,0.0,0.0,0.9111,0.8438,0.7153,68,101,34,99900.0,99840.0,99840.0,99900.0,60.0,4,0,0.0,,,100.0,99.94,0,0,0,0,0,0,0,0,0,0,0,0,0,0,0,0.0,0,0,0,,0.0,,,0.0,0,0,0,,0.0,,2026-06-01 23:59:59.999999999,2026-05-13 15:43:23,2026-06-01 12:21:33,19.345,False,99900.0,2026-05-13 15:43:23,2.0,19.345,4.0,False,99840.0,2026-05-29 11:06:21,6.0,3.537,0.0,False,4,20.0,True,0,0,0,0,0,0,0,0,0,0,0,0,0,0,0,0,0,0,0.0,0,0.0,-0.0,-0.0,19.345,4.0,0,0,0,-0.0,5,AC_BOUND,STATEFUL_REVIEW_DATA_QUALITY,WINDOW_MICRO_WOBBLE_ONLY,ACTION_COLLECT_MORE_DATA_OR_MANUAL_REVIEW,low,1,data_quality_or_history_review,micro_wobble,days_eff=19 days_any=4 cyc_eff=4 hq_nr=0 total_nr=0 cens=0 lg_opp=0 opp=0 norm_anom=-0.00 conf_p=1 micro_only=True cluster=AC_BOUND,No user-facing action; collecting more data.,Data-quality/history review outranks action (would_have_been=NONE). Collect more data or manual review.,NONE,False,False,True,False,False,True,False,False,0,2026-06-08T10:02:59Z,rolling30-v2.0,30,1,abs_ge_50mWh
CFERLAND-0DYS2P_cferland,2025-05-21,2025-04-21 23:59:59.999999999,2025-05-21 23:59:59.999999999,425,29.097,0.496,11.728,30.016,31,21,6,0,0,0,0,False,WINDOW_QUALITY_OK,39.0,46.0,7.0,7.217,0.6291,0.2643,0.3709,44.0,100.0,56.0,68.0,96.0,99.0,0.0,0.0,0.8841,0.7067,0.4653,129,149,65,59190.0,59100.0,59100.0,59190.0,90.0,8,0,0.0,,,102.05,101.9,0,0,0,0,0,0,0,0,0,0,0,0,0,0,0,0.0,0,0,0,,0.0,,,0.0,0,0,0,,0.0,,2025-05-21 23:59:59.999999999,2024-11-05 11:15:53,2025-05-21 08:00:32,197.531,True,59850.0,2024-11-05 11:15:53,2.0,197.531,44.0,False,59100.0,2025-05-20 07:21:06,46.0,1.694,0.0,True,61,20.0,True,0,0,0,0,0,0,0,0,0,0,0,0,0,0,0,0,0,0,0.0,0,0.0,-0.0,-0.0,197.531,44.0,0,0,0,-0.0,5,AC_BOUND,STATEFUL_GAUGE_SOFT_CALIBRATION_EFFECTIVE_ONLY,WINDOW_MICRO_WOBBLE_ONLY,ACTION_SOFT_CALIBRATION_PROMPT,medium,5,micro_wobble_only_no_effective_relearn,gauge_like;micro_wobble,days_eff=198 days_any=2 cyc_eff=44 hq_nr=0 total_nr=0 cens=0 lg_opp=0 opp=0 norm_anom=-0.00 conf_p=1 micro_only=True cluster=AC_BOUND,A full charge/discharge cycle may help the gauge recalibrate (low priority).,Soft calibration prompt: micro-wobbles present but no meaningful FCC relearning step under the effective threshold for 197d. Not a hard gauge reset target.,,False,True,True,False,False,False,False,False,0,2026-06-08T10:02:59Z,rolling30-v2.0,30,1,abs_ge_50mWh
CGOOTEE-F66K4JN_cgootee,2026-06-01,2026-05-02 23:59:59.999999999,2026-06-01 23:59:59.999999999,263,26.887,0.5,10.513,155.563,22,11,5,0,0,0,0,False,WINDOW_QUALITY_OK,1.0,6.0,5.0,5.579,0.6682,0.1152,0.3318,3.0,100.0,97.0,51.1,99.0,100.0,0.003,0.003,0.8448,0.758,0.7044,68,90,34,75010.0,74970.0,74970.0,75010.0,40.0,3,0,0.0,,,100.01,99.96,0,0,0,0,0,0,0,0,0,0,0,0,0,0,0,0.0,0,0,0,,0.0,,,0.0,0,0,0,,0.0,,2026-06-01 23:59:59.999999999,2026-05-05 14:17:01,2026-06-01 11:34:17,27.405,False,75010.0,2026-05-05 14:17:01,1.0,27.405,5.0,False,74970.0,2026-06-01 09:34:18,6.0,0.601,0.0,False,3,20.0,True,0,0,0,0,0,0,0,0,0,0,0,0,0,0,0,0,0,0,0.0,0,0.0,-0.0,-0.0,27.405,5.0,0,0,0,-0.0,4,MOBILE_DEEP_CYCLE,STATEFUL_REVIEW_DATA_QUALITY,WINDOW_MICRO_WOBBLE_ONLY,ACTION_COLLECT_MORE_DATA_OR_MANUAL_REVIEW,low,1,data_quality_or_history_review,micro_wobble,days_eff=27 days_any=1 cyc_eff=5 hq_nr=0 total_nr=0 cens=0 lg_opp=0 opp=0 norm_anom=-0.00 conf_p=1 micro_only=True cluster=MOBILE_DEEP_CYCLE,No user-facing action; collecting more data.,Data-quality/history review outranks action (would_have_been=NONE). Collect more data or manual review.,NONE,False,False,True,False,False,True,False,False,0,2026-06-08T10:02:59Z,rolling30-v2.0,30,1,abs_ge_50mWh
CHANGYC2-1QSR8D_changyc2,2024-01-23,2023-12-24 23:59:59.999999999,2024-01-23 23:59:59.999999999,1307,29.624,0.5,0.5,63.631,1,1,1,0,0,0,0,False,WINDOW_QUALITY_OK,396.0,398.0,2.0,2.025,0.9943,0.0035,0.0057,30.0,100.0,70.0,100.0,100.0,100.0,0.0,0.0,0.9957,0.9933,0.9913,6,10,3,34810.0,35900.0,34810.0,35900.0,1090.0,1,1,1090.0,2024-01-22 19:43:58,398.0,72.51,74.78,0,0,0,0,0,0,0,0,0,0,0,0,0,0,0,0.0,0,0,0,,0.0,,,0.0,0,0,0,,0.0,,2024-01-23 23:59:59.999999999,2023-02-06 09:37:20,2024-01-23 15:13:58,351.599,True,35900.0,2024-01-22 19:43:58,398.0,1.178,0.0,True,35900.0,2024-01-22 19:43:58,398.0,1.178,0.0,True,0,0.0,False,0,0,0,0,0,0,0,0,0,0,0,0,0,0,0,0,0,0,0.0,0,0.0,-0.0,-0.0,1.178,0.0,0,0,0,-0.0,5,AC_BOUND,STATEFUL_NORMAL_RESPONDING,WINDOW_NORMAL_RESPONDING,ACTION_NONE,high,9,responding_or_no_concern,,days_eff=1 days_any=1 cyc_eff=0 hq_nr=0 total_nr=0 cens=0 lg_opp=0 opp=0 norm_anom=-0.00 conf_p=1 micro_only=False cluster=AC_BOUND,No action needed.,Responding normally; no concern.,,False,False,False,False,False,False,False,False,0,2026-06-08T10:02:59Z,rolling30-v2.0,30,1,abs_ge_50mWh
CHIKARA7-3PAB5T_chikara7,2024-07-29,2024-06-29 23:59:59.999999999,2024-07-29 23:59:59.999999999,213,28.911,0.498,11.228,191.632,17,8,5,0,0,0,0,False,WINDOW_QUALITY_OK,297.0,302.0,5.0,5.188,0.5262,0.1372,0.4738,17.0,80.0,63.0,28.6,76.0,80.0,0.0,0.0192,0.0,0.0,0.0,62,70,31,48080.0,48080.0,48080.0,48080.0,0.0,0,0,0.0,,,84.28,84.28,0,2,0,0,2,0,0,0,0,0,0,0,0,0,0,0.0,0,0,0,,0.0,,,0.0,0,0,0,,0.0,,2024-07-29 23:59:59.999999999,2023-02-06 10:28:56,2024-07-29 16:38:14,539.563,True,48080.0,2023-02-06 10:28:56,80.0,539.563,222.0,False,48080.0,2023-02-06 10:28:56,80.0,539.563,222.0,False,0,0.0,False,4,26,39,4,26,30,0,0,0,2,0,0,0,0,4,0,39,0,9.6418,0,-11.64642,5.058,5.058,539.563,222.0,30,0,0,5.058,2,MOBILE_DEEP_CYCLE,STATEFUL_FW_WATCH_HIGH_ANOMALY,WINDOW_LARGE_GAP_AMBIGUOUS,ACTION_FW_ENGINEERING_REVIEW,medium,4,fw_like_no_response_core_requirement_short,fw_like;large_gap_dominant,days_eff=540 days_any=540 cyc_eff=222 hq_nr=4 total_nr=30 cens=0 lg_opp=39 opp=71 norm_anom=5.06 conf_p=1 micro_only=False cluster=MOBILE_DEEP_CYCLE,No user-facing action; monitoring.,"FW-like no-response signal but a core requirement is short (staleness/cycles/quality). Monitor and add to FW engineering queue. normative anomaly 5.06, 30 no_response since last effective change (539d ago).",,True,False,False,True,False,False,False,False,0,2026-06-08T10:02:59Z,rolling30-v2.0,30,1,abs_ge_50mWh
CHIKARA7-ZBPQUS_chikara7,2024-08-13,2024-07-14 23:59:59.999999999,2024-08-13 23:59:59.999999999,378,27.993,0.378,3.706,152.718,16,7,6,0,0,0,0,False,WINDOW_QUALITY_OK,9.0,17.0,8.0,8.573,0.4427,0.2691,0.5573,41.0,100.0,59.0,52.0,91.0,100.0,0.0,0.0,0.7255,0.5487,0.3793,136,167,68,56930.0,56840.0,56840.0,56930.0,90.0,8,0,0.0,,,99.82,99.67,0,0,0,0,0,0,0,0,0,0,0,0,0,0,0,0.0,0,0,0,,0.0,,,0.0,0,0,0,,0.0,,2024-08-13 23:59:59.999999999,2024-07-02 19:20:54,2024-08-13 09:06:41,42.194,False,56980.0,2024-07-02 19:20:54,5.0,42.194,12.0,False,56840.0,2024-08-08 14:25:46,17.0,5.399,0.0,False,12,20.0,True,0,0,0,0,0,0,0,0,0,0,0,0,0,0,0,0,0,0,0.0,0,0.0,-0.0,-0.0,42.194,12.0,0,0,0,-0.0,5,AC_BOUND,STATEFUL_REVIEW_DATA_QUALITY,WINDOW_MICRO_WOBBLE_ONLY,ACTION_COLLECT_MORE_DATA_OR_MANUAL_REVIEW,low,1,data_quality_or_history_review,micro_wobble,days_eff=42 days_any=5 cyc_eff=12 hq_nr=0 total_nr=0 cens=0 lg_opp=0 opp=0 norm_anom=-0.00 conf_p=1 micro_only=True cluster=AC_BOUND,No user-facing action; collecting more data.,Data-quality/history review outranks action (would_have_been=NONE). Collect more data or manual review.,NONE,False,False,True,False,False,True,False,False,0,2026-06-08T10:02:59Z,rolling30-v2.0,30,1,abs_ge_50mWh
CMORATAYA-MDFJZ_cmorataya,2025-12-20,2025-11-20 23:59:59.999999999,2025-12-20 23:59:59.999999999,351,29.622,0.5,13.451,70.382,24,20,6,0,0,0,0,False,WINDOW_QUALITY_OK,13.0,19.0,6.0,6.077,0.6589,0.1174,0.3411,20.0,100.0,80.0,37.5,99.0,100.0,0.0,0.0,0.848,0.7396,0.6179,55,75,28,76490.0,76420.0,76420.0,76490.0,70.0,6,0,0.0,,,101.99,101.89,0,1,0,0,1,0,0,0,0,0,0,0,0,0,0,0.0,0,0,0,,0.0,,,0.0,0,0,0,,0.0,,2025-12-20 23:59:59.999999999,2025-10-08 11:09:18,2025-12-20 16:19:39,73.535,True,76590.0,2025-10-09 15:14:03,4.0,72.365,15.0,False,76420.0,2025-12-09 16:38:29,19.0,11.307,0.0,True,15,20.0,True,0,0,2,0,0,0,0,0,0,1,0,0,0,0,0,0,2,0,0.0,0,0.0,-0.0,-0.0,72.365,15.0,0,0,0,-0.0,5,AC_BOUND,STATEFUL_WATCH_LARGE_GAP_OR_CENSORED,WINDOW_MICRO_WOBBLE_ONLY,ACTION_MONITOR_NEXT_WINDOW,low,7,large_gap_or_censored_dominant,micro_wobble;large_gap_dominant,days_eff=72 days_any=11 cyc_eff=15 hq_nr=0 total_nr=0 cens=0 lg_opp=2 opp=3 norm_anom=-0.00 conf_p=1 micro_only=True cluster=AC_BOUND,No user-facing action; monitoring.,Ambiguous/weak evidence (72d since effective change); monitor next window.,,False,False,True,True,False,False,False,False,0,2026-06-08T10:02:59Z,rolling30-v2.0,30,1,abs_ge_50mWh
COC-X9-BE1_kojik,2025-05-16,2025-04-16 23:59:59.999999999,2025-05-16 23:59:59.999999999,380,29.188,0.5,1.727,204.462,15,11,4,0,0,0,0,False,WINDOW_QUALITY_OK,5.0,17.0,12.0,12.334,0.5168,0.2753,0.4832,7.0,100.0,93.0,41.0,92.0,100.0,0.0014,0.0094,0.6834,0.5594,0.42,100,139,51,55670.0,55410.0,55410.0,56180.0,770.0,14,3,560.0,2025-05-07 20:07:22,13.0,101.03,100.56,0,1,0,0,1,0,1,0,0,1,0,1,0,0,1,0.0,0,0,0,,0.0,,,0.0,0,0,0,,0.0,,2025-05-16 23:59:59.999999999,2025-03-25 13:40:27,2025-05-16 13:39:39,52.43,False,55460.0,2025-05-07 20:07:22,13.0,9.162,4.0,False,55410.0,2025-05-15 14:45:00,17.0,1.385,0.0,False,4,20.0,True,0,0,0,0,0,0,0,0,0,0,0,0,0,0,0,0,0,0,0.0,0,0.0,-0.0,-0.0,9.162,4.0,0,0,0,-0.0,4,MOBILE_DEEP_CYCLE,STATEFUL_REVIEW_DATA_QUALITY,WINDOW_NORMAL_RESPONDING,ACTION_COLLECT_MORE_DATA_OR_MANUAL_REVIEW,low,1,data_quality_or_history_review,micro_wobble,days_eff=9 days_any=1 cyc_eff=4 hq_nr=0 total_nr=0 cens=0 lg_opp=0 opp=0 norm_anom=-0.00 conf_p=1 micro_only=True cluster=MOBILE_DEEP_CYCLE,No user-facing action; collecting more data.,Data-quality/history review outranks action (would_have_been=NONE). Collect more data or manual review.,NONE,False,False,True,False,False,True,False,False,0,2026-06-08T10:02:59Z,rolling30-v2.0,30,1,abs_ge_50mWh
COLIN_cdorner,2026-05-12,2026-04-12 23:59:59.999999999,2026-05-12 23:59:59.999999999,566,29.174,0.5,3.909,66.568,23,12,4,0,0,0,0,False,WINDOW_QUALITY_OK,20.0,27.0,7.0,7.198,0.6929,0.0672,0.3071,20.0,80.0,60.0,51.25,79.0,80.0,0.0,0.0,0.0,0.0,0.0,160,185,80,99730.0,99620.0,99620.0,99730.0,110.0,7,0,0.0,,,99.83,99.72,0,1,0,0,1,0,0,0,0,0,0,0,0,0,0,0.0,0,0,0,,0.0,,,0.0,0,0,0,,0.0,,2026-05-12 23:59:59.999999999,2025-10-13 15:02:56,2026-05-12 12:27:16,211.373,True,99900.0,2025-10-13 15:02:56,1.0,211.373,26.0,False,99620.0,2026-04-30 14:50:28,27.0,12.382,0.0,True,18,20.0,True,0,1,3,0,1,1,0,0,0,0,0,0,0,0,0,0,3,0,0.5,0,-0.69315,0.301,0.301,211.373,26.0,1,0,0,0.301,2,MOBILE_DEEP_CYCLE,STATEFUL_FW_WATCH_HIGH_ANOMALY,WINDOW_MICRO_WOBBLE_ONLY,ACTION_FW_ENGINEERING_REVIEW,medium,4,fw_like_no_response_core_requirement_short,fw_like;micro_wobble;large_gap_dominant,days_eff=211 days_any=12 cyc_eff=26 hq_nr=0 total_nr=1 cens=0 lg_opp=3 opp=4 norm_anom=0.30 conf_p=1 micro_only=True cluster=MOBILE_DEEP_CYCLE,No user-facing action; monitoring.,"FW-like no-response signal but a core requirement is short (staleness/cycles/quality). Monitor and add to FW engineering queue. normative anomaly 0.30, 1 no_response since last effective change (211d ago).",,True,False,True,True,False,False,False,False,0,2026-06-08T10:02:59Z,rolling30-v2.0,30,1,abs_ge_50mWh
CPC-TESTER5_Ridge_Jia,2023-11-28,2023-10-29 23:59:59.999999999,2023-11-28 23:59:59.999999999,423,29.321,0.5,6.253,92.718,22,16,4,0,0,0,0,False,WINDOW_QUALITY_OK,11.0,15.0,4.0,4.093,0.9587,0.0612,0.0413,67.0,100.0,33.0,91.1,99.0,100.0,0.0,0.0,0.9881,0.9725,0.8948,40,49,20,54070.0,54070.0,54070.0,54070.0,0.0,0,0,0.0,,,102.99,102.99,0,0,0,0,0,0,0,0,0,0,0,0,0,0,0,0.0,0,0,0,,0.0,,,0.0,0,0,0,,0.0,,2023-11-28 23:59:59.999999999,2023-08-14 14:50:43,2023-11-28 16:52:14,106.381,True,54070.0,2023-08-21 14:20:53,1.0,99.402,14.0,False,54070.0,2023-08-21 14:20:53,1.0,99.402,14.0,False,0,0.0,False,0,0,0,0,0,0,0,0,0,0,0,0,0,0,0,0,0,0,0.0,0,0.0,-0.0,-0.0,99.402,14.0,0,0,0,-0.0,5,AC_BOUND,STATEFUL_NORMAL_RESPONDING,WINDOW_INSUFFICIENT_LEARNING_OPPORTUNITY,ACTION_NONE,high,9,responding_or_no_concern,,days_eff=99 days_any=99 cyc_eff=14 hq_nr=0 total_nr=0 cens=0 lg_opp=0 opp=0 norm_anom=-0.00 conf_p=1 micro_only=False cluster=AC_BOUND,No action needed.,Responding normally; no concern.,,False,False,False,False,False,False,False,False,0,2026-06-08T10:02:59Z,rolling30-v2.0,30,1,abs_ge_50mWh
CPCTESTER202407_49005,2024-11-25,2024-10-26 23:59:59.999999999,2024-11-25 23:59:59.999999999,222,28.217,0.5,15.204,125.648,18,16,5,0,0,0,0,False,WINDOW_QUALITY_OK,10.0,11.0,1.0,1.063,0.8683,0.0259,0.137,6.0,100.0,94.0,76.2,99.0,100.0,0.0,0.0,0.9526,0.9189,0.8894,20,24,11,62970.0,62910.0,62910.0,62970.0,60.0,5,0,0.0,,,108.57,108.47,0,0,0,0,0,0,0,0,0,0,0,0,0,0,0,0.0,0,0,0,,0.0,,,0.0,0,0,0,,0.0,,2024-11-25 23:59:59.999999999,2024-07-08 15:40:49,2024-11-25 15:19:09,140.347,True,62980.0,2024-10-22 16:03:22,9.0,34.331,2.0,True,62910.0,2024-11-12 13:02:42,11.0,13.456,0.0,True,6,20.0,True,0,0,0,0,0,0,0,0,0,0,0,0,0,0,0,0,0,0,0.0,0,0.0,-0.0,-0.0,34.331,2.0,0,0,0,-0.0,5,AC_BOUND,STATEFUL_NORMAL_RESPONDING,WINDOW_MICRO_WOBBLE_ONLY,ACTION_NONE,high,9,responding_or_no_concern,micro_wobble,days_eff=34 days_any=13 cyc_eff=2 hq_nr=0 total_nr=0 cens=0 lg_opp=0 opp=0 norm_anom=-0.00 conf_p=1 micro_only=True cluster=AC_BOUND,No action needed.,Responding normally; no concern.,,False,False,True,False,False,False,False,False,0,2026-06-08T10:02:59Z,rolling30-v2.0,30,1,abs_ge_50mWh
CPOWELL1-577MKQ_cpowell1,2024-12-12,2024-11-12 23:59:59.999999999,2024-12-12 23:59:59.999999999,356,29.042,0.5,15.92,96.514,27,25,3,0,0,0,0,False,WINDOW_QUALITY_OK,1.0,3.0,2.0,2.066,0.8183,0.0926,0.1817,69.0,100.0,31.0,88.0,100.0,100.0,0.0,0.0,0.9827,0.8922,0.8309,49,75,25,57080.0,57060.0,57060.0,57080.0,20.0,2,0,0.0,,,100.09,100.05,0,0,0,0,0,0,0,0,0,0,0,0,0,0,0,0.0,0,0,0,,0.0,,,0.0,0,0,0,,0.0,,2024-12-12 23:59:59.999999999,2024-11-06 16:15:45,2024-12-12 09:14:20,36.322,False,57100.0,2024-11-06 16:15:45,0.0,36.322,3.0,False,57060.0,2024-12-03 14:10:46,3.0,9.409,0.0,False,3,20.0,True,0,0,0,0,0,0,0,0,0,0,0,0,0,0,0,0,0,0,0.0,0,0.0,-0.0,-0.0,36.322,3.0,0,0,0,-0.0,5,AC_BOUND,STATEFUL_REVIEW_DATA_QUALITY,WINDOW_MICRO_WOBBLE_ONLY,ACTION_COLLECT_MORE_DATA_OR_MANUAL_REVIEW,low,1,data_quality_or_history_review,micro_wobble,days_eff=36 days_any=9 cyc_eff=3 hq_nr=0 total_nr=0 cens=0 lg_opp=0 opp=0 norm_anom=-0.00 conf_p=1 micro_only=True cluster=AC_BOUND,No user-facing action; collecting more data.,Data-quality/history review outranks action (would_have_been=NONE). Collect more data or manual review.,NONE,False,False,True,False,False,True,False,False,0,2026-06-08T10:02:59Z,rolling30-v2.0,30,1,abs_ge_50mWh
CPOWELL1-PF4Z89_cpowell1,2024-12-09,2024-11-09 23:59:59.999999999,2024-12-09 23:59:59.999999999,25,21.437,0.5,190.632,278.621,2,2,2,0,0,0,0,False,WINDOW_QUALITY_SPARSE,56.0,57.0,1.0,1.399,0.0,0.0,1.0,0.0,99.0,99.0,2.2,42.0,94.8,0.4127,0.4127,0.2143,0.0709,0.0709,1,1,1,49720.0,46920.0,46920.0,49720.0,2800.0,2,1,2780.0,2024-11-18 02:38:29,56.0,94.7,89.37,0,2,0,0,2,0,2,0,0,2,0,2,0,0,2,0.0,0,0,0,,0.0,,,0.0,0,0,0,,0.0,,2024-12-09 23:59:59.999999999,2024-08-20 16:15:56,2024-12-09 08:37:36,111.322,True,46940.0,2024-11-18 02:38:29,56.0,21.89,1.0,True,46920.0,2024-11-27 12:07:00,57.0,12.495,0.0,True,1,20.0,True,0,0,1,0,0,0,0,0,0,1,0,0,0,0,0,0,1,0,0.0,0,0.0,-0.0,-0.0,21.89,1.0,0,0,0,-0.0,-1,SPARSE_OR_GAPPY,STATEFUL_REVIEW_DATA_QUALITY,WINDOW_DATA_QUALITY_REVIEW,ACTION_COLLECT_MORE_DATA_OR_MANUAL_REVIEW,low,1,data_quality_or_history_review,micro_wobble;large_gap_dominant,days_eff=22 days_any=12 cyc_eff=1 hq_nr=0 total_nr=0 cens=0 lg_opp=1 opp=2 norm_anom=-0.00 conf_p=1 micro_only=True cluster=SPARSE_OR_GAPPY,No user-facing action; collecting more data.,Data-quality/history review outranks action (would_have_been=NONE). Collect more data or manual review.,NONE,False,False,True,True,False,False,True,False,0,2026-06-08T10:02:59Z,rolling30-v2.0,30,1,abs_ge_50mWh
CQUEEN-PW06FV2M_cqueen,2026-05-13,2026-04-13 23:59:59.999999999,2026-05-13 23:59:59.999999999,511,29.242,0.5,4.41,59.786,25,22,3,0,0,0,0,False,WINDOW_QUALITY_OK,309.0,316.0,7.0,7.181,0.7561,0.1227,0.2412,5.0,100.0,95.0,71.0,100.0,100.0,0.0158,0.0158,0.9377,0.8926,0.7544,77,98,38,74170.0,74190.0,74170.0,74190.0,20.0,1,0,0.0,,,82.33,82.35,0,2,0,0,2,0,2,0,0,2,0,2,0,0,2,0.0,0,0,0,,0.0,,,0.0,0,0,0,,0.0,,2026-05-13 23:59:59.999999999,2023-10-23 08:37:45,2026-05-13 14:02:10,933.64,True,74170.0,2025-05-28 08:06:42,254.0,350.662,62.0,False,74190.0,2026-04-21 08:38:30,311.0,22.64,5.0,True,1,20.0,True,1,5,13,1,5,6,0,0,2,12,0,2,2,0,1,0,13,0,2.4743,0,-3.19713,1.3885,1.3885,350.662,62.0,6,2,0,1.3885,4,MOBILE_DEEP_CYCLE,STATEFUL_FW_WATCH_HIGH_ANOMALY,WINDOW_MICRO_WOBBLE_ONLY,ACTION_FW_ENGINEERING_REVIEW,medium,4,fw_like_no_response_core_requirement_short,fw_like;micro_wobble;large_gap_dominant,days_eff=351 days_any=23 cyc_eff=62 hq_nr=1 total_nr=6 cens=0 lg_opp=13 opp=33 norm_anom=1.39 conf_p=1 micro_only=True cluster=MOBILE_DEEP_CYCLE,No user-facing action; monitoring.,"FW-like no-response signal but a core requirement is short (staleness/cycles/quality). Monitor and add to FW engineering queue. normative anomaly 1.39, 6 no_response since last effective change (350d ago).",,True,False,True,True,False,False,False,False,0,2026-06-08T10:02:59Z,rolling30-v2.0,30,1,abs_ge_50mWh
CQUICK-PF4H4VXC_cquick,2024-01-17,2023-12-18 23:59:59.999999999,2024-01-17 23:59:59.999999999,502,29.61,0.5,5.438,46.435,22,12,5,0,0,0,0,False,WINDOW_QUALITY_OK,58.0,67.0,9.0,9.119,0.6615,0.1353,0.3385,19.0,100.0,81.0,52.0,98.0,100.0,0.0,0.0002,0.8579,0.7927,0.6712,93,133,47,51590.0,50250.0,50250.0,51590.0,1340.0,11,2,540.0,2024-01-12 06:58:31,65.0,94.31,91.86,0,0,0,0,0,0,0,0,0,0,0,0,0,0,0,0.0,0,0,0,,0.0,,,0.0,0,0,0,,0.0,,2024-01-17 23:59:59.999999999,2023-08-30 13:08:08,2024-01-17 16:39:52,140.453,True,50310.0,2024-01-12 06:58:31,65.0,5.709,2.0,True,50250.0,2024-01-16 21:12:44,67.0,1.116,0.0,True,2,30.0,True,0,0,0,0,0,0,0,0,0,0,0,0,0,0,0,0,0,0,0.0,0,0.0,-0.0,-0.0,5.709,2.0,0,0,0,-0.0,5,AC_BOUND,STATEFUL_NORMAL_RESPONDING,WINDOW_NORMAL_RESPONDING,ACTION_NONE,high,9,responding_or_no_concern,micro_wobble,days_eff=6 days_any=1 cyc_eff=2 hq_nr=0 total_nr=0 cens=0 lg_opp=0 opp=0 norm_anom=-0.00 conf_p=1 micro_only=True cluster=AC_BOUND,No action needed.,Responding normally; no concern.,,False,False,True,False,False,False,False,False,0,2026-06-08T10:02:59Z,rolling30-v2.0,30,1,abs_ge_50mWh
CQUITIAN-5E0G78_cquitian,2026-04-22,2026-03-23 23:59:59.999999999,2026-04-22 23:59:59.999999999,360,20.023,0.5,9.328,63.581,20,12,1,0,0,0,0,False,WINDOW_QUALITY_OK,1.0,1.0,0.0,0.0,0.606,0.098,0.394,14.0,100.0,86.0,64.0,98.0,100.0,0.0,0.0127,0.8125,0.6748,0.5823,66,96,33,58050.0,58490.0,58050.0,58630.0,580.0,5,1,580.0,2026-04-12 16:15:36,1.0,100.09,100.84,0,1,0,0,1,0,1,0,0,1,0,0,0,0,0,0.0,0,0,0,,0.0,,,0.0,0,0,0,,0.0,,2026-04-22 23:59:59.999999999,2026-04-02 16:08:17,2026-04-22 16:41:46,20.328,False,58630.0,2026-04-12 16:15:36,1.0,10.322,0.0,False,58490.0,2026-04-22 10:36:50,1.0,0.558,0.0,False,4,40.0,True,0,0,0,0,0,0,0,0,0,0,0,0,0,0,0,0,0,0,0.0,0,0.0,-0.0,-0.0,10.322,0.0,0,0,0,-0.0,4,MOBILE_DEEP_CYCLE,STATEFUL_REVIEW_DATA_QUALITY,WINDOW_NORMAL_RESPONDING,ACTION_COLLECT_MORE_DATA_OR_MANUAL_REVIEW,low,1,data_quality_or_history_review,micro_wobble,days_eff=10 days_any=1 cyc_eff=0 hq_nr=0 total_nr=0 cens=0 lg_opp=0 opp=0 norm_anom=-0.00 conf_p=1 micro_only=True cluster=MOBILE_DEEP_CYCLE,No user-facing action; collecting more data.,Data-quality/history review outranks action (would_have_been=NONE). Collect more data or manual review.,NONE,False,False,True,False,False,True,False,False,0,2026-06-08T10:02:59Z,rolling30-v2.0,30,1,abs_ge_50mWh
CRAMPELBERG-VRJ_T14,2025-07-29,2025-06-29 23:59:59.999999999,2025-07-29 23:59:59.999999999,189,29.035,0.5,14.786,138.782,24,12,4,0,0,0,0,False,WINDOW_QUALITY_OK,12.0,17.0,5.0,5.166,0.5148,0.173,0.4852,20.0,100.0,80.0,32.4,98.0,100.0,0.0,0.0,0.7082,0.53,0.4899,38,55,19,57410.0,57330.0,57330.0,57410.0,80.0,5,0,0.0,,,100.72,100.58,0,0,0,0,0,0,0,0,0,0,0,0,0,0,0,0.0,0,0,0,,0.0,,,0.0,0,0,0,,0.0,,2025-07-29 23:59:59.999999999,2025-04-22 10:05:32,2025-07-29 09:47:52,98.579,True,57560.0,2025-04-23 10:56:32,2.0,97.544,15.0,False,57330.0,2025-07-17 12:01:06,17.0,12.499,0.0,True,15,20.0,True,0,0,1,0,0,0,0,0,0,0,0,0,0,0,0,0,1,0,0.0,0,0.0,-0.0,-0.0,97.544,15.0,0,0,0,-0.0,5,AC_BOUND,STATEFUL_WATCH_LARGE_GAP_OR_CENSORED,WINDOW_MICRO_WOBBLE_ONLY,ACTION_MONITOR_NEXT_WINDOW,low,7,large_gap_or_censored_dominant,micro_wobble;large_gap_dominant,days_eff=98 days_any=12 cyc_eff=15 hq_nr=0 total_nr=0 cens=0 lg_opp=1 opp=1 norm_anom=-0.00 conf_p=1 micro_only=True cluster=AC_BOUND,No user-facing action; monitoring.,Ambiguous/weak evidence (97d since effective change); monitor next window.,,False,False,True,True,False,False,False,False,0,2026-06-08T10:02:59Z,rolling30-v2.0,30,1,abs_ge_50mWh
CRAMPELBERG-VRJ_crampelberg,2025-07-28,2025-06-28 23:59:59.999999999,2025-07-28 23:59:59.999999999,188,28.263,0.5,12.911,138.782,23,11,4,0,0,0,0,False,WINDOW_QUALITY_OK,12.0,17.0,5.0,5.307,0.5078,0.1611,0.4922,20.0,100.0,80.0,35.45,98.0,100.0,0.0,0.0,0.7185,0.5376,0.497,38,55,19,57410.0,57330.0,57330.0,57410.0,80.0,5,0,0.0,,,100.72,100.58,0,0,0,0,0,0,0,0,0,0,0,0,0,0,0,0.0,0,0,0,,0.0,,,0.0,0,0,0,,0.0,,2025-07-28 23:59:59.999999999,2025-04-22 10:05:32,2025-07-28 15:16:51,97.579,True,57560.0,2025-04-23 10:56:32,2.0,96.544,15.0,False,57330.0,2025-07-17 12:01:06,17.0,11.499,0.0,True,15,20.0,True,0,0,1,0,0,0,0,0,0,0,0,0,0,0,0,0,1,0,0.0,0,0.0,-0.0,-0.0,96.544,15.0,0,0,0,-0.0,5,AC_BOUND,STATEFUL_WATCH_LARGE_GAP_OR_CENSORED,WINDOW_MICRO_WOBBLE_ONLY,ACTION_MONITOR_NEXT_WINDOW,low,7,large_gap_or_censored_dominant,micro_wobble;large_gap_dominant,days_eff=97 days_any=11 cyc_eff=15 hq_nr=0 total_nr=0 cens=0 lg_opp=1 opp=1 norm_anom=-0.00 conf_p=1 micro_only=True cluster=AC_BOUND,No user-facing action; monitoring.,Ambiguous/weak evidence (96d since effective change); monitor next window.,,False,False,True,True,False,False,False,False,0,2026-06-08T10:02:59Z,rolling30-v2.0,30,1,abs_ge_50mWh
CRISTIAN_cmorataya,2025-10-07,2025-09-07 23:59:59.999999999,2025-10-07 23:59:59.999999999,642,29.116,0.213,3.294,64.202,24,19,4,0,0,0,0,False,WINDOW_QUALITY_OK,2.0,8.0,6.0,6.182,0.5457,0.1065,0.4543,25.0,100.0,75.0,76.2,100.0,100.0,0.0,0.0,0.9263,0.8664,0.8018,257,287,129,54760.0,54690.0,54690.0,54760.0,70.0,4,0,0.0,,,100.11,99.98,0,0,0,0,0,0,0,0,0,0,0,0,0,0,0,0.0,0,0,0,,0.0,,,0.0,0,0,0,,0.0,,2025-10-07 23:59:59.999999999,2025-09-05 11:28:35,2025-10-07 11:42:40,32.522,False,54760.0,2025-09-05 11:28:35,2.0,32.522,6.0,False,54690.0,2025-10-03 09:39:09,8.0,4.598,0.0,False,4,20.0,True,0,0,0,0,0,0,0,0,0,0,0,0,0,0,0,0,0,0,0.0,0,0.0,-0.0,-0.0,32.522,6.0,0,0,0,-0.0,3,AC_BOUND,STATEFUL_REVIEW_DATA_QUALITY,WINDOW_MICRO_WOBBLE_ONLY,ACTION_COLLECT_MORE_DATA_OR_MANUAL_REVIEW,low,1,data_quality_or_history_review,micro_wobble,days_eff=33 days_any=5 cyc_eff=6 hq_nr=0 total_nr=0 cens=0 lg_opp=0 opp=0 norm_anom=-0.00 conf_p=1 micro_only=True cluster=AC_BOUND,No user-facing action; collecting more data.,Data-quality/history review outranks action (would_have_been=NONE). Collect more data or manual review.,NONE,False,False,True,False,False,True,False,False,0,2026-06-08T10:02:59Z,rolling30-v2.0,30,1,abs_ge_50mWh
CSILVA30-674ERX_csilva30,2026-05-26,2026-04-26 23:59:59.999999999,2026-05-26 23:59:59.999999999,376,29.32,0.5,8.702,45.661,29,12,5,0,0,0,0,False,WINDOW_QUALITY_OK,2.0,4.0,2.0,2.046,0.8676,0.0381,0.1324,82.0,100.0,18.0,90.0,98.0,100.0,0.0,0.0,1.0,0.9566,0.7876,64,76,32,58030.0,58010.0,58010.0,58030.0,20.0,2,0,0.0,,,100.05,100.02,0,0,0,0,0,0,0,0,0,0,0,0,0,0,0,0.0,0,0,0,,0.0,,,0.0,0,0,0,,0.0,,2026-05-26 23:59:59.999999999,2026-04-22 13:22:00,2026-05-26 16:27:53,34.443,False,58030.0,2026-04-22 13:22:00,2.0,34.443,2.0,False,58010.0,2026-05-22 13:54:01,4.0,4.421,0.0,False,2,10.0,True,0,0,0,0,0,0,0,0,0,0,0,0,0,0,0,0,0,0,0.0,0,0.0,-0.0,-0.0,34.443,2.0,0,0,0,-0.0,5,AC_BOUND,STATEFUL_REVIEW_DATA_QUALITY,WINDOW_MICRO_WOBBLE_ONLY,ACTION_COLLECT_MORE_DATA_OR_MANUAL_REVIEW,low,1,data_quality_or_history_review,micro_wobble,days_eff=34 days_any=4 cyc_eff=2 hq_nr=0 total_nr=0 cens=0 lg_opp=0 opp=0 norm_anom=-0.00 conf_p=1 micro_only=True cluster=AC_BOUND,No user-facing action; collecting more data.,Data-quality/history review outranks action (would_have_been=NONE). Collect more data or manual review.,NONE,False,False,True,False,False,True,False,False,0,2026-06-08T10:02:59Z,rolling30-v2.0,30,1,abs_ge_50mWh
CTURNER-1000036_cturner,2025-09-04,2025-08-05 23:59:59.999999999,2025-09-04 23:59:59.999999999,927,29.17,0.106,2.74,45.692,27,14,3,0,0,0,0,False,WINDOW_QUALITY_OK,20.0,38.0,18.0,18.512,0.6321,0.1782,0.3679,8.0,100.0,92.0,29.0,97.0,100.0,0.0016,0.0142,0.6709,0.6132,0.5234,123,163,62,91170.0,88610.0,86410.0,92040.0,5630.0,22,7,4600.0,2025-09-04 09:42:32,38.0,101.3,98.46,1,3,1,0,4,0,3,0,0,3,0,2,0,0,2,0.3144,0,1,1,0.685573,0.1639,0.99873,0.99764,0.4704,0,1,1,0.52957,0.2761,0.46947,2025-09-04 23:59:59.999999999,2025-07-09 13:42:00,2025-09-04 13:12:32,57.429,False,88610.0,2025-09-04 09:42:32,38.0,0.595,0.0,False,88610.0,2025-09-04 09:42:32,38.0,0.595,0.0,False,0,0.0,False,0,0,0,0,0,0,0,0,0,0,0,0,0,0,0,0,0,0,0.0,0,0.0,-0.0,-0.0,0.595,0.0,0,0,0,-0.0,4,MOBILE_DEEP_CYCLE,STATEFUL_REVIEW_DATA_QUALITY,WINDOW_NORMAL_RESPONDING,ACTION_COLLECT_MORE_DATA_OR_MANUAL_REVIEW,low,1,data_quality_or_history_review,,days_eff=1 days_any=1 cyc_eff=0 hq_nr=0 total_nr=0 cens=0 lg_opp=0 opp=0 norm_anom=-0.00 conf_p=0.999 micro_only=False cluster=MOBILE_DEEP_CYCLE,No user-facing action; collecting more data.,Data-quality/history review outranks action (would_have_been=NONE). Collect more data or manual review.,NONE,False,False,False,False,False,True,False,False,0,2026-06-08T10:02:59Z,rolling30-v2.0,30,1,abs_ge_50mWh
CTURNER-F4T62ZK_cturner,2024-04-09,2024-03-10 23:59:59.999999999,2024-04-09 23:59:59.999999999,358,29.254,0.5,15.143,65.256,25,23,4,0,0,0,0,False,WINDOW_QUALITY_OK,18.0,31.0,13.0,13.332,0.5772,0.2637,0.4228,3.0,100.0,97.0,36.0,93.0,100.0,0.0328,0.0349,0.6543,0.5339,0.4506,90,116,45,76420.0,73610.0,73610.0,76420.0,2810.0,17,4,1400.0,2024-04-05 12:40:58,30.0,101.89,98.15,0,4,0,0,4,0,2,0,0,2,0,2,0,0,2,0.0,0,0,0,,0.0,,,0.0,0,0,0,,0.0,,2024-04-09 23:59:59.999999999,2024-01-23 12:05:54,2024-04-09 15:11:14,77.496,True,73620.0,2024-04-05 12:40:58,30.0,4.472,1.0,True,73610.0,2024-04-09 13:08:42,31.0,0.452,0.0,True,1,10.0,True,0,0,0,0,0,0,0,0,0,0,0,0,0,0,0,0,0,0,0.0,0,0.0,-0.0,-0.0,4.472,1.0,0,0,0,-0.0,4,MOBILE_DEEP_CYCLE,STATEFUL_NORMAL_RESPONDING,WINDOW_NORMAL_RESPONDING,ACTION_NONE,high,9,responding_or_no_concern,micro_wobble,days_eff=4 days_any=0 cyc_eff=1 hq_nr=0 total_nr=0 cens=0 lg_opp=0 opp=0 norm_anom=-0.00 conf_p=1 micro_only=True cluster=MOBILE_DEEP_CYCLE,No action needed.,Responding normally; no concern.,,False,False,True,False,False,False,False,False,0,2026-06-08T10:02:59Z,rolling30-v2.0,30,1,abs_ge_50mWh
CTURNER_cturner,2024-04-10,2024-03-11 23:59:59.999999999,2024-04-10 23:59:59.999999999,4,0.019,0.186,0.215,0.218,0,0,0,0,0,0,0,False,WINDOW_QUALITY_SHORT_OBS,52.0,52.0,0.0,0.0,0.526,0.1214,0.474,43.0,61.0,18.0,44.05,51.0,59.65,0.0,0.0,0.0,0.0,0.0,1,2,1,52140.0,52140.0,52140.0,52140.0,0.0,0,0,0.0,,,95.27,95.27,0,0,0,0,0,0,0,0,0,0,0,0,0,0,0,0.0,0,0,0,,0.0,,,0.0,0,0,0,,0.0,,2024-04-10 23:59:59.999999999,2023-04-25 13:15:09,2024-04-10 07:18:22,351.448,True,52140.0,2023-10-31 11:11:41,49.0,162.534,3.0,False,52140.0,2023-10-31 11:11:41,49.0,162.534,3.0,False,0,0.0,False,0,2,0,0,2,2,0,0,0,0,0,0,0,0,0,0,0,0,0.8898,0,-1.17739,0.5113,0.5113,162.534,3.0,2,0,0,0.5113,-1,SPARSE_OR_GAPPY,STATEFUL_REVIEW_DATA_QUALITY,WINDOW_DATA_QUALITY_REVIEW,ACTION_COLLECT_MORE_DATA_OR_MANUAL_REVIEW,low,1,data_quality_or_history_review,fw_like,days_eff=163 days_any=163 cyc_eff=3 hq_nr=0 total_nr=2 cens=0 lg_opp=0 opp=2 norm_anom=0.51 conf_p=1 micro_only=False cluster=SPARSE_OR_GAPPY,No user-facing action; collecting more data.,Data-quality/history review outranks action (would_have_been=FW_WATCH_LIKE). Collect more data or manual review.,FW_WATCH_LIKE,True,False,False,False,False,False,True,False,0,2026-06-08T10:02:59Z,rolling30-v2.0,30,1,abs_ge_50mWh
CXTESTT14P_liufe,2024-10-11,2024-09-11 23:59:59.999999999,2024-10-11 23:59:59.999999999,158,29.366,0.5,14.965,175.312,12,12,4,0,0,0,0,False,WINDOW_QUALITY_OK,22.0,23.0,1.0,1.022,0.9204,0.0651,0.0796,69.0,100.0,31.0,86.0,98.0,100.0,0.0,0.0,0.9856,0.9543,0.7707,12,23,6,70670.0,70660.0,70660.0,70670.0,10.0,1,0,0.0,,,94.23,94.21,0,0,0,0,0,0,0,0,0,0,0,0,0,0,0,0.0,0,0,0,,0.0,,,0.0,0,0,0,,0.0,,2024-10-11 23:59:59.999999999,2024-08-16 09:20:35,2024-10-11 10:18:42,56.611,False,70700.0,2024-08-16 09:20:35,19.0,56.611,4.0,False,70660.0,2024-10-08 08:47:22,23.0,3.634,0.0,False,4,10.0,True,0,0,0,0,0,0,0,0,0,0,0,0,0,0,0,0,0,0,0.0,0,0.0,-0.0,-0.0,56.611,4.0,0,0,0,-0.0,5,AC_BOUND,STATEFUL_REVIEW_DATA_QUALITY,WINDOW_MICRO_WOBBLE_ONLY,ACTION_COLLECT_MORE_DATA_OR_MANUAL_REVIEW,low,1,data_quality_or_history_review,micro_wobble,days_eff=57 days_any=4 cyc_eff=4 hq_nr=0 total_nr=0 cens=0 lg_opp=0 opp=0 norm_anom=-0.00 conf_p=1 micro_only=True cluster=AC_BOUND,No user-facing action; collecting more data.,Data-quality/history review outranks action (would_have_been=NONE). Collect more data or manual review.,NONE,False,False,True,False,False,True,False,False,0,2026-06-08T10:02:59Z,rolling30-v2.0,30,1,abs_ge_50mWh
DAVID_dcosby,2026-05-26,2026-04-26 23:59:59.999999999,2026-05-26 23:59:59.999999999,868,29.149,0.5,2.125,29.824,16,7,2,0,0,0,0,False,WINDOW_QUALITY_OK,60.0,68.0,8.0,8.234,0.8281,0.1497,0.1719,33.0,100.0,67.0,75.0,99.0,100.0,0.0,0.0,0.9575,0.8757,0.7507,152,193,76,56770.0,56680.0,56680.0,56770.0,90.0,8,0,0.0,,,97.88,97.72,0,0,0,0,0,0,0,0,0,0,0,0,0,0,0,0.0,0,0,0,,0.0,,,0.0,0,0,0,,0.0,,2026-05-26 23:59:59.999999999,2025-02-25 11:04:32,2026-05-26 11:06:41,455.539,True,56890.0,2026-02-26 12:40:39,50.0,89.472,18.0,False,56680.0,2026-05-25 11:08:10,68.0,1.536,0.0,True,18,20.0,True,0,0,0,0,0,0,0,0,0,0,0,0,0,0,0,0,0,0,0.0,0,0.0,-0.0,-0.0,89.472,18.0,0,0,0,-0.0,5,AC_BOUND,STATEFUL_NORMAL_RESPONDING,WINDOW_MICRO_WOBBLE_ONLY,ACTION_NONE,high,9,responding_or_no_concern,micro_wobble,days_eff=89 days_any=2 cyc_eff=18 hq_nr=0 total_nr=0 cens=0 lg_opp=0 opp=0 norm_anom=-0.00 conf_p=1 micro_only=True cluster=AC_BOUND,No action needed.,Responding normally; no concern.,,False,False,True,False,False,False,False,False,0,2026-06-08T10:02:59Z,rolling30-v2.0,30,1,abs_ge_50mWh
DBROWN6-F4RV7QY_dbrown6,2024-05-06,2024-04-06 23:59:59.999999999,2024-05-06 23:59:59.999999999,597,29.753,0.5,6.269,33.355,32,16,4,0,0,0,0,False,WINDOW_QUALITY_OK,23.0,37.0,14.0,14.116,0.6452,0.12,0.3548,1.0,100.0,99.0,33.0,98.0,100.0,0.0149,0.0226,0.7876,0.6978,0.5868,119,151,60,52570.0,48070.0,48070.0,52570.0,4500.0,17,3,3220.0,2024-04-30 04:41:14,33.0,100.0,91.44,0,5,0,0,5,0,4,0,0,4,0,3,0,0,3,0.0,0,0,0,,0.0,,,0.0,0,0,0,,0.0,,2024-05-06 23:59:59.999999999,2024-01-29 12:14:06,2024-05-06 18:30:02,98.49,True,48130.0,2024-04-30 04:41:14,33.0,6.805,4.0,True,48070.0,2024-05-03 07:39:20,37.0,3.681,0.0,True,4,20.0,True,0,1,0,0,1,1,0,0,1,0,0,1,1,0,0,0,0,0,0.3841,0,-0.48464,0.2105,0.2105,6.805,4.0,1,1,0,0.2105,4,MOBILE_DEEP_CYCLE,STATEFUL_WATCH_LOW_EVIDENCE,WINDOW_NORMAL_RESPONDING,ACTION_MONITOR_NEXT_WINDOW,low,8,weak_partial_evidence,fw_like;micro_wobble,days_eff=7 days_any=4 cyc_eff=4 hq_nr=0 total_nr=1 cens=0 lg_opp=0 opp=2 norm_anom=0.21 conf_p=1 micro_only=True cluster=MOBILE_DEEP_CYCLE,No user-facing action; monitoring.,Ambiguous/weak evidence (6d since effective change); monitor next window.,,True,False,True,False,False,False,False,False,0,2026-06-08T10:02:59Z,rolling30-v2.0,30,1,abs_ge_50mWh
DEBORAH_drepplier,2026-03-10,2026-02-08 23:59:59.999999999,2026-03-10 23:59:59.999999999,298,29.104,0.5,12.099,112.049,21,15,5,0,0,0,0,False,WINDOW_QUALITY_OK,9.0,10.0,1.0,1.031,0.9437,0.0152,0.0563,64.0,80.0,16.0,78.0,79.0,80.0,0.0,0.0,0.0,0.0,0.0,12,19,6,57930.0,57920.0,57920.0,57930.0,10.0,1,0,0.0,,,99.88,99.86,0,0,0,0,0,0,0,0,0,0,0,0,0,0,0,0.0,0,0,0,,0.0,,,0.0,0,0,0,,0.0,,2026-03-10 23:59:59.999999999,2025-02-25 11:04:47,2026-03-10 10:52:21,378.538,True,58030.0,2025-02-25 11:04:47,1.0,378.538,9.0,False,57920.0,2026-03-02 09:00:44,10.0,8.624,0.0,True,9,20.0,True,0,0,1,0,0,0,0,0,0,0,0,0,0,0,0,0,1,0,0.0,0,0.0,-0.0,-0.0,378.538,9.0,0,0,0,-0.0,2,MOBILE_DEEP_CYCLE,STATEFUL_WATCH_LARGE_GAP_OR_CENSORED,WINDOW_MICRO_WOBBLE_ONLY,ACTION_MONITOR_NEXT_WINDOW,low,7,large_gap_or_censored_dominant,micro_wobble;large_gap_dominant,days_eff=379 days_any=9 cyc_eff=9 hq_nr=0 total_nr=0 cens=0 lg_opp=1 opp=1 norm_anom=-0.00 conf_p=1 micro_only=True cluster=MOBILE_DEEP_CYCLE,No user-facing action; monitoring.,Ambiguous/weak evidence (378d since effective change); monitor next window.,,False,False,True,True,False,False,False,False,0,2026-06-08T10:02:59Z,rolling30-v2.0,30,1,abs_ge_50mWh
DESKTOP-0OFMVDC_x1,2026-05-28,2026-04-28 23:59:59.999999999,2026-05-28 23:59:59.999999999,776,29.239,0.5,0.5,54.251,17,8,4,0,0,0,0,False,WINDOW_QUALITY_OK,141.0,151.0,10.0,10.26,0.9033,0.0366,0.0967,2.0,100.0,98.0,57.5,99.0,100.0,0.0015,0.0028,0.9321,0.9108,0.9091,24,33,12,43100.0,46920.0,41300.0,46920.0,5620.0,12,6,5080.0,2026-05-26 08:01:52,151.0,75.57,82.27,0,1,0,0,1,0,1,0,0,1,0,1,0,0,1,0.0,0,0,0,,0.0,,,0.0,0,0,0,,0.0,,2026-05-28 23:59:59.999999999,2025-01-14 08:52:34,2026-05-28 14:01:53,499.63,True,46920.0,2026-05-26 08:01:52,151.0,2.665,0.0,True,46920.0,2026-05-26 08:01:52,151.0,2.665,0.0,True,0,0.0,False,0,0,0,0,0,0,0,0,0,0,0,0,0,0,0,0,0,0,0.0,0,0.0,-0.0,-0.0,2.665,0.0,0,0,0,-0.0,4,MOBILE_DEEP_CYCLE,STATEFUL_NORMAL_RESPONDING,WINDOW_NORMAL_RESPONDING,ACTION_NONE,high,9,responding_or_no_concern,,days_eff=3 days_any=3 cyc_eff=0 hq_nr=0 total_nr=0 cens=0 lg_opp=0 opp=0 norm_anom=-0.00 conf_p=1 micro_only=False cluster=MOBILE_DEEP_CYCLE,No action needed.,Responding normally; no concern.,,False,False,False,False,False,False,False,False,0,2026-06-08T10:02:59Z,rolling30-v2.0,30,1,abs_ge_50mWh
DESKTOP-0R32PSA_ah,2025-02-27,2025-01-28 23:59:59.999999999,2025-02-27 23:59:59.999999999,1398,29.768,0.5,0.5,16.073,3,2,0,0,0,0,0,False,WINDOW_QUALITY_OK,19.0,22.0,3.0,3.023,0.9307,0.164,0.0713,72.0,100.0,28.0,92.0,100.0,100.0,0.0,0.0,0.9931,0.9701,0.7802,69,85,34,54900.0,54870.0,54870.0,54900.0,30.0,3,0,0.0,,,94.66,94.6,0,0,0,0,0,0,0,0,0,0,0,0,0,0,0,0.0,0,0,0,,0.0,,,0.0,0,0,0,,0.0,,2025-02-27 23:59:59.999999999,2024-07-17 17:12:32,2025-02-27 18:46:30,225.283,True,54940.0,2024-12-04 12:15:28,16.0,85.489,6.0,False,54870.0,2025-02-20 19:07:32,22.0,7.203,0.0,True,6,20.0,True,0,0,0,0,0,0,0,0,0,0,0,0,0,0,0,0,0,0,0.0,0,0.0,-0.0,-0.0,85.489,6.0,0,0,0,-0.0,5,AC_BOUND,STATEFUL_NORMAL_RESPONDING,WINDOW_MICRO_WOBBLE_ONLY,ACTION_NONE,high,9,responding_or_no_concern,micro_wobble,days_eff=85 days_any=7 cyc_eff=6 hq_nr=0 total_nr=0 cens=0 lg_opp=0 opp=0 norm_anom=-0.00 conf_p=1 micro_only=True cluster=AC_BOUND,No action needed.,Responding normally; no concern.,,False,False,True,False,False,False,False,False,0,2026-06-08T10:02:59Z,rolling30-v2.0,30,1,abs_ge_50mWh
DESKTOP-2OI6HV8_jnunez5,2024-06-28,2024-05-29 23:59:59.999999999,2024-06-28 23:59:59.999999999,323,28.866,0.48,16.304,74.559,24,17,5,0,0,0,0,False,WINDOW_QUALITY_OK,7.0,12.0,5.0,5.196,0.6262,0.1749,0.3738,15.0,100.0,85.0,47.0,97.0,100.0,0.0,0.0138,0.8101,0.7374,0.5682,89,108,45,59580.0,59490.0,59490.0,59580.0,90.0,6,0,0.0,,,102.72,102.57,1,0,1,0,1,0,0,0,0,0,0,0,0,0,0,0.335,0,1,1,0.664987,0.1772,0.88648,0.9047,0.3361,0,1,1,0.663934,0.1779,0.60349,2024-06-28 23:59:59.999999999,2024-05-28 15:42:32,2024-06-28 10:20:38,31.345,False,59580.0,2024-05-28 15:42:32,7.0,31.345,5.0,False,59490.0,2024-06-24 10:07:55,12.0,4.578,0.0,False,6,20.0,True,1,0,0,1,0,1,0,0,0,0,0,0,0,0,1,0,0,0,0.335,0,-0.40799,0.1772,0.1772,31.345,5.0,1,0,0,0.1772,4,MOBILE_DEEP_CYCLE,STATEFUL_REVIEW_DATA_QUALITY,WINDOW_OPPORTUNITY_NO_RESPONSE,ACTION_COLLECT_MORE_DATA_OR_MANUAL_REVIEW,low,1,data_quality_or_history_review,fw_like;micro_wobble,days_eff=31 days_any=5 cyc_eff=5 hq_nr=1 total_nr=1 cens=0 lg_opp=0 opp=1 norm_anom=0.18 conf_p=0.886 micro_only=True cluster=MOBILE_DEEP_CYCLE,No user-facing action; collecting more data.,Data-quality/history review outranks action (would_have_been=FW_WATCH_LIKE). Collect more data or manual review.,FW_WATCH_LIKE,True,False,True,False,False,True,False,False,20,2026-06-08T10:02:59Z,rolling30-v2.0,30,1,abs_ge_50mWh
DESKTOP-56S79KM_DEV-condor,2024-05-22,2024-04-22 23:59:59.999999999,2024-05-22 23:59:59.999999999,254,7.409,0.5,0.504,38.871,2,2,1,0,0,0,0,False,WINDOW_QUALITY_OK,6.0,13.0,7.0,28.343,0.9713,0.6742,0.0289,4.0,100.0,96.0,4.0,88.5,100.0,0.3904,0.3944,0.5032,0.475,0.3628,7,22,5,59890.0,59740.0,59740.0,59890.0,150.0,3,2,80.0,2024-05-20 19:11:39,13.0,103.26,103.0,0,1,0,0,1,0,1,0,0,1,0,1,0,0,1,0.0,0,0,0,,0.0,,,0.0,0,0,0,,0.0,,2024-05-22 23:59:59.999999999,2024-05-15 09:23:18,2024-05-22 19:12:25,7.609,False,59760.0,2024-05-20 19:11:39,13.0,2.2,0.0,False,59740.0,2024-05-21 20:12:26,13.0,1.158,0.0,False,1,20.0,True,0,0,0,0,0,0,0,0,0,0,0,0,0,0,0,0,0,0,0.0,0,0.0,-0.0,-0.0,2.2,0.0,0,0,0,-0.0,0,MOBILE_DEEP_CYCLE,STATEFUL_REVIEW_DATA_QUALITY,WINDOW_NORMAL_RESPONDING,ACTION_COLLECT_MORE_DATA_OR_MANUAL_REVIEW,low,1,data_quality_or_history_review,micro_wobble,days_eff=2 days_any=1 cyc_eff=0 hq_nr=0 total_nr=0 cens=0 lg_opp=0 opp=0 norm_anom=-0.00 conf_p=1 micro_only=True cluster=MOBILE_DEEP_CYCLE,No user-facing action; collecting more data.,Data-quality/history review outranks action (would_have_been=NONE). Collect more data or manual review.,NONE,False,False,True,False,False,True,False,False,0,2026-06-08T10:02:59Z,rolling30-v2.0,30,1,abs_ge_50mWh
DESKTOP-5TU0QIM_igluzman,2025-01-13,2024-12-14 23:59:59.999999999,2025-01-13 23:59:59.999999999,320,28.89,0.5,13.644,48.445,30,19,5,0,0,0,0,False,WINDOW_QUALITY_OK,7.0,7.0,0.0,0.0,0.9925,0.0173,0.0089,94.0,100.0,6.0,97.0,100.0,100.0,0.0,0.0,1.0,1.0,0.9785,8,11,5,59550.0,59510.0,59510.0,59550.0,40.0,1,0,0.0,,,102.67,102.6,0,0,0,0,0,0,0,0,0,0,0,0,0,0,0,0.0,0,0,0,,0.0,,,0.0,0,0,0,,0.0,,2025-01-13 23:59:59.999999999,2024-08-05 16:57:39,2025-01-13 09:18:06,161.293,True,59650.0,2024-10-28 08:20:31,4.0,77.652,3.0,False,59510.0,2024-12-18 10:19:42,7.0,26.57,0.0,True,8,40.0,True,0,0,0,0,0,0,0,0,0,0,0,0,0,0,0,0,0,0,0.0,0,0.0,-0.0,-0.0,77.652,3.0,0,0,0,-0.0,5,AC_BOUND,STATEFUL_NORMAL_RESPONDING,WINDOW_MICRO_WOBBLE_ONLY,ACTION_NONE,high,9,responding_or_no_concern,micro_wobble,days_eff=78 days_any=27 cyc_eff=3 hq_nr=0 total_nr=0 cens=0 lg_opp=0 opp=0 norm_anom=-0.00 conf_p=1 micro_only=True cluster=AC_BOUND,No action needed.,Responding normally; no concern.,,False,False,True,False,False,False,False,False,0,2026-06-08T10:02:59Z,rolling30-v2.0,30,1,abs_ge_50mWh
DESKTOP-65B5D4E_Mark,2024-03-15,2024-02-14 23:59:59.999999999,2024-03-15 23:59:59.999999999,129,16.174,0.5,0.5,195.912,3,3,3,0,0,0,0,False,WINDOW_QUALITY_OK,342.0,343.0,1.0,1.855,1.0,0.0458,0.0,1.0,100.0,99.0,71.0,100.0,100.0,0.0079,0.0079,0.9769,0.9693,0.9693,1,2,1,76100.0,75050.0,73320.0,76100.0,2780.0,2,2,2780.0,2024-02-28 13:32:02,343.0,84.56,83.39,0,1,0,0,1,0,1,0,0,1,0,1,0,0,1,0.0,0,0,0,,0.0,,,0.0,0,0,0,,0.0,,2024-03-15 23:59:59.999999999,2018-07-02 14:01:29,2024-03-15 14:41:33,2083.416,True,75050.0,2024-02-28 13:32:02,343.0,16.436,0.0,True,75050.0,2024-02-28 13:32:02,343.0,16.436,0.0,True,0,0.0,False,0,0,0,0,0,0,0,0,0,0,0,0,0,0,0,0,0,0,0.0,0,0.0,-0.0,-0.0,16.436,0.0,0,0,0,-0.0,3,AC_BOUND,STATEFUL_NORMAL_RESPONDING,WINDOW_NORMAL_RESPONDING,ACTION_NONE,high,9,responding_or_no_concern,,days_eff=16 days_any=16 cyc_eff=0 hq_nr=0 total_nr=0 cens=0 lg_opp=0 opp=0 norm_anom=-0.00 conf_p=1 micro_only=False cluster=AC_BOUND,No action needed.,Responding normally; no concern.,,False,False,False,False,False,False,False,False,0,2026-06-08T10:02:59Z,rolling30-v2.0,30,1,abs_ge_50mWh
DESKTOP-6BVEF2H_PF4LS9A1,2025-06-04,2025-05-05 23:59:59.999999999,2025-06-04 23:59:59.999999999,5,7.897,0.033,161.039,189.448,1,1,1,0,0,0,0,False,WINDOW_QUALITY_SHORT_OBS,8.0,8.0,0.0,0.0,1.0,1.0,0.0,2.0,7.0,5.0,2.0,5.0,6.6,1.0,1.0,0.0,0.0,0.0,0,0,0,56350.0,56350.0,56350.0,56350.0,0.0,0,0,0.0,,,98.86,98.86,0,0,0,0,0,0,0,0,0,0,0,0,0,0,0,0.0,0,0,0,,0.0,,,0.0,0,0,0,,0.0,,2025-06-04 23:59:59.999999999,2025-02-27 13:47:18,2025-06-04 01:28:48,97.425,True,56360.0,2025-03-08 05:55:17,7.0,88.753,1.0,False,56350.0,2025-03-09 14:50:49,8.0,87.381,0.0,False,1,10.0,True,0,0,1,0,0,0,0,0,0,1,0,0,0,0,0,0,1,0,0.0,0,0.0,-0.0,-0.0,88.753,1.0,0,0,0,-0.0,-1,SPARSE_OR_GAPPY,STATEFUL_REVIEW_DATA_QUALITY,WINDOW_DATA_QUALITY_REVIEW,ACTION_COLLECT_MORE_DATA_OR_MANUAL_REVIEW,low,1,data_quality_or_history_review,micro_wobble;large_gap_dominant,days_eff=89 days_any=87 cyc_eff=1 hq_nr=0 total_nr=0 cens=0 lg_opp=1 opp=2 norm_anom=-0.00 conf_p=1 micro_only=True cluster=SPARSE_OR_GAPPY,No user-facing action; collecting more data.,Data-quality/history review outranks action (would_have_been=NONE). Collect more data or manual review.,NONE,False,False,True,True,False,False,True,False,0,2026-06-08T10:02:59Z,rolling30-v2.0,30,1,abs_ge_50mWh
DESKTOP-8L6GNCN_Winson_Chiu,2025-09-15,2025-08-16 23:59:59.999999999,2025-09-15 23:59:59.999999999,684,29.173,0.5,1.487,57.847,21,8,4,0,0,0,0,False,WINDOW_QUALITY_OK,60.0,68.0,8.0,8.227,0.702,0.0833,0.3007,2.0,100.0,98.0,35.0,97.0,100.0,0.0141,0.0211,0.8034,0.7325,0.6762,64,84,31,56620.0,56510.0,56510.0,56620.0,110.0,10,0,0.0,,,97.62,97.43,0,1,0,0,1,0,1,0,0,1,0,1,0,0,1,0.0,0,0,0,,0.0,,,0.0,0,0,0,,0.0,,2025-09-15 23:59:59.999999999,2025-01-09 21:02:44,2025-09-15 08:47:11,249.123,True,56750.0,2025-01-09 21:02:44,54.0,249.123,14.0,False,56510.0,2025-09-11 18:01:31,68.0,4.249,0.0,True,21,20.0,True,0,0,1,0,0,0,0,0,0,1,0,0,0,0,0,0,1,0,0.0,0,0.0,-0.0,-0.0,249.123,14.0,0,0,0,-0.0,4,MOBILE_DEEP_CYCLE,STATEFUL_WATCH_LARGE_GAP_OR_CENSORED,WINDOW_MICRO_WOBBLE_ONLY,ACTION_MONITOR_NEXT_WINDOW,low,7,large_gap_or_censored_dominant,micro_wobble;large_gap_dominant,days_eff=249 days_any=4 cyc_eff=14 hq_nr=0 total_nr=0 cens=0 lg_opp=1 opp=2 norm_anom=-0.00 conf_p=1 micro_only=True cluster=MOBILE_DEEP_CYCLE,No user-facing action; monitoring.,Ambiguous/weak evidence (249d since effective change); monitor next window.,,False,False,True,True,False,False,False,False,0,2026-06-08T10:02:59Z,rolling30-v2.0,30,1,abs_ge_50mWh
DESKTOP-AN20HIT_kpatton,2024-10-17,2024-09-17 23:59:59.999999999,2024-10-17 23:59:59.999999999,425,29.118,0.5,3.923,112.154,19,11,5,0,0,0,0,False,WINDOW_QUALITY_OK,5.0,17.0,12.0,12.363,0.4732,0.1419,0.5515,2.0,100.0,98.0,31.0,90.0,100.0,0.0032,0.0301,0.6298,0.5237,0.409,56,70,29,58890.0,55090.0,54630.0,59330.0,4700.0,17,5,4670.0,2024-10-15 05:19:56,16.0,101.53,94.98,0,5,0,0,5,0,3,0,0,3,0,1,0,0,1,0.0,0,0,0,,0.0,,,0.0,0,0,0,,0.0,,2024-10-17 23:59:59.999999999,2024-08-26 15:26:59,2024-10-17 10:57:23,52.356,False,55100.0,2024-10-15 05:19:56,16.0,2.778,1.0,False,55090.0,2024-10-15 15:18:38,17.0,2.362,0.0,False,1,10.0,True,0,0,0,0,0,0,0,0,0,0,0,0,0,0,0,0,0,0,0.0,0,0.0,-0.0,-0.0,2.778,1.0,0,0,0,-0.0,4,MOBILE_DEEP_CYCLE,STATEFUL_REVIEW_DATA_QUALITY,WINDOW_NORMAL_RESPONDING,ACTION_COLLECT_MORE_DATA_OR_MANUAL_REVIEW,low,1,data_quality_or_history_review,micro_wobble,days_eff=3 days_any=2 cyc_eff=1 hq_nr=0 total_nr=0 cens=0 lg_opp=0 opp=0 norm_anom=-0.00 conf_p=1 micro_only=True cluster=MOBILE_DEEP_CYCLE,No user-facing action; collecting more data.,Data-quality/history review outranks action (would_have_been=NONE). Collect more data or manual review.,NONE,False,False,True,False,False,True,False,False,0,2026-06-08T10:02:59Z,rolling30-v2.0,30,1,abs_ge_50mWh
DESKTOP-BJGS966_DEV,2024-05-22,2024-04-22 23:59:59.999999999,2024-05-22 23:59:59.999999999,266,5.865,0.5,0.501,16.013,1,1,0,0,0,0,0,False,WINDOW_QUALITY_SHORT_OBS,7.0,16.0,9.0,46.036,0.9465,0.685,0.0535,5.0,100.0,95.0,7.25,94.0,99.0,0.0518,0.2058,0.6108,0.5183,0.4454,13,22,7,58000.0,46240.0,46240.0,58000.0,11760.0,10,1,11660.0,2024-05-18 22:06:55,9.0,100.0,79.72,0,1,0,0,1,0,1,0,0,1,0,1,0,0,1,0.0,0,0,0,,0.0,,,0.0,0,0,0,,0.0,,2024-05-22 23:59:59.999999999,2024-05-16 22:25:50,2024-05-22 19:11:29,6.065,False,46320.0,2024-05-18 22:06:55,9.0,4.079,7.0,False,46240.0,2024-05-22 17:41:34,16.0,0.263,0.0,False,7,20.0,True,0,1,0,0,0,0,1,0,1,0,0,0,0,1,0,1,0,0,0.0,0,0.0,-0.0,-0.0,4.079,7.0,0,0,0,-0.0,-1,SPARSE_OR_GAPPY,STATEFUL_REVIEW_DATA_QUALITY,WINDOW_DATA_QUALITY_REVIEW,ACTION_COLLECT_MORE_DATA_OR_MANUAL_REVIEW,low,1,data_quality_or_history_review,micro_wobble;censored_dominant,days_eff=4 days_any=0 cyc_eff=7 hq_nr=0 total_nr=0 cens=1 lg_opp=0 opp=2 norm_anom=-0.00 conf_p=1 micro_only=True cluster=SPARSE_OR_GAPPY,No user-facing action; collecting more data.,Data-quality/history review outranks action (would_have_been=NONE). Collect more data or manual review.,NONE,False,False,True,False,True,True,True,False,0,2026-06-08T10:02:59Z,rolling30-v2.0,30,1,abs_ge_50mWh
DESKTOP-BUL3M0Q_DEV,2024-05-22,2024-04-22 23:59:59.999999999,2024-05-22 23:59:59.999999999,261,7.395,0.5,0.501,36.517,2,2,1,0,0,0,0,False,WINDOW_QUALITY_OK,2.0,4.0,2.0,8.113,0.9655,0.2242,0.0345,69.0,100.0,31.0,89.0,99.0,100.0,0.0,0.0,0.9915,0.9488,0.8713,13,31,7,59850.0,59800.0,59800.0,59850.0,50.0,4,0,0.0,,,103.19,103.1,0,0,0,0,0,0,0,0,0,0,0,0,0,0,0,0.0,0,0,0,,0.0,,,0.0,0,0,0,,0.0,,2024-05-22 23:59:59.999999999,2024-05-15 09:42:43,2024-05-22 19:12:08,7.595,False,59850.0,2024-05-15 09:42:43,2.0,7.595,2.0,False,59800.0,2024-05-22 10:12:08,4.0,0.575,0.0,False,4,20.0,True,0,0,0,0,0,0,0,0,0,0,0,0,0,0,0,0,0,0,0.0,0,0.0,-0.0,-0.0,7.595,2.0,0,0,0,-0.0,3,AC_BOUND,STATEFUL_REVIEW_DATA_QUALITY,WINDOW_MICRO_WOBBLE_ONLY,ACTION_COLLECT_MORE_DATA_OR_MANUAL_REVIEW,low,1,data_quality_or_history_review,micro_wobble,days_eff=8 days_any=1 cyc_eff=2 hq_nr=0 total_nr=0 cens=0 lg_opp=0 opp=0 norm_anom=-0.00 conf_p=1 micro_only=True cluster=AC_BOUND,No user-facing action; collecting more data.,Data-quality/history review outranks action (would_have_been=NONE). Collect more data or manual review.,NONE,False,False,True,False,False,True,False,False,0,2026-06-08T10:02:59Z,rolling30-v2.0,30,1,abs_ge_50mWh
DESKTOP-CDUSM1A_T14s,2024-10-11,2024-09-11 23:59:59.999999999,2024-10-11 23:59:59.999999999,372,28.023,0.124,7.628,139.009,24,9,6,0,0,0,0,False,WINDOW_QUALITY_OK,12.0,16.0,4.0,4.282,0.4511,0.1756,0.5668,28.0,100.0,72.0,59.55,96.0,100.0,0.0,0.0,0.8146,0.633,0.4817,131,120,52,58380.0,58330.0,58330.0,58380.0,50.0,4,0,0.0,,,100.66,100.57,0,0,0,0,0,0,0,0,0,0,0,0,0,0,0,0.0,0,0,0,,0.0,,,0.0,0,0,0,,0.0,,2024-10-11 23:59:59.999999999,2024-08-26 07:48:54,2024-10-11 10:08:34,46.674,False,58410.0,2024-08-26 07:48:54,9.0,46.674,7.0,False,58330.0,2024-10-07 11:15:18,16.0,4.531,0.0,False,7,20.0,True,0,0,0,0,0,0,0,0,0,0,0,0,0,0,0,0,0,0,0.0,0,0.0,-0.0,-0.0,46.674,7.0,0,0,0,-0.0,1,AC_BOUND,STATEFUL_REVIEW_DATA_QUALITY,WINDOW_MICRO_WOBBLE_ONLY,ACTION_COLLECT_MORE_DATA_OR_MANUAL_REVIEW,low,1,data_quality_or_history_review,micro_wobble,days_eff=47 days_any=5 cyc_eff=7 hq_nr=0 total_nr=0 cens=0 lg_opp=0 opp=0 norm_anom=-0.00 conf_p=1 micro_only=True cluster=AC_BOUND,No user-facing action; collecting more data.,Data-quality/history review outranks action (would_have_been=NONE). Collect more data or manual review.,NONE,False,False,True,False,False,True,False,False,0,2026-06-08T10:02:59Z,rolling30-v2.0,30,1,abs_ge_50mWh
DESKTOP-DR88TUK_DEV-Condor,2024-05-22,2024-04-22 23:59:59.999999999,2024-05-22 23:59:59.999999999,258,5.576,0.5,0.5,10.874,1,0,0,0,0,0,0,False,WINDOW_QUALITY_SHORT_OBS,3.0,7.0,4.0,21.522,0.9635,0.7435,0.0365,62.0,100.0,38.0,71.85,97.0,100.0,0.0,0.0,0.8035,0.6282,0.5241,9,14,5,58030.0,58030.0,58030.0,58030.0,0.0,0,0,0.0,,,100.05,100.05,0,0,0,0,0,0,0,0,0,0,0,0,0,0,0,0.0,0,0,0,,0.0,,,0.0,0,0,0,,0.0,,2024-05-22 23:59:59.999999999,2024-05-17 05:23:54,2024-05-22 19:12:45,5.775,False,58030.0,2024-05-17 05:23:54,3.0,5.775,4.0,False,58030.0,2024-05-17 05:23:54,3.0,5.775,4.0,False,0,0.0,False,0,0,0,0,0,0,0,0,0,0,0,0,0,0,0,0,0,0,0.0,0,0.0,-0.0,-0.0,5.775,4.0,0,0,0,-0.0,-1,SPARSE_OR_GAPPY,STATEFUL_REVIEW_DATA_QUALITY,WINDOW_DATA_QUALITY_REVIEW,ACTION_COLLECT_MORE_DATA_OR_MANUAL_REVIEW,low,1,data_quality_or_history_review,,days_eff=6 days_any=6 cyc_eff=4 hq_nr=0 total_nr=0 cens=0 lg_opp=0 opp=0 norm_anom=-0.00 conf_p=1 micro_only=False cluster=SPARSE_OR_GAPPY,No user-facing action; collecting more data.,Data-quality/history review outranks action (would_have_been=NONE). Collect more data or manual review.,NONE,False,False,False,False,False,True,True,False,0,2026-06-08T10:02:59Z,rolling30-v2.0,30,1,abs_ge_50mWh
DESKTOP-EP8TDGT_nmadhani,2024-09-16,2024-08-17 23:59:59.999999999,2024-09-16 23:59:59.999999999,228,28.028,0.502,10.532,60.633,46,9,4,0,0,0,0,False,WINDOW_QUALITY_OK,12.0,19.0,7.0,7.492,0.0891,0.0891,0.9109,30.0,100.0,70.0,36.0,64.0,93.65,0.0,0.0,0.2467,0.0955,0.0403,32,32,17,59660.0,59580.0,59580.0,59660.0,80.0,3,1,60.0,2024-09-04 13:21:27,17.0,102.86,102.72,0,0,0,0,0,0,0,0,0,0,0,0,0,0,0,0.0,0,0,0,,0.0,,,0.0,0,0,0,,0.0,,2024-09-16 23:59:59.999999999,2024-07-31 07:54:25,2024-09-16 09:07:24,47.671,False,59600.0,2024-09-04 13:21:27,17.0,12.443,2.0,False,59580.0,2024-09-13 06:05:09,19.0,3.746,0.0,False,2,10.0,True,0,0,0,0,0,0,0,0,0,0,0,0,0,0,0,0,0,0,0.0,0,0.0,-0.0,-0.0,12.443,2.0,0,0,0,-0.0,4,MOBILE_DEEP_CYCLE,STATEFUL_REVIEW_DATA_QUALITY,WINDOW_NORMAL_RESPONDING,ACTION_COLLECT_MORE_DATA_OR_MANUAL_REVIEW,low,1,data_quality_or_history_review,micro_wobble,days_eff=12 days_any=4 cyc_eff=2 hq_nr=0 total_nr=0 cens=0 lg_opp=0 opp=0 norm_anom=-0.00 conf_p=1 micro_only=True cluster=MOBILE_DEEP_CYCLE,No user-facing action; collecting more data.,Data-quality/history review outranks action (would_have_been=NONE). Collect more data or manual review.,NONE,False,False,True,False,False,True,False,False,0,2026-06-08T10:02:59Z,rolling30-v2.0,30,1,abs_ge_50mWh
DESKTOP-F4I6BLL_jl240,2024-01-19,2023-12-20 23:59:59.999999999,2024-01-19 23:59:59.999999999,22,0.704,0.226,0.906,11.356,1,0,0,0,0,0,0,False,WINDOW_QUALITY_SHORT_OBS,142.0,143.0,1.0,42.628,0.4566,0.0338,0.5434,6.0,80.0,74.0,41.95,77.5,79.95,0.0575,0.0575,0.0,0.0,0.0,9,10,5,50990.0,50990.0,50990.0,50990.0,0.0,0,0,0.0,,,99.98,99.98,0,1,0,0,1,0,0,0,0,0,0,0,0,0,0,0.0,0,0,0,,0.0,,,0.0,0,0,0,,0.0,,2024-01-19 23:59:59.999999999,2023-02-06 22:48:38,2024-01-19 11:53:24,347.05,True,50990.0,2023-05-22 22:48:39,141.0,242.05,2.0,False,50990.0,2023-05-22 22:48:39,141.0,242.05,2.0,False,0,0.0,False,0,0,2,0,0,0,0,0,0,0,0,0,0,0,0,0,2,0,0.0,0,0.0,-0.0,-0.0,242.05,2.0,0,0,0,-0.0,-1,SPARSE_OR_GAPPY,STATEFUL_REVIEW_DATA_QUALITY,WINDOW_DATA_QUALITY_REVIEW,ACTION_COLLECT_MORE_DATA_OR_MANUAL_REVIEW,low,1,data_quality_or_history_review,large_gap_dominant,days_eff=242 days_any=242 cyc_eff=2 hq_nr=0 total_nr=0 cens=0 lg_opp=2 opp=2 norm_anom=-0.00 conf_p=1 micro_only=False cluster=SPARSE_OR_GAPPY,No user-facing action; collecting more data.,Data-quality/history review outranks action (would_have_been=NONE). Collect more data or manual review.,NONE,False,False,False,True,False,False,True,False,0,2026-06-08T10:02:59Z,rolling30-v2.0,30,1,abs_ge_50mWh
DESKTOP-K1B42LP_SVT-GM5-who2-No-B,2025-09-12,2025-08-13 23:59:59.999999999,2025-09-12 23:59:59.999999999,283,29.744,0.5,9.359,158.153,17,8,5,0,0,0,0,False,WINDOW_QUALITY_OK,65.0,69.0,4.0,4.034,0.7342,0.1021,0.2685,25.0,100.0,75.0,49.2,99.0,100.0,0.0,0.0,0.8104,0.7769,0.6975,13,17,7,63730.0,62970.0,62970.0,63730.0,760.0,6,1,660.0,2025-09-04 08:09:04,67.0,109.88,108.57,0,0,0,0,0,0,0,0,0,0,0,0,0,0,0,0.0,0,0,0,,0.0,,,0.0,0,0,0,,0.0,,2025-09-12 23:59:59.999999999,2024-07-17 04:55:29,2025-09-12 18:11:57,422.795,True,63010.0,2025-09-04 08:09:04,67.0,8.66,2.0,True,62970.0,2025-09-10 23:35:19,69.0,2.017,0.0,True,2,30.0,True,0,0,0,0,0,0,0,0,0,0,0,0,0,0,0,0,0,0,0.0,0,0.0,-0.0,-0.0,8.66,2.0,0,0,0,-0.0,5,AC_BOUND,STATEFUL_NORMAL_RESPONDING,WINDOW_NORMAL_RESPONDING,ACTION_NONE,high,9,responding_or_no_concern,micro_wobble,days_eff=9 days_any=2 cyc_eff=2 hq_nr=0 total_nr=0 cens=0 lg_opp=0 opp=0 norm_anom=-0.00 conf_p=1 micro_only=True cluster=AC_BOUND,No action needed.,Responding normally; no concern.,,False,False,True,False,False,False,False,False,0,2026-06-08T10:02:59Z,rolling30-v2.0,30,1,abs_ge_50mWh
DESKTOP-KQ90P7N_jkleissler,2024-08-27,2024-07-28 23:59:59.999999999,2024-08-27 23:59:59.999999999,468,29.197,0.5,6.804,63.377,25,11,4,0,0,0,0,False,WINDOW_QUALITY_OK,16.0,23.0,7.0,7.193,0.7124,0.1235,0.2876,4.0,100.0,96.0,38.7,97.0,100.0,0.0018,0.0036,0.8637,0.8089,0.5885,82,104,41,59020.0,59330.0,58990.0,59940.0,950.0,12,3,950.0,2024-08-18 19:44:20,21.0,101.76,102.29,0,2,0,0,2,0,2,0,0,2,0,1,0,0,1,0.0,0,0,0,,0.0,,,0.0,0,0,0,,0.0,,2024-08-27 23:59:59.999999999,2024-05-24 10:41:54,2024-08-27 12:48:07,95.554,True,59370.0,2024-08-18 19:44:20,21.0,9.178,2.0,True,59330.0,2024-08-26 09:18:03,23.0,1.612,0.0,True,4,10.0,True,0,0,1,0,0,0,0,0,0,1,0,0,0,0,0,0,1,0,0.0,0,0.0,-0.0,-0.0,9.178,2.0,0,0,0,-0.0,4,MOBILE_DEEP_CYCLE,STATEFUL_WATCH_LARGE_GAP_OR_CENSORED,WINDOW_NORMAL_RESPONDING,ACTION_MONITOR_NEXT_WINDOW,low,7,large_gap_or_censored_dominant,micro_wobble;large_gap_dominant,days_eff=9 days_any=2 cyc_eff=2 hq_nr=0 total_nr=0 cens=0 lg_opp=1 opp=2 norm_anom=-0.00 conf_p=1 micro_only=True cluster=MOBILE_DEEP_CYCLE,No user-facing action; monitoring.,Ambiguous/weak evidence (9d since effective change); monitor next window.,,False,False,True,True,False,False,False,False,0,2026-06-08T10:02:59Z,rolling30-v2.0,30,1,abs_ge_50mWh
DESKTOP-LBSEJ4D_perf-test,2024-01-16,2023-12-17 23:59:59.999999999,2024-01-16 23:59:59.999999999,67,28.96,0.5,16.035,398.95,16,9,3,0,0,0,0,False,WINDOW_QUALITY_OK,21.0,22.0,1.0,1.036,0.1366,0.1253,0.8634,19.0,100.0,81.0,19.0,53.0,97.0,0.0,0.001,0.3102,0.1969,0.0606,8,12,5,56020.0,55450.0,55450.0,56230.0,780.0,4,3,580.0,2024-01-16 07:27:54,22.0,98.28,97.28,0,1,0,0,1,0,0,0,0,0,0,0,0,0,0,0.0,0,0,0,,0.0,,,0.0,0,0,0,,0.0,,2024-01-16 23:59:59.999999999,2023-09-05 18:43:16,2024-01-16 08:11:46,133.22,True,55450.0,2024-01-16 07:27:54,22.0,0.689,0.0,True,55450.0,2024-01-16 07:27:54,22.0,0.689,0.0,True,0,0.0,False,0,0,0,0,0,0,0,0,0,0,0,0,0,0,0,0,0,0,0.0,0,0.0,-0.0,-0.0,0.689,0.0,0,0,0,-0.0,4,MOBILE_DEEP_CYCLE,STATEFUL_NORMAL_RESPONDING,WINDOW_NORMAL_RESPONDING,ACTION_NONE,high,9,responding_or_no_concern,,days_eff=1 days_any=1 cyc_eff=0 hq_nr=0 total_nr=0 cens=0 lg_opp=0 opp=0 norm_anom=-0.00 conf_p=1 micro_only=False cluster=MOBILE_DEEP_CYCLE,No action needed.,Responding normally; no concern.,,False,False,False,False,False,False,False,False,0,2026-06-08T10:02:59Z,rolling30-v2.0,30,1,abs_ge_50mWh
DESKTOP-MMH8JIS_chee1,2024-03-29,2024-02-28 23:59:59.999999999,2024-03-29 23:59:59.999999999,2,0.0,0.001,0.001,0.001,0,0,0,0,0,0,0,False,WINDOW_QUALITY_SHORT_OBS,27.0,27.0,0.0,0.0,1.0,1.0,0.0,85.0,85.0,0.0,85.0,85.0,85.0,0.0,0.0,1.0,0.0,0.0,0,0,0,49530.0,49530.0,49530.0,49530.0,0.0,0,0,0.0,,,100.06,100.06,0,0,0,0,0,0,0,0,0,0,0,0,0,0,0,0.0,0,0,0,,0.0,,,0.0,0,0,0,,0.0,,2024-03-29 23:59:59.999999999,2023-10-24 18:15:19,2024-03-29 11:33:42,157.239,True,49530.0,2023-10-24 18:15:19,16.0,157.239,11.0,False,49530.0,2023-10-24 18:15:19,16.0,157.239,11.0,False,0,0.0,False,0,0,2,0,0,0,0,0,0,2,0,0,0,0,0,0,2,0,0.0,0,0.0,-0.0,-0.0,157.239,11.0,0,0,0,-0.0,-1,SPARSE_OR_GAPPY,STATEFUL_REVIEW_DATA_QUALITY,WINDOW_DATA_QUALITY_REVIEW,ACTION_COLLECT_MORE_DATA_OR_MANUAL_REVIEW,low,1,data_quality_or_history_review,large_gap_dominant,days_eff=157 days_any=157 cyc_eff=11 hq_nr=0 total_nr=0 cens=0 lg_opp=2 opp=4 norm_anom=-0.00 conf_p=1 micro_only=False cluster=SPARSE_OR_GAPPY,No user-facing action; collecting more data.,Data-quality/history review outranks action (would_have_been=NONE). Collect more data or manual review.,NONE,False,False,False,True,False,False,True,False,0,2026-06-08T10:02:59Z,rolling30-v2.0,30,1,abs_ge_50mWh
DESKTOP-N9S9JC9_think,2024-06-26,2024-05-27 23:59:59.999999999,2024-06-26 23:59:59.999999999,553,29.19,0.5,1.386,86.501,22,15,3,0,0,0,0,False,WINDOW_QUALITY_OK,9.0,14.0,5.0,5.139,0.8622,0.0568,0.1378,0.0,100.0,100.0,73.6,100.0,100.0,0.0088,0.0088,0.9128,0.8831,0.8054,36,49,18,48450.0,47490.0,46990.0,48450.0,1460.0,3,2,1460.0,2024-05-30 11:30:16,11.0,103.09,101.04,0,1,0,0,1,0,1,0,0,1,0,1,0,0,1,0.0,0,0,0,,0.0,,,0.0,0,0,0,,0.0,,2024-06-26 23:59:59.999999999,2024-04-24 11:30:05,2024-06-26 13:47:12,63.521,True,47470.0,2024-05-30 11:30:16,11.0,27.521,3.0,True,47490.0,2024-06-04 09:29:02,11.0,22.605,3.0,True,1,20.0,True,0,0,0,0,0,0,0,0,0,0,0,0,0,0,0,0,0,0,0.0,0,0.0,-0.0,-0.0,27.521,3.0,0,0,0,-0.0,4,MOBILE_DEEP_CYCLE,STATEFUL_NORMAL_RESPONDING,WINDOW_NORMAL_RESPONDING,ACTION_NONE,high,9,responding_or_no_concern,micro_wobble,days_eff=28 days_any=23 cyc_eff=3 hq_nr=0 total_nr=0 cens=0 lg_opp=0 opp=0 norm_anom=-0.00 conf_p=1 micro_only=True cluster=MOBILE_DEEP_CYCLE,No action needed.,Responding normally; no concern.,,False,False,True,False,False,False,False,False,0,2026-06-08T10:02:59Z,rolling30-v2.0,30,1,abs_ge_50mWh
DESKTOP-QAH5T71_ehowe,2024-10-02,2024-09-02 23:59:59.999999999,2024-10-02 23:59:59.999999999,248,29.013,0.507,11.035,87.401,25,11,4,0,0,0,0,False,WINDOW_QUALITY_OK,23.0,32.0,9.0,9.306,0.1823,0.1021,0.8268,3.0,100.0,97.0,37.35,79.5,99.0,0.0181,0.0227,0.426,0.261,0.1659,33,32,16,59920.0,63800.0,59920.0,63800.0,3880.0,12,10,1500.0,2024-09-25 07:44:32,31.0,103.31,110.0,0,1,0,0,1,0,1,0,0,1,0,1,0,0,1,0.0,0,0,0,,0.0,,,0.0,0,0,0,,0.0,,2024-10-02 23:59:59.999999999,2024-08-08 08:57:51,2024-10-02 07:57:48,55.626,False,63800.0,2024-09-25 07:44:32,31.0,7.677,1.0,False,63800.0,2024-09-25 07:44:32,31.0,7.677,1.0,False,0,0.0,False,0,0,0,0,0,0,0,0,0,0,0,0,0,0,0,0,0,0,0.0,0,0.0,-0.0,-0.0,7.677,1.0,0,0,0,-0.0,4,MOBILE_DEEP_CYCLE,STATEFUL_REVIEW_DATA_QUALITY,WINDOW_NORMAL_RESPONDING,ACTION_COLLECT_MORE_DATA_OR_MANUAL_REVIEW,low,1,data_quality_or_history_review,,days_eff=8 days_any=8 cyc_eff=1 hq_nr=0 total_nr=0 cens=0 lg_opp=0 opp=0 norm_anom=-0.00 conf_p=1 micro_only=False cluster=MOBILE_DEEP_CYCLE,No user-facing action; collecting more data.,Data-quality/history review outranks action (would_have_been=NONE). Collect more data or manual review.,NONE,False,False,False,False,False,True,False,False,0,2026-06-08T10:02:59Z,rolling30-v2.0,30,1,abs_ge_50mWh
DESKTOP-QLOL3EV_ehowe,2024-06-26,2024-05-27 23:59:59.999999999,2024-06-26 23:59:59.999999999,274,29.257,0.5,13.482,42.635,33,16,4,0,0,0,0,False,WINDOW_QUALITY_OK,10.0,20.0,10.0,10.254,0.1238,0.0821,0.8762,10.0,100.0,90.0,29.25,77.0,99.0,0.0,0.0283,0.4116,0.1973,0.1198,49,50,25,63800.0,63800.0,63800.0,63800.0,0.0,0,0,0.0,,,110.0,110.0,0,3,0,0,3,0,1,0,0,1,0,1,0,0,1,0.0,0,0,0,,0.0,,,0.0,0,0,0,,0.0,,2024-06-26 23:59:59.999999999,2024-05-14 10:37:08,2024-06-26 13:29:00,43.558,False,63800.0,2024-05-14 10:37:08,6.0,43.558,14.0,False,63800.0,2024-05-14 10:37:08,6.0,43.558,14.0,False,0,0.0,False,0,0,3,0,0,0,0,0,0,1,0,0,0,0,0,0,3,0,0.0,0,0.0,-0.0,-0.0,43.558,14.0,0,0,0,-0.0,4,MOBILE_DEEP_CYCLE,STATEFUL_REVIEW_DATA_QUALITY,WINDOW_LARGE_GAP_AMBIGUOUS,ACTION_COLLECT_MORE_DATA_OR_MANUAL_REVIEW,low,1,data_quality_or_history_review,large_gap_dominant,days_eff=44 days_any=44 cyc_eff=14 hq_nr=0 total_nr=0 cens=0 lg_opp=3 opp=4 norm_anom=-0.00 conf_p=1 micro_only=False cluster=MOBILE_DEEP_CYCLE,No user-facing action; collecting more data.,Data-quality/history review outranks action (would_have_been=NONE). Collect more data or manual review.,NONE,False,False,False,True,False,True,False,False,0,2026-06-08T10:02:59Z,rolling30-v2.0,30,1,abs_ge_50mWh
DESKTOP-VBGKQ59_rtwall,2024-11-25,2024-10-26 23:59:59.999999999,2024-11-25 23:59:59.999999999,613,29.536,0.5,5.614,45.984,30,7,2,0,0,0,0,False,WINDOW_QUALITY_OK,5.0,10.0,5.0,5.079,0.7874,0.0693,0.2126,28.0,100.0,72.0,70.0,99.0,100.0,0.0,0.0,0.9044,0.8492,0.8017,72,84,37,60760.0,60690.0,60690.0,60760.0,70.0,6,0,0.0,,,104.76,104.64,0,0,0,0,0,0,0,0,0,0,0,0,0,0,0,0.0,0,0,0,,0.0,,,0.0,0,0,0,,0.0,,2024-11-25 23:59:59.999999999,2024-10-14 16:13:54,2024-11-25 15:51:28,42.324,False,60820.0,2024-10-14 19:55:39,3.0,42.17,7.0,False,60690.0,2024-11-20 20:39:15,10.0,5.139,0.0,False,11,20.0,True,0,0,0,0,0,0,0,0,0,0,0,0,0,0,0,0,0,0,0.0,0,0.0,-0.0,-0.0,42.17,7.0,0,0,0,-0.0,5,AC_BOUND,STATEFUL_REVIEW_DATA_QUALITY,WINDOW_MICRO_WOBBLE_ONLY,ACTION_COLLECT_MORE_DATA_OR_MANUAL_REVIEW,low,1,data_quality_or_history_review,micro_wobble,days_eff=42 days_any=5 cyc_eff=7 hq_nr=0 total_nr=0 cens=0 lg_opp=0 opp=0 norm_anom=-0.00 conf_p=1 micro_only=True cluster=AC_BOUND,No user-facing action; collecting more data.,Data-quality/history review outranks action (would_have_been=NONE). Collect more data or manual review.,NONE,False,False,True,False,False,True,False,False,0,2026-06-08T10:02:59Z,rolling30-v2.0,30,1,abs_ge_50mWh
DHARDING-55C9NC_dharding,2025-06-11,2025-05-12 23:59:59.999999999,2025-06-11 23:59:59.999999999,501,29.028,0.5,1.695,65.925,20,19,5,0,0,0,0,False,WINDOW_QUALITY_OK,18.0,20.0,2.0,2.067,0.7389,0.0606,0.2611,59.0,100.0,41.0,92.0,99.0,100.0,0.0,0.0,0.9889,0.968,0.7407,98,121,49,60100.0,60040.0,60040.0,60100.0,60.0,2,0,0.0,,,103.62,103.52,0,0,0,0,0,0,0,0,0,0,0,0,0,0,0,0.0,0,0,0,,0.0,,,0.0,0,0,0,,0.0,,2025-06-11 23:59:59.999999999,2025-03-04 16:54:45,2025-06-11 11:10:14,99.295,True,60240.0,2025-03-04 16:54:45,14.0,99.295,6.0,False,60040.0,2025-06-03 10:27:21,20.0,8.564,0.0,True,6,40.0,True,0,0,0,0,0,0,0,0,0,0,0,0,0,0,0,0,0,0,0.0,0,0.0,-0.0,-0.0,99.295,6.0,0,0,0,-0.0,5,AC_BOUND,STATEFUL_NORMAL_RESPONDING,WINDOW_MICRO_WOBBLE_ONLY,ACTION_NONE,high,9,responding_or_no_concern,micro_wobble,days_eff=99 days_any=9 cyc_eff=6 hq_nr=0 total_nr=0 cens=0 lg_opp=0 opp=0 norm_anom=-0.00 conf_p=1 micro_only=True cluster=AC_BOUND,No action needed.,Responding normally; no concern.,,False,False,True,False,False,False,False,False,0,2026-06-08T10:02:59Z,rolling30-v2.0,30,1,abs_ge_50mWh
DHERRING1-6KYF4_dherring1,2026-05-29,2026-04-29 23:59:59.999999999,2026-05-29 23:59:59.999999999,451,29.101,0.5,10.805,89.65,26,20,3,0,0,0,0,False,WINDOW_QUALITY_OK,1.0,15.0,14.0,14.432,0.2021,0.1129,0.7979,4.0,100.0,96.0,10.0,67.0,100.0,0.0409,0.1194,0.3219,0.2235,0.1638,64,93,32,75010.0,76010.0,75010.0,77260.0,2250.0,14,3,2250.0,2026-05-26 11:02:45,13.0,100.01,101.35,1,8,0,0,9,1,8,0,0,9,0,6,0,0,6,0.451,1,0,1,0.54902,0.2604,0.53695,0.52345,0.3401,1,0,1,0.659864,0.1805,0.59069,2026-05-29 23:59:59.999999999,2026-04-30 11:12:40,2026-05-29 13:38:25,29.533,False,76040.0,2026-05-26 11:02:45,13.0,3.54,2.0,False,76010.0,2026-05-29 07:08:25,15.0,0.702,0.0,False,2,20.0,True,0,0,0,0,0,0,0,0,0,0,0,0,0,0,0,0,0,0,0.0,0,0.0,-0.0,-0.0,3.54,2.0,0,0,0,-0.0,4,MOBILE_DEEP_CYCLE,STATEFUL_REVIEW_DATA_QUALITY,WINDOW_NORMAL_RESPONDING,ACTION_COLLECT_MORE_DATA_OR_MANUAL_REVIEW,low,1,data_quality_or_history_review,micro_wobble,days_eff=4 days_any=1 cyc_eff=2 hq_nr=0 total_nr=0 cens=0 lg_opp=0 opp=0 norm_anom=-0.00 conf_p=0.537 micro_only=True cluster=MOBILE_DEEP_CYCLE,No user-facing action; collecting more data.,Data-quality/history review outranks action (would_have_been=NONE). Collect more data or manual review.,NONE,False,False,True,False,False,True,False,False,0,2026-06-08T10:02:59Z,rolling30-v2.0,30,1,abs_ge_50mWh
DILIPB-PF66R2P1_dilipb,2026-05-28,2026-04-28 23:59:59.999999999,2026-05-28 23:59:59.999999999,405,21.985,0.5,5.049,47.314,18,5,1,0,0,0,0,False,WINDOW_QUALITY_OK,4.0,8.0,4.0,5.458,0.8507,0.0455,0.1493,24.0,100.0,76.0,66.2,97.0,100.0,0.0,0.0,0.9503,0.9277,0.6267,52,71,27,58030.0,58010.0,58010.0,58030.0,20.0,2,0,0.0,,,100.05,100.02,0,0,0,0,0,0,0,0,0,0,0,0,0,0,0,0.0,0,0,0,,0.0,,,0.0,0,0,0,,0.0,,2026-05-28 23:59:59.999999999,2026-05-06 14:09:16,2026-05-28 13:47:29,22.41,False,58030.0,2026-05-06 14:09:16,4.0,22.41,4.0,False,58010.0,2026-05-27 17:00:52,8.0,1.291,0.0,False,2,10.0,True,0,0,0,0,0,0,0,0,0,0,0,0,0,0,0,0,0,0,0.0,0,0.0,-0.0,-0.0,22.41,4.0,0,0,0,-0.0,5,AC_BOUND,STATEFUL_REVIEW_DATA_QUALITY,WINDOW_MICRO_WOBBLE_ONLY,ACTION_COLLECT_MORE_DATA_OR_MANUAL_REVIEW,low,1,data_quality_or_history_review,micro_wobble,days_eff=22 days_any=1 cyc_eff=4 hq_nr=0 total_nr=0 cens=0 lg_opp=0 opp=0 norm_anom=-0.00 conf_p=1 micro_only=True cluster=AC_BOUND,No user-facing action; collecting more data.,Data-quality/history review outranks action (would_have_been=NONE). Collect more data or manual review.,NONE,False,False,True,False,False,True,False,False,0,2026-06-08T10:02:59Z,rolling30-v2.0,30,1,abs_ge_50mWh
DILLON_dpaquin,2025-08-13,2025-07-14 23:59:59.999999999,2025-08-13 23:59:59.999999999,214,29.027,0.5,15.439,260.286,13,13,3,0,0,0,0,False,WINDOW_QUALITY_OK,18.0,22.0,4.0,4.134,0.3249,0.0687,0.6751,18.0,80.0,62.0,38.3,75.0,80.0,0.0,0.003,0.0,0.0,0.0,38,47,19,56750.0,56690.0,56690.0,56750.0,60.0,4,0,0.0,,,99.56,99.46,0,1,0,0,1,0,0,0,0,0,0,0,0,0,0,0.0,0,0,0,,0.0,,,0.0,0,0,0,,0.0,,2025-08-13 23:59:59.999999999,2025-05-06 14:32:21,2025-08-13 07:37:53,99.394,True,57000.0,2025-05-06 14:32:21,1.0,99.394,21.0,False,56690.0,2025-08-11 08:11:37,22.0,2.659,0.0,True,20,20.0,True,0,0,1,0,0,0,0,0,0,0,0,0,0,0,0,0,1,0,0.0,0,0.0,-0.0,-0.0,99.394,21.0,0,0,0,-0.0,2,MOBILE_DEEP_CYCLE,STATEFUL_WATCH_LARGE_GAP_OR_CENSORED,WINDOW_MICRO_WOBBLE_ONLY,ACTION_MONITOR_NEXT_WINDOW,low,7,large_gap_or_censored_dominant,micro_wobble;large_gap_dominant,days_eff=99 days_any=3 cyc_eff=21 hq_nr=0 total_nr=0 cens=0 lg_opp=1 opp=1 norm_anom=-0.00 conf_p=1 micro_only=True cluster=MOBILE_DEEP_CYCLE,No user-facing action; monitoring.,Ambiguous/weak evidence (99d since effective change); monitor next window.,,False,False,True,True,False,False,False,False,0,2026-06-08T10:02:59Z,rolling30-v2.0,30,1,abs_ge_50mWh
DJR-PF3R8T3C_djr,2025-04-10,2025-03-11 23:59:59.999999999,2025-04-10 23:59:59.999999999,447,29.142,0.5,8.605,54.876,25,13,4,0,0,0,0,False,WINDOW_QUALITY_OK,59.0,65.0,6.0,6.177,0.783,0.146,0.217,45.0,100.0,55.0,74.3,97.0,100.0,0.0,0.0,0.8968,0.8038,0.6142,63,116,32,53070.0,53070.0,53070.0,53070.0,0.0,0,0,0.0,,,93.11,93.11,0,0,0,0,0,0,0,0,0,0,0,0,0,0,0,0.0,0,0,0,,0.0,,,0.0,0,0,0,,0.0,,2025-04-10 23:59:59.999999999,2023-02-08 21:53:10,2025-04-10 08:08:22,792.088,True,53070.0,2025-01-15 17:57:58,49.0,85.251,16.0,False,53070.0,2025-01-15 17:57:58,49.0,85.251,16.0,False,0,0.0,False,0,0,0,0,0,0,0,0,0,0,0,0,0,0,0,0,0,0,0.0,0,0.0,-0.0,-0.0,85.251,16.0,0,0,0,-0.0,5,AC_BOUND,STATEFUL_NORMAL_RESPONDING,WINDOW_INSUFFICIENT_LEARNING_OPPORTUNITY,ACTION_NONE,high,9,responding_or_no_concern,,days_eff=85 days_any=85 cyc_eff=16 hq_nr=0 total_nr=0 cens=0 lg_opp=0 opp=0 norm_anom=-0.00 conf_p=1 micro_only=False cluster=AC_BOUND,No action needed.,Responding normally; no concern.,,False,False,False,False,False,False,False,False,0,2026-06-08T10:02:59Z,rolling30-v2.0,30,1,abs_ge_50mWh
DKUNTTU-F4JTB5W_dkunttu,2024-12-12,2024-11-12 23:59:59.999999999,2024-12-12 23:59:59.999999999,821,29.432,0.5,0.5,151.207,10,9,4,0,0,0,0,False,WINDOW_QUALITY_OK,74.0,81.0,7.0,7.135,0.8778,0.0877,0.1222,3.0,100.0,97.0,71.0,93.0,98.0,0.0053,0.0086,0.9282,0.8515,0.1724,114,172,57,56620.0,59630.0,56620.0,59670.0,3050.0,5,1,3050.0,2024-11-17 13:02:07,75.0,78.46,82.64,0,2,0,0,2,0,2,0,0,2,0,1,0,0,1,0.0,0,0,0,,0.0,,,0.0,0,0,0,,0.0,,2024-12-12 23:59:59.999999999,2023-09-21 15:00:12,2024-12-12 16:20:49,448.375,True,59670.0,2024-11-17 13:02:07,75.0,25.457,6.0,True,59630.0,2024-12-11 09:56:39,81.0,1.586,0.0,True,4,10.0,True,0,1,0,0,1,1,0,0,0,0,0,0,0,0,0,0,0,0,0.4407,0,-0.58107,0.2524,0.2524,25.457,6.0,1,0,0,0.2524,1,AC_BOUND,STATEFUL_WATCH_LOW_EVIDENCE,WINDOW_NORMAL_RESPONDING,ACTION_MONITOR_NEXT_WINDOW,low,8,weak_partial_evidence,fw_like;micro_wobble,days_eff=25 days_any=2 cyc_eff=6 hq_nr=0 total_nr=1 cens=0 lg_opp=0 opp=1 norm_anom=0.25 conf_p=1 micro_only=True cluster=AC_BOUND,No user-facing action; monitoring.,Ambiguous/weak evidence (25d since effective change); monitor next window.,,True,False,True,False,False,False,False,False,0,2026-06-08T10:02:59Z,rolling30-v2.0,30,1,abs_ge_50mWh
DKUNTTU-F4ML5R6_dkunttu,2024-08-23,2024-07-24 23:59:59.999999999,2024-08-23 23:59:59.999999999,130,29.64,0.5,0.503,365.799,5,5,3,0,0,0,0,False,WINDOW_QUALITY_OK,47.0,49.0,2.0,2.024,0.6787,0.6174,0.3213,2.0,100.0,98.0,19.0,19.0,100.0,0.0301,0.6475,0.2922,0.2512,0.2354,6,6,3,60090.0,58780.0,58780.0,60090.0,1310.0,5,1,1230.0,2024-07-27 01:06:28,47.0,105.37,103.07,0,2,0,0,2,0,2,0,0,2,0,2,0,0,2,0.0,0,0,0,,0.0,,,0.0,0,0,0,,0.0,,2024-08-23 23:59:59.999999999,2023-12-13 14:49:18,2024-08-23 15:45:40,254.382,True,58840.0,2024-07-27 01:06:28,47.0,27.954,2.0,True,58780.0,2024-08-21 19:30:41,49.0,2.187,0.0,True,3,30.0,True,0,0,1,0,0,0,0,0,0,1,0,0,0,0,0,0,1,0,0.0,0,0.0,-0.0,-0.0,27.954,2.0,0,0,0,-0.0,0,MOBILE_DEEP_CYCLE,STATEFUL_WATCH_LARGE_GAP_OR_CENSORED,WINDOW_NORMAL_RESPONDING,ACTION_MONITOR_NEXT_WINDOW,low,7,large_gap_or_censored_dominant,micro_wobble;large_gap_dominant,days_eff=28 days_any=2 cyc_eff=2 hq_nr=0 total_nr=0 cens=0 lg_opp=1 opp=2 norm_anom=-0.00 conf_p=1 micro_only=True cluster=MOBILE_DEEP_CYCLE,No user-facing action; monitoring.,Ambiguous/weak evidence (27d since effective change); monitor next window.,,False,False,True,True,False,False,False,False,0,2026-06-08T10:02:59Z,rolling30-v2.0,30,1,abs_ge_50mWh
DKUNTTU-F5AZ5F3_dkunttu,2026-03-14,2026-02-12 23:59:59.999999999,2026-03-14 23:59:59.999999999,3,0.019,0.233,0.331,0.342,0,0,0,0,0,0,0,False,WINDOW_QUALITY_SHORT_OBS,26.0,26.0,0.0,0.0,0.0,0.0,1.0,100.0,100.0,0.0,100.0,100.0,100.0,0.0,0.0,1.0,1.0,1.0,1,1,1,83570.0,83570.0,83570.0,83570.0,0.0,0,0,0.0,,,104.46,104.46,0,0,0,0,0,0,0,0,0,0,0,0,0,0,0,0.0,0,0,0,,0.0,,,0.0,0,0,0,,0.0,,2026-03-14 23:59:59.999999999,2025-01-09 16:16:13,2026-03-14 20:23:29,429.322,True,83570.0,2026-02-02 11:43:15,26.0,40.512,0.0,True,83570.0,2026-02-02 11:43:15,26.0,40.512,0.0,True,0,0.0,False,0,0,0,0,0,0,0,0,0,0,0,0,0,0,0,0,0,0,0.0,0,0.0,-0.0,-0.0,40.512,0.0,0,0,0,-0.0,-1,SPARSE_OR_GAPPY,STATEFUL_REVIEW_DATA_QUALITY,WINDOW_DATA_QUALITY_REVIEW,ACTION_COLLECT_MORE_DATA_OR_MANUAL_REVIEW,low,1,data_quality_or_history_review,,days_eff=41 days_any=41 cyc_eff=0 hq_nr=0 total_nr=0 cens=0 lg_opp=0 opp=0 norm_anom=-0.00 conf_p=1 micro_only=False cluster=SPARSE_OR_GAPPY,No user-facing action; collecting more data.,Data-quality/history review outranks action (would_have_been=NONE). Collect more data or manual review.,NONE,False,False,False,False,False,False,True,False,0,2026-06-08T10:02:59Z,rolling30-v2.0,30,1,abs_ge_50mWh
DKUNTTU-W0CXCFB_dkunttu,2024-09-17,2024-08-18 23:59:59.999999999,2024-09-17 23:59:59.999999999,538,22.088,0.5,2.888,72.487,15,6,2,0,0,0,0,False,WINDOW_QUALITY_OK,1.0,7.0,6.0,8.149,0.7149,0.0845,0.2905,0.0,100.0,100.0,53.0,99.0,100.0,0.0167,0.0184,0.8283,0.7675,0.6775,74,81,37,58030.0,57170.0,50000.0,60100.0,10100.0,12,7,10070.0,2024-09-12 08:57:34,6.0,100.05,98.57,2,1,0,0,3,2,1,0,0,3,2,1,0,0,3,0.871,2,0,2,0.318622,0.4967,0.32098,0.31019,1.2902,2,0,2,0.092658,1.0331,0.19522,2024-09-17 23:59:59.999999999,2024-08-26 10:05:33,2024-09-17 12:12:05,22.579,False,57180.0,2024-09-12 08:57:34,6.0,5.627,1.0,False,57170.0,2024-09-16 09:03:26,7.0,1.623,0.0,False,1,10.0,True,0,0,0,0,0,0,0,0,0,0,0,0,0,0,0,0,0,0,0.0,0,0.0,-0.0,-0.0,5.627,1.0,0,0,0,-0.0,4,MOBILE_DEEP_CYCLE,STATEFUL_REVIEW_DATA_QUALITY,WINDOW_NORMAL_RESPONDING,ACTION_COLLECT_MORE_DATA_OR_MANUAL_REVIEW,low,1,data_quality_or_history_review,micro_wobble,days_eff=6 days_any=2 cyc_eff=1 hq_nr=0 total_nr=0 cens=0 lg_opp=0 opp=0 norm_anom=-0.00 conf_p=0.321 micro_only=True cluster=MOBILE_DEEP_CYCLE,No user-facing action; collecting more data.,Data-quality/history review outranks action (would_have_been=NONE). Collect more data or manual review.,NONE,False,False,True,False,False,True,False,False,0,2026-06-08T10:02:59Z,rolling30-v2.0,30,1,abs_ge_50mWh
DLI13-PW0HKDEK_dli13,2025-11-04,2025-10-05 23:59:59.999999999,2025-11-04 23:59:59.999999999,262,29.189,0.504,11.842,83.946,27,11,4,0,0,0,0,False,WINDOW_QUALITY_OK,8.0,10.0,2.0,2.056,0.9262,0.0205,0.0738,24.0,100.0,76.0,94.05,98.0,100.0,0.0,0.0,0.9488,0.9488,0.8289,12,14,6,56970.0,56950.0,56950.0,56970.0,20.0,2,0,0.0,,,99.95,99.91,0,0,0,0,0,0,0,0,0,0,0,0,0,0,0,0.0,0,0,0,,0.0,,,0.0,0,0,0,,0.0,,2025-11-04 23:59:59.999999999,2025-05-27 14:18:19,2025-11-04 13:43:02,161.404,True,56970.0,2025-10-06 09:10:29,8.0,29.618,2.0,True,56950.0,2025-10-16 08:23:25,10.0,19.65,0.0,True,2,10.0,True,0,0,0,0,0,0,0,0,0,0,0,0,0,0,0,0,0,0,0.0,0,0.0,-0.0,-0.0,29.618,2.0,0,0,0,-0.0,5,AC_BOUND,STATEFUL_NORMAL_RESPONDING,WINDOW_MICRO_WOBBLE_ONLY,ACTION_NONE,high,9,responding_or_no_concern,micro_wobble,days_eff=30 days_any=20 cyc_eff=2 hq_nr=0 total_nr=0 cens=0 lg_opp=0 opp=0 norm_anom=-0.00 conf_p=1 micro_only=True cluster=AC_BOUND,No action needed.,Responding normally; no concern.,,False,False,True,False,False,False,False,False,0,2026-06-08T10:02:59Z,rolling30-v2.0,30,1,abs_ge_50mWh
DLOMIS-PF58PBCR_X1,2025-07-25,2025-06-25 23:59:59.999999999,2025-07-25 23:59:59.999999999,426,29.126,0.5,2.846,86.829,19,18,4,0,0,0,0,False,WINDOW_QUALITY_OK,6.0,8.0,2.0,2.06,0.7598,0.0446,0.2402,33.0,100.0,67.0,83.5,98.0,100.0,0.0,0.0,0.9446,0.9099,0.6378,53,66,27,57510.0,57480.0,57480.0,57510.0,30.0,2,0,0.0,,,100.84,100.79,0,0,0,0,0,0,0,0,0,0,0,0,0,0,0,0.0,0,0,0,,0.0,,,0.0,0,0,0,,0.0,,2025-07-25 23:59:59.999999999,2025-05-28 12:20:43,2025-07-25 12:23:41,58.486,False,57520.0,2025-06-09 10:45:06,5.0,46.552,3.0,False,57480.0,2025-07-18 08:24:13,8.0,7.65,0.0,False,3,20.0,True,0,0,0,0,0,0,0,0,0,0,0,0,0,0,0,0,0,0,0.0,0,0.0,-0.0,-0.0,46.552,3.0,0,0,0,-0.0,5,AC_BOUND,STATEFUL_REVIEW_DATA_QUALITY,WINDOW_MICRO_WOBBLE_ONLY,ACTION_COLLECT_MORE_DATA_OR_MANUAL_REVIEW,low,1,data_quality_or_history_review,micro_wobble,days_eff=47 days_any=8 cyc_eff=3 hq_nr=0 total_nr=0 cens=0 lg_opp=0 opp=0 norm_anom=-0.00 conf_p=1 micro_only=True cluster=AC_BOUND,No user-facing action; collecting more data.,Data-quality/history review outranks action (would_have_been=NONE). Collect more data or manual review.,NONE,False,False,True,False,False,True,False,False,0,2026-06-08T10:02:59Z,rolling30-v2.0,30,1,abs_ge_50mWh
DLOMIS-PF58PBCR_dlomis,2025-07-23,2025-06-23 23:59:59.999999999,2025-07-23 23:59:59.999999999,428,29.143,0.5,2.772,86.829,19,18,4,0,0,0,0,False,WINDOW_QUALITY_OK,6.0,8.0,2.0,2.059,0.7432,0.0524,0.2568,33.0,100.0,67.0,82.0,98.0,100.0,0.0,0.0,0.928,0.8912,0.627,53,68,27,57510.0,57480.0,57480.0,57510.0,30.0,2,0,0.0,,,100.84,100.79,0,0,0,0,0,0,0,0,0,0,0,0,0,0,0,0.0,0,0,0,,0.0,,,0.0,0,0,0,,0.0,,2025-07-23 23:59:59.999999999,2025-05-28 12:20:43,2025-07-23 12:41:28,56.486,False,57520.0,2025-06-09 10:45:06,5.0,44.552,3.0,False,57480.0,2025-07-18 08:24:13,8.0,5.65,0.0,False,3,20.0,True,0,0,0,0,0,0,0,0,0,0,0,0,0,0,0,0,0,0,0.0,0,0.0,-0.0,-0.0,44.552,3.0,0,0,0,-0.0,5,AC_BOUND,STATEFUL_REVIEW_DATA_QUALITY,WINDOW_MICRO_WOBBLE_ONLY,ACTION_COLLECT_MORE_DATA_OR_MANUAL_REVIEW,low,1,data_quality_or_history_review,micro_wobble,days_eff=45 days_any=6 cyc_eff=3 hq_nr=0 total_nr=0 cens=0 lg_opp=0 opp=0 norm_anom=-0.00 conf_p=1 micro_only=True cluster=AC_BOUND,No user-facing action; collecting more data.,Data-quality/history review outranks action (would_have_been=NONE). Collect more data or manual review.,NONE,False,False,True,False,False,True,False,False,0,2026-06-08T10:02:59Z,rolling30-v2.0,30,1,abs_ge_50mWh
DONGQZ-PF4RM5MZ_dongqz,2025-03-21,2025-02-19 23:59:59.999999999,2025-03-21 23:59:59.999999999,16,11.0,7.644,64.721,121.233,8,7,3,0,0,0,0,False,WINDOW_QUALITY_SHORT_OBS,33.0,34.0,1.0,2.727,0.3681,0.265,0.6319,29.0,98.0,69.0,29.0,68.0,98.0,0.0,0.0,0.4258,0.3227,0.2061,2,3,1,61250.0,61200.0,61200.0,61250.0,50.0,1,1,50.0,2025-03-11 22:02:06,34.0,107.4,107.31,0,0,0,0,0,0,0,0,0,0,0,0,0,0,0,0.0,0,0,0,,0.0,,,0.0,0,0,0,,0.0,,2025-03-21 23:59:59.999999999,2024-02-05 11:36:40,2025-03-21 15:32:32,410.516,True,61200.0,2025-03-11 22:02:06,34.0,10.082,0.0,True,61200.0,2025-03-11 22:02:06,34.0,10.082,0.0,True,0,0.0,False,0,0,0,0,0,0,0,0,0,0,0,0,0,0,0,0,0,0,0.0,0,0.0,-0.0,-0.0,10.082,0.0,0,0,0,-0.0,-1,SPARSE_OR_GAPPY,STATEFUL_REVIEW_DATA_QUALITY,WINDOW_DATA_QUALITY_REVIEW,ACTION_COLLECT_MORE_DATA_OR_MANUAL_REVIEW,low,1,data_quality_or_history_review,,days_eff=10 days_any=10 cyc_eff=0 hq_nr=0 total_nr=0 cens=0 lg_opp=0 opp=0 norm_anom=-0.00 conf_p=1 micro_only=False cluster=SPARSE_OR_GAPPY,No user-facing action; collecting more data.,Data-quality/history review outranks action (would_have_been=NONE). Collect more data or manual review.,NONE,False,False,False,False,False,False,True,False,0,2026-06-08T10:02:59Z,rolling30-v2.0,30,1,abs_ge_50mWh
DONGQZ-PF505XME_dongqz,2024-12-19,2024-11-19 23:59:59.999999999,2024-12-19 23:59:59.999999999,518,29.375,0.5,5.628,55.198,23,11,4,0,0,0,0,False,WINDOW_QUALITY_OK,10.0,14.0,4.0,4.085,0.8911,0.1011,0.1089,0.0,100.0,100.0,74.85,100.0,100.0,0.0078,0.0141,0.9295,0.9086,0.8332,50,68,25,58650.0,59190.0,58610.0,59190.0,580.0,5,1,580.0,2024-12-11 08:27:56,14.0,102.89,103.84,0,1,0,0,1,0,1,0,0,1,0,1,0,0,1,0.0,0,0,0,,0.0,,,0.0,0,0,0,,0.0,,2024-12-19 23:59:59.999999999,2024-10-10 15:19:09,2024-12-19 17:02:35,70.362,True,59190.0,2024-12-11 08:27:56,14.0,8.647,0.0,True,59190.0,2024-12-11 08:27:56,14.0,8.647,0.0,True,0,0.0,False,0,0,0,0,0,0,0,0,0,0,0,0,0,0,0,0,0,0,0.0,0,0.0,-0.0,-0.0,8.647,0.0,0,0,0,-0.0,4,MOBILE_DEEP_CYCLE,STATEFUL_NORMAL_RESPONDING,WINDOW_NORMAL_RESPONDING,ACTION_NONE,high,9,responding_or_no_concern,,days_eff=9 days_any=9 cyc_eff=0 hq_nr=0 total_nr=0 cens=0 lg_opp=0 opp=0 norm_anom=-0.00 conf_p=1 micro_only=False cluster=MOBILE_DEEP_CYCLE,No action needed.,Responding normally; no concern.,,False,False,False,False,False,False,False,False,0,2026-06-08T10:02:59Z,rolling30-v2.0,30,1,abs_ge_50mWh
DONGQZ-PF5HTSGV_dongqz,2026-05-27,2026-04-27 23:59:59.999999999,2026-05-27 23:59:59.999999999,316,19.099,0.5,4.255,50.999,13,7,3,0,0,0,0,False,WINDOW_QUALITY_OK,36.0,40.0,4.0,6.283,0.8367,0.1049,0.1633,0.0,100.0,100.0,66.0,99.0,100.0,0.002,0.002,0.9364,0.8687,0.7552,56,71,28,53840.0,52580.0,52580.0,53840.0,1260.0,6,2,570.0,2026-05-19 09:08:41,40.0,92.83,90.66,0,1,0,0,1,0,1,0,0,1,0,1,0,0,1,0.0,0,0,0,,0.0,,,0.0,0,0,0,,0.0,,2026-05-27 23:59:59.999999999,2025-05-28 13:25:30,2026-05-27 12:39:02,364.441,True,52580.0,2026-05-19 09:08:41,40.0,8.619,0.0,True,52580.0,2026-05-19 09:08:41,40.0,8.619,0.0,True,0,0.0,False,0,0,0,0,0,0,0,0,0,0,0,0,0,0,0,0,0,0,0.0,0,0.0,-0.0,-0.0,8.619,0.0,0,0,0,-0.0,4,MOBILE_DEEP_CYCLE,STATEFUL_NORMAL_RESPONDING,WINDOW_NORMAL_RESPONDING,ACTION_NONE,high,9,responding_or_no_concern,,days_eff=9 days_any=9 cyc_eff=0 hq_nr=0 total_nr=0 cens=0 lg_opp=0 opp=0 norm_anom=-0.00 conf_p=1 micro_only=False cluster=MOBILE_DEEP_CYCLE,No action needed.,Responding normally; no concern.,,False,False,False,False,False,False,False,False,0,2026-06-08T10:02:59Z,rolling30-v2.0,30,1,abs_ge_50mWh
DONGQZ-PF6229ZN_dongqz,2026-04-01,2026-03-02 23:59:59.999999999,2026-04-01 23:59:59.999999999,581,29.207,0.5,4.924,47.358,29,9,2,0,0,0,0,False,WINDOW_QUALITY_OK,16.0,25.0,9.0,9.244,0.7608,0.1567,0.2392,2.0,100.0,98.0,61.0,98.0,100.0,0.0013,0.0027,0.8464,0.756,0.6741,110,151,55,58930.0,57690.0,57180.0,59320.0,2140.0,12,3,2110.0,2026-03-17 12:08:27,21.0,101.6,99.47,0,1,0,0,1,0,1,0,0,1,0,1,0,0,1,0.0,0,0,0,,0.0,,,0.0,0,0,0,,0.0,,2026-04-01 23:59:59.999999999,2026-01-20 13:50:00,2026-04-01 13:14:11,71.424,True,57740.0,2026-03-17 12:08:27,21.0,15.494,4.0,True,57690.0,2026-03-29 22:38:02,25.0,3.057,0.0,True,4,20.0,True,0,0,0,0,0,0,0,0,0,0,0,0,0,0,0,0,0,0,0.0,0,0.0,-0.0,-0.0,15.494,4.0,0,0,0,-0.0,4,MOBILE_DEEP_CYCLE,STATEFUL_NORMAL_RESPONDING,WINDOW_NORMAL_RESPONDING,ACTION_NONE,high,9,responding_or_no_concern,micro_wobble,days_eff=15 days_any=3 cyc_eff=4 hq_nr=0 total_nr=0 cens=0 lg_opp=0 opp=0 norm_anom=-0.00 conf_p=1 micro_only=True cluster=MOBILE_DEEP_CYCLE,No action needed.,Responding normally; no concern.,,False,False,True,False,False,False,False,False,0,2026-06-08T10:02:59Z,rolling30-v2.0,30,1,abs_ge_50mWh
DONGQZ-PF66VXBZ_dongqz,2026-05-04,2026-04-04 23:59:59.999999999,2026-05-04 23:59:59.999999999,454,29.517,0.5,9.44,43.937,29,11,4,0,0,0,0,False,WINDOW_QUALITY_OK,2.0,7.0,5.0,5.082,0.7927,0.109,0.2073,18.0,100.0,82.0,74.0,98.0,100.0,0.0,0.0058,0.9503,0.8717,0.7898,93,119,47,58030.0,57970.0,57970.0,58030.0,60.0,5,0,0.0,,,100.05,99.95,0,1,0,0,1,0,0,0,0,0,0,0,0,0,0,0.0,0,0,0,,0.0,,,0.0,0,0,0,,0.0,,2026-05-04 23:59:59.999999999,2026-04-01 16:15:07,2026-05-04 14:07:56,33.323,False,58030.0,2026-04-01 16:15:07,1.0,33.323,6.0,False,57970.0,2026-04-29 19:35:02,7.0,5.184,0.0,False,5,20.0,True,0,0,1,0,0,0,0,0,0,0,0,0,0,0,0,0,1,0,0.0,0,0.0,-0.0,-0.0,33.323,6.0,0,0,0,-0.0,4,MOBILE_DEEP_CYCLE,STATEFUL_REVIEW_DATA_QUALITY,WINDOW_MICRO_WOBBLE_ONLY,ACTION_COLLECT_MORE_DATA_OR_MANUAL_REVIEW,low,1,data_quality_or_history_review,micro_wobble;large_gap_dominant,days_eff=33 days_any=5 cyc_eff=6 hq_nr=0 total_nr=0 cens=0 lg_opp=1 opp=1 norm_anom=-0.00 conf_p=1 micro_only=True cluster=MOBILE_DEEP_CYCLE,No user-facing action; collecting more data.,Data-quality/history review outranks action (would_have_been=NONE). Collect more data or manual review.,NONE,False,False,True,True,False,True,False,False,0,2026-06-08T10:02:59Z,rolling30-v2.0,30,1,abs_ge_50mWh
DONGQZ-PW0B15P6_dongqz,2024-06-21,2024-05-22 23:59:59.999999999,2024-06-21 23:59:59.999999999,765,15.209,0.007,0.698,112.276,10,7,2,0,0,0,0,False,WINDOW_QUALITY_OK,5.0,7.0,2.0,3.945,0.7595,0.0977,0.2405,14.0,100.0,86.0,21.0,69.0,100.0,0.0,0.0042,0.9567,0.873,0.7846,339,350,170,90010.0,90530.0,89980.0,90530.0,550.0,3,1,550.0,2024-06-09 11:18:44,7.0,100.01,100.59,0,0,0,0,0,0,0,0,0,0,0,0,0,0,0,0.0,0,0,0,,0.0,,,0.0,0,0,0,,0.0,,2024-06-21 23:59:59.999999999,2024-06-06 08:22:16,2024-06-21 13:22:57,15.651,False,90530.0,2024-06-09 11:18:44,7.0,12.529,0.0,False,90530.0,2024-06-09 11:18:44,7.0,12.529,0.0,False,0,0.0,False,0,0,0,0,0,0,0,0,0,0,0,0,0,0,0,0,0,0,0.0,0,0.0,-0.0,-0.0,12.529,0.0,0,0,0,-0.0,3,AC_BOUND,STATEFUL_REVIEW_DATA_QUALITY,WINDOW_NORMAL_RESPONDING,ACTION_COLLECT_MORE_DATA_OR_MANUAL_REVIEW,low,1,data_quality_or_history_review,,days_eff=13 days_any=13 cyc_eff=0 hq_nr=0 total_nr=0 cens=0 lg_opp=0 opp=0 norm_anom=-0.00 conf_p=1 micro_only=False cluster=AC_BOUND,No user-facing action; collecting more data.,Data-quality/history review outranks action (would_have_been=NONE). Collect more data or manual review.,NONE,False,False,False,False,False,True,False,False,0,2026-06-08T10:02:59Z,rolling30-v2.0,30,1,abs_ge_50mWh
DRICKARD-5GLCFY_drickard,2025-12-17,2025-11-17 23:59:59.999999999,2025-12-17 23:59:59.999999999,503,29.332,0.5,1.705,60.013,19,12,7,0,0,0,0,False,WINDOW_QUALITY_OK,29.0,32.0,3.0,3.068,0.9131,0.0331,0.0869,2.0,100.0,98.0,47.1,98.0,100.0,0.0057,0.0171,0.919,0.8977,0.7975,10,16,5,52870.0,52260.0,52260.0,52870.0,610.0,4,1,560.0,2025-12-05 09:43:05,31.0,96.57,95.45,0,2,0,0,2,0,2,0,0,2,0,1,0,0,1,0.0,0,0,0,,0.0,,,0.0,0,0,0,,0.0,,2025-12-17 23:59:59.999999999,2025-05-28 14:46:22,2025-12-17 15:06:50,203.384,True,52280.0,2025-12-05 09:43:05,31.0,12.595,1.0,True,52260.0,2025-12-08 08:59:27,32.0,9.625,0.0,True,1,20.0,True,0,0,1,0,0,0,0,0,0,0,0,0,0,0,0,0,1,0,0.0,0,0.0,-0.0,-0.0,12.595,1.0,0,0,0,-0.0,4,MOBILE_DEEP_CYCLE,STATEFUL_WATCH_LARGE_GAP_OR_CENSORED,WINDOW_NORMAL_RESPONDING,ACTION_MONITOR_NEXT_WINDOW,low,7,large_gap_or_censored_dominant,micro_wobble;large_gap_dominant,days_eff=13 days_any=10 cyc_eff=1 hq_nr=0 total_nr=0 cens=0 lg_opp=1 opp=1 norm_anom=-0.00 conf_p=1 micro_only=True cluster=MOBILE_DEEP_CYCLE,No user-facing action; monitoring.,Ambiguous/weak evidence (12d since effective change); monitor next window.,,False,False,True,True,False,False,False,False,0,2026-06-08T10:02:59Z,rolling30-v2.0,30,1,abs_ge_50mWh
DRUBRIGHT-320B9_drubright,2026-03-05,2026-02-03 23:59:59.999999999,2026-03-05 23:59:59.999999999,553,28.998,0.5,7.49,38.448,29,10,1,0,0,0,0,False,WINDOW_QUALITY_OK,8.0,23.0,15.0,15.518,0.585,0.1646,0.415,7.0,100.0,93.0,35.0,95.0,100.0,0.0003,0.0003,0.6478,0.5357,0.4534,92,124,46,57970.0,56140.0,56140.0,57970.0,1830.0,16,1,1660.0,2026-02-27 20:31:32,21.0,99.95,96.79,0,1,0,0,1,0,1,0,0,1,0,1,0,0,1,0.0,0,0,0,,0.0,,,0.0,0,0,0,,0.0,,2026-03-05 23:59:59.999999999,2026-01-14 11:12:24,2026-03-05 07:57:59,50.533,False,56160.0,2026-02-27 20:31:32,21.0,6.145,2.0,False,56140.0,2026-03-04 10:10:45,23.0,1.576,0.0,False,2,10.0,True,0,0,0,0,0,0,0,0,0,0,0,0,0,0,0,0,0,0,0.0,0,0.0,-0.0,-0.0,6.145,2.0,0,0,0,-0.0,4,MOBILE_DEEP_CYCLE,STATEFUL_REVIEW_DATA_QUALITY,WINDOW_NORMAL_RESPONDING,ACTION_COLLECT_MORE_DATA_OR_MANUAL_REVIEW,low,1,data_quality_or_history_review,micro_wobble,days_eff=6 days_any=2 cyc_eff=2 hq_nr=0 total_nr=0 cens=0 lg_opp=0 opp=0 norm_anom=-0.00 conf_p=1 micro_only=True cluster=MOBILE_DEEP_CYCLE,No user-facing action; collecting more data.,Data-quality/history review outranks action (would_have_been=NONE). Collect more data or manual review.,NONE,False,False,True,False,False,True,False,False,0,2026-06-08T10:02:59Z,rolling30-v2.0,30,1,abs_ge_50mWh
DRUBRIGHT-DPJ32_drubright,2025-05-27,2025-04-27 23:59:59.999999999,2025-05-27 23:59:59.999999999,702,29.583,0.5,4.476,27.759,29,8,1,0,0,0,0,False,WINDOW_QUALITY_OK,52.0,69.0,17.0,17.24,0.509,0.1886,0.491,21.0,100.0,79.0,47.1,97.0,100.0,0.0,0.0,0.7025,0.6078,0.4847,116,192,58,52760.0,50080.0,49900.0,53430.0,3530.0,25,9,2110.0,2025-05-26 14:44:11,69.0,95.75,90.89,0,0,0,0,0,0,0,0,0,0,0,0,0,0,0,0.0,0,0,0,,0.0,,,0.0,0,0,0,,0.0,,2025-05-27 23:59:59.999999999,2025-01-07 13:53:42,2025-05-27 21:41:54,140.421,True,50080.0,2025-05-26 14:44:11,69.0,1.386,0.0,True,50080.0,2025-05-26 14:44:11,69.0,1.386,0.0,True,0,0.0,False,0,0,0,0,0,0,0,0,0,0,0,0,0,0,0,0,0,0,0.0,0,0.0,-0.0,-0.0,1.386,0.0,0,0,0,-0.0,4,MOBILE_DEEP_CYCLE,STATEFUL_NORMAL_RESPONDING,WINDOW_NORMAL_RESPONDING,ACTION_NONE,high,9,responding_or_no_concern,,days_eff=1 days_any=1 cyc_eff=0 hq_nr=0 total_nr=0 cens=0 lg_opp=0 opp=0 norm_anom=-0.00 conf_p=1 micro_only=False cluster=MOBILE_DEEP_CYCLE,No action needed.,Responding normally; no concern.,,False,False,False,False,False,False,False,False,0,2026-06-08T10:02:59Z,rolling30-v2.0,30,1,abs_ge_50mWh
DRUBRIGHT-EHFA6_drubright,2024-02-11,2024-01-12 23:59:59.999999999,2024-02-11 23:59:59.999999999,8,5.86,0.191,78.17,90.338,2,2,2,0,0,0,0,False,WINDOW_QUALITY_SHORT_OBS,62.0,62.0,0.0,0.0,0.0,0.0,1.0,33.0,60.0,27.0,35.1,44.5,60.0,0.0,0.0,0.0,0.0,0.0,0,0,1,46330.0,46330.0,46330.0,46330.0,0.0,0,0,0.0,,,84.7,84.7,0,0,0,0,0,0,0,0,0,0,0,0,0,0,0,0.0,0,0,0,,0.0,,,0.0,0,0,0,,0.0,,2024-02-11 23:59:59.999999999,2023-09-07 10:53:24,2024-02-11 11:00:09,157.546,True,46420.0,2023-12-11 10:19:00,59.0,62.57,3.0,False,46330.0,2023-12-15 11:32:33,62.0,58.519,0.0,True,3,30.0,True,1,0,0,1,0,1,0,0,0,0,0,0,0,0,1,0,0,0,0.3841,0,-0.48464,0.2105,0.2105,62.57,3.0,1,0,0,0.2105,-1,SPARSE_OR_GAPPY,STATEFUL_REVIEW_DATA_QUALITY,WINDOW_DATA_QUALITY_REVIEW,ACTION_COLLECT_MORE_DATA_OR_MANUAL_REVIEW,low,1,data_quality_or_history_review,fw_like;micro_wobble,days_eff=63 days_any=59 cyc_eff=3 hq_nr=1 total_nr=1 cens=0 lg_opp=0 opp=1 norm_anom=0.21 conf_p=1 micro_only=True cluster=SPARSE_OR_GAPPY,No user-facing action; collecting more data.,Data-quality/history review outranks action (would_have_been=FW_WATCH_LIKE). Collect more data or manual review.,FW_WATCH_LIKE,True,False,True,False,False,False,True,False,0,2026-06-08T10:02:59Z,rolling30-v2.0,30,1,abs_ge_50mWh
DRUBRIGHT-FSTTJ_drubright,2026-05-27,2026-04-27 23:59:59.999999999,2026-05-27 23:59:59.999999999,564,29.519,0.5,7.07,30.926,34,8,3,0,0,0,0,False,WINDOW_QUALITY_OK,107.0,124.0,17.0,17.277,0.4712,0.1745,0.5288,2.0,100.0,98.0,27.0,92.0,100.0,0.0249,0.0388,0.5821,0.4752,0.42,104,141,53,50670.0,47300.0,47300.0,51360.0,4060.0,21,5,3160.0,2026-05-20 21:00:41,121.0,88.89,82.98,0,4,0,0,4,0,4,0,0,4,0,4,0,0,4,0.0,0,0,0,,0.0,,,0.0,0,0,0,,0.0,,2026-05-27 23:59:59.999999999,2025-06-11 14:08:58,2026-05-27 19:26:33,350.41,True,47340.0,2026-05-20 21:00:41,121.0,7.125,3.0,True,47300.0,2026-05-27 11:24:19,124.0,0.525,0.0,True,3,20.0,True,0,1,0,0,0,0,1,0,1,0,0,0,0,1,0,1,0,0,0.0,0,0.0,-0.0,-0.0,7.125,3.0,0,0,0,-0.0,4,MOBILE_DEEP_CYCLE,STATEFUL_WATCH_LARGE_GAP_OR_CENSORED,WINDOW_NORMAL_RESPONDING,ACTION_MONITOR_NEXT_WINDOW,low,7,large_gap_or_censored_dominant,micro_wobble;censored_dominant,days_eff=7 days_any=1 cyc_eff=3 hq_nr=0 total_nr=0 cens=1 lg_opp=0 opp=2 norm_anom=-0.00 conf_p=1 micro_only=True cluster=MOBILE_DEEP_CYCLE,No user-facing action; monitoring.,Ambiguous/weak evidence (7d since effective change); monitor next window.,,False,False,True,False,True,False,False,False,0,2026-06-08T10:02:59Z,rolling30-v2.0,30,1,abs_ge_50mWh
DRUBRIGHT-N1GRS_drubright,2024-01-04,2023-12-05 23:59:59.999999999,2024-01-04 23:59:59.999999999,356,19.99,0.5,5.017,58.847,11,7,2,0,0,0,0,False,WINDOW_QUALITY_OK,2.0,7.0,5.0,7.504,0.6783,0.0891,0.3217,18.0,100.0,82.0,53.0,98.0,100.0,0.0,0.0122,0.7849,0.7164,0.6651,38,51,19,61110.0,60430.0,60430.0,61110.0,680.0,6,1,620.0,2023-12-20 08:06:45,4.0,107.15,105.96,1,1,1,0,2,0,0,0,0,0,0,0,0,0,0,0.4303,0,1,1,0.569677,0.2444,0.74929,0.76293,0.2642,0,1,1,0.735849,0.1332,0.66947,2024-01-04 23:59:59.999999999,2023-12-15 13:06:55,2024-01-04 12:53:00,20.454,False,60470.0,2023-12-20 08:06:45,4.0,15.662,3.0,False,60430.0,2023-12-24 08:24:03,7.0,11.65,0.0,False,3,20.0,True,1,0,0,1,0,1,0,0,0,0,0,0,0,0,1,0,0,0,0.4303,0,-0.56269,0.2444,0.2444,15.662,3.0,1,0,0,0.2444,4,MOBILE_DEEP_CYCLE,STATEFUL_REVIEW_DATA_QUALITY,WINDOW_NORMAL_RESPONDING,ACTION_COLLECT_MORE_DATA_OR_MANUAL_REVIEW,low,1,data_quality_or_history_review,fw_like;micro_wobble,days_eff=16 days_any=12 cyc_eff=3 hq_nr=1 total_nr=1 cens=0 lg_opp=0 opp=1 norm_anom=0.24 conf_p=0.749 micro_only=True cluster=MOBILE_DEEP_CYCLE,No user-facing action; collecting more data.,Data-quality/history review outranks action (would_have_been=FW_WATCH_LIKE). Collect more data or manual review.,FW_WATCH_LIKE,True,False,True,False,False,True,False,False,0,2026-06-08T10:02:59Z,rolling30-v2.0,30,1,abs_ge_50mWh
DRUBRIGHT-NXE61_drubright,2025-12-08,2025-11-08 23:59:59.999999999,2025-12-08 23:59:59.999999999,2,0.0,0.007,0.007,0.007,0,0,0,0,0,0,0,False,WINDOW_QUALITY_SHORT_OBS,76.0,76.0,0.0,0.0,1.0,1.0,0.0,6.0,6.0,0.0,6.0,6.0,6.0,1.0,1.0,0.0,0.0,0.0,0,0,0,54990.0,54990.0,54990.0,54990.0,0.0,0,0,0.0,,,96.42,96.42,0,0,0,0,0,0,0,0,0,0,0,0,0,0,0,0.0,0,0,0,,0.0,,,0.0,0,0,0,,0.0,,2025-12-08 23:59:59.999999999,2024-01-12 12:38:00,2025-12-08 15:46:31,696.474,True,55000.0,2025-07-22 13:35:16,75.0,139.434,1.0,False,54990.0,2025-07-23 09:55:27,76.0,138.586,0.0,False,1,10.0,True,0,0,1,0,0,0,0,0,0,1,0,0,0,0,0,0,1,0,0.0,0,0.0,-0.0,-0.0,139.434,1.0,0,0,0,-0.0,-1,SPARSE_OR_GAPPY,STATEFUL_REVIEW_DATA_QUALITY,WINDOW_DATA_QUALITY_REVIEW,ACTION_COLLECT_MORE_DATA_OR_MANUAL_REVIEW,low,1,data_quality_or_history_review,micro_wobble;large_gap_dominant,days_eff=139 days_any=139 cyc_eff=1 hq_nr=0 total_nr=0 cens=0 lg_opp=1 opp=2 norm_anom=-0.00 conf_p=1 micro_only=True cluster=SPARSE_OR_GAPPY,No user-facing action; collecting more data.,Data-quality/history review outranks action (would_have_been=NONE). Collect more data or manual review.,NONE,False,False,True,True,False,False,True,False,0,2026-06-08T10:02:59Z,rolling30-v2.0,30,1,abs_ge_50mWh
DSABOGAL-66ZRAR_dsabogal,2026-05-25,2026-04-25 23:59:59.999999999,2026-05-25 23:59:59.999999999,498,14.26,0.5,0.658,45.054,4,3,1,0,0,0,0,False,WINDOW_QUALITY_OK,2.0,4.0,2.0,4.208,0.9372,0.037,0.0628,47.0,100.0,53.0,92.0,99.0,100.0,0.0,0.0,0.9902,0.9738,0.954,32,48,16,58030.0,58020.0,58020.0,58030.0,10.0,1,0,0.0,,,100.05,100.03,0,0,0,0,0,0,0,0,0,0,0,0,0,0,0,0.0,0,0,0,,0.0,,,0.0,0,0,0,,0.0,,2026-05-25 23:59:59.999999999,2026-05-11 09:52:38,2026-05-25 16:06:53,14.588,False,58030.0,2026-05-11 09:52:38,2.0,14.588,2.0,False,58020.0,2026-05-20 17:35:35,4.0,5.267,0.0,False,1,10.0,True,0,0,0,0,0,0,0,0,0,0,0,0,0,0,0,0,0,0,0.0,0,0.0,-0.0,-0.0,14.588,2.0,0,0,0,-0.0,5,AC_BOUND,STATEFUL_REVIEW_DATA_QUALITY,WINDOW_MICRO_WOBBLE_ONLY,ACTION_COLLECT_MORE_DATA_OR_MANUAL_REVIEW,low,1,data_quality_or_history_review,micro_wobble,days_eff=15 days_any=5 cyc_eff=2 hq_nr=0 total_nr=0 cens=0 lg_opp=0 opp=0 norm_anom=-0.00 conf_p=1 micro_only=True cluster=AC_BOUND,No user-facing action; collecting more data.,Data-quality/history review outranks action (would_have_been=NONE). Collect more data or manual review.,NONE,False,False,True,False,False,True,False,False,0,2026-06-08T10:02:59Z,rolling30-v2.0,30,1,abs_ge_50mWh
DSMITH3-F66KH2F_dsmith3,2026-06-01,2026-05-02 23:59:59.999999999,2026-06-01 23:59:59.999999999,267,26.901,0.5,11.127,122.948,18,5,4,0,0,0,0,False,WINDOW_QUALITY_OK,1.0,4.0,3.0,3.346,0.5931,0.1005,0.4069,24.0,100.0,76.0,65.2,100.0,100.0,0.0,0.0,0.9002,0.6988,0.6922,32,46,16,75010.0,75000.0,75000.0,75010.0,10.0,1,0,0.0,,,100.01,100.0,0,0,0,0,0,0,0,0,0,0,0,0,0,0,0,0.0,0,0,0,,0.0,,,0.0,0,0,0,,0.0,,2026-06-01 23:59:59.999999999,2026-05-05 14:16:25,2026-06-01 11:54:11,27.405,False,75010.0,2026-05-05 14:16:25,1.0,27.405,3.0,False,75000.0,2026-05-29 13:15:13,4.0,3.448,0.0,False,1,10.0,True,0,0,0,0,0,0,0,0,0,0,0,0,0,0,0,0,0,0,0.0,0,0.0,-0.0,-0.0,27.405,3.0,0,0,0,-0.0,5,AC_BOUND,STATEFUL_REVIEW_DATA_QUALITY,WINDOW_MICRO_WOBBLE_ONLY,ACTION_COLLECT_MORE_DATA_OR_MANUAL_REVIEW,low,1,data_quality_or_history_review,micro_wobble,days_eff=27 days_any=3 cyc_eff=3 hq_nr=0 total_nr=0 cens=0 lg_opp=0 opp=0 norm_anom=-0.00 conf_p=1 micro_only=True cluster=AC_BOUND,No user-facing action; collecting more data.,Data-quality/history review outranks action (would_have_been=NONE). Collect more data or manual review.,NONE,False,False,True,False,False,True,False,False,0,2026-06-08T10:02:59Z,rolling30-v2.0,30,1,abs_ge_50mWh
DWATTS-PF5C6AV8_dwatts,2026-05-02,2026-04-02 23:59:59.999999999,2026-05-02 23:59:59.999999999,36,6.747,0.5,0.662,147.776,1,1,1,0,0,0,0,False,WINDOW_QUALITY_SHORT_OBS,66.0,67.0,1.0,4.446,0.9978,0.1607,0.0022,48.0,100.0,52.0,74.25,100.0,100.0,0.0,0.0,0.9241,0.9241,0.9241,1,2,1,50700.0,50680.0,50680.0,50700.0,20.0,1,0,0.0,,,88.9,88.87,0,0,0,0,0,0,0,0,0,0,0,0,0,0,0,0.0,0,0,0,,0.0,,,0.0,0,0,0,,0.0,,2026-05-02 23:59:59.999999999,2025-01-28 15:44:19,2026-05-02 13:18:40,459.344,True,50940.0,2025-09-11 18:54:44,45.0,233.212,22.0,False,50680.0,2026-04-25 20:06:25,67.0,7.162,0.0,True,22,20.0,True,0,0,0,0,0,0,0,0,0,0,0,0,0,0,0,0,0,0,0.0,0,0.0,-0.0,-0.0,233.212,22.0,0,0,0,-0.0,-1,SPARSE_OR_GAPPY,STATEFUL_REVIEW_DATA_QUALITY,WINDOW_DATA_QUALITY_REVIEW,ACTION_COLLECT_MORE_DATA_OR_MANUAL_REVIEW,low,1,data_quality_or_history_review,micro_wobble,days_eff=233 days_any=7 cyc_eff=22 hq_nr=0 total_nr=0 cens=0 lg_opp=0 opp=0 norm_anom=-0.00 conf_p=1 micro_only=True cluster=SPARSE_OR_GAPPY,No user-facing action; collecting more data.,Data-quality/history review outranks action (would_have_been=NONE). Collect more data or manual review.,NONE,False,False,True,False,False,False,True,False,0,2026-06-08T10:02:59Z,rolling30-v2.0,30,1,abs_ge_50mWh
DWATTS-PF627DJB_dwatts,2026-04-24,2026-03-25 23:59:59.999999999,2026-04-24 23:59:59.999999999,1434,29.558,0.5,0.5,7.28,1,0,0,0,0,0,0,False,WINDOW_QUALITY_OK,12.0,16.0,4.0,4.06,0.9275,0.048,0.0725,37.0,100.0,63.0,88.0,97.0,100.0,0.0,0.0,0.9693,0.9508,0.8892,74,94,37,59910.0,59860.0,59860.0,59910.0,50.0,4,0,0.0,,,99.85,99.77,0,0,0,0,0,0,0,0,0,0,0,0,0,0,0,0.0,0,0,0,,0.0,,,0.0,0,0,0,,0.0,,2026-04-24 23:59:59.999999999,2026-01-30 11:50:23,2026-04-24 13:30:53,84.507,True,60000.0,2026-01-30 11:50:23,1.0,84.507,15.0,False,59860.0,2026-04-13 20:22:30,16.0,11.151,0.0,True,12,20.0,True,0,1,0,0,1,1,0,0,1,0,0,1,1,0,0,0,0,0,0.3144,0,-0.3775,0.1639,0.1639,84.507,15.0,1,1,0,0.1639,5,AC_BOUND,STATEFUL_FW_WATCH_HIGH_ANOMALY,WINDOW_MICRO_WOBBLE_ONLY,ACTION_FW_ENGINEERING_REVIEW,medium,4,fw_like_no_response_core_requirement_short,fw_like;micro_wobble,days_eff=85 days_any=11 cyc_eff=15 hq_nr=0 total_nr=1 cens=0 lg_opp=0 opp=2 norm_anom=0.16 conf_p=1 micro_only=True cluster=AC_BOUND,No user-facing action; monitoring.,"FW-like no-response signal but a core requirement is short (staleness/cycles/quality). Monitor and add to FW engineering queue. normative anomaly 0.16, 1 no_response since last effective change (84d ago).",,True,False,True,False,False,False,False,False,0,2026-06-08T10:02:59Z,rolling30-v2.0,30,1,abs_ge_50mWh
DWATTS-PF668VNV_dwatts,2026-05-26,2026-04-26 23:59:59.999999999,2026-05-26 23:59:59.999999999,1140,27.406,0.5,0.5,22.804,9,2,0,0,0,0,0,False,WINDOW_QUALITY_OK,0.0,5.0,5.0,5.473,0.8668,0.0611,0.1332,34.0,100.0,66.0,77.0,99.0,100.0,0.0,0.0,0.9,0.8614,0.7934,60,76,30,54760.0,55550.0,54760.0,55610.0,850.0,6,2,540.0,2026-05-02 23:08:23,1.0,100.11,101.55,0,0,0,0,0,0,0,0,0,0,0,0,0,0,0,0.0,0,0,0,,0.0,,,0.0,0,0,0,,0.0,,2026-05-26 23:59:59.999999999,2026-04-29 11:20:37,2026-05-26 21:05:30,27.527,False,55610.0,2026-05-02 23:08:23,1.0,24.036,4.0,False,55550.0,2026-05-24 22:18:21,5.0,2.071,0.0,False,4,20.0,True,0,0,0,0,0,0,0,0,0,0,0,0,0,0,0,0,0,0,0.0,0,0.0,-0.0,-0.0,24.036,4.0,0,0,0,-0.0,5,AC_BOUND,STATEFUL_REVIEW_DATA_QUALITY,WINDOW_NORMAL_RESPONDING,ACTION_COLLECT_MORE_DATA_OR_MANUAL_REVIEW,low,1,data_quality_or_history_review,micro_wobble,days_eff=24 days_any=2 cyc_eff=4 hq_nr=0 total_nr=0 cens=0 lg_opp=0 opp=0 norm_anom=-0.00 conf_p=1 micro_only=True cluster=AC_BOUND,No user-facing action; collecting more data.,Data-quality/history review outranks action (would_have_been=NONE). Collect more data or manual review.,NONE,False,False,True,False,False,True,False,False,0,2026-06-08T10:02:59Z,rolling30-v2.0,30,1,abs_ge_50mWh
E14_test,2026-03-24,2026-02-22 23:59:59.999999999,2026-03-24 23:59:59.999999999,10,21.804,0.5,309.213,502.826,2,2,1,0,0,0,0,False,WINDOW_QUALITY_SHORT_OBS,6.0,6.0,0.0,0.0,1.0,0.0,0.0,100.0,100.0,0.0,100.0,100.0,100.0,0.0,0.0,1.0,1.0,1.0,0,0,0,46520.0,46520.0,46520.0,46520.0,0.0,0,0,0.0,,,98.98,98.98,0,0,0,0,0,0,0,0,0,0,0,0,0,0,0,0.0,0,0,0,,0.0,,,0.0,0,0,0,,0.0,,2026-03-24 23:59:59.999999999,2024-05-14 10:12:05,2026-03-24 09:36:40,679.575,True,46520.0,2025-12-26 12:45:50,5.0,88.468,1.0,False,46520.0,2025-12-26 12:45:50,5.0,88.468,1.0,False,0,0.0,False,0,0,1,0,0,0,0,0,0,1,0,0,0,0,0,0,1,0,0.0,0,0.0,-0.0,-0.0,88.468,1.0,0,0,0,-0.0,-1,SPARSE_OR_GAPPY,STATEFUL_REVIEW_DATA_QUALITY,WINDOW_DATA_QUALITY_REVIEW,ACTION_COLLECT_MORE_DATA_OR_MANUAL_REVIEW,low,1,data_quality_or_history_review,large_gap_dominant,days_eff=88 days_any=88 cyc_eff=1 hq_nr=0 total_nr=0 cens=0 lg_opp=1 opp=2 norm_anom=-0.00 conf_p=1 micro_only=False cluster=SPARSE_OR_GAPPY,No user-facing action; collecting more data.,Data-quality/history review outranks action (would_have_been=NONE). Collect more data or manual review.,NONE,False,False,False,True,False,False,True,False,0,2026-06-08T10:02:59Z,rolling30-v2.0,30,1,abs_ge_50mWh
E28386-PF3X7BXZ_e28386,2025-10-29,2025-09-29 23:59:59.999999999,2025-10-29 23:59:59.999999999,1,0.0,,,0.0,0,0,0,0,0,0,0,False,WINDOW_QUALITY_SHORT_OBS,62.0,62.0,0.0,0.0,,,,1.0,1.0,0.0,1.0,1.0,1.0,,,,,,0,0,0,57570.0,57570.0,57570.0,57570.0,0.0,0,0,0.0,,,101.0,101.0,0,0,0,0,0,0,0,0,0,0,0,0,0,0,0,0.0,0,0,0,,0.0,,,0.0,0,0,0,,0.0,,2025-10-29 23:59:59.999999999,2023-02-08 10:07:25,2025-10-29 22:15:42,994.578,True,57570.0,2023-02-08 10:07:25,15.0,994.578,47.0,False,57570.0,2023-02-08 10:07:25,15.0,994.578,47.0,False,0,0.0,False,0,2,5,0,2,2,0,0,0,4,0,0,0,0,0,0,5,0,0.4394,0,-0.51103,0.2219,0.2219,994.578,47.0,2,0,0,0.2219,-1,SPARSE_OR_GAPPY,STATEFUL_REVIEW_DATA_QUALITY,WINDOW_DATA_QUALITY_REVIEW,ACTION_COLLECT_MORE_DATA_OR_MANUAL_REVIEW,low,1,data_quality_or_history_review,fw_like;large_gap_dominant,days_eff=995 days_any=995 cyc_eff=47 hq_nr=0 total_nr=2 cens=0 lg_opp=5 opp=11 norm_anom=0.22 conf_p=1 micro_only=False cluster=SPARSE_OR_GAPPY,No user-facing action; collecting more data.,Data-quality/history review outranks action (would_have_been=FW_WATCH_LIKE). Collect more data or manual review.,FW_WATCH_LIKE,True,False,False,True,False,False,True,False,0,2026-06-08T10:02:59Z,rolling30-v2.0,30,1,abs_ge_50mWh
E31583-PW0BLY7A_ohsaw,2024-08-22,2024-07-23 23:59:59.999999999,2024-08-22 23:59:59.999999999,12,27.122,0.325,288.451,495.859,3,3,3,0,0,0,0,False,WINDOW_QUALITY_SHORT_OBS,10.0,10.0,0.0,0.0,0.5561,0.5561,0.4439,15.0,96.0,81.0,15.0,76.0,94.35,0.0,0.1661,0.2489,0.2489,0.0317,4,4,2,57960.0,57960.0,57960.0,57960.0,0.0,0,0,0.0,,,99.93,99.93,0,0,0,0,0,0,0,0,0,0,0,0,0,0,0,0.0,0,0,0,,0.0,,,0.0,0,0,0,,0.0,,2024-08-22 23:59:59.999999999,2024-06-10 16:12:51,2024-08-22 12:03:24,73.324,True,58030.0,2024-06-10 16:12:51,4.0,73.324,6.0,False,57960.0,2024-07-26 09:08:17,10.0,27.619,0.0,True,6,20.0,True,0,0,0,0,0,0,0,0,0,0,0,0,0,0,0,0,0,0,0.0,0,0.0,-0.0,-0.0,73.324,6.0,0,0,0,-0.0,-1,SPARSE_OR_GAPPY,STATEFUL_REVIEW_DATA_QUALITY,WINDOW_DATA_QUALITY_REVIEW,ACTION_COLLECT_MORE_DATA_OR_MANUAL_REVIEW,low,1,data_quality_or_history_review,micro_wobble,days_eff=73 days_any=28 cyc_eff=6 hq_nr=0 total_nr=0 cens=0 lg_opp=0 opp=0 norm_anom=-0.00 conf_p=1 micro_only=True cluster=SPARSE_OR_GAPPY,No user-facing action; collecting more data.,Data-quality/history review outranks action (would_have_been=NONE). Collect more data or manual review.,NONE,False,False,True,False,False,False,True,False,0,2026-06-08T10:02:59Z,rolling30-v2.0,30,1,abs_ge_50mWh
EAAGM1_pasw-,2025-09-05,2025-08-06 23:59:59.999999999,2025-09-05 23:59:59.999999999,305,29.721,0.5,13.469,127.29,18,16,5,0,0,0,0,False,WINDOW_QUALITY_OK,20.0,23.0,3.0,3.028,0.716,0.1366,0.284,10.0,100.0,90.0,25.2,100.0,100.0,0.0,0.0385,0.7136,0.6502,0.6293,28,37,14,58990.0,58920.0,58920.0,58990.0,70.0,4,0,0.0,,,103.44,103.31,0,1,0,0,1,0,1,0,0,1,0,1,0,0,1,0.0,0,0,0,,0.0,,,0.0,0,0,0,,0.0,,2025-09-05 23:59:59.999999999,2025-04-14 18:23:29,2025-09-05 17:27:16,144.234,True,59010.0,2025-07-24 12:38:01,20.0,43.474,3.0,True,58920.0,2025-09-04 18:24:40,23.0,1.233,0.0,True,5,30.0,True,0,0,1,0,0,0,0,0,0,1,0,0,0,0,0,0,1,0,0.0,0,0.0,-0.0,-0.0,43.474,3.0,0,0,0,-0.0,4,MOBILE_DEEP_CYCLE,STATEFUL_WATCH_LARGE_GAP_OR_CENSORED,WINDOW_MICRO_WOBBLE_ONLY,ACTION_MONITOR_NEXT_WINDOW,low,7,large_gap_or_censored_dominant,micro_wobble;large_gap_dominant,days_eff=43 days_any=1 cyc_eff=3 hq_nr=0 total_nr=0 cens=0 lg_opp=1 opp=2 norm_anom=-0.00 conf_p=1 micro_only=True cluster=MOBILE_DEEP_CYCLE,No user-facing action; monitoring.,Ambiguous/weak evidence (43d since effective change); monitor next window.,,False,False,True,True,False,False,False,False,0,2026-06-08T10:02:59Z,rolling30-v2.0,30,1,abs_ge_50mWh
EB16034-F2RY6ZG_eb16034,2025-10-28,2025-09-28 23:59:59.999999999,2025-10-28 23:59:59.999999999,382,29.118,0.5,13.411,86.342,22,21,6,0,0,0,0,False,WINDOW_QUALITY_OK,253.0,265.0,12.0,12.363,0.7363,0.1225,0.2637,2.0,100.0,98.0,25.15,100.0,100.0,0.0109,0.0212,0.8118,0.7805,0.761,36,55,18,50490.0,40550.0,40550.0,50490.0,9940.0,1,1,9940.0,2025-10-10 12:55:52,258.0,99.98,80.3,0,4,0,0,4,0,4,0,0,4,0,3,0,0,3,0.0,0,0,0,,0.0,,,0.0,0,0,0,,0.0,,2025-10-28 23:59:59.999999999,2023-02-02 17:38:06,2025-10-28 12:35:52,999.265,True,40550.0,2025-10-10 12:55:52,258.0,18.461,7.0,True,40550.0,2025-10-10 12:55:52,258.0,18.461,7.0,True,0,0.0,False,0,2,2,0,2,2,0,0,1,2,0,1,1,0,0,0,2,0,0.7682,0,-0.96929,0.421,0.421,18.461,7.0,2,1,0,0.421,4,MOBILE_DEEP_CYCLE,STATEFUL_WATCH_LARGE_GAP_OR_CENSORED,WINDOW_NORMAL_RESPONDING,ACTION_MONITOR_NEXT_WINDOW,low,7,large_gap_or_censored_dominant,fw_like;large_gap_dominant,days_eff=18 days_any=18 cyc_eff=7 hq_nr=0 total_nr=2 cens=0 lg_opp=2 opp=7 norm_anom=0.42 conf_p=1 micro_only=False cluster=MOBILE_DEEP_CYCLE,No user-facing action; monitoring.,Ambiguous/weak evidence (18d since effective change); monitor next window.,,True,False,False,True,False,False,False,False,0,2026-06-08T10:02:59Z,rolling30-v2.0,30,1,abs_ge_50mWh
EB16034-F4414Y8_eb16034,2023-10-30,2023-09-30 23:59:59.999999999,2023-10-30 23:59:59.999999999,411,28.085,0.5,8.952,61.48,21,20,5,0,0,0,0,False,WINDOW_QUALITY_OK,72.0,85.0,13.0,13.886,0.2528,0.1476,0.7472,31.0,100.0,69.0,43.0,77.0,100.0,0.0,0.0,0.4723,0.3039,0.2265,73,91,37,56990.0,56990.0,56990.0,56990.0,0.0,0,0,0.0,,,99.98,99.98,0,0,0,0,0,0,0,0,0,0,0,0,0,0,0,0.0,0,0,0,,0.0,,,0.0,0,0,0,,0.0,,2023-10-30 23:59:59.999999999,2023-04-10 10:36:36,2023-10-30 11:16:18,203.558,True,56990.0,2023-04-10 10:36:36,5.0,203.558,80.0,False,56990.0,2023-04-10 10:36:36,5.0,203.558,80.0,False,0,0.0,False,2,0,2,2,0,2,0,2,0,2,2,0,2,0,2,0,2,0,0.902,0,-1.19924,0.5208,0.5208,203.558,80.0,2,2,0,0.5208,4,MOBILE_DEEP_CYCLE,STATEFUL_FW_CHECK_CORE,WINDOW_INSUFFICIENT_LEARNING_OPPORTUNITY,ACTION_FW_VERSION_CHECK_CORE,high,2,high_quality_no_response_with_long_effective_staleness,fw_like;large_gap_dominant,days_eff=204 days_any=204 cyc_eff=80 hq_nr=2 total_nr=2 cens=0 lg_opp=2 opp=8 norm_anom=0.52 conf_p=1 micro_only=False cluster=MOBILE_DEEP_CYCLE,No user-facing action; engineering FW review queued.,"Prioritize BIOS/EC/battery-FW version and update review: 2 high-quality discharge+recharge learning opportunities since the last effective FCC change (203d ago) produced no FCC relearning step (2 high-quality + 2 strict-band no_response confirmations). Candidate, not a confirmed FW fault.",,True,False,False,True,False,False,False,False,0,2026-06-08T10:02:59Z,rolling30-v2.0,30,1,abs_ge_50mWh
EB16034-F4QX17S_eb16034,2024-09-26,2024-08-27 23:59:59.999999999,2024-09-26 23:59:59.999999999,399,29.398,0.5,11.431,92.558,21,19,4,0,0,0,0,False,WINDOW_QUALITY_OK,34.0,45.0,11.0,11.225,0.2332,0.1426,0.7668,40.0,100.0,60.0,52.9,81.0,100.0,0.0,0.0,0.5254,0.3515,0.2372,72,100,36,61400.0,61260.0,61260.0,61400.0,140.0,10,0,0.0,,,107.66,107.42,0,0,0,0,0,0,0,0,0,0,0,0,0,0,0,0.0,0,0,0,,0.0,,,0.0,0,0,0,,0.0,,2024-09-26 23:59:59.999999999,2024-05-29 13:10:17,2024-09-26 19:34:39,120.451,True,61830.0,2024-05-29 13:10:17,2.0,120.451,43.0,False,61260.0,2024-09-19 16:45:29,43.0,7.302,2.0,True,41,40.0,True,0,0,0,0,0,0,0,0,0,0,0,0,0,0,0,0,0,0,0.0,0,0.0,-0.0,-0.0,120.451,43.0,0,0,0,-0.0,4,MOBILE_DEEP_CYCLE,STATEFUL_NORMAL_RESPONDING,WINDOW_MICRO_WOBBLE_ONLY,ACTION_NONE,high,9,responding_or_no_concern,micro_wobble,days_eff=120 days_any=7 cyc_eff=43 hq_nr=0 total_nr=0 cens=0 lg_opp=0 opp=0 norm_anom=-0.00 conf_p=1 micro_only=True cluster=MOBILE_DEEP_CYCLE,No action needed.,Responding normally; no concern.,,False,False,True,False,False,False,False,False,0,2026-06-08T10:02:59Z,rolling30-v2.0,30,1,abs_ge_50mWh
EBUCHHOLZ-HKD6N_ebuchholz,2025-08-06,2025-07-07 23:59:59.999999999,2025-08-06 23:59:59.999999999,352,29.075,0.5,11.387,59.794,31,11,5,0,0,0,0,False,WINDOW_QUALITY_OK,16.0,26.0,10.0,10.318,0.4682,0.2066,0.5318,12.0,100.0,88.0,26.0,88.0,100.0,0.0,0.0074,0.5661,0.4318,0.3135,62,83,32,56960.0,55960.0,55860.0,56960.0,1100.0,13,3,570.0,2025-07-28 21:05:57,24.0,99.93,98.18,2,3,1,0,5,0,2,0,0,2,0,0,0,0,0,0.8248,1,1,2,0.344483,0.4628,0.35375,0.3404,0.7865,1,1,2,0.363353,0.4397,0.34916,2025-08-06 23:59:59.999999999,2025-05-27 14:24:58,2025-08-06 10:10:25,71.399,True,55980.0,2025-07-28 21:05:57,24.0,9.121,2.0,True,55960.0,2025-08-01 14:04:41,26.0,5.413,0.0,True,2,10.0,True,1,0,0,1,0,1,0,0,0,0,0,0,0,0,1,0,0,0,0.3841,0,-0.48464,0.2105,0.2105,9.121,2.0,1,0,0,0.2105,4,MOBILE_DEEP_CYCLE,STATEFUL_WATCH_LOW_EVIDENCE,WINDOW_NORMAL_RESPONDING,ACTION_MONITOR_NEXT_WINDOW,low,8,weak_partial_evidence,fw_like;micro_wobble,days_eff=9 days_any=5 cyc_eff=2 hq_nr=1 total_nr=1 cens=0 lg_opp=0 opp=1 norm_anom=0.21 conf_p=0.354 micro_only=True cluster=MOBILE_DEEP_CYCLE,No user-facing action; monitoring.,Ambiguous/weak evidence (9d since effective change); monitor next window.,,True,False,True,False,False,False,False,False,0,2026-06-08T10:02:59Z,rolling30-v2.0,30,1,abs_ge_50mWh
ECOOK-PF67560P_ecook,2026-05-27,2026-04-27 23:59:59.999999999,2026-05-27 23:59:59.999999999,309,20.846,0.5,5.899,85.007,15,11,3,0,0,0,0,False,WINDOW_QUALITY_OK,0.0,2.0,2.0,2.878,0.7904,0.0419,0.2096,57.0,100.0,43.0,88.0,99.0,100.0,0.0,0.0,0.986,0.9144,0.8798,40,55,20,60000.0,59990.0,59990.0,60000.0,10.0,1,0,0.0,,,100.0,99.98,0,0,0,0,0,0,0,0,0,0,0,0,0,0,0,0.0,0,0,0,,0.0,,,0.0,0,0,0,,0.0,,2026-05-27 23:59:59.999999999,2026-05-06 16:03:16,2026-05-27 12:21:18,21.331,False,60000.0,2026-05-06 16:03:16,0.0,21.331,2.0,False,59990.0,2026-05-18 17:26:16,2.0,9.273,0.0,False,1,10.0,True,0,0,0,0,0,0,0,0,0,0,0,0,0,0,0,0,0,0,0.0,0,0.0,-0.0,-0.0,21.331,2.0,0,0,0,-0.0,5,AC_BOUND,STATEFUL_REVIEW_DATA_QUALITY,WINDOW_MICRO_WOBBLE_ONLY,ACTION_COLLECT_MORE_DATA_OR_MANUAL_REVIEW,low,1,data_quality_or_history_review,micro_wobble,days_eff=21 days_any=9 cyc_eff=2 hq_nr=0 total_nr=0 cens=0 lg_opp=0 opp=0 norm_anom=-0.00 conf_p=1 micro_only=True cluster=AC_BOUND,No user-facing action; collecting more data.,Data-quality/history review outranks action (would_have_been=NONE). Collect more data or manual review.,NONE,False,False,True,False,False,True,False,False,0,2026-06-08T10:02:59Z,rolling30-v2.0,30,1,abs_ge_50mWh
EDANG-PF5TMMM8_edang,2026-06-01,2026-05-02 23:59:59.999999999,2026-06-01 23:59:59.999999999,114,29.583,0.5,35.119,79.795,18,16,9,0,0,0,0,False,WINDOW_QUALITY_SPARSE,19.0,20.0,1.0,1.014,0.9732,0.0788,0.0268,80.0,100.0,20.0,91.65,98.0,100.0,0.0,0.0,0.9979,0.9835,0.9002,6,12,3,93880.0,92870.0,92870.0,93880.0,1010.0,2,1,1000.0,2026-05-05 13:13:16,19.0,93.97,92.96,0,0,0,0,0,0,0,0,0,0,0,0,0,0,0,0.0,0,0,0,,0.0,,,0.0,0,0,0,,0.0,,2026-06-01 23:59:59.999999999,2025-10-13 15:24:33,2026-06-01 15:42:47,231.358,True,92880.0,2026-05-05 13:13:16,19.0,27.449,1.0,True,92870.0,2026-05-13 16:38:48,20.0,19.306,0.0,True,1,10.0,True,0,0,0,0,0,0,0,0,0,0,0,0,0,0,0,0,0,0,0.0,0,0.0,-0.0,-0.0,27.449,1.0,0,0,0,-0.0,-1,SPARSE_OR_GAPPY,STATEFUL_REVIEW_DATA_QUALITY,WINDOW_DATA_QUALITY_REVIEW,ACTION_COLLECT_MORE_DATA_OR_MANUAL_REVIEW,low,1,data_quality_or_history_review,micro_wobble,days_eff=27 days_any=19 cyc_eff=1 hq_nr=0 total_nr=0 cens=0 lg_opp=0 opp=0 norm_anom=-0.00 conf_p=1 micro_only=True cluster=SPARSE_OR_GAPPY,No user-facing action; collecting more data.,Data-quality/history review outranks action (would_have_been=NONE). Collect more data or manual review.,NONE,False,False,True,False,False,False,True,False,0,2026-06-08T10:02:59Z,rolling30-v2.0,30,1,abs_ge_50mWh
EIGERAMD_44900,2026-06-01,2026-05-02 23:59:59.999999999,2026-06-01 23:59:59.999999999,588,28.001,0.5,8.076,16.716,31,16,0,0,0,0,0,False,WINDOW_QUALITY_OK,128.0,137.0,9.0,9.643,0.7247,0.1067,0.2753,31.0,100.0,69.0,67.0,98.0,100.0,0.0,0.0,0.878,0.7836,0.7237,93,126,47,41150.0,41040.0,41040.0,41150.0,110.0,9,0,0.0,,,70.92,70.73,0,0,0,0,0,0,0,0,0,0,0,0,0,0,0,0.0,0,0,0,,0.0,,,0.0,0,0,0,,0.0,,2026-06-01 23:59:59.999999999,2024-09-26 17:09:28,2026-06-01 10:00:12,613.285,True,41190.0,2026-04-05 08:04:26,124.0,57.664,13.0,True,41040.0,2026-05-29 15:28:33,137.0,3.355,0.0,True,13,20.0,True,0,0,0,0,0,0,0,0,0,0,0,0,0,0,0,0,0,0,0.0,0,0.0,-0.0,-0.0,57.664,13.0,0,0,0,-0.0,5,AC_BOUND,STATEFUL_NORMAL_RESPONDING,WINDOW_MICRO_WOBBLE_ONLY,ACTION_NONE,high,9,responding_or_no_concern,micro_wobble,days_eff=58 days_any=3 cyc_eff=13 hq_nr=0 total_nr=0 cens=0 lg_opp=0 opp=0 norm_anom=-0.00 conf_p=1 micro_only=True cluster=AC_BOUND,No action needed.,Responding normally; no concern.,,False,False,True,False,False,False,False,False,0,2026-06-08T10:02:59Z,rolling30-v2.0,30,1,abs_ge_50mWh
EMOURA3-W0A2BQE_emoura3,2024-07-02,2024-06-02 23:59:59.999999999,2024-07-02 23:59:59.999999999,988,29.599,0.5,0.5,60.116,16,3,1,0,0,0,0,False,WINDOW_QUALITY_OK,27.0,38.0,11.0,11.149,0.7644,0.7616,0.2356,2.0,100.0,98.0,44.35,100.0,100.0,0.0144,0.0168,0.8332,0.8009,0.7865,45,50,23,47500.0,47380.0,47380.0,47500.0,120.0,11,0,0.0,,,102.15,101.89,1,3,1,0,4,1,3,1,0,4,1,3,1,0,4,0.3841,0,1,1,0.615917,0.2105,0.86181,0.88065,0.2154,0,1,1,0.784615,0.1053,0.73593,2024-07-02 23:59:59.999999999,2024-03-26 16:16:35,2024-07-02 16:25:02,98.322,True,47760.0,2024-03-26 16:16:35,4.0,98.322,34.0,False,47380.0,2024-06-27 18:57:43,38.0,5.21,0.0,True,34,20.0,True,4,2,8,4,2,6,0,3,2,8,3,2,5,0,4,0,8,0,2.0955,0,-2.58643,1.1233,1.1233,98.322,34.0,6,5,0,1.1233,3,AC_BOUND,STATEFUL_FW_WATCH_HIGH_ANOMALY,WINDOW_OPPORTUNITY_NO_RESPONSE,ACTION_FW_ENGINEERING_REVIEW,medium,4,fw_like_no_response_core_requirement_short,fw_like;micro_wobble;large_gap_dominant,days_eff=98 days_any=5 cyc_eff=34 hq_nr=4 total_nr=6 cens=0 lg_opp=8 opp=27 norm_anom=1.12 conf_p=0.862 micro_only=True cluster=AC_BOUND,No user-facing action; monitoring.,"FW-like no-response signal but a core requirement is short (staleness/cycles/quality). Monitor and add to FW engineering queue. normative anomaly 1.12, 6 no_response since last effective change (98d ago).",,True,False,True,True,False,False,False,False,18,2026-06-08T10:02:59Z,rolling30-v2.0,30,1,abs_ge_50mWh
ENOZAKI1-38LRB0_enozaki1,2025-06-12,2025-05-13 23:59:59.999999999,2025-06-12 23:59:59.999999999,30,20.983,0.5,105.924,299.419,3,3,2,0,0,0,0,False,WINDOW_QUALITY_SPARSE,245.0,246.0,1.0,1.43,0.7062,0.1319,0.2938,0.0,100.0,100.0,2.0,97.0,100.0,0.0299,0.0299,0.814,0.7176,0.6936,4,5,2,49290.0,48260.0,48260.0,49330.0,1070.0,2,1,1070.0,2025-05-30 23:13:02,246.0,86.47,84.67,0,1,0,0,1,0,1,0,0,1,0,1,0,0,1,0.0,0,0,0,,0.0,,,0.0,0,0,0,,0.0,,2025-06-12 23:59:59.999999999,2023-02-05 11:01:33,2025-06-12 10:39:15,858.541,True,48260.0,2025-05-30 23:13:02,246.0,13.033,0.0,True,48260.0,2025-05-30 23:13:02,246.0,13.033,0.0,True,0,0.0,False,0,0,0,0,0,0,0,0,0,0,0,0,0,0,0,0,0,0,0.0,0,0.0,-0.0,-0.0,13.033,0.0,0,0,0,-0.0,-1,SPARSE_OR_GAPPY,STATEFUL_REVIEW_DATA_QUALITY,WINDOW_DATA_QUALITY_REVIEW,ACTION_COLLECT_MORE_DATA_OR_MANUAL_REVIEW,low,1,data_quality_or_history_review,,days_eff=13 days_any=13 cyc_eff=0 hq_nr=0 total_nr=0 cens=0 lg_opp=0 opp=0 norm_anom=-0.00 conf_p=1 micro_only=False cluster=SPARSE_OR_GAPPY,No user-facing action; collecting more data.,Data-quality/history review outranks action (would_have_been=NONE). Collect more data or manual review.,NONE,False,False,False,False,False,False,True,False,0,2026-06-08T10:02:59Z,rolling30-v2.0,30,1,abs_ge_50mWh
ESHORT_L13,2024-07-29,2024-06-29 23:59:59.999999999,2024-07-29 23:59:59.999999999,388,28.094,0.5,5.103,112.438,18,6,4,0,0,0,0,False,WINDOW_QUALITY_OK,296.0,314.0,18.0,19.221,0.3432,0.2379,0.6568,18.0,100.0,82.0,48.0,82.5,100.0,0.0,0.008,0.5963,0.4133,0.3354,93,142,47,42030.0,41700.0,40400.0,42160.0,1760.0,59,43,1430.0,2024-07-26 16:44:35,313.0,91.37,90.65,0,2,0,0,2,0,0,0,0,0,0,0,0,0,0,0.0,0,0,0,,0.0,,,0.0,0,0,0,,0.0,,2024-07-29 23:59:59.999999999,2023-03-24 10:37:41,2024-07-29 11:56:24,493.557,True,41730.0,2024-07-26 16:44:35,313.0,3.302,1.0,True,41700.0,2024-07-29 10:26:24,314.0,0.565,0.0,True,1,30.0,True,0,0,0,0,0,0,0,0,0,0,0,0,0,0,0,0,0,0,0.0,0,0.0,-0.0,-0.0,3.302,1.0,0,0,0,-0.0,4,MOBILE_DEEP_CYCLE,STATEFUL_NORMAL_RESPONDING,WINDOW_NORMAL_RESPONDING,ACTION_NONE,high,9,responding_or_no_concern,micro_wobble,days_eff=3 days_any=1 cyc_eff=1 hq_nr=0 total_nr=0 cens=0 lg_opp=0 opp=0 norm_anom=-0.00 conf_p=1 micro_only=True cluster=MOBILE_DEEP_CYCLE,No action needed.,Responding normally; no concern.,,False,False,True,False,False,False,False,False,0,2026-06-08T10:02:59Z,rolling30-v2.0,30,1,abs_ge_50mWh
ETURNER-F54Q6Z0_eturner,2025-06-11,2025-05-12 23:59:59.999999999,2025-06-11 23:59:59.999999999,374,29.129,0.5,3.367,86.595,18,15,5,0,0,0,0,False,WINDOW_QUALITY_OK,72.0,80.0,8.0,8.239,0.5003,0.1291,0.4997,2.0,100.0,98.0,18.0,99.0,100.0,0.0211,0.0529,0.7107,0.6195,0.4869,52,79,26,52600.0,53080.0,52010.0,53090.0,1080.0,13,5,1000.0,2025-06-09 10:37:37,79.0,90.69,91.52,0,2,0,0,2,0,2,0,0,2,0,1,0,0,1,0.0,0,0,0,,0.0,,,0.0,0,0,0,,0.0,,2025-06-11 23:59:59.999999999,2024-09-11 14:46:15,2025-06-11 11:04:49,273.385,True,53090.0,2025-06-09 10:37:37,79.0,2.557,1.0,True,53080.0,2025-06-11 11:04:49,80.0,0.538,0.0,True,1,10.0,True,0,0,0,0,0,0,0,0,0,0,0,0,0,0,0,0,0,0,0.0,0,0.0,-0.0,-0.0,2.557,1.0,0,0,0,-0.0,4,MOBILE_DEEP_CYCLE,STATEFUL_NORMAL_RESPONDING,WINDOW_NORMAL_RESPONDING,ACTION_NONE,high,9,responding_or_no_concern,micro_wobble,days_eff=3 days_any=1 cyc_eff=1 hq_nr=0 total_nr=0 cens=0 lg_opp=0 opp=0 norm_anom=-0.00 conf_p=1 micro_only=True cluster=MOBILE_DEEP_CYCLE,No action needed.,Responding normally; no concern.,,False,False,True,False,False,False,False,False,0,2026-06-08T10:02:59Z,rolling30-v2.0,30,1,abs_ge_50mWh
EWALLACE-5AM7XJ_ewallace,2026-05-29,2026-04-29 23:59:59.999999999,2026-05-29 23:59:59.999999999,280,28.992,0.5,17.399,118.446,23,21,4,0,0,0,0,False,WINDOW_QUALITY_OK,19.0,23.0,4.0,4.139,0.7853,0.1468,0.2147,2.0,100.0,98.0,70.9,100.0,100.0,0.0032,0.0032,0.9381,0.8616,0.7192,58,81,29,60810.0,60750.0,60750.0,60810.0,60.0,4,0,0.0,,,106.68,106.58,0,1,0,0,1,0,1,0,0,1,0,1,0,0,1,0.0,0,0,0,,0.0,,,0.0,0,0,0,,0.0,,2026-05-29 23:59:59.999999999,2026-02-05 17:19:13,2026-05-29 09:28:33,113.278,True,61040.0,2026-02-12 14:01:09,4.0,106.416,19.0,False,60750.0,2026-05-26 10:51:22,23.0,3.548,0.0,True,19,20.0,True,0,0,1,0,0,0,0,0,0,1,0,0,0,0,0,0,1,0,0.0,0,0.0,-0.0,-0.0,106.416,19.0,0,0,0,-0.0,4,MOBILE_DEEP_CYCLE,STATEFUL_WATCH_LARGE_GAP_OR_CENSORED,WINDOW_MICRO_WOBBLE_ONLY,ACTION_MONITOR_NEXT_WINDOW,low,7,large_gap_or_censored_dominant,micro_wobble;large_gap_dominant,days_eff=106 days_any=4 cyc_eff=19 hq_nr=0 total_nr=0 cens=0 lg_opp=1 opp=2 norm_anom=-0.00 conf_p=1 micro_only=True cluster=MOBILE_DEEP_CYCLE,No user-facing action; monitoring.,Ambiguous/weak evidence (106d since effective change); monitor next window.,,False,False,True,True,False,False,False,False,0,2026-06-08T10:02:59Z,rolling30-v2.0,30,1,abs_ge_50mWh
FALMODOVAR-ZGVG_falmodovar,2025-04-01,2025-03-02 23:59:59.999999999,2025-04-01 23:59:59.999999999,174,29.212,0.5,9.243,314.167,10,5,3,0,0,0,0,False,WINDOW_QUALITY_OK,8.0,14.0,6.0,6.162,0.2891,0.1295,0.7109,18.0,100.0,82.0,27.65,69.0,100.0,0.0,0.0043,0.3602,0.2804,0.2161,26,36,14,89160.0,84090.0,81110.0,89210.0,8100.0,7,4,8100.0,2025-03-25 14:50:48,12.0,102.04,96.23,0,1,0,0,1,0,0,0,0,0,0,0,0,0,0,0.0,0,0,0,,0.0,,,0.0,0,0,0,,0.0,,2025-04-01 23:59:59.999999999,2025-02-04 14:09:35,2025-04-01 14:14:07,56.41,False,84120.0,2025-03-25 14:50:48,12.0,7.381,2.0,False,84090.0,2025-03-31 21:46:11,14.0,1.093,0.0,False,2,20.0,True,0,0,1,0,0,0,0,0,0,0,0,0,0,0,0,0,1,0,0.0,0,0.0,-0.0,-0.0,7.381,2.0,0,0,0,-0.0,4,MOBILE_DEEP_CYCLE,STATEFUL_REVIEW_DATA_QUALITY,WINDOW_NORMAL_RESPONDING,ACTION_COLLECT_MORE_DATA_OR_MANUAL_REVIEW,low,1,data_quality_or_history_review,micro_wobble;large_gap_dominant,days_eff=7 days_any=1 cyc_eff=2 hq_nr=0 total_nr=0 cens=0 lg_opp=1 opp=1 norm_anom=-0.00 conf_p=1 micro_only=True cluster=MOBILE_DEEP_CYCLE,No user-facing action; collecting more data.,Data-quality/history review outranks action (would_have_been=NONE). Collect more data or manual review.,NONE,False,False,True,True,False,True,False,False,0,2026-06-08T10:02:59Z,rolling30-v2.0,30,1,abs_ge_50mWh
FANG_X13,2025-06-18,2025-05-19 23:59:59.999999999,2025-06-18 23:59:59.999999999,290,28.734,0.5,17.641,45.679,28,24,6,0,0,0,0,False,WINDOW_QUALITY_OK,67.0,70.0,3.0,3.132,0.887,0.0719,0.113,14.0,100.0,86.0,79.45,99.0,100.0,0.0,0.0059,0.9304,0.9169,0.746,34,46,17,55170.0,54590.0,54590.0,55170.0,580.0,1,1,580.0,2025-05-28 11:03:27,68.0,100.8,99.74,0,1,0,0,1,0,1,0,0,1,0,0,0,0,0,0.0,0,0,0,,0.0,,,0.0,0,0,0,,0.0,,2025-06-18 23:59:59.999999999,2023-05-10 12:24:40,2025-06-18 02:16:47,770.483,True,54590.0,2025-05-28 11:03:27,68.0,21.539,2.0,True,54590.0,2025-05-28 11:03:27,68.0,21.539,2.0,True,0,0.0,False,0,0,1,0,0,0,0,0,0,0,0,0,0,0,0,0,1,0,0.0,0,0.0,-0.0,-0.0,21.539,2.0,0,0,0,-0.0,4,MOBILE_DEEP_CYCLE,STATEFUL_WATCH_LARGE_GAP_OR_CENSORED,WINDOW_NORMAL_RESPONDING,ACTION_MONITOR_NEXT_WINDOW,low,7,large_gap_or_censored_dominant,large_gap_dominant,days_eff=22 days_any=22 cyc_eff=2 hq_nr=0 total_nr=0 cens=0 lg_opp=1 opp=1 norm_anom=-0.00 conf_p=1 micro_only=False cluster=MOBILE_DEEP_CYCLE,No user-facing action; monitoring.,Ambiguous/weak evidence (21d since effective change); monitor next window.,,False,False,False,True,False,False,False,False,0,2026-06-08T10:02:59Z,rolling30-v2.0,30,1,abs_ge_50mWh
FBOWER-PF59NQY8_fbower,2026-05-01,2026-04-01 23:59:59.999999999,2026-05-01 23:59:59.999999999,7,0.065,0.244,0.5,0.5,0,0,0,0,0,0,0,False,WINDOW_QUALITY_SHORT_OBS,12.0,12.0,0.0,0.0,1.0,0.0,0.0,95.0,95.0,0.0,95.0,95.0,95.0,0.0,0.0,1.0,1.0,0.0,0,0,0,86480.0,86480.0,86480.0,86480.0,0.0,0,0,0.0,,,98.97,98.97,0,0,0,0,0,0,0,0,0,0,0,0,0,0,0,0.0,0,0,0,,0.0,,,0.0,0,0,0,,0.0,,2026-05-01 23:59:59.999999999,2025-04-08 11:11:01,2026-05-01 09:24:28,388.534,True,86480.0,2026-05-01 07:50:35,12.0,0.673,0.0,True,86480.0,2026-05-01 07:50:35,12.0,0.673,0.0,True,0,0.0,False,0,0,0,0,0,0,0,0,0,0,0,0,0,0,0,0,0,0,0.0,0,0.0,-0.0,-0.0,0.673,0.0,0,0,0,-0.0,-1,SPARSE_OR_GAPPY,STATEFUL_REVIEW_DATA_QUALITY,WINDOW_DATA_QUALITY_REVIEW,ACTION_COLLECT_MORE_DATA_OR_MANUAL_REVIEW,low,1,data_quality_or_history_review,,days_eff=1 days_any=1 cyc_eff=0 hq_nr=0 total_nr=0 cens=0 lg_opp=0 opp=0 norm_anom=-0.00 conf_p=1 micro_only=False cluster=SPARSE_OR_GAPPY,No user-facing action; collecting more data.,Data-quality/history review outranks action (would_have_been=NONE). Collect more data or manual review.,NONE,False,False,False,False,False,False,True,False,0,2026-06-08T10:02:59Z,rolling30-v2.0,30,1,abs_ge_50mWh
FBOWER-PF5PJKZL_fbower,2026-05-27,2026-04-27 23:59:59.999999999,2026-05-27 23:59:59.999999999,1352,29.54,0.5,0.5,11.979,4,0,0,0,0,0,0,False,WINDOW_QUALITY_OK,19.0,21.0,2.0,2.031,0.9702,0.1065,0.0298,41.0,100.0,59.0,95.0,97.0,100.0,0.0,0.0,0.9858,0.9806,0.7443,20,29,10,52570.0,52010.0,52010.0,52570.0,560.0,3,1,530.0,2026-04-30 10:14:39,20.0,92.23,91.25,0,0,0,0,0,0,0,0,0,0,0,0,0,0,0,0.0,0,0,0,,0.0,,,0.0,0,0,0,,0.0,,2026-05-27 23:59:59.999999999,2025-10-01 13:15:58,2026-05-27 13:13:41,238.447,True,52030.0,2026-04-30 10:14:39,20.0,27.573,1.0,True,52010.0,2026-05-13 17:21:02,21.0,14.277,0.0,True,1,20.0,True,0,0,0,0,0,0,0,0,0,0,0,0,0,0,0,0,0,0,0.0,0,0.0,-0.0,-0.0,27.573,1.0,0,0,0,-0.0,5,AC_BOUND,STATEFUL_NORMAL_RESPONDING,WINDOW_NORMAL_RESPONDING,ACTION_NONE,high,9,responding_or_no_concern,micro_wobble,days_eff=28 days_any=14 cyc_eff=1 hq_nr=0 total_nr=0 cens=0 lg_opp=0 opp=0 norm_anom=-0.00 conf_p=1 micro_only=True cluster=AC_BOUND,No action needed.,Responding normally; no concern.,,False,False,True,False,False,False,False,False,0,2026-06-08T10:02:59Z,rolling30-v2.0,30,1,abs_ge_50mWh
FFEI-PF5PFHPB_ffei,2026-05-26,2026-04-26 23:59:59.999999999,2026-05-26 23:59:59.999999999,264,29.16,0.5,15.209,90.233,26,18,4,0,0,0,0,False,WINDOW_QUALITY_OK,53.0,60.0,7.0,7.202,0.5154,0.132,0.4846,33.0,100.0,67.0,46.0,97.0,100.0,0.0,0.0,0.7608,0.5972,0.5314,50,72,25,85080.0,84970.0,84970.0,85080.0,110.0,7,0,0.0,,,94.53,94.41,0,0,0,0,0,0,0,0,0,0,0,0,0,0,0,0.0,0,0,0,,0.0,,,0.0,0,0,0,,0.0,,2026-05-26 23:59:59.999999999,2025-09-16 14:12:25,2026-05-26 14:33:21,252.408,True,85190.0,2026-03-10 11:24:17,46.0,77.525,14.0,False,84970.0,2026-05-26 11:27:37,60.0,0.522,0.0,True,14,20.0,True,0,0,0,0,0,0,0,0,0,0,0,0,0,0,0,0,0,0,0.0,0,0.0,-0.0,-0.0,77.525,14.0,0,0,0,-0.0,5,AC_BOUND,STATEFUL_NORMAL_RESPONDING,WINDOW_MICRO_WOBBLE_ONLY,ACTION_NONE,high,9,responding_or_no_concern,micro_wobble,days_eff=78 days_any=1 cyc_eff=14 hq_nr=0 total_nr=0 cens=0 lg_opp=0 opp=0 norm_anom=-0.00 conf_p=1 micro_only=True cluster=AC_BOUND,No action needed.,Responding normally; no concern.,,False,False,True,False,False,False,False,False,0,2026-06-08T10:02:59Z,rolling30-v2.0,30,1,abs_ge_50mWh
FFENG-PF5FSWGF_ffeng,2025-09-19,2025-08-20 23:59:59.999999999,2025-09-19 23:59:59.999999999,325,29.235,0.5,14.937,83.167,22,18,4,0,0,0,0,False,WINDOW_QUALITY_OK,6.0,9.0,3.0,3.078,0.8837,0.0718,0.1163,55.0,100.0,45.0,91.2,99.0,100.0,0.0,0.0,0.9838,0.958,0.8086,42,56,21,56980.0,56940.0,56940.0,56980.0,40.0,3,0,0.0,,,99.96,99.89,0,0,0,0,0,0,0,0,0,0,0,0,0,0,0,0.0,0,0,0,,0.0,,,0.0,0,0,0,,0.0,,2025-09-19 23:59:59.999999999,2025-06-16 16:04:57,2025-09-19 15:03:41,95.33,True,57040.0,2025-06-16 16:04:57,1.0,95.33,8.0,False,56940.0,2025-09-18 10:33:39,9.0,1.56,0.0,True,8,20.0,True,0,0,0,0,0,0,0,0,0,0,0,0,0,0,0,0,0,0,0.0,0,0.0,-0.0,-0.0,95.33,8.0,0,0,0,-0.0,5,AC_BOUND,STATEFUL_NORMAL_RESPONDING,WINDOW_MICRO_WOBBLE_ONLY,ACTION_NONE,high,9,responding_or_no_concern,micro_wobble,days_eff=95 days_any=2 cyc_eff=8 hq_nr=0 total_nr=0 cens=0 lg_opp=0 opp=0 norm_anom=-0.00 conf_p=1 micro_only=True cluster=AC_BOUND,No action needed.,Responding normally; no concern.,,False,False,True,False,False,False,False,False,0,2026-06-08T10:02:59Z,rolling30-v2.0,30,1,abs_ge_50mWh
FORIPF_radac,2026-03-25,2026-02-23 23:59:59.999999999,2026-03-25 23:59:59.999999999,250,27.776,0.5,7.666,123.503,14,11,3,0,0,0,0,False,WINDOW_QUALITY_OK,188.0,198.0,10.0,10.801,0.3686,0.166,0.6314,7.0,100.0,93.0,22.45,76.5,100.0,0.0032,0.0311,0.4705,0.3872,0.332,27,42,14,48890.0,48350.0,48140.0,49120.0,980.0,27,16,630.0,2026-03-25 13:29:21,197.0,85.77,84.82,0,4,0,0,4,0,2,0,0,2,0,1,0,0,1,0.0,0,0,0,,0.0,,,0.0,0,0,0,,0.0,,2026-03-25 23:59:59.999999999,2024-02-26 10:48:22,2026-03-25 13:59:21,758.55,True,48350.0,2026-03-25 13:29:21,197.0,0.438,1.0,True,48350.0,2026-03-25 13:29:21,197.0,0.438,1.0,True,0,0.0,False,0,0,0,0,0,0,0,0,0,0,0,0,0,0,0,0,0,0,0.0,0,0.0,-0.0,-0.0,0.438,1.0,0,0,0,-0.0,4,MOBILE_DEEP_CYCLE,STATEFUL_NORMAL_RESPONDING,WINDOW_NORMAL_RESPONDING,ACTION_NONE,high,9,responding_or_no_concern,,days_eff=0 days_any=0 cyc_eff=1 hq_nr=0 total_nr=0 cens=0 lg_opp=0 opp=0 norm_anom=-0.00 conf_p=1 micro_only=False cluster=MOBILE_DEEP_CYCLE,No action needed.,Responding normally; no concern.,,False,False,False,False,False,False,False,False,0,2026-06-08T10:02:59Z,rolling30-v2.0,30,1,abs_ge_50mWh
FRED_Fred_Bower,2026-05-11,2026-04-11 23:59:59.999999999,2026-05-11 23:59:59.999999999,512,29.42,0.297,0.534,120.046,19,16,7,0,1,0,0,True,WINDOW_QUALITY_COUNTER_RESET,8.0,11.0,3.0,3.059,0.7629,0.2043,0.2371,2.0,100.0,98.0,51.55,97.0,100.0,0.003,0.0148,0.872,0.8048,0.7166,228,234,114,74940.0,74900.0,74900.0,74940.0,40.0,5,0,0.0,,,99.92,99.87,0,2,0,0,2,0,2,0,0,2,0,1,0,0,1,0.0,0,0,0,,0.0,,,0.0,0,0,0,,0.0,,2026-05-11 23:59:59.999999999,2026-01-20 11:41:08,2026-05-11 10:10:30,111.513,True,75010.0,2026-01-20 11:41:08,2.0,111.513,9.0,False,74900.0,2026-04-28 13:01:01,11.0,13.458,0.0,True,11,20.0,True,0,0,2,0,0,0,0,0,0,1,0,0,0,0,0,0,2,0,0.0,0,0.0,-0.0,-0.0,111.513,9.0,0,0,0,-0.0,-1,SPARSE_OR_GAPPY,STATEFUL_REVIEW_DATA_QUALITY,WINDOW_DATA_QUALITY_REVIEW,ACTION_COLLECT_MORE_DATA_OR_MANUAL_REVIEW,low,1,data_quality_or_history_review,micro_wobble;large_gap_dominant,days_eff=112 days_any=13 cyc_eff=9 hq_nr=0 total_nr=0 cens=0 lg_opp=2 opp=3 norm_anom=-0.00 conf_p=1 micro_only=True cluster=SPARSE_OR_GAPPY,No user-facing action; collecting more data.,Data-quality/history review outranks action (would_have_been=NONE). Collect more data or manual review.,NONE,False,False,True,True,False,False,True,False,0,2026-06-08T10:02:59Z,rolling30-v2.0,30,1,abs_ge_50mWh
FRED_fbower,2025-03-20,2025-02-18 23:59:59.999999999,2025-03-20 23:59:59.999999999,1513,29.573,0.5,0.5,12.264,2,1,0,0,0,0,0,False,WINDOW_QUALITY_OK,1.0,3.0,2.0,2.029,0.959,0.0349,0.041,13.0,100.0,87.0,90.0,100.0,100.0,0.0,0.0008,0.9685,0.9569,0.942,142,162,71,85990.0,85950.0,85950.0,85990.0,40.0,2,0,0.0,,,99.99,99.94,0,0,0,0,0,0,0,0,0,0,0,0,0,0,0,0.0,0,0,0,,0.0,,,0.0,0,0,0,,0.0,,2025-03-20 23:59:59.999999999,2025-02-04 14:28:15,2025-03-20 13:46:49,44.397,False,86000.0,2025-02-04 14:28:15,0.0,44.397,3.0,False,85950.0,2025-03-19 15:46:20,3.0,1.343,0.0,False,3,20.0,True,0,0,0,0,0,0,0,0,0,0,0,0,0,0,0,0,0,0,0.0,0,0.0,-0.0,-0.0,44.397,3.0,0,0,0,-0.0,3,AC_BOUND,STATEFUL_REVIEW_DATA_QUALITY,WINDOW_MICRO_WOBBLE_ONLY,ACTION_COLLECT_MORE_DATA_OR_MANUAL_REVIEW,low,1,data_quality_or_history_review,micro_wobble,days_eff=44 days_any=1 cyc_eff=3 hq_nr=0 total_nr=0 cens=0 lg_opp=0 opp=0 norm_anom=-0.00 conf_p=1 micro_only=True cluster=AC_BOUND,No user-facing action; collecting more data.,Data-quality/history review outranks action (would_have_been=NONE). Collect more data or manual review.,NONE,False,False,True,False,False,True,False,False,0,2026-06-08T10:02:59Z,rolling30-v2.0,30,1,abs_ge_50mWh
FSUN3-PC133Y8H_LicenseServer,2026-05-25,2026-04-25 23:59:59.999999999,2026-05-25 23:59:59.999999999,576,11.972,0.5,0.5,1.309,0,0,0,0,0,0,0,False,WINDOW_QUALITY_OK,125.0,126.0,1.0,2.506,0.9843,0.007,0.0157,51.0,100.0,49.0,99.0,100.0,100.0,0.0,0.0,0.9878,0.9843,0.9791,2,3,1,49790.0,47760.0,47760.0,49790.0,2030.0,1,1,2030.0,2026-05-17 06:05:31,126.0,87.32,83.76,0,0,0,0,0,0,0,0,0,0,0,0,0,0,0,0.0,0,0,0,,0.0,,,0.0,0,0,0,,0.0,,2026-05-25 23:59:59.999999999,2023-02-07 19:00:19,2026-05-25 13:54:39,1203.208,True,47760.0,2026-05-17 06:05:31,126.0,8.746,0.0,True,47760.0,2026-05-17 06:05:31,126.0,8.746,0.0,True,0,0.0,False,0,0,0,0,0,0,0,0,0,0,0,0,0,0,0,0,0,0,0.0,0,0.0,-0.0,-0.0,8.746,0.0,0,0,0,-0.0,5,AC_BOUND,STATEFUL_NORMAL_RESPONDING,WINDOW_NORMAL_RESPONDING,ACTION_NONE,high,9,responding_or_no_concern,,days_eff=9 days_any=9 cyc_eff=0 hq_nr=0 total_nr=0 cens=0 lg_opp=0 opp=0 norm_anom=-0.00 conf_p=1 micro_only=False cluster=AC_BOUND,No action needed.,Responding normally; no concern.,,False,False,False,False,False,False,False,False,0,2026-06-08T10:02:59Z,rolling30-v2.0,30,1,abs_ge_50mWh
FSUN3-PC133Y8H_fsun3,2024-03-05,2024-02-04 23:59:59.999999999,2024-03-05 23:59:59.999999999,35,13.988,0.489,45.63,211.91,3,3,2,0,0,0,0,False,WINDOW_QUALITY_SPARSE,119.0,120.0,1.0,2.145,0.4062,0.229,0.5938,17.0,100.0,83.0,43.1,87.0,100.0,0.0,0.0,0.4213,0.2692,0.2168,4,6,2,50520.0,50620.0,50520.0,50620.0,100.0,1,1,100.0,2024-03-04 15:59:51,120.0,88.6,88.78,0,0,0,0,0,0,0,0,0,0,0,0,0,0,0,0.0,0,0,0,,0.0,,,0.0,0,0,0,,0.0,,2024-03-05 23:59:59.999999999,2023-02-07 19:00:19,2024-03-05 15:54:52,392.208,True,50620.0,2024-03-04 15:59:51,120.0,1.333,0.0,True,50620.0,2024-03-04 15:59:51,120.0,1.333,0.0,True,0,0.0,False,0,0,0,0,0,0,0,0,0,0,0,0,0,0,0,0,0,0,0.0,0,0.0,-0.0,-0.0,1.333,0.0,0,0,0,-0.0,-1,SPARSE_OR_GAPPY,STATEFUL_REVIEW_DATA_QUALITY,WINDOW_DATA_QUALITY_REVIEW,ACTION_COLLECT_MORE_DATA_OR_MANUAL_REVIEW,low,1,data_quality_or_history_review,,days_eff=1 days_any=1 cyc_eff=0 hq_nr=0 total_nr=0 cens=0 lg_opp=0 opp=0 norm_anom=-0.00 conf_p=1 micro_only=False cluster=SPARSE_OR_GAPPY,No user-facing action; collecting more data.,Data-quality/history review outranks action (would_have_been=NONE). Collect more data or manual review.,NONE,False,False,False,False,False,False,True,False,0,2026-06-08T10:02:59Z,rolling30-v2.0,30,1,abs_ge_50mWh
FTEK-PW09S10C_ftek,2024-08-05,2024-07-06 23:59:59.999999999,2024-08-05 23:59:59.999999999,11,25.584,0.167,311.958,445.397,3,3,2,0,0,0,0,False,WINDOW_QUALITY_SHORT_OBS,31.0,31.0,0.0,0.0,0.245,0.245,0.755,17.0,51.0,34.0,21.5,34.0,49.5,0.0,0.0,0.0,0.0,0.0,2,2,1,57290.0,57290.0,57290.0,57290.0,0.0,0,0,0.0,,,100.51,100.51,0,0,0,0,0,0,0,0,0,0,0,0,0,0,0,0.0,0,0,0,,0.0,,,0.0,0,0,0,,0.0,,2024-08-05 23:59:59.999999999,2024-02-16 07:10:24,2024-08-05 22:19:49,171.701,True,57380.0,2024-04-09 10:26:41,23.0,118.565,8.0,False,57290.0,2024-05-20 12:43:35,31.0,77.47,0.0,False,8,20.0,True,1,0,0,1,0,1,0,1,0,0,1,0,1,0,1,0,0,0,0.451,0,-0.59962,0.2604,0.2604,118.565,8.0,1,1,0,0.2604,-1,SPARSE_OR_GAPPY,STATEFUL_REVIEW_DATA_QUALITY,WINDOW_DATA_QUALITY_REVIEW,ACTION_COLLECT_MORE_DATA_OR_MANUAL_REVIEW,low,1,data_quality_or_history_review,fw_like;micro_wobble,days_eff=119 days_any=77 cyc_eff=8 hq_nr=1 total_nr=1 cens=0 lg_opp=0 opp=2 norm_anom=0.26 conf_p=1 micro_only=True cluster=SPARSE_OR_GAPPY,No user-facing action; collecting more data.,Data-quality/history review outranks action (would_have_been=FW_WATCH_LIKE). Collect more data or manual review.,FW_WATCH_LIKE,True,False,True,False,False,False,True,False,0,2026-06-08T10:02:59Z,rolling30-v2.0,30,1,abs_ge_50mWh
GGILLETT-5D9MVD_ggillett,2026-05-27,2026-04-27 23:59:59.999999999,2026-05-27 23:59:59.999999999,481,29.09,0.5,3.082,73.339,21,12,4,0,0,0,0,False,WINDOW_QUALITY_OK,124.0,132.0,8.0,8.25,0.7544,0.1009,0.2456,27.0,100.0,73.0,64.0,99.0,100.0,0.0,0.0,0.8878,0.8596,0.8113,76,100,38,48030.0,47910.0,47910.0,48030.0,120.0,8,0,0.0,,,91.49,91.26,0,0,0,0,0,0,0,0,0,0,0,0,0,0,0,0.0,0,0,0,,0.0,,,0.0,0,0,0,,0.0,,2026-05-27 23:59:59.999999999,2025-02-05 11:07:45,2026-05-27 10:51:54,476.536,True,48610.0,2025-10-31 16:21:55,87.0,208.318,45.0,False,47910.0,2026-05-22 09:34:44,132.0,5.601,0.0,True,45,20.0,True,0,0,0,0,0,0,0,0,0,0,0,0,0,0,0,0,0,0,0.0,0,0.0,-0.0,-0.0,208.318,45.0,0,0,0,-0.0,5,AC_BOUND,STATEFUL_GAUGE_SOFT_CALIBRATION_EFFECTIVE_ONLY,WINDOW_MICRO_WOBBLE_ONLY,ACTION_SOFT_CALIBRATION_PROMPT,medium,5,micro_wobble_only_no_effective_relearn,gauge_like;micro_wobble,days_eff=208 days_any=6 cyc_eff=45 hq_nr=0 total_nr=0 cens=0 lg_opp=0 opp=0 norm_anom=-0.00 conf_p=1 micro_only=True cluster=AC_BOUND,A full charge/discharge cycle may help the gauge recalibrate (low priority).,Soft calibration prompt: micro-wobbles present but no meaningful FCC relearning step under the effective threshold for 208d. Not a hard gauge reset target.,,False,True,True,False,False,False,False,False,0,2026-06-08T10:02:59Z,rolling30-v2.0,30,1,abs_ge_50mWh
GHIROSE-F453D0C_ghirose,2025-06-10,2025-05-11 23:59:59.999999999,2025-06-10 23:59:59.999999999,500,29.034,0.5,1.327,63.661,21,21,4,0,0,0,0,False,WINDOW_QUALITY_OK,324.0,335.0,11.0,11.366,0.6081,0.1383,0.3919,6.0,95.0,89.0,56.9,92.0,94.0,0.0022,0.0108,0.8059,0.6665,0.0,123,191,62,35640.0,34650.0,34320.0,35850.0,1530.0,18,10,910.0,2025-06-06 15:43:59,334.0,90.5,87.99,0,1,0,0,1,0,1,0,0,1,0,1,0,0,1,0.0,0,0,0,,0.0,,,0.0,0,0,0,,0.0,,2025-06-10 23:59:59.999999999,2023-03-27 16:17:23,2025-06-10 11:02:55,806.321,True,34720.0,2025-06-06 15:43:59,334.0,4.344,1.0,True,34650.0,2025-06-09 18:33:21,335.0,1.227,0.0,True,3,40.0,True,0,0,0,0,0,0,0,0,0,0,0,0,0,0,0,0,0,0,0.0,0,0.0,-0.0,-0.0,4.344,1.0,0,0,0,-0.0,2,MOBILE_DEEP_CYCLE,STATEFUL_NORMAL_RESPONDING,WINDOW_NORMAL_RESPONDING,ACTION_NONE,high,9,responding_or_no_concern,micro_wobble,days_eff=4 days_any=1 cyc_eff=1 hq_nr=0 total_nr=0 cens=0 lg_opp=0 opp=0 norm_anom=-0.00 conf_p=1 micro_only=True cluster=MOBILE_DEEP_CYCLE,No action needed.,Responding normally; no concern.,,False,False,True,False,False,False,False,False,0,2026-06-08T10:02:59Z,rolling30-v2.0,30,1,abs_ge_50mWh
GHOOGAR-F3KPQQX_ghoogar,2024-02-27,2024-01-28 23:59:59.999999999,2024-02-27 23:59:59.999999999,90,27.105,0.499,35.438,137.518,10,9,5,0,0,0,0,False,WINDOW_QUALITY_SPARSE,81.0,87.0,6.0,6.641,0.2287,0.1742,0.7713,3.0,100.0,97.0,7.0,42.5,97.55,0.0478,0.1311,0.147,0.0795,0.0795,24,29,13,48590.0,48600.0,48590.0,48600.0,10.0,1,0,0.0,,,85.17,85.19,0,3,0,0,3,0,3,0,0,3,0,2,0,0,2,0.0,0,0,0,,0.0,,,0.0,0,0,0,,0.0,,2024-02-27 23:59:59.999999999,2023-02-14 08:51:39,2024-02-27 10:59:24,378.631,True,48600.0,2023-10-30 11:14:58,66.0,120.531,21.0,False,48600.0,2024-02-14 09:03:09,84.0,13.623,3.0,True,2,10.0,True,2,2,7,2,2,4,0,0,0,4,0,0,0,0,2,0,7,0,1.6392,0,-2.11304,0.9177,0.9177,120.531,21.0,4,0,0,0.9177,-1,SPARSE_OR_GAPPY,STATEFUL_REVIEW_DATA_QUALITY,WINDOW_DATA_QUALITY_REVIEW,ACTION_COLLECT_MORE_DATA_OR_MANUAL_REVIEW,low,1,data_quality_or_history_review,fw_like;micro_wobble;large_gap_dominant,days_eff=121 days_any=14 cyc_eff=21 hq_nr=2 total_nr=4 cens=0 lg_opp=7 opp=15 norm_anom=0.92 conf_p=1 micro_only=True cluster=SPARSE_OR_GAPPY,No user-facing action; collecting more data.,Data-quality/history review outranks action (would_have_been=FW_CORE_LIKE). Collect more data or manual review.,FW_CORE_LIKE,True,False,True,True,False,False,True,False,0,2026-06-08T10:02:59Z,rolling30-v2.0,30,1,abs_ge_50mWh
GKONDO-PF4RM5PL_gkondo,2024-09-11,2024-08-12 23:59:59.999999999,2024-09-11 23:59:59.999999999,553,29.825,0.5,5.176,60.329,26,15,4,0,0,0,0,False,WINDOW_QUALITY_OK,41.0,51.0,10.0,10.059,0.5941,0.164,0.4059,2.0,100.0,98.0,34.6,97.0,100.0,0.0095,0.0228,0.766,0.6778,0.5587,120,174,60,56780.0,51900.0,51900.0,58080.0,6180.0,16,5,5140.0,2024-09-11 19:56:08,51.0,99.56,91.0,0,3,0,0,3,0,3,0,0,3,0,3,0,0,3,0.0,0,0,0,,0.0,,,0.0,0,0,0,,0.0,,2024-09-11 23:59:59.999999999,2024-05-16 17:36:00,2024-09-11 19:56:17,118.267,True,51900.0,2024-09-11 19:56:08,51.0,0.169,0.0,True,51900.0,2024-09-11 19:56:08,51.0,0.169,0.0,True,0,0.0,False,0,0,0,0,0,0,0,0,0,0,0,0,0,0,0,0,0,0,0.0,0,0.0,-0.0,-0.0,0.169,0.0,0,0,0,-0.0,4,MOBILE_DEEP_CYCLE,STATEFUL_NORMAL_RESPONDING,WINDOW_NORMAL_RESPONDING,ACTION_NONE,high,9,responding_or_no_concern,,days_eff=0 days_any=0 cyc_eff=0 hq_nr=0 total_nr=0 cens=0 lg_opp=0 opp=0 norm_anom=-0.00 conf_p=1 micro_only=False cluster=MOBILE_DEEP_CYCLE,No action needed.,Responding normally; no concern.,,False,False,False,False,False,False,False,False,0,2026-06-08T10:02:59Z,rolling30-v2.0,30,1,abs_ge_50mWh
GKONDOXPF3TRKJD_gkondo,2026-06-01,2026-05-02 23:59:59.999999999,2026-06-01 23:59:59.999999999,229,26.662,0.5,0.5,266.778,2,2,2,0,0,0,0,False,WINDOW_QUALITY_OK,512.0,515.0,3.0,3.376,0.7364,0.0717,0.2636,1.0,100.0,99.0,9.0,100.0,100.0,0.0668,0.0939,0.7351,0.708,0.6945,8,12,4,43640.0,43640.0,43640.0,43640.0,0.0,0,0,0.0,,,76.56,76.56,1,2,1,0,3,1,2,1,0,3,1,2,1,0,3,0.451,0,1,1,0.54902,0.2604,0.53695,0.52345,0.1744,0,1,1,0.825581,0.0832,0.76302,2026-06-01 23:59:59.999999999,2023-02-02 16:46:38,2026-06-01 20:55:40,1215.301,True,43640.0,2026-04-08 02:43:15,506.0,54.887,9.0,True,43640.0,2026-04-08 02:43:15,506.0,54.887,9.0,True,0,0.0,False,1,1,5,1,1,2,0,1,1,4,1,1,2,0,1,0,5,0,0.902,0,-1.19924,0.5208,0.5208,54.887,9.0,2,2,0,0.5208,4,MOBILE_DEEP_CYCLE,STATEFUL_WATCH_LARGE_GAP_OR_CENSORED,WINDOW_OPPORTUNITY_NO_RESPONSE,ACTION_MONITOR_NEXT_WINDOW,low,7,large_gap_or_censored_dominant,fw_like;large_gap_dominant,days_eff=55 days_any=55 cyc_eff=9 hq_nr=1 total_nr=2 cens=0 lg_opp=5 opp=13 norm_anom=0.52 conf_p=0.537 micro_only=False cluster=MOBILE_DEEP_CYCLE,No user-facing action; monitoring.,Ambiguous/weak evidence (54d since effective change); monitor next window.,,True,False,False,True,False,False,False,False,21,2026-06-08T10:02:59Z,rolling30-v2.0,30,1,abs_ge_50mWh
GLANCE_GM4,2025-08-22,2025-07-23 23:59:59.999999999,2025-08-22 23:59:59.999999999,20,1.09,0.5,6.023,13.262,1,1,0,0,0,0,0,False,WINDOW_QUALITY_SHORT_OBS,194.0,195.0,1.0,27.519,0.9996,0.6237,0.0004,12.0,100.0,88.0,17.7,18.0,100.0,0.0,0.6237,0.3763,0.3763,0.3763,1,2,1,46270.0,46290.0,46270.0,46290.0,20.0,1,0,0.0,,,93.42,93.46,0,1,0,0,1,0,1,0,0,1,0,1,0,0,1,0.0,0,0,0,,0.0,,,0.0,0,0,0,,0.0,,2025-08-22 23:59:59.999999999,2023-02-20 22:20:49,2025-08-22 13:04:27,914.069,True,46300.0,2024-06-24 17:12:56,192.0,424.283,3.0,False,46290.0,2025-08-21 21:24:58,195.0,1.108,0.0,True,2,30.0,True,0,0,1,0,0,0,0,0,0,1,0,0,0,0,0,0,1,0,0.0,0,0.0,-0.0,-0.0,424.283,3.0,0,0,0,-0.0,-1,SPARSE_OR_GAPPY,STATEFUL_REVIEW_DATA_QUALITY,WINDOW_DATA_QUALITY_REVIEW,ACTION_COLLECT_MORE_DATA_OR_MANUAL_REVIEW,low,1,data_quality_or_history_review,micro_wobble;large_gap_dominant,days_eff=424 days_any=1 cyc_eff=3 hq_nr=0 total_nr=0 cens=0 lg_opp=1 opp=2 norm_anom=-0.00 conf_p=1 micro_only=True cluster=SPARSE_OR_GAPPY,No user-facing action; collecting more data.,Data-quality/history review outranks action (would_have_been=NONE). Collect more data or manual review.,NONE,False,False,True,True,False,False,True,False,0,2026-06-08T10:02:59Z,rolling30-v2.0,30,1,abs_ge_50mWh
GLRTEST_s,2024-07-18,2024-06-18 23:59:59.999999999,2024-07-18 23:59:59.999999999,513,22.982,0.5,1.7,98.925,16,12,2,0,0,0,0,False,WINDOW_QUALITY_OK,3.0,4.0,1.0,1.305,0.8182,0.0762,0.1818,78.0,100.0,22.0,93.6,98.0,100.0,0.0,0.0,0.9893,0.9574,0.7821,114,133,57,59840.0,59760.0,59760.0,59840.0,80.0,5,0,0.0,,,103.17,103.03,0,0,0,0,0,0,0,0,0,0,0,0,0,0,0,0.0,0,0,0,,0.0,,,0.0,0,0,0,,0.0,,2024-07-18 23:59:59.999999999,2024-06-25 14:38:20,2024-07-18 14:12:50,23.39,False,59840.0,2024-06-25 14:38:20,3.0,23.39,1.0,False,59760.0,2024-07-18 11:31:11,4.0,0.52,0.0,False,5,30.0,True,0,0,0,0,0,0,0,0,0,0,0,0,0,0,0,0,0,0,0.0,0,0.0,-0.0,-0.0,23.39,1.0,0,0,0,-0.0,5,AC_BOUND,STATEFUL_REVIEW_DATA_QUALITY,WINDOW_MICRO_WOBBLE_ONLY,ACTION_COLLECT_MORE_DATA_OR_MANUAL_REVIEW,low,1,data_quality_or_history_review,micro_wobble,days_eff=23 days_any=1 cyc_eff=1 hq_nr=0 total_nr=0 cens=0 lg_opp=0 opp=0 norm_anom=-0.00 conf_p=1 micro_only=True cluster=AC_BOUND,No user-facing action; collecting more data.,Data-quality/history review outranks action (would_have_been=NONE). Collect more data or manual review.,NONE,False,False,True,False,False,True,False,False,0,2026-06-08T10:02:59Z,rolling30-v2.0,30,1,abs_ge_50mWh
GM201_an1,2026-04-22,2026-03-23 23:59:59.999999999,2026-04-22 23:59:59.999999999,1483,23.206,0.046,0.5,164.357,8,7,2,0,0,0,0,False,WINDOW_QUALITY_OK,38.0,41.0,3.0,3.878,0.7761,0.0523,0.2239,18.0,100.0,82.0,82.0,98.0,100.0,0.0,0.0014,0.8342,0.7977,0.7402,21,32,11,56860.0,56230.0,56230.0,56860.0,630.0,4,1,600.0,2026-04-14 13:06:59,40.0,98.03,96.95,0,1,0,0,1,0,0,0,0,0,0,0,0,0,0,0.0,0,0,0,,0.0,,,0.0,0,0,0,,0.0,,2026-04-22 23:59:59.999999999,2026-03-30 13:01:02,2026-04-22 17:57:57,23.458,False,56240.0,2026-04-14 13:06:59,40.0,8.453,1.0,False,56230.0,2026-04-17 14:48:11,41.0,5.383,0.0,False,1,10.0,True,0,0,0,0,0,0,0,0,0,0,0,0,0,0,0,0,0,0,0.0,0,0.0,-0.0,-0.0,8.453,1.0,0,0,0,-0.0,3,AC_BOUND,STATEFUL_REVIEW_DATA_QUALITY,WINDOW_NORMAL_RESPONDING,ACTION_COLLECT_MORE_DATA_OR_MANUAL_REVIEW,low,1,data_quality_or_history_review,micro_wobble,days_eff=8 days_any=5 cyc_eff=1 hq_nr=0 total_nr=0 cens=0 lg_opp=0 opp=0 norm_anom=-0.00 conf_p=1 micro_only=True cluster=AC_BOUND,No user-facing action; collecting more data.,Data-quality/history review outranks action (would_have_been=NONE). Collect more data or manual review.,NONE,False,False,True,False,False,True,False,False,0,2026-06-08T10:02:59Z,rolling30-v2.0,30,1,abs_ge_50mWh
GMCNEIL-F55JALH_gmcneil,2024-11-25,2024-10-26 23:59:59.999999999,2024-11-25 23:59:59.999999999,1024,29.639,0.5,0.595,42.303,15,7,2,0,0,0,0,False,WINDOW_QUALITY_OK,26.0,43.0,17.0,17.207,0.8072,0.2075,0.1928,0.0,100.0,100.0,16.0,97.0,100.0,0.0267,0.0654,0.7653,0.741,0.6268,130,200,65,56650.0,53810.0,53140.0,57530.0,4390.0,25,8,2550.0,2024-11-22 22:27:19,42.0,97.67,92.78,3,4,2,0,7,3,3,2,0,6,3,3,2,0,6,1.1288,1,2,3,0.24055,0.6188,0.23168,0.21326,1.6369,1,2,3,0.093805,1.0278,0.19663,2024-11-25 23:59:59.999999999,2024-09-17 15:21:50,2024-11-25 15:44:09,69.36,True,53850.0,2024-11-22 22:27:19,42.0,3.064,1.0,True,53810.0,2024-11-25 09:37:40,43.0,0.599,0.0,True,1,40.0,True,0,0,1,0,0,0,0,0,0,1,0,0,0,0,0,0,1,0,0.0,0,0.0,-0.0,-0.0,3.064,1.0,0,0,0,-0.0,4,MOBILE_DEEP_CYCLE,STATEFUL_WATCH_LARGE_GAP_OR_CENSORED,WINDOW_NORMAL_RESPONDING,ACTION_MONITOR_NEXT_WINDOW,low,7,large_gap_or_censored_dominant,micro_wobble;large_gap_dominant,days_eff=3 days_any=1 cyc_eff=1 hq_nr=0 total_nr=0 cens=0 lg_opp=1 opp=2 norm_anom=-0.00 conf_p=0.232 micro_only=True cluster=MOBILE_DEEP_CYCLE,No user-facing action; monitoring.,Ambiguous/weak evidence (3d since effective change); monitor next window.,,False,False,True,True,False,False,False,False,0,2026-06-08T10:02:59Z,rolling30-v2.0,30,1,abs_ge_50mWh
GREG-WORK-X13Y_gmcneil,2024-09-06,2024-08-07 23:59:59.999999999,2024-09-06 23:59:59.999999999,920,29.905,0.5,1.342,39.542,16,6,3,0,0,0,0,False,WINDOW_QUALITY_OK,146.0,165.0,19.0,19.06,0.7046,0.2802,0.2954,3.0,100.0,97.0,22.9,98.0,100.0,0.0076,0.0334,0.7466,0.7106,0.6777,126,164,63,47140.0,47140.0,47140.0,47140.0,0.0,0,0,0.0,,,86.13,86.13,6,4,6,1,11,4,4,4,0,8,3,4,3,0,7,2.5206,0,6,6,0.03781,1.4224,0.03814,0.04146,0.575,0,6,6,0.545098,0.2635,0.51403,2024-09-06 23:59:59.999999999,2023-05-12 21:19:28,2024-09-06 22:00:20,483.111,True,47140.0,2024-08-01 12:59:45,143.0,36.459,22.0,True,47140.0,2024-08-01 12:59:45,143.0,36.459,22.0,True,0,0.0,False,7,1,4,6,1,7,1,3,1,4,3,1,4,0,6,1,4,0,2.9509,0,-3.83786,1.6668,1.6668,36.459,22.0,7,4,0,1.6668,3,AC_BOUND,STATEFUL_WATCH_LOW_EVIDENCE,WINDOW_OPPORTUNITY_NO_RESPONSE,ACTION_MONITOR_NEXT_WINDOW,low,8,weak_partial_evidence,fw_like,days_eff=36 days_any=36 cyc_eff=22 hq_nr=6 total_nr=7 cens=1 lg_opp=4 opp=20 norm_anom=1.67 conf_p=0.0381 micro_only=False cluster=AC_BOUND,No user-facing action; monitoring.,Ambiguous/weak evidence (36d since effective change); monitor next window.,,True,False,False,False,False,False,False,False,7,2026-06-08T10:02:59Z,rolling30-v2.0,30,1,abs_ge_50mWh
GTORRES3-0ABC7N_gtorres3,2025-06-13,2025-05-14 23:59:59.999999999,2025-06-13 23:59:59.999999999,10,7.306,0.5,88.032,99.803,2,2,2,0,0,0,0,False,WINDOW_QUALITY_SHORT_OBS,17.0,17.0,0.0,0.0,0.0,0.0,1.0,6.0,51.0,45.0,6.0,24.0,48.3,0.2428,0.4851,0.0,0.0,0.0,1,1,1,42670.0,42780.0,42670.0,42780.0,110.0,1,1,110.0,2025-06-09 08:09:46,17.0,101.07,101.33,0,0,0,0,0,0,0,0,0,0,0,0,0,0,0,0.0,0,0,0,,0.0,,,0.0,0,0,0,,0.0,,2025-06-13 23:59:59.999999999,2024-04-04 12:13:20,2025-06-13 15:22:59,435.491,True,42780.0,2025-06-09 08:09:46,17.0,4.66,0.0,True,42780.0,2025-06-09 08:09:46,17.0,4.66,0.0,True,0,0.0,False,0,0,0,0,0,0,0,0,0,0,0,0,0,0,0,0,0,0,0.0,0,0.0,-0.0,-0.0,4.66,0.0,0,0,0,-0.0,-1,SPARSE_OR_GAPPY,STATEFUL_REVIEW_DATA_QUALITY,WINDOW_DATA_QUALITY_REVIEW,ACTION_COLLECT_MORE_DATA_OR_MANUAL_REVIEW,low,1,data_quality_or_history_review,,days_eff=5 days_any=5 cyc_eff=0 hq_nr=0 total_nr=0 cens=0 lg_opp=0 opp=0 norm_anom=-0.00 conf_p=1 micro_only=False cluster=SPARSE_OR_GAPPY,No user-facing action; collecting more data.,Data-quality/history review outranks action (would_have_been=NONE). Collect more data or manual review.,NONE,False,False,False,False,False,False,True,False,0,2026-06-08T10:02:59Z,rolling30-v2.0,30,1,abs_ge_50mWh
GTORRES3-0C7G0F_gtorres3,2024-11-11,2024-10-12 23:59:59.999999999,2024-11-11 23:59:59.999999999,346,28.525,0.5,11.366,36.854,34,17,3,0,0,0,0,False,WINDOW_QUALITY_OK,16.0,24.0,8.0,8.414,0.3135,0.1009,0.6922,2.0,100.0,98.0,16.0,79.0,100.0,0.0169,0.056,0.4525,0.347,0.2618,44,47,20,58020.0,56710.0,56710.0,59080.0,2370.0,12,6,1750.0,2024-11-02 14:59:04,23.0,100.03,97.78,1,4,1,0,5,0,3,0,0,3,0,3,0,0,3,0.451,0,1,1,0.54902,0.2604,0.53695,0.52345,0.4625,0,1,1,0.537459,0.2697,0.51097,2024-11-11 23:59:59.999999999,2024-08-14 09:26:53,2024-11-11 09:36:17,89.606,True,56730.0,2024-11-02 14:59:04,23.0,9.376,1.0,True,56710.0,2024-11-03 09:56:51,24.0,8.586,0.0,True,1,20.0,True,0,1,0,0,1,1,0,0,0,1,0,0,0,0,0,0,0,0,0.4407,0,-0.58107,0.2524,0.2524,9.376,1.0,1,0,0,0.2524,4,MOBILE_DEEP_CYCLE,STATEFUL_WATCH_LOW_EVIDENCE,WINDOW_NORMAL_RESPONDING,ACTION_MONITOR_NEXT_WINDOW,low,8,weak_partial_evidence,fw_like;micro_wobble,days_eff=9 days_any=9 cyc_eff=1 hq_nr=0 total_nr=1 cens=0 lg_opp=0 opp=2 norm_anom=0.25 conf_p=0.537 micro_only=True cluster=MOBILE_DEEP_CYCLE,No user-facing action; monitoring.,Ambiguous/weak evidence (9d since effective change); monitor next window.,,True,False,True,False,False,False,False,False,0,2026-06-08T10:02:59Z,rolling30-v2.0,30,1,abs_ge_50mWh
GTORRES3-5AZJEC_gtorres3,2026-05-27,2026-04-27 23:59:59.999999999,2026-05-27 23:59:59.999999999,64,21.96,0.5,63.129,107.424,10,9,6,0,0,0,0,False,WINDOW_QUALITY_SPARSE,45.0,48.0,3.0,4.098,0.1324,0.1238,0.8676,6.0,100.0,94.0,21.75,65.5,99.0,0.0058,0.01,0.2596,0.1186,0.0794,13,13,7,81940.0,81940.0,81940.0,81940.0,0.0,0,0,0.0,,,102.42,102.42,0,1,0,0,1,0,1,0,0,1,0,1,0,0,1,0.0,0,0,0,,0.0,,,0.0,0,0,0,,0.0,,2026-05-27 23:59:59.999999999,2025-01-13 09:25:31,2026-05-27 14:01:26,499.607,True,81940.0,2026-01-27 14:52:40,40.0,120.38,8.0,False,81940.0,2026-01-27 14:52:40,40.0,120.38,8.0,False,0,0.0,False,0,0,2,0,0,0,0,0,0,2,0,0,0,0,0,0,2,0,0.0,0,0.0,-0.0,-0.0,120.38,8.0,0,0,0,-0.0,-1,SPARSE_OR_GAPPY,STATEFUL_REVIEW_DATA_QUALITY,WINDOW_DATA_QUALITY_REVIEW,ACTION_COLLECT_MORE_DATA_OR_MANUAL_REVIEW,low,1,data_quality_or_history_review,large_gap_dominant,days_eff=120 days_any=120 cyc_eff=8 hq_nr=0 total_nr=0 cens=0 lg_opp=2 opp=4 norm_anom=-0.00 conf_p=1 micro_only=False cluster=SPARSE_OR_GAPPY,No user-facing action; collecting more data.,Data-quality/history review outranks action (would_have_been=NONE). Collect more data or manual review.,NONE,False,False,False,True,False,False,True,False,0,2026-06-08T10:02:59Z,rolling30-v2.0,30,1,abs_ge_50mWh
GUERRILLAPC-M_GPC-1,2024-01-05,2023-12-06 23:59:59.999999999,2024-01-05 23:59:59.999999999,391,17.875,0.016,3.919,83.572,14,9,2,0,0,0,0,False,WINDOW_QUALITY_OK,2.0,7.0,5.0,8.392,0.3525,0.1349,0.6475,1.0,100.0,99.0,17.0,76.0,80.0,0.0554,0.0909,0.0561,0.0391,0.0348,143,162,72,57000.0,57000.0,57000.0,57000.0,0.0,0,0,0.0,,,100.0,100.0,0,2,0,0,2,0,0,0,0,0,0,0,0,0,0,0.0,0,0,0,,0.0,,,0.0,0,0,0,,0.0,,2024-01-05 23:59:59.999999999,2023-12-18 13:58:45,2024-01-05 10:59:03,18.418,False,57000.0,2023-12-18 13:58:45,2.0,18.418,5.0,False,57000.0,2023-12-18 13:58:45,2.0,18.418,5.0,False,0,0.0,False,0,1,1,0,1,1,0,0,0,0,0,0,0,0,0,0,1,0,0.3144,0,-0.3775,0.1639,0.1639,18.418,5.0,1,0,0,0.1639,1,AC_BOUND,STATEFUL_REVIEW_DATA_QUALITY,WINDOW_LARGE_GAP_AMBIGUOUS,ACTION_COLLECT_MORE_DATA_OR_MANUAL_REVIEW,low,1,data_quality_or_history_review,fw_like;large_gap_dominant,days_eff=18 days_any=18 cyc_eff=5 hq_nr=0 total_nr=1 cens=0 lg_opp=1 opp=2 norm_anom=0.16 conf_p=1 micro_only=False cluster=AC_BOUND,No user-facing action; collecting more data.,Data-quality/history review outranks action (would_have_been=FW_WATCH_LIKE). Collect more data or manual review.,FW_WATCH_LIKE,True,False,False,True,False,True,False,False,0,2026-06-08T10:02:59Z,rolling30-v2.0,30,1,abs_ge_50mWh
HAOJING6-501MPD_haojing6,2026-04-22,2026-03-23 23:59:59.999999999,2026-04-22 23:59:59.999999999,481,29.066,0.5,7.033,70.519,27,20,5,0,0,0,0,False,WINDOW_QUALITY_OK,67.0,73.0,6.0,6.193,0.7829,0.0943,0.2171,30.0,100.0,70.0,73.0,99.0,100.0,0.0,0.0,0.8894,0.8527,0.766,84,103,42,38050.0,37980.0,37980.0,38050.0,70.0,6,0,0.0,,,65.58,65.46,0,0,0,0,0,0,0,0,0,0,0,0,0,0,0,0.0,0,0,0,,0.0,,,0.0,0,0,0,,0.0,,2026-04-22 23:59:59.999999999,2025-03-17 13:51:58,2026-04-22 10:27:39,401.422,True,38060.0,2026-03-09 16:19:04,66.0,44.32,7.0,True,37980.0,2026-04-22 09:57:39,73.0,0.585,0.0,True,7,20.0,True,0,0,0,0,0,0,0,0,0,0,0,0,0,0,0,0,0,0,0.0,0,0.0,-0.0,-0.0,44.32,7.0,0,0,0,-0.0,5,AC_BOUND,STATEFUL_NORMAL_RESPONDING,WINDOW_MICRO_WOBBLE_ONLY,ACTION_NONE,high,9,responding_or_no_concern,micro_wobble,days_eff=44 days_any=1 cyc_eff=7 hq_nr=0 total_nr=0 cens=0 lg_opp=0 opp=0 norm_anom=-0.00 conf_p=1 micro_only=True cluster=AC_BOUND,No action needed.,Responding normally; no concern.,,False,False,True,False,False,False,False,False,0,2026-06-08T10:02:59Z,rolling30-v2.0,30,1,abs_ge_50mWh
HARDBAR-F4VMMMN_hardbar,2024-10-29,2024-09-29 23:59:59.999999999,2024-10-29 23:59:59.999999999,2,0.0,0.003,0.003,0.003,0,0,0,0,0,0,0,False,WINDOW_QUALITY_SHORT_OBS,35.0,35.0,0.0,0.0,1.0,1.0,0.0,27.0,27.0,0.0,27.0,27.0,27.0,0.0,0.0,0.0,0.0,0.0,0,0,0,52680.0,52680.0,52680.0,52680.0,0.0,0,0,0.0,,,100.34,100.34,0,0,0,0,0,0,0,0,0,0,0,0,0,0,0,0.0,0,0,0,,0.0,,,0.0,0,0,0,,0.0,,2024-10-29 23:59:59.999999999,2024-01-11 10:30:19,2024-10-29 22:37:13,292.562,True,52680.0,2024-07-11 10:34:53,35.0,110.559,0.0,False,52680.0,2024-07-11 10:34:53,35.0,110.559,0.0,False,0,0.0,False,0,0,0,0,0,0,0,0,0,0,0,0,0,0,0,0,0,0,0.0,0,0.0,-0.0,-0.0,110.559,0.0,0,0,0,-0.0,-1,SPARSE_OR_GAPPY,STATEFUL_REVIEW_DATA_QUALITY,WINDOW_DATA_QUALITY_REVIEW,ACTION_COLLECT_MORE_DATA_OR_MANUAL_REVIEW,low,1,data_quality_or_history_review,,days_eff=111 days_any=111 cyc_eff=0 hq_nr=0 total_nr=0 cens=0 lg_opp=0 opp=0 norm_anom=-0.00 conf_p=1 micro_only=False cluster=SPARSE_OR_GAPPY,No user-facing action; collecting more data.,Data-quality/history review outranks action (would_have_been=NONE). Collect more data or manual review.,NONE,False,False,False,False,False,False,True,False,0,2026-06-08T10:02:59Z,rolling30-v2.0,30,1,abs_ge_50mWh
HARRLIXPF4PFNTC_harrli,2023-12-28,2023-11-28 23:59:59.999999999,2023-12-28 23:59:59.999999999,769,29.321,0.5,2.205,23.036,25,11,0,0,0,0,0,False,WINDOW_QUALITY_OK,22.0,56.0,34.0,34.788,0.6132,0.257,0.3868,2.0,100.0,98.0,7.0,78.0,100.0,0.0433,0.1292,0.5066,0.4367,0.382,137,196,69,56450.0,57560.0,56310.0,57570.0,1260.0,7,4,1260.0,2023-12-13 09:24:49,40.0,98.95,100.89,15,10,7,0,25,11,10,7,0,21,7,8,4,0,15,5.1675,8,7,15,0.001708,2.7676,0.00254,0.0032,5.5769,8,7,15,0.000713,3.1468,0.03198,2023-12-28 23:59:59.999999999,2023-11-16 10:33:05,2023-12-28 16:11:19,42.56,False,57570.0,2023-12-13 09:24:49,40.0,15.608,16.0,False,57560.0,2023-12-14 08:10:06,41.0,14.66,15.0,False,1,10.0,True,5,6,1,5,5,10,1,4,3,0,4,3,7,0,5,1,1,0,3.1649,0,-3.80549,1.6527,1.6527,15.608,16.0,10,7,0,1.6527,4,MOBILE_DEEP_CYCLE,STATEFUL_REVIEW_DATA_QUALITY,WINDOW_NORMAL_RESPONDING,ACTION_COLLECT_MORE_DATA_OR_MANUAL_REVIEW,low,1,data_quality_or_history_review,fw_like;micro_wobble,days_eff=16 days_any=15 cyc_eff=16 hq_nr=5 total_nr=10 cens=1 lg_opp=1 opp=19 norm_anom=1.65 conf_p=0.00254 micro_only=True cluster=MOBILE_DEEP_CYCLE,No user-facing action; collecting more data.,Data-quality/history review outranks action (would_have_been=FW_CORE_LIKE). Collect more data or manual review.,FW_CORE_LIKE,True,False,True,False,False,True,False,False,0,2026-06-08T10:02:59Z,rolling30-v2.0,30,1,abs_ge_50mWh
HARSHADA-X1CG12_hghodke,2026-05-27,2026-04-27 23:59:59.999999999,2026-05-27 23:59:59.999999999,238,28.978,0.5,15.014,73.682,27,15,5,0,0,0,0,False,WINDOW_QUALITY_OK,87.0,100.0,13.0,13.458,0.5652,0.1929,0.4348,2.0,100.0,98.0,15.85,89.5,100.0,0.0448,0.0668,0.6023,0.4771,0.3961,42,54,21,48580.0,49840.0,48570.0,52920.0,4350.0,17,6,4350.0,2026-05-20 13:35:42,97.0,85.18,87.39,3,3,3,0,6,2,3,2,0,5,0,3,0,0,3,1.1957,0,3,3,0.214423,0.6687,0.21055,0.19519,1.3484,0,3,3,0.161129,0.7928,0.24369,2026-05-27 23:59:59.999999999,2024-09-08 10:50:18,2026-05-27 09:12:36,626.548,True,49880.0,2026-05-20 13:35:42,97.0,7.434,3.0,True,49840.0,2026-05-26 20:52:32,100.0,1.13,0.0,True,3,20.0,True,1,0,0,1,0,1,0,0,0,1,0,0,0,0,1,0,0,0,0.4303,0,-0.56269,0.2444,0.2444,7.434,3.0,1,0,0,0.2444,4,MOBILE_DEEP_CYCLE,STATEFUL_WATCH_LOW_EVIDENCE,WINDOW_NORMAL_RESPONDING,ACTION_MONITOR_NEXT_WINDOW,low,8,weak_partial_evidence,fw_like;micro_wobble,days_eff=7 days_any=1 cyc_eff=3 hq_nr=1 total_nr=1 cens=0 lg_opp=0 opp=2 norm_anom=0.24 conf_p=0.211 micro_only=True cluster=MOBILE_DEEP_CYCLE,No user-facing action; monitoring.,Ambiguous/weak evidence (7d since effective change); monitor next window.,,True,False,True,False,False,False,False,False,0,2026-06-08T10:02:59Z,rolling30-v2.0,30,1,abs_ge_50mWh
HBOUHYA-F5GLH13_hbouhya,2025-11-05,2025-10-06 23:59:59.999999999,2025-11-05 23:59:59.999999999,421,29.514,0.5,5.03,117.263,19,13,3,0,0,0,0,False,WINDOW_QUALITY_OK,18.0,20.0,2.0,2.033,0.8407,0.0448,0.1593,18.0,100.0,82.0,80.0,97.0,100.0,0.0,0.0093,0.8872,0.8558,0.7722,18,38,9,52810.0,52770.0,52770.0,52810.0,40.0,2,0,0.0,,,96.46,96.38,0,1,0,0,1,0,0,0,0,0,0,0,0,0,0,0.0,0,0,0,,0.0,,,0.0,0,0,0,,0.0,,2025-11-05 23:59:59.999999999,2025-05-28 14:44:00,2025-11-05 15:14:05,161.386,True,52870.0,2025-08-29 07:36:05,14.0,68.683,6.0,False,52770.0,2025-10-24 10:58:15,20.0,12.543,0.0,True,6,20.0,True,0,0,1,0,0,0,0,0,0,0,0,0,0,0,0,0,1,0,0.0,0,0.0,-0.0,-0.0,68.683,6.0,0,0,0,-0.0,4,MOBILE_DEEP_CYCLE,STATEFUL_WATCH_LARGE_GAP_OR_CENSORED,WINDOW_MICRO_WOBBLE_ONLY,ACTION_MONITOR_NEXT_WINDOW,low,7,large_gap_or_censored_dominant,micro_wobble;large_gap_dominant,days_eff=69 days_any=13 cyc_eff=6 hq_nr=0 total_nr=0 cens=0 lg_opp=1 opp=1 norm_anom=-0.00 conf_p=1 micro_only=True cluster=MOBILE_DEEP_CYCLE,No user-facing action; monitoring.,Ambiguous/weak evidence (68d since effective change); monitor next window.,,False,False,True,True,False,False,False,False,0,2026-06-08T10:02:59Z,rolling30-v2.0,30,1,abs_ge_50mWh
HBOUHYA-F62XRZ6_hbouhya,2026-03-17,2026-02-15 23:59:59.999999999,2026-03-17 23:59:59.999999999,437,29.264,0.5,8.162,106.743,24,16,3,0,0,0,0,False,WINDOW_QUALITY_OK,1.0,6.0,5.0,5.126,0.9476,0.0913,0.0524,0.0,100.0,100.0,86.6,98.0,100.0,0.0046,0.0159,0.9541,0.9447,0.8655,28,48,14,60000.0,57560.0,57560.0,60000.0,2440.0,8,3,1670.0,2026-03-17 07:47:36,5.0,100.0,95.93,0,3,0,0,3,0,3,0,0,3,0,3,0,0,3,0.0,0,0,0,,0.0,,,0.0,0,0,0,,0.0,,2026-03-17 23:59:59.999999999,2026-01-22 15:01:07,2026-03-17 14:09:22,54.374,False,57570.0,2026-03-17 07:47:36,5.0,0.675,1.0,False,57560.0,2026-03-17 09:47:38,6.0,0.592,0.0,False,1,10.0,True,0,1,0,0,0,0,1,0,1,0,0,0,0,1,0,1,0,0,0.0,0,0.0,-0.0,-0.0,0.675,1.0,0,0,0,-0.0,4,MOBILE_DEEP_CYCLE,STATEFUL_REVIEW_DATA_QUALITY,WINDOW_NORMAL_RESPONDING,ACTION_COLLECT_MORE_DATA_OR_MANUAL_REVIEW,low,1,data_quality_or_history_review,micro_wobble;censored_dominant,days_eff=1 days_any=1 cyc_eff=1 hq_nr=0 total_nr=0 cens=1 lg_opp=0 opp=2 norm_anom=-0.00 conf_p=1 micro_only=True cluster=MOBILE_DEEP_CYCLE,No user-facing action; collecting more data.,Data-quality/history review outranks action (would_have_been=NONE). Collect more data or manual review.,NONE,False,False,True,False,True,True,False,False,0,2026-06-08T10:02:59Z,rolling30-v2.0,30,1,abs_ge_50mWh
HDIZ1PF59HFLQ_hdiz,2026-05-27,2026-04-27 23:59:59.999999999,2026-05-27 23:59:59.999999999,646,29.146,0.5,5.445,64.406,31,7,2,0,0,0,0,False,WINDOW_QUALITY_OK,223.0,247.0,24.0,24.703,0.3768,0.2109,0.6232,10.0,100.0,90.0,30.0,74.0,100.0,0.0,0.0137,0.4752,0.3599,0.2784,127,174,64,52300.0,51460.0,51460.0,52300.0,840.0,21,6,550.0,2026-05-26 20:52:37,246.0,91.71,90.23,0,3,0,0,3,0,3,0,0,3,0,1,0,0,1,0.0,0,0,0,,0.0,,,0.0,0,0,0,,0.0,,2026-05-27 23:59:59.999999999,2025-05-14 11:41:03,2026-05-27 11:02:11,378.513,True,51470.0,2026-05-26 20:52:37,246.0,1.13,1.0,True,51460.0,2026-05-27 10:32:11,247.0,0.561,0.0,True,1,10.0,True,0,0,0,0,0,0,0,0,0,0,0,0,0,0,0,0,0,0,0.0,0,0.0,-0.0,-0.0,1.13,1.0,0,0,0,-0.0,4,MOBILE_DEEP_CYCLE,STATEFUL_NORMAL_RESPONDING,WINDOW_NORMAL_RESPONDING,ACTION_NONE,high,9,responding_or_no_concern,micro_wobble,days_eff=1 days_any=1 cyc_eff=1 hq_nr=0 total_nr=0 cens=0 lg_opp=0 opp=0 norm_anom=-0.00 conf_p=1 micro_only=True cluster=MOBILE_DEEP_CYCLE,No action needed.,Responding normally; no concern.,,False,False,True,False,False,False,False,False,0,2026-06-08T10:02:59Z,rolling30-v2.0,30,1,abs_ge_50mWh
HELS-PW0C7G11_Lanshan,2024-08-22,2024-07-23 23:59:59.999999999,2024-08-22 23:59:59.999999999,417,28.62,0.5,9.31,55.096,30,10,5,0,0,0,0,False,WINDOW_QUALITY_OK,3.0,12.0,9.0,9.434,0.4213,0.1622,0.5787,21.0,100.0,79.0,45.0,94.0,100.0,0.0,0.0,0.7194,0.5936,0.3994,111,137,56,58030.0,57970.0,57970.0,58030.0,60.0,5,0,0.0,,,100.05,99.95,0,0,0,0,0,0,0,0,0,0,0,0,0,0,0,0.0,0,0,0,,0.0,,,0.0,0,0,0,,0.0,,2024-08-22 23:59:59.999999999,2024-07-18 14:10:14,2024-08-22 08:17:49,35.41,False,58030.0,2024-07-18 14:10:14,2.0,35.41,10.0,False,57970.0,2024-08-20 09:29:56,12.0,2.604,0.0,False,5,20.0,True,0,0,0,0,0,0,0,0,0,0,0,0,0,0,0,0,0,0,0.0,0,0.0,-0.0,-0.0,35.41,10.0,0,0,0,-0.0,5,AC_BOUND,STATEFUL_REVIEW_DATA_QUALITY,WINDOW_MICRO_WOBBLE_ONLY,ACTION_COLLECT_MORE_DATA_OR_MANUAL_REVIEW,low,1,data_quality_or_history_review,micro_wobble,days_eff=35 days_any=3 cyc_eff=10 hq_nr=0 total_nr=0 cens=0 lg_opp=0 opp=0 norm_anom=-0.00 conf_p=1 micro_only=True cluster=AC_BOUND,No user-facing action; collecting more data.,Data-quality/history review outranks action (would_have_been=NONE). Collect more data or manual review.,NONE,False,False,True,False,False,True,False,False,0,2026-06-08T10:02:59Z,rolling30-v2.0,30,1,abs_ge_50mWh
HHUDELSON-B0WN2_hhudelson,2026-06-01,2026-05-02 23:59:59.999999999,2026-06-01 23:59:59.999999999,473,28.3,0.5,7.004,78.631,28,6,4,0,0,0,0,False,WINDOW_QUALITY_OK,105.0,109.0,4.0,4.24,0.7174,0.0845,0.2826,52.0,100.0,48.0,81.0,100.0,100.0,0.0,0.0,0.9606,0.8748,0.8136,42,62,21,72840.0,72770.0,72770.0,72840.0,70.0,4,0,0.0,,,80.93,80.86,0,0,0,0,0,0,0,0,0,0,0,0,0,0,0,0.0,0,0,0,,0.0,,,0.0,0,0,0,,0.0,,2026-06-01 23:59:59.999999999,2024-05-06 14:29:03,2026-06-01 14:46:29,756.396,True,72900.0,2026-03-30 09:12:52,101.0,63.616,8.0,False,72770.0,2026-05-29 07:57:35,109.0,3.668,0.0,True,8,20.0,True,0,0,0,0,0,0,0,0,0,0,0,0,0,0,0,0,0,0,0.0,0,0.0,-0.0,-0.0,63.616,8.0,0,0,0,-0.0,5,AC_BOUND,STATEFUL_NORMAL_RESPONDING,WINDOW_MICRO_WOBBLE_ONLY,ACTION_NONE,high,9,responding_or_no_concern,micro_wobble,days_eff=64 days_any=4 cyc_eff=8 hq_nr=0 total_nr=0 cens=0 lg_opp=0 opp=0 norm_anom=-0.00 conf_p=1 micro_only=True cluster=AC_BOUND,No action needed.,Responding normally; no concern.,,False,False,True,False,False,False,False,False,0,2026-06-08T10:02:59Z,rolling30-v2.0,30,1,abs_ge_50mWh
HIDEKIK-F3T9NA0_hidekik,2024-08-06,2024-07-07 23:59:59.999999999,2024-08-06 23:59:59.999999999,629,29.614,0.5,3.912,52.86,26,6,4,0,0,0,0,False,WINDOW_QUALITY_OK,159.0,166.0,7.0,7.091,0.6267,0.1141,0.3733,28.0,100.0,72.0,84.0,99.0,100.0,0.0,0.0,0.9619,0.8669,0.687,155,216,78,52240.0,52240.0,52240.0,52240.0,0.0,0,0,0.0,,,91.57,91.57,0,0,0,0,0,0,0,0,0,0,0,0,0,0,0,0.0,0,0,0,,0.0,,,0.0,0,0,0,,0.0,,2024-08-06 23:59:59.999999999,2023-02-03 15:00:42,2024-08-06 15:12:42,550.375,True,52240.0,2024-06-17 10:08:15,150.0,50.578,16.0,True,52240.0,2024-06-17 10:08:15,150.0,50.578,16.0,True,0,0.0,False,0,0,1,0,0,0,0,0,0,0,0,0,0,0,0,0,1,0,0.0,0,0.0,-0.0,-0.0,50.578,16.0,0,0,0,-0.0,5,AC_BOUND,STATEFUL_WATCH_LARGE_GAP_OR_CENSORED,WINDOW_INSUFFICIENT_LEARNING_OPPORTUNITY,ACTION_MONITOR_NEXT_WINDOW,low,7,large_gap_or_censored_dominant,large_gap_dominant,days_eff=51 days_any=51 cyc_eff=16 hq_nr=0 total_nr=0 cens=0 lg_opp=1 opp=1 norm_anom=-0.00 conf_p=1 micro_only=False cluster=AC_BOUND,No user-facing action; monitoring.,Ambiguous/weak evidence (50d since effective change); monitor next window.,,False,False,False,True,False,False,False,False,0,2026-06-08T10:02:59Z,rolling30-v2.0,30,1,abs_ge_50mWh
HIKAWA-PF38LTK0_hikawa,2026-02-24,2026-01-25 23:59:59.999999999,2026-02-24 23:59:59.999999999,31,29.143,0.5,114.932,477.366,2,2,2,0,0,0,0,False,WINDOW_QUALITY_SPARSE,102.0,102.0,0.0,0.0,1.0,0.0857,0.0,57.0,100.0,43.0,77.5,98.0,100.0,0.0,0.0,0.9429,0.9429,0.9429,0,3,0,50370.0,50370.0,50370.0,50370.0,0.0,0,0,0.0,,,88.37,88.37,0,0,0,0,0,0,0,0,0,0,0,0,0,0,0,0.0,0,0,0,,0.0,,,0.0,0,0,0,,0.0,,2026-02-24 23:59:59.999999999,2023-02-15 14:00:41,2026-02-24 13:47:02,1105.416,True,50330.0,2025-11-13 18:54:59,99.0,103.212,3.0,False,50370.0,2025-11-26 20:12:33,99.0,90.158,3.0,False,1,40.0,True,0,0,0,0,0,0,0,0,0,0,0,0,0,0,0,0,0,0,0.0,0,0.0,-0.0,-0.0,103.212,3.0,0,0,0,-0.0,-1,SPARSE_OR_GAPPY,STATEFUL_REVIEW_DATA_QUALITY,WINDOW_DATA_QUALITY_REVIEW,ACTION_COLLECT_MORE_DATA_OR_MANUAL_REVIEW,low,1,data_quality_or_history_review,micro_wobble,days_eff=103 days_any=90 cyc_eff=3 hq_nr=0 total_nr=0 cens=0 lg_opp=0 opp=0 norm_anom=-0.00 conf_p=1 micro_only=True cluster=SPARSE_OR_GAPPY,No user-facing action; collecting more data.,Data-quality/history review outranks action (would_have_been=NONE). Collect more data or manual review.,NONE,False,False,True,False,False,False,True,False,0,2026-06-08T10:02:59Z,rolling30-v2.0,30,1,abs_ge_50mWh
HIKAWAXPF3Z84A1_hikawa,2026-05-22,2026-04-22 23:59:59.999999999,2026-05-22 23:59:59.999999999,11,7.019,0.5,90.748,164.585,1,1,1,0,0,0,0,False,WINDOW_QUALITY_SHORT_OBS,331.0,332.0,1.0,4.274,1.0,0.9506,0.0,0.0,100.0,100.0,8.5,91.0,100.0,0.0854,0.1704,0.5746,0.5746,0.4896,0,1,0,45980.0,45980.0,45980.0,45980.0,0.0,0,0,0.0,,,80.6,80.6,0,1,0,0,1,0,1,0,0,1,0,1,0,0,1,0.0,0,0,0,,0.0,,,0.0,0,0,0,,0.0,,2026-05-22 23:59:59.999999999,2023-02-09 10:41:46,2026-05-22 13:20:21,1198.554,True,45980.0,2024-03-13 19:55:45,232.0,800.17,100.0,False,45980.0,2024-03-13 19:55:45,232.0,800.17,100.0,False,0,0.0,False,0,0,11,0,0,0,0,0,0,4,0,0,0,0,0,0,11,0,0.0,0,0.0,-0.0,-0.0,800.17,100.0,0,0,0,-0.0,-1,SPARSE_OR_GAPPY,STATEFUL_REVIEW_DATA_QUALITY,WINDOW_DATA_QUALITY_REVIEW,ACTION_COLLECT_MORE_DATA_OR_MANUAL_REVIEW,low,1,data_quality_or_history_review,large_gap_dominant,days_eff=800 days_any=800 cyc_eff=100 hq_nr=0 total_nr=0 cens=0 lg_opp=11 opp=15 norm_anom=-0.00 conf_p=1 micro_only=False cluster=SPARSE_OR_GAPPY,No user-facing action; collecting more data.,Data-quality/history review outranks action (would_have_been=NONE). Collect more data or manual review.,NONE,False,False,False,True,False,False,True,False,0,2026-06-08T10:02:59Z,rolling30-v2.0,30,1,abs_ge_50mWh
HIROSE-PF4AKXKG_hirose,2024-01-31,2024-01-01 23:59:59.999999999,2024-01-31 23:59:59.999999999,180,22.083,0.5,2.921,160.06,9,9,3,0,0,0,0,False,WINDOW_QUALITY_OK,6.0,8.0,2.0,2.717,0.7345,0.1084,0.2655,20.0,100.0,80.0,89.0,95.0,100.0,0.0,0.0,0.9728,0.8672,0.3702,19,24,10,74560.0,79210.0,74560.0,79210.0,4650.0,1,1,4650.0,2024-01-24 16:01:44,7.0,103.54,110.0,0,1,0,0,1,0,0,0,0,0,0,0,0,0,0,0.0,0,0,0,,0.0,,,0.0,0,0,0,,0.0,,2024-01-31 23:59:59.999999999,2023-04-25 16:09:03,2024-01-31 11:22:07,281.327,True,79210.0,2024-01-24 16:01:44,7.0,7.332,1.0,True,79210.0,2024-01-24 16:01:44,7.0,7.332,1.0,True,0,0.0,False,0,0,0,0,0,0,0,0,0,0,0,0,0,0,0,0,0,0,0.0,0,0.0,-0.0,-0.0,7.332,1.0,0,0,0,-0.0,5,AC_BOUND,STATEFUL_NORMAL_RESPONDING,WINDOW_NORMAL_RESPONDING,ACTION_NONE,high,9,responding_or_no_concern,,days_eff=7 days_any=7 cyc_eff=1 hq_nr=0 total_nr=0 cens=0 lg_opp=0 opp=0 norm_anom=-0.00 conf_p=1 micro_only=False cluster=AC_BOUND,No action needed.,Responding normally; no concern.,,False,False,False,False,False,False,False,False,0,2026-06-08T10:02:59Z,rolling30-v2.0,30,1,abs_ge_50mWh
HMORI-PF49QH1A_HMORI,2025-01-16,2024-12-17 23:59:59.999999999,2025-01-16 23:59:59.999999999,412,29.019,0.5,7.657,71.726,22,16,5,0,0,0,0,False,WINDOW_QUALITY_OK,295.0,305.0,10.0,10.338,0.6644,0.21,0.3356,2.0,100.0,98.0,29.55,98.0,100.0,0.0141,0.0243,0.7687,0.7298,0.6448,96,126,48,47950.0,48040.0,47130.0,48420.0,1290.0,37,22,730.0,2025-01-16 08:51:04,305.0,84.12,84.28,0,5,0,0,5,0,3,0,0,3,0,2,0,0,2,0.0,0,0,0,,0.0,,,0.0,0,0,0,,0.0,,2025-01-16 23:59:59.999999999,2023-03-08 14:22:37,2025-01-16 08:51:04,680.401,True,48040.0,2025-01-16 08:51:04,305.0,0.631,0.0,True,48040.0,2025-01-16 08:51:04,305.0,0.631,0.0,True,0,0.0,False,0,0,0,0,0,0,0,0,0,0,0,0,0,0,0,0,0,0,0.0,0,0.0,-0.0,-0.0,0.631,0.0,0,0,0,-0.0,4,MOBILE_DEEP_CYCLE,STATEFUL_NORMAL_RESPONDING,WINDOW_NORMAL_RESPONDING,ACTION_NONE,high,9,responding_or_no_concern,,days_eff=1 days_any=1 cyc_eff=0 hq_nr=0 total_nr=0 cens=0 lg_opp=0 opp=0 norm_anom=-0.00 conf_p=1 micro_only=False cluster=MOBILE_DEEP_CYCLE,No action needed.,Responding normally; no concern.,,False,False,False,False,False,False,False,False,0,2026-06-08T10:02:59Z,rolling30-v2.0,30,1,abs_ge_50mWh
HNAKA-PF43B9PV_hnaka,2025-05-22,2025-04-22 23:59:59.999999999,2025-05-22 23:59:59.999999999,157,29.499,0.5,2.86,287.863,7,7,5,0,0,0,0,False,WINDOW_QUALITY_OK,304.0,306.0,2.0,2.034,0.9095,0.0857,0.0905,24.0,100.0,76.0,57.6,100.0,100.0,0.0,0.0,0.9365,0.925,0.9193,17,22,9,45660.0,45660.0,45660.0,45660.0,0.0,0,0,0.0,,,80.04,80.04,0,0,0,0,0,0,0,0,0,0,0,0,0,0,0,0.0,0,0,0,,0.0,,,0.0,0,0,0,,0.0,,2025-05-22 23:59:59.999999999,2023-03-20 14:52:18,2025-05-22 22:05:49,794.38,True,45670.0,2025-03-19 12:58:31,289.0,64.459,17.0,False,45660.0,2025-04-18 13:16:15,302.0,34.447,4.0,True,1,10.0,True,1,3,2,1,3,4,0,1,1,2,1,1,2,0,1,0,2,0,1.3274,0,-1.61714,0.7023,0.7023,64.459,17.0,4,2,0,0.7023,5,AC_BOUND,STATEFUL_FW_WATCH_HIGH_ANOMALY,WINDOW_INSUFFICIENT_LEARNING_OPPORTUNITY,ACTION_FW_ENGINEERING_REVIEW,medium,4,fw_like_no_response_core_requirement_short,fw_like;micro_wobble,days_eff=64 days_any=34 cyc_eff=17 hq_nr=1 total_nr=4 cens=0 lg_opp=2 opp=10 norm_anom=0.70 conf_p=1 micro_only=True cluster=AC_BOUND,No user-facing action; monitoring.,"FW-like no-response signal but a core requirement is short (staleness/cycles/quality). Monitor and add to FW engineering queue. normative anomaly 0.70, 4 no_response since last effective change (64d ago).",,True,False,True,False,False,False,False,False,0,2026-06-08T10:02:59Z,rolling30-v2.0,30,1,abs_ge_50mWh
HSUMI-GM132TGM_hsumi,2026-05-28,2026-04-28 23:59:59.999999999,2026-05-28 23:59:59.999999999,337,29.39,0.5,13.235,72.289,26,20,6,0,0,0,0,False,WINDOW_QUALITY_OK,37.0,40.0,3.0,3.062,0.7778,0.0819,0.2222,29.0,100.0,71.0,76.8,99.0,100.0,0.0,0.0,0.9729,0.9363,0.6263,72,83,36,51900.0,51790.0,51790.0,51900.0,110.0,3,0,0.0,,,89.48,89.29,0,0,0,0,0,0,0,0,0,0,0,0,0,0,0,0.0,0,0,0,,0.0,,,0.0,0,0,0,,0.0,,2026-05-28 23:59:59.999999999,2025-09-12 17:03:59,2026-05-28 19:53:54,258.289,True,52350.0,2026-02-13 07:24:07,24.0,104.692,16.0,False,51790.0,2026-05-26 17:26:47,40.0,2.273,0.0,True,16,40.0,True,0,0,0,0,0,0,0,0,0,0,0,0,0,0,0,0,0,0,0.0,0,0.0,-0.0,-0.0,104.692,16.0,0,0,0,-0.0,5,AC_BOUND,STATEFUL_NORMAL_RESPONDING,WINDOW_MICRO_WOBBLE_ONLY,ACTION_NONE,high,9,responding_or_no_concern,micro_wobble,days_eff=105 days_any=2 cyc_eff=16 hq_nr=0 total_nr=0 cens=0 lg_opp=0 opp=0 norm_anom=-0.00 conf_p=1 micro_only=True cluster=AC_BOUND,No action needed.,Responding normally; no concern.,,False,False,True,False,False,False,False,False,0,2026-06-08T10:02:59Z,rolling30-v2.0,30,1,abs_ge_50mWh
HSUMIXPF3MN51B_Hiroyuki_Sumi,2025-08-13,2025-07-14 23:59:59.999999999,2025-08-13 23:59:59.999999999,102,12.576,0.5,4.811,166.678,4,2,2,0,0,0,0,False,WINDOW_QUALITY_OK,155.0,156.0,1.0,2.386,0.8966,0.1282,0.1034,8.0,100.0,92.0,71.35,97.0,100.0,0.0001,0.0001,0.9778,0.9409,0.7789,11,20,6,47120.0,47110.0,47110.0,47120.0,10.0,1,0,0.0,,,82.67,82.65,0,0,0,0,0,0,0,0,0,0,0,0,0,0,0,0.0,0,0,0,,0.0,,,0.0,0,0,0,,0.0,,2025-08-13 23:59:59.999999999,2023-02-18 14:17:09,2025-08-13 08:04:33,907.405,True,47120.0,2025-07-31 18:15:13,155.0,13.239,1.0,True,47110.0,2025-08-13 08:04:19,156.0,0.664,0.0,True,1,10.0,True,0,0,0,0,0,0,0,0,0,0,0,0,0,0,0,0,0,0,0.0,0,0.0,-0.0,-0.0,13.239,1.0,0,0,0,-0.0,5,AC_BOUND,STATEFUL_NORMAL_RESPONDING,WINDOW_MICRO_WOBBLE_ONLY,ACTION_NONE,high,9,responding_or_no_concern,micro_wobble,days_eff=13 days_any=1 cyc_eff=1 hq_nr=0 total_nr=0 cens=0 lg_opp=0 opp=0 norm_anom=-0.00 conf_p=1 micro_only=True cluster=AC_BOUND,No action needed.,Responding normally; no concern.,,False,False,True,False,False,False,False,False,0,2026-06-08T10:02:59Z,rolling30-v2.0,30,1,abs_ge_50mWh
HSUMIXPF3T9QH8_hsumi,2025-01-31,2025-01-01 23:59:59.999999999,2025-01-31 23:59:59.999999999,5,0.007,0.012,0.119,0.137,0,0,0,0,0,0,0,False,WINDOW_QUALITY_SHORT_OBS,61.0,61.0,0.0,0.0,1.0,1.0,0.0,1.0,6.0,5.0,1.2,2.0,5.8,1.0,1.0,0.0,0.0,0.0,0,0,0,47100.0,47100.0,47100.0,47100.0,0.0,0,0,0.0,,,82.56,82.56,0,0,0,0,0,0,0,0,0,0,0,0,0,0,0,0.0,0,0,0,,0.0,,,0.0,0,0,0,,0.0,,2025-01-31 23:59:59.999999999,2023-02-08 01:21:16,2025-01-31 10:46:57,723.944,True,47100.0,2024-07-06 10:51:08,51.0,209.548,10.0,False,47100.0,2024-07-06 10:51:08,51.0,209.548,10.0,False,0,0.0,False,0,0,3,0,0,0,0,0,0,2,0,0,0,0,0,0,3,0,0.0,0,0.0,-0.0,-0.0,209.548,10.0,0,0,0,-0.0,-1,SPARSE_OR_GAPPY,STATEFUL_REVIEW_DATA_QUALITY,WINDOW_DATA_QUALITY_REVIEW,ACTION_COLLECT_MORE_DATA_OR_MANUAL_REVIEW,low,1,data_quality_or_history_review,large_gap_dominant,days_eff=210 days_any=210 cyc_eff=10 hq_nr=0 total_nr=0 cens=0 lg_opp=3 opp=5 norm_anom=-0.00 conf_p=1 micro_only=False cluster=SPARSE_OR_GAPPY,No user-facing action; collecting more data.,Data-quality/history review outranks action (would_have_been=NONE). Collect more data or manual review.,NONE,False,False,False,True,False,False,True,False,0,2026-06-08T10:02:59Z,rolling30-v2.0,30,1,abs_ge_50mWh
HWPA-NL1-SKU8-S_HWPA,2026-01-14,2025-12-15 23:59:59.999999999,2026-01-14 23:59:59.999999999,159,28.7,0.114,11.637,233.922,11,8,3,0,0,0,0,False,WINDOW_QUALITY_OK,3.0,6.0,3.0,3.136,0.7809,0.1672,0.2191,2.0,100.0,98.0,12.0,94.0,100.0,0.0071,0.0072,0.7467,0.6878,0.5884,57,61,29,58030.0,58310.0,57750.0,58310.0,560.0,4,2,560.0,2026-01-14 10:57:59,6.0,100.05,100.53,0,1,0,0,1,0,1,0,0,1,0,1,0,0,1,0.0,0,0,0,,0.0,,,0.0,0,0,0,,0.0,,2026-01-14 23:59:59.999999999,2025-09-23 19:43:31,2026-01-14 10:57:59,113.178,True,58310.0,2026-01-14 10:57:59,6.0,0.543,0.0,True,58310.0,2026-01-14 10:57:59,6.0,0.543,0.0,True,0,0.0,False,0,0,0,0,0,0,0,0,0,0,0,0,0,0,0,0,0,0,0.0,0,0.0,-0.0,-0.0,0.543,0.0,0,0,0,-0.0,4,MOBILE_DEEP_CYCLE,STATEFUL_NORMAL_RESPONDING,WINDOW_NORMAL_RESPONDING,ACTION_NONE,high,9,responding_or_no_concern,,days_eff=1 days_any=1 cyc_eff=0 hq_nr=0 total_nr=0 cens=0 lg_opp=0 opp=0 norm_anom=-0.00 conf_p=1 micro_only=False cluster=MOBILE_DEEP_CYCLE,No action needed.,Responding normally; no concern.,,False,False,False,False,False,False,False,False,0,2026-06-08T10:02:59Z,rolling30-v2.0,30,1,abs_ge_50mWh
HWPA-SKU2-03_YSKOBA,2023-12-20,2023-11-20 23:59:59.999999999,2023-12-20 23:59:59.999999999,551,28.974,0.5,1.516,95.293,10,10,5,0,0,0,0,False,WINDOW_QUALITY_OK,3.0,5.0,2.0,2.071,0.9474,0.0163,0.0526,47.0,100.0,53.0,95.0,99.0,100.0,0.0,0.0,0.9881,0.979,0.874,59,65,30,57000.0,56930.0,56930.0,57000.0,70.0,2,0,0.0,,,99.95,99.82,0,0,0,0,0,0,0,0,0,0,0,0,0,0,0,0.0,0,0,0,,0.0,,,0.0,0,0,0,,0.0,,2023-12-20 23:59:59.999999999,2023-10-26 17:50:22,2023-12-20 11:58:44,55.257,False,57000.0,2023-10-26 17:50:22,3.0,55.257,2.0,False,56930.0,2023-12-18 14:13:33,5.0,2.407,0.0,False,2,40.0,True,0,0,0,0,0,0,0,0,0,0,0,0,0,0,0,0,0,0,0.0,0,0.0,-0.0,-0.0,55.257,2.0,0,0,0,-0.0,5,AC_BOUND,STATEFUL_REVIEW_DATA_QUALITY,WINDOW_MICRO_WOBBLE_ONLY,ACTION_COLLECT_MORE_DATA_OR_MANUAL_REVIEW,low,1,data_quality_or_history_review,micro_wobble,days_eff=55 days_any=2 cyc_eff=2 hq_nr=0 total_nr=0 cens=0 lg_opp=0 opp=0 norm_anom=-0.00 conf_p=1 micro_only=True cluster=AC_BOUND,No user-facing action; collecting more data.,Data-quality/history review outranks action (would_have_been=NONE). Collect more data or manual review.,NONE,False,False,True,False,False,True,False,False,0,2026-06-08T10:02:59Z,rolling30-v2.0,30,1,abs_ge_50mWh
HWPA-TH1-SKU1B-_TEST,2023-11-14,2023-10-15 23:59:59.999999999,2023-11-14 23:59:59.999999999,2534,14.033,0.024,0.5,131.944,4,3,1,0,0,0,0,False,WINDOW_QUALITY_OK,3.0,4.0,1.0,2.138,0.9508,0.0205,0.0492,51.0,100.0,49.0,95.0,98.0,100.0,0.0,0.0,0.9792,0.9494,0.896,14,22,7,57000.0,56990.0,56990.0,57000.0,10.0,1,0,0.0,,,100.0,99.98,0,0,0,0,0,0,0,0,0,0,0,0,0,0,0,0.0,0,0,0,,0.0,,,0.0,0,0,0,,0.0,,2023-11-14 23:59:59.999999999,2023-10-31 10:37:32,2023-11-14 11:24:34,14.557,False,57000.0,2023-10-31 10:37:32,3.0,14.557,1.0,False,56990.0,2023-11-07 18:33:36,4.0,7.227,0.0,False,1,10.0,True,0,0,0,0,0,0,0,0,0,0,0,0,0,0,0,0,0,0,0.0,0,0.0,-0.0,-0.0,14.557,1.0,0,0,0,-0.0,1,AC_BOUND,STATEFUL_REVIEW_DATA_QUALITY,WINDOW_MICRO_WOBBLE_ONLY,ACTION_COLLECT_MORE_DATA_OR_MANUAL_REVIEW,low,1,data_quality_or_history_review,micro_wobble,days_eff=15 days_any=7 cyc_eff=1 hq_nr=0 total_nr=0 cens=0 lg_opp=0 opp=0 norm_anom=-0.00 conf_p=1 micro_only=True cluster=AC_BOUND,No user-facing action; collecting more data.,Data-quality/history review outranks action (would_have_been=NONE). Collect more data or manual review.,NONE,False,False,True,False,False,True,False,False,0,2026-06-08T10:02:59Z,rolling30-v2.0,30,1,abs_ge_50mWh
HYKW_X1CG11,2024-11-15,2024-10-16 23:59:59.999999999,2024-11-15 23:59:59.999999999,15,0.145,0.119,0.709,1.096,0,0,0,0,0,0,0,False,WINDOW_QUALITY_SHORT_OBS,46.0,47.0,1.0,207.277,0.9795,0.9795,0.0205,0.0,100.0,100.0,0.7,28.0,100.0,0.088,0.1136,0.2879,0.2879,0.2879,3,4,2,54320.0,55030.0,54290.0,55030.0,740.0,2,1,740.0,2024-11-15 17:29:54,47.0,95.25,96.49,0,1,0,0,1,0,1,0,0,1,0,1,0,0,1,0.0,0,0,0,,0.0,,,0.0,0,0,0,,0.0,,2024-11-15 23:59:59.999999999,2024-06-03 10:26:36,2024-11-15 17:29:54,165.565,True,55030.0,2024-11-15 17:29:54,47.0,0.271,0.0,True,55030.0,2024-11-15 17:29:54,47.0,0.271,0.0,True,0,0.0,False,0,0,0,0,0,0,0,0,0,0,0,0,0,0,0,0,0,0,0.0,0,0.0,-0.0,-0.0,0.271,0.0,0,0,0,-0.0,-1,SPARSE_OR_GAPPY,STATEFUL_REVIEW_DATA_QUALITY,WINDOW_DATA_QUALITY_REVIEW,ACTION_COLLECT_MORE_DATA_OR_MANUAL_REVIEW,low,1,data_quality_or_history_review,,days_eff=0 days_any=0 cyc_eff=0 hq_nr=0 total_nr=0 cens=0 lg_opp=0 opp=0 norm_anom=-0.00 conf_p=1 micro_only=False cluster=SPARSE_OR_GAPPY,No user-facing action; collecting more data.,Data-quality/history review outranks action (would_have_been=NONE). Collect more data or manual review.,NONE,False,False,False,False,False,False,True,False,0,2026-06-08T10:02:59Z,rolling30-v2.0,30,1,abs_ge_50mWh
HZHANG16-5GLDJK_hzhang16,2026-05-27,2026-04-27 23:59:59.999999999,2026-05-27 23:59:59.999999999,1263,29.616,0.5,0.5,72.879,2,1,1,0,0,0,0,False,WINDOW_QUALITY_OK,21.0,21.0,0.0,0.0,1.0,0.0008,0.0,94.0,100.0,6.0,95.0,97.0,99.0,0.0,0.0,1.0,1.0,0.8354,12,14,6,52280.0,52280.0,52280.0,52280.0,0.0,0,0,0.0,,,95.49,95.49,0,0,0,0,0,0,0,0,0,0,0,0,0,0,0,0.0,0,0,0,,0.0,,,0.0,0,0,0,,0.0,,2026-05-27 23:59:59.999999999,2025-05-28 14:44:06,2026-05-27 15:15:15,364.386,True,52280.0,2026-04-24 13:28:17,21.0,33.439,0.0,True,52280.0,2026-04-24 13:28:17,21.0,33.439,0.0,True,0,0.0,False,0,0,0,0,0,0,0,0,0,0,0,0,0,0,0,0,0,0,0.0,0,0.0,-0.0,-0.0,33.439,0.0,0,0,0,-0.0,5,AC_BOUND,STATEFUL_NORMAL_RESPONDING,WINDOW_INSUFFICIENT_LEARNING_OPPORTUNITY,ACTION_NONE,high,9,responding_or_no_concern,,days_eff=33 days_any=33 cyc_eff=0 hq_nr=0 total_nr=0 cens=0 lg_opp=0 opp=0 norm_anom=-0.00 conf_p=1 micro_only=False cluster=AC_BOUND,No action needed.,Responding normally; no concern.,,False,False,False,False,False,False,False,False,0,2026-06-08T10:02:59Z,rolling30-v2.0,30,1,abs_ge_50mWh
ICA_USER,2025-06-05,2025-05-06 23:59:59.999999999,2025-06-05 23:59:59.999999999,50,21.843,0.5,41.98,321.822,5,4,3,0,0,0,0,False,WINDOW_QUALITY_SPARSE,31.0,33.0,2.0,2.747,0.3866,0.088,0.6134,6.0,100.0,94.0,21.8,95.0,100.0,0.0,0.0095,0.381,0.3663,0.3517,5,7,3,53160.0,53160.0,53160.0,53160.0,0.0,0,0,0.0,,,93.26,93.26,0,1,0,0,1,0,1,0,0,1,0,1,0,0,1,0.0,0,0,0,,0.0,,,0.0,0,0,0,,0.0,,2025-06-05 23:59:59.999999999,2024-07-24 10:06:02,2025-06-05 14:51:18,316.579,True,53160.0,2025-03-20 14:58:42,29.0,77.376,4.0,False,53160.0,2025-03-20 14:58:42,29.0,77.376,4.0,False,0,0.0,False,0,1,2,0,1,1,0,0,1,1,0,1,1,0,0,0,2,0,0.451,0,-0.59962,0.2604,0.2604,77.376,4.0,1,1,0,0.2604,-1,SPARSE_OR_GAPPY,STATEFUL_REVIEW_DATA_QUALITY,WINDOW_DATA_QUALITY_REVIEW,ACTION_COLLECT_MORE_DATA_OR_MANUAL_REVIEW,low,1,data_quality_or_history_review,fw_like;large_gap_dominant,days_eff=77 days_any=77 cyc_eff=4 hq_nr=0 total_nr=1 cens=0 lg_opp=2 opp=5 norm_anom=0.26 conf_p=1 micro_only=False cluster=SPARSE_OR_GAPPY,No user-facing action; collecting more data.,Data-quality/history review outranks action (would_have_been=FW_WATCH_LIKE). Collect more data or manual review.,FW_WATCH_LIKE,True,False,False,True,False,False,True,False,0,2026-06-08T10:02:59Z,rolling30-v2.0,30,1,abs_ge_50mWh
IMANARANG1-3A19_imanarang1,2025-09-01,2025-08-02 23:59:59.999999999,2025-09-01 23:59:59.999999999,390,28.006,0.5,0.5,87.132,19,19,4,0,0,0,0,False,WINDOW_QUALITY_OK,379.0,383.0,4.0,4.285,0.8804,0.0547,0.1196,19.0,100.0,81.0,95.0,98.0,100.0,0.0,0.0019,0.9905,0.9881,0.8276,24,58,12,35430.0,35430.0,35430.0,35430.0,0.0,0,0,0.0,,,90.15,90.15,0,1,0,0,1,0,0,0,0,0,0,0,0,0,0,0.0,0,0,0,,0.0,,,0.0,0,0,0,,0.0,,2025-09-01 23:59:59.999999999,2023-02-20 16:54:54,2025-09-01 08:35:29,924.295,True,35430.0,2023-09-15 15:07:24,160.0,717.37,223.0,False,35430.0,2023-09-15 15:07:24,160.0,717.37,223.0,False,0,0.0,False,4,21,30,4,21,25,0,0,4,19,0,4,4,0,4,0,30,0,8.2524,0,-10.05264,4.3658,4.3658,717.37,223.0,25,4,0,4.3658,4,MOBILE_DEEP_CYCLE,STATEFUL_FW_WATCH_HIGH_ANOMALY,WINDOW_LARGE_GAP_AMBIGUOUS,ACTION_FW_ENGINEERING_REVIEW,medium,4,fw_like_no_response_core_requirement_short,fw_like;large_gap_dominant,days_eff=717 days_any=717 cyc_eff=223 hq_nr=4 total_nr=25 cens=0 lg_opp=30 opp=78 norm_anom=4.37 conf_p=1 micro_only=False cluster=MOBILE_DEEP_CYCLE,No user-facing action; monitoring.,"FW-like no-response signal but a core requirement is short (staleness/cycles/quality). Monitor and add to FW engineering queue. normative anomaly 4.37, 25 no_response since last effective change (717d ago).",,True,False,False,True,False,False,False,False,0,2026-06-08T10:02:59Z,rolling30-v2.0,30,1,abs_ge_50mWh
IMIHO-PF2SCRY9_imiho,2024-10-09,2024-09-09 23:59:59.999999999,2024-10-09 23:59:59.999999999,477,29.279,0.5,0.5,110.943,17,17,4,0,0,0,0,False,WINDOW_QUALITY_OK,265.0,272.0,7.0,7.172,0.8615,0.1397,0.1385,32.0,100.0,68.0,69.8,99.0,100.0,0.0,0.0,0.9149,0.8624,0.8041,62,77,31,51480.0,51480.0,51480.0,51480.0,0.0,0,0,0.0,,,101.94,101.94,0,0,0,0,0,0,0,0,0,0,0,0,0,0,0,0.0,0,0,0,,0.0,,,0.0,0,0,0,,0.0,,2024-10-09 23:59:59.999999999,2023-02-13 09:15:58,2024-10-09 15:46:21,604.614,True,51480.0,2023-02-13 09:15:58,113.0,604.614,159.0,False,51480.0,2023-02-13 09:15:58,113.0,604.614,159.0,False,0,0.0,False,0,0,7,0,0,0,0,0,0,3,0,0,0,0,0,0,7,0,0.0,0,0.0,-0.0,-0.0,604.614,159.0,0,0,0,-0.0,5,AC_BOUND,STATEFUL_GAUGE_REVIEW,WINDOW_INSUFFICIENT_LEARNING_OPPORTUNITY,ACTION_COLLECT_MORE_DATA_OR_MANUAL_REVIEW,low,6,gauge_like_but_large_gap_ambiguity,gauge_like;large_gap_dominant,days_eff=605 days_any=605 cyc_eff=159 hq_nr=0 total_nr=0 cens=0 lg_opp=7 opp=10 norm_anom=-0.00 conf_p=1 micro_only=False cluster=AC_BOUND,No user-facing action; under review.,Gauge-like staleness (604d) but large-gap opportunities prevent a firm no-opportunity conclusion. Manual/engineering review.,GAUGE_SOFT_OR_REVIEW_LIKE,False,True,False,True,False,False,False,False,0,2026-06-08T10:02:59Z,rolling30-v2.0,30,1,abs_ge_50mWh
IYOSHIMITSU-VKS_iyoshimitsu,2026-01-23,2025-12-24 23:59:59.999999999,2026-01-23 23:59:59.999999999,31,13.874,0.5,71.133,97.902,5,5,4,0,0,0,0,False,WINDOW_QUALITY_SPARSE,158.0,158.0,0.0,0.0,0.8355,0.5579,0.1645,62.0,100.0,38.0,63.5,97.0,100.0,0.0,0.0,0.9279,0.8291,0.8207,3,5,2,34870.0,34870.0,34870.0,34870.0,0.0,0,0,0.0,,,88.73,88.73,0,0,0,0,0,0,0,0,0,0,0,0,0,0,0,0.0,0,0,0,,0.0,,,0.0,0,0,0,,0.0,,2026-01-23 23:59:59.999999999,2023-02-02 22:24:11,2026-01-23 15:36:28,1086.067,True,34870.0,2024-09-14 19:28:19,93.0,496.189,65.0,False,34870.0,2024-09-14 19:28:19,93.0,496.189,65.0,False,0,0.0,False,1,2,20,1,2,3,0,0,1,8,0,1,1,0,1,0,20,0,1.154,0,-1.46227,0.6351,0.6351,496.189,65.0,3,1,0,0.6351,-1,SPARSE_OR_GAPPY,STATEFUL_REVIEW_DATA_QUALITY,WINDOW_DATA_QUALITY_REVIEW,ACTION_COLLECT_MORE_DATA_OR_MANUAL_REVIEW,low,1,data_quality_or_history_review,fw_like;large_gap_dominant,days_eff=496 days_any=496 cyc_eff=65 hq_nr=1 total_nr=3 cens=0 lg_opp=20 opp=32 norm_anom=0.64 conf_p=1 micro_only=False cluster=SPARSE_OR_GAPPY,No user-facing action; collecting more data.,Data-quality/history review outranks action (would_have_been=FW_WATCH_LIKE). Collect more data or manual review.,FW_WATCH_LIKE,True,False,False,True,False,False,True,False,0,2026-06-08T10:02:59Z,rolling30-v2.0,30,1,abs_ge_50mWh
JACKX1_jkleissler,2026-05-26,2026-04-26 23:59:59.999999999,2026-05-26 23:59:59.999999999,399,29.293,0.5,12.008,58.051,26,20,6,0,0,0,0,False,WINDOW_QUALITY_OK,123.0,131.0,8.0,8.193,0.7049,0.1557,0.2951,20.0,100.0,80.0,60.0,99.0,100.0,0.0,0.0,0.8541,0.7751,0.7104,78,114,39,54580.0,54490.0,54490.0,54580.0,90.0,8,0,0.0,,,95.7,95.55,0,1,0,0,1,0,0,0,0,0,0,0,0,0,0,0.0,0,0,0,,0.0,,,0.0,0,0,0,,0.0,,2026-05-26 23:59:59.999999999,2025-03-18 15:28:36,2026-05-26 15:29:52,434.355,True,54590.0,2026-04-17 21:26:57,122.0,39.106,9.0,True,54490.0,2026-05-19 09:31:15,131.0,7.603,0.0,True,9,20.0,True,0,0,1,0,0,0,0,0,0,0,0,0,0,0,0,0,1,0,0.0,0,0.0,-0.0,-0.0,39.106,9.0,0,0,0,-0.0,5,AC_BOUND,STATEFUL_WATCH_LARGE_GAP_OR_CENSORED,WINDOW_MICRO_WOBBLE_ONLY,ACTION_MONITOR_NEXT_WINDOW,low,7,large_gap_or_censored_dominant,micro_wobble;large_gap_dominant,days_eff=39 days_any=8 cyc_eff=9 hq_nr=0 total_nr=0 cens=0 lg_opp=1 opp=1 norm_anom=-0.00 conf_p=1 micro_only=True cluster=AC_BOUND,No user-facing action; monitoring.,Ambiguous/weak evidence (39d since effective change); monitor next window.,,False,False,True,True,False,False,False,False,0,2026-06-08T10:02:59Z,rolling30-v2.0,30,1,abs_ge_50mWh
JAGUAR3_SVT,2023-12-05,2023-11-05 23:59:59.999999999,2023-12-05 23:59:59.999999999,6,20.027,0.98,380.587,474.428,1,1,1,0,0,0,0,False,WINDOW_QUALITY_SHORT_OBS,28.0,28.0,0.0,0.0,0.0059,0.0059,0.9941,67.0,98.0,31.0,71.5,85.5,95.25,0.0,0.0,1.0,0.3992,0.3992,3,3,2,58970.0,58970.0,58970.0,58970.0,0.0,0,0,0.0,,,103.37,103.37,0,0,0,0,0,0,0,0,0,0,0,0,0,0,0,0.0,0,0,0,,0.0,,,0.0,0,0,0,,0.0,,2023-12-05 23:59:59.999999999,2023-03-09 00:46:45,2023-12-05 08:47:11,271.968,True,58990.0,2023-03-09 00:46:45,1.0,271.968,27.0,False,58970.0,2023-09-20 04:02:03,23.0,76.832,5.0,False,1,20.0,True,1,1,1,1,1,2,0,1,0,1,1,0,1,0,1,0,1,0,0.7654,0,-0.97712,0.4244,0.4244,271.968,27.0,2,1,0,0.4244,-1,SPARSE_OR_GAPPY,STATEFUL_REVIEW_DATA_QUALITY,WINDOW_DATA_QUALITY_REVIEW,ACTION_COLLECT_MORE_DATA_OR_MANUAL_REVIEW,low,1,data_quality_or_history_review,fw_like;micro_wobble,days_eff=272 days_any=77 cyc_eff=27 hq_nr=1 total_nr=2 cens=0 lg_opp=1 opp=5 norm_anom=0.42 conf_p=1 micro_only=True cluster=SPARSE_OR_GAPPY,No user-facing action; collecting more data.,Data-quality/history review outranks action (would_have_been=FW_WATCH_LIKE). Collect more data or manual review.,FW_WATCH_LIKE,True,False,True,False,False,False,True,False,0,2026-06-08T10:02:59Z,rolling30-v2.0,30,1,abs_ge_50mWh
JANUMOLU-0A203W_janumolu,2024-11-02,2024-10-03 23:59:59.999999999,2024-11-02 23:59:59.999999999,115,29.074,0.5,20.332,165.382,15,11,5,0,0,0,0,False,WINDOW_QUALITY_OK,92.0,97.0,5.0,5.159,0.2244,0.1514,0.7756,1.0,100.0,99.0,11.7,72.0,100.0,0.0329,0.083,0.371,0.2304,0.1628,24,36,12,46460.0,46460.0,46460.0,46460.0,0.0,0,0,0.0,,,101.0,101.0,0,1,0,0,1,0,1,0,0,1,0,1,0,0,1,0.0,0,0,0,,0.0,,,0.0,0,0,0,,0.0,,2024-11-02 23:59:59.999999999,2024-03-19 12:13:20,2024-11-02 21:43:59,228.491,True,46460.0,2024-04-03 11:55:36,12.0,213.503,85.0,False,46460.0,2024-04-03 11:55:36,12.0,213.503,85.0,False,0,0.0,False,2,12,6,2,12,14,0,0,6,5,0,6,6,0,2,0,6,0,5.3356,0,-6.76938,2.9399,2.9399,213.503,85.0,14,6,0,2.9399,4,MOBILE_DEEP_CYCLE,STATEFUL_FW_WATCH_HIGH_ANOMALY,WINDOW_LARGE_GAP_AMBIGUOUS,ACTION_FW_ENGINEERING_REVIEW,medium,4,fw_like_no_response_core_requirement_short,fw_like,days_eff=214 days_any=214 cyc_eff=85 hq_nr=2 total_nr=14 cens=0 lg_opp=6 opp=31 norm_anom=2.94 conf_p=1 micro_only=False cluster=MOBILE_DEEP_CYCLE,No user-facing action; monitoring.,"FW-like no-response signal but a core requirement is short (staleness/cycles/quality). Monitor and add to FW engineering queue. normative anomaly 2.94, 14 no_response since last effective change (213d ago).",,True,False,False,False,False,False,False,False,0,2026-06-08T10:02:59Z,rolling30-v2.0,30,1,abs_ge_50mWh
JBARRETT-4SA7XV_jbarrett,2025-09-03,2025-08-04 23:59:59.999999999,2025-09-03 23:59:59.999999999,519,29.621,0.5,5.776,55.75,26,7,4,0,0,0,0,False,WINDOW_QUALITY_OK,125.0,135.0,10.0,10.128,0.8165,0.0879,0.1835,10.0,100.0,90.0,47.0,98.0,100.0,0.0,0.0007,0.8577,0.8227,0.791,72,100,36,35000.0,34850.0,34850.0,35000.0,150.0,10,0,0.0,,,63.99,63.71,0,1,0,0,1,0,1,0,0,1,0,1,0,0,1,0.0,0,0,0,,0.0,,,0.0,0,0,0,,0.0,,2025-09-03 23:59:59.999999999,2024-04-03 12:03:15,2025-09-03 14:55:38,518.498,True,35030.0,2025-07-29 22:27:19,123.0,36.064,12.0,True,34850.0,2025-09-03 12:51:07,135.0,0.465,0.0,True,12,20.0,True,0,0,1,0,0,0,0,0,0,1,0,0,0,0,0,0,1,0,0.0,0,0.0,-0.0,-0.0,36.064,12.0,0,0,0,-0.0,4,MOBILE_DEEP_CYCLE,STATEFUL_WATCH_LARGE_GAP_OR_CENSORED,WINDOW_MICRO_WOBBLE_ONLY,ACTION_MONITOR_NEXT_WINDOW,low,7,large_gap_or_censored_dominant,micro_wobble;large_gap_dominant,days_eff=36 days_any=0 cyc_eff=12 hq_nr=0 total_nr=0 cens=0 lg_opp=1 opp=2 norm_anom=-0.00 conf_p=1 micro_only=True cluster=MOBILE_DEEP_CYCLE,No user-facing action; monitoring.,Ambiguous/weak evidence (36d since effective change); monitor next window.,,False,False,True,True,False,False,False,False,0,2026-06-08T10:02:59Z,rolling30-v2.0,30,1,abs_ge_50mWh
JBOWEN2-F62KRD0_jbowen2,2026-05-18,2026-04-18 23:59:59.999999999,2026-05-18 23:59:59.999999999,470,28.316,0.5,0.5,62.697,20,19,4,0,0,0,0,False,WINDOW_QUALITY_OK,30.0,39.0,9.0,9.535,0.8232,0.2239,0.1768,10.0,100.0,90.0,31.45,97.0,100.0,0.0,0.0104,0.8232,0.7716,0.5864,43,108,22,72580.0,71000.0,71000.0,72580.0,1580.0,9,2,750.0,2026-05-08 11:41:52,37.0,96.77,94.67,1,5,0,0,6,1,4,0,0,5,1,4,0,0,5,0.3841,1,0,1,0.615917,0.2105,0.86181,0.88065,0.2481,1,0,1,0.751926,0.1238,0.71787,2026-05-18 23:59:59.999999999,2026-01-14 11:42:48,2026-05-18 15:25:45,124.512,True,71020.0,2026-05-08 11:41:52,37.0,10.513,2.0,True,71000.0,2026-05-15 11:11:43,39.0,3.534,0.0,True,2,10.0,True,0,0,1,0,0,0,0,0,0,1,0,0,0,0,0,0,1,0,0.0,0,0.0,-0.0,-0.0,10.513,2.0,0,0,0,-0.0,4,MOBILE_DEEP_CYCLE,STATEFUL_WATCH_LARGE_GAP_OR_CENSORED,WINDOW_NORMAL_RESPONDING,ACTION_MONITOR_NEXT_WINDOW,low,7,large_gap_or_censored_dominant,micro_wobble;large_gap_dominant,days_eff=11 days_any=4 cyc_eff=2 hq_nr=0 total_nr=0 cens=0 lg_opp=1 opp=2 norm_anom=-0.00 conf_p=0.862 micro_only=True cluster=MOBILE_DEEP_CYCLE,No user-facing action; monitoring.,Ambiguous/weak evidence (10d since effective change); monitor next window.,,False,False,True,True,False,False,False,False,0,2026-06-08T10:02:59Z,rolling30-v2.0,30,1,abs_ge_50mWh
JBRUNDIDGE-EPQ0_jbrundidge,2026-05-27,2026-04-27 23:59:59.999999999,2026-05-27 23:59:59.999999999,452,29.551,0.5,8.035,31.152,35,9,2,0,0,0,0,False,WINDOW_QUALITY_OK,12.0,13.0,1.0,1.015,0.908,0.0309,0.092,68.0,100.0,32.0,95.0,99.0,100.0,0.0,0.0,0.9934,0.9823,0.8189,38,49,19,70670.0,70660.0,70660.0,70670.0,10.0,1,0,0.0,,,94.23,94.21,0,0,0,0,0,0,0,0,0,0,0,0,0,0,0,0.0,0,0,0,,0.0,,,0.0,0,0,0,,0.0,,2026-05-27 23:59:59.999999999,2025-09-17 15:14:13,2026-05-27 15:33:22,252.365,True,70730.0,2026-01-19 12:04:52,7.0,128.497,6.0,False,70660.0,2026-05-13 21:26:31,13.0,14.107,0.0,True,6,20.0,True,0,0,0,0,0,0,0,0,0,0,0,0,0,0,0,0,0,0,0.0,0,0.0,-0.0,-0.0,128.497,6.0,0,0,0,-0.0,5,AC_BOUND,STATEFUL_GAUGE_SOFT_CALIBRATION_EFFECTIVE_ONLY,WINDOW_MICRO_WOBBLE_ONLY,ACTION_SOFT_CALIBRATION_PROMPT,medium,5,micro_wobble_only_no_effective_relearn,gauge_like;micro_wobble,days_eff=128 days_any=14 cyc_eff=6 hq_nr=0 total_nr=0 cens=0 lg_opp=0 opp=0 norm_anom=-0.00 conf_p=1 micro_only=True cluster=AC_BOUND,A full charge/discharge cycle may help the gauge recalibrate (low priority).,Soft calibration prompt: micro-wobbles present but no meaningful FCC relearning step under the effective threshold for 128d. Not a hard gauge reset target.,,False,True,True,False,False,False,False,False,0,2026-06-08T10:02:59Z,rolling30-v2.0,30,1,abs_ge_50mWh
JCAMARADOR-4NYS_jcamarador,2025-09-19,2025-08-20 23:59:59.999999999,2025-09-19 23:59:59.999999999,502,29.041,0.5,0.5,85.434,18,18,5,0,0,0,0,False,WINDOW_QUALITY_OK,175.0,176.0,1.0,1.033,0.9719,0.0254,0.0281,73.0,100.0,27.0,97.0,99.0,100.0,0.0,0.0,0.9938,0.9883,0.9743,56,60,28,44140.0,44140.0,44140.0,44140.0,0.0,0,0,0.0,,,86.55,86.55,0,0,0,0,0,0,0,0,0,0,0,0,0,0,0,0.0,0,0,0,,0.0,,,0.0,0,0,0,,0.0,,2025-09-19 23:59:59.999999999,2023-02-03 19:35:50,2025-09-19 10:57:38,959.183,True,44130.0,2025-07-29 18:12:41,172.0,52.241,4.0,True,44140.0,2025-07-30 10:12:46,173.0,51.574,3.0,True,1,10.0,True,0,0,0,0,0,0,0,0,0,0,0,0,0,0,0,0,0,0,0.0,0,0.0,-0.0,-0.0,52.241,4.0,0,0,0,-0.0,5,AC_BOUND,STATEFUL_NORMAL_RESPONDING,WINDOW_INSUFFICIENT_LEARNING_OPPORTUNITY,ACTION_NONE,high,9,responding_or_no_concern,micro_wobble,days_eff=52 days_any=52 cyc_eff=4 hq_nr=0 total_nr=0 cens=0 lg_opp=0 opp=0 norm_anom=-0.00 conf_p=1 micro_only=True cluster=AC_BOUND,No action needed.,Responding normally; no concern.,,False,False,True,False,False,False,False,False,0,2026-06-08T10:02:59Z,rolling30-v2.0,30,1,abs_ge_50mWh
JCOMBS-PF5BRRYC_jcombs,2026-03-06,2026-02-04 23:59:59.999999999,2026-03-06 23:59:59.999999999,21,16.954,0.5,40.979,377.022,2,2,1,0,0,0,0,False,WINDOW_QUALITY_SPARSE,64.0,65.0,1.0,1.769,0.3677,0.3205,0.6323,2.0,100.0,98.0,2.0,46.0,100.0,0.0878,0.0878,0.2818,0.1873,0.1873,2,3,1,49690.0,54150.0,49680.0,54150.0,4470.0,2,1,4470.0,2026-02-17 14:20:26,65.0,87.18,95.0,0,1,0,0,1,0,1,0,0,1,0,1,0,0,1,0.0,0,0,0,,0.0,,,0.0,0,0,0,,0.0,,2026-03-06 23:59:59.999999999,2025-01-23 10:48:47,2026-03-06 10:26:05,407.549,True,54150.0,2026-02-17 14:20:26,65.0,17.402,0.0,True,54150.0,2026-02-17 14:20:26,65.0,17.402,0.0,True,0,0.0,False,0,0,0,0,0,0,0,0,0,0,0,0,0,0,0,0,0,0,0.0,0,0.0,-0.0,-0.0,17.402,0.0,0,0,0,-0.0,-1,SPARSE_OR_GAPPY,STATEFUL_REVIEW_DATA_QUALITY,WINDOW_DATA_QUALITY_REVIEW,ACTION_COLLECT_MORE_DATA_OR_MANUAL_REVIEW,low,1,data_quality_or_history_review,,days_eff=17 days_any=17 cyc_eff=0 hq_nr=0 total_nr=0 cens=0 lg_opp=0 opp=0 norm_anom=-0.00 conf_p=1 micro_only=False cluster=SPARSE_OR_GAPPY,No user-facing action; collecting more data.,Data-quality/history review outranks action (would_have_been=NONE). Collect more data or manual review.,NONE,False,False,False,False,False,False,True,False,0,2026-06-08T10:02:59Z,rolling30-v2.0,30,1,abs_ge_50mWh
JCOMBS-PF5PEZSE_jcombs,2026-05-12,2026-04-12 23:59:59.999999999,2026-05-12 23:59:59.999999999,300,20.109,0.5,6.623,49.402,17,11,4,0,0,0,0,False,WINDOW_QUALITY_OK,71.0,76.0,5.0,7.459,0.6416,0.1189,0.3584,5.0,100.0,95.0,28.95,97.0,100.0,0.0039,0.0109,0.8355,0.7398,0.6472,53,71,27,87770.0,83740.0,83740.0,87770.0,4030.0,6,1,3940.0,2026-04-30 12:15:43,73.0,97.52,93.04,0,2,0,0,2,0,1,0,0,1,0,1,0,0,1,0.0,0,0,0,,0.0,,,0.0,0,0,0,,0.0,,2026-05-12 23:59:59.999999999,2025-09-16 13:01:09,2026-05-12 13:23:24,238.458,True,83790.0,2026-04-30 12:15:43,73.0,12.489,3.0,True,83740.0,2026-05-05 15:21:00,76.0,7.36,0.0,True,3,20.0,True,0,0,2,0,0,0,0,0,0,1,0,0,0,0,0,0,2,0,0.0,0,0.0,-0.0,-0.0,12.489,3.0,0,0,0,-0.0,4,MOBILE_DEEP_CYCLE,STATEFUL_WATCH_LARGE_GAP_OR_CENSORED,WINDOW_NORMAL_RESPONDING,ACTION_MONITOR_NEXT_WINDOW,low,7,large_gap_or_censored_dominant,micro_wobble;large_gap_dominant,days_eff=12 days_any=7 cyc_eff=3 hq_nr=0 total_nr=0 cens=0 lg_opp=2 opp=3 norm_anom=-0.00 conf_p=1 micro_only=True cluster=MOBILE_DEEP_CYCLE,No user-facing action; monitoring.,Ambiguous/weak evidence (12d since effective change); monitor next window.,,False,False,True,True,False,False,False,False,0,2026-06-08T10:02:59Z,rolling30-v2.0,30,1,abs_ge_50mWh
JCOYNE_jcoyne,2024-10-25,2024-09-25 23:59:59.999999999,2024-10-25 23:59:59.999999999,18,13.895,0.083,121.426,231.989,2,2,2,0,0,0,0,False,WINDOW_QUALITY_SHORT_OBS,12.0,14.0,2.0,4.318,0.4881,0.4881,0.5119,0.0,62.0,62.0,0.0,55.0,60.3,0.1188,0.1287,0.0,0.0,0.0,2,2,1,52180.0,52150.0,52150.0,52180.0,30.0,2,0,0.0,,,99.39,99.33,0,0,0,0,0,0,0,0,0,0,0,0,0,0,0,0.0,0,0,0,,0.0,,,0.0,0,0,0,,0.0,,2024-10-25 23:59:59.999999999,2024-04-18 10:27:33,2024-10-25 08:16:37,190.564,True,52210.0,2024-08-02 10:51:20,10.0,84.548,4.0,False,52150.0,2024-10-25 08:06:43,14.0,0.662,0.0,True,4,20.0,True,0,0,2,0,0,0,0,0,0,1,0,0,0,0,0,0,2,0,0.0,0,0.0,-0.0,-0.0,84.548,4.0,0,0,0,-0.0,-1,SPARSE_OR_GAPPY,STATEFUL_REVIEW_DATA_QUALITY,WINDOW_DATA_QUALITY_REVIEW,ACTION_COLLECT_MORE_DATA_OR_MANUAL_REVIEW,low,1,data_quality_or_history_review,micro_wobble;large_gap_dominant,days_eff=85 days_any=1 cyc_eff=4 hq_nr=0 total_nr=0 cens=0 lg_opp=2 opp=3 norm_anom=-0.00 conf_p=1 micro_only=True cluster=SPARSE_OR_GAPPY,No user-facing action; collecting more data.,Data-quality/history review outranks action (would_have_been=NONE). Collect more data or manual review.,NONE,False,False,True,True,False,False,True,False,0,2026-06-08T10:02:59Z,rolling30-v2.0,30,1,abs_ge_50mWh
JDASILVA-4QWMA3_jdasilva,2024-08-05,2024-07-06 23:59:59.999999999,2024-08-05 23:59:59.999999999,402,28.896,0.5,8.819,65.547,32,14,3,0,0,0,0,False,WINDOW_QUALITY_OK,22.0,31.0,9.0,9.344,0.5334,0.1539,0.4666,31.0,100.0,69.0,56.0,95.0,100.0,0.0,0.0,0.7345,0.6396,0.4837,79,113,40,54560.0,54450.0,54450.0,54560.0,110.0,9,0,0.0,,,94.04,93.85,0,0,0,0,0,0,0,0,0,0,0,0,0,0,0,0.0,0,0,0,,0.0,,,0.0,0,0,0,,0.0,,2024-08-05 23:59:59.999999999,2024-04-15 15:07:09,2024-08-05 14:52:04,112.37,True,54570.0,2024-06-27 16:31:34,21.0,39.311,10.0,True,54450.0,2024-08-01 15:09:09,31.0,4.369,0.0,True,10,20.0,True,0,0,0,0,0,0,0,0,0,0,0,0,0,0,0,0,0,0,0.0,0,0.0,-0.0,-0.0,39.311,10.0,0,0,0,-0.0,5,AC_BOUND,STATEFUL_NORMAL_RESPONDING,WINDOW_MICRO_WOBBLE_ONLY,ACTION_NONE,high,9,responding_or_no_concern,micro_wobble,days_eff=39 days_any=4 cyc_eff=10 hq_nr=0 total_nr=0 cens=0 lg_opp=0 opp=0 norm_anom=-0.00 conf_p=1 micro_only=True cluster=AC_BOUND,No action needed.,Responding normally; no concern.,,False,False,True,False,False,False,False,False,0,2026-06-08T10:02:59Z,rolling30-v2.0,30,1,abs_ge_50mWh
JEFFREYX9-14_jeffreyf1,2025-02-21,2025-01-22 23:59:59.999999999,2025-02-21 23:59:59.999999999,592,29.186,0.5,7.226,19.454,37,5,0,0,0,0,0,False,WINDOW_QUALITY_OK,5.0,16.0,11.0,11.307,0.6548,0.1635,0.3452,25.0,100.0,75.0,62.0,99.0,100.0,0.0,0.0,0.8391,0.7465,0.6522,145,187,73,56550.0,56420.0,56420.0,56550.0,130.0,11,0,0.0,,,102.63,102.4,0,0,0,0,0,0,0,0,0,0,0,0,0,0,0,0.0,0,0,0,,0.0,,,0.0,0,0,0,,0.0,,2025-02-21 23:59:59.999999999,2025-01-08 12:50:25,2025-02-21 10:36:42,44.465,False,56560.0,2025-01-19 11:17:21,4.0,33.53,12.0,False,56420.0,2025-02-18 15:46:34,16.0,3.343,0.0,False,12,20.0,True,0,0,0,0,0,0,0,0,0,0,0,0,0,0,0,0,0,0,0.0,0,0.0,-0.0,-0.0,33.53,12.0,0,0,0,-0.0,5,AC_BOUND,STATEFUL_REVIEW_DATA_QUALITY,WINDOW_MICRO_WOBBLE_ONLY,ACTION_COLLECT_MORE_DATA_OR_MANUAL_REVIEW,low,1,data_quality_or_history_review,micro_wobble,days_eff=34 days_any=3 cyc_eff=12 hq_nr=0 total_nr=0 cens=0 lg_opp=0 opp=0 norm_anom=-0.00 conf_p=1 micro_only=True cluster=AC_BOUND,No user-facing action; collecting more data.,Data-quality/history review outranks action (would_have_been=NONE). Collect more data or manual review.,NONE,False,False,True,False,False,True,False,False,0,2026-06-08T10:02:59Z,rolling30-v2.0,30,1,abs_ge_50mWh
JEREMYCA-4BWNT1_jeremyca,2024-12-04,2024-11-04 23:59:59.999999999,2024-12-04 23:59:59.999999999,183,21.956,0.5,15.028,69.604,18,13,6,0,0,0,0,False,WINDOW_QUALITY_OK,40.0,42.0,2.0,2.733,0.9421,0.0361,0.0579,4.0,80.0,76.0,55.0,78.0,80.0,0.0027,0.0027,0.0,0.0,0.0,11,15,6,92860.0,91840.0,91840.0,92860.0,1020.0,3,3,920.0,2024-12-02 13:02:18,42.0,98.78,97.69,0,1,0,0,1,0,0,0,0,0,0,0,0,0,0,0.0,0,0,0,,0.0,,,0.0,0,0,0,,0.0,,2024-12-04 23:59:59.999999999,2023-06-05 12:22:24,2024-12-04 10:46:26,548.484,True,91840.0,2024-12-02 13:02:18,42.0,2.457,0.0,True,91840.0,2024-12-02 13:02:18,42.0,2.457,0.0,True,0,0.0,False,0,0,0,0,0,0,0,0,0,0,0,0,0,0,0,0,0,0,0.0,0,0.0,-0.0,-0.0,2.457,0.0,0,0,0,-0.0,2,MOBILE_DEEP_CYCLE,STATEFUL_NORMAL_RESPONDING,WINDOW_NORMAL_RESPONDING,ACTION_NONE,high,9,responding_or_no_concern,,days_eff=2 days_any=2 cyc_eff=0 hq_nr=0 total_nr=0 cens=0 lg_opp=0 opp=0 norm_anom=-0.00 conf_p=1 micro_only=False cluster=MOBILE_DEEP_CYCLE,No action needed.,Responding normally; no concern.,,False,False,False,False,False,False,False,False,0,2026-06-08T10:02:59Z,rolling30-v2.0,30,1,abs_ge_50mWh
JEREMY_jeremyca,2026-05-12,2026-04-12 23:59:59.999999999,2026-05-12 23:59:59.999999999,281,29.055,0.5,14.033,165.419,19,15,4,0,0,0,0,False,WINDOW_QUALITY_OK,11.0,17.0,6.0,6.195,0.6188,0.1039,0.3812,20.0,100.0,80.0,50.0,98.0,100.0,0.0,0.0,0.7682,0.6773,0.5668,41,58,21,89860.0,89760.0,89760.0,89860.0,100.0,6,0,0.0,,,99.84,99.73,0,1,0,0,1,0,0,0,0,0,0,0,0,0,0,0.0,0,0,0,,0.0,,,0.0,0,0,0,,0.0,,2026-05-12 23:59:59.999999999,2026-01-22 11:14:26,2026-05-12 10:14:51,110.532,True,90010.0,2026-01-22 11:14:26,0.0,110.532,17.0,False,89760.0,2026-05-07 12:00:37,17.0,5.5,0.0,True,16,20.0,True,0,0,2,0,0,0,0,0,0,1,0,0,0,0,0,0,2,0,0.0,0,0.0,-0.0,-0.0,110.532,17.0,0,0,0,-0.0,5,AC_BOUND,STATEFUL_WATCH_LARGE_GAP_OR_CENSORED,WINDOW_MICRO_WOBBLE_ONLY,ACTION_MONITOR_NEXT_WINDOW,low,7,large_gap_or_censored_dominant,micro_wobble;large_gap_dominant,days_eff=111 days_any=6 cyc_eff=17 hq_nr=0 total_nr=0 cens=0 lg_opp=2 opp=3 norm_anom=-0.00 conf_p=1 micro_only=True cluster=AC_BOUND,No user-facing action; monitoring.,Ambiguous/weak evidence (110d since effective change); monitor next window.,,False,False,True,True,False,False,False,False,0,2026-06-08T10:02:59Z,rolling30-v2.0,30,1,abs_ge_50mWh
JESSICAWANG2025_wangyun,2025-10-17,2025-09-17 23:59:59.999999999,2025-10-17 23:59:59.999999999,310,28.999,0.5,10.258,176.701,19,14,4,0,0,0,0,False,WINDOW_QUALITY_OK,103.0,113.0,10.0,10.345,0.4393,0.2551,0.5607,2.0,100.0,98.0,20.0,79.0,100.0,0.0189,0.0303,0.4484,0.3449,0.3082,78,99,39,54000.0,53360.0,53360.0,54580.0,1220.0,12,3,610.0,2025-10-09 09:21:47,110.0,94.74,93.61,0,3,0,0,3,0,1,0,0,1,0,1,0,0,1,0.0,0,0,0,,0.0,,,0.0,0,0,0,,0.0,,2025-10-17 23:59:59.999999999,2025-01-02 14:11:02,2025-10-17 09:40:03,288.409,True,53400.0,2025-10-09 09:21:47,110.0,8.61,3.0,True,53360.0,2025-10-16 12:02:12,113.0,1.498,0.0,True,3,20.0,True,0,0,1,0,0,0,0,0,0,0,0,0,0,0,0,0,1,0,0.0,0,0.0,-0.0,-0.0,8.61,3.0,0,0,0,-0.0,4,MOBILE_DEEP_CYCLE,STATEFUL_WATCH_LARGE_GAP_OR_CENSORED,WINDOW_NORMAL_RESPONDING,ACTION_MONITOR_NEXT_WINDOW,low,7,large_gap_or_censored_dominant,micro_wobble;large_gap_dominant,days_eff=9 days_any=1 cyc_eff=3 hq_nr=0 total_nr=0 cens=0 lg_opp=1 opp=1 norm_anom=-0.00 conf_p=1 micro_only=True cluster=MOBILE_DEEP_CYCLE,No user-facing action; monitoring.,Ambiguous/weak evidence (8d since effective change); monitor next window.,,False,False,True,True,False,False,False,False,0,2026-06-08T10:02:59Z,rolling30-v2.0,30,1,abs_ge_50mWh
JESTROFF-4G0AHW_jestroff,2024-07-23,2024-06-23 23:59:59.999999999,2024-07-23 23:59:59.999999999,8,6.782,0.071,113.378,161.755,1,1,1,0,0,0,0,False,WINDOW_QUALITY_SHORT_OBS,88.0,89.0,1.0,4.424,0.9687,0.9687,0.0313,5.0,93.0,88.0,5.0,25.0,93.0,0.1747,0.2977,0.0365,0.0129,0.0,1,1,1,47770.0,47770.0,47770.0,47770.0,0.0,0,0,0.0,,,90.99,90.99,0,1,0,0,1,0,1,0,0,1,0,1,0,0,1,0.0,0,0,0,,0.0,,,0.0,0,0,0,,0.0,,2024-07-23 23:59:59.999999999,2023-08-04 13:15:51,2024-07-23 14:08:42,354.447,True,47770.0,2023-12-08 10:18:32,48.0,228.57,41.0,False,47770.0,2023-12-08 10:18:32,48.0,228.57,41.0,False,0,0.0,False,3,5,10,3,5,8,0,0,1,9,0,1,1,0,3,0,10,0,3.1957,0,-4.10821,1.7842,1.7842,228.57,41.0,8,1,0,1.7842,-1,SPARSE_OR_GAPPY,STATEFUL_REVIEW_DATA_QUALITY,WINDOW_DATA_QUALITY_REVIEW,ACTION_COLLECT_MORE_DATA_OR_MANUAL_REVIEW,low,1,data_quality_or_history_review,fw_like;large_gap_dominant,days_eff=229 days_any=229 cyc_eff=41 hq_nr=3 total_nr=8 cens=0 lg_opp=10 opp=28 norm_anom=1.78 conf_p=1 micro_only=False cluster=SPARSE_OR_GAPPY,No user-facing action; collecting more data.,Data-quality/history review outranks action (would_have_been=FW_CORE_LIKE). Collect more data or manual review.,FW_CORE_LIKE,True,False,False,True,False,False,True,False,0,2026-06-08T10:02:59Z,rolling30-v2.0,30,1,abs_ge_50mWh
JESTROFF-4SA4E9_jestroff,2025-04-24,2025-03-25 23:59:59.999999999,2025-04-24 23:59:59.999999999,460,29.334,0.5,8.007,68.117,39,5,2,0,0,0,0,False,WINDOW_QUALITY_OK,57.0,66.0,9.0,9.204,0.4732,0.0924,0.5268,7.0,100.0,93.0,41.95,100.0,100.0,0.0017,0.0072,0.7846,0.6824,0.5489,74,105,38,49350.0,48820.0,48820.0,49350.0,530.0,1,1,530.0,2025-03-29 09:12:56,58.0,90.17,89.2,1,2,1,0,3,0,1,0,0,1,0,1,0,0,1,0.4407,0,1,1,0.559302,0.2524,0.64517,0.64521,0.2481,0,1,1,0.751926,0.1238,0.71787,2025-04-24 23:59:59.999999999,2024-04-03 11:59:32,2025-04-24 08:13:43,386.5,True,48820.0,2025-03-29 09:12:56,58.0,26.616,8.0,True,48820.0,2025-03-29 09:12:56,58.0,26.616,8.0,True,0,0.0,False,1,1,1,1,1,2,0,0,0,1,0,0,0,0,1,0,1,0,0.8814,0,-1.16213,0.5047,0.5047,26.616,8.0,2,0,0,0.5047,4,MOBILE_DEEP_CYCLE,STATEFUL_WATCH_LOW_EVIDENCE,WINDOW_NORMAL_RESPONDING,ACTION_MONITOR_NEXT_WINDOW,low,8,weak_partial_evidence,fw_like,days_eff=27 days_any=27 cyc_eff=8 hq_nr=1 total_nr=2 cens=0 lg_opp=1 opp=4 norm_anom=0.50 conf_p=0.645 micro_only=False cluster=MOBILE_DEEP_CYCLE,No user-facing action; monitoring.,Ambiguous/weak evidence (26d since effective change); monitor next window.,,True,False,False,False,False,False,False,False,0,2026-06-08T10:02:59Z,rolling30-v2.0,30,1,abs_ge_50mWh
JESTROFF-504AKS_jestroff,2025-02-06,2025-01-07 23:59:59.999999999,2025-02-06 23:59:59.999999999,426,29.012,0.5,10.537,41.804,32,19,4,0,0,0,0,False,WINDOW_QUALITY_OK,21.0,25.0,4.0,4.136,0.7885,0.1105,0.2115,3.0,100.0,97.0,67.0,100.0,100.0,0.0024,0.0058,0.9281,0.8901,0.7722,56,80,28,58250.0,55820.0,55820.0,58250.0,2430.0,6,2,1800.0,2025-01-16 10:00:29,21.0,102.14,97.88,0,1,0,0,1,0,1,0,0,1,0,1,0,0,1,0.0,0,0,0,,0.0,,,0.0,0,0,0,,0.0,,2025-02-06 23:59:59.999999999,2024-10-10 16:18:13,2025-02-06 08:36:43,119.321,True,55870.0,2025-01-16 10:00:29,21.0,21.583,4.0,True,55820.0,2025-02-03 08:59:04,25.0,3.626,0.0,True,4,20.0,True,0,0,1,0,0,0,0,0,0,1,0,0,0,0,0,0,1,0,0.0,0,0.0,-0.0,-0.0,21.583,4.0,0,0,0,-0.0,4,MOBILE_DEEP_CYCLE,STATEFUL_WATCH_LARGE_GAP_OR_CENSORED,WINDOW_NORMAL_RESPONDING,ACTION_MONITOR_NEXT_WINDOW,low,7,large_gap_or_censored_dominant,micro_wobble;large_gap_dominant,days_eff=22 days_any=4 cyc_eff=4 hq_nr=0 total_nr=0 cens=0 lg_opp=1 opp=2 norm_anom=-0.00 conf_p=1 micro_only=True cluster=MOBILE_DEEP_CYCLE,No user-facing action; monitoring.,Ambiguous/weak evidence (21d since effective change); monitor next window.,,False,False,True,True,False,False,False,False,0,2026-06-08T10:02:59Z,rolling30-v2.0,30,1,abs_ge_50mWh
JFASANO-F4RXM66_jfasano,2025-11-25,2025-10-26 23:59:59.999999999,2025-11-25 23:59:59.999999999,572,29.281,0.502,3.034,59.35,17,5,3,0,0,0,0,False,WINDOW_QUALITY_OK,102.0,111.0,9.0,9.221,0.7826,0.0726,0.2174,19.0,80.0,61.0,25.0,77.0,79.0,0.0,0.0081,0.0,0.0,0.0,92,135,46,37950.0,37850.0,37850.0,37950.0,100.0,9,0,0.0,,,96.27,96.02,2,2,2,0,4,0,0,0,0,0,0,0,0,0,0,0.6289,0,2,2,0.470011,0.3279,0.4644,0.42984,0.2721,0,2,2,0.74623,0.1271,0.67402,2025-11-25 23:59:59.999999999,2024-01-30 12:11:10,2025-11-25 09:49:32,665.492,True,37980.0,2025-10-21 06:36:43,100.0,35.725,11.0,True,37850.0,2025-11-19 09:48:09,111.0,6.592,0.0,True,11,20.0,True,2,1,2,2,1,3,0,0,0,0,0,0,0,0,2,0,2,0,0.9433,0,-1.1325,0.4918,0.4918,35.725,11.0,3,0,0,0.4918,2,MOBILE_DEEP_CYCLE,STATEFUL_WATCH_LOW_EVIDENCE,WINDOW_OPPORTUNITY_NO_RESPONSE,ACTION_MONITOR_NEXT_WINDOW,low,8,weak_partial_evidence,fw_like;micro_wobble,days_eff=36 days_any=7 cyc_eff=11 hq_nr=2 total_nr=3 cens=0 lg_opp=2 opp=5 norm_anom=0.49 conf_p=0.464 micro_only=True cluster=MOBILE_DEEP_CYCLE,No user-facing action; monitoring.,Ambiguous/weak evidence (35d since effective change); monitor next window.,,True,False,True,False,False,False,False,False,6,2026-06-08T10:02:59Z,rolling30-v2.0,30,1,abs_ge_50mWh
JFISHEL-F56FAH2_jfishel,2025-05-07,2025-04-07 23:59:59.999999999,2025-05-07 23:59:59.999999999,314,29.005,0.5,16.128,63.724,25,19,4,0,0,0,0,False,WINDOW_QUALITY_OK,22.0,26.0,4.0,4.137,0.8132,0.0756,0.1868,50.0,80.0,30.0,57.65,79.0,80.0,0.0,0.0,0.0,0.0,0.0,52,73,26,59060.0,59060.0,59060.0,59060.0,0.0,0,0,0.0,,,103.56,103.56,0,0,0,0,0,0,0,0,0,0,0,0,0,0,0,0.0,0,0,0,,0.0,,,0.0,0,0,0,,0.0,,2025-05-07 23:59:59.999999999,2024-11-13 15:02:38,2025-05-07 09:47:36,175.373,True,59060.0,2024-11-13 15:02:38,0.0,175.373,26.0,False,59060.0,2024-11-13 15:02:38,0.0,175.373,26.0,False,0,0.0,False,0,0,2,0,0,0,0,0,0,0,0,0,0,0,0,0,2,0,0.0,0,0.0,-0.0,-0.0,175.373,26.0,0,0,0,-0.0,2,MOBILE_DEEP_CYCLE,STATEFUL_WATCH_LARGE_GAP_OR_CENSORED,WINDOW_INSUFFICIENT_LEARNING_OPPORTUNITY,ACTION_MONITOR_NEXT_WINDOW,low,7,large_gap_or_censored_dominant,large_gap_dominant,days_eff=175 days_any=175 cyc_eff=26 hq_nr=0 total_nr=0 cens=0 lg_opp=2 opp=2 norm_anom=-0.00 conf_p=1 micro_only=False cluster=MOBILE_DEEP_CYCLE,No user-facing action; monitoring.,Ambiguous/weak evidence (175d since effective change); monitor next window.,,False,False,False,True,False,False,False,False,0,2026-06-08T10:02:59Z,rolling30-v2.0,30,1,abs_ge_50mWh
JG3-SIT-OS_Maru1tom,2024-05-14,2024-04-14 23:59:59.999999999,2024-05-14 23:59:59.999999999,1,0.0,,,0.0,0,0,0,0,0,0,0,False,WINDOW_QUALITY_SHORT_OBS,9.0,9.0,0.0,0.0,,,,77.0,77.0,0.0,77.0,77.0,77.0,,,,,,0,0,0,57570.0,57570.0,57570.0,57570.0,0.0,0,0,0.0,,,101.0,101.0,0,0,0,0,0,0,0,0,0,0,0,0,0,0,0,0.0,0,0,0,,0.0,,,0.0,0,0,0,,0.0,,2024-05-14 23:59:59.999999999,2023-10-18 18:49:18,2024-05-14 13:32:14,209.216,True,57570.0,2023-10-18 18:49:18,9.0,209.216,0.0,False,57570.0,2023-10-18 18:49:18,9.0,209.216,0.0,False,0,0.0,False,0,0,0,0,0,0,0,0,0,0,0,0,0,0,0,0,0,0,0.0,0,0.0,-0.0,-0.0,209.216,0.0,0,0,0,-0.0,-1,SPARSE_OR_GAPPY,STATEFUL_REVIEW_DATA_QUALITY,WINDOW_DATA_QUALITY_REVIEW,ACTION_COLLECT_MORE_DATA_OR_MANUAL_REVIEW,low,1,data_quality_or_history_review,,days_eff=209 days_any=209 cyc_eff=0 hq_nr=0 total_nr=0 cens=0 lg_opp=0 opp=0 norm_anom=-0.00 conf_p=1 micro_only=False cluster=SPARSE_OR_GAPPY,No user-facing action; collecting more data.,Data-quality/history review outranks action (would_have_been=NONE). Collect more data or manual review.,NONE,False,False,False,False,False,False,True,False,0,2026-06-08T10:02:59Z,rolling30-v2.0,30,1,abs_ge_50mWh
JGERMANO-5PHRQ0_jgermano,2026-05-26,2026-04-26 23:59:59.999999999,2026-05-26 23:59:59.999999999,396,29.195,0.5,9.281,131.31,23,16,5,0,0,0,0,False,WINDOW_QUALITY_OK,69.0,79.0,10.0,10.276,0.4974,0.1569,0.5026,8.0,100.0,92.0,44.75,94.5,100.0,0.0023,0.0023,0.7573,0.6122,0.5027,77,106,39,86500.0,87920.0,86490.0,88250.0,1760.0,15,5,940.0,2026-05-15 15:49:11,77.0,96.11,97.69,0,1,0,0,1,0,1,0,0,1,0,1,0,0,1,0.0,0,0,0,,0.0,,,0.0,0,0,0,,0.0,,2026-05-26 23:59:59.999999999,2025-09-16 14:12:55,2026-05-26 14:17:26,252.408,True,87950.0,2026-05-15 15:49:11,77.0,11.341,2.0,True,87920.0,2026-05-26 13:47:26,79.0,0.425,0.0,True,2,20.0,True,0,0,0,0,0,0,0,0,0,0,0,0,0,0,0,0,0,0,0.0,0,0.0,-0.0,-0.0,11.341,2.0,0,0,0,-0.0,4,MOBILE_DEEP_CYCLE,STATEFUL_NORMAL_RESPONDING,WINDOW_NORMAL_RESPONDING,ACTION_NONE,high,9,responding_or_no_concern,micro_wobble,days_eff=11 days_any=0 cyc_eff=2 hq_nr=0 total_nr=0 cens=0 lg_opp=0 opp=0 norm_anom=-0.00 conf_p=1 micro_only=True cluster=MOBILE_DEEP_CYCLE,No action needed.,Responding normally; no concern.,,False,False,True,False,False,False,False,False,0,2026-06-08T10:02:59Z,rolling30-v2.0,30,1,abs_ge_50mWh
JINOUE1-F49SYAH_jinoue1,2025-12-03,2025-11-03 23:59:59.999999999,2025-12-03 23:59:59.999999999,34,7.991,0.5,17.043,130.678,4,4,1,0,0,0,0,False,WINDOW_QUALITY_OK,167.0,168.0,1.0,3.754,0.7721,0.1528,0.2279,6.0,100.0,94.0,28.55,97.0,100.0,0.0052,0.0305,0.7409,0.6356,0.6356,2,4,1,47920.0,47920.0,47920.0,47920.0,0.0,0,0,0.0,,,84.0,84.0,0,1,0,0,1,0,1,0,0,1,0,1,0,0,1,0.0,0,0,0,,0.0,,,0.0,0,0,0,,0.0,,2025-12-03 23:59:59.999999999,2023-07-07 15:58:34,2025-12-03 21:44:08,880.334,True,47920.0,2025-08-19 10:26:45,165.0,106.565,3.0,False,47920.0,2025-08-19 10:26:45,165.0,106.565,3.0,False,0,0.0,False,0,0,3,0,0,0,0,0,0,3,0,0,0,0,0,0,3,0,0.0,0,0.0,-0.0,-0.0,106.565,3.0,0,0,0,-0.0,4,MOBILE_DEEP_CYCLE,STATEFUL_WATCH_LARGE_GAP_OR_CENSORED,WINDOW_LARGE_GAP_AMBIGUOUS,ACTION_MONITOR_NEXT_WINDOW,low,7,large_gap_or_censored_dominant,large_gap_dominant,days_eff=107 days_any=107 cyc_eff=3 hq_nr=0 total_nr=0 cens=0 lg_opp=3 opp=6 norm_anom=-0.00 conf_p=1 micro_only=False cluster=MOBILE_DEEP_CYCLE,No user-facing action; monitoring.,Ambiguous/weak evidence (106d since effective change); monitor next window.,,False,False,False,True,False,False,False,False,0,2026-06-08T10:02:59Z,rolling30-v2.0,30,1,abs_ge_50mWh
JJOHNSON16-QW2P_jjohnson16,2024-05-15,2024-04-15 23:59:59.999999999,2024-05-15 23:59:59.999999999,545,28.875,0.5,0.509,71.224,19,15,4,0,0,0,0,False,WINDOW_QUALITY_OK,24.0,29.0,5.0,5.195,0.7735,0.0779,0.2265,1.0,100.0,99.0,22.2,99.0,100.0,0.0243,0.0276,0.8393,0.8032,0.7345,46,64,23,60090.0,59660.0,59660.0,60330.0,670.0,7,2,620.0,2024-05-03 09:00:01,26.0,105.42,104.67,0,3,0,0,3,0,3,0,0,3,0,3,0,0,3,0.0,0,0,0,,0.0,,,0.0,0,0,0,,0.0,,2024-05-15 23:59:59.999999999,2023-06-27 19:24:07,2024-05-15 07:30:44,323.192,True,59700.0,2024-05-03 09:00:01,26.0,12.625,3.0,True,59660.0,2024-05-14 13:02:02,29.0,1.457,0.0,True,3,20.0,True,0,0,1,0,0,0,0,0,0,1,0,0,0,0,0,0,1,0,0.0,0,0.0,-0.0,-0.0,12.625,3.0,0,0,0,-0.0,4,MOBILE_DEEP_CYCLE,STATEFUL_WATCH_LARGE_GAP_OR_CENSORED,WINDOW_NORMAL_RESPONDING,ACTION_MONITOR_NEXT_WINDOW,low,7,large_gap_or_censored_dominant,micro_wobble;large_gap_dominant,days_eff=13 days_any=1 cyc_eff=3 hq_nr=0 total_nr=0 cens=0 lg_opp=1 opp=2 norm_anom=-0.00 conf_p=1 micro_only=True cluster=MOBILE_DEEP_CYCLE,No user-facing action; monitoring.,Ambiguous/weak evidence (12d since effective change); monitor next window.,,False,False,True,True,False,False,False,False,0,2026-06-08T10:02:59Z,rolling30-v2.0,30,1,abs_ge_50mWh
JJOHNSON18-T4GM_jjohnson18,2026-06-01,2026-05-02 23:59:59.999999999,2026-06-01 23:59:59.999999999,221,21.25,0.5,13.539,57.335,15,13,6,0,0,0,0,False,WINDOW_QUALITY_OK,2.0,9.0,7.0,9.883,0.4838,0.1446,0.5162,22.0,100.0,78.0,30.0,85.0,100.0,0.0,0.0,0.582,0.481,0.447,38,54,19,58030.0,57970.0,57970.0,58030.0,60.0,5,0,0.0,,,100.05,99.95,0,0,0,0,0,0,0,0,0,0,0,0,0,0,0,0.0,0,0,0,,0.0,,,0.0,0,0,0,,0.0,,2026-06-01 23:59:59.999999999,2026-05-11 10:00:45,2026-06-01 16:00:03,21.583,False,58030.0,2026-05-11 10:00:45,2.0,21.583,7.0,False,57970.0,2026-05-29 09:59:16,9.0,3.584,0.0,False,5,20.0,True,0,0,0,0,0,0,0,0,0,0,0,0,0,0,0,0,0,0,0.0,0,0.0,-0.0,-0.0,21.583,7.0,0,0,0,-0.0,4,MOBILE_DEEP_CYCLE,STATEFUL_REVIEW_DATA_QUALITY,WINDOW_MICRO_WOBBLE_ONLY,ACTION_COLLECT_MORE_DATA_OR_MANUAL_REVIEW,low,1,data_quality_or_history_review,micro_wobble,days_eff=22 days_any=4 cyc_eff=7 hq_nr=0 total_nr=0 cens=0 lg_opp=0 opp=0 norm_anom=-0.00 conf_p=1 micro_only=True cluster=MOBILE_DEEP_CYCLE,No user-facing action; collecting more data.,Data-quality/history review outranks action (would_have_been=NONE). Collect more data or manual review.,NONE,False,False,True,False,False,True,False,False,0,2026-06-08T10:02:59Z,rolling30-v2.0,30,1,abs_ge_50mWh
JKLEISSLER-DNZK_jkleissler,2025-03-14,2025-02-12 23:59:59.999999999,2025-03-14 23:59:59.999999999,410,29.065,0.5,8.31,68.74,22,15,4,0,0,0,0,False,WINDOW_QUALITY_OK,12.0,23.0,11.0,11.354,0.5505,0.1435,0.4495,6.0,100.0,94.0,31.0,97.0,100.0,0.0103,0.0205,0.6881,0.6272,0.4813,64,97,32,50580.0,56160.0,50010.0,59480.0,9470.0,14,3,9470.0,2025-03-13 12:42:16,22.0,88.69,98.47,0,2,0,0,2,0,1,0,0,1,0,1,0,0,1,0.0,0,0,0,,0.0,,,0.0,0,0,0,,0.0,,2025-03-14 23:59:59.999999999,2025-01-24 10:08:32,2025-03-14 10:00:37,49.577,False,56170.0,2025-03-13 12:42:16,22.0,1.471,1.0,False,56160.0,2025-03-14 08:30:41,23.0,0.645,0.0,False,1,10.0,True,0,0,0,0,0,0,0,0,0,0,0,0,0,0,0,0,0,0,0.0,0,0.0,-0.0,-0.0,1.471,1.0,0,0,0,-0.0,4,MOBILE_DEEP_CYCLE,STATEFUL_REVIEW_DATA_QUALITY,WINDOW_NORMAL_RESPONDING,ACTION_COLLECT_MORE_DATA_OR_MANUAL_REVIEW,low,1,data_quality_or_history_review,micro_wobble,days_eff=1 days_any=1 cyc_eff=1 hq_nr=0 total_nr=0 cens=0 lg_opp=0 opp=0 norm_anom=-0.00 conf_p=1 micro_only=True cluster=MOBILE_DEEP_CYCLE,No user-facing action; collecting more data.,Data-quality/history review outranks action (would_have_been=NONE). Collect more data or manual review.,NONE,False,False,True,False,False,True,False,False,0,2026-06-08T10:02:59Z,rolling30-v2.0,30,1,abs_ge_50mWh
JL18156-F3Z1LJN_JL18156,2025-10-16,2025-09-16 23:59:59.999999999,2025-10-16 23:59:59.999999999,260,26.854,0.5,12.162,65.132,25,15,5,0,0,0,0,False,WINDOW_QUALITY_OK,290.0,299.0,9.0,10.055,0.9252,0.2987,0.0748,1.0,100.0,99.0,17.85,96.0,100.0,0.0296,0.0605,0.7893,0.7522,0.5847,34,59,17,47110.0,45860.0,45860.0,48340.0,2480.0,19,11,1460.0,2025-10-16 17:55:35,299.0,86.09,83.81,1,5,0,0,6,0,3,0,0,3,0,3,0,0,3,0.3841,1,0,1,0.615917,0.2105,0.86181,0.88065,0.8276,1,0,1,0.172414,0.7634,0.24813,2025-10-16 23:59:59.999999999,2023-02-05 10:46:49,2025-10-16 18:03:00,984.551,True,45860.0,2025-10-16 17:55:35,299.0,0.253,0.0,True,45860.0,2025-10-16 17:55:35,299.0,0.253,0.0,True,0,0.0,False,0,0,0,0,0,0,0,0,0,0,0,0,0,0,0,0,0,0,0.0,0,0.0,-0.0,-0.0,0.253,0.0,0,0,0,-0.0,4,MOBILE_DEEP_CYCLE,STATEFUL_WATCH_LOW_EVIDENCE,WINDOW_NORMAL_RESPONDING,ACTION_MONITOR_NEXT_WINDOW,low,8,weak_partial_evidence,,days_eff=0 days_any=0 cyc_eff=0 hq_nr=0 total_nr=0 cens=0 lg_opp=0 opp=0 norm_anom=-0.00 conf_p=0.862 micro_only=False cluster=MOBILE_DEEP_CYCLE,No user-facing action; monitoring.,Ambiguous/weak evidence (0d since effective change); monitor next window.,,False,False,False,False,False,False,False,False,0,2026-06-08T10:02:59Z,rolling30-v2.0,30,1,abs_ge_50mWh
JL24078-F3YZT26_jl24078,2024-05-10,2024-04-10 23:59:59.999999999,2024-05-10 23:59:59.999999999,167,29.243,0.5,15.701,188.327,12,10,6,0,0,0,0,False,WINDOW_QUALITY_OK,77.0,80.0,3.0,3.078,0.7293,0.1265,0.2707,2.0,80.0,78.0,30.2,77.0,79.0,0.0445,0.0445,0.0,0.0,0.0,40,51,20,57570.0,57570.0,57570.0,57570.0,0.0,0,0,0.0,,,101.0,101.0,0,0,0,0,0,0,0,0,0,0,0,0,0,0,0,0.0,0,0,0,,0.0,,,0.0,0,0,0,,0.0,,2024-05-10 23:59:59.999999999,2023-02-08 10:48:23,2024-05-10 14:37:16,457.55,True,57570.0,2023-02-08 10:48:23,7.0,457.55,73.0,False,57570.0,2023-02-08 10:48:23,7.0,457.55,73.0,False,0,0.0,False,0,0,8,0,0,0,0,0,0,0,0,0,0,0,0,0,8,0,0.0,0,0.0,-0.0,-0.0,457.55,73.0,0,0,0,-0.0,2,MOBILE_DEEP_CYCLE,STATEFUL_WATCH_LARGE_GAP_OR_CENSORED,WINDOW_INSUFFICIENT_LEARNING_OPPORTUNITY,ACTION_MONITOR_NEXT_WINDOW,low,7,large_gap_or_censored_dominant,large_gap_dominant,days_eff=458 days_any=458 cyc_eff=73 hq_nr=0 total_nr=0 cens=0 lg_opp=8 opp=8 norm_anom=-0.00 conf_p=1 micro_only=False cluster=MOBILE_DEEP_CYCLE,No user-facing action; monitoring.,Ambiguous/weak evidence (457d since effective change); monitor next window.,,False,False,False,True,False,False,False,False,0,2026-06-08T10:02:59Z,rolling30-v2.0,30,1,abs_ge_50mWh
JLEWIS9-W0A2BP7_jlewis9,2024-07-18,2024-06-18 23:59:59.999999999,2024-07-18 23:59:59.999999999,286,28.116,0.5,13.74,118.048,18,16,5,0,0,0,0,False,WINDOW_QUALITY_OK,16.0,19.0,3.0,3.201,0.8404,0.8374,0.1596,6.0,100.0,94.0,38.0,100.0,100.0,0.0006,0.0201,0.8569,0.836,0.8003,15,17,8,56890.0,56860.0,56860.0,56890.0,30.0,3,0,0.0,,,99.81,99.75,0,3,0,0,3,0,1,0,0,1,0,1,0,0,1,0.0,0,0,0,,0.0,,,0.0,0,0,0,,0.0,,2024-07-18 23:59:59.999999999,2024-03-21 10:40:50,2024-07-18 11:07:04,119.555,True,57000.0,2024-03-21 10:40:50,3.0,119.555,16.0,False,56860.0,2024-07-15 16:11:43,19.0,3.325,0.0,True,13,20.0,True,0,0,3,0,0,0,0,0,0,1,0,0,0,0,0,0,3,0,0.0,0,0.0,-0.0,-0.0,119.555,16.0,0,0,0,-0.0,3,AC_BOUND,STATEFUL_WATCH_LARGE_GAP_OR_CENSORED,WINDOW_MICRO_WOBBLE_ONLY,ACTION_MONITOR_NEXT_WINDOW,low,7,large_gap_or_censored_dominant,micro_wobble;large_gap_dominant,days_eff=120 days_any=3 cyc_eff=16 hq_nr=0 total_nr=0 cens=0 lg_opp=3 opp=4 norm_anom=-0.00 conf_p=1 micro_only=True cluster=AC_BOUND,No user-facing action; monitoring.,Ambiguous/weak evidence (119d since effective change); monitor next window.,,False,False,True,True,False,False,False,False,0,2026-06-08T10:02:59Z,rolling30-v2.0,30,1,abs_ge_50mWh
JMANCHESTER-LQ5_jmanchester,2026-05-21,2026-04-21 23:59:59.999999999,2026-05-21 23:59:59.999999999,451,29.191,0.5,1.526,87.675,20,19,4,0,0,0,0,False,WINDOW_QUALITY_OK,3.0,8.0,5.0,5.139,0.6597,0.14,0.3403,21.0,100.0,79.0,74.0,98.0,100.0,0.0,0.0,0.9291,0.8071,0.6596,125,153,63,58590.0,58540.0,58540.0,58590.0,50.0,5,0,0.0,,,101.02,100.93,0,0,0,0,0,0,0,0,0,0,0,0,0,0,0,0.0,0,0,0,,0.0,,,0.0,0,0,0,,0.0,,2026-05-21 23:59:59.999999999,2026-04-22 11:20:25,2026-05-21 15:55:42,29.527,False,58590.0,2026-04-22 11:20:25,3.0,29.527,5.0,False,58540.0,2026-05-18 11:00:14,8.0,3.542,0.0,False,5,10.0,True,0,0,0,0,0,0,0,0,0,0,0,0,0,0,0,0,0,0,0.0,0,0.0,-0.0,-0.0,29.527,5.0,0,0,0,-0.0,5,AC_BOUND,STATEFUL_REVIEW_DATA_QUALITY,WINDOW_MICRO_WOBBLE_ONLY,ACTION_COLLECT_MORE_DATA_OR_MANUAL_REVIEW,low,1,data_quality_or_history_review,micro_wobble,days_eff=30 days_any=4 cyc_eff=5 hq_nr=0 total_nr=0 cens=0 lg_opp=0 opp=0 norm_anom=-0.00 conf_p=1 micro_only=True cluster=AC_BOUND,No user-facing action; collecting more data.,Data-quality/history review outranks action (would_have_been=NONE). Collect more data or manual review.,NONE,False,False,True,False,False,True,False,False,0,2026-06-08T10:02:59Z,rolling30-v2.0,30,1,abs_ge_50mWh
JMATTHEWS2-YXHQ_jmatthews2,2024-10-03,2024-09-03 23:59:59.999999999,2024-10-03 23:59:59.999999999,668,29.448,0.5,0.5,336.069,5,3,1,0,0,0,0,False,WINDOW_QUALITY_OK,88.0,92.0,4.0,4.075,0.9475,0.0394,0.0525,9.0,100.0,91.0,93.0,100.0,100.0,0.0012,0.0028,0.9501,0.9418,0.9245,18,24,9,85430.0,85340.0,85340.0,87990.0,2650.0,2,2,2650.0,2024-09-19 08:51:31,91.0,91.33,91.23,1,1,1,0,2,0,1,0,0,1,0,1,0,0,1,0.335,0,1,1,0.664987,0.1772,0.88648,0.9047,0.3401,0,1,1,0.659864,0.1805,0.59069,2024-10-03 23:59:59.999999999,2023-08-09 12:36:03,2024-10-03 11:10:42,421.475,True,85340.0,2024-09-19 08:51:31,91.0,14.631,1.0,True,85340.0,2024-09-19 08:51:31,91.0,14.631,1.0,True,0,0.0,False,1,0,0,1,0,1,0,0,0,0,0,0,0,0,1,0,0,0,0.335,0,-0.40799,0.1772,0.1772,14.631,1.0,1,0,0,0.1772,4,MOBILE_DEEP_CYCLE,STATEFUL_WATCH_LOW_EVIDENCE,WINDOW_NORMAL_RESPONDING,ACTION_MONITOR_NEXT_WINDOW,low,8,weak_partial_evidence,fw_like,days_eff=15 days_any=15 cyc_eff=1 hq_nr=1 total_nr=1 cens=0 lg_opp=0 opp=1 norm_anom=0.18 conf_p=0.886 micro_only=False cluster=MOBILE_DEEP_CYCLE,No user-facing action; monitoring.,Ambiguous/weak evidence (14d since effective change); monitor next window.,,True,False,False,False,False,False,False,False,0,2026-06-08T10:02:59Z,rolling30-v2.0,30,1,abs_ge_50mWh
JMAYERSALMA-252_jmayersalman,2026-05-21,2026-04-21 23:59:59.999999999,2026-05-21 23:59:59.999999999,395,22.038,0.5,5.644,42.255,20,9,3,0,0,0,0,False,WINDOW_QUALITY_OK,0.0,11.0,11.0,14.974,0.4789,0.1504,0.5211,0.0,100.0,100.0,37.7,95.0,100.0,0.0028,0.005,0.6841,0.5783,0.4764,93,121,47,54760.0,55210.0,54720.0,55240.0,520.0,9,5,500.0,2026-05-20 19:51:49,10.0,100.11,100.93,0,2,0,0,2,0,1,0,0,1,0,1,0,0,1,0.0,0,0,0,,0.0,,,0.0,0,0,0,,0.0,,2026-05-21 23:59:59.999999999,2026-04-29 11:33:44,2026-05-21 12:29:07,22.518,False,55220.0,2026-05-20 19:51:49,10.0,1.172,1.0,False,55210.0,2026-05-21 11:07:22,11.0,0.537,0.0,False,1,10.0,True,0,0,0,0,0,0,0,0,0,0,0,0,0,0,0,0,0,0,0.0,0,0.0,-0.0,-0.0,1.172,1.0,0,0,0,-0.0,4,MOBILE_DEEP_CYCLE,STATEFUL_REVIEW_DATA_QUALITY,WINDOW_NORMAL_RESPONDING,ACTION_COLLECT_MORE_DATA_OR_MANUAL_REVIEW,low,1,data_quality_or_history_review,micro_wobble,days_eff=1 days_any=1 cyc_eff=1 hq_nr=0 total_nr=0 cens=0 lg_opp=0 opp=0 norm_anom=-0.00 conf_p=1 micro_only=True cluster=MOBILE_DEEP_CYCLE,No user-facing action; collecting more data.,Data-quality/history review outranks action (would_have_been=NONE). Collect more data or manual review.,NONE,False,False,True,False,False,True,False,False,0,2026-06-08T10:02:59Z,rolling30-v2.0,30,1,abs_ge_50mWh
JMAYERSALMA-HDJ_jmayersalman,2025-08-26,2025-07-27 23:59:59.999999999,2025-08-26 23:59:59.999999999,404,26.05,0.5,10.546,45.237,29,16,3,0,0,0,0,False,WINDOW_QUALITY_OK,35.0,47.0,12.0,13.82,0.4995,0.1588,0.5005,4.0,100.0,96.0,43.0,97.0,100.0,0.0024,0.0223,0.6605,0.5748,0.4642,89,123,45,56000.0,56640.0,55570.0,56780.0,1210.0,16,6,590.0,2025-08-17 15:11:02,44.0,98.25,99.37,0,3,0,0,3,0,2,0,0,2,0,1,0,0,1,0.0,0,0,0,,0.0,,,0.0,0,0,0,,0.0,,2025-08-26 23:59:59.999999999,2025-05-13 14:50:23,2025-08-26 02:14:28,105.382,True,56690.0,2025-08-17 15:11:02,44.0,9.367,3.0,True,56640.0,2025-08-22 10:14:15,47.0,4.573,0.0,True,3,20.0,True,0,0,1,0,0,0,0,0,0,0,0,0,0,0,0,0,1,0,0.0,0,0.0,-0.0,-0.0,9.367,3.0,0,0,0,-0.0,4,MOBILE_DEEP_CYCLE,STATEFUL_WATCH_LARGE_GAP_OR_CENSORED,WINDOW_NORMAL_RESPONDING,ACTION_MONITOR_NEXT_WINDOW,low,7,large_gap_or_censored_dominant,micro_wobble;large_gap_dominant,days_eff=9 days_any=5 cyc_eff=3 hq_nr=0 total_nr=0 cens=0 lg_opp=1 opp=1 norm_anom=-0.00 conf_p=1 micro_only=True cluster=MOBILE_DEEP_CYCLE,No user-facing action; monitoring.,Ambiguous/weak evidence (9d since effective change); monitor next window.,,False,False,True,True,False,False,False,False,0,2026-06-08T10:02:59Z,rolling30-v2.0,30,1,abs_ge_50mWh
JMAYERSALMA-TNQ_jmayersalman,2026-02-03,2026-01-04 23:59:59.999999999,2026-02-03 23:59:59.999999999,287,29.119,0.5,8.531,278.982,19,6,3,0,0,0,0,False,WINDOW_QUALITY_OK,88.0,102.0,14.0,14.424,0.4321,0.1725,0.5679,2.0,100.0,98.0,22.3,93.0,100.0,0.0118,0.0624,0.5686,0.4377,0.3611,75,92,38,49840.0,51900.0,49340.0,51920.0,2580.0,16,4,2160.0,2026-01-19 10:41:05,101.0,91.03,94.79,3,2,1,0,5,2,2,1,0,4,0,1,0,0,1,1.2191,2,1,3,0.208273,0.6814,0.20257,0.19132,1.5617,2,1,3,0.10933,0.9613,0.21563,2026-02-03 23:59:59.999999999,2025-08-21 13:11:21,2026-02-03 12:12:07,166.45,True,51920.0,2026-01-19 10:41:05,101.0,15.555,1.0,True,51900.0,2026-01-20 09:52:58,102.0,14.588,0.0,True,1,20.0,True,0,0,0,0,0,0,0,0,0,0,0,0,0,0,0,0,0,0,0.0,0,0.0,-0.0,-0.0,15.555,1.0,0,0,0,-0.0,4,MOBILE_DEEP_CYCLE,STATEFUL_WATCH_LOW_EVIDENCE,WINDOW_NORMAL_RESPONDING,ACTION_MONITOR_NEXT_WINDOW,low,8,weak_partial_evidence,micro_wobble,days_eff=16 days_any=15 cyc_eff=1 hq_nr=0 total_nr=0 cens=0 lg_opp=0 opp=0 norm_anom=-0.00 conf_p=0.203 micro_only=True cluster=MOBILE_DEEP_CYCLE,No user-facing action; monitoring.,Ambiguous/weak evidence (15d since effective change); monitor next window.,,False,False,True,False,False,False,False,False,0,2026-06-08T10:02:59Z,rolling30-v2.0,30,1,abs_ge_50mWh
JMESTLER-5FS8KD_jmestler,2026-05-23,2026-04-23 23:59:59.999999999,2026-05-23 23:59:59.999999999,491,29.221,0.5,4.399,136.33,22,11,2,0,0,0,0,False,WINDOW_QUALITY_OK,21.0,24.0,3.0,3.08,0.9264,0.0364,0.0736,43.0,100.0,57.0,95.0,98.0,100.0,0.0,0.0,0.9583,0.9447,0.8723,24,36,12,56830.0,56620.0,56240.0,56830.0,590.0,3,2,590.0,2026-05-08 13:05:31,23.0,99.7,99.33,0,0,0,0,0,0,0,0,0,0,0,0,0,0,0,0.0,0,0,0,,0.0,,,0.0,0,0,0,,0.0,,2026-05-23 23:59:59.999999999,2025-05-12 15:11:39,2026-05-23 12:29:42,376.367,True,56630.0,2026-05-08 13:05:31,23.0,15.455,1.0,True,56620.0,2026-05-20 11:49:08,24.0,3.508,0.0,True,1,10.0,True,0,0,0,0,0,0,0,0,0,0,0,0,0,0,0,0,0,0,0.0,0,0.0,-0.0,-0.0,15.455,1.0,0,0,0,-0.0,5,AC_BOUND,STATEFUL_NORMAL_RESPONDING,WINDOW_NORMAL_RESPONDING,ACTION_NONE,high,9,responding_or_no_concern,micro_wobble,days_eff=15 days_any=4 cyc_eff=1 hq_nr=0 total_nr=0 cens=0 lg_opp=0 opp=0 norm_anom=-0.00 conf_p=1 micro_only=True cluster=AC_BOUND,No action needed.,Responding normally; no concern.,,False,False,True,False,False,False,False,False,0,2026-06-08T10:02:59Z,rolling30-v2.0,30,1,abs_ge_50mWh
JNICHOL-F5MCDZS_jnichol,2025-10-08,2025-09-08 23:59:59.999999999,2025-10-08 23:59:59.999999999,781,27.348,0.5,1.281,40.656,21,5,1,0,0,0,0,False,WINDOW_QUALITY_OK,2.0,12.0,10.0,10.97,0.8191,0.091,0.1809,5.0,100.0,95.0,46.0,98.0,100.0,0.0061,0.011,0.8838,0.8367,0.7507,86,120,43,75000.0,76820.0,73930.0,76850.0,2920.0,15,5,1030.0,2025-10-02 02:44:56,10.0,100.0,102.43,1,2,0,0,3,1,2,0,0,3,0,2,0,0,2,0.4303,1,0,1,0.569677,0.2444,0.74929,0.76293,0.5456,1,0,1,0.454369,0.3426,0.42454,2025-10-08 23:59:59.999999999,2025-09-11 08:02:07,2025-10-08 16:22:52,27.665,False,76850.0,2025-10-02 02:44:56,10.0,6.885,2.0,False,76820.0,2025-10-06 21:59:33,12.0,2.084,0.0,False,2,20.0,True,0,0,0,0,0,0,0,0,0,0,0,0,0,0,0,0,0,0,0.0,0,0.0,-0.0,-0.0,6.885,2.0,0,0,0,-0.0,4,MOBILE_DEEP_CYCLE,STATEFUL_REVIEW_DATA_QUALITY,WINDOW_NORMAL_RESPONDING,ACTION_COLLECT_MORE_DATA_OR_MANUAL_REVIEW,low,1,data_quality_or_history_review,micro_wobble,days_eff=7 days_any=2 cyc_eff=2 hq_nr=0 total_nr=0 cens=0 lg_opp=0 opp=0 norm_anom=-0.00 conf_p=0.749 micro_only=True cluster=MOBILE_DEEP_CYCLE,No user-facing action; collecting more data.,Data-quality/history review outranks action (would_have_been=NONE). Collect more data or manual review.,NONE,False,False,True,False,False,True,False,False,0,2026-06-08T10:02:59Z,rolling30-v2.0,30,1,abs_ge_50mWh
JNUNEZ5-3000012_jnunez5,2026-05-13,2026-04-13 23:59:59.999999999,2026-05-13 23:59:59.999999999,369,29.21,0.5,8.453,116.063,26,11,2,0,0,0,0,False,WINDOW_QUALITY_OK,11.0,22.0,11.0,11.298,0.6797,0.1614,0.3203,2.0,100.0,98.0,5.0,96.0,100.0,0.0591,0.0881,0.7342,0.658,0.5625,66,86,33,46470.0,45630.0,43620.0,46470.0,2850.0,17,7,2030.0,2026-05-06 14:06:45,21.0,103.27,101.4,3,6,2,0,9,3,6,2,0,9,2,6,2,0,8,1.3013,1,2,3,0.181511,0.7411,0.17439,0.17126,1.2917,1,2,3,0.174957,0.7571,0.24847,2026-05-13 23:59:59.999999999,2026-03-03 14:22:09,2026-05-13 14:49:51,71.401,True,45650.0,2026-05-06 14:06:45,21.0,7.412,1.0,True,45630.0,2026-05-08 14:19:18,22.0,5.403,0.0,True,1,20.0,True,1,1,0,1,1,2,0,1,1,0,1,1,2,0,1,0,0,0,0.8248,0,-1.06571,0.4628,0.4628,7.412,1.0,2,2,0,0.4628,4,MOBILE_DEEP_CYCLE,STATEFUL_WATCH_LOW_EVIDENCE,WINDOW_NORMAL_RESPONDING,ACTION_MONITOR_NEXT_WINDOW,low,8,weak_partial_evidence,fw_like;micro_wobble,days_eff=7 days_any=5 cyc_eff=1 hq_nr=1 total_nr=2 cens=0 lg_opp=0 opp=4 norm_anom=0.46 conf_p=0.174 micro_only=True cluster=MOBILE_DEEP_CYCLE,No user-facing action; monitoring.,Ambiguous/weak evidence (7d since effective change); monitor next window.,,True,False,True,False,False,False,False,False,0,2026-06-08T10:02:59Z,rolling30-v2.0,30,1,abs_ge_50mWh
JNUNEZ5-F4KXMXN_jnunez5,2025-03-23,2025-02-21 23:59:59.999999999,2025-03-23 23:59:59.999999999,12,25.185,0.5,292.768,349.552,3,2,2,0,0,0,0,False,WINDOW_QUALITY_SHORT_OBS,36.0,36.0,0.0,0.0,0.1159,0.1159,0.8841,3.0,46.0,43.0,3.0,24.5,44.9,0.0435,0.2645,0.0,0.0,0.0,2,2,1,47840.0,47840.0,47840.0,47840.0,0.0,0,0,0.0,,,92.88,92.88,0,0,0,0,0,0,0,0,0,0,0,0,0,0,0,0.0,0,0,0,,0.0,,,0.0,0,0,0,,0.0,,2025-03-23 23:59:59.999999999,2023-09-19 08:43:39,2025-03-23 19:22:12,551.636,True,47840.0,2025-01-22 09:53:29,36.0,60.588,0.0,False,47840.0,2025-01-22 09:53:29,36.0,60.588,0.0,False,0,0.0,False,0,0,0,0,0,0,0,0,0,0,0,0,0,0,0,0,0,0,0.0,0,0.0,-0.0,-0.0,60.588,0.0,0,0,0,-0.0,-1,SPARSE_OR_GAPPY,STATEFUL_REVIEW_DATA_QUALITY,WINDOW_DATA_QUALITY_REVIEW,ACTION_COLLECT_MORE_DATA_OR_MANUAL_REVIEW,low,1,data_quality_or_history_review,,days_eff=61 days_any=61 cyc_eff=0 hq_nr=0 total_nr=0 cens=0 lg_opp=0 opp=0 norm_anom=-0.00 conf_p=1 micro_only=False cluster=SPARSE_OR_GAPPY,No user-facing action; collecting more data.,Data-quality/history review outranks action (would_have_been=NONE). Collect more data or manual review.,NONE,False,False,False,False,False,False,True,False,0,2026-06-08T10:02:59Z,rolling30-v2.0,30,1,abs_ge_50mWh
JNUNEZ5-F4ML5N5_jnunez5,2024-03-08,2024-02-07 23:59:59.999999999,2024-03-08 23:59:59.999999999,260,29.154,0.484,5.727,271.455,13,13,4,0,0,0,0,False,WINDOW_QUALITY_OK,24.0,29.0,5.0,5.145,0.4967,0.1789,0.5033,1.0,100.0,99.0,11.95,93.0,100.0,0.0542,0.0842,0.5152,0.4956,0.3748,65,85,33,62100.0,62040.0,62040.0,62100.0,60.0,4,0,0.0,,,108.89,108.78,0,3,0,0,3,0,2,0,0,2,0,1,0,0,1,0.0,0,0,0,,0.0,,,0.0,0,0,0,,0.0,,2024-03-08 23:59:59.999999999,2023-12-05 07:44:37,2024-03-08 13:19:55,94.677,True,62170.0,2024-01-26 09:01:14,20.0,42.624,9.0,True,62040.0,2024-02-22 12:33:23,29.0,15.477,0.0,True,10,30.0,True,0,1,4,0,1,1,0,0,0,3,0,0,0,0,0,0,4,0,0.451,0,-0.59962,0.2604,0.2604,42.624,9.0,1,0,0,0.2604,4,MOBILE_DEEP_CYCLE,STATEFUL_WATCH_LARGE_GAP_OR_CENSORED,WINDOW_MICRO_WOBBLE_ONLY,ACTION_MONITOR_NEXT_WINDOW,low,7,large_gap_or_censored_dominant,fw_like;micro_wobble;large_gap_dominant,days_eff=43 days_any=15 cyc_eff=9 hq_nr=0 total_nr=1 cens=0 lg_opp=4 opp=8 norm_anom=0.26 conf_p=1 micro_only=True cluster=MOBILE_DEEP_CYCLE,No user-facing action; monitoring.,Ambiguous/weak evidence (42d since effective change); monitor next window.,,True,False,True,True,False,False,False,False,0,2026-06-08T10:02:59Z,rolling30-v2.0,30,1,abs_ge_50mWh
JNUNEZ5-F4RX1S4_jnunez5,2025-06-30,2025-05-31 23:59:59.999999999,2025-06-30 23:59:59.999999999,2,0.0,0.004,0.004,0.004,0,0,0,0,0,0,0,False,WINDOW_QUALITY_SHORT_OBS,27.0,27.0,0.0,0.0,1.0,1.0,0.0,1.0,1.0,0.0,1.0,1.0,1.0,1.0,1.0,0.0,0.0,0.0,0,0,0,57510.0,57510.0,57510.0,57510.0,0.0,0,0,0.0,,,100.84,100.84,0,0,0,0,0,0,0,0,0,0,0,0,0,0,0,0.0,0,0,0,,0.0,,,0.0,0,0,0,,0.0,,2025-06-30 23:59:59.999999999,2024-03-14 08:52:05,2025-06-30 13:58:26,473.63,True,57630.0,2024-07-19 09:09:55,16.0,346.618,11.0,False,57510.0,2025-05-13 11:45:08,27.0,48.51,0.0,True,11,20.0,True,0,0,4,0,0,0,0,0,0,4,0,0,0,0,0,0,4,0,0.0,0,0.0,-0.0,-0.0,346.618,11.0,0,0,0,-0.0,-1,SPARSE_OR_GAPPY,STATEFUL_REVIEW_DATA_QUALITY,WINDOW_DATA_QUALITY_REVIEW,ACTION_COLLECT_MORE_DATA_OR_MANUAL_REVIEW,low,1,data_quality_or_history_review,micro_wobble;large_gap_dominant,days_eff=347 days_any=49 cyc_eff=11 hq_nr=0 total_nr=0 cens=0 lg_opp=4 opp=8 norm_anom=-0.00 conf_p=1 micro_only=True cluster=SPARSE_OR_GAPPY,No user-facing action; collecting more data.,Data-quality/history review outranks action (would_have_been=NONE). Collect more data or manual review.,NONE,False,False,True,True,False,False,True,False,0,2026-06-08T10:02:59Z,rolling30-v2.0,30,1,abs_ge_50mWh
JNUNEZ5-F57YZZH_jnunez5,2024-10-24,2024-09-24 23:59:59.999999999,2024-10-24 23:59:59.999999999,281,15.802,0.13,6.83,37.185,15,13,3,0,0,0,0,False,WINDOW_QUALITY_OK,1.0,6.0,5.0,9.493,0.5074,0.2024,0.4926,6.0,100.0,94.0,50.0,96.0,100.0,0.0044,0.0088,0.6351,0.5588,0.4806,123,132,62,55130.0,55130.0,55130.0,55680.0,550.0,3,2,550.0,2024-10-14 08:04:26,3.0,100.05,100.05,0,1,0,0,1,0,1,0,0,1,0,1,0,0,1,0.0,0,0,0,,0.0,,,0.0,0,0,0,,0.0,,2024-10-24 23:59:59.999999999,2024-10-08 15:26:02,2024-10-24 10:40:35,16.357,False,55130.0,2024-10-14 08:04:26,3.0,10.664,3.0,False,55130.0,2024-10-14 08:04:26,3.0,10.664,3.0,False,0,0.0,False,0,0,1,0,0,0,0,0,0,1,0,0,0,0,0,0,1,0,0.0,0,0.0,-0.0,-0.0,10.664,3.0,0,0,0,-0.0,3,AC_BOUND,STATEFUL_REVIEW_DATA_QUALITY,WINDOW_NORMAL_RESPONDING,ACTION_COLLECT_MORE_DATA_OR_MANUAL_REVIEW,low,1,data_quality_or_history_review,large_gap_dominant,days_eff=11 days_any=11 cyc_eff=3 hq_nr=0 total_nr=0 cens=0 lg_opp=1 opp=2 norm_anom=-0.00 conf_p=1 micro_only=False cluster=AC_BOUND,No user-facing action; collecting more data.,Data-quality/history review outranks action (would_have_been=NONE). Collect more data or manual review.,NONE,False,False,False,True,False,True,False,False,0,2026-06-08T10:02:59Z,rolling30-v2.0,30,1,abs_ge_50mWh
JNUNEZ5-F5801NF_jnunez5,2025-01-16,2024-12-17 23:59:59.999999999,2025-01-16 23:59:59.999999999,168,29.407,0.5,14.703,206.173,14,11,5,0,0,0,0,False,WINDOW_QUALITY_OK,13.0,16.0,3.0,3.061,0.4075,0.0891,0.5925,0.0,100.0,100.0,13.05,93.0,100.0,0.0501,0.074,0.5651,0.4239,0.3775,21,25,11,56750.0,5614.0,5614.0,56750.0,51136.0,5,2,50526.0,2025-01-16 14:14:58,16.0,102.99,10.19,0,1,0,0,1,0,1,0,0,1,0,1,0,0,1,0.0,0,0,0,,0.0,,,0.0,0,0,0,,0.0,,2025-01-16 23:59:59.999999999,2024-11-19 13:08:30,2025-01-16 14:15:00,58.452,False,5614.0,2025-01-16 14:14:58,16.0,0.406,0.0,False,5614.0,2025-01-16 14:14:58,16.0,0.406,0.0,False,0,0.0,False,0,0,0,0,0,0,0,0,0,0,0,0,0,0,0,0,0,0,0.0,0,0.0,-0.0,-0.0,0.406,0.0,0,0,0,-0.0,4,MOBILE_DEEP_CYCLE,STATEFUL_REVIEW_DATA_QUALITY,WINDOW_NORMAL_RESPONDING,ACTION_COLLECT_MORE_DATA_OR_MANUAL_REVIEW,low,1,data_quality_or_history_review,,days_eff=0 days_any=0 cyc_eff=0 hq_nr=0 total_nr=0 cens=0 lg_opp=0 opp=0 norm_anom=-0.00 conf_p=1 micro_only=False cluster=MOBILE_DEEP_CYCLE,No user-facing action; collecting more data.,Data-quality/history review outranks action (would_have_been=NONE). Collect more data or manual review.,NONE,False,False,False,False,False,True,False,False,0,2026-06-08T10:02:59Z,rolling30-v2.0,30,1,abs_ge_50mWh
JNUNEZ5-F588R5E_jnunez5,2025-09-07,2025-08-08 23:59:59.999999999,2025-09-07 23:59:59.999999999,54,25.96,2.136,54.603,206.548,10,5,4,0,0,0,0,False,WINDOW_QUALITY_SPARSE,38.0,41.0,3.0,3.467,0.077,0.0643,0.923,0.0,100.0,100.0,0.65,65.0,98.0,0.1049,0.1742,0.4738,0.46,0.1668,9,10,5,59200.0,58570.0,58570.0,59200.0,630.0,1,1,630.0,2025-08-22 09:08:51,39.0,103.81,102.7,0,2,0,0,2,0,2,0,0,2,0,2,0,0,2,0.0,0,0,0,,0.0,,,0.0,0,0,0,,0.0,,2025-09-07 23:59:59.999999999,2025-03-18 14:22:32,2025-09-07 14:50:14,173.401,True,58570.0,2025-08-22 09:08:51,39.0,16.619,2.0,True,58570.0,2025-08-22 09:08:51,39.0,16.619,2.0,True,0,0.0,False,0,0,1,0,0,0,0,0,0,1,0,0,0,0,0,0,1,0,0.0,0,0.0,-0.0,-0.0,16.619,2.0,0,0,0,-0.0,-1,SPARSE_OR_GAPPY,STATEFUL_REVIEW_DATA_QUALITY,WINDOW_DATA_QUALITY_REVIEW,ACTION_COLLECT_MORE_DATA_OR_MANUAL_REVIEW,low,1,data_quality_or_history_review,large_gap_dominant,days_eff=17 days_any=17 cyc_eff=2 hq_nr=0 total_nr=0 cens=0 lg_opp=1 opp=2 norm_anom=-0.00 conf_p=1 micro_only=False cluster=SPARSE_OR_GAPPY,No user-facing action; collecting more data.,Data-quality/history review outranks action (would_have_been=NONE). Collect more data or manual review.,NONE,False,False,False,True,False,False,True,False,0,2026-06-08T10:02:59Z,rolling30-v2.0,30,1,abs_ge_50mWh
JNUNEZ5-F5HP4BE_jnunez5,2026-04-22,2026-03-23 23:59:59.999999999,2026-04-22 23:59:59.999999999,100,29.346,0.5,22.567,223.318,17,10,5,0,0,0,0,False,WINDOW_QUALITY_OK,11.0,13.0,2.0,2.045,0.9947,0.0981,0.0053,87.0,100.0,13.0,92.95,97.0,100.0,0.0,0.0,1.0,0.9794,0.964,2,6,1,99810.0,99780.0,99780.0,99810.0,30.0,2,0,0.0,,,99.91,99.88,0,0,0,0,0,0,0,0,0,0,0,0,0,0,0,0.0,0,0,0,,0.0,,,0.0,0,0,0,,0.0,,2026-04-22 23:59:59.999999999,2025-11-06 16:30:03,2026-04-22 09:46:41,167.312,True,99900.0,2025-11-06 16:30:03,5.0,167.312,8.0,False,99780.0,2026-04-22 09:46:41,13.0,0.593,0.0,True,8,20.0,True,0,0,2,0,0,0,0,0,0,0,0,0,0,0,0,0,2,0,0.0,0,0.0,-0.0,-0.0,167.312,8.0,0,0,0,-0.0,5,AC_BOUND,STATEFUL_GAUGE_SOFT_CALIBRATION_EFFECTIVE_ONLY,WINDOW_MICRO_WOBBLE_ONLY,ACTION_SOFT_CALIBRATION_PROMPT,medium,5,micro_wobble_only_no_effective_relearn,gauge_like;micro_wobble;large_gap_dominant,days_eff=167 days_any=1 cyc_eff=8 hq_nr=0 total_nr=0 cens=0 lg_opp=2 opp=2 norm_anom=-0.00 conf_p=1 micro_only=True cluster=AC_BOUND,A full charge/discharge cycle may help the gauge recalibrate (low priority).,Soft calibration prompt: micro-wobbles present but no meaningful FCC relearning step under the effective threshold for 167d. Not a hard gauge reset target.,,False,True,True,True,False,False,False,False,0,2026-06-08T10:02:59Z,rolling30-v2.0,30,1,abs_ge_50mWh
JNUNEZ5-F5L9LW0_jnunez5,2025-07-28,2025-06-28 23:59:59.999999999,2025-07-28 23:59:59.999999999,201,28.243,0.583,16.023,106.85,21,11,5,0,0,0,0,False,WINDOW_QUALITY_OK,3.0,3.0,0.0,0.0,0.9957,0.0026,0.0043,95.0,100.0,5.0,96.0,99.0,100.0,0.0,0.0,1.0,1.0,0.9964,12,14,6,87480.0,85710.0,85710.0,87480.0,1770.0,2,2,890.0,2025-07-24 13:22:34,3.0,97.2,95.23,0,0,0,0,0,0,0,0,0,0,0,0,0,0,0,0.0,0,0,0,,0.0,,,0.0,0,0,0,,0.0,,2025-07-28 23:59:59.999999999,2025-06-16 11:40:29,2025-07-28 15:39:48,42.514,False,85710.0,2025-07-24 13:22:34,3.0,4.443,0.0,False,85710.0,2025-07-24 13:22:34,3.0,4.443,0.0,False,0,0.0,False,0,0,0,0,0,0,0,0,0,0,0,0,0,0,0,0,0,0,0.0,0,0.0,-0.0,-0.0,4.443,0.0,0,0,0,-0.0,5,AC_BOUND,STATEFUL_REVIEW_DATA_QUALITY,WINDOW_NORMAL_RESPONDING,ACTION_COLLECT_MORE_DATA_OR_MANUAL_REVIEW,low,1,data_quality_or_history_review,,days_eff=4 days_any=4 cyc_eff=0 hq_nr=0 total_nr=0 cens=0 lg_opp=0 opp=0 norm_anom=-0.00 conf_p=1 micro_only=False cluster=AC_BOUND,No user-facing action; collecting more data.,Data-quality/history review outranks action (would_have_been=NONE). Collect more data or manual review.,NONE,False,False,False,False,False,True,False,False,0,2026-06-08T10:02:59Z,rolling30-v2.0,30,1,abs_ge_50mWh
JNUNEZ5-F626M4T_jnunez5,2026-03-13,2026-02-11 23:59:59.999999999,2026-03-13 23:59:59.999999999,47,29.568,0.309,61.057,312.398,10,9,5,0,0,0,0,False,WINDOW_QUALITY_SPARSE,9.0,11.0,2.0,2.029,0.2914,0.2816,0.7086,21.0,100.0,79.0,25.0,52.0,98.1,0.0,0.0,0.1797,0.0577,0.0398,10,12,6,58030.0,58010.0,58010.0,58030.0,20.0,2,0,0.0,,,100.05,100.02,0,0,0,0,0,0,0,0,0,0,0,0,0,0,0,0.0,0,0,0,,0.0,,,0.0,0,0,0,,0.0,,2026-03-13 23:59:59.999999999,2026-01-06 16:06:18,2026-03-13 16:07:42,66.329,True,58090.0,2026-01-06 16:06:18,1.0,66.329,10.0,False,58010.0,2026-03-09 13:07:02,11.0,4.453,0.0,True,7,20.0,True,0,0,2,0,0,0,0,0,0,0,0,0,0,0,0,0,2,0,0.0,0,0.0,-0.0,-0.0,66.329,10.0,0,0,0,-0.0,-1,SPARSE_OR_GAPPY,STATEFUL_REVIEW_DATA_QUALITY,WINDOW_DATA_QUALITY_REVIEW,ACTION_COLLECT_MORE_DATA_OR_MANUAL_REVIEW,low,1,data_quality_or_history_review,micro_wobble;large_gap_dominant,days_eff=66 days_any=4 cyc_eff=10 hq_nr=0 total_nr=0 cens=0 lg_opp=2 opp=2 norm_anom=-0.00 conf_p=1 micro_only=True cluster=SPARSE_OR_GAPPY,No user-facing action; collecting more data.,Data-quality/history review outranks action (would_have_been=NONE). Collect more data or manual review.,NONE,False,False,True,True,False,False,True,False,0,2026-06-08T10:02:59Z,rolling30-v2.0,30,1,abs_ge_50mWh
JNUNEZ5-W05SG98_jnunez5,2024-07-18,2024-06-18 23:59:59.999999999,2024-07-18 23:59:59.999999999,562,29.01,0.5,0.501,210.8,7,5,4,0,0,0,0,False,WINDOW_QUALITY_OK,39.0,40.0,1.0,1.034,0.9512,0.215,0.0488,1.0,100.0,99.0,35.0,98.0,100.0,0.0216,0.0252,0.8795,0.8531,0.6589,6,15,3,89090.0,89080.0,89080.0,89090.0,10.0,1,0,0.0,,,98.98,98.97,0,1,0,0,1,0,1,0,0,1,0,1,0,0,1,0.0,0,0,0,,0.0,,,0.0,0,0,0,,0.0,,2024-07-18 23:59:59.999999999,2023-08-07 10:17:24,2024-07-18 00:25:46,346.571,True,89280.0,2023-09-08 10:51:42,17.0,314.547,23.0,False,89080.0,2024-06-25 22:33:10,40.0,23.06,0.0,True,20,10.0,True,0,1,6,0,1,1,0,0,0,4,0,0,0,0,0,0,6,0,0.3144,0,-0.3775,0.1639,0.1639,314.547,23.0,1,0,0,0.1639,3,AC_BOUND,STATEFUL_FW_WATCH_HIGH_ANOMALY,WINDOW_MICRO_WOBBLE_ONLY,ACTION_FW_ENGINEERING_REVIEW,medium,4,fw_like_no_response_core_requirement_short,fw_like;gauge_like;micro_wobble;large_gap_dominant,days_eff=315 days_any=23 cyc_eff=23 hq_nr=0 total_nr=1 cens=0 lg_opp=6 opp=11 norm_anom=0.16 conf_p=1 micro_only=True cluster=AC_BOUND,No user-facing action; monitoring.,"FW-like no-response signal but a core requirement is short (staleness/cycles/quality). Monitor and add to FW engineering queue. normative anomaly 0.16, 1 no_response since last effective change (314d ago).",,True,True,True,True,False,False,False,False,0,2026-06-08T10:02:59Z,rolling30-v2.0,30,1,abs_ge_50mWh
JNUNEZ5-W0KPY33_T1g,2026-03-03,2026-02-01 23:59:59.999999999,2026-03-03 23:59:59.999999999,225,27.269,0.5,6.623,223.305,12,10,4,0,4,0,0,True,WINDOW_QUALITY_COUNTER_RESET,7.0,12.0,5.0,5.501,0.6101,0.1968,0.3899,0.0,100.0,100.0,10.0,64.0,100.0,0.0564,0.0726,0.2959,0.2583,0.2423,51,62,26,87560.0,88650.0,85710.0,88670.0,2960.0,16,3,2960.0,2026-02-28 18:16:42,11.0,97.29,98.5,0,3,0,0,3,0,2,0,0,2,0,2,0,0,2,0.0,0,0,0,,0.0,,,0.0,0,0,0,,0.0,,2026-03-03 23:59:59.999999999,2025-08-27 11:46:31,2026-03-03 17:01:44,188.509,True,88670.0,2026-02-28 18:16:42,11.0,3.238,1.0,True,88650.0,2026-03-01 12:18:37,12.0,2.487,0.0,True,1,20.0,True,0,2,0,0,0,0,2,0,1,0,0,0,0,1,0,2,0,0,0.0,0,0.0,-0.0,-0.0,3.238,1.0,0,0,0,-0.0,-1,SPARSE_OR_GAPPY,STATEFUL_REVIEW_DATA_QUALITY,WINDOW_DATA_QUALITY_REVIEW,ACTION_COLLECT_MORE_DATA_OR_MANUAL_REVIEW,low,1,data_quality_or_history_review,micro_wobble;censored_dominant,days_eff=3 days_any=2 cyc_eff=1 hq_nr=0 total_nr=0 cens=2 lg_opp=0 opp=3 norm_anom=-0.00 conf_p=1 micro_only=True cluster=SPARSE_OR_GAPPY,No user-facing action; collecting more data.,Data-quality/history review outranks action (would_have_been=NONE). Collect more data or manual review.,NONE,False,False,True,False,True,False,True,False,0,2026-06-08T10:02:59Z,rolling30-v2.0,30,1,abs_ge_50mWh
JNUNEZ5-W0KPY33_jnunez5,2026-02-25,2026-01-26 23:59:59.999999999,2026-02-25 23:59:59.999999999,116,25.9,0.5,19.562,223.305,9,7,4,0,0,0,0,False,WINDOW_QUALITY_OK,7.0,10.0,3.0,3.475,0.4641,0.167,0.5359,1.0,65.0,64.0,11.75,58.5,65.0,0.0383,0.0516,0.0,0.0,0.0,31,38,16,87560.0,87520.0,87520.0,87560.0,40.0,3,0,0.0,,,97.29,97.24,0,0,0,0,0,0,0,0,0,0,0,0,0,0,0,0.0,0,0,0,,0.0,,,0.0,0,0,0,,0.0,,2026-02-25 23:59:59.999999999,2025-08-27 11:46:31,2026-02-25 11:40:47,182.509,True,87560.0,2026-01-15 10:02:53,7.0,41.581,3.0,True,87520.0,2026-02-24 23:08:17,10.0,1.036,0.0,True,3,20.0,True,0,0,0,0,0,0,0,0,0,0,0,0,0,0,0,0,0,0,0.0,0,0.0,-0.0,-0.0,41.581,3.0,0,0,0,-0.0,2,MOBILE_DEEP_CYCLE,STATEFUL_NORMAL_RESPONDING,WINDOW_MICRO_WOBBLE_ONLY,ACTION_NONE,high,9,responding_or_no_concern,micro_wobble,days_eff=42 days_any=1 cyc_eff=3 hq_nr=0 total_nr=0 cens=0 lg_opp=0 opp=0 norm_anom=-0.00 conf_p=1 micro_only=True cluster=MOBILE_DEEP_CYCLE,No action needed.,Responding normally; no concern.,,False,False,True,False,False,False,False,False,0,2026-06-08T10:02:59Z,rolling30-v2.0,30,1,abs_ge_50mWh
JN_jnunez5,2024-08-09,2024-07-10 23:59:59.999999999,2024-08-09 23:59:59.999999999,416,28.049,0.5,7.912,67.413,27,9,6,0,0,0,0,False,WINDOW_QUALITY_OK,2.0,6.0,4.0,4.278,0.6944,0.1218,0.3056,54.0,100.0,46.0,85.75,97.0,100.0,0.0,0.0,0.975,0.8985,0.6873,108,131,54,58030.0,58440.0,58000.0,58460.0,460.0,4,1,460.0,2024-07-31 13:01:34,5.0,100.05,100.76,0,0,0,0,0,0,0,0,0,0,0,0,0,0,0,0.0,0,0,0,,0.0,,,0.0,0,0,0,,0.0,,2024-08-09 23:59:59.999999999,2024-07-12 12:53:14,2024-08-09 14:04:28,28.463,False,58460.0,2024-07-31 13:01:34,5.0,9.457,1.0,False,58440.0,2024-08-08 10:01:25,6.0,1.582,0.0,False,1,20.0,True,0,0,0,0,0,0,0,0,0,0,0,0,0,0,0,0,0,0,0.0,0,0.0,-0.0,-0.0,9.457,1.0,0,0,0,-0.0,5,AC_BOUND,STATEFUL_REVIEW_DATA_QUALITY,WINDOW_NORMAL_RESPONDING,ACTION_COLLECT_MORE_DATA_OR_MANUAL_REVIEW,low,1,data_quality_or_history_review,micro_wobble,days_eff=9 days_any=2 cyc_eff=1 hq_nr=0 total_nr=0 cens=0 lg_opp=0 opp=0 norm_anom=-0.00 conf_p=1 micro_only=True cluster=AC_BOUND,No user-facing action; collecting more data.,Data-quality/history review outranks action (would_have_been=NONE). Collect more data or manual review.,NONE,False,False,True,False,False,True,False,False,0,2026-06-08T10:02:59Z,rolling30-v2.0,30,1,abs_ge_50mWh
JOSEPH_jmayersalman,2026-04-17,2026-03-18 23:59:59.999999999,2026-04-17 23:59:59.999999999,540,29.233,0.5,5.524,63.598,27,9,4,0,0,0,0,False,WINDOW_QUALITY_OK,42.0,61.0,19.0,19.499,0.3474,0.1675,0.6526,5.0,100.0,95.0,27.0,88.0,100.0,0.0057,0.0147,0.546,0.4357,0.3073,109,152,55,72980.0,73090.0,72140.0,74830.0,2690.0,23,7,1990.0,2026-04-16 16:24:16,60.0,97.31,97.45,0,4,0,0,4,0,4,0,0,4,0,3,0,0,3,0.0,0,0,0,,0.0,,,0.0,0,0,0,,0.0,,2026-04-17 23:59:59.999999999,2026-01-14 14:45:18,2026-04-17 12:56:43,93.385,True,73100.0,2026-04-16 16:24:16,60.0,1.316,1.0,True,73090.0,2026-04-16 16:56:38,61.0,1.294,0.0,True,1,10.0,True,0,0,1,0,0,0,0,0,0,1,0,0,0,0,0,0,1,0,0.0,0,0.0,-0.0,-0.0,1.316,1.0,0,0,0,-0.0,4,MOBILE_DEEP_CYCLE,STATEFUL_WATCH_LARGE_GAP_OR_CENSORED,WINDOW_NORMAL_RESPONDING,ACTION_MONITOR_NEXT_WINDOW,low,7,large_gap_or_censored_dominant,micro_wobble;large_gap_dominant,days_eff=1 days_any=1 cyc_eff=1 hq_nr=0 total_nr=0 cens=0 lg_opp=1 opp=2 norm_anom=-0.00 conf_p=1 micro_only=True cluster=MOBILE_DEEP_CYCLE,No user-facing action; monitoring.,Ambiguous/weak evidence (1d since effective change); monitor next window.,,False,False,True,True,False,False,False,False,0,2026-06-08T10:02:59Z,rolling30-v2.0,30,1,abs_ge_50mWh
JOSHUA_jbowen2,2026-01-08,2025-12-09 23:59:59.999999999,2026-01-08 23:59:59.999999999,378,29.123,0.5,0.592,134.9,18,17,5,0,0,0,0,False,WINDOW_QUALITY_OK,51.0,63.0,12.0,12.361,0.732,0.2044,0.268,20.0,100.0,80.0,30.0,97.0,100.0,0.0,0.0,0.7415,0.6853,0.6101,42,83,21,49730.0,33870.0,33870.0,49730.0,15860.0,18,6,4460.0,2026-01-02 11:31:07,61.0,90.83,61.86,0,3,0,0,3,0,0,0,0,0,0,0,0,0,0,0.0,0,0,0,,0.0,,,0.0,0,0,0,,0.0,,2026-01-08 23:59:59.999999999,2025-06-24 14:10:02,2026-01-08 10:49:12,198.41,True,33900.0,2026-01-02 11:31:07,61.0,6.52,2.0,True,33870.0,2026-01-06 09:54:40,63.0,2.587,0.0,True,2,20.0,True,0,0,0,0,0,0,0,0,0,0,0,0,0,0,0,0,0,0,0.0,0,0.0,-0.0,-0.0,6.52,2.0,0,0,0,-0.0,4,MOBILE_DEEP_CYCLE,STATEFUL_NORMAL_RESPONDING,WINDOW_NORMAL_RESPONDING,ACTION_NONE,high,9,responding_or_no_concern,micro_wobble,days_eff=7 days_any=3 cyc_eff=2 hq_nr=0 total_nr=0 cens=0 lg_opp=0 opp=0 norm_anom=-0.00 conf_p=1 micro_only=True cluster=MOBILE_DEEP_CYCLE,No action needed.,Responding normally; no concern.,,False,False,True,False,False,False,False,False,0,2026-06-08T10:02:59Z,rolling30-v2.0,30,1,abs_ge_50mWh
JP2-E3-05_e3,2025-02-21,2025-01-22 23:59:59.999999999,2025-02-21 23:59:59.999999999,33,8.092,0.5,6.352,170.182,2,2,1,0,0,0,0,False,WINDOW_QUALITY_OK,24.0,24.0,0.0,0.0,0.7125,0.1002,0.2875,69.0,100.0,31.0,81.6,98.0,100.0,0.0,0.0,0.9707,0.8954,0.7233,8,11,4,56990.0,56990.0,56990.0,56990.0,0.0,0,0,0.0,,,99.98,99.98,0,1,0,0,1,0,1,0,0,1,0,1,0,0,1,0.0,0,0,0,,0.0,,,0.0,0,0,0,,0.0,,2025-02-21 23:59:59.999999999,2023-03-15 18:48:39,2025-02-21 13:55:08,709.216,True,56990.0,2023-03-15 18:48:39,11.0,709.216,13.0,False,56990.0,2023-03-15 18:48:39,11.0,709.216,13.0,False,0,0.0,False,0,0,7,0,0,0,0,0,0,6,0,0,0,0,0,0,7,0,0.0,0,0.0,-0.0,-0.0,709.216,13.0,0,0,0,-0.0,5,AC_BOUND,STATEFUL_GAUGE_REVIEW,WINDOW_LARGE_GAP_AMBIGUOUS,ACTION_COLLECT_MORE_DATA_OR_MANUAL_REVIEW,low,6,gauge_like_but_large_gap_ambiguity,gauge_like;large_gap_dominant,days_eff=709 days_any=709 cyc_eff=13 hq_nr=0 total_nr=0 cens=0 lg_opp=7 opp=13 norm_anom=-0.00 conf_p=1 micro_only=False cluster=AC_BOUND,No user-facing action; under review.,Gauge-like staleness (709d) but large-gap opportunities prevent a firm no-opportunity conclusion. Manual/engineering review.,GAUGE_SOFT_OR_REVIEW_LIKE,False,True,False,True,False,False,False,False,0,2026-06-08T10:02:59Z,rolling30-v2.0,30,1,abs_ge_50mWh
JPIPER-PF689FNM_jpiper,2026-05-28,2026-04-28 23:59:59.999999999,2026-05-28 23:59:59.999999999,299,29.181,0.5,15.897,94.343,23,21,5,0,0,0,0,False,WINDOW_QUALITY_OK,6.0,13.0,7.0,7.196,0.6261,0.2103,0.3739,29.0,100.0,71.0,58.7,98.0,100.0,0.0,0.0,0.7794,0.6534,0.5671,58,82,30,58030.0,57990.0,57990.0,58030.0,40.0,4,0,0.0,,,100.05,99.98,0,0,0,0,0,0,0,0,0,0,0,0,0,0,0,0.0,0,0,0,,0.0,,,0.0,0,0,0,,0.0,,2026-05-28 23:59:59.999999999,2026-04-22 11:17:35,2026-05-28 14:06:46,36.529,False,58030.0,2026-04-22 11:17:35,4.0,36.529,9.0,False,57990.0,2026-05-28 12:57:54,13.0,0.46,0.0,False,4,10.0,True,0,0,0,0,0,0,0,0,0,0,0,0,0,0,0,0,0,0,0.0,0,0.0,-0.0,-0.0,36.529,9.0,0,0,0,-0.0,5,AC_BOUND,STATEFUL_REVIEW_DATA_QUALITY,WINDOW_MICRO_WOBBLE_ONLY,ACTION_COLLECT_MORE_DATA_OR_MANUAL_REVIEW,low,1,data_quality_or_history_review,micro_wobble,days_eff=37 days_any=0 cyc_eff=9 hq_nr=0 total_nr=0 cens=0 lg_opp=0 opp=0 norm_anom=-0.00 conf_p=1 micro_only=True cluster=AC_BOUND,No user-facing action; collecting more data.,Data-quality/history review outranks action (would_have_been=NONE). Collect more data or manual review.,NONE,False,False,True,False,False,True,False,False,0,2026-06-08T10:02:59Z,rolling30-v2.0,30,1,abs_ge_50mWh
JPROULX-F5GQ0BB_jproulx,2026-05-27,2026-04-27 23:59:59.999999999,2026-05-27 23:59:59.999999999,513,28.972,0.5,2.194,74.508,20,20,3,0,0,0,0,False,WINDOW_QUALITY_OK,109.0,115.0,6.0,6.213,0.69,0.1033,0.31,9.0,100.0,91.0,54.0,100.0,100.0,0.0018,0.0055,0.8422,0.7516,0.6859,55,82,28,75870.0,75520.0,75520.0,76370.0,850.0,9,3,800.0,2026-05-16 09:51:49,113.0,88.22,87.81,0,2,0,0,2,0,1,0,0,1,0,1,0,0,1,0.0,0,0,0,,0.0,,,0.0,0,0,0,,0.0,,2026-05-27 23:59:59.999999999,2025-05-13 14:50:25,2026-05-27 07:41:49,379.382,True,75550.0,2026-05-16 09:51:49,113.0,11.589,2.0,True,75520.0,2026-05-26 09:25:25,115.0,1.607,0.0,True,2,20.0,True,0,0,0,0,0,0,0,0,0,0,0,0,0,0,0,0,0,0,0.0,0,0.0,-0.0,-0.0,11.589,2.0,0,0,0,-0.0,4,MOBILE_DEEP_CYCLE,STATEFUL_NORMAL_RESPONDING,WINDOW_NORMAL_RESPONDING,ACTION_NONE,high,9,responding_or_no_concern,micro_wobble,days_eff=12 days_any=2 cyc_eff=2 hq_nr=0 total_nr=0 cens=0 lg_opp=0 opp=0 norm_anom=-0.00 conf_p=1 micro_only=True cluster=MOBILE_DEEP_CYCLE,No action needed.,Responding normally; no concern.,,False,False,True,False,False,False,False,False,0,2026-06-08T10:02:59Z,rolling30-v2.0,30,1,abs_ge_50mWh
JQUINTERO-A2BYW_jquintero,2025-10-08,2025-09-08 23:59:59.999999999,2025-10-08 23:59:59.999999999,467,29.462,0.5,7.41,62.404,28,9,4,0,0,0,0,False,WINDOW_QUALITY_OK,97.0,102.0,5.0,5.091,0.8124,0.0955,0.1876,21.0,100.0,79.0,61.3,100.0,100.0,0.0,0.0,0.8885,0.8549,0.8342,28,44,14,54220.0,55090.0,53580.0,55090.0,1510.0,7,4,580.0,2025-09-29 15:40:22,102.0,94.84,96.36,0,0,0,0,0,0,0,0,0,0,0,0,0,0,0,0.0,0,0,0,,0.0,,,0.0,0,0,0,,0.0,,2025-10-08 23:59:59.999999999,2024-03-20 08:11:18,2025-10-08 11:27:10,567.659,True,55090.0,2025-09-29 15:40:22,102.0,9.347,0.0,True,55090.0,2025-09-29 15:40:22,102.0,9.347,0.0,True,0,0.0,False,0,0,0,0,0,0,0,0,0,0,0,0,0,0,0,0,0,0,0.0,0,0.0,-0.0,-0.0,9.347,0.0,0,0,0,-0.0,5,AC_BOUND,STATEFUL_NORMAL_RESPONDING,WINDOW_NORMAL_RESPONDING,ACTION_NONE,high,9,responding_or_no_concern,,days_eff=9 days_any=9 cyc_eff=0 hq_nr=0 total_nr=0 cens=0 lg_opp=0 opp=0 norm_anom=-0.00 conf_p=1 micro_only=False cluster=AC_BOUND,No action needed.,Responding normally; no concern.,,False,False,False,False,False,False,False,False,0,2026-06-08T10:02:59Z,rolling30-v2.0,30,1,abs_ge_50mWh
JUAN_jnunez5,2026-01-05,2025-12-06 23:59:59.999999999,2026-01-05 23:59:59.999999999,141,27.987,0.5,24.498,121.836,20,16,8,0,1,0,0,True,WINDOW_QUALITY_COUNTER_RESET,37.0,41.0,4.0,4.288,0.4447,0.2532,0.5553,13.0,100.0,87.0,16.0,49.0,100.0,0.0,0.0659,0.4509,0.4509,0.442,20,27,10,55310.0,53730.0,53210.0,56150.0,2940.0,10,4,2900.0,2026-01-02 09:14:40,41.0,95.33,92.61,0,3,0,0,3,0,1,0,0,1,0,0,0,0,0,0.0,0,0,0,,0.0,,,0.0,0,0,0,,0.0,,2026-01-05 23:59:59.999999999,2025-05-13 12:46:49,2026-01-05 10:19:23,237.467,True,53730.0,2026-01-02 09:14:40,41.0,3.615,0.0,True,53730.0,2026-01-02 09:14:40,41.0,3.615,0.0,True,0,0.0,False,0,0,0,0,0,0,0,0,0,0,0,0,0,0,0,0,0,0,0.0,0,0.0,-0.0,-0.0,3.615,0.0,0,0,0,-0.0,-1,SPARSE_OR_GAPPY,STATEFUL_REVIEW_DATA_QUALITY,WINDOW_DATA_QUALITY_REVIEW,ACTION_COLLECT_MORE_DATA_OR_MANUAL_REVIEW,low,1,data_quality_or_history_review,,days_eff=4 days_any=4 cyc_eff=0 hq_nr=0 total_nr=0 cens=0 lg_opp=0 opp=0 norm_anom=-0.00 conf_p=1 micro_only=False cluster=SPARSE_OR_GAPPY,No user-facing action; collecting more data.,Data-quality/history review outranks action (would_have_been=NONE). Collect more data or manual review.,NONE,False,False,False,False,False,False,True,False,0,2026-06-08T10:02:59Z,rolling30-v2.0,30,1,abs_ge_50mWh
JURAKAWA-3319AM_jurakawa,2026-03-19,2026-02-17 23:59:59.999999999,2026-03-19 23:59:59.999999999,11,21.066,0.187,269.638,472.634,3,2,1,0,0,0,0,False,WINDOW_QUALITY_SHORT_OBS,215.0,215.0,0.0,0.0,0.3866,0.3866,0.6134,0.0,58.0,58.0,3.5,41.0,57.5,0.094,0.094,0.0,0.0,0.0,4,4,2,47280.0,47280.0,47280.0,47280.0,0.0,0,0,0.0,,,82.87,82.87,0,0,0,0,0,0,0,0,0,0,0,0,0,0,0,0.0,0,0,0,,0.0,,,0.0,0,0,0,,0.0,,2026-03-19 23:59:59.999999999,2023-02-16 14:50:55,2026-03-19 19:23:28,1127.381,True,47280.0,2024-05-13 11:12:38,159.0,675.533,56.0,False,47280.0,2024-05-13 11:12:38,159.0,675.533,56.0,False,0,0.0,False,0,0,17,0,0,0,0,0,0,16,0,0,0,0,0,0,17,0,0.0,0,0.0,-0.0,-0.0,675.533,56.0,0,0,0,-0.0,-1,SPARSE_OR_GAPPY,STATEFUL_REVIEW_DATA_QUALITY,WINDOW_DATA_QUALITY_REVIEW,ACTION_COLLECT_MORE_DATA_OR_MANUAL_REVIEW,low,1,data_quality_or_history_review,large_gap_dominant,days_eff=676 days_any=676 cyc_eff=56 hq_nr=0 total_nr=0 cens=0 lg_opp=17 opp=33 norm_anom=-0.00 conf_p=1 micro_only=False cluster=SPARSE_OR_GAPPY,No user-facing action; collecting more data.,Data-quality/history review outranks action (would_have_been=NONE). Collect more data or manual review.,NONE,False,False,False,True,False,False,True,False,0,2026-06-08T10:02:59Z,rolling30-v2.0,30,1,abs_ge_50mWh
JXU9-PF3SLCZ3_jxu9,2026-04-16,2026-03-17 23:59:59.999999999,2026-04-16 23:59:59.999999999,87,3.456,0.5,0.5,40.947,1,1,1,0,0,0,0,False,WINDOW_QUALITY_SHORT_OBS,37.0,37.0,0.0,0.0,1.0,0.0,0.0,99.0,100.0,1.0,99.0,99.0,100.0,0.0,0.0,1.0,1.0,1.0,0,0,0,80110.0,80110.0,80110.0,80110.0,0.0,0,0,0.0,,,89.01,89.01,0,0,0,0,0,0,0,0,0,0,0,0,0,0,0,0.0,0,0,0,,0.0,,,0.0,0,0,0,,0.0,,2026-04-16 23:59:59.999999999,2023-09-07 10:09:40,2026-04-16 13:02:12,952.577,True,80110.0,2026-04-13 02:05:22,37.0,3.913,0.0,True,80110.0,2026-04-13 02:05:22,37.0,3.913,0.0,True,0,0.0,False,0,0,0,0,0,0,0,0,0,0,0,0,0,0,0,0,0,0,0.0,0,0.0,-0.0,-0.0,3.913,0.0,0,0,0,-0.0,-1,SPARSE_OR_GAPPY,STATEFUL_REVIEW_DATA_QUALITY,WINDOW_DATA_QUALITY_REVIEW,ACTION_COLLECT_MORE_DATA_OR_MANUAL_REVIEW,low,1,data_quality_or_history_review,,days_eff=4 days_any=4 cyc_eff=0 hq_nr=0 total_nr=0 cens=0 lg_opp=0 opp=0 norm_anom=-0.00 conf_p=1 micro_only=False cluster=SPARSE_OR_GAPPY,No user-facing action; collecting more data.,Data-quality/history review outranks action (would_have_been=NONE). Collect more data or manual review.,NONE,False,False,False,False,False,False,True,False,0,2026-06-08T10:02:59Z,rolling30-v2.0,30,1,abs_ge_50mWh
JYANGO-PF462GGQ_jyango,2023-10-24,2023-09-24 23:59:59.999999999,2023-10-24 23:59:59.999999999,414,29.302,0.5,5.224,65.375,21,16,6,0,0,0,0,False,WINDOW_QUALITY_OK,119.0,131.0,12.0,12.286,0.7576,0.2845,0.2424,18.0,100.0,82.0,33.0,96.0,100.0,0.0,0.0046,0.7518,0.6962,0.5897,89,155,45,55950.0,55950.0,55950.0,55950.0,0.0,0,0,0.0,,,98.07,98.07,0,2,0,0,2,0,0,0,0,0,0,0,0,0,0,0.0,0,0,0,,0.0,,,0.0,0,0,0,,0.0,,2023-10-24 23:59:59.999999999,2023-02-07 13:40:27,2023-10-24 16:00:55,259.43,True,55950.0,2023-04-03 03:25:05,67.0,204.858,64.0,False,55950.0,2023-04-03 03:25:05,67.0,204.858,64.0,False,0,0.0,False,0,0,6,0,0,0,0,0,0,1,0,0,0,0,0,0,6,0,0.0,0,0.0,-0.0,-0.0,204.858,64.0,0,0,0,-0.0,4,MOBILE_DEEP_CYCLE,STATEFUL_WATCH_LARGE_GAP_OR_CENSORED,WINDOW_LARGE_GAP_AMBIGUOUS,ACTION_MONITOR_NEXT_WINDOW,low,7,large_gap_or_censored_dominant,large_gap_dominant,days_eff=205 days_any=205 cyc_eff=64 hq_nr=0 total_nr=0 cens=0 lg_opp=6 opp=7 norm_anom=-0.00 conf_p=1 micro_only=False cluster=MOBILE_DEEP_CYCLE,No user-facing action; monitoring.,Ambiguous/weak evidence (204d since effective change); monitor next window.,,False,False,False,True,False,False,False,False,0,2026-06-08T10:02:59Z,rolling30-v2.0,30,1,abs_ge_50mWh
KANGYINGB-LFXB1_kangyingb,2025-10-09,2025-09-09 23:59:59.999999999,2025-10-09 23:59:59.999999999,402,29.36,0.5,6.678,72.62,31,6,5,0,0,0,0,False,WINDOW_QUALITY_OK,59.0,77.0,18.0,18.392,0.3869,0.2378,0.6053,2.0,100.0,98.0,27.1,84.0,100.0,0.0023,0.0264,0.5054,0.4006,0.3104,84,125,43,55250.0,53000.0,52490.0,55250.0,2760.0,24,6,2500.0,2025-10-09 11:07:17,77.0,100.27,96.19,0,3,0,0,3,0,2,0,0,2,0,2,0,0,2,0.0,0,0,0,,0.0,,,0.0,0,0,0,,0.0,,2025-10-09 23:59:59.999999999,2025-05-08 10:15:18,2025-10-09 13:49:38,154.573,True,53000.0,2025-10-09 11:07:17,77.0,0.537,0.0,True,53000.0,2025-10-09 11:07:17,77.0,0.537,0.0,True,0,0.0,False,0,0,0,0,0,0,0,0,0,0,0,0,0,0,0,0,0,0,0.0,0,0.0,-0.0,-0.0,0.537,0.0,0,0,0,-0.0,4,MOBILE_DEEP_CYCLE,STATEFUL_NORMAL_RESPONDING,WINDOW_NORMAL_RESPONDING,ACTION_NONE,high,9,responding_or_no_concern,,days_eff=1 days_any=1 cyc_eff=0 hq_nr=0 total_nr=0 cens=0 lg_opp=0 opp=0 norm_anom=-0.00 conf_p=1 micro_only=False cluster=MOBILE_DEEP_CYCLE,No action needed.,Responding normally; no concern.,,False,False,False,False,False,False,False,False,0,2026-06-08T10:02:59Z,rolling30-v2.0,30,1,abs_ge_50mWh
KARAI6-PF4PTTHT_karai6,2024-09-06,2024-08-07 23:59:59.999999999,2024-09-06 23:59:59.999999999,300,29.417,0.5,9.286,93.672,21,11,5,0,0,0,0,False,WINDOW_QUALITY_OK,54.0,59.0,5.0,5.099,0.4576,0.1392,0.5424,4.0,100.0,96.0,53.0,97.0,100.0,0.0182,0.0182,0.8509,0.769,0.6201,72,103,37,52190.0,51540.0,51540.0,52190.0,650.0,8,1,550.0,2024-09-04 15:01:32,59.0,91.51,90.37,0,1,0,0,1,0,1,0,0,1,0,1,0,0,1,0.0,0,0,0,,0.0,,,0.0,0,0,0,,0.0,,2024-09-06 23:59:59.999999999,2024-01-15 23:04:07,2024-09-06 11:33:54,235.039,True,51540.0,2024-09-04 15:01:32,59.0,2.374,0.0,True,51540.0,2024-09-04 15:01:32,59.0,2.374,0.0,True,0,0.0,False,0,0,0,0,0,0,0,0,0,0,0,0,0,0,0,0,0,0,0.0,0,0.0,-0.0,-0.0,2.374,0.0,0,0,0,-0.0,4,MOBILE_DEEP_CYCLE,STATEFUL_NORMAL_RESPONDING,WINDOW_NORMAL_RESPONDING,ACTION_NONE,high,9,responding_or_no_concern,,days_eff=2 days_any=2 cyc_eff=0 hq_nr=0 total_nr=0 cens=0 lg_opp=0 opp=0 norm_anom=-0.00 conf_p=1 micro_only=False cluster=MOBILE_DEEP_CYCLE,No action needed.,Responding normally; no concern.,,False,False,False,False,False,False,False,False,0,2026-06-08T10:02:59Z,rolling30-v2.0,30,1,abs_ge_50mWh
KATIE_kjackson,2025-07-17,2025-06-17 23:59:59.999999999,2025-07-17 23:59:59.999999999,706,29.458,0.5,1.154,102.224,13,8,3,0,0,0,0,False,WINDOW_QUALITY_OK,6.0,9.0,3.0,3.055,0.9197,0.1928,0.0803,28.0,100.0,72.0,70.25,97.0,100.0,0.0,0.0,0.9256,0.7621,0.7302,28,36,14,56300.0,56250.0,56250.0,56300.0,50.0,3,0,0.0,,,102.83,102.74,0,0,0,0,0,0,0,0,0,0,0,0,0,0,0,0.0,0,0,0,,0.0,,,0.0,0,0,0,,0.0,,2025-07-17 23:59:59.999999999,2025-03-20 11:37:35,2025-07-17 14:55:37,119.516,True,56380.0,2025-03-20 11:37:35,1.0,119.516,8.0,False,56250.0,2025-07-17 09:04:24,9.0,0.622,0.0,True,8,20.0,True,0,0,0,0,0,0,0,0,0,0,0,0,0,0,0,0,0,0,0.0,0,0.0,-0.0,-0.0,119.516,8.0,0,0,0,-0.0,5,AC_BOUND,STATEFUL_NORMAL_RESPONDING,WINDOW_MICRO_WOBBLE_ONLY,ACTION_NONE,high,9,responding_or_no_concern,micro_wobble,days_eff=120 days_any=1 cyc_eff=8 hq_nr=0 total_nr=0 cens=0 lg_opp=0 opp=0 norm_anom=-0.00 conf_p=1 micro_only=True cluster=AC_BOUND,No action needed.,Responding normally; no concern.,,False,False,True,False,False,False,False,False,0,2026-06-08T10:02:59Z,rolling30-v2.0,30,1,abs_ge_50mWh
KAYLEY_Kayle,2026-05-26,2026-04-26 23:59:59.999999999,2026-05-26 23:59:59.999999999,125,29.462,0.5,23.799,80.268,31,15,7,0,0,0,0,False,WINDOW_QUALITY_OK,16.0,17.0,1.0,1.018,0.9658,0.0304,0.0342,62.0,100.0,38.0,95.0,98.0,100.0,0.0,0.0,0.9848,0.9696,0.8734,4,7,2,58560.0,58480.0,58480.0,58560.0,80.0,3,0,0.0,,,102.68,102.54,0,0,0,0,0,0,0,0,0,0,0,0,0,0,0,0.0,0,0,0,,0.0,,,0.0,0,0,0,,0.0,,2026-05-26 23:59:59.999999999,2025-03-28 11:48:20,2026-05-26 20:52:00,424.508,True,58770.0,2026-01-04 10:44:43,15.0,142.552,2.0,False,58480.0,2026-05-26 09:40:29,17.0,0.597,0.0,True,14,40.0,True,0,0,0,0,0,0,0,0,0,0,0,0,0,0,0,0,0,0,0.0,0,0.0,-0.0,-0.0,142.552,2.0,0,0,0,-0.0,5,AC_BOUND,STATEFUL_GAUGE_SOFT_CALIBRATION_EFFECTIVE_ONLY,WINDOW_MICRO_WOBBLE_ONLY,ACTION_SOFT_CALIBRATION_PROMPT,medium,5,micro_wobble_only_no_effective_relearn,gauge_like;micro_wobble,days_eff=143 days_any=1 cyc_eff=2 hq_nr=0 total_nr=0 cens=0 lg_opp=0 opp=0 norm_anom=-0.00 conf_p=1 micro_only=True cluster=AC_BOUND,A full charge/discharge cycle may help the gauge recalibrate (low priority).,Soft calibration prompt: micro-wobbles present but no meaningful FCC relearning step under the effective threshold for 142d. Not a hard gauge reset target.,,False,True,True,False,False,False,False,False,0,2026-06-08T10:02:59Z,rolling30-v2.0,30,1,abs_ge_50mWh
KAZUK_PR2,2025-06-06,2025-05-07 23:59:59.999999999,2025-06-06 23:59:59.999999999,138,15.048,0.499,13.326,91.326,8,8,2,0,0,0,0,False,WINDOW_QUALITY_OK,110.0,115.0,5.0,9.968,0.4626,0.3619,0.5374,0.0,100.0,100.0,5.0,72.0,100.0,0.0835,0.0889,0.3607,0.2461,0.2045,34,43,17,50550.0,48750.0,48340.0,50570.0,2230.0,15,9,1550.0,2025-06-06 10:47:46,115.0,88.68,85.53,0,2,0,0,2,0,2,0,0,2,0,2,0,0,2,0.0,0,0,0,,0.0,,,0.0,0,0,0,,0.0,,2025-06-06 23:59:59.999999999,2023-02-17 04:28:14,2025-06-06 11:17:45,840.814,True,48750.0,2025-06-06 10:47:46,115.0,0.55,0.0,True,48750.0,2025-06-06 10:47:46,115.0,0.55,0.0,True,0,0.0,False,0,0,0,0,0,0,0,0,0,0,0,0,0,0,0,0,0,0,0.0,0,0.0,-0.0,-0.0,0.55,0.0,0,0,0,-0.0,0,MOBILE_DEEP_CYCLE,STATEFUL_NORMAL_RESPONDING,WINDOW_NORMAL_RESPONDING,ACTION_NONE,high,9,responding_or_no_concern,,days_eff=1 days_any=1 cyc_eff=0 hq_nr=0 total_nr=0 cens=0 lg_opp=0 opp=0 norm_anom=-0.00 conf_p=1 micro_only=False cluster=MOBILE_DEEP_CYCLE,No action needed.,Responding normally; no concern.,,False,False,False,False,False,False,False,False,0,2026-06-08T10:02:59Z,rolling30-v2.0,30,1,abs_ge_50mWh
KCHAUHAN1-Y538L_kchauhan1,2024-08-22,2024-07-23 23:59:59.999999999,2024-08-22 23:59:59.999999999,209,29.16,0.5,16.823,62.627,26,19,5,0,0,0,0,False,WINDOW_QUALITY_OK,23.0,32.0,9.0,9.259,0.2931,0.1255,0.7069,4.0,100.0,96.0,6.0,59.0,100.0,0.0411,0.0889,0.2942,0.1935,0.1435,30,47,16,76420.0,72350.0,72350.0,76640.0,4290.0,12,10,4190.0,2024-08-17 17:46:19,32.0,101.89,96.47,1,7,1,0,8,0,6,0,0,6,0,5,0,0,5,0.4407,0,1,1,0.559302,0.2524,0.64517,0.64521,0.6496,0,1,1,0.350394,0.4554,0.33994,2024-08-22 23:59:59.999999999,2024-06-17 11:41:42,2024-08-22 11:34:23,66.513,True,72350.0,2024-08-17 17:46:19,32.0,5.26,0.0,True,72350.0,2024-08-17 17:46:19,32.0,5.26,0.0,True,0,0.0,False,0,0,1,0,0,0,0,0,0,1,0,0,0,0,0,0,1,0,0.0,0,0.0,-0.0,-0.0,5.26,0.0,0,0,0,-0.0,4,MOBILE_DEEP_CYCLE,STATEFUL_WATCH_LARGE_GAP_OR_CENSORED,WINDOW_NORMAL_RESPONDING,ACTION_MONITOR_NEXT_WINDOW,low,7,large_gap_or_censored_dominant,large_gap_dominant,days_eff=5 days_any=5 cyc_eff=0 hq_nr=0 total_nr=0 cens=0 lg_opp=1 opp=2 norm_anom=-0.00 conf_p=0.645 micro_only=False cluster=MOBILE_DEEP_CYCLE,No user-facing action; monitoring.,Ambiguous/weak evidence (5d since effective change); monitor next window.,,False,False,False,True,False,False,False,False,0,2026-06-08T10:02:59Z,rolling30-v2.0,30,1,abs_ge_50mWh
KCHEON-PF5A9YHM_kcheon,2026-05-25,2026-04-25 23:59:59.999999999,2026-05-25 23:59:59.999999999,1,0.0,,,0.0,0,0,0,0,0,0,0,False,WINDOW_QUALITY_SHORT_OBS,99.0,99.0,0.0,0.0,,,,52.0,52.0,0.0,52.0,52.0,52.0,,,,,,0,0,0,54330.0,54330.0,54330.0,54330.0,0.0,0,0,0.0,,,93.67,93.67,0,0,0,0,0,0,0,0,0,0,0,0,0,0,0,0.0,0,0,0,,0.0,,,0.0,0,0,0,,0.0,,2026-05-25 23:59:59.999999999,2025-02-25 10:48:40,2026-05-25 15:49:45,454.55,True,54360.0,2026-01-21 03:14:10,97.0,124.865,2.0,False,54330.0,2026-04-06 09:52:53,99.0,49.588,0.0,True,2,20.0,True,0,0,0,0,0,0,0,0,0,0,0,0,0,0,0,0,0,0,0.0,0,0.0,-0.0,-0.0,124.865,2.0,0,0,0,-0.0,-1,SPARSE_OR_GAPPY,STATEFUL_REVIEW_DATA_QUALITY,WINDOW_DATA_QUALITY_REVIEW,ACTION_COLLECT_MORE_DATA_OR_MANUAL_REVIEW,low,1,data_quality_or_history_review,micro_wobble,days_eff=125 days_any=50 cyc_eff=2 hq_nr=0 total_nr=0 cens=0 lg_opp=0 opp=0 norm_anom=-0.00 conf_p=1 micro_only=True cluster=SPARSE_OR_GAPPY,No user-facing action; collecting more data.,Data-quality/history review outranks action (would_have_been=NONE). Collect more data or manual review.,NONE,False,False,True,False,False,False,True,False,0,2026-06-08T10:02:59Z,rolling30-v2.0,30,1,abs_ge_50mWh
KDARDEN-F4CFJD9_kdarden,2024-08-01,2024-07-02 23:59:59.999999999,2024-08-01 23:59:59.999999999,717,29.018,0.5,2.057,87.294,15,6,2,0,0,0,0,False,WINDOW_QUALITY_OK,286.0,302.0,16.0,16.541,0.6907,0.1511,0.3093,2.0,100.0,98.0,44.8,98.0,100.0,0.0072,0.0099,0.7801,0.7033,0.6347,109,144,55,43780.0,43780.0,43780.0,43780.0,0.0,0,0,0.0,,,83.39,83.39,0,2,0,0,2,0,2,0,0,2,0,2,0,0,2,0.0,0,0,0,,0.0,,,0.0,0,0,0,,0.0,,2024-08-01 23:59:59.999999999,2023-06-06 15:44:35,2024-08-01 10:35:57,422.344,True,43780.0,2024-06-25 07:04:23,278.0,37.705,24.0,True,43780.0,2024-06-25 07:04:23,278.0,37.705,24.0,True,0,0.0,False,0,1,2,0,1,1,0,0,1,2,0,1,1,0,0,0,2,0,0.3144,0,-0.3775,0.1639,0.1639,37.705,24.0,1,1,0,0.1639,4,MOBILE_DEEP_CYCLE,STATEFUL_WATCH_LARGE_GAP_OR_CENSORED,WINDOW_LARGE_GAP_AMBIGUOUS,ACTION_MONITOR_NEXT_WINDOW,low,7,large_gap_or_censored_dominant,fw_like;large_gap_dominant,days_eff=38 days_any=38 cyc_eff=24 hq_nr=0 total_nr=1 cens=0 lg_opp=2 opp=6 norm_anom=0.16 conf_p=1 micro_only=False cluster=MOBILE_DEEP_CYCLE,No user-facing action; monitoring.,Ambiguous/weak evidence (37d since effective change); monitor next window.,,True,False,False,True,False,False,False,False,0,2026-06-08T10:02:59Z,rolling30-v2.0,30,1,abs_ge_50mWh
KGU-PF5DEB5C_kgu,2026-01-30,2025-12-31 23:59:59.999999999,2026-01-30 23:59:59.999999999,492,28.582,0.5,4.644,72.937,20,15,5,0,0,0,0,False,WINDOW_QUALITY_OK,18.0,26.0,8.0,8.397,0.717,0.1297,0.283,24.0,100.0,76.0,53.0,88.5,100.0,0.0,0.0,0.6297,0.4974,0.4273,95,123,48,74580.0,74210.0,74210.0,74580.0,370.0,8,5,50.0,2026-01-27 18:42:22,26.0,99.44,98.95,0,0,0,0,0,0,0,0,0,0,0,0,0,0,0,0.0,0,0,0,,0.0,,,0.0,0,0,0,,0.0,,2026-01-30 23:59:59.999999999,2025-10-26 13:20:38,2026-01-30 11:52:24,96.444,True,74210.0,2026-01-27 18:42:22,26.0,3.221,0.0,True,74210.0,2026-01-27 18:42:22,26.0,3.221,0.0,True,0,0.0,False,0,0,0,0,0,0,0,0,0,0,0,0,0,0,0,0,0,0,0.0,0,0.0,-0.0,-0.0,3.221,0.0,0,0,0,-0.0,4,MOBILE_DEEP_CYCLE,STATEFUL_NORMAL_RESPONDING,WINDOW_NORMAL_RESPONDING,ACTION_NONE,high,9,responding_or_no_concern,,days_eff=3 days_any=3 cyc_eff=0 hq_nr=0 total_nr=0 cens=0 lg_opp=0 opp=0 norm_anom=-0.00 conf_p=1 micro_only=False cluster=MOBILE_DEEP_CYCLE,No action needed.,Responding normally; no concern.,,False,False,False,False,False,False,False,False,0,2026-06-08T10:02:59Z,rolling30-v2.0,30,1,abs_ge_50mWh
KGUO1-PF4R03CL_kguo1,2024-05-24,2024-04-24 23:59:59.999999999,2024-05-24 23:59:59.999999999,367,29.062,0.007,0.728,167.565,14,14,6,0,0,0,0,False,WINDOW_QUALITY_OK,5.0,6.0,1.0,1.032,0.7756,0.0752,0.2244,25.0,100.0,75.0,36.0,43.0,100.0,0.0,0.0,0.8236,0.7853,0.7254,162,173,81,57980.0,57970.0,57970.0,57980.0,10.0,1,0,0.0,,,99.97,99.95,0,0,0,0,0,0,0,0,0,0,0,0,0,0,0,0.0,0,0,0,,0.0,,,0.0,0,0,0,,0.0,,2024-05-24 23:59:59.999999999,2024-04-09 14:33:15,2024-05-24 10:25:04,45.394,False,58020.0,2024-04-09 14:33:15,2.0,45.394,4.0,False,57970.0,2024-05-14 10:23:53,6.0,10.567,0.0,False,4,20.0,True,0,0,0,0,0,0,0,0,0,0,0,0,0,0,0,0,0,0,0.0,0,0.0,-0.0,-0.0,45.394,4.0,0,0,0,-0.0,3,AC_BOUND,STATEFUL_REVIEW_DATA_QUALITY,WINDOW_MICRO_WOBBLE_ONLY,ACTION_COLLECT_MORE_DATA_OR_MANUAL_REVIEW,low,1,data_quality_or_history_review,micro_wobble,days_eff=45 days_any=11 cyc_eff=4 hq_nr=0 total_nr=0 cens=0 lg_opp=0 opp=0 norm_anom=-0.00 conf_p=1 micro_only=True cluster=AC_BOUND,No user-facing action; collecting more data.,Data-quality/history review outranks action (would_have_been=NONE). Collect more data or manual review.,NONE,False,False,True,False,False,True,False,False,0,2026-06-08T10:02:59Z,rolling30-v2.0,30,1,abs_ge_50mWh
KGUO1-PF4Z3832_kguo1,2024-05-29,2024-04-29 23:59:59.999999999,2024-05-29 23:59:59.999999999,297,21.033,0.422,5.174,114.037,14,11,3,0,0,0,0,False,WINDOW_QUALITY_OK,1.0,4.0,3.0,4.279,0.841,0.15,0.159,12.0,100.0,88.0,65.4,97.0,100.0,0.0,0.0149,0.9088,0.8611,0.7296,68,98,34,52510.0,52460.0,52460.0,52510.0,50.0,3,0,0.0,,,100.02,99.92,0,1,0,0,1,0,1,0,0,1,0,0,0,0,0,0.0,0,0,0,,0.0,,,0.0,0,0,0,,0.0,,2024-05-29 23:59:59.999999999,2024-05-08 13:44:11,2024-05-29 14:31:29,21.428,False,52510.0,2024-05-08 13:44:11,1.0,21.428,3.0,False,52460.0,2024-05-21 13:34:56,4.0,8.434,0.0,False,3,20.0,True,0,0,1,0,0,0,0,0,0,0,0,0,0,0,0,0,1,0,0.0,0,0.0,-0.0,-0.0,21.428,3.0,0,0,0,-0.0,4,MOBILE_DEEP_CYCLE,STATEFUL_REVIEW_DATA_QUALITY,WINDOW_MICRO_WOBBLE_ONLY,ACTION_COLLECT_MORE_DATA_OR_MANUAL_REVIEW,low,1,data_quality_or_history_review,micro_wobble;large_gap_dominant,days_eff=21 days_any=8 cyc_eff=3 hq_nr=0 total_nr=0 cens=0 lg_opp=1 opp=1 norm_anom=-0.00 conf_p=1 micro_only=True cluster=MOBILE_DEEP_CYCLE,No user-facing action; collecting more data.,Data-quality/history review outranks action (would_have_been=NONE). Collect more data or manual review.,NONE,False,False,True,True,False,True,False,False,0,2026-06-08T10:02:59Z,rolling30-v2.0,30,1,abs_ge_50mWh
KGUO1-PF55Q5S3_kguo1,2025-06-09,2025-05-10 23:59:59.999999999,2025-06-09 23:59:59.999999999,686,28.039,0.5,0.5,90.195,7,7,4,0,0,0,0,False,WINDOW_QUALITY_OK,1.0,2.0,1.0,1.07,0.9983,0.0686,0.0017,89.0,100.0,11.0,95.0,98.0,100.0,0.0,0.0,1.0,0.9993,0.9142,2,22,1,89350.0,89270.0,89270.0,89350.0,80.0,5,0,0.0,,,102.25,102.16,0,0,0,0,0,0,0,0,0,0,0,0,0,0,0,0.0,0,0,0,,0.0,,,0.0,0,0,0,,0.0,,2025-06-09 23:59:59.999999999,2025-04-21 10:37:55,2025-06-09 10:31:06,49.557,False,89410.0,2025-04-21 10:37:55,1.0,49.557,1.0,False,89270.0,2025-06-02 13:28:13,2.0,7.439,0.0,False,8,30.0,True,0,0,0,0,0,0,0,0,0,0,0,0,0,0,0,0,0,0,0.0,0,0.0,-0.0,-0.0,49.557,1.0,0,0,0,-0.0,5,AC_BOUND,STATEFUL_REVIEW_DATA_QUALITY,WINDOW_MICRO_WOBBLE_ONLY,ACTION_COLLECT_MORE_DATA_OR_MANUAL_REVIEW,low,1,data_quality_or_history_review,micro_wobble,days_eff=50 days_any=7 cyc_eff=1 hq_nr=0 total_nr=0 cens=0 lg_opp=0 opp=0 norm_anom=-0.00 conf_p=1 micro_only=True cluster=AC_BOUND,No user-facing action; collecting more data.,Data-quality/history review outranks action (would_have_been=NONE). Collect more data or manual review.,NONE,False,False,True,False,False,True,False,False,0,2026-06-08T10:02:59Z,rolling30-v2.0,30,1,abs_ge_50mWh
KGUO1-PF5GR16K_kguo1,2026-01-13,2025-12-14 23:59:59.999999999,2026-01-13 23:59:59.999999999,315,29.112,0.5,0.5,331.684,6,6,4,0,0,0,0,False,WINDOW_QUALITY_OK,16.0,18.0,2.0,2.061,0.9789,0.0533,0.0211,31.0,80.0,49.0,76.0,77.0,79.0,0.0,0.0,0.0,0.0,0.0,8,28,4,57850.0,57830.0,57830.0,57850.0,20.0,2,0,0.0,,,99.74,99.71,0,0,0,0,0,0,0,0,0,0,0,0,0,0,0,0.0,0,0,0,,0.0,,,0.0,0,0,0,,0.0,,2026-01-13 23:59:59.999999999,2025-06-10 12:48:45,2026-01-13 12:23:24,217.466,True,58030.0,2025-06-10 12:48:45,1.0,217.466,17.0,False,57830.0,2026-01-12 15:23:25,18.0,1.359,0.0,True,17,20.0,True,0,0,0,0,0,0,0,0,0,0,0,0,0,0,0,0,0,0,0.0,0,0.0,-0.0,-0.0,217.466,17.0,0,0,0,-0.0,2,MOBILE_DEEP_CYCLE,STATEFUL_NORMAL_RESPONDING,WINDOW_MICRO_WOBBLE_ONLY,ACTION_NONE,high,9,responding_or_no_concern,micro_wobble,days_eff=217 days_any=1 cyc_eff=17 hq_nr=0 total_nr=0 cens=0 lg_opp=0 opp=0 norm_anom=-0.00 conf_p=1 micro_only=True cluster=MOBILE_DEEP_CYCLE,No action needed.,Responding normally; no concern.,,False,False,True,False,False,False,False,False,0,2026-06-08T10:02:59Z,rolling30-v2.0,30,1,abs_ge_50mWh
KGUO1-PF62LBME_kguo1,2026-05-18,2026-04-18 23:59:59.999999999,2026-05-18 23:59:59.999999999,745,28.212,0.5,0.5,66.911,8,5,4,0,0,0,0,False,WINDOW_QUALITY_OK,6.0,7.0,1.0,1.063,0.982,0.0401,0.018,28.0,75.0,47.0,66.0,71.0,74.0,0.0,0.0,0.0,0.0,0.0,8,30,4,74940.0,74930.0,74930.0,74940.0,10.0,1,0,0.0,,,99.92,99.91,0,0,0,0,0,0,0,0,0,0,0,0,0,0,0,0.0,0,0,0,,0.0,,,0.0,0,0,0,,0.0,,2026-05-18 23:59:59.999999999,2026-01-14 13:13:27,2026-05-18 15:02:52,124.449,True,75010.0,2026-01-14 13:13:27,0.0,124.449,7.0,False,74930.0,2026-05-04 15:22:56,7.0,14.359,0.0,True,7,20.0,True,0,0,0,0,0,0,0,0,0,0,0,0,0,0,0,0,0,0,0.0,0,0.0,-0.0,-0.0,124.449,7.0,0,0,0,-0.0,2,MOBILE_DEEP_CYCLE,STATEFUL_NORMAL_RESPONDING,WINDOW_MICRO_WOBBLE_ONLY,ACTION_NONE,high,9,responding_or_no_concern,micro_wobble,days_eff=124 days_any=14 cyc_eff=7 hq_nr=0 total_nr=0 cens=0 lg_opp=0 opp=0 norm_anom=-0.00 conf_p=1 micro_only=True cluster=MOBILE_DEEP_CYCLE,No action needed.,Responding normally; no concern.,,False,False,True,False,False,False,False,False,0,2026-06-08T10:02:59Z,rolling30-v2.0,30,1,abs_ge_50mWh
KGUO1-PW09S0X5_kguo1,2024-04-03,2024-03-04 23:59:59.999999999,2024-04-03 23:59:59.999999999,397,29.327,0.478,7.513,89.345,21,18,4,0,0,0,0,False,WINDOW_QUALITY_OK,4.0,10.0,6.0,6.138,0.7836,0.1296,0.2164,15.0,100.0,85.0,53.8,96.0,100.0,0.0,0.004,0.8839,0.7927,0.6555,77,105,39,57000.0,56930.0,56930.0,57000.0,70.0,6,0,0.0,,,100.0,99.88,0,1,0,0,1,0,1,0,0,1,0,0,0,0,0,0.0,0,0,0,,0.0,,,0.0,0,0,0,,0.0,,2024-04-03 23:59:59.999999999,2024-02-14 10:09:17,2024-04-03 17:34:29,49.577,False,57000.0,2024-02-14 10:09:17,1.0,49.577,9.0,False,56930.0,2024-04-03 12:20:53,10.0,0.485,0.0,False,6,20.0,True,0,0,1,0,0,0,0,0,0,0,0,0,0,0,0,0,1,0,0.0,0,0.0,-0.0,-0.0,49.577,9.0,0,0,0,-0.0,4,MOBILE_DEEP_CYCLE,STATEFUL_REVIEW_DATA_QUALITY,WINDOW_MICRO_WOBBLE_ONLY,ACTION_COLLECT_MORE_DATA_OR_MANUAL_REVIEW,low,1,data_quality_or_history_review,micro_wobble;large_gap_dominant,days_eff=50 days_any=0 cyc_eff=9 hq_nr=0 total_nr=0 cens=0 lg_opp=1 opp=1 norm_anom=-0.00 conf_p=1 micro_only=True cluster=MOBILE_DEEP_CYCLE,No user-facing action; collecting more data.,Data-quality/history review outranks action (would_have_been=NONE). Collect more data or manual review.,NONE,False,False,True,True,False,True,False,False,0,2026-06-08T10:02:59Z,rolling30-v2.0,30,1,abs_ge_50mWh
KHORINOUCHI-42K_khorinouchi,2024-04-25,2024-03-26 23:59:59.999999999,2024-04-25 23:59:59.999999999,50,23.014,0.221,88.688,191.714,5,5,4,0,0,0,0,False,WINDOW_QUALITY_SPARSE,446.0,448.0,2.0,2.607,0.2077,0.1761,0.7923,3.0,100.0,97.0,3.45,31.0,99.55,0.1051,0.3386,0.1397,0.119,0.0867,20,24,10,51480.0,51480.0,51480.0,51480.0,0.0,0,0,0.0,,,101.94,101.94,0,1,0,0,1,0,1,0,0,1,0,1,0,0,1,0.0,0,0,0,,0.0,,,0.0,0,0,0,,0.0,,2024-04-25 23:59:59.999999999,2023-10-12 17:25:07,2024-04-25 15:11:07,196.274,True,51480.0,2023-10-12 17:25:07,438.0,196.274,10.0,False,51480.0,2023-10-12 17:25:07,438.0,196.274,10.0,False,0,0.0,False,0,0,5,0,0,0,0,0,0,4,0,0,0,0,0,0,5,0,0.0,0,0.0,-0.0,-0.0,196.274,10.0,0,0,0,-0.0,-1,SPARSE_OR_GAPPY,STATEFUL_REVIEW_DATA_QUALITY,WINDOW_DATA_QUALITY_REVIEW,ACTION_COLLECT_MORE_DATA_OR_MANUAL_REVIEW,low,1,data_quality_or_history_review,large_gap_dominant,days_eff=196 days_any=196 cyc_eff=10 hq_nr=0 total_nr=0 cens=0 lg_opp=5 opp=9 norm_anom=-0.00 conf_p=1 micro_only=False cluster=SPARSE_OR_GAPPY,No user-facing action; collecting more data.,Data-quality/history review outranks action (would_have_been=NONE). Collect more data or manual review.,NONE,False,False,False,True,False,False,True,False,0,2026-06-08T10:02:59Z,rolling30-v2.0,30,1,abs_ge_50mWh
KILLEBREW,2026-04-27,2026-03-28 23:59:59.999999999,2026-04-27 23:59:59.999999999,455,29.241,0.5,5.86,72.061,23,10,4,0,0,0,0,False,WINDOW_QUALITY_OK,228.0,241.0,13.0,13.337,0.7803,0.1795,0.2197,25.0,100.0,75.0,55.0,98.0,100.0,0.0,0.0,0.8494,0.7836,0.7017,105,142,53,46140.0,46140.0,46140.0,46140.0,0.0,0,0,0.0,,,84.3,84.3,0,0,0,0,0,0,0,0,0,0,0,0,0,0,0,0.0,0,0,0,,0.0,,,0.0,0,0,0,,0.0,,2026-04-27 23:59:59.999999999,2023-05-02 14:12:48,2026-04-27 15:03:27,1091.408,True,46140.0,2026-02-10 09:42:24,216.0,76.596,25.0,False,46140.0,2026-02-10 09:42:24,216.0,76.596,25.0,False,0,0.0,False,0,0,0,0,0,0,0,0,0,0,0,0,0,0,0,0,0,0,0.0,0,0.0,-0.0,-0.0,76.596,25.0,0,0,0,-0.0,4,MOBILE_DEEP_CYCLE,STATEFUL_NORMAL_RESPONDING,WINDOW_INSUFFICIENT_LEARNING_OPPORTUNITY,ACTION_NONE,high,9,responding_or_no_concern,,days_eff=77 days_any=77 cyc_eff=25 hq_nr=0 total_nr=0 cens=0 lg_opp=0 opp=0 norm_anom=-0.00 conf_p=1 micro_only=False cluster=MOBILE_DEEP_CYCLE,No action needed.,Responding normally; no concern.,,False,False,False,False,False,False,False,False,0,2026-06-08T10:02:59Z,rolling30-v2.0,30,1,abs_ge_50mWh
KINOUE4XF49VR0W_kinoue4,2025-04-09,2025-03-10 23:59:59.999999999,2025-04-09 23:59:59.999999999,467,29.12,0.5,4.203,105.778,19,12,4,0,0,0,0,False,WINDOW_QUALITY_OK,341.0,353.0,12.0,12.363,0.6018,0.1794,0.3982,18.0,100.0,82.0,45.3,98.0,100.0,0.0,0.0034,0.8745,0.7603,0.608,103,153,52,44340.0,44340.0,44340.0,44340.0,0.0,0,0,0.0,,,77.72,77.72,0,2,0,0,2,0,0,0,0,0,0,0,0,0,0,0.0,0,0,0,,0.0,,,0.0,0,0,0,,0.0,,2025-04-09 23:59:59.999999999,2023-04-14 16:40:20,2025-04-09 13:40:28,726.305,True,44340.0,2024-12-20 17:22:16,316.0,110.276,37.0,False,44340.0,2024-12-20 17:22:16,316.0,110.276,37.0,False,0,0.0,False,0,0,6,0,0,0,0,0,0,1,0,0,0,0,0,0,6,0,0.0,0,0.0,-0.0,-0.0,110.276,37.0,0,0,0,-0.0,4,MOBILE_DEEP_CYCLE,STATEFUL_WATCH_LARGE_GAP_OR_CENSORED,WINDOW_LARGE_GAP_AMBIGUOUS,ACTION_MONITOR_NEXT_WINDOW,low,7,large_gap_or_censored_dominant,large_gap_dominant,days_eff=110 days_any=110 cyc_eff=37 hq_nr=0 total_nr=0 cens=0 lg_opp=6 opp=7 norm_anom=-0.00 conf_p=1 micro_only=False cluster=MOBILE_DEEP_CYCLE,No user-facing action; monitoring.,Ambiguous/weak evidence (110d since effective change); monitor next window.,,False,False,False,True,False,False,False,False,0,2026-06-08T10:02:59Z,rolling30-v2.0,30,1,abs_ge_50mWh
KIRRO-ALLOYSIT7_Kirro,2026-05-28,2026-04-28 23:59:59.999999999,2026-05-28 23:59:59.999999999,512,29.481,0.5,3.139,141.647,21,5,4,0,0,0,0,False,WINDOW_QUALITY_OK,292.0,305.0,13.0,13.229,0.5715,0.2571,0.4285,6.0,100.0,94.0,39.55,96.0,100.0,0.0032,0.0048,0.7036,0.65,0.4709,87,177,44,43400.0,45970.0,43290.0,46030.0,2740.0,16,3,2740.0,2026-05-19 08:08:50,300.0,78.77,83.43,0,2,0,0,2,0,2,0,0,2,0,2,0,0,2,0.0,0,0,0,,0.0,,,0.0,0,0,0,,0.0,,2026-05-28 23:59:59.999999999,2024-12-11 21:10:39,2026-05-28 13:58:09,533.118,True,46030.0,2026-05-19 08:08:50,300.0,9.661,5.0,True,45970.0,2026-05-27 10:53:12,305.0,1.546,0.0,True,5,20.0,True,0,0,1,0,0,0,0,0,0,1,0,0,0,0,0,0,1,0,0.0,0,0.0,-0.0,-0.0,9.661,5.0,0,0,0,-0.0,4,MOBILE_DEEP_CYCLE,STATEFUL_WATCH_LARGE_GAP_OR_CENSORED,WINDOW_NORMAL_RESPONDING,ACTION_MONITOR_NEXT_WINDOW,low,7,large_gap_or_censored_dominant,micro_wobble;large_gap_dominant,days_eff=10 days_any=2 cyc_eff=5 hq_nr=0 total_nr=0 cens=0 lg_opp=1 opp=2 norm_anom=-0.00 conf_p=1 micro_only=True cluster=MOBILE_DEEP_CYCLE,No user-facing action; monitoring.,Ambiguous/weak evidence (9d since effective change); monitor next window.,,False,False,True,True,False,False,False,False,0,2026-06-08T10:02:59Z,rolling30-v2.0,30,1,abs_ge_50mWh
KIWAO-PF4KXHHL_kiwao,2024-02-01,2024-01-02 23:59:59.999999999,2024-02-01 23:59:59.999999999,403,28.895,0.5,2.405,99.372,17,16,4,0,0,0,0,False,WINDOW_QUALITY_OK,8.0,10.0,2.0,2.076,0.78,0.0983,0.22,71.0,100.0,29.0,91.0,99.0,100.0,0.0,0.0,0.9824,0.9602,0.7499,88,105,44,50910.0,50890.0,50890.0,50910.0,20.0,2,0,0.0,,,98.84,98.8,0,0,0,0,0,0,0,0,0,0,0,0,0,0,0,0.0,0,0,0,,0.0,,,0.0,0,0,0,,0.0,,2024-02-01 23:59:59.999999999,2023-09-14 16:12:50,2024-02-01 19:07:33,140.324,True,50970.0,2023-10-02 12:25:18,3.0,122.482,7.0,False,50890.0,2024-01-29 08:40:12,10.0,3.639,0.0,True,7,20.0,True,0,0,0,0,0,0,0,0,0,0,0,0,0,0,0,0,0,0,0.0,0,0.0,-0.0,-0.0,122.482,7.0,0,0,0,-0.0,5,AC_BOUND,STATEFUL_GAUGE_SOFT_CALIBRATION_EFFECTIVE_ONLY,WINDOW_MICRO_WOBBLE_ONLY,ACTION_SOFT_CALIBRATION_PROMPT,medium,5,micro_wobble_only_no_effective_relearn,gauge_like;micro_wobble,days_eff=122 days_any=4 cyc_eff=7 hq_nr=0 total_nr=0 cens=0 lg_opp=0 opp=0 norm_anom=-0.00 conf_p=1 micro_only=True cluster=AC_BOUND,A full charge/discharge cycle may help the gauge recalibrate (low priority).,Soft calibration prompt: micro-wobbles present but no meaningful FCC relearning step under the effective threshold for 122d. Not a hard gauge reset target.,,False,True,True,False,False,False,False,False,0,2026-06-08T10:02:59Z,rolling30-v2.0,30,1,abs_ge_50mWh
KIWAO_kiwao,2026-03-23,2026-02-21 23:59:59.999999999,2026-03-23 23:59:59.999999999,16,27.002,0.5,267.802,379.765,4,4,2,0,0,0,0,False,WINDOW_QUALITY_SHORT_OBS,10.0,11.0,1.0,1.111,0.5202,0.5202,0.4798,81.0,100.0,19.0,81.0,88.0,98.5,0.0,0.0,1.0,0.2088,0.0489,3,3,2,58010.0,58000.0,58000.0,58010.0,10.0,1,0,0.0,,,100.02,100.0,0,0,0,0,0,0,0,0,0,0,0,0,0,0,0,0.0,0,0,0,,0.0,,,0.0,0,0,0,,0.0,,2026-03-23 23:59:59.999999999,2026-01-06 09:46:39,2026-03-23 10:30:48,76.593,True,58030.0,2026-01-06 09:46:39,4.0,76.593,7.0,False,58000.0,2026-02-24 10:44:07,11.0,27.553,0.0,True,3,10.0,True,0,0,0,0,0,0,0,0,0,0,0,0,0,0,0,0,0,0,0.0,0,0.0,-0.0,-0.0,76.593,7.0,0,0,0,-0.0,-1,SPARSE_OR_GAPPY,STATEFUL_REVIEW_DATA_QUALITY,WINDOW_DATA_QUALITY_REVIEW,ACTION_COLLECT_MORE_DATA_OR_MANUAL_REVIEW,low,1,data_quality_or_history_review,micro_wobble,days_eff=77 days_any=28 cyc_eff=7 hq_nr=0 total_nr=0 cens=0 lg_opp=0 opp=0 norm_anom=-0.00 conf_p=1 micro_only=True cluster=SPARSE_OR_GAPPY,No user-facing action; collecting more data.,Data-quality/history review outranks action (would_have_been=NONE). Collect more data or manual review.,NONE,False,False,True,False,False,False,True,False,0,2026-06-08T10:02:59Z,rolling30-v2.0,30,1,abs_ge_50mWh
KKITTS-PF58LF52_kkitts,2026-05-27,2026-04-27 23:59:59.999999999,2026-05-27 23:59:59.999999999,122,28.909,0.394,18.473,282.752,12,10,4,0,0,0,0,False,WINDOW_QUALITY_OK,44.0,47.0,3.0,3.113,0.1901,0.1532,0.8099,0.0,100.0,100.0,26.05,78.5,100.0,0.0344,0.0427,0.3928,0.1542,0.1271,27,29,14,57060.0,57190.0,56460.0,57190.0,730.0,4,2,730.0,2026-05-19 09:08:58,47.0,100.11,100.33,0,1,0,0,1,0,0,0,0,0,0,0,0,0,0,0.0,0,0,0,,0.0,,,0.0,0,0,0,,0.0,,2026-05-27 23:59:59.999999999,2025-04-22 10:04:58,2026-05-27 09:52:09,400.58,True,57190.0,2026-05-19 09:08:58,47.0,8.619,0.0,True,57190.0,2026-05-19 09:08:58,47.0,8.619,0.0,True,0,0.0,False,0,0,0,0,0,0,0,0,0,0,0,0,0,0,0,0,0,0,0.0,0,0.0,-0.0,-0.0,8.619,0.0,0,0,0,-0.0,4,MOBILE_DEEP_CYCLE,STATEFUL_NORMAL_RESPONDING,WINDOW_NORMAL_RESPONDING,ACTION_NONE,high,9,responding_or_no_concern,,days_eff=9 days_any=9 cyc_eff=0 hq_nr=0 total_nr=0 cens=0 lg_opp=0 opp=0 norm_anom=-0.00 conf_p=1 micro_only=False cluster=MOBILE_DEEP_CYCLE,No action needed.,Responding normally; no concern.,,False,False,False,False,False,False,False,False,0,2026-06-08T10:02:59Z,rolling30-v2.0,30,1,abs_ge_50mWh
KMAKI-PF45ET63_kmaki,2024-08-14,2024-07-15 23:59:59.999999999,2024-08-14 23:59:59.999999999,716,29.609,0.5,2.119,121.374,22,9,2,0,0,0,0,False,WINDOW_QUALITY_OK,72.0,89.0,17.0,17.225,0.6433,0.2006,0.3567,23.0,100.0,77.0,50.0,94.0,100.0,0.0,0.0,0.7487,0.6071,0.4957,203,260,102,57570.0,57570.0,57570.0,57570.0,0.0,0,0,0.0,,,101.0,101.0,0,0,0,0,0,0,0,0,0,0,0,0,0,0,0,0.0,0,0,0,,0.0,,,0.0,0,0,0,,0.0,,2024-08-14 23:59:59.999999999,2024-04-04 18:48:20,2024-08-14 23:50:27,132.216,True,57570.0,2024-04-04 18:48:20,3.0,132.216,86.0,False,57570.0,2024-04-04 18:48:20,3.0,132.216,86.0,False,0,0.0,False,3,10,3,3,10,13,0,0,4,1,0,4,4,0,3,0,3,0,4.9739,0,-6.31853,2.7441,2.7441,132.216,86.0,13,4,0,2.7441,4,MOBILE_DEEP_CYCLE,STATEFUL_FW_CHECK_CORE,WINDOW_INSUFFICIENT_LEARNING_OPPORTUNITY,ACTION_FW_VERSION_CHECK_CORE,high,2,high_quality_no_response_with_long_effective_staleness,fw_like,days_eff=132 days_any=132 cyc_eff=86 hq_nr=3 total_nr=13 cens=0 lg_opp=3 opp=21 norm_anom=2.74 conf_p=1 micro_only=False cluster=MOBILE_DEEP_CYCLE,No user-facing action; engineering FW review queued.,"Prioritize BIOS/EC/battery-FW version and update review: 3 high-quality discharge+recharge learning opportunities since the last effective FCC change (132d ago) produced no FCC relearning step (3 high-quality + 0 strict-band no_response confirmations). Candidate, not a confirmed FW fault.",,True,False,False,False,False,False,False,False,0,2026-06-08T10:02:59Z,rolling30-v2.0,30,1,abs_ge_50mWh
KMAKI-PF4WSHXN_kmaki,2025-10-08,2025-09-08 23:59:59.999999999,2025-10-08 23:59:59.999999999,28,27.675,0.497,136.537,297.151,6,4,4,0,0,0,0,False,WINDOW_QUALITY_SPARSE,191.0,192.0,1.0,1.084,0.354,0.354,0.646,1.0,100.0,99.0,1.0,46.0,99.65,0.0269,0.0662,0.2815,0.0527,0.0527,5,5,3,50810.0,50800.0,50800.0,50810.0,10.0,1,0,0.0,,,89.09,89.08,0,1,0,0,1,0,1,0,0,1,0,1,0,0,1,0.0,0,0,0,,0.0,,,0.0,0,0,0,,0.0,,2025-10-08 23:59:59.999999999,2024-10-18 16:16:38,2025-10-08 20:48:35,355.322,True,51020.0,2025-07-22 21:41:37,173.0,78.096,19.0,False,50800.0,2025-09-22 03:32:29,192.0,16.852,0.0,True,19,20.0,True,1,2,1,1,2,3,0,0,0,2,0,0,0,0,1,0,1,0,1.0901,0,-1.36655,0.5935,0.5935,78.096,19.0,3,0,0,0.5935,-1,SPARSE_OR_GAPPY,STATEFUL_REVIEW_DATA_QUALITY,WINDOW_DATA_QUALITY_REVIEW,ACTION_COLLECT_MORE_DATA_OR_MANUAL_REVIEW,low,1,data_quality_or_history_review,fw_like;micro_wobble,days_eff=78 days_any=17 cyc_eff=19 hq_nr=1 total_nr=3 cens=0 lg_opp=1 opp=6 norm_anom=0.59 conf_p=1 micro_only=True cluster=SPARSE_OR_GAPPY,No user-facing action; collecting more data.,Data-quality/history review outranks action (would_have_been=FW_WATCH_LIKE). Collect more data or manual review.,FW_WATCH_LIKE,True,False,True,False,False,False,True,False,0,2026-06-08T10:02:59Z,rolling30-v2.0,30,1,abs_ge_50mWh
KMORIGUCHI-SY92_kmoriguchi,2026-05-27,2026-04-27 23:59:59.999999999,2026-05-27 23:59:59.999999999,61,29.312,0.5,69.421,262.436,7,6,5,0,0,0,0,False,WINDOW_QUALITY_SPARSE,107.0,107.0,0.0,0.0,0.7993,0.1729,0.2007,95.0,100.0,5.0,95.0,98.0,100.0,0.0,0.0,1.0,1.0,0.8783,8,14,4,58380.0,58380.0,58380.0,58380.0,0.0,0,0,0.0,,,102.33,102.33,0,0,0,0,0,0,0,0,0,0,0,0,0,0,0,0.0,0,0,0,,0.0,,,0.0,0,0,0,,0.0,,2026-05-27 23:59:59.999999999,2023-04-20 12:02:06,2026-05-27 13:52:29,1133.499,True,58380.0,2025-04-24 17:41:37,100.0,398.263,7.0,False,58380.0,2025-04-24 17:41:37,100.0,398.263,7.0,False,0,0.0,False,0,0,0,0,0,0,0,0,0,0,0,0,0,0,0,0,0,0,0.0,0,0.0,-0.0,-0.0,398.263,7.0,0,0,0,-0.0,-1,SPARSE_OR_GAPPY,STATEFUL_REVIEW_DATA_QUALITY,WINDOW_DATA_QUALITY_REVIEW,ACTION_COLLECT_MORE_DATA_OR_MANUAL_REVIEW,low,1,data_quality_or_history_review,,days_eff=398 days_any=398 cyc_eff=7 hq_nr=0 total_nr=0 cens=0 lg_opp=0 opp=0 norm_anom=-0.00 conf_p=1 micro_only=False cluster=SPARSE_OR_GAPPY,No user-facing action; collecting more data.,Data-quality/history review outranks action (would_have_been=NONE). Collect more data or manual review.,NONE,False,False,False,False,False,False,True,False,0,2026-06-08T10:02:59Z,rolling30-v2.0,30,1,abs_ge_50mWh
KSAMBDMA-62KJHP_ksambdma,2026-05-28,2026-04-28 23:59:59.999999999,2026-05-28 23:59:59.999999999,263,29.274,0.509,13.437,183.576,16,15,4,0,0,0,0,False,WINDOW_QUALITY_OK,9.0,10.0,1.0,1.025,0.8943,0.0369,0.1057,89.0,100.0,11.0,95.0,97.0,100.0,0.0,0.0,1.0,0.997,0.8506,12,22,6,74930.0,74920.0,74920.0,74930.0,10.0,1,0,0.0,,,99.91,99.89,0,0,0,0,0,0,0,0,0,0,0,0,0,0,0,0.0,0,0,0,,0.0,,,0.0,0,0,0,,0.0,,2026-05-28 23:59:59.999999999,2026-01-15 11:06:01,2026-05-28 13:36:27,133.537,True,75010.0,2026-01-15 11:06:01,0.0,133.537,10.0,False,74920.0,2026-05-20 09:22:19,10.0,8.61,0.0,True,8,20.0,True,0,0,0,0,0,0,0,0,0,0,0,0,0,0,0,0,0,0,0.0,0,0.0,-0.0,-0.0,133.537,10.0,0,0,0,-0.0,5,AC_BOUND,STATEFUL_GAUGE_SOFT_CALIBRATION_EFFECTIVE_ONLY,WINDOW_MICRO_WOBBLE_ONLY,ACTION_SOFT_CALIBRATION_PROMPT,medium,5,micro_wobble_only_no_effective_relearn,gauge_like;micro_wobble,days_eff=134 days_any=9 cyc_eff=10 hq_nr=0 total_nr=0 cens=0 lg_opp=0 opp=0 norm_anom=-0.00 conf_p=1 micro_only=True cluster=AC_BOUND,A full charge/discharge cycle may help the gauge recalibrate (low priority).,Soft calibration prompt: micro-wobbles present but no meaningful FCC relearning step under the effective threshold for 133d. Not a hard gauge reset target.,,False,True,True,False,False,False,False,False,0,2026-06-08T10:02:59Z,rolling30-v2.0,30,1,abs_ge_50mWh
KSERDAR-W0A2BP3_kserdar,2026-05-28,2026-04-28 23:59:59.999999999,2026-05-28 23:59:59.999999999,446,29.087,0.5,10.098,48.925,24,20,5,0,0,0,0,False,WINDOW_QUALITY_OK,206.0,216.0,10.0,10.314,0.6882,0.1641,0.3118,23.0,100.0,77.0,48.5,99.5,100.0,0.0,0.0,0.7854,0.6891,0.6185,51,85,26,50950.0,45330.0,45330.0,51450.0,6120.0,22,12,2210.0,2026-05-28 10:32:36,216.0,89.39,79.53,0,0,0,0,0,0,0,0,0,0,0,0,0,0,0,0.0,0,0,0,,0.0,,,0.0,0,0,0,,0.0,,2026-05-28 23:59:59.999999999,2024-03-21 10:42:46,2026-05-28 11:02:36,798.554,True,45330.0,2026-05-28 10:32:36,216.0,0.561,0.0,True,45330.0,2026-05-28 10:32:36,216.0,0.561,0.0,True,0,0.0,False,0,0,0,0,0,0,0,0,0,0,0,0,0,0,0,0,0,0,0.0,0,0.0,-0.0,-0.0,0.561,0.0,0,0,0,-0.0,5,AC_BOUND,STATEFUL_NORMAL_RESPONDING,WINDOW_NORMAL_RESPONDING,ACTION_NONE,high,9,responding_or_no_concern,,days_eff=1 days_any=1 cyc_eff=0 hq_nr=0 total_nr=0 cens=0 lg_opp=0 opp=0 norm_anom=-0.00 conf_p=1 micro_only=False cluster=AC_BOUND,No action needed.,Responding normally; no concern.,,False,False,False,False,False,False,False,False,0,2026-06-08T10:02:59Z,rolling30-v2.0,30,1,abs_ge_50mWh
KSHIBATAX3Y83N9_KSHIBATA,2025-10-01,2025-09-01 23:59:59.999999999,2025-10-01 23:59:59.999999999,21,29.295,0.461,176.337,221.643,4,4,4,0,0,0,0,False,WINDOW_QUALITY_SPARSE,265.0,266.0,1.0,1.024,0.4049,0.3699,0.5951,2.0,100.0,98.0,2.0,58.0,100.0,0.1151,0.1151,0.2252,0.2252,0.2252,6,6,3,57570.0,57570.0,57570.0,57570.0,0.0,0,0,0.0,,,101.0,101.0,0,0,0,0,0,0,0,0,0,0,0,0,0,0,0,0.0,0,0,0,,0.0,,,0.0,0,0,0,,0.0,,2025-10-01 23:59:59.999999999,2023-02-03 18:14:24,2025-10-01 16:24:11,971.24,True,57570.0,2023-02-03 18:14:24,16.0,971.24,250.0,False,57570.0,2023-02-03 18:14:24,16.0,971.24,250.0,False,0,0.0,False,13,20,24,13,20,33,0,2,12,19,2,12,14,0,13,0,24,0,12.0977,0,-15.17425,6.5901,6.5901,971.24,250.0,33,14,0,6.5901,-1,SPARSE_OR_GAPPY,STATEFUL_REVIEW_DATA_QUALITY,WINDOW_DATA_QUALITY_REVIEW,ACTION_COLLECT_MORE_DATA_OR_MANUAL_REVIEW,low,1,data_quality_or_history_review,fw_like,days_eff=971 days_any=971 cyc_eff=250 hq_nr=13 total_nr=33 cens=0 lg_opp=24 opp=90 norm_anom=6.59 conf_p=1 micro_only=False cluster=SPARSE_OR_GAPPY,No user-facing action; collecting more data.,Data-quality/history review outranks action (would_have_been=FW_CORE_LIKE). Collect more data or manual review.,FW_CORE_LIKE,True,False,False,False,False,False,True,False,0,2026-06-08T10:02:59Z,rolling30-v2.0,30,1,abs_ge_50mWh
KSHIBAYAMA-TB38_kshibayama,2024-08-21,2024-07-22 23:59:59.999999999,2024-08-21 23:59:59.999999999,518,28.992,0.5,2.488,73.652,21,6,5,0,0,0,0,False,WINDOW_QUALITY_OK,90.0,96.0,6.0,6.209,0.6584,0.1174,0.3416,26.0,100.0,74.0,44.85,97.0,100.0,0.0,0.0,0.8278,0.7455,0.54,80,100,41,55370.0,55280.0,55280.0,55370.0,90.0,7,0,0.0,,,97.09,96.93,0,0,0,0,0,0,0,0,0,0,0,0,0,0,0,0.0,0,0,0,,0.0,,,0.0,0,0,0,,0.0,,2024-08-21 23:59:59.999999999,2023-12-19 16:33:39,2024-08-21 09:01:34,246.31,True,55420.0,2024-07-12 14:37:50,88.0,40.39,8.0,True,55280.0,2024-08-20 15:48:59,96.0,1.341,0.0,True,11,20.0,True,0,0,0,0,0,0,0,0,0,0,0,0,0,0,0,0,0,0,0.0,0,0.0,-0.0,-0.0,40.39,8.0,0,0,0,-0.0,5,AC_BOUND,STATEFUL_NORMAL_RESPONDING,WINDOW_MICRO_WOBBLE_ONLY,ACTION_NONE,high,9,responding_or_no_concern,micro_wobble,days_eff=40 days_any=1 cyc_eff=8 hq_nr=0 total_nr=0 cens=0 lg_opp=0 opp=0 norm_anom=-0.00 conf_p=1 micro_only=True cluster=AC_BOUND,No action needed.,Responding normally; no concern.,,False,False,True,False,False,False,False,False,0,2026-06-08T10:02:59Z,rolling30-v2.0,30,1,abs_ge_50mWh
KTAKEDA5-3ZPVTQ_ktakeda5,2024-03-25,2024-02-24 23:59:59.999999999,2024-03-25 23:59:59.999999999,516,28.172,0.5,5.335,69.775,25,10,5,0,0,0,0,False,WINDOW_QUALITY_OK,43.0,45.0,2.0,2.13,0.8582,0.0399,0.1418,57.0,100.0,43.0,94.0,99.0,100.0,0.0,0.0,0.9869,0.9705,0.952,50,66,25,49990.0,49990.0,49990.0,49990.0,0.0,0,0,0.0,,,87.62,87.62,0,0,0,0,0,0,0,0,0,0,0,0,0,0,0,0.0,0,0,0,,0.0,,,0.0,0,0,0,,0.0,,2024-03-25 23:59:59.999999999,2023-02-09 01:22:17,2024-03-25 14:39:45,410.943,True,49990.0,2023-08-21 14:12:15,30.0,217.408,15.0,False,49990.0,2023-08-21 14:12:15,30.0,217.408,15.0,False,0,0.0,False,0,0,6,0,0,0,0,0,0,4,0,0,0,0,0,0,6,0,0.0,0,0.0,-0.0,-0.0,217.408,15.0,0,0,0,-0.0,5,AC_BOUND,STATEFUL_GAUGE_REVIEW,WINDOW_INSUFFICIENT_LEARNING_OPPORTUNITY,ACTION_COLLECT_MORE_DATA_OR_MANUAL_REVIEW,low,6,gauge_like_but_large_gap_ambiguity,gauge_like;large_gap_dominant,days_eff=217 days_any=217 cyc_eff=15 hq_nr=0 total_nr=0 cens=0 lg_opp=6 opp=10 norm_anom=-0.00 conf_p=1 micro_only=False cluster=AC_BOUND,No user-facing action; under review.,Gauge-like staleness (217d) but large-gap opportunities prevent a firm no-opportunity conclusion. Manual/engineering review.,GAUGE_SOFT_OR_REVIEW_LIKE,False,True,False,True,False,False,False,False,0,2026-06-08T10:02:59Z,rolling30-v2.0,30,1,abs_ge_50mWh
KTATE2-PW0A2BTJ_ktate2,2025-05-06,2025-04-06 23:59:59.999999999,2025-05-06 23:59:59.999999999,474,29.31,0.5,5.927,67.443,24,17,4,0,0,0,0,False,WINDOW_QUALITY_OK,99.0,105.0,6.0,6.141,0.7507,0.1272,0.2493,6.0,100.0,94.0,37.65,99.0,100.0,0.0109,0.026,0.8753,0.8318,0.7359,66,89,33,55310.0,53290.0,53290.0,55310.0,2020.0,7,1,1810.0,2025-04-15 17:42:26,101.0,96.75,93.21,0,4,0,0,4,0,2,0,0,2,0,2,0,0,2,0.0,0,0,0,,0.0,,,0.0,0,0,0,,0.0,,2025-05-06 23:59:59.999999999,2024-03-26 16:12:55,2025-05-06 16:15:01,406.324,True,53430.0,2025-04-15 17:42:26,101.0,21.262,4.0,True,53290.0,2025-05-03 14:30:35,105.0,3.395,0.0,True,4,40.0,True,0,1,2,0,1,1,0,0,1,0,0,1,1,0,0,0,2,0,0.4303,0,-0.56269,0.2444,0.2444,21.262,4.0,1,1,0,0.2444,4,MOBILE_DEEP_CYCLE,STATEFUL_WATCH_LARGE_GAP_OR_CENSORED,WINDOW_NORMAL_RESPONDING,ACTION_MONITOR_NEXT_WINDOW,low,7,large_gap_or_censored_dominant,fw_like;micro_wobble;large_gap_dominant,days_eff=21 days_any=3 cyc_eff=4 hq_nr=0 total_nr=1 cens=0 lg_opp=2 opp=4 norm_anom=0.24 conf_p=1 micro_only=True cluster=MOBILE_DEEP_CYCLE,No user-facing action; monitoring.,Ambiguous/weak evidence (21d since effective change); monitor next window.,,True,False,True,True,False,False,False,False,0,2026-06-08T10:02:59Z,rolling30-v2.0,30,1,abs_ge_50mWh
KURADA-32000014_kurada,2025-07-09,2025-06-09 23:59:59.999999999,2025-07-09 23:59:59.999999999,269,14.799,0.5,0.722,62.99,11,11,2,0,0,0,0,False,WINDOW_QUALITY_OK,2.0,2.0,0.0,0.0,0.979,0.0449,0.021,84.0,100.0,16.0,95.0,99.0,100.0,0.0,0.0,1.0,0.9944,0.8924,16,20,8,90010.0,90010.0,90010.0,90010.0,0.0,0,0,0.0,,,100.01,100.01,0,0,0,0,0,0,0,0,0,0,0,0,0,0,0,0.0,0,0,0,,0.0,,,0.0,0,0,0,,0.0,,2025-07-09 23:59:59.999999999,2025-06-24 13:53:37,2025-07-09 09:03:57,15.421,False,90010.0,2025-06-24 13:53:37,2.0,15.421,0.0,False,90010.0,2025-06-24 13:53:37,2.0,15.421,0.0,False,0,0.0,False,0,0,0,0,0,0,0,0,0,0,0,0,0,0,0,0,0,0,0.0,0,0.0,-0.0,-0.0,15.421,0.0,0,0,0,-0.0,5,AC_BOUND,STATEFUL_REVIEW_DATA_QUALITY,WINDOW_INSUFFICIENT_LEARNING_OPPORTUNITY,ACTION_COLLECT_MORE_DATA_OR_MANUAL_REVIEW,low,1,data_quality_or_history_review,,days_eff=15 days_any=15 cyc_eff=0 hq_nr=0 total_nr=0 cens=0 lg_opp=0 opp=0 norm_anom=-0.00 conf_p=1 micro_only=False cluster=AC_BOUND,No user-facing action; collecting more data.,Data-quality/history review outranks action (would_have_been=NONE). Collect more data or manual review.,NONE,False,False,False,False,False,True,False,False,0,2026-06-08T10:02:59Z,rolling30-v2.0,30,1,abs_ge_50mWh
KURADA-3_kurada,2024-03-08,2024-02-07 23:59:59.999999999,2024-03-08 23:59:59.999999999,576,29.455,0.5,0.5,86.892,19,11,4,0,0,0,0,False,WINDOW_QUALITY_OK,6.0,7.0,1.0,1.019,0.973,0.021,0.027,83.0,100.0,17.0,95.0,98.0,100.0,0.0,0.0,1.0,0.9977,0.8595,44,55,22,43410.0,43390.0,43360.0,43410.0,50.0,2,1,50.0,2024-02-08 13:14:31,6.0,102.82,102.77,0,0,0,0,0,0,0,0,0,0,0,0,0,0,0,0.0,0,0,0,,0.0,,,0.0,0,0,0,,0.0,,2024-03-08 23:59:59.999999999,2024-01-18 09:15:18,2024-03-08 19:14:05,50.614,False,43360.0,2024-02-08 13:14:31,6.0,29.448,1.0,False,43390.0,2024-02-09 13:47:45,6.0,28.425,1.0,False,1,30.0,True,0,0,0,0,0,0,0,0,0,0,0,0,0,0,0,0,0,0,0.0,0,0.0,-0.0,-0.0,29.448,1.0,0,0,0,-0.0,5,AC_BOUND,STATEFUL_REVIEW_DATA_QUALITY,WINDOW_NORMAL_RESPONDING,ACTION_COLLECT_MORE_DATA_OR_MANUAL_REVIEW,low,1,data_quality_or_history_review,micro_wobble,days_eff=29 days_any=28 cyc_eff=1 hq_nr=0 total_nr=0 cens=0 lg_opp=0 opp=0 norm_anom=-0.00 conf_p=1 micro_only=True cluster=AC_BOUND,No user-facing action; collecting more data.,Data-quality/history review outranks action (would_have_been=NONE). Collect more data or manual review.,NONE,False,False,True,False,False,True,False,False,0,2026-06-08T10:02:59Z,rolling30-v2.0,30,1,abs_ge_50mWh
KURADA-4_kurada,2025-06-23,2025-05-24 23:59:59.999999999,2025-06-23 23:59:59.999999999,46,26.878,0.228,128.487,168.386,6,6,5,0,0,0,0,False,WINDOW_QUALITY_SPARSE,27.0,29.0,2.0,2.232,0.9125,0.3901,0.0875,60.0,100.0,40.0,63.5,95.0,100.0,0.0,0.0,0.7801,0.7429,0.6876,8,15,4,42550.0,42550.0,42550.0,42550.0,0.0,0,0,0.0,,,100.78,100.78,0,0,0,0,0,0,0,0,0,0,0,0,0,0,0,0.0,0,0,0,,0.0,,,0.0,0,0,0,,0.0,,2025-06-23 23:59:59.999999999,2024-03-15 10:10:06,2025-06-23 08:36:41,465.576,True,42550.0,2024-06-21 18:03:54,9.0,367.247,20.0,False,42550.0,2024-06-21 18:03:54,9.0,367.247,20.0,False,0,0.0,False,0,0,0,0,0,0,0,0,0,0,0,0,0,0,0,0,0,0,0.0,0,0.0,-0.0,-0.0,367.247,20.0,0,0,0,-0.0,-1,SPARSE_OR_GAPPY,STATEFUL_REVIEW_DATA_QUALITY,WINDOW_DATA_QUALITY_REVIEW,ACTION_COLLECT_MORE_DATA_OR_MANUAL_REVIEW,low,1,data_quality_or_history_review,,days_eff=367 days_any=367 cyc_eff=20 hq_nr=0 total_nr=0 cens=0 lg_opp=0 opp=0 norm_anom=-0.00 conf_p=1 micro_only=False cluster=SPARSE_OR_GAPPY,No user-facing action; collecting more data.,Data-quality/history review outranks action (would_have_been=NONE). Collect more data or manual review.,NONE,False,False,False,False,False,False,True,False,0,2026-06-08T10:02:59Z,rolling30-v2.0,30,1,abs_ge_50mWh
KWATAMURA-BLXLJ_kwatamura,2024-10-10,2024-09-10 23:59:59.999999999,2024-10-10 23:59:59.999999999,474,29.174,0.497,5.713,82.892,22,15,5,0,0,0,0,False,WINDOW_QUALITY_OK,687.0,702.0,15.0,15.425,0.4551,0.1677,0.5449,4.0,100.0,96.0,24.0,91.0,100.0,0.0111,0.0218,0.604,0.5132,0.435,90,121,45,39070.0,36540.0,36540.0,40860.0,4320.0,43,31,2440.0,2024-10-10 13:53:44,702.0,76.61,71.65,0,4,0,0,4,0,3,0,0,3,0,1,0,0,1,0.0,0,0,0,,0.0,,,0.0,0,0,0,,0.0,,2024-10-10 23:59:59.999999999,2023-02-06 12:33:21,2024-10-10 13:53:51,612.477,True,36540.0,2024-10-10 13:53:44,702.0,0.421,0.0,True,36540.0,2024-10-10 13:53:44,702.0,0.421,0.0,True,0,0.0,False,0,0,0,0,0,0,0,0,0,0,0,0,0,0,0,0,0,0,0.0,0,0.0,-0.0,-0.0,0.421,0.0,0,0,0,-0.0,4,MOBILE_DEEP_CYCLE,STATEFUL_NORMAL_RESPONDING,WINDOW_NORMAL_RESPONDING,ACTION_NONE,high,9,responding_or_no_concern,,days_eff=0 days_any=0 cyc_eff=0 hq_nr=0 total_nr=0 cens=0 lg_opp=0 opp=0 norm_anom=-0.00 conf_p=1 micro_only=False cluster=MOBILE_DEEP_CYCLE,No action needed.,Responding normally; no concern.,,False,False,False,False,False,False,False,False,0,2026-06-08T10:02:59Z,rolling30-v2.0,30,1,abs_ge_50mWh
L13G4-A-CGBETA_cgridley,2024-08-01,2024-07-02 23:59:59.999999999,2024-08-01 23:59:59.999999999,49,6.1,0.489,13.803,59.938,3,3,2,0,0,0,0,False,WINDOW_QUALITY_SHORT_OBS,34.0,35.0,1.0,4.918,0.4471,0.2236,0.5529,0.0,100.0,100.0,0.0,92.0,100.0,0.0176,0.0176,0.8044,0.6984,0.572,12,17,6,44980.0,44940.0,44500.0,45000.0,500.0,5,4,430.0,2024-08-01 11:19:13,35.0,97.78,97.7,0,1,0,0,1,0,1,0,0,1,0,1,0,0,1,0.0,0,0,0,,0.0,,,0.0,0,0,0,,0.0,,2024-08-01 23:59:59.999999999,2023-03-17 00:43:19,2024-08-01 11:19:13,503.97,True,44940.0,2024-08-01 11:19:13,35.0,0.528,0.0,True,44940.0,2024-08-01 11:19:13,35.0,0.528,0.0,True,0,0.0,False,0,0,0,0,0,0,0,0,0,0,0,0,0,0,0,0,0,0,0.0,0,0.0,-0.0,-0.0,0.528,0.0,0,0,0,-0.0,-1,SPARSE_OR_GAPPY,STATEFUL_REVIEW_DATA_QUALITY,WINDOW_DATA_QUALITY_REVIEW,ACTION_COLLECT_MORE_DATA_OR_MANUAL_REVIEW,low,1,data_quality_or_history_review,,days_eff=1 days_any=1 cyc_eff=0 hq_nr=0 total_nr=0 cens=0 lg_opp=0 opp=0 norm_anom=-0.00 conf_p=1 micro_only=False cluster=SPARSE_OR_GAPPY,No user-facing action; collecting more data.,Data-quality/history review outranks action (would_have_been=NONE). Collect more data or manual review.,NONE,False,False,False,False,False,False,True,False,0,2026-06-08T10:02:59Z,rolling30-v2.0,30,1,abs_ge_50mWh
L13_jboxer,2025-07-09,2025-06-09 23:59:59.999999999,2025-07-09 23:59:59.999999999,6,0.017,0.018,0.281,0.343,0,0,0,0,0,0,0,False,WINDOW_QUALITY_SHORT_OBS,59.0,59.0,0.0,0.0,1.0,1.0,0.0,1.0,25.0,24.0,1.0,2.0,21.25,0.9167,1.0,0.0,0.0,0.0,0,0,0,43770.0,43770.0,43770.0,43770.0,0.0,0,0,0.0,,,95.15,95.15,0,0,0,0,0,0,0,0,0,0,0,0,0,0,0,0.0,0,0,0,,0.0,,,0.0,0,0,0,,0.0,,2025-07-09 23:59:59.999999999,2023-04-28 15:12:43,2025-07-09 09:57:18,803.366,True,43770.0,2024-10-08 13:14:56,58.0,274.448,1.0,False,43770.0,2024-10-08 13:14:56,58.0,274.448,1.0,False,0,0.0,False,0,0,1,0,0,0,0,0,0,0,0,0,0,0,0,0,1,0,0.0,0,0.0,-0.0,-0.0,274.448,1.0,0,0,0,-0.0,-1,SPARSE_OR_GAPPY,STATEFUL_REVIEW_DATA_QUALITY,WINDOW_DATA_QUALITY_REVIEW,ACTION_COLLECT_MORE_DATA_OR_MANUAL_REVIEW,low,1,data_quality_or_history_review,large_gap_dominant,days_eff=274 days_any=274 cyc_eff=1 hq_nr=0 total_nr=0 cens=0 lg_opp=1 opp=1 norm_anom=-0.00 conf_p=1 micro_only=False cluster=SPARSE_OR_GAPPY,No user-facing action; collecting more data.,Data-quality/history review outranks action (would_have_been=NONE). Collect more data or manual review.,NONE,False,False,False,True,False,False,True,False,0,2026-06-08T10:02:59Z,rolling30-v2.0,30,1,abs_ge_50mWh
L14G5I_Richard,2024-06-27,2024-05-28 23:59:59.999999999,2024-06-27 23:59:59.999999999,304,29.094,0.5,16.004,62.595,22,21,7,0,0,0,0,False,WINDOW_QUALITY_OK,16.0,23.0,7.0,7.218,0.6143,0.5963,0.3857,34.0,100.0,66.0,41.15,100.0,100.0,0.0,0.0,0.6917,0.6434,0.6045,43,52,22,47480.0,47400.0,47400.0,47480.0,80.0,7,0,0.0,,,102.11,101.94,0,0,0,0,0,0,0,0,0,0,0,0,0,0,0,0.0,0,0,0,,0.0,,,0.0,0,0,0,,0.0,,2024-06-27 23:59:59.999999999,2024-03-18 14:12:26,2024-06-27 12:35:35,101.408,True,47640.0,2024-03-18 14:12:26,2.0,101.408,21.0,False,47400.0,2024-06-23 21:55:26,23.0,4.087,0.0,True,21,20.0,True,0,0,1,0,0,0,0,0,0,0,0,0,0,0,0,0,1,0,0.0,0,0.0,-0.0,-0.0,101.408,21.0,0,0,0,-0.0,1,AC_BOUND,STATEFUL_WATCH_LARGE_GAP_OR_CENSORED,WINDOW_MICRO_WOBBLE_ONLY,ACTION_MONITOR_NEXT_WINDOW,low,7,large_gap_or_censored_dominant,micro_wobble;large_gap_dominant,days_eff=101 days_any=4 cyc_eff=21 hq_nr=0 total_nr=0 cens=0 lg_opp=1 opp=1 norm_anom=-0.00 conf_p=1 micro_only=True cluster=AC_BOUND,No user-facing action; monitoring.,Ambiguous/weak evidence (101d since effective change); monitor next window.,,False,False,True,True,False,False,False,False,0,2026-06-08T10:02:59Z,rolling30-v2.0,30,1,abs_ge_50mWh
LALLURI-F5FS8HX_lalluri,2025-09-02,2025-08-03 23:59:59.999999999,2025-09-02 23:59:59.999999999,256,28.977,0.5,18.042,66.683,26,21,5,0,0,0,0,False,WINDOW_QUALITY_OK,33.0,43.0,10.0,10.353,0.3329,0.1442,0.6671,5.0,100.0,95.0,24.75,82.0,100.0,0.008,0.0309,0.4444,0.3274,0.2549,55,74,28,57660.0,57560.0,56970.0,57660.0,690.0,12,2,610.0,2025-08-28 07:42:08,42.0,101.16,100.98,1,3,1,0,4,0,2,0,0,2,0,2,0,0,2,0.4407,0,1,1,0.559302,0.2524,0.64517,0.64521,0.2835,0,1,1,0.716495,0.1448,0.65823,2025-09-02 23:59:59.999999999,2025-05-12 15:20:26,2025-09-02 09:08:32,113.361,True,57580.0,2025-08-28 07:42:08,42.0,5.679,1.0,True,57560.0,2025-08-28 12:02:33,43.0,5.498,0.0,True,1,20.0,True,0,0,1,0,0,0,0,0,0,1,0,0,0,0,0,0,1,0,0.0,0,0.0,-0.0,-0.0,5.679,1.0,0,0,0,-0.0,4,MOBILE_DEEP_CYCLE,STATEFUL_WATCH_LARGE_GAP_OR_CENSORED,WINDOW_NORMAL_RESPONDING,ACTION_MONITOR_NEXT_WINDOW,low,7,large_gap_or_censored_dominant,micro_wobble;large_gap_dominant,days_eff=6 days_any=5 cyc_eff=1 hq_nr=0 total_nr=0 cens=0 lg_opp=1 opp=2 norm_anom=-0.00 conf_p=0.645 micro_only=True cluster=MOBILE_DEEP_CYCLE,No user-facing action; monitoring.,Ambiguous/weak evidence (5d since effective change); monitor next window.,,False,False,True,True,False,False,False,False,0,2026-06-08T10:02:59Z,rolling30-v2.0,30,1,abs_ge_50mWh
LAPTOP-080TD3DG_HWPA,2024-07-03,2024-06-03 23:59:59.999999999,2024-07-03 23:59:59.999999999,130,28.824,0.5,1.86,451.98,5,5,4,0,0,0,0,False,WINDOW_QUALITY_OK,3.0,6.0,3.0,3.122,0.1564,0.1435,0.8319,3.0,100.0,97.0,10.45,54.0,94.55,0.0663,0.1845,0.0965,0.0456,0.0326,15,18,6,89340.0,91530.0,89320.0,91530.0,2210.0,3,1,2210.0,2024-06-12 16:53:57,5.0,99.26,101.69,0,1,0,0,1,0,0,0,0,0,0,0,0,0,0,0.0,0,0,0,,0.0,,,0.0,0,0,0,,0.0,,2024-07-03 23:59:59.999999999,2024-01-12 18:17:31,2024-07-03 13:51:00,173.238,True,91530.0,2024-06-12 16:53:57,5.0,21.296,1.0,True,91530.0,2024-06-12 16:53:57,5.0,21.296,1.0,True,0,0.0,False,0,0,0,0,0,0,0,0,0,0,0,0,0,0,0,0,0,0,0.0,0,0.0,-0.0,-0.0,21.296,1.0,0,0,0,-0.0,0,MOBILE_DEEP_CYCLE,STATEFUL_NORMAL_RESPONDING,WINDOW_NORMAL_RESPONDING,ACTION_NONE,high,9,responding_or_no_concern,,days_eff=21 days_any=21 cyc_eff=1 hq_nr=0 total_nr=0 cens=0 lg_opp=0 opp=0 norm_anom=-0.00 conf_p=1 micro_only=False cluster=MOBILE_DEEP_CYCLE,No action needed.,Responding normally; no concern.,,False,False,False,False,False,False,False,False,0,2026-06-08T10:02:59Z,rolling30-v2.0,30,1,abs_ge_50mWh
LAPTOP-0JJ03K9D_rgibson,2024-02-12,2024-01-13 23:59:59.999999999,2024-02-12 23:59:59.999999999,408,28.105,0.5,7.741,63.55,23,10,3,0,0,0,0,False,WINDOW_QUALITY_OK,12.0,13.0,1.0,1.067,0.9848,0.0058,0.0152,42.0,90.0,48.0,71.0,85.0,89.0,0.0,0.0,0.6519,0.0,0.0,10,12,5,92600.0,92590.0,92590.0,92600.0,10.0,1,0,0.0,,,102.88,102.87,0,0,0,0,0,0,0,0,0,0,0,0,0,0,0,0.0,0,0,0,,0.0,,,0.0,0,0,0,,0.0,,2024-02-12 23:59:59.999999999,2023-05-15 14:13:48,2024-02-12 14:20:57,273.407,True,92690.0,2023-05-15 14:13:48,2.0,273.407,11.0,False,92590.0,2024-02-06 14:58:23,13.0,6.376,0.0,True,10,10.0,True,0,0,3,0,0,0,0,0,0,2,0,0,0,0,0,0,3,0,0.0,0,0.0,-0.0,-0.0,273.407,11.0,0,0,0,-0.0,2,MOBILE_DEEP_CYCLE,STATEFUL_WATCH_LARGE_GAP_OR_CENSORED,WINDOW_MICRO_WOBBLE_ONLY,ACTION_MONITOR_NEXT_WINDOW,low,7,large_gap_or_censored_dominant,micro_wobble;large_gap_dominant,days_eff=273 days_any=6 cyc_eff=11 hq_nr=0 total_nr=0 cens=0 lg_opp=3 opp=5 norm_anom=-0.00 conf_p=1 micro_only=True cluster=MOBILE_DEEP_CYCLE,No user-facing action; monitoring.,Ambiguous/weak evidence (273d since effective change); monitor next window.,,False,False,True,True,False,False,False,False,0,2026-06-08T10:02:59Z,rolling30-v2.0,30,1,abs_ge_50mWh
LAPTOP-0NPD7G3O_Tsutomu_Chonan,2024-11-25,2024-10-26 23:59:59.999999999,2024-11-25 23:59:59.999999999,102,27.018,0.5,26.361,220.867,9,9,7,0,0,0,0,False,WINDOW_QUALITY_SPARSE,4.0,6.0,2.0,2.221,0.5959,0.1797,0.4041,57.0,100.0,43.0,74.0,99.0,100.0,0.0,0.0,0.9377,0.763,0.6317,24,33,12,54740.0,54720.0,54720.0,54740.0,20.0,2,0,0.0,,,95.98,95.95,0,0,0,0,0,0,0,0,0,0,0,0,0,0,0,0.0,0,0,0,,0.0,,,0.0,0,0,0,,0.0,,2024-11-25 23:59:59.999999999,2024-08-29 11:04:48,2024-11-25 09:36:25,88.538,True,54760.0,2024-10-24 13:41:01,3.0,32.43,3.0,True,54720.0,2024-11-20 18:04:57,6.0,5.247,0.0,True,3,20.0,True,0,0,0,0,0,0,0,0,0,0,0,0,0,0,0,0,0,0,0.0,0,0.0,-0.0,-0.0,32.43,3.0,0,0,0,-0.0,-1,SPARSE_OR_GAPPY,STATEFUL_REVIEW_DATA_QUALITY,WINDOW_DATA_QUALITY_REVIEW,ACTION_COLLECT_MORE_DATA_OR_MANUAL_REVIEW,low,1,data_quality_or_history_review,micro_wobble,days_eff=32 days_any=5 cyc_eff=3 hq_nr=0 total_nr=0 cens=0 lg_opp=0 opp=0 norm_anom=-0.00 conf_p=1 micro_only=True cluster=SPARSE_OR_GAPPY,No user-facing action; collecting more data.,Data-quality/history review outranks action (would_have_been=NONE). Collect more data or manual review.,NONE,False,False,True,False,False,False,True,False,0,2026-06-08T10:02:59Z,rolling30-v2.0,30,1,abs_ge_50mWh
LAPTOP-0P70H8T7_Naito,2024-09-18,2024-08-19 23:59:59.999999999,2024-09-18 23:59:59.999999999,181,29.355,0.5,17.875,50.403,34,25,5,0,0,0,0,False,WINDOW_QUALITY_OK,43.0,49.0,6.0,6.132,0.227,0.187,0.773,3.0,100.0,97.0,10.0,54.0,100.0,0.0314,0.0645,0.2955,0.184,0.1224,49,57,25,58210.0,52890.0,52890.0,58210.0,5320.0,4,2,5240.0,2024-09-15 20:17:07,49.0,102.07,92.74,0,2,0,0,2,0,2,0,0,2,0,2,0,0,2,0.0,0,0,0,,0.0,,,0.0,0,0,0,,0.0,,2024-09-18 23:59:59.999999999,2024-07-22 15:25:29,2024-09-18 11:37:44,58.357,False,52890.0,2024-09-15 20:17:07,49.0,3.155,0.0,False,52890.0,2024-09-15 20:17:07,49.0,3.155,0.0,False,0,0.0,False,0,0,0,0,0,0,0,0,0,0,0,0,0,0,0,0,0,0,0.0,0,0.0,-0.0,-0.0,3.155,0.0,0,0,0,-0.0,4,MOBILE_DEEP_CYCLE,STATEFUL_REVIEW_DATA_QUALITY,WINDOW_NORMAL_RESPONDING,ACTION_COLLECT_MORE_DATA_OR_MANUAL_REVIEW,low,1,data_quality_or_history_review,,days_eff=3 days_any=3 cyc_eff=0 hq_nr=0 total_nr=0 cens=0 lg_opp=0 opp=0 norm_anom=-0.00 conf_p=1 micro_only=False cluster=MOBILE_DEEP_CYCLE,No user-facing action; collecting more data.,Data-quality/history review outranks action (would_have_been=NONE). Collect more data or manual review.,NONE,False,False,False,False,False,True,False,False,0,2026-06-08T10:02:59Z,rolling30-v2.0,30,1,abs_ge_50mWh
LAPTOP-0S7K8PQH_Stan,2023-10-26,2023-09-26 23:59:59.999999999,2023-10-26 23:59:59.999999999,1081,29.758,0.5,0.5,181.001,1,1,1,0,0,0,0,False,WINDOW_QUALITY_OK,83.0,84.0,1.0,1.008,0.9965,0.0039,0.0035,43.0,100.0,57.0,96.0,99.0,100.0,0.0,0.0,0.998,0.9961,0.9961,4,7,2,69970.0,69830.0,69830.0,69970.0,140.0,1,1,140.0,2023-10-16 15:34:30,84.0,77.69,77.54,0,0,0,0,0,0,0,0,0,0,0,0,0,0,0,0.0,0,0,0,,0.0,,,0.0,0,0,0,,0.0,,2023-10-26 23:59:59.999999999,2023-02-09 08:48:38,2023-10-26 18:12:55,259.633,True,69830.0,2023-10-16 15:34:30,84.0,10.351,0.0,True,69830.0,2023-10-16 15:34:30,84.0,10.351,0.0,True,0,0.0,False,0,0,0,0,0,0,0,0,0,0,0,0,0,0,0,0,0,0,0.0,0,0.0,-0.0,-0.0,10.351,0.0,0,0,0,-0.0,5,AC_BOUND,STATEFUL_NORMAL_RESPONDING,WINDOW_NORMAL_RESPONDING,ACTION_NONE,high,9,responding_or_no_concern,,days_eff=10 days_any=10 cyc_eff=0 hq_nr=0 total_nr=0 cens=0 lg_opp=0 opp=0 norm_anom=-0.00 conf_p=1 micro_only=False cluster=AC_BOUND,No action needed.,Responding normally; no concern.,,False,False,False,False,False,False,False,False,0,2026-06-08T10:02:59Z,rolling30-v2.0,30,1,abs_ge_50mWh
LAPTOP-11P5VLEF_tianx,2025-05-19,2025-04-19 23:59:59.999999999,2025-05-19 23:59:59.999999999,26,27.102,0.5,126.918,410.683,4,4,3,0,0,0,0,False,WINDOW_QUALITY_SPARSE,17.0,18.0,1.0,1.107,0.0866,0.0866,0.9134,1.0,85.0,84.0,7.0,30.5,83.5,0.1926,0.2902,0.0257,0.0,0.0,4,4,3,58070.0,58040.0,58040.0,58070.0,30.0,1,0,0.0,,,100.12,100.07,0,1,0,0,1,0,1,0,0,1,0,0,0,0,0,0.0,0,0,0,,0.0,,,0.0,0,0,0,,0.0,,2025-05-19 23:59:59.999999999,2025-03-21 18:10:08,2025-05-19 08:55:15,59.243,False,58070.0,2025-04-17 12:12:16,17.0,32.491,1.0,False,58040.0,2025-05-16 15:44:27,18.0,3.344,0.0,False,1,30.0,True,0,0,1,0,0,0,0,0,0,0,0,0,0,0,0,0,1,0,0.0,0,0.0,-0.0,-0.0,32.491,1.0,0,0,0,-0.0,-1,SPARSE_OR_GAPPY,STATEFUL_REVIEW_DATA_QUALITY,WINDOW_DATA_QUALITY_REVIEW,ACTION_COLLECT_MORE_DATA_OR_MANUAL_REVIEW,low,1,data_quality_or_history_review,micro_wobble;large_gap_dominant,days_eff=32 days_any=3 cyc_eff=1 hq_nr=0 total_nr=0 cens=0 lg_opp=1 opp=1 norm_anom=-0.00 conf_p=1 micro_only=True cluster=SPARSE_OR_GAPPY,No user-facing action; collecting more data.,Data-quality/history review outranks action (would_have_been=NONE). Collect more data or manual review.,NONE,False,False,True,True,False,True,True,False,0,2026-06-08T10:02:59Z,rolling30-v2.0,30,1,abs_ge_50mWh
LAPTOP-11RRGHRF_2ndH28,2024-01-10,2023-12-11 23:59:59.999999999,2024-01-10 23:59:59.999999999,382,23.605,0.243,6.324,104.9,21,11,2,0,0,0,0,False,WINDOW_QUALITY_OK,1.0,7.0,6.0,7.626,0.3457,0.1785,0.6543,34.0,100.0,66.0,51.05,76.0,100.0,0.0,0.0,0.6572,0.4738,0.3355,98,120,50,59670.0,59520.0,59520.0,59670.0,150.0,8,0,0.0,,,104.63,104.37,0,0,0,0,0,0,0,0,0,0,0,0,0,0,0,0.0,0,0,0,,0.0,,,0.0,0,0,0,,0.0,,2024-01-10 23:59:59.999999999,2023-12-18 00:38:22,2024-01-10 15:09:15,23.973,False,59670.0,2023-12-18 00:38:22,1.0,23.973,6.0,False,59520.0,2024-01-10 11:23:14,7.0,0.526,0.0,False,8,40.0,True,0,0,0,0,0,0,0,0,0,0,0,0,0,0,0,0,0,0,0.0,0,0.0,-0.0,-0.0,23.973,6.0,0,0,0,-0.0,5,AC_BOUND,STATEFUL_REVIEW_DATA_QUALITY,WINDOW_MICRO_WOBBLE_ONLY,ACTION_COLLECT_MORE_DATA_OR_MANUAL_REVIEW,low,1,data_quality_or_history_review,micro_wobble,days_eff=24 days_any=1 cyc_eff=6 hq_nr=0 total_nr=0 cens=0 lg_opp=0 opp=0 norm_anom=-0.00 conf_p=1 micro_only=True cluster=AC_BOUND,No user-facing action; collecting more data.,Data-quality/history review outranks action (would_have_been=NONE). Collect more data or manual review.,NONE,False,False,True,False,False,True,False,False,0,2026-06-08T10:02:59Z,rolling30-v2.0,30,1,abs_ge_50mWh
LAPTOP-146432PF_PQM,2024-08-22,2024-07-23 23:59:59.999999999,2024-08-22 23:59:59.999999999,414,29.025,0.5,3.176,60.935,20,18,5,0,0,0,0,False,WINDOW_QUALITY_OK,82.0,95.0,13.0,13.437,0.7147,0.2372,0.2853,2.0,100.0,98.0,20.0,91.0,100.0,0.0114,0.0283,0.6662,0.5751,0.5067,72,105,36,56420.0,54320.0,54320.0,56420.0,2100.0,18,5,1050.0,2024-08-09 12:22:32,90.0,98.93,95.25,1,5,0,0,6,0,3,0,0,3,0,3,0,0,3,0.3841,1,0,1,0.615917,0.2105,0.86181,0.88065,0.5456,1,0,1,0.454369,0.3426,0.42454,2024-08-22 23:59:59.999999999,2024-01-08 21:13:56,2024-08-22 09:32:50,227.115,True,54380.0,2024-08-09 12:22:32,90.0,13.484,5.0,True,54320.0,2024-08-21 17:40:04,95.0,1.264,0.0,True,5,20.0,True,0,2,1,0,1,1,1,0,1,1,0,1,1,0,0,1,1,0,0.4407,0,-0.58107,0.2524,0.2524,13.484,5.0,1,1,0,0.2524,4,MOBILE_DEEP_CYCLE,STATEFUL_WATCH_LOW_EVIDENCE,WINDOW_NORMAL_RESPONDING,ACTION_MONITOR_NEXT_WINDOW,low,8,weak_partial_evidence,fw_like;micro_wobble,days_eff=13 days_any=1 cyc_eff=5 hq_nr=0 total_nr=1 cens=1 lg_opp=1 opp=5 norm_anom=0.25 conf_p=0.862 micro_only=True cluster=MOBILE_DEEP_CYCLE,No user-facing action; monitoring.,Ambiguous/weak evidence (13d since effective change); monitor next window.,,True,False,True,False,False,False,False,False,0,2026-06-08T10:02:59Z,rolling30-v2.0,30,1,abs_ge_50mWh
LAPTOP-19J6LO6A_ytakeda,2023-10-24,2023-09-24 23:59:59.999999999,2023-10-24 23:59:59.999999999,473,29.116,0.476,5.022,86.607,21,9,5,0,0,0,0,False,WINDOW_QUALITY_OK,5.0,7.0,2.0,2.061,0.6312,0.0994,0.3688,78.0,100.0,22.0,89.0,98.0,100.0,0.0,0.0,0.9878,0.9179,0.7432,74,106,37,57010.0,57010.0,57010.0,57010.0,0.0,0,0,0.0,,,100.02,100.02,0,0,0,0,0,0,0,0,0,0,0,0,0,0,0,0.0,0,0,0,,0.0,,,0.0,0,0,0,,0.0,,2023-10-24 23:59:59.999999999,2023-09-15 15:02:33,2023-10-24 13:01:36,39.373,False,57010.0,2023-09-15 15:02:33,5.0,39.373,2.0,False,57010.0,2023-09-15 15:02:33,5.0,39.373,2.0,False,0,0.0,False,0,0,0,0,0,0,0,0,0,0,0,0,0,0,0,0,0,0,0.0,0,0.0,-0.0,-0.0,39.373,2.0,0,0,0,-0.0,5,AC_BOUND,STATEFUL_REVIEW_DATA_QUALITY,WINDOW_INSUFFICIENT_LEARNING_OPPORTUNITY,ACTION_COLLECT_MORE_DATA_OR_MANUAL_REVIEW,low,1,data_quality_or_history_review,,days_eff=39 days_any=39 cyc_eff=2 hq_nr=0 total_nr=0 cens=0 lg_opp=0 opp=0 norm_anom=-0.00 conf_p=1 micro_only=False cluster=AC_BOUND,No user-facing action; collecting more data.,Data-quality/history review outranks action (would_have_been=NONE). Collect more data or manual review.,NONE,False,False,False,False,False,True,False,False,0,2026-06-08T10:02:59Z,rolling30-v2.0,30,1,abs_ge_50mWh
LAPTOP-1KS1Q32S_T14s,2024-09-04,2024-08-05 23:59:59.999999999,2024-09-04 23:59:59.999999999,476,29.301,0.5,9.178,62.71,29,13,5,0,0,0,0,False,WINDOW_QUALITY_OK,232.0,244.0,12.0,12.286,0.4873,0.0885,0.5127,5.0,100.0,95.0,36.75,96.0,100.0,0.0034,0.0162,0.7937,0.7064,0.4915,97,110,47,49360.0,49360.0,49360.0,49360.0,0.0,0,0,0.0,,,86.6,86.6,0,2,0,0,2,0,1,0,0,1,0,1,0,0,1,0.0,0,0,0,,0.0,,,0.0,0,0,0,,0.0,,2024-09-04 23:59:59.999999999,2023-02-12 20:22:31,2024-09-04 15:35:00,570.151,True,49360.0,2024-08-04 18:57:10,232.0,31.21,12.0,True,49360.0,2024-08-04 18:57:10,232.0,31.21,12.0,True,0,0.0,False,0,0,2,0,0,0,0,0,0,1,0,0,0,0,0,0,2,0,0.0,0,0.0,-0.0,-0.0,31.21,12.0,0,0,0,-0.0,4,MOBILE_DEEP_CYCLE,STATEFUL_WATCH_LARGE_GAP_OR_CENSORED,WINDOW_LARGE_GAP_AMBIGUOUS,ACTION_MONITOR_NEXT_WINDOW,low,7,large_gap_or_censored_dominant,large_gap_dominant,days_eff=31 days_any=31 cyc_eff=12 hq_nr=0 total_nr=0 cens=0 lg_opp=2 opp=3 norm_anom=-0.00 conf_p=1 micro_only=False cluster=MOBILE_DEEP_CYCLE,No user-facing action; monitoring.,Ambiguous/weak evidence (31d since effective change); monitor next window.,,False,False,False,True,False,False,False,False,0,2026-06-08T10:02:59Z,rolling30-v2.0,30,1,abs_ge_50mWh
LAPTOP-1M50QFPI_GM,2024-05-08,2024-04-08 23:59:59.999999999,2024-05-08 23:59:59.999999999,152,29.457,0.193,14.448,279.821,13,9,4,0,0,0,0,False,WINDOW_QUALITY_OK,13.0,14.0,1.0,1.018,0.6793,0.1358,0.3207,76.0,100.0,24.0,84.1,99.0,100.0,0.0,0.0,0.9662,0.8178,0.6666,28,35,14,56960.0,56940.0,56940.0,56960.0,20.0,1,0,0.0,,,99.88,99.84,0,0,0,0,0,0,0,0,0,0,0,0,0,0,0,0.0,0,0,0,,0.0,,,0.0,0,0,0,,0.0,,2024-05-08 23:59:59.999999999,2024-02-05 21:09:32,2024-05-08 11:18:44,93.118,True,56990.0,2024-02-05 21:09:32,10.0,93.118,4.0,False,56940.0,2024-04-21 20:43:15,14.0,17.137,0.0,True,4,20.0,True,0,0,1,0,0,0,0,0,0,1,0,0,0,0,0,0,1,0,0.0,0,0.0,-0.0,-0.0,93.118,4.0,0,0,0,-0.0,5,AC_BOUND,STATEFUL_WATCH_LARGE_GAP_OR_CENSORED,WINDOW_MICRO_WOBBLE_ONLY,ACTION_MONITOR_NEXT_WINDOW,low,7,large_gap_or_censored_dominant,micro_wobble;large_gap_dominant,days_eff=93 days_any=17 cyc_eff=4 hq_nr=0 total_nr=0 cens=0 lg_opp=1 opp=2 norm_anom=-0.00 conf_p=1 micro_only=True cluster=AC_BOUND,No user-facing action; monitoring.,Ambiguous/weak evidence (93d since effective change); monitor next window.,,False,False,True,True,False,False,False,False,0,2026-06-08T10:02:59Z,rolling30-v2.0,30,1,abs_ge_50mWh
LAPTOP-1MK05N4P_hwpa,2023-11-02,2023-10-03 23:59:59.999999999,2023-11-02 23:59:59.999999999,413,26.866,0.5,2.537,83.201,13,13,5,0,0,0,0,False,WINDOW_QUALITY_OK,3.0,5.0,2.0,2.233,0.8505,0.0533,0.1495,56.0,100.0,44.0,90.0,99.0,100.0,0.0,0.0,0.9651,0.9309,0.8901,57,65,29,59580.0,60040.0,59580.0,60130.0,550.0,5,1,550.0,2023-10-10 15:39:47,4.0,104.47,105.28,0,0,0,0,0,0,0,0,0,0,0,0,0,0,0,0.0,0,0,0,,0.0,,,0.0,0,0,0,,0.0,,2023-11-02 23:59:59.999999999,2023-10-06 18:32:40,2023-11-02 15:20:01,27.227,False,60130.0,2023-10-10 15:39:47,4.0,23.347,1.0,False,60040.0,2023-10-30 14:01:44,5.0,3.415,0.0,False,4,40.0,True,0,0,0,0,0,0,0,0,0,0,0,0,0,0,0,0,0,0,0.0,0,0.0,-0.0,-0.0,23.347,1.0,0,0,0,-0.0,5,AC_BOUND,STATEFUL_REVIEW_DATA_QUALITY,WINDOW_NORMAL_RESPONDING,ACTION_COLLECT_MORE_DATA_OR_MANUAL_REVIEW,low,1,data_quality_or_history_review,micro_wobble,days_eff=23 days_any=3 cyc_eff=1 hq_nr=0 total_nr=0 cens=0 lg_opp=0 opp=0 norm_anom=-0.00 conf_p=1 micro_only=True cluster=AC_BOUND,No user-facing action; collecting more data.,Data-quality/history review outranks action (would_have_been=NONE). Collect more data or manual review.,NONE,False,False,True,False,False,True,False,False,0,2026-06-08T10:02:59Z,rolling30-v2.0,30,1,abs_ge_50mWh
LAPTOP-1QC1JCNE_CPC-Tester12,2024-02-25,2024-01-26 23:59:59.999999999,2024-02-25 23:59:59.999999999,394,27.51,0.5,2.484,185.006,19,13,4,0,0,0,0,False,WINDOW_QUALITY_OK,12.0,15.0,3.0,3.272,0.9198,0.1003,0.0802,18.0,100.0,82.0,76.3,99.0,100.0,0.0,0.0025,0.9147,0.8931,0.7785,26,40,13,58400.0,58320.0,58320.0,58400.0,80.0,5,0,0.0,,,102.4,102.26,0,1,0,0,1,0,0,0,0,0,0,0,0,0,0,0.0,0,0,0,,0.0,,,0.0,0,0,0,,0.0,,2024-02-25 23:59:59.999999999,2023-12-04 10:53:33,2024-02-25 20:47:30,83.546,True,58450.0,2024-01-16 14:19:36,8.0,40.403,7.0,True,58320.0,2024-02-21 13:22:19,15.0,4.443,0.0,True,9,30.0,True,0,0,2,0,0,0,0,0,0,1,0,0,0,0,0,0,2,0,0.0,0,0.0,-0.0,-0.0,40.403,7.0,0,0,0,-0.0,4,MOBILE_DEEP_CYCLE,STATEFUL_WATCH_LARGE_GAP_OR_CENSORED,WINDOW_MICRO_WOBBLE_ONLY,ACTION_MONITOR_NEXT_WINDOW,low,7,large_gap_or_censored_dominant,micro_wobble;large_gap_dominant,days_eff=40 days_any=4 cyc_eff=7 hq_nr=0 total_nr=0 cens=0 lg_opp=2 opp=3 norm_anom=-0.00 conf_p=1 micro_only=True cluster=MOBILE_DEEP_CYCLE,No user-facing action; monitoring.,Ambiguous/weak evidence (40d since effective change); monitor next window.,,False,False,True,True,False,False,False,False,0,2026-06-08T10:02:59Z,rolling30-v2.0,30,1,abs_ge_50mWh
LAPTOP-25UDU5UN_jestroff,2025-11-14,2025-10-15 23:59:59.999999999,2025-11-14 23:59:59.999999999,385,29.083,0.5,12.518,35.624,31,21,4,0,0,0,0,False,WINDOW_QUALITY_OK,62.0,68.0,6.0,6.189,0.6586,0.1486,0.3414,5.0,100.0,95.0,44.0,99.0,100.0,0.0211,0.0233,0.8114,0.7002,0.5709,76,109,38,50400.0,50870.0,50400.0,51460.0,1060.0,8,2,1060.0,2025-10-21 09:36:06,63.0,88.37,89.2,1,1,1,0,2,1,1,1,0,2,1,1,1,0,2,0.3841,0,1,1,0.615917,0.2105,0.86181,0.88065,0.2481,0,1,1,0.751926,0.1238,0.71787,2025-11-14 23:59:59.999999999,2025-04-29 10:51:51,2025-11-14 10:00:13,199.547,True,50930.0,2025-10-21 09:36:06,63.0,24.6,5.0,True,50870.0,2025-11-10 19:44:52,68.0,4.177,0.0,True,5,20.0,True,0,0,1,0,0,0,0,0,0,1,0,0,0,0,0,0,1,0,0.0,0,0.0,-0.0,-0.0,24.6,5.0,0,0,0,-0.0,4,MOBILE_DEEP_CYCLE,STATEFUL_WATCH_LARGE_GAP_OR_CENSORED,WINDOW_NORMAL_RESPONDING,ACTION_MONITOR_NEXT_WINDOW,low,7,large_gap_or_censored_dominant,micro_wobble;large_gap_dominant,days_eff=25 days_any=4 cyc_eff=5 hq_nr=0 total_nr=0 cens=0 lg_opp=1 opp=2 norm_anom=-0.00 conf_p=0.862 micro_only=True cluster=MOBILE_DEEP_CYCLE,No user-facing action; monitoring.,Ambiguous/weak evidence (24d since effective change); monitor next window.,,False,False,True,True,False,False,False,False,0,2026-06-08T10:02:59Z,rolling30-v2.0,30,1,abs_ge_50mWh
LAPTOP-2D6R853Q_jnunez5,2026-05-26,2026-04-26 23:59:59.999999999,2026-05-26 23:59:59.999999999,343,28.1,0.5,9.574,66.29,21,15,6,0,0,0,0,False,WINDOW_QUALITY_OK,1.0,6.0,5.0,5.338,0.6162,0.0979,0.3838,2.0,100.0,98.0,40.1,98.0,100.0,0.0223,0.0223,0.8081,0.7537,0.5553,56,77,29,54760.0,54680.0,54680.0,54760.0,80.0,5,0,0.0,,,100.11,99.96,0,2,0,0,2,0,2,0,0,2,0,1,0,0,1,0.0,0,0,0,,0.0,,,0.0,0,0,0,,0.0,,2026-05-26 23:59:59.999999999,2026-04-28 10:56:26,2026-05-26 13:20:47,28.544,False,54760.0,2026-04-28 10:56:26,1.0,28.544,5.0,False,54680.0,2026-05-19 16:26:59,6.0,7.315,0.0,False,5,20.0,True,0,0,2,0,0,0,0,0,0,1,0,0,0,0,0,0,2,0,0.0,0,0.0,-0.0,-0.0,28.544,5.0,0,0,0,-0.0,4,MOBILE_DEEP_CYCLE,STATEFUL_REVIEW_DATA_QUALITY,WINDOW_MICRO_WOBBLE_ONLY,ACTION_COLLECT_MORE_DATA_OR_MANUAL_REVIEW,low,1,data_quality_or_history_review,micro_wobble;large_gap_dominant,days_eff=29 days_any=7 cyc_eff=5 hq_nr=0 total_nr=0 cens=0 lg_opp=2 opp=3 norm_anom=-0.00 conf_p=1 micro_only=True cluster=MOBILE_DEEP_CYCLE,No user-facing action; collecting more data.,Data-quality/history review outranks action (would_have_been=NONE). Collect more data or manual review.,NONE,False,False,True,True,False,True,False,False,0,2026-06-08T10:02:59Z,rolling30-v2.0,30,1,abs_ge_50mWh
LAPTOP-2OC97423_Administrator,2025-02-11,2025-01-12 23:59:59.999999999,2025-02-11 23:59:59.999999999,929,5.178,0.047,0.5,0.5,0,0,0,0,0,0,0,False,WINDOW_QUALITY_SHORT_OBS,13.0,13.0,0.0,0.0,0.9808,0.0079,0.0192,63.0,100.0,37.0,92.0,97.0,100.0,0.0,0.0,0.9914,0.9818,0.9563,40,45,20,62600.0,62600.0,62600.0,62600.0,0.0,0,0,0.0,,,109.77,109.77,0,0,0,0,0,0,0,0,0,0,0,0,0,0,0,0.0,0,0,0,,0.0,,,0.0,0,0,0,,0.0,,2025-02-11 23:59:59.999999999,2025-02-06 18:28:57,2025-02-11 22:45:11,5.23,False,62600.0,2025-02-06 18:28:57,13.0,5.23,0.0,False,62600.0,2025-02-06 18:28:57,13.0,5.23,0.0,False,0,0.0,False,0,0,0,0,0,0,0,0,0,0,0,0,0,0,0,0,0,0,0.0,0,0.0,-0.0,-0.0,5.23,0.0,0,0,0,-0.0,-1,SPARSE_OR_GAPPY,STATEFUL_REVIEW_DATA_QUALITY,WINDOW_DATA_QUALITY_REVIEW,ACTION_COLLECT_MORE_DATA_OR_MANUAL_REVIEW,low,1,data_quality_or_history_review,,days_eff=5 days_any=5 cyc_eff=0 hq_nr=0 total_nr=0 cens=0 lg_opp=0 opp=0 norm_anom=-0.00 conf_p=1 micro_only=False cluster=SPARSE_OR_GAPPY,No user-facing action; collecting more data.,Data-quality/history review outranks action (would_have_been=NONE). Collect more data or manual review.,NONE,False,False,False,False,False,True,True,False,0,2026-06-08T10:02:59Z,rolling30-v2.0,30,1,abs_ge_50mWh
LAPTOP-2RQJAUEN_nyama,2025-07-31,2025-07-01 23:59:59.999999999,2025-07-31 23:59:59.999999999,211,29.068,0.829,14.152,67.763,23,20,4,0,0,0,0,False,WINDOW_QUALITY_OK,6.0,7.0,1.0,1.032,0.8885,0.1288,0.1115,89.0,100.0,11.0,90.0,100.0,100.0,0.0,0.0,1.0,0.9465,0.8527,41,61,21,56980.0,56970.0,56970.0,56980.0,10.0,1,0,0.0,,,99.96,99.95,0,0,0,0,0,0,0,0,0,0,0,0,0,0,0,0.0,0,0,0,,0.0,,,0.0,0,0,0,,0.0,,2025-07-31 23:59:59.999999999,2025-03-25 09:00:58,2025-07-31 09:52:50,128.624,True,57040.0,2025-03-25 09:00:58,1.0,128.624,6.0,False,56970.0,2025-07-15 09:28:48,7.0,16.605,0.0,True,6,20.0,True,0,0,0,0,0,0,0,0,0,0,0,0,0,0,0,0,0,0,0.0,0,0.0,-0.0,-0.0,128.624,6.0,0,0,0,-0.0,5,AC_BOUND,STATEFUL_GAUGE_SOFT_CALIBRATION_EFFECTIVE_ONLY,WINDOW_MICRO_WOBBLE_ONLY,ACTION_SOFT_CALIBRATION_PROMPT,medium,5,micro_wobble_only_no_effective_relearn,gauge_like;micro_wobble,days_eff=129 days_any=17 cyc_eff=6 hq_nr=0 total_nr=0 cens=0 lg_opp=0 opp=0 norm_anom=-0.00 conf_p=1 micro_only=True cluster=AC_BOUND,A full charge/discharge cycle may help the gauge recalibrate (low priority).,Soft calibration prompt: micro-wobbles present but no meaningful FCC relearning step under the effective threshold for 128d. Not a hard gauge reset target.,,False,True,True,False,False,False,False,False,0,2026-06-08T10:02:59Z,rolling30-v2.0,30,1,abs_ge_50mWh
LAPTOP-38PBJKV3_Dan,2026-05-28,2026-04-28 23:59:59.999999999,2026-05-28 23:59:59.999999999,445,29.171,0.5,0.501,112.061,19,18,4,0,0,0,0,False,WINDOW_QUALITY_OK,111.0,118.0,7.0,7.199,0.8409,0.0829,0.1591,30.0,81.0,51.0,49.0,77.0,80.0,0.0,0.0,0.0068,0.0,0.0,62,91,31,84600.0,84540.0,84540.0,84600.0,60.0,6,0,0.0,,,93.99,93.92,0,0,0,0,0,0,0,0,0,0,0,0,0,0,0,0.0,0,0,0,,0.0,,,0.0,0,0,0,,0.0,,2026-05-28 23:59:59.999999999,2023-05-17 09:40:30,2026-05-28 10:35:08,1107.597,True,84800.0,2025-09-22 11:02:10,88.0,248.54,30.0,False,84540.0,2026-05-26 13:50:53,118.0,2.423,0.0,True,26,10.0,True,0,0,2,0,0,0,0,0,0,0,0,0,0,0,0,0,2,0,0.0,0,0.0,-0.0,-0.0,248.54,30.0,0,0,0,-0.0,2,MOBILE_DEEP_CYCLE,STATEFUL_WATCH_LARGE_GAP_OR_CENSORED,WINDOW_MICRO_WOBBLE_ONLY,ACTION_MONITOR_NEXT_WINDOW,low,7,large_gap_or_censored_dominant,micro_wobble;large_gap_dominant,days_eff=249 days_any=2 cyc_eff=30 hq_nr=0 total_nr=0 cens=0 lg_opp=2 opp=2 norm_anom=-0.00 conf_p=1 micro_only=True cluster=MOBILE_DEEP_CYCLE,No user-facing action; monitoring.,Ambiguous/weak evidence (248d since effective change); monitor next window.,,False,False,True,True,False,False,False,False,0,2026-06-08T10:02:59Z,rolling30-v2.0,30,1,abs_ge_50mWh
LAPTOP-3GSNHJDB_GM3,2024-08-23,2024-07-24 23:59:59.999999999,2024-08-23 23:59:59.999999999,4658,24.53,0.024,0.026,72.151,12,11,6,0,0,0,0,False,WINDOW_QUALITY_OK,13.0,15.0,2.0,2.446,0.8323,0.0623,0.1677,24.0,100.0,76.0,100.0,100.0,100.0,0.0,0.0,0.9109,0.8804,0.8368,12,18,6,73270.0,73250.0,73250.0,73270.0,20.0,2,0,0.0,,,97.69,97.67,0,0,0,0,0,0,0,0,0,0,0,0,0,0,0,0.0,0,0,0,,0.0,,,0.0,0,0,0,,0.0,,2024-08-23 23:59:59.999999999,2024-04-21 23:47:20,2024-08-23 09:31:35,124.009,True,73270.0,2024-07-18 02:59:14,13.0,36.876,2.0,True,73250.0,2024-08-20 14:45:27,15.0,3.385,0.0,True,2,10.0,True,0,0,0,0,0,0,0,0,0,0,0,0,0,0,0,0,0,0,0.0,0,0.0,-0.0,-0.0,36.876,2.0,0,0,0,-0.0,1,AC_BOUND,STATEFUL_NORMAL_RESPONDING,WINDOW_MICRO_WOBBLE_ONLY,ACTION_NONE,high,9,responding_or_no_concern,micro_wobble,days_eff=37 days_any=3 cyc_eff=2 hq_nr=0 total_nr=0 cens=0 lg_opp=0 opp=0 norm_anom=-0.00 conf_p=1 micro_only=True cluster=AC_BOUND,No action needed.,Responding normally; no concern.,,False,False,True,False,False,False,False,False,0,2026-06-08T10:02:59Z,rolling30-v2.0,30,1,abs_ge_50mWh
LAPTOP-49PO0SU0_ssugimoto2,2026-02-09,2026-01-10 23:59:59.999999999,2026-02-09 23:59:59.999999999,36,25.79,0.5,125.262,212.585,5,5,5,0,0,0,0,False,WINDOW_QUALITY_SPARSE,16.0,16.0,0.0,0.0,0.8003,0.3374,0.1997,75.0,100.0,25.0,87.25,99.5,100.0,0.0,0.0,0.9791,0.8708,0.8286,5,9,3,89810.0,89810.0,89810.0,89810.0,0.0,0,0,0.0,,,99.79,99.79,0,0,0,0,0,0,0,0,0,0,0,0,0,0,0,0.0,0,0,0,,0.0,,,0.0,0,0,0,,0.0,,2026-02-09 23:59:59.999999999,2025-07-16 11:04:41,2026-02-09 10:27:11,208.538,True,90010.0,2025-07-16 11:04:41,3.0,208.538,13.0,False,89810.0,2025-12-15 11:30:27,16.0,56.521,0.0,True,13,20.0,True,0,0,1,0,0,0,0,0,0,1,0,0,0,0,0,0,1,0,0.0,0,0.0,-0.0,-0.0,208.538,13.0,0,0,0,-0.0,-1,SPARSE_OR_GAPPY,STATEFUL_REVIEW_DATA_QUALITY,WINDOW_DATA_QUALITY_REVIEW,ACTION_COLLECT_MORE_DATA_OR_MANUAL_REVIEW,low,1,data_quality_or_history_review,micro_wobble;large_gap_dominant,days_eff=209 days_any=57 cyc_eff=13 hq_nr=0 total_nr=0 cens=0 lg_opp=1 opp=2 norm_anom=-0.00 conf_p=1 micro_only=True cluster=SPARSE_OR_GAPPY,No user-facing action; collecting more data.,Data-quality/history review outranks action (would_have_been=NONE). Collect more data or manual review.,NONE,False,False,True,True,False,False,True,False,0,2026-06-08T10:02:59Z,rolling30-v2.0,30,1,abs_ge_50mWh
LAPTOP-4K9G9BRE_TM1,2025-09-02,2025-08-03 23:59:59.999999999,2025-09-02 23:59:59.999999999,256,28.895,0.017,0.53,187.945,9,9,5,0,0,0,0,False,WINDOW_QUALITY_OK,25.0,26.0,1.0,1.038,0.6058,0.1235,0.3942,0.0,100.0,100.0,7.25,73.0,100.0,0.0306,0.0332,0.8011,0.6964,0.6239,12,16,6,53830.0,53820.0,53820.0,53830.0,10.0,1,0,0.0,,,94.39,94.37,0,0,0,0,0,0,0,0,0,0,0,0,0,0,0,0.0,0,0,0,,0.0,,,0.0,0,0,0,,0.0,,2025-09-02 23:59:59.999999999,2025-06-22 18:15:50,2025-09-02 22:19:51,72.239,True,53830.0,2025-07-14 20:36:21,25.0,50.141,1.0,True,53820.0,2025-08-12 00:06:16,26.0,21.996,0.0,True,1,10.0,True,0,0,0,0,0,0,0,0,0,0,0,0,0,0,0,0,0,0,0.0,0,0.0,-0.0,-0.0,50.141,1.0,0,0,0,-0.0,4,MOBILE_DEEP_CYCLE,STATEFUL_NORMAL_RESPONDING,WINDOW_MICRO_WOBBLE_ONLY,ACTION_NONE,high,9,responding_or_no_concern,micro_wobble,days_eff=50 days_any=22 cyc_eff=1 hq_nr=0 total_nr=0 cens=0 lg_opp=0 opp=0 norm_anom=-0.00 conf_p=1 micro_only=True cluster=MOBILE_DEEP_CYCLE,No action needed.,Responding normally; no concern.,,False,False,True,False,False,False,False,False,0,2026-06-08T10:02:59Z,rolling30-v2.0,30,1,abs_ge_50mWh
LAPTOP-5U1GRQST_AN1484GM11,2026-06-01,2026-05-02 23:59:59.999999999,2026-06-01 23:59:59.999999999,315,25.005,0.5,0.5,79.504,15,15,5,0,0,0,0,False,WINDOW_QUALITY_OK,6.0,6.0,0.0,0.0,0.9673,0.0129,0.0327,94.0,100.0,6.0,95.0,97.0,100.0,0.0,0.0,1.0,1.0,0.7713,26,30,13,56000.0,56000.0,56000.0,56000.0,0.0,0,0,0.0,,,96.55,96.55,0,0,0,0,0,0,0,0,0,0,0,0,0,0,0,0.0,0,0,0,,0.0,,,0.0,0,0,0,,0.0,,2026-06-01 23:59:59.999999999,2026-02-02 11:45:34,2026-06-01 09:03:44,119.51,True,56020.0,2026-02-18 10:49:01,4.0,103.549,2.0,False,56000.0,2026-04-23 10:59:18,6.0,39.542,0.0,True,2,10.0,True,0,0,0,0,0,0,0,0,0,0,0,0,0,0,0,0,0,0,0.0,0,0.0,-0.0,-0.0,103.549,2.0,0,0,0,-0.0,5,AC_BOUND,STATEFUL_NORMAL_RESPONDING,WINDOW_INSUFFICIENT_LEARNING_OPPORTUNITY,ACTION_NONE,high,9,responding_or_no_concern,micro_wobble,days_eff=104 days_any=40 cyc_eff=2 hq_nr=0 total_nr=0 cens=0 lg_opp=0 opp=0 norm_anom=-0.00 conf_p=1 micro_only=True cluster=AC_BOUND,No action needed.,Responding normally; no concern.,,False,False,True,False,False,False,False,False,0,2026-06-08T10:02:59Z,rolling30-v2.0,30,1,abs_ge_50mWh
LAPTOP-6HHN380C_QuFei_Ou,2025-07-02,2025-06-02 23:59:59.999999999,2025-07-02 23:59:59.999999999,551,27.863,0.5,4.741,51.967,25,9,3,0,0,0,0,False,WINDOW_QUALITY_OK,52.0,69.0,17.0,18.304,0.3875,0.2132,0.6125,1.0,100.0,99.0,37.5,78.0,100.0,0.0136,0.0197,0.5047,0.3662,0.2349,132,152,66,58490.0,58860.0,58340.0,58910.0,570.0,18,1,570.0,2025-06-24 15:02:05,65.0,102.56,103.21,0,1,0,0,1,0,1,0,0,1,0,1,0,0,1,0.0,0,0,0,,0.0,,,0.0,0,0,0,,0.0,,2025-07-02 23:59:59.999999999,2025-06-04 16:57:17,2025-07-02 13:39:20,28.294,False,58910.0,2025-06-24 15:02:05,65.0,8.374,4.0,False,58860.0,2025-06-27 11:51:57,69.0,5.506,0.0,False,4,20.0,True,0,0,0,0,0,0,0,0,0,0,0,0,0,0,0,0,0,0,0.0,0,0.0,-0.0,-0.0,8.374,4.0,0,0,0,-0.0,4,MOBILE_DEEP_CYCLE,STATEFUL_REVIEW_DATA_QUALITY,WINDOW_NORMAL_RESPONDING,ACTION_COLLECT_MORE_DATA_OR_MANUAL_REVIEW,low,1,data_quality_or_history_review,micro_wobble,days_eff=8 days_any=6 cyc_eff=4 hq_nr=0 total_nr=0 cens=0 lg_opp=0 opp=0 norm_anom=-0.00 conf_p=1 micro_only=True cluster=MOBILE_DEEP_CYCLE,No user-facing action; collecting more data.,Data-quality/history review outranks action (would_have_been=NONE). Collect more data or manual review.,NONE,False,False,True,False,False,True,False,False,0,2026-06-08T10:02:59Z,rolling30-v2.0,30,1,abs_ge_50mWh
LAPTOP-72AKT2DB_1,2026-05-19,2026-04-19 23:59:59.999999999,2026-05-19 23:59:59.999999999,270,29.193,0.5,8.845,257.919,19,13,4,0,0,0,0,False,WINDOW_QUALITY_OK,23.0,31.0,8.0,8.221,0.9161,0.2588,0.0839,2.0,100.0,98.0,10.35,98.0,100.0,0.0386,0.0492,0.7818,0.7207,0.6803,29,51,15,56000.0,54520.0,54520.0,56520.0,2000.0,10,3,1360.0,2026-05-12 10:36:06,27.0,96.55,94.0,0,3,0,0,3,0,3,0,0,3,0,3,0,0,3,0.0,0,0,0,,0.0,,,0.0,0,0,0,,0.0,,2026-05-19 23:59:59.999999999,2026-03-10 00:02:48,2026-05-19 13:51:11,70.998,True,54570.0,2026-05-12 10:36:06,27.0,7.558,4.0,True,54520.0,2026-05-15 13:13:01,31.0,4.449,0.0,True,4,20.0,True,0,0,1,0,0,0,0,0,0,1,0,0,0,0,0,0,1,0,0.0,0,0.0,-0.0,-0.0,7.558,4.0,0,0,0,-0.0,4,MOBILE_DEEP_CYCLE,STATEFUL_WATCH_LARGE_GAP_OR_CENSORED,WINDOW_NORMAL_RESPONDING,ACTION_MONITOR_NEXT_WINDOW,low,7,large_gap_or_censored_dominant,micro_wobble;large_gap_dominant,days_eff=8 days_any=4 cyc_eff=4 hq_nr=0 total_nr=0 cens=0 lg_opp=1 opp=2 norm_anom=-0.00 conf_p=1 micro_only=True cluster=MOBILE_DEEP_CYCLE,No user-facing action; monitoring.,Ambiguous/weak evidence (7d since effective change); monitor next window.,,False,False,True,True,False,False,False,False,0,2026-06-08T10:02:59Z,rolling30-v2.0,30,1,abs_ge_50mWh
LAPTOP-77S3EOA5_Mao_Nakabauashi,2026-05-27,2026-04-27 23:59:59.999999999,2026-05-27 23:59:59.999999999,341,20.299,0.5,1.111,61.398,14,14,3,0,0,0,0,False,WINDOW_QUALITY_OK,30.0,32.0,2.0,2.956,0.9044,0.0799,0.0956,62.0,100.0,38.0,82.0,100.0,100.0,0.0,0.0,0.9682,0.9052,0.883,24,34,12,55650.0,55730.0,55650.0,56340.0,690.0,4,2,690.0,2026-05-18 08:26:48,31.0,95.95,96.09,0,0,0,0,0,0,0,0,0,0,0,0,0,0,0,0.0,0,0,0,,0.0,,,0.0,0,0,0,,0.0,,2026-05-27 23:59:59.999999999,2025-12-24 11:57:48,2026-05-27 16:46:27,154.502,True,55740.0,2026-05-18 08:26:48,31.0,9.648,1.0,True,55730.0,2026-05-21 17:23:25,32.0,6.275,0.0,True,1,10.0,True,0,0,0,0,0,0,0,0,0,0,0,0,0,0,0,0,0,0,0.0,0,0.0,-0.0,-0.0,9.648,1.0,0,0,0,-0.0,5,AC_BOUND,STATEFUL_NORMAL_RESPONDING,WINDOW_NORMAL_RESPONDING,ACTION_NONE,high,9,responding_or_no_concern,micro_wobble,days_eff=10 days_any=6 cyc_eff=1 hq_nr=0 total_nr=0 cens=0 lg_opp=0 opp=0 norm_anom=-0.00 conf_p=1 micro_only=True cluster=AC_BOUND,No action needed.,Responding normally; no concern.,,False,False,True,False,False,False,False,False,0,2026-06-08T10:02:59Z,rolling30-v2.0,30,1,abs_ge_50mWh
LAPTOP-7CFQ50BM_Carl,2025-03-14,2025-02-12 23:59:59.999999999,2025-03-14 23:59:59.999999999,24,25.206,0.262,0.5,598.895,1,1,1,0,0,0,0,False,WINDOW_QUALITY_OK,181.0,182.0,1.0,1.19,0.5515,0.5515,0.4485,1.0,69.0,68.0,1.9,28.0,52.5,0.4071,0.4974,0.0,0.0,0.0,9,9,5,52640.0,52640.0,52640.0,52640.0,0.0,0,0,0.0,,,92.3,92.3,0,0,0,0,0,0,0,0,0,0,0,0,0,0,0,0.0,0,0,0,,0.0,,,0.0,0,0,0,,0.0,,2025-03-14 23:59:59.999999999,2024-01-09 17:21:44,2025-03-14 20:10:38,430.277,True,52690.0,2024-12-26 16:45:38,178.0,78.302,4.0,False,52640.0,2025-01-10 12:22:04,181.0,63.485,1.0,False,2,30.0,True,0,1,1,0,1,1,0,0,1,1,0,1,1,0,0,0,1,0,0.5,0,-0.69315,0.301,0.301,78.302,4.0,1,1,0,0.301,2,MOBILE_DEEP_CYCLE,STATEFUL_FW_WATCH_HIGH_ANOMALY,WINDOW_INSUFFICIENT_LEARNING_OPPORTUNITY,ACTION_FW_ENGINEERING_REVIEW,medium,4,fw_like_no_response_core_requirement_short,fw_like;micro_wobble;large_gap_dominant,days_eff=78 days_any=63 cyc_eff=4 hq_nr=0 total_nr=1 cens=0 lg_opp=1 opp=4 norm_anom=0.30 conf_p=1 micro_only=True cluster=MOBILE_DEEP_CYCLE,No user-facing action; monitoring.,"FW-like no-response signal but a core requirement is short (staleness/cycles/quality). Monitor and add to FW engineering queue. normative anomaly 0.30, 1 no_response since last effective change (78d ago).",,True,False,True,True,False,False,False,True,0,2026-06-08T10:02:59Z,rolling30-v2.0,30,1,abs_ge_50mWh
LAPTOP-7HDJI946_MobilePE,2024-10-09,2024-09-09 23:59:59.999999999,2024-10-09 23:59:59.999999999,372,5.699,0.494,0.511,16.011,1,1,0,0,6,0,0,True,WINDOW_QUALITY_COUNTER_RESET,9.0,24.0,15.0,78.964,0.9975,0.6627,0.3321,2.0,100.0,98.0,72.65,82.0,99.0,0.0103,0.0103,0.9228,0.4325,0.2234,4,219,109,58990.0,58990.0,58990.0,58990.0,0.0,0,0,0.0,,,103.4,103.4,0,1,0,0,1,0,0,0,0,0,0,0,0,0,0,0.0,0,0,0,,0.0,,,0.0,0,0,0,,0.0,,2024-10-09 23:59:59.999999999,2024-10-04 02:50:06,2024-10-09 19:36:21,5.882,False,58990.0,2024-10-04 02:50:06,9.0,5.882,15.0,False,58990.0,2024-10-04 02:50:06,9.0,5.882,15.0,False,0,0.0,False,0,1,0,0,0,0,1,0,0,0,0,0,0,0,0,1,0,0,0.0,0,0.0,-0.0,-0.0,5.882,15.0,0,0,0,-0.0,-1,SPARSE_OR_GAPPY,STATEFUL_REVIEW_DATA_QUALITY,WINDOW_DATA_QUALITY_REVIEW,ACTION_COLLECT_MORE_DATA_OR_MANUAL_REVIEW,low,1,data_quality_or_history_review,censored_dominant,days_eff=6 days_any=6 cyc_eff=15 hq_nr=0 total_nr=0 cens=1 lg_opp=0 opp=1 norm_anom=-0.00 conf_p=1 micro_only=False cluster=SPARSE_OR_GAPPY,No user-facing action; collecting more data.,Data-quality/history review outranks action (would_have_been=NONE). Collect more data or manual review.,NONE,False,False,False,False,True,True,True,False,0,2026-06-08T10:02:59Z,rolling30-v2.0,30,1,abs_ge_50mWh
LAPTOP-869LCUOI_panjun1,2023-05-12,2023-04-12 23:59:59.999999999,2023-05-12 23:59:59.999999999,231,28.9,0.382,5.427,419.224,11,6,2,0,0,0,0,False,WINDOW_QUALITY_OK,11.0,22.0,11.0,11.419,0.2434,0.1855,0.7566,0.0,100.0,100.0,9.0,50.0,100.0,0.0552,0.1557,0.2109,0.1125,0.0872,70,85,35,48410.0,49020.0,48200.0,49020.0,820.0,29,22,660.0,2023-05-11 15:43:40,22.0,97.66,98.89,0,4,0,0,4,0,2,0,0,2,0,2,0,0,2,0.0,0,0,0,,0.0,,,0.0,0,0,0,,0.0,,2023-05-12 23:59:59.999999999,2023-03-22 10:44:30,2023-05-12 07:00:22,51.552,False,49020.0,2023-05-11 15:43:40,22.0,1.345,0.0,False,49020.0,2023-05-11 15:43:40,22.0,1.345,0.0,False,0,0.0,False,0,1,0,0,0,0,1,0,0,0,0,0,0,0,0,1,0,0,0.0,0,0.0,-0.0,-0.0,1.345,0.0,0,0,0,-0.0,0,MOBILE_DEEP_CYCLE,STATEFUL_REVIEW_DATA_QUALITY,WINDOW_NORMAL_RESPONDING,ACTION_COLLECT_MORE_DATA_OR_MANUAL_REVIEW,low,1,data_quality_or_history_review,censored_dominant,days_eff=1 days_any=1 cyc_eff=0 hq_nr=0 total_nr=0 cens=1 lg_opp=0 opp=1 norm_anom=-0.00 conf_p=1 micro_only=False cluster=MOBILE_DEEP_CYCLE,No user-facing action; collecting more data.,Data-quality/history review outranks action (would_have_been=NONE). Collect more data or manual review.,NONE,False,False,False,False,True,True,False,False,0,2026-06-08T10:02:59Z,rolling30-v2.0,30,1,abs_ge_50mWh
LAPTOP-88BMF4J6_Mersey,2024-06-11,2024-05-12 23:59:59.999999999,2024-06-11 23:59:59.999999999,280,28.27,0.5,13.97,90.536,17,16,4,0,0,0,0,False,WINDOW_QUALITY_OK,25.0,29.0,4.0,4.245,0.4601,0.1094,0.5399,2.0,100.0,98.0,26.9,92.0,100.0,0.0157,0.0221,0.7666,0.7009,0.4715,43,54,22,53890.0,58360.0,53880.0,58380.0,4500.0,5,2,4370.0,2024-05-30 10:12:43,27.0,94.49,102.33,0,2,0,0,2,0,2,0,0,2,0,2,0,0,2,0.0,0,0,0,,0.0,,,0.0,0,0,0,,0.0,,2024-06-11 23:59:59.999999999,2023-12-11 16:15:39,2024-06-11 17:30:04,183.322,True,58380.0,2024-05-30 10:12:43,27.0,12.575,2.0,True,58360.0,2024-06-04 13:03:44,29.0,7.456,0.0,True,2,10.0,True,0,0,1,0,0,0,0,0,0,1,0,0,0,0,0,0,1,0,0.0,0,0.0,-0.0,-0.0,12.575,2.0,0,0,0,-0.0,4,MOBILE_DEEP_CYCLE,STATEFUL_WATCH_LARGE_GAP_OR_CENSORED,WINDOW_NORMAL_RESPONDING,ACTION_MONITOR_NEXT_WINDOW,low,7,large_gap_or_censored_dominant,micro_wobble;large_gap_dominant,days_eff=13 days_any=7 cyc_eff=2 hq_nr=0 total_nr=0 cens=0 lg_opp=1 opp=2 norm_anom=-0.00 conf_p=1 micro_only=True cluster=MOBILE_DEEP_CYCLE,No user-facing action; monitoring.,Ambiguous/weak evidence (12d since effective change); monitor next window.,,False,False,True,True,False,False,False,False,0,2026-06-08T10:02:59Z,rolling30-v2.0,30,1,abs_ge_50mWh
LAPTOP-891HSHPM_p14s,2026-02-27,2026-01-28 23:59:59.999999999,2026-02-27 23:59:59.999999999,458,28.095,0.5,0.5,326.084,5,4,3,0,0,0,0,False,WINDOW_QUALITY_OK,1.0,1.0,0.0,0.0,0.964,0.013,0.036,64.0,100.0,36.0,96.0,97.0,99.0,0.0,0.0,0.9734,0.9631,0.9631,3,4,2,75010.0,75010.0,75010.0,75010.0,0.0,0,0,0.0,,,100.01,100.01,0,0,0,0,0,0,0,0,0,0,0,0,0,0,0,0.0,0,0,0,,0.0,,,0.0,0,0,0,,0.0,,2026-02-27 23:59:59.999999999,2026-01-09 10:13:28,2026-02-27 13:17:54,49.574,False,75010.0,2026-01-09 10:13:28,1.0,49.574,0.0,False,75010.0,2026-01-09 10:13:28,1.0,49.574,0.0,False,0,0.0,False,0,0,0,0,0,0,0,0,0,0,0,0,0,0,0,0,0,0,0.0,0,0.0,-0.0,-0.0,49.574,0.0,0,0,0,-0.0,5,AC_BOUND,STATEFUL_REVIEW_DATA_QUALITY,WINDOW_INSUFFICIENT_LEARNING_OPPORTUNITY,ACTION_COLLECT_MORE_DATA_OR_MANUAL_REVIEW,low,1,data_quality_or_history_review,,days_eff=50 days_any=50 cyc_eff=0 hq_nr=0 total_nr=0 cens=0 lg_opp=0 opp=0 norm_anom=-0.00 conf_p=1 micro_only=False cluster=AC_BOUND,No user-facing action; collecting more data.,Data-quality/history review outranks action (would_have_been=NONE). Collect more data or manual review.,NONE,False,False,False,False,False,True,False,False,0,2026-06-08T10:02:59Z,rolling30-v2.0,30,1,abs_ge_50mWh
LAPTOP-8HCCR0QE_PE,2024-10-29,2024-09-29 23:59:59.999999999,2024-10-29 23:59:59.999999999,6,0.046,0.161,0.453,0.494,0,0,0,0,0,0,0,False,WINDOW_QUALITY_SHORT_OBS,35.0,35.0,0.0,0.0,1.0,0.7048,0.0,85.0,100.0,15.0,88.25,100.0,100.0,0.0,0.0,1.0,0.5573,0.5573,0,1,0,57840.0,57840.0,57840.0,57840.0,0.0,0,0,0.0,,,101.42,101.42,0,0,0,0,0,0,0,0,0,0,0,0,0,0,0,0.0,0,0,0,,0.0,,,0.0,0,0,0,,0.0,,2024-10-29 23:59:59.999999999,2024-05-17 14:13:10,2024-10-29 18:17:50,165.408,True,58220.0,2024-06-05 13:46:02,3.0,146.426,32.0,False,57840.0,2024-07-18 16:15:34,35.0,103.323,0.0,False,32,20.0,True,0,1,1,0,1,1,0,0,1,1,0,1,1,0,0,0,1,0,0.5,0,-0.69315,0.301,0.301,146.426,32.0,1,1,0,0.301,-1,SPARSE_OR_GAPPY,STATEFUL_REVIEW_DATA_QUALITY,WINDOW_DATA_QUALITY_REVIEW,ACTION_COLLECT_MORE_DATA_OR_MANUAL_REVIEW,low,1,data_quality_or_history_review,fw_like;micro_wobble;large_gap_dominant,days_eff=146 days_any=103 cyc_eff=32 hq_nr=0 total_nr=1 cens=0 lg_opp=1 opp=4 norm_anom=0.30 conf_p=1 micro_only=True cluster=SPARSE_OR_GAPPY,No user-facing action; collecting more data.,Data-quality/history review outranks action (would_have_been=FW_WATCH_LIKE). Collect more data or manual review.,FW_WATCH_LIKE,True,False,True,True,False,False,True,False,0,2026-06-08T10:02:59Z,rolling30-v2.0,30,1,abs_ge_50mWh
LAPTOP-8KIMRE5B_cturner,2024-06-26,2024-05-27 23:59:59.999999999,2024-06-26 23:59:59.999999999,304,29.097,0.5,12.049,58.858,25,16,6,0,0,0,0,False,WINDOW_QUALITY_OK,42.0,49.0,7.0,7.217,0.6186,0.181,0.3814,5.0,100.0,95.0,43.15,98.0,100.0,0.0231,0.0267,0.813,0.7197,0.6099,80,100,41,73560.0,71670.0,71670.0,73560.0,1890.0,9,2,1280.0,2024-06-26 03:56:14,48.0,98.08,95.56,0,3,0,0,3,0,2,0,0,2,0,2,0,0,2,0.0,0,0,0,,0.0,,,0.0,0,0,0,,0.0,,2024-06-26 23:59:59.999999999,2024-04-11 14:48:53,2024-06-26 11:13:50,76.383,True,71680.0,2024-06-26 03:56:14,48.0,0.836,1.0,True,71670.0,2024-06-26 10:11:07,49.0,0.576,0.0,True,1,10.0,True,0,0,1,0,0,0,0,0,0,0,0,0,0,0,0,0,1,0,0.0,0,0.0,-0.0,-0.0,0.836,1.0,0,0,0,-0.0,4,MOBILE_DEEP_CYCLE,STATEFUL_WATCH_LARGE_GAP_OR_CENSORED,WINDOW_NORMAL_RESPONDING,ACTION_MONITOR_NEXT_WINDOW,low,7,large_gap_or_censored_dominant,micro_wobble;large_gap_dominant,days_eff=1 days_any=1 cyc_eff=1 hq_nr=0 total_nr=0 cens=0 lg_opp=1 opp=1 norm_anom=-0.00 conf_p=1 micro_only=True cluster=MOBILE_DEEP_CYCLE,No user-facing action; monitoring.,Ambiguous/weak evidence (0d since effective change); monitor next window.,,False,False,True,True,False,False,False,False,0,2026-06-08T10:02:59Z,rolling30-v2.0,30,1,abs_ge_50mWh
LAPTOP-93KHSN6N_hsouma,2025-09-01,2025-08-02 23:59:59.999999999,2025-09-01 23:59:59.999999999,716,27.978,0.013,0.5,111.483,13,13,7,0,0,0,0,False,WINDOW_QUALITY_OK,4.0,6.0,2.0,2.145,0.7801,0.1142,0.2199,85.0,100.0,15.0,94.0,98.0,100.0,0.0,0.0,1.0,0.9831,0.9112,240,278,120,89980.0,89950.0,89950.0,89980.0,30.0,2,0,0.0,,,99.98,99.94,0,0,0,0,0,0,0,0,0,0,0,0,0,0,0,0.0,0,0,0,,0.0,,,0.0,0,0,0,,0.0,,2025-09-01 23:59:59.999999999,2025-07-14 10:00:29,2025-09-01 08:56:33,49.583,False,90000.0,2025-07-14 10:00:29,3.0,49.583,3.0,False,89950.0,2025-08-26 15:39:53,6.0,6.347,0.0,False,3,20.0,True,0,0,0,0,0,0,0,0,0,0,0,0,0,0,0,0,0,0,0.0,0,0.0,-0.0,-0.0,49.583,3.0,0,0,0,-0.0,3,AC_BOUND,STATEFUL_REVIEW_DATA_QUALITY,WINDOW_MICRO_WOBBLE_ONLY,ACTION_COLLECT_MORE_DATA_OR_MANUAL_REVIEW,low,1,data_quality_or_history_review,micro_wobble,days_eff=50 days_any=6 cyc_eff=3 hq_nr=0 total_nr=0 cens=0 lg_opp=0 opp=0 norm_anom=-0.00 conf_p=1 micro_only=True cluster=AC_BOUND,No user-facing action; collecting more data.,Data-quality/history review outranks action (would_have_been=NONE). Collect more data or manual review.,NONE,False,False,True,False,False,True,False,False,0,2026-06-08T10:02:59Z,rolling30-v2.0,30,1,abs_ge_50mWh
LAPTOP-97DA2E9K_johnny,2023-11-09,2023-10-10 23:59:59.999999999,2023-11-09 23:59:59.999999999,4,9.854,0.135,212.734,236.356,1,1,1,0,0,0,0,False,WINDOW_QUALITY_SHORT_OBS,192.0,193.0,1.0,3.045,1.0,1.0,0.0,9.0,97.0,88.0,9.0,11.5,84.55,0.0637,1.0,0.0,0.0,0.0,0,1,0,48880.0,49720.0,48880.0,49720.0,840.0,1,1,840.0,2023-11-09 13:57:58,193.0,85.75,87.23,0,1,0,0,1,0,1,0,0,1,0,1,0,0,1,0.0,0,0,0,,0.0,,,0.0,0,0,0,,0.0,,2023-11-09 23:59:59.999999999,2023-02-10 02:21:33,2023-11-09 13:57:58,272.902,True,49720.0,2023-11-09 13:57:58,193.0,0.418,0.0,True,49720.0,2023-11-09 13:57:58,193.0,0.418,0.0,True,0,0.0,False,0,0,0,0,0,0,0,0,0,0,0,0,0,0,0,0,0,0,0.0,0,0.0,-0.0,-0.0,0.418,0.0,0,0,0,-0.0,-1,SPARSE_OR_GAPPY,STATEFUL_REVIEW_DATA_QUALITY,WINDOW_DATA_QUALITY_REVIEW,ACTION_COLLECT_MORE_DATA_OR_MANUAL_REVIEW,low,1,data_quality_or_history_review,,days_eff=0 days_any=0 cyc_eff=0 hq_nr=0 total_nr=0 cens=0 lg_opp=0 opp=0 norm_anom=-0.00 conf_p=1 micro_only=False cluster=SPARSE_OR_GAPPY,No user-facing action; collecting more data.,Data-quality/history review outranks action (would_have_been=NONE). Collect more data or manual review.,NONE,False,False,False,False,False,False,True,False,0,2026-06-08T10:02:59Z,rolling30-v2.0,30,1,abs_ge_50mWh
LAPTOP-9D1AU1OG_Mersey,2024-01-30,2023-12-31 23:59:59.999999999,2024-01-30 23:59:59.999999999,355,14.806,0.5,4.537,37.554,11,6,1,0,0,0,0,False,WINDOW_QUALITY_OK,31.0,38.0,7.0,14.184,0.435,0.113,0.565,30.0,100.0,70.0,47.0,95.0,100.0,0.0,0.0,0.6309,0.5151,0.4385,82,100,42,59030.0,58930.0,58930.0,59030.0,100.0,7,0,0.0,,,103.51,103.33,0,0,0,0,0,0,0,0,0,0,0,0,0,0,0,0.0,0,0,0,,0.0,,,0.0,0,0,0,,0.0,,2024-01-30 23:59:59.999999999,2023-01-18 10:52:32,2024-01-30 17:51:22,377.547,True,59010.0,2023-01-18 10:52:32,32.0,377.547,6.0,False,58930.0,2024-01-29 01:04:16,37.0,1.955,1.0,True,8,30.0,True,0,0,0,0,0,0,0,0,0,0,0,0,0,0,0,0,0,0,0.0,0,0.0,-0.0,-0.0,377.547,6.0,0,0,0,-0.0,3,AC_BOUND,STATEFUL_GAUGE_SOFT_CALIBRATION_EFFECTIVE_ONLY,WINDOW_MICRO_WOBBLE_ONLY,ACTION_SOFT_CALIBRATION_PROMPT,medium,5,micro_wobble_only_no_effective_relearn,gauge_like;micro_wobble,days_eff=378 days_any=2 cyc_eff=6 hq_nr=0 total_nr=0 cens=0 lg_opp=0 opp=0 norm_anom=-0.00 conf_p=1 micro_only=True cluster=AC_BOUND,A full charge/discharge cycle may help the gauge recalibrate (low priority).,Soft calibration prompt: micro-wobbles present but no meaningful FCC relearning step under the effective threshold for 377d. Not a hard gauge reset target.,,False,True,True,False,False,False,False,False,0,2026-06-08T10:02:59Z,rolling30-v2.0,30,1,abs_ge_50mWh
LAPTOP-9PGJOH9P_tianx,2024-12-12,2024-11-12 23:59:59.999999999,2024-12-12 23:59:59.999999999,285,16.148,0.5,7.834,41.064,16,12,1,0,0,0,0,False,WINDOW_QUALITY_OK,2.0,10.0,8.0,14.863,0.4415,0.1902,0.5585,6.0,100.0,94.0,32.0,87.0,100.0,0.0029,0.0152,0.587,0.4605,0.3796,51,67,26,58270.0,59340.0,58220.0,59350.0,1130.0,10,2,580.0,2024-12-09 13:33:39,9.0,100.43,102.28,0,2,0,0,2,0,1,0,0,1,0,1,0,0,1,0.0,0,0,0,,0.0,,,0.0,0,0,0,,0.0,,2024-12-12 23:59:59.999999999,2024-11-26 13:47:28,2024-12-12 17:20:24,16.425,False,59350.0,2024-12-09 13:33:39,9.0,3.435,1.0,False,59340.0,2024-12-11 10:10:16,10.0,1.576,0.0,False,1,10.0,True,0,0,0,0,0,0,0,0,0,0,0,0,0,0,0,0,0,0,0.0,0,0.0,-0.0,-0.0,3.435,1.0,0,0,0,-0.0,0,MOBILE_DEEP_CYCLE,STATEFUL_REVIEW_DATA_QUALITY,WINDOW_NORMAL_RESPONDING,ACTION_COLLECT_MORE_DATA_OR_MANUAL_REVIEW,low,1,data_quality_or_history_review,micro_wobble,days_eff=3 days_any=2 cyc_eff=1 hq_nr=0 total_nr=0 cens=0 lg_opp=0 opp=0 norm_anom=-0.00 conf_p=1 micro_only=True cluster=MOBILE_DEEP_CYCLE,No user-facing action; collecting more data.,Data-quality/history review outranks action (would_have_been=NONE). Collect more data or manual review.,NONE,False,False,True,False,False,True,False,False,0,2026-06-08T10:02:59Z,rolling30-v2.0,30,1,abs_ge_50mWh
LAPTOP-A5C39DUF_ssugimoto2,2026-05-12,2026-04-12 23:59:59.999999999,2026-05-12 23:59:59.999999999,130,26.979,0.5,12.765,349.331,8,7,4,0,0,0,0,False,WINDOW_QUALITY_OK,3.0,5.0,2.0,2.224,0.7642,0.1077,0.2358,17.0,100.0,83.0,78.05,99.0,100.0,0.0,0.0069,0.9458,0.8068,0.5861,23,29,12,90000.0,89970.0,89970.0,90000.0,30.0,2,0,0.0,,,100.0,99.97,0,1,0,0,1,0,0,0,0,0,0,0,0,0,0,0.0,0,0,0,,0.0,,,0.0,0,0,0,,0.0,,2026-05-12 23:59:59.999999999,2026-03-31 11:24:02,2026-05-12 08:39:30,42.525,False,90000.0,2026-03-31 11:24:02,3.0,42.525,2.0,False,89970.0,2026-04-22 20:41:15,5.0,20.138,0.0,False,2,20.0,True,0,0,1,0,0,0,0,0,0,0,0,0,0,0,0,0,1,0,0.0,0,0.0,-0.0,-0.0,42.525,2.0,0,0,0,-0.0,4,MOBILE_DEEP_CYCLE,STATEFUL_REVIEW_DATA_QUALITY,WINDOW_MICRO_WOBBLE_ONLY,ACTION_COLLECT_MORE_DATA_OR_MANUAL_REVIEW,low,1,data_quality_or_history_review,micro_wobble;large_gap_dominant,days_eff=43 days_any=20 cyc_eff=2 hq_nr=0 total_nr=0 cens=0 lg_opp=1 opp=1 norm_anom=-0.00 conf_p=1 micro_only=True cluster=MOBILE_DEEP_CYCLE,No user-facing action; collecting more data.,Data-quality/history review outranks action (would_have_been=NONE). Collect more data or manual review.,NONE,False,False,True,True,False,True,False,False,0,2026-06-08T10:02:59Z,rolling30-v2.0,30,1,abs_ge_50mWh
LAPTOP-A68FDH6Q_amcclarnon,2025-05-28,2025-04-28 23:59:59.999999999,2025-05-28 23:59:59.999999999,481,29.172,0.5,0.5,112.604,16,15,4,0,0,0,0,False,WINDOW_QUALITY_OK,17.0,17.0,0.0,0.0,0.9815,0.0343,0.0185,67.0,100.0,33.0,95.0,97.0,99.0,0.0,0.0,0.9841,0.9802,0.9242,4,20,2,56080.0,56080.0,56080.0,56080.0,0.0,0,0,0.0,,,98.33,98.33,0,0,0,0,0,0,0,0,0,0,0,0,0,0,0,0.0,0,0,0,,0.0,,,0.0,0,0,0,,0.0,,2025-05-28 23:59:59.999999999,2024-11-13 16:45:55,2025-05-28 12:30:38,196.301,True,56200.0,2024-11-19 08:51:21,7.0,190.631,10.0,False,56080.0,2025-04-23 15:52:59,17.0,35.338,0.0,True,10,20.0,True,0,0,0,0,0,0,0,0,0,0,0,0,0,0,0,0,0,0,0.0,0,0.0,-0.0,-0.0,190.631,10.0,0,0,0,-0.0,5,AC_BOUND,STATEFUL_GAUGE_SOFT_CALIBRATION_EFFECTIVE_ONLY,WINDOW_INSUFFICIENT_LEARNING_OPPORTUNITY,ACTION_SOFT_CALIBRATION_PROMPT,medium,5,micro_wobble_only_no_effective_relearn,gauge_like;micro_wobble,days_eff=191 days_any=35 cyc_eff=10 hq_nr=0 total_nr=0 cens=0 lg_opp=0 opp=0 norm_anom=-0.00 conf_p=1 micro_only=True cluster=AC_BOUND,A full charge/discharge cycle may help the gauge recalibrate (low priority).,Soft calibration prompt: micro-wobbles present but no meaningful FCC relearning step under the effective threshold for 190d. Not a hard gauge reset target.,,False,True,True,False,False,False,False,False,0,2026-06-08T10:02:59Z,rolling30-v2.0,30,1,abs_ge_50mWh
LAPTOP-A86VO230_PQM,2024-01-23,2023-12-24 23:59:59.999999999,2024-01-23 23:59:59.999999999,275,29.284,0.5,2.008,184.866,12,12,6,0,0,0,0,False,WINDOW_QUALITY_OK,11.0,19.0,8.0,8.196,0.3228,0.2617,0.6772,3.0,100.0,97.0,22.4,69.0,100.0,0.0345,0.0531,0.3373,0.2029,0.1154,38,44,20,58960.0,58280.0,58280.0,58960.0,680.0,10,2,420.0,2024-01-03 17:09:35,14.0,103.38,102.19,0,4,0,0,4,0,3,0,0,3,0,2,0,0,2,0.0,0,0,0,,0.0,,,0.0,0,0,0,,0.0,,2024-01-23 23:59:59.999999999,2023-11-21 21:02:39,2024-01-23 15:52:06,63.123,True,58340.0,2024-01-03 17:09:35,14.0,20.285,5.0,True,58280.0,2024-01-10 14:14:39,18.0,13.406,1.0,True,4,20.0,True,0,0,2,0,0,0,0,0,0,1,0,0,0,0,0,0,2,0,0.0,0,0.0,-0.0,-0.0,20.285,5.0,0,0,0,-0.0,4,MOBILE_DEEP_CYCLE,STATEFUL_WATCH_LARGE_GAP_OR_CENSORED,WINDOW_NORMAL_RESPONDING,ACTION_MONITOR_NEXT_WINDOW,low,7,large_gap_or_censored_dominant,micro_wobble;large_gap_dominant,days_eff=20 days_any=13 cyc_eff=5 hq_nr=0 total_nr=0 cens=0 lg_opp=2 opp=3 norm_anom=-0.00 conf_p=1 micro_only=True cluster=MOBILE_DEEP_CYCLE,No user-facing action; monitoring.,Ambiguous/weak evidence (20d since effective change); monitor next window.,,False,False,True,True,False,False,False,False,0,2026-06-08T10:02:59Z,rolling30-v2.0,30,1,abs_ge_50mWh
LAPTOP-A9PSKJU9_panjun1,2026-05-20,2026-04-20 23:59:59.999999999,2026-05-20 23:59:59.999999999,563,29.206,0.5,4.9,36.701,27,16,5,0,0,0,0,False,WINDOW_QUALITY_OK,98.0,119.0,21.0,21.571,0.6143,0.2875,0.3857,1.0,100.0,99.0,17.1,90.0,100.0,0.0084,0.042,0.5891,0.4824,0.442,103,142,52,58820.0,56660.0,53950.0,58820.0,4870.0,30,10,3570.0,2026-05-19 11:37:20,118.0,101.41,97.69,3,9,1,0,12,3,8,1,0,11,2,5,1,0,7,0.9639,2,1,3,0.312551,0.5051,0.27836,0.26674,1.2596,2,1,3,0.182473,0.7388,0.25037,2026-05-20 23:59:59.999999999,2025-12-10 08:48:23,2026-05-20 14:35:17,161.633,True,56670.0,2026-05-19 11:37:20,118.0,1.516,1.0,True,56660.0,2026-05-20 10:39:37,119.0,0.556,0.0,True,1,10.0,True,0,0,0,0,0,0,0,0,0,0,0,0,0,0,0,0,0,0,0.0,0,0.0,-0.0,-0.0,1.516,1.0,0,0,0,-0.0,4,MOBILE_DEEP_CYCLE,STATEFUL_WATCH_LOW_EVIDENCE,WINDOW_NORMAL_RESPONDING,ACTION_MONITOR_NEXT_WINDOW,low,8,weak_partial_evidence,micro_wobble,days_eff=2 days_any=1 cyc_eff=1 hq_nr=0 total_nr=0 cens=0 lg_opp=0 opp=0 norm_anom=-0.00 conf_p=0.278 micro_only=True cluster=MOBILE_DEEP_CYCLE,No user-facing action; monitoring.,Ambiguous/weak evidence (1d since effective change); monitor next window.,,False,False,True,False,False,False,False,False,0,2026-06-08T10:02:59Z,rolling30-v2.0,30,1,abs_ge_50mWh
LAPTOP-A9RJIBMS_kurada,2025-08-28,2025-07-29 23:59:59.999999999,2025-08-28 23:59:59.999999999,323,29.072,0.5,0.502,229.744,13,13,3,0,0,0,0,False,WINDOW_QUALITY_OK,3.0,4.0,1.0,1.032,0.9848,0.036,0.0152,88.0,100.0,12.0,95.0,98.0,100.0,0.0,0.0,1.0,0.9967,0.9452,26,31,13,90000.0,89980.0,89980.0,90000.0,20.0,1,0,0.0,,,100.0,99.98,0,0,0,0,0,0,0,0,0,0,0,0,0,0,0,0.0,0,0,0,,0.0,,,0.0,0,0,0,,0.0,,2025-08-28 23:59:59.999999999,2025-07-16 11:27:07,2025-08-28 11:22:46,43.523,False,90000.0,2025-07-16 11:27:07,3.0,43.523,1.0,False,89980.0,2025-08-14 09:25:13,4.0,14.607,0.0,False,1,20.0,True,0,0,0,0,0,0,0,0,0,0,0,0,0,0,0,0,0,0,0.0,0,0.0,-0.0,-0.0,43.523,1.0,0,0,0,-0.0,5,AC_BOUND,STATEFUL_REVIEW_DATA_QUALITY,WINDOW_MICRO_WOBBLE_ONLY,ACTION_COLLECT_MORE_DATA_OR_MANUAL_REVIEW,low,1,data_quality_or_history_review,micro_wobble,days_eff=44 days_any=15 cyc_eff=1 hq_nr=0 total_nr=0 cens=0 lg_opp=0 opp=0 norm_anom=-0.00 conf_p=1 micro_only=True cluster=AC_BOUND,No user-facing action; collecting more data.,Data-quality/history review outranks action (would_have_been=NONE). Collect more data or manual review.,NONE,False,False,True,False,False,True,False,False,0,2026-06-08T10:02:59Z,rolling30-v2.0,30,1,abs_ge_50mWh
LAPTOP-ADS95E8B_TM2,2025-08-28,2025-07-29 23:59:59.999999999,2025-08-28 23:59:59.999999999,48,2.824,0.053,1.798,44.67,2,2,1,0,0,0,0,False,WINDOW_QUALITY_SHORT_OBS,5.0,6.0,1.0,10.623,0.2882,0.277,0.7118,67.0,100.0,33.0,68.35,90.5,100.0,0.0,0.0,0.7399,0.4732,0.4326,2,3,1,57260.0,57210.0,57210.0,57260.0,50.0,1,1,50.0,2025-08-28 12:10:00,6.0,100.4,100.32,0,0,0,0,0,0,0,0,0,0,0,0,0,0,0,0.0,0,0,0,,0.0,,,0.0,0,0,0,,0.0,,2025-08-28 23:59:59.999999999,2019-05-06 01:31:37,2025-08-28 12:17:55,2306.936,True,57210.0,2025-08-28 12:10:00,6.0,0.493,0.0,True,57210.0,2025-08-28 12:10:00,6.0,0.493,0.0,True,0,0.0,False,0,0,0,0,0,0,0,0,0,0,0,0,0,0,0,0,0,0,0.0,0,0.0,-0.0,-0.0,0.493,0.0,0,0,0,-0.0,-1,SPARSE_OR_GAPPY,STATEFUL_REVIEW_DATA_QUALITY,WINDOW_DATA_QUALITY_REVIEW,ACTION_COLLECT_MORE_DATA_OR_MANUAL_REVIEW,low,1,data_quality_or_history_review,,days_eff=0 days_any=0 cyc_eff=0 hq_nr=0 total_nr=0 cens=0 lg_opp=0 opp=0 norm_anom=-0.00 conf_p=1 micro_only=False cluster=SPARSE_OR_GAPPY,No user-facing action; collecting more data.,Data-quality/history review outranks action (would_have_been=NONE). Collect more data or manual review.,NONE,False,False,False,False,False,False,True,False,0,2026-06-08T10:02:59Z,rolling30-v2.0,30,1,abs_ge_50mWh
LAPTOP-APU7HF6F_Administrator,2025-03-18,2025-02-16 23:59:59.999999999,2025-03-18 23:59:59.999999999,178,3.827,0.5,0.5,5.504,0,0,0,0,0,0,0,False,WINDOW_QUALITY_SHORT_OBS,148.0,149.0,1.0,7.84,0.9869,0.0305,0.0131,51.0,100.0,49.0,94.0,100.0,100.0,0.0,0.0,0.9564,0.9564,0.9281,1,2,1,47200.0,47160.0,47160.0,47200.0,40.0,1,0,0.0,,,82.76,82.69,0,1,0,0,1,0,1,0,0,1,0,0,0,0,0,0.0,0,0,0,,0.0,,,0.0,0,0,0,,0.0,,2025-03-18 23:59:59.999999999,2024-11-20 12:50:00,2025-03-18 10:01:25,118.465,True,47200.0,2024-11-26 13:11:12,148.0,112.451,1.0,False,47160.0,2025-03-14 21:32:34,149.0,4.102,0.0,True,1,40.0,True,0,0,1,0,0,0,0,0,0,0,0,0,0,0,0,0,1,0,0.0,0,0.0,-0.0,-0.0,112.451,1.0,0,0,0,-0.0,-1,SPARSE_OR_GAPPY,STATEFUL_REVIEW_DATA_QUALITY,WINDOW_DATA_QUALITY_REVIEW,ACTION_COLLECT_MORE_DATA_OR_MANUAL_REVIEW,low,1,data_quality_or_history_review,micro_wobble;large_gap_dominant,days_eff=112 days_any=4 cyc_eff=1 hq_nr=0 total_nr=0 cens=0 lg_opp=1 opp=1 norm_anom=-0.00 conf_p=1 micro_only=True cluster=SPARSE_OR_GAPPY,No user-facing action; collecting more data.,Data-quality/history review outranks action (would_have_been=NONE). Collect more data or manual review.,NONE,False,False,True,True,False,False,True,False,0,2026-06-08T10:02:59Z,rolling30-v2.0,30,1,abs_ge_50mWh
LAPTOP-APU7HF6F_Carl_Pan,2024-10-17,2024-09-17 23:59:59.999999999,2024-10-17 23:59:59.999999999,109,26.808,0.498,4.566,425.174,6,5,3,0,0,0,0,False,WINDOW_QUALITY_OK,141.0,146.0,5.0,5.595,0.687,0.2517,0.313,1.0,100.0,99.0,2.0,83.0,100.0,0.1128,0.1764,0.5214,0.4745,0.3681,26,35,13,48980.0,46720.0,46720.0,48980.0,2260.0,7,2,1600.0,2024-10-12 20:07:30,145.0,85.88,81.92,0,3,0,0,3,0,2,0,0,2,0,2,0,0,2,0.0,0,0,0,,0.0,,,0.0,0,0,0,,0.0,,2024-10-17 23:59:59.999999999,2023-10-16 09:33:21,2024-10-17 10:20:43,367.602,True,46740.0,2024-10-12 20:07:30,145.0,5.161,1.0,True,46720.0,2024-10-17 10:20:04,146.0,0.569,0.0,True,1,20.0,True,0,0,1,0,0,0,0,0,0,1,0,0,0,0,0,0,1,0,0.0,0,0.0,-0.0,-0.0,5.161,1.0,0,0,0,-0.0,0,MOBILE_DEEP_CYCLE,STATEFUL_WATCH_LARGE_GAP_OR_CENSORED,WINDOW_NORMAL_RESPONDING,ACTION_MONITOR_NEXT_WINDOW,low,7,large_gap_or_censored_dominant,micro_wobble;large_gap_dominant,days_eff=5 days_any=1 cyc_eff=1 hq_nr=0 total_nr=0 cens=0 lg_opp=1 opp=2 norm_anom=-0.00 conf_p=1 micro_only=True cluster=MOBILE_DEEP_CYCLE,No user-facing action; monitoring.,Ambiguous/weak evidence (5d since effective change); monitor next window.,,False,False,True,True,False,False,False,False,0,2026-06-08T10:02:59Z,rolling30-v2.0,30,1,abs_ge_50mWh
LAPTOP-ARLD326G_X1CG14,2026-05-21,2026-04-21 23:59:59.999999999,2026-05-21 23:59:59.999999999,491,29.819,0.5,1.092,208.359,16,11,3,0,0,0,0,False,WINDOW_QUALITY_OK,3.0,5.0,2.0,2.012,0.9048,0.0518,0.0952,68.0,100.0,32.0,89.0,98.0,100.0,0.0,0.0,0.9881,0.9472,0.8564,76,95,38,58010.0,57990.0,57990.0,58010.0,20.0,2,0,0.0,,,100.02,99.98,0,0,0,0,0,0,0,0,0,0,0,0,0,0,0,0.0,0,0,0,,0.0,,,0.0,0,0,0,,0.0,,2026-05-21 23:59:59.999999999,2026-03-10 02:40:13,2026-05-21 20:05:52,72.889,True,58020.0,2026-03-10 02:40:13,2.0,72.889,3.0,False,57990.0,2026-05-13 10:49:28,5.0,8.549,0.0,True,3,10.0,True,0,0,0,0,0,0,0,0,0,0,0,0,0,0,0,0,0,0,0.0,0,0.0,-0.0,-0.0,72.889,3.0,0,0,0,-0.0,5,AC_BOUND,STATEFUL_NORMAL_RESPONDING,WINDOW_MICRO_WOBBLE_ONLY,ACTION_NONE,high,9,responding_or_no_concern,micro_wobble,days_eff=73 days_any=9 cyc_eff=3 hq_nr=0 total_nr=0 cens=0 lg_opp=0 opp=0 norm_anom=-0.00 conf_p=1 micro_only=True cluster=AC_BOUND,No action needed.,Responding normally; no concern.,,False,False,True,False,False,False,False,False,0,2026-06-08T10:02:59Z,rolling30-v2.0,30,1,abs_ge_50mWh
LAPTOP-B21SDAHL_Nile,2026-01-14,2025-12-15 23:59:59.999999999,2026-01-14 23:59:59.999999999,399,29.093,0.5,5.714,132.097,18,9,6,0,1,0,0,True,WINDOW_QUALITY_COUNTER_RESET,7.0,25.0,18.0,18.561,0.456,0.2488,0.544,1.0,100.0,99.0,5.0,65.0,100.0,0.1091,0.1538,0.4161,0.3222,0.2426,90,122,45,58030.0,58980.0,56590.0,59030.0,2440.0,24,6,2440.0,2026-01-02 23:37:41,21.0,100.05,101.69,7,5,2,0,12,6,5,2,0,11,6,4,2,0,10,2.9122,5,2,7,0.022682,1.6443,0.02385,0.02653,3.6146,5,2,7,0.006005,2.2215,0.06609,2026-01-14 23:59:59.999999999,2025-12-16 10:39:56,2026-01-14 12:53:30,29.556,False,59030.0,2026-01-02 23:37:41,21.0,12.015,4.0,False,58980.0,2026-01-09 19:10:56,25.0,5.201,0.0,False,4,20.0,True,1,0,2,1,0,1,0,1,0,1,1,0,1,0,1,0,2,0,0.3841,0,-0.48464,0.2105,0.2105,12.015,4.0,1,1,0,0.2105,-1,SPARSE_OR_GAPPY,STATEFUL_REVIEW_DATA_QUALITY,WINDOW_DATA_QUALITY_REVIEW,ACTION_COLLECT_MORE_DATA_OR_MANUAL_REVIEW,low,1,data_quality_or_history_review,fw_like;micro_wobble;large_gap_dominant,days_eff=12 days_any=5 cyc_eff=4 hq_nr=1 total_nr=1 cens=0 lg_opp=2 opp=5 norm_anom=0.21 conf_p=0.0238 micro_only=True cluster=SPARSE_OR_GAPPY,No user-facing action; collecting more data.,Data-quality/history review outranks action (would_have_been=FW_WATCH_LIKE). Collect more data or manual review.,FW_WATCH_LIKE,True,False,True,True,False,True,True,False,0,2026-06-08T10:02:59Z,rolling30-v2.0,30,1,abs_ge_50mWh
LAPTOP-BD8L6116_Think,2025-07-10,2025-06-10 23:59:59.999999999,2025-07-10 23:59:59.999999999,396,29.267,0.5,1.573,161.055,11,9,4,0,0,0,0,False,WINDOW_QUALITY_OK,15.0,29.0,14.0,14.351,0.7441,0.2006,0.2559,0.0,100.0,100.0,12.0,100.0,100.0,0.0556,0.0731,0.6794,0.6348,0.5992,47,63,24,58550.0,53510.0,53510.0,58550.0,5040.0,5,4,3740.0,2025-07-02 10:43:58,27.0,106.98,97.77,4,5,3,0,9,2,5,1,0,7,1,5,1,0,6,1.6261,1,3,4,0.122152,0.9131,0.11132,0.11276,1.4941,1,3,4,0.151649,0.8192,0.23242,2025-07-10 23:59:59.999999999,2025-05-21 16:56:12,2025-07-10 10:09:44,50.294,False,53510.0,2025-07-02 10:43:58,27.0,8.553,2.0,False,53510.0,2025-07-02 10:43:58,27.0,8.553,2.0,False,0,0.0,False,0,0,1,0,0,0,0,0,0,1,0,0,0,0,0,0,1,0,0.0,0,0.0,-0.0,-0.0,8.553,2.0,0,0,0,-0.0,4,MOBILE_DEEP_CYCLE,STATEFUL_REVIEW_DATA_QUALITY,WINDOW_NORMAL_RESPONDING,ACTION_COLLECT_MORE_DATA_OR_MANUAL_REVIEW,low,1,data_quality_or_history_review,large_gap_dominant,days_eff=9 days_any=9 cyc_eff=2 hq_nr=0 total_nr=0 cens=0 lg_opp=1 opp=2 norm_anom=-0.00 conf_p=0.111 micro_only=False cluster=MOBILE_DEEP_CYCLE,No user-facing action; collecting more data.,Data-quality/history review outranks action (would_have_been=NONE). Collect more data or manual review.,NONE,False,False,False,True,False,True,False,False,0,2026-06-08T10:02:59Z,rolling30-v2.0,30,1,abs_ge_50mWh
LAPTOP-C1EEVLRC_86138,2024-05-22,2024-04-22 23:59:59.999999999,2024-05-22 23:59:59.999999999,551,29.193,0.5,4.31,110.203,24,10,3,0,0,0,0,False,WINDOW_QUALITY_OK,30.0,50.0,20.0,20.553,0.3908,0.2417,0.6092,1.0,100.0,99.0,10.0,63.0,100.0,0.0333,0.0985,0.3623,0.2516,0.1932,103,128,52,60150.0,57560.0,56100.0,60150.0,4050.0,25,5,3210.0,2024-05-13 21:29:24,46.0,105.47,100.93,8,8,3,0,16,3,6,1,0,9,2,6,1,0,8,3.1162,5,3,8,0.019009,1.721,0.02194,0.02417,3.5225,5,3,8,0.008655,2.0628,0.07792,2024-05-22 23:59:59.999999999,2024-03-26 10:39:57,2024-05-22 13:30:48,57.556,False,57610.0,2024-05-13 21:29:24,46.0,9.105,4.0,False,57560.0,2024-05-21 09:33:00,50.0,1.602,0.0,False,4,20.0,True,1,0,1,1,0,1,0,1,0,0,1,0,1,0,1,0,1,0,0.3841,0,-0.48464,0.2105,0.2105,9.105,4.0,1,1,0,0.2105,4,MOBILE_DEEP_CYCLE,STATEFUL_REVIEW_DATA_QUALITY,WINDOW_NORMAL_RESPONDING,ACTION_COLLECT_MORE_DATA_OR_MANUAL_REVIEW,low,1,data_quality_or_history_review,fw_like;micro_wobble;large_gap_dominant,days_eff=9 days_any=2 cyc_eff=4 hq_nr=1 total_nr=1 cens=0 lg_opp=1 opp=3 norm_anom=0.21 conf_p=0.0219 micro_only=True cluster=MOBILE_DEEP_CYCLE,No user-facing action; collecting more data.,Data-quality/history review outranks action (would_have_been=FW_WATCH_LIKE). Collect more data or manual review.,FW_WATCH_LIKE,True,False,True,True,False,True,False,False,0,2026-06-08T10:02:59Z,rolling30-v2.0,30,1,abs_ge_50mWh
LAPTOP-C2TA9AP9_Thames-2_LNL_BE_SIT,2025-04-24,2025-03-25 23:59:59.999999999,2025-04-24 23:59:59.999999999,48,28.951,0.09,73.577,264.573,11,10,6,0,0,0,0,False,WINDOW_QUALITY_SPARSE,7.0,8.0,1.0,1.036,0.2133,0.1953,0.7867,16.0,100.0,84.0,18.75,76.5,100.0,0.0,0.0039,0.3787,0.2058,0.0454,4,6,3,57130.0,57120.0,57120.0,57130.0,10.0,1,0,0.0,,,100.18,100.16,0,1,0,0,1,0,0,0,0,0,0,0,0,0,0,0.0,0,0,0,,0.0,,,0.0,0,0,0,,0.0,,2025-04-24 23:59:59.999999999,2024-11-27 12:31:28,2025-04-24 15:46:16,148.478,True,57200.0,2024-11-27 12:31:28,1.0,148.478,7.0,False,57120.0,2025-04-04 15:47:32,8.0,20.342,0.0,True,7,20.0,True,0,0,1,0,0,0,0,0,0,0,0,0,0,0,0,0,1,0,0.0,0,0.0,-0.0,-0.0,148.478,7.0,0,0,0,-0.0,-1,SPARSE_OR_GAPPY,STATEFUL_REVIEW_DATA_QUALITY,WINDOW_DATA_QUALITY_REVIEW,ACTION_COLLECT_MORE_DATA_OR_MANUAL_REVIEW,low,1,data_quality_or_history_review,micro_wobble;large_gap_dominant,days_eff=148 days_any=20 cyc_eff=7 hq_nr=0 total_nr=0 cens=0 lg_opp=1 opp=1 norm_anom=-0.00 conf_p=1 micro_only=True cluster=SPARSE_OR_GAPPY,No user-facing action; collecting more data.,Data-quality/history review outranks action (would_have_been=NONE). Collect more data or manual review.,NONE,False,False,True,True,False,False,True,False,0,2026-06-08T10:02:59Z,rolling30-v2.0,30,1,abs_ge_50mWh
LAPTOP-CIKD46CF_Zeus2,2024-06-11,2024-05-12 23:59:59.999999999,2024-06-11 23:59:59.999999999,10,0.167,0.499,1.174,1.623,0,0,0,0,0,0,0,False,WINDOW_QUALITY_SHORT_OBS,23.0,24.0,1.0,179.377,0.5956,0.5363,0.4044,29.0,100.0,71.0,29.0,91.5,100.0,0.0,0.0,0.7507,0.7507,0.5961,1,2,1,47450.0,47420.0,47420.0,47450.0,30.0,1,0,0.0,,,95.72,95.66,0,0,0,0,0,0,0,0,0,0,0,0,0,0,0,0.0,0,0,0,,0.0,,,0.0,0,0,0,,0.0,,2024-06-11 23:59:59.999999999,2023-09-11 11:51:57,2024-06-11 17:02:21,274.506,True,47450.0,2024-06-11 13:01:31,23.0,0.457,1.0,True,47420.0,2024-06-11 15:10:40,24.0,0.368,0.0,True,1,30.0,True,0,0,0,0,0,0,0,0,0,0,0,0,0,0,0,0,0,0,0.0,0,0.0,-0.0,-0.0,0.457,1.0,0,0,0,-0.0,-1,SPARSE_OR_GAPPY,STATEFUL_REVIEW_DATA_QUALITY,WINDOW_DATA_QUALITY_REVIEW,ACTION_COLLECT_MORE_DATA_OR_MANUAL_REVIEW,low,1,data_quality_or_history_review,micro_wobble,days_eff=0 days_any=0 cyc_eff=1 hq_nr=0 total_nr=0 cens=0 lg_opp=0 opp=0 norm_anom=-0.00 conf_p=1 micro_only=True cluster=SPARSE_OR_GAPPY,No user-facing action; collecting more data.,Data-quality/history review outranks action (would_have_been=NONE). Collect more data or manual review.,NONE,False,False,True,False,False,False,True,False,0,2026-06-08T10:02:59Z,rolling30-v2.0,30,1,abs_ge_50mWh
LAPTOP-CJP1C30S_TM2,2025-09-05,2025-08-06 23:59:59.999999999,2025-09-05 23:59:59.999999999,37,9.903,0.029,54.104,90.214,5,4,3,0,0,0,0,False,WINDOW_QUALITY_SPARSE,9.0,10.0,1.0,3.03,0.1512,0.1396,0.8488,67.0,100.0,33.0,67.0,94.0,100.0,0.0,0.0,0.6448,0.3161,0.3067,2,3,2,62730.0,62730.0,62730.0,62730.0,0.0,0,0,0.0,,,109.99,109.99,0,0,0,0,0,0,0,0,0,0,0,0,0,0,0,0.0,0,0,0,,0.0,,,0.0,0,0,0,,0.0,,2025-09-05 23:59:59.999999999,2025-06-06 04:36:31,2025-09-05 02:05:22,91.808,True,62730.0,2025-07-07 02:42:28,8.0,60.887,2.0,False,62730.0,2025-07-07 02:42:28,8.0,60.887,2.0,False,0,0.0,False,0,0,1,0,0,0,0,0,0,1,0,0,0,0,0,0,1,0,0.0,0,0.0,-0.0,-0.0,60.887,2.0,0,0,0,-0.0,-1,SPARSE_OR_GAPPY,STATEFUL_REVIEW_DATA_QUALITY,WINDOW_DATA_QUALITY_REVIEW,ACTION_COLLECT_MORE_DATA_OR_MANUAL_REVIEW,low,1,data_quality_or_history_review,large_gap_dominant,days_eff=61 days_any=61 cyc_eff=2 hq_nr=0 total_nr=0 cens=0 lg_opp=1 opp=2 norm_anom=-0.00 conf_p=1 micro_only=False cluster=SPARSE_OR_GAPPY,No user-facing action; collecting more data.,Data-quality/history review outranks action (would_have_been=NONE). Collect more data or manual review.,NONE,False,False,False,True,False,False,True,False,0,2026-06-08T10:02:59Z,rolling30-v2.0,30,1,abs_ge_50mWh
LAPTOP-CPPVM862_LL,2024-09-18,2024-08-19 23:59:59.999999999,2024-09-18 23:59:59.999999999,54,25.548,0.5,31.539,324.628,4,4,3,0,0,0,0,False,WINDOW_QUALITY_SPARSE,137.0,140.0,3.0,3.523,0.5591,0.2095,0.4409,70.0,100.0,30.0,71.3,98.0,100.0,0.0,0.0,0.7752,0.7553,0.5898,13,18,7,52440.0,52440.0,52440.0,52440.0,0.0,0,0,0.0,,,99.32,99.32,0,0,0,0,0,0,0,0,0,0,0,0,0,0,0,0.0,0,0,0,,0.0,,,0.0,0,0,0,,0.0,,2024-09-18 23:59:59.999999999,2023-02-06 10:52:10,2024-09-18 09:20:24,590.547,True,52440.0,2023-03-14 21:03:24,77.0,554.123,63.0,False,52440.0,2023-03-14 21:03:24,77.0,554.123,63.0,False,0,0.0,False,2,0,1,2,0,2,0,0,0,1,0,0,0,0,2,0,1,0,0.6985,0,-0.86214,0.3744,0.3744,554.123,63.0,2,0,0,0.3744,-1,SPARSE_OR_GAPPY,STATEFUL_REVIEW_DATA_QUALITY,WINDOW_DATA_QUALITY_REVIEW,ACTION_COLLECT_MORE_DATA_OR_MANUAL_REVIEW,low,1,data_quality_or_history_review,fw_like,days_eff=554 days_any=554 cyc_eff=63 hq_nr=2 total_nr=2 cens=0 lg_opp=1 opp=4 norm_anom=0.37 conf_p=1 micro_only=False cluster=SPARSE_OR_GAPPY,No user-facing action; collecting more data.,Data-quality/history review outranks action (would_have_been=FW_CORE_LIKE). Collect more data or manual review.,FW_CORE_LIKE,True,False,False,False,False,False,True,False,0,2026-06-08T10:02:59Z,rolling30-v2.0,30,1,abs_ge_50mWh
LAPTOP-CU8DTV76_CamTest,2024-11-20,2024-10-21 23:59:59.999999999,2024-11-20 23:59:59.999999999,396,14.083,0.5,0.577,98.156,6,4,2,0,1,0,0,True,WINDOW_QUALITY_COUNTER_RESET,8.0,12.0,4.0,8.521,0.6504,0.0748,0.3496,0.0,100.0,100.0,46.75,97.0,100.0,0.0191,0.0221,0.8144,0.7327,0.5643,43,54,22,56380.0,56900.0,56380.0,56940.0,560.0,7,1,560.0,2024-11-08 13:00:01,8.0,98.86,99.77,0,1,0,0,1,0,1,0,0,1,0,1,0,0,1,0.0,0,0,0,,0.0,,,0.0,0,0,0,,0.0,,2024-11-20 23:59:59.999999999,2024-11-06 15:38:45,2024-11-20 17:37:50,14.348,False,56940.0,2024-11-08 13:00:01,8.0,12.458,4.0,False,56900.0,2024-11-14 11:28:59,12.0,6.522,0.0,False,6,10.0,True,0,0,1,0,0,0,0,0,0,1,0,0,0,0,0,0,1,0,0.0,0,0.0,-0.0,-0.0,12.458,4.0,0,0,0,-0.0,-1,SPARSE_OR_GAPPY,STATEFUL_REVIEW_DATA_QUALITY,WINDOW_DATA_QUALITY_REVIEW,ACTION_COLLECT_MORE_DATA_OR_MANUAL_REVIEW,low,1,data_quality_or_history_review,micro_wobble;large_gap_dominant,days_eff=12 days_any=7 cyc_eff=4 hq_nr=0 total_nr=0 cens=0 lg_opp=1 opp=2 norm_anom=-0.00 conf_p=1 micro_only=True cluster=SPARSE_OR_GAPPY,No user-facing action; collecting more data.,Data-quality/history review outranks action (would_have_been=NONE). Collect more data or manual review.,NONE,False,False,True,True,False,True,True,False,0,2026-06-08T10:02:59Z,rolling30-v2.0,30,1,abs_ge_50mWh
LAPTOP-D986V7T9_EAASIT1.12,2025-09-02,2025-08-03 23:59:59.999999999,2025-09-02 23:59:59.999999999,54,8.781,0.5,20.917,64.115,5,5,3,0,0,0,0,False,WINDOW_QUALITY_OK,17.0,18.0,1.0,3.417,0.7685,0.2563,0.2315,35.0,100.0,65.0,38.0,98.0,100.0,0.0,0.0,0.7299,0.6352,0.5608,4,6,2,53470.0,53460.0,53460.0,53470.0,10.0,1,0,0.0,,,93.81,93.79,0,0,0,0,0,0,0,0,0,0,0,0,0,0,0,0.0,0,0,0,,0.0,,,0.0,0,0,0,,0.0,,2025-09-02 23:59:59.999999999,2025-03-03 20:08:10,2025-09-02 13:01:25,183.161,True,53470.0,2025-05-21 18:13:35,17.0,104.241,1.0,False,53460.0,2025-08-25 10:57:16,18.0,8.544,0.0,True,1,10.0,True,0,0,0,0,0,0,0,0,0,0,0,0,0,0,0,0,0,0,0.0,0,0.0,-0.0,-0.0,104.241,1.0,0,0,0,-0.0,5,AC_BOUND,STATEFUL_NORMAL_RESPONDING,WINDOW_MICRO_WOBBLE_ONLY,ACTION_NONE,high,9,responding_or_no_concern,micro_wobble,days_eff=104 days_any=9 cyc_eff=1 hq_nr=0 total_nr=0 cens=0 lg_opp=0 opp=0 norm_anom=-0.00 conf_p=1 micro_only=True cluster=AC_BOUND,No action needed.,Responding normally; no concern.,,False,False,True,False,False,False,False,False,0,2026-06-08T10:02:59Z,rolling30-v2.0,30,1,abs_ge_50mWh
LAPTOP-DCOJFCQ0_TM_X1_MTL,2025-03-15,2025-02-13 23:59:59.999999999,2025-03-15 23:59:59.999999999,601,29.651,0.5,6.026,37.834,31,9,2,0,2,0,0,True,WINDOW_QUALITY_COUNTER_RESET,96.0,103.0,7.0,7.082,0.8104,0.0838,0.1896,20.0,100.0,80.0,61.0,100.0,100.0,0.0,0.0,0.8943,0.8361,0.7792,74,104,37,49690.0,49610.0,49610.0,49690.0,80.0,11,0,0.0,,,87.13,86.99,0,1,0,0,1,0,0,0,0,0,0,0,0,0,0,0.0,0,0,0,,0.0,,,0.0,0,0,0,,0.0,,2025-03-15 23:59:59.999999999,2024-03-26 16:02:24,2025-03-15 15:49:44,354.332,True,49730.0,2025-01-31 01:35:50,93.0,43.933,10.0,True,49610.0,2025-03-12 21:21:20,103.0,3.11,0.0,True,14,20.0,True,0,0,1,0,0,0,0,0,0,0,0,0,0,0,0,0,1,0,0.0,0,0.0,-0.0,-0.0,43.933,10.0,0,0,0,-0.0,-1,SPARSE_OR_GAPPY,STATEFUL_REVIEW_DATA_QUALITY,WINDOW_DATA_QUALITY_REVIEW,ACTION_COLLECT_MORE_DATA_OR_MANUAL_REVIEW,low,1,data_quality_or_history_review,micro_wobble;large_gap_dominant,days_eff=44 days_any=3 cyc_eff=10 hq_nr=0 total_nr=0 cens=0 lg_opp=1 opp=1 norm_anom=-0.00 conf_p=1 micro_only=True cluster=SPARSE_OR_GAPPY,No user-facing action; collecting more data.,Data-quality/history review outranks action (would_have_been=NONE). Collect more data or manual review.,NONE,False,False,True,True,False,False,True,False,0,2026-06-08T10:02:59Z,rolling30-v2.0,30,1,abs_ge_50mWh
LAPTOP-DDJ0EVTT_T14s2in1,2026-05-27,2026-04-27 23:59:59.999999999,2026-05-27 23:59:59.999999999,403,29.327,0.5,6.953,71.176,22,13,4,0,0,0,0,False,WINDOW_QUALITY_OK,21.0,30.0,9.0,9.207,0.6297,0.1889,0.3703,2.0,100.0,98.0,49.0,96.0,100.0,0.0102,0.025,0.8063,0.6518,0.5584,82,109,41,59300.0,57210.0,57210.0,59300.0,2090.0,10,1,1970.0,2026-05-22 18:55:01,28.0,102.24,98.64,0,2,0,0,2,0,2,0,0,2,0,2,0,0,2,0.0,0,0,0,,0.0,,,0.0,0,0,0,,0.0,,2026-05-27 23:59:59.999999999,2026-01-28 12:13:32,2026-05-27 14:03:48,119.491,True,57240.0,2026-05-22 18:55:01,28.0,5.212,2.0,True,57210.0,2026-05-27 13:33:48,30.0,0.435,0.0,True,2,20.0,True,0,0,1,0,0,0,0,0,0,1,0,0,0,0,0,0,1,0,0.0,0,0.0,-0.0,-0.0,5.212,2.0,0,0,0,-0.0,4,MOBILE_DEEP_CYCLE,STATEFUL_WATCH_LARGE_GAP_OR_CENSORED,WINDOW_NORMAL_RESPONDING,ACTION_MONITOR_NEXT_WINDOW,low,7,large_gap_or_censored_dominant,micro_wobble;large_gap_dominant,days_eff=5 days_any=0 cyc_eff=2 hq_nr=0 total_nr=0 cens=0 lg_opp=1 opp=2 norm_anom=-0.00 conf_p=1 micro_only=True cluster=MOBILE_DEEP_CYCLE,No user-facing action; monitoring.,Ambiguous/weak evidence (5d since effective change); monitor next window.,,False,False,True,True,False,False,False,False,0,2026-06-08T10:02:59Z,rolling30-v2.0,30,1,abs_ge_50mWh
LAPTOP-E1AAB86F_X1_2-1,2025-03-03,2025-02-01 23:59:59.999999999,2025-03-03 23:59:59.999999999,468,28.154,0.5,8.339,34.854,36,6,2,0,0,0,0,False,WINDOW_QUALITY_OK,210.0,229.0,19.0,20.246,0.4503,0.2547,0.5497,2.0,100.0,98.0,22.35,80.0,100.0,0.0197,0.0526,0.5166,0.4241,0.295,115,146,58,49490.0,48480.0,48480.0,49490.0,1010.0,21,1,750.0,2025-03-01 00:37:59,227.0,86.78,85.01,3,6,3,0,9,0,4,0,0,4,0,3,0,0,3,1.1288,0,3,3,0.24055,0.6188,0.23168,0.21326,0.7115,0,3,3,0.443616,0.353,0.37629,2025-03-03 23:59:59.999999999,2024-02-01 13:11:56,2025-03-03 10:27:18,396.45,True,48510.0,2025-03-01 00:37:59,227.0,2.974,2.0,True,48480.0,2025-03-03 07:02:11,229.0,0.707,0.0,True,2,20.0,True,0,0,1,0,0,0,0,0,0,1,0,0,0,0,0,0,1,0,0.0,0,0.0,-0.0,-0.0,2.974,2.0,0,0,0,-0.0,4,MOBILE_DEEP_CYCLE,STATEFUL_WATCH_LARGE_GAP_OR_CENSORED,WINDOW_NORMAL_RESPONDING,ACTION_MONITOR_NEXT_WINDOW,low,7,large_gap_or_censored_dominant,micro_wobble;large_gap_dominant,days_eff=3 days_any=1 cyc_eff=2 hq_nr=0 total_nr=0 cens=0 lg_opp=1 opp=2 norm_anom=-0.00 conf_p=0.232 micro_only=True cluster=MOBILE_DEEP_CYCLE,No user-facing action; monitoring.,Ambiguous/weak evidence (2d since effective change); monitor next window.,,False,False,True,True,False,False,False,False,0,2026-06-08T10:02:59Z,rolling30-v2.0,30,1,abs_ge_50mWh
LAPTOP-E1N6C0NF_Nile,2026-03-11,2026-02-09 23:59:59.999999999,2026-03-11 23:59:59.999999999,13,28.856,12.199,259.765,312.97,6,6,5,0,0,0,0,False,WINDOW_QUALITY_SHORT_OBS,5.0,7.0,2.0,2.079,0.1996,0.1996,0.8004,25.0,99.0,74.0,39.4,53.0,82.8,0.0,0.0,0.0,0.0,0.0,3,3,2,58020.0,58000.0,58000.0,58020.0,20.0,2,0,0.0,,,100.03,100.0,0,0,0,0,0,0,0,0,0,0,0,0,0,0,0,0.0,0,0,0,,0.0,,,0.0,0,0,0,,0.0,,2026-03-11 23:59:59.999999999,2025-12-11 05:58:43,2026-03-11 09:12:53,90.751,True,58030.0,2025-12-11 05:58:43,1.0,90.751,6.0,False,58000.0,2026-03-11 09:12:53,7.0,0.616,0.0,True,3,10.0,True,0,0,1,0,0,0,0,0,0,1,0,0,0,0,0,0,1,0,0.0,0,0.0,-0.0,-0.0,90.751,6.0,0,0,0,-0.0,-1,SPARSE_OR_GAPPY,STATEFUL_REVIEW_DATA_QUALITY,WINDOW_DATA_QUALITY_REVIEW,ACTION_COLLECT_MORE_DATA_OR_MANUAL_REVIEW,low,1,data_quality_or_history_review,micro_wobble;large_gap_dominant,days_eff=91 days_any=1 cyc_eff=6 hq_nr=0 total_nr=0 cens=0 lg_opp=1 opp=2 norm_anom=-0.00 conf_p=1 micro_only=True cluster=SPARSE_OR_GAPPY,No user-facing action; collecting more data.,Data-quality/history review outranks action (would_have_been=NONE). Collect more data or manual review.,NONE,False,False,True,True,False,False,True,False,0,2026-06-08T10:02:59Z,rolling30-v2.0,30,1,abs_ge_50mWh
LAPTOP-ENFNG5MU_1,2026-03-09,2026-02-07 23:59:59.999999999,2026-03-09 23:59:59.999999999,802,29.31,0.5,0.513,132.093,11,5,1,0,0,0,0,False,WINDOW_QUALITY_OK,20.0,20.0,0.0,0.0,1.0,0.0023,0.0,95.0,100.0,5.0,96.0,98.0,98.0,0.0,0.0,1.0,1.0,0.9849,0,2,0,57900.0,57900.0,57900.0,57900.0,0.0,0,0,0.0,,,99.83,99.83,0,0,0,0,0,0,0,0,0,0,0,0,0,0,0,0.0,0,0,0,,0.0,,,0.0,0,0,0,,0.0,,2026-03-09 23:59:59.999999999,2025-12-03 13:31:27,2026-03-09 09:24:24,96.436,True,58030.0,2025-12-03 13:31:27,3.0,96.436,17.0,False,57900.0,2026-02-04 16:17:17,20.0,33.321,0.0,True,9,30.0,True,0,0,1,0,0,0,0,0,0,0,0,0,0,0,0,0,1,0,0.0,0,0.0,-0.0,-0.0,96.436,17.0,0,0,0,-0.0,5,AC_BOUND,STATEFUL_WATCH_LARGE_GAP_OR_CENSORED,WINDOW_LOW_INFORMATION,ACTION_MONITOR_NEXT_WINDOW,low,7,large_gap_or_censored_dominant,micro_wobble;large_gap_dominant,days_eff=96 days_any=33 cyc_eff=17 hq_nr=0 total_nr=0 cens=0 lg_opp=1 opp=1 norm_anom=-0.00 conf_p=1 micro_only=True cluster=AC_BOUND,No user-facing action; monitoring.,Ambiguous/weak evidence (96d since effective change); monitor next window.,,False,False,True,True,False,False,False,False,0,2026-06-08T10:02:59Z,rolling30-v2.0,30,1,abs_ge_50mWh
LAPTOP-EVNV9CFQ_Monica,2025-03-27,2025-02-25 23:59:59.999999999,2025-03-27 23:59:59.999999999,381,29.205,0.5,13.486,80.758,22,21,6,0,0,0,0,False,WINDOW_QUALITY_OK,11.0,15.0,4.0,4.109,0.8386,0.0905,0.1614,7.0,100.0,93.0,71.0,97.0,100.0,0.0024,0.0124,0.9168,0.8773,0.6533,57,75,29,58070.0,58590.0,58030.0,58610.0,580.0,5,1,580.0,2025-03-19 16:04:49,14.0,101.82,102.74,0,1,0,0,1,0,1,0,0,1,0,1,0,0,1,0.0,0,0,0,,0.0,,,0.0,0,0,0,,0.0,,2025-03-27 23:59:59.999999999,2024-11-15 10:12:54,2025-03-27 14:53:07,132.574,True,58610.0,2025-03-19 16:04:49,14.0,8.33,1.0,True,58590.0,2025-03-21 10:07:37,15.0,6.578,0.0,True,1,20.0,True,0,0,0,0,0,0,0,0,0,0,0,0,0,0,0,0,0,0,0.0,0,0.0,-0.0,-0.0,8.33,1.0,0,0,0,-0.0,4,MOBILE_DEEP_CYCLE,STATEFUL_NORMAL_RESPONDING,WINDOW_NORMAL_RESPONDING,ACTION_NONE,high,9,responding_or_no_concern,micro_wobble,days_eff=8 days_any=7 cyc_eff=1 hq_nr=0 total_nr=0 cens=0 lg_opp=0 opp=0 norm_anom=-0.00 conf_p=1 micro_only=True cluster=MOBILE_DEEP_CYCLE,No action needed.,Responding normally; no concern.,,False,False,True,False,False,False,False,False,0,2026-06-08T10:02:59Z,rolling30-v2.0,30,1,abs_ge_50mWh
LAPTOP-FEFDP1D9_test,2026-06-01,2026-05-02 23:59:59.999999999,2026-06-01 23:59:59.999999999,472,25.003,0.467,0.724,85.186,16,15,4,0,0,0,0,False,WINDOW_QUALITY_OK,37.0,46.0,9.0,10.799,0.627,0.2211,0.373,6.0,100.0,94.0,62.0,97.5,100.0,0.003,0.0051,0.8822,0.7639,0.602,150,193,75,57630.0,57450.0,57450.0,58100.0,650.0,11,2,590.0,2026-05-19 19:01:17,42.0,99.36,99.05,0,1,0,0,1,0,1,0,0,1,0,1,0,0,1,0.0,0,0,0,,0.0,,,0.0,0,0,0,,0.0,,2026-06-01 23:59:59.999999999,2026-01-06 00:36:21,2026-06-01 08:32:36,146.975,True,57490.0,2026-05-19 19:01:17,42.0,13.207,4.0,True,57450.0,2026-05-29 17:36:51,46.0,3.266,0.0,True,4,10.0,True,0,0,0,0,0,0,0,0,0,0,0,0,0,0,0,0,0,0,0.0,0,0.0,-0.0,-0.0,13.207,4.0,0,0,0,-0.0,4,MOBILE_DEEP_CYCLE,STATEFUL_NORMAL_RESPONDING,WINDOW_NORMAL_RESPONDING,ACTION_NONE,high,9,responding_or_no_concern,micro_wobble,days_eff=13 days_any=3 cyc_eff=4 hq_nr=0 total_nr=0 cens=0 lg_opp=0 opp=0 norm_anom=-0.00 conf_p=1 micro_only=True cluster=MOBILE_DEEP_CYCLE,No action needed.,Responding normally; no concern.,,False,False,True,False,False,False,False,False,0,2026-06-08T10:02:59Z,rolling30-v2.0,30,1,abs_ge_50mWh
LAPTOP-FG0TTKQT_amurugan1,2025-06-26,2025-05-27 23:59:59.999999999,2025-06-26 23:59:59.999999999,705,29.266,0.5,2.87,63.585,14,7,2,0,0,0,0,False,WINDOW_QUALITY_OK,25.0,35.0,10.0,10.251,0.5541,0.0808,0.4459,15.0,100.0,85.0,53.0,99.0,100.0,0.0,0.0099,0.7476,0.6512,0.5477,72,104,36,56500.0,56460.0,56460.0,57130.0,670.0,13,3,590.0,2025-06-11 14:39:07,30.0,99.07,99.0,0,1,0,0,1,0,1,0,0,1,0,0,0,0,0,0.0,0,0,0,,0.0,,,0.0,0,0,0,,0.0,,2025-06-26 23:59:59.999999999,2025-03-20 19:56:45,2025-06-26 15:51:49,98.169,True,56520.0,2025-06-11 14:39:07,30.0,15.39,5.0,True,56460.0,2025-06-26 13:51:49,35.0,0.422,0.0,True,5,20.0,True,0,0,1,0,0,0,0,0,0,0,0,0,0,0,0,0,1,0,0.0,0,0.0,-0.0,-0.0,15.39,5.0,0,0,0,-0.0,4,MOBILE_DEEP_CYCLE,STATEFUL_WATCH_LARGE_GAP_OR_CENSORED,WINDOW_NORMAL_RESPONDING,ACTION_MONITOR_NEXT_WINDOW,low,7,large_gap_or_censored_dominant,micro_wobble;large_gap_dominant,days_eff=15 days_any=0 cyc_eff=5 hq_nr=0 total_nr=0 cens=0 lg_opp=1 opp=1 norm_anom=-0.00 conf_p=1 micro_only=True cluster=MOBILE_DEEP_CYCLE,No user-facing action; monitoring.,Ambiguous/weak evidence (15d since effective change); monitor next window.,,False,False,True,True,False,False,False,False,0,2026-06-08T10:02:59Z,rolling30-v2.0,30,1,abs_ge_50mWh
LAPTOP-G59PGF6O_Avon,2026-05-08,2026-04-08 23:59:59.999999999,2026-05-08 23:59:59.999999999,308,28.98,0.5,10.721,67.576,28,15,4,0,0,0,0,False,WINDOW_QUALITY_OK,25.0,37.0,12.0,12.423,0.297,0.1705,0.703,2.0,100.0,98.0,15.0,74.0,100.0,0.0316,0.07,0.4502,0.3019,0.2423,73,99,37,56700.0,56520.0,55500.0,57550.0,2050.0,16,5,1430.0,2026-05-06 12:02:00,36.0,97.76,97.45,1,5,1,0,6,1,5,1,0,6,0,4,0,0,4,0.4407,0,1,1,0.559302,0.2524,0.64517,0.64521,0.5456,0,1,1,0.454369,0.3426,0.42454,2026-05-08 23:59:59.999999999,2026-02-05 00:53:07,2026-05-08 08:32:48,92.963,True,56530.0,2026-05-06 12:02:00,36.0,2.499,1.0,True,56520.0,2026-05-07 14:38:28,37.0,1.39,0.0,True,1,10.0,True,0,0,1,0,0,0,0,0,0,1,0,0,0,0,0,0,1,0,0.0,0,0.0,-0.0,-0.0,2.499,1.0,0,0,0,-0.0,4,MOBILE_DEEP_CYCLE,STATEFUL_WATCH_LARGE_GAP_OR_CENSORED,WINDOW_NORMAL_RESPONDING,ACTION_MONITOR_NEXT_WINDOW,low,7,large_gap_or_censored_dominant,micro_wobble;large_gap_dominant,days_eff=2 days_any=1 cyc_eff=1 hq_nr=0 total_nr=0 cens=0 lg_opp=1 opp=2 norm_anom=-0.00 conf_p=0.645 micro_only=True cluster=MOBILE_DEEP_CYCLE,No user-facing action; monitoring.,Ambiguous/weak evidence (2d since effective change); monitor next window.,,False,False,True,True,False,False,False,False,0,2026-06-08T10:02:59Z,rolling30-v2.0,30,1,abs_ge_50mWh
LAPTOP-GAVGVR9P_panjun1,2026-02-11,2026-01-12 23:59:59.999999999,2026-02-11 23:59:59.999999999,41,25.826,0.398,83.076,192.601,9,8,7,0,0,0,0,False,WINDOW_QUALITY_SPARSE,319.0,320.0,1.0,1.162,0.1868,0.1868,0.8132,1.0,84.0,83.0,7.0,37.0,77.0,0.228,0.303,0.019,0.0,0.0,12,12,6,52220.0,52210.0,52210.0,52220.0,10.0,1,0,0.0,,,91.57,91.55,0,1,0,0,1,0,0,0,0,0,0,0,0,0,0,0.0,0,0,0,,0.0,,,0.0,0,0,0,,0.0,,2026-02-11 23:59:59.999999999,2025-03-14 17:27:30,2026-02-11 09:16:31,334.273,True,52280.0,2025-12-09 14:56:17,314.0,64.378,6.0,False,52210.0,2026-01-20 08:19:26,320.0,22.653,0.0,True,6,20.0,True,0,0,2,0,0,0,0,0,0,1,0,0,0,0,0,0,2,0,0.0,0,0.0,-0.0,-0.0,64.378,6.0,0,0,0,-0.0,-1,SPARSE_OR_GAPPY,STATEFUL_REVIEW_DATA_QUALITY,WINDOW_DATA_QUALITY_REVIEW,ACTION_COLLECT_MORE_DATA_OR_MANUAL_REVIEW,low,1,data_quality_or_history_review,micro_wobble;large_gap_dominant,days_eff=64 days_any=23 cyc_eff=6 hq_nr=0 total_nr=0 cens=0 lg_opp=2 opp=3 norm_anom=-0.00 conf_p=1 micro_only=True cluster=SPARSE_OR_GAPPY,No user-facing action; collecting more data.,Data-quality/history review outranks action (would_have_been=NONE). Collect more data or manual review.,NONE,False,False,True,True,False,False,True,False,0,2026-06-08T10:02:59Z,rolling30-v2.0,30,1,abs_ge_50mWh
LAPTOP-GGLFATQJ_kazuk,2023-10-13,2023-09-13 23:59:59.999999999,2023-10-13 23:59:59.999999999,635,26.887,0.5,0.5,163.285,6,5,3,0,0,0,0,False,WINDOW_QUALITY_OK,220.0,223.0,3.0,3.347,0.9491,0.0216,0.0509,0.0,100.0,100.0,99.7,100.0,100.0,0.0078,0.0089,0.9432,0.9386,0.9386,4,8,2,42960.0,43130.0,42400.0,43130.0,730.0,5,5,620.0,2023-10-09 01:10:25,223.0,79.47,79.78,0,2,0,0,2,0,2,0,0,2,0,2,0,0,2,0.0,0,0,0,,0.0,,,0.0,0,0,0,,0.0,,2023-10-13 23:59:59.999999999,2023-02-08 07:36:25,2023-10-13 19:12:21,247.683,True,43130.0,2023-10-09 01:10:25,223.0,4.951,0.0,True,43130.0,2023-10-09 01:10:25,223.0,4.951,0.0,True,0,0.0,False,0,0,0,0,0,0,0,0,0,0,0,0,0,0,0,0,0,0,0.0,0,0.0,-0.0,-0.0,4.951,0.0,0,0,0,-0.0,4,MOBILE_DEEP_CYCLE,STATEFUL_NORMAL_RESPONDING,WINDOW_NORMAL_RESPONDING,ACTION_NONE,high,9,responding_or_no_concern,,days_eff=5 days_any=5 cyc_eff=0 hq_nr=0 total_nr=0 cens=0 lg_opp=0 opp=0 norm_anom=-0.00 conf_p=1 micro_only=False cluster=MOBILE_DEEP_CYCLE,No action needed.,Responding normally; no concern.,,False,False,False,False,False,False,False,False,0,2026-06-08T10:02:59Z,rolling30-v2.0,30,1,abs_ge_50mWh
LAPTOP-H0IEOCT5_zuyin,2025-05-12,2025-04-12 23:59:59.999999999,2025-05-12 23:59:59.999999999,551,29.022,0.5,7.744,20.329,36,11,0,0,0,0,0,False,WINDOW_QUALITY_OK,20.0,24.0,4.0,4.135,0.9393,0.0725,0.0607,14.0,100.0,86.0,75.0,100.0,100.0,0.0,0.0085,0.9126,0.9013,0.8816,26,39,13,85830.0,84010.0,84010.0,85830.0,1820.0,6,2,900.0,2025-05-05 09:53:32,24.0,95.37,93.34,0,1,0,0,1,0,1,0,0,1,0,0,0,0,0,0.0,0,0,0,,0.0,,,0.0,0,0,0,,0.0,,2025-05-12 23:59:59.999999999,2024-09-20 19:03:02,2025-05-12 11:57:55,234.206,True,84010.0,2025-05-05 09:53:32,24.0,7.588,0.0,True,84010.0,2025-05-05 09:53:32,24.0,7.588,0.0,True,0,0.0,False,0,0,0,0,0,0,0,0,0,0,0,0,0,0,0,0,0,0,0.0,0,0.0,-0.0,-0.0,7.588,0.0,0,0,0,-0.0,4,MOBILE_DEEP_CYCLE,STATEFUL_NORMAL_RESPONDING,WINDOW_NORMAL_RESPONDING,ACTION_NONE,high,9,responding_or_no_concern,,days_eff=8 days_any=8 cyc_eff=0 hq_nr=0 total_nr=0 cens=0 lg_opp=0 opp=0 norm_anom=-0.00 conf_p=1 micro_only=False cluster=MOBILE_DEEP_CYCLE,No action needed.,Responding normally; no concern.,,False,False,False,False,False,False,False,False,0,2026-06-08T10:02:59Z,rolling30-v2.0,30,1,abs_ge_50mWh
LAPTOP-H11NV2VL_hwpa,2025-04-01,2025-03-02 23:59:59.999999999,2025-04-01 23:59:59.999999999,166,29.15,0.5,15.995,115.163,17,14,5,0,0,0,0,False,WINDOW_QUALITY_OK,12.0,20.0,8.0,8.233,0.1876,0.1164,0.8124,5.0,100.0,95.0,21.0,53.5,99.0,0.0141,0.0633,0.3006,0.1755,0.1037,29,37,15,55150.0,54600.0,54600.0,55150.0,550.0,1,1,550.0,2025-03-11 17:09:20,16.0,106.12,105.06,0,2,0,0,2,0,2,0,0,2,0,1,0,0,1,0.0,0,0,0,,0.0,,,0.0,0,0,0,,0.0,,2025-04-01 23:59:59.999999999,2024-10-30 12:38:45,2025-04-01 13:51:53,153.473,True,54600.0,2025-03-11 17:09:20,16.0,21.285,4.0,True,54600.0,2025-03-11 17:09:20,16.0,21.285,4.0,True,0,0.0,False,0,0,1,0,0,0,0,0,0,0,0,0,0,0,0,0,1,0,0.0,0,0.0,-0.0,-0.0,21.285,4.0,0,0,0,-0.0,4,MOBILE_DEEP_CYCLE,STATEFUL_WATCH_LARGE_GAP_OR_CENSORED,WINDOW_NORMAL_RESPONDING,ACTION_MONITOR_NEXT_WINDOW,low,7,large_gap_or_censored_dominant,large_gap_dominant,days_eff=21 days_any=21 cyc_eff=4 hq_nr=0 total_nr=0 cens=0 lg_opp=1 opp=1 norm_anom=-0.00 conf_p=1 micro_only=False cluster=MOBILE_DEEP_CYCLE,No user-facing action; monitoring.,Ambiguous/weak evidence (21d since effective change); monitor next window.,,False,False,False,True,False,False,False,False,0,2026-06-08T10:02:59Z,rolling30-v2.0,30,1,abs_ge_50mWh
LAPTOP-H1CK928J_rreaves,2025-05-18,2025-04-18 23:59:59.999999999,2025-05-18 23:59:59.999999999,11,0.371,0.152,4.109,7.061,1,0,0,0,0,0,0,False,WINDOW_QUALITY_SHORT_OBS,108.0,108.0,0.0,0.0,0.812,0.0,0.188,79.0,100.0,21.0,80.0,98.0,99.0,0.0,0.0,1.0,0.9492,0.9492,2,2,2,15850.0,15850.0,15850.0,15850.0,0.0,0,0,0.0,,,96.47,96.47,0,1,0,0,1,0,1,0,0,1,0,1,0,0,1,0.0,0,0,0,,0.0,,,0.0,0,0,0,,0.0,,2025-05-18 23:59:59.999999999,2023-10-30 06:10:11,2025-05-18 18:42:32,566.743,True,15850.0,2025-05-18 09:48:51,108.0,0.591,0.0,True,15850.0,2025-05-18 09:48:51,108.0,0.591,0.0,True,0,0.0,False,0,0,0,0,0,0,0,0,0,0,0,0,0,0,0,0,0,0,0.0,0,0.0,-0.0,-0.0,0.591,0.0,0,0,0,-0.0,-1,SPARSE_OR_GAPPY,STATEFUL_REVIEW_DATA_QUALITY,WINDOW_DATA_QUALITY_REVIEW,ACTION_COLLECT_MORE_DATA_OR_MANUAL_REVIEW,low,1,data_quality_or_history_review,,days_eff=1 days_any=1 cyc_eff=0 hq_nr=0 total_nr=0 cens=0 lg_opp=0 opp=0 norm_anom=-0.00 conf_p=1 micro_only=False cluster=SPARSE_OR_GAPPY,No user-facing action; collecting more data.,Data-quality/history review outranks action (would_have_been=NONE). Collect more data or manual review.,NONE,False,False,False,False,False,False,True,False,0,2026-06-08T10:02:59Z,rolling30-v2.0,30,1,abs_ge_50mWh
LAPTOP-HR5L43FU_Avon1,2025-12-11,2025-11-11 23:59:59.999999999,2025-12-11 23:59:59.999999999,16290,2.262,0.001,0.002,8.546,1,0,0,0,0,0,0,False,WINDOW_QUALITY_SHORT_OBS,1.0,4.0,3.0,39.78,0.4334,0.0393,0.5666,34.0,100.0,66.0,96.0,99.0,99.0,0.0,0.0,0.7575,0.6433,0.5691,5622,5636,2811,58030.0,58030.0,58030.0,58030.0,0.0,0,0,0.0,,,100.05,100.05,0,0,0,0,0,0,0,0,0,0,0,0,0,0,0,0.0,0,0,0,,0.0,,,0.0,0,0,0,,0.0,,2025-12-11 23:59:59.999999999,2025-12-09 12:46:44,2025-12-11 19:04:39,2.468,False,58030.0,2025-12-09 12:46:44,1.0,2.468,3.0,False,58030.0,2025-12-09 12:46:44,1.0,2.468,3.0,False,0,0.0,False,0,0,0,0,0,0,0,0,0,0,0,0,0,0,0,0,0,0,0.0,0,0.0,-0.0,-0.0,2.468,3.0,0,0,0,-0.0,-1,SPARSE_OR_GAPPY,STATEFUL_REVIEW_DATA_QUALITY,WINDOW_DATA_QUALITY_REVIEW,ACTION_COLLECT_MORE_DATA_OR_MANUAL_REVIEW,low,1,data_quality_or_history_review,,days_eff=2 days_any=2 cyc_eff=3 hq_nr=0 total_nr=0 cens=0 lg_opp=0 opp=0 norm_anom=-0.00 conf_p=1 micro_only=False cluster=SPARSE_OR_GAPPY,No user-facing action; collecting more data.,Data-quality/history review outranks action (would_have_been=NONE). Collect more data or manual review.,NONE,False,False,False,False,False,True,True,False,0,2026-06-08T10:02:59Z,rolling30-v2.0,30,1,abs_ge_50mWh
LAPTOP-I551TCUQ_Eiger-1,2024-02-29,2024-01-30 23:59:59.999999999,2024-02-29 23:59:59.999999999,98,29.712,0.5,20.965,208.676,19,10,5,0,0,0,0,False,WINDOW_QUALITY_OK,7.0,10.0,3.0,3.029,0.4667,0.083,0.5333,14.0,100.0,86.0,20.0,99.0,100.0,0.0,0.0394,0.4829,0.4629,0.3662,9,14,5,56600.0,55930.0,55930.0,56600.0,670.0,4,1,560.0,2024-02-29 11:48:33,10.0,97.59,96.43,0,2,0,0,2,0,2,0,0,2,0,0,0,0,0,0.0,0,0,0,,0.0,,,0.0,0,0,0,,0.0,,2024-02-29 23:59:59.999999999,2023-12-28 03:05:55,2024-02-29 18:18:33,63.871,True,55930.0,2024-02-29 11:48:33,10.0,0.508,0.0,True,55930.0,2024-02-29 11:48:33,10.0,0.508,0.0,True,0,0.0,False,0,0,0,0,0,0,0,0,0,0,0,0,0,0,0,0,0,0,0.0,0,0.0,-0.0,-0.0,0.508,0.0,0,0,0,-0.0,4,MOBILE_DEEP_CYCLE,STATEFUL_NORMAL_RESPONDING,WINDOW_NORMAL_RESPONDING,ACTION_NONE,high,9,responding_or_no_concern,,days_eff=1 days_any=1 cyc_eff=0 hq_nr=0 total_nr=0 cens=0 lg_opp=0 opp=0 norm_anom=-0.00 conf_p=1 micro_only=False cluster=MOBILE_DEEP_CYCLE,No action needed.,Responding normally; no concern.,,False,False,False,False,False,False,False,False,0,2026-06-08T10:02:59Z,rolling30-v2.0,30,1,abs_ge_50mWh
LAPTOP-IHE4MH4F_mriddle,2026-05-28,2026-04-28 23:59:59.999999999,2026-05-28 23:59:59.999999999,1445,29.604,0.5,0.5,14.411,2,1,0,0,0,0,0,False,WINDOW_QUALITY_OK,5.0,13.0,8.0,8.107,0.9359,0.0367,0.0641,12.0,100.0,88.0,85.0,100.0,100.0,0.0,0.0015,0.9695,0.9535,0.8328,80,118,40,91120.0,87690.0,86890.0,91120.0,4230.0,10,2,4160.0,2026-05-12 12:15:06,9.0,101.24,97.43,1,1,0,0,2,0,1,0,0,1,0,0,0,0,0,0.451,1,0,1,0.54902,0.2604,0.53695,0.52345,0.5625,1,0,1,0.4375,0.359,0.37375,2026-05-28 23:59:59.999999999,2026-04-16 15:27:42,2026-05-28 14:39:15,42.356,False,87750.0,2026-05-12 12:15:06,9.0,16.49,4.0,False,87690.0,2026-05-27 10:17:20,13.0,1.571,0.0,False,4,20.0,True,0,0,0,0,0,0,0,0,0,0,0,0,0,0,0,0,0,0,0.0,0,0.0,-0.0,-0.0,16.49,4.0,0,0,0,-0.0,3,AC_BOUND,STATEFUL_REVIEW_DATA_QUALITY,WINDOW_NORMAL_RESPONDING,ACTION_COLLECT_MORE_DATA_OR_MANUAL_REVIEW,low,1,data_quality_or_history_review,micro_wobble,days_eff=16 days_any=2 cyc_eff=4 hq_nr=0 total_nr=0 cens=0 lg_opp=0 opp=0 norm_anom=-0.00 conf_p=0.537 micro_only=True cluster=AC_BOUND,No user-facing action; collecting more data.,Data-quality/history review outranks action (would_have_been=NONE). Collect more data or manual review.,NONE,False,False,True,False,False,True,False,False,0,2026-06-08T10:02:59Z,rolling30-v2.0,30,1,abs_ge_50mWh
LAPTOP-II2JP927_Oak2-SVT-REX-1,2025-01-04,2024-12-05 23:59:59.999999999,2025-01-04 23:59:59.999999999,23,19.051,1.592,138.791,189.217,8,6,3,0,0,0,0,False,WINDOW_QUALITY_SPARSE,18.0,19.0,1.0,1.575,0.5666,0.0,0.4334,51.0,100.0,49.0,59.5,80.0,100.0,0.0,0.0,0.4527,0.424,0.1737,2,2,1,76200.0,76160.0,76160.0,76200.0,40.0,1,0,0.0,,,84.67,84.62,0,1,0,0,1,0,1,0,0,1,0,0,0,0,0,0.0,0,0,0,,0.0,,,0.0,0,0,0,,0.0,,2025-01-04 23:59:59.999999999,2024-04-25 12:01:32,2025-01-04 16:01:22,254.499,True,76200.0,2024-12-16 14:47:52,18.0,19.383,1.0,True,76160.0,2024-12-25 17:40:16,19.0,10.264,0.0,True,1,40.0,True,0,0,0,0,0,0,0,0,0,0,0,0,0,0,0,0,0,0,0.0,0,0.0,-0.0,-0.0,19.383,1.0,0,0,0,-0.0,-1,SPARSE_OR_GAPPY,STATEFUL_REVIEW_DATA_QUALITY,WINDOW_DATA_QUALITY_REVIEW,ACTION_COLLECT_MORE_DATA_OR_MANUAL_REVIEW,low,1,data_quality_or_history_review,micro_wobble,days_eff=19 days_any=10 cyc_eff=1 hq_nr=0 total_nr=0 cens=0 lg_opp=0 opp=0 norm_anom=-0.00 conf_p=1 micro_only=True cluster=SPARSE_OR_GAPPY,No user-facing action; collecting more data.,Data-quality/history review outranks action (would_have_been=NONE). Collect more data or manual review.,NONE,False,False,True,False,False,False,True,False,0,2026-06-08T10:02:59Z,rolling30-v2.0,30,1,abs_ge_50mWh
LAPTOP-IJG7MG54_test,2023-11-20,2023-10-21 23:59:59.999999999,2023-11-20 23:59:59.999999999,4423,20.225,0.024,0.5,90.713,8,6,2,0,0,0,0,False,WINDOW_QUALITY_OK,8.0,10.0,2.0,2.967,0.9263,0.0278,0.0737,1.0,100.0,99.0,95.0,97.0,100.0,0.0058,0.0077,0.9582,0.9522,0.8273,38,57,19,57350.0,56710.0,56710.0,57350.0,640.0,3,1,570.0,2023-11-17 15:25:19,10.0,100.56,99.44,0,1,0,0,1,0,1,0,0,1,0,1,0,0,1,0.0,0,0,0,,0.0,,,0.0,0,0,0,,0.0,,2023-11-20 23:59:59.999999999,2023-10-31 04:12:43,2023-11-20 09:36:44,20.825,False,56710.0,2023-11-17 15:25:19,10.0,3.357,0.0,False,56710.0,2023-11-17 15:25:19,10.0,3.357,0.0,False,0,0.0,False,0,0,0,0,0,0,0,0,0,0,0,0,0,0,0,0,0,0,0.0,0,0.0,-0.0,-0.0,3.357,0.0,0,0,0,-0.0,1,AC_BOUND,STATEFUL_REVIEW_DATA_QUALITY,WINDOW_NORMAL_RESPONDING,ACTION_COLLECT_MORE_DATA_OR_MANUAL_REVIEW,low,1,data_quality_or_history_review,,days_eff=3 days_any=3 cyc_eff=0 hq_nr=0 total_nr=0 cens=0 lg_opp=0 opp=0 norm_anom=-0.00 conf_p=1 micro_only=False cluster=AC_BOUND,No user-facing action; collecting more data.,Data-quality/history review outranks action (would_have_been=NONE). Collect more data or manual review.,NONE,False,False,False,False,False,True,False,False,0,2026-06-08T10:02:59Z,rolling30-v2.0,30,1,abs_ge_50mWh
LAPTOP-J2HRJNCI_Feng,2025-11-09,2025-10-10 23:59:59.999999999,2025-11-09 23:59:59.999999999,85,28.998,0.5,48.839,163.796,14,10,9,0,0,0,0,False,WINDOW_QUALITY_SPARSE,24.0,25.0,1.0,1.035,0.9681,0.0263,0.0319,60.0,100.0,40.0,80.6,99.0,100.0,0.0,0.0,0.9613,0.9613,0.9397,4,7,2,71590.0,71540.0,71540.0,71590.0,50.0,1,1,50.0,2025-10-26 17:39:13,25.0,95.45,95.39,0,0,0,0,0,0,0,0,0,0,0,0,0,0,0,0.0,0,0,0,,0.0,,,0.0,0,0,0,,0.0,,2025-11-09 23:59:59.999999999,2024-01-24 01:20:08,2025-11-09 12:04:51,655.944,True,71540.0,2025-10-26 17:39:13,25.0,14.264,0.0,True,71540.0,2025-10-26 17:39:13,25.0,14.264,0.0,True,0,0.0,False,0,0,0,0,0,0,0,0,0,0,0,0,0,0,0,0,0,0,0.0,0,0.0,-0.0,-0.0,14.264,0.0,0,0,0,-0.0,-1,SPARSE_OR_GAPPY,STATEFUL_REVIEW_DATA_QUALITY,WINDOW_DATA_QUALITY_REVIEW,ACTION_COLLECT_MORE_DATA_OR_MANUAL_REVIEW,low,1,data_quality_or_history_review,,days_eff=14 days_any=14 cyc_eff=0 hq_nr=0 total_nr=0 cens=0 lg_opp=0 opp=0 norm_anom=-0.00 conf_p=1 micro_only=False cluster=SPARSE_OR_GAPPY,No user-facing action; collecting more data.,Data-quality/history review outranks action (would_have_been=NONE). Collect more data or manual review.,NONE,False,False,False,False,False,False,True,False,0,2026-06-08T10:02:59Z,rolling30-v2.0,30,1,abs_ge_50mWh
LAPTOP-J2L4OE0Q_ANakamura,2026-05-29,2026-04-29 23:59:59.999999999,2026-05-29 23:59:59.999999999,523,22.017,0.487,1.241,61.961,17,7,3,0,0,0,0,False,WINDOW_QUALITY_OK,57.0,68.0,11.0,14.988,0.5775,0.1503,0.4225,2.0,100.0,98.0,59.0,95.0,100.0,0.0052,0.0098,0.7689,0.5826,0.5169,137,187,69,54450.0,55830.0,54430.0,55940.0,1510.0,12,1,1510.0,2026-05-11 18:03:46,59.0,93.88,96.26,0,3,0,0,3,0,2,0,0,2,0,2,0,0,2,0.0,0,0,0,,0.0,,,0.0,0,0,0,,0.0,,2026-05-29 23:59:59.999999999,2025-12-23 18:00:42,2026-05-29 09:39:02,157.25,True,55940.0,2026-05-11 18:03:46,59.0,18.247,9.0,True,55830.0,2026-05-28 10:05:42,68.0,1.579,0.0,True,9,20.0,True,0,1,1,0,1,1,0,0,0,1,0,0,0,0,0,0,1,0,0.4407,0,-0.58107,0.2524,0.2524,18.247,9.0,1,0,0,0.2524,3,AC_BOUND,STATEFUL_WATCH_LARGE_GAP_OR_CENSORED,WINDOW_NORMAL_RESPONDING,ACTION_MONITOR_NEXT_WINDOW,low,7,large_gap_or_censored_dominant,fw_like;micro_wobble;large_gap_dominant,days_eff=18 days_any=2 cyc_eff=9 hq_nr=0 total_nr=1 cens=0 lg_opp=1 opp=3 norm_anom=0.25 conf_p=1 micro_only=True cluster=AC_BOUND,No user-facing action; monitoring.,Ambiguous/weak evidence (18d since effective change); monitor next window.,,True,False,True,True,False,False,False,False,0,2026-06-08T10:02:59Z,rolling30-v2.0,30,1,abs_ge_50mWh
LAPTOP-J9M9N0H9_X9-14,2025-06-05,2025-05-06 23:59:59.999999999,2025-06-05 23:59:59.999999999,199,28.505,0.5,15.44,122.608,22,12,5,0,0,0,0,False,WINDOW_QUALITY_OK,16.0,20.0,4.0,4.21,0.6029,0.1295,0.3971,2.0,100.0,98.0,33.6,96.0,100.0,0.0255,0.0331,0.7859,0.743,0.5507,39,54,20,54970.0,54920.0,54920.0,54970.0,50.0,4,0,0.0,,,99.76,99.67,0,1,0,0,1,0,1,0,0,1,0,1,0,0,1,0.0,0,0,0,,0.0,,,0.0,0,0,0,,0.0,,2025-06-05 23:59:59.999999999,2025-01-13 15:47:37,2025-06-05 20:53:47,143.342,True,55130.0,2025-01-13 15:47:37,0.0,143.342,20.0,False,54920.0,2025-06-04 22:28:12,20.0,1.064,0.0,True,18,20.0,True,0,0,2,0,0,0,0,0,0,2,0,0,0,0,0,0,2,0,0.0,0,0.0,-0.0,-0.0,143.342,20.0,0,0,0,-0.0,4,MOBILE_DEEP_CYCLE,STATEFUL_WATCH_LARGE_GAP_OR_CENSORED,WINDOW_MICRO_WOBBLE_ONLY,ACTION_MONITOR_NEXT_WINDOW,low,7,large_gap_or_censored_dominant,micro_wobble;large_gap_dominant,days_eff=143 days_any=1 cyc_eff=20 hq_nr=0 total_nr=0 cens=0 lg_opp=2 opp=4 norm_anom=-0.00 conf_p=1 micro_only=True cluster=MOBILE_DEEP_CYCLE,No user-facing action; monitoring.,Ambiguous/weak evidence (143d since effective change); monitor next window.,,False,False,True,True,False,False,False,False,0,2026-06-08T10:02:59Z,rolling30-v2.0,30,1,abs_ge_50mWh
LAPTOP-JHPGK11C_NL1SKU6SIT1LR,2026-01-20,2025-12-21 23:59:59.999999999,2026-01-20 23:59:59.999999999,1730,13.941,0.04,0.5,152.258,2,1,1,0,0,0,0,False,WINDOW_QUALITY_OK,9.0,11.0,2.0,4.304,0.8013,0.0326,0.1987,2.0,100.0,98.0,49.0,98.0,100.0,0.0191,0.0326,0.8431,0.8071,0.7862,9,13,5,56900.0,56870.0,56870.0,56900.0,30.0,2,0,0.0,,,98.1,98.05,1,0,1,0,1,1,0,1,0,1,1,0,1,0,1,0.3144,0,1,1,0.685573,0.1639,0.99873,0.99764,0.3401,0,1,1,0.659864,0.1805,0.59069,2026-01-20 23:59:59.999999999,2026-01-06 18:04:00,2026-01-20 16:38:51,14.247,False,56900.0,2026-01-06 18:04:00,9.0,14.247,2.0,False,56870.0,2026-01-09 15:40:46,11.0,11.347,0.0,False,2,20.0,True,1,0,0,1,0,1,0,1,0,0,1,0,1,0,1,0,0,0,0.3144,0,-0.3775,0.1639,0.1639,14.247,2.0,1,1,0,0.1639,3,AC_BOUND,STATEFUL_REVIEW_DATA_QUALITY,WINDOW_OPPORTUNITY_NO_RESPONSE,ACTION_COLLECT_MORE_DATA_OR_MANUAL_REVIEW,low,1,data_quality_or_history_review,fw_like;micro_wobble,days_eff=14 days_any=11 cyc_eff=2 hq_nr=1 total_nr=1 cens=0 lg_opp=0 opp=2 norm_anom=0.16 conf_p=0.999 micro_only=True cluster=AC_BOUND,No user-facing action; collecting more data.,Data-quality/history review outranks action (would_have_been=FW_WATCH_LIKE). Collect more data or manual review.,FW_WATCH_LIKE,True,False,True,False,False,True,False,False,8,2026-06-08T10:02:59Z,rolling30-v2.0,30,1,abs_ge_50mWh
LAPTOP-JL4J612V_jnunez5,2025-03-17,2025-02-15 23:59:59.999999999,2025-03-17 23:59:59.999999999,267,27.263,0.5,12.312,117.384,21,15,5,0,0,0,0,False,WINDOW_QUALITY_OK,8.0,11.0,3.0,3.301,0.5521,0.1195,0.4479,2.0,100.0,98.0,8.0,99.0,100.0,0.0624,0.082,0.8327,0.7029,0.5907,52,69,26,81470.0,81610.0,81470.0,81610.0,140.0,1,1,140.0,2025-03-10 11:03:56,10.0,101.84,102.01,0,1,0,0,1,0,1,0,0,1,0,1,0,0,1,0.0,0,0,0,,0.0,,,0.0,0,0,0,,0.0,,2025-03-17 23:59:59.999999999,2025-01-06 08:48:48,2025-03-17 15:53:43,70.633,True,81610.0,2025-03-10 11:03:56,10.0,7.539,1.0,True,81610.0,2025-03-10 11:03:56,10.0,7.539,1.0,True,0,0.0,False,0,0,0,0,0,0,0,0,0,0,0,0,0,0,0,0,0,0,0.0,0,0.0,-0.0,-0.0,7.539,1.0,0,0,0,-0.0,4,MOBILE_DEEP_CYCLE,STATEFUL_NORMAL_RESPONDING,WINDOW_NORMAL_RESPONDING,ACTION_NONE,high,9,responding_or_no_concern,,days_eff=8 days_any=8 cyc_eff=1 hq_nr=0 total_nr=0 cens=0 lg_opp=0 opp=0 norm_anom=-0.00 conf_p=1 micro_only=False cluster=MOBILE_DEEP_CYCLE,No action needed.,Responding normally; no concern.,,False,False,False,False,False,False,False,False,0,2026-06-08T10:02:59Z,rolling30-v2.0,30,1,abs_ge_50mWh
LAPTOP-JLDUH829_11096,2026-04-10,2026-03-11 23:59:59.999999999,2026-04-10 23:59:59.999999999,675,16.731,0.38,0.5,54.562,10,9,2,0,0,0,0,False,WINDOW_QUALITY_OK,2.0,11.0,9.0,16.138,0.5081,0.0761,0.4919,1.0,100.0,99.0,57.7,88.0,100.0,0.0136,0.0159,0.7642,0.551,0.5018,156,165,79,57040.0,57010.0,57010.0,57040.0,30.0,2,0,0.0,,,100.02,99.96,0,1,0,0,1,0,1,0,0,1,0,1,0,0,1,0.0,0,0,0,,0.0,,,0.0,0,0,0,,0.0,,2026-04-10 23:59:59.999999999,2026-03-24 19:50:03,2026-04-10 13:22:32,17.174,False,57040.0,2026-03-24 19:50:03,2.0,17.174,9.0,False,57010.0,2026-04-09 15:03:00,11.0,1.373,0.0,False,2,20.0,True,0,1,0,0,1,1,0,0,1,0,0,1,1,0,0,0,0,0,0.3841,0,-0.48464,0.2105,0.2105,17.174,9.0,1,1,0,0.2105,3,AC_BOUND,STATEFUL_REVIEW_DATA_QUALITY,WINDOW_MICRO_WOBBLE_ONLY,ACTION_COLLECT_MORE_DATA_OR_MANUAL_REVIEW,low,1,data_quality_or_history_review,fw_like;micro_wobble,days_eff=17 days_any=1 cyc_eff=9 hq_nr=0 total_nr=1 cens=0 lg_opp=0 opp=2 norm_anom=0.21 conf_p=1 micro_only=True cluster=AC_BOUND,No user-facing action; collecting more data.,Data-quality/history review outranks action (would_have_been=FW_WATCH_LIKE). Collect more data or manual review.,FW_WATCH_LIKE,True,False,True,False,False,True,False,False,0,2026-06-08T10:02:59Z,rolling30-v2.0,30,1,abs_ge_50mWh
LAPTOP-K2B03PT9_Mersey2,2025-06-16,2025-05-17 23:59:59.999999999,2025-06-16 23:59:59.999999999,39,14.152,0.502,57.137,130.773,9,4,3,0,0,0,0,False,WINDOW_QUALITY_SPARSE,7.0,8.0,1.0,2.12,0.5264,0.0654,0.4736,27.0,100.0,73.0,28.9,97.0,100.0,0.0,0.0,0.6876,0.5797,0.5662,4,5,2,58280.0,58270.0,58270.0,58280.0,10.0,1,0,0.0,,,102.25,102.23,0,0,0,0,0,0,0,0,0,0,0,0,0,0,0,0.0,0,0,0,,0.0,,,0.0,0,0,0,,0.0,,2025-06-16 23:59:59.999999999,2025-02-25 07:03:40,2025-06-16 11:12:31,111.706,True,58340.0,2025-02-25 07:03:40,2.0,111.706,6.0,False,58270.0,2025-06-02 08:18:31,8.0,14.654,0.0,True,6,20.0,True,0,0,0,0,0,0,0,0,0,0,0,0,0,0,0,0,0,0,0.0,0,0.0,-0.0,-0.0,111.706,6.0,0,0,0,-0.0,-1,SPARSE_OR_GAPPY,STATEFUL_REVIEW_DATA_QUALITY,WINDOW_DATA_QUALITY_REVIEW,ACTION_COLLECT_MORE_DATA_OR_MANUAL_REVIEW,low,1,data_quality_or_history_review,micro_wobble,days_eff=112 days_any=15 cyc_eff=6 hq_nr=0 total_nr=0 cens=0 lg_opp=0 opp=0 norm_anom=-0.00 conf_p=1 micro_only=True cluster=SPARSE_OR_GAPPY,No user-facing action; collecting more data.,Data-quality/history review outranks action (would_have_been=NONE). Collect more data or manual review.,NONE,False,False,True,False,False,False,True,False,0,2026-06-08T10:02:59Z,rolling30-v2.0,30,1,abs_ge_50mWh
LAPTOP-K2Q4C3UQ_1,2023-11-21,2023-10-22 23:59:59.999999999,2023-11-21 23:59:59.999999999,485,29.288,0.5,5.541,63.507,21,5,2,0,0,0,0,False,WINDOW_QUALITY_OK,90.0,102.0,12.0,12.292,0.8289,0.2325,0.1711,2.0,100.0,98.0,9.0,100.0,100.0,0.1313,0.134,0.6872,0.5702,0.5415,52,81,26,66520.0,66900.0,66520.0,70450.0,3930.0,6,6,2250.0,2023-11-17 08:46:41,101.0,92.38,92.9,2,3,1,0,5,0,3,0,0,3,0,3,0,0,3,0.6985,1,1,2,0.422256,0.3744,0.42738,0.40815,1.0161,1,1,2,0.24062,0.6187,0.28769,2023-11-21 23:59:59.999999999,2023-02-07 08:47:11,2023-11-21 15:35:21,287.634,True,66900.0,2023-11-17 08:46:41,101.0,4.634,1.0,True,66900.0,2023-11-17 08:46:41,101.0,4.634,1.0,True,0,0.0,False,0,1,0,0,0,0,1,0,1,0,0,0,0,1,0,1,0,0,0.0,0,0.0,-0.0,-0.0,4.634,1.0,0,0,0,-0.0,4,MOBILE_DEEP_CYCLE,STATEFUL_WATCH_LARGE_GAP_OR_CENSORED,WINDOW_NORMAL_RESPONDING,ACTION_MONITOR_NEXT_WINDOW,low,7,large_gap_or_censored_dominant,censored_dominant,days_eff=5 days_any=5 cyc_eff=1 hq_nr=0 total_nr=0 cens=1 lg_opp=0 opp=2 norm_anom=-0.00 conf_p=0.427 micro_only=False cluster=MOBILE_DEEP_CYCLE,No user-facing action; monitoring.,Ambiguous/weak evidence (4d since effective change); monitor next window.,,False,False,False,False,True,False,False,False,0,2026-06-08T10:02:59Z,rolling30-v2.0,30,1,abs_ge_50mWh
LAPTOP-K5TN4699_ThinkPad,2024-09-28,2024-08-29 23:59:59.999999999,2024-09-28 23:59:59.999999999,411,28.822,0.5,9.717,46.074,29,15,3,0,0,0,0,False,WINDOW_QUALITY_OK,10.0,12.0,2.0,2.082,0.955,0.0315,0.045,44.0,100.0,56.0,90.0,98.0,100.0,0.0,0.0,0.9845,0.9593,0.8236,12,25,6,56770.0,56900.0,56770.0,56900.0,130.0,2,2,80.0,2024-09-20 21:35:02,11.0,99.6,99.82,0,0,0,0,0,0,0,0,0,0,0,0,0,0,0,0.0,0,0,0,,0.0,,,0.0,0,0,0,,0.0,,2024-09-28 23:59:59.999999999,2024-05-20 15:08:33,2024-09-28 14:59:41,131.369,True,56900.0,2024-09-20 21:35:02,11.0,8.101,1.0,True,56900.0,2024-09-20 21:35:02,11.0,8.101,1.0,True,0,0.0,False,0,0,0,0,0,0,0,0,0,0,0,0,0,0,0,0,0,0,0.0,0,0.0,-0.0,-0.0,8.101,1.0,0,0,0,-0.0,5,AC_BOUND,STATEFUL_NORMAL_RESPONDING,WINDOW_NORMAL_RESPONDING,ACTION_NONE,high,9,responding_or_no_concern,,days_eff=8 days_any=8 cyc_eff=1 hq_nr=0 total_nr=0 cens=0 lg_opp=0 opp=0 norm_anom=-0.00 conf_p=1 micro_only=False cluster=AC_BOUND,No action needed.,Responding normally; no concern.,,False,False,False,False,False,False,False,False,0,2026-06-08T10:02:59Z,rolling30-v2.0,30,1,abs_ge_50mWh
LAPTOP-K8IULGVA_Sun,2024-09-24,2024-08-25 23:59:59.999999999,2024-09-24 23:59:59.999999999,127,29.048,0.57,23.169,156.396,15,13,6,0,0,0,0,False,WINDOW_QUALITY_OK,63.0,67.0,4.0,4.131,0.417,0.1187,0.583,24.0,100.0,76.0,50.0,95.0,100.0,0.0,0.0,0.688,0.6042,0.4681,18,29,10,47270.0,47270.0,47270.0,47270.0,0.0,0,0,0.0,,,82.86,82.86,0,0,0,0,0,0,0,0,0,0,0,0,0,0,0,0.0,0,0,0,,0.0,,,0.0,0,0,0,,0.0,,2024-09-24 23:59:59.999999999,2023-09-10 09:43:22,2024-09-24 10:25:59,380.595,True,47270.0,2024-08-17 21:41:12,61.0,38.096,6.0,True,47270.0,2024-08-17 21:41:12,61.0,38.096,6.0,True,0,0.0,False,0,0,1,0,0,0,0,0,0,1,0,0,0,0,0,0,1,0,0.0,0,0.0,-0.0,-0.0,38.096,6.0,0,0,0,-0.0,5,AC_BOUND,STATEFUL_WATCH_LARGE_GAP_OR_CENSORED,WINDOW_INSUFFICIENT_LEARNING_OPPORTUNITY,ACTION_MONITOR_NEXT_WINDOW,low,7,large_gap_or_censored_dominant,large_gap_dominant,days_eff=38 days_any=38 cyc_eff=6 hq_nr=0 total_nr=0 cens=0 lg_opp=1 opp=2 norm_anom=-0.00 conf_p=1 micro_only=False cluster=AC_BOUND,No user-facing action; monitoring.,Ambiguous/weak evidence (38d since effective change); monitor next window.,,False,False,False,True,False,False,False,False,0,2026-06-08T10:02:59Z,rolling30-v2.0,30,1,abs_ge_50mWh
LAPTOP-K9NORC70_SIT,2025-09-11,2025-08-12 23:59:59.999999999,2025-09-11 23:59:59.999999999,110,16.219,0.02,3.81,169.524,5,5,2,0,0,0,0,False,WINDOW_QUALITY_OK,19.0,20.0,1.0,1.85,0.4881,0.191,0.5119,52.0,100.0,48.0,81.45,100.0,100.0,0.0,0.0,0.8157,0.5976,0.5712,10,14,5,55590.0,55580.0,55580.0,55590.0,10.0,1,0,0.0,,,100.89,100.87,0,0,0,0,0,0,0,0,0,0,0,0,0,0,0,0.0,0,0,0,,0.0,,,0.0,0,0,0,,0.0,,2025-09-11 23:59:59.999999999,2025-03-26 14:44:31,2025-09-11 20:07:44,169.386,True,55610.0,2025-05-29 12:59:17,17.0,105.459,3.0,False,55580.0,2025-09-11 19:18:36,20.0,0.195,0.0,True,3,10.0,True,0,0,0,0,0,0,0,0,0,0,0,0,0,0,0,0,0,0,0.0,0,0.0,-0.0,-0.0,105.459,3.0,0,0,0,-0.0,5,AC_BOUND,STATEFUL_NORMAL_RESPONDING,WINDOW_MICRO_WOBBLE_ONLY,ACTION_NONE,high,9,responding_or_no_concern,micro_wobble,days_eff=105 days_any=0 cyc_eff=3 hq_nr=0 total_nr=0 cens=0 lg_opp=0 opp=0 norm_anom=-0.00 conf_p=1 micro_only=True cluster=AC_BOUND,No action needed.,Responding normally; no concern.,,False,False,True,False,False,False,False,False,0,2026-06-08T10:02:59Z,rolling30-v2.0,30,1,abs_ge_50mWh
LAPTOP-KQTSA7PM_1,2023-12-07,2023-11-07 23:59:59.999999999,2023-12-07 23:59:59.999999999,423,29.343,0.5,6.122,88.928,22,6,6,0,0,0,0,False,WINDOW_QUALITY_OK,27.0,35.0,8.0,8.179,0.5125,0.1312,0.4875,25.0,100.0,75.0,59.0,97.0,100.0,0.0,0.0,0.7747,0.6533,0.5531,94,124,47,57590.0,57470.0,57470.0,57590.0,120.0,9,0,0.0,,,100.98,100.77,0,0,0,0,0,0,0,0,0,0,0,0,0,0,0,0.0,0,0,0,,0.0,,,0.0,0,0,0,,0.0,,2023-12-07 23:59:59.999999999,2023-08-31 16:00:49,2023-12-07 09:41:08,98.333,True,57750.0,2023-10-18 14:48:21,17.0,50.383,18.0,True,57470.0,2023-12-07 07:28:36,35.0,0.688,0.0,True,22,20.0,True,0,0,2,0,0,0,0,0,0,1,0,0,0,0,0,0,2,0,0.0,0,0.0,-0.0,-0.0,50.383,18.0,0,0,0,-0.0,5,AC_BOUND,STATEFUL_WATCH_LARGE_GAP_OR_CENSORED,WINDOW_MICRO_WOBBLE_ONLY,ACTION_MONITOR_NEXT_WINDOW,low,7,large_gap_or_censored_dominant,micro_wobble;large_gap_dominant,days_eff=50 days_any=1 cyc_eff=18 hq_nr=0 total_nr=0 cens=0 lg_opp=2 opp=3 norm_anom=-0.00 conf_p=1 micro_only=True cluster=AC_BOUND,No user-facing action; monitoring.,Ambiguous/weak evidence (50d since effective change); monitor next window.,,False,False,True,True,False,False,False,False,0,2026-06-08T10:02:59Z,rolling30-v2.0,30,1,abs_ge_50mWh
LAPTOP-LM31Q23F_NL1SKU6LR,2025-12-09,2025-11-09 23:59:59.999999999,2025-12-09 23:59:59.999999999,890,3.902,0.033,0.5,4.742,0,0,0,0,0,0,0,False,WINDOW_QUALITY_SHORT_OBS,2.0,2.0,0.0,0.0,0.9427,0.0414,0.0573,87.0,100.0,13.0,99.0,99.0,100.0,0.0,0.0,1.0,0.9927,0.9534,15,18,8,58590.0,58590.0,58590.0,58590.0,0.0,0,0,0.0,,,101.02,101.02,0,0,0,0,0,0,0,0,0,0,0,0,0,0,0,0.0,0,0,0,,0.0,,,0.0,0,0,0,,0.0,,2025-12-09 23:59:59.999999999,2025-12-05 16:45:26,2025-12-09 14:24:26,4.302,False,58590.0,2025-12-05 16:45:26,2.0,4.302,0.0,False,58590.0,2025-12-05 16:45:26,2.0,4.302,0.0,False,0,0.0,False,0,0,0,0,0,0,0,0,0,0,0,0,0,0,0,0,0,0,0.0,0,0.0,-0.0,-0.0,4.302,0.0,0,0,0,-0.0,-1,SPARSE_OR_GAPPY,STATEFUL_REVIEW_DATA_QUALITY,WINDOW_DATA_QUALITY_REVIEW,ACTION_COLLECT_MORE_DATA_OR_MANUAL_REVIEW,low,1,data_quality_or_history_review,,days_eff=4 days_any=4 cyc_eff=0 hq_nr=0 total_nr=0 cens=0 lg_opp=0 opp=0 norm_anom=-0.00 conf_p=1 micro_only=False cluster=SPARSE_OR_GAPPY,No user-facing action; collecting more data.,Data-quality/history review outranks action (would_have_been=NONE). Collect more data or manual review.,NONE,False,False,False,False,False,True,True,False,0,2026-06-08T10:02:59Z,rolling30-v2.0,30,1,abs_ge_50mWh
LAPTOP-LNBSJHQF_AV1SKU10SIT1p2,2026-02-19,2026-01-20 23:59:59.999999999,2026-02-19 23:59:59.999999999,298,29.441,0.5,0.5,545.15,2,2,1,0,0,0,0,False,WINDOW_QUALITY_OK,4.0,4.0,0.0,0.0,1.0,0.0033,0.0,95.0,100.0,5.0,95.0,96.0,98.0,0.0,0.0,1.0,1.0,0.7393,0,2,0,58300.0,58300.0,58300.0,58300.0,0.0,0,0,0.0,,,100.52,100.52,0,0,0,0,0,0,0,0,0,0,0,0,0,0,0,0.0,0,0,0,,0.0,,,0.0,0,0,0,,0.0,,2026-02-19 23:59:59.999999999,2025-12-18 16:41:05,2026-02-19 10:58:30,63.305,True,58300.0,2025-12-18 16:41:05,3.0,63.305,1.0,False,58300.0,2025-12-18 16:41:05,3.0,63.305,1.0,False,0,0.0,False,0,0,0,0,0,0,0,0,0,0,0,0,0,0,0,0,0,0,0.0,0,0.0,-0.0,-0.0,63.305,1.0,0,0,0,-0.0,5,AC_BOUND,STATEFUL_NORMAL_RESPONDING,WINDOW_LOW_INFORMATION,ACTION_NONE,high,9,responding_or_no_concern,,days_eff=63 days_any=63 cyc_eff=1 hq_nr=0 total_nr=0 cens=0 lg_opp=0 opp=0 norm_anom=-0.00 conf_p=1 micro_only=False cluster=AC_BOUND,No action needed.,Responding normally; no concern.,,False,False,False,False,False,False,False,False,0,2026-06-08T10:02:59Z,rolling30-v2.0,30,1,abs_ge_50mWh
LAPTOP-LVNFDHDN_EAA,2025-09-04,2025-08-05 23:59:59.999999999,2025-09-04 23:59:59.999999999,669,16.013,0.016,0.26,89.709,11,10,6,0,0,0,0,False,WINDOW_QUALITY_OK,25.0,27.0,2.0,3.747,0.6727,0.0957,0.3273,3.0,100.0,97.0,99.0,100.0,100.0,0.0171,0.0171,0.9326,0.6884,0.6474,12,14,6,58850.0,58230.0,58230.0,58850.0,620.0,3,1,600.0,2025-08-22 00:33:59,26.0,103.19,102.1,0,1,0,0,1,0,1,0,0,1,0,1,0,0,1,0.0,0,0,0,,0.0,,,0.0,0,0,0,,0.0,,2025-09-04 23:59:59.999999999,2025-04-09 00:02:55,2025-09-04 01:38:29,148.998,True,58240.0,2025-08-22 00:33:59,26.0,13.976,1.0,True,58230.0,2025-09-03 23:41:10,27.0,1.013,0.0,True,1,10.0,True,0,0,0,0,0,0,0,0,0,0,0,0,0,0,0,0,0,0,0.0,0,0.0,-0.0,-0.0,13.976,1.0,0,0,0,-0.0,3,AC_BOUND,STATEFUL_NORMAL_RESPONDING,WINDOW_NORMAL_RESPONDING,ACTION_NONE,high,9,responding_or_no_concern,micro_wobble,days_eff=14 days_any=1 cyc_eff=1 hq_nr=0 total_nr=0 cens=0 lg_opp=0 opp=0 norm_anom=-0.00 conf_p=1 micro_only=True cluster=AC_BOUND,No action needed.,Responding normally; no concern.,,False,False,True,False,False,False,False,False,0,2026-06-08T10:02:59Z,rolling30-v2.0,30,1,abs_ge_50mWh
LAPTOP-MGP5FI9R_longrun,2025-12-13,2025-11-13 23:59:59.999999999,2025-12-13 23:59:59.999999999,3892,7.641,0.002,0.5,45.716,2,1,1,0,1,0,0,True,WINDOW_QUALITY_COUNTER_RESET,4.0,6.0,2.0,7.852,0.9287,0.0304,0.0713,40.0,100.0,60.0,95.0,98.0,100.0,0.0,0.0,0.9747,0.9673,0.8305,1562,1577,781,58170.0,58150.0,58150.0,58170.0,20.0,4,0,0.0,,,100.29,100.26,0,0,0,0,0,0,0,0,0,0,0,0,0,0,0,0.0,0,0,0,,0.0,,,0.0,0,0,0,,0.0,,2025-12-13 23:59:59.999999999,2025-12-05 13:13:19,2025-12-13 04:36:43,8.449,False,58170.0,2025-12-05 13:13:19,4.0,8.449,2.0,False,58150.0,2025-12-10 17:10:34,6.0,3.284,0.0,False,4,10.0,True,0,0,0,0,0,0,0,0,0,0,0,0,0,0,0,0,0,0,0.0,0,0.0,-0.0,-0.0,8.449,2.0,0,0,0,-0.0,-1,SPARSE_OR_GAPPY,STATEFUL_REVIEW_DATA_QUALITY,WINDOW_DATA_QUALITY_REVIEW,ACTION_COLLECT_MORE_DATA_OR_MANUAL_REVIEW,low,1,data_quality_or_history_review,micro_wobble,days_eff=8 days_any=3 cyc_eff=2 hq_nr=0 total_nr=0 cens=0 lg_opp=0 opp=0 norm_anom=-0.00 conf_p=1 micro_only=True cluster=SPARSE_OR_GAPPY,No user-facing action; collecting more data.,Data-quality/history review outranks action (would_have_been=NONE). Collect more data or manual review.,NONE,False,False,True,False,False,True,True,False,0,2026-06-08T10:02:59Z,rolling30-v2.0,30,1,abs_ge_50mWh
LAPTOP-MUEEDSGP_NL1SKU7SIT2LR,2026-01-20,2025-12-21 23:59:59.999999999,2026-01-20 23:59:59.999999999,1361,4.898,0.041,0.214,4.131,0,0,0,0,0,0,0,False,WINDOW_QUALITY_SHORT_OBS,9.0,11.0,2.0,12.251,0.7833,0.0502,0.2167,2.0,100.0,98.0,69.0,97.0,100.0,0.0275,0.0448,0.8263,0.7872,0.6551,11,27,6,57550.0,56210.0,56210.0,57550.0,1340.0,3,1,1320.0,2026-01-16 04:48:25,9.0,99.22,96.91,1,0,1,0,1,1,0,1,0,1,1,0,1,0,1,0.4303,0,1,1,0.569677,0.2444,0.74929,0.76293,0.2914,0,1,1,0.708609,0.1496,0.63957,2026-01-20 23:59:59.999999999,2026-01-15 12:13:11,2026-01-20 09:45:46,5.491,False,56230.0,2026-01-16 04:48:25,9.0,4.8,2.0,False,56210.0,2026-01-16 19:19:34,11.0,4.195,0.0,False,2,10.0,True,1,0,0,1,0,1,0,1,0,0,1,0,1,0,1,0,0,0,0.4303,0,-0.56269,0.2444,0.2444,4.8,2.0,1,1,0,0.2444,-1,SPARSE_OR_GAPPY,STATEFUL_REVIEW_DATA_QUALITY,WINDOW_DATA_QUALITY_REVIEW,ACTION_COLLECT_MORE_DATA_OR_MANUAL_REVIEW,low,1,data_quality_or_history_review,fw_like;micro_wobble,days_eff=5 days_any=4 cyc_eff=2 hq_nr=1 total_nr=1 cens=0 lg_opp=0 opp=2 norm_anom=0.24 conf_p=0.749 micro_only=True cluster=SPARSE_OR_GAPPY,No user-facing action; collecting more data.,Data-quality/history review outranks action (would_have_been=FW_WATCH_LIKE). Collect more data or manual review.,FW_WATCH_LIKE,True,False,True,False,False,True,True,False,0,2026-06-08T10:02:59Z,rolling30-v2.0,30,1,abs_ge_50mWh
LAPTOP-N0IFBCJM_AV1,2026-06-01,2026-05-02 23:59:59.999999999,2026-06-01 23:59:59.999999999,422,29.41,0.498,9.236,56.062,26,20,5,0,0,0,0,False,WINDOW_QUALITY_OK,10.0,22.0,12.0,12.241,0.5727,0.1938,0.4273,11.0,100.0,89.0,34.0,96.0,100.0,0.0,0.0327,0.765,0.6173,0.5314,129,173,65,57940.0,58250.0,57940.0,58380.0,440.0,12,1,440.0,2026-05-05 01:48:20,11.0,99.9,100.43,0,2,0,0,2,0,2,0,0,2,0,0,0,0,0,0.0,0,0,0,,0.0,,,0.0,0,0,0,,0.0,,2026-06-01 23:59:59.999999999,2026-04-10 12:49:51,2026-06-01 09:57:24,52.465,False,58380.0,2026-05-05 01:48:20,11.0,27.925,11.0,False,58250.0,2026-05-29 18:38:46,22.0,3.223,0.0,False,11,20.0,True,0,0,1,0,0,0,0,0,0,0,0,0,0,0,0,0,1,0,0.0,0,0.0,-0.0,-0.0,27.925,11.0,0,0,0,-0.0,4,MOBILE_DEEP_CYCLE,STATEFUL_REVIEW_DATA_QUALITY,WINDOW_NORMAL_RESPONDING,ACTION_COLLECT_MORE_DATA_OR_MANUAL_REVIEW,low,1,data_quality_or_history_review,micro_wobble;large_gap_dominant,days_eff=28 days_any=3 cyc_eff=11 hq_nr=0 total_nr=0 cens=0 lg_opp=1 opp=1 norm_anom=-0.00 conf_p=1 micro_only=True cluster=MOBILE_DEEP_CYCLE,No user-facing action; collecting more data.,Data-quality/history review outranks action (would_have_been=NONE). Collect more data or manual review.,NONE,False,False,True,True,False,True,False,False,0,2026-06-08T10:02:59Z,rolling30-v2.0,30,1,abs_ge_50mWh
LAPTOP-N4IHLN0J_MS2,2026-01-16,2025-12-17 23:59:59.999999999,2026-01-16 23:59:59.999999999,290,27.795,0.5,0.516,337.047,4,3,2,0,0,0,0,False,WINDOW_QUALITY_OK,1.0,2.0,1.0,1.079,0.6722,0.0167,0.3278,0.0,100.0,100.0,16.0,99.0,100.0,0.0565,0.0857,0.7354,0.7207,0.6915,18,24,9,57030.0,55560.0,55560.0,57030.0,1470.0,1,1,1470.0,2026-01-07 15:33:19,1.0,100.0,97.42,0,0,0,0,0,0,0,0,0,0,0,0,0,0,0,0.0,0,0,0,,0.0,,,0.0,0,0,0,,0.0,,2026-01-16 23:59:59.999999999,2025-12-19 16:01:26,2026-01-16 11:06:39,28.332,False,55560.0,2026-01-07 15:33:19,1.0,9.352,1.0,False,55560.0,2026-01-07 15:33:19,1.0,9.352,1.0,False,0,0.0,False,0,0,0,0,0,0,0,0,0,0,0,0,0,0,0,0,0,0,0.0,0,0.0,-0.0,-0.0,9.352,1.0,0,0,0,-0.0,4,MOBILE_DEEP_CYCLE,STATEFUL_REVIEW_DATA_QUALITY,WINDOW_NORMAL_RESPONDING,ACTION_COLLECT_MORE_DATA_OR_MANUAL_REVIEW,low,1,data_quality_or_history_review,,days_eff=9 days_any=9 cyc_eff=1 hq_nr=0 total_nr=0 cens=0 lg_opp=0 opp=0 norm_anom=-0.00 conf_p=1 micro_only=False cluster=MOBILE_DEEP_CYCLE,No user-facing action; collecting more data.,Data-quality/history review outranks action (would_have_been=NONE). Collect more data or manual review.,NONE,False,False,False,False,False,True,False,False,0,2026-06-08T10:02:59Z,rolling30-v2.0,30,1,abs_ge_50mWh
LAPTOP-OLNLOES4_SIT21,2025-12-23,2025-11-23 23:59:59.999999999,2025-12-23 23:59:59.999999999,303,3.666,0.055,0.357,54.229,1,1,1,0,0,0,0,False,WINDOW_QUALITY_SHORT_OBS,12.0,13.0,1.0,8.182,0.7539,0.0383,0.2461,57.0,100.0,43.0,68.1,100.0,100.0,0.0,0.0,0.8412,0.7656,0.7431,25,29,13,58000.0,57990.0,57990.0,58000.0,10.0,1,0,0.0,,,100.0,99.98,0,0,0,0,0,0,0,0,0,0,0,0,0,0,0,0.0,0,0,0,,0.0,,,0.0,0,0,0,,0.0,,2025-12-23 23:59:59.999999999,2025-12-19 20:01:33,2025-12-23 12:01:09,4.166,False,58000.0,2025-12-19 20:01:33,12.0,4.166,1.0,False,57990.0,2025-12-22 20:14:26,13.0,1.157,0.0,False,1,10.0,True,0,0,0,0,0,0,0,0,0,0,0,0,0,0,0,0,0,0,0.0,0,0.0,-0.0,-0.0,4.166,1.0,0,0,0,-0.0,-1,SPARSE_OR_GAPPY,STATEFUL_REVIEW_DATA_QUALITY,WINDOW_DATA_QUALITY_REVIEW,ACTION_COLLECT_MORE_DATA_OR_MANUAL_REVIEW,low,1,data_quality_or_history_review,micro_wobble,days_eff=4 days_any=1 cyc_eff=1 hq_nr=0 total_nr=0 cens=0 lg_opp=0 opp=0 norm_anom=-0.00 conf_p=1 micro_only=True cluster=SPARSE_OR_GAPPY,No user-facing action; collecting more data.,Data-quality/history review outranks action (would_have_been=NONE). Collect more data or manual review.,NONE,False,False,True,False,False,True,True,False,0,2026-06-08T10:02:59Z,rolling30-v2.0,30,1,abs_ge_50mWh
LAPTOP-OMDL8LQ4_EESIT,2025-03-12,2025-02-10 23:59:59.999999999,2025-03-12 23:59:59.999999999,512,29.354,0.5,4.617,62.509,24,19,4,0,0,0,0,False,WINDOW_QUALITY_OK,119.0,141.0,22.0,22.484,0.353,0.271,0.647,6.0,100.0,94.0,11.0,53.0,100.0,0.024,0.1289,0.2269,0.1578,0.1049,137,152,69,55800.0,55460.0,55380.0,56710.0,1330.0,27,7,1330.0,2025-03-06 16:38:31,136.0,97.84,97.25,2,9,2,0,11,2,9,2,0,11,0,6,0,0,6,0.8144,0,2,2,0.350874,0.4548,0.37177,0.35829,1.0913,0,2,2,0.206451,0.6852,0.27478,2025-03-12 23:59:59.999999999,2024-08-21 13:01:52,2025-03-12 13:51:11,203.457,True,55520.0,2025-03-06 16:38:31,136.0,6.307,5.0,True,55460.0,2025-03-12 11:47:50,141.0,0.508,0.0,True,5,20.0,True,0,1,1,0,0,0,1,0,0,1,0,0,0,0,0,1,1,0,0.0,0,0.0,-0.0,-0.0,6.307,5.0,0,0,0,-0.0,4,MOBILE_DEEP_CYCLE,STATEFUL_WATCH_LARGE_GAP_OR_CENSORED,WINDOW_NORMAL_RESPONDING,ACTION_MONITOR_NEXT_WINDOW,low,7,large_gap_or_censored_dominant,micro_wobble;large_gap_dominant;censored_dominant,days_eff=6 days_any=1 cyc_eff=5 hq_nr=0 total_nr=0 cens=1 lg_opp=1 opp=3 norm_anom=-0.00 conf_p=0.372 micro_only=True cluster=MOBILE_DEEP_CYCLE,No user-facing action; monitoring.,Ambiguous/weak evidence (6d since effective change); monitor next window.,,False,False,True,True,True,False,False,False,0,2026-06-08T10:02:59Z,rolling30-v2.0,30,1,abs_ge_50mWh
LAPTOP-OTD6NS5M_lnvni,2024-05-16,2024-04-16 23:59:59.999999999,2024-05-16 23:59:59.999999999,78,27.976,0.499,20.547,246.109,14,6,4,0,0,0,0,False,WINDOW_QUALITY_OK,15.0,16.0,1.0,1.072,0.3111,0.0573,0.6889,22.0,100.0,78.0,32.7,93.0,100.0,0.0,0.0,0.5163,0.4771,0.3781,11,15,6,59280.0,59210.0,59210.0,59280.0,70.0,2,0,0.0,,,103.95,103.82,0,0,0,0,0,0,0,0,0,0,0,0,0,0,0,0.0,0,0,0,,0.0,,,0.0,0,0,0,,0.0,,2024-05-16 23:59:59.999999999,2023-12-08 00:39:55,2024-05-16 13:06:50,160.972,True,59340.0,2024-03-26 16:56:42,12.0,51.294,4.0,True,59210.0,2024-05-07 12:48:42,16.0,9.466,0.0,True,6,40.0,True,0,0,0,0,0,0,0,0,0,0,0,0,0,0,0,0,0,0,0.0,0,0.0,-0.0,-0.0,51.294,4.0,0,0,0,-0.0,4,MOBILE_DEEP_CYCLE,STATEFUL_NORMAL_RESPONDING,WINDOW_MICRO_WOBBLE_ONLY,ACTION_NONE,high,9,responding_or_no_concern,micro_wobble,days_eff=51 days_any=9 cyc_eff=4 hq_nr=0 total_nr=0 cens=0 lg_opp=0 opp=0 norm_anom=-0.00 conf_p=1 micro_only=True cluster=MOBILE_DEEP_CYCLE,No action needed.,Responding normally; no concern.,,False,False,True,False,False,False,False,False,0,2026-06-08T10:02:59Z,rolling30-v2.0,30,1,abs_ge_50mWh
LAPTOP-OV7Q4J55_PE,2024-09-29,2024-08-30 23:59:59.999999999,2024-09-29 23:59:59.999999999,495,11.993,0.5,0.5,61.653,2,2,1,0,0,0,0,False,WINDOW_QUALITY_OK,2.0,6.0,4.0,10.006,0.9839,0.0374,0.1743,2.0,100.0,98.0,48.1,99.0,100.0,0.0231,0.0347,0.8669,0.8179,0.5464,22,43,18,57000.0,57570.0,57000.0,57570.0,570.0,1,1,570.0,2024-09-25 04:27:00,5.0,100.0,101.0,1,2,0,0,3,1,2,0,0,3,1,2,0,0,3,0.335,1,0,1,0.664987,0.1772,0.88648,0.9047,0.4659,1,0,1,0.534091,0.2724,0.47589,2024-09-29 23:59:59.999999999,2024-09-17 18:28:19,2024-09-29 18:18:34,12.23,False,57570.0,2024-09-25 04:27:00,5.0,4.815,1.0,False,57570.0,2024-09-25 04:27:00,5.0,4.815,1.0,False,0,0.0,False,0,0,1,0,0,0,0,0,0,1,0,0,0,0,0,0,1,0,0.0,0,0.0,-0.0,-0.0,4.815,1.0,0,0,0,-0.0,0,MOBILE_DEEP_CYCLE,STATEFUL_REVIEW_DATA_QUALITY,WINDOW_NORMAL_RESPONDING,ACTION_COLLECT_MORE_DATA_OR_MANUAL_REVIEW,low,1,data_quality_or_history_review,large_gap_dominant,days_eff=5 days_any=5 cyc_eff=1 hq_nr=0 total_nr=0 cens=0 lg_opp=1 opp=2 norm_anom=-0.00 conf_p=0.886 micro_only=False cluster=MOBILE_DEEP_CYCLE,No user-facing action; collecting more data.,Data-quality/history review outranks action (would_have_been=NONE). Collect more data or manual review.,NONE,False,False,False,True,False,True,False,False,0,2026-06-08T10:02:59Z,rolling30-v2.0,30,1,abs_ge_50mWh
LAPTOP-P9BQ8OLJ_Neal,2026-04-22,2026-03-23 23:59:59.999999999,2026-04-22 23:59:59.999999999,597,29.552,0.5,1.465,123.959,21,12,6,0,0,0,0,False,WINDOW_QUALITY_OK,62.0,71.0,9.0,9.136,0.6414,0.1798,0.3586,1.0,100.0,99.0,51.0,98.0,100.0,0.0088,0.0103,0.7566,0.6907,0.5702,103,133,52,53870.0,52630.0,52630.0,53870.0,1240.0,11,2,550.0,2026-04-19 09:25:36,71.0,98.48,96.22,0,1,0,0,1,0,1,0,0,1,0,1,0,0,1,0.0,0,0,0,,0.0,,,0.0,0,0,0,,0.0,,2026-04-22 23:59:59.999999999,2025-07-08 00:39:09,2026-04-22 22:35:26,288.973,True,52630.0,2026-04-19 09:25:36,71.0,3.607,0.0,True,52630.0,2026-04-19 09:25:36,71.0,3.607,0.0,True,0,0.0,False,0,0,0,0,0,0,0,0,0,0,0,0,0,0,0,0,0,0,0.0,0,0.0,-0.0,-0.0,3.607,0.0,0,0,0,-0.0,4,MOBILE_DEEP_CYCLE,STATEFUL_NORMAL_RESPONDING,WINDOW_NORMAL_RESPONDING,ACTION_NONE,high,9,responding_or_no_concern,,days_eff=4 days_any=4 cyc_eff=0 hq_nr=0 total_nr=0 cens=0 lg_opp=0 opp=0 norm_anom=-0.00 conf_p=1 micro_only=False cluster=MOBILE_DEEP_CYCLE,No action needed.,Responding normally; no concern.,,False,False,False,False,False,False,False,False,0,2026-06-08T10:02:59Z,rolling30-v2.0,30,1,abs_ge_50mWh
LAPTOP-Q5JPEGGD_Nate,2026-04-09,2026-03-10 23:59:59.999999999,2026-04-09 23:59:59.999999999,1149,29.592,0.5,0.5,41.284,11,4,2,0,0,0,0,False,WINDOW_QUALITY_OK,14.0,24.0,10.0,10.138,0.9064,0.157,0.0936,0.0,100.0,100.0,48.0,98.0,100.0,0.0081,0.011,0.8961,0.8691,0.643,88,145,44,57920.0,57290.0,57290.0,57920.0,630.0,11,1,500.0,2026-03-26 14:31:04,20.0,99.86,98.78,1,2,0,0,3,1,2,0,0,3,1,2,0,0,3,0.451,1,0,1,0.54902,0.2604,0.53695,0.52345,0.2835,1,0,1,0.716495,0.1448,0.65823,2026-04-09 23:59:59.999999999,2026-01-28 14:35:33,2026-04-09 14:20:39,71.392,True,57340.0,2026-03-26 14:31:04,20.0,14.395,4.0,True,57290.0,2026-04-08 15:14:19,24.0,1.365,0.0,True,4,20.0,True,0,1,0,0,1,1,0,0,1,0,0,1,1,0,0,0,0,0,0.3144,0,-0.3775,0.1639,0.1639,14.395,4.0,1,1,0,0.1639,3,AC_BOUND,STATEFUL_WATCH_LOW_EVIDENCE,WINDOW_NORMAL_RESPONDING,ACTION_MONITOR_NEXT_WINDOW,low,8,weak_partial_evidence,fw_like;micro_wobble,days_eff=14 days_any=1 cyc_eff=4 hq_nr=0 total_nr=1 cens=0 lg_opp=0 opp=2 norm_anom=0.16 conf_p=0.537 micro_only=True cluster=AC_BOUND,No user-facing action; monitoring.,Ambiguous/weak evidence (14d since effective change); monitor next window.,,True,False,True,False,False,False,False,False,0,2026-06-08T10:02:59Z,rolling30-v2.0,30,1,abs_ge_50mWh
LAPTOP-Q6HOEUNN_tyler,2024-06-25,2024-05-26 23:59:59.999999999,2024-06-25 23:59:59.999999999,177,28.079,0.5,10.921,129.848,22,7,4,0,0,0,0,False,WINDOW_QUALITY_OK,64.0,71.0,7.0,7.479,0.576,0.1563,0.424,17.0,100.0,83.0,22.4,94.0,100.0,0.0,0.033,0.6874,0.6011,0.4706,31,43,16,50280.0,50280.0,50280.0,50280.0,0.0,0,0,0.0,,,88.13,88.13,1,2,1,0,3,0,0,0,0,0,0,0,0,0,0,0.4303,0,1,1,0.569677,0.2444,0.74929,0.76293,0.2835,0,1,1,0.716495,0.1448,0.65823,2024-06-25 23:59:59.999999999,2023-05-02 09:13:46,2024-06-25 10:27:13,420.615,True,50310.0,2024-02-06 09:19:36,47.0,140.611,24.0,False,50280.0,2024-03-22 09:49:15,55.0,95.591,16.0,False,1,30.0,True,0,1,6,0,1,1,0,0,0,3,0,0,0,0,0,0,6,0,0.4303,0,-0.56269,0.2444,0.2444,140.611,24.0,1,0,0,0.2444,4,MOBILE_DEEP_CYCLE,STATEFUL_FW_WATCH_HIGH_ANOMALY,WINDOW_OPPORTUNITY_NO_RESPONSE,ACTION_FW_ENGINEERING_REVIEW,medium,4,fw_like_no_response_core_requirement_short,fw_like;micro_wobble;large_gap_dominant,days_eff=141 days_any=96 cyc_eff=24 hq_nr=0 total_nr=1 cens=0 lg_opp=6 opp=10 norm_anom=0.24 conf_p=0.749 micro_only=True cluster=MOBILE_DEEP_CYCLE,No user-facing action; monitoring.,"FW-like no-response signal but a core requirement is short (staleness/cycles/quality). Monitor and add to FW engineering queue. normative anomaly 0.24, 1 no_response since last effective change (140d ago).",,True,False,True,True,False,False,False,False,24,2026-06-08T10:02:59Z,rolling30-v2.0,30,1,abs_ge_50mWh
LAPTOP-QQKPMET2_longrun,2026-05-11,2026-04-11 23:59:59.999999999,2026-05-11 23:59:59.999999999,32,20.844,0.356,129.321,193.322,5,4,3,0,0,0,0,False,WINDOW_QUALITY_SPARSE,11.0,14.0,3.0,4.318,0.3228,0.3112,0.6772,1.0,100.0,99.0,3.2,17.5,100.0,0.1219,0.3804,0.2111,0.2111,0.2111,9,10,5,92710.0,89370.0,89370.0,92710.0,3340.0,5,2,2650.0,2026-04-28 16:14:59,13.0,103.01,99.3,0,1,0,0,1,0,1,0,0,1,0,1,0,0,1,0.0,0,0,0,,0.0,,,0.0,0,0,0,,0.0,,2026-05-11 23:59:59.999999999,2026-03-06 17:42:11,2026-05-11 11:14:45,66.262,True,89390.0,2026-04-28 16:14:59,13.0,13.323,1.0,True,89370.0,2026-04-28 16:24:13,14.0,13.317,0.0,True,1,20.0,True,0,0,0,0,0,0,0,0,0,0,0,0,0,0,0,0,0,0,0.0,0,0.0,-0.0,-0.0,13.323,1.0,0,0,0,-0.0,-1,SPARSE_OR_GAPPY,STATEFUL_REVIEW_DATA_QUALITY,WINDOW_DATA_QUALITY_REVIEW,ACTION_COLLECT_MORE_DATA_OR_MANUAL_REVIEW,low,1,data_quality_or_history_review,micro_wobble,days_eff=13 days_any=13 cyc_eff=1 hq_nr=0 total_nr=0 cens=0 lg_opp=0 opp=0 norm_anom=-0.00 conf_p=1 micro_only=True cluster=SPARSE_OR_GAPPY,No user-facing action; collecting more data.,Data-quality/history review outranks action (would_have_been=NONE). Collect more data or manual review.,NONE,False,False,True,False,False,False,True,False,0,2026-06-08T10:02:59Z,rolling30-v2.0,30,1,abs_ge_50mWh
LAPTOP-QQLCC3QB_jl240,2024-05-22,2024-04-22 23:59:59.999999999,2024-05-22 23:59:59.999999999,1028,29.349,0.5,0.5,191.948,1,1,1,0,0,0,0,False,WINDOW_QUALITY_OK,152.0,153.0,1.0,1.022,0.9943,0.0,0.0057,60.0,80.0,20.0,76.0,77.0,80.0,0.0,0.0,0.0,0.0,0.0,2,2,1,45220.0,45200.0,45200.0,45220.0,20.0,1,0,0.0,,,88.65,88.61,0,0,0,0,0,0,0,0,0,0,0,0,0,0,0,0.0,0,0,0,,0.0,,,0.0,0,0,0,,0.0,,2024-05-22 23:59:59.999999999,2023-02-11 23:28:12,2024-05-22 08:23:47,466.022,True,45250.0,2023-09-10 08:15:46,151.0,255.656,2.0,False,45200.0,2024-05-01 20:54:23,153.0,21.129,0.0,True,2,30.0,True,0,0,0,0,0,0,0,0,0,0,0,0,0,0,0,0,0,0,0.0,0,0.0,-0.0,-0.0,255.656,2.0,0,0,0,-0.0,2,MOBILE_DEEP_CYCLE,STATEFUL_NORMAL_RESPONDING,WINDOW_MICRO_WOBBLE_ONLY,ACTION_NONE,high,9,responding_or_no_concern,micro_wobble,days_eff=256 days_any=21 cyc_eff=2 hq_nr=0 total_nr=0 cens=0 lg_opp=0 opp=0 norm_anom=-0.00 conf_p=1 micro_only=True cluster=MOBILE_DEEP_CYCLE,No action needed.,Responding normally; no concern.,,False,False,True,False,False,False,False,False,0,2026-06-08T10:02:59Z,rolling30-v2.0,30,1,abs_ge_50mWh
LAPTOP-RCQD7R5B_kazuk,2024-01-29,2023-12-30 23:59:59.999999999,2024-01-29 23:59:59.999999999,689,29.671,0.5,2.995,66.147,13,6,4,0,0,0,0,False,WINDOW_QUALITY_OK,89.0,105.0,16.0,16.178,0.708,0.1764,0.292,2.0,100.0,98.0,15.0,98.0,100.0,0.0164,0.0384,0.7234,0.6741,0.5958,65,107,33,52320.0,50510.0,50140.0,53920.0,3780.0,51,38,2980.0,2024-01-29 16:38:28,105.0,91.79,88.61,9,2,1,0,11,7,3,0,0,10,6,3,0,0,9,3.4175,8,1,9,0.013255,1.8776,0.01534,0.0165,8.3682,8,1,9,0.0,10.6614,0.00168,2024-01-29 23:59:59.999999999,2023-02-17 04:28:14,2024-01-29 16:51:46,346.814,True,50520.0,2024-01-29 16:38:28,105.0,0.307,0.0,True,50510.0,2024-01-29 16:51:43,105.0,0.297,0.0,True,1,10.0,True,0,0,0,0,0,0,0,0,0,0,0,0,0,0,0,0,0,0,0.0,0,0.0,-0.0,-0.0,0.307,0.0,0,0,0,-0.0,4,MOBILE_DEEP_CYCLE,STATEFUL_WATCH_LOW_EVIDENCE,WINDOW_NORMAL_RESPONDING,ACTION_MONITOR_NEXT_WINDOW,low,8,weak_partial_evidence,fw_like;micro_wobble,days_eff=0 days_any=0 cyc_eff=0 hq_nr=0 total_nr=0 cens=0 lg_opp=0 opp=0 norm_anom=-0.00 conf_p=0.0153 micro_only=True cluster=MOBILE_DEEP_CYCLE,No user-facing action; monitoring.,Ambiguous/weak evidence (0d since effective change); monitor next window.,,True,False,True,False,False,False,False,False,0,2026-06-08T10:02:59Z,rolling30-v2.0,30,1,abs_ge_50mWh
LAPTOP-S8IHCLL8_x1,2026-05-22,2026-04-22 23:59:59.999999999,2026-05-22 23:59:59.999999999,86,18.33,0.5,17.29,149.165,10,8,4,0,0,0,0,False,WINDOW_QUALITY_OK,40.0,42.0,2.0,3.273,0.8211,0.1065,0.1789,16.0,80.0,64.0,28.5,79.0,80.0,0.0,0.003,0.0,0.0,0.0,16,19,8,48720.0,48700.0,48700.0,48720.0,20.0,2,0,0.0,,,85.43,85.39,0,1,0,0,1,0,0,0,0,0,0,0,0,0,0,0.0,0,0,0,,0.0,,,0.0,0,0,0,,0.0,,2026-05-22 23:59:59.999999999,2025-01-13 11:27:43,2026-05-22 19:58:36,494.522,True,49020.0,2025-03-23 16:47:48,14.0,425.3,28.0,False,48700.0,2026-05-14 18:16:51,42.0,8.238,0.0,True,28,20.0,True,0,5,10,0,5,5,0,0,0,0,0,0,0,0,0,0,10,0,2.0233,0,-2.59768,1.1282,1.1282,425.3,28.0,5,0,0,1.1282,2,MOBILE_DEEP_CYCLE,STATEFUL_FW_WATCH_HIGH_ANOMALY,WINDOW_MICRO_WOBBLE_ONLY,ACTION_FW_ENGINEERING_REVIEW,medium,4,fw_like_no_response_core_requirement_short,fw_like;micro_wobble;large_gap_dominant,days_eff=425 days_any=8 cyc_eff=28 hq_nr=0 total_nr=5 cens=0 lg_opp=10 opp=15 norm_anom=1.13 conf_p=1 micro_only=True cluster=MOBILE_DEEP_CYCLE,No user-facing action; monitoring.,"FW-like no-response signal but a core requirement is short (staleness/cycles/quality). Monitor and add to FW engineering queue. normative anomaly 1.13, 5 no_response since last effective change (425d ago).",,True,False,True,True,False,False,False,False,0,2026-06-08T10:02:59Z,rolling30-v2.0,30,1,abs_ge_50mWh
LAPTOP-SE41CTD4_gaojiangwei,2023-12-25,2023-11-25 23:59:59.999999999,2023-12-25 23:59:59.999999999,17,2.909,0.5,16.27,63.566,1,1,1,0,0,0,0,False,WINDOW_QUALITY_SHORT_OBS,100.0,101.0,1.0,10.312,0.9833,0.6805,0.0167,5.0,100.0,95.0,9.0,92.0,100.0,0.2422,0.3333,0.5456,0.4851,0.3028,2,3,1,47170.0,46880.0,46880.0,47170.0,290.0,1,1,290.0,2023-12-25 13:15:53,101.0,92.49,91.92,0,1,0,0,1,0,1,0,0,1,0,1,0,0,1,0.0,0,0,0,,0.0,,,0.0,0,0,0,,0.0,,2023-12-25 23:59:59.999999999,2023-02-03 13:58:59,2023-12-25 15:45:53,325.417,True,46880.0,2023-12-25 13:15:53,101.0,0.447,0.0,True,46880.0,2023-12-25 13:15:53,101.0,0.447,0.0,True,0,0.0,False,0,0,0,0,0,0,0,0,0,0,0,0,0,0,0,0,0,0,0.0,0,0.0,-0.0,-0.0,0.447,0.0,0,0,0,-0.0,-1,SPARSE_OR_GAPPY,STATEFUL_REVIEW_DATA_QUALITY,WINDOW_DATA_QUALITY_REVIEW,ACTION_COLLECT_MORE_DATA_OR_MANUAL_REVIEW,low,1,data_quality_or_history_review,,days_eff=0 days_any=0 cyc_eff=0 hq_nr=0 total_nr=0 cens=0 lg_opp=0 opp=0 norm_anom=-0.00 conf_p=1 micro_only=False cluster=SPARSE_OR_GAPPY,No user-facing action; collecting more data.,Data-quality/history review outranks action (would_have_been=NONE). Collect more data or manual review.,NONE,False,False,False,False,False,False,True,False,0,2026-06-08T10:02:59Z,rolling30-v2.0,30,1,abs_ge_50mWh
LAPTOP-SH0NRR9B_Mesery2,2025-09-05,2025-08-06 23:59:59.999999999,2025-09-05 23:59:59.999999999,560,7.887,0.016,0.08,123.668,3,3,1,0,0,0,0,False,WINDOW_QUALITY_OK,14.0,15.0,1.0,3.804,0.8595,0.0653,0.1405,28.0,100.0,72.0,99.0,99.0,99.0,0.0,0.0,0.7947,0.7947,0.7947,3,5,2,55200.0,55740.0,55200.0,55740.0,540.0,1,1,540.0,2025-09-04 23:23:29,15.0,96.79,97.74,0,0,0,0,0,0,0,0,0,0,0,0,0,0,0,0.0,0,0,0,,0.0,,,0.0,0,0,0,,0.0,,2025-09-05 23:59:59.999999999,2022-08-29 05:00:32,2025-09-05 01:01:08,1103.791,True,55740.0,2025-09-04 23:23:29,15.0,1.025,0.0,True,55740.0,2025-09-04 23:23:29,15.0,1.025,0.0,True,0,0.0,False,0,0,0,0,0,0,0,0,0,0,0,0,0,0,0,0,0,0,0.0,0,0.0,-0.0,-0.0,1.025,0.0,0,0,0,-0.0,3,AC_BOUND,STATEFUL_NORMAL_RESPONDING,WINDOW_NORMAL_RESPONDING,ACTION_NONE,high,9,responding_or_no_concern,,days_eff=1 days_any=1 cyc_eff=0 hq_nr=0 total_nr=0 cens=0 lg_opp=0 opp=0 norm_anom=-0.00 conf_p=1 micro_only=False cluster=AC_BOUND,No action needed.,Responding normally; no concern.,,False,False,False,False,False,False,False,False,0,2026-06-08T10:02:59Z,rolling30-v2.0,30,1,abs_ge_50mWh
LAPTOP-SHD3G568_Test,2026-03-15,2026-02-13 23:59:59.999999999,2026-03-15 23:59:59.999999999,164,27.985,0.5,24.741,47.288,27,21,9,0,0,0,0,False,WINDOW_QUALITY_SPARSE,204.0,214.0,10.0,10.72,0.2302,0.2218,0.7698,12.0,100.0,88.0,23.0,54.0,99.0,0.0,0.038,0.1947,0.1314,0.07,46,50,24,53670.0,53070.0,53070.0,54180.0,1110.0,12,3,550.0,2026-03-14 16:58:55,214.0,97.4,96.32,0,4,0,0,4,0,2,0,0,2,0,0,0,0,0,0.0,0,0,0,,0.0,,,0.0,0,0,0,,0.0,,2026-03-15 23:59:59.999999999,2025-06-26 01:38:03,2026-03-15 11:17:15,262.932,True,53070.0,2026-03-14 16:58:55,214.0,1.292,0.0,True,53070.0,2026-03-14 16:58:55,214.0,1.292,0.0,True,0,0.0,False,0,0,0,0,0,0,0,0,0,0,0,0,0,0,0,0,0,0,0.0,0,0.0,-0.0,-0.0,1.292,0.0,0,0,0,-0.0,-1,SPARSE_OR_GAPPY,STATEFUL_REVIEW_DATA_QUALITY,WINDOW_DATA_QUALITY_REVIEW,ACTION_COLLECT_MORE_DATA_OR_MANUAL_REVIEW,low,1,data_quality_or_history_review,,days_eff=1 days_any=1 cyc_eff=0 hq_nr=0 total_nr=0 cens=0 lg_opp=0 opp=0 norm_anom=-0.00 conf_p=1 micro_only=False cluster=SPARSE_OR_GAPPY,No user-facing action; collecting more data.,Data-quality/history review outranks action (would_have_been=NONE). Collect more data or manual review.,NONE,False,False,False,False,False,False,True,False,0,2026-06-08T10:02:59Z,rolling30-v2.0,30,1,abs_ge_50mWh
LAPTOP-SHOBTFD7_TM1,2025-10-02,2025-09-02 23:59:59.999999999,2025-10-02 23:59:59.999999999,319,26.549,0.5,1.897,167.761,11,9,3,0,1,0,0,True,WINDOW_QUALITY_COUNTER_RESET,27.0,31.0,4.0,4.52,0.2648,0.0824,0.7352,0.0,100.0,100.0,4.0,59.0,100.0,0.1713,0.2689,0.2584,0.217,0.1659,22,30,12,54590.0,54360.0,54360.0,57010.0,2650.0,11,7,2550.0,2025-10-01 13:00:27,31.0,95.72,95.32,1,2,0,1,4,1,2,0,0,3,1,2,0,0,3,0.4388,1,0,1,0.561151,0.2509,0.65305,0.65259,0.5456,1,0,1,0.454369,0.3426,0.42454,2025-10-02 23:59:59.999999999,2025-09-05 13:55:37,2025-10-02 03:05:38,27.42,False,54360.0,2025-10-01 13:00:27,31.0,1.458,0.0,False,54360.0,2025-10-01 13:00:27,31.0,1.458,0.0,False,0,0.0,False,0,0,0,0,0,0,0,0,0,0,0,0,0,0,0,0,0,0,0.0,0,0.0,-0.0,-0.0,1.458,0.0,0,0,0,-0.0,-1,SPARSE_OR_GAPPY,STATEFUL_REVIEW_DATA_QUALITY,WINDOW_DATA_QUALITY_REVIEW,ACTION_COLLECT_MORE_DATA_OR_MANUAL_REVIEW,low,1,data_quality_or_history_review,,days_eff=1 days_any=1 cyc_eff=0 hq_nr=0 total_nr=0 cens=0 lg_opp=0 opp=0 norm_anom=-0.00 conf_p=0.653 micro_only=False cluster=SPARSE_OR_GAPPY,No user-facing action; collecting more data.,Data-quality/history review outranks action (would_have_been=NONE). Collect more data or manual review.,NONE,False,False,False,False,False,True,True,False,0,2026-06-08T10:02:59Z,rolling30-v2.0,30,1,abs_ge_50mWh
LAPTOP-SJCL3CJL_scollins1,2025-05-22,2025-04-22 23:59:59.999999999,2025-05-22 23:59:59.999999999,2,0.0,0.001,0.001,0.001,0,0,0,0,0,0,0,False,WINDOW_QUALITY_SHORT_OBS,90.0,90.0,0.0,0.0,0.0,0.0,1.0,0.0,79.0,79.0,3.95,39.5,75.05,0.0,0.0,0.0,0.0,0.0,1,1,1,56990.0,56990.0,56990.0,56990.0,0.0,0,0,0.0,,,99.98,99.98,0,0,0,0,0,0,0,0,0,0,0,0,0,0,0,0.0,0,0,0,,0.0,,,0.0,0,0,0,,0.0,,2025-05-22 23:59:59.999999999,2023-02-02 09:03:00,2025-05-22 13:00:02,840.623,True,56970.0,2023-02-02 09:03:00,32.0,840.623,58.0,False,56990.0,2023-05-12 13:28:22,50.0,741.439,40.0,False,1,20.0,True,3,2,9,3,2,5,0,0,0,0,0,0,0,0,3,0,9,0,1.884,0,-2.38339,1.0351,1.0351,840.623,58.0,5,0,0,1.0351,-1,SPARSE_OR_GAPPY,STATEFUL_REVIEW_DATA_QUALITY,WINDOW_DATA_QUALITY_REVIEW,ACTION_COLLECT_MORE_DATA_OR_MANUAL_REVIEW,low,1,data_quality_or_history_review,fw_like;micro_wobble;large_gap_dominant,days_eff=841 days_any=741 cyc_eff=58 hq_nr=3 total_nr=5 cens=0 lg_opp=9 opp=14 norm_anom=1.04 conf_p=1 micro_only=True cluster=SPARSE_OR_GAPPY,No user-facing action; collecting more data.,Data-quality/history review outranks action (would_have_been=FW_CORE_LIKE). Collect more data or manual review.,FW_CORE_LIKE,True,False,True,True,False,False,True,False,0,2026-06-08T10:02:59Z,rolling30-v2.0,30,1,abs_ge_50mWh
LAPTOP-STAV4QJC_PQM,2023-12-28,2023-11-28 23:59:59.999999999,2023-12-28 23:59:59.999999999,369,29.267,0.5,5.742,93.33,18,8,5,0,0,0,0,False,WINDOW_QUALITY_OK,130.0,145.0,15.0,15.376,0.4354,0.2733,0.5646,1.0,100.0,99.0,22.0,81.0,100.0,0.0581,0.0735,0.5085,0.3928,0.2705,93,128,47,57570.0,57570.0,57570.0,57570.0,0.0,0,0,0.0,,,101.0,101.0,1,2,1,0,3,1,2,1,0,3,0,3,0,0,3,0.3144,0,1,1,0.685573,0.1639,0.99873,0.99764,0.0409,0,1,1,0.959069,0.0182,0.98862,2023-12-28 23:59:59.999999999,2023-03-05 21:06:10,2023-12-28 08:46:33,298.121,True,57570.0,2023-03-05 21:06:10,25.0,298.121,120.0,False,57570.0,2023-03-05 21:06:10,25.0,298.121,120.0,False,0,0.0,False,1,1,6,1,0,1,1,0,1,4,0,0,0,1,1,1,6,0,0.3144,0,-0.3775,0.1639,0.1639,298.121,120.0,1,0,0,0.1639,4,MOBILE_DEEP_CYCLE,STATEFUL_FW_WATCH_HIGH_ANOMALY,WINDOW_OPPORTUNITY_NO_RESPONSE,ACTION_FW_ENGINEERING_REVIEW,medium,4,fw_like_no_response_core_requirement_short,fw_like;large_gap_dominant,days_eff=298 days_any=298 cyc_eff=120 hq_nr=1 total_nr=1 cens=1 lg_opp=6 opp=13 norm_anom=0.16 conf_p=0.999 micro_only=False cluster=MOBILE_DEEP_CYCLE,No user-facing action; monitoring.,"FW-like no-response signal but a core requirement is short (staleness/cycles/quality). Monitor and add to FW engineering queue. normative anomaly 0.16, 1 no_response since last effective change (298d ago).",,True,False,False,True,False,False,False,False,25,2026-06-08T10:02:59Z,rolling30-v2.0,30,1,abs_ge_50mWh
LAPTOP-T2RCOIA2_SVT,2024-11-18,2024-10-19 23:59:59.999999999,2024-11-18 23:59:59.999999999,45,21.178,0.5,19.608,298.054,6,4,2,0,0,0,0,False,WINDOW_QUALITY_OK,36.0,36.0,0.0,0.0,0.599,0.0519,0.401,63.0,100.0,37.0,65.2,100.0,100.0,0.0,0.0,0.8586,0.7031,0.7031,6,7,3,54070.0,54070.0,54070.0,54070.0,0.0,0,0,0.0,,,94.86,94.86,0,0,0,0,0,0,0,0,0,0,0,0,0,0,0,0.0,0,0,0,,0.0,,,0.0,0,0,0,,0.0,,2024-11-18 23:59:59.999999999,2024-05-29 18:33:39,2024-11-18 13:55:37,173.227,True,54090.0,2024-08-29 15:32:10,34.0,81.353,2.0,False,54070.0,2024-10-08 18:45:30,36.0,41.218,0.0,True,2,10.0,True,0,0,0,0,0,0,0,0,0,0,0,0,0,0,0,0,0,0,0.0,0,0.0,-0.0,-0.0,81.353,2.0,0,0,0,-0.0,5,AC_BOUND,STATEFUL_NORMAL_RESPONDING,WINDOW_INSUFFICIENT_LEARNING_OPPORTUNITY,ACTION_NONE,high,9,responding_or_no_concern,micro_wobble,days_eff=81 days_any=41 cyc_eff=2 hq_nr=0 total_nr=0 cens=0 lg_opp=0 opp=0 norm_anom=-0.00 conf_p=1 micro_only=True cluster=AC_BOUND,No action needed.,Responding normally; no concern.,,False,False,True,False,False,False,False,False,0,2026-06-08T10:02:59Z,rolling30-v2.0,30,1,abs_ge_50mWh
LAPTOP-T4UU1BOP_Nikle,2026-04-23,2026-03-24 23:59:59.999999999,2026-04-23 23:59:59.999999999,534,29.234,0.5,2.449,62.426,22,14,4,0,0,0,0,False,WINDOW_QUALITY_OK,78.0,95.0,17.0,17.446,0.3948,0.1675,0.6052,2.0,100.0,98.0,28.65,86.0,100.0,0.0022,0.0249,0.5548,0.4169,0.325,126,180,64,56940.0,56920.0,55150.0,57030.0,1880.0,23,6,1180.0,2026-04-14 08:48:43,88.0,104.1,104.06,1,4,0,0,5,1,1,0,0,2,0,0,0,0,0,0.4303,1,0,1,0.569677,0.2444,0.74929,0.76293,0.5456,1,0,1,0.454369,0.3426,0.42454,2026-04-23 23:59:59.999999999,2025-11-16 17:57:35,2026-04-23 14:02:34,158.252,True,57030.0,2026-04-14 08:48:43,88.0,9.633,7.0,True,56920.0,2026-04-23 12:20:42,95.0,0.486,0.0,True,7,20.0,True,0,1,1,0,0,0,1,0,0,0,0,0,0,0,0,1,1,0,0.0,0,0.0,-0.0,-0.0,9.633,7.0,0,0,0,-0.0,4,MOBILE_DEEP_CYCLE,STATEFUL_WATCH_LARGE_GAP_OR_CENSORED,WINDOW_NORMAL_RESPONDING,ACTION_MONITOR_NEXT_WINDOW,low,7,large_gap_or_censored_dominant,micro_wobble;large_gap_dominant;censored_dominant,days_eff=10 days_any=0 cyc_eff=7 hq_nr=0 total_nr=0 cens=1 lg_opp=1 opp=2 norm_anom=-0.00 conf_p=0.749 micro_only=True cluster=MOBILE_DEEP_CYCLE,No user-facing action; monitoring.,Ambiguous/weak evidence (9d since effective change); monitor next window.,,False,False,True,True,True,False,False,False,0,2026-06-08T10:02:59Z,rolling30-v2.0,30,1,abs_ge_50mWh
LAPTOP-T83863L5_EigerSIT11,2026-05-31,2026-05-01 23:59:59.999999999,2026-05-31 23:59:59.999999999,138,29.367,0.5,18.736,98.899,28,17,4,0,0,0,0,False,WINDOW_QUALITY_OK,176.0,184.0,8.0,8.172,0.2448,0.1762,0.7552,1.0,100.0,99.0,4.0,55.5,100.0,0.0611,0.0842,0.3339,0.2713,0.1442,23,28,12,47800.0,49010.0,44070.0,49030.0,4960.0,10,2,4960.0,2026-05-16 18:35:45,182.0,82.41,84.5,2,6,1,0,8,1,5,1,0,6,0,4,0,0,4,0.902,1,1,2,0.301423,0.5208,0.26623,0.25242,0.7937,1,1,2,0.341652,0.4664,0.33109,2026-05-31 23:59:59.999999999,2023-12-28 02:39:48,2026-05-31 21:07:11,885.889,True,49030.0,2026-05-16 18:35:45,182.0,15.225,2.0,True,49010.0,2026-05-27 22:14:31,184.0,4.073,0.0,True,2,10.0,True,0,0,2,0,0,0,0,0,0,2,0,0,0,0,0,0,2,0,0.0,0,0.0,-0.0,-0.0,15.225,2.0,0,0,0,-0.0,4,MOBILE_DEEP_CYCLE,STATEFUL_WATCH_LARGE_GAP_OR_CENSORED,WINDOW_NORMAL_RESPONDING,ACTION_MONITOR_NEXT_WINDOW,low,7,large_gap_or_censored_dominant,micro_wobble;large_gap_dominant,days_eff=15 days_any=4 cyc_eff=2 hq_nr=0 total_nr=0 cens=0 lg_opp=2 opp=4 norm_anom=-0.00 conf_p=0.266 micro_only=True cluster=MOBILE_DEEP_CYCLE,No user-facing action; monitoring.,Ambiguous/weak evidence (15d since effective change); monitor next window.,,False,False,True,True,False,False,False,False,0,2026-06-08T10:02:59Z,rolling30-v2.0,30,1,abs_ge_50mWh
LAPTOP-TH4417NP_MobilePE,2024-10-09,2024-09-09 23:59:59.999999999,2024-10-09 23:59:59.999999999,507,7.026,0.5,0.5,16.012,1,1,0,0,0,0,0,False,WINDOW_QUALITY_OK,5.0,19.0,14.0,59.782,0.946,0.0819,0.792,2.0,100.0,98.0,60.9,81.0,100.0,0.0127,0.0127,0.8815,0.1476,0.1409,7,48,23,57000.0,57570.0,57000.0,57570.0,570.0,1,1,570.0,2024-10-09 19:36:45,19.0,100.0,101.0,0,1,0,0,1,0,1,0,0,1,0,1,0,0,1,0.0,0,0,0,,0.0,,,0.0,0,0,0,,0.0,,2024-10-09 23:59:59.999999999,2024-10-02 19:00:01,2024-10-09 19:36:45,7.208,False,57570.0,2024-10-09 19:36:45,19.0,0.183,0.0,False,57570.0,2024-10-09 19:36:45,19.0,0.183,0.0,False,0,0.0,False,0,0,0,0,0,0,0,0,0,0,0,0,0,0,0,0,0,0,0.0,0,0.0,-0.0,-0.0,0.183,0.0,0,0,0,-0.0,0,MOBILE_DEEP_CYCLE,STATEFUL_REVIEW_DATA_QUALITY,WINDOW_NORMAL_RESPONDING,ACTION_COLLECT_MORE_DATA_OR_MANUAL_REVIEW,low,1,data_quality_or_history_review,,days_eff=0 days_any=0 cyc_eff=0 hq_nr=0 total_nr=0 cens=0 lg_opp=0 opp=0 norm_anom=-0.00 conf_p=1 micro_only=False cluster=MOBILE_DEEP_CYCLE,No user-facing action; collecting more data.,Data-quality/history review outranks action (would_have_been=NONE). Collect more data or manual review.,NONE,False,False,False,False,False,True,False,False,0,2026-06-08T10:02:59Z,rolling30-v2.0,30,1,abs_ge_50mWh
LAPTOP-TH5V7J86_CQE_Test,2023-10-23,2023-09-23 23:59:59.999999999,2023-10-23 23:59:59.999999999,326,28.032,0.5,5.147,120.373,14,10,5,0,0,0,0,False,WINDOW_QUALITY_OK,395.0,402.0,7.0,7.492,0.7282,0.1481,0.2718,9.0,100.0,91.0,23.25,98.0,100.0,0.0004,0.006,0.7509,0.7159,0.66,87,102,44,56990.0,56990.0,56990.0,56990.0,0.0,0,0,0.0,,,99.98,99.98,0,3,0,0,3,0,2,0,0,2,0,1,0,0,1,0.0,0,0,0,,0.0,,,0.0,0,0,0,,0.0,,2023-10-23 23:59:59.999999999,2023-05-19 09:42:35,2023-10-23 09:32:19,157.595,True,56990.0,2023-05-19 09:42:35,337.0,157.595,65.0,False,56990.0,2023-05-19 09:42:35,337.0,157.595,65.0,False,0,0.0,False,7,1,18,7,1,8,0,1,0,13,1,0,1,0,7,0,18,0,2.846,0,-3.54308,1.5387,1.5387,157.595,65.0,8,1,0,1.5387,4,MOBILE_DEEP_CYCLE,STATEFUL_FW_WATCH_HIGH_ANOMALY,WINDOW_LARGE_GAP_AMBIGUOUS,ACTION_FW_ENGINEERING_REVIEW,medium,4,fw_like_no_response_core_requirement_short,fw_like;large_gap_dominant,days_eff=158 days_any=158 cyc_eff=65 hq_nr=7 total_nr=8 cens=0 lg_opp=18 opp=40 norm_anom=1.54 conf_p=1 micro_only=False cluster=MOBILE_DEEP_CYCLE,No user-facing action; monitoring.,"FW-like no-response signal but a core requirement is short (staleness/cycles/quality). Monitor and add to FW engineering queue. normative anomaly 1.54, 8 no_response since last effective change (157d ago).",,True,False,False,True,False,False,False,False,0,2026-06-08T10:02:59Z,rolling30-v2.0,30,1,abs_ge_50mWh
LAPTOP-TSQ0GU66_motty,2024-02-03,2024-01-04 23:59:59.999999999,2024-02-03 23:59:59.999999999,146,29.308,0.623,8.985,367.049,21,4,2,0,2,0,0,True,WINDOW_QUALITY_COUNTER_RESET,43.0,49.0,6.0,6.142,0.5304,0.269,0.4696,6.0,100.0,94.0,29.0,89.0,100.0,0.0034,0.0239,0.6079,0.5039,0.4417,22,40,11,15420.0,15250.0,15250.0,15420.0,170.0,1,1,170.0,2024-01-13 07:15:28,48.0,93.85,92.82,0,3,0,0,3,0,3,0,0,3,0,1,0,0,1,0.0,0,0,0,,0.0,,,0.0,0,0,0,,0.0,,2024-02-03 23:59:59.999999999,2023-04-17 22:02:32,2024-02-03 07:33:04,292.082,True,15250.0,2024-01-13 07:15:28,48.0,21.698,1.0,True,15250.0,2024-01-13 07:15:28,48.0,21.698,1.0,True,0,0.0,False,0,1,0,0,1,1,0,0,0,0,0,0,0,0,0,0,0,0,0.3841,0,-0.48464,0.2105,0.2105,21.698,1.0,1,0,0,0.2105,-1,SPARSE_OR_GAPPY,STATEFUL_REVIEW_DATA_QUALITY,WINDOW_DATA_QUALITY_REVIEW,ACTION_COLLECT_MORE_DATA_OR_MANUAL_REVIEW,low,1,data_quality_or_history_review,fw_like,days_eff=22 days_any=22 cyc_eff=1 hq_nr=0 total_nr=1 cens=0 lg_opp=0 opp=1 norm_anom=0.21 conf_p=1 micro_only=False cluster=SPARSE_OR_GAPPY,No user-facing action; collecting more data.,Data-quality/history review outranks action (would_have_been=FW_WATCH_LIKE). Collect more data or manual review.,FW_WATCH_LIKE,True,False,False,False,False,False,True,False,0,2026-06-08T10:02:59Z,rolling30-v2.0,30,1,abs_ge_50mWh
LAPTOP-U4336J0U_P14s,2026-04-17,2026-03-18 23:59:59.999999999,2026-04-17 23:59:59.999999999,727,29.578,0.5,1.222,87.927,13,10,3,0,0,0,0,False,WINDOW_QUALITY_OK,27.0,35.0,8.0,8.114,0.7987,0.0704,0.2013,7.0,100.0,93.0,54.6,98.0,100.0,0.0015,0.0032,0.7535,0.6345,0.5909,70,103,35,73820.0,72190.0,72190.0,73820.0,1630.0,10,2,770.0,2026-04-08 10:21:01,30.0,98.43,96.25,0,1,0,0,1,0,1,0,0,1,0,1,0,0,1,0.0,0,0,0,,0.0,,,0.0,0,0,0,,0.0,,2026-04-17 23:59:59.999999999,2025-09-18 10:20:19,2026-04-17 14:14:58,211.569,True,72250.0,2026-04-08 10:21:01,30.0,9.569,5.0,True,72190.0,2026-04-14 18:44:50,35.0,3.219,0.0,True,5,20.0,True,0,0,0,0,0,0,0,0,0,0,0,0,0,0,0,0,0,0,0.0,0,0.0,-0.0,-0.0,9.569,5.0,0,0,0,-0.0,4,MOBILE_DEEP_CYCLE,STATEFUL_NORMAL_RESPONDING,WINDOW_NORMAL_RESPONDING,ACTION_NONE,high,9,responding_or_no_concern,micro_wobble,days_eff=10 days_any=3 cyc_eff=5 hq_nr=0 total_nr=0 cens=0 lg_opp=0 opp=0 norm_anom=-0.00 conf_p=1 micro_only=True cluster=MOBILE_DEEP_CYCLE,No action needed.,Responding normally; no concern.,,False,False,True,False,False,False,False,False,0,2026-06-08T10:02:59Z,rolling30-v2.0,30,1,abs_ge_50mWh
LAPTOP-UFSPNVK8_SIT2,2023-12-25,2023-11-25 23:59:59.999999999,2023-12-25 23:59:59.999999999,300,10.95,0.5,1.67,61.195,6,5,1,0,0,0,0,False,WINDOW_QUALITY_OK,4.0,7.0,3.0,8.219,0.8258,0.039,0.1742,5.0,100.0,95.0,34.0,99.0,100.0,0.0037,0.0037,0.8746,0.8456,0.7945,48,53,25,45250.0,46630.0,44780.0,46640.0,1860.0,5,2,1860.0,2023-12-25 14:36:06,6.0,97.12,100.09,0,0,0,0,0,0,0,0,0,0,0,0,0,0,0,0.0,0,0,0,,0.0,,,0.0,0,0,0,,0.0,,2023-12-25 23:59:59.999999999,2023-12-14 16:46:41,2023-12-25 15:34:41,11.301,False,46640.0,2023-12-25 14:36:06,6.0,0.392,1.0,False,46630.0,2023-12-25 15:25:22,7.0,0.357,0.0,False,1,10.0,True,0,0,0,0,0,0,0,0,0,0,0,0,0,0,0,0,0,0,0.0,0,0.0,-0.0,-0.0,0.392,1.0,0,0,0,-0.0,3,AC_BOUND,STATEFUL_REVIEW_DATA_QUALITY,WINDOW_NORMAL_RESPONDING,ACTION_COLLECT_MORE_DATA_OR_MANUAL_REVIEW,low,1,data_quality_or_history_review,micro_wobble,days_eff=0 days_any=0 cyc_eff=1 hq_nr=0 total_nr=0 cens=0 lg_opp=0 opp=0 norm_anom=-0.00 conf_p=1 micro_only=True cluster=AC_BOUND,No user-facing action; collecting more data.,Data-quality/history review outranks action (would_have_been=NONE). Collect more data or manual review.,NONE,False,False,True,False,False,True,False,False,0,2026-06-08T10:02:59Z,rolling30-v2.0,30,1,abs_ge_50mWh
LAPTOP-UQQQG0S3_ThinkPad,2025-07-30,2025-06-30 23:59:59.999999999,2025-07-30 23:59:59.999999999,1124,29.338,0.5,0.5,48.217,8,5,2,0,0,0,0,False,WINDOW_QUALITY_OK,22.0,32.0,10.0,10.226,0.8839,0.0379,0.1161,2.0,80.0,78.0,39.0,78.0,79.85,0.0102,0.0166,0.0,0.0,0.0,76,101,38,55490.0,55380.0,55380.0,55490.0,110.0,10,0,0.0,,,97.3,97.11,2,2,2,0,4,0,0,0,0,0,0,0,0,0,0,0.7653,0,2,2,0.378828,0.4216,0.37912,0.36228,0.2974,0,2,2,0.724681,0.1399,0.66529,2025-07-30 23:59:59.999999999,2024-12-02 08:22:35,2025-07-30 08:35:38,240.651,True,55610.0,2025-04-01 12:50:58,12.0,120.465,20.0,False,55380.0,2025-07-23 22:34:03,32.0,7.06,0.0,True,22,20.0,True,2,0,3,2,0,2,0,0,0,0,0,0,0,0,2,0,3,0,0.7653,0,-0.97067,0.4216,0.4216,120.465,20.0,2,0,0,0.4216,2,MOBILE_DEEP_CYCLE,STATEFUL_FW_WATCH_HIGH_ANOMALY,WINDOW_OPPORTUNITY_NO_RESPONSE,ACTION_FW_ENGINEERING_REVIEW,medium,4,fw_like_no_response_core_requirement_short,fw_like;micro_wobble;large_gap_dominant,days_eff=120 days_any=7 cyc_eff=20 hq_nr=2 total_nr=2 cens=0 lg_opp=3 opp=5 norm_anom=0.42 conf_p=0.379 micro_only=True cluster=MOBILE_DEEP_CYCLE,No user-facing action; monitoring.,"FW-like no-response signal but a core requirement is short (staleness/cycles/quality). Monitor and add to FW engineering queue. normative anomaly 0.42, 2 no_response since last effective change (120d ago).",,True,False,True,True,False,False,False,False,21,2026-06-08T10:02:59Z,rolling30-v2.0,30,1,abs_ge_50mWh
LAPTOP-USS5OCA4_Cui_Qi,2024-03-19,2024-02-18 23:59:59.999999999,2024-03-19 23:59:59.999999999,251,24.864,0.5,4.147,276.436,11,6,4,0,0,0,0,False,WINDOW_QUALITY_OK,2.0,6.0,4.0,4.826,0.5526,0.2129,0.4474,27.0,100.0,73.0,49.0,98.0,100.0,0.0,0.0,0.7332,0.5729,0.4881,52,76,27,57040.0,56990.0,56990.0,57040.0,50.0,4,0,0.0,,,100.07,99.98,0,0,0,0,0,0,0,0,0,0,0,0,0,0,0,0.0,0,0,0,,0.0,,,0.0,0,0,0,,0.0,,2024-03-19 23:59:59.999999999,2024-01-25 14:11:47,2024-03-19 10:40:10,54.408,False,57040.0,2024-01-25 14:11:47,0.0,54.408,6.0,False,56990.0,2024-03-17 10:19:35,6.0,2.57,0.0,False,4,20.0,True,0,0,0,0,0,0,0,0,0,0,0,0,0,0,0,0,0,0,0.0,0,0.0,-0.0,-0.0,54.408,6.0,0,0,0,-0.0,5,AC_BOUND,STATEFUL_REVIEW_DATA_QUALITY,WINDOW_MICRO_WOBBLE_ONLY,ACTION_COLLECT_MORE_DATA_OR_MANUAL_REVIEW,low,1,data_quality_or_history_review,micro_wobble,days_eff=54 days_any=3 cyc_eff=6 hq_nr=0 total_nr=0 cens=0 lg_opp=0 opp=0 norm_anom=-0.00 conf_p=1 micro_only=True cluster=AC_BOUND,No user-facing action; collecting more data.,Data-quality/history review outranks action (would_have_been=NONE). Collect more data or manual review.,NONE,False,False,True,False,False,True,False,False,0,2026-06-08T10:02:59Z,rolling30-v2.0,30,1,abs_ge_50mWh
LAPTOP-UU99D8BO_T14p_CX_SVT,2024-08-08,2024-07-09 23:59:59.999999999,2024-08-08 23:59:59.999999999,1301,29.576,0.5,0.5,63.18,1,1,1,0,0,0,0,False,WINDOW_QUALITY_OK,14.0,18.0,4.0,4.057,0.9855,0.0309,0.0145,17.0,100.0,83.0,95.0,98.0,100.0,0.0,0.0012,0.9817,0.9726,0.8906,18,45,9,74290.0,74250.0,74250.0,74290.0,40.0,4,0,0.0,,,99.05,99.0,0,1,0,1,2,0,0,0,0,0,0,0,0,0,0,0.0,0,0,0,,0.0,,,0.0,0,0,0,,0.0,,2024-08-08 23:59:59.999999999,2024-03-19 22:21:18,2024-08-08 14:06:57,142.069,True,74300.0,2024-06-14 02:45:37,13.0,55.885,5.0,True,74250.0,2024-08-07 16:18:34,18.0,1.32,0.0,True,5,10.0,True,1,0,1,0,0,0,1,0,0,0,0,0,0,0,0,1,1,0,0.0,0,0.0,-0.0,-0.0,55.885,5.0,0,0,0,-0.0,3,AC_BOUND,STATEFUL_WATCH_LARGE_GAP_OR_CENSORED,WINDOW_MICRO_WOBBLE_ONLY,ACTION_MONITOR_NEXT_WINDOW,low,7,large_gap_or_censored_dominant,micro_wobble;large_gap_dominant;censored_dominant,days_eff=56 days_any=1 cyc_eff=5 hq_nr=0 total_nr=0 cens=1 lg_opp=1 opp=2 norm_anom=-0.00 conf_p=1 micro_only=True cluster=AC_BOUND,No user-facing action; monitoring.,Ambiguous/weak evidence (55d since effective change); monitor next window.,,False,False,True,True,True,False,False,False,0,2026-06-08T10:02:59Z,rolling30-v2.0,30,1,abs_ge_50mWh
LAPTOP-V1IRQ8I4_1,2026-03-05,2026-02-03 23:59:59.999999999,2026-03-05 23:59:59.999999999,247,29.075,0.5,7.916,304.549,15,11,2,0,0,0,0,False,WINDOW_QUALITY_OK,22.0,29.0,7.0,7.223,0.919,0.2973,0.081,2.0,100.0,98.0,48.2,99.0,100.0,0.0088,0.0118,0.8256,0.7645,0.6664,28,54,14,58430.0,56920.0,56920.0,58430.0,1510.0,7,1,1440.0,2026-02-06 11:44:14,24.0,100.74,98.14,0,1,0,0,1,0,1,0,0,1,0,1,0,0,1,0.0,0,0,0,,0.0,,,0.0,0,0,0,,0.0,,2026-03-05 23:59:59.999999999,2025-12-03 13:29:25,2026-03-05 10:42:07,92.438,True,56980.0,2026-02-06 11:44:14,24.0,27.511,5.0,True,56920.0,2026-03-04 12:26:04,29.0,1.482,0.0,True,5,20.0,True,0,0,0,0,0,0,0,0,0,1,0,0,0,0,0,0,0,0,0.0,0,0.0,-0.0,-0.0,27.511,5.0,0,0,0,-0.0,4,MOBILE_DEEP_CYCLE,STATEFUL_NORMAL_RESPONDING,WINDOW_NORMAL_RESPONDING,ACTION_NONE,high,9,responding_or_no_concern,micro_wobble,days_eff=28 days_any=1 cyc_eff=5 hq_nr=0 total_nr=0 cens=0 lg_opp=0 opp=1 norm_anom=-0.00 conf_p=1 micro_only=True cluster=MOBILE_DEEP_CYCLE,No action needed.,Responding normally; no concern.,,False,False,True,False,False,False,False,False,0,2026-06-08T10:02:59Z,rolling30-v2.0,30,1,abs_ge_50mWh
LAPTOP-V450TO4P_Rob,2025-12-02,2025-11-02 23:59:59.999999999,2025-12-02 23:59:59.999999999,47,28.538,0.588,51.502,205.659,19,15,7,0,0,0,0,False,WINDOW_QUALITY_SPARSE,26.0,26.0,0.0,0.0,0.8991,0.0824,0.1009,74.0,100.0,26.0,80.0,100.0,100.0,0.0,0.0,0.945,0.9218,0.9126,4,6,2,91460.0,91460.0,91460.0,91460.0,0.0,0,0,0.0,,,101.62,101.62,0,0,0,0,0,0,0,0,0,0,0,0,0,0,0,0.0,0,0,0,,0.0,,,0.0,0,0,0,,0.0,,2025-12-02 23:59:59.999999999,2024-05-13 14:22:37,2025-12-02 16:02:48,568.401,True,91480.0,2025-09-05 08:05:51,25.0,88.663,1.0,False,91460.0,2025-09-15 19:54:50,26.0,78.17,0.0,False,1,20.0,True,0,0,0,0,0,0,0,0,0,0,0,0,0,0,0,0,0,0,0.0,0,0.0,-0.0,-0.0,88.663,1.0,0,0,0,-0.0,-1,SPARSE_OR_GAPPY,STATEFUL_REVIEW_DATA_QUALITY,WINDOW_DATA_QUALITY_REVIEW,ACTION_COLLECT_MORE_DATA_OR_MANUAL_REVIEW,low,1,data_quality_or_history_review,micro_wobble,days_eff=89 days_any=78 cyc_eff=1 hq_nr=0 total_nr=0 cens=0 lg_opp=0 opp=0 norm_anom=-0.00 conf_p=1 micro_only=True cluster=SPARSE_OR_GAPPY,No user-facing action; collecting more data.,Data-quality/history review outranks action (would_have_been=NONE). Collect more data or manual review.,NONE,False,False,True,False,False,False,True,False,0,2026-06-08T10:02:59Z,rolling30-v2.0,30,1,abs_ge_50mWh
LAPTOP-V5HIJJIL_Admin,2026-04-02,2026-03-03 23:59:59.999999999,2026-04-02 23:59:59.999999999,1179,29.713,0.5,0.5,22.134,10,2,0,0,0,0,0,False,WINDOW_QUALITY_OK,114.0,124.0,10.0,10.097,0.8288,0.1532,0.1696,31.0,100.0,69.0,64.9,91.0,100.0,0.0,0.0,0.5992,0.5092,0.4598,88,137,44,70260.0,69500.0,69500.0,70260.0,760.0,1,1,760.0,2026-03-16 18:00:46,117.0,77.99,77.15,0,0,0,0,0,0,0,0,0,0,0,0,0,0,0,0.0,0,0,0,,0.0,,,0.0,0,0,0,,0.0,,2026-04-02 23:59:59.999999999,2024-06-27 14:07:12,2026-04-02 17:31:31,644.412,True,69500.0,2026-03-16 18:00:46,117.0,17.249,7.0,True,69500.0,2026-03-16 18:00:46,117.0,17.249,7.0,True,0,0.0,False,0,0,0,0,0,0,0,0,0,0,0,0,0,0,0,0,0,0,0.0,0,0.0,-0.0,-0.0,17.249,7.0,0,0,0,-0.0,1,AC_BOUND,STATEFUL_NORMAL_RESPONDING,WINDOW_NORMAL_RESPONDING,ACTION_NONE,high,9,responding_or_no_concern,,days_eff=17 days_any=17 cyc_eff=7 hq_nr=0 total_nr=0 cens=0 lg_opp=0 opp=0 norm_anom=-0.00 conf_p=1 micro_only=False cluster=AC_BOUND,No action needed.,Responding normally; no concern.,,False,False,False,False,False,False,False,False,0,2026-06-08T10:02:59Z,rolling30-v2.0,30,1,abs_ge_50mWh
LAPTOP-VHFOHP1Q_Neal,2026-04-24,2026-03-25 23:59:59.999999999,2026-04-24 23:59:59.999999999,1067,29.377,0.5,0.5,63.799,7,6,3,0,0,0,0,False,WINDOW_QUALITY_OK,43.0,47.0,4.0,4.085,0.9488,0.0237,0.0512,45.0,100.0,55.0,89.0,100.0,100.0,0.0,0.0,0.9739,0.9569,0.9324,52,82,26,50290.0,50230.0,50230.0,50290.0,60.0,4,0,0.0,,,91.94,91.83,0,0,0,0,0,0,0,0,0,0,0,0,0,0,0,0.0,0,0,0,,0.0,,,0.0,0,0,0,,0.0,,2026-04-24 23:59:59.999999999,2025-07-08 00:39:06,2026-04-24 09:23:22,290.973,True,50590.0,2025-11-11 09:41:12,24.0,164.596,23.0,False,50230.0,2026-04-24 09:23:22,47.0,0.609,0.0,True,23,20.0,True,1,0,1,1,0,1,0,0,0,1,0,0,0,0,1,0,1,0,0.3841,0,-0.48464,0.2105,0.2105,164.596,23.0,1,0,0,0.2105,5,AC_BOUND,STATEFUL_FW_WATCH_HIGH_ANOMALY,WINDOW_MICRO_WOBBLE_ONLY,ACTION_FW_ENGINEERING_REVIEW,medium,4,fw_like_no_response_core_requirement_short,fw_like;gauge_like;micro_wobble;large_gap_dominant,days_eff=165 days_any=1 cyc_eff=23 hq_nr=1 total_nr=1 cens=0 lg_opp=1 opp=3 norm_anom=0.21 conf_p=1 micro_only=True cluster=AC_BOUND,No user-facing action; monitoring.,"FW-like no-response signal but a core requirement is short (staleness/cycles/quality). Monitor and add to FW engineering queue. normative anomaly 0.21, 1 no_response since last effective change (164d ago).",,True,True,True,True,False,False,False,False,0,2026-06-08T10:02:59Z,rolling30-v2.0,30,1,abs_ge_50mWh
LAPTOP-VM3TTE0T_Totoro,2024-11-29,2024-10-30 23:59:59.999999999,2024-11-29 23:59:59.999999999,1220,29.416,0.5,0.5,64.113,5,1,1,0,0,0,0,False,WINDOW_QUALITY_OK,54.0,58.0,4.0,4.079,0.9914,0.0285,0.0086,5.0,100.0,95.0,94.9,100.0,100.0,0.0033,0.0035,0.9749,0.9749,0.8838,6,9,3,59510.0,58000.0,58000.0,59510.0,1510.0,5,4,1120.0,2024-11-25 16:10:50,57.0,87.51,85.29,0,1,0,0,1,0,1,0,0,1,0,1,0,0,1,0.0,0,0,0,,0.0,,,0.0,0,0,0,,0.0,,2024-11-29 23:59:59.999999999,2023-02-14 09:13:50,2024-11-29 10:10:50,654.615,True,58040.0,2024-11-25 16:10:50,57.0,4.326,1.0,True,58000.0,2024-11-26 09:10:50,58.0,3.617,0.0,True,1,40.0,True,0,0,0,0,0,0,0,0,0,0,0,0,0,0,0,0,0,0,0.0,0,0.0,-0.0,-0.0,4.326,1.0,0,0,0,-0.0,3,AC_BOUND,STATEFUL_NORMAL_RESPONDING,WINDOW_NORMAL_RESPONDING,ACTION_NONE,high,9,responding_or_no_concern,micro_wobble,days_eff=4 days_any=4 cyc_eff=1 hq_nr=0 total_nr=0 cens=0 lg_opp=0 opp=0 norm_anom=-0.00 conf_p=1 micro_only=True cluster=AC_BOUND,No action needed.,Responding normally; no concern.,,False,False,True,False,False,False,False,False,0,2026-06-08T10:02:59Z,rolling30-v2.0,30,1,abs_ge_50mWh
LAPTOP-VMR2DHBF_test,2025-08-22,2025-07-23 23:59:59.999999999,2025-08-22 23:59:59.999999999,222,14.79,0.382,2.536,116.988,8,5,3,0,0,0,0,False,WINDOW_QUALITY_OK,76.0,81.0,5.0,10.142,0.6627,0.2391,0.3373,33.0,100.0,67.0,60.15,95.0,100.0,0.0,0.0,0.8243,0.6777,0.476,56,69,29,56050.0,56230.0,56040.0,56280.0,240.0,6,1,240.0,2025-08-12 13:15:11,77.0,98.33,98.65,0,0,0,0,0,0,0,0,0,0,0,0,0,0,0,0.0,0,0,0,,0.0,,,0.0,0,0,0,,0.0,,2025-08-22 23:59:59.999999999,2024-10-29 08:58:16,2025-08-22 10:43:13,297.626,True,56280.0,2025-08-12 13:15:11,77.0,10.448,4.0,True,56230.0,2025-08-20 15:24:36,81.0,2.358,0.0,True,4,20.0,True,0,0,0,0,0,0,0,0,0,0,0,0,0,0,0,0,0,0,0.0,0,0.0,-0.0,-0.0,10.448,4.0,0,0,0,-0.0,3,AC_BOUND,STATEFUL_NORMAL_RESPONDING,WINDOW_NORMAL_RESPONDING,ACTION_NONE,high,9,responding_or_no_concern,micro_wobble,days_eff=10 days_any=2 cyc_eff=4 hq_nr=0 total_nr=0 cens=0 lg_opp=0 opp=0 norm_anom=-0.00 conf_p=1 micro_only=True cluster=AC_BOUND,No action needed.,Responding normally; no concern.,,False,False,True,False,False,False,False,False,0,2026-06-08T10:02:59Z,rolling30-v2.0,30,1,abs_ge_50mWh
LAPTOP-VSQFIELJ_L16HPT,2026-04-28,2026-03-29 23:59:59.999999999,2026-04-28 23:59:59.999999999,545,29.015,0.5,4.453,70.243,26,17,3,0,0,0,0,False,WINDOW_QUALITY_OK,48.0,59.0,11.0,11.374,0.7087,0.1968,0.2913,1.0,100.0,99.0,33.2,97.0,100.0,0.0171,0.0284,0.7293,0.6687,0.6001,70,124,35,53510.0,51540.0,51160.0,53510.0,2350.0,14,4,2200.0,2026-04-27 20:29:37,59.0,93.88,90.42,0,3,0,0,3,0,2,0,0,2,0,1,0,0,1,0.0,0,0,0,,0.0,,,0.0,0,0,0,,0.0,,2026-04-28 23:59:59.999999999,2025-06-06 12:54:49,2026-04-28 09:30:41,326.462,True,51540.0,2026-04-27 20:29:37,59.0,1.146,0.0,True,51540.0,2026-04-27 20:29:37,59.0,1.146,0.0,True,0,0.0,False,0,0,0,0,0,0,0,0,0,0,0,0,0,0,0,0,0,0,0.0,0,0.0,-0.0,-0.0,1.146,0.0,0,0,0,-0.0,4,MOBILE_DEEP_CYCLE,STATEFUL_NORMAL_RESPONDING,WINDOW_NORMAL_RESPONDING,ACTION_NONE,high,9,responding_or_no_concern,,days_eff=1 days_any=1 cyc_eff=0 hq_nr=0 total_nr=0 cens=0 lg_opp=0 opp=0 norm_anom=-0.00 conf_p=1 micro_only=False cluster=MOBILE_DEEP_CYCLE,No action needed.,Responding normally; no concern.,,False,False,False,False,False,False,False,False,0,2026-06-08T10:02:59Z,rolling30-v2.0,30,1,abs_ge_50mWh
LISA_loconnor,2026-05-28,2026-04-28 23:59:59.999999999,2026-05-28 23:59:59.999999999,323,28.988,0.5,16.035,112.01,18,18,4,0,0,0,0,False,WINDOW_QUALITY_OK,16.0,16.0,0.0,0.0,0.9699,0.037,0.0301,85.0,100.0,15.0,95.0,98.0,100.0,0.0,0.0,1.0,0.9953,0.8699,19,31,10,56260.0,56260.0,56260.0,56260.0,0.0,0,0,0.0,,,97.0,97.0,0,0,0,0,0,0,0,0,0,0,0,0,0,0,0,0.0,0,0,0,,0.0,,,0.0,0,0,0,,0.0,,2026-05-28 23:59:59.999999999,2025-04-30 15:37:48,2026-05-28 07:23:01,393.349,True,56370.0,2025-11-20 12:49:19,13.0,189.466,3.0,False,56260.0,2026-04-20 07:25:36,16.0,38.691,0.0,True,3,40.0,True,0,0,0,0,0,0,0,0,0,0,0,0,0,0,0,0,0,0,0.0,0,0.0,-0.0,-0.0,189.466,3.0,0,0,0,-0.0,5,AC_BOUND,STATEFUL_GAUGE_SOFT_CALIBRATION_EFFECTIVE_ONLY,WINDOW_INSUFFICIENT_LEARNING_OPPORTUNITY,ACTION_SOFT_CALIBRATION_PROMPT,medium,5,micro_wobble_only_no_effective_relearn,gauge_like;micro_wobble,days_eff=189 days_any=39 cyc_eff=3 hq_nr=0 total_nr=0 cens=0 lg_opp=0 opp=0 norm_anom=-0.00 conf_p=1 micro_only=True cluster=AC_BOUND,A full charge/discharge cycle may help the gauge recalibrate (low priority).,Soft calibration prompt: micro-wobbles present but no meaningful FCC relearning step under the effective threshold for 189d. Not a hard gauge reset target.,,False,True,True,False,False,False,False,False,0,2026-06-08T10:02:59Z,rolling30-v2.0,30,1,abs_ge_50mWh
LIUFENG7-26Y6JC_liufeng7,2024-07-10,2024-06-10 23:59:59.999999999,2024-07-10 23:59:59.999999999,9,27.175,0.077,335.75,359.048,2,2,2,0,0,0,0,False,WINDOW_QUALITY_SHORT_OBS,54.0,55.0,1.0,1.104,0.5708,0.5708,0.4292,0.0,41.0,41.0,0.0,0.0,39.8,0.1112,0.1418,0.0,0.0,0.0,2,2,1,54720.0,54720.0,54720.0,54720.0,0.0,0,0,0.0,,,100.04,100.04,0,0,0,0,0,0,0,0,0,0,0,0,0,0,0,0.0,0,0,0,,0.0,,,0.0,0,0,0,,0.0,,2024-07-10 23:59:59.999999999,2023-02-08 11:20:38,2024-07-10 15:33:15,518.527,True,54720.0,2024-06-07 14:13:56,54.0,33.407,1.0,True,54720.0,2024-06-07 14:13:56,54.0,33.407,1.0,True,0,0.0,False,0,0,1,0,0,0,0,0,0,1,0,0,0,0,0,0,1,0,0.0,0,0.0,-0.0,-0.0,33.407,1.0,0,0,0,-0.0,-1,SPARSE_OR_GAPPY,STATEFUL_REVIEW_DATA_QUALITY,WINDOW_DATA_QUALITY_REVIEW,ACTION_COLLECT_MORE_DATA_OR_MANUAL_REVIEW,low,1,data_quality_or_history_review,large_gap_dominant,days_eff=33 days_any=33 cyc_eff=1 hq_nr=0 total_nr=0 cens=0 lg_opp=1 opp=2 norm_anom=-0.00 conf_p=1 micro_only=False cluster=SPARSE_OR_GAPPY,No user-facing action; collecting more data.,Data-quality/history review outranks action (would_have_been=NONE). Collect more data or manual review.,NONE,False,False,False,True,False,False,True,False,0,2026-06-08T10:02:59Z,rolling30-v2.0,30,1,abs_ge_50mWh
LIUFENG_liufeng7,2025-09-18,2025-08-19 23:59:59.999999999,2025-09-18 23:59:59.999999999,586,29.852,0.5,3.252,67.181,22,7,4,0,0,0,0,False,WINDOW_QUALITY_OK,71.0,83.0,12.0,12.06,0.6644,0.3583,0.3356,8.0,100.0,92.0,36.25,96.0,100.0,0.0006,0.0127,0.7633,0.674,0.5282,141,207,71,54820.0,52950.0,52950.0,54820.0,1870.0,14,2,1660.0,2025-09-16 14:44:11,82.0,96.12,92.85,0,2,0,0,2,0,2,0,0,2,0,1,0,0,1,0.0,0,0,0,,0.0,,,0.0,0,0,0,,0.0,,2025-09-18 23:59:59.999999999,2024-04-11 16:32:50,2025-09-18 22:06:01,525.311,True,52960.0,2025-09-16 14:44:11,82.0,2.386,1.0,True,52950.0,2025-09-17 14:57:50,83.0,1.377,0.0,True,1,10.0,True,0,0,0,0,0,0,0,0,0,0,0,0,0,0,0,0,0,0,0.0,0,0.0,-0.0,-0.0,2.386,1.0,0,0,0,-0.0,3,AC_BOUND,STATEFUL_NORMAL_RESPONDING,WINDOW_NORMAL_RESPONDING,ACTION_NONE,high,9,responding_or_no_concern,micro_wobble,days_eff=2 days_any=1 cyc_eff=1 hq_nr=0 total_nr=0 cens=0 lg_opp=0 opp=0 norm_anom=-0.00 conf_p=1 micro_only=True cluster=AC_BOUND,No action needed.,Responding normally; no concern.,,False,False,True,False,False,False,False,False,0,2026-06-08T10:02:59Z,rolling30-v2.0,30,1,abs_ge_50mWh
LIUHY24-X1C8_Miss_Ling,2025-07-23,2025-06-23 23:59:59.999999999,2025-07-23 23:59:59.999999999,137,29.033,0.5,21.687,261.72,14,13,6,0,0,0,0,False,WINDOW_QUALITY_OK,129.0,134.0,5.0,5.167,0.7137,0.2199,0.2863,7.0,100.0,93.0,29.0,97.0,100.0,0.0229,0.0308,0.673,0.6277,0.5962,28,34,15,50990.0,50990.0,50990.0,50990.0,0.0,0,0,0.0,,,99.98,99.98,0,2,0,0,2,0,1,0,0,1,0,1,0,0,1,0.0,0,0,0,,0.0,,,0.0,0,0,0,,0.0,,2025-07-23 23:59:59.999999999,2023-09-06 09:57:58,2025-07-23 16:43:11,686.585,True,50990.0,2023-09-06 11:27:35,76.0,686.523,58.0,False,50990.0,2023-09-06 11:27:35,76.0,686.523,58.0,False,0,0.0,False,0,1,13,0,1,1,0,0,0,6,0,0,0,0,0,0,13,0,0.3144,0,-0.3775,0.1639,0.1639,686.523,58.0,1,0,0,0.1639,4,MOBILE_DEEP_CYCLE,STATEFUL_FW_WATCH_HIGH_ANOMALY,WINDOW_LARGE_GAP_AMBIGUOUS,ACTION_FW_ENGINEERING_REVIEW,medium,4,fw_like_no_response_core_requirement_short,fw_like;large_gap_dominant,days_eff=687 days_any=687 cyc_eff=58 hq_nr=0 total_nr=1 cens=0 lg_opp=13 opp=20 norm_anom=0.16 conf_p=1 micro_only=False cluster=MOBILE_DEEP_CYCLE,No user-facing action; monitoring.,"FW-like no-response signal but a core requirement is short (staleness/cycles/quality). Monitor and add to FW engineering queue. normative anomaly 0.16, 1 no_response since last effective change (686d ago).",,True,False,False,True,False,False,False,True,0,2026-06-08T10:02:59Z,rolling30-v2.0,30,1,abs_ge_50mWh
LIUHY24-X1EGEN4_liuhy24,2025-04-28,2025-03-29 23:59:59.999999999,2025-04-28 23:59:59.999999999,748,28.03,0.5,0.5,87.117,8,7,4,0,0,0,0,False,WINDOW_QUALITY_OK,25.0,26.0,1.0,1.07,0.9992,0.0065,0.0008,79.0,100.0,21.0,95.0,98.0,100.0,0.0,0.0,0.9987,0.9986,0.8931,2,3,1,76980.0,76980.0,76980.0,76980.0,0.0,0,0,0.0,,,85.45,85.45,0,0,0,0,0,0,0,0,0,0,0,0,0,0,0,0.0,0,0,0,,0.0,,,0.0,0,0,0,,0.0,,2025-04-28 23:59:59.999999999,2023-02-27 10:56:16,2025-04-28 09:30:34,791.544,True,76980.0,2024-11-11 10:32:40,20.0,168.561,6.0,False,76980.0,2024-11-11 10:32:40,20.0,168.561,6.0,False,0,0.0,False,0,0,0,0,0,0,0,0,0,0,0,0,0,0,0,0,0,0,0.0,0,0.0,-0.0,-0.0,168.561,6.0,0,0,0,-0.0,5,AC_BOUND,STATEFUL_GAUGE_RESET_CORE,WINDOW_INSUFFICIENT_LEARNING_OPPORTUNITY,ACTION_GAUGE_RESET_CORE,high,3,no_learning_opportunity_both_definitions_long_staleness,gauge_like,days_eff=169 days_any=169 cyc_eff=6 hq_nr=0 total_nr=0 cens=0 lg_opp=0 opp=0 norm_anom=-0.00 conf_p=1 micro_only=False cluster=AC_BOUND,A battery gauge recalibration (full charge/discharge cycle) is recommended.,"High-confidence gauge reset/calibration target: no learning opportunity for 168d under both any-change and effective definitions, usage cluster AC_BOUND.",,False,True,False,False,False,False,False,False,0,2026-06-08T10:02:59Z,rolling30-v2.0,30,1,abs_ge_50mWh
LIXINB-PF5G1XJE_lixinb,2026-02-09,2026-01-10 23:59:59.999999999,2026-02-09 23:59:59.999999999,428,28.845,0.5,7.812,26.329,31,16,1,0,0,0,0,False,WINDOW_QUALITY_OK,63.0,76.0,13.0,13.52,0.5277,0.2054,0.4723,23.0,100.0,77.0,48.0,92.0,100.0,0.0,0.0,0.7045,0.5443,0.4076,104,130,53,56900.0,56440.0,55700.0,56900.0,1200.0,17,4,580.0,2026-01-26 05:55:31,70.0,99.77,98.97,0,0,0,0,0,0,0,0,0,0,0,0,0,0,0,0.0,0,0,0,,0.0,,,0.0,0,0,0,,0.0,,2026-02-09 23:59:59.999999999,2025-07-28 14:51:05,2026-02-09 10:44:21,196.381,True,56510.0,2026-01-26 05:55:31,70.0,14.753,6.0,True,56440.0,2026-02-06 15:22:17,76.0,3.36,0.0,True,6,20.0,True,0,0,0,0,0,0,0,0,0,0,0,0,0,0,0,0,0,0,0.0,0,0.0,-0.0,-0.0,14.753,6.0,0,0,0,-0.0,4,MOBILE_DEEP_CYCLE,STATEFUL_NORMAL_RESPONDING,WINDOW_NORMAL_RESPONDING,ACTION_NONE,high,9,responding_or_no_concern,micro_wobble,days_eff=15 days_any=3 cyc_eff=6 hq_nr=0 total_nr=0 cens=0 lg_opp=0 opp=0 norm_anom=-0.00 conf_p=1 micro_only=True cluster=MOBILE_DEEP_CYCLE,No action needed.,Responding normally; no concern.,,False,False,True,False,False,False,False,False,0,2026-06-08T10:02:59Z,rolling30-v2.0,30,1,abs_ge_50mWh
LL_LLL,2026-04-20,2026-03-21 23:59:59.999999999,2026-04-20 23:59:59.999999999,558,28.315,0.5,1.513,63.857,18,15,5,0,0,0,0,False,WINDOW_QUALITY_OK,43.0,48.0,5.0,5.297,0.8956,0.0717,0.1044,14.0,100.0,86.0,72.0,100.0,100.0,0.0,0.002,0.923,0.888,0.8254,56,71,28,71950.0,71770.0,71770.0,71950.0,180.0,6,1,120.0,2026-04-16 18:07:55,47.0,95.93,95.69,0,1,0,0,1,0,1,0,0,1,0,0,0,0,0,0.0,0,0,0,,0.0,,,0.0,0,0,0,,0.0,,2026-04-20 23:59:59.999999999,2025-08-04 17:48:34,2026-04-20 17:08:12,259.258,True,71780.0,2026-04-16 18:07:55,47.0,4.245,1.0,True,71770.0,2026-04-20 09:26:49,48.0,0.606,0.0,True,1,10.0,True,0,0,0,0,0,0,0,0,0,0,0,0,0,0,0,0,0,0,0.0,0,0.0,-0.0,-0.0,4.245,1.0,0,0,0,-0.0,4,MOBILE_DEEP_CYCLE,STATEFUL_NORMAL_RESPONDING,WINDOW_NORMAL_RESPONDING,ACTION_NONE,high,9,responding_or_no_concern,micro_wobble,days_eff=4 days_any=1 cyc_eff=1 hq_nr=0 total_nr=0 cens=0 lg_opp=0 opp=0 norm_anom=-0.00 conf_p=1 micro_only=True cluster=MOBILE_DEEP_CYCLE,No action needed.,Responding normally; no concern.,,False,False,True,False,False,False,False,False,0,2026-06-08T10:02:59Z,rolling30-v2.0,30,1,abs_ge_50mWh
LOEBACHJ-4SMBAL_X13_2-1,2025-03-21,2025-02-19 23:59:59.999999999,2025-03-21 23:59:59.999999999,1318,29.43,0.5,0.5,22.399,5,1,0,0,0,0,0,False,WINDOW_QUALITY_OK,41.0,45.0,4.0,4.077,0.9001,0.2264,0.0999,50.0,100.0,50.0,78.0,97.0,100.0,0.0,0.0,0.8715,0.8438,0.7089,116,149,58,52460.0,52400.0,52400.0,52460.0,60.0,4,0,0.0,,,95.9,95.8,0,0,0,0,0,0,0,0,0,0,0,0,0,0,0,0.0,0,0,0,,0.0,,,0.0,0,0,0,,0.0,,2025-03-21 23:59:59.999999999,2024-04-05 14:29:01,2025-03-21 10:31:24,350.397,True,53050.0,2024-04-05 14:29:01,3.0,350.397,42.0,False,52400.0,2025-03-17 11:47:48,45.0,4.508,0.0,True,42,20.0,True,1,0,0,1,0,1,0,1,0,0,1,0,1,0,1,0,0,0,0.3144,0,-0.3775,0.1639,0.1639,350.397,42.0,1,1,0,0.1639,5,AC_BOUND,STATEFUL_FW_WATCH_HIGH_ANOMALY,WINDOW_MICRO_WOBBLE_ONLY,ACTION_FW_ENGINEERING_REVIEW,medium,4,fw_like_no_response_core_requirement_short,fw_like;gauge_like;micro_wobble,days_eff=350 days_any=5 cyc_eff=42 hq_nr=1 total_nr=1 cens=0 lg_opp=0 opp=2 norm_anom=0.16 conf_p=1 micro_only=True cluster=AC_BOUND,No user-facing action; monitoring.,"FW-like no-response signal but a core requirement is short (staleness/cycles/quality). Monitor and add to FW engineering queue. normative anomaly 0.16, 1 no_response since last effective change (350d ago).",,True,True,True,False,False,False,False,False,0,2026-06-08T10:02:59Z,rolling30-v2.0,30,1,abs_ge_50mWh
LOEBACHJ-4SMBAL_loebachj,2025-03-14,2025-02-12 23:59:59.999999999,2025-03-14 23:59:59.999999999,1451,29.596,0.5,0.5,4.396,0,0,0,0,0,0,0,False,WINDOW_QUALITY_OK,40.0,44.0,4.0,4.055,0.9169,0.2733,0.0831,50.0,100.0,50.0,78.0,97.0,100.0,0.0,0.0,0.8805,0.8622,0.6361,116,152,58,52480.0,52420.0,52420.0,52480.0,60.0,4,0,0.0,,,95.94,95.83,0,0,0,0,0,0,0,0,0,0,0,0,0,0,0,0.0,0,0,0,,0.0,,,0.0,0,0,0,,0.0,,2025-03-14 23:59:59.999999999,2024-04-05 14:29:01,2025-03-14 14:36:08,343.397,True,53050.0,2024-04-05 14:29:01,3.0,343.397,41.0,False,52420.0,2025-03-07 16:32:18,44.0,7.311,0.0,True,41,20.0,True,1,0,0,1,0,1,0,1,0,0,1,0,1,0,1,0,0,0,0.3144,0,-0.3775,0.1639,0.1639,343.397,41.0,1,1,0,0.1639,5,AC_BOUND,STATEFUL_FW_WATCH_HIGH_ANOMALY,WINDOW_MICRO_WOBBLE_ONLY,ACTION_FW_ENGINEERING_REVIEW,medium,4,fw_like_no_response_core_requirement_short,fw_like;gauge_like;micro_wobble,days_eff=343 days_any=7 cyc_eff=41 hq_nr=1 total_nr=1 cens=0 lg_opp=0 opp=2 norm_anom=0.16 conf_p=1 micro_only=True cluster=AC_BOUND,No user-facing action; monitoring.,"FW-like no-response signal but a core requirement is short (staleness/cycles/quality). Monitor and add to FW engineering queue. normative anomaly 0.16, 1 no_response since last effective change (343d ago).",,True,True,True,False,False,False,False,False,0,2026-06-08T10:02:59Z,rolling30-v2.0,30,1,abs_ge_50mWh
LOEBACHJ-58TDMH_loebachj,2026-05-26,2026-04-26 23:59:59.999999999,2026-05-26 23:59:59.999999999,1332,29.389,0.5,0.5,62.685,3,2,1,0,0,0,0,False,WINDOW_QUALITY_OK,45.0,49.0,4.0,4.083,0.9129,0.0846,0.0871,66.0,100.0,34.0,92.55,99.0,100.0,0.0,0.0,0.9891,0.9575,0.9056,130,165,65,56170.0,55550.0,55550.0,56170.0,620.0,5,1,580.0,2026-05-17 20:15:53,48.0,98.49,97.4,0,0,0,0,0,0,0,0,0,0,0,0,0,0,0,0.0,0,0,0,,0.0,,,0.0,0,0,0,,0.0,,2026-05-26 23:59:59.999999999,2025-03-18 09:42:16,2026-05-26 09:38:57,434.596,True,55560.0,2026-05-17 20:15:53,48.0,9.156,1.0,True,55550.0,2026-05-26 07:20:19,49.0,0.694,0.0,True,1,10.0,True,0,0,0,0,0,0,0,0,0,0,0,0,0,0,0,0,0,0,0.0,0,0.0,-0.0,-0.0,9.156,1.0,0,0,0,-0.0,5,AC_BOUND,STATEFUL_NORMAL_RESPONDING,WINDOW_NORMAL_RESPONDING,ACTION_NONE,high,9,responding_or_no_concern,micro_wobble,days_eff=9 days_any=1 cyc_eff=1 hq_nr=0 total_nr=0 cens=0 lg_opp=0 opp=0 norm_anom=-0.00 conf_p=1 micro_only=True cluster=AC_BOUND,No action needed.,Responding normally; no concern.,,False,False,True,False,False,False,False,False,0,2026-06-08T10:02:59Z,rolling30-v2.0,30,1,abs_ge_50mWh
LSU4-PF5FS8LS_lsu4,2026-06-01,2026-05-02 23:59:59.999999999,2026-06-01 23:59:59.999999999,399,29.627,0.5,8.724,30.102,43,11,2,0,0,0,0,False,WINDOW_QUALITY_OK,8.0,8.0,0.0,0.0,0.9936,0.0,0.0064,95.0,100.0,5.0,95.0,98.0,100.0,0.0,0.0,1.0,1.0,0.8475,2,2,1,53520.0,52980.0,52980.0,53520.0,540.0,1,1,540.0,2026-05-14 14:44:14,8.0,93.89,92.95,0,0,0,0,0,0,0,0,0,0,0,0,0,0,0,0.0,0,0,0,,0.0,,,0.0,0,0,0,,0.0,,2026-06-01 23:59:59.999999999,2025-05-12 15:11:06,2026-06-01 15:17:56,385.367,True,52980.0,2026-05-14 14:44:14,8.0,18.386,0.0,True,52980.0,2026-05-14 14:44:14,8.0,18.386,0.0,True,0,0.0,False,0,0,0,0,0,0,0,0,0,0,0,0,0,0,0,0,0,0,0.0,0,0.0,-0.0,-0.0,18.386,0.0,0,0,0,-0.0,5,AC_BOUND,STATEFUL_NORMAL_RESPONDING,WINDOW_NORMAL_RESPONDING,ACTION_NONE,high,9,responding_or_no_concern,,days_eff=18 days_any=18 cyc_eff=0 hq_nr=0 total_nr=0 cens=0 lg_opp=0 opp=0 norm_anom=-0.00 conf_p=1 micro_only=False cluster=AC_BOUND,No action needed.,Responding normally; no concern.,,False,False,False,False,False,False,False,False,0,2026-06-08T10:02:59Z,rolling30-v2.0,30,1,abs_ge_50mWh
LWANG5-PW0A203M_lwang5,2026-05-29,2026-04-29 23:59:59.999999999,2026-05-29 23:59:59.999999999,5,0.049,0.3,0.5,0.5,0,0,0,0,0,0,0,False,WINDOW_QUALITY_SHORT_OBS,65.0,65.0,0.0,0.0,1.0,0.4225,0.0,100.0,100.0,0.0,100.0,100.0,100.0,0.0,0.0,1.0,1.0,1.0,0,1,0,39240.0,39240.0,39240.0,39240.0,0.0,0,0,0.0,,,85.3,85.3,0,0,0,0,0,0,0,0,0,0,0,0,0,0,0,0.0,0,0,0,,0.0,,,0.0,0,0,0,,0.0,,2026-05-29 23:59:59.999999999,2024-03-19 12:13:22,2026-05-29 21:19:14,801.491,True,39240.0,2025-10-06 07:27:46,61.0,235.689,4.0,False,39240.0,2025-10-06 07:27:46,61.0,235.689,4.0,False,0,0.0,False,0,0,1,0,0,0,0,0,0,1,0,0,0,0,0,0,1,0,0.0,0,0.0,-0.0,-0.0,235.689,4.0,0,0,0,-0.0,-1,SPARSE_OR_GAPPY,STATEFUL_REVIEW_DATA_QUALITY,WINDOW_DATA_QUALITY_REVIEW,ACTION_COLLECT_MORE_DATA_OR_MANUAL_REVIEW,low,1,data_quality_or_history_review,large_gap_dominant,days_eff=236 days_any=236 cyc_eff=4 hq_nr=0 total_nr=0 cens=0 lg_opp=1 opp=2 norm_anom=-0.00 conf_p=1 micro_only=False cluster=SPARSE_OR_GAPPY,No user-facing action; collecting more data.,Data-quality/history review outranks action (would_have_been=NONE). Collect more data or manual review.,NONE,False,False,False,True,False,False,True,False,0,2026-06-08T10:02:59Z,rolling30-v2.0,30,1,abs_ge_50mWh
LXIAO1-PF3T9L7M_lxiao1,2025-08-08,2025-07-09 23:59:59.999999999,2025-08-08 23:59:59.999999999,4,0.027,0.14,0.45,0.484,0,0,0,0,0,0,0,False,WINDOW_QUALITY_SHORT_OBS,285.0,285.0,0.0,0.0,0.7811,0.7811,0.2189,75.0,94.0,19.0,75.75,87.0,94.0,0.0,0.0,0.7811,0.7811,0.0,2,2,1,55960.0,55960.0,55960.0,55960.0,0.0,0,0,0.0,,,98.09,98.09,0,0,0,0,0,0,1,0,0,1,0,1,0,0,1,0.0,0,0,0,,0.0,,,0.0,0,0,0,,0.0,,2025-08-08 23:59:59.999999999,2023-02-08 10:19:37,2025-08-08 13:57:50,912.57,True,55960.0,2024-03-01 09:49:55,200.0,525.59,85.0,False,55960.0,2024-03-01 09:49:55,200.0,525.59,85.0,False,0,0.0,False,0,1,8,0,1,1,0,0,0,2,0,0,0,0,0,0,8,0,0.4303,0,-0.56269,0.2444,0.2444,525.59,85.0,1,0,0,0.2444,-1,SPARSE_OR_GAPPY,STATEFUL_REVIEW_DATA_QUALITY,WINDOW_DATA_QUALITY_REVIEW,ACTION_COLLECT_MORE_DATA_OR_MANUAL_REVIEW,low,1,data_quality_or_history_review,fw_like;large_gap_dominant,days_eff=526 days_any=526 cyc_eff=85 hq_nr=0 total_nr=1 cens=0 lg_opp=8 opp=11 norm_anom=0.24 conf_p=1 micro_only=False cluster=SPARSE_OR_GAPPY,No user-facing action; collecting more data.,Data-quality/history review outranks action (would_have_been=FW_WATCH_LIKE). Collect more data or manual review.,FW_WATCH_LIKE,True,False,False,True,False,False,True,False,0,2026-06-08T10:02:59Z,rolling30-v2.0,30,1,abs_ge_50mWh
M-PA3_Atsus,2024-07-19,2024-06-19 23:59:59.999999999,2024-07-19 23:59:59.999999999,13,28.833,0.048,311.163,691.118,1,1,1,0,0,0,0,False,WINDOW_QUALITY_SHORT_OBS,62.0,62.0,0.0,0.0,0.8769,0.8461,0.1231,8.0,79.0,71.0,9.2,27.0,79.0,0.0203,0.8579,0.0,0.0,0.0,5,7,3,51390.0,51390.0,51390.0,51390.0,0.0,0,0,0.0,,,90.08,90.08,0,0,0,0,0,0,0,0,0,0,0,0,0,0,0,0.0,0,0,0,,0.0,,,0.0,0,0,0,,0.0,,2024-07-19 23:59:59.999999999,2023-07-11 15:20:05,2024-07-19 11:17:45,374.361,True,51390.0,2024-04-16 15:58:36,62.0,94.334,0.0,False,51390.0,2024-04-16 15:58:36,62.0,94.334,0.0,False,0,0.0,False,0,0,0,0,0,0,0,0,0,0,0,0,0,0,0,0,0,0,0.0,0,0.0,-0.0,-0.0,94.334,0.0,0,0,0,-0.0,-1,SPARSE_OR_GAPPY,STATEFUL_REVIEW_DATA_QUALITY,WINDOW_DATA_QUALITY_REVIEW,ACTION_COLLECT_MORE_DATA_OR_MANUAL_REVIEW,low,1,data_quality_or_history_review,,days_eff=94 days_any=94 cyc_eff=0 hq_nr=0 total_nr=0 cens=0 lg_opp=0 opp=0 norm_anom=-0.00 conf_p=1 micro_only=False cluster=SPARSE_OR_GAPPY,No user-facing action; collecting more data.,Data-quality/history review outranks action (would_have_been=NONE). Collect more data or manual review.,NONE,False,False,False,False,False,False,True,False,0,2026-06-08T10:02:59Z,rolling30-v2.0,30,1,abs_ge_50mWh
MAGSHINE_wangyl,2025-09-23,2025-08-24 23:59:59.999999999,2025-09-23 23:59:59.999999999,442,29.213,0.5,10.885,48.057,29,21,6,0,0,0,0,False,WINDOW_QUALITY_OK,89.0,99.0,10.0,10.269,0.7239,0.1953,0.2761,2.0,100.0,98.0,39.0,97.0,100.0,0.0036,0.0087,0.8072,0.7146,0.6394,87,110,44,86010.0,86010.0,86010.0,86010.0,0.0,0,0,0.0,,,107.51,107.51,0,2,0,0,2,0,1,0,0,1,0,1,0,0,1,0.0,0,0,0,,0.0,,,0.0,0,0,0,,0.0,,2025-09-23 23:59:59.999999999,2025-01-06 14:13:20,2025-09-23 10:53:35,260.407,True,86010.0,2025-08-18 09:31:53,87.0,36.603,12.0,True,86010.0,2025-08-18 09:31:53,87.0,36.603,12.0,True,0,0.0,False,0,0,3,0,0,0,0,0,0,2,0,0,0,0,0,0,3,0,0.0,0,0.0,-0.0,-0.0,36.603,12.0,0,0,0,-0.0,4,MOBILE_DEEP_CYCLE,STATEFUL_WATCH_LARGE_GAP_OR_CENSORED,WINDOW_LARGE_GAP_AMBIGUOUS,ACTION_MONITOR_NEXT_WINDOW,low,7,large_gap_or_censored_dominant,large_gap_dominant,days_eff=37 days_any=37 cyc_eff=12 hq_nr=0 total_nr=0 cens=0 lg_opp=3 opp=5 norm_anom=-0.00 conf_p=1 micro_only=False cluster=MOBILE_DEEP_CYCLE,No user-facing action; monitoring.,Ambiguous/weak evidence (36d since effective change); monitor next window.,,False,False,False,True,False,False,False,False,0,2026-06-08T10:02:59Z,rolling30-v2.0,30,1,abs_ge_50mWh
MAOXY1-PF1H5KSF_maoxy1,2025-05-27,2025-04-27 23:59:59.999999999,2025-05-27 23:59:59.999999999,246,29.089,0.5,14.841,142.505,20,17,5,0,0,0,0,False,WINDOW_QUALITY_OK,570.0,582.0,12.0,12.376,0.4511,0.1844,0.5489,0.0,100.0,100.0,2.25,89.0,100.0,0.0909,0.1369,0.5366,0.4581,0.3405,36,44,18,40170.0,40530.0,39220.0,40580.0,1360.0,17,13,800.0,2025-05-27 09:00:30,581.0,88.71,89.51,0,4,0,1,5,0,4,0,1,5,0,4,0,1,5,0.0,0,0,0,,0.0,,,0.0,0,0,0,,0.0,,2025-05-27 23:59:59.999999999,2023-02-06 09:50:32,2025-05-27 11:06:25,841.59,True,40530.0,2025-05-27 09:00:30,581.0,0.625,1.0,True,40530.0,2025-05-27 09:00:30,581.0,0.625,1.0,True,0,0.0,False,1,0,0,0,0,0,1,1,0,0,0,0,0,1,0,1,0,0,0.0,0,0.0,-0.0,-0.0,0.625,1.0,0,0,0,-0.0,4,MOBILE_DEEP_CYCLE,STATEFUL_WATCH_LARGE_GAP_OR_CENSORED,WINDOW_NORMAL_RESPONDING,ACTION_MONITOR_NEXT_WINDOW,low,7,large_gap_or_censored_dominant,censored_dominant,days_eff=1 days_any=1 cyc_eff=1 hq_nr=0 total_nr=0 cens=1 lg_opp=0 opp=2 norm_anom=-0.00 conf_p=1 micro_only=False cluster=MOBILE_DEEP_CYCLE,No user-facing action; monitoring.,Ambiguous/weak evidence (0d since effective change); monitor next window.,,False,False,False,False,True,False,False,False,0,2026-06-08T10:02:59Z,rolling30-v2.0,30,1,abs_ge_50mWh
MARKUSTH1_theberlein,2024-12-11,2024-11-11 23:59:59.999999999,2024-12-11 23:59:59.999999999,500,29.739,0.5,5.229,61.782,22,8,4,0,0,0,0,False,WINDOW_QUALITY_OK,44.0,55.0,11.0,11.097,0.6064,0.1359,0.3936,0.0,100.0,100.0,55.0,98.0,100.0,0.0094,0.0094,0.8269,0.7234,0.6355,116,161,58,58170.0,58040.0,58040.0,58170.0,130.0,11,0,0.0,,,102.0,101.77,0,2,0,0,2,0,2,0,0,2,0,2,0,0,2,0.0,0,0,0,,0.0,,,0.0,0,0,0,,0.0,,2024-12-11 23:59:59.999999999,2024-05-17 15:31:03,2024-12-11 17:55:45,208.353,True,58180.0,2024-11-04 12:38:37,43.0,37.473,12.0,True,58040.0,2024-12-10 18:55:58,55.0,1.211,0.0,True,12,20.0,True,0,0,2,0,0,0,0,0,0,2,0,0,0,0,0,0,2,0,0.0,0,0.0,-0.0,-0.0,37.473,12.0,0,0,0,-0.0,4,MOBILE_DEEP_CYCLE,STATEFUL_WATCH_LARGE_GAP_OR_CENSORED,WINDOW_MICRO_WOBBLE_ONLY,ACTION_MONITOR_NEXT_WINDOW,low,7,large_gap_or_censored_dominant,micro_wobble;large_gap_dominant,days_eff=37 days_any=1 cyc_eff=12 hq_nr=0 total_nr=0 cens=0 lg_opp=2 opp=4 norm_anom=-0.00 conf_p=1 micro_only=True cluster=MOBILE_DEEP_CYCLE,No user-facing action; monitoring.,Ambiguous/weak evidence (37d since effective change); monitor next window.,,False,False,True,True,False,False,False,False,0,2026-06-08T10:02:59Z,rolling30-v2.0,30,1,abs_ge_50mWh
MARUICHIT-CRC21_MARUICHIT,2026-05-20,2026-04-20 23:59:59.999999999,2026-05-20 23:59:59.999999999,175,27.979,0.5,1.481,230.756,8,8,5,0,0,0,0,False,WINDOW_QUALITY_OK,149.0,152.0,3.0,3.217,0.866,0.2657,0.134,0.0,100.0,100.0,40.7,97.0,100.0,0.0058,0.0115,0.8632,0.8312,0.6891,18,43,9,50680.0,50680.0,50680.0,50680.0,0.0,0,0,0.0,,,88.91,88.91,0,1,0,0,1,0,1,0,0,1,0,1,0,0,1,0.0,0,0,0,,0.0,,,0.0,0,0,0,,0.0,,2026-05-20 23:59:59.999999999,2023-02-09 12:07:55,2026-05-20 09:48:24,1196.495,True,50680.0,2024-09-09 22:56:17,99.0,618.044,53.0,False,50680.0,2024-09-09 22:56:17,99.0,618.044,53.0,False,0,0.0,False,1,0,3,1,0,1,0,0,0,3,0,0,0,0,1,0,3,0,0.3144,0,-0.3775,0.1639,0.1639,618.044,53.0,1,0,0,0.1639,3,AC_BOUND,STATEFUL_FW_WATCH_HIGH_ANOMALY,WINDOW_LARGE_GAP_AMBIGUOUS,ACTION_FW_ENGINEERING_REVIEW,medium,4,fw_like_no_response_core_requirement_short,fw_like;gauge_like;large_gap_dominant,days_eff=618 days_any=618 cyc_eff=53 hq_nr=1 total_nr=1 cens=0 lg_opp=3 opp=7 norm_anom=0.16 conf_p=1 micro_only=False cluster=AC_BOUND,No user-facing action; monitoring.,"FW-like no-response signal but a core requirement is short (staleness/cycles/quality). Monitor and add to FW engineering queue. normative anomaly 0.16, 1 no_response since last effective change (618d ago).",,True,True,False,True,False,False,False,False,0,2026-06-08T10:02:59Z,rolling30-v2.0,30,1,abs_ge_50mWh
MATJONES-56FF1H_MATJONES,2025-01-23,2024-12-24 23:59:59.999999999,2025-01-23 23:59:59.999999999,274,27.853,0.5,13.983,69.381,28,18,6,0,0,0,0,False,WINDOW_QUALITY_OK,3.0,10.0,7.0,7.54,0.5804,0.1304,0.4196,34.0,100.0,66.0,50.0,95.0,100.0,0.0,0.0,0.7021,0.5846,0.423,41,56,21,57040.0,56980.0,56980.0,57040.0,60.0,5,0,0.0,,,100.02,99.91,0,0,0,0,0,0,0,0,0,0,0,0,0,0,0,0.0,0,0,0,,0.0,,,0.0,0,0,0,,0.0,,2025-01-23 23:59:59.999999999,2024-12-16 09:57:41,2025-01-23 15:57:07,38.585,False,57110.0,2024-12-16 09:57:41,0.0,38.585,10.0,False,56980.0,2025-01-22 12:43:05,10.0,1.47,0.0,False,9,30.0,True,0,0,0,0,0,0,0,0,0,0,0,0,0,0,0,0,0,0,0.0,0,0.0,-0.0,-0.0,38.585,10.0,0,0,0,-0.0,5,AC_BOUND,STATEFUL_REVIEW_DATA_QUALITY,WINDOW_MICRO_WOBBLE_ONLY,ACTION_COLLECT_MORE_DATA_OR_MANUAL_REVIEW,low,1,data_quality_or_history_review,micro_wobble,days_eff=39 days_any=1 cyc_eff=10 hq_nr=0 total_nr=0 cens=0 lg_opp=0 opp=0 norm_anom=-0.00 conf_p=1 micro_only=True cluster=AC_BOUND,No user-facing action; collecting more data.,Data-quality/history review outranks action (would_have_been=NONE). Collect more data or manual review.,NONE,False,False,True,False,False,True,False,False,0,2026-06-08T10:02:59Z,rolling30-v2.0,30,1,abs_ge_50mWh
MATT-T16G1_lietzke,2024-03-04,2024-02-03 23:59:59.999999999,2024-03-04 23:59:59.999999999,661,28.775,0.5,1.422,81.124,26,9,1,0,0,0,0,False,WINDOW_QUALITY_OK,244.0,252.0,8.0,8.34,0.9759,0.1541,0.0241,43.0,100.0,57.0,95.0,98.0,100.0,0.0,0.0,0.9696,0.9654,0.8095,8,134,4,71150.0,71150.0,71150.0,71150.0,0.0,0,0,0.0,,,82.73,82.73,0,0,0,0,0,0,0,0,0,0,0,0,0,0,0,0.0,0,0,0,,0.0,,,0.0,0,0,0,,0.0,,2024-03-04 23:59:59.999999999,2023-02-08 19:24:59,2024-03-04 12:02:08,390.191,True,71150.0,2023-10-16 13:44:37,211.0,140.427,41.0,False,71150.0,2023-10-16 13:44:37,211.0,140.427,41.0,False,0,0.0,False,4,3,2,4,3,7,0,2,1,2,2,1,3,0,4,0,2,0,2.5002,0,-3.10156,1.347,1.347,140.427,41.0,7,3,0,1.347,5,AC_BOUND,STATEFUL_FW_CHECK_CORE,WINDOW_INSUFFICIENT_LEARNING_OPPORTUNITY,ACTION_FW_VERSION_CHECK_CORE,high,2,high_quality_no_response_with_long_effective_staleness,fw_like;gauge_like,days_eff=140 days_any=140 cyc_eff=41 hq_nr=4 total_nr=7 cens=0 lg_opp=2 opp=14 norm_anom=1.35 conf_p=1 micro_only=False cluster=AC_BOUND,No user-facing action; engineering FW review queued.,"Prioritize BIOS/EC/battery-FW version and update review: 4 high-quality discharge+recharge learning opportunities since the last effective FCC change (140d ago) produced no FCC relearning step (4 high-quality + 2 strict-band no_response confirmations). Candidate, not a confirmed FW fault.",,True,True,False,False,False,False,False,False,0,2026-06-08T10:02:59Z,rolling30-v2.0,30,1,abs_ge_50mWh
MBHAVSAR-3R8CWY_mbhavsar,2025-01-30,2024-12-31 23:59:59.999999999,2025-01-30 23:59:59.999999999,201,21.039,0.5,8.916,109.17,11,7,5,0,0,0,0,False,WINDOW_QUALITY_OK,596.0,608.0,12.0,17.111,0.4818,0.2977,0.5182,1.0,100.0,99.0,13.0,87.0,100.0,0.045,0.0908,0.5243,0.4321,0.2937,61,79,31,43920.0,43920.0,43920.0,43920.0,0.0,0,0,0.0,,,77.05,77.05,3,3,3,2,8,2,3,2,0,5,0,2,0,1,3,1.3323,0,3,3,0.171714,0.7652,0.14909,0.14679,0.4208,0,3,3,0.635252,0.1971,0.5574,2025-01-30 23:59:59.999999999,2023-02-07 08:14:34,2025-01-30 16:12:07,723.657,True,43920.0,2024-10-15 16:21:36,551.0,107.318,57.0,False,43920.0,2024-10-15 16:21:36,551.0,107.318,57.0,False,0,0.0,False,9,6,12,7,6,13,2,2,2,8,1,2,3,1,7,2,12,0,4.7552,0,-5.9655,2.5908,2.5908,107.318,57.0,13,3,0,2.5908,0,MOBILE_DEEP_CYCLE,STATEFUL_FW_WATCH_HIGH_ANOMALY,WINDOW_OPPORTUNITY_NO_RESPONSE,ACTION_FW_ENGINEERING_REVIEW,medium,4,fw_like_no_response_core_requirement_short,fw_like,days_eff=107 days_any=107 cyc_eff=57 hq_nr=7 total_nr=13 cens=2 lg_opp=12 opp=39 norm_anom=2.59 conf_p=0.149 micro_only=False cluster=MOBILE_DEEP_CYCLE,No user-facing action; monitoring.,"FW-like no-response signal but a core requirement is short (staleness/cycles/quality). Monitor and add to FW engineering queue. normative anomaly 2.59, 13 no_response since last effective change (107d ago).",,True,False,False,False,False,False,False,False,14,2026-06-08T10:02:59Z,rolling30-v2.0,30,1,abs_ge_50mWh
MBHAVSAR-5FSFDE_mbhavsar,2025-08-11,2025-07-12 23:59:59.999999999,2025-08-11 23:59:59.999999999,571,28.172,0.5,5.647,42.649,27,13,2,0,0,0,0,False,WINDOW_QUALITY_OK,36.0,56.0,20.0,21.298,0.3449,0.1799,0.6551,3.0,100.0,97.0,20.5,78.0,100.0,0.0131,0.0318,0.4739,0.3719,0.3015,93,147,47,56480.0,56300.0,55760.0,58270.0,2510.0,26,6,2450.0,2025-08-04 15:27:59,55.0,99.04,98.72,4,4,4,0,8,3,3,3,0,6,3,3,3,0,6,1.742,0,4,4,0.10152,0.9934,0.09632,0.10213,1.77,0,4,4,0.091632,1.038,0.19391,2025-08-11 23:59:59.999999999,2025-05-12 14:09:16,2025-08-11 14:26:19,91.41,True,56310.0,2025-08-04 15:27:59,55.0,7.356,1.0,True,56300.0,2025-08-11 12:45:38,56.0,0.468,0.0,True,1,10.0,True,0,0,1,0,0,0,0,0,0,1,0,0,0,0,0,0,1,0,0.0,0,0.0,-0.0,-0.0,7.356,1.0,0,0,0,-0.0,4,MOBILE_DEEP_CYCLE,STATEFUL_WATCH_LARGE_GAP_OR_CENSORED,WINDOW_NORMAL_RESPONDING,ACTION_MONITOR_NEXT_WINDOW,low,7,large_gap_or_censored_dominant,micro_wobble;large_gap_dominant,days_eff=7 days_any=0 cyc_eff=1 hq_nr=0 total_nr=0 cens=0 lg_opp=1 opp=2 norm_anom=-0.00 conf_p=0.0963 micro_only=True cluster=MOBILE_DEEP_CYCLE,No user-facing action; monitoring.,Ambiguous/weak evidence (7d since effective change); monitor next window.,,False,False,True,True,False,False,False,False,0,2026-06-08T10:02:59Z,rolling30-v2.0,30,1,abs_ge_50mWh
MBHAVSAR-GM0WY2_mbhavsar,2025-08-14,2025-07-15 23:59:59.999999999,2025-08-14 23:59:59.999999999,32,28.018,0.499,105.589,420.914,4,4,4,0,0,0,0,False,WINDOW_QUALITY_SPARSE,22.0,23.0,1.0,1.071,0.1784,0.1449,0.8216,7.0,100.0,93.0,7.0,49.5,100.0,0.1199,0.147,0.2261,0.2033,0.173,7,9,4,58190.0,58150.0,58150.0,58190.0,40.0,1,0,0.0,,,100.33,100.26,0,1,0,0,1,0,1,0,0,1,0,1,0,0,1,0.0,0,0,0,,0.0,,,0.0,0,0,0,,0.0,,2025-08-14 23:59:59.999999999,2025-04-01 10:33:28,2025-08-14 13:50:21,135.56,True,58260.0,2025-05-28 08:50:14,20.0,78.632,3.0,False,58150.0,2025-07-21 14:52:25,23.0,24.38,0.0,True,3,40.0,True,0,0,1,0,0,0,0,0,0,1,0,0,0,0,0,0,1,0,0.0,0,0.0,-0.0,-0.0,78.632,3.0,0,0,0,-0.0,-1,SPARSE_OR_GAPPY,STATEFUL_REVIEW_DATA_QUALITY,WINDOW_DATA_QUALITY_REVIEW,ACTION_COLLECT_MORE_DATA_OR_MANUAL_REVIEW,low,1,data_quality_or_history_review,micro_wobble;large_gap_dominant,days_eff=79 days_any=24 cyc_eff=3 hq_nr=0 total_nr=0 cens=0 lg_opp=1 opp=2 norm_anom=-0.00 conf_p=1 micro_only=True cluster=SPARSE_OR_GAPPY,No user-facing action; collecting more data.,Data-quality/history review outranks action (would_have_been=NONE). Collect more data or manual review.,NONE,False,False,True,True,False,False,True,False,0,2026-06-08T10:02:59Z,rolling30-v2.0,30,1,abs_ge_50mWh
MBUT-PF3DMVFZ_mbutt,2026-05-28,2026-04-28 23:59:59.999999999,2026-05-28 23:59:59.999999999,584,29.336,0.5,4.787,73.367,25,8,3,0,0,0,0,False,WINDOW_QUALITY_OK,27.0,58.0,31.0,31.702,0.4078,0.1959,0.5922,1.0,100.0,99.0,7.0,62.0,100.0,0.0943,0.1596,0.372,0.3083,0.2776,73,101,37,53500.0,51200.0,48980.0,54070.0,5090.0,44,14,2490.0,2026-05-28 05:29:43,57.0,101.9,97.52,9,8,1,4,21,8,8,1,3,19,6,7,1,2,15,3.6956,8,1,9,0.008411,2.0752,0.01023,0.01088,5.2335,8,1,9,0.000227,3.6439,0.01959,2026-05-28 23:59:59.999999999,2026-04-16 10:58:39,2026-05-28 11:04:45,42.543,False,51210.0,2026-05-28 05:29:43,57.0,0.771,1.0,False,51200.0,2026-05-28 10:34:45,58.0,0.559,0.0,False,1,10.0,True,1,0,0,0,0,0,1,1,0,0,0,0,0,1,0,1,0,0,0.0,0,0.0,-0.0,-0.0,0.771,1.0,0,0,0,-0.0,4,MOBILE_DEEP_CYCLE,STATEFUL_REVIEW_DATA_QUALITY,WINDOW_NORMAL_RESPONDING,ACTION_COLLECT_MORE_DATA_OR_MANUAL_REVIEW,low,1,data_quality_or_history_review,fw_like;micro_wobble;censored_dominant,days_eff=1 days_any=1 cyc_eff=1 hq_nr=0 total_nr=0 cens=1 lg_opp=0 opp=2 norm_anom=-0.00 conf_p=0.0102 micro_only=True cluster=MOBILE_DEEP_CYCLE,No user-facing action; collecting more data.,Data-quality/history review outranks action (would_have_been=FW_WATCH_LIKE). Collect more data or manual review.,FW_WATCH_LIKE,True,False,True,False,True,True,False,False,0,2026-06-08T10:02:59Z,rolling30-v2.0,30,1,abs_ge_50mWh
MC702142-0275JW_MC702142,2025-07-11,2025-06-11 23:59:59.999999999,2025-07-11 23:59:59.999999999,40,15.249,0.359,29.275,175.654,5,5,2,0,0,0,0,False,WINDOW_QUALITY_SPARSE,207.0,208.0,1.0,1.967,0.2916,0.2475,0.7084,2.0,100.0,98.0,2.0,39.0,100.0,0.1931,0.3076,0.3137,0.2356,0.2142,10,11,5,48830.0,47710.0,47710.0,53010.0,5300.0,3,2,5300.0,2025-07-11 18:21:58,208.0,85.46,83.5,0,2,0,0,2,0,2,0,0,2,0,1,0,0,1,0.0,0,0,0,,0.0,,,0.0,0,0,0,,0.0,,2025-07-11 23:59:59.999999999,2023-02-02 17:28:46,2025-07-11 18:22:03,890.272,True,47710.0,2025-07-11 18:21:58,208.0,0.235,0.0,True,47710.0,2025-07-11 18:21:58,208.0,0.235,0.0,True,0,0.0,False,0,0,0,0,0,0,0,0,0,0,0,0,0,0,0,0,0,0,0.0,0,0.0,-0.0,-0.0,0.235,0.0,0,0,0,-0.0,-1,SPARSE_OR_GAPPY,STATEFUL_REVIEW_DATA_QUALITY,WINDOW_DATA_QUALITY_REVIEW,ACTION_COLLECT_MORE_DATA_OR_MANUAL_REVIEW,low,1,data_quality_or_history_review,,days_eff=0 days_any=0 cyc_eff=0 hq_nr=0 total_nr=0 cens=0 lg_opp=0 opp=0 norm_anom=-0.00 conf_p=1 micro_only=False cluster=SPARSE_OR_GAPPY,No user-facing action; collecting more data.,Data-quality/history review outranks action (would_have_been=NONE). Collect more data or manual review.,NONE,False,False,False,False,False,False,True,False,0,2026-06-08T10:02:59Z,rolling30-v2.0,30,1,abs_ge_50mWh
MCOCKMAN-09S0ZB_mcockman,2026-05-29,2026-04-29 23:59:59.999999999,2026-05-29 23:59:59.999999999,9,0.629,0.375,7.744,9.806,1,0,0,0,0,0,0,False,WINDOW_QUALITY_SHORT_OBS,53.0,53.0,0.0,0.0,0.6287,0.0,0.3713,91.0,100.0,9.0,94.2,99.0,100.0,0.0,0.0,1.0,1.0,1.0,2,2,1,56890.0,56890.0,56890.0,56890.0,0.0,0,0,0.0,,,99.81,99.81,0,0,0,0,0,0,0,0,0,0,0,0,0,0,0,0.0,0,0,0,,0.0,,,0.0,0,0,0,,0.0,,2026-05-29 23:59:59.999999999,2024-02-16 08:47:58,2026-05-29 12:25:43,833.633,True,56890.0,2026-05-28 21:19:21,53.0,1.112,0.0,True,56890.0,2026-05-28 21:19:21,53.0,1.112,0.0,True,0,0.0,False,0,0,0,0,0,0,0,0,0,0,0,0,0,0,0,0,0,0,0.0,0,0.0,-0.0,-0.0,1.112,0.0,0,0,0,-0.0,-1,SPARSE_OR_GAPPY,STATEFUL_REVIEW_DATA_QUALITY,WINDOW_DATA_QUALITY_REVIEW,ACTION_COLLECT_MORE_DATA_OR_MANUAL_REVIEW,low,1,data_quality_or_history_review,,days_eff=1 days_any=1 cyc_eff=0 hq_nr=0 total_nr=0 cens=0 lg_opp=0 opp=0 norm_anom=-0.00 conf_p=1 micro_only=False cluster=SPARSE_OR_GAPPY,No user-facing action; collecting more data.,Data-quality/history review outranks action (would_have_been=NONE). Collect more data or manual review.,NONE,False,False,False,False,False,False,True,False,0,2026-06-08T10:02:59Z,rolling30-v2.0,30,1,abs_ge_50mWh
MCOONER1-67PP9K_mcooner1,2026-05-26,2026-04-26 23:59:59.999999999,2026-05-26 23:59:59.999999999,351,12.806,0.5,1.967,19.918,8,3,0,0,0,0,0,False,WINDOW_QUALITY_OK,1.0,4.0,3.0,7.028,0.9104,0.032,0.0896,13.0,100.0,87.0,73.5,99.0,100.0,0.0,0.0091,0.9631,0.9188,0.9068,35,45,18,91600.0,91460.0,91460.0,91600.0,140.0,4,1,100.0,2026-05-25 20:39:06,4.0,101.78,101.62,0,1,0,0,1,0,1,0,0,1,0,0,0,0,0,0.0,0,0,0,,0.0,,,0.0,0,0,0,,0.0,,2026-05-26 23:59:59.999999999,2026-05-13 13:37:50,2026-05-26 08:58:28,13.432,False,91460.0,2026-05-25 20:39:06,4.0,1.14,0.0,False,91460.0,2026-05-25 20:39:06,4.0,1.14,0.0,False,0,0.0,False,0,0,0,0,0,0,0,0,0,0,0,0,0,0,0,0,0,0,0.0,0,0.0,-0.0,-0.0,1.14,0.0,0,0,0,-0.0,3,AC_BOUND,STATEFUL_REVIEW_DATA_QUALITY,WINDOW_NORMAL_RESPONDING,ACTION_COLLECT_MORE_DATA_OR_MANUAL_REVIEW,low,1,data_quality_or_history_review,,days_eff=1 days_any=1 cyc_eff=0 hq_nr=0 total_nr=0 cens=0 lg_opp=0 opp=0 norm_anom=-0.00 conf_p=1 micro_only=False cluster=AC_BOUND,No user-facing action; collecting more data.,Data-quality/history review outranks action (would_have_been=NONE). Collect more data or manual review.,NONE,False,False,False,False,False,True,False,False,0,2026-06-08T10:02:59Z,rolling30-v2.0,30,1,abs_ge_50mWh
MCROWNOVER-1540_mcrownover,2025-05-12,2025-04-12 23:59:59.999999999,2025-05-12 23:59:59.999999999,1438,29.587,0.5,0.5,4.784,0,0,0,0,0,0,0,False,WINDOW_QUALITY_OK,32.0,33.0,1.0,1.014,0.9532,0.007,0.0468,74.0,100.0,26.0,98.0,100.0,100.0,0.0,0.0,0.997,0.9914,0.9853,42,49,21,81510.0,81490.0,81490.0,81510.0,20.0,1,0,0.0,,,90.57,90.54,0,0,0,0,0,0,0,0,0,0,0,0,0,0,0,0.0,0,0,0,,0.0,,,0.0,0,0,0,,0.0,,2025-05-12 23:59:59.999999999,2024-05-06 14:27:33,2025-05-12 14:27:48,371.398,True,81590.0,2025-02-13 19:25:50,27.0,88.19,6.0,False,81490.0,2025-04-16 15:58:38,33.0,26.334,0.0,True,6,20.0,True,0,0,0,0,0,0,0,0,0,0,0,0,0,0,0,0,0,0,0.0,0,0.0,-0.0,-0.0,88.19,6.0,0,0,0,-0.0,5,AC_BOUND,STATEFUL_NORMAL_RESPONDING,WINDOW_MICRO_WOBBLE_ONLY,ACTION_NONE,high,9,responding_or_no_concern,micro_wobble,days_eff=88 days_any=26 cyc_eff=6 hq_nr=0 total_nr=0 cens=0 lg_opp=0 opp=0 norm_anom=-0.00 conf_p=1 micro_only=True cluster=AC_BOUND,No action needed.,Responding normally; no concern.,,False,False,True,False,False,False,False,False,0,2026-06-08T10:02:59Z,rolling30-v2.0,30,1,abs_ge_50mWh
MCROWNOVER-QC11_mcrownover,2026-05-26,2026-04-26 23:59:59.999999999,2026-05-26 23:59:59.999999999,1393,29.529,0.5,0.5,21.476,6,1,0,0,0,0,0,False,WINDOW_QUALITY_OK,34.0,45.0,11.0,11.176,0.9495,0.123,0.0505,5.0,100.0,95.0,31.2,100.0,100.0,0.0107,0.0222,0.893,0.876,0.7029,62,93,31,84940.0,82410.0,81600.0,85410.0,3810.0,18,8,1190.0,2026-05-18 18:43:22,45.0,94.38,91.57,7,1,3,0,8,7,1,3,0,8,6,1,2,0,7,3.0743,4,3,7,0.017432,1.7586,0.01974,0.02109,4.8007,4,3,7,0.000132,3.8801,0.01728,2026-05-26 23:59:59.999999999,2025-09-02 13:13:27,2026-05-26 12:55:13,266.449,True,82410.0,2026-05-18 18:43:22,45.0,8.22,0.0,True,82410.0,2026-05-18 18:43:22,45.0,8.22,0.0,True,0,0.0,False,0,0,0,0,0,0,0,0,0,0,0,0,0,0,0,0,0,0,0.0,0,0.0,-0.0,-0.0,8.22,0.0,0,0,0,-0.0,3,AC_BOUND,STATEFUL_WATCH_LOW_EVIDENCE,WINDOW_NORMAL_RESPONDING,ACTION_MONITOR_NEXT_WINDOW,low,8,weak_partial_evidence,fw_like,days_eff=8 days_any=8 cyc_eff=0 hq_nr=0 total_nr=0 cens=0 lg_opp=0 opp=0 norm_anom=-0.00 conf_p=0.0197 micro_only=False cluster=AC_BOUND,No user-facing action; monitoring.,Ambiguous/weak evidence (8d since effective change); monitor next window.,,True,False,False,False,False,False,False,False,0,2026-06-08T10:02:59Z,rolling30-v2.0,30,1,abs_ge_50mWh
MCROWNOVER-WLK4_mcrownover,2024-05-06,2024-04-06 23:59:59.999999999,2024-05-06 23:59:59.999999999,1265,29.855,0.5,0.5,31.731,7,1,1,0,0,0,0,False,WINDOW_QUALITY_OK,29.0,31.0,2.0,2.01,0.9576,0.0166,0.0424,25.0,100.0,75.0,95.0,97.0,100.0,0.0,0.0,0.9903,0.9864,0.8478,30,39,15,80880.0,80800.0,80800.0,80880.0,80.0,2,0,0.0,,,86.03,85.95,0,0,0,0,0,0,0,0,0,0,0,0,0,0,0,0.0,0,0,0,,0.0,,,0.0,0,0,0,,0.0,,2024-05-06 23:59:59.999999999,2023-08-07 12:11:53,2024-05-06 20:42:35,273.492,True,80880.0,2024-03-26 11:16:21,29.0,41.53,2.0,True,80800.0,2024-04-17 04:04:16,31.0,19.83,0.0,True,2,40.0,True,0,0,0,0,0,0,0,0,0,0,0,0,0,0,0,0,0,0,0.0,0,0.0,-0.0,-0.0,41.53,2.0,0,0,0,-0.0,5,AC_BOUND,STATEFUL_NORMAL_RESPONDING,WINDOW_MICRO_WOBBLE_ONLY,ACTION_NONE,high,9,responding_or_no_concern,micro_wobble,days_eff=42 days_any=20 cyc_eff=2 hq_nr=0 total_nr=0 cens=0 lg_opp=0 opp=0 norm_anom=-0.00 conf_p=1 micro_only=True cluster=AC_BOUND,No action needed.,Responding normally; no concern.,,False,False,True,False,False,False,False,False,0,2026-06-08T10:02:59Z,rolling30-v2.0,30,1,abs_ge_50mWh
MD2-SVT-3FCN_xuxru,2024-04-12,2024-03-13 23:59:59.999999999,2024-04-12 23:59:59.999999999,313,29.851,0.5,7.281,101.08,20,11,6,0,0,0,0,False,WINDOW_QUALITY_OK,85.0,99.0,14.0,14.07,0.1801,0.1349,0.8199,2.0,100.0,98.0,14.0,60.0,100.0,0.0221,0.0544,0.2973,0.1679,0.1349,45,56,23,72450.0,69620.0,69620.0,78170.0,8550.0,7,7,8550.0,2024-04-12 01:13:32,98.0,100.61,96.68,0,6,0,1,7,0,3,0,1,4,0,1,0,1,2,0.0,0,0,0,,0.0,,,0.0,0,0,0,,0.0,,2024-04-12 23:59:59.999999999,2023-09-25 11:12:55,2024-04-12 20:55:32,200.533,True,69620.0,2024-04-12 01:13:32,98.0,0.949,1.0,True,69620.0,2024-04-12 01:13:32,98.0,0.949,1.0,True,0,0.0,False,1,0,0,0,0,0,1,1,0,0,0,0,0,1,0,1,0,0,0.0,0,0.0,-0.0,-0.0,0.949,1.0,0,0,0,-0.0,4,MOBILE_DEEP_CYCLE,STATEFUL_WATCH_LARGE_GAP_OR_CENSORED,WINDOW_NORMAL_RESPONDING,ACTION_MONITOR_NEXT_WINDOW,low,7,large_gap_or_censored_dominant,censored_dominant,days_eff=1 days_any=1 cyc_eff=1 hq_nr=0 total_nr=0 cens=1 lg_opp=0 opp=2 norm_anom=-0.00 conf_p=1 micro_only=False cluster=MOBILE_DEEP_CYCLE,No user-facing action; monitoring.,Ambiguous/weak evidence (0d since effective change); monitor next window.,,False,False,False,False,True,False,False,False,0,2026-06-08T10:02:59Z,rolling30-v2.0,30,1,abs_ge_50mWh
MEHLINGER1-QNSG_mehlinger1,2026-05-28,2026-04-28 23:59:59.999999999,2026-05-28 23:59:59.999999999,565,29.611,0.5,1.388,62.298,24,14,4,0,0,0,0,False,WINDOW_QUALITY_OK,4.0,6.0,2.0,2.026,0.9329,0.0451,0.0671,70.0,100.0,30.0,91.0,98.0,100.0,0.0,0.0,0.9963,0.9718,0.8619,45,67,23,58030.0,58010.0,58010.0,58030.0,20.0,2,0,0.0,,,100.05,100.02,0,0,0,0,0,0,0,0,0,0,0,0,0,0,0,0.0,0,0,0,,0.0,,,0.0,0,0,0,,0.0,,2026-05-28 23:59:59.999999999,2026-04-22 11:17:40,2026-05-28 22:01:14,36.529,False,58030.0,2026-04-22 11:17:40,4.0,36.529,2.0,False,58010.0,2026-05-27 15:08:13,6.0,1.369,0.0,False,2,10.0,True,0,0,0,0,0,0,0,0,0,0,0,0,0,0,0,0,0,0,0.0,0,0.0,-0.0,-0.0,36.529,2.0,0,0,0,-0.0,5,AC_BOUND,STATEFUL_REVIEW_DATA_QUALITY,WINDOW_MICRO_WOBBLE_ONLY,ACTION_COLLECT_MORE_DATA_OR_MANUAL_REVIEW,low,1,data_quality_or_history_review,micro_wobble,days_eff=37 days_any=1 cyc_eff=2 hq_nr=0 total_nr=0 cens=0 lg_opp=0 opp=0 norm_anom=-0.00 conf_p=1 micro_only=True cluster=AC_BOUND,No user-facing action; collecting more data.,Data-quality/history review outranks action (would_have_been=NONE). Collect more data or manual review.,NONE,False,False,True,False,False,True,False,False,0,2026-06-08T10:02:59Z,rolling30-v2.0,30,1,abs_ge_50mWh
MERSEY1_Jeffrey_Farringer,2025-02-06,2025-01-07 23:59:59.999999999,2025-02-06 23:59:59.999999999,249,29.419,0.5,9.418,142.906,27,9,5,0,0,0,0,False,WINDOW_QUALITY_OK,85.0,91.0,6.0,6.118,0.4793,0.1025,0.5207,19.0,100.0,81.0,45.0,98.0,100.0,0.0,0.0099,0.7157,0.6224,0.5391,54,70,27,49980.0,50100.0,49970.0,50450.0,480.0,6,2,480.0,2025-01-29 06:59:00,90.0,87.64,87.85,0,1,0,0,1,0,0,0,0,0,0,0,0,0,0,0.0,0,0,0,,0.0,,,0.0,0,0,0,,0.0,,2025-02-06 23:59:59.999999999,2024-05-06 11:10:55,2025-02-06 10:23:00,276.534,True,50110.0,2025-01-29 06:59:00,90.0,8.709,1.0,True,50100.0,2025-02-06 10:23:00,91.0,0.567,0.0,True,1,10.0,True,0,0,0,0,0,0,0,0,0,0,0,0,0,0,0,0,0,0,0.0,0,0.0,-0.0,-0.0,8.709,1.0,0,0,0,-0.0,4,MOBILE_DEEP_CYCLE,STATEFUL_NORMAL_RESPONDING,WINDOW_NORMAL_RESPONDING,ACTION_NONE,high,9,responding_or_no_concern,micro_wobble,days_eff=9 days_any=1 cyc_eff=1 hq_nr=0 total_nr=0 cens=0 lg_opp=0 opp=0 norm_anom=-0.00 conf_p=1 micro_only=True cluster=MOBILE_DEEP_CYCLE,No action needed.,Responding normally; no concern.,,False,False,True,False,False,False,False,False,0,2026-06-08T10:02:59Z,rolling30-v2.0,30,1,abs_ge_50mWh
MERSEY1_SIT,2024-03-04,2024-02-03 23:59:59.999999999,2024-03-04 23:59:59.999999999,704,29.406,0.5,2.829,49.692,25,12,1,0,0,0,0,False,WINDOW_QUALITY_OK,13.0,18.0,5.0,5.101,0.8157,0.0491,0.1843,2.0,100.0,98.0,61.0,99.0,100.0,0.0107,0.012,0.9046,0.8796,0.8306,97,123,49,48920.0,56850.0,48380.0,56860.0,8480.0,7,2,8480.0,2024-03-04 14:54:43,17.0,85.78,99.68,0,1,0,1,2,0,1,0,1,2,0,1,0,1,2,0.0,0,0,0,,0.0,,,0.0,0,0,0,,0.0,,2024-03-04 23:59:59.999999999,2024-01-28 18:11:51,2024-03-04 19:59:25,36.242,False,56860.0,2024-03-04 14:54:43,17.0,0.379,1.0,False,56850.0,2024-03-04 16:58:16,18.0,0.293,0.0,False,1,10.0,True,1,0,0,0,0,0,1,1,0,0,0,0,0,1,0,1,0,0,0.0,0,0.0,-0.0,-0.0,0.379,1.0,0,0,0,-0.0,4,MOBILE_DEEP_CYCLE,STATEFUL_REVIEW_DATA_QUALITY,WINDOW_NORMAL_RESPONDING,ACTION_COLLECT_MORE_DATA_OR_MANUAL_REVIEW,low,1,data_quality_or_history_review,micro_wobble;censored_dominant,days_eff=0 days_any=0 cyc_eff=1 hq_nr=0 total_nr=0 cens=1 lg_opp=0 opp=2 norm_anom=-0.00 conf_p=1 micro_only=True cluster=MOBILE_DEEP_CYCLE,No user-facing action; collecting more data.,Data-quality/history review outranks action (would_have_been=NONE). Collect more data or manual review.,NONE,False,False,True,False,True,True,False,False,0,2026-06-08T10:02:59Z,rolling30-v2.0,30,1,abs_ge_50mWh
MERSEY1_SVT,2024-09-13,2024-08-14 23:59:59.999999999,2024-09-13 23:59:59.999999999,33,28.674,0.5,116.193,382.026,6,5,3,0,0,0,0,False,WINDOW_QUALITY_SPARSE,36.0,38.0,2.0,2.093,0.3096,0.3096,0.6904,1.0,99.0,98.0,9.0,41.0,93.4,0.0181,0.0523,0.4789,0.2737,0.0684,6,6,3,58350.0,58340.0,58340.0,58350.0,10.0,1,0,0.0,,,102.31,102.3,0,2,0,0,2,0,2,0,0,2,0,2,0,0,2,0.0,0,0,0,,0.0,,,0.0,0,0,0,,0.0,,2024-09-13 23:59:59.999999999,2024-05-15 10:19:37,2024-09-13 10:02:27,121.57,True,58350.0,2024-08-15 17:52:28,36.0,29.255,2.0,True,58340.0,2024-08-16 07:27:21,37.0,28.689,1.0,True,1,10.0,True,0,0,2,0,0,0,0,0,0,2,0,0,0,0,0,0,2,0,0.0,0,0.0,-0.0,-0.0,29.255,2.0,0,0,0,-0.0,-1,SPARSE_OR_GAPPY,STATEFUL_REVIEW_DATA_QUALITY,WINDOW_DATA_QUALITY_REVIEW,ACTION_COLLECT_MORE_DATA_OR_MANUAL_REVIEW,low,1,data_quality_or_history_review,micro_wobble;large_gap_dominant,days_eff=29 days_any=29 cyc_eff=2 hq_nr=0 total_nr=0 cens=0 lg_opp=2 opp=4 norm_anom=-0.00 conf_p=1 micro_only=True cluster=SPARSE_OR_GAPPY,No user-facing action; collecting more data.,Data-quality/history review outranks action (would_have_been=NONE). Collect more data or manual review.,NONE,False,False,True,True,False,False,True,False,0,2026-06-08T10:02:59Z,rolling30-v2.0,30,1,abs_ge_50mWh
MERSEY2BELNL_jeffreyf1,2025-05-04,2025-04-04 23:59:59.999999999,2025-05-04 23:59:59.999999999,382,16.954,0.5,5.11,14.075,17,1,0,0,0,0,0,False,WINDOW_QUALITY_OK,1.0,7.0,6.0,10.617,0.7964,0.1312,0.2036,0.0,100.0,100.0,56.0,97.0,100.0,0.0008,0.002,0.892,0.8187,0.7558,98,119,49,60310.0,61400.0,60310.0,61510.0,1200.0,7,2,1200.0,2025-04-21 09:36:49,2.0,105.75,107.66,0,1,0,0,1,0,1,0,0,1,0,1,0,0,1,0.0,0,0,0,,0.0,,,0.0,0,0,0,,0.0,,2025-05-04 23:59:59.999999999,2025-03-20 11:38:50,2025-05-04 21:14:16,45.515,False,61460.0,2025-04-21 09:36:49,2.0,13.599,5.0,False,61400.0,2025-05-02 09:36:41,7.0,2.6,0.0,False,5,20.0,True,0,0,0,0,0,0,0,0,0,0,0,0,0,0,0,0,0,0,0.0,0,0.0,-0.0,-0.0,13.599,5.0,0,0,0,-0.0,3,AC_BOUND,STATEFUL_REVIEW_DATA_QUALITY,WINDOW_NORMAL_RESPONDING,ACTION_COLLECT_MORE_DATA_OR_MANUAL_REVIEW,low,1,data_quality_or_history_review,micro_wobble,days_eff=14 days_any=3 cyc_eff=5 hq_nr=0 total_nr=0 cens=0 lg_opp=0 opp=0 norm_anom=-0.00 conf_p=1 micro_only=True cluster=AC_BOUND,No user-facing action; collecting more data.,Data-quality/history review outranks action (would_have_been=NONE). Collect more data or manual review.,NONE,False,False,True,False,False,True,False,False,0,2026-06-08T10:02:59Z,rolling30-v2.0,30,1,abs_ge_50mWh
MERSEYPQMBETA_hels,2024-12-13,2024-11-13 23:59:59.999999999,2024-12-13 23:59:59.999999999,50,17.925,0.5,7.039,267.868,3,2,2,0,0,0,0,False,WINDOW_QUALITY_OK,66.0,68.0,2.0,3.347,0.7284,0.1626,0.2716,2.0,100.0,98.0,14.25,100.0,100.0,0.0904,0.1251,0.7122,0.6942,0.6019,2,3,1,53570.0,53550.0,53550.0,53570.0,20.0,2,0,0.0,,,93.98,93.95,0,1,0,0,1,0,1,0,0,1,0,1,0,0,1,0.0,0,0,0,,0.0,,,0.0,0,0,0,,0.0,,2024-12-13 23:59:59.999999999,2024-03-06 09:21:42,2024-12-13 16:16:13,282.61,True,53570.0,2024-10-22 15:04:20,66.0,52.372,2.0,True,53550.0,2024-11-25 22:04:16,68.0,18.08,0.0,True,2,10.0,True,0,0,1,0,0,0,0,0,0,1,0,0,0,0,0,0,1,0,0.0,0,0.0,-0.0,-0.0,52.372,2.0,0,0,0,-0.0,4,MOBILE_DEEP_CYCLE,STATEFUL_WATCH_LARGE_GAP_OR_CENSORED,WINDOW_MICRO_WOBBLE_ONLY,ACTION_MONITOR_NEXT_WINDOW,low,7,large_gap_or_censored_dominant,micro_wobble;large_gap_dominant,days_eff=52 days_any=18 cyc_eff=2 hq_nr=0 total_nr=0 cens=0 lg_opp=1 opp=2 norm_anom=-0.00 conf_p=1 micro_only=True cluster=MOBILE_DEEP_CYCLE,No user-facing action; monitoring.,Ambiguous/weak evidence (52d since effective change); monitor next window.,,False,False,True,True,False,False,False,False,0,2026-06-08T10:02:59Z,rolling30-v2.0,30,1,abs_ge_50mWh
MERSEY_SIT,2024-01-26,2023-12-27 23:59:59.999999999,2024-01-26 23:59:59.999999999,546,21.002,0.5,2.84,31.994,14,7,1,0,1,0,0,True,WINDOW_QUALITY_COUNTER_RESET,6.0,11.0,5.0,7.142,0.7673,0.1259,0.2327,18.0,100.0,82.0,61.0,99.0,100.0,0.0,0.0002,0.8575,0.8163,0.7664,108,130,54,48520.0,48940.0,48480.0,48960.0,480.0,8,1,480.0,2024-01-16 20:57:35,9.0,85.08,85.81,0,1,0,0,1,0,0,0,0,0,0,0,0,0,0,0.0,0,0,0,,0.0,,,0.0,0,0,0,,0.0,,2024-01-26 23:59:59.999999999,2023-12-05 13:48:12,2024-01-26 13:15:39,52.425,False,48960.0,2024-01-16 20:57:35,9.0,10.127,2.0,False,48940.0,2024-01-24 09:41:07,11.0,2.596,0.0,False,2,10.0,True,0,0,0,0,0,0,0,0,0,0,0,0,0,0,0,0,0,0,0.0,0,0.0,-0.0,-0.0,10.127,2.0,0,0,0,-0.0,-1,SPARSE_OR_GAPPY,STATEFUL_REVIEW_DATA_QUALITY,WINDOW_DATA_QUALITY_REVIEW,ACTION_COLLECT_MORE_DATA_OR_MANUAL_REVIEW,low,1,data_quality_or_history_review,micro_wobble,days_eff=10 days_any=3 cyc_eff=2 hq_nr=0 total_nr=0 cens=0 lg_opp=0 opp=0 norm_anom=-0.00 conf_p=1 micro_only=True cluster=SPARSE_OR_GAPPY,No user-facing action; collecting more data.,Data-quality/history review outranks action (would_have_been=NONE). Collect more data or manual review.,NONE,False,False,True,False,False,True,True,False,0,2026-06-08T10:02:59Z,rolling30-v2.0,30,1,abs_ge_50mWh
MFINK-PF667W8F_mfink,2026-06-01,2026-05-02 23:59:59.999999999,2026-06-01 23:59:59.999999999,778,28.984,0.5,0.988,40.964,21,13,4,0,0,0,0,False,WINDOW_QUALITY_OK,7.0,18.0,11.0,11.386,0.7688,0.1477,0.2312,34.0,100.0,66.0,66.85,97.0,100.0,0.0,0.0,0.9053,0.8274,0.7278,132,186,66,57970.0,57840.0,57840.0,57970.0,130.0,11,0,0.0,,,99.95,99.72,0,0,0,0,0,0,0,0,0,0,0,0,0,0,0,0.0,0,0,0,,0.0,,,0.0,0,0,0,,0.0,,2026-06-01 23:59:59.999999999,2026-04-22 11:26:37,2026-06-01 10:47:56,40.523,False,58020.0,2026-04-22 11:26:37,3.0,40.523,15.0,False,57840.0,2026-05-28 09:17:46,18.0,4.613,0.0,False,15,20.0,True,0,0,0,0,0,0,0,0,0,0,0,0,0,0,0,0,0,0,0.0,0,0.0,-0.0,-0.0,40.523,15.0,0,0,0,-0.0,5,AC_BOUND,STATEFUL_REVIEW_DATA_QUALITY,WINDOW_MICRO_WOBBLE_ONLY,ACTION_COLLECT_MORE_DATA_OR_MANUAL_REVIEW,low,1,data_quality_or_history_review,micro_wobble,days_eff=41 days_any=5 cyc_eff=15 hq_nr=0 total_nr=0 cens=0 lg_opp=0 opp=0 norm_anom=-0.00 conf_p=1 micro_only=True cluster=AC_BOUND,No user-facing action; collecting more data.,Data-quality/history review outranks action (would_have_been=NONE). Collect more data or manual review.,NONE,False,False,True,False,False,True,False,False,0,2026-06-08T10:02:59Z,rolling30-v2.0,30,1,abs_ge_50mWh
MGOMES3-W0HKDCB_L14,2025-08-20,2025-07-21 23:59:59.999999999,2025-08-20 23:59:59.999999999,199,29.29,0.5,18.525,169.237,19,17,5,0,0,0,0,False,WINDOW_QUALITY_OK,7.0,11.0,4.0,4.097,0.7041,0.1225,0.2959,3.0,100.0,97.0,20.9,98.0,100.0,0.0378,0.0396,0.73,0.6906,0.6358,25,34,13,57840.0,57790.0,57790.0,57840.0,50.0,4,0,0.0,,,101.17,101.08,0,2,0,0,2,0,1,0,0,1,0,1,0,0,1,0.0,0,0,0,,0.0,,,0.0,0,0,0,,0.0,,2025-08-20 23:59:59.999999999,2025-05-27 11:14:51,2025-08-20 15:06:11,85.531,True,57910.0,2025-05-27 11:14:51,1.0,85.531,10.0,False,57790.0,2025-08-08 11:27:39,11.0,12.522,0.0,True,10,20.0,True,0,0,3,0,0,0,0,0,0,2,0,0,0,0,0,0,3,0,0.0,0,0.0,-0.0,-0.0,85.531,10.0,0,0,0,-0.0,4,MOBILE_DEEP_CYCLE,STATEFUL_WATCH_LARGE_GAP_OR_CENSORED,WINDOW_MICRO_WOBBLE_ONLY,ACTION_MONITOR_NEXT_WINDOW,low,7,large_gap_or_censored_dominant,micro_wobble;large_gap_dominant,days_eff=86 days_any=13 cyc_eff=10 hq_nr=0 total_nr=0 cens=0 lg_opp=3 opp=5 norm_anom=-0.00 conf_p=1 micro_only=True cluster=MOBILE_DEEP_CYCLE,No user-facing action; monitoring.,Ambiguous/weak evidence (85d since effective change); monitor next window.,,False,False,True,True,False,False,False,False,0,2026-06-08T10:02:59Z,rolling30-v2.0,30,1,abs_ge_50mWh
MGOMES3-W0HKDCB_mgomes3,2025-08-18,2025-07-19 23:59:59.999999999,2025-08-18 23:59:59.999999999,188,28.533,0.5,17.628,169.237,19,17,4,0,0,0,0,False,WINDOW_QUALITY_OK,7.0,11.0,4.0,4.206,0.6896,0.1491,0.3104,3.0,100.0,97.0,20.35,98.0,100.0,0.0397,0.0415,0.7167,0.6753,0.585,24,35,12,57840.0,57790.0,57790.0,57840.0,50.0,4,0,0.0,,,101.17,101.08,0,2,0,0,2,0,1,0,0,1,0,1,0,0,1,0.0,0,0,0,,0.0,,,0.0,0,0,0,,0.0,,2025-08-18 23:59:59.999999999,2025-05-27 11:14:51,2025-08-18 21:21:09,83.531,True,57910.0,2025-05-27 11:14:51,1.0,83.531,10.0,False,57790.0,2025-08-08 11:27:39,11.0,10.522,0.0,True,10,20.0,True,0,0,3,0,0,0,0,0,0,2,0,0,0,0,0,0,3,0,0.0,0,0.0,-0.0,-0.0,83.531,10.0,0,0,0,-0.0,4,MOBILE_DEEP_CYCLE,STATEFUL_WATCH_LARGE_GAP_OR_CENSORED,WINDOW_MICRO_WOBBLE_ONLY,ACTION_MONITOR_NEXT_WINDOW,low,7,large_gap_or_censored_dominant,micro_wobble;large_gap_dominant,days_eff=84 days_any=11 cyc_eff=10 hq_nr=0 total_nr=0 cens=0 lg_opp=3 opp=5 norm_anom=-0.00 conf_p=1 micro_only=True cluster=MOBILE_DEEP_CYCLE,No user-facing action; monitoring.,Ambiguous/weak evidence (83d since effective change); monitor next window.,,False,False,True,True,False,False,False,False,0,2026-06-08T10:02:59Z,rolling30-v2.0,30,1,abs_ge_50mWh
MHAGI-PF3YCK6H_mhagi,2025-01-13,2024-12-14 23:59:59.999999999,2025-01-13 23:59:59.999999999,1098,29.468,0.5,0.5,25.497,10,8,3,0,0,0,0,False,WINDOW_QUALITY_OK,315.0,322.0,7.0,7.126,0.9245,0.2261,0.0755,6.0,100.0,94.0,69.0,97.0,100.0,0.0007,0.0016,0.9102,0.8244,0.6737,70,106,35,51030.0,51030.0,51030.0,51030.0,0.0,0,0,0.0,,,89.53,89.53,0,1,0,0,1,0,1,0,0,1,0,1,0,0,1,0.0,0,0,0,,0.0,,,0.0,0,0,0,,0.0,,2025-01-13 23:59:59.999999999,2023-02-04 14:18:25,2025-01-13 11:18:36,709.404,True,51030.0,2023-06-03 23:03:56,69.0,590.039,253.0,False,51030.0,2023-06-03 23:03:56,69.0,590.039,253.0,False,0,0.0,False,36,10,7,36,10,46,0,10,4,6,10,4,14,0,36,0,7,0,18.8015,0,-24.2801,10.5447,10.5447,590.039,253.0,46,14,0,10.5447,3,AC_BOUND,STATEFUL_FW_CHECK_CORE,WINDOW_LARGE_GAP_AMBIGUOUS,ACTION_FW_VERSION_CHECK_CORE,high,2,high_quality_no_response_with_long_effective_staleness,fw_like;gauge_like,days_eff=590 days_any=590 cyc_eff=253 hq_nr=36 total_nr=46 cens=0 lg_opp=7 opp=73 norm_anom=10.54 conf_p=1 micro_only=False cluster=AC_BOUND,No user-facing action; engineering FW review queued.,"Prioritize BIOS/EC/battery-FW version and update review: 36 high-quality discharge+recharge learning opportunities since the last effective FCC change (590d ago) produced no FCC relearning step (36 high-quality + 10 strict-band no_response confirmations). Candidate, not a confirmed FW fault.",,True,True,False,False,False,False,False,False,0,2026-06-08T10:02:59Z,rolling30-v2.0,30,1,abs_ge_50mWh
MHALE1-PF55QFC9_mhale1,2026-06-01,2026-05-02 23:59:59.999999999,2026-06-01 23:59:59.999999999,571,28.616,0.5,4.836,47.596,24,5,5,0,0,0,0,False,WINDOW_QUALITY_OK,25.0,29.0,4.0,4.193,0.9148,0.1028,0.0852,59.0,100.0,41.0,76.5,97.0,100.0,0.0,0.0,0.9469,0.9238,0.7796,120,157,60,88250.0,88100.0,88100.0,88250.0,150.0,10,0,0.0,,,101.0,100.82,0,0,0,0,0,0,0,0,0,0,0,0,0,0,0,0.0,0,0,0,,0.0,,,0.0,0,0,0,,0.0,,2026-06-01 23:59:59.999999999,2025-04-21 10:47:15,2026-06-01 10:35:43,406.551,True,88340.0,2026-04-07 13:19:11,23.0,55.445,6.0,True,88100.0,2026-06-01 09:05:43,29.0,0.621,0.0,True,16,20.0,True,0,0,0,0,0,0,0,0,0,0,0,0,0,0,0,0,0,0,0.0,0,0.0,-0.0,-0.0,55.445,6.0,0,0,0,-0.0,5,AC_BOUND,STATEFUL_NORMAL_RESPONDING,WINDOW_MICRO_WOBBLE_ONLY,ACTION_NONE,high,9,responding_or_no_concern,micro_wobble,days_eff=55 days_any=1 cyc_eff=6 hq_nr=0 total_nr=0 cens=0 lg_opp=0 opp=0 norm_anom=-0.00 conf_p=1 micro_only=True cluster=AC_BOUND,No action needed.,Responding normally; no concern.,,False,False,True,False,False,False,False,False,0,2026-06-08T10:02:59Z,rolling30-v2.0,30,1,abs_ge_50mWh
MHALE1-PF5CXE0G_mhale1,2025-04-15,2025-03-16 23:59:59.999999999,2025-04-15 23:59:59.999999999,604,29.04,0.5,3.982,54.852,25,5,3,0,0,0,0,False,WINDOW_QUALITY_OK,6.0,8.0,2.0,2.066,0.9531,0.0256,0.0469,18.0,100.0,82.0,94.0,98.0,100.0,0.0,0.0054,0.9732,0.9664,0.8883,36,53,18,52450.0,52420.0,52420.0,52450.0,30.0,2,0,0.0,,,99.9,99.85,0,1,0,0,1,0,0,0,0,0,0,0,0,0,0,0.0,0,0,0,,0.0,,,0.0,0,0,0,,0.0,,2025-04-15 23:59:59.999999999,2025-02-04 10:14:57,2025-04-15 09:51:13,70.573,True,52510.0,2025-02-04 10:14:57,2.0,70.573,6.0,False,52420.0,2025-04-14 16:47:56,8.0,1.3,0.0,True,6,20.0,True,0,0,1,0,0,0,0,0,0,0,0,0,0,0,0,0,1,0,0.0,0,0.0,-0.0,-0.0,70.573,6.0,0,0,0,-0.0,4,MOBILE_DEEP_CYCLE,STATEFUL_WATCH_LARGE_GAP_OR_CENSORED,WINDOW_MICRO_WOBBLE_ONLY,ACTION_MONITOR_NEXT_WINDOW,low,7,large_gap_or_censored_dominant,micro_wobble;large_gap_dominant,days_eff=71 days_any=1 cyc_eff=6 hq_nr=0 total_nr=0 cens=0 lg_opp=1 opp=1 norm_anom=-0.00 conf_p=1 micro_only=True cluster=MOBILE_DEEP_CYCLE,No user-facing action; monitoring.,Ambiguous/weak evidence (70d since effective change); monitor next window.,,False,False,True,True,False,False,False,False,0,2026-06-08T10:02:59Z,rolling30-v2.0,30,1,abs_ge_50mWh
MHALE1-PF62L9EM_mhale1,2026-04-06,2026-03-07 23:59:59.999999999,2026-04-06 23:59:59.999999999,433,28.783,0.5,8.665,53.81,27,5,4,0,0,0,0,False,WINDOW_QUALITY_OK,6.0,8.0,2.0,2.085,0.9135,0.0696,0.0865,73.0,100.0,27.0,86.2,97.0,100.0,0.0,0.0,0.9898,0.9683,0.7931,84,112,42,74940.0,74920.0,74920.0,74940.0,20.0,2,0,0.0,,,99.92,99.89,0,0,0,0,0,0,0,0,0,0,0,0,0,0,0,0.0,0,0,0,,0.0,,,0.0,0,0,0,,0.0,,2026-04-06 23:59:59.999999999,2026-01-22 10:47:58,2026-04-06 15:11:07,74.55,True,75000.0,2026-01-22 10:47:58,1.0,74.55,7.0,False,74920.0,2026-03-26 10:25:45,8.0,11.565,0.0,True,7,20.0,True,0,0,0,0,0,0,0,0,0,0,0,0,0,0,0,0,0,0,0.0,0,0.0,-0.0,-0.0,74.55,7.0,0,0,0,-0.0,5,AC_BOUND,STATEFUL_NORMAL_RESPONDING,WINDOW_MICRO_WOBBLE_ONLY,ACTION_NONE,high,9,responding_or_no_concern,micro_wobble,days_eff=75 days_any=12 cyc_eff=7 hq_nr=0 total_nr=0 cens=0 lg_opp=0 opp=0 norm_anom=-0.00 conf_p=1 micro_only=True cluster=AC_BOUND,No action needed.,Responding normally; no concern.,,False,False,True,False,False,False,False,False,0,2026-06-08T10:02:59Z,rolling30-v2.0,30,1,abs_ge_50mWh
MHALE1-PW0A1P1J_mhale1,2025-01-24,2024-12-25 23:59:59.999999999,2025-01-24 23:59:59.999999999,326,21.83,0.5,5.386,48.458,15,8,4,0,0,0,0,False,WINDOW_QUALITY_OK,40.0,43.0,3.0,4.123,0.8947,0.058,0.1053,22.0,100.0,78.0,62.25,100.0,100.0,0.0,0.0,0.9296,0.9178,0.8323,47,62,24,43400.0,42600.0,42590.0,43400.0,810.0,9,5,640.0,2025-01-23 13:15:18,43.0,94.35,92.61,0,0,0,0,0,0,0,0,0,0,0,0,0,0,0,0.0,0,0,0,,0.0,,,0.0,0,0,0,,0.0,,2025-01-24 23:59:59.999999999,2024-03-15 10:41:08,2025-01-24 10:54:31,315.555,True,42590.0,2025-01-23 13:15:18,43.0,1.448,0.0,True,42600.0,2025-01-23 15:22:27,43.0,1.359,0.0,True,1,10.0,True,0,0,0,0,0,0,0,0,0,0,0,0,0,0,0,0,0,0,0.0,0,0.0,-0.0,-0.0,1.448,0.0,0,0,0,-0.0,5,AC_BOUND,STATEFUL_NORMAL_RESPONDING,WINDOW_NORMAL_RESPONDING,ACTION_NONE,high,9,responding_or_no_concern,micro_wobble,days_eff=1 days_any=1 cyc_eff=0 hq_nr=0 total_nr=0 cens=0 lg_opp=0 opp=0 norm_anom=-0.00 conf_p=1 micro_only=True cluster=AC_BOUND,No action needed.,Responding normally; no concern.,,False,False,True,False,False,False,False,False,0,2026-06-08T10:02:59Z,rolling30-v2.0,30,1,abs_ge_50mWh
MHEIDENFELD-CJ1_mheidenfeldt,2024-10-23,2024-09-23 23:59:59.999999999,2024-10-23 23:59:59.999999999,256,29.509,0.5,10.246,78.721,32,11,4,0,0,0,0,False,WINDOW_QUALITY_OK,9.0,13.0,4.0,4.067,0.4554,0.0574,0.5475,29.0,94.0,65.0,51.0,83.0,94.0,0.0,0.0,0.4783,0.1751,0.0,65,67,32,62150.0,62150.0,62150.0,62150.0,0.0,0,0,0.0,,,107.16,107.16,0,0,0,0,0,0,0,0,0,0,0,0,0,0,0,0.0,0,0,0,,0.0,,,0.0,0,0,0,,0.0,,2024-10-23 23:59:59.999999999,2024-08-06 07:58:30,2024-10-23 15:13:30,78.668,True,62150.0,2024-08-06 07:58:30,2.0,78.668,11.0,False,62150.0,2024-08-06 07:58:30,2.0,78.668,11.0,False,0,0.0,False,0,0,1,0,0,0,0,0,0,1,0,0,0,0,0,0,1,0,0.0,0,0.0,-0.0,-0.0,78.668,11.0,0,0,0,-0.0,2,MOBILE_DEEP_CYCLE,STATEFUL_WATCH_LARGE_GAP_OR_CENSORED,WINDOW_INSUFFICIENT_LEARNING_OPPORTUNITY,ACTION_MONITOR_NEXT_WINDOW,low,7,large_gap_or_censored_dominant,large_gap_dominant,days_eff=79 days_any=79 cyc_eff=11 hq_nr=0 total_nr=0 cens=0 lg_opp=1 opp=2 norm_anom=-0.00 conf_p=1 micro_only=False cluster=MOBILE_DEEP_CYCLE,No user-facing action; monitoring.,Ambiguous/weak evidence (78d since effective change); monitor next window.,,False,False,False,True,False,False,False,False,0,2026-06-08T10:02:59Z,rolling30-v2.0,30,1,abs_ge_50mWh
MHEIDENFELD-XSD_mheidenfeldt,2026-04-13,2026-03-14 23:59:59.999999999,2026-04-13 23:59:59.999999999,432,28.634,0.5,7.024,62.93,25,7,4,0,0,0,0,False,WINDOW_QUALITY_OK,59.0,68.0,9.0,9.429,0.4856,0.1741,0.5144,29.0,100.0,71.0,59.1,96.0,100.0,0.0,0.0,0.7858,0.6387,0.5151,93,135,47,55070.0,54960.0,54960.0,55070.0,110.0,9,0,0.0,,,94.95,94.76,0,0,0,0,0,0,0,0,0,0,0,0,0,0,0,0.0,0,0,0,,0.0,,,0.0,0,0,0,,0.0,,2026-04-13 23:59:59.999999999,2025-02-24 15:16:36,2026-04-13 22:01:06,413.363,True,55110.0,2026-02-16 07:58:24,55.0,56.668,13.0,True,54960.0,2026-04-09 13:00:58,68.0,4.458,0.0,True,13,20.0,True,0,0,0,0,0,0,0,0,0,0,0,0,0,0,0,0,0,0,0.0,0,0.0,-0.0,-0.0,56.668,13.0,0,0,0,-0.0,5,AC_BOUND,STATEFUL_NORMAL_RESPONDING,WINDOW_MICRO_WOBBLE_ONLY,ACTION_NONE,high,9,responding_or_no_concern,micro_wobble,days_eff=57 days_any=4 cyc_eff=13 hq_nr=0 total_nr=0 cens=0 lg_opp=0 opp=0 norm_anom=-0.00 conf_p=1 micro_only=True cluster=AC_BOUND,No action needed.,Responding normally; no concern.,,False,False,True,False,False,False,False,False,0,2026-06-08T10:02:59Z,rolling30-v2.0,30,1,abs_ge_50mWh
MIT_mpatel13,2026-05-26,2026-04-26 23:59:59.999999999,2026-05-26 23:59:59.999999999,473,29.277,0.5,9.334,47.515,30,13,4,0,0,0,0,False,WINDOW_QUALITY_OK,120.0,132.0,12.0,12.296,0.5208,0.1666,0.4792,2.0,100.0,98.0,21.0,99.0,100.0,0.02,0.0507,0.7351,0.5922,0.5271,88,119,44,52200.0,50760.0,50560.0,53460.0,2900.0,19,7,2340.0,2026-05-25 09:31:51,131.0,91.58,89.05,0,5,0,0,5,0,3,0,0,3,0,3,0,0,3,0.0,0,0,0,,0.0,,,0.0,0,0,0,,0.0,,2026-05-26 23:59:59.999999999,2025-05-27 14:42:24,2026-05-26 14:41:47,364.387,True,50770.0,2026-05-25 09:31:51,131.0,1.603,1.0,True,50760.0,2026-05-25 16:42:01,132.0,1.304,0.0,True,1,10.0,True,0,0,1,0,0,0,0,0,0,1,0,0,0,0,0,0,1,0,0.0,0,0.0,-0.0,-0.0,1.603,1.0,0,0,0,-0.0,4,MOBILE_DEEP_CYCLE,STATEFUL_WATCH_LARGE_GAP_OR_CENSORED,WINDOW_NORMAL_RESPONDING,ACTION_MONITOR_NEXT_WINDOW,low,7,large_gap_or_censored_dominant,micro_wobble;large_gap_dominant,days_eff=2 days_any=1 cyc_eff=1 hq_nr=0 total_nr=0 cens=0 lg_opp=1 opp=2 norm_anom=-0.00 conf_p=1 micro_only=True cluster=MOBILE_DEEP_CYCLE,No user-facing action; monitoring.,Ambiguous/weak evidence (1d since effective change); monitor next window.,,False,False,True,True,False,False,False,False,0,2026-06-08T10:02:59Z,rolling30-v2.0,30,1,abs_ge_50mWh
MKITAMURA-N0XRP_mkitamura,2024-04-10,2024-03-11 23:59:59.999999999,2024-04-10 23:59:59.999999999,725,29.249,0.5,1.876,41.089,28,17,2,0,0,0,0,False,WINDOW_QUALITY_OK,286.0,298.0,12.0,12.308,0.7028,0.1467,0.2972,12.0,100.0,88.0,55.0,100.0,100.0,0.0,0.0014,0.8551,0.8139,0.7259,167,227,84,49650.0,49360.0,48770.0,49650.0,880.0,34,16,850.0,2024-04-09 20:05:29,297.0,87.11,86.6,0,1,0,0,1,0,1,0,0,1,0,0,0,0,0,0.0,0,0,0,,0.0,,,0.0,0,0,0,,0.0,,2024-04-10 23:59:59.999999999,2023-02-03 12:48:21,2024-04-10 13:40:09,432.466,True,49360.0,2024-04-09 20:05:29,297.0,1.163,1.0,True,49360.0,2024-04-09 20:05:29,297.0,1.163,1.0,True,0,0.0,False,0,0,0,0,0,0,0,0,0,0,0,0,0,0,0,0,0,0,0.0,0,0.0,-0.0,-0.0,1.163,1.0,0,0,0,-0.0,4,MOBILE_DEEP_CYCLE,STATEFUL_NORMAL_RESPONDING,WINDOW_NORMAL_RESPONDING,ACTION_NONE,high,9,responding_or_no_concern,,days_eff=1 days_any=1 cyc_eff=1 hq_nr=0 total_nr=0 cens=0 lg_opp=0 opp=0 norm_anom=-0.00 conf_p=1 micro_only=False cluster=MOBILE_DEEP_CYCLE,No action needed.,Responding normally; no concern.,,False,False,False,False,False,False,False,False,0,2026-06-08T10:02:59Z,rolling30-v2.0,30,1,abs_ge_50mWh
MKOZO-PF3W9L3K_mkozo,2026-05-29,2026-04-29 23:59:59.999999999,2026-05-29 23:59:59.999999999,195,27.249,0.5,5.12,227.432,9,7,7,0,0,0,0,False,WINDOW_QUALITY_OK,220.0,224.0,4.0,4.404,0.9075,0.2269,0.0925,17.0,100.0,83.0,41.1,98.0,100.0,0.0,0.0037,0.7977,0.7811,0.6092,25,42,13,48240.0,48510.0,47730.0,48560.0,830.0,8,7,760.0,2026-05-28 16:35:24,224.0,84.63,85.11,0,1,0,0,1,0,0,0,0,0,0,0,0,0,0,0.0,0,0,0,,0.0,,,0.0,0,0,0,,0.0,,2026-05-29 23:59:59.999999999,2023-02-07 17:11:25,2026-05-29 01:54:04,1207.284,True,48510.0,2026-05-28 16:35:24,224.0,1.309,0.0,True,48510.0,2026-05-28 16:35:24,224.0,1.309,0.0,True,0,0.0,False,0,0,0,0,0,0,0,0,0,0,0,0,0,0,0,0,0,0,0.0,0,0.0,-0.0,-0.0,1.309,0.0,0,0,0,-0.0,4,MOBILE_DEEP_CYCLE,STATEFUL_NORMAL_RESPONDING,WINDOW_NORMAL_RESPONDING,ACTION_NONE,high,9,responding_or_no_concern,,days_eff=1 days_any=1 cyc_eff=0 hq_nr=0 total_nr=0 cens=0 lg_opp=0 opp=0 norm_anom=-0.00 conf_p=1 micro_only=False cluster=MOBILE_DEEP_CYCLE,No action needed.,Responding normally; no concern.,,False,False,False,False,False,False,False,False,0,2026-06-08T10:02:59Z,rolling30-v2.0,30,1,abs_ge_50mWh
MKRYNOCK-67L6RD_mkrynock,2026-06-01,2026-05-02 23:59:59.999999999,2026-06-01 23:59:59.999999999,259,20.143,0.5,10.965,41.687,21,11,3,0,0,0,0,False,WINDOW_QUALITY_OK,1.0,5.0,4.0,5.957,0.6022,0.1865,0.3978,43.0,100.0,57.0,61.0,96.0,100.0,0.0,0.0,0.8036,0.6936,0.5299,77,91,39,75010.0,74990.0,74990.0,75010.0,20.0,2,0,0.0,,,100.01,99.99,0,0,0,0,0,0,0,0,0,0,0,0,0,0,0,0.0,0,0,0,,0.0,,,0.0,0,0,0,,0.0,,2026-06-01 23:59:59.999999999,2026-05-12 13:20:59,2026-06-01 16:47:35,20.444,False,75010.0,2026-05-12 13:20:59,1.0,20.444,4.0,False,74990.0,2026-05-29 16:38:25,5.0,3.307,0.0,False,2,10.0,True,0,0,0,0,0,0,0,0,0,0,0,0,0,0,0,0,0,0,0.0,0,0.0,-0.0,-0.0,20.444,4.0,0,0,0,-0.0,5,AC_BOUND,STATEFUL_REVIEW_DATA_QUALITY,WINDOW_MICRO_WOBBLE_ONLY,ACTION_COLLECT_MORE_DATA_OR_MANUAL_REVIEW,low,1,data_quality_or_history_review,micro_wobble,days_eff=20 days_any=3 cyc_eff=4 hq_nr=0 total_nr=0 cens=0 lg_opp=0 opp=0 norm_anom=-0.00 conf_p=1 micro_only=True cluster=AC_BOUND,No user-facing action; collecting more data.,Data-quality/history review outranks action (would_have_been=NONE). Collect more data or manual review.,NONE,False,False,True,False,False,True,False,False,0,2026-06-08T10:02:59Z,rolling30-v2.0,30,1,abs_ge_50mWh
MMERCHANT-H0CAW_mmerchant,2026-05-27,2026-04-27 23:59:59.999999999,2026-05-27 23:59:59.999999999,356,29.254,0.5,16.545,65.113,24,23,4,0,0,0,0,False,WINDOW_QUALITY_OK,177.0,197.0,20.0,20.51,0.2809,0.2074,0.7191,5.0,100.0,95.0,15.5,56.0,100.0,0.0102,0.0439,0.2771,0.1711,0.1052,77,102,39,53380.0,50780.0,50320.0,53380.0,3060.0,23,3,2580.0,2026-05-20 17:01:34,194.0,92.03,87.55,0,12,0,0,12,0,8,0,0,8,0,6,0,0,6,0.0,0,0,0,,0.0,,,0.0,0,0,0,,0.0,,2026-05-27 23:59:59.999999999,2025-04-30 15:14:27,2026-05-27 15:44:42,392.365,True,50820.0,2026-05-20 17:01:34,194.0,7.291,3.0,True,50780.0,2026-05-26 15:53:54,197.0,1.338,0.0,True,3,20.0,True,0,0,1,0,0,0,0,0,0,1,0,0,0,0,0,0,1,0,0.0,0,0.0,-0.0,-0.0,7.291,3.0,0,0,0,-0.0,4,MOBILE_DEEP_CYCLE,STATEFUL_WATCH_LARGE_GAP_OR_CENSORED,WINDOW_NORMAL_RESPONDING,ACTION_MONITOR_NEXT_WINDOW,low,7,large_gap_or_censored_dominant,micro_wobble;large_gap_dominant,days_eff=7 days_any=1 cyc_eff=3 hq_nr=0 total_nr=0 cens=0 lg_opp=1 opp=2 norm_anom=-0.00 conf_p=1 micro_only=True cluster=MOBILE_DEEP_CYCLE,No user-facing action; monitoring.,Ambiguous/weak evidence (7d since effective change); monitor next window.,,False,False,True,True,False,False,False,False,0,2026-06-08T10:02:59Z,rolling30-v2.0,30,1,abs_ge_50mWh
MMISTURIK-CXCF3_mmisturik,2024-10-16,2024-09-16 23:59:59.999999999,2024-10-16 23:59:59.999999999,517,29.318,0.5,8.651,52.064,30,18,3,0,0,0,0,False,WINDOW_QUALITY_OK,6.0,18.0,12.0,12.279,0.47,0.1679,0.5372,22.0,100.0,78.0,39.0,89.0,100.0,0.0,0.0,0.6135,0.4894,0.3752,83,102,42,58460.0,58320.0,58320.0,58460.0,140.0,12,0,0.0,,,100.79,100.55,0,0,0,0,0,0,0,0,0,0,0,0,0,0,0,0.0,0,0,0,,0.0,,,0.0,0,0,0,,0.0,,2024-10-16 23:59:59.999999999,2024-08-26 10:05:14,2024-10-16 16:05:24,51.58,False,58460.0,2024-09-16 13:58:58,6.0,30.417,12.0,False,58320.0,2024-10-15 13:13:44,18.0,1.449,0.0,False,12,20.0,True,0,0,0,0,0,0,0,0,0,0,0,0,0,0,0,0,0,0,0.0,0,0.0,-0.0,-0.0,30.417,12.0,0,0,0,-0.0,4,MOBILE_DEEP_CYCLE,STATEFUL_REVIEW_DATA_QUALITY,WINDOW_MICRO_WOBBLE_ONLY,ACTION_COLLECT_MORE_DATA_OR_MANUAL_REVIEW,low,1,data_quality_or_history_review,micro_wobble,days_eff=30 days_any=1 cyc_eff=12 hq_nr=0 total_nr=0 cens=0 lg_opp=0 opp=0 norm_anom=-0.00 conf_p=1 micro_only=True cluster=MOBILE_DEEP_CYCLE,No user-facing action; collecting more data.,Data-quality/history review outranks action (would_have_been=NONE). Collect more data or manual review.,NONE,False,False,True,False,False,True,False,False,0,2026-06-08T10:02:59Z,rolling30-v2.0,30,1,abs_ge_50mWh
MNAKABAYASH-XPZ_mnakabayashi1,2026-05-27,2026-04-27 23:59:59.999999999,2026-05-27 23:59:59.999999999,111,9.26,0.5,13.829,61.768,7,7,2,0,0,0,0,False,WINDOW_QUALITY_OK,187.0,188.0,1.0,3.24,0.8932,0.1328,0.1068,2.0,100.0,98.0,33.5,99.0,100.0,0.0383,0.046,0.8744,0.8596,0.8366,10,13,5,51880.0,51880.0,51880.0,51880.0,0.0,0,0,0.0,,,90.94,90.94,0,1,0,0,1,0,1,0,0,1,0,1,0,0,1,0.0,0,0,0,,0.0,,,0.0,0,0,0,,0.0,,2026-05-27 23:59:59.999999999,2023-07-04 16:26:51,2026-05-27 14:45:46,1058.315,True,51880.0,2024-03-21 13:33:25,91.0,797.435,97.0,False,51880.0,2024-03-21 13:33:25,91.0,797.435,97.0,False,0,0.0,False,0,4,23,0,4,4,0,0,0,8,0,0,0,0,0,0,23,0,1.3274,0,-1.61714,0.7023,0.7023,797.435,97.0,4,0,0,0.7023,4,MOBILE_DEEP_CYCLE,STATEFUL_FW_WATCH_HIGH_ANOMALY,WINDOW_LARGE_GAP_AMBIGUOUS,ACTION_FW_ENGINEERING_REVIEW,medium,4,fw_like_no_response_core_requirement_short,fw_like;large_gap_dominant,days_eff=797 days_any=797 cyc_eff=97 hq_nr=0 total_nr=4 cens=0 lg_opp=23 opp=35 norm_anom=0.70 conf_p=1 micro_only=False cluster=MOBILE_DEEP_CYCLE,No user-facing action; monitoring.,"FW-like no-response signal but a core requirement is short (staleness/cycles/quality). Monitor and add to FW engineering queue. normative anomaly 0.70, 4 no_response since last effective change (797d ago).",,True,False,False,True,False,False,False,False,0,2026-06-08T10:02:59Z,rolling30-v2.0,30,1,abs_ge_50mWh
MNAKATA1-3Y659D_mnakata1,2025-11-14,2025-10-15 23:59:59.999999999,2025-11-14 23:59:59.999999999,187,14.025,0.5,0.5,247.035,1,1,1,0,0,0,0,False,WINDOW_QUALITY_OK,154.0,154.0,0.0,0.0,0.9731,0.0124,0.0269,4.0,100.0,96.0,100.0,100.0,100.0,0.0,0.0,1.0,1.0,1.0,4,5,2,45910.0,45910.0,45910.0,45910.0,0.0,0,0,0.0,,,80.54,80.54,0,0,0,0,0,0,0,0,0,0,0,0,0,0,0,0.0,0,0,0,,0.0,,,0.0,0,0,0,,0.0,,2025-11-14 23:59:59.999999999,2023-02-03 09:33:37,2025-11-14 18:10:20,1015.602,True,46090.0,2025-01-05 23:43:19,146.0,313.012,8.0,False,45910.0,2025-10-08 15:41:27,154.0,37.346,0.0,True,8,30.0,True,0,0,3,0,0,0,0,0,0,1,0,0,0,0,0,0,3,0,0.0,0,0.0,-0.0,-0.0,313.012,8.0,0,0,0,-0.0,5,AC_BOUND,STATEFUL_GAUGE_SOFT_CALIBRATION_EFFECTIVE_ONLY,WINDOW_INSUFFICIENT_LEARNING_OPPORTUNITY,ACTION_SOFT_CALIBRATION_PROMPT,medium,5,micro_wobble_only_no_effective_relearn,gauge_like;micro_wobble;large_gap_dominant,days_eff=313 days_any=37 cyc_eff=8 hq_nr=0 total_nr=0 cens=0 lg_opp=3 opp=4 norm_anom=-0.00 conf_p=1 micro_only=True cluster=AC_BOUND,A full charge/discharge cycle may help the gauge recalibrate (low priority).,Soft calibration prompt: micro-wobbles present but no meaningful FCC relearning step under the effective threshold for 313d. Not a hard gauge reset target.,,False,True,True,True,False,False,False,False,0,2026-06-08T10:02:59Z,rolling30-v2.0,30,1,abs_ge_50mWh
MNISHIO1-2DR71T_mnishio1,2025-10-24,2025-09-24 23:59:59.999999999,2025-10-24 23:59:59.999999999,44,9.979,0.284,2.137,179.984,2,2,2,0,0,0,0,False,WINDOW_QUALITY_OK,27.0,29.0,2.0,6.013,0.5327,0.3224,0.3782,0.0,100.0,100.0,1.0,78.5,100.0,0.0287,0.076,0.644,0.2965,0.2731,8,10,4,56980.0,56980.0,56980.0,56980.0,0.0,0,0,0.0,,,99.96,99.96,0,2,0,0,2,0,2,0,0,2,0,2,0,0,2,0.0,0,0,0,,0.0,,,0.0,0,0,0,,0.0,,2025-10-24 23:59:59.999999999,2023-02-02 20:49:03,2025-10-24 14:06:46,995.133,True,56980.0,2024-06-13 22:08:59,24.0,498.077,5.0,False,56980.0,2024-06-13 22:08:59,24.0,498.077,5.0,False,0,0.0,False,0,0,4,0,0,0,0,0,0,4,0,0,0,0,0,0,4,0,0.0,0,0.0,-0.0,-0.0,498.077,5.0,0,0,0,-0.0,0,MOBILE_DEEP_CYCLE,STATEFUL_WATCH_LARGE_GAP_OR_CENSORED,WINDOW_LARGE_GAP_AMBIGUOUS,ACTION_MONITOR_NEXT_WINDOW,low,7,large_gap_or_censored_dominant,large_gap_dominant,days_eff=498 days_any=498 cyc_eff=5 hq_nr=0 total_nr=0 cens=0 lg_opp=4 opp=8 norm_anom=-0.00 conf_p=1 micro_only=False cluster=MOBILE_DEEP_CYCLE,No user-facing action; monitoring.,Ambiguous/weak evidence (498d since effective change); monitor next window.,,False,False,False,True,False,False,False,False,0,2026-06-08T10:02:59Z,rolling30-v2.0,30,1,abs_ge_50mWh
MNISHIO1-43AFSK_Debug,2024-07-24,2024-06-24 23:59:59.999999999,2024-07-24 23:59:59.999999999,454,29.1,0.5,7.125,59.928,24,13,5,0,0,0,0,False,WINDOW_QUALITY_OK,227.0,242.0,15.0,15.464,0.504,0.1964,0.496,2.0,100.0,98.0,16.65,85.5,100.0,0.0378,0.0681,0.5475,0.4345,0.3556,114,149,57,48210.0,48210.0,48210.0,48210.0,0.0,0,0,0.0,,,84.5,84.5,1,4,1,0,5,0,2,0,0,2,0,2,0,0,2,0.4303,0,1,1,0.569677,0.2444,0.74929,0.76293,0.08,0,1,1,0.92,0.0362,0.92611,2024-07-24 23:59:59.999999999,2023-02-06 18:29:29,2024-07-24 10:57:53,534.23,True,48210.0,2024-06-24 21:41:10,227.0,30.096,15.0,True,48210.0,2024-06-24 21:41:10,227.0,30.096,15.0,True,0,0.0,False,1,0,4,1,0,1,0,0,0,2,0,0,0,0,1,0,4,0,0.4303,0,-0.56269,0.2444,0.2444,30.096,15.0,1,0,0,0.2444,4,MOBILE_DEEP_CYCLE,STATEFUL_WATCH_LARGE_GAP_OR_CENSORED,WINDOW_OPPORTUNITY_NO_RESPONSE,ACTION_MONITOR_NEXT_WINDOW,low,7,large_gap_or_censored_dominant,fw_like;large_gap_dominant,days_eff=30 days_any=30 cyc_eff=15 hq_nr=1 total_nr=1 cens=0 lg_opp=4 opp=7 norm_anom=0.24 conf_p=0.749 micro_only=False cluster=MOBILE_DEEP_CYCLE,No user-facing action; monitoring.,Ambiguous/weak evidence (30d since effective change); monitor next window.,,True,False,False,True,False,False,False,False,1,2026-06-08T10:02:59Z,rolling30-v2.0,30,1,abs_ge_50mWh
MNISHIO1-43AFSK_mnishio1,2025-09-12,2025-08-13 23:59:59.999999999,2025-09-12 23:59:59.999999999,201,14.018,0.5,0.5,240.102,1,1,1,0,0,0,0,False,WINDOW_QUALITY_OK,259.0,261.0,2.0,4.28,0.9821,0.0433,0.0179,6.0,100.0,94.0,50.0,100.0,100.0,0.0032,0.0043,0.9492,0.9492,0.9441,4,6,2,48650.0,48650.0,48650.0,48650.0,0.0,0,0,0.0,,,85.28,85.28,0,1,0,0,1,0,1,0,0,1,0,1,0,0,1,0.0,0,0,0,,0.0,,,0.0,0,0,0,,0.0,,2025-09-12 23:59:59.999999999,2023-02-06 18:29:29,2025-09-12 13:25:28,949.23,True,48650.0,2025-08-01 23:49:33,258.0,42.007,3.0,True,48650.0,2025-08-01 23:49:33,258.0,42.007,3.0,True,0,0.0,False,0,0,2,0,0,0,0,0,0,2,0,0,0,0,0,0,2,0,0.0,0,0.0,-0.0,-0.0,42.007,3.0,0,0,0,-0.0,3,AC_BOUND,STATEFUL_WATCH_LARGE_GAP_OR_CENSORED,WINDOW_LARGE_GAP_AMBIGUOUS,ACTION_MONITOR_NEXT_WINDOW,low,7,large_gap_or_censored_dominant,large_gap_dominant,days_eff=42 days_any=42 cyc_eff=3 hq_nr=0 total_nr=0 cens=0 lg_opp=2 opp=4 norm_anom=-0.00 conf_p=1 micro_only=False cluster=AC_BOUND,No user-facing action; monitoring.,Ambiguous/weak evidence (42d since effective change); monitor next window.,,False,False,False,True,False,False,False,False,0,2026-06-08T10:02:59Z,rolling30-v2.0,30,1,abs_ge_50mWh
MNISHIO1X121QM6_mnishio1,2024-08-20,2024-07-21 23:59:59.999999999,2024-08-20 23:59:59.999999999,27,19.106,0.498,67.644,286.599,5,4,3,0,0,0,0,False,WINDOW_QUALITY_SPARSE,276.0,278.0,2.0,3.14,0.2799,0.242,0.7201,30.0,100.0,70.0,31.5,75.0,100.0,0.0,0.0,0.1405,0.1215,0.0769,6,8,3,39220.0,39460.0,39220.0,39460.0,240.0,2,2,130.0,2024-08-02 11:08:30,278.0,81.37,81.87,0,0,0,0,0,0,0,0,0,0,0,0,0,0,0,0.0,0,0,0,,0.0,,,0.0,0,0,0,,0.0,,2024-08-20 23:59:59.999999999,2023-02-27 14:24:21,2024-08-20 15:28:14,540.4,True,39460.0,2024-08-02 11:08:30,278.0,18.536,0.0,True,39460.0,2024-08-02 11:08:30,278.0,18.536,0.0,True,0,0.0,False,0,0,0,0,0,0,0,0,0,0,0,0,0,0,0,0,0,0,0.0,0,0.0,-0.0,-0.0,18.536,0.0,0,0,0,-0.0,-1,SPARSE_OR_GAPPY,STATEFUL_REVIEW_DATA_QUALITY,WINDOW_DATA_QUALITY_REVIEW,ACTION_COLLECT_MORE_DATA_OR_MANUAL_REVIEW,low,1,data_quality_or_history_review,,days_eff=19 days_any=19 cyc_eff=0 hq_nr=0 total_nr=0 cens=0 lg_opp=0 opp=0 norm_anom=-0.00 conf_p=1 micro_only=False cluster=SPARSE_OR_GAPPY,No user-facing action; collecting more data.,Data-quality/history review outranks action (would_have_been=NONE). Collect more data or manual review.,NONE,False,False,False,False,False,False,True,False,0,2026-06-08T10:02:59Z,rolling30-v2.0,30,1,abs_ge_50mWh
MOBILEPE-4HM087_MobilePE,2024-10-07,2024-09-07 23:59:59.999999999,2024-10-07 23:59:59.999999999,1843,29.554,0.495,0.509,44.192,2,2,1,0,0,0,0,False,WINDOW_QUALITY_OK,20.0,70.0,50.0,50.754,0.9945,0.2333,0.2372,2.0,100.0,98.0,81.0,96.0,100.0,0.0031,0.0031,0.9665,0.7141,0.538,14,378,143,54370.0,54370.0,54370.0,54370.0,0.0,0,0,0.0,,,95.39,95.39,0,1,0,0,1,0,1,0,0,1,0,1,0,0,1,0.0,0,0,0,,0.0,,,0.0,0,0,0,,0.0,,2024-10-07 23:59:59.999999999,2024-07-22 07:41:48,2024-10-07 13:41:59,77.679,True,54370.0,2024-07-22 07:41:48,16.0,77.679,54.0,False,54370.0,2024-07-22 07:41:48,16.0,77.679,54.0,False,0,0.0,False,0,0,1,0,0,0,0,0,0,1,0,0,0,0,0,0,1,0,0.0,0,0.0,-0.0,-0.0,77.679,54.0,0,0,0,-0.0,1,AC_BOUND,STATEFUL_WATCH_LARGE_GAP_OR_CENSORED,WINDOW_LARGE_GAP_AMBIGUOUS,ACTION_MONITOR_NEXT_WINDOW,low,7,large_gap_or_censored_dominant,large_gap_dominant,days_eff=78 days_any=78 cyc_eff=54 hq_nr=0 total_nr=0 cens=0 lg_opp=1 opp=2 norm_anom=-0.00 conf_p=1 micro_only=False cluster=AC_BOUND,No user-facing action; monitoring.,Ambiguous/weak evidence (77d since effective change); monitor next window.,,False,False,False,True,False,False,False,False,0,2026-06-08T10:02:59Z,rolling30-v2.0,30,1,abs_ge_50mWh
MOBILEPE-4N8HJ9_MobilePE,2024-10-09,2024-09-09 23:59:59.999999999,2024-10-09 23:59:59.999999999,1468,29.751,0.5,0.524,70.421,6,6,1,0,0,0,0,False,WINDOW_QUALITY_OK,11.0,56.0,45.0,45.377,0.958,0.3543,0.2801,0.0,100.0,100.0,74.0,88.0,100.0,0.0033,0.008,0.9095,0.5512,0.4538,34,445,196,56780.0,56080.0,55550.0,57000.0,1450.0,79,36,790.0,2024-10-09 17:33:28,56.0,99.61,98.39,1,3,0,0,4,0,2,0,0,2,0,2,0,0,2,0.3841,1,0,1,0.615917,0.2105,0.86181,0.88065,0.6496,1,0,1,0.350394,0.4554,0.33994,2024-10-09 23:59:59.999999999,2024-07-24 06:26:03,2024-10-09 18:13:09,77.732,True,56050.0,2024-10-09 17:33:28,56.0,0.268,0.0,True,56080.0,2024-10-09 18:13:09,56.0,0.241,0.0,True,1,30.0,True,0,0,0,0,0,0,0,0,0,0,0,0,0,0,0,0,0,0,0.0,0,0.0,-0.0,-0.0,0.268,0.0,0,0,0,-0.0,1,AC_BOUND,STATEFUL_WATCH_LOW_EVIDENCE,WINDOW_NORMAL_RESPONDING,ACTION_MONITOR_NEXT_WINDOW,low,8,weak_partial_evidence,micro_wobble,days_eff=0 days_any=0 cyc_eff=0 hq_nr=0 total_nr=0 cens=0 lg_opp=0 opp=0 norm_anom=-0.00 conf_p=0.862 micro_only=True cluster=AC_BOUND,No user-facing action; monitoring.,Ambiguous/weak evidence (0d since effective change); monitor next window.,,False,False,True,False,False,False,False,False,0,2026-06-08T10:02:59Z,rolling30-v2.0,30,1,abs_ge_50mWh
MORISAN-F291M86_morisan,2026-05-08,2026-04-08 23:59:59.999999999,2026-05-08 23:59:59.999999999,94,29.407,0.5,26.906,154.21,24,11,5,0,0,0,0,False,WINDOW_QUALITY_SPARSE,57.0,58.0,1.0,1.02,0.9435,0.0283,0.0565,74.0,100.0,26.0,88.75,96.0,100.0,0.0,0.0,0.9436,0.9436,0.7564,4,5,2,48210.0,48220.0,48210.0,48290.0,80.0,4,2,80.0,2026-05-04 23:29:14,58.0,95.56,95.58,0,0,0,0,0,0,0,0,0,0,0,0,0,0,0,0.0,0,0,0,,0.0,,,0.0,0,0,0,,0.0,,2026-05-08 23:59:59.999999999,2023-02-10 09:08:38,2026-05-08 17:14:18,1183.619,True,48220.0,2026-05-04 23:29:14,58.0,4.021,0.0,True,48220.0,2026-05-04 23:29:14,58.0,4.021,0.0,True,0,0.0,False,0,0,0,0,0,0,0,0,0,0,0,0,0,0,0,0,0,0,0.0,0,0.0,-0.0,-0.0,4.021,0.0,0,0,0,-0.0,-1,SPARSE_OR_GAPPY,STATEFUL_REVIEW_DATA_QUALITY,WINDOW_DATA_QUALITY_REVIEW,ACTION_COLLECT_MORE_DATA_OR_MANUAL_REVIEW,low,1,data_quality_or_history_review,,days_eff=4 days_any=4 cyc_eff=0 hq_nr=0 total_nr=0 cens=0 lg_opp=0 opp=0 norm_anom=-0.00 conf_p=1 micro_only=False cluster=SPARSE_OR_GAPPY,No user-facing action; collecting more data.,Data-quality/history review outranks action (would_have_been=NONE). Collect more data or manual review.,NONE,False,False,False,False,False,False,True,False,0,2026-06-08T10:02:59Z,rolling30-v2.0,30,1,abs_ge_50mWh
MOTO-T14S-Q_motty,2024-08-20,2024-07-21 23:59:59.999999999,2024-08-20 23:59:59.999999999,162,24.35,0.486,8.197,283.949,16,4,3,0,0,0,0,False,WINDOW_QUALITY_OK,10.0,14.0,4.0,4.928,0.4737,0.2371,0.5269,0.0,100.0,100.0,37.1,92.0,100.0,0.0031,0.0031,0.7248,0.5365,0.3706,59,66,30,57960.0,57910.0,57910.0,57960.0,50.0,4,0,0.0,,,99.93,99.84,0,1,0,0,1,0,1,0,0,1,0,1,0,0,1,0.0,0,0,0,,0.0,,,0.0,0,0,0,,0.0,,2024-08-20 23:59:59.999999999,2024-06-05 09:06:08,2024-08-20 21:46:55,76.621,True,58020.0,2024-06-05 09:06:08,5.0,76.621,9.0,False,57910.0,2024-08-07 21:53:11,14.0,13.088,0.0,True,9,20.0,True,0,0,1,0,0,0,0,0,0,1,0,0,0,0,0,0,1,0,0.0,0,0.0,-0.0,-0.0,76.621,9.0,0,0,0,-0.0,4,MOBILE_DEEP_CYCLE,STATEFUL_WATCH_LARGE_GAP_OR_CENSORED,WINDOW_MICRO_WOBBLE_ONLY,ACTION_MONITOR_NEXT_WINDOW,low,7,large_gap_or_censored_dominant,micro_wobble;large_gap_dominant,days_eff=77 days_any=13 cyc_eff=9 hq_nr=0 total_nr=0 cens=0 lg_opp=1 opp=2 norm_anom=-0.00 conf_p=1 micro_only=True cluster=MOBILE_DEEP_CYCLE,No user-facing action; monitoring.,Ambiguous/weak evidence (76d since effective change); monitor next window.,,False,False,True,True,False,False,False,False,0,2026-06-08T10:02:59Z,rolling30-v2.0,30,1,abs_ge_50mWh
MOTO-X1C_motty,2026-04-22,2026-03-23 23:59:59.999999999,2026-04-22 23:59:59.999999999,642,29.353,0.5,3.951,69.654,26,8,3,0,2,0,0,True,WINDOW_QUALITY_COUNTER_RESET,31.0,46.0,15.0,15.331,0.5628,0.2094,0.4372,24.0,100.0,76.0,52.0,96.0,100.0,0.0,0.0,0.7168,0.5889,0.4844,190,234,95,58850.0,58680.0,58680.0,58850.0,170.0,18,0,0.0,,,101.47,101.17,0,0,0,0,0,0,0,0,0,0,0,0,0,0,0,0.0,0,0,0,,0.0,,,0.0,0,0,0,,0.0,,2026-04-22 23:59:59.999999999,2025-12-26 16:19:44,2026-04-22 17:27:29,117.32,True,59010.0,2026-02-14 18:18:46,17.0,67.237,29.0,False,58680.0,2026-04-22 17:06:00,46.0,0.287,0.0,True,32,30.0,True,0,0,2,0,0,0,0,0,0,0,0,0,0,0,0,0,2,0,0.0,0,0.0,-0.0,-0.0,67.237,29.0,0,0,0,-0.0,-1,SPARSE_OR_GAPPY,STATEFUL_REVIEW_DATA_QUALITY,WINDOW_DATA_QUALITY_REVIEW,ACTION_COLLECT_MORE_DATA_OR_MANUAL_REVIEW,low,1,data_quality_or_history_review,micro_wobble;large_gap_dominant,days_eff=67 days_any=0 cyc_eff=29 hq_nr=0 total_nr=0 cens=0 lg_opp=2 opp=2 norm_anom=-0.00 conf_p=1 micro_only=True cluster=SPARSE_OR_GAPPY,No user-facing action; collecting more data.,Data-quality/history review outranks action (would_have_been=NONE). Collect more data or manual review.,NONE,False,False,True,True,False,False,True,False,0,2026-06-08T10:02:59Z,rolling30-v2.0,30,1,abs_ge_50mWh
MOTO_AURA,2025-12-25,2025-11-25 23:59:59.999999999,2025-12-25 23:59:59.999999999,16,14.965,0.354,110.127,347.511,2,1,1,0,0,0,0,False,WINDOW_QUALITY_SHORT_OBS,14.0,15.0,1.0,2.005,0.4485,0.4485,0.5515,6.0,100.0,94.0,6.75,19.0,100.0,0.019,0.4203,0.5797,0.2753,0.2753,4,4,2,54990.0,55520.0,54980.0,55520.0,540.0,2,1,540.0,2025-12-10 16:13:09,15.0,99.8,100.76,0,1,0,0,1,0,1,0,0,1,0,1,0,0,1,0.0,0,0,0,,0.0,,,0.0,0,0,0,,0.0,,2025-12-25 23:59:59.999999999,2024-11-05 09:29:17,2025-12-25 12:19:52,415.605,True,55520.0,2025-12-10 16:13:09,15.0,15.324,0.0,True,55520.0,2025-12-10 16:13:09,15.0,15.324,0.0,True,0,0.0,False,0,0,0,0,0,0,0,0,0,0,0,0,0,0,0,0,0,0,0.0,0,0.0,-0.0,-0.0,15.324,0.0,0,0,0,-0.0,-1,SPARSE_OR_GAPPY,STATEFUL_REVIEW_DATA_QUALITY,WINDOW_DATA_QUALITY_REVIEW,ACTION_COLLECT_MORE_DATA_OR_MANUAL_REVIEW,low,1,data_quality_or_history_review,,days_eff=15 days_any=15 cyc_eff=0 hq_nr=0 total_nr=0 cens=0 lg_opp=0 opp=0 norm_anom=-0.00 conf_p=1 micro_only=False cluster=SPARSE_OR_GAPPY,No user-facing action; collecting more data.,Data-quality/history review outranks action (would_have_been=NONE). Collect more data or manual review.,NONE,False,False,False,False,False,False,True,False,0,2026-06-08T10:02:59Z,rolling30-v2.0,30,1,abs_ge_50mWh
MPCD-TNA_HWPA,2025-06-25,2025-05-26 23:59:59.999999999,2025-06-25 23:59:59.999999999,16,29.014,0.197,291.087,477.924,2,2,2,0,0,0,0,False,WINDOW_QUALITY_SHORT_OBS,19.0,21.0,2.0,2.068,0.2628,0.1864,0.7372,1.0,79.0,78.0,4.75,69.5,79.0,0.1864,0.1864,0.0,0.0,0.0,2,3,1,57830.0,57810.0,57810.0,57830.0,20.0,2,0,0.0,,,99.71,99.67,0,0,0,0,0,0,0,0,0,0,0,0,0,0,0,0.0,0,0,0,,0.0,,,0.0,0,0,0,,0.0,,2025-06-25 23:59:59.999999999,2025-01-23 15:14:26,2025-06-25 07:14:53,153.365,True,58030.0,2025-01-23 15:14:26,1.0,153.365,20.0,False,57810.0,2025-06-25 07:14:53,21.0,0.698,0.0,True,19,20.0,True,0,0,1,0,0,0,0,0,0,0,0,0,0,0,0,0,1,0,0.0,0,0.0,-0.0,-0.0,153.365,20.0,0,0,0,-0.0,-1,SPARSE_OR_GAPPY,STATEFUL_REVIEW_DATA_QUALITY,WINDOW_DATA_QUALITY_REVIEW,ACTION_COLLECT_MORE_DATA_OR_MANUAL_REVIEW,low,1,data_quality_or_history_review,micro_wobble;large_gap_dominant,days_eff=153 days_any=1 cyc_eff=20 hq_nr=0 total_nr=0 cens=0 lg_opp=1 opp=1 norm_anom=-0.00 conf_p=1 micro_only=True cluster=SPARSE_OR_GAPPY,No user-facing action; collecting more data.,Data-quality/history review outranks action (would_have_been=NONE). Collect more data or manual review.,NONE,False,False,True,True,False,False,True,False,0,2026-06-08T10:02:59Z,rolling30-v2.0,30,1,abs_ge_50mWh
MRIGGS-PW0A1NXC_mriggs,2026-05-28,2026-04-28 23:59:59.999999999,2026-05-28 23:59:59.999999999,93,27.953,0.5,44.146,70.149,23,18,8,0,0,0,0,False,WINDOW_QUALITY_SPARSE,57.0,59.0,2.0,2.146,0.7664,0.051,0.2336,31.0,100.0,69.0,32.0,100.0,100.0,0.0,0.0,0.9024,0.801,0.7178,22,25,11,43400.0,43400.0,43400.0,43400.0,0.0,0,0,0.0,,,94.35,94.35,0,0,0,0,0,0,0,0,0,0,0,0,0,0,0,0.0,0,0,0,,0.0,,,0.0,0,0,0,,0.0,,2026-05-28 23:59:59.999999999,2024-03-14 12:02:50,2026-05-28 12:57:50,805.498,True,43400.0,2026-04-30 14:05:35,57.0,28.413,2.0,True,43400.0,2026-04-30 14:05:35,57.0,28.413,2.0,True,0,0.0,False,0,0,0,0,0,0,0,0,0,0,0,0,0,0,0,0,0,0,0.0,0,0.0,-0.0,-0.0,28.413,2.0,0,0,0,-0.0,-1,SPARSE_OR_GAPPY,STATEFUL_REVIEW_DATA_QUALITY,WINDOW_DATA_QUALITY_REVIEW,ACTION_COLLECT_MORE_DATA_OR_MANUAL_REVIEW,low,1,data_quality_or_history_review,,days_eff=28 days_any=28 cyc_eff=2 hq_nr=0 total_nr=0 cens=0 lg_opp=0 opp=0 norm_anom=-0.00 conf_p=1 micro_only=False cluster=SPARSE_OR_GAPPY,No user-facing action; collecting more data.,Data-quality/history review outranks action (would_have_been=NONE). Collect more data or manual review.,NONE,False,False,False,False,False,False,True,False,0,2026-06-08T10:02:59Z,rolling30-v2.0,30,1,abs_ge_50mWh
MS1-2ND-3C_HWPA,2024-02-15,2024-01-16 23:59:59.999999999,2024-02-15 23:59:59.999999999,263,29.111,0.5,12.639,88.588,23,18,5,0,0,0,0,False,WINDOW_QUALITY_OK,2.0,7.0,5.0,5.153,0.4549,0.119,0.5451,4.0,100.0,96.0,39.1,95.0,100.0,0.008,0.008,0.6572,0.5247,0.4322,56,70,29,57330.0,57270.0,57270.0,57330.0,60.0,5,0,0.0,,,100.58,100.47,0,1,0,0,1,0,1,0,0,1,0,0,0,0,0,0.0,0,0,0,,0.0,,,0.0,0,0,0,,0.0,,2024-02-15 23:59:59.999999999,2024-01-10 13:07:21,2024-02-15 15:47:29,36.453,False,57340.0,2024-01-10 13:07:21,1.0,36.453,6.0,False,57270.0,2024-02-15 15:47:29,7.0,0.342,0.0,False,6,20.0,True,0,0,1,0,0,0,0,0,0,0,0,0,0,0,0,0,1,0,0.0,0,0.0,-0.0,-0.0,36.453,6.0,0,0,0,-0.0,4,MOBILE_DEEP_CYCLE,STATEFUL_REVIEW_DATA_QUALITY,WINDOW_MICRO_WOBBLE_ONLY,ACTION_COLLECT_MORE_DATA_OR_MANUAL_REVIEW,low,1,data_quality_or_history_review,micro_wobble;large_gap_dominant,days_eff=36 days_any=0 cyc_eff=6 hq_nr=0 total_nr=0 cens=0 lg_opp=1 opp=1 norm_anom=-0.00 conf_p=1 micro_only=True cluster=MOBILE_DEEP_CYCLE,No user-facing action; collecting more data.,Data-quality/history review outranks action (would_have_been=NONE). Collect more data or manual review.,NONE,False,False,True,True,False,True,False,False,0,2026-06-08T10:02:59Z,rolling30-v2.0,30,1,abs_ge_50mWh
MSUMMERVILL-VCL_msummerville,2026-05-29,2026-04-29 23:59:59.999999999,2026-05-29 23:59:59.999999999,660,29.323,0.5,1.346,52.874,23,8,5,0,0,0,0,False,WINDOW_QUALITY_OK,146.0,151.0,5.0,5.115,0.8708,0.06,0.1292,24.0,100.0,76.0,71.0,98.0,100.0,0.0,0.0,0.926,0.9163,0.7697,69,85,35,89830.0,80930.0,80930.0,89830.0,8900.0,2,2,8100.0,2026-05-19 20:11:51,150.0,96.03,86.52,0,0,0,0,0,0,0,0,0,0,0,0,0,0,0,0.0,0,0,0,,0.0,,,0.0,0,0,0,,0.0,,2026-05-29 23:59:59.999999999,2023-06-23 11:48:52,2026-05-29 13:56:37,1071.508,True,80930.0,2026-05-19 20:11:51,150.0,10.158,1.0,True,80930.0,2026-05-19 20:11:51,150.0,10.158,1.0,True,0,0.0,False,0,0,0,0,0,0,0,0,0,0,0,0,0,0,0,0,0,0,0.0,0,0.0,-0.0,-0.0,10.158,1.0,0,0,0,-0.0,5,AC_BOUND,STATEFUL_NORMAL_RESPONDING,WINDOW_NORMAL_RESPONDING,ACTION_NONE,high,9,responding_or_no_concern,,days_eff=10 days_any=10 cyc_eff=1 hq_nr=0 total_nr=0 cens=0 lg_opp=0 opp=0 norm_anom=-0.00 conf_p=1 micro_only=False cluster=AC_BOUND,No action needed.,Responding normally; no concern.,,False,False,False,False,False,False,False,False,0,2026-06-08T10:02:59Z,rolling30-v2.0,30,1,abs_ge_50mWh
MTSUKADA-3MYFQH_mtsukada,2024-03-12,2024-02-11 23:59:59.999999999,2024-03-12 23:59:59.999999999,846,29.392,0.5,0.901,38.109,23,16,3,0,0,0,0,False,WINDOW_QUALITY_OK,262.0,270.0,8.0,8.166,0.8135,0.0961,0.1865,17.0,100.0,83.0,86.0,100.0,100.0,0.0,0.0012,0.958,0.9318,0.8773,121,163,61,45420.0,44600.0,44590.0,47230.0,2640.0,18,11,1810.0,2024-03-12 12:42:30,270.0,89.06,87.45,0,2,0,0,2,0,0,0,0,0,0,0,0,0,0,0.0,0,0,0,,0.0,,,0.0,0,0,0,,0.0,,2024-03-12 23:59:59.999999999,2023-02-03 13:45:04,2024-03-12 15:15:16,403.427,True,44620.0,2024-03-12 12:42:30,270.0,0.47,0.0,True,44600.0,2024-03-12 14:42:30,270.0,0.387,0.0,True,1,20.0,True,0,0,1,0,0,0,0,0,0,0,0,0,0,0,0,0,1,0,0.0,0,0.0,-0.0,-0.0,0.47,0.0,0,0,0,-0.0,4,MOBILE_DEEP_CYCLE,STATEFUL_WATCH_LARGE_GAP_OR_CENSORED,WINDOW_NORMAL_RESPONDING,ACTION_MONITOR_NEXT_WINDOW,low,7,large_gap_or_censored_dominant,micro_wobble;large_gap_dominant,days_eff=0 days_any=0 cyc_eff=0 hq_nr=0 total_nr=0 cens=0 lg_opp=1 opp=1 norm_anom=-0.00 conf_p=1 micro_only=True cluster=MOBILE_DEEP_CYCLE,No user-facing action; monitoring.,Ambiguous/weak evidence (0d since effective change); monitor next window.,,False,False,True,True,False,False,False,False,0,2026-06-08T10:02:59Z,rolling30-v2.0,30,1,abs_ge_50mWh
MYERSP-PF5FSZHR_MYERSP,2026-06-01,2026-05-02 23:59:59.999999999,2026-06-01 23:59:59.999999999,422,28.645,0.5,8.735,60.134,26,16,7,0,0,0,0,False,WINDOW_QUALITY_OK,36.0,40.0,4.0,4.189,0.8536,0.0906,0.1464,34.0,100.0,66.0,76.05,100.0,100.0,0.0,0.0,0.9207,0.8745,0.8545,44,61,22,51110.0,51060.0,51060.0,51110.0,50.0,4,0,0.0,,,89.62,89.53,0,0,0,0,0,0,0,0,0,0,0,0,0,0,0,0.0,0,0,0,,0.0,,,0.0,0,0,0,,0.0,,2026-06-01 23:59:59.999999999,2025-07-07 10:15:53,2026-06-01 10:04:05,329.572,True,51130.0,2026-04-24 11:56:09,34.0,38.503,6.0,True,51060.0,2026-05-28 08:42:56,40.0,4.637,0.0,True,6,20.0,True,0,1,0,0,1,1,0,0,0,0,0,0,0,0,0,0,0,0,0.4303,0,-0.56269,0.2444,0.2444,38.503,6.0,1,0,0,0.2444,5,AC_BOUND,STATEFUL_WATCH_LOW_EVIDENCE,WINDOW_MICRO_WOBBLE_ONLY,ACTION_MONITOR_NEXT_WINDOW,low,8,weak_partial_evidence,fw_like;micro_wobble,days_eff=39 days_any=5 cyc_eff=6 hq_nr=0 total_nr=1 cens=0 lg_opp=0 opp=1 norm_anom=0.24 conf_p=1 micro_only=True cluster=AC_BOUND,No user-facing action; monitoring.,Ambiguous/weak evidence (38d since effective change); monitor next window.,,True,False,True,False,False,False,False,False,0,2026-06-08T10:02:59Z,rolling30-v2.0,30,1,abs_ge_50mWh
MYERSP-PW0HKDA6_L14,2025-06-30,2025-05-31 23:59:59.999999999,2025-06-30 23:59:59.999999999,461,28.271,0.5,4.671,65.364,21,14,5,0,0,0,0,False,WINDOW_QUALITY_OK,2.0,7.0,5.0,5.306,0.8783,0.0913,0.1217,50.0,100.0,50.0,79.0,98.0,100.0,0.0,0.0,0.9505,0.9066,0.7848,47,74,24,57810.0,57750.0,57750.0,57810.0,60.0,5,0,0.0,,,101.12,101.01,0,0,0,0,0,0,0,0,0,0,0,0,0,0,0,0.0,0,0,0,,0.0,,,0.0,0,0,0,,0.0,,2025-06-30 23:59:59.999999999,2025-05-27 11:14:29,2025-06-30 13:21:32,34.532,False,57820.0,2025-05-27 11:14:29,1.0,34.532,6.0,False,57750.0,2025-06-29 18:23:32,7.0,1.234,0.0,False,6,20.0,True,0,0,0,0,0,0,0,0,0,0,0,0,0,0,0,0,0,0,0.0,0,0.0,-0.0,-0.0,34.532,6.0,0,0,0,-0.0,5,AC_BOUND,STATEFUL_REVIEW_DATA_QUALITY,WINDOW_MICRO_WOBBLE_ONLY,ACTION_COLLECT_MORE_DATA_OR_MANUAL_REVIEW,low,1,data_quality_or_history_review,micro_wobble,days_eff=35 days_any=1 cyc_eff=6 hq_nr=0 total_nr=0 cens=0 lg_opp=0 opp=0 norm_anom=-0.00 conf_p=1 micro_only=True cluster=AC_BOUND,No user-facing action; collecting more data.,Data-quality/history review outranks action (would_have_been=NONE). Collect more data or manual review.,NONE,False,False,True,False,False,True,False,False,0,2026-06-08T10:02:59Z,rolling30-v2.0,30,1,abs_ge_50mWh
MYERSP-PW0HKDA6_MYERSP,2025-06-25,2025-05-26 23:59:59.999999999,2025-06-25 23:59:59.999999999,502,29.028,0.5,3.312,65.364,21,12,5,0,0,0,0,False,WINDOW_QUALITY_OK,1.0,6.0,5.0,5.167,0.8723,0.1059,0.1277,50.0,100.0,50.0,76.0,98.0,100.0,0.0,0.0,0.9261,0.8856,0.7861,51,80,26,57820.0,57760.0,57760.0,57820.0,60.0,5,0,0.0,,,101.14,101.03,0,0,0,0,0,0,0,0,0,0,0,0,0,0,0,0.0,0,0,0,,0.0,,,0.0,0,0,0,,0.0,,2025-06-25 23:59:59.999999999,2025-05-27 11:14:29,2025-06-25 11:54:26,29.532,False,57820.0,2025-05-27 11:14:29,1.0,29.532,5.0,False,57760.0,2025-06-24 13:30:07,6.0,1.437,0.0,False,5,20.0,True,0,0,0,0,0,0,0,0,0,0,0,0,0,0,0,0,0,0,0.0,0,0.0,-0.0,-0.0,29.532,5.0,0,0,0,-0.0,5,AC_BOUND,STATEFUL_REVIEW_DATA_QUALITY,WINDOW_MICRO_WOBBLE_ONLY,ACTION_COLLECT_MORE_DATA_OR_MANUAL_REVIEW,low,1,data_quality_or_history_review,micro_wobble,days_eff=30 days_any=1 cyc_eff=5 hq_nr=0 total_nr=0 cens=0 lg_opp=0 opp=0 norm_anom=-0.00 conf_p=1 micro_only=True cluster=AC_BOUND,No user-facing action; collecting more data.,Data-quality/history review outranks action (would_have_been=NONE). Collect more data or manual review.,NONE,False,False,True,False,False,True,False,False,0,2026-06-08T10:02:59Z,rolling30-v2.0,30,1,abs_ge_50mWh
NAITOX9A_arimasa,2024-12-11,2024-11-11 23:59:59.999999999,2024-12-11 23:59:59.999999999,194,29.403,0.5,17.15,99.078,30,22,6,0,0,0,0,False,WINDOW_QUALITY_OK,2.0,7.0,5.0,5.101,0.4257,0.1869,0.5743,41.0,100.0,59.0,54.65,95.0,100.0,0.0,0.0,0.697,0.5854,0.4058,51,65,26,55110.0,55050.0,55050.0,55110.0,60.0,5,0,0.0,,,100.02,99.91,0,0,0,0,0,0,0,0,0,0,0,0,0,0,0,0.0,0,0,0,,0.0,,,0.0,0,0,0,,0.0,,2024-12-11 23:59:59.999999999,2024-11-06 11:45:13,2024-12-11 09:44:29,35.51,False,55120.0,2024-11-06 11:45:13,1.0,35.51,6.0,False,55050.0,2024-12-03 09:47:41,7.0,8.592,0.0,False,6,20.0,True,0,0,0,0,0,0,0,0,0,0,0,0,0,0,0,0,0,0,0.0,0,0.0,-0.0,-0.0,35.51,6.0,0,0,0,-0.0,5,AC_BOUND,STATEFUL_REVIEW_DATA_QUALITY,WINDOW_MICRO_WOBBLE_ONLY,ACTION_COLLECT_MORE_DATA_OR_MANUAL_REVIEW,low,1,data_quality_or_history_review,micro_wobble,days_eff=36 days_any=9 cyc_eff=6 hq_nr=0 total_nr=0 cens=0 lg_opp=0 opp=0 norm_anom=-0.00 conf_p=1 micro_only=True cluster=AC_BOUND,No user-facing action; collecting more data.,Data-quality/history review outranks action (would_have_been=NONE). Collect more data or manual review.,NONE,False,False,True,False,False,True,False,False,0,2026-06-08T10:02:59Z,rolling30-v2.0,30,1,abs_ge_50mWh
NANO_G3,2024-03-25,2024-02-24 23:59:59.999999999,2024-03-25 23:59:59.999999999,388,28.217,0.5,7.722,75.523,23,11,4,0,0,0,0,False,WINDOW_QUALITY_OK,107.0,117.0,10.0,10.632,0.5171,0.2188,0.4829,29.0,100.0,71.0,40.35,95.0,100.0,0.0,0.0,0.5828,0.5168,0.4403,92,130,46,46780.0,45960.0,45800.0,46780.0,980.0,47,33,430.0,2024-03-25 11:21:55,117.0,94.37,92.72,0,0,0,0,0,0,0,0,0,0,0,0,0,0,0,0.0,0,0,0,,0.0,,,0.0,0,0,0,,0.0,,2024-03-25 23:59:59.999999999,2023-04-24 10:10:26,2024-03-25 13:28:32,336.576,True,45960.0,2024-03-25 11:21:55,117.0,0.526,0.0,True,45960.0,2024-03-25 11:21:55,117.0,0.526,0.0,True,0,0.0,False,0,0,0,0,0,0,0,0,0,0,0,0,0,0,0,0,0,0,0.0,0,0.0,-0.0,-0.0,0.526,0.0,0,0,0,-0.0,4,MOBILE_DEEP_CYCLE,STATEFUL_NORMAL_RESPONDING,WINDOW_NORMAL_RESPONDING,ACTION_NONE,high,9,responding_or_no_concern,,days_eff=1 days_any=1 cyc_eff=0 hq_nr=0 total_nr=0 cens=0 lg_opp=0 opp=0 norm_anom=-0.00 conf_p=1 micro_only=False cluster=MOBILE_DEEP_CYCLE,No action needed.,Responding normally; no concern.,,False,False,False,False,False,False,False,False,0,2026-06-08T10:02:59Z,rolling30-v2.0,30,1,abs_ge_50mWh
NATHANP-F4YAYFH_nathanp,2025-12-01,2025-11-01 23:59:59.999999999,2025-12-01 23:59:59.999999999,522,28.252,0.5,3.555,59.395,24,11,6,0,0,0,0,False,WINDOW_QUALITY_OK,109.0,117.0,8.0,8.495,0.8389,0.1329,0.1611,10.0,100.0,90.0,44.0,96.0,100.0,0.0,0.0094,0.7304,0.6138,0.5376,56,107,28,65200.0,66660.0,65120.0,66660.0,1540.0,8,1,1540.0,2025-11-28 20:43:02,117.0,86.93,88.88,0,2,0,0,2,0,2,0,0,2,0,1,0,0,1,0.0,0,0,0,,0.0,,,0.0,0,0,0,,0.0,,2025-12-01 23:59:59.999999999,2024-06-17 11:42:09,2025-12-01 14:45:46,532.512,True,66660.0,2025-11-28 20:43:02,117.0,3.137,0.0,True,66660.0,2025-11-28 20:43:02,117.0,3.137,0.0,True,0,0.0,False,0,0,0,0,0,0,0,0,0,0,0,0,0,0,0,0,0,0,0.0,0,0.0,-0.0,-0.0,3.137,0.0,0,0,0,-0.0,4,MOBILE_DEEP_CYCLE,STATEFUL_NORMAL_RESPONDING,WINDOW_NORMAL_RESPONDING,ACTION_NONE,high,9,responding_or_no_concern,,days_eff=3 days_any=3 cyc_eff=0 hq_nr=0 total_nr=0 cens=0 lg_opp=0 opp=0 norm_anom=-0.00 conf_p=1 micro_only=False cluster=MOBILE_DEEP_CYCLE,No action needed.,Responding normally; no concern.,,False,False,False,False,False,False,False,False,0,2026-06-08T10:02:59Z,rolling30-v2.0,30,1,abs_ge_50mWh
NHEIDENFELD-CDY_nheidenfeldt,2025-04-10,2025-03-11 23:59:59.999999999,2025-04-10 23:59:59.999999999,12,1.068,0.5,5.16,5.32,0,0,0,0,0,0,0,False,WINDOW_QUALITY_SHORT_OBS,28.0,28.0,0.0,0.0,1.0,1.0,0.0,1.0,32.0,31.0,1.0,32.0,32.0,0.0431,0.0431,0.0,0.0,0.0,0,0,0,52830.0,52830.0,52830.0,52830.0,0.0,0,0,0.0,,,96.58,96.58,0,0,0,0,0,0,0,0,0,0,0,0,0,0,0,0.0,0,0,0,,0.0,,,0.0,0,0,0,,0.0,,2025-04-10 23:59:59.999999999,2024-04-04 12:11:53,2025-04-10 13:24:20,371.492,True,52830.0,2025-01-30 20:10:00,28.0,70.16,0.0,False,52830.0,2025-01-30 20:10:00,28.0,70.16,0.0,False,0,0.0,False,0,0,0,0,0,0,0,0,0,0,0,0,0,0,0,0,0,0,0.0,0,0.0,-0.0,-0.0,70.16,0.0,0,0,0,-0.0,-1,SPARSE_OR_GAPPY,STATEFUL_REVIEW_DATA_QUALITY,WINDOW_DATA_QUALITY_REVIEW,ACTION_COLLECT_MORE_DATA_OR_MANUAL_REVIEW,low,1,data_quality_or_history_review,,days_eff=70 days_any=70 cyc_eff=0 hq_nr=0 total_nr=0 cens=0 lg_opp=0 opp=0 norm_anom=-0.00 conf_p=1 micro_only=False cluster=SPARSE_OR_GAPPY,No user-facing action; collecting more data.,Data-quality/history review outranks action (would_have_been=NONE). Collect more data or manual review.,NONE,False,False,False,False,False,False,True,False,0,2026-06-08T10:02:59Z,rolling30-v2.0,30,1,abs_ge_50mWh
NICOLEX1CG12_nbaker,2025-02-24,2025-01-25 23:59:59.999999999,2025-02-24 23:59:59.999999999,550,29.495,0.5,8.714,25.287,37,9,1,0,0,0,0,False,WINDOW_QUALITY_OK,101.0,117.0,16.0,16.274,0.5429,0.2475,0.4571,7.0,100.0,93.0,33.45,85.0,100.0,0.0055,0.0152,0.5684,0.4658,0.3905,129,169,65,54450.0,52160.0,52160.0,58710.0,6550.0,18,4,5860.0,2025-02-21 12:29:45,115.0,95.48,91.46,0,3,0,0,3,0,3,0,0,3,0,1,0,0,1,0.0,0,0,0,,0.0,,,0.0,0,0,0,,0.0,,2025-02-24 23:59:59.999999999,2024-04-17 12:39:16,2025-02-24 17:56:30,313.473,True,52180.0,2025-02-21 12:29:45,115.0,3.479,2.0,True,52160.0,2025-02-24 09:25:34,117.0,0.607,0.0,True,2,10.0,True,0,0,0,0,0,0,0,0,0,0,0,0,0,0,0,0,0,0,0.0,0,0.0,-0.0,-0.0,3.479,2.0,0,0,0,-0.0,4,MOBILE_DEEP_CYCLE,STATEFUL_NORMAL_RESPONDING,WINDOW_NORMAL_RESPONDING,ACTION_NONE,high,9,responding_or_no_concern,micro_wobble,days_eff=3 days_any=1 cyc_eff=2 hq_nr=0 total_nr=0 cens=0 lg_opp=0 opp=0 norm_anom=-0.00 conf_p=1 micro_only=True cluster=MOBILE_DEEP_CYCLE,No action needed.,Responding normally; no concern.,,False,False,True,False,False,False,False,False,0,2026-06-08T10:02:59Z,rolling30-v2.0,30,1,abs_ge_50mWh
NILE_SVT,2026-05-29,2026-04-29 23:59:59.999999999,2026-05-29 23:59:59.999999999,304,29.108,0.5,14.769,143.596,22,16,4,0,0,0,0,False,WINDOW_QUALITY_OK,9.0,15.0,6.0,6.184,0.5451,0.2074,0.4549,16.0,100.0,84.0,49.0,96.0,100.0,0.0,0.0144,0.7047,0.5543,0.4413,73,95,37,58030.0,57960.0,57960.0,58030.0,70.0,6,0,0.0,,,100.05,99.93,0,1,0,0,1,0,0,0,0,0,0,0,0,0,0,0.0,0,0,0,,0.0,,,0.0,0,0,0,,0.0,,2026-05-29 23:59:59.999999999,2026-03-25 07:54:33,2026-05-29 07:29:46,65.67,True,58030.0,2026-03-25 07:54:33,1.0,65.67,14.0,False,57960.0,2026-05-28 10:33:10,15.0,1.56,0.0,True,6,20.0,True,1,0,2,1,0,1,0,0,0,0,0,0,0,0,1,0,2,0,0.3144,0,-0.3775,0.1639,0.1639,65.67,14.0,1,0,0,0.1639,4,MOBILE_DEEP_CYCLE,STATEFUL_FW_WATCH_HIGH_ANOMALY,WINDOW_MICRO_WOBBLE_ONLY,ACTION_FW_ENGINEERING_REVIEW,medium,4,fw_like_no_response_core_requirement_short,fw_like;micro_wobble;large_gap_dominant,days_eff=66 days_any=2 cyc_eff=14 hq_nr=1 total_nr=1 cens=0 lg_opp=2 opp=3 norm_anom=0.16 conf_p=1 micro_only=True cluster=MOBILE_DEEP_CYCLE,No user-facing action; monitoring.,"FW-like no-response signal but a core requirement is short (staleness/cycles/quality). Monitor and add to FW engineering queue. normative anomaly 0.16, 1 no_response since last effective change (65d ago).",,True,False,True,True,False,False,False,False,0,2026-06-08T10:02:59Z,rolling30-v2.0,30,1,abs_ge_50mWh
NMARX-PF4DMZPC_nmarx,2024-01-30,2023-12-31 23:59:59.999999999,2024-01-30 23:59:59.999999999,295,28.192,0.5,10.193,68.5,23,11,5,0,0,0,0,False,WINDOW_QUALITY_OK,24.0,31.0,7.0,7.449,0.5871,0.1668,0.4129,2.0,100.0,98.0,31.0,97.0,100.0,0.0076,0.0134,0.7876,0.7284,0.6547,54,85,27,53250.0,54690.0,52690.0,54690.0,2000.0,2,2,2000.0,2024-01-12 15:27:44,27.0,93.42,95.95,0,2,0,0,2,0,1,0,0,1,0,1,0,0,1,0.0,0,0,0,,0.0,,,0.0,0,0,0,,0.0,,2024-01-30 23:59:59.999999999,2023-09-05 10:42:14,2024-01-30 13:38:53,147.554,True,54690.0,2024-01-12 15:27:44,27.0,18.356,4.0,True,54690.0,2024-01-12 15:27:44,27.0,18.356,4.0,True,0,0.0,False,0,1,0,0,1,1,0,0,0,1,0,0,0,0,0,0,0,0,0.3841,0,-0.48464,0.2105,0.2105,18.356,4.0,1,0,0,0.2105,4,MOBILE_DEEP_CYCLE,STATEFUL_WATCH_LOW_EVIDENCE,WINDOW_NORMAL_RESPONDING,ACTION_MONITOR_NEXT_WINDOW,low,8,weak_partial_evidence,fw_like,days_eff=18 days_any=18 cyc_eff=4 hq_nr=0 total_nr=1 cens=0 lg_opp=0 opp=2 norm_anom=0.21 conf_p=1 micro_only=False cluster=MOBILE_DEEP_CYCLE,No user-facing action; monitoring.,Ambiguous/weak evidence (18d since effective change); monitor next window.,,True,False,False,False,False,False,False,False,0,2026-06-08T10:02:59Z,rolling30-v2.0,30,1,abs_ge_50mWh
NMCKOY-PF5H0PJZ_nmckoy,2026-05-28,2026-04-28 23:59:59.999999999,2026-05-28 23:59:59.999999999,268,28.043,0.5,13.768,145.276,19,19,4,0,0,0,0,False,WINDOW_QUALITY_OK,162.0,171.0,9.0,9.628,0.5621,0.1323,0.4379,2.0,100.0,98.0,13.4,97.0,100.0,0.0201,0.0319,0.653,0.5495,0.5346,40,61,20,45670.0,44770.0,44770.0,45770.0,1000.0,11,2,900.0,2026-05-28 08:37:03,171.0,78.74,77.19,0,4,0,0,4,0,3,0,0,3,0,3,0,0,3,0.0,0,0,0,,0.0,,,0.0,0,0,0,,0.0,,2026-05-28 23:59:59.999999999,2025-04-30 15:12:50,2026-05-28 08:39:32,393.366,True,44770.0,2026-05-28 08:37:03,171.0,0.641,0.0,True,44770.0,2026-05-28 08:37:03,171.0,0.641,0.0,True,0,0.0,False,0,0,0,0,0,0,0,0,0,0,0,0,0,0,0,0,0,0,0.0,0,0.0,-0.0,-0.0,0.641,0.0,0,0,0,-0.0,4,MOBILE_DEEP_CYCLE,STATEFUL_NORMAL_RESPONDING,WINDOW_NORMAL_RESPONDING,ACTION_NONE,high,9,responding_or_no_concern,,days_eff=1 days_any=1 cyc_eff=0 hq_nr=0 total_nr=0 cens=0 lg_opp=0 opp=0 norm_anom=-0.00 conf_p=1 micro_only=False cluster=MOBILE_DEEP_CYCLE,No action needed.,Responding normally; no concern.,,False,False,False,False,False,False,False,False,0,2026-06-08T10:02:59Z,rolling30-v2.0,30,1,abs_ge_50mWh
NMMILLER-4T259L_nmmiller,2024-10-14,2024-09-14 23:59:59.999999999,2024-10-14 23:59:59.999999999,110,28.041,0.5,38.455,115.249,11,10,6,0,0,0,0,False,WINDOW_QUALITY_SPARSE,38.0,42.0,4.0,4.279,0.6784,0.2776,0.3216,8.0,100.0,92.0,30.9,96.0,100.0,0.0084,0.0084,0.7556,0.6866,0.6368,18,24,9,47070.0,45640.0,45190.0,47070.0,1880.0,6,2,1830.0,2024-10-07 12:15:28,42.0,89.66,86.93,0,1,0,0,1,0,1,0,0,1,0,1,0,0,1,0.0,0,0,0,,0.0,,,0.0,0,0,0,,0.0,,2024-10-14 23:59:59.999999999,2024-01-11 10:46:59,2024-10-14 13:30:25,277.551,True,45640.0,2024-10-07 12:15:28,42.0,7.489,0.0,True,45640.0,2024-10-07 12:15:28,42.0,7.489,0.0,True,0,0.0,False,0,0,0,0,0,0,0,0,0,0,0,0,0,0,0,0,0,0,0.0,0,0.0,-0.0,-0.0,7.489,0.0,0,0,0,-0.0,-1,SPARSE_OR_GAPPY,STATEFUL_REVIEW_DATA_QUALITY,WINDOW_DATA_QUALITY_REVIEW,ACTION_COLLECT_MORE_DATA_OR_MANUAL_REVIEW,low,1,data_quality_or_history_review,,days_eff=7 days_any=7 cyc_eff=0 hq_nr=0 total_nr=0 cens=0 lg_opp=0 opp=0 norm_anom=-0.00 conf_p=1 micro_only=False cluster=SPARSE_OR_GAPPY,No user-facing action; collecting more data.,Data-quality/history review outranks action (would_have_been=NONE). Collect more data or manual review.,NONE,False,False,False,False,False,False,True,False,0,2026-06-08T10:02:59Z,rolling30-v2.0,30,1,abs_ge_50mWh
NMMILLER-577H4Q_nmmiller,2026-01-20,2025-12-21 23:59:59.999999999,2026-01-20 23:59:59.999999999,44,14.906,0.5,20.353,141.259,5,5,2,0,0,0,0,False,WINDOW_QUALITY_OK,29.0,29.0,0.0,0.0,0.8722,0.2756,0.1278,69.0,100.0,31.0,81.6,100.0,100.0,0.0,0.0,0.9633,0.9395,0.8987,4,6,2,54530.0,54530.0,54530.0,54530.0,0.0,0,0,0.0,,,95.62,95.62,0,0,0,0,0,0,0,0,0,0,0,0,0,0,0,0.0,0,0,0,,0.0,,,0.0,0,0,0,,0.0,,2026-01-20 23:59:59.999999999,2024-11-06 13:08:00,2026-01-20 10:53:17,440.453,True,54640.0,2025-08-18 12:08:19,20.0,155.494,9.0,False,54530.0,2025-12-16 13:33:50,29.0,35.435,0.0,True,9,20.0,True,0,0,1,0,0,0,0,0,0,0,0,0,0,0,0,0,1,0,0.0,0,0.0,-0.0,-0.0,155.494,9.0,0,0,0,-0.0,5,AC_BOUND,STATEFUL_GAUGE_SOFT_CALIBRATION_EFFECTIVE_ONLY,WINDOW_INSUFFICIENT_LEARNING_OPPORTUNITY,ACTION_SOFT_CALIBRATION_PROMPT,medium,5,micro_wobble_only_no_effective_relearn,gauge_like;micro_wobble;large_gap_dominant,days_eff=155 days_any=35 cyc_eff=9 hq_nr=0 total_nr=0 cens=0 lg_opp=1 opp=1 norm_anom=-0.00 conf_p=1 micro_only=True cluster=AC_BOUND,A full charge/discharge cycle may help the gauge recalibrate (low priority).,Soft calibration prompt: micro-wobbles present but no meaningful FCC relearning step under the effective threshold for 155d. Not a hard gauge reset target.,,False,True,True,True,False,False,False,False,0,2026-06-08T10:02:59Z,rolling30-v2.0,30,1,abs_ge_50mWh
NMMILLER-62XHX6_nmmiller,2026-05-26,2026-04-26 23:59:59.999999999,2026-05-26 23:59:59.999999999,151,29.028,0.5,18.622,162.195,11,10,5,0,0,0,0,False,WINDOW_QUALITY_OK,8.0,12.0,4.0,4.134,0.6964,0.2064,0.3036,29.0,100.0,71.0,58.0,98.0,100.0,0.0,0.0,0.8073,0.6974,0.6255,32,42,16,59330.0,59280.0,59280.0,59330.0,50.0,4,0,0.0,,,98.88,98.8,0,0,0,0,0,0,0,0,0,0,0,0,0,0,0,0.0,0,0,0,,0.0,,,0.0,0,0,0,,0.0,,2026-05-26 23:59:59.999999999,2026-01-23 13:29:18,2026-05-26 13:16:36,123.438,True,59360.0,2026-01-27 13:21:43,5.0,119.443,7.0,False,59280.0,2026-05-26 10:42:43,12.0,0.554,0.0,True,7,20.0,True,0,0,0,0,0,0,0,0,0,0,0,0,0,0,0,0,0,0,0.0,0,0.0,-0.0,-0.0,119.443,7.0,0,0,0,-0.0,5,AC_BOUND,STATEFUL_NORMAL_RESPONDING,WINDOW_MICRO_WOBBLE_ONLY,ACTION_NONE,high,9,responding_or_no_concern,micro_wobble,days_eff=119 days_any=1 cyc_eff=7 hq_nr=0 total_nr=0 cens=0 lg_opp=0 opp=0 norm_anom=-0.00 conf_p=1 micro_only=True cluster=AC_BOUND,No action needed.,Responding normally; no concern.,,False,False,True,False,False,False,False,False,0,2026-06-08T10:02:59Z,rolling30-v2.0,30,1,abs_ge_50mWh
NORITY-PF3C8AE9_nority,2025-10-14,2025-09-14 23:59:59.999999999,2025-10-14 23:59:59.999999999,61,28.22,0.5,69.233,110.778,16,11,8,0,0,0,0,False,WINDOW_QUALITY_SPARSE,128.0,128.0,0.0,0.0,0.9905,0.0306,0.0095,72.0,100.0,28.0,97.0,99.0,100.0,0.0,0.0,0.9963,0.9599,0.9599,2,3,1,49160.0,49160.0,49160.0,49160.0,0.0,0,0,0.0,,,86.17,86.17,0,0,0,0,0,0,0,0,0,0,0,0,0,0,0,0.0,0,0,0,,0.0,,,0.0,0,0,0,,0.0,,2025-10-14 23:59:59.999999999,2023-02-07 12:54:42,2025-10-14 12:17:06,980.462,True,49160.0,2023-06-21 17:20:04,92.0,846.278,36.0,False,49160.0,2023-06-21 17:20:04,92.0,846.278,36.0,False,0,0.0,False,1,1,15,1,1,2,0,0,0,7,0,0,0,0,1,0,15,0,0.7682,0,-0.96929,0.421,0.421,846.278,36.0,2,0,0,0.421,-1,SPARSE_OR_GAPPY,STATEFUL_REVIEW_DATA_QUALITY,WINDOW_DATA_QUALITY_REVIEW,ACTION_COLLECT_MORE_DATA_OR_MANUAL_REVIEW,low,1,data_quality_or_history_review,fw_like;large_gap_dominant,days_eff=846 days_any=846 cyc_eff=36 hq_nr=1 total_nr=2 cens=0 lg_opp=15 opp=24 norm_anom=0.42 conf_p=1 micro_only=False cluster=SPARSE_OR_GAPPY,No user-facing action; collecting more data.,Data-quality/history review outranks action (would_have_been=FW_WATCH_LIKE). Collect more data or manual review.,FW_WATCH_LIKE,True,False,False,True,False,False,True,False,0,2026-06-08T10:02:59Z,rolling30-v2.0,30,1,abs_ge_50mWh
NORITY-X1YOGA_nority,2026-05-20,2026-04-20 23:59:59.999999999,2026-05-20 23:59:59.999999999,264,29.189,0.5,13.593,43.719,36,15,2,0,0,0,0,False,WINDOW_QUALITY_OK,184.0,186.0,2.0,2.056,0.9069,0.1083,0.0931,72.0,100.0,28.0,94.15,97.0,100.0,0.0,0.0,0.9808,0.9626,0.8064,16,56,8,56990.0,56990.0,56990.0,56990.0,0.0,0,0,0.0,,,99.98,99.98,0,0,0,0,0,0,0,0,0,0,0,0,0,0,0,0.0,0,0,0,,0.0,,,0.0,0,0,0,,0.0,,2026-05-20 23:59:59.999999999,2023-02-07 01:57:03,2026-05-20 08:49:05,1198.919,True,56990.0,2023-02-07 01:57:03,5.0,1198.919,181.0,False,56990.0,2023-02-07 01:57:03,5.0,1198.919,181.0,False,0,0.0,False,0,14,4,0,14,14,0,0,7,4,0,7,7,0,0,0,4,0,4.4253,0,-5.43703,2.3613,2.3613,1198.919,181.0,14,7,0,2.3613,5,AC_BOUND,STATEFUL_FW_WATCH_HIGH_ANOMALY,WINDOW_INSUFFICIENT_LEARNING_OPPORTUNITY,ACTION_FW_ENGINEERING_REVIEW,medium,4,fw_like_no_response_core_requirement_short,fw_like;gauge_like,days_eff=1199 days_any=1199 cyc_eff=181 hq_nr=0 total_nr=14 cens=0 lg_opp=4 opp=29 norm_anom=2.36 conf_p=1 micro_only=False cluster=AC_BOUND,No user-facing action; monitoring.,"FW-like no-response signal but a core requirement is short (staleness/cycles/quality). Monitor and add to FW engineering queue. normative anomaly 2.36, 14 no_response since last effective change (1198d ago).",,True,True,False,False,False,False,False,False,0,2026-06-08T10:02:59Z,rolling30-v2.0,30,1,abs_ge_50mWh
NPATEL6-F4C403Q_npatel6,2026-02-19,2026-01-20 23:59:59.999999999,2026-02-19 23:59:59.999999999,7,1.114,0.272,16.957,20.884,1,1,0,0,0,0,0,False,WINDOW_QUALITY_SHORT_OBS,409.0,409.0,0.0,0.0,0.0153,0.0153,0.9847,50.0,100.0,50.0,51.5,77.0,97.9,0.0,0.0,0.4683,0.0408,0.0273,1,1,1,77130.0,77130.0,77130.0,77130.0,0.0,0,0,0.0,,,85.7,85.7,0,1,0,0,1,0,1,0,0,1,0,1,0,0,1,0.0,0,0,0,,0.0,,,0.0,0,0,0,,0.0,,2026-02-19 23:59:59.999999999,2023-06-06 11:49:37,2026-02-19 18:54:35,989.507,True,77130.0,2026-02-18 16:10:21,409.0,1.326,0.0,True,77130.0,2026-02-18 16:10:21,409.0,1.326,0.0,True,0,0.0,False,0,0,0,0,0,0,0,0,0,0,0,0,0,0,0,0,0,0,0.0,0,0.0,-0.0,-0.0,1.326,0.0,0,0,0,-0.0,-1,SPARSE_OR_GAPPY,STATEFUL_REVIEW_DATA_QUALITY,WINDOW_DATA_QUALITY_REVIEW,ACTION_COLLECT_MORE_DATA_OR_MANUAL_REVIEW,low,1,data_quality_or_history_review,,days_eff=1 days_any=1 cyc_eff=0 hq_nr=0 total_nr=0 cens=0 lg_opp=0 opp=0 norm_anom=-0.00 conf_p=1 micro_only=False cluster=SPARSE_OR_GAPPY,No user-facing action; collecting more data.,Data-quality/history review outranks action (would_have_been=NONE). Collect more data or manual review.,NONE,False,False,False,False,False,False,True,False,0,2026-06-08T10:02:59Z,rolling30-v2.0,30,1,abs_ge_50mWh
NPUTSALA-0A1Z31_nputsala,2025-05-23,2025-04-23 23:59:59.999999999,2025-05-23 23:59:59.999999999,18,25.467,0.21,226.709,234.106,3,3,3,0,0,0,0,False,WINDOW_QUALITY_SHORT_OBS,80.0,80.0,0.0,0.0,0.6384,0.2988,0.3616,49.0,100.0,51.0,56.65,66.0,100.0,0.0,0.0,0.3396,0.3396,0.3396,4,4,2,45110.0,44350.0,44350.0,45110.0,760.0,1,1,760.0,2025-05-17 12:17:21,80.0,98.07,96.41,0,0,0,0,0,0,0,0,0,0,0,0,0,0,0,0.0,0,0,0,,0.0,,,0.0,0,0,0,,0.0,,2025-05-23 23:59:59.999999999,2024-03-19 12:13:33,2025-05-23 19:04:13,430.491,True,44350.0,2025-05-17 12:17:21,80.0,6.488,0.0,True,44350.0,2025-05-17 12:17:21,80.0,6.488,0.0,True,0,0.0,False,0,0,0,0,0,0,0,0,0,0,0,0,0,0,0,0,0,0,0.0,0,0.0,-0.0,-0.0,6.488,0.0,0,0,0,-0.0,-1,SPARSE_OR_GAPPY,STATEFUL_REVIEW_DATA_QUALITY,WINDOW_DATA_QUALITY_REVIEW,ACTION_COLLECT_MORE_DATA_OR_MANUAL_REVIEW,low,1,data_quality_or_history_review,,days_eff=6 days_any=6 cyc_eff=0 hq_nr=0 total_nr=0 cens=0 lg_opp=0 opp=0 norm_anom=-0.00 conf_p=1 micro_only=False cluster=SPARSE_OR_GAPPY,No user-facing action; collecting more data.,Data-quality/history review outranks action (would_have_been=NONE). Collect more data or manual review.,NONE,False,False,False,False,False,False,True,False,0,2026-06-08T10:02:59Z,rolling30-v2.0,30,1,abs_ge_50mWh
OALI-PF5TMH9T_oali,2026-06-01,2026-05-02 23:59:59.999999999,2026-06-01 23:59:59.999999999,549,29.586,0.5,1.508,46.505,24,16,7,0,0,0,0,False,WINDOW_QUALITY_OK,24.0,26.0,2.0,2.028,0.9416,0.0325,0.0584,52.0,100.0,48.0,88.4,98.0,100.0,0.0,0.0,0.9782,0.9554,0.9337,40,48,20,95020.0,94990.0,94990.0,95020.0,30.0,2,0,0.0,,,95.12,95.09,0,0,0,0,0,0,0,0,0,0,0,0,0,0,0,0.0,0,0,0,,0.0,,,0.0,0,0,0,,0.0,,2026-06-01 23:59:59.999999999,2025-10-13 15:24:40,2026-06-01 16:00:45,231.358,True,95130.0,2026-01-09 16:41:42,17.0,143.304,9.0,False,94990.0,2026-05-19 13:34:39,26.0,13.434,0.0,True,9,20.0,True,0,0,0,0,0,0,0,0,0,0,0,0,0,0,0,0,0,0,0.0,0,0.0,-0.0,-0.0,143.304,9.0,0,0,0,-0.0,5,AC_BOUND,STATEFUL_GAUGE_SOFT_CALIBRATION_EFFECTIVE_ONLY,WINDOW_MICRO_WOBBLE_ONLY,ACTION_SOFT_CALIBRATION_PROMPT,medium,5,micro_wobble_only_no_effective_relearn,gauge_like;micro_wobble,days_eff=143 days_any=13 cyc_eff=9 hq_nr=0 total_nr=0 cens=0 lg_opp=0 opp=0 norm_anom=-0.00 conf_p=1 micro_only=True cluster=AC_BOUND,A full charge/discharge cycle may help the gauge recalibrate (low priority).,Soft calibration prompt: micro-wobbles present but no meaningful FCC relearning step under the effective threshold for 143d. Not a hard gauge reset target.,,False,True,True,False,False,False,False,False,0,2026-06-08T10:02:59Z,rolling30-v2.0,30,1,abs_ge_50mWh
OHSAWAAURA_e3158,2026-05-28,2026-04-28 23:59:59.999999999,2026-05-28 23:59:59.999999999,405,28.874,0.5,10.237,48.203,31,17,3,0,0,0,0,False,WINDOW_QUALITY_OK,47.0,56.0,9.0,9.351,0.4415,0.1968,0.5585,34.0,100.0,66.0,59.2,94.0,100.0,0.0,0.0,0.6841,0.5171,0.3779,119,144,60,56920.0,56820.0,56820.0,56920.0,100.0,9,0,0.0,,,99.81,99.63,0,0,0,0,0,0,0,0,0,0,0,0,0,0,0,0.0,0,0,0,,0.0,,,0.0,0,0,0,,0.0,,2026-05-28 23:59:59.999999999,2025-10-22 10:08:03,2026-05-28 13:01:18,218.578,True,57460.0,2025-10-22 10:08:03,1.0,218.578,55.0,False,56820.0,2026-05-26 22:05:34,56.0,2.079,0.0,True,55,20.0,True,0,0,0,0,0,0,0,0,0,0,0,0,0,0,0,0,0,0,0.0,0,0.0,-0.0,-0.0,218.578,55.0,0,0,0,-0.0,5,AC_BOUND,STATEFUL_GAUGE_SOFT_CALIBRATION_EFFECTIVE_ONLY,WINDOW_MICRO_WOBBLE_ONLY,ACTION_SOFT_CALIBRATION_PROMPT,medium,5,micro_wobble_only_no_effective_relearn,gauge_like;micro_wobble,days_eff=219 days_any=2 cyc_eff=55 hq_nr=0 total_nr=0 cens=0 lg_opp=0 opp=0 norm_anom=-0.00 conf_p=1 micro_only=True cluster=AC_BOUND,A full charge/discharge cycle may help the gauge recalibrate (low priority).,Soft calibration prompt: micro-wobbles present but no meaningful FCC relearning step under the effective threshold for 218d. Not a hard gauge reset target.,,False,True,True,False,False,False,False,False,0,2026-06-08T10:02:59Z,rolling30-v2.0,30,1,abs_ge_50mWh
OHSAWACONDOR4_ohsaw,2024-12-20,2024-11-20 23:59:59.999999999,2024-12-20 23:59:59.999999999,543,29.327,0.5,8.901,30.471,33,11,1,0,0,0,0,False,WINDOW_QUALITY_OK,43.0,54.0,11.0,11.252,0.4598,0.1561,0.5402,21.0,100.0,79.0,67.0,96.0,100.0,0.0,0.0,0.8087,0.6272,0.462,151,184,76,59180.0,58990.0,58990.0,59180.0,190.0,16,0,0.0,,,102.03,101.71,0,0,0,0,0,0,0,0,0,0,0,0,0,0,0,0.0,0,0,0,,0.0,,,0.0,0,0,0,,0.0,,2024-12-20 23:59:59.999999999,2024-07-03 20:04:50,2024-12-20 17:04:59,170.163,True,59660.0,2024-08-26 07:38:15,14.0,116.682,40.0,False,58990.0,2024-12-20 14:47:54,54.0,0.383,0.0,True,57,30.0,True,0,0,0,0,0,0,0,0,0,0,0,0,0,0,0,0,0,0,0.0,0,0.0,-0.0,-0.0,116.682,40.0,0,0,0,-0.0,5,AC_BOUND,STATEFUL_NORMAL_RESPONDING,WINDOW_MICRO_WOBBLE_ONLY,ACTION_NONE,high,9,responding_or_no_concern,micro_wobble,days_eff=117 days_any=0 cyc_eff=40 hq_nr=0 total_nr=0 cens=0 lg_opp=0 opp=0 norm_anom=-0.00 conf_p=1 micro_only=True cluster=AC_BOUND,No action needed.,Responding normally; no concern.,,False,False,True,False,False,False,False,False,0,2026-06-08T10:02:59Z,rolling30-v2.0,30,1,abs_ge_50mWh
OHSAWAEAGLE7_ohsaw,2024-07-04,2024-06-04 23:59:59.999999999,2024-07-04 23:59:59.999999999,535,29.242,0.5,7.597,21.227,34,7,0,0,0,0,0,False,WINDOW_QUALITY_OK,162.0,172.0,10.0,10.259,0.3601,0.1896,0.6399,38.0,100.0,62.0,56.7,97.0,100.0,0.0,0.0,0.7409,0.5263,0.4405,182,206,92,47590.0,46920.0,46920.0,47600.0,680.0,34,9,580.0,2024-07-03 09:38:50,172.0,96.08,94.73,0,0,0,0,0,0,0,0,0,0,0,0,0,0,0,0.0,0,0,0,,0.0,,,0.0,0,0,0,,0.0,,2024-07-04 23:59:59.999999999,2023-03-28 11:25:27,2024-07-04 09:18:15,464.524,True,46920.0,2024-07-03 09:38:50,172.0,1.598,0.0,True,46920.0,2024-07-03 09:38:50,172.0,1.598,0.0,True,0,0.0,False,0,0,0,0,0,0,0,0,0,0,0,0,0,0,0,0,0,0,0.0,0,0.0,-0.0,-0.0,1.598,0.0,0,0,0,-0.0,5,AC_BOUND,STATEFUL_NORMAL_RESPONDING,WINDOW_NORMAL_RESPONDING,ACTION_NONE,high,9,responding_or_no_concern,,days_eff=2 days_any=2 cyc_eff=0 hq_nr=0 total_nr=0 cens=0 lg_opp=0 opp=0 norm_anom=-0.00 conf_p=1 micro_only=False cluster=AC_BOUND,No action needed.,Responding normally; no concern.,,False,False,False,False,False,False,False,False,0,2026-06-08T10:02:59Z,rolling30-v2.0,30,1,abs_ge_50mWh
P1G7_SKU5,2025-11-14,2025-10-15 23:59:59.999999999,2025-11-14 23:59:59.999999999,2,0.0,0.001,0.001,0.001,0,0,0,0,0,0,0,False,WINDOW_QUALITY_SHORT_OBS,87.0,87.0,0.0,0.0,0.0,0.0,1.0,53.0,53.0,0.0,53.0,53.0,53.0,0.0,0.0,0.0,0.0,0.0,0,0,1,88800.0,88800.0,88800.0,88800.0,0.0,0,0,0.0,,,98.67,98.67,0,0,0,0,0,0,0,0,0,0,0,0,0,0,0,0.0,0,0,0,,0.0,,,0.0,0,0,0,,0.0,,2025-11-14 23:59:59.999999999,2024-05-14 13:01:11,2025-11-14 11:10:49,549.458,True,90010.0,2024-05-14 13:01:11,2.0,549.458,85.0,False,88800.0,2025-09-18 16:49:32,87.0,57.299,0.0,True,76,30.0,True,0,0,3,0,0,0,0,0,0,0,0,0,0,0,0,0,3,0,0.0,0,0.0,-0.0,-0.0,549.458,85.0,0,0,0,-0.0,-1,SPARSE_OR_GAPPY,STATEFUL_REVIEW_DATA_QUALITY,WINDOW_DATA_QUALITY_REVIEW,ACTION_COLLECT_MORE_DATA_OR_MANUAL_REVIEW,low,1,data_quality_or_history_review,micro_wobble;large_gap_dominant,days_eff=549 days_any=57 cyc_eff=85 hq_nr=0 total_nr=0 cens=0 lg_opp=3 opp=3 norm_anom=-0.00 conf_p=1 micro_only=True cluster=SPARSE_OR_GAPPY,No user-facing action; collecting more data.,Data-quality/history review outranks action (would_have_been=NONE). Collect more data or manual review.,NONE,False,False,True,True,False,False,True,False,0,2026-06-08T10:02:59Z,rolling30-v2.0,30,1,abs_ge_50mWh
P1G7_SVT,2025-07-22,2025-06-22 23:59:59.999999999,2025-07-22 23:59:59.999999999,65,1.272,0.5,0.5,0.595,0,0,0,0,0,0,0,False,WINDOW_QUALITY_SHORT_OBS,51.0,51.0,0.0,0.0,0.9997,0.0461,0.0003,65.0,99.0,34.0,95.0,97.0,98.8,0.0,0.0,0.9805,0.9805,0.7574,2,4,1,89560.0,89560.0,89560.0,89560.0,0.0,0,0,0.0,,,99.51,99.51,0,0,0,0,0,0,0,0,0,0,0,0,0,0,0,0.0,0,0,0,,0.0,,,0.0,0,0,0,,0.0,,2025-07-22 23:59:59.999999999,2024-05-15 03:39:55,2025-07-22 15:08:18,433.847,True,89650.0,2025-03-20 19:57:54,45.0,124.168,6.0,False,89560.0,2025-07-21 08:36:08,51.0,1.642,0.0,True,6,20.0,True,0,0,0,0,0,0,0,0,0,0,0,0,0,0,0,0,0,0,0.0,0,0.0,-0.0,-0.0,124.168,6.0,0,0,0,-0.0,-1,SPARSE_OR_GAPPY,STATEFUL_REVIEW_DATA_QUALITY,WINDOW_DATA_QUALITY_REVIEW,ACTION_COLLECT_MORE_DATA_OR_MANUAL_REVIEW,low,1,data_quality_or_history_review,micro_wobble,days_eff=124 days_any=2 cyc_eff=6 hq_nr=0 total_nr=0 cens=0 lg_opp=0 opp=0 norm_anom=-0.00 conf_p=1 micro_only=True cluster=SPARSE_OR_GAPPY,No user-facing action; collecting more data.,Data-quality/history review outranks action (would_have_been=NONE). Collect more data or manual review.,NONE,False,False,True,False,False,False,True,False,0,2026-06-08T10:02:59Z,rolling30-v2.0,30,1,abs_ge_50mWh
PANTHER3_SVT,2024-01-18,2023-12-19 23:59:59.999999999,2024-01-18 23:59:59.999999999,4,0.004,0.026,0.075,0.08,0,0,0,0,0,0,0,False,WINDOW_QUALITY_SHORT_OBS,20.0,20.0,0.0,0.0,1.0,1.0,0.0,100.0,100.0,0.0,100.0,100.0,100.0,0.0,0.0,1.0,1.0,1.0,0,0,0,58990.0,58990.0,58990.0,58990.0,0.0,0,0,0.0,,,103.4,103.4,0,0,0,0,0,0,0,0,0,0,0,0,0,0,0,0.0,0,0,0,,0.0,,,0.0,0,0,0,,0.0,,2024-01-18 23:59:59.999999999,2023-03-23 13:04:35,2024-01-18 13:13:46,301.455,True,58990.0,2023-03-23 13:04:35,1.0,301.455,19.0,False,58990.0,2023-03-23 13:04:35,1.0,301.455,19.0,False,0,0.0,False,0,0,2,0,0,0,0,0,0,1,0,0,0,0,0,0,2,0,0.0,0,0.0,-0.0,-0.0,301.455,19.0,0,0,0,-0.0,-1,SPARSE_OR_GAPPY,STATEFUL_REVIEW_DATA_QUALITY,WINDOW_DATA_QUALITY_REVIEW,ACTION_COLLECT_MORE_DATA_OR_MANUAL_REVIEW,low,1,data_quality_or_history_review,large_gap_dominant,days_eff=301 days_any=301 cyc_eff=19 hq_nr=0 total_nr=0 cens=0 lg_opp=2 opp=3 norm_anom=-0.00 conf_p=1 micro_only=False cluster=SPARSE_OR_GAPPY,No user-facing action; collecting more data.,Data-quality/history review outranks action (would_have_been=NONE). Collect more data or manual review.,NONE,False,False,False,True,False,False,True,False,0,2026-06-08T10:02:59Z,rolling30-v2.0,30,1,abs_ge_50mWh
PCHEN23-1000044_pchen23,2026-05-27,2026-04-27 23:59:59.999999999,2026-05-27 23:59:59.999999999,1104,29.622,0.5,0.5,94.532,5,5,1,0,0,0,0,False,WINDOW_QUALITY_OK,13.0,14.0,1.0,1.013,0.9591,0.2071,0.0409,2.0,100.0,98.0,95.0,97.0,100.0,0.0047,0.0056,0.9782,0.9704,0.9491,13,21,7,46270.0,46250.0,46250.0,46270.0,20.0,1,0,0.0,,,102.82,102.78,0,1,0,0,1,0,1,0,0,1,0,1,0,0,1,0.0,0,0,0,,0.0,,,0.0,0,0,0,,0.0,,2026-05-27 23:59:59.999999999,2026-03-04 15:11:54,2026-05-27 15:17:47,84.367,True,46350.0,2026-03-23 13:34:23,8.0,65.434,6.0,False,46250.0,2026-05-05 13:01:47,14.0,22.457,0.0,True,6,20.0,True,0,1,4,0,1,1,0,0,1,3,0,1,1,0,0,0,4,0,0.451,0,-0.59962,0.2604,0.2604,65.434,6.0,1,1,0,0.2604,3,AC_BOUND,STATEFUL_FW_WATCH_HIGH_ANOMALY,WINDOW_MICRO_WOBBLE_ONLY,ACTION_FW_ENGINEERING_REVIEW,medium,4,fw_like_no_response_core_requirement_short,fw_like;micro_wobble;large_gap_dominant,days_eff=65 days_any=22 cyc_eff=6 hq_nr=0 total_nr=1 cens=0 lg_opp=4 opp=9 norm_anom=0.26 conf_p=1 micro_only=True cluster=AC_BOUND,No user-facing action; monitoring.,"FW-like no-response signal but a core requirement is short (staleness/cycles/quality). Monitor and add to FW engineering queue. normative anomaly 0.26, 1 no_response since last effective change (65d ago).",,True,False,True,True,False,False,False,False,0,2026-06-08T10:02:59Z,rolling30-v2.0,30,1,abs_ge_50mWh
PCHEN23-5000001_pchen23,2024-11-15,2024-10-16 23:59:59.999999999,2024-11-15 23:59:59.999999999,176,29.157,0.5,18.387,198.254,19,13,5,0,0,0,0,False,WINDOW_QUALITY_OK,11.0,16.0,5.0,5.145,0.3828,0.1908,0.618,8.0,100.0,92.0,25.75,71.0,100.0,0.0044,0.0481,0.4014,0.2672,0.2353,32,35,17,57890.0,57810.0,57810.0,57890.0,80.0,2,1,50.0,2024-11-12 10:46:42,16.0,99.81,99.67,0,1,0,0,1,0,1,0,0,1,0,1,0,0,1,0.0,0,0,0,,0.0,,,0.0,0,0,0,,0.0,,2024-11-15 23:59:59.999999999,2024-09-13 08:21:27,2024-11-15 13:10:07,63.652,True,57810.0,2024-11-12 10:46:42,16.0,3.551,0.0,True,57810.0,2024-11-12 10:46:42,16.0,3.551,0.0,True,0,0.0,False,0,0,0,0,0,0,0,0,0,0,0,0,0,0,0,0,0,0,0.0,0,0.0,-0.0,-0.0,3.551,0.0,0,0,0,-0.0,4,MOBILE_DEEP_CYCLE,STATEFUL_NORMAL_RESPONDING,WINDOW_NORMAL_RESPONDING,ACTION_NONE,high,9,responding_or_no_concern,,days_eff=4 days_any=4 cyc_eff=0 hq_nr=0 total_nr=0 cens=0 lg_opp=0 opp=0 norm_anom=-0.00 conf_p=1 micro_only=False cluster=MOBILE_DEEP_CYCLE,No action needed.,Responding normally; no concern.,,False,False,False,False,False,False,False,False,0,2026-06-08T10:02:59Z,rolling30-v2.0,30,1,abs_ge_50mWh
PCHEN23-F4KXHBP_pchen23,2024-01-17,2023-12-18 23:59:59.999999999,2024-01-17 23:59:59.999999999,59,27.853,0.5,96.049,192.058,8,6,5,0,0,0,0,False,WINDOW_QUALITY_SPARSE,3.0,3.0,0.0,0.0,0.9747,0.0,0.0253,95.0,100.0,5.0,95.0,98.0,98.0,0.0,0.0,1.0,1.0,0.8246,12,12,6,50970.0,50970.0,50970.0,50970.0,0.0,0,0,0.0,,,98.95,98.95,0,0,0,0,0,0,0,0,0,0,0,0,0,0,0,0.0,0,0,0,,0.0,,,0.0,0,0,0,,0.0,,2024-01-17 23:59:59.999999999,2023-09-20 08:08:02,2024-01-17 11:02:38,119.661,True,50970.0,2023-12-15 13:51:55,3.0,33.422,0.0,True,50970.0,2023-12-15 13:51:55,3.0,33.422,0.0,True,0,0.0,False,0,0,0,0,0,0,0,0,0,0,0,0,0,0,0,0,0,0,0.0,0,0.0,-0.0,-0.0,33.422,0.0,0,0,0,-0.0,-1,SPARSE_OR_GAPPY,STATEFUL_REVIEW_DATA_QUALITY,WINDOW_DATA_QUALITY_REVIEW,ACTION_COLLECT_MORE_DATA_OR_MANUAL_REVIEW,low,1,data_quality_or_history_review,,days_eff=33 days_any=33 cyc_eff=0 hq_nr=0 total_nr=0 cens=0 lg_opp=0 opp=0 norm_anom=-0.00 conf_p=1 micro_only=False cluster=SPARSE_OR_GAPPY,No user-facing action; collecting more data.,Data-quality/history review outranks action (would_have_been=NONE). Collect more data or manual review.,NONE,False,False,False,False,False,False,True,False,0,2026-06-08T10:02:59Z,rolling30-v2.0,30,1,abs_ge_50mWh
PCHEN23-F5FSWCG_pchen23,2025-09-17,2025-08-18 23:59:59.999999999,2025-09-17 23:59:59.999999999,242,28.94,0.5,18.658,99.507,21,19,5,0,0,0,0,False,WINDOW_QUALITY_OK,28.0,38.0,10.0,10.366,0.2431,0.1802,0.7569,1.0,100.0,99.0,13.0,67.0,100.0,0.0464,0.0872,0.222,0.1301,0.1074,51,57,26,55630.0,54830.0,53690.0,55960.0,2270.0,13,5,1720.0,2025-09-16 12:39:03,38.0,97.6,96.19,0,7,0,0,7,0,6,0,0,6,0,3,0,0,3,0.0,0,0,0,,0.0,,,0.0,0,0,0,,0.0,,2025-09-17 23:59:59.999999999,2025-05-20 15:00:01,2025-09-17 09:48:51,120.375,True,54830.0,2025-09-16 12:39:03,38.0,1.473,0.0,True,54830.0,2025-09-16 12:39:03,38.0,1.473,0.0,True,0,0.0,False,0,0,0,0,0,0,0,0,0,0,0,0,0,0,0,0,0,0,0.0,0,0.0,-0.0,-0.0,1.473,0.0,0,0,0,-0.0,4,MOBILE_DEEP_CYCLE,STATEFUL_NORMAL_RESPONDING,WINDOW_NORMAL_RESPONDING,ACTION_NONE,high,9,responding_or_no_concern,,days_eff=1 days_any=1 cyc_eff=0 hq_nr=0 total_nr=0 cens=0 lg_opp=0 opp=0 norm_anom=-0.00 conf_p=1 micro_only=False cluster=MOBILE_DEEP_CYCLE,No action needed.,Responding normally; no concern.,,False,False,False,False,False,False,False,False,0,2026-06-08T10:02:59Z,rolling30-v2.0,30,1,abs_ge_50mWh
PCHEN23-W0ABC67_pchen23,2024-05-19,2024-04-19 23:59:59.999999999,2024-05-19 23:59:59.999999999,351,27.504,0.5,3.989,95.095,15,11,6,0,0,0,0,False,WINDOW_QUALITY_OK,9.0,16.0,7.0,7.635,0.6159,0.1246,0.3841,1.0,100.0,99.0,42.0,100.0,100.0,0.0029,0.0251,0.7619,0.6818,0.5373,53,72,27,40870.0,40150.0,40150.0,41100.0,950.0,27,17,800.0,2024-05-19 23:29:40,16.0,97.31,95.6,0,3,0,0,3,0,2,0,0,2,0,2,0,0,2,0.0,0,0,0,,0.0,,,0.0,0,0,0,,0.0,,2024-05-19 23:59:59.999999999,2024-04-10 11:48:36,2024-05-19 23:29:40,39.508,False,40150.0,2024-05-19 23:29:40,16.0,0.021,0.0,False,40150.0,2024-05-19 23:29:40,16.0,0.021,0.0,False,0,0.0,False,0,0,0,0,0,0,0,0,0,0,0,0,0,0,0,0,0,0,0.0,0,0.0,-0.0,-0.0,0.021,0.0,0,0,0,-0.0,4,MOBILE_DEEP_CYCLE,STATEFUL_REVIEW_DATA_QUALITY,WINDOW_NORMAL_RESPONDING,ACTION_COLLECT_MORE_DATA_OR_MANUAL_REVIEW,low,1,data_quality_or_history_review,,days_eff=0 days_any=0 cyc_eff=0 hq_nr=0 total_nr=0 cens=0 lg_opp=0 opp=0 norm_anom=-0.00 conf_p=1 micro_only=False cluster=MOBILE_DEEP_CYCLE,No user-facing action; collecting more data.,Data-quality/history review outranks action (would_have_been=NONE). Collect more data or manual review.,NONE,False,False,False,False,False,True,False,False,0,2026-06-08T10:02:59Z,rolling30-v2.0,30,1,abs_ge_50mWh
PEGGY_2,2024-02-21,2024-01-22 23:59:59.999999999,2024-02-21 23:59:59.999999999,15,28.962,0.904,266.447,547.315,3,3,2,0,0,0,0,False,WINDOW_QUALITY_SHORT_OBS,14.0,14.0,0.0,0.0,0.0103,0.0103,0.9897,72.0,94.0,22.0,74.1,78.0,88.4,0.0,0.0,0.4215,0.1021,0.0,5,5,3,48150.0,48150.0,48150.0,48150.0,0.0,0,0,0.0,,,93.48,93.48,0,0,0,0,0,0,0,0,0,0,0,0,0,0,0,0.0,0,0,0,,0.0,,,0.0,0,0,0,,0.0,,2024-02-21 23:59:59.999999999,2023-11-07 17:42:11,2024-02-21 10:07:00,106.262,True,48150.0,2024-01-22 17:17:02,14.0,30.28,0.0,True,48150.0,2024-01-22 17:17:02,14.0,30.28,0.0,True,0,0.0,False,0,0,0,0,0,0,0,0,0,0,0,0,0,0,0,0,0,0,0.0,0,0.0,-0.0,-0.0,30.28,0.0,0,0,0,-0.0,-1,SPARSE_OR_GAPPY,STATEFUL_REVIEW_DATA_QUALITY,WINDOW_DATA_QUALITY_REVIEW,ACTION_COLLECT_MORE_DATA_OR_MANUAL_REVIEW,low,1,data_quality_or_history_review,,days_eff=30 days_any=30 cyc_eff=0 hq_nr=0 total_nr=0 cens=0 lg_opp=0 opp=0 norm_anom=-0.00 conf_p=1 micro_only=False cluster=SPARSE_OR_GAPPY,No user-facing action; collecting more data.,Data-quality/history review outranks action (would_have_been=NONE). Collect more data or manual review.,NONE,False,False,False,False,False,False,True,False,0,2026-06-08T10:02:59Z,rolling30-v2.0,30,1,abs_ge_50mWh
PETER_pchen23,2026-03-17,2026-02-15 23:59:59.999999999,2026-03-17 23:59:59.999999999,300,26.408,0.5,12.687,103.118,18,16,4,0,0,0,0,False,WINDOW_QUALITY_OK,11.0,22.0,11.0,12.496,0.4111,0.237,0.5889,2.0,100.0,98.0,7.95,26.5,98.0,0.0831,0.4183,0.1356,0.1109,0.0963,50,61,25,58010.0,57010.0,57010.0,58900.0,1890.0,12,2,1820.0,2026-03-03 10:28:18,17.0,100.02,98.29,0,7,0,0,7,0,7,0,0,7,0,4,0,0,4,0.0,0,0,0,,0.0,,,0.0,0,0,0,,0.0,,2026-03-17 23:59:59.999999999,2026-01-14 14:19:42,2026-03-17 20:39:54,62.403,True,57070.0,2026-03-03 10:28:18,17.0,14.564,5.0,True,57010.0,2026-03-16 20:07:27,22.0,1.161,0.0,True,5,20.0,True,0,1,2,0,1,1,0,0,0,1,0,0,0,0,0,0,2,0,0.451,0,-0.59962,0.2604,0.2604,14.564,5.0,1,0,0,0.2604,0,MOBILE_DEEP_CYCLE,STATEFUL_WATCH_LARGE_GAP_OR_CENSORED,WINDOW_NORMAL_RESPONDING,ACTION_MONITOR_NEXT_WINDOW,low,7,large_gap_or_censored_dominant,fw_like;micro_wobble;large_gap_dominant,days_eff=15 days_any=1 cyc_eff=5 hq_nr=0 total_nr=1 cens=0 lg_opp=2 opp=4 norm_anom=0.26 conf_p=1 micro_only=True cluster=MOBILE_DEEP_CYCLE,No user-facing action; monitoring.,Ambiguous/weak evidence (14d since effective change); monitor next window.,,True,False,True,True,False,False,False,False,0,2026-06-08T10:02:59Z,rolling30-v2.0,30,1,abs_ge_50mWh
PF3KG4XY_TP-Telemetry,2025-01-14,2024-12-15 23:59:59.999999999,2025-01-14 23:59:59.999999999,87,28.998,0.5,9.042,590.029,5,4,1,0,0,0,0,False,WINDOW_QUALITY_OK,37.0,37.0,0.0,0.0,1.0,0.0,0.0,71.0,80.0,9.0,71.0,72.0,78.0,0.0,0.0,0.0,0.0,0.0,0,0,0,56990.0,56990.0,56990.0,56990.0,0.0,0,0,0.0,,,99.98,99.98,0,0,0,0,0,0,0,0,0,0,0,0,0,0,0,0.0,0,0,0,,0.0,,,0.0,0,0,0,,0.0,,2025-01-14 23:59:59.999999999,2024-07-24 13:25:19,2025-01-14 09:38:20,174.441,True,56990.0,2024-07-24 13:25:19,34.0,174.441,3.0,False,56990.0,2024-07-24 13:25:19,34.0,174.441,3.0,False,0,0.0,False,0,0,0,0,0,0,0,0,0,0,0,0,0,0,0,0,0,0,0.0,0,0.0,-0.0,-0.0,174.441,3.0,0,0,0,-0.0,2,MOBILE_DEEP_CYCLE,STATEFUL_NORMAL_RESPONDING,WINDOW_LOW_INFORMATION,ACTION_NONE,high,9,responding_or_no_concern,,days_eff=174 days_any=174 cyc_eff=3 hq_nr=0 total_nr=0 cens=0 lg_opp=0 opp=0 norm_anom=-0.00 conf_p=1 micro_only=False cluster=MOBILE_DEEP_CYCLE,No action needed.,Responding normally; no concern.,,False,False,False,False,False,False,False,False,0,2026-06-08T10:02:59Z,rolling30-v2.0,30,1,abs_ge_50mWh
PF3MBEZV_TP-Telemetry,2024-12-16,2024-11-16 23:59:59.999999999,2024-12-16 23:59:59.999999999,257,26.039,0.5,16.811,58.907,24,17,6,0,0,0,0,False,WINDOW_QUALITY_OK,5.0,8.0,3.0,3.456,0.9136,0.0501,0.0864,2.0,100.0,98.0,28.4,79.0,100.0,0.0268,0.0268,0.2923,0.2824,0.2661,15,20,8,56990.0,56990.0,56990.0,56990.0,0.0,0,0,0.0,,,99.98,99.98,0,2,0,0,2,0,2,0,0,2,0,2,0,0,2,0.0,0,0,0,,0.0,,,0.0,0,0,0,,0.0,,2024-12-16 23:59:59.999999999,2024-11-20 17:19:10,2024-12-16 18:15:03,26.278,False,56990.0,2024-11-20 17:19:10,5.0,26.278,3.0,False,56990.0,2024-11-20 17:19:10,5.0,26.278,3.0,False,0,0.0,False,0,0,2,0,0,0,0,0,0,2,0,0,0,0,0,0,2,0,0.0,0,0.0,-0.0,-0.0,26.278,3.0,0,0,0,-0.0,1,AC_BOUND,STATEFUL_REVIEW_DATA_QUALITY,WINDOW_LARGE_GAP_AMBIGUOUS,ACTION_COLLECT_MORE_DATA_OR_MANUAL_REVIEW,low,1,data_quality_or_history_review,large_gap_dominant,days_eff=26 days_any=26 cyc_eff=3 hq_nr=0 total_nr=0 cens=0 lg_opp=2 opp=4 norm_anom=-0.00 conf_p=1 micro_only=False cluster=AC_BOUND,No user-facing action; collecting more data.,Data-quality/history review outranks action (would_have_been=NONE). Collect more data or manual review.,NONE,False,False,False,True,False,True,False,False,0,2026-06-08T10:02:59Z,rolling30-v2.0,30,1,abs_ge_50mWh
PF3MBQME_TP-Telemetry,2024-11-11,2024-10-12 23:59:59.999999999,2024-11-11 23:59:59.999999999,162,27.196,0.5,19.854,139.388,17,15,4,0,0,0,0,False,WINDOW_QUALITY_OK,15.0,15.0,0.0,0.0,1.0,0.0047,0.0,76.0,80.0,4.0,76.0,78.0,79.0,0.0,0.0,0.0,0.0,0.0,0,2,0,51300.0,51300.0,51300.0,51300.0,0.0,0,0,0.0,,,89.92,89.92,0,0,0,0,0,0,0,0,0,0,0,0,0,0,0,0.0,0,0,0,,0.0,,,0.0,0,0,0,,0.0,,2024-11-11 23:59:59.999999999,2024-07-24 18:16:00,2024-11-11 18:33:06,110.239,True,51310.0,2024-07-24 18:16:00,14.0,110.239,1.0,False,51300.0,2024-07-25 09:46:51,14.0,109.592,1.0,False,1,10.0,True,0,0,0,0,0,0,0,0,0,0,0,0,0,0,0,0,0,0,0.0,0,0.0,-0.0,-0.0,110.239,1.0,0,0,0,-0.0,2,MOBILE_DEEP_CYCLE,STATEFUL_NORMAL_RESPONDING,WINDOW_LOW_INFORMATION,ACTION_NONE,high,9,responding_or_no_concern,micro_wobble,days_eff=110 days_any=110 cyc_eff=1 hq_nr=0 total_nr=0 cens=0 lg_opp=0 opp=0 norm_anom=-0.00 conf_p=1 micro_only=True cluster=MOBILE_DEEP_CYCLE,No action needed.,Responding normally; no concern.,,False,False,True,False,False,False,False,False,0,2026-06-08T10:02:59Z,rolling30-v2.0,30,1,abs_ge_50mWh
PF3MC003_TP-Telemetry,2024-10-10,2024-09-10 23:59:59.999999999,2024-10-10 23:59:59.999999999,58,22.816,0.5,17.508,334.215,8,5,2,0,0,0,0,False,WINDOW_QUALITY_OK,4.0,5.0,1.0,1.315,0.8796,0.0844,0.1204,45.0,79.0,34.0,49.7,73.0,79.0,0.0,0.0,0.0,0.0,0.0,2,4,1,56970.0,56970.0,56970.0,56970.0,0.0,0,0,0.0,,,99.95,99.95,0,0,0,0,0,0,0,0,0,0,0,0,0,0,0,0.0,0,0,0,,0.0,,,0.0,0,0,0,,0.0,,2024-10-10 23:59:59.999999999,2024-07-26 16:11:25,2024-10-10 13:36:19,76.325,True,57000.0,2024-07-26 17:36:39,4.0,76.266,1.0,False,56970.0,2024-07-29 09:26:22,4.0,73.607,1.0,False,1,30.0,True,0,0,0,0,0,0,0,0,0,0,0,0,0,0,0,0,0,0,0.0,0,0.0,-0.0,-0.0,76.266,1.0,0,0,0,-0.0,2,MOBILE_DEEP_CYCLE,STATEFUL_NORMAL_RESPONDING,WINDOW_INSUFFICIENT_LEARNING_OPPORTUNITY,ACTION_NONE,high,9,responding_or_no_concern,micro_wobble,days_eff=76 days_any=74 cyc_eff=1 hq_nr=0 total_nr=0 cens=0 lg_opp=0 opp=0 norm_anom=-0.00 conf_p=1 micro_only=True cluster=MOBILE_DEEP_CYCLE,No action needed.,Responding normally; no concern.,,False,False,True,False,False,False,False,False,0,2026-06-08T10:02:59Z,rolling30-v2.0,30,1,abs_ge_50mWh
PF3MC0GA_TP-Telemetry,2024-12-13,2024-11-13 23:59:59.999999999,2024-12-13 23:59:59.999999999,181,29.756,0.5,19.9,140.082,20,15,7,0,0,0,0,False,WINDOW_QUALITY_OK,4.0,4.0,0.0,0.0,1.0,0.0039,0.0,76.0,80.0,4.0,76.0,77.0,79.0,0.0,0.0,0.0,0.0,0.0,0,2,0,58960.0,58960.0,58960.0,58960.0,0.0,0,0,0.0,,,103.35,103.35,0,0,0,0,0,0,0,0,0,0,0,0,0,0,0,0.0,0,0,0,,0.0,,,0.0,0,0,0,,0.0,,2024-12-13 23:59:59.999999999,2024-07-26 12:28:36,2024-12-13 19:05:55,140.48,True,58960.0,2024-07-26 12:28:36,3.0,140.48,1.0,False,58960.0,2024-07-26 12:28:36,3.0,140.48,1.0,False,0,0.0,False,0,0,0,0,0,0,0,0,0,0,0,0,0,0,0,0,0,0,0.0,0,0.0,-0.0,-0.0,140.48,1.0,0,0,0,-0.0,2,MOBILE_DEEP_CYCLE,STATEFUL_NORMAL_RESPONDING,WINDOW_LOW_INFORMATION,ACTION_NONE,high,9,responding_or_no_concern,,days_eff=140 days_any=140 cyc_eff=1 hq_nr=0 total_nr=0 cens=0 lg_opp=0 opp=0 norm_anom=-0.00 conf_p=1 micro_only=False cluster=MOBILE_DEEP_CYCLE,No action needed.,Responding normally; no concern.,,False,False,False,False,False,False,False,False,0,2026-06-08T10:02:59Z,rolling30-v2.0,30,1,abs_ge_50mWh
PF3MDFBG_TP-Telemetry,2025-01-14,2024-12-15 23:59:59.999999999,2025-01-14 23:59:59.999999999,87,28.986,0.5,8.905,590.018,5,4,1,0,0,0,0,False,WINDOW_QUALITY_OK,21.0,21.0,0.0,0.0,1.0,0.0,0.0,81.0,85.0,4.0,84.0,85.0,85.0,0.0,0.0,1.0,0.0,0.0,0,0,0,56990.0,56990.0,56990.0,56990.0,0.0,0,0,0.0,,,99.98,99.98,0,0,0,0,0,0,0,0,0,0,0,0,0,0,0,0.0,0,0,0,,0.0,,,0.0,0,0,0,,0.0,,2025-01-14 23:59:59.999999999,2024-11-19 14:41:18,2025-01-14 09:39:08,56.388,False,56990.0,2024-11-19 14:41:18,21.0,56.388,0.0,False,56990.0,2024-11-19 14:41:18,21.0,56.388,0.0,False,0,0.0,False,0,0,0,0,0,0,0,0,0,0,0,0,0,0,0,0,0,0,0.0,0,0.0,-0.0,-0.0,56.388,0.0,0,0,0,-0.0,2,MOBILE_DEEP_CYCLE,STATEFUL_REVIEW_DATA_QUALITY,WINDOW_LOW_INFORMATION,ACTION_COLLECT_MORE_DATA_OR_MANUAL_REVIEW,low,1,data_quality_or_history_review,,days_eff=56 days_any=56 cyc_eff=0 hq_nr=0 total_nr=0 cens=0 lg_opp=0 opp=0 norm_anom=-0.00 conf_p=1 micro_only=False cluster=MOBILE_DEEP_CYCLE,No user-facing action; collecting more data.,Data-quality/history review outranks action (would_have_been=NONE). Collect more data or manual review.,NONE,False,False,False,False,False,True,False,False,0,2026-06-08T10:02:59Z,rolling30-v2.0,30,1,abs_ge_50mWh
PF3MDFJC_TP-Telemetry,2024-11-25,2024-10-26 23:59:59.999999999,2024-11-25 23:59:59.999999999,533,27.963,0.5,1.433,138.96,12,12,3,0,0,0,0,False,WINDOW_QUALITY_OK,5.0,5.0,0.0,0.0,1.0,0.0,0.0,76.0,80.0,4.0,76.0,78.0,78.0,0.0,0.0,0.0,0.0,0.0,0,0,0,58970.0,58970.0,58970.0,58970.0,0.0,0,0,0.0,,,103.37,103.37,0,0,0,0,0,0,0,0,0,0,0,0,0,0,0,0.0,0,0,0,,0.0,,,0.0,0,0,0,,0.0,,2024-11-25 23:59:59.999999999,2024-07-24 10:49:27,2024-11-25 08:31:28,124.549,True,58970.0,2024-07-24 10:49:27,3.0,124.549,2.0,False,58970.0,2024-07-24 10:49:27,3.0,124.549,2.0,False,0,0.0,False,0,0,0,0,0,0,0,0,0,0,0,0,0,0,0,0,0,0,0.0,0,0.0,-0.0,-0.0,124.549,2.0,0,0,0,-0.0,2,MOBILE_DEEP_CYCLE,STATEFUL_NORMAL_RESPONDING,WINDOW_LOW_INFORMATION,ACTION_NONE,high,9,responding_or_no_concern,,days_eff=125 days_any=125 cyc_eff=2 hq_nr=0 total_nr=0 cens=0 lg_opp=0 opp=0 norm_anom=-0.00 conf_p=1 micro_only=False cluster=MOBILE_DEEP_CYCLE,No action needed.,Responding normally; no concern.,,False,False,False,False,False,False,False,False,0,2026-06-08T10:02:59Z,rolling30-v2.0,30,1,abs_ge_50mWh
PF3MDXHT_TP-Telemetry,2024-11-11,2024-10-12 23:59:59.999999999,2024-11-11 23:59:59.999999999,303,27.022,0.5,14.369,73.009,16,16,4,0,0,0,0,False,WINDOW_QUALITY_OK,4.0,4.0,0.0,0.0,1.0,0.0028,0.0,76.0,80.0,4.0,76.0,77.0,79.0,0.0,0.0,0.0,0.0,0.0,0,2,0,51860.0,51860.0,51860.0,51860.0,0.0,0,0,0.0,,,90.9,90.9,0,0,0,0,0,0,0,0,0,0,0,0,0,0,0,0.0,0,0,0,,0.0,,,0.0,0,0,0,,0.0,,2024-11-11 23:59:59.999999999,2024-07-23 17:12:48,2024-11-11 14:21:34,111.283,True,51860.0,2024-07-30 13:23:47,3.0,104.442,1.0,False,51860.0,2024-07-30 13:23:47,3.0,104.442,1.0,False,0,0.0,False,0,0,0,0,0,0,0,0,0,0,0,0,0,0,0,0,0,0,0.0,0,0.0,-0.0,-0.0,104.442,1.0,0,0,0,-0.0,2,MOBILE_DEEP_CYCLE,STATEFUL_NORMAL_RESPONDING,WINDOW_LOW_INFORMATION,ACTION_NONE,high,9,responding_or_no_concern,,days_eff=104 days_any=104 cyc_eff=1 hq_nr=0 total_nr=0 cens=0 lg_opp=0 opp=0 norm_anom=-0.00 conf_p=1 micro_only=False cluster=MOBILE_DEEP_CYCLE,No action needed.,Responding normally; no concern.,,False,False,False,False,False,False,False,False,0,2026-06-08T10:02:59Z,rolling30-v2.0,30,1,abs_ge_50mWh
PF3MF7LQ_TP-Telemetry,2024-12-13,2024-11-13 23:59:59.999999999,2024-12-13 23:59:59.999999999,234,24.205,0.5,14.87,66.913,21,14,4,0,0,0,0,False,WINDOW_QUALITY_OK,2.0,3.0,1.0,1.239,0.941,0.0179,0.059,63.0,100.0,37.0,76.0,76.0,79.0,0.0,0.0,0.0493,0.03,0.004,3,6,2,58970.0,58960.0,58960.0,58970.0,10.0,1,0,0.0,,,103.37,103.35,0,0,0,0,0,0,0,0,0,0,0,0,0,0,0,0.0,0,0,0,,0.0,,,0.0,0,0,0,,0.0,,2024-12-13 23:59:59.999999999,2024-11-19 14:33:25,2024-12-13 19:29:18,24.393,False,58970.0,2024-11-19 14:33:25,2.0,24.393,1.0,False,58960.0,2024-11-19 16:36:21,3.0,24.308,0.0,False,1,10.0,True,0,0,0,0,0,0,0,0,0,0,0,0,0,0,0,0,0,0,0.0,0,0.0,-0.0,-0.0,24.393,1.0,0,0,0,-0.0,2,MOBILE_DEEP_CYCLE,STATEFUL_REVIEW_DATA_QUALITY,WINDOW_MICRO_WOBBLE_ONLY,ACTION_COLLECT_MORE_DATA_OR_MANUAL_REVIEW,low,1,data_quality_or_history_review,micro_wobble,days_eff=24 days_any=24 cyc_eff=1 hq_nr=0 total_nr=0 cens=0 lg_opp=0 opp=0 norm_anom=-0.00 conf_p=1 micro_only=True cluster=MOBILE_DEEP_CYCLE,No user-facing action; collecting more data.,Data-quality/history review outranks action (would_have_been=NONE). Collect more data or manual review.,NONE,False,False,True,False,False,True,False,False,0,2026-06-08T10:02:59Z,rolling30-v2.0,30,1,abs_ge_50mWh
PF3QE5N0_TP-Telemetry,2024-12-16,2024-11-16 23:59:59.999999999,2024-12-16 23:59:59.999999999,270,26.184,0.5,12.399,66.532,21,16,5,0,0,0,0,False,WINDOW_QUALITY_OK,8.0,11.0,3.0,3.437,0.9768,0.2423,0.0232,2.0,100.0,98.0,43.45,78.0,88.65,0.0148,0.0177,0.0493,0.0399,0.017,8,41,4,56990.0,56990.0,56990.0,56990.0,0.0,0,0,0.0,,,99.98,99.98,0,1,0,0,1,0,0,0,0,0,0,0,0,0,0,0.0,0,0,0,,0.0,,,0.0,0,0,0,,0.0,,2024-12-16 23:59:59.999999999,2024-11-20 13:57:26,2024-12-16 18:22:45,26.418,False,56990.0,2024-11-20 13:57:26,8.0,26.418,3.0,False,56990.0,2024-11-20 13:57:26,8.0,26.418,3.0,False,0,0.0,False,0,0,1,0,0,0,0,0,0,0,0,0,0,0,0,0,1,0,0.0,0,0.0,-0.0,-0.0,26.418,3.0,0,0,0,-0.0,1,AC_BOUND,STATEFUL_REVIEW_DATA_QUALITY,WINDOW_LARGE_GAP_AMBIGUOUS,ACTION_COLLECT_MORE_DATA_OR_MANUAL_REVIEW,low,1,data_quality_or_history_review,large_gap_dominant,days_eff=26 days_any=26 cyc_eff=3 hq_nr=0 total_nr=0 cens=0 lg_opp=1 opp=1 norm_anom=-0.00 conf_p=1 micro_only=False cluster=AC_BOUND,No user-facing action; collecting more data.,Data-quality/history review outranks action (would_have_been=NONE). Collect more data or manual review.,NONE,False,False,False,True,False,True,False,False,0,2026-06-08T10:02:59Z,rolling30-v2.0,30,1,abs_ge_50mWh
PF6299VT_LIP,2026-04-10,2026-03-11 23:59:59.999999999,2026-04-10 23:59:59.999999999,948,29.422,0.5,0.5,237.305,1,1,1,0,0,0,0,False,WINDOW_QUALITY_OK,4.0,5.0,1.0,1.02,0.9997,0.0234,0.0003,89.0,100.0,11.0,95.0,97.0,100.0,0.0,0.0,1.0,0.9987,0.8734,2,43,1,59180.0,59170.0,59170.0,59180.0,10.0,1,0,0.0,,,102.03,102.02,0,0,0,0,0,0,0,0,0,0,0,0,0,0,0,0.0,0,0,0,,0.0,,,0.0,0,0,0,,0.0,,2026-04-10 23:59:59.999999999,2026-02-17 02:29:15,2026-04-10 10:26:10,52.896,False,59200.0,2026-02-17 02:29:15,2.0,52.896,3.0,False,59170.0,2026-04-01 15:52:53,5.0,9.338,0.0,False,3,10.0,True,0,0,0,0,0,0,0,0,0,0,0,0,0,0,0,0,0,0,0.0,0,0.0,-0.0,-0.0,52.896,3.0,0,0,0,-0.0,5,AC_BOUND,STATEFUL_REVIEW_DATA_QUALITY,WINDOW_MICRO_WOBBLE_ONLY,ACTION_COLLECT_MORE_DATA_OR_MANUAL_REVIEW,low,1,data_quality_or_history_review,micro_wobble,days_eff=53 days_any=9 cyc_eff=3 hq_nr=0 total_nr=0 cens=0 lg_opp=0 opp=0 norm_anom=-0.00 conf_p=1 micro_only=True cluster=AC_BOUND,No user-facing action; collecting more data.,Data-quality/history review outranks action (would_have_been=NONE). Collect more data or manual review.,NONE,False,False,True,False,False,True,False,False,0,2026-06-08T10:02:59Z,rolling30-v2.0,30,1,abs_ge_50mWh
PF62AGYW_LIP,2026-06-01,2026-05-02 23:59:59.999999999,2026-06-01 23:59:59.999999999,1122,29.379,0.5,0.5,97.046,4,4,1,0,0,0,0,False,WINDOW_QUALITY_OK,10.0,13.0,3.0,3.063,0.9884,0.0659,0.0116,93.0,100.0,7.0,95.0,98.0,100.0,0.0,0.0,1.0,1.0,0.9271,4,109,2,59210.0,59200.0,59200.0,59210.0,10.0,1,0,0.0,,,102.09,102.07,0,0,0,0,0,0,0,0,0,0,0,0,0,0,0,0.0,0,0,0,,0.0,,,0.0,0,0,0,,0.0,,2026-06-01 23:59:59.999999999,2026-02-16 21:01:27,2026-06-01 09:17:42,105.124,True,59330.0,2026-02-16 21:01:27,0.0,105.124,13.0,False,59200.0,2026-05-13 17:20:36,11.0,19.277,2.0,True,11,20.0,True,0,0,0,0,0,0,0,0,0,0,0,0,0,0,0,0,0,0,0.0,0,0.0,-0.0,-0.0,105.124,13.0,0,0,0,-0.0,5,AC_BOUND,STATEFUL_NORMAL_RESPONDING,WINDOW_MICRO_WOBBLE_ONLY,ACTION_NONE,high,9,responding_or_no_concern,micro_wobble,days_eff=105 days_any=19 cyc_eff=13 hq_nr=0 total_nr=0 cens=0 lg_opp=0 opp=0 norm_anom=-0.00 conf_p=1 micro_only=True cluster=AC_BOUND,No action needed.,Responding normally; no concern.,,False,False,True,False,False,False,False,False,0,2026-06-08T10:02:59Z,rolling30-v2.0,30,1,abs_ge_50mWh
PF62AL6S_LIP,2026-06-01,2026-05-02 23:59:59.999999999,2026-06-01 23:59:59.999999999,1119,29.382,0.5,0.5,97.01,4,4,1,0,0,0,0,False,WINDOW_QUALITY_OK,3.0,4.0,1.0,1.021,0.9881,0.0187,0.0119,92.0,100.0,8.0,95.0,97.0,100.0,0.0,0.0,1.0,1.0,0.8642,4,40,2,58090.0,58090.0,58090.0,58090.0,0.0,0,0,0.0,,,100.16,100.16,0,0,0,0,0,0,0,0,0,0,0,0,0,0,0,0.0,0,0,0,,0.0,,,0.0,0,0,0,,0.0,,2026-06-01 23:59:59.999999999,2026-02-18 09:04:49,2026-06-01 09:17:20,103.622,True,58110.0,2026-02-18 09:04:49,1.0,103.622,3.0,False,58090.0,2026-04-19 16:54:17,3.0,43.296,1.0,True,2,10.0,True,0,0,0,0,0,0,0,0,0,0,0,0,0,0,0,0,0,0,0.0,0,0.0,-0.0,-0.0,103.622,3.0,0,0,0,-0.0,5,AC_BOUND,STATEFUL_NORMAL_RESPONDING,WINDOW_INSUFFICIENT_LEARNING_OPPORTUNITY,ACTION_NONE,high,9,responding_or_no_concern,micro_wobble,days_eff=104 days_any=43 cyc_eff=3 hq_nr=0 total_nr=0 cens=0 lg_opp=0 opp=0 norm_anom=-0.00 conf_p=1 micro_only=True cluster=AC_BOUND,No action needed.,Responding normally; no concern.,,False,False,True,False,False,False,False,False,0,2026-06-08T10:02:59Z,rolling30-v2.0,30,1,abs_ge_50mWh
PF62APQP_LIP,2026-04-10,2026-03-11 23:59:59.999999999,2026-04-10 23:59:59.999999999,950,29.432,0.5,0.5,236.969,1,1,1,0,0,0,0,False,WINDOW_QUALITY_OK,2.0,2.0,0.0,0.0,0.999,0.0095,0.001,90.0,100.0,10.0,95.0,97.0,100.0,0.0,0.0,1.0,0.999,0.7528,2,17,1,58030.0,58030.0,58030.0,58030.0,0.0,0,0,0.0,,,100.05,100.05,0,0,0,0,0,0,0,0,0,0,0,0,0,0,0,0.0,0,0,0,,0.0,,,0.0,0,0,0,,0.0,,2026-04-10 23:59:59.999999999,2026-02-17 02:35:08,2026-04-10 10:42:19,52.892,False,58030.0,2026-02-17 02:35:08,1.0,52.892,1.0,False,58030.0,2026-02-17 02:35:08,1.0,52.892,1.0,False,0,0.0,False,0,0,0,0,0,0,0,0,0,0,0,0,0,0,0,0,0,0,0.0,0,0.0,-0.0,-0.0,52.892,1.0,0,0,0,-0.0,5,AC_BOUND,STATEFUL_REVIEW_DATA_QUALITY,WINDOW_LOW_INFORMATION,ACTION_COLLECT_MORE_DATA_OR_MANUAL_REVIEW,low,1,data_quality_or_history_review,,days_eff=53 days_any=53 cyc_eff=1 hq_nr=0 total_nr=0 cens=0 lg_opp=0 opp=0 norm_anom=-0.00 conf_p=1 micro_only=False cluster=AC_BOUND,No user-facing action; collecting more data.,Data-quality/history review outranks action (would_have_been=NONE). Collect more data or manual review.,NONE,False,False,False,False,False,True,False,False,0,2026-06-08T10:02:59Z,rolling30-v2.0,30,1,abs_ge_50mWh
PF62APRB_LIP,2026-06-01,2026-05-02 23:59:59.999999999,2026-06-01 23:59:59.999999999,1121,29.368,0.5,0.5,97.012,4,4,1,0,0,0,0,False,WINDOW_QUALITY_OK,3.0,3.0,0.0,0.0,0.988,0.0045,0.012,88.0,100.0,12.0,96.0,99.0,100.0,0.0,0.0,1.0,0.9954,0.9644,4,10,2,58020.0,56840.0,56840.0,58020.0,1180.0,2,2,600.0,2026-05-23 04:00:13,3.0,100.03,98.0,0,0,0,0,0,0,0,0,0,0,0,0,0,0,0,0.0,0,0,0,,0.0,,,0.0,0,0,0,,0.0,,2026-06-01 23:59:59.999999999,2026-02-17 14:19:26,2026-06-01 09:17:09,104.403,True,56840.0,2026-05-23 04:00:13,3.0,9.833,0.0,True,56840.0,2026-05-23 04:00:13,3.0,9.833,0.0,True,0,0.0,False,0,0,0,0,0,0,0,0,0,0,0,0,0,0,0,0,0,0,0.0,0,0.0,-0.0,-0.0,9.833,0.0,0,0,0,-0.0,5,AC_BOUND,STATEFUL_NORMAL_RESPONDING,WINDOW_NORMAL_RESPONDING,ACTION_NONE,high,9,responding_or_no_concern,,days_eff=10 days_any=10 cyc_eff=0 hq_nr=0 total_nr=0 cens=0 lg_opp=0 opp=0 norm_anom=-0.00 conf_p=1 micro_only=False cluster=AC_BOUND,No action needed.,Responding normally; no concern.,,False,False,False,False,False,False,False,False,0,2026-06-08T10:02:59Z,rolling30-v2.0,30,1,abs_ge_50mWh
PHAYES-PF4H9L6S_PHAYES,2024-02-08,2024-01-09 23:59:59.999999999,2024-02-08 23:59:59.999999999,501,29.325,0.5,6.199,162.349,26,5,2,0,0,0,0,False,WINDOW_QUALITY_OK,32.0,40.0,8.0,8.184,0.816,0.1049,0.184,19.0,100.0,81.0,76.0,99.0,100.0,0.0,0.0027,0.9149,0.8619,0.6944,103,138,52,54070.0,54070.0,54070.0,54070.0,0.0,0,0,0.0,,,102.99,102.99,0,1,0,0,1,0,0,0,0,0,0,0,0,0,0,0.0,0,0,0,,0.0,,,0.0,0,0,0,,0.0,,2024-02-08 23:59:59.999999999,2023-08-17 11:11:43,2024-02-08 14:13:41,175.534,True,54070.0,2023-08-28 23:02:03,0.0,164.04,40.0,False,54070.0,2023-08-28 23:02:03,0.0,164.04,40.0,False,0,0.0,False,0,0,1,0,0,0,0,0,0,0,0,0,0,0,0,0,1,0,0.0,0,0.0,-0.0,-0.0,164.04,40.0,0,0,0,-0.0,4,MOBILE_DEEP_CYCLE,STATEFUL_WATCH_LARGE_GAP_OR_CENSORED,WINDOW_LARGE_GAP_AMBIGUOUS,ACTION_MONITOR_NEXT_WINDOW,low,7,large_gap_or_censored_dominant,large_gap_dominant,days_eff=164 days_any=164 cyc_eff=40 hq_nr=0 total_nr=0 cens=0 lg_opp=1 opp=1 norm_anom=-0.00 conf_p=1 micro_only=False cluster=MOBILE_DEEP_CYCLE,No user-facing action; monitoring.,Ambiguous/weak evidence (164d since effective change); monitor next window.,,False,False,False,True,False,False,False,False,0,2026-06-08T10:02:59Z,rolling30-v2.0,30,1,abs_ge_50mWh
PHAYES-PF62TDKH_PHAYES,2026-05-28,2026-04-28 23:59:59.999999999,2026-05-28 23:59:59.999999999,704,29.373,0.5,3.741,25.495,23,8,2,0,0,0,0,False,WINDOW_QUALITY_OK,10.0,13.0,3.0,3.064,0.8512,0.0742,0.1488,23.0,100.0,77.0,82.15,99.0,100.0,0.0,0.0,0.9346,0.9023,0.8357,83,107,42,74930.0,74890.0,74890.0,74930.0,40.0,3,0,0.0,,,99.91,99.85,0,0,0,0,0,0,0,0,0,0,0,0,0,0,0,0.0,0,0,0,,0.0,,,0.0,0,0,0,,0.0,,2026-05-28 23:59:59.999999999,2026-01-15 11:06:27,2026-05-28 15:20:03,133.537,True,75010.0,2026-01-15 11:06:27,1.0,133.537,12.0,False,74890.0,2026-05-25 18:08:02,13.0,3.244,0.0,True,10,20.0,True,0,0,2,0,0,0,0,0,0,0,0,0,0,0,0,0,2,0,0.0,0,0.0,-0.0,-0.0,133.537,12.0,0,0,0,-0.0,5,AC_BOUND,STATEFUL_GAUGE_SOFT_CALIBRATION_EFFECTIVE_ONLY,WINDOW_MICRO_WOBBLE_ONLY,ACTION_SOFT_CALIBRATION_PROMPT,medium,5,micro_wobble_only_no_effective_relearn,gauge_like;micro_wobble;large_gap_dominant,days_eff=134 days_any=3 cyc_eff=12 hq_nr=0 total_nr=0 cens=0 lg_opp=2 opp=2 norm_anom=-0.00 conf_p=1 micro_only=True cluster=AC_BOUND,A full charge/discharge cycle may help the gauge recalibrate (low priority).,Soft calibration prompt: micro-wobbles present but no meaningful FCC relearning step under the effective threshold for 133d. Not a hard gauge reset target.,,False,True,True,True,False,False,False,False,0,2026-06-08T10:02:59Z,rolling30-v2.0,30,1,abs_ge_50mWh
PHIL_pjjakes,2025-11-04,2025-10-05 23:59:59.999999999,2025-11-04 23:59:59.999999999,420,22.081,0.5,5.605,38.691,21,7,1,0,0,0,0,False,WINDOW_QUALITY_OK,139.0,152.0,13.0,17.663,0.4514,0.2976,0.5506,3.0,100.0,97.0,21.0,85.0,100.0,0.0042,0.0085,0.581,0.4042,0.2905,106,120,52,54620.0,54970.0,54510.0,55060.0,550.0,13,2,550.0,2025-11-03 13:32:20,150.0,94.17,94.78,0,2,0,1,3,0,1,0,1,2,0,1,0,0,1,0.0,0,0,0,,0.0,,,0.0,0,0,0,,0.0,,2025-11-04 23:59:59.999999999,2025-01-15 14:18:33,2025-11-04 18:12:24,293.404,True,55010.0,2025-11-03 13:32:20,150.0,1.436,2.0,True,54970.0,2025-11-04 18:12:24,152.0,0.241,0.0,True,2,20.0,True,1,0,0,0,0,0,1,0,0,1,0,0,0,0,0,1,0,0,0.0,0,0.0,-0.0,-0.0,1.436,2.0,0,0,0,-0.0,3,AC_BOUND,STATEFUL_WATCH_LARGE_GAP_OR_CENSORED,WINDOW_NORMAL_RESPONDING,ACTION_MONITOR_NEXT_WINDOW,low,7,large_gap_or_censored_dominant,micro_wobble;censored_dominant,days_eff=1 days_any=0 cyc_eff=2 hq_nr=0 total_nr=0 cens=1 lg_opp=0 opp=2 norm_anom=-0.00 conf_p=1 micro_only=True cluster=AC_BOUND,No user-facing action; monitoring.,Ambiguous/weak evidence (1d since effective change); monitor next window.,,False,False,True,False,True,False,False,False,0,2026-06-08T10:02:59Z,rolling30-v2.0,30,1,abs_ge_50mWh
PHIL_pweinstein,2026-05-26,2026-04-26 23:59:59.999999999,2026-05-26 23:59:59.999999999,494,29.225,0.5,3.97,61.957,20,13,6,0,0,0,0,False,WINDOW_QUALITY_OK,77.0,84.0,7.0,7.186,0.826,0.1098,0.174,11.0,100.0,89.0,56.65,100.0,100.0,0.0,0.0007,0.904,0.8517,0.7379,52,67,26,49700.0,50360.0,49700.0,50390.0,690.0,9,3,490.0,2026-05-12 23:40:04,82.0,87.19,88.35,0,1,0,0,1,0,1,0,0,1,0,0,0,0,0,0.0,0,0,0,,0.0,,,0.0,0,0,0,,0.0,,2026-05-26 23:59:59.999999999,2025-05-06 14:29:42,2026-05-26 14:31:14,385.396,True,50390.0,2026-05-12 23:40:04,82.0,14.014,2.0,True,50360.0,2026-05-26 14:01:14,84.0,0.416,0.0,True,2,20.0,True,0,0,0,0,0,0,0,0,0,0,0,0,0,0,0,0,0,0,0.0,0,0.0,-0.0,-0.0,14.014,2.0,0,0,0,-0.0,4,MOBILE_DEEP_CYCLE,STATEFUL_NORMAL_RESPONDING,WINDOW_NORMAL_RESPONDING,ACTION_NONE,high,9,responding_or_no_concern,micro_wobble,days_eff=14 days_any=0 cyc_eff=2 hq_nr=0 total_nr=0 cens=0 lg_opp=0 opp=0 norm_anom=-0.00 conf_p=1 micro_only=True cluster=MOBILE_DEEP_CYCLE,No action needed.,Responding normally; no concern.,,False,False,True,False,False,False,False,False,0,2026-06-08T10:02:59Z,rolling30-v2.0,30,1,abs_ge_50mWh
PHOULBROOKE-DFV_phoulbrooke,2026-05-29,2026-04-29 23:59:59.999999999,2026-05-29 23:59:59.999999999,923,29.306,0.5,0.546,86.284,12,5,2,0,0,0,0,False,WINDOW_QUALITY_OK,1.0,2.0,1.0,1.024,0.958,0.0303,0.042,82.0,100.0,18.0,95.0,98.0,100.0,0.0,0.0,1.0,0.9939,0.8147,64,80,32,75150.0,75140.0,75140.0,75150.0,10.0,1,0,0.0,,,100.2,100.19,0,0,0,0,0,0,0,0,0,0,0,0,0,0,0,0.0,0,0,0,,0.0,,,0.0,0,0,0,,0.0,,2026-05-29 23:59:59.999999999,2026-04-30 11:12:49,2026-05-29 18:33:47,29.533,False,75150.0,2026-04-30 11:12:49,1.0,29.533,1.0,False,75140.0,2026-05-12 08:04:57,2.0,17.663,0.0,False,1,10.0,True,0,0,0,0,0,0,0,0,0,0,0,0,0,0,0,0,0,0,0.0,0,0.0,-0.0,-0.0,29.533,1.0,0,0,0,-0.0,5,AC_BOUND,STATEFUL_REVIEW_DATA_QUALITY,WINDOW_MICRO_WOBBLE_ONLY,ACTION_COLLECT_MORE_DATA_OR_MANUAL_REVIEW,low,1,data_quality_or_history_review,micro_wobble,days_eff=30 days_any=18 cyc_eff=1 hq_nr=0 total_nr=0 cens=0 lg_opp=0 opp=0 norm_anom=-0.00 conf_p=1 micro_only=True cluster=AC_BOUND,No user-facing action; collecting more data.,Data-quality/history review outranks action (would_have_been=NONE). Collect more data or manual review.,NONE,False,False,True,False,False,True,False,False,0,2026-06-08T10:02:59Z,rolling30-v2.0,30,1,abs_ge_50mWh
PHOVEY-PW0KPSPG_phovey,2026-04-29,2026-03-30 23:59:59.999999999,2026-04-29 23:59:59.999999999,267,29.205,0.5,12.824,115.891,16,15,6,0,0,0,0,False,WINDOW_QUALITY_OK,10.0,14.0,4.0,4.109,0.9045,0.1772,0.0955,3.0,100.0,97.0,62.0,97.0,100.0,0.0084,0.0084,0.9307,0.9141,0.646,20,50,10,91170.0,87030.0,87030.0,91170.0,4140.0,6,2,3190.0,2026-04-16 08:13:15,13.0,101.3,96.7,0,1,0,0,1,0,1,0,0,1,0,1,0,0,1,0.0,0,0,0,,0.0,,,0.0,0,0,0,,0.0,,2026-04-29 23:59:59.999999999,2025-09-02 13:25:37,2026-04-29 13:24:21,239.441,True,87050.0,2026-04-16 08:13:15,13.0,13.657,1.0,True,87030.0,2026-04-23 10:15:59,14.0,6.572,0.0,True,1,20.0,True,0,0,0,0,0,0,0,0,0,0,0,0,0,0,0,0,0,0,0.0,0,0.0,-0.0,-0.0,13.657,1.0,0,0,0,-0.0,4,MOBILE_DEEP_CYCLE,STATEFUL_NORMAL_RESPONDING,WINDOW_NORMAL_RESPONDING,ACTION_NONE,high,9,responding_or_no_concern,micro_wobble,days_eff=14 days_any=7 cyc_eff=1 hq_nr=0 total_nr=0 cens=0 lg_opp=0 opp=0 norm_anom=-0.00 conf_p=1 micro_only=True cluster=MOBILE_DEEP_CYCLE,No action needed.,Responding normally; no concern.,,False,False,True,False,False,False,False,False,0,2026-06-08T10:02:59Z,rolling30-v2.0,30,1,abs_ge_50mWh
PJJAKES-F3SKNHW_pjjakes,2024-03-06,2024-02-05 23:59:59.999999999,2024-03-06 23:59:59.999999999,263,29.318,0.5,7.547,380.165,16,5,1,0,0,0,0,False,WINDOW_QUALITY_OK,47.0,54.0,7.0,7.163,0.514,0.1249,0.486,10.0,100.0,90.0,38.0,85.0,100.0,0.0,0.0028,0.5402,0.4046,0.1972,54,62,27,91310.0,94200.0,90400.0,94200.0,3800.0,3,3,2320.0,2024-03-04 07:23:08,52.0,101.35,104.56,1,1,0,0,2,0,1,0,0,1,0,1,0,0,1,0.4407,1,0,1,0.559302,0.2524,0.64517,0.64521,0.3675,1,0,1,0.632546,0.1989,0.55631,2024-03-06 23:59:59.999999999,2023-09-28 08:19:38,2024-03-06 13:36:57,160.653,True,94200.0,2024-03-04 07:23:08,52.0,2.692,2.0,True,94200.0,2024-03-04 07:23:08,52.0,2.692,2.0,True,0,0.0,False,0,0,0,0,0,0,0,0,0,0,0,0,0,0,0,0,0,0,0.0,0,0.0,-0.0,-0.0,2.692,2.0,0,0,0,-0.0,4,MOBILE_DEEP_CYCLE,STATEFUL_WATCH_LOW_EVIDENCE,WINDOW_NORMAL_RESPONDING,ACTION_MONITOR_NEXT_WINDOW,low,8,weak_partial_evidence,,days_eff=3 days_any=3 cyc_eff=2 hq_nr=0 total_nr=0 cens=0 lg_opp=0 opp=0 norm_anom=-0.00 conf_p=0.645 micro_only=False cluster=MOBILE_DEEP_CYCLE,No user-facing action; monitoring.,Ambiguous/weak evidence (2d since effective change); monitor next window.,,False,False,False,False,False,False,False,False,0,2026-06-08T10:02:59Z,rolling30-v2.0,30,1,abs_ge_50mWh
PJJAKES-F4QW4SK_pjjakes,2026-03-31,2026-03-01 23:59:59.999999999,2026-03-31 23:59:59.999999999,8,12.809,0.857,209.196,296.278,2,1,1,0,0,0,0,False,WINDOW_QUALITY_SHORT_OBS,120.0,120.0,0.0,0.0,0.8763,0.8763,0.1237,63.0,76.0,13.0,63.0,72.0,74.6,0.0,0.0,0.0,0.0,0.0,1,1,1,48470.0,48470.0,48470.0,48470.0,0.0,0,0,0.0,,,84.99,84.99,0,0,0,0,0,0,0,0,0,0,0,0,0,0,0,0.0,0,0,0,,0.0,,,0.0,0,0,0,,0.0,,2026-03-31 23:59:59.999999999,2024-03-14 07:50:53,2026-03-31 12:56:50,747.673,True,48480.0,2025-01-09 20:28:34,119.0,446.147,1.0,False,48470.0,2026-03-18 17:31:47,120.0,13.27,0.0,True,1,10.0,True,0,0,0,0,0,0,0,0,0,0,0,0,0,0,0,0,0,0,0.0,0,0.0,-0.0,-0.0,446.147,1.0,0,0,0,-0.0,-1,SPARSE_OR_GAPPY,STATEFUL_REVIEW_DATA_QUALITY,WINDOW_DATA_QUALITY_REVIEW,ACTION_COLLECT_MORE_DATA_OR_MANUAL_REVIEW,low,1,data_quality_or_history_review,micro_wobble,days_eff=446 days_any=13 cyc_eff=1 hq_nr=0 total_nr=0 cens=0 lg_opp=0 opp=0 norm_anom=-0.00 conf_p=1 micro_only=True cluster=SPARSE_OR_GAPPY,No user-facing action; collecting more data.,Data-quality/history review outranks action (would_have_been=NONE). Collect more data or manual review.,NONE,False,False,True,False,False,False,True,False,0,2026-06-08T10:02:59Z,rolling30-v2.0,30,1,abs_ge_50mWh
PJJAKES-F5B1GVP_pjjakes,2025-02-18,2025-01-19 23:59:59.999999999,2025-02-18 23:59:59.999999999,174,26.139,0.5,9.542,231.717,13,8,5,0,0,0,0,False,WINDOW_QUALITY_OK,4.0,11.0,7.0,8.034,0.2837,0.2025,0.7163,27.0,100.0,73.0,48.65,81.0,100.0,0.0,0.0,0.5463,0.3058,0.1904,40,48,21,81080.0,81080.0,81080.0,81080.0,0.0,0,0,0.0,,,101.35,101.35,0,0,0,0,0,0,0,0,0,0,0,0,0,0,0,0.0,0,0,0,,0.0,,,0.0,0,0,0,,0.0,,2025-02-18 23:59:59.999999999,2025-01-09 14:39:33,2025-02-18 11:31:58,40.389,False,81080.0,2025-01-09 14:39:33,2.0,40.389,9.0,False,81080.0,2025-01-09 14:39:33,2.0,40.389,9.0,False,0,0.0,False,0,0,0,0,0,0,0,0,0,0,0,0,0,0,0,0,0,0,0.0,0,0.0,-0.0,-0.0,40.389,9.0,0,0,0,-0.0,4,MOBILE_DEEP_CYCLE,STATEFUL_REVIEW_DATA_QUALITY,WINDOW_INSUFFICIENT_LEARNING_OPPORTUNITY,ACTION_COLLECT_MORE_DATA_OR_MANUAL_REVIEW,low,1,data_quality_or_history_review,,days_eff=40 days_any=40 cyc_eff=9 hq_nr=0 total_nr=0 cens=0 lg_opp=0 opp=0 norm_anom=-0.00 conf_p=1 micro_only=False cluster=MOBILE_DEEP_CYCLE,No user-facing action; collecting more data.,Data-quality/history review outranks action (would_have_been=NONE). Collect more data or manual review.,NONE,False,False,False,False,False,True,False,False,0,2026-06-08T10:02:59Z,rolling30-v2.0,30,1,abs_ge_50mWh
PJJAKES-F5HTSDQ_pjjakes,2026-05-19,2026-04-19 23:59:59.999999999,2026-05-19 23:59:59.999999999,14,28.794,0.5,274.674,682.329,1,1,1,0,0,0,0,False,WINDOW_QUALITY_SHORT_OBS,108.0,109.0,1.0,1.042,1.0,0.2602,0.0,61.0,100.0,39.0,69.45,100.0,100.0,0.0,0.0,0.8432,0.8432,0.7398,0,2,0,53340.0,52730.0,52730.0,53340.0,610.0,2,1,570.0,2026-05-19 08:37:15,109.0,91.97,90.91,0,0,0,0,0,0,0,0,0,0,0,0,0,0,0,0.0,0,0,0,,0.0,,,0.0,0,0,0,,0.0,,2026-05-19 23:59:59.999999999,2025-05-27 13:12:32,2026-05-19 09:07:40,357.45,True,52730.0,2026-05-19 08:37:15,109.0,0.641,0.0,True,52730.0,2026-05-19 08:37:15,109.0,0.641,0.0,True,0,0.0,False,0,0,0,0,0,0,0,0,0,0,0,0,0,0,0,0,0,0,0.0,0,0.0,-0.0,-0.0,0.641,0.0,0,0,0,-0.0,-1,SPARSE_OR_GAPPY,STATEFUL_REVIEW_DATA_QUALITY,WINDOW_DATA_QUALITY_REVIEW,ACTION_COLLECT_MORE_DATA_OR_MANUAL_REVIEW,low,1,data_quality_or_history_review,,days_eff=1 days_any=1 cyc_eff=0 hq_nr=0 total_nr=0 cens=0 lg_opp=0 opp=0 norm_anom=-0.00 conf_p=1 micro_only=False cluster=SPARSE_OR_GAPPY,No user-facing action; collecting more data.,Data-quality/history review outranks action (would_have_been=NONE). Collect more data or manual review.,NONE,False,False,False,False,False,False,True,False,0,2026-06-08T10:02:59Z,rolling30-v2.0,30,1,abs_ge_50mWh
PJJAKES-F63ATFB_X1,2026-02-17,2026-01-18 23:59:59.999999999,2026-02-17 23:59:59.999999999,482,29.28,0.5,9.492,23.78,32,17,0,0,0,0,0,False,WINDOW_QUALITY_OK,5.0,25.0,20.0,20.491,0.4689,0.2012,0.5311,7.0,100.0,93.0,33.05,87.0,100.0,0.0003,0.0103,0.5851,0.4504,0.3635,136,160,69,58030.0,57580.0,57580.0,58580.0,1000.0,17,4,580.0,2026-02-12 08:30:08,23.0,100.05,99.28,0,4,0,0,4,0,3,0,0,3,0,1,0,0,1,0.0,0,0,0,,0.0,,,0.0,0,0,0,,0.0,,2026-02-17 23:59:59.999999999,2026-01-14 10:23:40,2026-02-17 16:35:14,34.567,False,57600.0,2026-02-12 08:30:08,23.0,5.646,2.0,False,57580.0,2026-02-17 09:01:22,25.0,0.624,0.0,False,2,10.0,True,0,1,0,0,1,1,0,0,0,0,0,0,0,0,0,0,0,0,0.3841,0,-0.48464,0.2105,0.2105,5.646,2.0,1,0,0,0.2105,4,MOBILE_DEEP_CYCLE,STATEFUL_REVIEW_DATA_QUALITY,WINDOW_NORMAL_RESPONDING,ACTION_COLLECT_MORE_DATA_OR_MANUAL_REVIEW,low,1,data_quality_or_history_review,fw_like;micro_wobble,days_eff=6 days_any=1 cyc_eff=2 hq_nr=0 total_nr=1 cens=0 lg_opp=0 opp=1 norm_anom=0.21 conf_p=1 micro_only=True cluster=MOBILE_DEEP_CYCLE,No user-facing action; collecting more data.,Data-quality/history review outranks action (would_have_been=FW_WATCH_LIKE). Collect more data or manual review.,FW_WATCH_LIKE,True,False,True,False,False,True,False,False,0,2026-06-08T10:02:59Z,rolling30-v2.0,30,1,abs_ge_50mWh
PJJAKES-F63ATFB_pjjakes,2026-02-04,2026-01-05 23:59:59.999999999,2026-02-04 23:59:59.999999999,342,21.139,0.5,9.632,23.293,22,11,0,0,0,0,0,False,WINDOW_QUALITY_OK,2.0,17.0,15.0,21.288,0.4785,0.2108,0.5215,7.0,100.0,93.0,31.1,84.0,100.0,0.0041,0.0249,0.5808,0.4352,0.3646,99,114,50,58030.0,58340.0,58020.0,58580.0,560.0,8,2,560.0,2026-02-04 08:18:23,17.0,100.05,100.59,0,3,0,0,3,0,2,0,0,2,0,2,0,0,2,0.0,0,0,0,,0.0,,,0.0,0,0,0,,0.0,,2026-02-04 23:59:59.999999999,2026-01-14 10:23:40,2026-02-04 13:43:40,21.567,False,58340.0,2026-02-04 08:18:23,17.0,0.654,0.0,False,58340.0,2026-02-04 08:18:23,17.0,0.654,0.0,False,0,0.0,False,0,0,0,0,0,0,0,0,0,0,0,0,0,0,0,0,0,0,0.0,0,0.0,-0.0,-0.0,0.654,0.0,0,0,0,-0.0,0,MOBILE_DEEP_CYCLE,STATEFUL_REVIEW_DATA_QUALITY,WINDOW_NORMAL_RESPONDING,ACTION_COLLECT_MORE_DATA_OR_MANUAL_REVIEW,low,1,data_quality_or_history_review,,days_eff=1 days_any=1 cyc_eff=0 hq_nr=0 total_nr=0 cens=0 lg_opp=0 opp=0 norm_anom=-0.00 conf_p=1 micro_only=False cluster=MOBILE_DEEP_CYCLE,No user-facing action; collecting more data.,Data-quality/history review outranks action (would_have_been=NONE). Collect more data or manual review.,NONE,False,False,False,False,False,True,False,False,0,2026-06-08T10:02:59Z,rolling30-v2.0,30,1,abs_ge_50mWh
PJJAKES-W0C7DHV_pjjakes,2024-11-21,2024-10-22 23:59:59.999999999,2024-11-21 23:59:59.999999999,695,29.497,0.5,5.059,22.974,32,6,0,0,0,0,0,False,WINDOW_QUALITY_OK,33.0,54.0,21.0,21.358,0.4241,0.237,0.5759,12.0,100.0,88.0,45.0,87.0,100.0,0.0,0.0062,0.5907,0.4149,0.2927,163,180,82,63800.0,59110.0,58480.0,63800.0,5320.0,17,5,5150.0,2024-11-11 16:46:54,46.0,110.0,101.91,0,1,0,0,1,0,1,0,0,1,0,0,0,0,0,0.0,0,0,0,,0.0,,,0.0,0,0,0,,0.0,,2024-11-21 23:59:59.999999999,2024-08-23 09:46:32,2024-11-21 16:18:24,90.593,True,59170.0,2024-11-11 16:46:54,46.0,10.301,8.0,True,59110.0,2024-11-20 13:12:01,53.0,1.45,1.0,True,4,20.0,True,0,0,0,0,0,0,0,0,0,0,0,0,0,0,0,0,0,0,0.0,0,0.0,-0.0,-0.0,10.301,8.0,0,0,0,-0.0,4,MOBILE_DEEP_CYCLE,STATEFUL_NORMAL_RESPONDING,WINDOW_NORMAL_RESPONDING,ACTION_NONE,high,9,responding_or_no_concern,micro_wobble,days_eff=10 days_any=1 cyc_eff=8 hq_nr=0 total_nr=0 cens=0 lg_opp=0 opp=0 norm_anom=-0.00 conf_p=1 micro_only=True cluster=MOBILE_DEEP_CYCLE,No action needed.,Responding normally; no concern.,,False,False,True,False,False,False,False,False,0,2026-06-08T10:02:59Z,rolling30-v2.0,30,1,abs_ge_50mWh
PMCINNIS-09S0XG_pmcinnis,2025-09-15,2025-08-16 23:59:59.999999999,2025-09-15 23:59:59.999999999,3,0.019,0.231,0.375,0.391,0,0,0,0,0,0,0,False,WINDOW_QUALITY_SHORT_OBS,176.0,176.0,0.0,0.0,1.0,1.0,0.0,26.0,40.0,14.0,27.3,39.0,39.9,0.0,0.0,0.0,0.0,0.0,0,0,0,52330.0,52330.0,52330.0,52330.0,0.0,0,0,0.0,,,91.81,91.81,0,0,0,0,0,0,0,0,0,0,0,0,0,0,0,0.0,0,0,0,,0.0,,,0.0,0,0,0,,0.0,,2025-09-15 23:59:59.999999999,2024-02-16 07:09:59,2025-09-15 15:32:38,577.701,True,52340.0,2024-09-13 13:45:38,175.0,367.427,1.0,False,52330.0,2025-06-17 23:47:37,176.0,90.009,0.0,False,1,10.0,True,0,0,1,0,0,0,0,0,0,1,0,0,0,0,0,0,1,0,0.0,0,0.0,-0.0,-0.0,367.427,1.0,0,0,0,-0.0,-1,SPARSE_OR_GAPPY,STATEFUL_REVIEW_DATA_QUALITY,WINDOW_DATA_QUALITY_REVIEW,ACTION_COLLECT_MORE_DATA_OR_MANUAL_REVIEW,low,1,data_quality_or_history_review,micro_wobble;large_gap_dominant,days_eff=367 days_any=90 cyc_eff=1 hq_nr=0 total_nr=0 cens=0 lg_opp=1 opp=2 norm_anom=-0.00 conf_p=1 micro_only=True cluster=SPARSE_OR_GAPPY,No user-facing action; collecting more data.,Data-quality/history review outranks action (would_have_been=NONE). Collect more data or manual review.,NONE,False,False,True,True,False,False,True,False,0,2026-06-08T10:02:59Z,rolling30-v2.0,30,1,abs_ge_50mWh
PPOOJA-PW0C7CJW_ppooja,2024-11-11,2024-10-12 23:59:59.999999999,2024-11-11 23:59:59.999999999,363,28.888,0.5,8.753,57.338,30,11,4,0,0,0,0,False,WINDOW_QUALITY_OK,23.0,34.0,11.0,11.424,0.3447,0.1497,0.6577,0.0,100.0,100.0,12.1,64.0,100.0,0.0177,0.0812,0.3704,0.2911,0.2485,53,63,27,63800.0,60260.0,60260.0,63800.0,3540.0,7,6,3480.0,2024-11-07 20:24:35,34.0,110.0,103.9,3,4,0,0,7,2,4,0,0,6,2,3,0,0,5,1.3917,3,0,3,0.153534,0.8138,0.13233,0.13053,1.6369,3,0,3,0.093805,1.0278,0.19663,2024-11-11 23:59:59.999999999,2024-07-24 11:29:46,2024-11-11 07:57:20,110.521,True,60260.0,2024-11-07 20:24:35,34.0,4.15,0.0,True,60260.0,2024-11-07 20:24:35,34.0,4.15,0.0,True,0,0.0,False,0,0,0,0,0,0,0,0,0,0,0,0,0,0,0,0,0,0,0.0,0,0.0,-0.0,-0.0,4.15,0.0,0,0,0,-0.0,4,MOBILE_DEEP_CYCLE,STATEFUL_WATCH_LOW_EVIDENCE,WINDOW_NORMAL_RESPONDING,ACTION_MONITOR_NEXT_WINDOW,low,8,weak_partial_evidence,,days_eff=4 days_any=4 cyc_eff=0 hq_nr=0 total_nr=0 cens=0 lg_opp=0 opp=0 norm_anom=-0.00 conf_p=0.132 micro_only=False cluster=MOBILE_DEEP_CYCLE,No user-facing action; monitoring.,Ambiguous/weak evidence (4d since effective change); monitor next window.,,False,False,False,False,False,False,False,False,0,2026-06-08T10:02:59Z,rolling30-v2.0,30,1,abs_ge_50mWh
PQM-AN1-BETA_hels,2026-05-20,2026-04-20 23:59:59.999999999,2026-05-20 23:59:59.999999999,581,29.384,0.5,6.435,37.7,31,20,2,0,0,0,0,False,WINDOW_QUALITY_OK,77.0,101.0,24.0,24.503,0.5588,0.326,0.4412,7.0,100.0,93.0,29.0,82.0,100.0,0.0008,0.0126,0.511,0.3939,0.2987,168,231,84,58280.0,58380.0,58250.0,59760.0,1510.0,27,5,610.0,2026-05-19 21:15:55,100.0,100.48,100.66,0,4,0,0,4,0,3,0,0,3,0,1,0,0,1,0.0,0,0,0,,0.0,,,0.0,0,0,0,,0.0,,2026-05-20 23:59:59.999999999,2026-01-07 15:47:46,2026-05-20 17:20:30,133.342,True,58390.0,2026-05-19 21:15:55,100.0,1.114,1.0,True,58380.0,2026-05-20 15:23:17,101.0,0.359,0.0,True,1,10.0,True,0,0,0,0,0,0,0,0,0,0,0,0,0,0,0,0,0,0,0.0,0,0.0,-0.0,-0.0,1.114,1.0,0,0,0,-0.0,4,MOBILE_DEEP_CYCLE,STATEFUL_NORMAL_RESPONDING,WINDOW_NORMAL_RESPONDING,ACTION_NONE,high,9,responding_or_no_concern,micro_wobble,days_eff=1 days_any=0 cyc_eff=1 hq_nr=0 total_nr=0 cens=0 lg_opp=0 opp=0 norm_anom=-0.00 conf_p=1 micro_only=True cluster=MOBILE_DEEP_CYCLE,No action needed.,Responding normally; no concern.,,False,False,True,False,False,False,False,False,0,2026-06-08T10:02:59Z,rolling30-v2.0,30,1,abs_ge_50mWh
PQM-BETA_frank,2026-05-12,2026-04-12 23:59:59.999999999,2026-05-12 23:59:59.999999999,34,26.299,0.5,49.055,350.304,10,10,7,0,0,0,0,False,WINDOW_QUALITY_SPARSE,103.0,105.0,2.0,2.281,0.2238,0.2238,0.7762,0.0,100.0,100.0,0.0,22.5,87.65,0.1128,0.2661,0.1939,0.1293,0.1293,6,6,3,55590.0,55560.0,55560.0,55590.0,30.0,2,0,0.0,,,97.53,97.47,0,1,0,0,1,0,1,0,0,1,0,1,0,0,1,0.0,0,0,0,,0.0,,,0.0,0,0,0,,0.0,,2026-05-12 23:59:59.999999999,2025-03-12 12:01:33,2026-05-12 15:44:17,426.499,True,55590.0,2026-04-03 08:45:42,103.0,39.635,2.0,True,55560.0,2026-05-12 14:14:18,105.0,0.407,0.0,True,2,20.0,True,0,0,1,0,0,0,0,0,0,1,0,0,0,0,0,0,1,0,0.0,0,0.0,-0.0,-0.0,39.635,2.0,0,0,0,-0.0,-1,SPARSE_OR_GAPPY,STATEFUL_REVIEW_DATA_QUALITY,WINDOW_DATA_QUALITY_REVIEW,ACTION_COLLECT_MORE_DATA_OR_MANUAL_REVIEW,low,1,data_quality_or_history_review,micro_wobble;large_gap_dominant,days_eff=40 days_any=0 cyc_eff=2 hq_nr=0 total_nr=0 cens=0 lg_opp=1 opp=2 norm_anom=-0.00 conf_p=1 micro_only=True cluster=SPARSE_OR_GAPPY,No user-facing action; collecting more data.,Data-quality/history review outranks action (would_have_been=NONE). Collect more data or manual review.,NONE,False,False,True,True,False,False,True,False,0,2026-06-08T10:02:59Z,rolling30-v2.0,30,1,abs_ge_50mWh
PQM-BETA_hels,2025-12-23,2025-11-23 23:59:59.999999999,2025-12-23 23:59:59.999999999,5710,14.721,0.002,0.092,33.087,16,7,1,0,0,0,0,False,WINDOW_QUALITY_OK,5.0,15.0,10.0,20.379,0.5256,0.2671,0.4595,24.0,100.0,76.0,84.0,98.0,100.0,0.0,0.0,0.6702,0.5152,0.4042,3090,3260,1544,58030.0,57960.0,57960.0,58030.0,70.0,6,0,0.0,,,100.05,99.93,0,0,0,0,0,0,0,0,0,0,0,0,0,0,0,0.0,0,0,0,,0.0,,,0.0,0,0,0,,0.0,,2025-12-23 23:59:59.999999999,2025-12-08 15:10:12,2025-12-23 08:28:39,15.368,False,58030.0,2025-12-08 15:10:12,5.0,15.368,10.0,False,57960.0,2025-12-22 21:06:14,15.0,1.121,0.0,False,6,20.0,True,0,0,0,0,0,0,0,0,0,0,0,0,0,0,0,0,0,0,0.0,0,0.0,-0.0,-0.0,15.368,10.0,0,0,0,-0.0,3,AC_BOUND,STATEFUL_REVIEW_DATA_QUALITY,WINDOW_MICRO_WOBBLE_ONLY,ACTION_COLLECT_MORE_DATA_OR_MANUAL_REVIEW,low,1,data_quality_or_history_review,micro_wobble,days_eff=15 days_any=1 cyc_eff=10 hq_nr=0 total_nr=0 cens=0 lg_opp=0 opp=0 norm_anom=-0.00 conf_p=1 micro_only=True cluster=AC_BOUND,No user-facing action; collecting more data.,Data-quality/history review outranks action (would_have_been=NONE). Collect more data or manual review.,NONE,False,False,True,False,False,True,False,False,0,2026-06-08T10:02:59Z,rolling30-v2.0,30,1,abs_ge_50mWh
PQM_tianx,2026-03-20,2026-02-18 23:59:59.999999999,2026-03-20 23:59:59.999999999,150,28.304,0.5,21.921,162.106,14,11,7,0,0,0,0,False,WINDOW_QUALITY_OK,9.0,13.0,4.0,4.24,0.4439,0.1316,0.5561,2.0,100.0,98.0,12.0,77.0,100.0,0.0352,0.1188,0.5293,0.4772,0.4279,15,24,8,58370.0,59110.0,58360.0,59750.0,1390.0,6,2,1390.0,2026-02-24 17:14:15,10.0,100.64,101.91,0,3,0,0,3,0,3,0,0,3,0,1,0,0,1,0.0,0,0,0,,0.0,,,0.0,0,0,0,,0.0,,2026-03-20 23:59:59.999999999,2026-01-21 13:55:28,2026-03-20 16:53:31,58.42,False,59140.0,2026-02-24 17:14:15,10.0,24.282,3.0,False,59110.0,2026-03-18 11:25:04,13.0,2.524,0.0,False,3,10.0,True,0,0,2,0,0,0,0,0,0,1,0,0,0,0,0,0,2,0,0.0,0,0.0,-0.0,-0.0,24.282,3.0,0,0,0,-0.0,4,MOBILE_DEEP_CYCLE,STATEFUL_REVIEW_DATA_QUALITY,WINDOW_NORMAL_RESPONDING,ACTION_COLLECT_MORE_DATA_OR_MANUAL_REVIEW,low,1,data_quality_or_history_review,micro_wobble;large_gap_dominant,days_eff=24 days_any=3 cyc_eff=3 hq_nr=0 total_nr=0 cens=0 lg_opp=2 opp=3 norm_anom=-0.00 conf_p=1 micro_only=True cluster=MOBILE_DEEP_CYCLE,No user-facing action; collecting more data.,Data-quality/history review outranks action (would_have_been=NONE). Collect more data or manual review.,NONE,False,False,True,True,False,True,False,False,0,2026-06-08T10:02:59Z,rolling30-v2.0,30,1,abs_ge_50mWh
PR2-SVT-M1_MARUICHIT,2023-12-13,2023-11-13 23:59:59.999999999,2023-12-13 23:59:59.999999999,32,14.343,0.5,3.006,312.768,1,1,1,0,0,0,0,False,WINDOW_QUALITY_OK,11.0,11.0,0.0,0.0,1.0,0.0,0.0,95.0,100.0,5.0,95.0,95.0,100.0,0.0,0.0,1.0,1.0,0.4638,0,0,0,56990.0,56990.0,56990.0,56990.0,0.0,0,0,0.0,,,99.98,99.98,0,0,0,0,0,0,0,0,0,0,0,0,0,0,0,0.0,0,0,0,,0.0,,,0.0,0,0,0,,0.0,,2023-12-13 23:59:59.999999999,2023-08-07 14:53:43,2023-12-13 09:10:12,128.379,True,56990.0,2023-08-07 14:53:43,9.0,128.379,2.0,False,56990.0,2023-08-07 14:53:43,9.0,128.379,2.0,False,0,0.0,False,0,0,0,0,0,0,0,0,0,0,0,0,0,0,0,0,0,0,0.0,0,0.0,-0.0,-0.0,128.379,2.0,0,0,0,-0.0,5,AC_BOUND,STATEFUL_GAUGE_RESET_CORE,WINDOW_LOW_INFORMATION,ACTION_GAUGE_RESET_CORE,high,3,no_learning_opportunity_both_definitions_long_staleness,gauge_like,days_eff=128 days_any=128 cyc_eff=2 hq_nr=0 total_nr=0 cens=0 lg_opp=0 opp=0 norm_anom=-0.00 conf_p=1 micro_only=False cluster=AC_BOUND,A battery gauge recalibration (full charge/discharge cycle) is recommended.,"High-confidence gauge reset/calibration target: no learning opportunity for 128d under both any-change and effective definitions, usage cluster AC_BOUND.",,False,True,False,False,False,False,False,True,0,2026-06-08T10:02:59Z,rolling30-v2.0,30,1,abs_ge_50mWh
PRAMINENI-00010_pramineni,2025-09-22,2025-08-23 23:59:59.999999999,2025-09-22 23:59:59.999999999,145,28.564,0.5,16.447,176.042,24,11,4,0,0,0,0,False,WINDOW_QUALITY_OK,8.0,11.0,3.0,3.151,0.3675,0.0684,0.6325,16.0,100.0,84.0,20.0,97.0,100.0,0.0,0.0152,0.7953,0.7372,0.6811,29,36,15,89970.0,91620.0,89920.0,91620.0,1700.0,4,1,1700.0,2025-09-09 11:10:00,11.0,99.97,101.8,0,2,0,0,2,0,0,0,0,0,0,0,0,0,0,0.0,0,0,0,,0.0,,,0.0,0,0,0,,0.0,,2025-09-22 23:59:59.999999999,2025-07-07 11:08:44,2025-09-22 10:45:35,77.536,True,91620.0,2025-09-09 11:10:00,11.0,13.535,0.0,True,91620.0,2025-09-09 11:10:00,11.0,13.535,0.0,True,0,0.0,False,0,0,0,0,0,0,0,0,0,0,0,0,0,0,0,0,0,0,0.0,0,0.0,-0.0,-0.0,13.535,0.0,0,0,0,-0.0,4,MOBILE_DEEP_CYCLE,STATEFUL_NORMAL_RESPONDING,WINDOW_NORMAL_RESPONDING,ACTION_NONE,high,9,responding_or_no_concern,,days_eff=14 days_any=14 cyc_eff=0 hq_nr=0 total_nr=0 cens=0 lg_opp=0 opp=0 norm_anom=-0.00 conf_p=1 micro_only=False cluster=MOBILE_DEEP_CYCLE,No action needed.,Responding normally; no concern.,,False,False,False,False,False,False,False,False,0,2026-06-08T10:02:59Z,rolling30-v2.0,30,1,abs_ge_50mWh
PRIMUS_tscott2,2024-04-16,2024-03-17 23:59:59.999999999,2024-04-16 23:59:59.999999999,279,22.044,0.5,10.723,65.016,18,10,4,0,0,0,0,False,WINDOW_QUALITY_OK,116.0,124.0,8.0,10.887,0.4839,0.1545,0.5161,4.0,100.0,96.0,28.8,95.0,100.0,0.0129,0.0311,0.672,0.5799,0.4355,44,60,22,51810.0,47440.0,47440.0,51810.0,4370.0,1,1,4370.0,2024-03-25 22:43:56,116.0,90.82,83.16,1,4,1,0,5,0,1,0,0,1,0,1,0,0,1,0.4303,0,1,1,0.569677,0.2444,0.74929,0.76293,0.1487,0,1,1,0.851282,0.0699,0.81598,2024-04-16 23:59:59.999999999,2023-03-16 15:15:16,2024-04-16 11:08:40,397.364,True,47440.0,2024-03-25 22:43:56,116.0,22.053,8.0,True,47440.0,2024-03-25 22:43:56,116.0,22.053,8.0,True,0,0.0,False,1,2,2,1,2,3,0,0,0,1,0,0,0,0,1,0,2,0,1.3117,0,-1.72482,0.7491,0.7491,22.053,8.0,3,0,0,0.7491,4,MOBILE_DEEP_CYCLE,STATEFUL_WATCH_LOW_EVIDENCE,WINDOW_NORMAL_RESPONDING,ACTION_MONITOR_NEXT_WINDOW,low,8,weak_partial_evidence,fw_like,days_eff=22 days_any=22 cyc_eff=8 hq_nr=1 total_nr=3 cens=0 lg_opp=2 opp=6 norm_anom=0.75 conf_p=0.749 micro_only=False cluster=MOBILE_DEEP_CYCLE,No user-facing action; monitoring.,Ambiguous/weak evidence (22d since effective change); monitor next window.,,True,False,False,False,False,False,False,False,0,2026-06-08T10:02:59Z,rolling30-v2.0,30,1,abs_ge_50mWh
PSCHMIDT1-00044_pschmidt1,2026-05-21,2026-04-21 23:59:59.999999999,2026-05-21 23:59:59.999999999,349,15.728,0.446,4.094,63.127,16,4,2,0,0,0,0,False,WINDOW_QUALITY_OK,4.0,6.0,2.0,3.815,0.6771,0.0921,0.3228,68.0,100.0,32.0,85.4,99.0,100.0,0.0,0.0,0.972,0.8784,0.7598,97,114,47,90010.0,89980.0,89980.0,90010.0,30.0,2,0,0.0,,,100.01,99.98,0,0,0,0,0,0,0,0,0,0,0,0,0,0,0,0.0,0,0,0,,0.0,,,0.0,0,0,0,,0.0,,2026-05-21 23:59:59.999999999,2026-05-05 15:20:50,2026-05-21 08:49:13,16.361,False,90010.0,2026-05-05 15:20:50,4.0,16.361,2.0,False,89980.0,2026-05-18 08:51:11,6.0,3.631,0.0,False,2,20.0,True,0,0,0,0,0,0,0,0,0,0,0,0,0,0,0,0,0,0,0.0,0,0.0,-0.0,-0.0,16.361,2.0,0,0,0,-0.0,5,AC_BOUND,STATEFUL_REVIEW_DATA_QUALITY,WINDOW_MICRO_WOBBLE_ONLY,ACTION_COLLECT_MORE_DATA_OR_MANUAL_REVIEW,low,1,data_quality_or_history_review,micro_wobble,days_eff=16 days_any=4 cyc_eff=2 hq_nr=0 total_nr=0 cens=0 lg_opp=0 opp=0 norm_anom=-0.00 conf_p=1 micro_only=True cluster=AC_BOUND,No user-facing action; collecting more data.,Data-quality/history review outranks action (would_have_been=NONE). Collect more data or manual review.,NONE,False,False,True,False,False,True,False,False,0,2026-06-08T10:02:59Z,rolling30-v2.0,30,1,abs_ge_50mWh
PW05SGBF_LIP-Telemetry,2025-04-25,2025-03-26 23:59:59.999999999,2025-04-25 23:59:59.999999999,367,29.228,0.5,6.654,105.956,20,13,4,0,0,0,0,False,WINDOW_QUALITY_OK,3.0,3.0,0.0,0.0,0.9914,0.0,0.0086,76.0,80.0,4.0,76.0,79.0,79.0,0.0,0.0,0.0,0.0,0.0,2,2,1,90010.0,90010.0,90010.0,90010.0,0.0,0,0,0.0,,,100.0,100.0,0,0,0,0,0,0,0,0,0,0,0,0,0,0,0,0.0,0,0,0,,0.0,,,0.0,0,0,0,,0.0,,2025-04-25 23:59:59.999999999,2025-03-07 10:41:00,2025-04-25 14:45:36,49.555,False,90010.0,2025-03-07 10:41:00,3.0,49.555,0.0,False,90010.0,2025-03-07 10:41:00,3.0,49.555,0.0,False,0,0.0,False,0,0,0,0,0,0,0,0,0,0,0,0,0,0,0,0,0,0,0.0,0,0.0,-0.0,-0.0,49.555,0.0,0,0,0,-0.0,2,MOBILE_DEEP_CYCLE,STATEFUL_REVIEW_DATA_QUALITY,WINDOW_LOW_INFORMATION,ACTION_COLLECT_MORE_DATA_OR_MANUAL_REVIEW,low,1,data_quality_or_history_review,,days_eff=50 days_any=50 cyc_eff=0 hq_nr=0 total_nr=0 cens=0 lg_opp=0 opp=0 norm_anom=-0.00 conf_p=1 micro_only=False cluster=MOBILE_DEEP_CYCLE,No user-facing action; collecting more data.,Data-quality/history review outranks action (would_have_been=NONE). Collect more data or manual review.,NONE,False,False,False,False,False,True,False,False,0,2026-06-08T10:02:59Z,rolling30-v2.0,30,1,abs_ge_50mWh
PW05SGBG_LIP-Telemetry,2025-04-25,2025-03-26 23:59:59.999999999,2025-04-25 23:59:59.999999999,372,29.229,0.5,3.95,220.801,15,7,4,0,0,0,0,False,WINDOW_QUALITY_OK,3.0,3.0,0.0,0.0,0.9776,0.0,0.0224,71.0,80.0,9.0,76.0,79.0,79.0,0.0,0.0,0.0,0.0,0.0,8,8,4,90010.0,90010.0,90010.0,90010.0,0.0,0,0,0.0,,,100.0,100.0,0,0,0,0,0,0,0,0,0,0,0,0,0,0,0,0.0,0,0,0,,0.0,,,0.0,0,0,0,,0.0,,2025-04-25 23:59:59.999999999,2025-03-07 13:46:30,2025-04-25 14:45:59,49.426,False,90010.0,2025-03-07 13:46:30,3.0,49.426,0.0,False,90010.0,2025-03-07 13:46:30,3.0,49.426,0.0,False,0,0.0,False,0,0,0,0,0,0,0,0,0,0,0,0,0,0,0,0,0,0,0.0,0,0.0,-0.0,-0.0,49.426,0.0,0,0,0,-0.0,2,MOBILE_DEEP_CYCLE,STATEFUL_REVIEW_DATA_QUALITY,WINDOW_INSUFFICIENT_LEARNING_OPPORTUNITY,ACTION_COLLECT_MORE_DATA_OR_MANUAL_REVIEW,low,1,data_quality_or_history_review,,days_eff=49 days_any=49 cyc_eff=0 hq_nr=0 total_nr=0 cens=0 lg_opp=0 opp=0 norm_anom=-0.00 conf_p=1 micro_only=False cluster=MOBILE_DEEP_CYCLE,No user-facing action; collecting more data.,Data-quality/history review outranks action (would_have_been=NONE). Collect more data or manual review.,NONE,False,False,False,False,False,True,False,False,0,2026-06-08T10:02:59Z,rolling30-v2.0,30,1,abs_ge_50mWh
PW06AQ17_LIP-Telemetry,2025-04-27,2025-03-28 23:59:59.999999999,2025-04-27 23:59:59.999999999,396,28.12,0.5,6.811,62.038,21,14,4,0,0,0,0,False,WINDOW_QUALITY_OK,3.0,3.0,0.0,0.0,0.6541,0.0,0.3459,69.0,80.0,11.0,73.0,76.0,79.0,0.0,0.0,0.0,0.0,0.0,2,2,1,99880.0,99880.0,99880.0,99880.0,0.0,0,0,0.0,,,110.87,110.87,0,0,0,0,0,0,0,0,0,0,0,0,0,0,0,0.0,0,0,0,,0.0,,,0.0,0,0,0,,0.0,,2025-04-27 23:59:59.999999999,2025-03-07 11:31:51,2025-04-27 22:05:00,51.52,False,99880.0,2025-03-07 11:31:51,2.0,51.52,1.0,False,99880.0,2025-03-07 11:31:51,2.0,51.52,1.0,False,0,0.0,False,0,0,0,0,0,0,0,0,0,0,0,0,0,0,0,0,0,0,0.0,0,0.0,-0.0,-0.0,51.52,1.0,0,0,0,-0.0,2,MOBILE_DEEP_CYCLE,STATEFUL_REVIEW_DATA_QUALITY,WINDOW_LOW_INFORMATION,ACTION_COLLECT_MORE_DATA_OR_MANUAL_REVIEW,low,1,data_quality_or_history_review,,days_eff=52 days_any=52 cyc_eff=1 hq_nr=0 total_nr=0 cens=0 lg_opp=0 opp=0 norm_anom=-0.00 conf_p=1 micro_only=False cluster=MOBILE_DEEP_CYCLE,No user-facing action; collecting more data.,Data-quality/history review outranks action (would_have_been=NONE). Collect more data or manual review.,NONE,False,False,False,False,False,True,False,False,0,2026-06-08T10:02:59Z,rolling30-v2.0,30,1,abs_ge_50mWh
PW06AQ1F_LIP-Telemetry,2025-04-24,2025-03-25 23:59:59.999999999,2025-04-24 23:59:59.999999999,419,29.69,0.5,6.458,63.363,23,16,4,0,0,0,0,False,WINDOW_QUALITY_OK,3.0,3.0,0.0,0.0,0.9902,0.0,0.0098,76.0,79.0,3.0,76.0,76.0,79.0,0.0,0.0,0.0,0.0,0.0,2,2,1,95430.0,95430.0,95430.0,95430.0,0.0,0,0,0.0,,,105.93,105.93,0,0,0,0,0,0,0,0,0,0,0,0,0,0,0,0.0,0,0,0,,0.0,,,0.0,0,0,0,,0.0,,2025-04-24 23:59:59.999999999,2025-02-27 17:28:16,2025-04-24 16:54:17,56.272,False,95430.0,2025-02-27 17:28:16,2.0,56.272,1.0,False,95430.0,2025-02-27 17:28:16,2.0,56.272,1.0,False,0,0.0,False,0,0,0,0,0,0,0,0,0,0,0,0,0,0,0,0,0,0,0.0,0,0.0,-0.0,-0.0,56.272,1.0,0,0,0,-0.0,2,MOBILE_DEEP_CYCLE,STATEFUL_REVIEW_DATA_QUALITY,WINDOW_LOW_INFORMATION,ACTION_COLLECT_MORE_DATA_OR_MANUAL_REVIEW,low,1,data_quality_or_history_review,,days_eff=56 days_any=56 cyc_eff=1 hq_nr=0 total_nr=0 cens=0 lg_opp=0 opp=0 norm_anom=-0.00 conf_p=1 micro_only=False cluster=MOBILE_DEEP_CYCLE,No user-facing action; collecting more data.,Data-quality/history review outranks action (would_have_been=NONE). Collect more data or manual review.,NONE,False,False,False,False,False,True,False,False,0,2026-06-08T10:02:59Z,rolling30-v2.0,30,1,abs_ge_50mWh
PW0KZBL0_LIP,2026-05-25,2026-04-25 23:59:59.999999999,2026-05-25 23:59:59.999999999,372,12.968,0.5,0.5,113.586,3,1,1,0,0,0,0,False,WINDOW_QUALITY_OK,1.0,2.0,1.0,2.313,1.0,0.0109,0.0,95.0,100.0,5.0,96.0,99.0,100.0,0.0,0.0,1.0,1.0,0.9591,1,9,1,90010.0,90010.0,90010.0,90010.0,0.0,0,0,0.0,,,100.01,100.01,0,0,0,0,0,0,0,0,0,0,0,0,0,0,0,0.0,0,0,0,,0.0,,,0.0,0,0,0,,0.0,,2026-05-25 23:59:59.999999999,2026-05-12 10:42:00,2026-05-25 09:55:53,13.554,False,90010.0,2026-05-12 10:42:00,1.0,13.554,1.0,False,90010.0,2026-05-12 10:42:00,1.0,13.554,1.0,False,0,0.0,False,0,0,0,0,0,0,0,0,0,0,0,0,0,0,0,0,0,0,0.0,0,0.0,-0.0,-0.0,13.554,1.0,0,0,0,-0.0,5,AC_BOUND,STATEFUL_REVIEW_DATA_QUALITY,WINDOW_INSUFFICIENT_LEARNING_OPPORTUNITY,ACTION_COLLECT_MORE_DATA_OR_MANUAL_REVIEW,low,1,data_quality_or_history_review,,days_eff=14 days_any=14 cyc_eff=1 hq_nr=0 total_nr=0 cens=0 lg_opp=0 opp=0 norm_anom=-0.00 conf_p=1 micro_only=False cluster=AC_BOUND,No user-facing action; collecting more data.,Data-quality/history review outranks action (would_have_been=NONE). Collect more data or manual review.,NONE,False,False,False,False,False,True,False,False,0,2026-06-08T10:02:59Z,rolling30-v2.0,30,1,abs_ge_50mWh
PW0KZBLW_LIP,2026-05-25,2026-04-25 23:59:59.999999999,2026-05-25 23:59:59.999999999,389,12.937,0.5,0.5,113.098,3,1,1,0,0,0,0,False,WINDOW_QUALITY_OK,1.0,1.0,0.0,0.0,0.9796,0.0027,0.0204,91.0,100.0,9.0,95.0,98.0,100.0,0.0,0.0,1.0,1.0,0.8359,11,12,6,90010.0,90010.0,90010.0,90010.0,0.0,0,0,0.0,,,100.01,100.01,0,0,0,0,0,0,0,0,0,0,0,0,0,0,0,0.0,0,0,0,,0.0,,,0.0,0,0,0,,0.0,,2026-05-25 23:59:59.999999999,2026-05-12 10:41:57,2026-05-25 09:11:09,13.554,False,90010.0,2026-05-12 10:41:57,1.0,13.554,0.0,False,90010.0,2026-05-12 10:41:57,1.0,13.554,0.0,False,0,0.0,False,0,0,0,0,0,0,0,0,0,0,0,0,0,0,0,0,0,0,0.0,0,0.0,-0.0,-0.0,13.554,0.0,0,0,0,-0.0,5,AC_BOUND,STATEFUL_REVIEW_DATA_QUALITY,WINDOW_INSUFFICIENT_LEARNING_OPPORTUNITY,ACTION_COLLECT_MORE_DATA_OR_MANUAL_REVIEW,low,1,data_quality_or_history_review,,days_eff=14 days_any=14 cyc_eff=0 hq_nr=0 total_nr=0 cens=0 lg_opp=0 opp=0 norm_anom=-0.00 conf_p=1 micro_only=False cluster=AC_BOUND,No user-facing action; collecting more data.,Data-quality/history review outranks action (would_have_been=NONE). Collect more data or manual review.,NONE,False,False,False,False,False,True,False,False,0,2026-06-08T10:02:59Z,rolling30-v2.0,30,1,abs_ge_50mWh
PW0KZBMA_LIP,2026-05-25,2026-04-25 23:59:59.999999999,2026-05-25 23:59:59.999999999,368,12.864,0.5,0.5,113.722,3,2,1,0,0,0,0,False,WINDOW_QUALITY_OK,1.0,1.0,0.0,0.0,1.0,0.0027,0.0,93.0,100.0,7.0,95.0,100.0,100.0,0.0,0.0,1.0,1.0,0.9423,1,3,1,93940.0,93940.0,93940.0,93940.0,0.0,0,0,0.0,,,104.38,104.38,0,0,0,0,0,0,0,0,0,0,0,0,0,0,0,0.0,0,0,0,,0.0,,,0.0,0,0,0,,0.0,,2026-05-25 23:59:59.999999999,2026-05-12 13:57:30,2026-05-25 10:41:37,13.418,False,93940.0,2026-05-12 13:57:30,1.0,13.418,0.0,False,93940.0,2026-05-12 13:57:30,1.0,13.418,0.0,False,0,0.0,False,0,0,0,0,0,0,0,0,0,0,0,0,0,0,0,0,0,0,0.0,0,0.0,-0.0,-0.0,13.418,0.0,0,0,0,-0.0,5,AC_BOUND,STATEFUL_REVIEW_DATA_QUALITY,WINDOW_LOW_INFORMATION,ACTION_COLLECT_MORE_DATA_OR_MANUAL_REVIEW,low,1,data_quality_or_history_review,,days_eff=13 days_any=13 cyc_eff=0 hq_nr=0 total_nr=0 cens=0 lg_opp=0 opp=0 norm_anom=-0.00 conf_p=1 micro_only=False cluster=AC_BOUND,No user-facing action; collecting more data.,Data-quality/history review outranks action (would_have_been=NONE). Collect more data or manual review.,NONE,False,False,False,False,False,True,False,False,0,2026-06-08T10:02:59Z,rolling30-v2.0,30,1,abs_ge_50mWh
PW0KZBVB_LIP,2026-05-25,2026-04-25 23:59:59.999999999,2026-05-25 23:59:59.999999999,370,12.966,0.5,0.5,113.704,3,1,1,0,0,0,0,False,WINDOW_QUALITY_OK,1.0,2.0,1.0,2.314,0.9741,0.0229,0.0259,83.0,100.0,17.0,91.0,99.0,100.0,0.0,0.0,1.0,0.9555,0.8073,4,15,3,90010.0,90010.0,90010.0,90010.0,0.0,0,0,0.0,,,100.01,100.01,0,0,0,0,0,0,0,0,0,0,0,0,0,0,0,0.0,0,0,0,,0.0,,,0.0,0,0,0,,0.0,,2026-05-25 23:59:59.999999999,2026-05-12 11:16:41,2026-05-25 10:27:01,13.53,False,90010.0,2026-05-12 11:16:41,1.0,13.53,1.0,False,90010.0,2026-05-12 11:16:41,1.0,13.53,1.0,False,0,0.0,False,0,0,0,0,0,0,0,0,0,0,0,0,0,0,0,0,0,0,0.0,0,0.0,-0.0,-0.0,13.53,1.0,0,0,0,-0.0,5,AC_BOUND,STATEFUL_REVIEW_DATA_QUALITY,WINDOW_INSUFFICIENT_LEARNING_OPPORTUNITY,ACTION_COLLECT_MORE_DATA_OR_MANUAL_REVIEW,low,1,data_quality_or_history_review,,days_eff=14 days_any=14 cyc_eff=1 hq_nr=0 total_nr=0 cens=0 lg_opp=0 opp=0 norm_anom=-0.00 conf_p=1 micro_only=False cluster=AC_BOUND,No user-facing action; collecting more data.,Data-quality/history review outranks action (would_have_been=NONE). Collect more data or manual review.,NONE,False,False,False,False,False,True,False,False,0,2026-06-08T10:02:59Z,rolling30-v2.0,30,1,abs_ge_50mWh
QCOM-DCV40DDOIB_jowill,2024-10-29,2024-09-29 23:59:59.999999999,2024-10-29 23:59:59.999999999,761,29.05,0.5,0.501,140.999,14,11,2,0,0,0,0,False,WINDOW_QUALITY_OK,19.0,25.0,6.0,6.196,0.7944,0.103,0.393,5.0,100.0,95.0,86.0,97.0,100.0,0.0035,0.0035,0.9713,0.9282,0.852,90,106,44,61840.0,59730.0,59730.0,61840.0,2110.0,15,5,640.0,2024-10-29 08:27:49,25.0,106.62,102.98,0,1,0,0,1,0,1,0,0,1,0,1,0,0,1,0.0,0,0,0,,0.0,,,0.0,0,0,0,,0.0,,2024-10-29 23:59:59.999999999,2024-07-10 12:43:07,2024-10-29 08:27:49,111.47,True,59730.0,2024-10-29 08:27:49,25.0,0.647,0.0,True,59730.0,2024-10-29 08:27:49,25.0,0.647,0.0,True,0,0.0,False,0,0,0,0,0,0,0,0,0,0,0,0,0,0,0,0,0,0,0.0,0,0.0,-0.0,-0.0,0.647,0.0,0,0,0,-0.0,0,MOBILE_DEEP_CYCLE,STATEFUL_NORMAL_RESPONDING,WINDOW_NORMAL_RESPONDING,ACTION_NONE,high,9,responding_or_no_concern,,days_eff=1 days_any=1 cyc_eff=0 hq_nr=0 total_nr=0 cens=0 lg_opp=0 opp=0 norm_anom=-0.00 conf_p=1 micro_only=False cluster=MOBILE_DEEP_CYCLE,No action needed.,Responding normally; no concern.,,False,False,False,False,False,False,False,False,0,2026-06-08T10:02:59Z,rolling30-v2.0,30,1,abs_ge_50mWh
QCOM-MDUXZELAOC_mikejp,2025-02-15,2025-01-16 23:59:59.999999999,2025-02-15 23:59:59.999999999,671,29.874,0.5,0.501,63.357,15,13,5,0,0,0,0,False,WINDOW_QUALITY_OK,39.0,44.0,5.0,5.021,0.8921,0.1165,0.1129,6.0,100.0,94.0,89.5,99.0,100.0,0.001,0.0086,0.9642,0.9452,0.8993,71,89,36,63370.0,59180.0,58760.0,63370.0,4610.0,12,4,3290.0,2025-02-12 09:30:04,43.0,109.26,102.03,0,2,0,0,2,0,2,0,0,2,0,2,0,0,2,0.0,0,0,0,,0.0,,,0.0,0,0,0,,0.0,,2025-02-15 23:59:59.999999999,2024-07-22 09:36:09,2025-02-15 21:20:05,208.6,True,59190.0,2025-02-12 09:30:04,43.0,3.604,1.0,True,59180.0,2025-02-13 05:59:17,44.0,2.75,0.0,True,1,10.0,True,0,0,1,0,0,0,0,0,0,1,0,0,0,0,0,0,1,0,0.0,0,0.0,-0.0,-0.0,3.604,1.0,0,0,0,-0.0,4,MOBILE_DEEP_CYCLE,STATEFUL_WATCH_LARGE_GAP_OR_CENSORED,WINDOW_NORMAL_RESPONDING,ACTION_MONITOR_NEXT_WINDOW,low,7,large_gap_or_censored_dominant,micro_wobble;large_gap_dominant,days_eff=4 days_any=3 cyc_eff=1 hq_nr=0 total_nr=0 cens=0 lg_opp=1 opp=2 norm_anom=-0.00 conf_p=1 micro_only=True cluster=MOBILE_DEEP_CYCLE,No user-facing action; monitoring.,Ambiguous/weak evidence (3d since effective change); monitor next window.,,False,False,True,True,False,False,False,False,0,2026-06-08T10:02:59Z,rolling30-v2.0,30,1,abs_ge_50mWh
QCOM-YQK1OVIMJV_dereks,2024-08-07,2024-07-08 23:59:59.999999999,2024-08-07 23:59:59.999999999,420,27.982,0.5,5.374,63.383,21,19,4,0,0,0,0,False,WINDOW_QUALITY_OK,1.0,5.0,4.0,4.288,0.7194,0.0942,0.2806,48.0,100.0,52.0,80.95,99.0,100.0,0.0,0.0,0.9293,0.863,0.7431,66,89,33,59870.0,59770.0,59770.0,59870.0,100.0,9,0,0.0,,,103.22,103.05,0,0,0,0,0,0,0,0,0,0,0,0,0,0,0,0.0,0,0,0,,0.0,,,0.0,0,0,0,,0.0,,2024-08-07 23:59:59.999999999,2024-07-10 10:45:42,2024-08-07 10:20:05,28.552,False,59870.0,2024-07-10 10:45:42,1.0,28.552,4.0,False,59770.0,2024-08-05 09:34:50,5.0,2.601,0.0,False,9,20.0,True,0,0,0,0,0,0,0,0,0,0,0,0,0,0,0,0,0,0,0.0,0,0.0,-0.0,-0.0,28.552,4.0,0,0,0,-0.0,5,AC_BOUND,STATEFUL_REVIEW_DATA_QUALITY,WINDOW_MICRO_WOBBLE_ONLY,ACTION_COLLECT_MORE_DATA_OR_MANUAL_REVIEW,low,1,data_quality_or_history_review,micro_wobble,days_eff=29 days_any=3 cyc_eff=4 hq_nr=0 total_nr=0 cens=0 lg_opp=0 opp=0 norm_anom=-0.00 conf_p=1 micro_only=True cluster=AC_BOUND,No user-facing action; collecting more data.,Data-quality/history review outranks action (would_have_been=NONE). Collect more data or manual review.,NONE,False,False,True,False,False,True,False,False,0,2026-06-08T10:02:59Z,rolling30-v2.0,30,1,abs_ge_50mWh
RADACHI-F5AL4EK_radachi,2026-05-25,2026-04-25 23:59:59.999999999,2026-05-25 23:59:59.999999999,274,29.348,0.5,12.809,192.296,19,16,4,0,0,0,0,False,WINDOW_QUALITY_OK,18.0,20.0,2.0,2.044,0.8525,0.0436,0.1475,20.0,100.0,80.0,55.25,99.0,100.0,0.0,0.0,0.8974,0.8704,0.7315,12,17,6,60120.0,60050.0,60050.0,60120.0,70.0,3,0,0.0,,,105.42,105.3,0,1,0,0,1,0,0,0,0,0,0,0,0,0,0,0.0,0,0,0,,0.0,,,0.0,0,0,0,,0.0,,2026-05-25 23:59:59.999999999,2026-02-11 20:33:49,2026-05-25 08:45:23,103.143,True,60140.0,2026-04-22 10:16:13,17.0,33.572,3.0,True,60050.0,2026-05-20 11:56:03,20.0,5.503,0.0,True,5,30.0,True,0,1,1,0,1,1,0,0,0,0,0,0,0,0,0,0,1,0,0.4303,0,-0.56269,0.2444,0.2444,33.572,3.0,1,0,0,0.2444,5,AC_BOUND,STATEFUL_WATCH_LARGE_GAP_OR_CENSORED,WINDOW_MICRO_WOBBLE_ONLY,ACTION_MONITOR_NEXT_WINDOW,low,7,large_gap_or_censored_dominant,fw_like;micro_wobble;large_gap_dominant,days_eff=34 days_any=6 cyc_eff=3 hq_nr=0 total_nr=1 cens=0 lg_opp=1 opp=2 norm_anom=0.24 conf_p=1 micro_only=True cluster=AC_BOUND,No user-facing action; monitoring.,Ambiguous/weak evidence (33d since effective change); monitor next window.,,True,False,True,True,False,False,False,False,0,2026-06-08T10:02:59Z,rolling30-v2.0,30,1,abs_ge_50mWh
RANDERSON4-Q4VG_randerson4,2026-05-26,2026-04-26 23:59:59.999999999,2026-05-26 23:59:59.999999999,453,29.255,0.5,0.5,64.362,20,20,5,0,0,0,0,False,WINDOW_QUALITY_OK,13.0,14.0,1.0,1.025,0.9435,0.0525,0.0565,89.0,100.0,11.0,94.0,97.0,100.0,0.0,0.0,1.0,0.9958,0.7926,42,70,21,85800.0,85780.0,85780.0,85800.0,20.0,1,0,0.0,,,99.77,99.74,0,0,0,0,0,0,0,0,0,0,0,0,0,0,0,0.0,0,0,0,,0.0,,,0.0,0,0,0,,0.0,,2026-05-26 23:59:59.999999999,2025-05-13 14:46:19,2026-05-26 14:53:34,378.385,True,85990.0,2025-05-13 14:46:19,1.0,378.385,13.0,False,85780.0,2026-05-20 09:21:01,14.0,6.61,0.0,True,13,20.0,True,0,0,0,0,0,0,0,0,0,0,0,0,0,0,0,0,0,0,0.0,0,0.0,-0.0,-0.0,378.385,13.0,0,0,0,-0.0,5,AC_BOUND,STATEFUL_GAUGE_SOFT_CALIBRATION_EFFECTIVE_ONLY,WINDOW_MICRO_WOBBLE_ONLY,ACTION_SOFT_CALIBRATION_PROMPT,medium,5,micro_wobble_only_no_effective_relearn,gauge_like;micro_wobble,days_eff=378 days_any=7 cyc_eff=13 hq_nr=0 total_nr=0 cens=0 lg_opp=0 opp=0 norm_anom=-0.00 conf_p=1 micro_only=True cluster=AC_BOUND,A full charge/discharge cycle may help the gauge recalibrate (low priority).,Soft calibration prompt: micro-wobbles present but no meaningful FCC relearning step under the effective threshold for 378d. Not a hard gauge reset target.,,False,True,True,False,False,False,False,False,0,2026-06-08T10:02:59Z,rolling30-v2.0,30,1,abs_ge_50mWh
RAY-X1-9_Ratan,2025-03-06,2025-02-04 23:59:59.999999999,2025-03-06 23:59:59.999999999,363,29.662,0.231,10.211,70.429,28,15,8,0,0,0,0,False,WINDOW_QUALITY_OK,580.0,586.0,6.0,6.068,0.5911,0.1392,0.4089,0.0,100.0,100.0,47.1,100.0,100.0,0.033,0.036,0.8628,0.7964,0.7868,171,181,86,44780.0,44620.0,44620.0,44780.0,160.0,1,1,160.0,2025-02-07 10:40:37,581.0,78.49,78.21,2,0,2,0,2,2,0,2,0,2,2,0,2,0,2,0.7447,0,2,2,0.390556,0.4083,0.40599,0.38561,0.0819,0,2,2,0.919813,0.0363,0.90708,2025-03-06 23:59:59.999999999,2023-02-08 09:01:35,2025-03-06 16:09:54,757.624,True,44620.0,2025-02-07 10:40:37,581.0,27.555,5.0,True,44620.0,2025-02-07 10:40:37,581.0,27.555,5.0,True,0,0.0,False,2,0,0,2,0,2,0,2,0,0,2,0,2,0,2,0,0,0,0.7447,0,-0.94018,0.4083,0.4083,27.555,5.0,2,2,0,0.4083,4,MOBILE_DEEP_CYCLE,STATEFUL_WATCH_LOW_EVIDENCE,WINDOW_NORMAL_RESPONDING,ACTION_MONITOR_NEXT_WINDOW,low,8,weak_partial_evidence,fw_like,days_eff=28 days_any=28 cyc_eff=5 hq_nr=2 total_nr=2 cens=0 lg_opp=0 opp=4 norm_anom=0.41 conf_p=0.406 micro_only=False cluster=MOBILE_DEEP_CYCLE,No user-facing action; monitoring.,Ambiguous/weak evidence (27d since effective change); monitor next window.,,True,False,False,False,False,False,False,False,0,2026-06-08T10:02:59Z,rolling30-v2.0,30,1,abs_ge_50mWh
RBULLARD-4S7F11_rbullard,2024-09-17,2024-08-18 23:59:59.999999999,2024-09-17 23:59:59.999999999,248,29.322,0.5,9.232,151.554,19,10,5,0,0,0,0,False,WINDOW_QUALITY_OK,15.0,17.0,2.0,2.046,0.9068,0.0755,0.0932,2.0,100.0,98.0,91.35,99.0,100.0,0.0041,0.0041,0.9871,0.9868,0.8084,26,39,13,39230.0,38810.0,38810.0,39230.0,420.0,3,1,400.0,2024-09-17 07:28:16,17.0,99.82,98.75,0,1,0,0,1,0,1,0,0,1,0,1,0,0,1,0.0,0,0,0,,0.0,,,0.0,0,0,0,,0.0,,2024-09-17 23:59:59.999999999,2024-01-30 12:08:18,2024-09-17 15:19:23,231.494,True,38810.0,2024-09-17 07:28:16,17.0,0.689,0.0,True,38810.0,2024-09-17 07:28:16,17.0,0.689,0.0,True,0,0.0,False,0,0,0,0,0,0,0,0,0,0,0,0,0,0,0,0,0,0,0.0,0,0.0,-0.0,-0.0,0.689,0.0,0,0,0,-0.0,4,MOBILE_DEEP_CYCLE,STATEFUL_NORMAL_RESPONDING,WINDOW_NORMAL_RESPONDING,ACTION_NONE,high,9,responding_or_no_concern,,days_eff=1 days_any=1 cyc_eff=0 hq_nr=0 total_nr=0 cens=0 lg_opp=0 opp=0 norm_anom=-0.00 conf_p=1 micro_only=False cluster=MOBILE_DEEP_CYCLE,No action needed.,Responding normally; no concern.,,False,False,False,False,False,False,False,False,0,2026-06-08T10:02:59Z,rolling30-v2.0,30,1,abs_ge_50mWh
RCLEMENTS-DS3BG_rclements,2025-06-26,2025-05-27 23:59:59.999999999,2025-06-26 23:59:59.999999999,252,29.026,0.5,8.373,139.265,14,9,6,0,0,0,0,False,WINDOW_QUALITY_OK,30.0,35.0,5.0,5.168,0.5348,0.1549,0.4652,11.0,100.0,89.0,42.55,97.0,100.0,0.0,0.0036,0.7786,0.695,0.5531,51,62,26,55110.0,53260.0,52780.0,55110.0,2330.0,7,2,2280.0,2025-06-09 16:59:11,34.0,100.02,96.66,0,1,0,0,1,0,1,0,0,1,0,0,0,0,0,0.0,0,0,0,,0.0,,,0.0,0,0,0,,0.0,,2025-06-26 23:59:59.999999999,2025-01-23 15:51:18,2025-06-26 09:48:39,154.339,True,53270.0,2025-06-09 16:59:11,34.0,17.292,1.0,True,53260.0,2025-06-26 09:18:39,35.0,0.612,0.0,True,1,10.0,True,0,0,0,0,0,0,0,0,0,0,0,0,0,0,0,0,0,0,0.0,0,0.0,-0.0,-0.0,17.292,1.0,0,0,0,-0.0,4,MOBILE_DEEP_CYCLE,STATEFUL_NORMAL_RESPONDING,WINDOW_NORMAL_RESPONDING,ACTION_NONE,high,9,responding_or_no_concern,micro_wobble,days_eff=17 days_any=1 cyc_eff=1 hq_nr=0 total_nr=0 cens=0 lg_opp=0 opp=0 norm_anom=-0.00 conf_p=1 micro_only=True cluster=MOBILE_DEEP_CYCLE,No action needed.,Responding normally; no concern.,,False,False,True,False,False,False,False,False,0,2026-06-08T10:02:59Z,rolling30-v2.0,30,1,abs_ge_50mWh
RDONAHUE-0A2BYP_rdonahue,2025-07-23,2025-06-23 23:59:59.999999999,2025-07-23 23:59:59.999999999,467,29.458,0.5,5.321,98.633,22,9,4,0,0,0,0,False,WINDOW_QUALITY_OK,130.0,136.0,6.0,6.11,0.813,0.0943,0.187,18.0,100.0,82.0,60.3,98.0,100.0,0.0,0.0012,0.8903,0.8334,0.7603,59,89,30,48460.0,45400.0,45400.0,48460.0,3060.0,7,1,2860.0,2025-06-27 14:00:55,131.0,84.76,79.41,0,1,0,0,1,0,0,0,0,0,0,0,0,0,0,0.0,0,0,0,,0.0,,,0.0,0,0,0,,0.0,,2025-07-23 23:59:59.999999999,2024-03-20 08:11:20,2025-07-23 19:27:01,490.659,True,45570.0,2025-06-27 14:00:55,131.0,26.416,5.0,True,45400.0,2025-07-22 09:07:00,136.0,1.62,0.0,True,5,40.0,True,0,0,0,0,0,0,0,0,0,0,0,0,0,0,0,0,0,0,0.0,0,0.0,-0.0,-0.0,26.416,5.0,0,0,0,-0.0,4,MOBILE_DEEP_CYCLE,STATEFUL_NORMAL_RESPONDING,WINDOW_NORMAL_RESPONDING,ACTION_NONE,high,9,responding_or_no_concern,micro_wobble,days_eff=26 days_any=2 cyc_eff=5 hq_nr=0 total_nr=0 cens=0 lg_opp=0 opp=0 norm_anom=-0.00 conf_p=1 micro_only=True cluster=MOBILE_DEEP_CYCLE,No action needed.,Responding normally; no concern.,,False,False,True,False,False,False,False,False,0,2026-06-08T10:02:59Z,rolling30-v2.0,30,1,abs_ge_50mWh
RLOTRINIA-A7W6D_rlotrinia,2025-09-17,2025-08-18 23:59:59.999999999,2025-09-17 23:59:59.999999999,5,0.017,0.105,0.207,0.208,0,0,0,0,0,0,0,False,WINDOW_QUALITY_SHORT_OBS,105.0,105.0,0.0,0.0,1.0,1.0,0.0,1.0,28.0,27.0,1.0,1.0,26.0,0.5043,1.0,0.0,0.0,0.0,0,0,0,46390.0,46390.0,46390.0,46390.0,0.0,0,0,0.0,,,91.95,91.95,0,0,0,0,0,0,0,0,0,0,0,0,0,0,0,0.0,0,0,0,,0.0,,,0.0,0,0,0,,0.0,,2025-09-17 23:59:59.999999999,2023-02-03 11:08:17,2025-09-17 10:41:49,957.536,True,46390.0,2025-08-11 12:15:16,105.0,37.489,0.0,True,46390.0,2025-08-11 12:15:16,105.0,37.489,0.0,True,0,0.0,False,0,0,0,0,0,0,0,0,0,0,0,0,0,0,0,0,0,0,0.0,0,0.0,-0.0,-0.0,37.489,0.0,0,0,0,-0.0,-1,SPARSE_OR_GAPPY,STATEFUL_REVIEW_DATA_QUALITY,WINDOW_DATA_QUALITY_REVIEW,ACTION_COLLECT_MORE_DATA_OR_MANUAL_REVIEW,low,1,data_quality_or_history_review,,days_eff=37 days_any=37 cyc_eff=0 hq_nr=0 total_nr=0 cens=0 lg_opp=0 opp=0 norm_anom=-0.00 conf_p=1 micro_only=False cluster=SPARSE_OR_GAPPY,No user-facing action; collecting more data.,Data-quality/history review outranks action (would_have_been=NONE). Collect more data or manual review.,NONE,False,False,False,False,False,False,True,False,0,2026-06-08T10:02:59Z,rolling30-v2.0,30,1,abs_ge_50mWh
RMCCARTHY2-0063_rmccarthy2,2026-01-02,2025-12-03 23:59:59.999999999,2026-01-02 23:59:59.999999999,216,29.0,0.5,16.407,56.116,31,19,6,0,0,0,0,False,WINDOW_QUALITY_OK,38.0,43.0,5.0,5.172,0.5452,0.1254,0.4548,2.0,100.0,98.0,61.5,98.0,100.0,0.0035,0.0035,0.9161,0.7177,0.5777,57,76,29,53910.0,53290.0,53290.0,53910.0,620.0,6,1,550.0,2025-12-07 19:01:34,39.0,98.47,97.33,0,1,0,0,1,0,1,0,0,1,0,1,0,0,1,0.0,0,0,0,,0.0,,,0.0,0,0,0,,0.0,,2026-01-02 23:59:59.999999999,2025-03-20 11:15:02,2026-01-02 09:30:19,288.531,True,53350.0,2025-12-07 19:01:34,39.0,26.207,4.0,True,53290.0,2025-12-29 10:37:14,43.0,4.557,0.0,True,4,20.0,True,0,0,1,0,0,0,0,0,0,1,0,0,0,0,0,0,1,0,0.0,0,0.0,-0.0,-0.0,26.207,4.0,0,0,0,-0.0,4,MOBILE_DEEP_CYCLE,STATEFUL_WATCH_LARGE_GAP_OR_CENSORED,WINDOW_NORMAL_RESPONDING,ACTION_MONITOR_NEXT_WINDOW,low,7,large_gap_or_censored_dominant,micro_wobble;large_gap_dominant,days_eff=26 days_any=5 cyc_eff=4 hq_nr=0 total_nr=0 cens=0 lg_opp=1 opp=2 norm_anom=-0.00 conf_p=1 micro_only=True cluster=MOBILE_DEEP_CYCLE,No user-facing action; monitoring.,Ambiguous/weak evidence (26d since effective change); monitor next window.,,False,False,True,True,False,False,False,False,0,2026-06-08T10:02:59Z,rolling30-v2.0,30,1,abs_ge_50mWh
RMCFADDEN1-S8MT_rmcfadden1,2026-04-16,2026-03-17 23:59:59.999999999,2026-04-16 23:59:59.999999999,1052,29.484,0.5,0.703,33.36,16,7,1,0,0,0,0,False,WINDOW_QUALITY_OK,134.0,147.0,13.0,13.228,0.7925,0.2787,0.2075,1.0,100.0,99.0,44.0,95.0,100.0,0.0019,0.0028,0.6387,0.5074,0.4745,126,155,63,54250.0,47400.0,47400.0,54250.0,6850.0,14,1,6700.0,2026-04-02 07:05:22,140.0,95.18,83.16,0,1,0,0,1,0,1,0,0,1,0,1,0,0,1,0.0,0,0,0,,0.0,,,0.0,0,0,0,,0.0,,2026-04-16 23:59:59.999999999,2025-05-12 15:23:00,2026-04-16 11:56:47,339.359,True,47480.0,2026-04-02 07:05:22,140.0,14.705,7.0,True,47400.0,2026-04-16 11:26:47,147.0,0.523,0.0,True,7,20.0,True,0,0,1,0,0,0,0,0,0,1,0,0,0,0,0,0,1,0,0.0,0,0.0,-0.0,-0.0,14.705,7.0,0,0,0,-0.0,3,AC_BOUND,STATEFUL_WATCH_LARGE_GAP_OR_CENSORED,WINDOW_NORMAL_RESPONDING,ACTION_MONITOR_NEXT_WINDOW,low,7,large_gap_or_censored_dominant,micro_wobble;large_gap_dominant,days_eff=15 days_any=1 cyc_eff=7 hq_nr=0 total_nr=0 cens=0 lg_opp=1 opp=2 norm_anom=-0.00 conf_p=1 micro_only=True cluster=AC_BOUND,No user-facing action; monitoring.,Ambiguous/weak evidence (14d since effective change); monitor next window.,,False,False,True,True,False,False,False,False,0,2026-06-08T10:02:59Z,rolling30-v2.0,30,1,abs_ge_50mWh
ROBBIET-F67BA37_robbiet,2026-05-27,2026-04-27 23:59:59.999999999,2026-05-27 23:59:59.999999999,221,29.116,0.5,17.673,50.384,30,22,5,0,0,0,0,False,WINDOW_QUALITY_OK,2.0,10.0,8.0,8.243,0.2805,0.1475,0.7195,15.0,100.0,85.0,32.0,75.0,100.0,0.0,0.0027,0.4179,0.2776,0.2035,46,67,24,58010.0,59070.0,57970.0,59100.0,1130.0,9,2,590.0,2026-05-15 16:44:01,8.0,100.02,101.84,0,1,0,0,1,0,1,0,0,1,0,0,0,0,0,0.0,0,0,0,,0.0,,,0.0,0,0,0,,0.0,,2026-05-27 23:59:59.999999999,2026-04-20 15:50:46,2026-05-27 11:45:55,37.34,False,59100.0,2026-05-15 16:44:01,8.0,12.303,2.0,False,59070.0,2026-05-20 11:59:06,10.0,7.501,0.0,False,2,20.0,True,0,0,0,0,0,0,0,0,0,0,0,0,0,0,0,0,0,0,0.0,0,0.0,-0.0,-0.0,12.303,2.0,0,0,0,-0.0,4,MOBILE_DEEP_CYCLE,STATEFUL_REVIEW_DATA_QUALITY,WINDOW_NORMAL_RESPONDING,ACTION_COLLECT_MORE_DATA_OR_MANUAL_REVIEW,low,1,data_quality_or_history_review,micro_wobble,days_eff=12 days_any=8 cyc_eff=2 hq_nr=0 total_nr=0 cens=0 lg_opp=0 opp=0 norm_anom=-0.00 conf_p=1 micro_only=True cluster=MOBILE_DEEP_CYCLE,No user-facing action; collecting more data.,Data-quality/history review outranks action (would_have_been=NONE). Collect more data or manual review.,NONE,False,False,True,False,False,True,False,False,0,2026-06-08T10:02:59Z,rolling30-v2.0,30,1,abs_ge_50mWh
ROCK_yuqj1,2024-12-25,2024-11-25 23:59:59.999999999,2024-12-25 23:59:59.999999999,409,29.047,0.5,9.684,102.569,28,15,3,0,0,0,0,False,WINDOW_QUALITY_OK,2.0,9.0,7.0,7.23,0.7227,0.1837,0.2773,2.0,100.0,98.0,48.4,99.0,100.0,0.01,0.0316,0.8482,0.7468,0.6517,88,110,45,57390.0,57630.0,56790.0,57650.0,860.0,10,4,590.0,2024-12-24 12:02:18,8.0,100.63,101.05,0,3,0,0,3,0,3,0,0,3,0,3,0,0,3,0.0,0,0,0,,0.0,,,0.0,0,0,0,,0.0,,2024-12-25 23:59:59.999999999,2024-11-25 14:02:18,2024-12-25 10:05:50,30.415,False,57650.0,2024-12-24 12:02:18,8.0,1.498,1.0,False,57630.0,2024-12-25 08:55:08,9.0,0.628,0.0,False,1,20.0,True,0,1,0,0,0,0,1,0,1,0,0,0,0,1,0,1,0,0,0.0,0,0.0,-0.0,-0.0,1.498,1.0,0,0,0,-0.0,4,MOBILE_DEEP_CYCLE,STATEFUL_REVIEW_DATA_QUALITY,WINDOW_NORMAL_RESPONDING,ACTION_COLLECT_MORE_DATA_OR_MANUAL_REVIEW,low,1,data_quality_or_history_review,micro_wobble;censored_dominant,days_eff=1 days_any=1 cyc_eff=1 hq_nr=0 total_nr=0 cens=1 lg_opp=0 opp=2 norm_anom=-0.00 conf_p=1 micro_only=True cluster=MOBILE_DEEP_CYCLE,No user-facing action; collecting more data.,Data-quality/history review outranks action (would_have_been=NONE). Collect more data or manual review.,NONE,False,False,True,False,True,True,False,False,0,2026-06-08T10:02:59Z,rolling30-v2.0,30,1,abs_ge_50mWh
ROROSAS-F4HH26Y_rorosas,2025-09-04,2025-08-05 23:59:59.999999999,2025-09-04 23:59:59.999999999,8,27.421,0.524,329.659,334.198,2,2,2,0,0,0,0,False,WINDOW_QUALITY_SHORT_OBS,102.0,103.0,1.0,1.094,0.0264,0.0,0.9736,82.0,99.0,17.0,83.4,93.5,99.0,0.0,0.0,1.0,0.1005,0.1005,1,1,1,86000.0,86000.0,86000.0,86000.0,0.0,0,0,0.0,,,100.0,100.0,0,0,0,0,0,0,0,0,0,0,0,0,0,0,0,0.0,0,0,0,,0.0,,,0.0,0,0,0,,0.0,,2025-09-04 23:59:59.999999999,2023-08-17 11:40:35,2025-09-04 21:27:08,749.513,True,86000.0,2023-08-17 11:40:35,1.0,749.513,102.0,False,86000.0,2023-08-17 11:40:35,1.0,749.513,102.0,False,0,0.0,False,0,0,5,0,0,0,0,0,0,0,0,0,0,0,0,0,5,0,0.0,0,0.0,-0.0,-0.0,749.513,102.0,0,0,0,-0.0,-1,SPARSE_OR_GAPPY,STATEFUL_REVIEW_DATA_QUALITY,WINDOW_DATA_QUALITY_REVIEW,ACTION_COLLECT_MORE_DATA_OR_MANUAL_REVIEW,low,1,data_quality_or_history_review,large_gap_dominant,days_eff=750 days_any=750 cyc_eff=102 hq_nr=0 total_nr=0 cens=0 lg_opp=5 opp=5 norm_anom=-0.00 conf_p=1 micro_only=False cluster=SPARSE_OR_GAPPY,No user-facing action; collecting more data.,Data-quality/history review outranks action (would_have_been=NONE). Collect more data or manual review.,NONE,False,False,False,True,False,False,True,False,0,2026-06-08T10:02:59Z,rolling30-v2.0,30,1,abs_ge_50mWh
ROROSAS-W0BX6X0_rorosas,2025-05-12,2025-04-12 23:59:59.999999999,2025-05-12 23:59:59.999999999,13,28.001,1.122,215.96,331.935,5,5,4,0,0,0,0,False,WINDOW_QUALITY_SHORT_OBS,45.0,46.0,1.0,1.071,0.3892,0.1539,0.6108,36.0,99.0,63.0,37.8,74.0,99.0,0.0,0.0,0.3003,0.3003,0.3003,3,4,2,60140.0,60130.0,60130.0,60140.0,10.0,1,0,0.0,,,103.69,103.67,0,0,0,0,0,0,0,0,0,0,0,0,0,0,0,0.0,0,0,0,,0.0,,,0.0,0,0,0,,0.0,,2025-05-12 23:59:59.999999999,2024-07-31 13:04:57,2025-05-12 14:43:38,285.455,True,60320.0,2025-02-05 11:07:39,37.0,96.536,9.0,False,60130.0,2025-04-15 13:34:01,46.0,27.435,0.0,True,15,20.0,True,0,0,0,0,0,0,0,0,0,0,0,0,0,0,0,0,0,0,0.0,0,0.0,-0.0,-0.0,96.536,9.0,0,0,0,-0.0,-1,SPARSE_OR_GAPPY,STATEFUL_REVIEW_DATA_QUALITY,WINDOW_DATA_QUALITY_REVIEW,ACTION_COLLECT_MORE_DATA_OR_MANUAL_REVIEW,low,1,data_quality_or_history_review,micro_wobble,days_eff=97 days_any=27 cyc_eff=9 hq_nr=0 total_nr=0 cens=0 lg_opp=0 opp=0 norm_anom=-0.00 conf_p=1 micro_only=True cluster=SPARSE_OR_GAPPY,No user-facing action; collecting more data.,Data-quality/history review outranks action (would_have_been=NONE). Collect more data or manual review.,NONE,False,False,True,False,False,False,True,False,0,2026-06-08T10:02:59Z,rolling30-v2.0,30,1,abs_ge_50mWh
RPHILLIPS1-MR01_rphillips1,2026-05-25,2026-04-25 23:59:59.999999999,2026-05-25 23:59:59.999999999,1084,29.647,0.5,0.5,67.49,6,6,2,0,0,0,0,False,WINDOW_QUALITY_OK,37.0,40.0,3.0,3.036,0.964,0.0205,0.036,29.0,100.0,71.0,95.0,99.0,100.0,0.0,0.0,0.9816,0.9788,0.9535,36,52,18,90460.0,90420.0,90420.0,90460.0,40.0,3,0,0.0,,,90.55,90.51,0,0,0,0,0,0,0,0,0,0,0,0,0,0,0,0.0,0,0,0,,0.0,,,0.0,0,0,0,,0.0,,2026-05-25 23:59:59.999999999,2025-10-13 15:25:48,2026-05-25 15:47:51,224.357,True,90460.0,2026-04-22 14:55:56,37.0,33.378,3.0,True,90420.0,2026-05-11 12:06:52,40.0,14.495,0.0,True,3,20.0,True,0,0,0,0,0,0,0,0,0,0,0,0,0,0,0,0,0,0,0.0,0,0.0,-0.0,-0.0,33.378,3.0,0,0,0,-0.0,5,AC_BOUND,STATEFUL_NORMAL_RESPONDING,WINDOW_MICRO_WOBBLE_ONLY,ACTION_NONE,high,9,responding_or_no_concern,micro_wobble,days_eff=33 days_any=14 cyc_eff=3 hq_nr=0 total_nr=0 cens=0 lg_opp=0 opp=0 norm_anom=-0.00 conf_p=1 micro_only=True cluster=AC_BOUND,No action needed.,Responding normally; no concern.,,False,False,True,False,False,False,False,False,0,2026-06-08T10:02:59Z,rolling30-v2.0,30,1,abs_ge_50mWh
RSEKINOXF43CNVB_rsekino,2025-03-31,2025-03-01 23:59:59.999999999,2025-03-31 23:59:59.999999999,38,28.595,0.264,85.684,129.781,11,11,10,0,0,0,0,False,WINDOW_QUALITY_SPARSE,209.0,211.0,2.0,2.098,0.2858,0.2766,0.7142,7.0,100.0,93.0,9.55,41.5,99.0,0.0765,0.1592,0.2482,0.1013,0.0911,9,10,5,48010.0,48010.0,48010.0,48010.0,0.0,0,0,0.0,,,84.15,84.15,0,1,0,0,1,0,1,0,0,1,0,1,0,0,1,0.0,0,0,0,,0.0,,,0.0,0,0,0,,0.0,,2025-03-31 23:59:59.999999999,2023-06-06 14:57:25,2025-03-31 12:34:03,664.377,True,48030.0,2024-05-08 14:15:03,108.0,327.406,103.0,False,48010.0,2024-12-24 11:44:25,189.0,97.511,22.0,False,1,20.0,True,2,7,22,2,7,9,0,0,2,10,0,2,2,0,2,0,22,0,3.5181,0,-4.47936,1.9454,1.9454,327.406,103.0,9,2,0,1.9454,-1,SPARSE_OR_GAPPY,STATEFUL_REVIEW_DATA_QUALITY,WINDOW_DATA_QUALITY_REVIEW,ACTION_COLLECT_MORE_DATA_OR_MANUAL_REVIEW,low,1,data_quality_or_history_review,fw_like;micro_wobble;large_gap_dominant,days_eff=327 days_any=98 cyc_eff=103 hq_nr=2 total_nr=9 cens=0 lg_opp=22 opp=43 norm_anom=1.95 conf_p=1 micro_only=True cluster=SPARSE_OR_GAPPY,No user-facing action; collecting more data.,Data-quality/history review outranks action (would_have_been=FW_CORE_LIKE). Collect more data or manual review.,FW_CORE_LIKE,True,False,True,True,False,False,True,False,0,2026-06-08T10:02:59Z,rolling30-v2.0,30,1,abs_ge_50mWh
RTWALL-PF4JTB8S_rtwall,2024-07-26,2024-06-26 23:59:59.999999999,2024-07-26 23:59:59.999999999,600,28.988,0.5,6.408,21.911,33,4,0,0,0,0,0,False,WINDOW_QUALITY_OK,76.0,79.0,3.0,3.105,0.8633,0.0414,0.1367,45.0,100.0,55.0,86.0,100.0,100.0,0.0,0.0,0.9567,0.9341,0.8981,32,47,16,62200.0,62180.0,62180.0,62200.0,20.0,2,0,0.0,,,86.2,86.17,0,0,0,0,0,0,0,0,0,0,0,0,0,0,0,0.0,0,0,0,,0.0,,,0.0,0,0,0,,0.0,,2024-07-26 23:59:59.999999999,2023-10-12 10:53:15,2024-07-26 08:45:40,288.546,True,62280.0,2024-04-04 21:04:29,62.0,113.122,17.0,False,62180.0,2024-07-17 09:07:41,78.0,9.62,1.0,True,10,10.0,True,0,0,0,0,0,0,0,0,0,0,0,0,0,0,0,0,0,0,0.0,0,0.0,-0.0,-0.0,113.122,17.0,0,0,0,-0.0,5,AC_BOUND,STATEFUL_NORMAL_RESPONDING,WINDOW_MICRO_WOBBLE_ONLY,ACTION_NONE,high,9,responding_or_no_concern,micro_wobble,days_eff=113 days_any=10 cyc_eff=17 hq_nr=0 total_nr=0 cens=0 lg_opp=0 opp=0 norm_anom=-0.00 conf_p=1 micro_only=True cluster=AC_BOUND,No action needed.,Responding normally; no concern.,,False,False,True,False,False,False,False,False,0,2026-06-08T10:02:59Z,rolling30-v2.0,30,1,abs_ge_50mWh
RUBYHE_HEHP,2025-12-01,2025-11-01 23:59:59.999999999,2025-12-01 23:59:59.999999999,239,27.994,0.5,12.997,73.059,20,17,5,0,0,0,0,False,WINDOW_QUALITY_OK,33.0,38.0,5.0,5.358,0.6747,0.2236,0.3253,29.0,100.0,71.0,50.0,98.0,100.0,0.0,0.0,0.8617,0.7807,0.6853,58,72,29,54850.0,54790.0,54790.0,54850.0,60.0,5,0,0.0,,,96.18,96.07,0,0,0,0,0,0,0,0,0,0,0,0,0,0,0,0.0,0,0,0,,0.0,,,0.0,0,0,0,,0.0,,2025-12-01 23:59:59.999999999,2024-11-12 09:22:17,2025-12-01 08:10:56,384.61,True,54910.0,2025-09-05 19:21:08,28.0,87.194,10.0,False,54790.0,2025-11-20 10:32:34,38.0,11.561,0.0,True,10,20.0,True,0,0,0,0,0,0,0,0,0,0,0,0,0,0,0,0,0,0,0.0,0,0.0,-0.0,-0.0,87.194,10.0,0,0,0,-0.0,5,AC_BOUND,STATEFUL_NORMAL_RESPONDING,WINDOW_MICRO_WOBBLE_ONLY,ACTION_NONE,high,9,responding_or_no_concern,micro_wobble,days_eff=87 days_any=12 cyc_eff=10 hq_nr=0 total_nr=0 cens=0 lg_opp=0 opp=0 norm_anom=-0.00 conf_p=1 micro_only=True cluster=AC_BOUND,No action needed.,Responding normally; no concern.,,False,False,True,False,False,False,False,False,0,2026-06-08T10:02:59Z,rolling30-v2.0,30,1,abs_ge_50mWh
RUMBLE_zawacki,2024-06-20,2024-05-21 23:59:59.999999999,2024-06-20 23:59:59.999999999,63,29.001,0.5,61.154,108.639,16,13,10,0,0,0,0,False,WINDOW_QUALITY_SPARSE,10.0,11.0,1.0,1.034,0.1537,0.1079,0.8463,23.0,100.0,77.0,31.1,62.0,100.0,0.0,0.0,0.2418,0.1245,0.0957,5,7,3,41350.0,41350.0,41350.0,41350.0,0.0,0,0,0.0,,,98.45,98.45,0,0,0,0,0,0,0,0,0,0,0,0,0,0,0,0.0,0,0,0,,0.0,,,0.0,0,0,0,,0.0,,2024-06-20 23:59:59.999999999,2024-04-11 11:01:31,2024-06-20 07:54:23,70.541,True,41360.0,2024-05-17 08:13:58,9.0,34.657,2.0,True,41350.0,2024-05-20 11:26:48,10.0,31.523,1.0,True,1,10.0,True,0,0,0,0,0,0,0,0,0,0,0,0,0,0,0,0,0,0,0.0,0,0.0,-0.0,-0.0,34.657,2.0,0,0,0,-0.0,-1,SPARSE_OR_GAPPY,STATEFUL_REVIEW_DATA_QUALITY,WINDOW_DATA_QUALITY_REVIEW,ACTION_COLLECT_MORE_DATA_OR_MANUAL_REVIEW,low,1,data_quality_or_history_review,micro_wobble,days_eff=35 days_any=32 cyc_eff=2 hq_nr=0 total_nr=0 cens=0 lg_opp=0 opp=0 norm_anom=-0.00 conf_p=1 micro_only=True cluster=SPARSE_OR_GAPPY,No user-facing action; collecting more data.,Data-quality/history review outranks action (would_have_been=NONE). Collect more data or manual review.,NONE,False,False,True,False,False,False,True,False,0,2026-06-08T10:02:59Z,rolling30-v2.0,30,1,abs_ge_50mWh
RUSSELL_rgantman,2026-05-29,2026-04-29 23:59:59.999999999,2026-05-29 23:59:59.999999999,589,28.934,0.5,1.471,63.676,19,9,5,0,0,0,0,False,WINDOW_QUALITY_OK,2.0,5.0,3.0,3.111,0.9378,0.0809,0.0622,54.0,100.0,46.0,76.0,78.0,99.6,0.0,0.0,0.2051,0.1111,0.092,20,58,10,75000.0,74960.0,74960.0,75000.0,40.0,3,0,0.0,,,100.0,99.95,0,0,0,0,0,0,0,0,0,0,0,0,0,0,0,0.0,0,0,0,,0.0,,,0.0,0,0,0,,0.0,,2026-05-29 23:59:59.999999999,2026-04-30 11:08:23,2026-05-29 09:33:09,29.536,False,75000.0,2026-04-30 11:08:23,2.0,29.536,3.0,False,74960.0,2026-05-25 20:05:01,5.0,4.163,0.0,False,3,20.0,True,0,0,0,0,0,0,0,0,0,0,0,0,0,0,0,0,0,0,0.0,0,0.0,-0.0,-0.0,29.536,3.0,0,0,0,-0.0,1,AC_BOUND,STATEFUL_REVIEW_DATA_QUALITY,WINDOW_MICRO_WOBBLE_ONLY,ACTION_COLLECT_MORE_DATA_OR_MANUAL_REVIEW,low,1,data_quality_or_history_review,micro_wobble,days_eff=30 days_any=4 cyc_eff=3 hq_nr=0 total_nr=0 cens=0 lg_opp=0 opp=0 norm_anom=-0.00 conf_p=1 micro_only=True cluster=AC_BOUND,No user-facing action; collecting more data.,Data-quality/history review outranks action (would_have_been=NONE). Collect more data or manual review.,NONE,False,False,True,False,False,True,False,False,0,2026-06-08T10:02:59Z,rolling30-v2.0,30,1,abs_ge_50mWh
SADACHI1-4H67H3_sadachi1,2024-09-30,2024-08-31 23:59:59.999999999,2024-09-30 23:59:59.999999999,386,27.948,0.5,1.647,84.521,19,19,4,0,0,0,0,False,WINDOW_QUALITY_OK,137.0,147.0,10.0,10.734,0.7844,0.1782,0.2156,5.0,100.0,95.0,36.0,100.0,100.0,0.0106,0.0197,0.8097,0.7418,0.6939,55,88,28,37500.0,37180.0,36760.0,37590.0,830.0,30,12,420.0,2024-09-27 18:20:04,147.0,95.23,94.41,0,5,0,0,5,0,2,0,0,2,0,2,0,0,2,0.0,0,0,0,,0.0,,,0.0,0,0,0,,0.0,,2024-09-30 23:59:59.999999999,2023-12-25 17:26:40,2024-09-30 08:46:50,280.273,True,37180.0,2024-09-27 18:20:04,147.0,3.236,0.0,True,37180.0,2024-09-27 18:20:04,147.0,3.236,0.0,True,0,0.0,False,0,0,0,0,0,0,0,0,0,0,0,0,0,0,0,0,0,0,0.0,0,0.0,-0.0,-0.0,3.236,0.0,0,0,0,-0.0,4,MOBILE_DEEP_CYCLE,STATEFUL_NORMAL_RESPONDING,WINDOW_NORMAL_RESPONDING,ACTION_NONE,high,9,responding_or_no_concern,,days_eff=3 days_any=3 cyc_eff=0 hq_nr=0 total_nr=0 cens=0 lg_opp=0 opp=0 norm_anom=-0.00 conf_p=1 micro_only=False cluster=MOBILE_DEEP_CYCLE,No action needed.,Responding normally; no concern.,,False,False,False,False,False,False,False,False,0,2026-06-08T10:02:59Z,rolling30-v2.0,30,1,abs_ge_50mWh
SAYINGZIYIN_yinsyz1,2024-10-25,2024-09-25 23:59:59.999999999,2024-10-25 23:59:59.999999999,1,0.0,,,0.0,0,0,0,0,0,0,0,False,WINDOW_QUALITY_SHORT_OBS,103.0,103.0,0.0,0.0,,,,1.0,1.0,0.0,1.0,1.0,1.0,,,,,,0,0,0,50610.0,50610.0,50610.0,50610.0,0.0,0,0,0.0,,,88.79,88.79,0,0,0,0,0,0,0,0,0,0,0,0,0,0,0,0.0,0,0,0,,0.0,,,0.0,0,0,0,,0.0,,2024-10-25 23:59:59.999999999,2023-02-14 10:41:19,2024-10-25 01:56:21,619.555,True,50630.0,2024-08-14 23:28:16,102.0,72.022,1.0,False,50610.0,2024-08-17 02:05:07,103.0,69.913,0.0,False,1,20.0,True,0,0,0,0,0,0,0,0,0,0,0,0,0,0,0,0,0,0,0.0,0,0.0,-0.0,-0.0,72.022,1.0,0,0,0,-0.0,-1,SPARSE_OR_GAPPY,STATEFUL_REVIEW_DATA_QUALITY,WINDOW_DATA_QUALITY_REVIEW,ACTION_COLLECT_MORE_DATA_OR_MANUAL_REVIEW,low,1,data_quality_or_history_review,micro_wobble,days_eff=72 days_any=70 cyc_eff=1 hq_nr=0 total_nr=0 cens=0 lg_opp=0 opp=0 norm_anom=-0.00 conf_p=1 micro_only=True cluster=SPARSE_OR_GAPPY,No user-facing action; collecting more data.,Data-quality/history review outranks action (would_have_been=NONE). Collect more data or manual review.,NONE,False,False,True,False,False,False,True,False,0,2026-06-08T10:02:59Z,rolling30-v2.0,30,1,abs_ge_50mWh
SBARATAM-000032_sbaratam,2025-09-05,2025-08-06 23:59:59.999999999,2025-09-05 23:59:59.999999999,17,9.111,0.5,59.014,173.751,3,3,1,0,0,0,0,False,WINDOW_QUALITY_SHORT_OBS,12.0,13.0,1.0,3.293,0.3884,0.1059,0.6116,57.0,100.0,43.0,57.0,98.0,100.0,0.0,0.0,0.607,0.5694,0.5694,5,5,3,55400.0,55380.0,55380.0,55400.0,20.0,1,0,0.0,,,101.28,101.24,0,0,0,0,0,0,0,0,0,0,0,0,0,0,0,0.0,0,0,0,,0.0,,,0.0,0,0,0,,0.0,,2025-09-05 23:59:59.999999999,2025-03-20 10:15:03,2025-09-05 13:17:39,169.573,True,55490.0,2025-05-06 12:52:30,6.0,122.464,7.0,False,55380.0,2025-08-27 10:57:51,13.0,9.543,0.0,True,7,20.0,True,0,0,1,0,0,0,0,0,0,1,0,0,0,0,0,0,1,0,0.0,0,0.0,-0.0,-0.0,122.464,7.0,0,0,0,-0.0,-1,SPARSE_OR_GAPPY,STATEFUL_REVIEW_DATA_QUALITY,WINDOW_DATA_QUALITY_REVIEW,ACTION_COLLECT_MORE_DATA_OR_MANUAL_REVIEW,low,1,data_quality_or_history_review,micro_wobble;large_gap_dominant,days_eff=122 days_any=10 cyc_eff=7 hq_nr=0 total_nr=0 cens=0 lg_opp=1 opp=2 norm_anom=-0.00 conf_p=1 micro_only=True cluster=SPARSE_OR_GAPPY,No user-facing action; collecting more data.,Data-quality/history review outranks action (would_have_been=NONE). Collect more data or manual review.,NONE,False,False,True,True,False,False,True,False,0,2026-06-08T10:02:59Z,rolling30-v2.0,30,1,abs_ge_50mWh
SBLEAKLEY-742XA_sbleakley,2026-05-27,2026-04-27 23:59:59.999999999,2026-05-27 23:59:59.999999999,876,29.436,0.5,0.839,88.509,13,10,1,0,0,0,0,False,WINDOW_QUALITY_OK,2.0,6.0,4.0,4.077,0.819,0.199,0.181,71.0,100.0,29.0,85.75,96.0,100.0,0.0,0.0,0.9676,0.7608,0.4799,89,115,45,58030.0,57990.0,57990.0,58030.0,40.0,4,0,0.0,,,100.05,99.98,0,0,0,0,0,0,0,0,0,0,0,0,0,0,0,0.0,0,0,0,,0.0,,,0.0,0,0,0,,0.0,,2026-05-27 23:59:59.999999999,2026-04-22 13:21:34,2026-05-27 10:37:31,35.443,False,58030.0,2026-04-22 13:21:34,1.0,35.443,5.0,False,57990.0,2026-05-21 12:33:39,6.0,6.477,0.0,False,4,10.0,True,0,0,0,0,0,0,0,0,0,0,0,0,0,0,0,0,0,0,0.0,0,0.0,-0.0,-0.0,35.443,5.0,0,0,0,-0.0,5,AC_BOUND,STATEFUL_REVIEW_DATA_QUALITY,WINDOW_MICRO_WOBBLE_ONLY,ACTION_COLLECT_MORE_DATA_OR_MANUAL_REVIEW,low,1,data_quality_or_history_review,micro_wobble,days_eff=35 days_any=6 cyc_eff=5 hq_nr=0 total_nr=0 cens=0 lg_opp=0 opp=0 norm_anom=-0.00 conf_p=1 micro_only=True cluster=AC_BOUND,No user-facing action; collecting more data.,Data-quality/history review outranks action (would_have_been=NONE). Collect more data or manual review.,NONE,False,False,True,False,False,True,False,False,0,2026-06-08T10:02:59Z,rolling30-v2.0,30,1,abs_ge_50mWh
SDESCHENES-FH3M_sdeschenes,2025-11-12,2025-10-13 23:59:59.999999999,2025-11-12 23:59:59.999999999,174,28.979,0.5,8.197,234.053,13,4,3,0,0,0,0,False,WINDOW_QUALITY_OK,659.0,673.0,14.0,14.493,0.5911,0.2424,0.4089,5.0,100.0,95.0,12.25,95.0,100.0,0.0499,0.0594,0.6058,0.5217,0.4357,42,53,21,46740.0,46740.0,46740.0,46740.0,0.0,0,0,0.0,,,89.03,89.03,3,2,3,0,5,3,2,3,0,5,1,2,1,0,3,1.0592,0,3,3,0.267755,0.5723,0.24071,0.2187,0.1228,0,3,3,0.882165,0.0545,0.85184,2025-11-12 23:59:59.999999999,2023-06-06 16:03:55,2025-11-12 08:04:53,890.331,True,46740.0,2025-10-03 11:13:11,652.0,40.533,21.0,True,46740.0,2025-10-03 11:13:11,652.0,40.533,21.0,True,0,0.0,False,3,1,3,3,1,4,0,1,1,3,1,1,2,0,3,0,3,0,1.3736,0,-1.69518,0.7362,0.7362,40.533,21.0,4,2,0,0.7362,4,MOBILE_DEEP_CYCLE,STATEFUL_WATCH_LOW_EVIDENCE,WINDOW_OPPORTUNITY_NO_RESPONSE,ACTION_MONITOR_NEXT_WINDOW,low,8,weak_partial_evidence,fw_like,days_eff=41 days_any=41 cyc_eff=21 hq_nr=3 total_nr=4 cens=0 lg_opp=3 opp=12 norm_anom=0.74 conf_p=0.241 micro_only=False cluster=MOBILE_DEEP_CYCLE,No user-facing action; monitoring.,Ambiguous/weak evidence (40d since effective change); monitor next window.,,True,False,False,False,False,False,False,False,11,2026-06-08T10:02:59Z,rolling30-v2.0,30,1,abs_ge_50mWh
SDILLARD1-2S9T3_sdillard1,2026-05-19,2026-04-19 23:59:59.999999999,2026-05-19 23:59:59.999999999,196,29.344,0.5,18.738,68.297,27,20,5,0,0,0,0,False,WINDOW_QUALITY_OK,23.0,29.0,6.0,6.134,0.2474,0.1212,0.7526,2.0,100.0,98.0,29.5,78.5,100.0,0.0033,0.0196,0.4173,0.2781,0.2369,38,47,19,75020.0,74950.0,74950.0,75020.0,70.0,6,0,0.0,,,100.03,99.93,0,2,0,0,2,0,2,0,0,2,0,1,0,0,1,0.0,0,0,0,,0.0,,,0.0,0,0,0,,0.0,,2026-05-19 23:59:59.999999999,2026-01-14 13:19:15,2026-05-19 08:43:43,125.445,True,75030.0,2026-04-15 13:14:56,22.0,34.448,7.0,True,74950.0,2026-05-13 13:39:12,29.0,6.431,0.0,True,7,20.0,True,0,0,2,0,0,0,0,0,0,1,0,0,0,0,0,0,2,0,0.0,0,0.0,-0.0,-0.0,34.448,7.0,0,0,0,-0.0,4,MOBILE_DEEP_CYCLE,STATEFUL_WATCH_LARGE_GAP_OR_CENSORED,WINDOW_MICRO_WOBBLE_ONLY,ACTION_MONITOR_NEXT_WINDOW,low,7,large_gap_or_censored_dominant,micro_wobble;large_gap_dominant,days_eff=34 days_any=6 cyc_eff=7 hq_nr=0 total_nr=0 cens=0 lg_opp=2 opp=3 norm_anom=-0.00 conf_p=1 micro_only=True cluster=MOBILE_DEEP_CYCLE,No user-facing action; monitoring.,Ambiguous/weak evidence (34d since effective change); monitor next window.,,False,False,True,True,False,False,False,False,0,2026-06-08T10:02:59Z,rolling30-v2.0,30,1,abs_ge_50mWh
SDILLARD1-GR30Q_sdillard1,2025-12-18,2025-11-18 23:59:59.999999999,2025-12-18 23:59:59.999999999,215,29.104,0.5,17.441,67.494,22,20,8,0,0,0,0,False,WINDOW_QUALITY_OK,45.0,53.0,8.0,8.246,0.4125,0.1492,0.5875,17.0,100.0,83.0,31.4,87.0,100.0,0.0,0.0133,0.4993,0.3827,0.3585,55,66,28,56100.0,55900.0,55900.0,56600.0,700.0,12,4,580.0,2025-12-16 08:30:22,53.0,96.72,96.38,0,2,0,0,2,0,0,0,0,0,0,0,0,0,0,0.0,0,0,0,,0.0,,,0.0,0,0,0,,0.0,,2025-12-18 23:59:59.999999999,2025-06-04 15:17:09,2025-12-18 11:42:34,197.363,True,55900.0,2025-12-16 08:30:22,53.0,2.646,0.0,True,55900.0,2025-12-16 08:30:22,53.0,2.646,0.0,True,0,0.0,False,0,0,0,0,0,0,0,0,0,0,0,0,0,0,0,0,0,0,0.0,0,0.0,-0.0,-0.0,2.646,0.0,0,0,0,-0.0,4,MOBILE_DEEP_CYCLE,STATEFUL_NORMAL_RESPONDING,WINDOW_NORMAL_RESPONDING,ACTION_NONE,high,9,responding_or_no_concern,,days_eff=3 days_any=3 cyc_eff=0 hq_nr=0 total_nr=0 cens=0 lg_opp=0 opp=0 norm_anom=-0.00 conf_p=1 micro_only=False cluster=MOBILE_DEEP_CYCLE,No action needed.,Responding normally; no concern.,,False,False,False,False,False,False,False,False,0,2026-06-08T10:02:59Z,rolling30-v2.0,30,1,abs_ge_50mWh
SHAUSER-F62JTB9_shauser,2026-02-05,2026-01-06 23:59:59.999999999,2026-02-05 23:59:59.999999999,242,21.965,0.5,16.491,62.714,17,17,4,0,0,0,0,False,WINDOW_QUALITY_OK,1.0,4.0,3.0,4.097,0.7327,0.0857,0.2673,23.0,100.0,77.0,48.1,99.0,100.0,0.0,0.0,0.7972,0.7517,0.7148,21,30,11,75010.0,74990.0,74990.0,75010.0,20.0,2,0,0.0,,,100.01,99.99,0,0,0,0,0,0,0,0,0,0,0,0,0,0,0,0.0,0,0,0,,0.0,,,0.0,0,0,0,,0.0,,2026-02-05 23:59:59.999999999,2026-01-14 11:20:38,2026-02-05 10:30:24,22.527,False,75010.0,2026-01-14 11:20:38,1.0,22.527,3.0,False,74990.0,2026-02-02 14:04:02,4.0,3.414,0.0,False,2,10.0,True,0,0,0,0,0,0,0,0,0,0,0,0,0,0,0,0,0,0,0.0,0,0.0,-0.0,-0.0,22.527,3.0,0,0,0,-0.0,5,AC_BOUND,STATEFUL_REVIEW_DATA_QUALITY,WINDOW_MICRO_WOBBLE_ONLY,ACTION_COLLECT_MORE_DATA_OR_MANUAL_REVIEW,low,1,data_quality_or_history_review,micro_wobble,days_eff=23 days_any=3 cyc_eff=3 hq_nr=0 total_nr=0 cens=0 lg_opp=0 opp=0 norm_anom=-0.00 conf_p=1 micro_only=True cluster=AC_BOUND,No user-facing action; collecting more data.,Data-quality/history review outranks action (would_have_been=NONE). Collect more data or manual review.,NONE,False,False,True,False,False,True,False,False,0,2026-06-08T10:02:59Z,rolling30-v2.0,30,1,abs_ge_50mWh
SHAUSER-W0J2TNX_shauser,2026-01-12,2025-12-13 23:59:59.999999999,2026-01-12 23:59:59.999999999,156,28.292,0.5,20.58,118.458,26,15,8,0,0,0,0,False,WINDOW_QUALITY_OK,26.0,28.0,2.0,2.121,0.7946,0.0663,0.2054,30.0,100.0,70.0,73.0,98.0,100.0,0.0,0.0,0.9521,0.94,0.7939,24,32,12,54350.0,53200.0,53200.0,54350.0,1150.0,4,2,560.0,2026-01-05 08:23:25,27.0,99.27,97.17,0,0,0,0,0,0,0,0,0,0,0,0,0,0,0,0.0,0,0,0,,0.0,,,0.0,0,0,0,,0.0,,2026-01-12 23:59:59.999999999,2025-08-25 14:41:40,2026-01-12 15:21:03,140.388,True,53210.0,2026-01-05 08:23:25,27.0,7.65,1.0,True,53200.0,2026-01-08 13:57:45,28.0,4.418,0.0,True,1,10.0,True,0,0,0,0,0,0,0,0,0,0,0,0,0,0,0,0,0,0,0.0,0,0.0,-0.0,-0.0,7.65,1.0,0,0,0,-0.0,5,AC_BOUND,STATEFUL_NORMAL_RESPONDING,WINDOW_NORMAL_RESPONDING,ACTION_NONE,high,9,responding_or_no_concern,micro_wobble,days_eff=8 days_any=4 cyc_eff=1 hq_nr=0 total_nr=0 cens=0 lg_opp=0 opp=0 norm_anom=-0.00 conf_p=1 micro_only=True cluster=AC_BOUND,No action needed.,Responding normally; no concern.,,False,False,True,False,False,False,False,False,0,2026-06-08T10:02:59Z,rolling30-v2.0,30,1,abs_ge_50mWh
SHIGE_MS2ARL,2025-08-26,2025-07-27 23:59:59.999999999,2025-08-26 23:59:59.999999999,155,29.623,0.5,17.773,305.606,17,10,6,0,0,0,0,False,WINDOW_QUALITY_OK,24.0,29.0,5.0,5.064,0.4192,0.1947,0.5808,38.0,100.0,62.0,46.4,86.0,100.0,0.0,0.0,0.6303,0.4106,0.2992,37,44,19,59290.0,59180.0,59180.0,59290.0,110.0,6,0,0.0,,,103.96,103.77,0,0,0,0,0,0,0,0,0,0,0,0,0,0,0,0.0,0,0,0,,0.0,,,0.0,0,0,0,,0.0,,2025-08-26 23:59:59.999999999,2025-05-13 10:48:07,2025-08-26 16:27:18,105.55,True,59670.0,2025-05-13 10:48:07,1.0,105.55,28.0,False,59180.0,2025-08-26 11:53:15,29.0,0.505,0.0,True,33,40.0,True,0,0,0,0,0,0,0,0,0,0,0,0,0,0,0,0,0,0,0.0,0,0.0,-0.0,-0.0,105.55,28.0,0,0,0,-0.0,5,AC_BOUND,STATEFUL_NORMAL_RESPONDING,WINDOW_MICRO_WOBBLE_ONLY,ACTION_NONE,high,9,responding_or_no_concern,micro_wobble,days_eff=106 days_any=1 cyc_eff=28 hq_nr=0 total_nr=0 cens=0 lg_opp=0 opp=0 norm_anom=-0.00 conf_p=1 micro_only=True cluster=AC_BOUND,No action needed.,Responding normally; no concern.,,False,False,True,False,False,False,False,False,0,2026-06-08T10:02:59Z,rolling30-v2.0,30,1,abs_ge_50mWh
SHIGE_TH1,2024-02-09,2024-01-10 23:59:59.999999999,2024-02-09 23:59:59.999999999,583,29.411,0.362,5.052,57.177,21,12,5,0,0,0,0,False,WINDOW_QUALITY_OK,9.0,27.0,18.0,18.361,0.3791,0.2027,0.6209,2.0,100.0,98.0,26.1,76.0,100.0,0.0129,0.0349,0.3066,0.2204,0.1368,172,217,87,59560.0,59390.0,59390.0,59560.0,170.0,11,0,0.0,,,104.44,104.14,1,3,1,0,4,0,2,0,0,2,0,2,0,0,2,0.4407,0,1,1,0.559302,0.2524,0.64517,0.64521,0.193,0,1,1,0.807018,0.0931,0.74731,2024-02-09 23:59:59.999999999,2023-12-19 14:23:34,2024-02-09 11:05:17,52.4,False,59670.0,2023-12-19 14:23:34,1.0,52.4,26.0,False,59390.0,2024-02-07 15:27:43,25.0,2.356,2.0,False,18,30.0,True,1,0,4,1,0,1,0,0,0,2,0,0,0,0,1,0,4,0,0.4407,0,-0.58107,0.2524,0.2524,52.4,26.0,1,0,0,0.2524,4,MOBILE_DEEP_CYCLE,STATEFUL_REVIEW_DATA_QUALITY,WINDOW_OPPORTUNITY_NO_RESPONSE,ACTION_COLLECT_MORE_DATA_OR_MANUAL_REVIEW,low,1,data_quality_or_history_review,fw_like;micro_wobble;large_gap_dominant,days_eff=52 days_any=2 cyc_eff=26 hq_nr=1 total_nr=1 cens=0 lg_opp=4 opp=7 norm_anom=0.25 conf_p=0.645 micro_only=True cluster=MOBILE_DEEP_CYCLE,No user-facing action; collecting more data.,Data-quality/history review outranks action (would_have_been=FW_WATCH_LIKE). Collect more data or manual review.,FW_WATCH_LIKE,True,False,True,True,False,True,False,False,7,2026-06-08T10:02:59Z,rolling30-v2.0,30,1,abs_ge_50mWh
SHIGE_TH1SVT,2024-12-23,2024-11-23 23:59:59.999999999,2024-12-23 23:59:59.999999999,144,28.086,0.485,9.332,320.474,16,3,3,0,0,0,0,False,WINDOW_QUALITY_OK,104.0,108.0,4.0,4.273,0.3424,0.174,0.6576,26.0,100.0,74.0,31.0,85.5,100.0,0.0,0.0,0.6077,0.4858,0.3397,39,49,20,59650.0,59600.0,59600.0,59650.0,50.0,4,0,0.0,,,104.59,104.51,0,0,0,0,0,0,0,0,0,0,0,0,0,0,0,0.0,0,0,0,,0.0,,,0.0,0,0,0,,0.0,,2024-12-23 23:59:59.999999999,2024-02-08 13:04:39,2024-12-23 11:05:26,319.455,True,59760.0,2024-09-17 17:52:56,94.0,97.255,14.0,False,59600.0,2024-12-09 13:22:51,108.0,14.442,0.0,True,14,20.0,True,0,0,1,0,0,0,0,0,0,0,0,0,0,0,0,0,1,0,0.0,0,0.0,-0.0,-0.0,97.255,14.0,0,0,0,-0.0,4,MOBILE_DEEP_CYCLE,STATEFUL_WATCH_LARGE_GAP_OR_CENSORED,WINDOW_MICRO_WOBBLE_ONLY,ACTION_MONITOR_NEXT_WINDOW,low,7,large_gap_or_censored_dominant,micro_wobble;large_gap_dominant,days_eff=97 days_any=14 cyc_eff=14 hq_nr=0 total_nr=0 cens=0 lg_opp=1 opp=1 norm_anom=-0.00 conf_p=1 micro_only=True cluster=MOBILE_DEEP_CYCLE,No user-facing action; monitoring.,Ambiguous/weak evidence (97d since effective change); monitor next window.,,False,False,True,True,False,False,False,False,0,2026-06-08T10:02:59Z,rolling30-v2.0,30,1,abs_ge_50mWh
SHIGUCHI-3_shiguchi,2024-05-21,2024-04-21 23:59:59.999999999,2024-05-21 23:59:59.999999999,27,26.827,0.703,215.803,284.53,6,5,3,0,0,0,0,False,WINDOW_QUALITY_SPARSE,4.0,5.0,1.0,1.118,0.8785,0.2817,0.1215,19.0,100.0,81.0,25.9,100.0,100.0,0.0,0.01,0.8637,0.6836,0.6678,6,8,3,41350.0,40780.0,40420.0,41350.0,930.0,2,2,930.0,2024-04-26 13:12:23,5.0,98.45,97.1,0,1,0,0,1,0,0,0,0,0,0,0,0,0,0,0.0,0,0,0,,0.0,,,0.0,0,0,0,,0.0,,2024-05-21 23:59:59.999999999,2024-01-16 16:34:32,2024-05-21 09:30:16,126.309,True,40780.0,2024-04-26 13:12:23,5.0,25.45,0.0,True,40780.0,2024-04-26 13:12:23,5.0,25.45,0.0,True,0,0.0,False,0,0,0,0,0,0,0,0,0,0,0,0,0,0,0,0,0,0,0.0,0,0.0,-0.0,-0.0,25.45,0.0,0,0,0,-0.0,-1,SPARSE_OR_GAPPY,STATEFUL_REVIEW_DATA_QUALITY,WINDOW_DATA_QUALITY_REVIEW,ACTION_COLLECT_MORE_DATA_OR_MANUAL_REVIEW,low,1,data_quality_or_history_review,,days_eff=25 days_any=25 cyc_eff=0 hq_nr=0 total_nr=0 cens=0 lg_opp=0 opp=0 norm_anom=-0.00 conf_p=1 micro_only=False cluster=SPARSE_OR_GAPPY,No user-facing action; collecting more data.,Data-quality/history review outranks action (would_have_been=NONE). Collect more data or manual review.,NONE,False,False,False,False,False,False,True,False,0,2026-06-08T10:02:59Z,rolling30-v2.0,30,1,abs_ge_50mWh
SITZ13G2JN5BETA_jnunez5,2023-10-24,2023-09-24 23:59:59.999999999,2023-10-24 23:59:59.999999999,5,6.817,0.608,137.929,162.143,1,1,1,0,0,0,0,False,WINDOW_QUALITY_SHORT_OBS,40.0,41.0,1.0,4.4,0.4244,0.4244,0.5756,33.0,100.0,67.0,33.0,65.0,98.8,0.0,0.0,0.6499,0.6499,0.5756,2,2,1,48380.0,48360.0,48360.0,48380.0,20.0,1,0,0.0,,,93.92,93.88,0,0,0,0,0,0,0,0,0,0,0,0,0,0,0,0.0,0,0,0,,0.0,,,0.0,0,0,0,,0.0,,2023-10-24 23:59:59.999999999,2023-05-15 15:48:16,2023-10-24 09:48:31,162.341,True,48410.0,2023-08-23 16:32:26,37.0,62.311,4.0,False,48360.0,2023-10-24 09:48:31,41.0,0.591,0.0,True,4,20.0,True,0,0,2,0,0,0,0,0,0,1,0,0,0,0,0,0,2,0,0.0,0,0.0,-0.0,-0.0,62.311,4.0,0,0,0,-0.0,-1,SPARSE_OR_GAPPY,STATEFUL_REVIEW_DATA_QUALITY,WINDOW_DATA_QUALITY_REVIEW,ACTION_COLLECT_MORE_DATA_OR_MANUAL_REVIEW,low,1,data_quality_or_history_review,micro_wobble;large_gap_dominant,days_eff=62 days_any=1 cyc_eff=4 hq_nr=0 total_nr=0 cens=0 lg_opp=2 opp=3 norm_anom=-0.00 conf_p=1 micro_only=True cluster=SPARSE_OR_GAPPY,No user-facing action; collecting more data.,Data-quality/history review outranks action (would_have_been=NONE). Collect more data or manual review.,NONE,False,False,True,True,False,False,True,False,0,2026-06-08T10:02:59Z,rolling30-v2.0,30,1,abs_ge_50mWh
SIWAI-PF43AVX9_siwai,2024-07-06,2024-06-06 23:59:59.999999999,2024-07-06 23:59:59.999999999,138,28.731,0.5,20.421,78.204,26,19,5,0,0,0,0,False,WINDOW_QUALITY_OK,205.0,209.0,4.0,4.177,0.3275,0.1969,0.6725,17.0,100.0,83.0,20.7,81.5,100.0,0.0,0.0494,0.4923,0.2632,0.1963,32,41,17,48080.0,48080.0,48080.0,48080.0,0.0,0,0,0.0,,,84.28,84.28,0,2,0,0,2,0,0,0,0,0,0,0,0,0,0,0.0,0,0,0,,0.0,,,0.0,0,0,0,,0.0,,2024-07-06 23:59:59.999999999,2023-03-24 15:09:12,2024-07-06 05:45:06,470.369,True,48080.0,2024-03-19 06:07:42,168.0,109.745,41.0,False,48080.0,2024-03-19 06:07:42,168.0,109.745,41.0,False,0,0.0,False,2,0,7,2,0,2,0,2,0,1,2,0,2,0,2,0,7,0,0.8606,0,-1.12537,0.4887,0.4887,109.745,41.0,2,2,0,0.4887,4,MOBILE_DEEP_CYCLE,STATEFUL_FW_WATCH_HIGH_ANOMALY,WINDOW_LARGE_GAP_AMBIGUOUS,ACTION_FW_ENGINEERING_REVIEW,medium,4,fw_like_no_response_core_requirement_short,fw_like;large_gap_dominant,days_eff=110 days_any=110 cyc_eff=41 hq_nr=2 total_nr=2 cens=0 lg_opp=7 opp=12 norm_anom=0.49 conf_p=1 micro_only=False cluster=MOBILE_DEEP_CYCLE,No user-facing action; monitoring.,"FW-like no-response signal but a core requirement is short (staleness/cycles/quality). Monitor and add to FW engineering queue. normative anomaly 0.49, 2 no_response since last effective change (109d ago).",,True,False,False,True,False,False,False,False,0,2026-06-08T10:02:59Z,rolling30-v2.0,30,1,abs_ge_50mWh
SIWAI-PF462GGQ_localuser,2024-10-28,2024-09-28 23:59:59.999999999,2024-10-28 23:59:59.999999999,452,28.454,0.5,6.169,82.41,25,4,4,0,0,0,0,False,WINDOW_QUALITY_OK,244.0,256.0,12.0,12.652,0.5525,0.1713,0.4475,17.0,100.0,83.0,30.55,84.0,100.0,0.0,0.0097,0.5307,0.4083,0.3025,115,148,58,48080.0,48080.0,48080.0,48080.0,0.0,0,0,0.0,,,84.28,84.28,0,0,0,0,0,0,0,0,0,0,0,0,0,0,0,0.0,0,0,0,,0.0,,,0.0,0,0,0,,0.0,,2024-10-28 23:59:59.999999999,2024-07-06 06:57:56,2024-10-28 11:52:16,114.71,True,48080.0,2024-07-06 06:57:56,209.0,114.71,47.0,False,48080.0,2024-07-06 06:57:56,209.0,114.71,47.0,False,0,0.0,False,1,1,7,1,1,2,0,0,0,1,0,0,0,0,1,0,7,0,0.7682,0,-0.96929,0.421,0.421,114.71,47.0,2,0,0,0.421,4,MOBILE_DEEP_CYCLE,STATEFUL_FW_WATCH_HIGH_ANOMALY,WINDOW_INSUFFICIENT_LEARNING_OPPORTUNITY,ACTION_FW_ENGINEERING_REVIEW,medium,4,fw_like_no_response_core_requirement_short,fw_like;large_gap_dominant,days_eff=115 days_any=115 cyc_eff=47 hq_nr=1 total_nr=2 cens=0 lg_opp=7 opp=10 norm_anom=0.42 conf_p=1 micro_only=False cluster=MOBILE_DEEP_CYCLE,No user-facing action; monitoring.,"FW-like no-response signal but a core requirement is short (staleness/cycles/quality). Monitor and add to FW engineering queue. normative anomaly 0.42, 2 no_response since last effective change (114d ago).",,True,False,False,True,False,False,False,False,0,2026-06-08T10:02:59Z,rolling30-v2.0,30,1,abs_ge_50mWh
SIWAI-PF462GGQ_siwai,2024-10-21,2024-09-21 23:59:59.999999999,2024-10-21 23:59:59.999999999,392,27.17,0.5,6.675,82.41,25,4,4,0,0,0,0,False,WINDOW_QUALITY_OK,242.0,252.0,10.0,11.041,0.6039,0.1878,0.3961,24.0,100.0,76.0,46.0,93.0,100.0,0.0,0.0,0.6136,0.4991,0.4022,101,134,51,48080.0,48080.0,48080.0,48080.0,0.0,0,0,0.0,,,84.28,84.28,0,0,0,0,0,0,0,0,0,0,0,0,0,0,0,0.0,0,0,0,,0.0,,,0.0,0,0,0,,0.0,,2024-10-21 23:59:59.999999999,2024-07-06 06:57:56,2024-10-21 15:29:34,107.71,True,48080.0,2024-07-06 06:57:56,209.0,107.71,43.0,False,48080.0,2024-07-06 06:57:56,209.0,107.71,43.0,False,0,0.0,False,1,1,7,1,1,2,0,0,0,1,0,0,0,0,1,0,7,0,0.7682,0,-0.96929,0.421,0.421,107.71,43.0,2,0,0,0.421,4,MOBILE_DEEP_CYCLE,STATEFUL_FW_WATCH_HIGH_ANOMALY,WINDOW_INSUFFICIENT_LEARNING_OPPORTUNITY,ACTION_FW_ENGINEERING_REVIEW,medium,4,fw_like_no_response_core_requirement_short,fw_like;large_gap_dominant,days_eff=108 days_any=108 cyc_eff=43 hq_nr=1 total_nr=2 cens=0 lg_opp=7 opp=10 norm_anom=0.42 conf_p=1 micro_only=False cluster=MOBILE_DEEP_CYCLE,No user-facing action; monitoring.,"FW-like no-response signal but a core requirement is short (staleness/cycles/quality). Monitor and add to FW engineering queue. normative anomaly 0.42, 2 no_response since last effective change (107d ago).",,True,False,False,True,False,False,False,False,0,2026-06-08T10:02:59Z,rolling30-v2.0,30,1,abs_ge_50mWh
SIWAI-PF5P5JF7_siwai,2026-06-01,2026-05-02 23:59:59.999999999,2026-06-01 23:59:59.999999999,356,26.798,0.5,8.535,62.021,23,13,5,0,0,0,0,False,WINDOW_QUALITY_OK,28.0,33.0,5.0,5.598,0.6409,0.1191,0.3591,39.0,100.0,61.0,66.75,96.5,100.0,0.0,0.0,0.8351,0.6966,0.5536,86,105,44,57290.0,56660.0,56660.0,57290.0,630.0,6,1,570.0,2026-05-15 01:16:02,30.0,100.46,99.35,0,0,0,0,0,0,0,0,0,0,0,0,0,0,0,0.0,0,0,0,,0.0,,,0.0,0,0,0,,0.0,,2026-06-01 23:59:59.999999999,2025-12-18 10:49:06,2026-06-01 15:09:59,165.549,True,56700.0,2026-05-15 01:16:02,30.0,17.947,3.0,True,56660.0,2026-06-01 08:58:36,33.0,0.626,0.0,True,3,20.0,True,0,0,0,0,0,0,0,0,0,0,0,0,0,0,0,0,0,0,0.0,0,0.0,-0.0,-0.0,17.947,3.0,0,0,0,-0.0,5,AC_BOUND,STATEFUL_NORMAL_RESPONDING,WINDOW_NORMAL_RESPONDING,ACTION_NONE,high,9,responding_or_no_concern,micro_wobble,days_eff=18 days_any=1 cyc_eff=3 hq_nr=0 total_nr=0 cens=0 lg_opp=0 opp=0 norm_anom=-0.00 conf_p=1 micro_only=True cluster=AC_BOUND,No action needed.,Responding normally; no concern.,,False,False,True,False,False,False,False,False,0,2026-06-08T10:02:59Z,rolling30-v2.0,30,1,abs_ge_50mWh
SKADUKUNTLA-MTB_skadukuntla,2026-01-31,2026-01-01 23:59:59.999999999,2026-01-31 23:59:59.999999999,711,29.602,0.5,0.5,207.46,3,3,3,0,0,0,0,False,WINDOW_QUALITY_OK,23.0,24.0,1.0,1.013,0.9442,0.1957,0.0558,7.0,100.0,93.0,94.5,100.0,100.0,0.0058,0.0114,0.9585,0.9456,0.929,32,57,16,52570.0,52560.0,52560.0,52570.0,10.0,1,0,0.0,,,96.02,96.0,0,1,0,0,1,0,0,0,0,0,0,0,0,0,0,0.0,0,0,0,,0.0,,,0.0,0,0,0,,0.0,,2026-01-31 23:59:59.999999999,2025-06-24 13:48:07,2026-01-31 14:44:13,221.425,True,52570.0,2025-12-20 21:48:54,23.0,42.091,1.0,True,52560.0,2026-01-24 15:50:32,24.0,7.34,0.0,True,1,10.0,True,0,0,1,0,0,0,0,0,0,0,0,0,0,0,0,0,1,0,0.0,0,0.0,-0.0,-0.0,42.091,1.0,0,0,0,-0.0,3,AC_BOUND,STATEFUL_WATCH_LARGE_GAP_OR_CENSORED,WINDOW_MICRO_WOBBLE_ONLY,ACTION_MONITOR_NEXT_WINDOW,low,7,large_gap_or_censored_dominant,micro_wobble;large_gap_dominant,days_eff=42 days_any=7 cyc_eff=1 hq_nr=0 total_nr=0 cens=0 lg_opp=1 opp=1 norm_anom=-0.00 conf_p=1 micro_only=True cluster=AC_BOUND,No user-facing action; monitoring.,Ambiguous/weak evidence (42d since effective change); monitor next window.,,False,False,True,True,False,False,False,False,0,2026-06-08T10:02:59Z,rolling30-v2.0,30,1,abs_ge_50mWh
SKAWANO-F2PXEKF_seiuchi,2024-01-04,2023-12-05 23:59:59.999999999,2024-01-04 23:59:59.999999999,13,24.611,0.15,281.123,299.392,4,3,2,0,0,0,0,False,WINDOW_QUALITY_SHORT_OBS,485.0,486.0,1.0,1.219,0.7738,0.5254,0.2262,23.0,99.0,76.0,27.8,87.0,99.0,0.0,0.0,0.514,0.4755,0.2484,1,3,1,46870.0,46870.0,46870.0,46870.0,0.0,0,0,0.0,,,82.23,82.23,0,0,0,0,0,0,0,0,0,0,0,0,0,0,0,0.0,0,0,0,,0.0,,,0.0,0,0,0,,0.0,,2024-01-04 23:59:59.999999999,2023-07-26 16:16:26,2024-01-04 11:23:33,162.322,True,46840.0,2023-12-05 09:07:07,485.0,30.62,1.0,True,46870.0,2023-12-10 20:43:34,485.0,25.136,1.0,True,1,30.0,True,0,0,0,0,0,0,0,0,0,0,0,0,0,0,0,0,0,0,0.0,0,0.0,-0.0,-0.0,30.62,1.0,0,0,0,-0.0,-1,SPARSE_OR_GAPPY,STATEFUL_REVIEW_DATA_QUALITY,WINDOW_DATA_QUALITY_REVIEW,ACTION_COLLECT_MORE_DATA_OR_MANUAL_REVIEW,low,1,data_quality_or_history_review,micro_wobble,days_eff=31 days_any=25 cyc_eff=1 hq_nr=0 total_nr=0 cens=0 lg_opp=0 opp=0 norm_anom=-0.00 conf_p=1 micro_only=True cluster=SPARSE_OR_GAPPY,No user-facing action; collecting more data.,Data-quality/history review outranks action (would_have_been=NONE). Collect more data or manual review.,NONE,False,False,True,False,False,False,True,False,0,2026-06-08T10:02:59Z,rolling30-v2.0,30,1,abs_ge_50mWh
SKAWANO-F2PXEKF_skawano,2024-06-21,2024-05-22 23:59:59.999999999,2024-06-21 23:59:59.999999999,19,23.142,0.364,235.646,331.527,2,2,2,0,0,0,0,False,WINDOW_QUALITY_SHORT_OBS,490.0,491.0,1.0,1.296,0.7758,0.171,0.2242,78.0,100.0,22.0,78.9,96.0,100.0,0.0,0.0,0.9974,0.9974,0.6082,5,6,3,46720.0,46720.0,46720.0,46720.0,0.0,0,0,0.0,,,81.96,81.96,0,0,0,0,0,0,0,0,0,0,0,0,0,0,0,0.0,0,0,0,,0.0,,,0.0,0,0,0,,0.0,,2024-06-21 23:59:59.999999999,2023-07-26 16:16:26,2024-06-21 15:15:06,331.322,True,46720.0,2024-05-29 11:50:38,490.0,23.507,1.0,True,46720.0,2024-05-29 11:50:38,490.0,23.507,1.0,True,0,0.0,False,0,0,0,0,0,0,0,0,0,0,0,0,0,0,0,0,0,0,0.0,0,0.0,-0.0,-0.0,23.507,1.0,0,0,0,-0.0,-1,SPARSE_OR_GAPPY,STATEFUL_REVIEW_DATA_QUALITY,WINDOW_DATA_QUALITY_REVIEW,ACTION_COLLECT_MORE_DATA_OR_MANUAL_REVIEW,low,1,data_quality_or_history_review,,days_eff=24 days_any=24 cyc_eff=1 hq_nr=0 total_nr=0 cens=0 lg_opp=0 opp=0 norm_anom=-0.00 conf_p=1 micro_only=False cluster=SPARSE_OR_GAPPY,No user-facing action; collecting more data.,Data-quality/history review outranks action (would_have_been=NONE). Collect more data or manual review.,NONE,False,False,False,False,False,False,True,False,0,2026-06-08T10:02:59Z,rolling30-v2.0,30,1,abs_ge_50mWh
SKEENER-W0A2BT8_skeener,2026-05-27,2026-04-27 23:59:59.999999999,2026-05-27 23:59:59.999999999,643,29.192,0.5,3.537,52.708,26,15,3,0,0,0,0,False,WINDOW_QUALITY_OK,279.0,294.0,15.0,15.415,0.8041,0.1606,0.1959,7.0,100.0,93.0,42.0,100.0,100.0,0.0016,0.0016,0.8473,0.7955,0.736,135,179,68,34680.0,34680.0,34500.0,34830.0,330.0,16,1,330.0,2026-05-20 13:12:53,287.0,60.66,60.66,0,1,0,0,1,0,1,0,0,1,0,1,0,0,1,0.0,0,0,0,,0.0,,,0.0,0,0,0,,0.0,,2026-05-27 23:59:59.999999999,2024-03-27 10:09:06,2026-05-27 13:28:12,791.577,True,34830.0,2026-05-20 13:12:53,287.0,7.449,7.0,True,34680.0,2026-05-24 22:31:47,294.0,3.061,0.0,True,7,30.0,True,0,0,0,0,0,0,0,0,0,0,0,0,0,0,0,0,0,0,0.0,0,0.0,-0.0,-0.0,7.449,7.0,0,0,0,-0.0,4,MOBILE_DEEP_CYCLE,STATEFUL_NORMAL_RESPONDING,WINDOW_NORMAL_RESPONDING,ACTION_NONE,high,9,responding_or_no_concern,micro_wobble,days_eff=7 days_any=3 cyc_eff=7 hq_nr=0 total_nr=0 cens=0 lg_opp=0 opp=0 norm_anom=-0.00 conf_p=1 micro_only=True cluster=MOBILE_DEEP_CYCLE,No action needed.,Responding normally; no concern.,,False,False,True,False,False,False,False,False,0,2026-06-08T10:02:59Z,rolling30-v2.0,30,1,abs_ge_50mWh
SKOYAMA-F2Q1LZA_skoyama,2024-08-19,2024-07-20 23:59:59.999999999,2024-08-19 23:59:59.999999999,3,0.023,0.276,0.345,0.352,0,0,0,0,0,0,0,False,WINDOW_QUALITY_SHORT_OBS,241.0,242.0,1.0,1303.167,1.0,1.0,0.0,37.0,70.0,33.0,38.1,48.0,67.8,0.0,0.0,0.0,0.0,0.0,0,0,0,46360.0,46360.0,46360.0,46360.0,0.0,0,0,0.0,,,91.89,91.89,0,0,0,0,0,0,0,0,0,0,0,0,0,0,0,0.0,0,0,0,,0.0,,,0.0,0,0,0,,0.0,,2024-08-19 23:59:59.999999999,2023-02-06 15:01:07,2024-08-19 13:45:45,560.374,True,46360.0,2024-08-19 13:12:36,241.0,0.45,1.0,True,46360.0,2024-08-19 13:12:36,241.0,0.45,1.0,True,0,0.0,False,0,0,0,0,0,0,0,0,0,0,0,0,0,0,0,0,0,0,0.0,0,0.0,-0.0,-0.0,0.45,1.0,0,0,0,-0.0,-1,SPARSE_OR_GAPPY,STATEFUL_REVIEW_DATA_QUALITY,WINDOW_DATA_QUALITY_REVIEW,ACTION_COLLECT_MORE_DATA_OR_MANUAL_REVIEW,low,1,data_quality_or_history_review,,days_eff=0 days_any=0 cyc_eff=1 hq_nr=0 total_nr=0 cens=0 lg_opp=0 opp=0 norm_anom=-0.00 conf_p=1 micro_only=False cluster=SPARSE_OR_GAPPY,No user-facing action; collecting more data.,Data-quality/history review outranks action (would_have_been=NONE). Collect more data or manual review.,NONE,False,False,False,False,False,False,True,False,0,2026-06-08T10:02:59Z,rolling30-v2.0,30,1,abs_ge_50mWh
SLO10-PF68EAMW_slo10,2026-05-27,2026-04-27 23:59:59.999999999,2026-05-27 23:59:59.999999999,651,29.324,0.5,2.735,57.999,24,5,4,0,0,0,0,False,WINDOW_QUALITY_OK,5.0,9.0,4.0,4.092,0.9246,0.0373,0.0754,6.0,100.0,94.0,71.5,99.0,100.0,0.0011,0.0014,0.9494,0.9306,0.9056,52,68,26,58030.0,57990.0,57990.0,58030.0,40.0,4,0,0.0,,,100.05,99.98,0,1,0,0,1,0,1,0,0,1,0,1,0,0,1,0.0,0,0,0,,0.0,,,0.0,0,0,0,,0.0,,2026-05-27 23:59:59.999999999,2026-04-06 14:18:07,2026-05-27 15:09:59,51.404,False,58030.0,2026-04-06 14:18:07,3.0,51.404,6.0,False,57990.0,2026-05-22 14:54:43,9.0,5.379,0.0,False,4,10.0,True,0,0,1,0,0,0,0,0,0,1,0,0,0,0,0,0,1,0,0.0,0,0.0,-0.0,-0.0,51.404,6.0,0,0,0,-0.0,4,MOBILE_DEEP_CYCLE,STATEFUL_REVIEW_DATA_QUALITY,WINDOW_MICRO_WOBBLE_ONLY,ACTION_COLLECT_MORE_DATA_OR_MANUAL_REVIEW,low,1,data_quality_or_history_review,micro_wobble;large_gap_dominant,days_eff=51 days_any=5 cyc_eff=6 hq_nr=0 total_nr=0 cens=0 lg_opp=1 opp=2 norm_anom=-0.00 conf_p=1 micro_only=True cluster=MOBILE_DEEP_CYCLE,No user-facing action; collecting more data.,Data-quality/history review outranks action (would_have_been=NONE). Collect more data or manual review.,NONE,False,False,True,True,False,True,False,False,0,2026-06-08T10:02:59Z,rolling30-v2.0,30,1,abs_ge_50mWh
SORIDE-50000008_soride,2024-05-24,2024-04-24 23:59:59.999999999,2024-05-24 23:59:59.999999999,171,28.013,0.5,9.408,255.778,9,9,6,0,0,0,0,False,WINDOW_QUALITY_OK,4.0,4.0,0.0,0.0,0.9695,0.0432,0.0305,90.0,100.0,10.0,95.0,99.0,100.0,0.0,0.0,1.0,0.991,0.8272,8,18,4,91230.0,91230.0,91230.0,91230.0,0.0,0,0,0.0,,,101.37,101.37,0,0,0,0,0,0,0,0,0,0,0,0,0,0,0,0.0,0,0,0,,0.0,,,0.0,0,0,0,,0.0,,2024-05-24 23:59:59.999999999,2024-02-13 16:35:07,2024-05-24 09:52:17,101.309,True,91280.0,2024-02-13 16:35:07,1.0,101.309,3.0,False,91230.0,2024-04-22 17:34:27,4.0,32.268,0.0,True,3,20.0,True,0,0,0,0,0,0,0,0,0,0,0,0,0,0,0,0,0,0,0.0,0,0.0,-0.0,-0.0,101.309,3.0,0,0,0,-0.0,5,AC_BOUND,STATEFUL_NORMAL_RESPONDING,WINDOW_INSUFFICIENT_LEARNING_OPPORTUNITY,ACTION_NONE,high,9,responding_or_no_concern,micro_wobble,days_eff=101 days_any=32 cyc_eff=3 hq_nr=0 total_nr=0 cens=0 lg_opp=0 opp=0 norm_anom=-0.00 conf_p=1 micro_only=True cluster=AC_BOUND,No action needed.,Responding normally; no concern.,,False,False,True,False,False,False,False,False,0,2026-06-08T10:02:59Z,rolling30-v2.0,30,1,abs_ge_50mWh
SPAVLIC-F66MQCF_SPAVLIC,2026-06-01,2026-05-02 23:59:59.999999999,2026-06-01 23:59:59.999999999,478,27.01,0.5,7.843,29.765,32,7,2,0,0,0,0,False,WINDOW_QUALITY_OK,3.0,10.0,7.0,7.775,0.6833,0.0926,0.3167,17.0,100.0,83.0,47.85,98.0,100.0,0.0,0.0016,0.8318,0.7407,0.6519,82,112,41,75010.0,73710.0,73710.0,75010.0,1300.0,7,2,750.0,2026-05-29 10:04:03,9.0,100.01,98.28,0,1,0,0,1,0,0,0,0,0,0,0,0,0,0,0.0,0,0,0,,0.0,,,0.0,0,0,0,,0.0,,2026-06-01 23:59:59.999999999,2026-05-05 14:19:48,2026-06-01 14:34:52,27.403,False,73720.0,2026-05-29 10:04:03,9.0,3.581,1.0,False,73710.0,2026-05-31 21:26:42,10.0,1.106,0.0,False,1,10.0,True,0,0,0,0,0,0,0,0,0,0,0,0,0,0,0,0,0,0,0.0,0,0.0,-0.0,-0.0,3.581,1.0,0,0,0,-0.0,4,MOBILE_DEEP_CYCLE,STATEFUL_REVIEW_DATA_QUALITY,WINDOW_NORMAL_RESPONDING,ACTION_COLLECT_MORE_DATA_OR_MANUAL_REVIEW,low,1,data_quality_or_history_review,micro_wobble,days_eff=4 days_any=1 cyc_eff=1 hq_nr=0 total_nr=0 cens=0 lg_opp=0 opp=0 norm_anom=-0.00 conf_p=1 micro_only=True cluster=MOBILE_DEEP_CYCLE,No user-facing action; collecting more data.,Data-quality/history review outranks action (would_have_been=NONE). Collect more data or manual review.,NONE,False,False,True,False,False,True,False,False,0,2026-06-08T10:02:59Z,rolling30-v2.0,30,1,abs_ge_50mWh
SPETERSEN2-SBS6_spetersen2,2025-07-09,2025-06-09 23:59:59.999999999,2025-07-09 23:59:59.999999999,276,29.011,0.5,16.749,84.863,25,18,8,0,0,0,0,False,WINDOW_QUALITY_OK,1.0,7.0,6.0,6.205,0.5963,0.155,0.4037,28.0,100.0,72.0,50.0,98.0,100.0,0.0,0.0,0.8439,0.7163,0.6764,62,95,31,58020.0,57950.0,57950.0,58020.0,70.0,6,0,0.0,,,100.0,99.88,0,0,0,0,0,0,0,0,0,0,0,0,0,0,0,0.0,0,0,0,,0.0,,,0.0,0,0,0,,0.0,,2025-07-09 23:59:59.999999999,2025-06-04 15:08:12,2025-07-09 09:35:45,35.369,False,58030.0,2025-06-04 15:08:12,0.0,35.369,7.0,False,57950.0,2025-07-09 09:35:45,7.0,0.6,0.0,False,7,20.0,True,0,0,0,0,0,0,0,0,0,0,0,0,0,0,0,0,0,0,0.0,0,0.0,-0.0,-0.0,35.369,7.0,0,0,0,-0.0,5,AC_BOUND,STATEFUL_REVIEW_DATA_QUALITY,WINDOW_MICRO_WOBBLE_ONLY,ACTION_COLLECT_MORE_DATA_OR_MANUAL_REVIEW,low,1,data_quality_or_history_review,micro_wobble,days_eff=35 days_any=1 cyc_eff=7 hq_nr=0 total_nr=0 cens=0 lg_opp=0 opp=0 norm_anom=-0.00 conf_p=1 micro_only=True cluster=AC_BOUND,No user-facing action; collecting more data.,Data-quality/history review outranks action (would_have_been=NONE). Collect more data or manual review.,NONE,False,False,True,False,False,True,False,False,0,2026-06-08T10:02:59Z,rolling30-v2.0,30,1,abs_ge_50mWh
SPOSHAR-W0J2TP0_sposhar,2026-06-01,2026-05-02 23:59:59.999999999,2026-06-01 23:59:59.999999999,302,29.564,0.5,16.936,95.706,21,21,7,0,0,0,0,False,WINDOW_QUALITY_OK,104.0,114.0,10.0,10.148,0.4267,0.1501,0.5733,8.0,100.0,92.0,40.05,91.0,100.0,0.0132,0.0145,0.5991,0.4438,0.3911,85,107,43,44660.0,46500.0,44650.0,46530.0,1880.0,14,4,600.0,2026-05-28 12:31:12,112.0,81.57,84.93,0,2,0,0,2,0,1,0,0,1,0,1,0,0,1,0.0,0,0,0,,0.0,,,0.0,0,0,0,,0.0,,2026-06-01 23:59:59.999999999,2025-08-25 14:41:42,2026-06-01 15:26:19,280.388,True,46530.0,2026-05-28 12:31:12,112.0,4.478,2.0,True,46500.0,2026-06-01 10:54:11,114.0,0.546,0.0,True,2,20.0,True,0,0,0,0,0,0,0,0,0,0,0,0,0,0,0,0,0,0,0.0,0,0.0,-0.0,-0.0,4.478,2.0,0,0,0,-0.0,4,MOBILE_DEEP_CYCLE,STATEFUL_NORMAL_RESPONDING,WINDOW_NORMAL_RESPONDING,ACTION_NONE,high,9,responding_or_no_concern,micro_wobble,days_eff=4 days_any=1 cyc_eff=2 hq_nr=0 total_nr=0 cens=0 lg_opp=0 opp=0 norm_anom=-0.00 conf_p=1 micro_only=True cluster=MOBILE_DEEP_CYCLE,No action needed.,Responding normally; no concern.,,False,False,True,False,False,False,False,False,0,2026-06-08T10:02:59Z,rolling30-v2.0,30,1,abs_ge_50mWh
SSPINNER-000090_sspinner,2026-05-28,2026-04-28 23:59:59.999999999,2026-05-28 23:59:59.999999999,362,29.184,0.5,13.732,75.645,22,21,4,0,0,0,0,False,WINDOW_QUALITY_OK,202.0,214.0,12.0,12.336,0.4699,0.1637,0.5301,2.0,100.0,98.0,19.0,91.0,100.0,0.0099,0.0345,0.6193,0.5034,0.4647,61,84,31,45940.0,48060.0,45940.0,48110.0,2170.0,16,4,1860.0,2026-05-18 17:19:04,211.0,83.91,87.78,0,6,0,0,6,0,5,0,0,5,0,3,0,0,3,0.0,0,0,0,,0.0,,,0.0,0,0,0,,0.0,,2026-05-28 23:59:59.999999999,2025-03-20 11:15:03,2026-05-28 13:18:50,434.531,True,48110.0,2026-05-18 17:19:04,211.0,10.278,3.0,True,48060.0,2026-05-27 11:28:53,214.0,1.522,0.0,True,3,20.0,True,0,1,1,0,1,1,0,0,0,0,0,0,0,0,0,0,1,0,0.451,0,-0.59962,0.2604,0.2604,10.278,3.0,1,0,0,0.2604,4,MOBILE_DEEP_CYCLE,STATEFUL_WATCH_LARGE_GAP_OR_CENSORED,WINDOW_NORMAL_RESPONDING,ACTION_MONITOR_NEXT_WINDOW,low,7,large_gap_or_censored_dominant,fw_like;micro_wobble;large_gap_dominant,days_eff=10 days_any=2 cyc_eff=3 hq_nr=0 total_nr=1 cens=0 lg_opp=1 opp=2 norm_anom=0.26 conf_p=1 micro_only=True cluster=MOBILE_DEEP_CYCLE,No user-facing action; monitoring.,Ambiguous/weak evidence (10d since effective change); monitor next window.,,True,False,True,True,False,False,False,False,0,2026-06-08T10:02:59Z,rolling30-v2.0,30,1,abs_ge_50mWh
SSUGIMOTO2-0011_ssugimoto2,2025-07-08,2025-06-08 23:59:59.999999999,2025-07-08 23:59:59.999999999,271,15.179,0.5,1.162,63.617,11,10,2,0,0,0,0,False,WINDOW_QUALITY_OK,2.0,3.0,1.0,1.976,0.8477,0.0909,0.1523,62.0,100.0,38.0,81.5,99.0,100.0,0.0,0.0,0.9627,0.916,0.6768,40,53,20,90010.0,90010.0,90010.0,90010.0,0.0,0,0,0.0,,,100.01,100.01,0,0,0,0,0,0,0,0,0,0,0,0,0,0,0,0.0,0,0,0,,0.0,,,0.0,0,0,0,,0.0,,2025-07-08 23:59:59.999999999,2025-06-23 14:45:23,2025-07-08 19:02:49,15.385,False,90010.0,2025-06-23 14:45:23,2.0,15.385,1.0,False,90010.0,2025-06-23 14:45:23,2.0,15.385,1.0,False,0,0.0,False,0,0,0,0,0,0,0,0,0,0,0,0,0,0,0,0,0,0,0.0,0,0.0,-0.0,-0.0,15.385,1.0,0,0,0,-0.0,5,AC_BOUND,STATEFUL_REVIEW_DATA_QUALITY,WINDOW_INSUFFICIENT_LEARNING_OPPORTUNITY,ACTION_COLLECT_MORE_DATA_OR_MANUAL_REVIEW,low,1,data_quality_or_history_review,,days_eff=15 days_any=15 cyc_eff=1 hq_nr=0 total_nr=0 cens=0 lg_opp=0 opp=0 norm_anom=-0.00 conf_p=1 micro_only=False cluster=AC_BOUND,No user-facing action; collecting more data.,Data-quality/history review outranks action (would_have_been=NONE). Collect more data or manual review.,NONE,False,False,False,False,False,True,False,False,0,2026-06-08T10:02:59Z,rolling30-v2.0,30,1,abs_ge_50mWh
SSUGIMOTO2-6_ssugimoto2,2025-06-09,2025-05-10 23:59:59.999999999,2025-06-09 23:59:59.999999999,277,28.028,0.5,10.446,110.83,15,14,6,0,0,0,0,False,WINDOW_QUALITY_OK,39.0,42.0,3.0,3.211,0.5992,0.0842,0.4008,48.0,95.0,47.0,70.8,84.0,94.0,0.0,0.0,0.789,0.2524,0.0,58,65,29,91150.0,91100.0,91100.0,91150.0,50.0,3,0,0.0,,,101.28,101.22,0,0,0,0,0,0,0,0,0,0,0,0,0,0,0,0.0,0,0,0,,0.0,,,0.0,0,0,0,,0.0,,2025-06-09 23:59:59.999999999,2024-02-22 13:21:24,2025-06-09 09:15:30,473.443,True,91710.0,2024-02-22 13:21:24,3.0,473.443,39.0,False,91100.0,2025-05-29 18:28:57,42.0,11.23,0.0,True,39,20.0,True,0,0,2,0,0,0,0,0,0,0,0,0,0,0,0,0,2,0,0.0,0,0.0,-0.0,-0.0,473.443,39.0,0,0,0,-0.0,2,MOBILE_DEEP_CYCLE,STATEFUL_WATCH_LARGE_GAP_OR_CENSORED,WINDOW_MICRO_WOBBLE_ONLY,ACTION_MONITOR_NEXT_WINDOW,low,7,large_gap_or_censored_dominant,micro_wobble;large_gap_dominant,days_eff=473 days_any=11 cyc_eff=39 hq_nr=0 total_nr=0 cens=0 lg_opp=2 opp=2 norm_anom=-0.00 conf_p=1 micro_only=True cluster=MOBILE_DEEP_CYCLE,No user-facing action; monitoring.,Ambiguous/weak evidence (473d since effective change); monitor next window.,,False,False,True,True,False,False,False,False,0,2026-06-08T10:02:59Z,rolling30-v2.0,30,1,abs_ge_50mWh
SSUGIMOTO2-7_ssugimoto2,2026-05-13,2026-04-13 23:59:59.999999999,2026-05-13 23:59:59.999999999,103,29.151,0.5,0.5,540.669,4,4,2,0,0,0,0,False,WINDOW_QUALITY_OK,35.0,35.0,0.0,0.0,0.9527,0.0896,0.0473,52.0,100.0,48.0,74.3,99.0,100.0,0.0,0.0,0.9583,0.9099,0.9002,4,6,2,88620.0,88620.0,88620.0,88620.0,0.0,0,0,0.0,,,98.47,98.47,0,0,0,0,0,0,0,0,0,0,0,0,0,0,0,0.0,0,0,0,,0.0,,,0.0,0,0,0,,0.0,,2026-05-13 23:59:59.999999999,2024-05-21 10:12:14,2026-05-13 13:14:12,722.575,True,88780.0,2025-07-02 16:26:48,25.0,315.315,10.0,False,88620.0,2026-04-13 19:11:00,35.0,30.201,0.0,True,10,20.0,True,0,0,1,0,0,0,0,0,0,0,0,0,0,0,0,0,1,0,0.0,0,0.0,-0.0,-0.0,315.315,10.0,0,0,0,-0.0,5,AC_BOUND,STATEFUL_GAUGE_SOFT_CALIBRATION_EFFECTIVE_ONLY,WINDOW_INSUFFICIENT_LEARNING_OPPORTUNITY,ACTION_SOFT_CALIBRATION_PROMPT,medium,5,micro_wobble_only_no_effective_relearn,gauge_like;micro_wobble;large_gap_dominant,days_eff=315 days_any=30 cyc_eff=10 hq_nr=0 total_nr=0 cens=0 lg_opp=1 opp=1 norm_anom=-0.00 conf_p=1 micro_only=True cluster=AC_BOUND,A full charge/discharge cycle may help the gauge recalibrate (low priority).,Soft calibration prompt: micro-wobbles present but no meaningful FCC relearning step under the effective threshold for 315d. Not a hard gauge reset target.,,False,True,True,True,False,False,False,False,0,2026-06-08T10:02:59Z,rolling30-v2.0,30,1,abs_ge_50mWh
SSUGIMOTO2-PSSK_ssugimoto2,2026-05-15,2026-04-15 23:59:59.999999999,2026-05-15 23:59:59.999999999,133,24.01,0.5,1.079,324.946,6,5,3,0,0,0,0,False,WINDOW_QUALITY_OK,21.0,23.0,2.0,2.499,0.8773,0.1622,0.1227,5.0,100.0,95.0,52.0,98.0,100.0,0.0047,0.0124,0.8794,0.841,0.7905,10,16,5,92650.0,90750.0,90750.0,92650.0,1900.0,4,2,940.0,2026-04-23 08:23:19,22.0,102.94,100.83,0,1,0,0,1,0,1,0,0,1,0,1,0,0,1,0.0,0,0,0,,0.0,,,0.0,0,0,0,,0.0,,2026-05-15 23:59:59.999999999,2025-09-04 09:58:55,2026-05-15 10:01:16,253.584,True,90760.0,2026-04-23 08:23:19,22.0,22.65,1.0,True,90750.0,2026-04-27 19:20:20,23.0,18.194,0.0,True,1,10.0,True,0,0,0,0,0,0,0,0,0,0,0,0,0,0,0,0,0,0,0.0,0,0.0,-0.0,-0.0,22.65,1.0,0,0,0,-0.0,3,AC_BOUND,STATEFUL_NORMAL_RESPONDING,WINDOW_NORMAL_RESPONDING,ACTION_NONE,high,9,responding_or_no_concern,micro_wobble,days_eff=23 days_any=18 cyc_eff=1 hq_nr=0 total_nr=0 cens=0 lg_opp=0 opp=0 norm_anom=-0.00 conf_p=1 micro_only=True cluster=AC_BOUND,No action needed.,Responding normally; no concern.,,False,False,True,False,False,False,False,False,0,2026-06-08T10:02:59Z,rolling30-v2.0,30,1,abs_ge_50mWh
STAHAMTAN-MLH1C_stahamtan,2026-05-28,2026-04-28 23:59:59.999999999,2026-05-28 23:59:59.999999999,397,29.145,0.5,6.215,87.985,20,14,4,0,0,0,0,False,WINDOW_QUALITY_OK,106.0,112.0,6.0,6.176,0.8115,0.1586,0.1885,41.0,100.0,59.0,77.0,98.0,100.0,0.0,0.0,0.936,0.8545,0.733,72,106,36,55820.0,55750.0,55750.0,55820.0,70.0,6,0,0.0,,,97.88,97.76,0,0,0,0,0,0,0,0,0,0,0,0,0,0,0,0.0,0,0,0,,0.0,,,0.0,0,0,0,,0.0,,2026-05-28 23:59:59.999999999,2023-12-14 10:11:34,2026-05-28 11:55:25,896.575,True,56550.0,2024-12-06 19:36:46,44.0,538.183,68.0,False,55750.0,2026-05-28 08:45:58,112.0,0.635,0.0,True,68,20.0,True,0,0,1,0,0,0,0,0,0,0,0,0,0,0,0,0,1,0,0.0,0,0.0,-0.0,-0.0,538.183,68.0,0,0,0,-0.0,5,AC_BOUND,STATEFUL_GAUGE_SOFT_CALIBRATION_EFFECTIVE_ONLY,WINDOW_MICRO_WOBBLE_ONLY,ACTION_SOFT_CALIBRATION_PROMPT,medium,5,micro_wobble_only_no_effective_relearn,gauge_like;micro_wobble;large_gap_dominant,days_eff=538 days_any=1 cyc_eff=68 hq_nr=0 total_nr=0 cens=0 lg_opp=1 opp=1 norm_anom=-0.00 conf_p=1 micro_only=True cluster=AC_BOUND,A full charge/discharge cycle may help the gauge recalibrate (low priority).,Soft calibration prompt: micro-wobbles present but no meaningful FCC relearning step under the effective threshold for 538d. Not a hard gauge reset target.,,False,True,True,True,False,False,False,False,0,2026-06-08T10:02:59Z,rolling30-v2.0,30,1,abs_ge_50mWh
STEVENLONG-EKAH_stevenlong,2025-04-10,2025-03-11 23:59:59.999999999,2025-04-10 23:59:59.999999999,426,29.093,0.5,9.788,23.749,34,12,0,0,1,0,0,True,WINDOW_QUALITY_COUNTER_RESET,17.0,30.0,13.0,13.405,0.5717,0.1861,0.4283,16.0,100.0,84.0,39.0,92.0,100.0,0.0,0.0006,0.6985,0.5656,0.458,104,124,52,57750.0,58150.0,57670.0,58790.0,1120.0,18,3,600.0,2025-04-09 14:35:36,29.0,101.26,101.96,0,1,0,0,1,0,0,0,0,0,0,0,0,0,0,0.0,0,0,0,,0.0,,,0.0,0,0,0,,0.0,,2025-04-10 23:59:59.999999999,2024-12-16 06:56:12,2025-04-10 09:27:22,115.711,True,58160.0,2025-04-09 14:35:36,29.0,1.392,1.0,True,58150.0,2025-04-10 08:51:22,30.0,0.631,0.0,True,1,10.0,True,0,0,0,0,0,0,0,0,0,0,0,0,0,0,0,0,0,0,0.0,0,0.0,-0.0,-0.0,1.392,1.0,0,0,0,-0.0,-1,SPARSE_OR_GAPPY,STATEFUL_REVIEW_DATA_QUALITY,WINDOW_DATA_QUALITY_REVIEW,ACTION_COLLECT_MORE_DATA_OR_MANUAL_REVIEW,low,1,data_quality_or_history_review,micro_wobble,days_eff=1 days_any=1 cyc_eff=1 hq_nr=0 total_nr=0 cens=0 lg_opp=0 opp=0 norm_anom=-0.00 conf_p=1 micro_only=True cluster=SPARSE_OR_GAPPY,No user-facing action; collecting more data.,Data-quality/history review outranks action (would_have_been=NONE). Collect more data or manual review.,NONE,False,False,True,False,False,False,True,False,0,2026-06-08T10:02:59Z,rolling30-v2.0,30,1,abs_ge_50mWh
STEVENLONG-XACV_stevenlong,2024-08-06,2024-07-07 23:59:59.999999999,2024-08-06 23:59:59.999999999,45,29.046,0.5,34.325,533.422,7,4,3,0,0,0,0,False,WINDOW_QUALITY_SPARSE,36.0,37.0,1.0,1.033,0.4692,0.1633,0.5308,22.0,100.0,78.0,31.2,93.0,100.0,0.0,0.0,0.7057,0.516,0.3268,11,15,6,57400.0,56790.0,56790.0,57400.0,610.0,2,1,600.0,2024-08-01 06:52:59,37.0,100.7,99.63,0,1,0,0,1,0,0,0,0,0,0,0,0,0,0,0.0,0,0,0,,0.0,,,0.0,0,0,0,,0.0,,2024-08-06 23:59:59.999999999,2024-04-22 10:24:36,2024-08-06 07:52:38,106.566,True,56790.0,2024-08-01 06:52:59,37.0,5.713,0.0,True,56790.0,2024-08-01 06:52:59,37.0,5.713,0.0,True,0,0.0,False,0,0,0,0,0,0,0,0,0,0,0,0,0,0,0,0,0,0,0.0,0,0.0,-0.0,-0.0,5.713,0.0,0,0,0,-0.0,-1,SPARSE_OR_GAPPY,STATEFUL_REVIEW_DATA_QUALITY,WINDOW_DATA_QUALITY_REVIEW,ACTION_COLLECT_MORE_DATA_OR_MANUAL_REVIEW,low,1,data_quality_or_history_review,,days_eff=6 days_any=6 cyc_eff=0 hq_nr=0 total_nr=0 cens=0 lg_opp=0 opp=0 norm_anom=-0.00 conf_p=1 micro_only=False cluster=SPARSE_OR_GAPPY,No user-facing action; collecting more data.,Data-quality/history review outranks action (would_have_been=NONE). Collect more data or manual review.,NONE,False,False,False,False,False,False,True,False,0,2026-06-08T10:02:59Z,rolling30-v2.0,30,1,abs_ge_50mWh
SUGAP-PF2QQVFQ_SUGAP,2024-02-06,2024-01-07 23:59:59.999999999,2024-02-06 23:59:59.999999999,812,28.817,0.5,1.856,45.667,23,10,3,0,0,0,0,False,WINDOW_QUALITY_OK,487.0,501.0,14.0,14.575,0.6783,0.1825,0.3217,4.0,100.0,96.0,50.55,98.0,100.0,0.0005,0.0049,0.8516,0.7688,0.6101,165,215,83,45080.0,45080.0,44850.0,45660.0,810.0,59,34,650.0,2024-02-06 08:56:58,501.0,79.09,79.09,1,4,0,0,5,0,2,0,0,2,0,1,0,0,1,0.3841,1,0,1,0.615917,0.2105,0.86181,0.88065,0.9008,1,0,1,0.099174,1.0036,0.20873,2024-02-06 23:59:59.999999999,2023-02-03 12:45:16,2024-02-06 17:26:59,368.469,True,45080.0,2024-02-06 08:56:58,501.0,0.627,0.0,True,45080.0,2024-02-06 08:56:58,501.0,0.627,0.0,True,0,0.0,False,0,0,0,0,0,0,0,0,0,0,0,0,0,0,0,0,0,0,0.0,0,0.0,-0.0,-0.0,0.627,0.0,0,0,0,-0.0,4,MOBILE_DEEP_CYCLE,STATEFUL_WATCH_LOW_EVIDENCE,WINDOW_NORMAL_RESPONDING,ACTION_MONITOR_NEXT_WINDOW,low,8,weak_partial_evidence,,days_eff=1 days_any=1 cyc_eff=0 hq_nr=0 total_nr=0 cens=0 lg_opp=0 opp=0 norm_anom=-0.00 conf_p=0.862 micro_only=False cluster=MOBILE_DEEP_CYCLE,No user-facing action; monitoring.,Ambiguous/weak evidence (0d since effective change); monitor next window.,,False,False,False,False,False,False,False,False,0,2026-06-08T10:02:59Z,rolling30-v2.0,30,1,abs_ge_50mWh
SWIGGINS-0HBMT4_swiggins,2026-05-26,2026-04-26 23:59:59.999999999,2026-05-26 23:59:59.999999999,494,29.279,0.5,8.472,52.528,28,14,5,0,0,0,0,False,WINDOW_QUALITY_OK,153.0,168.0,15.0,15.369,0.6619,0.1874,0.3381,2.0,100.0,98.0,35.95,97.0,100.0,0.0102,0.0199,0.7103,0.6099,0.5765,106,143,53,47280.0,47050.0,47050.0,47280.0,230.0,15,0,0.0,,,86.36,85.94,0,2,0,0,2,0,2,0,0,2,0,2,0,0,2,0.0,0,0,0,,0.0,,,0.0,0,0,0,,0.0,,2026-05-26 23:59:59.999999999,2025-06-24 13:58:03,2026-05-26 15:03:02,336.418,True,47310.0,2026-04-20 21:35:44,151.0,36.1,17.0,True,47050.0,2026-05-26 13:27:05,168.0,0.44,0.0,True,17,20.0,True,0,0,2,0,0,0,0,0,0,2,0,0,0,0,0,0,2,0,0.0,0,0.0,-0.0,-0.0,36.1,17.0,0,0,0,-0.0,4,MOBILE_DEEP_CYCLE,STATEFUL_WATCH_LARGE_GAP_OR_CENSORED,WINDOW_MICRO_WOBBLE_ONLY,ACTION_MONITOR_NEXT_WINDOW,low,7,large_gap_or_censored_dominant,micro_wobble;large_gap_dominant,days_eff=36 days_any=0 cyc_eff=17 hq_nr=0 total_nr=0 cens=0 lg_opp=2 opp=4 norm_anom=-0.00 conf_p=1 micro_only=True cluster=MOBILE_DEEP_CYCLE,No user-facing action; monitoring.,Ambiguous/weak evidence (36d since effective change); monitor next window.,,False,False,True,True,False,False,False,False,0,2026-06-08T10:02:59Z,rolling30-v2.0,30,1,abs_ge_50mWh
SYADAVILLI-NH12_syadavilli,2026-05-25,2026-04-25 23:59:59.999999999,2026-05-25 23:59:59.999999999,845,17.847,0.5,0.5,13.475,2,1,0,0,0,0,0,False,WINDOW_QUALITY_OK,102.0,103.0,1.0,1.681,0.9877,0.0068,0.0123,2.0,100.0,98.0,96.0,97.0,99.0,0.0061,0.0069,0.9858,0.9853,0.9827,6,8,3,91770.0,91760.0,91760.0,91770.0,10.0,1,0,0.0,,,91.86,91.85,0,1,0,0,1,0,1,0,0,1,0,1,0,0,1,0.0,0,0,0,,0.0,,,0.0,0,0,0,,0.0,,2026-05-25 23:59:59.999999999,2025-10-13 15:32:51,2026-05-25 15:47:55,224.352,True,91770.0,2026-04-07 15:06:54,102.0,48.37,1.0,True,91760.0,2026-05-13 17:02:10,103.0,12.29,0.0,True,1,10.0,True,0,0,1,0,0,0,0,0,0,1,0,0,0,0,0,0,1,0,0.0,0,0.0,-0.0,-0.0,48.37,1.0,0,0,0,-0.0,3,AC_BOUND,STATEFUL_WATCH_LARGE_GAP_OR_CENSORED,WINDOW_MICRO_WOBBLE_ONLY,ACTION_MONITOR_NEXT_WINDOW,low,7,large_gap_or_censored_dominant,micro_wobble;large_gap_dominant,days_eff=48 days_any=12 cyc_eff=1 hq_nr=0 total_nr=0 cens=0 lg_opp=1 opp=2 norm_anom=-0.00 conf_p=1 micro_only=True cluster=AC_BOUND,No user-facing action; monitoring.,Ambiguous/weak evidence (48d since effective change); monitor next window.,,False,False,True,True,False,False,False,False,0,2026-06-08T10:02:59Z,rolling30-v2.0,30,1,abs_ge_50mWh
SYAMAKI-9000027_s,2024-10-18,2024-09-18 23:59:59.999999999,2024-10-18 23:59:59.999999999,509,29.209,0.5,5.746,61.808,24,10,5,0,0,0,0,False,WINDOW_QUALITY_OK,2.0,5.0,3.0,3.081,0.7154,0.0744,0.2923,76.0,100.0,24.0,90.0,98.0,100.0,0.0,0.0,0.9968,0.9233,0.8253,117,130,56,58040.0,57420.0,57420.0,58040.0,620.0,4,1,580.0,2024-10-18 10:06:23,5.0,100.07,99.0,0,0,0,0,0,0,0,0,0,0,0,0,0,0,0,0.0,0,0,0,,0.0,,,0.0,0,0,0,,0.0,,2024-10-18 23:59:59.999999999,2024-09-10 20:20:30,2024-10-18 13:06:23,38.152,False,57420.0,2024-10-18 10:06:23,5.0,0.579,0.0,False,57420.0,2024-10-18 10:06:23,5.0,0.579,0.0,False,0,0.0,False,0,0,0,0,0,0,0,0,0,0,0,0,0,0,0,0,0,0,0.0,0,0.0,-0.0,-0.0,0.579,0.0,0,0,0,-0.0,5,AC_BOUND,STATEFUL_REVIEW_DATA_QUALITY,WINDOW_NORMAL_RESPONDING,ACTION_COLLECT_MORE_DATA_OR_MANUAL_REVIEW,low,1,data_quality_or_history_review,,days_eff=1 days_any=1 cyc_eff=0 hq_nr=0 total_nr=0 cens=0 lg_opp=0 opp=0 norm_anom=-0.00 conf_p=1 micro_only=False cluster=AC_BOUND,No user-facing action; collecting more data.,Data-quality/history review outranks action (would_have_been=NONE). Collect more data or manual review.,NONE,False,False,False,False,False,True,False,False,0,2026-06-08T10:02:59Z,rolling30-v2.0,30,1,abs_ge_50mWh
SYANG30-W0KZBQZ_syang30,2026-05-09,2026-04-09 23:59:59.999999999,2026-05-09 23:59:59.999999999,1742,29.71,0.003,0.613,51.061,30,12,1,0,0,0,0,False,WINDOW_QUALITY_OK,60.0,77.0,17.0,17.166,0.5867,0.247,0.4129,2.0,100.0,98.0,14.0,70.0,100.0,0.0154,0.0167,0.694,0.5382,0.4713,568,614,285,84820.0,84460.0,84460.0,86350.0,1890.0,21,5,1020.0,2026-05-05 13:28:08,73.0,94.24,93.84,0,2,0,0,2,0,1,0,0,1,0,1,0,0,1,0.0,0,0,0,,0.0,,,0.0,0,0,0,,0.0,,2026-05-09 23:59:59.999999999,2025-09-15 14:17:58,2026-05-09 17:33:02,236.404,True,84520.0,2026-05-05 13:28:08,73.0,4.439,4.0,True,84460.0,2026-05-07 17:38:25,77.0,2.265,0.0,True,4,20.0,True,0,0,0,0,0,0,0,0,0,0,0,0,0,0,0,0,0,0,0.0,0,0.0,-0.0,-0.0,4.439,4.0,0,0,0,-0.0,3,AC_BOUND,STATEFUL_NORMAL_RESPONDING,WINDOW_NORMAL_RESPONDING,ACTION_NONE,high,9,responding_or_no_concern,micro_wobble,days_eff=4 days_any=2 cyc_eff=4 hq_nr=0 total_nr=0 cens=0 lg_opp=0 opp=0 norm_anom=-0.00 conf_p=1 micro_only=True cluster=AC_BOUND,No action needed.,Responding normally; no concern.,,False,False,True,False,False,False,False,False,0,2026-06-08T10:02:59Z,rolling30-v2.0,30,1,abs_ge_50mWh
SYD6_zf,2024-01-24,2023-12-25 23:59:59.999999999,2024-01-24 23:59:59.999999999,314,14.329,0.5,1.495,91.655,9,6,2,0,0,0,0,False,WINDOW_QUALITY_OK,1.0,4.0,3.0,6.281,0.7982,0.0985,0.2018,29.0,100.0,71.0,76.6,96.0,100.0,0.0,0.0,0.9312,0.8515,0.7685,46,70,24,75000.0,75000.0,75000.0,75000.0,0.0,0,0,0.0,,,100.0,100.0,0,0,0,0,0,0,0,0,0,0,0,0,0,0,0,0.0,0,0,0,,0.0,,,0.0,0,0,0,,0.0,,2024-01-24 23:59:59.999999999,2024-01-10 10:37:17,2024-01-24 18:30:54,14.557,False,75000.0,2024-01-10 10:37:17,1.0,14.557,3.0,False,75000.0,2024-01-10 10:37:17,1.0,14.557,3.0,False,0,0.0,False,0,0,0,0,0,0,0,0,0,0,0,0,0,0,0,0,0,0,0.0,0,0.0,-0.0,-0.0,14.557,3.0,0,0,0,-0.0,3,AC_BOUND,STATEFUL_REVIEW_DATA_QUALITY,WINDOW_INSUFFICIENT_LEARNING_OPPORTUNITY,ACTION_COLLECT_MORE_DATA_OR_MANUAL_REVIEW,low,1,data_quality_or_history_review,,days_eff=15 days_any=15 cyc_eff=3 hq_nr=0 total_nr=0 cens=0 lg_opp=0 opp=0 norm_anom=-0.00 conf_p=1 micro_only=False cluster=AC_BOUND,No user-facing action; collecting more data.,Data-quality/history review outranks action (would_have_been=NONE). Collect more data or manual review.,NONE,False,False,False,False,False,True,False,False,0,2026-06-08T10:02:59Z,rolling30-v2.0,30,1,abs_ge_50mWh
T14S-GEN5-REX_shensl3,2025-09-28,2025-08-29 23:59:59.999999999,2025-09-28 23:59:59.999999999,310,29.013,0.5,6.779,259.968,20,4,2,0,0,0,0,False,WINDOW_QUALITY_OK,207.0,217.0,10.0,10.34,0.5956,0.1751,0.4044,20.0,100.0,80.0,34.0,97.0,100.0,0.0,0.0,0.7853,0.7125,0.618,89,109,45,34200.0,34090.0,34090.0,34200.0,110.0,10,0,0.0,,,58.95,58.76,0,1,0,0,1,0,0,0,0,0,0,0,0,0,0,0.0,0,0,0,,0.0,,,0.0,0,0,0,,0.0,,2025-09-28 23:59:59.999999999,2024-04-30 21:02:18,2025-09-28 08:42:28,516.123,True,34700.0,2025-06-13 00:26:44,164.0,107.981,53.0,False,34090.0,2025-09-11 21:47:35,217.0,17.092,0.0,True,53,20.0,True,2,0,5,2,0,2,0,0,0,1,0,0,0,0,2,0,5,0,0.6289,0,-0.755,0.3279,0.3279,107.981,53.0,2,0,0,0.3279,5,AC_BOUND,STATEFUL_FW_WATCH_HIGH_ANOMALY,WINDOW_MICRO_WOBBLE_ONLY,ACTION_FW_ENGINEERING_REVIEW,medium,4,fw_like_no_response_core_requirement_short,fw_like;micro_wobble;large_gap_dominant,days_eff=108 days_any=17 cyc_eff=53 hq_nr=2 total_nr=2 cens=0 lg_opp=5 opp=8 norm_anom=0.33 conf_p=1 micro_only=True cluster=AC_BOUND,No user-facing action; monitoring.,"FW-like no-response signal but a core requirement is short (staleness/cycles/quality). Monitor and add to FW engineering queue. normative anomaly 0.33, 2 no_response since last effective change (107d ago).",,True,False,True,True,False,False,False,False,0,2026-06-08T10:02:59Z,rolling30-v2.0,30,1,abs_ge_50mWh
T14S2IN1_robbiet,2025-08-11,2025-07-12 23:59:59.999999999,2025-08-11 23:59:59.999999999,268,28.26,0.5,15.284,43.851,30,17,4,0,0,0,0,False,WINDOW_QUALITY_OK,20.0,28.0,8.0,8.492,0.2905,0.1401,0.7095,19.0,100.0,81.0,29.0,87.0,100.0,0.0,0.0022,0.5721,0.3732,0.2069,72,88,37,57710.0,57430.0,57430.0,57710.0,280.0,8,0,0.0,,,99.5,99.02,0,2,0,0,2,0,0,0,0,0,0,0,0,0,0,0.0,0,0,0,,0.0,,,0.0,0,0,0,,0.0,,2025-08-11 23:59:59.999999999,2025-05-13 20:07:00,2025-08-11 14:43:08,90.162,True,58380.0,2025-05-16 09:43:23,1.0,87.595,27.0,False,57430.0,2025-08-11 09:53:53,28.0,0.588,0.0,True,27,40.0,True,0,1,4,0,1,1,0,0,1,1,0,1,1,0,0,0,4,0,0.3841,0,-0.48464,0.2105,0.2105,87.595,27.0,1,1,0,0.2105,4,MOBILE_DEEP_CYCLE,STATEFUL_FW_WATCH_HIGH_ANOMALY,WINDOW_MICRO_WOBBLE_ONLY,ACTION_FW_ENGINEERING_REVIEW,medium,4,fw_like_no_response_core_requirement_short,fw_like;micro_wobble;large_gap_dominant,days_eff=88 days_any=1 cyc_eff=27 hq_nr=0 total_nr=1 cens=0 lg_opp=4 opp=7 norm_anom=0.21 conf_p=1 micro_only=True cluster=MOBILE_DEEP_CYCLE,No user-facing action; monitoring.,"FW-like no-response signal but a core requirement is short (staleness/cycles/quality). Monitor and add to FW engineering queue. normative anomaly 0.21, 1 no_response since last effective change (87d ago).",,True,False,True,True,False,False,False,False,0,2026-06-08T10:02:59Z,rolling30-v2.0,30,1,abs_ge_50mWh
T14SG5-CBLI_cblindenbacher,2026-05-28,2026-04-28 23:59:59.999999999,2026-05-28 23:59:59.999999999,117,29.897,0.5,39.011,48.234,28,21,7,0,0,0,0,False,WINDOW_QUALITY_SPARSE,72.0,72.0,0.0,0.0,0.9559,0.0335,0.0441,89.0,100.0,11.0,93.8,100.0,100.0,0.0,0.0,1.0,0.979,0.7835,6,10,3,48650.0,48650.0,48650.0,48650.0,0.0,0,0,0.0,,,83.88,83.88,0,0,0,0,0,0,0,0,0,0,0,0,0,0,0,0.0,0,0,0,,0.0,,,0.0,0,0,0,,0.0,,2026-05-28 23:59:59.999999999,2024-02-09 13:47:39,2026-05-28 22:01:52,839.425,True,48680.0,2026-04-05 15:14:28,71.0,53.365,1.0,True,48650.0,2026-04-05 22:18:58,72.0,53.07,0.0,True,1,30.0,True,0,0,1,0,0,0,0,0,0,1,0,0,0,0,0,0,1,0,0.0,0,0.0,-0.0,-0.0,53.365,1.0,0,0,0,-0.0,-1,SPARSE_OR_GAPPY,STATEFUL_REVIEW_DATA_QUALITY,WINDOW_DATA_QUALITY_REVIEW,ACTION_COLLECT_MORE_DATA_OR_MANUAL_REVIEW,low,1,data_quality_or_history_review,micro_wobble;large_gap_dominant,days_eff=53 days_any=53 cyc_eff=1 hq_nr=0 total_nr=0 cens=0 lg_opp=1 opp=2 norm_anom=-0.00 conf_p=1 micro_only=True cluster=SPARSE_OR_GAPPY,No user-facing action; collecting more data.,Data-quality/history review outranks action (would_have_been=NONE). Collect more data or manual review.,NONE,False,False,True,True,False,False,True,False,0,2026-06-08T10:02:59Z,rolling30-v2.0,30,1,abs_ge_50mWh
TAJISAKA-49SXPJ_tajisaka,2026-01-15,2025-12-16 23:59:59.999999999,2026-01-15 23:59:59.999999999,362,29.013,0.5,0.973,230.588,16,16,4,0,0,0,0,False,WINDOW_QUALITY_OK,125.0,128.0,3.0,3.102,0.943,0.0873,0.057,30.0,100.0,70.0,75.0,98.0,100.0,0.0,0.0,0.9622,0.9427,0.8001,24,51,12,51540.0,51540.0,51540.0,51540.0,0.0,0,0,0.0,,,90.34,90.34,0,0,0,0,0,0,0,0,0,0,0,0,0,0,0,0.0,0,0,0,,0.0,,,0.0,0,0,0,,0.0,,2026-01-15 23:59:59.999999999,2023-05-25 09:41:51,2026-01-15 09:01:57,966.596,True,51540.0,2024-06-20 12:10:24,59.0,574.493,69.0,False,51540.0,2024-06-20 12:10:24,59.0,574.493,69.0,False,0,0.0,False,0,0,1,0,0,0,0,0,0,0,0,0,0,0,0,0,1,0,0.0,0,0.0,-0.0,-0.0,574.493,69.0,0,0,0,-0.0,5,AC_BOUND,STATEFUL_GAUGE_REVIEW,WINDOW_INSUFFICIENT_LEARNING_OPPORTUNITY,ACTION_COLLECT_MORE_DATA_OR_MANUAL_REVIEW,low,6,gauge_like_but_large_gap_ambiguity,gauge_like;large_gap_dominant,days_eff=574 days_any=574 cyc_eff=69 hq_nr=0 total_nr=0 cens=0 lg_opp=1 opp=1 norm_anom=-0.00 conf_p=1 micro_only=False cluster=AC_BOUND,No user-facing action; under review.,Gauge-like staleness (574d) but large-gap opportunities prevent a firm no-opportunity conclusion. Manual/engineering review.,GAUGE_SOFT_OR_REVIEW_LIKE,False,True,False,True,False,False,False,False,0,2026-06-08T10:02:59Z,rolling30-v2.0,30,1,abs_ge_50mWh
TBERDAR-F4G0ASQ_tberdar,2024-02-01,2024-01-02 23:59:59.999999999,2024-02-01 23:59:59.999999999,491,29.626,0.5,1.613,87.937,21,20,4,0,0,0,0,False,WINDOW_QUALITY_OK,61.0,76.0,15.0,15.19,0.6535,0.1223,0.3465,4.0,100.0,96.0,25.5,98.0,100.0,0.0023,0.043,0.7299,0.6577,0.6295,98,133,49,53810.0,53810.0,53810.0,53810.0,0.0,0,0,0.0,,,102.5,102.5,1,6,1,0,7,0,3,0,0,3,0,1,0,0,1,0.3144,0,1,1,0.685573,0.1639,0.99873,0.99764,0.1234,0,1,1,0.876596,0.0572,0.83505,2024-02-01 23:59:59.999999999,2023-08-03 12:33:41,2024-02-01 15:28:12,182.477,True,53810.0,2023-08-30 12:58:18,15.0,155.46,61.0,False,53810.0,2023-08-30 12:58:18,15.0,155.46,61.0,False,0,0.0,False,2,7,18,2,6,8,1,0,0,4,0,0,0,0,2,1,18,0,3.2087,0,-4.11893,1.7888,1.7888,155.46,61.0,8,0,0,1.7888,4,MOBILE_DEEP_CYCLE,STATEFUL_FW_WATCH_HIGH_ANOMALY,WINDOW_OPPORTUNITY_NO_RESPONSE,ACTION_FW_ENGINEERING_REVIEW,medium,4,fw_like_no_response_core_requirement_short,fw_like;large_gap_dominant,days_eff=155 days_any=155 cyc_eff=61 hq_nr=2 total_nr=8 cens=1 lg_opp=18 opp=31 norm_anom=1.79 conf_p=0.999 micro_only=False cluster=MOBILE_DEEP_CYCLE,No user-facing action; monitoring.,"FW-like no-response signal but a core requirement is short (staleness/cycles/quality). Monitor and add to FW engineering queue. normative anomaly 1.79, 8 no_response since last effective change (155d ago).",,True,False,False,True,False,False,False,False,27,2026-06-08T10:02:59Z,rolling30-v2.0,30,1,abs_ge_50mWh
TBERDAR-F4RM5MK_tberdar,2024-06-04,2024-05-05 23:59:59.999999999,2024-06-04 23:59:59.999999999,383,29.21,0.5,11.094,76.489,28,18,3,0,0,0,0,False,WINDOW_QUALITY_OK,30.0,42.0,12.0,12.324,0.4188,0.1326,0.5812,16.0,100.0,84.0,35.0,88.0,100.0,0.0,0.0184,0.5505,0.4512,0.3741,48,71,25,52750.0,52460.0,52460.0,53700.0,1240.0,14,6,570.0,2024-05-29 09:18:52,39.0,92.5,91.99,0,3,0,0,3,0,0,0,0,0,0,0,0,0,0,0.0,0,0,0,,0.0,,,0.0,0,0,0,,0.0,,2024-06-04 23:59:59.999999999,2024-02-06 09:29:32,2024-06-04 13:51:30,119.604,True,52500.0,2024-05-29 09:18:52,39.0,6.612,3.0,True,52460.0,2024-06-03 12:59:53,42.0,1.458,0.0,True,3,20.0,True,0,0,1,0,0,0,0,0,0,0,0,0,0,0,0,0,1,0,0.0,0,0.0,-0.0,-0.0,6.612,3.0,0,0,0,-0.0,4,MOBILE_DEEP_CYCLE,STATEFUL_WATCH_LARGE_GAP_OR_CENSORED,WINDOW_NORMAL_RESPONDING,ACTION_MONITOR_NEXT_WINDOW,low,7,large_gap_or_censored_dominant,micro_wobble;large_gap_dominant,days_eff=7 days_any=1 cyc_eff=3 hq_nr=0 total_nr=0 cens=0 lg_opp=1 opp=1 norm_anom=-0.00 conf_p=1 micro_only=True cluster=MOBILE_DEEP_CYCLE,No user-facing action; monitoring.,Ambiguous/weak evidence (6d since effective change); monitor next window.,,False,False,True,True,False,False,False,False,0,2026-06-08T10:02:59Z,rolling30-v2.0,30,1,abs_ge_50mWh
TBERDAR-F5DC8CG_tberdar,2026-03-02,2026-01-31 23:59:59.999999999,2026-03-02 23:59:59.999999999,100,6.912,0.5,12.609,33.55,8,6,1,0,0,0,0,False,WINDOW_QUALITY_SHORT_OBS,125.0,129.0,4.0,17.36,0.2611,0.2009,0.7389,11.0,100.0,89.0,21.95,72.0,100.0,0.0,0.0192,0.3654,0.1956,0.1397,19,26,10,53260.0,53620.0,53210.0,53620.0,410.0,5,1,410.0,2026-02-27 17:39:56,129.0,96.66,97.31,0,3,0,0,3,0,2,0,0,2,0,0,0,0,0,0.0,0,0,0,,0.0,,,0.0,0,0,0,,0.0,,2026-03-02 23:59:59.999999999,2025-01-13 11:27:15,2026-03-02 13:10:31,413.523,True,53620.0,2026-02-27 17:39:56,129.0,3.264,0.0,True,53620.0,2026-02-27 17:39:56,129.0,3.264,0.0,True,0,0.0,False,0,0,0,0,0,0,0,0,0,0,0,0,0,0,0,0,0,0,0.0,0,0.0,-0.0,-0.0,3.264,0.0,0,0,0,-0.0,-1,SPARSE_OR_GAPPY,STATEFUL_REVIEW_DATA_QUALITY,WINDOW_DATA_QUALITY_REVIEW,ACTION_COLLECT_MORE_DATA_OR_MANUAL_REVIEW,low,1,data_quality_or_history_review,,days_eff=3 days_any=3 cyc_eff=0 hq_nr=0 total_nr=0 cens=0 lg_opp=0 opp=0 norm_anom=-0.00 conf_p=1 micro_only=False cluster=SPARSE_OR_GAPPY,No user-facing action; collecting more data.,Data-quality/history review outranks action (would_have_been=NONE). Collect more data or manual review.,NONE,False,False,False,False,False,False,True,False,0,2026-06-08T10:02:59Z,rolling30-v2.0,30,1,abs_ge_50mWh
TBERDAR-F62QQCF_tberdar,2026-05-20,2026-04-20 23:59:59.999999999,2026-05-20 23:59:59.999999999,417,29.369,0.5,13.758,42.541,28,23,7,0,0,0,0,False,WINDOW_QUALITY_OK,34.0,44.0,10.0,10.215,0.2799,0.1224,0.7201,2.0,100.0,98.0,21.0,81.0,100.0,0.0271,0.0783,0.4901,0.3344,0.2225,53,71,27,74330.0,76420.0,74320.0,77260.0,2940.0,14,4,1840.0,2026-05-19 10:37:45,44.0,99.11,101.89,0,4,0,0,4,0,3,0,0,3,0,2,0,0,2,0.0,0,0,0,,0.0,,,0.0,0,0,0,,0.0,,2026-05-20 23:59:59.999999999,2026-01-14 13:09:14,2026-05-20 15:55:39,126.452,True,76420.0,2026-05-19 10:37:45,44.0,1.557,0.0,True,76420.0,2026-05-19 10:37:45,44.0,1.557,0.0,True,0,0.0,False,0,0,0,0,0,0,0,0,0,0,0,0,0,0,0,0,0,0,0.0,0,0.0,-0.0,-0.0,1.557,0.0,0,0,0,-0.0,4,MOBILE_DEEP_CYCLE,STATEFUL_NORMAL_RESPONDING,WINDOW_NORMAL_RESPONDING,ACTION_NONE,high,9,responding_or_no_concern,,days_eff=2 days_any=2 cyc_eff=0 hq_nr=0 total_nr=0 cens=0 lg_opp=0 opp=0 norm_anom=-0.00 conf_p=1 micro_only=False cluster=MOBILE_DEEP_CYCLE,No action needed.,Responding normally; no concern.,,False,False,False,False,False,False,False,False,0,2026-06-08T10:02:59Z,rolling30-v2.0,30,1,abs_ge_50mWh
TCHONAN-F49QH11_tchonan,2024-05-14,2024-04-14 23:59:59.999999999,2024-05-14 23:59:59.999999999,788,29.373,0.5,0.923,61.572,19,14,3,0,0,0,0,False,WINDOW_QUALITY_OK,225.0,241.0,16.0,16.342,0.7178,0.1653,0.2822,14.0,100.0,86.0,50.0,98.0,100.0,0.0,0.0033,0.8487,0.7746,0.691,192,261,96,52140.0,51650.0,51320.0,52650.0,1330.0,71,48,590.0,2024-05-13 18:21:59,241.0,91.47,90.61,0,3,0,0,3,0,2,0,0,2,0,0,0,0,0,0.0,0,0,0,,0.0,,,0.0,0,0,0,,0.0,,2024-05-14 23:59:59.999999999,2023-02-02 15:13:37,2024-05-14 18:03:33,467.366,True,51650.0,2024-05-13 18:21:59,241.0,1.235,0.0,True,51650.0,2024-05-13 18:21:59,241.0,1.235,0.0,True,0,0.0,False,0,0,0,0,0,0,0,0,0,0,0,0,0,0,0,0,0,0,0.0,0,0.0,-0.0,-0.0,1.235,0.0,0,0,0,-0.0,4,MOBILE_DEEP_CYCLE,STATEFUL_NORMAL_RESPONDING,WINDOW_NORMAL_RESPONDING,ACTION_NONE,high,9,responding_or_no_concern,,days_eff=1 days_any=1 cyc_eff=0 hq_nr=0 total_nr=0 cens=0 lg_opp=0 opp=0 norm_anom=-0.00 conf_p=1 micro_only=False cluster=MOBILE_DEEP_CYCLE,No action needed.,Responding normally; no concern.,,False,False,False,False,False,False,False,False,0,2026-06-08T10:02:59Z,rolling30-v2.0,30,1,abs_ge_50mWh
THAMES2BESVT_apham,2025-04-15,2025-03-16 23:59:59.999999999,2025-04-15 23:59:59.999999999,307,29.369,0.5,10.339,72.775,26,12,6,0,0,0,0,False,WINDOW_QUALITY_OK,7.0,10.0,3.0,3.064,0.8073,0.0555,0.1927,30.0,100.0,70.0,73.8,99.0,100.0,0.0,0.0,0.9239,0.8817,0.8434,71,85,36,59490.0,59410.0,59410.0,59490.0,80.0,6,0,0.0,,,104.31,104.17,0,0,0,0,0,0,0,0,0,0,0,0,0,0,0,0.0,0,0,0,,0.0,,,0.0,0,0,0,,0.0,,2025-04-15 23:59:59.999999999,2025-01-29 10:34:04,2025-04-15 09:05:54,76.56,True,59710.0,2025-01-29 10:34:04,0.0,76.56,10.0,False,59410.0,2025-04-07 10:21:48,10.0,8.568,0.0,True,21,40.0,True,0,0,0,0,0,0,0,0,0,0,0,0,0,0,0,0,0,0,0.0,0,0.0,-0.0,-0.0,76.56,10.0,0,0,0,-0.0,5,AC_BOUND,STATEFUL_NORMAL_RESPONDING,WINDOW_MICRO_WOBBLE_ONLY,ACTION_NONE,high,9,responding_or_no_concern,micro_wobble,days_eff=77 days_any=9 cyc_eff=10 hq_nr=0 total_nr=0 cens=0 lg_opp=0 opp=0 norm_anom=-0.00 conf_p=1 micro_only=True cluster=AC_BOUND,No action needed.,Responding normally; no concern.,,False,False,True,False,False,False,False,False,0,2026-06-08T10:02:59Z,rolling30-v2.0,30,1,abs_ge_50mWh
THAMES2EEPSVT_apham,2024-12-12,2024-11-12 23:59:59.999999999,2024-12-12 23:59:59.999999999,723,29.917,0.5,2.402,74.093,19,7,2,0,0,0,0,False,WINDOW_QUALITY_OK,6.0,10.0,4.0,4.011,0.8895,0.0422,0.1105,54.0,100.0,46.0,88.0,98.0,100.0,0.0,0.0,0.9663,0.9412,0.8714,56,71,28,59530.0,59430.0,59430.0,59530.0,100.0,6,0,0.0,,,104.38,104.21,0,0,0,0,0,0,0,0,0,0,0,0,0,0,0,0.0,0,0,0,,0.0,,,0.0,0,0,0,,0.0,,2024-12-12 23:59:59.999999999,2024-10-07 14:28:58,2024-12-12 22:03:45,66.397,True,59660.0,2024-10-07 14:28:58,1.0,66.397,9.0,False,59430.0,2024-12-09 20:43:22,10.0,3.137,0.0,True,16,30.0,True,0,0,0,0,0,0,0,0,0,0,0,0,0,0,0,0,0,0,0.0,0,0.0,-0.0,-0.0,66.397,9.0,0,0,0,-0.0,5,AC_BOUND,STATEFUL_NORMAL_RESPONDING,WINDOW_MICRO_WOBBLE_ONLY,ACTION_NONE,high,9,responding_or_no_concern,micro_wobble,days_eff=66 days_any=3 cyc_eff=9 hq_nr=0 total_nr=0 cens=0 lg_opp=0 opp=0 norm_anom=-0.00 conf_p=1 micro_only=True cluster=AC_BOUND,No action needed.,Responding normally; no concern.,,False,False,True,False,False,False,False,False,0,2026-06-08T10:02:59Z,rolling30-v2.0,30,1,abs_ge_50mWh
THAMES_SIT,2024-01-25,2023-12-26 23:59:59.999999999,2024-01-25 23:59:59.999999999,31,19.604,0.042,83.619,277.236,4,4,3,0,0,0,0,False,WINDOW_QUALITY_SPARSE,16.0,16.0,0.0,0.0,0.1445,0.1318,0.8555,33.0,87.0,54.0,33.0,46.0,80.0,0.0,0.0,0.0113,0.0,0.0,9,9,5,58410.0,58410.0,58410.0,58410.0,0.0,0,0,0.0,,,102.42,102.42,0,0,0,0,0,0,0,0,0,0,0,0,0,0,0,0.0,0,0,0,,0.0,,,0.0,0,0,0,,0.0,,2024-01-25 23:59:59.999999999,2023-08-31 10:48:40,2024-01-25 08:23:22,147.55,True,58620.0,2023-11-09 06:51:52,10.0,77.714,6.0,False,58410.0,2023-12-15 16:00:25,16.0,41.333,0.0,True,6,40.0,True,0,0,0,0,0,0,0,0,0,0,0,0,0,0,0,0,0,0,0.0,0,0.0,-0.0,-0.0,77.714,6.0,0,0,0,-0.0,-1,SPARSE_OR_GAPPY,STATEFUL_REVIEW_DATA_QUALITY,WINDOW_DATA_QUALITY_REVIEW,ACTION_COLLECT_MORE_DATA_OR_MANUAL_REVIEW,low,1,data_quality_or_history_review,micro_wobble,days_eff=78 days_any=41 cyc_eff=6 hq_nr=0 total_nr=0 cens=0 lg_opp=0 opp=0 norm_anom=-0.00 conf_p=1 micro_only=True cluster=SPARSE_OR_GAPPY,No user-facing action; collecting more data.,Data-quality/history review outranks action (would_have_been=NONE). Collect more data or manual review.,NONE,False,False,True,False,False,False,True,False,0,2026-06-08T10:02:59Z,rolling30-v2.0,30,1,abs_ge_50mWh
THANNA-PF3SLBYQ_thanna,2025-10-05,2025-09-05 23:59:59.999999999,2025-10-05 23:59:59.999999999,229,24.573,0.5,0.5,411.767,7,5,1,0,0,0,0,False,WINDOW_QUALITY_OK,41.0,41.0,0.0,0.0,0.9174,0.0129,0.0826,36.0,100.0,64.0,95.0,98.0,98.6,0.0,0.0,0.9786,0.9786,0.9143,13,14,7,72700.0,72700.0,72700.0,72700.0,0.0,0,0,0.0,,,80.78,80.78,0,0,0,0,0,0,0,0,0,0,0,0,0,0,0,0.0,0,0,0,,0.0,,,0.0,0,0,0,,0.0,,2025-10-05 23:59:59.999999999,2023-09-07 15:10:23,2025-10-05 22:20:19,759.368,True,72740.0,2025-08-05 09:31:55,40.0,61.603,1.0,False,72700.0,2025-08-18 08:01:13,41.0,48.666,0.0,True,1,40.0,True,0,0,0,0,0,0,0,0,0,0,0,0,0,0,0,0,0,0,0.0,0,0.0,-0.0,-0.0,61.603,1.0,0,0,0,-0.0,5,AC_BOUND,STATEFUL_NORMAL_RESPONDING,WINDOW_INSUFFICIENT_LEARNING_OPPORTUNITY,ACTION_NONE,high,9,responding_or_no_concern,micro_wobble,days_eff=62 days_any=49 cyc_eff=1 hq_nr=0 total_nr=0 cens=0 lg_opp=0 opp=0 norm_anom=-0.00 conf_p=1 micro_only=True cluster=AC_BOUND,No action needed.,Responding normally; no concern.,,False,False,True,False,False,False,False,False,0,2026-06-08T10:02:59Z,rolling30-v2.0,30,1,abs_ge_50mWh
THANNA-PW0KQC0Y_thanna,2026-05-26,2026-04-26 23:59:59.999999999,2026-05-26 23:59:59.999999999,894,29.439,0.5,0.5,64.003,15,13,2,0,0,0,0,False,WINDOW_QUALITY_OK,54.0,61.0,7.0,7.133,0.9341,0.0813,0.0659,2.0,100.0,98.0,66.3,99.5,100.0,0.0042,0.0138,0.946,0.9324,0.8847,58,90,29,80810.0,82260.0,80790.0,82310.0,1520.0,9,2,800.0,2026-05-05 18:56:49,58.0,89.79,91.4,0,5,0,0,5,0,5,0,0,5,0,4,0,0,4,0.0,0,0,0,,0.0,,,0.0,0,0,0,,0.0,,2026-05-26 23:59:59.999999999,2025-09-02 11:03:48,2026-05-26 11:01:01,266.539,True,82310.0,2026-05-05 18:56:49,58.0,21.211,3.0,True,82260.0,2026-05-19 11:26:41,61.0,7.523,0.0,True,3,20.0,True,0,2,0,0,2,2,0,0,1,0,0,1,1,0,0,0,0,0,0.7551,0,-0.95857,0.4163,0.4163,21.211,3.0,2,1,0,0.4163,4,MOBILE_DEEP_CYCLE,STATEFUL_WATCH_LOW_EVIDENCE,WINDOW_NORMAL_RESPONDING,ACTION_MONITOR_NEXT_WINDOW,low,8,weak_partial_evidence,fw_like;micro_wobble,days_eff=21 days_any=8 cyc_eff=3 hq_nr=0 total_nr=2 cens=0 lg_opp=0 opp=3 norm_anom=0.42 conf_p=1 micro_only=True cluster=MOBILE_DEEP_CYCLE,No user-facing action; monitoring.,Ambiguous/weak evidence (21d since effective change); monitor next window.,,True,False,True,False,False,False,False,False,0,2026-06-08T10:02:59Z,rolling30-v2.0,30,1,abs_ge_50mWh
THANSON-F5NV1S7_thanson,2026-05-27,2026-04-27 23:59:59.999999999,2026-05-27 23:59:59.999999999,487,29.241,0.341,6.572,131.253,25,11,3,0,0,0,0,False,WINDOW_QUALITY_OK,84.0,97.0,13.0,13.337,0.4449,0.1482,0.5551,9.0,100.0,91.0,16.0,87.0,100.0,0.0003,0.0251,0.5951,0.4895,0.3934,157,191,79,48470.0,48440.0,47950.0,48540.0,590.0,17,5,500.0,2026-05-18 15:01:15,94.0,85.04,84.98,0,5,0,0,5,0,3,0,0,3,0,1,0,0,1,0.0,0,0,0,,0.0,,,0.0,0,0,0,,0.0,,2026-05-27 23:59:59.999999999,2025-09-17 15:13:32,2026-05-27 15:22:04,252.366,True,48470.0,2026-05-18 15:01:15,94.0,9.374,3.0,True,48440.0,2026-05-27 13:22:05,97.0,0.443,0.0,True,3,10.0,True,0,0,1,0,0,0,0,0,0,1,0,0,0,0,0,0,1,0,0.0,0,0.0,-0.0,-0.0,9.374,3.0,0,0,0,-0.0,4,MOBILE_DEEP_CYCLE,STATEFUL_WATCH_LARGE_GAP_OR_CENSORED,WINDOW_NORMAL_RESPONDING,ACTION_MONITOR_NEXT_WINDOW,low,7,large_gap_or_censored_dominant,micro_wobble;large_gap_dominant,days_eff=9 days_any=0 cyc_eff=3 hq_nr=0 total_nr=0 cens=0 lg_opp=1 opp=2 norm_anom=-0.00 conf_p=1 micro_only=True cluster=MOBILE_DEEP_CYCLE,No user-facing action; monitoring.,Ambiguous/weak evidence (9d since effective change); monitor next window.,,False,False,True,True,False,False,False,False,0,2026-06-08T10:02:59Z,rolling30-v2.0,30,1,abs_ge_50mWh
TK-THAMES2_takay,2026-01-06,2025-12-07 23:59:59.999999999,2026-01-06 23:59:59.999999999,9,0.144,0.5,0.5,0.5,0,0,0,0,0,0,0,False,WINDOW_QUALITY_SHORT_OBS,57.0,57.0,0.0,0.0,1.0,0.9758,0.0,6.0,80.0,74.0,12.8,23.0,80.0,0.1444,0.1444,0.0,0.0,0.0,0,1,0,59620.0,59620.0,59620.0,59620.0,0.0,0,0,0.0,,,104.54,104.54,0,1,0,0,1,0,0,0,0,0,0,0,0,0,0,0.0,0,0,0,,0.0,,,0.0,0,0,0,,0.0,,2026-01-06 23:59:59.999999999,2025-02-08 21:00:57,2026-01-06 13:03:35,332.124,True,59620.0,2025-06-27 09:12:46,39.0,193.616,18.0,False,59620.0,2025-06-27 09:12:46,39.0,193.616,18.0,False,0,0.0,False,0,0,2,0,0,0,0,0,0,0,0,0,0,0,0,0,2,0,0.0,0,0.0,-0.0,-0.0,193.616,18.0,0,0,0,-0.0,-1,SPARSE_OR_GAPPY,STATEFUL_REVIEW_DATA_QUALITY,WINDOW_DATA_QUALITY_REVIEW,ACTION_COLLECT_MORE_DATA_OR_MANUAL_REVIEW,low,1,data_quality_or_history_review,large_gap_dominant,days_eff=194 days_any=194 cyc_eff=18 hq_nr=0 total_nr=0 cens=0 lg_opp=2 opp=2 norm_anom=-0.00 conf_p=1 micro_only=False cluster=SPARSE_OR_GAPPY,No user-facing action; collecting more data.,Data-quality/history review outranks action (would_have_been=NONE). Collect more data or manual review.,NONE,False,False,False,True,False,False,True,False,0,2026-06-08T10:02:59Z,rolling30-v2.0,30,1,abs_ge_50mWh
TKOIKE-PF43BEK1_tkoide,2026-05-25,2026-04-25 23:59:59.999999999,2026-05-25 23:59:59.999999999,21,27.261,0.244,216.491,226.985,4,4,4,0,0,0,0,False,WINDOW_QUALITY_SPARSE,336.0,337.0,1.0,1.1,0.6781,0.4402,0.3219,3.0,100.0,97.0,7.0,91.0,100.0,0.0173,0.0962,0.5752,0.5752,0.4038,4,6,2,47280.0,47280.0,47280.0,47280.0,0.0,0,0,0.0,,,82.87,82.87,0,1,0,0,1,0,1,0,0,1,0,1,0,0,1,0.0,0,0,0,,0.0,,,0.0,0,0,0,,0.0,,2026-05-25 23:59:59.999999999,2023-03-28 14:14:03,2026-05-25 17:00:29,1154.407,True,47300.0,2024-10-11 18:53:27,282.0,591.213,55.0,False,47280.0,2026-01-06 16:31:11,326.0,139.312,11.0,False,1,20.0,True,0,0,30,0,0,0,0,0,0,25,0,0,0,0,0,0,30,0,0.0,0,0.0,-0.0,-0.0,591.213,55.0,0,0,0,-0.0,-1,SPARSE_OR_GAPPY,STATEFUL_REVIEW_DATA_QUALITY,WINDOW_DATA_QUALITY_REVIEW,ACTION_COLLECT_MORE_DATA_OR_MANUAL_REVIEW,low,1,data_quality_or_history_review,micro_wobble;large_gap_dominant,days_eff=591 days_any=139 cyc_eff=55 hq_nr=0 total_nr=0 cens=0 lg_opp=30 opp=55 norm_anom=-0.00 conf_p=1 micro_only=True cluster=SPARSE_OR_GAPPY,No user-facing action; collecting more data.,Data-quality/history review outranks action (would_have_been=NONE). Collect more data or manual review.,NONE,False,False,True,True,False,False,True,False,0,2026-06-08T10:02:59Z,rolling30-v2.0,30,1,abs_ge_50mWh
TLIN29-PF4EHFCT_tlin29,2024-05-30,2024-04-30 23:59:59.999999999,2024-05-30 23:59:59.999999999,596,29.562,0.5,5.001,44.19,14,6,3,0,0,0,0,False,WINDOW_QUALITY_OK,48.0,54.0,6.0,6.089,0.5844,0.0773,0.4156,30.0,100.0,70.0,74.0,100.0,100.0,0.0,0.0,0.9089,0.8692,0.7386,131,176,66,53310.0,53130.0,53130.0,53310.0,180.0,6,0,0.0,,,97.46,97.13,0,0,0,0,0,0,0,0,0,0,0,0,0,0,0,0.0,0,0,0,,0.0,,,0.0,0,0,0,,0.0,,2024-05-30 23:59:59.999999999,2023-08-24 12:08:37,2024-05-30 14:32:57,280.494,True,54740.0,2023-08-24 12:08:37,2.0,280.494,52.0,False,53130.0,2024-05-29 08:55:46,54.0,1.628,0.0,True,52,40.0,True,0,0,2,0,0,0,0,0,0,0,0,0,0,0,0,0,2,0,0.0,0,0.0,-0.0,-0.0,280.494,52.0,0,0,0,-0.0,5,AC_BOUND,STATEFUL_GAUGE_SOFT_CALIBRATION_EFFECTIVE_ONLY,WINDOW_MICRO_WOBBLE_ONLY,ACTION_SOFT_CALIBRATION_PROMPT,medium,5,micro_wobble_only_no_effective_relearn,gauge_like;micro_wobble;large_gap_dominant,days_eff=280 days_any=2 cyc_eff=52 hq_nr=0 total_nr=0 cens=0 lg_opp=2 opp=2 norm_anom=-0.00 conf_p=1 micro_only=True cluster=AC_BOUND,A full charge/discharge cycle may help the gauge recalibrate (low priority).,Soft calibration prompt: micro-wobbles present but no meaningful FCC relearning step under the effective threshold for 280d. Not a hard gauge reset target.,,False,True,True,True,False,False,False,False,0,2026-06-08T10:02:59Z,rolling30-v2.0,30,1,abs_ge_50mWh
TM1SIT1XPF4LA6X_EEP,2025-08-04,2025-07-05 23:59:59.999999999,2025-08-04 23:59:59.999999999,914,29.503,0.5,0.5,90.138,9,9,2,0,0,0,0,False,WINDOW_QUALITY_OK,59.0,59.0,0.0,0.0,0.9857,0.0,0.0143,66.0,79.0,13.0,67.0,71.0,79.0,0.0,0.0,0.0,0.0,0.0,4,4,2,59700.0,59700.0,59700.0,59700.0,0.0,0,0,0.0,,,104.68,104.68,0,0,0,0,0,0,0,0,0,0,0,0,0,0,0,0.0,0,0,0,,0.0,,,0.0,0,0,0,,0.0,,2025-08-04 23:59:59.999999999,2023-10-31 17:49:13,2025-08-04 12:26:35,643.257,True,59700.0,2024-10-21 16:54:07,45.0,287.296,14.0,False,59700.0,2024-10-21 16:54:07,45.0,287.296,14.0,False,0,0.0,False,0,0,4,0,0,0,0,0,0,0,0,0,0,0,0,0,4,0,0.0,0,0.0,-0.0,-0.0,287.296,14.0,0,0,0,-0.0,2,MOBILE_DEEP_CYCLE,STATEFUL_WATCH_LARGE_GAP_OR_CENSORED,WINDOW_INSUFFICIENT_LEARNING_OPPORTUNITY,ACTION_MONITOR_NEXT_WINDOW,low,7,large_gap_or_censored_dominant,large_gap_dominant,days_eff=287 days_any=287 cyc_eff=14 hq_nr=0 total_nr=0 cens=0 lg_opp=4 opp=4 norm_anom=-0.00 conf_p=1 micro_only=False cluster=MOBILE_DEEP_CYCLE,No user-facing action; monitoring.,Ambiguous/weak evidence (287d since effective change); monitor next window.,,False,False,False,True,False,False,False,False,0,2026-06-08T10:02:59Z,rolling30-v2.0,30,1,abs_ge_50mWh
TMIYAMOTO1-75C2_tmiyamoto1,2025-01-08,2024-12-09 23:59:59.999999999,2025-01-08 23:59:59.999999999,650,29.401,0.417,1.462,50.403,21,18,8,0,0,0,0,False,WINDOW_QUALITY_OK,13.0,40.0,27.0,27.55,0.4658,0.2755,0.5597,2.0,100.0,98.0,18.0,87.0,100.0,0.0144,0.0656,0.565,0.4414,0.3153,184,200,86,56940.0,57110.0,55800.0,58690.0,2890.0,33,9,1450.0,2025-01-07 19:12:32,40.0,99.65,99.95,4,8,3,0,12,3,4,3,0,7,1,4,1,0,5,1.6854,1,3,4,0.111796,0.9516,0.10337,0.10581,1.6144,1,3,4,0.119885,0.9212,0.22141,2025-01-08 23:59:59.999999999,2024-11-27 17:48:00,2025-01-08 18:06:01,42.258,False,57110.0,2025-01-07 19:12:32,40.0,1.2,0.0,False,57110.0,2025-01-07 19:12:32,40.0,1.2,0.0,False,0,0.0,False,0,0,0,0,0,0,0,0,0,0,0,0,0,0,0,0,0,0,0.0,0,0.0,-0.0,-0.0,1.2,0.0,0,0,0,-0.0,1,AC_BOUND,STATEFUL_REVIEW_DATA_QUALITY,WINDOW_NORMAL_RESPONDING,ACTION_COLLECT_MORE_DATA_OR_MANUAL_REVIEW,low,1,data_quality_or_history_review,,days_eff=1 days_any=1 cyc_eff=0 hq_nr=0 total_nr=0 cens=0 lg_opp=0 opp=0 norm_anom=-0.00 conf_p=0.103 micro_only=False cluster=AC_BOUND,No user-facing action; collecting more data.,Data-quality/history review outranks action (would_have_been=NONE). Collect more data or manual review.,NONE,False,False,False,False,False,True,False,False,0,2026-06-08T10:02:59Z,rolling30-v2.0,30,1,abs_ge_50mWh
TMOCHIZUKI-FHMH_tmochizuki,2024-03-19,2024-02-18 23:59:59.999999999,2024-03-19 23:59:59.999999999,8,26.456,0.333,443.702,633.646,1,1,1,0,0,0,0,False,WINDOW_QUALITY_SHORT_OBS,9.0,9.0,0.0,0.0,0.9836,0.6073,0.0164,4.0,100.0,96.0,4.35,90.0,96.85,0.6162,0.6162,0.3838,0.1084,0.0074,1,2,1,52490.0,52490.0,52490.0,52490.0,0.0,0,0,0.0,,,99.98,99.98,0,1,0,0,1,0,1,0,0,1,0,1,0,0,1,0.0,0,0,0,,0.0,,,0.0,0,0,0,,0.0,,2024-03-19 23:59:59.999999999,2023-05-12 12:20:34,2024-03-19 18:39:05,312.486,True,52490.0,2023-05-12 12:20:34,5.0,312.486,4.0,False,52490.0,2023-05-12 12:20:34,5.0,312.486,4.0,False,0,0.0,False,0,0,3,0,0,0,0,0,0,3,0,0,0,0,0,0,3,0,0.0,0,0.0,-0.0,-0.0,312.486,4.0,0,0,0,-0.0,-1,SPARSE_OR_GAPPY,STATEFUL_REVIEW_DATA_QUALITY,WINDOW_DATA_QUALITY_REVIEW,ACTION_COLLECT_MORE_DATA_OR_MANUAL_REVIEW,low,1,data_quality_or_history_review,large_gap_dominant,days_eff=312 days_any=312 cyc_eff=4 hq_nr=0 total_nr=0 cens=0 lg_opp=3 opp=6 norm_anom=-0.00 conf_p=1 micro_only=False cluster=SPARSE_OR_GAPPY,No user-facing action; collecting more data.,Data-quality/history review outranks action (would_have_been=NONE). Collect more data or manual review.,NONE,False,False,False,True,False,False,True,False,0,2026-06-08T10:02:59Z,rolling30-v2.0,30,1,abs_ge_50mWh
TMORIWAKI-00019_tmoriwaki,2024-11-27,2024-10-28 23:59:59.999999999,2024-11-27 23:59:59.999999999,1116,29.751,0.5,0.5,131.734,3,3,2,0,0,0,0,False,WINDOW_QUALITY_OK,77.0,86.0,9.0,9.075,0.8851,0.0653,0.1149,10.0,100.0,90.0,83.0,100.0,100.0,0.0,0.001,0.9666,0.9306,0.8685,116,182,58,81560.0,80540.0,80540.0,81560.0,1020.0,10,1,870.0,2024-11-11 09:29:17,81.0,90.62,89.49,0,1,0,0,1,0,1,0,0,1,0,1,0,0,1,0.0,0,0,0,,0.0,,,0.0,0,0,0,,0.0,,2024-11-27 23:59:59.999999999,2024-02-27 21:30:11,2024-11-27 18:03:27,274.104,True,80620.0,2024-11-11 09:29:17,81.0,16.605,5.0,True,80540.0,2024-11-27 14:33:27,86.0,0.393,0.0,True,5,20.0,True,0,0,0,0,0,0,0,0,0,0,0,0,0,0,0,0,0,0,0.0,0,0.0,-0.0,-0.0,16.605,5.0,0,0,0,-0.0,3,AC_BOUND,STATEFUL_NORMAL_RESPONDING,WINDOW_NORMAL_RESPONDING,ACTION_NONE,high,9,responding_or_no_concern,micro_wobble,days_eff=17 days_any=0 cyc_eff=5 hq_nr=0 total_nr=0 cens=0 lg_opp=0 opp=0 norm_anom=-0.00 conf_p=1 micro_only=True cluster=AC_BOUND,No action needed.,Responding normally; no concern.,,False,False,True,False,False,False,False,False,0,2026-06-08T10:02:59Z,rolling30-v2.0,30,1,abs_ge_50mWh
TNAKAMURA8-CRZW_tnakamura8,2025-06-12,2025-05-13 23:59:59.999999999,2025-06-12 23:59:59.999999999,798,29.467,0.5,1.701,47.812,19,10,4,0,0,0,0,False,WINDOW_QUALITY_OK,662.0,673.0,11.0,11.199,0.7262,0.137,0.2738,31.0,100.0,69.0,65.85,99.0,100.0,0.0,0.0,0.9209,0.8302,0.6612,156,216,78,45370.0,45370.0,45370.0,45370.0,0.0,0,0,0.0,,,79.6,79.6,0,0,0,0,0,0,0,0,0,0,0,0,0,0,0,0.0,0,0,0,,0.0,,,0.0,0,0,0,,0.0,,2025-06-12 23:59:59.999999999,2023-02-10 14:03:19,2025-06-12 11:45:15,853.414,True,45370.0,2024-07-19 01:22:36,565.0,328.943,108.0,False,45370.0,2024-07-19 01:22:36,565.0,328.943,108.0,False,0,0.0,False,4,2,11,4,2,6,0,4,1,10,4,1,5,0,4,0,11,0,2.2635,0,-2.8724,1.2475,1.2475,328.943,108.0,6,5,0,1.2475,5,AC_BOUND,STATEFUL_FW_WATCH_HIGH_ANOMALY,WINDOW_INSUFFICIENT_LEARNING_OPPORTUNITY,ACTION_FW_ENGINEERING_REVIEW,medium,4,fw_like_no_response_core_requirement_short,fw_like;gauge_like;large_gap_dominant,days_eff=329 days_any=329 cyc_eff=108 hq_nr=4 total_nr=6 cens=0 lg_opp=11 opp=32 norm_anom=1.25 conf_p=1 micro_only=False cluster=AC_BOUND,No user-facing action; monitoring.,"FW-like no-response signal but a core requirement is short (staleness/cycles/quality). Monitor and add to FW engineering queue. normative anomaly 1.25, 6 no_response since last effective change (328d ago).",,True,True,False,True,False,False,False,False,0,2026-06-08T10:02:59Z,rolling30-v2.0,30,1,abs_ge_50mWh
TOM_thiller,2026-05-26,2026-04-26 23:59:59.999999999,2026-05-26 23:59:59.999999999,239,29.21,0.5,14.239,100.701,24,14,5,0,0,0,0,False,WINDOW_QUALITY_OK,31.0,32.0,1.0,1.027,0.8917,0.0423,0.1083,84.0,100.0,16.0,90.9,99.0,100.0,0.0,0.0,1.0,0.9565,0.851,20,28,10,46260.0,46250.0,46250.0,46260.0,10.0,1,0,0.0,,,99.48,99.46,0,0,0,0,0,0,0,0,0,0,0,0,0,0,0,0.0,0,0,0,,0.0,,,0.0,0,0,0,,0.0,,2026-05-26 23:59:59.999999999,2025-05-27 14:35:57,2026-05-26 14:12:49,364.392,True,46300.0,2026-02-12 12:02:14,27.0,103.498,5.0,False,46250.0,2026-05-20 10:37:29,32.0,6.557,0.0,True,5,10.0,True,0,0,0,0,0,0,0,0,0,0,0,0,0,0,0,0,0,0,0.0,0,0.0,-0.0,-0.0,103.498,5.0,0,0,0,-0.0,5,AC_BOUND,STATEFUL_NORMAL_RESPONDING,WINDOW_MICRO_WOBBLE_ONLY,ACTION_NONE,high,9,responding_or_no_concern,micro_wobble,days_eff=103 days_any=7 cyc_eff=5 hq_nr=0 total_nr=0 cens=0 lg_opp=0 opp=0 norm_anom=-0.00 conf_p=1 micro_only=True cluster=AC_BOUND,No action needed.,Responding normally; no concern.,,False,False,True,False,False,False,False,False,0,2026-06-08T10:02:59Z,rolling30-v2.0,30,1,abs_ge_50mWh
TP-X1C-G11_emmet,2023-10-19,2023-09-19 23:59:59.999999999,2023-10-19 23:59:59.999999999,421,28.128,0.5,3.481,146.144,9,5,4,0,0,0,0,False,WINDOW_QUALITY_OK,25.0,28.0,3.0,3.2,0.7331,0.1022,0.2669,2.0,100.0,98.0,60.0,98.0,100.0,0.0019,0.0058,0.8731,0.8343,0.7404,70,102,35,57570.0,57570.0,57570.0,57570.0,0.0,0,0,0.0,,,101.0,101.0,0,1,0,0,1,0,1,0,0,1,0,1,0,0,1,0.0,0,0,0,,0.0,,,0.0,0,0,0,,0.0,,2023-10-19 23:59:59.999999999,2023-04-17 15:38:11,2023-10-19 22:02:22,185.348,True,57570.0,2023-04-26 09:53:07,6.0,176.588,22.0,False,57570.0,2023-04-26 09:53:07,6.0,176.588,22.0,False,0,0.0,False,0,0,5,0,0,0,0,0,0,2,0,0,0,0,0,0,5,0,0.0,0,0.0,-0.0,-0.0,176.588,22.0,0,0,0,-0.0,4,MOBILE_DEEP_CYCLE,STATEFUL_WATCH_LARGE_GAP_OR_CENSORED,WINDOW_LARGE_GAP_AMBIGUOUS,ACTION_MONITOR_NEXT_WINDOW,low,7,large_gap_or_censored_dominant,large_gap_dominant,days_eff=177 days_any=177 cyc_eff=22 hq_nr=0 total_nr=0 cens=0 lg_opp=5 opp=7 norm_anom=-0.00 conf_p=1 micro_only=False cluster=MOBILE_DEEP_CYCLE,No user-facing action; monitoring.,Ambiguous/weak evidence (176d since effective change); monitor next window.,,False,False,False,True,False,False,False,False,0,2026-06-08T10:02:59Z,rolling30-v2.0,30,1,abs_ge_50mWh
TPARRISH2-00047_tparrish2,2026-05-13,2026-04-13 23:59:59.999999999,2026-05-13 23:59:59.999999999,151,28.255,0.5,17.073,162.684,13,9,6,0,0,0,0,False,WINDOW_QUALITY_OK,9.0,15.0,6.0,6.37,0.4705,0.1754,0.5295,9.0,100.0,91.0,19.0,81.0,100.0,0.0037,0.0843,0.5745,0.4508,0.327,34,45,17,90760.0,91730.0,90750.0,92710.0,1960.0,9,3,1090.0,2026-05-12 11:23:01,13.0,100.84,101.92,0,3,0,1,4,0,2,0,0,2,0,1,0,0,1,0.0,0,0,0,,0.0,,,0.0,0,0,0,,0.0,,2026-05-13 23:59:59.999999999,2026-02-17 16:53:31,2026-05-13 15:22:06,85.296,True,91760.0,2026-05-12 11:23:01,13.0,1.526,2.0,True,91730.0,2026-05-13 14:22:06,15.0,0.401,0.0,True,2,20.0,True,1,0,0,0,0,0,1,0,0,1,0,0,0,0,0,1,0,0,0.0,0,0.0,-0.0,-0.0,1.526,2.0,0,0,0,-0.0,4,MOBILE_DEEP_CYCLE,STATEFUL_WATCH_LARGE_GAP_OR_CENSORED,WINDOW_NORMAL_RESPONDING,ACTION_MONITOR_NEXT_WINDOW,low,7,large_gap_or_censored_dominant,micro_wobble;censored_dominant,days_eff=2 days_any=0 cyc_eff=2 hq_nr=0 total_nr=0 cens=1 lg_opp=0 opp=2 norm_anom=-0.00 conf_p=1 micro_only=True cluster=MOBILE_DEEP_CYCLE,No user-facing action; monitoring.,Ambiguous/weak evidence (1d since effective change); monitor next window.,,False,False,True,False,True,False,False,False,0,2026-06-08T10:02:59Z,rolling30-v2.0,30,1,abs_ge_50mWh
TRICHARDSON-GP9_trichardson,2025-05-12,2025-04-12 23:59:59.999999999,2025-05-12 23:59:59.999999999,200,28.109,0.5,15.756,265.341,16,16,4,0,0,0,0,False,WINDOW_QUALITY_OK,136.0,140.0,4.0,4.269,0.8705,0.0949,0.1285,32.0,100.0,68.0,67.8,98.0,100.0,0.0,0.0,0.956,0.9436,0.7411,24,37,11,87520.0,87480.0,87480.0,87520.0,40.0,3,0,0.0,,,97.23,97.19,0,0,0,0,0,0,0,0,0,0,0,0,0,0,0,0.0,0,0,0,,0.0,,,0.0,0,0,0,,0.0,,2025-05-12 23:59:59.999999999,2023-07-21 11:53:27,2025-05-12 11:32:15,661.505,True,87940.0,2024-07-09 09:36:13,88.0,307.6,52.0,False,87480.0,2025-05-12 11:32:15,140.0,0.519,0.0,True,45,20.0,True,0,1,10,0,1,1,0,0,1,9,0,1,1,0,0,0,10,0,0.4303,0,-0.56269,0.2444,0.2444,307.6,52.0,1,1,0,0.2444,5,AC_BOUND,STATEFUL_FW_WATCH_HIGH_ANOMALY,WINDOW_MICRO_WOBBLE_ONLY,ACTION_FW_ENGINEERING_REVIEW,medium,4,fw_like_no_response_core_requirement_short,fw_like;gauge_like;micro_wobble;large_gap_dominant,days_eff=308 days_any=1 cyc_eff=52 hq_nr=0 total_nr=1 cens=0 lg_opp=10 opp=21 norm_anom=0.24 conf_p=1 micro_only=True cluster=AC_BOUND,No user-facing action; monitoring.,"FW-like no-response signal but a core requirement is short (staleness/cycles/quality). Monitor and add to FW engineering queue. normative anomaly 0.24, 1 no_response since last effective change (307d ago).",,True,True,True,True,False,False,False,False,0,2026-06-08T10:02:59Z,rolling30-v2.0,30,1,abs_ge_50mWh
TRICHARDSON-NKH_trichardson,2026-05-26,2026-04-26 23:59:59.999999999,2026-05-26 23:59:59.999999999,239,29.12,0.5,16.833,68.652,26,20,4,0,0,0,0,False,WINDOW_QUALITY_OK,33.0,39.0,6.0,6.181,0.5691,0.1624,0.4309,28.0,100.0,72.0,52.9,98.0,100.0,0.0,0.0,0.8077,0.6714,0.5716,44,52,23,75700.0,74080.0,74080.0,75700.0,1620.0,8,2,770.0,2026-05-18 10:32:02,37.0,100.93,98.77,0,0,0,0,0,0,0,0,0,0,0,0,0,0,0,0.0,0,0,0,,0.0,,,0.0,0,0,0,,0.0,,2026-05-26 23:59:59.999999999,2025-09-30 10:52:57,2026-05-26 11:45:29,238.547,True,74110.0,2026-05-18 10:32:02,37.0,8.561,2.0,True,74080.0,2026-05-25 20:55:34,39.0,1.128,0.0,True,2,20.0,True,0,0,0,0,0,0,0,0,0,0,0,0,0,0,0,0,0,0,0.0,0,0.0,-0.0,-0.0,8.561,2.0,0,0,0,-0.0,5,AC_BOUND,STATEFUL_NORMAL_RESPONDING,WINDOW_NORMAL_RESPONDING,ACTION_NONE,high,9,responding_or_no_concern,micro_wobble,days_eff=9 days_any=1 cyc_eff=2 hq_nr=0 total_nr=0 cens=0 lg_opp=0 opp=0 norm_anom=-0.00 conf_p=1 micro_only=True cluster=AC_BOUND,No action needed.,Responding normally; no concern.,,False,False,True,False,False,False,False,False,0,2026-06-08T10:02:59Z,rolling30-v2.0,30,1,abs_ge_50mWh
TSCOTT2-F4RVJLS_tscott2,2025-06-02,2025-05-03 23:59:59.999999999,2025-06-02 23:59:59.999999999,4,23.445,24.212,487.033,538.457,2,2,2,0,0,0,0,False,WINDOW_QUALITY_SHORT_OBS,95.0,95.0,0.0,0.0,0.0003,0.0003,0.9997,3.0,12.0,9.0,3.0,4.0,10.95,0.5001,1.0,0.0,0.0,0.0,1,1,1,48910.0,48910.0,48910.0,48910.0,0.0,0,0,0.0,,,84.3,84.3,0,0,0,0,0,0,0,0,0,0,0,0,0,0,0,0.0,0,0,0,,0.0,,,0.0,0,0,0,,0.0,,2025-06-02 23:59:59.999999999,2024-04-17 09:59:07,2025-06-02 22:10:34,411.584,True,48960.0,2025-03-18 10:58:32,91.0,76.543,4.0,False,48910.0,2025-05-10 11:30:21,95.0,23.521,0.0,True,4,20.0,True,0,0,0,0,0,0,0,0,0,0,0,0,0,0,0,0,0,0,0.0,0,0.0,-0.0,-0.0,76.543,4.0,0,0,0,-0.0,-1,SPARSE_OR_GAPPY,STATEFUL_REVIEW_DATA_QUALITY,WINDOW_DATA_QUALITY_REVIEW,ACTION_COLLECT_MORE_DATA_OR_MANUAL_REVIEW,low,1,data_quality_or_history_review,micro_wobble,days_eff=77 days_any=24 cyc_eff=4 hq_nr=0 total_nr=0 cens=0 lg_opp=0 opp=0 norm_anom=-0.00 conf_p=1 micro_only=True cluster=SPARSE_OR_GAPPY,No user-facing action; collecting more data.,Data-quality/history review outranks action (would_have_been=NONE). Collect more data or manual review.,NONE,False,False,True,False,False,False,True,False,0,2026-06-08T10:02:59Z,rolling30-v2.0,30,1,abs_ge_50mWh
TSCOTT2-F58PHQH_tscott2,2026-04-20,2026-03-21 23:59:59.999999999,2026-04-20 23:59:59.999999999,300,28.168,0.5,12.874,47.09,28,17,4,0,0,0,0,False,WINDOW_QUALITY_OK,78.0,84.0,6.0,6.39,0.6132,0.1753,0.3868,6.0,100.0,94.0,59.9,100.0,100.0,0.0038,0.0038,0.8259,0.6593,0.6067,47,71,24,54840.0,54770.0,54770.0,54840.0,70.0,6,0,0.0,,,96.16,96.04,0,1,0,0,1,0,1,0,0,1,0,1,0,0,1,0.0,0,0,0,,0.0,,,0.0,0,0,0,,0.0,,2026-04-20 23:59:59.999999999,2025-03-17 14:34:07,2026-04-20 14:41:41,399.393,True,54910.0,2026-02-24 00:54:40,72.0,55.962,12.0,True,54770.0,2026-04-20 11:23:51,84.0,0.525,0.0,True,12,20.0,True,0,0,1,0,0,0,0,0,0,1,0,0,0,0,0,0,1,0,0.0,0,0.0,-0.0,-0.0,55.962,12.0,0,0,0,-0.0,4,MOBILE_DEEP_CYCLE,STATEFUL_WATCH_LARGE_GAP_OR_CENSORED,WINDOW_MICRO_WOBBLE_ONLY,ACTION_MONITOR_NEXT_WINDOW,low,7,large_gap_or_censored_dominant,micro_wobble;large_gap_dominant,days_eff=56 days_any=1 cyc_eff=12 hq_nr=0 total_nr=0 cens=0 lg_opp=1 opp=2 norm_anom=-0.00 conf_p=1 micro_only=True cluster=MOBILE_DEEP_CYCLE,No user-facing action; monitoring.,Ambiguous/weak evidence (55d since effective change); monitor next window.,,False,False,True,True,False,False,False,False,0,2026-06-08T10:02:59Z,rolling30-v2.0,30,1,abs_ge_50mWh
TSCOTT2-F5CERG3_tscott2,2025-03-12,2025-02-10 23:59:59.999999999,2025-03-12 23:59:59.999999999,287,29.173,0.5,13.894,76.446,27,21,4,0,0,0,0,False,WINDOW_QUALITY_OK,3.0,10.0,7.0,7.198,0.468,0.1357,0.532,27.0,100.0,73.0,54.3,97.0,100.0,0.0,0.0,0.8146,0.572,0.4778,56,76,29,59580.0,59470.0,59470.0,59580.0,110.0,9,0,0.0,,,104.47,104.28,0,0,0,0,0,0,0,0,0,0,0,0,0,0,0,0.0,0,0,0,,0.0,,,0.0,0,0,0,,0.0,,2025-03-12 23:59:59.999999999,2025-01-23 16:18:21,2025-03-12 14:11:02,48.321,False,59630.0,2025-01-23 16:18:21,1.0,48.321,9.0,False,59470.0,2025-03-06 12:10:46,10.0,6.493,0.0,False,13,20.0,True,0,0,0,0,0,0,0,0,0,0,0,0,0,0,0,0,0,0,0.0,0,0.0,-0.0,-0.0,48.321,9.0,0,0,0,-0.0,5,AC_BOUND,STATEFUL_REVIEW_DATA_QUALITY,WINDOW_MICRO_WOBBLE_ONLY,ACTION_COLLECT_MORE_DATA_OR_MANUAL_REVIEW,low,1,data_quality_or_history_review,micro_wobble,days_eff=48 days_any=6 cyc_eff=9 hq_nr=0 total_nr=0 cens=0 lg_opp=0 opp=0 norm_anom=-0.00 conf_p=1 micro_only=True cluster=AC_BOUND,No user-facing action; collecting more data.,Data-quality/history review outranks action (would_have_been=NONE). Collect more data or manual review.,NONE,False,False,True,False,False,True,False,False,0,2026-06-08T10:02:59Z,rolling30-v2.0,30,1,abs_ge_50mWh
TSUZUKI26-9VQR2_tsuzuki26,2025-10-03,2025-09-03 23:59:59.999999999,2025-10-03 23:59:59.999999999,159,29.415,0.5,0.501,570.791,4,2,2,0,0,0,0,False,WINDOW_QUALITY_OK,347.0,350.0,3.0,3.06,0.7366,0.7356,0.2634,1.0,100.0,99.0,10.0,10.0,100.0,0.0378,0.6888,0.1606,0.1231,0.0948,9,10,5,45450.0,45460.0,45450.0,45460.0,10.0,1,0,0.0,,,79.67,79.68,0,1,0,0,1,0,1,0,0,1,0,1,0,0,1,0.0,0,0,0,,0.0,,,0.0,0,0,0,,0.0,,2025-10-03 23:59:59.999999999,2023-06-16 11:27:47,2025-10-03 19:11:33,840.522,True,45450.0,2025-08-05 20:21:14,344.0,59.152,6.0,True,45460.0,2025-10-01 22:42:07,350.0,2.054,0.0,True,1,10.0,True,0,0,2,0,0,0,0,0,0,2,0,0,0,0,0,0,2,0,0.0,0,0.0,-0.0,-0.0,59.152,6.0,0,0,0,-0.0,0,MOBILE_DEEP_CYCLE,STATEFUL_WATCH_LARGE_GAP_OR_CENSORED,WINDOW_MICRO_WOBBLE_ONLY,ACTION_MONITOR_NEXT_WINDOW,low,7,large_gap_or_censored_dominant,micro_wobble;large_gap_dominant,days_eff=59 days_any=2 cyc_eff=6 hq_nr=0 total_nr=0 cens=0 lg_opp=2 opp=4 norm_anom=-0.00 conf_p=1 micro_only=True cluster=MOBILE_DEEP_CYCLE,No user-facing action; monitoring.,Ambiguous/weak evidence (59d since effective change); monitor next window.,,False,False,True,True,False,False,False,False,0,2026-06-08T10:02:59Z,rolling30-v2.0,30,1,abs_ge_50mWh
TTARRATS-09S0Z9_ttarrats,2024-08-16,2024-07-17 23:59:59.999999999,2024-08-16 23:59:59.999999999,436,29.075,0.5,0.5,154.702,16,8,4,0,0,0,0,False,WINDOW_QUALITY_OK,12.0,13.0,1.0,1.032,0.9977,0.0381,0.0023,95.0,100.0,5.0,95.0,97.0,100.0,0.0,0.0,1.0,1.0,0.8217,6,40,3,56890.0,56880.0,56880.0,56890.0,10.0,1,0,0.0,,,99.81,99.79,0,0,0,0,0,0,0,0,0,0,0,0,0,0,0,0.0,0,0,0,,0.0,,,0.0,0,0,0,,0.0,,2024-08-16 23:59:59.999999999,2024-02-16 07:10:32,2024-08-16 09:55:34,182.701,True,57000.0,2024-02-16 07:10:32,2.0,182.701,11.0,False,56880.0,2024-08-13 18:57:51,13.0,3.21,0.0,True,11,20.0,True,0,0,0,0,0,0,0,0,0,0,0,0,0,0,0,0,0,0,0.0,0,0.0,-0.0,-0.0,182.701,11.0,0,0,0,-0.0,5,AC_BOUND,STATEFUL_GAUGE_SOFT_CALIBRATION_EFFECTIVE_ONLY,WINDOW_MICRO_WOBBLE_ONLY,ACTION_SOFT_CALIBRATION_PROMPT,medium,5,micro_wobble_only_no_effective_relearn,gauge_like;micro_wobble,days_eff=183 days_any=3 cyc_eff=11 hq_nr=0 total_nr=0 cens=0 lg_opp=0 opp=0 norm_anom=-0.00 conf_p=1 micro_only=True cluster=AC_BOUND,A full charge/discharge cycle may help the gauge recalibrate (low priority).,Soft calibration prompt: micro-wobbles present but no meaningful FCC relearning step under the effective threshold for 182d. Not a hard gauge reset target.,,False,True,True,False,False,False,False,False,0,2026-06-08T10:02:59Z,rolling30-v2.0,30,1,abs_ge_50mWh
TTOMIMATSU-DC3F_ttomimatsu,2024-08-30,2024-07-31 23:59:59.999999999,2024-08-30 23:59:59.999999999,439,28.104,0.5,1.582,93.536,18,14,4,0,0,0,0,False,WINDOW_QUALITY_OK,229.0,235.0,6.0,6.405,0.8113,0.0977,0.1887,1.0,80.0,79.0,27.9,78.0,80.0,0.0132,0.0316,0.0,0.0,0.0,60,82,30,47040.0,46820.0,46460.0,47230.0,770.0,20,15,560.0,2024-08-27 09:20:38,234.0,82.53,82.14,0,2,0,0,2,0,0,0,0,0,0,0,0,0,0,0.0,0,0,0,,0.0,,,0.0,0,0,0,,0.0,,2024-08-30 23:59:59.999999999,2023-02-08 09:47:02,2024-08-30 15:00:16,569.592,True,46850.0,2024-08-27 09:20:38,234.0,3.611,1.0,True,46820.0,2024-08-27 17:24:06,235.0,3.275,0.0,True,1,30.0,True,0,0,0,0,0,0,0,0,0,0,0,0,0,0,0,0,0,0,0.0,0,0.0,-0.0,-0.0,3.611,1.0,0,0,0,-0.0,2,MOBILE_DEEP_CYCLE,STATEFUL_NORMAL_RESPONDING,WINDOW_NORMAL_RESPONDING,ACTION_NONE,high,9,responding_or_no_concern,micro_wobble,days_eff=4 days_any=3 cyc_eff=1 hq_nr=0 total_nr=0 cens=0 lg_opp=0 opp=0 norm_anom=-0.00 conf_p=1 micro_only=True cluster=MOBILE_DEEP_CYCLE,No action needed.,Responding normally; no concern.,,False,False,True,False,False,False,False,False,0,2026-06-08T10:02:59Z,rolling30-v2.0,30,1,abs_ge_50mWh
TYLER_tparrish2,2026-05-01,2026-04-01 23:59:59.999999999,2026-05-01 23:59:59.999999999,519,29.113,0.5,1.046,67.474,19,16,4,0,0,0,0,False,WINDOW_QUALITY_OK,5.0,7.0,2.0,2.061,0.8917,0.0473,0.1083,0.0,100.0,100.0,81.0,100.0,100.0,0.01,0.0137,0.9605,0.9306,0.9073,34,50,17,58640.0,58570.0,58570.0,58640.0,70.0,2,0,0.0,,,101.1,100.98,0,1,0,0,1,0,1,0,0,1,0,1,0,0,1,0.0,0,0,0,,0.0,,,0.0,0,0,0,,0.0,,2026-05-01 23:59:59.999999999,2026-01-02 13:24:00,2026-05-01 12:10:30,119.442,True,58750.0,2026-01-02 13:24:00,2.0,119.442,5.0,False,58570.0,2026-04-22 14:07:21,7.0,9.412,0.0,True,5,40.0,True,0,0,1,0,0,0,0,0,0,1,0,0,0,0,0,0,1,0,0.0,0,0.0,-0.0,-0.0,119.442,5.0,0,0,0,-0.0,4,MOBILE_DEEP_CYCLE,STATEFUL_WATCH_LARGE_GAP_OR_CENSORED,WINDOW_MICRO_WOBBLE_ONLY,ACTION_MONITOR_NEXT_WINDOW,low,7,large_gap_or_censored_dominant,micro_wobble;large_gap_dominant,days_eff=119 days_any=9 cyc_eff=5 hq_nr=0 total_nr=0 cens=0 lg_opp=1 opp=2 norm_anom=-0.00 conf_p=1 micro_only=True cluster=MOBILE_DEEP_CYCLE,No user-facing action; monitoring.,Ambiguous/weak evidence (119d since effective change); monitor next window.,,False,False,True,True,False,False,False,False,0,2026-06-08T10:02:59Z,rolling30-v2.0,30,1,abs_ge_50mWh
UINABA-GM114QLP_uinaba,2026-04-22,2026-03-23 23:59:59.999999999,2026-04-22 23:59:59.999999999,295,20.074,0.5,5.571,85.31,14,4,3,0,0,0,0,False,WINDOW_QUALITY_OK,0.0,3.0,3.0,4.483,0.6108,0.1238,0.3892,74.0,100.0,26.0,88.0,99.0,100.0,0.0,0.0,0.9945,0.9159,0.6552,84,108,42,58030.0,58020.0,58020.0,58030.0,10.0,1,0,0.0,,,100.02,100.0,0,0,0,0,0,0,0,0,0,0,0,0,0,0,0,0.0,0,0,0,,0.0,,,0.0,0,0,0,,0.0,,2026-04-22 23:59:59.999999999,2026-04-02 14:18:24,2026-04-22 16:05:04,20.404,False,58030.0,2026-04-02 14:18:24,0.0,20.404,3.0,False,58020.0,2026-04-21 10:35:28,3.0,1.559,0.0,False,1,10.0,True,0,0,0,0,0,0,0,0,0,0,0,0,0,0,0,0,0,0,0.0,0,0.0,-0.0,-0.0,20.404,3.0,0,0,0,-0.0,5,AC_BOUND,STATEFUL_REVIEW_DATA_QUALITY,WINDOW_MICRO_WOBBLE_ONLY,ACTION_COLLECT_MORE_DATA_OR_MANUAL_REVIEW,low,1,data_quality_or_history_review,micro_wobble,days_eff=20 days_any=2 cyc_eff=3 hq_nr=0 total_nr=0 cens=0 lg_opp=0 opp=0 norm_anom=-0.00 conf_p=1 micro_only=True cluster=AC_BOUND,No user-facing action; collecting more data.,Data-quality/history review outranks action (would_have_been=NONE). Collect more data or manual review.,NONE,False,False,True,False,False,True,False,False,0,2026-06-08T10:02:59Z,rolling30-v2.0,30,1,abs_ge_50mWh
VBARONE-F67TWPP_vbarone,2026-05-25,2026-04-25 23:59:59.999999999,2026-05-25 23:59:59.999999999,272,14.078,0.5,6.037,25.302,14,8,1,0,0,0,0,False,WINDOW_QUALITY_OK,2.0,3.0,1.0,2.131,0.8212,0.1394,0.1788,49.0,100.0,51.0,86.55,100.0,100.0,0.0,0.0,0.9773,0.8838,0.8382,40,53,20,58030.0,58030.0,58030.0,58030.0,0.0,0,0,0.0,,,100.05,100.05,0,0,0,0,0,0,0,0,0,0,0,0,0,0,0,0.0,0,0,0,,0.0,,,0.0,0,0,0,,0.0,,2026-05-25 23:59:59.999999999,2026-05-11 09:57:06,2026-05-25 11:49:23,14.585,False,58030.0,2026-05-11 09:57:06,2.0,14.585,1.0,False,58030.0,2026-05-11 09:57:06,2.0,14.585,1.0,False,0,0.0,False,0,0,0,0,0,0,0,0,0,0,0,0,0,0,0,0,0,0,0.0,0,0.0,-0.0,-0.0,14.585,1.0,0,0,0,-0.0,5,AC_BOUND,STATEFUL_REVIEW_DATA_QUALITY,WINDOW_INSUFFICIENT_LEARNING_OPPORTUNITY,ACTION_COLLECT_MORE_DATA_OR_MANUAL_REVIEW,low,1,data_quality_or_history_review,,days_eff=15 days_any=15 cyc_eff=1 hq_nr=0 total_nr=0 cens=0 lg_opp=0 opp=0 norm_anom=-0.00 conf_p=1 micro_only=False cluster=AC_BOUND,No user-facing action; collecting more data.,Data-quality/history review outranks action (would_have_been=NONE). Collect more data or manual review.,NONE,False,False,False,False,False,True,False,False,0,2026-06-08T10:02:59Z,rolling30-v2.0,30,1,abs_ge_50mWh
VISHNU_vkotipalli1,2026-05-27,2026-04-27 23:59:59.999999999,2026-05-27 23:59:59.999999999,195,29.073,0.631,12.65,113.429,30,11,4,0,0,0,0,False,WINDOW_QUALITY_OK,32.0,42.0,10.0,10.319,0.2378,0.1153,0.7622,1.0,100.0,99.0,9.0,82.0,100.0,0.0296,0.0558,0.532,0.4597,0.4019,44,54,22,93720.0,91870.0,91530.0,93720.0,2190.0,13,5,940.0,2026-05-24 11:19:28,41.0,104.13,102.08,1,6,1,0,7,0,5,0,0,5,0,5,0,0,5,0.4407,0,1,1,0.559302,0.2524,0.64517,0.64521,0.3675,0,1,1,0.632546,0.1989,0.55631,2026-05-27 23:59:59.999999999,2025-09-02 14:13:08,2026-05-27 12:13:50,267.408,True,91880.0,2026-05-24 11:19:28,41.0,3.528,1.0,True,91870.0,2026-05-26 14:16:56,42.0,1.405,0.0,True,1,10.0,True,0,1,0,0,0,0,1,0,0,0,0,0,0,0,0,1,0,0,0.0,0,0.0,-0.0,-0.0,3.528,1.0,0,0,0,-0.0,4,MOBILE_DEEP_CYCLE,STATEFUL_WATCH_LARGE_GAP_OR_CENSORED,WINDOW_NORMAL_RESPONDING,ACTION_MONITOR_NEXT_WINDOW,low,7,large_gap_or_censored_dominant,micro_wobble;censored_dominant,days_eff=4 days_any=1 cyc_eff=1 hq_nr=0 total_nr=0 cens=1 lg_opp=0 opp=1 norm_anom=-0.00 conf_p=0.645 micro_only=True cluster=MOBILE_DEEP_CYCLE,No user-facing action; monitoring.,Ambiguous/weak evidence (3d since effective change); monitor next window.,,False,False,True,False,True,False,False,False,0,2026-06-08T10:02:59Z,rolling30-v2.0,30,1,abs_ge_50mWh
VSHARAK-F66KN1E_vsharak,2026-05-08,2026-04-08 23:59:59.999999999,2026-05-08 23:59:59.999999999,256,8.072,0.5,0.5,19.791,5,2,0,0,0,0,0,False,WINDOW_QUALITY_OK,2.0,4.0,2.0,7.434,0.7468,0.0349,0.2532,5.0,100.0,95.0,84.0,99.0,100.0,0.0519,0.0664,0.8867,0.8206,0.8134,7,9,4,75010.0,76750.0,75000.0,76760.0,1760.0,3,1,1760.0,2026-05-07 00:31:09,3.0,100.01,102.33,0,1,0,1,2,0,1,0,1,2,0,1,0,1,2,0.0,0,0,0,,0.0,,,0.0,0,0,0,,0.0,,2026-05-08 23:59:59.999999999,2026-04-30 11:16:05,2026-05-08 12:59:07,8.53,False,76760.0,2026-05-07 00:31:09,3.0,1.978,1.0,False,76750.0,2026-05-07 14:50:11,4.0,1.382,0.0,False,1,10.0,True,1,0,0,0,0,0,1,1,0,0,0,0,0,1,0,1,0,0,0.0,0,0.0,-0.0,-0.0,1.978,1.0,0,0,0,-0.0,0,MOBILE_DEEP_CYCLE,STATEFUL_REVIEW_DATA_QUALITY,WINDOW_NORMAL_RESPONDING,ACTION_COLLECT_MORE_DATA_OR_MANUAL_REVIEW,low,1,data_quality_or_history_review,micro_wobble;censored_dominant,days_eff=2 days_any=1 cyc_eff=1 hq_nr=0 total_nr=0 cens=1 lg_opp=0 opp=2 norm_anom=-0.00 conf_p=1 micro_only=True cluster=MOBILE_DEEP_CYCLE,No user-facing action; collecting more data.,Data-quality/history review outranks action (would_have_been=NONE). Collect more data or manual review.,NONE,False,False,True,False,True,True,False,False,0,2026-06-08T10:02:59Z,rolling30-v2.0,30,1,abs_ge_50mWh
WANGLYB-5FGJED_wanglyb,2025-07-22,2025-06-22 23:59:59.999999999,2025-07-22 23:59:59.999999999,476,29.075,0.5,8.688,52.34,31,12,4,0,0,0,0,False,WINDOW_QUALITY_OK,34.0,40.0,6.0,6.191,0.7668,0.1205,0.2332,10.0,100.0,90.0,65.5,98.0,100.0,0.0,0.0067,0.896,0.8118,0.7382,92,117,46,59850.0,59710.0,59710.0,59850.0,140.0,12,0,0.0,,,104.94,104.7,0,1,0,0,1,0,1,0,0,1,0,1,0,0,1,0.0,0,0,0,,0.0,,,0.0,0,0,0,,0.0,,2025-07-22 23:59:59.999999999,2025-03-14 10:47:19,2025-07-22 10:50:42,130.55,True,60210.0,2025-04-09 05:22:26,10.0,104.776,30.0,False,59710.0,2025-07-21 00:28:39,40.0,1.98,0.0,True,41,30.0,True,0,0,4,0,0,0,0,0,0,4,0,0,0,0,0,0,4,0,0.0,0,0.0,-0.0,-0.0,104.776,30.0,0,0,0,-0.0,4,MOBILE_DEEP_CYCLE,STATEFUL_WATCH_LARGE_GAP_OR_CENSORED,WINDOW_MICRO_WOBBLE_ONLY,ACTION_MONITOR_NEXT_WINDOW,low,7,large_gap_or_censored_dominant,micro_wobble;large_gap_dominant,days_eff=105 days_any=2 cyc_eff=30 hq_nr=0 total_nr=0 cens=0 lg_opp=4 opp=8 norm_anom=-0.00 conf_p=1 micro_only=True cluster=MOBILE_DEEP_CYCLE,No user-facing action; monitoring.,Ambiguous/weak evidence (104d since effective change); monitor next window.,,False,False,True,True,False,False,False,False,0,2026-06-08T10:02:59Z,rolling30-v2.0,30,1,abs_ge_50mWh
WANGTC3-F4210KH_wangtc3,2025-06-10,2025-05-11 23:59:59.999999999,2025-06-10 23:59:59.999999999,438,29.031,0.5,5.438,60.406,18,8,5,0,0,0,0,False,WINDOW_QUALITY_OK,167.0,177.0,10.0,10.334,0.8345,0.2222,0.1655,6.0,100.0,94.0,19.0,97.0,100.0,0.0017,0.0503,0.8844,0.8544,0.7418,47,92,24,48760.0,48760.0,48760.0,48760.0,0.0,0,0,0.0,,,85.54,85.54,0,6,0,0,6,0,4,0,0,4,0,1,0,0,1,0.0,0,0,0,,0.0,,,0.0,0,0,0,,0.0,,2025-06-10 23:59:59.999999999,2023-02-09 13:57:03,2025-06-10 10:31:49,852.419,True,48740.0,2025-03-01 12:10:32,147.0,101.493,30.0,False,48760.0,2025-05-05 15:03:47,165.0,36.372,12.0,True,1,20.0,True,0,1,17,0,1,1,0,0,0,5,0,0,0,0,0,0,17,0,0.4407,0,-0.58107,0.2524,0.2524,101.493,30.0,1,0,0,0.2524,4,MOBILE_DEEP_CYCLE,STATEFUL_FW_WATCH_HIGH_ANOMALY,WINDOW_LARGE_GAP_AMBIGUOUS,ACTION_FW_ENGINEERING_REVIEW,medium,4,fw_like_no_response_core_requirement_short,fw_like;micro_wobble;large_gap_dominant,days_eff=101 days_any=36 cyc_eff=30 hq_nr=0 total_nr=1 cens=0 lg_opp=17 opp=23 norm_anom=0.25 conf_p=1 micro_only=True cluster=MOBILE_DEEP_CYCLE,No user-facing action; monitoring.,"FW-like no-response signal but a core requirement is short (staleness/cycles/quality). Monitor and add to FW engineering queue. normative anomaly 0.25, 1 no_response since last effective change (101d ago).",,True,False,True,True,False,False,False,False,0,2026-06-08T10:02:59Z,rolling30-v2.0,30,1,abs_ge_50mWh
WCARTER-F3SKVGA_wcarter,2024-07-08,2024-06-08 23:59:59.999999999,2024-07-08 23:59:59.999999999,96,20.946,0.5,21.607,139.531,8,8,4,0,0,0,0,False,WINDOW_QUALITY_OK,20.0,22.0,2.0,2.865,0.4936,0.0463,0.5064,6.0,100.0,94.0,19.5,95.5,100.0,0.0376,0.0654,0.6845,0.6108,0.5233,10,13,5,87840.0,87840.0,87840.0,87840.0,0.0,0,0,0.0,,,97.5,97.5,0,1,0,0,1,0,1,0,0,1,0,1,0,0,1,0.0,0,0,0,,0.0,,,0.0,0,0,0,,0.0,,2024-07-08 23:59:59.999999999,2023-09-07 15:10:14,2024-07-08 10:45:56,305.368,True,87840.0,2024-05-29 11:12:03,20.0,40.533,2.0,True,87840.0,2024-05-29 11:12:03,20.0,40.533,2.0,True,0,0.0,False,0,0,1,0,0,0,0,0,0,1,0,0,0,0,0,0,1,0,0.0,0,0.0,-0.0,-0.0,40.533,2.0,0,0,0,-0.0,4,MOBILE_DEEP_CYCLE,STATEFUL_WATCH_LARGE_GAP_OR_CENSORED,WINDOW_LARGE_GAP_AMBIGUOUS,ACTION_MONITOR_NEXT_WINDOW,low,7,large_gap_or_censored_dominant,large_gap_dominant,days_eff=41 days_any=41 cyc_eff=2 hq_nr=0 total_nr=0 cens=0 lg_opp=1 opp=2 norm_anom=-0.00 conf_p=1 micro_only=False cluster=MOBILE_DEEP_CYCLE,No user-facing action; monitoring.,Ambiguous/weak evidence (40d since effective change); monitor next window.,,False,False,False,True,False,False,False,False,0,2026-06-08T10:02:59Z,rolling30-v2.0,30,1,abs_ge_50mWh
WCHANG11-4C429A_wchang11,2026-05-27,2026-04-27 23:59:59.999999999,2026-05-27 23:59:59.999999999,175,29.005,0.5,4.013,373.771,9,8,3,0,0,0,0,False,WINDOW_QUALITY_OK,48.0,48.0,0.0,0.0,1.0,0.0,0.0,95.0,100.0,5.0,95.0,98.0,100.0,0.0,0.0,1.0,1.0,0.8571,0,0,0,82550.0,81710.0,81710.0,82550.0,840.0,1,1,840.0,2026-05-14 11:38:41,48.0,91.72,90.79,0,0,0,0,0,0,0,0,0,0,0,0,0,0,0,0.0,0,0,0,,0.0,,,0.0,0,0,0,,0.0,,2026-05-27 23:59:59.999999999,2023-06-21 15:14:14,2026-05-27 15:15:12,1071.365,True,81710.0,2026-05-14 11:38:41,48.0,13.515,0.0,True,81710.0,2026-05-14 11:38:41,48.0,13.515,0.0,True,0,0.0,False,0,0,0,0,0,0,0,0,0,0,0,0,0,0,0,0,0,0,0.0,0,0.0,-0.0,-0.0,13.515,0.0,0,0,0,-0.0,5,AC_BOUND,STATEFUL_NORMAL_RESPONDING,WINDOW_NORMAL_RESPONDING,ACTION_NONE,high,9,responding_or_no_concern,,days_eff=14 days_any=14 cyc_eff=0 hq_nr=0 total_nr=0 cens=0 lg_opp=0 opp=0 norm_anom=-0.00 conf_p=1 micro_only=False cluster=AC_BOUND,No action needed.,Responding normally; no concern.,,False,False,False,False,False,False,False,False,0,2026-06-08T10:02:59Z,rolling30-v2.0,30,1,abs_ge_50mWh
WCHANG11-4Y8ZWG_wchang11,2026-05-18,2026-04-18 23:59:59.999999999,2026-05-18 23:59:59.999999999,35,28.261,0.5,48.354,474.824,8,5,4,0,0,0,0,False,WINDOW_QUALITY_SPARSE,71.0,72.0,1.0,1.062,0.3221,0.0493,0.6779,65.0,100.0,35.0,68.1,93.0,100.0,0.0,0.0,0.6456,0.5304,0.3593,11,13,6,73380.0,73360.0,73360.0,73380.0,20.0,1,0,0.0,,,97.84,97.81,0,0,0,0,0,0,0,0,0,0,0,0,0,0,0,0.0,0,0,0,,0.0,,,0.0,0,0,0,,0.0,,2026-05-18 23:59:59.999999999,2024-06-17 11:42:22,2026-05-18 16:17:41,700.512,True,73600.0,2025-10-30 13:59:55,52.0,200.417,20.0,False,73360.0,2026-04-21 14:43:11,72.0,27.387,0.0,True,20,20.0,True,0,0,0,0,0,0,0,0,0,0,0,0,0,0,0,0,0,0,0.0,0,0.0,-0.0,-0.0,200.417,20.0,0,0,0,-0.0,-1,SPARSE_OR_GAPPY,STATEFUL_REVIEW_DATA_QUALITY,WINDOW_DATA_QUALITY_REVIEW,ACTION_COLLECT_MORE_DATA_OR_MANUAL_REVIEW,low,1,data_quality_or_history_review,micro_wobble,days_eff=200 days_any=27 cyc_eff=20 hq_nr=0 total_nr=0 cens=0 lg_opp=0 opp=0 norm_anom=-0.00 conf_p=1 micro_only=True cluster=SPARSE_OR_GAPPY,No user-facing action; collecting more data.,Data-quality/history review outranks action (would_have_been=NONE). Collect more data or manual review.,NONE,False,False,True,False,False,False,True,False,0,2026-06-08T10:02:59Z,rolling30-v2.0,30,1,abs_ge_50mWh
WFELTER-F5HN5KV_wfelter,2026-05-19,2026-04-19 23:59:59.999999999,2026-05-19 23:59:59.999999999,471,28.96,0.5,7.385,42.272,28,13,4,0,0,0,0,False,WINDOW_QUALITY_OK,27.0,33.0,6.0,6.215,0.7673,0.087,0.2327,15.0,100.0,85.0,79.0,98.0,100.0,0.0,0.0068,0.9499,0.8928,0.679,87,114,44,98230.0,98140.0,98140.0,98230.0,90.0,6,0,0.0,,,98.33,98.24,0,1,0,0,1,0,1,0,0,1,0,0,0,0,0,0.0,0,0,0,,0.0,,,0.0,0,0,0,,0.0,,2026-05-19 23:59:59.999999999,2025-11-12 15:42:06,2026-05-19 05:57:39,188.346,True,98280.0,2026-03-12 09:27:01,24.0,68.606,9.0,False,98140.0,2026-05-14 11:37:00,33.0,5.516,0.0,True,9,20.0,True,0,0,1,0,0,0,0,0,0,0,0,0,0,0,0,0,1,0,0.0,0,0.0,-0.0,-0.0,68.606,9.0,0,0,0,-0.0,4,MOBILE_DEEP_CYCLE,STATEFUL_WATCH_LARGE_GAP_OR_CENSORED,WINDOW_MICRO_WOBBLE_ONLY,ACTION_MONITOR_NEXT_WINDOW,low,7,large_gap_or_censored_dominant,micro_wobble;large_gap_dominant,days_eff=69 days_any=6 cyc_eff=9 hq_nr=0 total_nr=0 cens=0 lg_opp=1 opp=1 norm_anom=-0.00 conf_p=1 micro_only=True cluster=MOBILE_DEEP_CYCLE,No user-facing action; monitoring.,Ambiguous/weak evidence (68d since effective change); monitor next window.,,False,False,True,True,False,False,False,False,0,2026-06-08T10:02:59Z,rolling30-v2.0,30,1,abs_ge_50mWh
WII-PF67AM0B_wii,2026-06-01,2026-05-02 23:59:59.999999999,2026-06-01 23:59:59.999999999,293,27.775,0.5,13.782,69.224,25,19,5,0,0,0,0,False,WINDOW_QUALITY_OK,2.0,4.0,2.0,2.16,0.8502,0.0853,0.1498,65.0,100.0,35.0,86.0,99.0,100.0,0.0,0.0,0.9612,0.9098,0.8412,36,55,18,75010.0,75000.0,75000.0,75010.0,10.0,1,0,0.0,,,100.01,100.0,0,0,0,0,0,0,0,0,0,0,0,0,0,0,0,0.0,0,0,0,,0.0,,,0.0,0,0,0,,0.0,,2026-06-01 23:59:59.999999999,2026-05-04 15:20:38,2026-06-01 09:56:37,28.361,False,75010.0,2026-05-04 15:20:38,2.0,28.361,2.0,False,75000.0,2026-05-18 10:59:24,4.0,14.542,0.0,False,1,10.0,True,0,0,0,0,0,0,0,0,0,0,0,0,0,0,0,0,0,0,0.0,0,0.0,-0.0,-0.0,28.361,2.0,0,0,0,-0.0,5,AC_BOUND,STATEFUL_REVIEW_DATA_QUALITY,WINDOW_MICRO_WOBBLE_ONLY,ACTION_COLLECT_MORE_DATA_OR_MANUAL_REVIEW,low,1,data_quality_or_history_review,micro_wobble,days_eff=28 days_any=15 cyc_eff=2 hq_nr=0 total_nr=0 cens=0 lg_opp=0 opp=0 norm_anom=-0.00 conf_p=1 micro_only=True cluster=AC_BOUND,No user-facing action; collecting more data.,Data-quality/history review outranks action (would_have_been=NONE). Collect more data or manual review.,NONE,False,False,True,False,False,True,False,False,0,2026-06-08T10:02:59Z,rolling30-v2.0,30,1,abs_ge_50mWh
WOMALLEY-55RJ32_womalley,2026-05-19,2026-04-19 23:59:59.999999999,2026-05-19 23:59:59.999999999,448,29.308,0.5,8.489,59.301,30,8,5,0,0,0,0,False,WINDOW_QUALITY_OK,154.0,170.0,16.0,16.378,0.514,0.161,0.486,6.0,100.0,94.0,28.0,94.0,100.0,0.0008,0.0204,0.595,0.5154,0.4106,78,112,39,52870.0,51010.0,51010.0,52870.0,1860.0,22,7,550.0,2026-05-18 13:14:42,170.0,92.75,89.49,1,3,0,0,4,0,3,0,0,3,0,1,0,0,1,0.3841,1,0,1,0.615917,0.2105,0.86181,0.88065,0.4704,1,0,1,0.52957,0.2761,0.46947,2026-05-19 23:59:59.999999999,2025-04-22 15:15:28,2026-05-19 15:39:13,392.364,True,51010.0,2026-05-18 13:14:42,170.0,1.448,0.0,True,51010.0,2026-05-18 13:14:42,170.0,1.448,0.0,True,0,0.0,False,0,0,0,0,0,0,0,0,0,0,0,0,0,0,0,0,0,0,0.0,0,0.0,-0.0,-0.0,1.448,0.0,0,0,0,-0.0,4,MOBILE_DEEP_CYCLE,STATEFUL_WATCH_LOW_EVIDENCE,WINDOW_NORMAL_RESPONDING,ACTION_MONITOR_NEXT_WINDOW,low,8,weak_partial_evidence,,days_eff=1 days_any=1 cyc_eff=0 hq_nr=0 total_nr=0 cens=0 lg_opp=0 opp=0 norm_anom=-0.00 conf_p=0.862 micro_only=False cluster=MOBILE_DEEP_CYCLE,No user-facing action; monitoring.,Ambiguous/weak evidence (1d since effective change); monitor next window.,,False,False,False,False,False,False,False,False,0,2026-06-08T10:02:59Z,rolling30-v2.0,30,1,abs_ge_50mWh
WSHX016709_Lenovo,2025-06-12,2025-05-13 23:59:59.999999999,2025-06-12 23:59:59.999999999,576,29.891,0.5,0.5,249.035,11,5,4,0,0,0,0,False,WINDOW_QUALITY_OK,50.0,52.0,2.0,2.007,0.8674,0.1164,0.1326,45.0,100.0,55.0,81.0,100.0,100.0,0.0,0.0,0.9486,0.9011,0.8675,24,30,12,56880.0,56760.0,56760.0,56880.0,120.0,5,1,60.0,2025-05-30 13:59:48,50.0,99.74,99.53,0,0,0,0,0,0,0,0,0,0,0,0,0,0,0,0.0,0,0,0,,0.0,,,0.0,0,0,0,,0.0,,2025-06-12 23:59:59.999999999,2025-04-15 11:00:59,2025-06-12 21:45:01,58.541,False,56790.0,2025-05-30 13:59:48,50.0,13.417,2.0,False,56760.0,2025-06-11 15:12:08,52.0,1.367,0.0,False,3,10.0,True,0,0,0,0,0,0,0,0,0,0,0,0,0,0,0,0,0,0,0.0,0,0.0,-0.0,-0.0,13.417,2.0,0,0,0,-0.0,5,AC_BOUND,STATEFUL_REVIEW_DATA_QUALITY,WINDOW_NORMAL_RESPONDING,ACTION_COLLECT_MORE_DATA_OR_MANUAL_REVIEW,low,1,data_quality_or_history_review,micro_wobble,days_eff=13 days_any=1 cyc_eff=2 hq_nr=0 total_nr=0 cens=0 lg_opp=0 opp=0 norm_anom=-0.00 conf_p=1 micro_only=True cluster=AC_BOUND,No user-facing action; collecting more data.,Data-quality/history review outranks action (would_have_been=NONE). Collect more data or manual review.,NONE,False,False,True,False,False,True,False,False,0,2026-06-08T10:02:59Z,rolling30-v2.0,30,1,abs_ge_50mWh
X1-CARBON-G12_hewei,2025-02-07,2025-01-08 23:59:59.999999999,2025-02-07 23:59:59.999999999,264,29.327,0.5,3.251,128.256,12,11,8,0,0,0,0,False,WINDOW_QUALITY_OK,25.0,28.0,3.0,3.069,0.8649,0.0941,0.1351,27.0,79.0,52.0,38.45,77.0,79.0,0.0,0.0,0.0,0.0,0.0,16,26,8,59620.0,59620.0,59620.0,59620.0,0.0,0,0,0.0,,,104.54,104.54,0,0,0,0,0,0,0,0,0,0,0,0,0,0,0,0.0,0,0,0,,0.0,,,0.0,0,0,0,,0.0,,2025-02-07 23:59:59.999999999,2024-09-27 14:51:10,2025-02-07 16:09:05,133.381,True,59620.0,2024-12-03 22:27:40,19.0,66.064,9.0,False,59620.0,2024-12-03 22:27:40,19.0,66.064,9.0,False,0,0.0,False,0,0,0,0,0,0,0,0,0,0,0,0,0,0,0,0,0,0,0.0,0,0.0,-0.0,-0.0,66.064,9.0,0,0,0,-0.0,2,MOBILE_DEEP_CYCLE,STATEFUL_NORMAL_RESPONDING,WINDOW_INSUFFICIENT_LEARNING_OPPORTUNITY,ACTION_NONE,high,9,responding_or_no_concern,,days_eff=66 days_any=66 cyc_eff=9 hq_nr=0 total_nr=0 cens=0 lg_opp=0 opp=0 norm_anom=-0.00 conf_p=1 micro_only=False cluster=MOBILE_DEEP_CYCLE,No action needed.,Responding normally; no concern.,,False,False,False,False,False,False,False,False,0,2026-06-08T10:02:59Z,rolling30-v2.0,30,1,abs_ge_50mWh
X1-LNL-BE-SIT_mripp,2025-01-28,2024-12-29 23:59:59.999999999,2025-01-28 23:59:59.999999999,565,29.041,0.5,5.457,69.243,28,12,3,0,0,0,0,False,WINDOW_QUALITY_OK,7.0,13.0,6.0,6.198,0.7717,0.1669,0.2283,10.0,100.0,90.0,51.2,100.0,100.0,0.0,0.0281,0.863,0.7708,0.7211,59,79,30,58300.0,57390.0,57390.0,58300.0,910.0,8,3,600.0,2025-01-25 08:03:18,13.0,102.23,100.63,0,1,0,0,1,0,1,0,0,1,0,1,0,0,1,0.0,0,0,0,,0.0,,,0.0,0,0,0,,0.0,,2025-01-28 23:59:59.999999999,2024-11-22 16:41:07,2025-01-28 08:47:09,67.305,True,57390.0,2025-01-25 08:03:18,13.0,3.664,0.0,True,57390.0,2025-01-25 08:03:18,13.0,3.664,0.0,True,0,0.0,False,0,0,0,0,0,0,0,0,0,0,0,0,0,0,0,0,0,0,0.0,0,0.0,-0.0,-0.0,3.664,0.0,0,0,0,-0.0,4,MOBILE_DEEP_CYCLE,STATEFUL_NORMAL_RESPONDING,WINDOW_NORMAL_RESPONDING,ACTION_NONE,high,9,responding_or_no_concern,,days_eff=4 days_any=4 cyc_eff=0 hq_nr=0 total_nr=0 cens=0 lg_opp=0 opp=0 norm_anom=-0.00 conf_p=1 micro_only=False cluster=MOBILE_DEEP_CYCLE,No action needed.,Responding normally; no concern.,,False,False,False,False,False,False,False,False,0,2026-06-08T10:02:59Z,rolling30-v2.0,30,1,abs_ge_50mWh
X13_2IN1,2025-03-10,2025-02-08 23:59:59.999999999,2025-03-10 23:59:59.999999999,299,28.199,0.5,11.395,69.384,21,15,5,0,0,0,0,False,WINDOW_QUALITY_OK,157.0,171.0,14.0,14.894,0.4165,0.1863,0.5835,15.0,100.0,85.0,27.9,91.0,100.0,0.0,0.0022,0.6689,0.5715,0.3644,68,94,34,36870.0,37770.0,36830.0,37820.0,990.0,16,3,530.0,2025-03-04 09:25:50,168.0,67.4,69.05,0,2,0,0,2,0,0,0,0,0,0,0,0,0,0,0.0,0,0,0,,0.0,,,0.0,0,0,0,,0.0,,2025-03-10 23:59:59.999999999,2024-03-25 12:48:38,2025-03-10 14:28:21,350.466,True,37820.0,2025-03-04 09:25:50,168.0,6.607,3.0,True,37770.0,2025-03-10 10:44:28,171.0,0.552,0.0,True,2,30.0,True,0,0,0,0,0,0,0,0,0,0,0,0,0,0,0,0,0,0,0.0,0,0.0,-0.0,-0.0,6.607,3.0,0,0,0,-0.0,4,MOBILE_DEEP_CYCLE,STATEFUL_NORMAL_RESPONDING,WINDOW_NORMAL_RESPONDING,ACTION_NONE,high,9,responding_or_no_concern,micro_wobble,days_eff=7 days_any=1 cyc_eff=3 hq_nr=0 total_nr=0 cens=0 lg_opp=0 opp=0 norm_anom=-0.00 conf_p=1 micro_only=True cluster=MOBILE_DEEP_CYCLE,No action needed.,Responding normally; no concern.,,False,False,True,False,False,False,False,False,0,2026-06-08T10:02:59Z,rolling30-v2.0,30,1,abs_ge_50mWh
X1C-G13-TK_E28508,2026-05-07,2026-04-07 23:59:59.999999999,2026-05-07 23:59:59.999999999,14,0.283,0.5,1.254,1.739,0,0,0,0,0,0,0,False,WINDOW_QUALITY_SHORT_OBS,15.0,16.0,1.0,105.861,1.0,0.3601,0.0,4.0,100.0,96.0,4.65,100.0,100.0,0.1044,0.1044,0.6399,0.6399,0.6399,0,1,0,56380.0,56370.0,56370.0,56380.0,10.0,1,0,0.0,,,98.86,98.84,0,1,0,0,1,0,1,0,0,1,0,1,0,0,1,0.0,0,0,0,,0.0,,,0.0,0,0,0,,0.0,,2026-05-07 23:59:59.999999999,2024-11-12 09:02:25,2026-05-07 15:11:13,541.623,True,56490.0,2024-11-12 09:02:25,6.0,541.623,10.0,False,56370.0,2026-05-07 10:50:05,16.0,0.549,0.0,True,10,20.0,True,0,0,2,0,0,0,0,0,0,2,0,0,0,0,0,0,2,0,0.0,0,0.0,-0.0,-0.0,541.623,10.0,0,0,0,-0.0,-1,SPARSE_OR_GAPPY,STATEFUL_REVIEW_DATA_QUALITY,WINDOW_DATA_QUALITY_REVIEW,ACTION_COLLECT_MORE_DATA_OR_MANUAL_REVIEW,low,1,data_quality_or_history_review,micro_wobble;large_gap_dominant,days_eff=542 days_any=1 cyc_eff=10 hq_nr=0 total_nr=0 cens=0 lg_opp=2 opp=4 norm_anom=-0.00 conf_p=1 micro_only=True cluster=SPARSE_OR_GAPPY,No user-facing action; collecting more data.,Data-quality/history review outranks action (would_have_been=NONE). Collect more data or manual review.,NONE,False,False,True,True,False,False,True,False,0,2026-06-08T10:02:59Z,rolling30-v2.0,30,1,abs_ge_50mWh
X1C-LNL-SIT-EEP_mripp,2024-11-13,2024-10-14 23:59:59.999999999,2024-11-13 23:59:59.999999999,582,29.665,0.5,7.129,37.324,32,10,2,0,1,0,0,True,WINDOW_QUALITY_COUNTER_RESET,19.0,29.0,10.0,10.113,0.6206,0.1137,0.3794,6.0,100.0,94.0,38.0,98.0,100.0,0.0008,0.0103,0.7273,0.6562,0.5867,87,102,44,59010.0,57680.0,57680.0,59010.0,1330.0,12,2,600.0,2024-11-12 23:16:20,28.0,103.47,101.14,0,3,0,0,3,0,3,0,0,3,0,2,0,0,2,0.0,0,0,0,,0.0,,,0.0,0,0,0,,0.0,,2024-11-13 23:59:59.999999999,2024-09-18 17:12:30,2024-11-13 19:55:36,56.283,False,57680.0,2024-11-12 23:16:20,28.0,1.03,1.0,False,57680.0,2024-11-12 23:16:20,28.0,1.03,1.0,False,0,0.0,False,0,0,0,0,0,0,0,0,0,0,0,0,0,0,0,0,0,0,0.0,0,0.0,-0.0,-0.0,1.03,1.0,0,0,0,-0.0,-1,SPARSE_OR_GAPPY,STATEFUL_REVIEW_DATA_QUALITY,WINDOW_DATA_QUALITY_REVIEW,ACTION_COLLECT_MORE_DATA_OR_MANUAL_REVIEW,low,1,data_quality_or_history_review,,days_eff=1 days_any=1 cyc_eff=1 hq_nr=0 total_nr=0 cens=0 lg_opp=0 opp=0 norm_anom=-0.00 conf_p=1 micro_only=False cluster=SPARSE_OR_GAPPY,No user-facing action; collecting more data.,Data-quality/history review outranks action (would_have_been=NONE). Collect more data or manual review.,NONE,False,False,False,False,False,True,True,False,0,2026-06-08T10:02:59Z,rolling30-v2.0,30,1,abs_ge_50mWh
X1C13-2024_henry,2024-10-24,2024-09-24 23:59:59.999999999,2024-10-24 23:59:59.999999999,300,6.693,0.007,0.836,47.855,6,1,1,0,0,0,0,False,WINDOW_QUALITY_SHORT_OBS,4.0,6.0,2.0,8.964,0.7136,0.1073,0.2864,64.0,100.0,36.0,79.95,98.0,100.0,0.0,0.0,0.9416,0.7621,0.7033,128,131,65,58720.0,58700.0,58700.0,58720.0,20.0,2,0,0.0,,,103.02,102.98,0,0,0,0,0,0,0,0,0,0,0,0,0,0,0,0.0,0,0,0,,0.0,,,0.0,0,0,0,,0.0,,2024-10-24 23:59:59.999999999,2024-10-17 20:31:16,2024-10-24 13:09:30,7.145,False,58720.0,2024-10-17 20:31:16,4.0,7.145,2.0,False,58700.0,2024-10-22 10:05:14,6.0,2.58,0.0,False,2,10.0,True,0,0,0,0,0,0,0,0,0,0,0,0,0,0,0,0,0,0,0.0,0,0.0,-0.0,-0.0,7.145,2.0,0,0,0,-0.0,-1,SPARSE_OR_GAPPY,STATEFUL_REVIEW_DATA_QUALITY,WINDOW_DATA_QUALITY_REVIEW,ACTION_COLLECT_MORE_DATA_OR_MANUAL_REVIEW,low,1,data_quality_or_history_review,micro_wobble,days_eff=7 days_any=3 cyc_eff=2 hq_nr=0 total_nr=0 cens=0 lg_opp=0 opp=0 norm_anom=-0.00 conf_p=1 micro_only=True cluster=SPARSE_OR_GAPPY,No user-facing action; collecting more data.,Data-quality/history review outranks action (would_have_been=NONE). Collect more data or manual review.,NONE,False,False,True,False,False,True,True,False,0,2026-06-08T10:02:59Z,rolling30-v2.0,30,1,abs_ge_50mWh
X1C13-SIT_X1C13,2024-12-12,2024-11-12 23:59:59.999999999,2024-12-12 23:59:59.999999999,42,29.083,0.5,49.43,310.459,7,7,3,0,0,0,0,False,WINDOW_QUALITY_SPARSE,26.0,29.0,3.0,3.095,0.5026,0.2998,0.4974,0.0,100.0,100.0,2.0,41.5,99.85,0.0617,0.1407,0.1479,0.1479,0.1479,11,15,6,55410.0,58050.0,55410.0,58220.0,2810.0,3,3,2810.0,2024-12-11 08:37:48,29.0,97.16,101.79,0,1,0,0,1,0,1,0,0,1,0,1,0,0,1,0.0,0,0,0,,0.0,,,0.0,0,0,0,,0.0,,2024-12-12 23:59:59.999999999,2024-08-16 10:29:44,2024-12-12 11:56:14,118.563,True,58050.0,2024-12-11 08:37:48,29.0,1.64,0.0,True,58050.0,2024-12-11 08:37:48,29.0,1.64,0.0,True,0,0.0,False,0,0,0,0,0,0,0,0,0,0,0,0,0,0,0,0,0,0,0.0,0,0.0,-0.0,-0.0,1.64,0.0,0,0,0,-0.0,-1,SPARSE_OR_GAPPY,STATEFUL_REVIEW_DATA_QUALITY,WINDOW_DATA_QUALITY_REVIEW,ACTION_COLLECT_MORE_DATA_OR_MANUAL_REVIEW,low,1,data_quality_or_history_review,,days_eff=2 days_any=2 cyc_eff=0 hq_nr=0 total_nr=0 cens=0 lg_opp=0 opp=0 norm_anom=-0.00 conf_p=1 micro_only=False cluster=SPARSE_OR_GAPPY,No user-facing action; collecting more data.,Data-quality/history review outranks action (would_have_been=NONE). Collect more data or manual review.,NONE,False,False,False,False,False,False,True,False,0,2026-06-08T10:02:59Z,rolling30-v2.0,30,1,abs_ge_50mWh
X1C_GEN13,2024-12-19,2024-11-19 23:59:59.999999999,2024-12-19 23:59:59.999999999,429,9.871,0.5,0.633,7.505,2,0,0,0,0,0,0,False,WINDOW_QUALITY_OK,1.0,5.0,4.0,12.157,0.7482,0.0663,0.2518,12.0,100.0,88.0,41.8,100.0,100.0,0.0,0.004,0.8223,0.7829,0.7437,31,40,16,57790.0,58890.0,57770.0,58900.0,1130.0,6,2,580.0,2024-12-17 17:46:54,4.0,101.33,103.26,0,0,0,1,1,0,0,0,1,1,0,0,0,0,0,0.0,0,0,0,,0.0,,,0.0,0,0,0,,0.0,,2024-12-19 23:59:59.999999999,2024-12-09 10:32:48,2024-12-19 07:26:52,10.561,False,58900.0,2024-12-17 17:46:54,4.0,2.259,1.0,False,58890.0,2024-12-18 15:00:08,5.0,1.375,0.0,False,1,10.0,True,0,0,0,0,0,0,0,0,0,0,0,0,0,0,0,0,0,0,0.0,0,0.0,-0.0,-0.0,2.259,1.0,0,0,0,-0.0,3,AC_BOUND,STATEFUL_REVIEW_DATA_QUALITY,WINDOW_NORMAL_RESPONDING,ACTION_COLLECT_MORE_DATA_OR_MANUAL_REVIEW,low,1,data_quality_or_history_review,micro_wobble,days_eff=2 days_any=1 cyc_eff=1 hq_nr=0 total_nr=0 cens=0 lg_opp=0 opp=0 norm_anom=-0.00 conf_p=1 micro_only=True cluster=AC_BOUND,No user-facing action; collecting more data.,Data-quality/history review outranks action (would_have_been=NONE). Collect more data or manual review.,NONE,False,False,True,False,False,True,False,False,0,2026-06-08T10:02:59Z,rolling30-v2.0,30,1,abs_ge_50mWh
X1C_LNL,2026-01-24,2025-12-25 23:59:59.999999999,2026-01-24 23:59:59.999999999,24,29.207,0.545,46.123,511.869,8,7,3,0,0,0,0,False,WINDOW_QUALITY_SPARSE,59.0,61.0,2.0,2.054,0.2918,0.212,0.7082,13.0,100.0,87.0,15.0,59.5,100.0,0.0,0.0989,0.3564,0.1969,0.1564,5,6,3,57650.0,52410.0,52410.0,57650.0,5240.0,2,1,5200.0,2026-01-01 09:10:28,61.0,101.09,91.9,0,1,0,0,1,0,1,0,0,1,0,0,0,0,0,0.0,0,0,0,,0.0,,,0.0,0,0,0,,0.0,,2026-01-24 23:59:59.999999999,2025-03-30 20:10:55,2026-01-24 16:24:40,300.159,True,52410.0,2026-01-01 09:10:28,61.0,23.618,0.0,True,52410.0,2026-01-01 09:10:28,61.0,23.618,0.0,True,0,0.0,False,0,0,0,0,0,0,0,0,0,0,0,0,0,0,0,0,0,0,0.0,0,0.0,-0.0,-0.0,23.618,0.0,0,0,0,-0.0,-1,SPARSE_OR_GAPPY,STATEFUL_REVIEW_DATA_QUALITY,WINDOW_DATA_QUALITY_REVIEW,ACTION_COLLECT_MORE_DATA_OR_MANUAL_REVIEW,low,1,data_quality_or_history_review,,days_eff=24 days_any=24 cyc_eff=0 hq_nr=0 total_nr=0 cens=0 lg_opp=0 opp=0 norm_anom=-0.00 conf_p=1 micro_only=False cluster=SPARSE_OR_GAPPY,No user-facing action; collecting more data.,Data-quality/history review outranks action (would_have_been=NONE). Collect more data or manual review.,NONE,False,False,False,False,False,False,True,False,0,2026-06-08T10:02:59Z,rolling30-v2.0,30,1,abs_ge_50mWh
X1C_METEOR,2024-06-20,2024-05-21 23:59:59.999999999,2024-06-20 23:59:59.999999999,1018,29.598,0.5,0.5,94.552,11,6,4,0,0,0,0,False,WINDOW_QUALITY_OK,56.0,66.0,10.0,10.136,0.7939,0.0726,0.2061,2.0,100.0,98.0,63.0,99.0,100.0,0.0051,0.006,0.9037,0.8496,0.7345,127,165,64,56360.0,50720.0,50720.0,56360.0,5640.0,11,2,4370.0,2024-05-23 03:44:52,57.0,98.83,88.94,0,2,0,0,2,0,2,0,0,2,0,2,0,0,2,0.0,0,0,0,,0.0,,,0.0,0,0,0,,0.0,,2024-06-20 23:59:59.999999999,2024-01-25 00:03:28,2024-06-20 14:22:30,147.998,True,50820.0,2024-05-23 03:44:52,57.0,28.844,9.0,True,50720.0,2024-06-12 15:00:51,66.0,8.374,0.0,True,9,20.0,True,0,1,1,0,1,1,0,0,1,1,0,1,1,0,0,0,1,0,0.451,0,-0.59962,0.2604,0.2604,28.844,9.0,1,1,0,0.2604,3,AC_BOUND,STATEFUL_WATCH_LARGE_GAP_OR_CENSORED,WINDOW_NORMAL_RESPONDING,ACTION_MONITOR_NEXT_WINDOW,low,7,large_gap_or_censored_dominant,fw_like;micro_wobble;large_gap_dominant,days_eff=29 days_any=8 cyc_eff=9 hq_nr=0 total_nr=1 cens=0 lg_opp=1 opp=4 norm_anom=0.26 conf_p=1 micro_only=True cluster=AC_BOUND,No user-facing action; monitoring.,Ambiguous/weak evidence (28d since effective change); monitor next window.,,True,False,True,True,False,False,False,False,0,2026-06-08T10:02:59Z,rolling30-v2.0,30,1,abs_ge_50mWh
X1C_SIT,2024-09-12,2024-08-13 23:59:59.999999999,2024-09-12 23:59:59.999999999,664,29.022,0.5,2.268,65.122,16,14,4,0,0,0,0,False,WINDOW_QUALITY_OK,3.0,10.0,7.0,7.236,0.7188,0.085,0.2812,8.0,100.0,92.0,63.0,99.0,100.0,0.0057,0.0128,0.8344,0.7698,0.6689,79,98,40,58740.0,59160.0,58670.0,59210.0,540.0,9,1,540.0,2024-09-08 06:16:04,9.0,103.0,103.73,0,1,0,0,1,0,1,0,0,1,0,1,0,0,1,0.0,0,0,0,,0.0,,,0.0,0,0,0,,0.0,,2024-09-12 23:59:59.999999999,2024-08-12 21:14:48,2024-09-12 09:21:12,31.115,False,59210.0,2024-09-08 06:16:04,9.0,4.739,1.0,False,59160.0,2024-09-11 13:08:25,10.0,1.452,0.0,False,2,40.0,True,0,0,0,0,0,0,0,0,0,0,0,0,0,0,0,0,0,0,0.0,0,0.0,-0.0,-0.0,4.739,1.0,0,0,0,-0.0,4,MOBILE_DEEP_CYCLE,STATEFUL_REVIEW_DATA_QUALITY,WINDOW_NORMAL_RESPONDING,ACTION_COLLECT_MORE_DATA_OR_MANUAL_REVIEW,low,1,data_quality_or_history_review,micro_wobble,days_eff=5 days_any=1 cyc_eff=1 hq_nr=0 total_nr=0 cens=0 lg_opp=0 opp=0 norm_anom=-0.00 conf_p=1 micro_only=True cluster=MOBILE_DEEP_CYCLE,No user-facing action; collecting more data.,Data-quality/history review outranks action (would_have_been=NONE). Collect more data or manual review.,NONE,False,False,True,False,False,True,False,False,0,2026-06-08T10:02:59Z,rolling30-v2.0,30,1,abs_ge_50mWh
X1FOLD16-TK_E28508,2023-10-13,2023-09-13 23:59:59.999999999,2023-10-13 23:59:59.999999999,157,29.556,0.5,5.687,399.539,8,4,3,0,0,0,0,False,WINDOW_QUALITY_OK,27.0,28.0,1.0,1.015,0.6864,0.0505,0.3136,49.0,100.0,51.0,84.0,97.0,100.0,0.0,0.0,0.9645,0.9451,0.7534,23,30,12,45950.0,45940.0,45940.0,45950.0,10.0,1,0,0.0,,,95.17,95.15,0,0,0,0,0,0,0,0,0,0,0,0,0,0,0,0.0,0,0,0,,0.0,,,0.0,0,0,0,,0.0,,2023-10-13 23:59:59.999999999,2023-04-26 18:27:48,2023-10-13 14:07:23,170.231,True,45990.0,2023-07-25 10:12:11,18.0,80.575,10.0,False,45940.0,2023-09-19 16:45:28,28.0,24.302,0.0,True,5,10.0,True,0,0,0,0,0,0,0,0,0,0,0,0,0,0,0,0,0,0,0.0,0,0.0,-0.0,-0.0,80.575,10.0,0,0,0,-0.0,5,AC_BOUND,STATEFUL_NORMAL_RESPONDING,WINDOW_MICRO_WOBBLE_ONLY,ACTION_NONE,high,9,responding_or_no_concern,micro_wobble,days_eff=81 days_any=24 cyc_eff=10 hq_nr=0 total_nr=0 cens=0 lg_opp=0 opp=0 norm_anom=-0.00 conf_p=1 micro_only=True cluster=AC_BOUND,No action needed.,Responding normally; no concern.,,False,False,True,False,False,False,False,False,0,2026-06-08T10:02:59Z,rolling30-v2.0,30,1,abs_ge_50mWh
X1FOLDSVT_laher,2024-10-24,2024-09-24 23:59:59.999999999,2024-10-24 23:59:59.999999999,3,0.086,1.032,1.51,1.563,0,0,0,0,0,0,0,False,WINDOW_QUALITY_SHORT_OBS,60.0,60.0,0.0,0.0,0.0,0.0,1.0,84.0,99.0,15.0,84.3,87.0,97.8,0.0,0.0,1.0,0.2423,0.2423,1,1,1,46050.0,46050.0,46050.0,46050.0,0.0,0,0,0.0,,,95.38,95.38,0,1,0,0,1,0,1,0,0,1,0,1,0,0,1,0.0,0,0,0,,0.0,,,0.0,0,0,0,,0.0,,2024-10-24 23:59:59.999999999,2023-04-19 13:50:07,2024-10-24 12:42:12,554.424,True,46050.0,2024-10-24 10:38:24,60.0,0.557,0.0,True,46050.0,2024-10-24 10:38:24,60.0,0.557,0.0,True,0,0.0,False,0,0,0,0,0,0,0,0,0,0,0,0,0,0,0,0,0,0,0.0,0,0.0,-0.0,-0.0,0.557,0.0,0,0,0,-0.0,-1,SPARSE_OR_GAPPY,STATEFUL_REVIEW_DATA_QUALITY,WINDOW_DATA_QUALITY_REVIEW,ACTION_COLLECT_MORE_DATA_OR_MANUAL_REVIEW,low,1,data_quality_or_history_review,,days_eff=1 days_any=1 cyc_eff=0 hq_nr=0 total_nr=0 cens=0 lg_opp=0 opp=0 norm_anom=-0.00 conf_p=1 micro_only=False cluster=SPARSE_OR_GAPPY,No user-facing action; collecting more data.,Data-quality/history review outranks action (would_have_been=NONE). Collect more data or manual review.,NONE,False,False,False,False,False,False,True,False,0,2026-06-08T10:02:59Z,rolling30-v2.0,30,1,abs_ge_50mWh
X1YADL_KMK,2024-06-10,2024-05-11 23:59:59.999999999,2024-06-10 23:59:59.999999999,691,28.704,0.5,3.777,32.383,29,9,2,0,0,0,0,False,WINDOW_QUALITY_OK,68.0,71.0,3.0,3.135,0.9083,0.0886,0.0917,66.0,100.0,34.0,92.0,99.0,100.0,0.0,0.0,0.9949,0.9753,0.8903,144,173,72,55560.0,55560.0,55560.0,55560.0,0.0,0,0,0.0,,,97.47,97.47,0,0,0,0,0,0,0,0,0,0,0,0,0,0,0,0.0,0,0,0,,0.0,,,0.0,0,0,0,,0.0,,2024-06-10 23:59:59.999999999,2023-03-02 23:21:46,2024-06-10 15:04:43,466.027,True,55530.0,2023-04-30 17:38:21,30.0,407.265,41.0,False,55560.0,2023-05-04 16:09:49,30.0,403.327,41.0,False,1,30.0,True,0,0,0,0,0,0,0,0,0,0,0,0,0,0,0,0,0,0,0.0,0,0.0,-0.0,-0.0,407.265,41.0,0,0,0,-0.0,5,AC_BOUND,STATEFUL_GAUGE_RESET_CORE,WINDOW_INSUFFICIENT_LEARNING_OPPORTUNITY,ACTION_GAUGE_RESET_CORE,high,3,no_learning_opportunity_both_definitions_long_staleness,gauge_like;micro_wobble,days_eff=407 days_any=403 cyc_eff=41 hq_nr=0 total_nr=0 cens=0 lg_opp=0 opp=0 norm_anom=-0.00 conf_p=1 micro_only=True cluster=AC_BOUND,A battery gauge recalibration (full charge/discharge cycle) is recommended.,"High-confidence gauge reset/calibration target: no learning opportunity for 407d under both any-change and effective definitions, usage cluster AC_BOUND.",,False,True,True,False,False,False,False,False,0,2026-06-08T10:02:59Z,rolling30-v2.0,30,1,abs_ge_50mWh
X1_2-IN-1,2025-10-03,2025-09-03 23:59:59.999999999,2025-10-03 23:59:59.999999999,100,28.927,0.5,23.823,141.937,19,18,4,0,0,0,0,False,WINDOW_QUALITY_OK,10.0,13.0,3.0,3.111,0.5054,0.1927,0.4946,44.0,100.0,56.0,62.9,97.5,100.0,0.0,0.0,0.8041,0.628,0.5591,27,36,14,58480.0,58440.0,58440.0,58480.0,40.0,3,0,0.0,,,102.6,102.53,0,0,0,0,0,0,0,0,0,0,0,0,0,0,0,0.0,0,0,0,,0.0,,,0.0,0,0,0,,0.0,,2025-10-03 23:59:59.999999999,2025-06-03 09:53:26,2025-10-03 07:09:29,122.588,True,58550.0,2025-06-13 07:59:58,4.0,112.667,9.0,False,58440.0,2025-09-30 08:40:23,13.0,3.639,0.0,True,9,20.0,True,0,0,1,0,0,0,0,0,0,1,0,0,0,0,0,0,1,0,0.0,0,0.0,-0.0,-0.0,112.667,9.0,0,0,0,-0.0,5,AC_BOUND,STATEFUL_WATCH_LARGE_GAP_OR_CENSORED,WINDOW_MICRO_WOBBLE_ONLY,ACTION_MONITOR_NEXT_WINDOW,low,7,large_gap_or_censored_dominant,micro_wobble;large_gap_dominant,days_eff=113 days_any=4 cyc_eff=9 hq_nr=0 total_nr=0 cens=0 lg_opp=1 opp=2 norm_anom=-0.00 conf_p=1 micro_only=True cluster=AC_BOUND,No user-facing action; monitoring.,Ambiguous/weak evidence (112d since effective change); monitor next window.,,False,False,True,True,False,False,False,False,0,2026-06-08T10:02:59Z,rolling30-v2.0,30,1,abs_ge_50mWh
X9-14_SVT,2025-04-18,2025-03-19 23:59:59.999999999,2025-04-18 23:59:59.999999999,135,29.175,0.5,25.218,72.164,32,20,9,0,0,0,0,False,WINDOW_QUALITY_SPARSE,4.0,7.0,3.0,3.085,0.7018,0.1391,0.2982,16.0,100.0,84.0,41.7,98.0,100.0,0.0,0.0214,0.8301,0.7399,0.7072,20,34,10,55100.0,55060.0,55060.0,55100.0,40.0,3,0,0.0,,,100.0,99.93,0,1,0,0,1,0,0,0,0,0,0,0,0,0,0,0.0,0,0,0,,0.0,,,0.0,0,0,0,,0.0,,2025-04-18 23:59:59.999999999,2025-01-17 06:30:54,2025-04-18 09:41:21,91.729,True,55130.0,2025-01-17 06:30:54,1.0,91.729,6.0,False,55060.0,2025-04-17 15:25:45,7.0,1.357,0.0,True,6,20.0,True,0,0,1,0,0,0,0,0,0,0,0,0,0,0,0,0,1,0,0.0,0,0.0,-0.0,-0.0,91.729,6.0,0,0,0,-0.0,-1,SPARSE_OR_GAPPY,STATEFUL_REVIEW_DATA_QUALITY,WINDOW_DATA_QUALITY_REVIEW,ACTION_COLLECT_MORE_DATA_OR_MANUAL_REVIEW,low,1,data_quality_or_history_review,micro_wobble;large_gap_dominant,days_eff=92 days_any=1 cyc_eff=6 hq_nr=0 total_nr=0 cens=0 lg_opp=1 opp=1 norm_anom=-0.00 conf_p=1 micro_only=True cluster=SPARSE_OR_GAPPY,No user-facing action; collecting more data.,Data-quality/history review outranks action (would_have_been=NONE). Collect more data or manual review.,NONE,False,False,True,True,False,False,True,False,0,2026-06-08T10:02:59Z,rolling30-v2.0,30,1,abs_ge_50mWh
X9-14_jeffreyf1,2025-02-21,2025-01-22 23:59:59.999999999,2025-02-21 23:59:59.999999999,592,29.186,0.5,7.226,19.454,37,5,0,0,0,0,0,False,WINDOW_QUALITY_OK,5.0,16.0,11.0,11.307,0.6548,0.1635,0.3452,25.0,100.0,75.0,62.0,99.0,100.0,0.0,0.0,0.8391,0.7465,0.6522,145,187,73,56550.0,56420.0,56420.0,56550.0,130.0,11,0,0.0,,,102.63,102.4,0,0,0,0,0,0,0,0,0,0,0,0,0,0,0,0.0,0,0,0,,0.0,,,0.0,0,0,0,,0.0,,2025-02-21 23:59:59.999999999,2025-01-08 12:50:25,2025-02-21 10:36:42,44.465,False,56560.0,2025-01-19 11:17:21,4.0,33.53,12.0,False,56420.0,2025-02-18 15:46:34,16.0,3.343,0.0,False,12,20.0,True,0,0,0,0,0,0,0,0,0,0,0,0,0,0,0,0,0,0,0.0,0,0.0,-0.0,-0.0,33.53,12.0,0,0,0,-0.0,5,AC_BOUND,STATEFUL_REVIEW_DATA_QUALITY,WINDOW_MICRO_WOBBLE_ONLY,ACTION_COLLECT_MORE_DATA_OR_MANUAL_REVIEW,low,1,data_quality_or_history_review,micro_wobble,days_eff=34 days_any=3 cyc_eff=12 hq_nr=0 total_nr=0 cens=0 lg_opp=0 opp=0 norm_anom=-0.00 conf_p=1 micro_only=True cluster=AC_BOUND,No user-facing action; collecting more data.,Data-quality/history review outranks action (would_have_been=NONE). Collect more data or manual review.,NONE,False,False,True,False,False,True,False,False,0,2026-06-08T10:02:59Z,rolling30-v2.0,30,1,abs_ge_50mWh
X9-SIT1_xuxru,2024-12-10,2024-11-10 23:59:59.999999999,2024-12-10 23:59:59.999999999,1070,29.153,0.5,2.12,11.706,24,0,0,0,0,0,0,False,WINDOW_QUALITY_OK,14.0,54.0,40.0,41.163,0.2661,0.2098,0.7339,2.0,100.0,98.0,10.0,57.5,100.0,0.045,0.1178,0.2866,0.1811,0.1272,226,244,113,54870.0,52570.0,52570.0,55530.0,2960.0,50,9,2410.0,2024-12-07 09:01:00,51.0,99.58,95.41,22,0,9,1,23,17,0,7,1,18,14,0,5,0,14,9.2337,13,9,22,6e-06,5.2245,4e-05,0.0,10.7098,13,9,22,0.0,6.8351,0.00422,2024-12-10 23:59:59.999999999,2024-11-09 21:12:44,2024-12-10 11:51:48,31.116,False,52600.0,2024-12-07 09:01:00,51.0,3.624,3.0,False,52570.0,2024-12-09 17:15:57,54.0,1.281,0.0,False,3,10.0,True,1,0,0,0,0,0,1,0,0,0,0,0,0,0,0,1,0,0,0.0,0,0.0,-0.0,-0.0,3.624,3.0,0,0,0,-0.0,4,MOBILE_DEEP_CYCLE,STATEFUL_REVIEW_DATA_QUALITY,WINDOW_NORMAL_RESPONDING,ACTION_COLLECT_MORE_DATA_OR_MANUAL_REVIEW,low,1,data_quality_or_history_review,fw_like;micro_wobble;censored_dominant,days_eff=4 days_any=1 cyc_eff=3 hq_nr=0 total_nr=0 cens=1 lg_opp=0 opp=1 norm_anom=-0.00 conf_p=4e-05 micro_only=True cluster=MOBILE_DEEP_CYCLE,No user-facing action; collecting more data.,Data-quality/history review outranks action (would_have_been=FW_WATCH_LIKE). Collect more data or manual review.,FW_WATCH_LIKE,True,False,True,False,True,True,False,False,0,2026-06-08T10:02:59Z,rolling30-v2.0,30,1,abs_ge_50mWh
X9-TK_E28508,2025-09-26,2025-08-27 23:59:59.999999999,2025-09-26 23:59:59.999999999,25,21.915,0.5,99.686,346.383,5,4,3,0,0,0,0,False,WINDOW_QUALITY_SPARSE,22.0,23.0,1.0,1.369,0.6949,0.15,0.3051,1.0,100.0,99.0,16.0,95.0,100.0,0.0123,0.0163,0.6721,0.5705,0.5451,2,5,1,54290.0,54280.0,54280.0,54290.0,10.0,1,0,0.0,,,98.53,98.51,0,1,0,0,1,0,1,0,0,1,0,1,0,0,1,0.0,0,0,0,,0.0,,,0.0,0,0,0,,0.0,,2025-09-26 23:59:59.999999999,2024-11-06 08:38:25,2025-09-26 11:17:12,324.64,True,54300.0,2025-05-13 19:07:30,21.0,136.203,2.0,False,54280.0,2025-09-04 14:39:31,23.0,22.389,0.0,True,2,10.0,True,0,0,1,0,0,0,0,0,0,1,0,0,0,0,0,0,1,0,0.0,0,0.0,-0.0,-0.0,136.203,2.0,0,0,0,-0.0,-1,SPARSE_OR_GAPPY,STATEFUL_REVIEW_DATA_QUALITY,WINDOW_DATA_QUALITY_REVIEW,ACTION_COLLECT_MORE_DATA_OR_MANUAL_REVIEW,low,1,data_quality_or_history_review,micro_wobble;large_gap_dominant,days_eff=136 days_any=22 cyc_eff=2 hq_nr=0 total_nr=0 cens=0 lg_opp=1 opp=2 norm_anom=-0.00 conf_p=1 micro_only=True cluster=SPARSE_OR_GAPPY,No user-facing action; collecting more data.,Data-quality/history review outranks action (would_have_been=NONE). Collect more data or manual review.,NONE,False,False,True,True,False,False,True,False,0,2026-06-08T10:02:59Z,rolling30-v2.0,30,1,abs_ge_50mWh
X9ALADDIN-NAITO_arima,2025-09-08,2025-08-09 23:59:59.999999999,2025-09-08 23:59:59.999999999,141,29.304,0.5,23.517,88.823,28,23,6,0,0,0,0,False,WINDOW_QUALITY_OK,21.0,26.0,5.0,5.119,0.2689,0.1717,0.7311,6.0,100.0,94.0,13.0,81.0,100.0,0.0154,0.0512,0.4537,0.3497,0.2769,26,33,14,81080.0,81080.0,81080.0,81080.0,0.0,0,0,0.0,,,101.35,101.35,0,2,0,0,2,0,2,0,0,2,0,2,0,0,2,0.0,0,0,0,,0.0,,,0.0,0,0,0,,0.0,,2025-09-08 23:59:59.999999999,2025-01-31 13:21:20,2025-09-08 16:58:47,220.444,True,81080.0,2025-01-31 13:21:20,2.0,220.444,24.0,False,81080.0,2025-01-31 13:21:20,2.0,220.444,24.0,False,0,0.0,False,0,0,7,0,0,0,0,0,0,5,0,0,0,0,0,0,7,0,0.0,0,0.0,-0.0,-0.0,220.444,24.0,0,0,0,-0.0,4,MOBILE_DEEP_CYCLE,STATEFUL_WATCH_LARGE_GAP_OR_CENSORED,WINDOW_LARGE_GAP_AMBIGUOUS,ACTION_MONITOR_NEXT_WINDOW,low,7,large_gap_or_censored_dominant,large_gap_dominant,days_eff=220 days_any=220 cyc_eff=24 hq_nr=0 total_nr=0 cens=0 lg_opp=7 opp=12 norm_anom=-0.00 conf_p=1 micro_only=False cluster=MOBILE_DEEP_CYCLE,No user-facing action; monitoring.,Ambiguous/weak evidence (220d since effective change); monitor next window.,,False,False,False,True,False,False,False,False,0,2026-06-08T10:02:59Z,rolling30-v2.0,30,1,abs_ge_50mWh
XBB20241007_Lenovo,2025-03-08,2025-02-06 23:59:59.999999999,2025-03-08 23:59:59.999999999,1291,24.892,0.014,1.19,43.384,28,11,2,0,0,0,0,False,WINDOW_QUALITY_OK,16.0,22.0,6.0,7.231,0.5416,0.0987,0.4584,5.0,100.0,95.0,60.5,98.0,100.0,0.0115,0.0195,0.7352,0.6455,0.5884,586,603,293,57760.0,56140.0,56140.0,57760.0,1620.0,9,3,1560.0,2025-02-18 00:08:54,18.0,101.28,98.44,1,2,1,0,3,1,1,1,0,2,1,1,1,0,2,0.3841,0,1,1,0.615917,0.2105,0.86181,0.88065,0.3361,0,1,1,0.663934,0.1779,0.60349,2025-03-08 23:59:59.999999999,2025-02-11 14:54:37,2025-03-08 12:19:05,25.379,False,56180.0,2025-02-18 00:08:54,18.0,18.994,4.0,False,56140.0,2025-03-05 14:28:09,22.0,3.397,0.0,False,4,10.0,True,0,1,1,0,1,1,0,0,1,0,0,1,1,0,0,0,1,0,0.451,0,-0.59962,0.2604,0.2604,18.994,4.0,1,1,0,0.2604,3,AC_BOUND,STATEFUL_REVIEW_DATA_QUALITY,WINDOW_NORMAL_RESPONDING,ACTION_COLLECT_MORE_DATA_OR_MANUAL_REVIEW,low,1,data_quality_or_history_review,fw_like;micro_wobble;large_gap_dominant,days_eff=19 days_any=3 cyc_eff=4 hq_nr=0 total_nr=1 cens=0 lg_opp=1 opp=3 norm_anom=0.26 conf_p=0.862 micro_only=True cluster=AC_BOUND,No user-facing action; collecting more data.,Data-quality/history review outranks action (would_have_been=FW_WATCH_LIKE). Collect more data or manual review.,FW_WATCH_LIKE,True,False,True,True,False,True,False,False,0,2026-06-08T10:02:59Z,rolling30-v2.0,30,1,abs_ge_50mWh
XIUQIN_liuxq13,2026-04-27,2026-03-28 23:59:59.999999999,2026-04-27 23:59:59.999999999,477,27.995,0.5,3.917,86.53,22,19,4,0,0,0,0,False,WINDOW_QUALITY_OK,126.0,144.0,18.0,19.289,0.6134,0.3786,0.3866,2.0,100.0,98.0,24.0,78.0,100.0,0.0034,0.0121,0.5279,0.4308,0.3628,134,187,67,48860.0,48560.0,48560.0,49310.0,750.0,19,2,520.0,2026-04-10 21:39:43,135.0,89.24,88.69,0,6,0,0,6,0,3,0,0,3,0,1,0,0,1,0.0,0,0,0,,0.0,,,0.0,0,0,0,,0.0,,2026-04-27 23:59:59.999999999,2025-05-20 10:20:39,2026-04-27 08:22:25,342.569,True,48700.0,2026-04-10 21:39:43,135.0,17.097,9.0,True,48560.0,2026-04-24 08:50:51,144.0,3.631,0.0,True,9,20.0,True,0,1,1,0,0,0,1,0,0,0,0,0,0,0,0,1,1,0,0.0,0,0.0,-0.0,-0.0,17.097,9.0,0,0,0,-0.0,4,MOBILE_DEEP_CYCLE,STATEFUL_WATCH_LARGE_GAP_OR_CENSORED,WINDOW_NORMAL_RESPONDING,ACTION_MONITOR_NEXT_WINDOW,low,7,large_gap_or_censored_dominant,micro_wobble;large_gap_dominant;censored_dominant,days_eff=17 days_any=4 cyc_eff=9 hq_nr=0 total_nr=0 cens=1 lg_opp=1 opp=2 norm_anom=-0.00 conf_p=1 micro_only=True cluster=MOBILE_DEEP_CYCLE,No user-facing action; monitoring.,Ambiguous/weak evidence (17d since effective change); monitor next window.,,False,False,True,True,True,False,False,False,0,2026-06-08T10:02:59Z,rolling30-v2.0,30,1,abs_ge_50mWh
XLIN3-PF4RXZPZ_xlin3,2026-01-12,2025-12-13 23:59:59.999999999,2026-01-12 23:59:59.999999999,242,28.418,0.725,12.578,96.003,27,16,3,0,0,0,0,False,WINDOW_QUALITY_OK,283.0,285.0,2.0,2.111,0.9634,0.0217,0.0366,28.0,100.0,72.0,95.0,97.0,100.0,0.0,0.0,0.9759,0.9738,0.7927,3,10,2,40330.0,40290.0,40290.0,40330.0,40.0,2,0,0.0,,,76.82,76.74,0,0,0,0,0,0,0,0,0,0,0,0,0,0,0,0.0,0,0,0,,0.0,,,0.0,0,0,0,,0.0,,2026-01-12 23:59:59.999999999,2024-02-08 08:40:27,2026-01-12 18:29:40,704.639,True,40510.0,2025-10-15 10:18:15,271.0,89.571,14.0,False,40290.0,2025-12-18 22:57:30,285.0,25.043,0.0,True,14,20.0,True,5,0,1,5,0,5,0,3,0,0,3,0,3,0,5,0,1,0,2.0902,0,-2.71266,1.1781,1.1781,89.571,14.0,5,3,0,1.1781,5,AC_BOUND,STATEFUL_FW_WATCH_HIGH_ANOMALY,WINDOW_MICRO_WOBBLE_ONLY,ACTION_FW_ENGINEERING_REVIEW,medium,4,fw_like_no_response_core_requirement_short,fw_like;micro_wobble,days_eff=90 days_any=25 cyc_eff=14 hq_nr=5 total_nr=5 cens=0 lg_opp=1 opp=9 norm_anom=1.18 conf_p=1 micro_only=True cluster=AC_BOUND,No user-facing action; monitoring.,"FW-like no-response signal but a core requirement is short (staleness/cycles/quality). Monitor and add to FW engineering queue. normative anomaly 1.18, 5 no_response since last effective change (89d ago).",,True,False,True,False,False,False,False,False,0,2026-06-08T10:02:59Z,rolling30-v2.0,30,1,abs_ge_50mWh
Y25872-PC2DR71X_y25872,2026-05-28,2026-04-28 23:59:59.999999999,2026-05-28 23:59:59.999999999,373,29.381,0.5,8.035,58.311,34,12,6,0,0,0,0,False,WINDOW_QUALITY_OK,150.0,154.0,4.0,4.084,0.6014,0.1014,0.3942,68.0,100.0,32.0,87.0,100.0,100.0,0.0,0.0,0.9722,0.9121,0.7406,65,82,33,45370.0,45370.0,45370.0,45370.0,0.0,0,0,0.0,,,79.6,79.6,0,0,0,0,0,0,0,0,0,0,0,0,0,0,0,0.0,0,0,0,,0.0,,,0.0,0,0,0,,0.0,,2026-05-28 23:59:59.999999999,2023-02-06 09:31:46,2026-05-28 09:18:27,1207.603,True,45370.0,2026-03-03 07:18:03,140.0,86.696,14.0,False,45370.0,2026-03-03 07:18:03,140.0,86.696,14.0,False,0,0.0,False,0,0,1,0,0,0,0,0,0,1,0,0,0,0,0,0,1,0,0.0,0,0.0,-0.0,-0.0,86.696,14.0,0,0,0,-0.0,5,AC_BOUND,STATEFUL_WATCH_LARGE_GAP_OR_CENSORED,WINDOW_INSUFFICIENT_LEARNING_OPPORTUNITY,ACTION_MONITOR_NEXT_WINDOW,low,7,large_gap_or_censored_dominant,large_gap_dominant,days_eff=87 days_any=87 cyc_eff=14 hq_nr=0 total_nr=0 cens=0 lg_opp=1 opp=2 norm_anom=-0.00 conf_p=1 micro_only=False cluster=AC_BOUND,No user-facing action; monitoring.,Ambiguous/weak evidence (86d since effective change); monitor next window.,,False,False,False,True,False,False,False,False,0,2026-06-08T10:02:59Z,rolling30-v2.0,30,1,abs_ge_50mWh
YANAGISAWA51_yanagisawa,2023-10-16,2023-09-16 23:59:59.999999999,2023-10-16 23:59:59.999999999,40,27.013,0.627,90.314,178.782,11,6,5,0,0,0,0,False,WINDOW_QUALITY_SPARSE,38.0,39.0,1.0,1.111,0.4658,0.3394,0.5342,87.0,100.0,13.0,87.95,96.0,100.0,0.0,0.0,1.0,0.6844,0.5291,12,13,6,47320.0,47320.0,47320.0,47320.0,0.0,0,0,0.0,,,98.01,98.01,0,0,0,0,0,0,0,0,0,0,0,0,0,0,0,0.0,0,0,0,,0.0,,,0.0,0,0,0,,0.0,,2023-10-16 23:59:59.999999999,2023-03-03 08:20:01,2023-10-16 09:33:27,227.653,True,47350.0,2023-03-03 08:20:01,33.0,227.653,6.0,False,47320.0,2023-07-24 08:26:27,38.0,84.648,1.0,False,3,10.0,True,0,0,0,0,0,0,0,0,0,0,0,0,0,0,0,0,0,0,0.0,0,0.0,-0.0,-0.0,227.653,6.0,0,0,0,-0.0,-1,SPARSE_OR_GAPPY,STATEFUL_REVIEW_DATA_QUALITY,WINDOW_DATA_QUALITY_REVIEW,ACTION_COLLECT_MORE_DATA_OR_MANUAL_REVIEW,low,1,data_quality_or_history_review,micro_wobble,days_eff=228 days_any=85 cyc_eff=6 hq_nr=0 total_nr=0 cens=0 lg_opp=0 opp=0 norm_anom=-0.00 conf_p=1 micro_only=True cluster=SPARSE_OR_GAPPY,No user-facing action; collecting more data.,Data-quality/history review outranks action (would_have_been=NONE). Collect more data or manual review.,NONE,False,False,True,False,False,False,True,False,0,2026-06-08T10:02:59Z,rolling30-v2.0,30,1,abs_ge_50mWh
YANGYQ-PF50KB95_yangyq,2026-02-03,2026-01-04 23:59:59.999999999,2026-02-03 23:59:59.999999999,170,24.76,0.5,15.218,131.708,13,10,5,0,0,0,0,False,WINDOW_QUALITY_OK,31.0,33.0,2.0,2.423,0.6265,0.5892,0.3735,5.0,100.0,95.0,37.9,64.0,100.0,0.0058,0.0109,0.3257,0.2287,0.1671,18,21,10,54810.0,54220.0,54220.0,54810.0,590.0,3,1,570.0,2026-01-21 00:27:08,33.0,96.16,95.12,0,1,0,0,1,0,1,0,0,1,0,1,0,0,1,0.0,0,0,0,,0.0,,,0.0,0,0,0,,0.0,,2026-02-03 23:59:59.999999999,2024-07-09 14:04:15,2026-02-03 13:32:13,574.414,True,54220.0,2026-01-21 00:27:08,33.0,13.981,0.0,True,54220.0,2026-01-21 00:27:08,33.0,13.981,0.0,True,0,0.0,False,0,0,0,0,0,0,0,0,0,0,0,0,0,0,0,0,0,0,0.0,0,0.0,-0.0,-0.0,13.981,0.0,0,0,0,-0.0,0,MOBILE_DEEP_CYCLE,STATEFUL_NORMAL_RESPONDING,WINDOW_NORMAL_RESPONDING,ACTION_NONE,high,9,responding_or_no_concern,,days_eff=14 days_any=14 cyc_eff=0 hq_nr=0 total_nr=0 cens=0 lg_opp=0 opp=0 norm_anom=-0.00 conf_p=1 micro_only=False cluster=MOBILE_DEEP_CYCLE,No action needed.,Responding normally; no concern.,,False,False,False,False,False,False,False,False,0,2026-06-08T10:02:59Z,rolling30-v2.0,30,1,abs_ge_50mWh
YCRANFORD-7CHLT_ycranford,2026-05-19,2026-04-19 23:59:59.999999999,2026-05-19 23:59:59.999999999,380,27.189,0.5,11.527,35.759,30,15,2,0,0,0,0,False,WINDOW_QUALITY_OK,2.0,5.0,3.0,3.31,0.7722,0.0694,0.2278,53.0,100.0,47.0,78.0,99.0,100.0,0.0,0.0,0.9334,0.8829,0.7851,61,80,31,58030.0,58000.0,58000.0,58030.0,30.0,3,0,0.0,,,100.05,100.0,0,0,0,0,0,0,0,0,0,0,0,0,0,0,0,0.0,0,0,0,,0.0,,,0.0,0,0,0,,0.0,,2026-05-19 23:59:59.999999999,2026-04-22 13:19:00,2026-05-19 17:50:42,27.445,False,58030.0,2026-04-22 13:19:00,2.0,27.445,3.0,False,58000.0,2026-05-15 08:10:29,5.0,4.659,0.0,False,3,10.0,True,0,0,0,0,0,0,0,0,0,0,0,0,0,0,0,0,0,0,0.0,0,0.0,-0.0,-0.0,27.445,3.0,0,0,0,-0.0,5,AC_BOUND,STATEFUL_REVIEW_DATA_QUALITY,WINDOW_MICRO_WOBBLE_ONLY,ACTION_COLLECT_MORE_DATA_OR_MANUAL_REVIEW,low,1,data_quality_or_history_review,micro_wobble,days_eff=27 days_any=5 cyc_eff=3 hq_nr=0 total_nr=0 cens=0 lg_opp=0 opp=0 norm_anom=-0.00 conf_p=1 micro_only=True cluster=AC_BOUND,No user-facing action; collecting more data.,Data-quality/history review outranks action (would_have_been=NONE). Collect more data or manual review.,NONE,False,False,True,False,False,True,False,False,0,2026-06-08T10:02:59Z,rolling30-v2.0,30,1,abs_ge_50mWh
YICHIKAWA3-M43N_yichikawa3,2026-05-28,2026-04-28 23:59:59.999999999,2026-05-28 23:59:59.999999999,335,29.13,0.5,10.618,162.261,21,13,4,0,0,0,0,False,WINDOW_QUALITY_OK,253.0,265.0,12.0,12.358,0.1849,0.1272,0.8151,39.0,100.0,61.0,49.0,79.0,100.0,0.0,0.0,0.5557,0.3968,0.1822,73,104,37,50610.0,50430.0,50430.0,50610.0,180.0,12,0,0.0,,,88.79,88.47,0,0,0,0,0,0,0,0,0,0,0,0,0,0,0,0.0,0,0,0,,0.0,,,0.0,0,0,0,,0.0,,2026-05-28 23:59:59.999999999,2025-09-26 10:43:34,2026-05-28 13:23:34,244.553,True,51460.0,2026-01-12 09:14:12,198.0,136.615,67.0,False,50430.0,2026-05-27 17:12:59,265.0,1.283,0.0,True,67,20.0,True,0,0,0,0,0,0,0,0,0,0,0,0,0,0,0,0,0,0,0.0,0,0.0,-0.0,-0.0,136.615,67.0,0,0,0,-0.0,4,MOBILE_DEEP_CYCLE,STATEFUL_NORMAL_RESPONDING,WINDOW_MICRO_WOBBLE_ONLY,ACTION_NONE,high,9,responding_or_no_concern,micro_wobble,days_eff=137 days_any=1 cyc_eff=67 hq_nr=0 total_nr=0 cens=0 lg_opp=0 opp=0 norm_anom=-0.00 conf_p=1 micro_only=True cluster=MOBILE_DEEP_CYCLE,No action needed.,Responding normally; no concern.,,False,False,True,False,False,False,False,False,0,2026-06-08T10:02:59Z,rolling30-v2.0,30,1,abs_ge_50mWh
YINGNIE-W01KL34_yingnie,2024-03-06,2024-02-05 23:59:59.999999999,2024-03-06 23:59:59.999999999,428,12.276,0.5,1.105,73.358,1,1,1,0,0,0,0,False,WINDOW_QUALITY_OK,81.0,87.0,6.0,14.663,0.8663,0.3376,0.1337,2.0,100.0,98.0,51.35,100.0,100.0,0.0103,0.0148,0.617,0.5851,0.5588,29,43,15,44610.0,40150.0,40150.0,44610.0,4460.0,1,1,4460.0,2024-02-27 06:34:29,84.0,89.99,81.0,0,1,0,1,2,0,1,0,1,2,0,1,0,1,2,0.0,0,0,0,,0.0,,,0.0,0,0,0,,0.0,,2024-03-06 23:59:59.999999999,2023-02-22 22:46:01,2024-03-06 15:38:46,378.051,True,40150.0,2024-02-27 06:34:29,84.0,8.726,3.0,True,40150.0,2024-02-27 06:34:29,84.0,8.726,3.0,True,0,0.0,False,1,0,1,0,0,0,1,1,0,1,0,0,0,1,0,1,1,0,0.0,0,0.0,-0.0,-0.0,8.726,3.0,0,0,0,-0.0,0,MOBILE_DEEP_CYCLE,STATEFUL_WATCH_LARGE_GAP_OR_CENSORED,WINDOW_NORMAL_RESPONDING,ACTION_MONITOR_NEXT_WINDOW,low,7,large_gap_or_censored_dominant,large_gap_dominant;censored_dominant,days_eff=9 days_any=9 cyc_eff=3 hq_nr=0 total_nr=0 cens=1 lg_opp=1 opp=4 norm_anom=-0.00 conf_p=1 micro_only=False cluster=MOBILE_DEEP_CYCLE,No user-facing action; monitoring.,Ambiguous/weak evidence (8d since effective change); monitor next window.,,False,False,False,True,True,False,False,False,0,2026-06-08T10:02:59Z,rolling30-v2.0,30,1,abs_ge_50mWh
YNAN-PF4FDG4X_qizha,2024-01-20,2023-12-21 23:59:59.999999999,2024-01-20 23:59:59.999999999,805,29.648,0.5,2.738,16.654,29,3,0,0,0,0,0,False,WINDOW_QUALITY_OK,24.0,32.0,8.0,8.095,0.7738,0.0552,0.2262,31.0,100.0,69.0,67.0,100.0,100.0,0.0,0.0,0.8672,0.833,0.8104,48,67,24,84300.0,84300.0,84300.0,84300.0,0.0,0,0,0.0,,,98.02,98.02,0,0,0,0,0,0,0,0,0,0,0,0,0,0,0,0.0,0,0,0,,0.0,,,0.0,0,0,0,,0.0,,2024-01-20 23:59:59.999999999,2023-08-09 09:55:12,2024-01-20 15:57:18,164.587,True,84300.0,2023-12-20 21:48:44,24.0,31.091,8.0,True,84300.0,2023-12-20 21:48:44,24.0,31.091,8.0,True,0,0.0,False,0,0,0,0,0,0,0,0,0,0,0,0,0,0,0,0,0,0,0.0,0,0.0,-0.0,-0.0,31.091,8.0,0,0,0,-0.0,5,AC_BOUND,STATEFUL_NORMAL_RESPONDING,WINDOW_INSUFFICIENT_LEARNING_OPPORTUNITY,ACTION_NONE,high,9,responding_or_no_concern,,days_eff=31 days_any=31 cyc_eff=8 hq_nr=0 total_nr=0 cens=0 lg_opp=0 opp=0 norm_anom=-0.00 conf_p=1 micro_only=False cluster=AC_BOUND,No action needed.,Responding normally; no concern.,,False,False,False,False,False,False,False,False,0,2026-06-08T10:02:59Z,rolling30-v2.0,30,1,abs_ge_50mWh
YNAN-PF4FDG4X_ynan,2024-01-17,2023-12-18 23:59:59.999999999,2024-01-17 23:59:59.999999999,864,29.994,0.5,2.111,12.187,28,3,0,0,0,0,0,False,WINDOW_QUALITY_OK,24.0,30.0,6.0,6.001,0.7972,0.0479,0.2028,31.0,100.0,69.0,67.15,100.0,100.0,0.0,0.0,0.8829,0.8517,0.8303,46,64,23,84420.0,84300.0,84300.0,84420.0,120.0,1,1,120.0,2023-12-20 21:48:44,24.0,98.16,98.02,0,0,0,0,0,0,0,0,0,0,0,0,0,0,0,0.0,0,0,0,,0.0,,,0.0,0,0,0,,0.0,,2024-01-17 23:59:59.999999999,2023-08-09 09:55:12,2024-01-17 23:59:27,161.587,True,84300.0,2023-12-20 21:48:44,24.0,28.091,6.0,True,84300.0,2023-12-20 21:48:44,24.0,28.091,6.0,True,0,0.0,False,0,0,0,0,0,0,0,0,0,0,0,0,0,0,0,0,0,0,0.0,0,0.0,-0.0,-0.0,28.091,6.0,0,0,0,-0.0,5,AC_BOUND,STATEFUL_NORMAL_RESPONDING,WINDOW_NORMAL_RESPONDING,ACTION_NONE,high,9,responding_or_no_concern,,days_eff=28 days_any=28 cyc_eff=6 hq_nr=0 total_nr=0 cens=0 lg_opp=0 opp=0 norm_anom=-0.00 conf_p=1 micro_only=False cluster=AC_BOUND,No action needed.,Responding normally; no concern.,,False,False,False,False,False,False,False,False,0,2026-06-08T10:02:59Z,rolling30-v2.0,30,1,abs_ge_50mWh
YONDA-PF1BLXHW_yonda,2026-01-09,2025-12-10 23:59:59.999999999,2026-01-09 23:59:59.999999999,724,29.918,0.956,1.036,126.149,4,3,2,0,0,0,0,False,WINDOW_QUALITY_OK,442.0,448.0,6.0,6.016,0.6286,0.0488,0.3714,20.0,100.0,80.0,51.15,98.0,100.0,0.0,0.0,0.8274,0.7236,0.6478,72,90,36,37080.0,38510.0,37080.0,39890.0,2810.0,27,17,2360.0,2026-01-08 21:44:58,448.0,72.71,75.51,0,1,0,0,1,0,0,0,0,0,0,0,0,0,0,0.0,0,0,0,,0.0,,,0.0,0,0,0,,0.0,,2026-01-09 23:59:59.999999999,2023-02-06 20:11:43,2026-01-09 22:20:10,1068.159,True,38510.0,2026-01-08 21:44:58,448.0,1.094,0.0,True,38510.0,2026-01-08 21:44:58,448.0,1.094,0.0,True,0,0.0,False,0,0,0,0,0,0,0,0,0,0,0,0,0,0,0,0,0,0,0.0,0,0.0,-0.0,-0.0,1.094,0.0,0,0,0,-0.0,5,AC_BOUND,STATEFUL_NORMAL_RESPONDING,WINDOW_NORMAL_RESPONDING,ACTION_NONE,high,9,responding_or_no_concern,,days_eff=1 days_any=1 cyc_eff=0 hq_nr=0 total_nr=0 cens=0 lg_opp=0 opp=0 norm_anom=-0.00 conf_p=1 micro_only=False cluster=AC_BOUND,No action needed.,Responding normally; no concern.,,False,False,False,False,False,False,False,False,0,2026-06-08T10:02:59Z,rolling30-v2.0,30,1,abs_ge_50mWh
YSONE-PF3993EL_ysone,2025-08-22,2025-07-23 23:59:59.999999999,2025-08-22 23:59:59.999999999,4,0.001,0.006,0.02,0.022,0,0,0,0,0,0,0,False,WINDOW_QUALITY_SHORT_OBS,254.0,254.0,0.0,0.0,1.0,1.0,0.0,0.0,0.0,0.0,0.0,0.0,0.0,1.0,1.0,0.0,0.0,0.0,0,0,0,45300.0,45300.0,45300.0,45300.0,0.0,0,0,0.0,,,88.82,88.82,0,0,0,0,0,0,0,0,0,0,0,0,0,0,0,0.0,0,0,0,,0.0,,,0.0,0,0,0,,0.0,,2025-08-22 23:59:59.999999999,2023-02-06 15:01:00,2025-08-22 09:50:53,928.374,True,45300.0,2025-08-22 09:49:05,254.0,0.591,0.0,True,45300.0,2025-08-22 09:49:05,254.0,0.591,0.0,True,0,0.0,False,0,0,0,0,0,0,0,0,0,0,0,0,0,0,0,0,0,0,0.0,0,0.0,-0.0,-0.0,0.591,0.0,0,0,0,-0.0,-1,SPARSE_OR_GAPPY,STATEFUL_REVIEW_DATA_QUALITY,WINDOW_DATA_QUALITY_REVIEW,ACTION_COLLECT_MORE_DATA_OR_MANUAL_REVIEW,low,1,data_quality_or_history_review,,days_eff=1 days_any=1 cyc_eff=0 hq_nr=0 total_nr=0 cens=0 lg_opp=0 opp=0 norm_anom=-0.00 conf_p=1 micro_only=False cluster=SPARSE_OR_GAPPY,No user-facing action; collecting more data.,Data-quality/history review outranks action (would_have_been=NONE). Collect more data or manual review.,NONE,False,False,False,False,False,False,True,False,0,2026-06-08T10:02:59Z,rolling30-v2.0,30,1,abs_ge_50mWh
YSUZUKI11-9S4B8_ysuzuki11,2024-06-26,2024-05-27 23:59:59.999999999,2024-06-26 23:59:59.999999999,833,29.016,0.5,0.5,62.47,19,7,2,0,0,0,0,False,WINDOW_QUALITY_OK,206.0,220.0,14.0,14.475,0.9727,0.4626,0.0273,35.0,100.0,65.0,83.6,99.0,100.0,0.0,0.0,0.9771,0.9498,0.8546,62,176,31,39370.0,39370.0,39370.0,39370.0,0.0,0,0,0.0,,,100.18,100.18,0,0,0,0,0,0,0,0,0,0,0,0,0,0,0,0.0,0,0,0,,0.0,,,0.0,0,0,0,,0.0,,2024-06-26 23:59:59.999999999,2023-02-03 17:49:21,2024-06-26 07:42:42,509.257,True,39370.0,2023-02-13 13:05:46,5.0,499.454,215.0,False,39370.0,2023-02-13 13:05:46,5.0,499.454,215.0,False,0,0.0,False,0,1,5,0,1,1,0,0,0,2,0,0,0,0,0,0,5,0,0.3144,0,-0.3775,0.1639,0.1639,499.454,215.0,1,0,0,0.1639,3,AC_BOUND,STATEFUL_FW_WATCH_HIGH_ANOMALY,WINDOW_INSUFFICIENT_LEARNING_OPPORTUNITY,ACTION_FW_ENGINEERING_REVIEW,medium,4,fw_like_no_response_core_requirement_short,fw_like;gauge_like;large_gap_dominant,days_eff=499 days_any=499 cyc_eff=215 hq_nr=0 total_nr=1 cens=0 lg_opp=5 opp=8 norm_anom=0.16 conf_p=1 micro_only=False cluster=AC_BOUND,No user-facing action; monitoring.,"FW-like no-response signal but a core requirement is short (staleness/cycles/quality). Monitor and add to FW engineering queue. normative anomaly 0.16, 1 no_response since last effective change (499d ago).",,True,True,False,True,False,False,False,False,0,2026-06-08T10:02:59Z,rolling30-v2.0,30,1,abs_ge_50mWh
YTAGAMI-F3TQANR_ytagami,2025-07-16,2025-06-16 23:59:59.999999999,2025-07-16 23:59:59.999999999,8,4.946,0.006,83.065,118.658,1,1,1,0,0,0,0,False,WINDOW_QUALITY_SHORT_OBS,278.0,278.0,0.0,0.0,0.0132,0.0132,0.9868,0.0,3.0,3.0,0.0,1.5,2.65,1.0,1.0,0.0,0.0,0.0,2,2,1,45190.0,45190.0,45190.0,45190.0,0.0,0,0,0.0,,,79.28,79.28,0,0,0,0,0,0,0,0,0,0,0,0,0,0,0,0.0,0,0,0,,0.0,,,0.0,0,0,0,,0.0,,2025-07-16 23:59:59.999999999,2023-02-07 13:13:30,2025-07-16 12:48:30,890.449,True,45190.0,2024-01-12 10:58:11,171.0,551.543,107.0,False,45190.0,2024-01-12 10:58:11,171.0,551.543,107.0,False,0,0.0,False,0,5,17,0,5,5,0,0,0,12,0,0,0,0,0,0,17,0,2.0308,0,-2.61745,1.1367,1.1367,551.543,107.0,5,0,0,1.1367,-1,SPARSE_OR_GAPPY,STATEFUL_REVIEW_DATA_QUALITY,WINDOW_DATA_QUALITY_REVIEW,ACTION_COLLECT_MORE_DATA_OR_MANUAL_REVIEW,low,1,data_quality_or_history_review,fw_like;large_gap_dominant,days_eff=552 days_any=552 cyc_eff=107 hq_nr=0 total_nr=5 cens=0 lg_opp=17 opp=34 norm_anom=1.14 conf_p=1 micro_only=False cluster=SPARSE_OR_GAPPY,No user-facing action; collecting more data.,Data-quality/history review outranks action (would_have_been=FW_WATCH_LIKE). Collect more data or manual review.,FW_WATCH_LIKE,True,False,False,True,False,False,True,False,0,2026-06-08T10:02:59Z,rolling30-v2.0,30,1,abs_ge_50mWh
YTAKEDA1-15_ytakeda1,2026-05-21,2026-04-21 23:59:59.999999999,2026-05-21 23:59:59.999999999,57,20.501,0.5,35.538,164.777,15,11,6,0,0,0,0,False,WINDOW_QUALITY_SPARSE,43.0,43.0,0.0,0.0,1.0,0.0,0.0,76.0,80.0,4.0,76.0,77.0,79.2,0.0,0.0,0.0,0.0,0.0,0,0,0,85940.0,85940.0,85940.0,85940.0,0.0,0,0,0.0,,,95.49,95.49,0,0,0,0,0,0,0,0,0,0,0,0,0,0,0,0.0,0,0,0,,0.0,,,0.0,0,0,0,,0.0,,2026-05-21 23:59:59.999999999,2024-06-06 13:12:38,2026-05-21 01:41:11,714.45,True,86080.0,2025-07-27 02:38:45,34.0,298.89,9.0,False,85940.0,2026-04-30 13:39:44,43.0,21.431,0.0,True,9,20.0,True,0,0,4,0,0,0,0,0,0,0,0,0,0,0,0,0,4,0,0.0,0,0.0,-0.0,-0.0,298.89,9.0,0,0,0,-0.0,-1,SPARSE_OR_GAPPY,STATEFUL_REVIEW_DATA_QUALITY,WINDOW_DATA_QUALITY_REVIEW,ACTION_COLLECT_MORE_DATA_OR_MANUAL_REVIEW,low,1,data_quality_or_history_review,micro_wobble;large_gap_dominant,days_eff=299 days_any=21 cyc_eff=9 hq_nr=0 total_nr=0 cens=0 lg_opp=4 opp=4 norm_anom=-0.00 conf_p=1 micro_only=True cluster=SPARSE_OR_GAPPY,No user-facing action; collecting more data.,Data-quality/history review outranks action (would_have_been=NONE). Collect more data or manual review.,NONE,False,False,True,True,False,False,True,False,0,2026-06-08T10:02:59Z,rolling30-v2.0,30,1,abs_ge_50mWh
YWADA-PF49SXTB_ywada,2024-05-30,2024-04-30 23:59:59.999999999,2024-05-30 23:59:59.999999999,535,28.494,0.5,1.587,111.112,23,15,3,0,0,0,0,False,WINDOW_QUALITY_OK,122.0,136.0,14.0,14.74,0.7108,0.2067,0.2892,14.0,100.0,86.0,56.7,100.0,100.0,0.0,0.0074,0.8625,0.795,0.7277,116,158,58,49500.0,49500.0,49500.0,49500.0,0.0,0,0,0.0,,,86.77,86.77,0,4,0,0,4,0,2,0,0,2,0,0,0,0,0,0.0,0,0,0,,0.0,,,0.0,0,0,0,,0.0,,2024-05-30 23:59:59.999999999,2023-04-20 16:04:29,2024-05-30 12:44:05,406.33,True,49520.0,2023-12-23 13:05:35,82.0,159.454,54.0,False,49500.0,2024-02-28 08:45:33,102.0,92.635,34.0,False,1,20.0,True,0,4,9,0,3,3,1,0,0,5,0,0,0,0,0,1,9,0,1.1836,0,-1.51795,0.6592,0.6592,159.454,54.0,3,0,0,0.6592,4,MOBILE_DEEP_CYCLE,STATEFUL_FW_WATCH_HIGH_ANOMALY,WINDOW_LARGE_GAP_AMBIGUOUS,ACTION_FW_ENGINEERING_REVIEW,medium,4,fw_like_no_response_core_requirement_short,fw_like;micro_wobble;large_gap_dominant,days_eff=159 days_any=93 cyc_eff=54 hq_nr=0 total_nr=3 cens=1 lg_opp=9 opp=18 norm_anom=0.66 conf_p=1 micro_only=True cluster=MOBILE_DEEP_CYCLE,No user-facing action; monitoring.,"FW-like no-response signal but a core requirement is short (staleness/cycles/quality). Monitor and add to FW engineering queue. normative anomaly 0.66, 3 no_response since last effective change (159d ago).",,True,False,True,True,False,False,False,False,0,2026-06-08T10:02:59Z,rolling30-v2.0,30,1,abs_ge_50mWh
ZAWACKIJE_j,2026-05-20,2026-04-20 23:59:59.999999999,2026-05-20 23:59:59.999999999,322,29.562,0.5,21.7,29.136,29,29,7,0,0,0,0,False,WINDOW_QUALITY_OK,5.0,11.0,6.0,6.089,0.3198,0.1404,0.6802,23.0,100.0,77.0,54.05,99.0,100.0,0.0,0.0,0.6882,0.5988,0.5702,60,78,30,58580.0,58830.0,58510.0,58830.0,320.0,7,1,320.0,2026-05-18 13:30:27,11.0,101.0,101.43,0,0,0,0,0,0,0,0,0,0,0,0,0,0,0,0.0,0,0,0,,0.0,,,0.0,0,0,0,,0.0,,2026-05-20 23:59:59.999999999,2026-04-06 14:47:21,2026-05-20 23:01:04,44.384,False,58830.0,2026-05-18 13:30:27,11.0,2.437,0.0,False,58830.0,2026-05-18 13:30:27,11.0,2.437,0.0,False,0,0.0,False,0,0,0,0,0,0,0,0,0,0,0,0,0,0,0,0,0,0,0.0,0,0.0,-0.0,-0.0,2.437,0.0,0,0,0,-0.0,5,AC_BOUND,STATEFUL_REVIEW_DATA_QUALITY,WINDOW_NORMAL_RESPONDING,ACTION_COLLECT_MORE_DATA_OR_MANUAL_REVIEW,low,1,data_quality_or_history_review,,days_eff=2 days_any=2 cyc_eff=0 hq_nr=0 total_nr=0 cens=0 lg_opp=0 opp=0 norm_anom=-0.00 conf_p=1 micro_only=False cluster=AC_BOUND,No user-facing action; collecting more data.,Data-quality/history review outranks action (would_have_been=NONE). Collect more data or manual review.,NONE,False,False,False,False,False,True,False,False,0,2026-06-08T10:02:59Z,rolling30-v2.0,30,1,abs_ge_50mWh
ZHANGLU11-10_zhanglu11,2024-01-30,2023-12-31 23:59:59.999999999,2024-01-30 23:59:59.999999999,4,19.774,0.013,427.103,474.558,1,1,1,0,0,0,0,False,WINDOW_QUALITY_SHORT_OBS,108.0,108.0,0.0,0.0,1.0,0.0,0.0,95.0,97.0,2.0,95.0,96.0,97.0,0.0,0.0,1.0,1.0,0.9935,1,1,1,40560.0,40540.0,40540.0,40560.0,20.0,1,0,0.0,,,84.71,84.67,0,0,0,0,0,0,0,0,0,0,0,0,0,0,0,0.0,0,0,0,,0.0,,,0.0,0,0,0,,0.0,,2024-01-30 23:59:59.999999999,2023-02-10 18:34:36,2024-01-30 08:08:05,354.226,True,40560.0,2024-01-10 13:33:49,108.0,20.435,0.0,True,40540.0,2024-01-30 08:07:18,108.0,0.662,0.0,True,1,20.0,True,0,0,0,0,0,0,0,0,0,0,0,0,0,0,0,0,0,0,0.0,0,0.0,-0.0,-0.0,20.435,0.0,0,0,0,-0.0,-1,SPARSE_OR_GAPPY,STATEFUL_REVIEW_DATA_QUALITY,WINDOW_DATA_QUALITY_REVIEW,ACTION_COLLECT_MORE_DATA_OR_MANUAL_REVIEW,low,1,data_quality_or_history_review,micro_wobble,days_eff=20 days_any=1 cyc_eff=0 hq_nr=0 total_nr=0 cens=0 lg_opp=0 opp=0 norm_anom=-0.00 conf_p=1 micro_only=True cluster=SPARSE_OR_GAPPY,No user-facing action; collecting more data.,Data-quality/history review outranks action (would_have_been=NONE). Collect more data or manual review.,NONE,False,False,True,False,False,False,True,False,0,2026-06-08T10:02:59Z,rolling30-v2.0,30,1,abs_ge_50mWh
ZWOXPF3V6VNY_zwo,2024-10-31,2024-10-01 23:59:59.999999999,2024-10-31 23:59:59.999999999,6,23.299,0.498,444.051,553.873,1,1,1,0,0,0,0,False,WINDOW_QUALITY_SHORT_OBS,193.0,195.0,2.0,2.575,0.5498,0.5498,0.0074,0.0,100.0,100.0,4.0,100.0,100.0,0.1096,0.5498,0.4502,0.4502,0.4502,2,3,1,46870.0,46830.0,46830.0,46870.0,40.0,1,0,0.0,,,91.9,91.82,0,1,0,0,1,0,1,0,0,1,0,1,0,0,1,0.0,0,0,0,,0.0,,,0.0,0,0,0,,0.0,,2024-10-31 23:59:59.999999999,2023-02-02 17:12:11,2024-10-31 19:40:36,637.283,True,46850.0,2024-08-20 16:18:43,190.0,72.32,5.0,False,46830.0,2024-10-08 17:45:29,194.0,23.26,1.0,True,6,40.0,True,0,0,2,0,0,0,0,0,0,2,0,0,0,0,0,0,2,0,0.0,0,0.0,-0.0,-0.0,72.32,5.0,0,0,0,-0.0,-1,SPARSE_OR_GAPPY,STATEFUL_REVIEW_DATA_QUALITY,WINDOW_DATA_QUALITY_REVIEW,ACTION_COLLECT_MORE_DATA_OR_MANUAL_REVIEW,low,1,data_quality_or_history_review,micro_wobble;large_gap_dominant,days_eff=72 days_any=23 cyc_eff=5 hq_nr=0 total_nr=0 cens=0 lg_opp=2 opp=4 norm_anom=-0.00 conf_p=1 micro_only=True cluster=SPARSE_OR_GAPPY,No user-facing action; collecting more data.,Data-quality/history review outranks action (would_have_been=NONE). Collect more data or manual review.,NONE,False,False,True,True,False,False,True,False,0,2026-06-08T10:02:59Z,rolling30-v2.0,30,1,abs_ge_50mWh
