user_id,window_end_date,window_start_ts,window_end_ts,n_samples_30d,obs_days_in_window,median_interval_h,p95_interval_h,max_gap_h,gaps_gt_6h_count,gaps_gt_12h_count,gaps_gt_24h_count,duplicate_timestamp_count,cycle_decrease_count,fcc_missing_count,rsoc_missing_count,has_counter_reset,window_data_quality_label,cycle_start_30d,cycle_end_30d,cycle_delta_30d,cycle_rate_per_30d,ac_time_ratio_30d,charge_time_ratio_30d,discharge_time_ratio_30d,rsoc_min_30d,rsoc_max_30d,rsoc_swing_30d,rsoc_p05_30d,rsoc_p50_30d,rsoc_p95_30d,frac_below_10_30d,frac_below_20_30d,frac_above_80_30d,frac_above_90_30d,frac_above_95_30d,n_acdc_switches_30d,n_charge_status_switches_30d,n_discharge_sessions_30d,fcc_start_30d,fcc_end_30d,fcc_min_30d,fcc_max_30d,fcc_abs_delta_30d,fcc_any_changes_30d,fcc_effective_changes_30d,fcc_effective_step_abs_max_30d,last_effective_fcc_change_ts_in_window,last_effective_fcc_change_cycle_in_window,soh_start_30d,soh_end_30d,n_80_20_80_ok_complete_30d,n_80_20_80_large_gap_30d,n_80_20_80_no_response_30d,n_80_20_80_censored_30d,n_80_20_80_any_30d,n_85_15_85_ok_complete_30d,n_85_15_85_large_gap_30d,n_85_15_85_no_response_30d,n_85_15_85_censored_30d,n_85_15_85_any_30d,n_90_10_90_ok_complete_30d,n_90_10_90_large_gap_30d,n_90_10_90_no_response_30d,n_90_10_90_censored_30d,n_90_10_90_any_30d,expected_response_30d,observed_response_30d,no_response_count_30d,n_complete_ok_opportunities_30d,p_all_no_response_30d,fw_response_anomaly_score_30d,conformal_p,conformal_p_proxy_final_normal,expected_response_30d_personalized,observed_response_30d_personalized,no_response_count_30d_personalized,n_complete_ok_opportunities_30d_personalized,p_all_no_response_30d_personalized,fw_response_anomaly_score_30d_personalized,conformal_p_personalized,state_as_of_ts,first_seen_ts,last_seen_ts,state_history_days,state_history_sufficient,last_effective_fcc_value,last_effective_fcc_change_ts,last_effective_fcc_change_cycle,days_since_effective_fcc_change,cycles_since_effective_fcc_change,effective_active_flag,last_any_fcc_value,last_any_fcc_change_ts,last_any_fcc_change_cycle,days_since_any_fcc_change,cycles_since_any_fcc_change,legacy_any_active_flag,n_micro_steps_since_effective_change,max_micro_step_mWh_since_effective_change,micro_wobble_only_since_effective_change,cum_primary_ok_opportunities_since_last_effective_change,cum_primary_medium_gap_opportunities_since_last_effective_change,cum_primary_large_gap_opportunities_since_last_effective_change,cum_primary_ok_no_response_since_last_effective_change,cum_primary_medium_gap_no_response_since_last_effective_change,cum_primary_no_response_since_last_effective_change,cum_primary_censored_since_last_effective_change,cum_strict_ok_opportunities_since_last_effective_change,cum_strict_medium_gap_opportunities_since_last_effective_change,cum_strict_large_gap_opportunities_since_last_effective_change,cum_strict_ok_no_response_since_last_effective_change,cum_strict_medium_gap_no_response_since_last_effective_change,cum_strict_no_response_since_last_effective_change,cum_strict_censored_since_last_effective_change,high_quality_no_response_count,censored_count,large_gap_low_quality_count,observed_effective_responses_since_last_effective_change,cum_expected_normative_response,cum_observed_effective_response,cum_log_p_all_no_response_since_last_effective_change,cum_normative_fw_anomaly_score,cumulative_normative_fw_anomaly_score,days_since_last_effective_fcc_change,cycles_since_last_effective_fcc_change,cum_primary_no_response_since_last_fcc_change,cum_strict_no_response_since_last_fcc_change,cum_observed_response_since_last_fcc_change,cum_fw_response_anomaly_score,cluster_id,cluster_profile_name,stateful_label_v2,window_label_v2,recommended_action,confidence,priority,primary_reason,secondary_reasons,evidence_summary,user_message_template,engineering_message_template,would_have_been_label,fw_like_evidence_flag,gauge_like_evidence_flag,micro_wobble_only_flag,large_gap_dominant_flag,censored_dominant_flag,state_history_insufficient_flag,data_quality_review_flag,alert_fired,consecutive_windows_opportunity_no_response,analysis_timestamp,code_version,window_days,stride_days,effective_step_definition
ADIEHL-PF4CNVD9_adiehl,2024-01-18,2023-12-19 23:59:59.999999999,2024-01-18 23:59:59.999999999,320,29.187,0.5,5.474,195.075,15,12,5,0,0,0,0,False,WINDOW_QUALITY_OK,56.0,64.0,8.0,8.223,0.5263,0.1207,0.4737,1.0,100.0,99.0,6.95,95.0,100.0,0.0791,0.1241,0.613,0.558,0.4963,52,75,26,54820.0,54280.0,53710.0,54820.0,1110.0,4,3,590.0,2024-01-16 20:54:37,63.0,96.18,95.23,4,1,1,1,6,0,0,0,0,0,1,2,0,2,5,1.8,1,3,4,0.091506,1.0385,0.58528,0.55423,2.0,1,3,4,0.0625,1.2041,0.58528,2024-01-18 23:59:59.999999999,2023-05-24 14:15:44,2024-01-18 13:41:48,239.406,True,54280.0,2024-01-16 20:54:37,63.0,2.129,1.0,True,54280.0,2024-01-16 20:54:37,63.0,2.129,1.0,True,0,0.0,False,0,0,0,0,0,0,0,0,1,0,0,0,0,1,0,0,0,0,0.0,0,0.0,-0.0,-0.0,2.129,1.0,0,0,0,-0.0,4,MOBILE_DEEP_CYCLE,STATEFUL_WATCH_LOW_EVIDENCE,WINDOW_NORMAL_RESPONDING,ACTION_MONITOR_NEXT_WINDOW,low,8,weak_partial_evidence,,days_eff=2 days_any=2 cyc_eff=1 hq_nr=0 total_nr=0 cens=0 lg_opp=0 opp=1 norm_anom=-0.00 conf_p=0.585 micro_only=False cluster=MOBILE_DEEP_CYCLE,No user-facing action; monitoring.,Ambiguous/weak evidence (2d since effective change); monitor next window.,,False,False,False,False,False,False,False,False,0,2026-07-08T17:46:07Z,rolling30-od2.0,30,1,abs_ge_50mWh
AH-PF4KXDJ8_ah,2024-05-29,2024-04-29 23:59:59.999999999,2024-05-29 23:59:59.999999999,1520,29.494,0.5,0.5,0.904,0,0,0,0,0,0,0,False,WINDOW_QUALITY_OK,36.0,41.0,5.0,5.086,0.9701,0.1474,0.0299,30.0,100.0,70.0,78.0,100.0,100.0,0.0,0.0,0.9569,0.9162,0.7428,92,108,46,54670.0,54500.0,54500.0,54670.0,170.0,5,0,0.0,,,95.86,95.56,7,0,7,3,10,0,0,0,0,0,0,0,0,0,0,3.15,0,7,7,0.015224,1.8175,0.31582,0.28541,3.5,0,7,7,0.007813,2.1072,0.31582,2024-05-29 23:59:59.999999999,2023-10-02 13:13:32,2024-05-29 12:11:38,240.449,True,54670.0,2024-04-25 12:13:32,36.0,34.491,5.0,True,54500.0,2024-05-28 15:52:13,41.0,1.339,0.0,True,5,40.0,True,11,0,0,8,0,8,3,0,0,0,0,0,0,0,8,3,0,0,3.6,0,-4.7827,2.0771,2.0771,34.491,5.0,8,0,0,2.0771,5,AC_BOUND,STATEFUL_WATCH_LOW_EVIDENCE,WINDOW_OPPORTUNITY_NO_RESPONSE,ACTION_MONITOR_NEXT_WINDOW,low,8,weak_partial_evidence,fw_like;micro_wobble,days_eff=34 days_any=1 cyc_eff=5 hq_nr=8 total_nr=8 cens=3 lg_opp=0 opp=11 norm_anom=2.08 conf_p=0.316 micro_only=True cluster=AC_BOUND,No user-facing action; monitoring.,Ambiguous/weak evidence (34d since effective change); monitor next window.,,True,False,True,False,False,False,False,False,5,2026-07-08T17:46:07Z,rolling30-od2.0,30,1,abs_ge_50mWh
ALLOY_FINALSVT,2025-07-25,2025-06-25 23:59:59.999999999,2025-07-25 23:59:59.999999999,665,25.986,0.5,0.501,37.484,21,13,4,0,0,0,0,False,WINDOW_QUALITY_OK,31.0,36.0,5.0,5.772,0.8156,0.1015,0.1845,25.0,100.0,75.0,76.2,100.0,100.0,0.0,0.0,0.9166,0.8539,0.7883,67,88,35,54580.0,54520.0,54520.0,54580.0,60.0,5,0,0.0,,,99.06,98.95,7,1,7,0,8,0,0,0,0,0,0,0,0,0,0,3.15,0,7,7,0.015224,1.8175,0.31582,0.28541,3.5,0,7,7,0.007813,2.1072,0.31582,2025-07-25 23:59:59.999999999,2025-04-14 23:54:41,2025-07-25 08:31:28,102.004,True,54650.0,2025-06-03 14:06:38,25.0,52.412,11.0,True,54520.0,2025-07-24 21:59:07,36.0,1.084,0.0,True,11,20.0,True,13,2,0,13,2,15,0,0,0,0,0,0,0,0,13,0,0,0,6.75,0,-8.96756,3.8946,3.8946,52.412,11.0,15,0,0,3.8946,5,AC_BOUND,STATEFUL_WATCH_LOW_EVIDENCE,WINDOW_OPPORTUNITY_NO_RESPONSE,ACTION_MONITOR_NEXT_WINDOW,low,8,weak_partial_evidence,fw_like;micro_wobble,days_eff=52 days_any=1 cyc_eff=11 hq_nr=13 total_nr=15 cens=0 lg_opp=0 opp=15 norm_anom=3.89 conf_p=0.316 micro_only=True cluster=AC_BOUND,No user-facing action; monitoring.,Ambiguous/weak evidence (52d since effective change); monitor next window.,,True,False,True,False,False,False,False,False,23,2026-07-08T17:46:07Z,rolling30-od2.0,30,1,abs_ge_50mWh
AMALU_asanthosh,2025-05-29,2025-04-29 23:59:59.999999999,2025-05-29 23:59:59.999999999,375,29.273,0.5,8.994,93.451,23,14,4,0,0,0,0,False,WINDOW_QUALITY_OK,60.0,79.0,19.0,19.472,0.3207,0.1688,0.6793,1.0,100.0,99.0,3.0,58.0,100.0,0.0979,0.1623,0.3711,0.2662,0.2053,59,70,30,57190.0,54260.0,54260.0,57290.0,3030.0,30,11,1870.0,2025-05-28 15:49:32,77.0,100.28,95.14,2,1,0,2,5,0,0,0,0,0,4,6,1,0,10,0.9,2,0,2,0.3025,0.5193,0.84249,0.8177,1.0,2,0,2,0.25,0.6021,0.84249,2025-05-29 23:59:59.999999999,2025-01-23 13:33:24,2025-05-29 13:27:35,126.435,True,54290.0,2025-05-28 15:49:32,77.0,1.341,2.0,True,54260.0,2025-05-29 12:09:04,79.0,0.494,0.0,True,2,20.0,True,1,0,0,0,0,0,1,0,1,0,0,0,0,1,0,1,0,0,0.0,0,0.0,-0.0,-0.0,1.341,2.0,0,0,0,-0.0,4,MOBILE_DEEP_CYCLE,STATEFUL_WATCH_LARGE_GAP_OR_CENSORED,WINDOW_NORMAL_RESPONDING,ACTION_MONITOR_NEXT_WINDOW,low,7,large_gap_or_censored_dominant,micro_wobble;censored_dominant,days_eff=1 days_any=0 cyc_eff=2 hq_nr=0 total_nr=0 cens=1 lg_opp=0 opp=2 norm_anom=-0.00 conf_p=0.842 micro_only=True cluster=MOBILE_DEEP_CYCLE,No user-facing action; monitoring.,Ambiguous/weak evidence (1d since effective change); monitor next window.,,False,False,True,False,True,False,False,False,0,2026-07-08T17:46:07Z,rolling30-od2.0,30,1,abs_ge_50mWh
AMANDELBLOO-9TD_amandelbloom,2026-05-12,2026-04-12 23:59:59.999999999,2026-05-12 23:59:59.999999999,275,28.913,0.5,0.5,211.004,11,11,4,0,0,0,0,False,WINDOW_QUALITY_OK,16.0,19.0,3.0,3.113,0.7365,0.0807,0.2635,1.0,100.0,99.0,23.7,96.0,100.0,0.031,0.0466,0.7614,0.7333,0.6819,29,35,15,75620.0,74820.0,74820.0,75620.0,800.0,4,1,760.0,2026-05-11 07:30:18,19.0,100.83,99.76,2,0,2,0,2,0,0,0,0,0,1,1,1,0,2,0.9,0,2,2,0.3025,0.5193,0.84249,0.8177,1.0,0,2,2,0.25,0.6021,0.84249,2026-05-12 23:59:59.999999999,2026-01-14 13:19:27,2026-05-12 08:08:15,118.445,True,74820.0,2026-05-11 07:30:18,19.0,1.687,0.0,True,74820.0,2026-05-11 07:30:18,19.0,1.687,0.0,True,0,0.0,False,0,0,0,0,0,0,0,0,0,0,0,0,0,0,0,0,0,0,0.0,0,0.0,-0.0,-0.0,1.687,0.0,0,0,0,-0.0,4,MOBILE_DEEP_CYCLE,STATEFUL_WATCH_LOW_EVIDENCE,WINDOW_NORMAL_RESPONDING,ACTION_MONITOR_NEXT_WINDOW,low,8,weak_partial_evidence,,days_eff=2 days_any=2 cyc_eff=0 hq_nr=0 total_nr=0 cens=0 lg_opp=0 opp=0 norm_anom=-0.00 conf_p=0.842 micro_only=False cluster=MOBILE_DEEP_CYCLE,No user-facing action; monitoring.,Ambiguous/weak evidence (1d since effective change); monitor next window.,,False,False,False,False,False,False,False,False,0,2026-07-08T17:46:07Z,rolling30-od2.0,30,1,abs_ge_50mWh
AMANDELBLOOXH8H_amandelbloom,2025-01-09,2024-12-10 23:59:59.999999999,2025-01-09 23:59:59.999999999,504,29.148,0.5,0.972,103.613,16,12,4,0,0,0,0,False,WINDOW_QUALITY_OK,69.0,75.0,6.0,6.175,0.8186,0.1599,0.1814,1.0,100.0,99.0,33.15,96.0,100.0,0.0046,0.0199,0.7846,0.7556,0.7141,32,47,16,50260.0,48770.0,44110.0,50260.0,6150.0,8,2,6070.0,2024-12-25 19:33:55,74.0,95.73,92.9,8,0,3,1,9,0,0,0,0,0,0,3,0,0,3,3.6,5,3,8,0.008373,2.0771,0.2485,0.2192,4.0,5,3,8,0.003906,2.4082,0.2485,2025-01-09 23:59:59.999999999,2024-01-11 10:32:00,2025-01-09 13:30:29,364.561,True,48790.0,2024-12-25 19:33:55,74.0,15.185,1.0,True,48770.0,2025-01-02 09:35:57,75.0,7.6,0.0,True,1,20.0,True,1,0,0,0,0,0,1,0,0,1,0,0,0,0,0,1,0,0,0.0,0,0.0,-0.0,-0.0,15.185,1.0,0,0,0,-0.0,4,MOBILE_DEEP_CYCLE,STATEFUL_WATCH_LARGE_GAP_OR_CENSORED,WINDOW_NORMAL_RESPONDING,ACTION_MONITOR_NEXT_WINDOW,low,7,large_gap_or_censored_dominant,fw_like;micro_wobble;censored_dominant,days_eff=15 days_any=8 cyc_eff=1 hq_nr=0 total_nr=0 cens=1 lg_opp=0 opp=2 norm_anom=-0.00 conf_p=0.248 micro_only=True cluster=MOBILE_DEEP_CYCLE,No user-facing action; monitoring.,Ambiguous/weak evidence (15d since effective change); monitor next window.,,True,False,True,False,True,False,False,False,0,2026-07-08T17:46:07Z,rolling30-od2.0,30,1,abs_ge_50mWh
AMIKAMI-F49VQPZ_amikami,2024-12-09,2024-11-09 23:59:59.999999999,2024-12-09 23:59:59.999999999,372,27.997,0.5,6.524,87.272,19,18,4,0,0,0,0,False,WINDOW_QUALITY_OK,125.0,130.0,5.0,5.358,0.8704,0.1266,0.1296,46.0,100.0,54.0,69.1,98.0,100.0,0.0,0.0,0.9351,0.8968,0.7906,67,95,34,57770.0,57770.0,57770.0,57770.0,0.0,0,0,0.0,,,101.26,101.26,10,0,10,1,11,0,0,0,0,0,0,0,0,0,0,4.5,0,10,10,0.002533,2.5964,0.14604,0.12231,5.0,0,10,10,0.000977,3.0103,0.14604,2024-12-09 23:59:59.999999999,2023-03-20 16:34:52,2024-12-09 09:52:57,630.309,True,57770.0,2024-11-07 12:59:19,125.0,32.459,5.0,True,57770.0,2024-11-07 12:59:19,125.0,32.459,5.0,True,0,0.0,False,12,0,0,11,0,11,1,0,0,0,0,0,0,0,11,1,0,0,4.95,0,-6.57621,2.856,2.856,32.459,5.0,11,0,0,2.856,5,AC_BOUND,STATEFUL_WATCH_LOW_EVIDENCE,WINDOW_OPPORTUNITY_NO_RESPONSE,ACTION_MONITOR_NEXT_WINDOW,low,8,weak_partial_evidence,fw_like,days_eff=32 days_any=32 cyc_eff=5 hq_nr=11 total_nr=11 cens=1 lg_opp=0 opp=12 norm_anom=2.86 conf_p=0.146 micro_only=False cluster=AC_BOUND,No user-facing action; monitoring.,Ambiguous/weak evidence (32d since effective change); monitor next window.,,True,False,False,False,False,False,False,False,3,2026-07-08T17:46:07Z,rolling30-od2.0,30,1,abs_ge_50mWh
ANAKAMURA8-3ZVB_anakamura8,2026-05-19,2026-04-19 23:59:59.999999999,2026-05-19 23:59:59.999999999,253,29.261,0.5,1.285,213.606,12,12,5,0,0,0,0,False,WINDOW_QUALITY_OK,903.0,910.0,7.0,7.177,0.6363,0.1079,0.3637,2.0,100.0,98.0,15.0,99.0,100.0,0.029,0.0501,0.697,0.6447,0.6023,21,37,11,43330.0,42430.0,42430.0,43970.0,1540.0,2,2,1540.0,2026-05-08 17:47:59,907.0,76.02,74.44,2,0,1,0,2,0,0,0,0,0,0,4,0,0,4,0.9,0,2,2,0.3025,0.5193,0.84249,0.8177,1.0,0,2,2,0.25,0.6021,0.84249,2026-05-19 23:59:59.999999999,2023-02-09 09:15:48,2026-05-19 17:15:26,1195.614,True,42430.0,2026-05-08 17:47:59,907.0,11.258,3.0,True,42430.0,2026-05-08 17:47:59,907.0,11.258,3.0,True,0,0.0,False,1,0,0,1,0,1,0,0,1,1,0,1,1,0,1,0,0,0,0.45,0,-0.59784,0.2596,0.2596,11.258,3.0,1,1,0,0.2596,4,MOBILE_DEEP_CYCLE,STATEFUL_WATCH_LOW_EVIDENCE,WINDOW_NORMAL_RESPONDING,ACTION_MONITOR_NEXT_WINDOW,low,8,weak_partial_evidence,fw_like,days_eff=11 days_any=11 cyc_eff=3 hq_nr=1 total_nr=1 cens=0 lg_opp=0 opp=3 norm_anom=0.26 conf_p=0.842 micro_only=False cluster=MOBILE_DEEP_CYCLE,No user-facing action; monitoring.,Ambiguous/weak evidence (11d since effective change); monitor next window.,,True,False,False,False,False,False,False,False,0,2026-07-08T17:46:07Z,rolling30-od2.0,30,1,abs_ge_50mWh
ANODA-PF5E0G8K_anoda,2026-04-22,2026-03-23 23:59:59.999999999,2026-04-22 23:59:59.999999999,655,29.296,0.5,1.712,59.315,27,18,5,0,0,0,0,False,WINDOW_QUALITY_OK,1.0,1.0,0.0,0.0,0.6847,0.2017,0.3153,1.0,100.0,99.0,50.8,97.0,100.0,0.0034,0.0205,0.8556,0.7488,0.5849,170,240,85,55280.0,53790.0,53790.0,55770.0,1980.0,16,4,670.0,2026-04-16 09:02:24,1.0,95.31,92.74,6,1,3,1,8,0,0,0,0,0,0,2,0,0,2,2.7,1,5,6,0.027681,1.5578,0.39139,0.35882,3.0,1,5,6,0.015625,1.8062,0.39139,2026-04-22 23:59:59.999999999,2026-02-17 16:21:35,2026-04-22 17:04:45,64.318,True,53880.0,2026-04-16 09:02:24,1.0,6.623,0.0,True,53790.0,2026-04-22 10:04:46,1.0,0.58,0.0,True,4,40.0,True,1,0,1,0,0,0,1,0,0,0,0,0,0,0,0,1,1,0,0.0,0,0.0,-0.0,-0.0,6.623,0.0,0,0,0,-0.0,3,AC_BOUND,STATEFUL_WATCH_LARGE_GAP_OR_CENSORED,WINDOW_NORMAL_RESPONDING,ACTION_MONITOR_NEXT_WINDOW,low,7,large_gap_or_censored_dominant,fw_like;micro_wobble;large_gap_dominant;censored_dominant,days_eff=7 days_any=1 cyc_eff=0 hq_nr=0 total_nr=0 cens=1 lg_opp=1 opp=2 norm_anom=-0.00 conf_p=0.391 micro_only=True cluster=AC_BOUND,No user-facing action; monitoring.,Ambiguous/weak evidence (6d since effective change); monitor next window.,,True,False,True,True,True,False,False,False,0,2026-07-08T17:46:07Z,rolling30-od2.0,30,1,abs_ge_50mWh
ANUPT14S_avachali,2025-11-11,2025-10-12 23:59:59.999999999,2025-11-11 23:59:59.999999999,248,29.159,0.5,14.405,71.6,33,15,4,0,0,0,0,False,WINDOW_QUALITY_OK,85.0,94.0,9.0,9.259,0.4243,0.1407,0.5757,18.0,100.0,82.0,30.0,93.0,100.0,0.0,0.018,0.6284,0.5061,0.3316,31,43,16,49400.0,44780.0,44780.0,49400.0,4620.0,10,3,4440.0,2025-10-30 00:14:31,92.0,90.31,81.86,4,0,1,1,5,0,0,0,0,0,0,0,0,0,0,2.25,2,3,5,0.050328,1.2982,0.48168,0.44777,2.5,2,3,5,0.03125,1.5051,0.48168,2025-11-11 23:59:59.999999999,2024-03-13 10:00:21,2025-11-11 11:35:33,608.583,True,44810.0,2025-10-30 00:14:31,92.0,12.99,2.0,True,44780.0,2025-11-04 11:18:15,94.0,7.529,0.0,True,2,20.0,True,2,0,0,1,0,1,1,0,0,0,0,0,0,0,1,1,0,0,0.45,0,-0.59784,0.2596,0.2596,12.99,2.0,1,0,0,0.2596,4,MOBILE_DEEP_CYCLE,STATEFUL_WATCH_LOW_EVIDENCE,WINDOW_NORMAL_RESPONDING,ACTION_MONITOR_NEXT_WINDOW,low,8,weak_partial_evidence,fw_like;micro_wobble,days_eff=13 days_any=8 cyc_eff=2 hq_nr=1 total_nr=1 cens=1 lg_opp=0 opp=2 norm_anom=0.26 conf_p=0.482 micro_only=True cluster=MOBILE_DEEP_CYCLE,No user-facing action; monitoring.,Ambiguous/weak evidence (12d since effective change); monitor next window.,,True,False,True,False,False,False,False,False,0,2026-07-08T17:46:07Z,rolling30-od2.0,30,1,abs_ge_50mWh
ANUP_TINY,2025-11-04,2025-10-05 23:59:59.999999999,2025-11-04 23:59:59.999999999,288,29.204,0.5,10.571,71.6,32,14,4,0,0,0,0,False,WINDOW_QUALITY_OK,82.0,94.0,12.0,12.327,0.3909,0.1646,0.6091,11.0,100.0,89.0,26.05,87.0,100.0,0.0,0.0271,0.5834,0.4761,0.3645,48,62,24,49440.0,44780.0,44780.0,49440.0,4660.0,13,3,4440.0,2025-10-30 00:14:31,92.0,90.38,81.86,3,0,1,2,5,0,0,0,0,0,0,0,0,0,0,1.35,1,2,3,0.166375,0.7789,0.70435,0.67541,1.5,1,2,3,0.125,0.9031,0.70435,2025-11-04 23:59:59.999999999,2024-03-13 10:00:21,2025-11-04 11:48:15,601.583,True,44810.0,2025-10-30 00:14:31,92.0,5.99,2.0,True,44780.0,2025-11-04 11:18:15,94.0,0.529,0.0,True,2,20.0,True,1,0,0,0,0,0,1,0,0,0,0,0,0,0,0,1,0,0,0.0,0,0.0,-0.0,-0.0,5.99,2.0,0,0,0,-0.0,4,MOBILE_DEEP_CYCLE,STATEFUL_WATCH_LARGE_GAP_OR_CENSORED,WINDOW_NORMAL_RESPONDING,ACTION_MONITOR_NEXT_WINDOW,low,7,large_gap_or_censored_dominant,micro_wobble;censored_dominant,days_eff=6 days_any=1 cyc_eff=2 hq_nr=0 total_nr=0 cens=1 lg_opp=0 opp=1 norm_anom=-0.00 conf_p=0.704 micro_only=True cluster=MOBILE_DEEP_CYCLE,No user-facing action; monitoring.,Ambiguous/weak evidence (5d since effective change); monitor next window.,,False,False,True,False,True,False,False,False,0,2026-07-08T17:46:07Z,rolling30-od2.0,30,1,abs_ge_50mWh
AOHYAMA-F3Y6JVY_aohyama,2024-06-18,2024-05-19 23:59:59.999999999,2024-06-18 23:59:59.999999999,831,29.441,0.3,0.779,61.727,23,14,4,0,0,0,0,False,WINDOW_QUALITY_OK,393.0,425.0,32.0,32.607,0.3239,0.217,0.6963,3.0,100.0,97.0,11.5,75.0,100.0,0.0357,0.1039,0.4277,0.2934,0.2296,291,312,145,40340.0,34600.0,34600.0,47030.0,12430.0,37,5,8630.0,2024-06-17 18:30:44,423.0,70.77,60.7,9,2,1,5,16,0,0,0,0,0,0,3,0,1,4,4.05,4,5,9,0.004605,2.3367,0.1914,0.1649,4.5,4,5,9,0.001953,2.7093,0.1914,2024-06-18 23:59:59.999999999,2023-02-06 10:07:59,2024-06-18 19:34:04,498.578,True,34630.0,2024-06-17 18:30:44,423.0,1.229,2.0,True,34600.0,2024-06-18 13:00:01,425.0,0.458,0.0,True,2,20.0,True,1,0,0,0,0,0,1,0,0,0,0,0,0,0,0,1,0,0,0.0,0,0.0,-0.0,-0.0,1.229,2.0,0,0,0,-0.0,1,AC_BOUND,STATEFUL_WATCH_LARGE_GAP_OR_CENSORED,WINDOW_NORMAL_RESPONDING,ACTION_MONITOR_NEXT_WINDOW,low,7,large_gap_or_censored_dominant,fw_like;micro_wobble;censored_dominant,days_eff=1 days_any=0 cyc_eff=2 hq_nr=0 total_nr=0 cens=1 lg_opp=0 opp=1 norm_anom=-0.00 conf_p=0.191 micro_only=True cluster=AC_BOUND,No user-facing action; monitoring.,Ambiguous/weak evidence (1d since effective change); monitor next window.,,True,False,True,False,True,False,False,False,0,2026-07-08T17:46:07Z,rolling30-od2.0,30,1,abs_ge_50mWh
APARAMESWAR-G5E_aparameswara,2023-11-08,2023-10-09 23:59:59.999999999,2023-11-08 23:59:59.999999999,329,29.168,0.5,11.679,70.672,23,16,5,0,0,0,0,False,WINDOW_QUALITY_OK,26.0,35.0,9.0,9.257,0.3405,0.1109,0.6595,5.0,100.0,95.0,19.4,87.0,100.0,0.0133,0.0339,0.5539,0.3925,0.308,59,81,30,86860.0,83810.0,83810.0,86860.0,3050.0,1,1,3050.0,2023-10-12 05:02:33,27.0,101.0,97.45,5,1,4,1,7,0,0,0,0,0,0,1,0,0,1,2.25,1,4,5,0.050328,1.2982,0.48168,0.44777,2.5,1,4,5,0.03125,1.5051,0.48168,2023-11-08 23:59:59.999999999,2023-08-08 09:57:47,2023-11-08 10:18:25,92.585,True,83810.0,2023-10-12 05:02:33,27.0,27.79,8.0,True,83810.0,2023-10-12 05:02:33,27.0,27.79,8.0,True,0,0.0,False,5,1,0,4,1,5,1,0,0,1,0,0,0,0,4,1,0,0,2.25,0,-2.98919,1.2982,1.2982,27.79,8.0,5,0,0,1.2982,4,MOBILE_DEEP_CYCLE,STATEFUL_WATCH_LOW_EVIDENCE,WINDOW_NORMAL_RESPONDING,ACTION_MONITOR_NEXT_WINDOW,low,8,weak_partial_evidence,fw_like,days_eff=28 days_any=28 cyc_eff=8 hq_nr=4 total_nr=5 cens=1 lg_opp=0 opp=7 norm_anom=1.30 conf_p=0.482 micro_only=False cluster=MOBILE_DEEP_CYCLE,No user-facing action; monitoring.,Ambiguous/weak evidence (27d since effective change); monitor next window.,,True,False,False,False,False,False,False,False,0,2026-07-08T17:46:07Z,rolling30-od2.0,30,1,abs_ge_50mWh
APARAMESWAR-PAD_aparameswara,2024-11-26,2024-10-27 23:59:59.999999999,2024-11-26 23:59:59.999999999,903,29.45,0.5,0.501,60.571,15,12,2,0,0,0,0,False,WINDOW_QUALITY_OK,86.0,101.0,15.0,15.28,0.7863,0.1113,0.2137,1.0,100.0,99.0,17.0,100.0,100.0,0.0427,0.0664,0.7601,0.7319,0.7131,75,103,38,47960.0,47040.0,46490.0,49580.0,3090.0,23,8,1950.0,2024-11-24 18:51:25,99.0,87.68,86.0,8,1,0,3,12,0,0,0,0,0,0,6,0,1,7,3.6,8,0,8,0.008373,2.0771,0.2485,0.2192,4.0,8,0,8,0.003906,2.4082,0.2485,2024-11-26 23:59:59.999999999,2024-04-09 11:19:29,2024-11-26 14:33:46,231.528,True,47110.0,2024-11-24 18:51:25,99.0,2.214,2.0,True,47040.0,2024-11-26 09:40:23,101.0,0.597,0.0,True,2,40.0,True,2,0,0,0,0,0,2,0,1,0,0,0,0,1,0,2,0,0,0.0,0,0.0,-0.0,-0.0,2.214,2.0,0,0,0,-0.0,4,MOBILE_DEEP_CYCLE,STATEFUL_WATCH_LARGE_GAP_OR_CENSORED,WINDOW_NORMAL_RESPONDING,ACTION_MONITOR_NEXT_WINDOW,low,7,large_gap_or_censored_dominant,fw_like;micro_wobble;censored_dominant,days_eff=2 days_any=1 cyc_eff=2 hq_nr=0 total_nr=0 cens=2 lg_opp=0 opp=3 norm_anom=-0.00 conf_p=0.248 micro_only=True cluster=MOBILE_DEEP_CYCLE,No user-facing action; monitoring.,Ambiguous/weak evidence (2d since effective change); monitor next window.,,True,False,True,False,True,False,False,False,0,2026-07-08T17:46:07Z,rolling30-od2.0,30,1,abs_ge_50mWh
ARANGANATHA-8QB_aranganathan,2023-12-11,2023-11-11 23:59:59.999999999,2023-12-11 23:59:59.999999999,446,28.651,0.5,5.515,56.409,19,10,4,0,0,0,0,False,WINDOW_QUALITY_OK,39.0,56.0,17.0,17.801,0.3096,0.1735,0.6904,6.0,100.0,94.0,21.0,82.0,100.0,0.0017,0.0206,0.4715,0.3409,0.2553,105,148,53,50420.0,56400.0,50420.0,56720.0,6300.0,7,7,4530.0,2023-12-10 22:02:28,56.0,88.46,98.95,4,1,0,3,8,0,0,0,0,0,0,1,0,0,1,1.8,2,2,4,0.091506,1.0385,0.58528,0.55423,2.0,2,2,4,0.0625,1.2041,0.58528,2023-12-11 23:59:59.999999999,2023-08-21 11:21:40,2023-12-11 14:19:40,112.527,True,56400.0,2023-12-10 22:02:28,56.0,1.082,0.0,True,56400.0,2023-12-10 22:02:28,56.0,1.082,0.0,True,0,0.0,False,0,0,0,0,0,0,0,0,0,0,0,0,0,0,0,0,0,0,0.0,0,0.0,-0.0,-0.0,1.082,0.0,0,0,0,-0.0,4,MOBILE_DEEP_CYCLE,STATEFUL_WATCH_LOW_EVIDENCE,WINDOW_NORMAL_RESPONDING,ACTION_MONITOR_NEXT_WINDOW,low,8,weak_partial_evidence,,days_eff=1 days_any=1 cyc_eff=0 hq_nr=0 total_nr=0 cens=0 lg_opp=0 opp=0 norm_anom=-0.00 conf_p=0.585 micro_only=False cluster=MOBILE_DEEP_CYCLE,No user-facing action; monitoring.,Ambiguous/weak evidence (1d since effective change); monitor next window.,,False,False,False,False,False,False,False,False,0,2026-07-08T17:46:07Z,rolling30-od2.0,30,1,abs_ge_50mWh
ASANTHOSH-FT15Y_X1,2025-10-14,2025-09-14 23:59:59.999999999,2025-10-14 23:59:59.999999999,374,29.078,0.5,14.446,66.906,26,24,5,0,0,0,0,False,WINDOW_QUALITY_OK,17.0,36.0,19.0,19.603,0.3314,0.232,0.6686,1.0,100.0,99.0,2.0,33.0,100.0,0.1135,0.2546,0.2112,0.1472,0.1117,78,103,40,57860.0,54910.0,54910.0,57940.0,3030.0,27,8,2730.0,2025-10-13 10:06:58,35.0,101.46,96.28,6,0,0,0,6,0,0,0,0,0,0,8,0,0,8,2.7,5,1,6,0.027681,1.5578,0.39139,0.35882,3.0,5,1,6,0.015625,1.8062,0.39139,2025-10-14 23:59:59.999999999,2025-07-08 13:19:08,2025-10-14 10:43:42,98.445,True,54920.0,2025-10-13 10:06:58,35.0,1.578,1.0,True,54910.0,2025-10-13 10:54:15,36.0,1.546,0.0,True,1,10.0,True,0,0,0,0,0,0,0,0,0,0,0,0,0,0,0,0,0,0,0.0,0,0.0,-0.0,-0.0,1.578,1.0,0,0,0,-0.0,0,MOBILE_DEEP_CYCLE,STATEFUL_WATCH_LOW_EVIDENCE,WINDOW_NORMAL_RESPONDING,ACTION_MONITOR_NEXT_WINDOW,low,8,weak_partial_evidence,fw_like;micro_wobble,days_eff=2 days_any=2 cyc_eff=1 hq_nr=0 total_nr=0 cens=0 lg_opp=0 opp=0 norm_anom=-0.00 conf_p=0.391 micro_only=True cluster=MOBILE_DEEP_CYCLE,No user-facing action; monitoring.,Ambiguous/weak evidence (1d since effective change); monitor next window.,,True,False,True,False,False,False,False,False,0,2026-07-08T17:46:07Z,rolling30-od2.0,30,1,abs_ge_50mWh
ASANTHOSH_asanthosh,2026-05-29,2026-04-29 23:59:59.999999999,2026-05-29 23:59:59.999999999,321,29.725,0.5,12.463,65.064,31,17,2,0,0,0,0,False,WINDOW_QUALITY_OK,31.0,48.0,17.0,17.157,0.2413,0.1277,0.7587,1.0,100.0,99.0,5.0,36.0,100.0,0.0887,0.2554,0.2061,0.1421,0.1262,57,79,29,58380.0,58960.0,58260.0,60090.0,1830.0,19,4,1830.0,2026-05-21 14:46:16,44.0,97.3,98.27,3,0,0,0,3,0,0,0,0,0,1,5,1,0,6,1.35,3,0,3,0.166375,0.7789,0.70435,0.67541,1.5,3,0,3,0.125,0.9031,0.70435,2026-05-29 23:59:59.999999999,2026-02-03 16:23:48,2026-05-29 22:40:36,115.317,True,59000.0,2026-05-21 14:46:16,44.0,8.385,4.0,True,58960.0,2026-05-29 08:06:57,48.0,0.662,0.0,True,4,10.0,True,0,0,0,0,0,0,0,1,0,1,1,0,1,0,0,0,0,0,0.0,0,0.0,-0.0,-0.0,8.385,4.0,0,1,0,-0.0,0,MOBILE_DEEP_CYCLE,STATEFUL_WATCH_LOW_EVIDENCE,WINDOW_NORMAL_RESPONDING,ACTION_MONITOR_NEXT_WINDOW,low,8,weak_partial_evidence,fw_like;micro_wobble,days_eff=8 days_any=1 cyc_eff=4 hq_nr=0 total_nr=0 cens=0 lg_opp=0 opp=2 norm_anom=-0.00 conf_p=0.704 micro_only=True cluster=MOBILE_DEEP_CYCLE,No user-facing action; monitoring.,Ambiguous/weak evidence (8d since effective change); monitor next window.,,True,False,True,False,False,False,False,False,0,2026-07-08T17:46:07Z,rolling30-od2.0,30,1,abs_ge_50mWh
ASHISHIDO-RHBV7_ashishido,2024-11-06,2024-10-07 23:59:59.999999999,2024-11-06 23:59:59.999999999,858,29.439,0.5,0.5,210.396,3,3,2,0,0,0,0,False,WINDOW_QUALITY_OK,247.0,248.0,1.0,1.019,0.9517,0.0129,0.0483,1.0,100.0,99.0,92.0,99.0,100.0,0.0067,0.009,0.9646,0.9548,0.9449,13,19,7,47840.0,47280.0,47280.0,47840.0,560.0,5,4,450.0,2024-11-06 10:38:13,248.0,94.83,93.72,1,0,1,0,1,0,0,0,0,0,0,1,0,0,1,0.45,0,1,1,0.55,0.2596,1.0,1.0,0.5,0,1,1,0.5,0.301,1.0,2024-11-06 23:59:59.999999999,2024-08-28 09:57:27,2024-11-06 19:50:42,70.585,True,47280.0,2024-11-06 10:38:13,248.0,0.557,0.0,True,47280.0,2024-11-06 10:38:13,248.0,0.557,0.0,True,0,0.0,False,0,0,0,0,0,0,0,0,0,0,0,0,0,0,0,0,0,0,0.0,0,0.0,-0.0,-0.0,0.557,0.0,0,0,0,-0.0,3,AC_BOUND,STATEFUL_WATCH_LOW_EVIDENCE,WINDOW_NORMAL_RESPONDING,ACTION_MONITOR_NEXT_WINDOW,low,8,weak_partial_evidence,,days_eff=1 days_any=1 cyc_eff=0 hq_nr=0 total_nr=0 cens=0 lg_opp=0 opp=0 norm_anom=-0.00 conf_p=1 micro_only=False cluster=AC_BOUND,No user-facing action; monitoring.,Ambiguous/weak evidence (0d since effective change); monitor next window.,,False,False,False,False,False,False,False,False,0,2026-07-08T17:46:07Z,rolling30-od2.0,30,1,abs_ge_50mWh
AVACHALI-4SM98Q_avachali,2025-11-12,2025-10-13 23:59:59.999999999,2025-11-12 23:59:59.999999999,271,29.327,0.5,13.698,71.6,33,15,4,0,0,0,0,False,WINDOW_QUALITY_OK,86.0,94.0,8.0,8.183,0.4868,0.1391,0.5132,18.0,100.0,82.0,36.0,95.0,100.0,0.0,0.0173,0.6783,0.56,0.3751,35,50,18,49380.0,44780.0,44780.0,49380.0,4600.0,9,3,4440.0,2025-10-30 00:14:31,92.0,90.27,81.86,5,0,2,0,5,0,0,0,0,0,0,0,0,0,0,2.25,2,3,5,0.050328,1.2982,0.48168,0.44777,2.5,2,3,5,0.03125,1.5051,0.48168,2025-11-12 23:59:59.999999999,2024-03-13 10:00:21,2025-11-12 16:47:54,609.583,True,44810.0,2025-10-30 00:14:31,92.0,13.99,2.0,True,44780.0,2025-11-04 11:18:15,94.0,8.529,0.0,True,2,20.0,True,2,0,0,2,0,2,0,0,0,0,0,0,0,0,2,0,0,0,0.9,0,-1.19567,0.5193,0.5193,13.99,2.0,2,0,0,0.5193,4,MOBILE_DEEP_CYCLE,STATEFUL_WATCH_LOW_EVIDENCE,WINDOW_NORMAL_RESPONDING,ACTION_MONITOR_NEXT_WINDOW,low,8,weak_partial_evidence,fw_like;micro_wobble,days_eff=14 days_any=9 cyc_eff=2 hq_nr=2 total_nr=2 cens=0 lg_opp=0 opp=2 norm_anom=0.52 conf_p=0.482 micro_only=True cluster=MOBILE_DEEP_CYCLE,No user-facing action; monitoring.,Ambiguous/weak evidence (13d since effective change); monitor next window.,,True,False,True,False,False,False,False,False,0,2026-07-08T17:46:07Z,rolling30-od2.0,30,1,abs_ge_50mWh
AVON-SVTSKU3_Avon,2026-06-01,2026-05-02 23:59:59.999999999,2026-06-01 23:59:59.999999999,567,26.259,0.479,4.328,51.067,25,7,4,0,0,0,0,False,WINDOW_QUALITY_OK,29.0,56.0,27.0,30.846,0.3841,0.2403,0.6159,1.0,100.0,99.0,17.0,63.0,100.0,0.0111,0.0392,0.3871,0.293,0.2247,169,238,85,57940.0,57340.0,57340.0,57940.0,600.0,28,1,280.0,2026-05-11 13:35:51,33.0,99.9,98.86,10,0,7,4,14,0,0,0,0,0,2,1,2,0,3,4.5,0,10,10,0.002533,2.5964,0.14604,0.12231,5.0,0,10,10,0.000977,3.0103,0.14604,2026-06-01 23:59:59.999999999,2026-03-16 19:28:59,2026-06-01 16:37:34,77.188,True,57610.0,2026-05-11 13:35:51,33.0,21.433,23.0,True,57340.0,2026-06-01 13:34:59,56.0,0.434,0.0,True,23,20.0,True,11,0,0,7,0,7,4,2,0,0,2,0,2,0,7,4,0,0,3.15,0,-4.18486,1.8175,1.8175,21.433,23.0,7,2,0,1.8175,4,MOBILE_DEEP_CYCLE,STATEFUL_WATCH_LOW_EVIDENCE,WINDOW_NORMAL_RESPONDING,ACTION_MONITOR_NEXT_WINDOW,low,8,weak_partial_evidence,fw_like;micro_wobble,days_eff=21 days_any=0 cyc_eff=23 hq_nr=7 total_nr=7 cens=4 lg_opp=0 opp=13 norm_anom=1.82 conf_p=0.146 micro_only=True cluster=MOBILE_DEEP_CYCLE,No user-facing action; monitoring.,Ambiguous/weak evidence (21d since effective change); monitor next window.,,True,False,True,False,False,False,False,False,0,2026-07-08T17:46:07Z,rolling30-od2.0,30,1,abs_ge_50mWh
AVON_SIT2,2026-05-15,2026-04-15 23:59:59.999999999,2026-05-15 23:59:59.999999999,203,29.682,0.5,15.803,94.456,15,13,7,0,0,0,0,False,WINDOW_QUALITY_OK,16.0,17.0,1.0,1.011,0.8201,0.2422,0.1799,3.0,100.0,97.0,63.2,99.0,100.0,0.0022,0.0114,0.9086,0.8749,0.7185,20,26,10,57920.0,52450.0,52450.0,57920.0,5470.0,3,2,3060.0,2026-05-05 13:39:50,17.0,99.86,90.43,1,1,1,0,2,0,0,0,0,0,0,1,0,0,1,0.45,0,1,1,0.55,0.2596,1.0,1.0,0.5,0,1,1,0.5,0.301,1.0,2026-05-15 23:59:59.999999999,2026-02-10 20:42:36,2026-05-15 16:50:07,94.137,True,52450.0,2026-05-05 13:39:50,17.0,10.431,0.0,True,52450.0,2026-05-05 13:39:50,17.0,10.431,0.0,True,0,0.0,False,0,0,0,0,0,0,0,0,0,0,0,0,0,0,0,0,0,0,0.0,0,0.0,-0.0,-0.0,10.431,0.0,0,0,0,-0.0,4,MOBILE_DEEP_CYCLE,STATEFUL_WATCH_LOW_EVIDENCE,WINDOW_NORMAL_RESPONDING,ACTION_MONITOR_NEXT_WINDOW,low,8,weak_partial_evidence,,days_eff=10 days_any=10 cyc_eff=0 hq_nr=0 total_nr=0 cens=0 lg_opp=0 opp=0 norm_anom=-0.00 conf_p=1 micro_only=False cluster=MOBILE_DEEP_CYCLE,No user-facing action; monitoring.,Ambiguous/weak evidence (10d since effective change); monitor next window.,,False,False,False,False,False,False,False,False,0,2026-07-08T17:46:07Z,rolling30-od2.0,30,1,abs_ge_50mWh
BFALEIRO-629K3A_bfaleiro,2026-05-27,2026-04-27 23:59:59.999999999,2026-05-27 23:59:59.999999999,434,29.335,0.5,11.025,113.279,31,22,2,0,0,0,0,False,WINDOW_QUALITY_OK,31.0,39.0,8.0,8.181,0.5364,0.1293,0.4636,7.0,100.0,93.0,47.0,99.0,100.0,0.0159,0.0259,0.7967,0.6234,0.5733,91,118,46,76550.0,77070.0,75710.0,77070.0,1360.0,10,3,770.0,2026-05-20 10:17:27,39.0,102.07,102.76,9,2,1,0,11,0,0,0,0,0,0,0,0,0,0,4.05,3,6,9,0.004605,2.3367,0.1914,0.1649,4.5,3,6,9,0.001953,2.7093,0.1914,2026-05-27 23:59:59.999999999,2026-01-29 16:49:03,2026-05-27 11:07:49,118.299,True,77070.0,2026-05-20 10:17:27,39.0,7.571,0.0,True,77070.0,2026-05-20 10:17:27,39.0,7.571,0.0,True,0,0.0,False,0,0,0,0,0,0,0,0,0,0,0,0,0,0,0,0,0,0,0.0,0,0.0,-0.0,-0.0,7.571,0.0,0,0,0,-0.0,4,MOBILE_DEEP_CYCLE,STATEFUL_WATCH_LOW_EVIDENCE,WINDOW_NORMAL_RESPONDING,ACTION_MONITOR_NEXT_WINDOW,low,8,weak_partial_evidence,fw_like,days_eff=8 days_any=8 cyc_eff=0 hq_nr=0 total_nr=0 cens=0 lg_opp=0 opp=0 norm_anom=-0.00 conf_p=0.191 micro_only=False cluster=MOBILE_DEEP_CYCLE,No user-facing action; monitoring.,Ambiguous/weak evidence (7d since effective change); monitor next window.,,True,False,False,False,False,False,False,False,0,2026-07-08T17:46:07Z,rolling30-od2.0,30,1,abs_ge_50mWh
CBLACKBURN-TSG2_cblackburn,2026-05-18,2026-04-18 23:59:59.999999999,2026-05-18 23:59:59.999999999,265,28.131,0.5,12.803,159.238,14,14,4,0,0,0,0,False,WINDOW_QUALITY_OK,52.0,54.0,2.0,2.133,0.8432,0.0715,0.1568,6.0,100.0,94.0,35.2,100.0,100.0,0.0009,0.0044,0.9022,0.8617,0.8317,26,39,13,55950.0,53710.0,53710.0,55950.0,2240.0,4,1,2140.0,2026-05-01 08:54:55,53.0,96.47,92.6,3,0,2,0,3,0,0,0,0,0,0,1,0,0,1,1.35,1,2,3,0.166375,0.7789,0.70435,0.67541,1.5,1,2,3,0.125,0.9031,0.70435,2026-05-18 23:59:59.999999999,2025-06-02 11:25:09,2026-05-18 11:09:31,350.524,True,53770.0,2026-05-01 08:54:55,53.0,17.629,1.0,True,53710.0,2026-05-08 10:50:38,54.0,10.548,0.0,True,2,40.0,True,2,0,0,2,0,2,0,0,0,0,0,0,0,0,2,0,0,0,0.9,0,-1.19567,0.5193,0.5193,17.629,1.0,2,0,0,0.5193,4,MOBILE_DEEP_CYCLE,STATEFUL_WATCH_LOW_EVIDENCE,WINDOW_NORMAL_RESPONDING,ACTION_MONITOR_NEXT_WINDOW,low,8,weak_partial_evidence,fw_like;micro_wobble,days_eff=18 days_any=11 cyc_eff=1 hq_nr=2 total_nr=2 cens=0 lg_opp=0 opp=2 norm_anom=0.52 conf_p=0.704 micro_only=True cluster=MOBILE_DEEP_CYCLE,No user-facing action; monitoring.,Ambiguous/weak evidence (17d since effective change); monitor next window.,,True,False,True,False,False,False,False,False,0,2026-07-08T17:46:07Z,rolling30-od2.0,30,1,abs_ge_50mWh
CBOULTON-5METJ1_cboulton,2026-06-01,2026-05-02 23:59:59.999999999,2026-06-01 23:59:59.999999999,278,27.915,0.5,11.837,89.845,24,13,5,0,0,0,0,False,WINDOW_QUALITY_OK,95.0,105.0,10.0,10.747,0.2816,0.1573,0.7184,18.0,100.0,82.0,30.0,86.0,100.0,0.0,0.0019,0.5155,0.331,0.2603,67,84,34,69750.0,69890.0,69220.0,69890.0,670.0,11,2,670.0,2026-05-28 11:18:24,105.0,93.0,93.19,7,1,1,0,8,0,0,0,0,0,0,0,0,0,0,3.15,3,4,7,0.015224,1.8175,0.31582,0.28541,3.5,3,4,7,0.007813,2.1072,0.31582,2026-06-01 23:59:59.999999999,2025-09-17 15:12:48,2026-06-01 08:27:48,257.366,True,69890.0,2026-05-28 11:18:24,105.0,4.529,0.0,True,69890.0,2026-05-28 11:18:24,105.0,4.529,0.0,True,0,0.0,False,0,0,0,0,0,0,0,0,0,0,0,0,0,0,0,0,0,0,0.0,0,0.0,-0.0,-0.0,4.529,0.0,0,0,0,-0.0,4,MOBILE_DEEP_CYCLE,STATEFUL_WATCH_LOW_EVIDENCE,WINDOW_NORMAL_RESPONDING,ACTION_MONITOR_NEXT_WINDOW,low,8,weak_partial_evidence,fw_like,days_eff=5 days_any=5 cyc_eff=0 hq_nr=0 total_nr=0 cens=0 lg_opp=0 opp=0 norm_anom=-0.00 conf_p=0.316 micro_only=False cluster=MOBILE_DEEP_CYCLE,No user-facing action; monitoring.,Ambiguous/weak evidence (4d since effective change); monitor next window.,,True,False,False,False,False,False,False,False,0,2026-07-08T17:46:07Z,rolling30-od2.0,30,1,abs_ge_50mWh
CCHOW3-PF4S7DN8_cchow3,2024-05-28,2024-04-28 23:59:59.999999999,2024-05-28 23:59:59.999999999,314,28.994,0.5,14.507,133.838,23,17,4,0,0,0,0,False,WINDOW_QUALITY_OK,23.0,27.0,4.0,4.139,0.5971,0.1613,0.4029,3.0,100.0,97.0,43.2,98.0,100.0,0.0107,0.0107,0.8463,0.8029,0.5088,54,70,27,41820.0,38300.0,38300.0,41820.0,3520.0,5,1,3470.0,2024-05-23 20:07:37,27.0,106.41,97.46,4,0,2,1,5,0,0,0,0,0,0,1,0,0,1,1.8,2,2,4,0.091506,1.0385,0.58528,0.55423,2.0,2,2,4,0.0625,1.2041,0.58528,2024-05-28 23:59:59.999999999,2024-01-29 12:12:47,2024-05-28 07:57:25,120.491,True,38300.0,2024-05-23 20:07:37,27.0,5.161,0.0,True,38300.0,2024-05-23 20:07:37,27.0,5.161,0.0,True,0,0.0,False,0,0,0,0,0,0,0,0,0,0,0,0,0,0,0,0,0,0,0.0,0,0.0,-0.0,-0.0,5.161,0.0,0,0,0,-0.0,4,MOBILE_DEEP_CYCLE,STATEFUL_WATCH_LOW_EVIDENCE,WINDOW_NORMAL_RESPONDING,ACTION_MONITOR_NEXT_WINDOW,low,8,weak_partial_evidence,,days_eff=5 days_any=5 cyc_eff=0 hq_nr=0 total_nr=0 cens=0 lg_opp=0 opp=0 norm_anom=-0.00 conf_p=0.585 micro_only=False cluster=MOBILE_DEEP_CYCLE,No user-facing action; monitoring.,Ambiguous/weak evidence (5d since effective change); monitor next window.,,False,False,False,False,False,False,False,False,0,2026-07-08T17:46:07Z,rolling30-od2.0,30,1,abs_ge_50mWh
CCHOW3-PF4YBY4D_cchow3,2024-08-29,2024-07-30 23:59:59.999999999,2024-08-29 23:59:59.999999999,514,29.036,0.5,3.813,68.968,23,13,4,0,0,0,0,False,WINDOW_QUALITY_OK,10.0,15.0,5.0,5.166,0.8186,0.274,0.1814,2.0,100.0,98.0,16.65,97.0,100.0,0.05,0.0685,0.7985,0.7372,0.5727,68,92,34,71600.0,74370.0,70770.0,75210.0,4440.0,8,6,4440.0,2024-08-21 10:50:36,15.0,95.47,99.16,6,1,2,0,7,0,0,0,0,0,0,3,0,0,3,2.7,2,4,6,0.027681,1.5578,0.39139,0.35882,3.0,2,4,6,0.015625,1.8062,0.39139,2024-08-29 23:59:59.999999999,2024-06-10 11:38:47,2024-08-29 09:17:51,80.515,True,74370.0,2024-08-21 10:50:36,15.0,8.548,0.0,True,74370.0,2024-08-21 10:50:36,15.0,8.548,0.0,True,0,0.0,False,1,0,0,1,0,1,0,0,0,1,0,0,0,0,1,0,0,0,0.45,0,-0.59784,0.2596,0.2596,8.548,0.0,1,0,0,0.2596,4,MOBILE_DEEP_CYCLE,STATEFUL_WATCH_LOW_EVIDENCE,WINDOW_NORMAL_RESPONDING,ACTION_MONITOR_NEXT_WINDOW,low,8,weak_partial_evidence,fw_like,days_eff=9 days_any=9 cyc_eff=0 hq_nr=1 total_nr=1 cens=0 lg_opp=0 opp=2 norm_anom=0.26 conf_p=0.391 micro_only=False cluster=MOBILE_DEEP_CYCLE,No user-facing action; monitoring.,Ambiguous/weak evidence (8d since effective change); monitor next window.,,True,False,False,False,False,False,False,False,0,2026-07-08T17:46:07Z,rolling30-od2.0,30,1,abs_ge_50mWh
CQUICK-PF4H4VXC_cquick,2024-01-17,2023-12-18 23:59:59.999999999,2024-01-17 23:59:59.999999999,502,29.61,0.5,5.438,46.435,22,12,5,0,0,0,0,False,WINDOW_QUALITY_OK,58.0,67.0,9.0,9.119,0.6615,0.1353,0.3385,19.0,100.0,81.0,52.0,98.0,100.0,0.0,0.0002,0.8579,0.7927,0.6712,93,133,47,51590.0,50250.0,50250.0,51590.0,1340.0,11,2,540.0,2024-01-12 06:58:31,65.0,94.31,91.86,2,0,1,6,8,0,0,0,0,0,0,0,0,0,0,0.9,1,1,2,0.3025,0.5193,0.84249,0.8177,1.0,1,1,2,0.25,0.6021,0.84249,2024-01-17 23:59:59.999999999,2023-08-30 13:08:08,2024-01-17 16:39:52,140.453,True,50310.0,2024-01-12 06:58:31,65.0,5.709,2.0,True,50250.0,2024-01-16 21:12:44,67.0,1.116,0.0,True,2,30.0,True,3,1,0,0,0,0,4,0,0,0,0,0,0,0,0,4,0,0,0.0,0,0.0,-0.0,-0.0,5.709,2.0,0,0,0,-0.0,5,AC_BOUND,STATEFUL_WATCH_LARGE_GAP_OR_CENSORED,WINDOW_NORMAL_RESPONDING,ACTION_MONITOR_NEXT_WINDOW,low,7,large_gap_or_censored_dominant,micro_wobble;censored_dominant,days_eff=6 days_any=1 cyc_eff=2 hq_nr=0 total_nr=0 cens=4 lg_opp=0 opp=4 norm_anom=-0.00 conf_p=0.842 micro_only=True cluster=AC_BOUND,No user-facing action; monitoring.,Ambiguous/weak evidence (5d since effective change); monitor next window.,,False,False,True,False,True,False,False,False,0,2026-07-08T17:46:07Z,rolling30-od2.0,30,1,abs_ge_50mWh
CTURNER-F4T62ZK_cturner,2024-04-09,2024-03-10 23:59:59.999999999,2024-04-09 23:59:59.999999999,358,29.254,0.5,15.143,65.256,25,23,4,0,0,0,0,False,WINDOW_QUALITY_OK,18.0,31.0,13.0,13.332,0.5772,0.2637,0.4228,3.0,100.0,97.0,36.0,93.0,100.0,0.0328,0.0349,0.6543,0.5339,0.4506,90,116,45,76420.0,73610.0,73610.0,76420.0,2810.0,17,4,1400.0,2024-04-05 12:40:58,30.0,101.89,98.15,4,2,1,1,7,0,0,0,0,0,0,2,0,0,2,1.8,2,2,4,0.091506,1.0385,0.58528,0.55423,2.0,2,2,4,0.0625,1.2041,0.58528,2024-04-09 23:59:59.999999999,2024-01-23 12:05:54,2024-04-09 15:11:14,77.496,True,73620.0,2024-04-05 12:40:58,30.0,4.472,1.0,True,73610.0,2024-04-09 13:08:42,31.0,0.452,0.0,True,1,10.0,True,0,0,0,0,0,0,0,0,0,0,0,0,0,0,0,0,0,0,0.0,0,0.0,-0.0,-0.0,4.472,1.0,0,0,0,-0.0,4,MOBILE_DEEP_CYCLE,STATEFUL_WATCH_LOW_EVIDENCE,WINDOW_NORMAL_RESPONDING,ACTION_MONITOR_NEXT_WINDOW,low,8,weak_partial_evidence,micro_wobble,days_eff=4 days_any=0 cyc_eff=1 hq_nr=0 total_nr=0 cens=0 lg_opp=0 opp=0 norm_anom=-0.00 conf_p=0.585 micro_only=True cluster=MOBILE_DEEP_CYCLE,No user-facing action; monitoring.,Ambiguous/weak evidence (4d since effective change); monitor next window.,,False,False,True,False,False,False,False,False,0,2026-07-08T17:46:07Z,rolling30-od2.0,30,1,abs_ge_50mWh
DBROWN6-F4RV7QY_dbrown6,2024-05-06,2024-04-06 23:59:59.999999999,2024-05-06 23:59:59.999999999,597,29.753,0.5,6.269,33.355,32,16,4,0,0,0,0,False,WINDOW_QUALITY_OK,23.0,37.0,14.0,14.116,0.6452,0.12,0.3548,1.0,100.0,99.0,33.0,98.0,100.0,0.0149,0.0226,0.7876,0.6978,0.5868,119,151,60,52570.0,48070.0,48070.0,52570.0,4500.0,17,3,3220.0,2024-04-30 04:41:14,33.0,100.0,91.44,7,0,2,0,7,0,0,0,0,0,0,2,0,0,2,3.15,0,7,7,0.015224,1.8175,0.31582,0.28541,3.5,0,7,7,0.007813,2.1072,0.31582,2024-05-06 23:59:59.999999999,2024-01-29 12:14:06,2024-05-06 18:30:02,98.49,True,48130.0,2024-04-30 04:41:14,33.0,6.805,4.0,True,48070.0,2024-05-03 07:39:20,37.0,3.681,0.0,True,4,20.0,True,0,0,0,0,0,0,0,0,1,0,0,0,0,1,0,0,0,0,0.0,0,0.0,-0.0,-0.0,6.805,4.0,0,0,0,-0.0,4,MOBILE_DEEP_CYCLE,STATEFUL_WATCH_LOW_EVIDENCE,WINDOW_NORMAL_RESPONDING,ACTION_MONITOR_NEXT_WINDOW,low,8,weak_partial_evidence,fw_like;micro_wobble,days_eff=7 days_any=4 cyc_eff=4 hq_nr=0 total_nr=0 cens=0 lg_opp=0 opp=1 norm_anom=-0.00 conf_p=0.316 micro_only=True cluster=MOBILE_DEEP_CYCLE,No user-facing action; monitoring.,Ambiguous/weak evidence (6d since effective change); monitor next window.,,True,False,True,False,False,False,False,False,0,2026-07-08T17:46:07Z,rolling30-od2.0,30,1,abs_ge_50mWh
DESKTOP-0OFMVDC_x1,2026-05-28,2026-04-28 23:59:59.999999999,2026-05-28 23:59:59.999999999,776,29.239,0.5,0.5,54.251,17,8,4,0,0,0,0,False,WINDOW_QUALITY_OK,141.0,151.0,10.0,10.26,0.9033,0.0366,0.0967,2.0,100.0,98.0,57.5,99.0,100.0,0.0015,0.0028,0.9321,0.9108,0.9091,24,33,12,43100.0,46920.0,41300.0,46920.0,5620.0,12,6,5080.0,2026-05-26 08:01:52,151.0,75.57,82.27,5,0,2,0,5,0,0,0,0,0,0,1,0,0,1,2.25,3,2,5,0.050328,1.2982,0.48168,0.44777,2.5,3,2,5,0.03125,1.5051,0.48168,2026-05-28 23:59:59.999999999,2025-01-14 08:52:34,2026-05-28 14:01:53,499.63,True,46920.0,2026-05-26 08:01:52,151.0,2.665,0.0,True,46920.0,2026-05-26 08:01:52,151.0,2.665,0.0,True,0,0.0,False,0,0,0,0,0,0,0,0,0,0,0,0,0,0,0,0,0,0,0.0,0,0.0,-0.0,-0.0,2.665,0.0,0,0,0,-0.0,4,MOBILE_DEEP_CYCLE,STATEFUL_WATCH_LOW_EVIDENCE,WINDOW_NORMAL_RESPONDING,ACTION_MONITOR_NEXT_WINDOW,low,8,weak_partial_evidence,,days_eff=3 days_any=3 cyc_eff=0 hq_nr=0 total_nr=0 cens=0 lg_opp=0 opp=0 norm_anom=-0.00 conf_p=0.482 micro_only=False cluster=MOBILE_DEEP_CYCLE,No user-facing action; monitoring.,Ambiguous/weak evidence (2d since effective change); monitor next window.,,False,False,False,False,False,False,False,False,0,2026-07-08T17:46:07Z,rolling30-od2.0,30,1,abs_ge_50mWh
DESKTOP-65B5D4E_Mark,2024-03-15,2024-02-14 23:59:59.999999999,2024-03-15 23:59:59.999999999,129,16.174,0.5,0.5,195.912,3,3,3,0,0,0,0,False,WINDOW_QUALITY_OK,342.0,343.0,1.0,1.855,1.0,0.0458,0.0,1.0,100.0,99.0,71.0,100.0,100.0,0.0079,0.0079,0.9769,0.9693,0.9693,1,2,1,76100.0,75050.0,73320.0,76100.0,2780.0,2,2,2780.0,2024-02-28 13:32:02,343.0,84.56,83.39,1,0,0,0,1,0,0,0,0,0,0,1,0,0,1,0.45,1,0,1,0.55,0.2596,1.0,1.0,0.5,1,0,1,0.5,0.301,1.0,2024-03-15 23:59:59.999999999,2018-07-02 14:01:29,2024-03-15 14:41:33,2083.416,True,75050.0,2024-02-28 13:32:02,343.0,16.436,0.0,True,75050.0,2024-02-28 13:32:02,343.0,16.436,0.0,True,0,0.0,False,0,0,0,0,0,0,0,0,0,0,0,0,0,0,0,0,0,0,0.0,0,0.0,-0.0,-0.0,16.436,0.0,0,0,0,-0.0,3,AC_BOUND,STATEFUL_WATCH_LOW_EVIDENCE,WINDOW_NORMAL_RESPONDING,ACTION_MONITOR_NEXT_WINDOW,low,8,weak_partial_evidence,,days_eff=16 days_any=16 cyc_eff=0 hq_nr=0 total_nr=0 cens=0 lg_opp=0 opp=0 norm_anom=-0.00 conf_p=1 micro_only=False cluster=AC_BOUND,No user-facing action; monitoring.,Ambiguous/weak evidence (16d since effective change); monitor next window.,,False,False,False,False,False,False,False,False,0,2026-07-08T17:46:07Z,rolling30-od2.0,30,1,abs_ge_50mWh
DESKTOP-K1B42LP_SVT-GM5-who2-No-B,2025-09-12,2025-08-13 23:59:59.999999999,2025-09-12 23:59:59.999999999,283,29.744,0.5,9.359,158.153,17,8,5,0,0,0,0,False,WINDOW_QUALITY_OK,65.0,69.0,4.0,4.034,0.7342,0.1021,0.2685,25.0,100.0,75.0,49.2,99.0,100.0,0.0,0.0,0.8104,0.7769,0.6975,13,17,7,63730.0,62970.0,62970.0,63730.0,760.0,6,1,660.0,2025-09-04 08:09:04,67.0,109.88,108.57,0,1,0,1,2,0,0,0,0,0,0,0,0,0,0,0.0,0,0,0,,0.0,,,0.0,0,0,0,,0.0,,2025-09-12 23:59:59.999999999,2024-07-17 04:55:29,2025-09-12 18:11:57,422.795,True,63010.0,2025-09-04 08:09:04,67.0,8.66,2.0,True,62970.0,2025-09-10 23:35:19,69.0,2.017,0.0,True,2,30.0,True,1,0,0,0,0,0,1,0,0,0,0,0,0,0,0,1,0,0,0.0,0,0.0,-0.0,-0.0,8.66,2.0,0,0,0,-0.0,5,AC_BOUND,STATEFUL_WATCH_LARGE_GAP_OR_CENSORED,WINDOW_NORMAL_RESPONDING,ACTION_MONITOR_NEXT_WINDOW,low,7,large_gap_or_censored_dominant,micro_wobble;censored_dominant,days_eff=9 days_any=2 cyc_eff=2 hq_nr=0 total_nr=0 cens=1 lg_opp=0 opp=1 norm_anom=-0.00 conf_p=1 micro_only=True cluster=AC_BOUND,No user-facing action; monitoring.,Ambiguous/weak evidence (8d since effective change); monitor next window.,,False,False,True,False,True,False,False,False,0,2026-07-08T17:46:07Z,rolling30-od2.0,30,1,abs_ge_50mWh
DESKTOP-KQ90P7N_jkleissler,2024-08-27,2024-07-28 23:59:59.999999999,2024-08-27 23:59:59.999999999,468,29.197,0.5,6.804,63.377,25,11,4,0,0,0,0,False,WINDOW_QUALITY_OK,16.0,23.0,7.0,7.193,0.7124,0.1235,0.2876,4.0,100.0,96.0,38.7,97.0,100.0,0.0018,0.0036,0.8637,0.8089,0.5885,82,104,41,59020.0,59330.0,58990.0,59940.0,950.0,12,3,950.0,2024-08-18 19:44:20,21.0,101.76,102.29,5,0,1,0,5,0,0,0,0,0,0,1,0,0,1,2.25,2,3,5,0.050328,1.2982,0.48168,0.44777,2.5,2,3,5,0.03125,1.5051,0.48168,2024-08-27 23:59:59.999999999,2024-05-24 10:41:54,2024-08-27 12:48:07,95.554,True,59370.0,2024-08-18 19:44:20,21.0,9.178,2.0,True,59330.0,2024-08-26 09:18:03,23.0,1.612,0.0,True,4,10.0,True,1,0,0,1,0,1,0,0,0,1,0,0,0,0,1,0,0,0,0.45,0,-0.59784,0.2596,0.2596,9.178,2.0,1,0,0,0.2596,4,MOBILE_DEEP_CYCLE,STATEFUL_WATCH_LOW_EVIDENCE,WINDOW_NORMAL_RESPONDING,ACTION_MONITOR_NEXT_WINDOW,low,8,weak_partial_evidence,fw_like;micro_wobble,days_eff=9 days_any=2 cyc_eff=2 hq_nr=1 total_nr=1 cens=0 lg_opp=0 opp=2 norm_anom=0.26 conf_p=0.482 micro_only=True cluster=MOBILE_DEEP_CYCLE,No user-facing action; monitoring.,Ambiguous/weak evidence (9d since effective change); monitor next window.,,True,False,True,False,False,False,False,False,0,2026-07-08T17:46:07Z,rolling30-od2.0,30,1,abs_ge_50mWh
DESKTOP-LBSEJ4D_perf-test,2024-01-16,2023-12-17 23:59:59.999999999,2024-01-16 23:59:59.999999999,67,28.96,0.5,16.035,398.95,16,9,3,0,0,0,0,False,WINDOW_QUALITY_OK,21.0,22.0,1.0,1.036,0.1366,0.1253,0.8634,19.0,100.0,81.0,19.0,53.0,97.0,0.0,0.001,0.3102,0.1969,0.0606,8,12,5,56020.0,55450.0,55450.0,56230.0,780.0,4,3,580.0,2024-01-16 07:27:54,22.0,98.28,97.28,1,0,0,0,1,0,0,0,0,0,0,0,0,0,0,0.45,1,0,1,0.55,0.2596,1.0,1.0,0.5,1,0,1,0.5,0.301,1.0,2024-01-16 23:59:59.999999999,2023-09-05 18:43:16,2024-01-16 08:11:46,133.22,True,55450.0,2024-01-16 07:27:54,22.0,0.689,0.0,True,55450.0,2024-01-16 07:27:54,22.0,0.689,0.0,True,0,0.0,False,0,0,0,0,0,0,0,0,0,0,0,0,0,0,0,0,0,0,0.0,0,0.0,-0.0,-0.0,0.689,0.0,0,0,0,-0.0,4,MOBILE_DEEP_CYCLE,STATEFUL_WATCH_LOW_EVIDENCE,WINDOW_NORMAL_RESPONDING,ACTION_MONITOR_NEXT_WINDOW,low,8,weak_partial_evidence,,days_eff=1 days_any=1 cyc_eff=0 hq_nr=0 total_nr=0 cens=0 lg_opp=0 opp=0 norm_anom=-0.00 conf_p=1 micro_only=False cluster=MOBILE_DEEP_CYCLE,No user-facing action; monitoring.,Ambiguous/weak evidence (0d since effective change); monitor next window.,,False,False,False,False,False,False,False,False,0,2026-07-08T17:46:07Z,rolling30-od2.0,30,1,abs_ge_50mWh
DESKTOP-N9S9JC9_think,2024-06-26,2024-05-27 23:59:59.999999999,2024-06-26 23:59:59.999999999,553,29.19,0.5,1.386,86.501,22,15,3,0,0,0,0,False,WINDOW_QUALITY_OK,9.0,14.0,5.0,5.139,0.8622,0.0568,0.1378,0.0,100.0,100.0,73.6,100.0,100.0,0.0088,0.0088,0.9128,0.8831,0.8054,36,49,18,48450.0,47490.0,46990.0,48450.0,1460.0,3,2,1460.0,2024-05-30 11:30:16,11.0,103.09,101.04,5,0,3,3,8,0,0,0,0,0,0,1,0,0,1,2.7,2,4,6,0.027681,1.5578,0.39139,0.35882,3.0,2,4,6,0.015625,1.8062,0.39139,2024-06-26 23:59:59.999999999,2024-04-24 11:30:05,2024-06-26 13:47:12,63.521,True,47470.0,2024-05-30 11:30:16,11.0,27.521,3.0,True,47490.0,2024-06-04 09:29:02,11.0,22.605,3.0,True,1,20.0,True,6,0,0,3,0,3,3,0,0,0,0,0,0,0,3,3,0,0,1.35,0,-1.79351,0.7789,0.7789,27.521,3.0,3,0,0,0.7789,4,MOBILE_DEEP_CYCLE,STATEFUL_WATCH_LOW_EVIDENCE,WINDOW_NORMAL_RESPONDING,ACTION_MONITOR_NEXT_WINDOW,low,8,weak_partial_evidence,fw_like;micro_wobble,days_eff=28 days_any=23 cyc_eff=3 hq_nr=3 total_nr=3 cens=3 lg_opp=0 opp=6 norm_anom=0.78 conf_p=0.391 micro_only=True cluster=MOBILE_DEEP_CYCLE,No user-facing action; monitoring.,Ambiguous/weak evidence (27d since effective change); monitor next window.,,True,False,True,False,False,False,False,False,0,2026-07-08T17:46:07Z,rolling30-od2.0,30,1,abs_ge_50mWh
DKUNTTU-F4JTB5W_dkunttu,2024-12-12,2024-11-12 23:59:59.999999999,2024-12-12 23:59:59.999999999,821,29.432,0.5,0.5,151.207,10,9,4,0,0,0,0,False,WINDOW_QUALITY_OK,74.0,81.0,7.0,7.135,0.8778,0.0877,0.1222,3.0,100.0,97.0,71.0,93.0,98.0,0.0053,0.0086,0.9282,0.8515,0.1724,114,172,57,56620.0,59630.0,56620.0,59670.0,3050.0,5,1,3050.0,2024-11-17 13:02:07,75.0,78.46,82.64,0,1,0,0,1,0,0,0,0,0,0,1,0,0,1,0.0,0,0,0,,0.0,,,0.0,0,0,0,,0.0,,2024-12-12 23:59:59.999999999,2023-09-21 15:00:12,2024-12-12 16:20:49,448.375,True,59670.0,2024-11-17 13:02:07,75.0,25.457,6.0,True,59630.0,2024-12-11 09:56:39,81.0,1.586,0.0,True,4,10.0,True,0,1,0,0,1,1,0,0,0,0,0,0,0,0,0,0,0,0,0.45,0,-0.59784,0.2596,0.2596,25.457,6.0,1,0,0,0.2596,1,AC_BOUND,STATEFUL_WATCH_LOW_EVIDENCE,WINDOW_NORMAL_RESPONDING,ACTION_MONITOR_NEXT_WINDOW,low,8,weak_partial_evidence,fw_like;micro_wobble,days_eff=25 days_any=2 cyc_eff=6 hq_nr=0 total_nr=1 cens=0 lg_opp=0 opp=1 norm_anom=0.26 conf_p=1 micro_only=True cluster=AC_BOUND,No user-facing action; monitoring.,Ambiguous/weak evidence (25d since effective change); monitor next window.,,True,False,True,False,False,False,False,False,0,2026-07-08T17:46:07Z,rolling30-od2.0,30,1,abs_ge_50mWh
DLI13-PW0HKDEK_dli13,2025-11-04,2025-10-05 23:59:59.999999999,2025-11-04 23:59:59.999999999,262,29.189,0.504,11.842,83.946,27,11,4,0,0,0,0,False,WINDOW_QUALITY_OK,8.0,10.0,2.0,2.056,0.9262,0.0205,0.0738,24.0,100.0,76.0,94.05,98.0,100.0,0.0,0.0,0.9488,0.9488,0.8289,12,14,6,56970.0,56950.0,56950.0,56970.0,20.0,2,0,0.0,,,99.95,99.91,1,0,1,0,1,0,0,0,0,0,0,0,0,0,0,0.45,0,1,1,0.55,0.2596,1.0,1.0,0.5,0,1,1,0.5,0.301,1.0,2025-11-04 23:59:59.999999999,2025-05-27 14:18:19,2025-11-04 13:43:02,161.404,True,56970.0,2025-10-06 09:10:29,8.0,29.618,2.0,True,56950.0,2025-10-16 08:23:25,10.0,19.65,0.0,True,2,10.0,True,1,0,0,1,0,1,0,0,0,0,0,0,0,0,1,0,0,0,0.45,0,-0.59784,0.2596,0.2596,29.618,2.0,1,0,0,0.2596,5,AC_BOUND,STATEFUL_WATCH_LOW_EVIDENCE,WINDOW_OPPORTUNITY_NO_RESPONSE,ACTION_MONITOR_NEXT_WINDOW,low,8,weak_partial_evidence,fw_like;micro_wobble,days_eff=30 days_any=20 cyc_eff=2 hq_nr=1 total_nr=1 cens=0 lg_opp=0 opp=1 norm_anom=0.26 conf_p=1 micro_only=True cluster=AC_BOUND,No user-facing action; monitoring.,Ambiguous/weak evidence (29d since effective change); monitor next window.,,True,False,True,False,False,False,False,False,3,2026-07-08T17:46:07Z,rolling30-od2.0,30,1,abs_ge_50mWh
DONGQZ-PF505XME_dongqz,2024-12-19,2024-11-19 23:59:59.999999999,2024-12-19 23:59:59.999999999,518,29.375,0.5,5.628,55.198,23,11,4,0,0,0,0,False,WINDOW_QUALITY_OK,10.0,14.0,4.0,4.085,0.8911,0.1011,0.1089,0.0,100.0,100.0,74.85,100.0,100.0,0.0078,0.0141,0.9295,0.9086,0.8332,50,68,25,58650.0,59190.0,58610.0,59190.0,580.0,5,1,580.0,2024-12-11 08:27:56,14.0,102.89,103.84,5,0,3,0,5,0,0,0,0,0,0,1,0,0,1,2.25,1,4,5,0.050328,1.2982,0.48168,0.44777,2.5,1,4,5,0.03125,1.5051,0.48168,2024-12-19 23:59:59.999999999,2024-10-10 15:19:09,2024-12-19 17:02:35,70.362,True,59190.0,2024-12-11 08:27:56,14.0,8.647,0.0,True,59190.0,2024-12-11 08:27:56,14.0,8.647,0.0,True,0,0.0,False,0,0,0,0,0,0,0,0,0,0,0,0,0,0,0,0,0,0,0.0,0,0.0,-0.0,-0.0,8.647,0.0,0,0,0,-0.0,4,MOBILE_DEEP_CYCLE,STATEFUL_WATCH_LOW_EVIDENCE,WINDOW_NORMAL_RESPONDING,ACTION_MONITOR_NEXT_WINDOW,low,8,weak_partial_evidence,,days_eff=9 days_any=9 cyc_eff=0 hq_nr=0 total_nr=0 cens=0 lg_opp=0 opp=0 norm_anom=-0.00 conf_p=0.482 micro_only=False cluster=MOBILE_DEEP_CYCLE,No user-facing action; monitoring.,Ambiguous/weak evidence (8d since effective change); monitor next window.,,False,False,False,False,False,False,False,False,0,2026-07-08T17:46:07Z,rolling30-od2.0,30,1,abs_ge_50mWh
DONGQZ-PF5HTSGV_dongqz,2026-05-27,2026-04-27 23:59:59.999999999,2026-05-27 23:59:59.999999999,316,19.099,0.5,4.255,50.999,13,7,3,0,0,0,0,False,WINDOW_QUALITY_OK,36.0,40.0,4.0,6.283,0.8367,0.1049,0.1633,0.0,100.0,100.0,66.0,99.0,100.0,0.002,0.002,0.9364,0.8687,0.7552,56,71,28,53840.0,52580.0,52580.0,53840.0,1260.0,6,2,570.0,2026-05-19 09:08:41,40.0,92.83,90.66,3,0,0,2,5,0,0,0,0,0,0,1,0,0,1,1.8,2,2,4,0.091506,1.0385,0.58528,0.55423,2.0,2,2,4,0.0625,1.2041,0.58528,2026-05-27 23:59:59.999999999,2025-05-28 13:25:30,2026-05-27 12:39:02,364.441,True,52580.0,2026-05-19 09:08:41,40.0,8.619,0.0,True,52580.0,2026-05-19 09:08:41,40.0,8.619,0.0,True,0,0.0,False,2,0,0,0,0,0,2,0,0,0,0,0,0,0,0,2,0,0,0.0,0,0.0,-0.0,-0.0,8.619,0.0,0,0,0,-0.0,4,MOBILE_DEEP_CYCLE,STATEFUL_WATCH_LARGE_GAP_OR_CENSORED,WINDOW_NORMAL_RESPONDING,ACTION_MONITOR_NEXT_WINDOW,low,7,large_gap_or_censored_dominant,censored_dominant,days_eff=9 days_any=9 cyc_eff=0 hq_nr=0 total_nr=0 cens=2 lg_opp=0 opp=2 norm_anom=-0.00 conf_p=0.585 micro_only=False cluster=MOBILE_DEEP_CYCLE,No user-facing action; monitoring.,Ambiguous/weak evidence (8d since effective change); monitor next window.,,False,False,False,False,True,False,False,False,0,2026-07-08T17:46:07Z,rolling30-od2.0,30,1,abs_ge_50mWh
DONGQZ-PF6229ZN_dongqz,2026-04-01,2026-03-02 23:59:59.999999999,2026-04-01 23:59:59.999999999,581,29.207,0.5,4.924,47.358,29,9,2,0,0,0,0,False,WINDOW_QUALITY_OK,16.0,25.0,9.0,9.244,0.7608,0.1567,0.2392,2.0,100.0,98.0,61.0,98.0,100.0,0.0013,0.0027,0.8464,0.756,0.6741,110,151,55,58930.0,57690.0,57180.0,59320.0,2140.0,12,3,2110.0,2026-03-17 12:08:27,21.0,101.6,99.47,11,0,3,3,14,0,0,0,0,0,0,1,0,0,1,4.95,6,5,11,0.001393,2.856,0.1088,0.08933,5.5,6,5,11,0.000488,3.3113,0.1088,2026-04-01 23:59:59.999999999,2026-01-20 13:50:00,2026-04-01 13:14:11,71.424,True,57740.0,2026-03-17 12:08:27,21.0,15.494,4.0,True,57690.0,2026-03-29 22:38:02,25.0,3.057,0.0,True,4,20.0,True,6,0,0,3,0,3,3,0,0,0,0,0,0,0,3,3,0,0,1.35,0,-1.79351,0.7789,0.7789,15.494,4.0,3,0,0,0.7789,4,MOBILE_DEEP_CYCLE,STATEFUL_WATCH_LOW_EVIDENCE,WINDOW_NORMAL_RESPONDING,ACTION_MONITOR_NEXT_WINDOW,low,8,weak_partial_evidence,fw_like;micro_wobble,days_eff=15 days_any=3 cyc_eff=4 hq_nr=3 total_nr=3 cens=3 lg_opp=0 opp=6 norm_anom=0.78 conf_p=0.109 micro_only=True cluster=MOBILE_DEEP_CYCLE,No user-facing action; monitoring.,Ambiguous/weak evidence (15d since effective change); monitor next window.,,True,False,True,False,False,False,False,False,0,2026-07-08T17:46:07Z,rolling30-od2.0,30,1,abs_ge_50mWh
DRICKARD-5GLCFY_drickard,2025-12-17,2025-11-17 23:59:59.999999999,2025-12-17 23:59:59.999999999,503,29.332,0.5,1.705,60.013,19,12,7,0,0,0,0,False,WINDOW_QUALITY_OK,29.0,32.0,3.0,3.068,0.9131,0.0331,0.0869,2.0,100.0,98.0,47.1,98.0,100.0,0.0057,0.0171,0.919,0.8977,0.7975,10,16,5,52870.0,52260.0,52260.0,52870.0,610.0,4,1,560.0,2025-12-05 09:43:05,31.0,96.57,95.45,1,1,1,0,2,0,0,0,0,0,0,1,0,0,1,0.45,0,1,1,0.55,0.2596,1.0,1.0,0.5,0,1,1,0.5,0.301,1.0,2025-12-17 23:59:59.999999999,2025-05-28 14:46:22,2025-12-17 15:06:50,203.384,True,52280.0,2025-12-05 09:43:05,31.0,12.595,1.0,True,52260.0,2025-12-08 08:59:27,32.0,9.625,0.0,True,1,20.0,True,1,0,0,1,0,1,0,0,0,0,0,0,0,0,1,0,0,0,0.45,0,-0.59784,0.2596,0.2596,12.595,1.0,1,0,0,0.2596,4,MOBILE_DEEP_CYCLE,STATEFUL_WATCH_LOW_EVIDENCE,WINDOW_NORMAL_RESPONDING,ACTION_MONITOR_NEXT_WINDOW,low,8,weak_partial_evidence,fw_like;micro_wobble,days_eff=13 days_any=10 cyc_eff=1 hq_nr=1 total_nr=1 cens=0 lg_opp=0 opp=1 norm_anom=0.26 conf_p=1 micro_only=True cluster=MOBILE_DEEP_CYCLE,No user-facing action; monitoring.,Ambiguous/weak evidence (12d since effective change); monitor next window.,,True,False,True,False,False,False,False,False,0,2026-07-08T17:46:07Z,rolling30-od2.0,30,1,abs_ge_50mWh
DRUBRIGHT-DPJ32_drubright,2025-05-27,2025-04-27 23:59:59.999999999,2025-05-27 23:59:59.999999999,702,29.583,0.5,4.476,27.759,29,8,1,0,0,0,0,False,WINDOW_QUALITY_OK,52.0,69.0,17.0,17.24,0.509,0.1886,0.491,21.0,100.0,79.0,47.1,97.0,100.0,0.0,0.0,0.7025,0.6078,0.4847,116,192,58,52760.0,50080.0,49900.0,53430.0,3530.0,25,9,2110.0,2025-05-26 14:44:11,69.0,95.75,90.89,15,0,0,4,19,0,0,0,0,0,0,0,0,0,0,6.75,11,4,15,0.000127,3.8946,0.02763,0.01898,7.5,11,4,15,3.1e-05,4.5154,0.02763,2025-05-27 23:59:59.999999999,2025-01-07 13:53:42,2025-05-27 21:41:54,140.421,True,50080.0,2025-05-26 14:44:11,69.0,1.386,0.0,True,50080.0,2025-05-26 14:44:11,69.0,1.386,0.0,True,0,0.0,False,1,0,0,0,0,0,1,0,0,0,0,0,0,0,0,1,0,0,0.0,0,0.0,-0.0,-0.0,1.386,0.0,0,0,0,-0.0,4,MOBILE_DEEP_CYCLE,STATEFUL_WATCH_LARGE_GAP_OR_CENSORED,WINDOW_NORMAL_RESPONDING,ACTION_MONITOR_NEXT_WINDOW,low,7,large_gap_or_censored_dominant,fw_like;censored_dominant,days_eff=1 days_any=1 cyc_eff=0 hq_nr=0 total_nr=0 cens=1 lg_opp=0 opp=1 norm_anom=-0.00 conf_p=0.0276 micro_only=False cluster=MOBILE_DEEP_CYCLE,No user-facing action; monitoring.,Ambiguous/weak evidence (1d since effective change); monitor next window.,,True,False,False,False,True,False,False,False,0,2026-07-08T17:46:07Z,rolling30-od2.0,30,1,abs_ge_50mWh
DRUBRIGHT-FSTTJ_drubright,2026-05-27,2026-04-27 23:59:59.999999999,2026-05-27 23:59:59.999999999,564,29.519,0.5,7.07,30.926,34,8,3,0,0,0,0,False,WINDOW_QUALITY_OK,107.0,124.0,17.0,17.277,0.4712,0.1745,0.5288,2.0,100.0,98.0,27.0,92.0,100.0,0.0249,0.0388,0.5821,0.4752,0.42,104,141,53,50670.0,47300.0,47300.0,51360.0,4060.0,21,5,3160.0,2026-05-20 21:00:41,121.0,88.89,82.98,14,0,1,0,14,0,0,0,0,0,0,3,0,0,3,6.3,9,5,14,0.000232,3.6349,0.03999,0.02895,7.0,9,5,14,6.1e-05,4.2144,0.03999,2026-05-27 23:59:59.999999999,2025-06-11 14:08:58,2026-05-27 19:26:33,350.41,True,47340.0,2026-05-20 21:00:41,121.0,7.125,3.0,True,47300.0,2026-05-27 11:24:19,124.0,0.525,0.0,True,3,20.0,True,0,0,0,0,0,0,0,0,0,0,0,0,0,0,0,0,0,0,0.0,0,0.0,-0.0,-0.0,7.125,3.0,0,0,0,-0.0,4,MOBILE_DEEP_CYCLE,STATEFUL_WATCH_LOW_EVIDENCE,WINDOW_NORMAL_RESPONDING,ACTION_MONITOR_NEXT_WINDOW,low,8,weak_partial_evidence,fw_like;micro_wobble,days_eff=7 days_any=1 cyc_eff=3 hq_nr=0 total_nr=0 cens=0 lg_opp=0 opp=0 norm_anom=-0.00 conf_p=0.04 micro_only=True cluster=MOBILE_DEEP_CYCLE,No user-facing action; monitoring.,Ambiguous/weak evidence (7d since effective change); monitor next window.,,True,False,True,False,False,False,False,False,0,2026-07-08T17:46:07Z,rolling30-od2.0,30,1,abs_ge_50mWh
EAAGM1_pasw-,2025-09-05,2025-08-06 23:59:59.999999999,2025-09-05 23:59:59.999999999,305,29.721,0.5,13.469,127.29,18,16,5,0,0,0,0,False,WINDOW_QUALITY_OK,20.0,23.0,3.0,3.028,0.716,0.1366,0.284,10.0,100.0,90.0,25.2,100.0,100.0,0.0,0.0385,0.7136,0.6502,0.6293,28,37,14,58990.0,58920.0,58920.0,58990.0,70.0,4,0,0.0,,,103.44,103.31,0,2,0,0,2,0,0,0,0,0,0,0,0,0,0,0.0,0,0,0,,0.0,,,0.0,0,0,0,,0.0,,2025-09-05 23:59:59.999999999,2025-04-14 18:23:29,2025-09-05 17:27:16,144.234,True,59010.0,2025-07-24 12:38:01,20.0,43.474,3.0,True,58920.0,2025-09-04 18:24:40,23.0,1.233,0.0,True,5,30.0,True,0,0,2,0,0,0,0,0,0,0,0,0,0,0,0,0,2,0,0.0,0,0.0,-0.0,-0.0,43.474,3.0,0,0,0,-0.0,4,MOBILE_DEEP_CYCLE,STATEFUL_WATCH_LARGE_GAP_OR_CENSORED,WINDOW_MICRO_WOBBLE_ONLY,ACTION_MONITOR_NEXT_WINDOW,low,7,large_gap_or_censored_dominant,micro_wobble;large_gap_dominant,days_eff=43 days_any=1 cyc_eff=3 hq_nr=0 total_nr=0 cens=0 lg_opp=2 opp=2 norm_anom=-0.00 conf_p=1 micro_only=True cluster=MOBILE_DEEP_CYCLE,No user-facing action; monitoring.,Ambiguous/weak evidence (43d since effective change); monitor next window.,,False,False,True,True,False,False,False,False,0,2026-07-08T17:46:07Z,rolling30-od2.0,30,1,abs_ge_50mWh
EB16034-F2RY6ZG_eb16034,2025-10-28,2025-09-28 23:59:59.999999999,2025-10-28 23:59:59.999999999,382,29.118,0.5,13.411,86.342,22,21,6,0,0,0,0,False,WINDOW_QUALITY_OK,253.0,265.0,12.0,12.363,0.7363,0.1225,0.2637,2.0,100.0,98.0,25.15,100.0,100.0,0.0109,0.0212,0.8118,0.7805,0.761,36,55,18,50490.0,40550.0,40550.0,50490.0,9940.0,1,1,9940.0,2025-10-10 12:55:52,258.0,99.98,80.3,4,0,2,2,6,0,0,0,0,0,0,3,0,0,3,1.8,2,2,4,0.091506,1.0385,0.58528,0.55423,2.0,2,2,4,0.0625,1.2041,0.58528,2025-10-28 23:59:59.999999999,2023-02-02 17:38:06,2025-10-28 12:35:52,999.265,True,40550.0,2025-10-10 12:55:52,258.0,18.461,7.0,True,40550.0,2025-10-10 12:55:52,258.0,18.461,7.0,True,0,0.0,False,2,0,0,0,0,0,2,0,1,2,0,1,1,0,0,2,0,0,0.0,0,0.0,-0.0,-0.0,18.461,7.0,0,1,0,-0.0,4,MOBILE_DEEP_CYCLE,STATEFUL_WATCH_LARGE_GAP_OR_CENSORED,WINDOW_NORMAL_RESPONDING,ACTION_MONITOR_NEXT_WINDOW,low,7,large_gap_or_censored_dominant,fw_like;censored_dominant,days_eff=18 days_any=18 cyc_eff=7 hq_nr=0 total_nr=0 cens=2 lg_opp=0 opp=5 norm_anom=-0.00 conf_p=0.585 micro_only=False cluster=MOBILE_DEEP_CYCLE,No user-facing action; monitoring.,Ambiguous/weak evidence (18d since effective change); monitor next window.,,True,False,False,False,True,False,False,False,0,2026-07-08T17:46:07Z,rolling30-od2.0,30,1,abs_ge_50mWh
EBUCHHOLZ-HKD6N_ebuchholz,2025-08-06,2025-07-07 23:59:59.999999999,2025-08-06 23:59:59.999999999,352,29.075,0.5,11.387,59.794,31,11,5,0,0,0,0,False,WINDOW_QUALITY_OK,16.0,26.0,10.0,10.318,0.4682,0.2066,0.5318,12.0,100.0,88.0,26.0,88.0,100.0,0.0,0.0074,0.5661,0.4318,0.3135,62,83,32,56960.0,55960.0,55860.0,56960.0,1100.0,13,3,570.0,2025-07-28 21:05:57,24.0,99.93,98.18,7,0,4,2,9,0,0,0,0,0,0,0,0,0,0,3.15,1,6,7,0.015224,1.8175,0.31582,0.28541,3.5,1,6,7,0.007813,2.1072,0.31582,2025-08-06 23:59:59.999999999,2025-05-27 14:24:58,2025-08-06 10:10:25,71.399,True,55980.0,2025-07-28 21:05:57,24.0,9.121,2.0,True,55960.0,2025-08-01 14:04:41,26.0,5.413,0.0,True,2,10.0,True,2,0,0,0,0,0,2,0,0,0,0,0,0,0,0,2,0,0,0.0,0,0.0,-0.0,-0.0,9.121,2.0,0,0,0,-0.0,4,MOBILE_DEEP_CYCLE,STATEFUL_WATCH_LARGE_GAP_OR_CENSORED,WINDOW_NORMAL_RESPONDING,ACTION_MONITOR_NEXT_WINDOW,low,7,large_gap_or_censored_dominant,fw_like;micro_wobble;censored_dominant,days_eff=9 days_any=5 cyc_eff=2 hq_nr=0 total_nr=0 cens=2 lg_opp=0 opp=2 norm_anom=-0.00 conf_p=0.316 micro_only=True cluster=MOBILE_DEEP_CYCLE,No user-facing action; monitoring.,Ambiguous/weak evidence (9d since effective change); monitor next window.,,True,False,True,False,True,False,False,False,0,2026-07-08T17:46:07Z,rolling30-od2.0,30,1,abs_ge_50mWh
EIGERAMD_44900,2026-06-01,2026-05-02 23:59:59.999999999,2026-06-01 23:59:59.999999999,588,28.001,0.5,8.076,16.716,31,16,0,0,0,0,0,False,WINDOW_QUALITY_OK,128.0,137.0,9.0,9.643,0.7247,0.1067,0.2753,31.0,100.0,69.0,67.0,98.0,100.0,0.0,0.0,0.878,0.7836,0.7237,93,126,47,41150.0,41040.0,41040.0,41150.0,110.0,9,0,0.0,,,70.92,70.73,7,1,7,3,11,0,0,0,0,0,0,0,0,0,0,3.15,0,7,7,0.015224,1.8175,0.31582,0.28541,3.5,0,7,7,0.007813,2.1072,0.31582,2026-06-01 23:59:59.999999999,2024-09-26 17:09:28,2026-06-01 10:00:12,613.285,True,41190.0,2026-04-05 08:04:26,124.0,57.664,13.0,True,41040.0,2026-05-29 15:28:33,137.0,3.355,0.0,True,13,20.0,True,13,1,1,11,0,11,3,0,0,0,0,0,0,0,11,3,1,0,4.95,0,-6.57621,2.856,2.856,57.664,13.0,11,0,0,2.856,5,AC_BOUND,STATEFUL_WATCH_LOW_EVIDENCE,WINDOW_OPPORTUNITY_NO_RESPONSE,ACTION_MONITOR_NEXT_WINDOW,low,8,weak_partial_evidence,fw_like;micro_wobble,days_eff=58 days_any=3 cyc_eff=13 hq_nr=11 total_nr=11 cens=3 lg_opp=1 opp=15 norm_anom=2.86 conf_p=0.316 micro_only=True cluster=AC_BOUND,No user-facing action; monitoring.,Ambiguous/weak evidence (57d since effective change); monitor next window.,,True,False,True,False,False,False,False,False,29,2026-07-08T17:46:07Z,rolling30-od2.0,30,1,abs_ge_50mWh
ESHORT_L13,2024-07-29,2024-06-29 23:59:59.999999999,2024-07-29 23:59:59.999999999,388,28.094,0.5,5.103,112.438,18,6,4,0,0,0,0,False,WINDOW_QUALITY_OK,296.0,314.0,18.0,19.221,0.3432,0.2379,0.6568,18.0,100.0,82.0,48.0,82.5,100.0,0.0,0.008,0.5963,0.4133,0.3354,93,142,47,42030.0,41700.0,40400.0,42160.0,1760.0,59,43,1430.0,2024-07-26 16:44:35,313.0,91.37,90.65,16,1,0,4,21,0,0,0,0,0,0,0,0,0,0,7.2,15,1,16,7e-05,4.1542,0.01892,0.01208,8.0,15,1,16,1.5e-05,4.8165,0.01892,2024-07-29 23:59:59.999999999,2023-03-24 10:37:41,2024-07-29 11:56:24,493.557,True,41730.0,2024-07-26 16:44:35,313.0,3.302,1.0,True,41700.0,2024-07-29 10:26:24,314.0,0.565,0.0,True,1,30.0,True,0,0,1,0,0,0,0,0,0,0,0,0,0,0,0,0,1,0,0.0,0,0.0,-0.0,-0.0,3.302,1.0,0,0,0,-0.0,4,MOBILE_DEEP_CYCLE,STATEFUL_WATCH_LARGE_GAP_OR_CENSORED,WINDOW_NORMAL_RESPONDING,ACTION_MONITOR_NEXT_WINDOW,low,7,large_gap_or_censored_dominant,fw_like;micro_wobble;large_gap_dominant,days_eff=3 days_any=1 cyc_eff=1 hq_nr=0 total_nr=0 cens=0 lg_opp=1 opp=1 norm_anom=-0.00 conf_p=0.0189 micro_only=True cluster=MOBILE_DEEP_CYCLE,No user-facing action; monitoring.,Ambiguous/weak evidence (3d since effective change); monitor next window.,,True,False,True,True,False,False,False,False,0,2026-07-08T17:46:07Z,rolling30-od2.0,30,1,abs_ge_50mWh
ETURNER-F54Q6Z0_eturner,2025-06-11,2025-05-12 23:59:59.999999999,2025-06-11 23:59:59.999999999,374,29.129,0.5,3.367,86.595,18,15,5,0,0,0,0,False,WINDOW_QUALITY_OK,72.0,80.0,8.0,8.239,0.5003,0.1291,0.4997,2.0,100.0,98.0,18.0,99.0,100.0,0.0211,0.0529,0.7107,0.6195,0.4869,52,79,26,52600.0,53080.0,52010.0,53090.0,1080.0,13,5,1000.0,2025-06-09 10:37:37,79.0,90.69,91.52,4,0,0,3,7,0,0,0,0,0,0,1,0,0,1,1.8,2,2,4,0.091506,1.0385,0.58528,0.55423,2.0,2,2,4,0.0625,1.2041,0.58528,2025-06-11 23:59:59.999999999,2024-09-11 14:46:15,2025-06-11 11:04:49,273.385,True,53090.0,2025-06-09 10:37:37,79.0,2.557,1.0,True,53080.0,2025-06-11 11:04:49,80.0,0.538,0.0,True,1,10.0,True,1,0,0,0,0,0,1,0,0,0,0,0,0,0,0,1,0,0,0.0,0,0.0,-0.0,-0.0,2.557,1.0,0,0,0,-0.0,4,MOBILE_DEEP_CYCLE,STATEFUL_WATCH_LARGE_GAP_OR_CENSORED,WINDOW_NORMAL_RESPONDING,ACTION_MONITOR_NEXT_WINDOW,low,7,large_gap_or_censored_dominant,micro_wobble;censored_dominant,days_eff=3 days_any=1 cyc_eff=1 hq_nr=0 total_nr=0 cens=1 lg_opp=0 opp=1 norm_anom=-0.00 conf_p=0.585 micro_only=True cluster=MOBILE_DEEP_CYCLE,No user-facing action; monitoring.,Ambiguous/weak evidence (2d since effective change); monitor next window.,,False,False,True,False,True,False,False,False,0,2026-07-08T17:46:07Z,rolling30-od2.0,30,1,abs_ge_50mWh
FANG_X13,2025-06-18,2025-05-19 23:59:59.999999999,2025-06-18 23:59:59.999999999,290,28.734,0.5,17.641,45.679,28,24,6,0,0,0,0,False,WINDOW_QUALITY_OK,67.0,70.0,3.0,3.132,0.887,0.0719,0.113,14.0,100.0,86.0,79.45,99.0,100.0,0.0,0.0059,0.9304,0.9169,0.746,34,46,17,55170.0,54590.0,54590.0,55170.0,580.0,1,1,580.0,2025-05-28 11:03:27,68.0,100.8,99.74,2,1,2,0,3,0,0,0,0,0,0,0,0,0,0,0.9,0,2,2,0.3025,0.5193,0.84249,0.8177,1.0,0,2,2,0.25,0.6021,0.84249,2025-06-18 23:59:59.999999999,2023-05-10 12:24:40,2025-06-18 02:16:47,770.483,True,54590.0,2025-05-28 11:03:27,68.0,21.539,2.0,True,54590.0,2025-05-28 11:03:27,68.0,21.539,2.0,True,0,0.0,False,2,1,0,2,1,3,0,0,0,0,0,0,0,0,2,0,0,0,1.35,0,-1.79351,0.7789,0.7789,21.539,2.0,3,0,0,0.7789,4,MOBILE_DEEP_CYCLE,STATEFUL_WATCH_LOW_EVIDENCE,WINDOW_NORMAL_RESPONDING,ACTION_MONITOR_NEXT_WINDOW,low,8,weak_partial_evidence,fw_like,days_eff=22 days_any=22 cyc_eff=2 hq_nr=2 total_nr=3 cens=0 lg_opp=0 opp=3 norm_anom=0.78 conf_p=0.842 micro_only=False cluster=MOBILE_DEEP_CYCLE,No user-facing action; monitoring.,Ambiguous/weak evidence (21d since effective change); monitor next window.,,True,False,False,False,False,False,False,False,0,2026-07-08T17:46:07Z,rolling30-od2.0,30,1,abs_ge_50mWh
FBOWER-PF5PJKZL_fbower,2026-05-27,2026-04-27 23:59:59.999999999,2026-05-27 23:59:59.999999999,1352,29.54,0.5,0.5,11.979,4,0,0,0,0,0,0,False,WINDOW_QUALITY_OK,19.0,21.0,2.0,2.031,0.9702,0.1065,0.0298,41.0,100.0,59.0,95.0,97.0,100.0,0.0,0.0,0.9858,0.9806,0.7443,20,29,10,52570.0,52010.0,52010.0,52570.0,560.0,3,1,530.0,2026-04-30 10:14:39,20.0,92.23,91.25,1,0,0,0,1,0,0,0,0,0,0,0,0,0,0,0.45,1,0,1,0.55,0.2596,1.0,1.0,0.5,1,0,1,0.5,0.301,1.0,2026-05-27 23:59:59.999999999,2025-10-01 13:15:58,2026-05-27 13:13:41,238.447,True,52030.0,2026-04-30 10:14:39,20.0,27.573,1.0,True,52010.0,2026-05-13 17:21:02,21.0,14.277,0.0,True,1,20.0,True,0,0,0,0,0,0,0,0,0,0,0,0,0,0,0,0,0,0,0.0,0,0.0,-0.0,-0.0,27.573,1.0,0,0,0,-0.0,5,AC_BOUND,STATEFUL_WATCH_LOW_EVIDENCE,WINDOW_NORMAL_RESPONDING,ACTION_MONITOR_NEXT_WINDOW,low,8,weak_partial_evidence,micro_wobble,days_eff=28 days_any=14 cyc_eff=1 hq_nr=0 total_nr=0 cens=0 lg_opp=0 opp=0 norm_anom=-0.00 conf_p=1 micro_only=True cluster=AC_BOUND,No user-facing action; monitoring.,Ambiguous/weak evidence (27d since effective change); monitor next window.,,False,False,True,False,False,False,False,False,0,2026-07-08T17:46:07Z,rolling30-od2.0,30,1,abs_ge_50mWh
FORIPF_radac,2026-03-25,2026-02-23 23:59:59.999999999,2026-03-25 23:59:59.999999999,250,27.776,0.5,7.666,123.503,14,11,3,0,0,0,0,False,WINDOW_QUALITY_OK,188.0,198.0,10.0,10.801,0.3686,0.166,0.6314,7.0,100.0,93.0,22.45,76.5,100.0,0.0032,0.0311,0.4705,0.3872,0.332,27,42,14,48890.0,48350.0,48140.0,49120.0,980.0,27,16,630.0,2026-03-25 13:29:21,197.0,85.77,84.82,5,0,0,1,6,0,0,0,0,0,0,0,0,0,0,2.25,5,0,5,0.050328,1.2982,0.48168,0.44777,2.5,5,0,5,0.03125,1.5051,0.48168,2026-03-25 23:59:59.999999999,2024-02-26 10:48:22,2026-03-25 13:59:21,758.55,True,48350.0,2026-03-25 13:29:21,197.0,0.438,1.0,True,48350.0,2026-03-25 13:29:21,197.0,0.438,1.0,True,0,0.0,False,0,0,0,0,0,0,0,0,0,0,0,0,0,0,0,0,0,0,0.0,0,0.0,-0.0,-0.0,0.438,1.0,0,0,0,-0.0,4,MOBILE_DEEP_CYCLE,STATEFUL_WATCH_LOW_EVIDENCE,WINDOW_NORMAL_RESPONDING,ACTION_MONITOR_NEXT_WINDOW,low,8,weak_partial_evidence,,days_eff=0 days_any=0 cyc_eff=1 hq_nr=0 total_nr=0 cens=0 lg_opp=0 opp=0 norm_anom=-0.00 conf_p=0.482 micro_only=False cluster=MOBILE_DEEP_CYCLE,No user-facing action; monitoring.,Ambiguous/weak evidence (0d since effective change); monitor next window.,,False,False,False,False,False,False,False,False,0,2026-07-08T17:46:07Z,rolling30-od2.0,30,1,abs_ge_50mWh
FSUN3-PC133Y8H_LicenseServer,2026-05-25,2026-04-25 23:59:59.999999999,2026-05-25 23:59:59.999999999,576,11.972,0.5,0.5,1.309,0,0,0,0,0,0,0,False,WINDOW_QUALITY_OK,125.0,126.0,1.0,2.506,0.9843,0.007,0.0157,51.0,100.0,49.0,99.0,100.0,100.0,0.0,0.0,0.9878,0.9843,0.9791,2,3,1,49790.0,47760.0,47760.0,49790.0,2030.0,1,1,2030.0,2026-05-17 06:05:31,126.0,87.32,83.76,1,0,0,0,1,0,0,0,0,0,0,0,0,0,0,0.45,1,0,1,0.55,0.2596,1.0,1.0,0.5,1,0,1,0.5,0.301,1.0,2026-05-25 23:59:59.999999999,2023-02-07 19:00:19,2026-05-25 13:54:39,1203.208,True,47760.0,2026-05-17 06:05:31,126.0,8.746,0.0,True,47760.0,2026-05-17 06:05:31,126.0,8.746,0.0,True,0,0.0,False,0,0,0,0,0,0,0,0,0,0,0,0,0,0,0,0,0,0,0.0,0,0.0,-0.0,-0.0,8.746,0.0,0,0,0,-0.0,5,AC_BOUND,STATEFUL_WATCH_LOW_EVIDENCE,WINDOW_NORMAL_RESPONDING,ACTION_MONITOR_NEXT_WINDOW,low,8,weak_partial_evidence,,days_eff=9 days_any=9 cyc_eff=0 hq_nr=0 total_nr=0 cens=0 lg_opp=0 opp=0 norm_anom=-0.00 conf_p=1 micro_only=False cluster=AC_BOUND,No user-facing action; monitoring.,Ambiguous/weak evidence (8d since effective change); monitor next window.,,False,False,False,False,False,False,False,False,0,2026-07-08T17:46:07Z,rolling30-od2.0,30,1,abs_ge_50mWh
GKONDO-PF4RM5PL_gkondo,2024-09-11,2024-08-12 23:59:59.999999999,2024-09-11 23:59:59.999999999,553,29.825,0.5,5.176,60.329,26,15,4,0,0,0,0,False,WINDOW_QUALITY_OK,41.0,51.0,10.0,10.059,0.5941,0.164,0.4059,2.0,100.0,98.0,34.6,97.0,100.0,0.0095,0.0228,0.766,0.6778,0.5587,120,174,60,56780.0,51900.0,51900.0,58080.0,6180.0,16,5,5140.0,2024-09-11 19:56:08,51.0,99.56,91.0,5,1,1,1,7,0,0,0,0,0,0,3,0,0,3,2.25,4,1,5,0.050328,1.2982,0.48168,0.44777,2.5,4,1,5,0.03125,1.5051,0.48168,2024-09-11 23:59:59.999999999,2024-05-16 17:36:00,2024-09-11 19:56:17,118.267,True,51900.0,2024-09-11 19:56:08,51.0,0.169,0.0,True,51900.0,2024-09-11 19:56:08,51.0,0.169,0.0,True,0,0.0,False,0,0,0,0,0,0,0,0,0,0,0,0,0,0,0,0,0,0,0.0,0,0.0,-0.0,-0.0,0.169,0.0,0,0,0,-0.0,4,MOBILE_DEEP_CYCLE,STATEFUL_WATCH_LOW_EVIDENCE,WINDOW_NORMAL_RESPONDING,ACTION_MONITOR_NEXT_WINDOW,low,8,weak_partial_evidence,,days_eff=0 days_any=0 cyc_eff=0 hq_nr=0 total_nr=0 cens=0 lg_opp=0 opp=0 norm_anom=-0.00 conf_p=0.482 micro_only=False cluster=MOBILE_DEEP_CYCLE,No user-facing action; monitoring.,Ambiguous/weak evidence (0d since effective change); monitor next window.,,False,False,False,False,False,False,False,False,0,2026-07-08T17:46:07Z,rolling30-od2.0,30,1,abs_ge_50mWh
GKONDOXPF3TRKJD_gkondo,2026-06-01,2026-05-02 23:59:59.999999999,2026-06-01 23:59:59.999999999,229,26.662,0.5,0.5,266.778,2,2,2,0,0,0,0,False,WINDOW_QUALITY_OK,512.0,515.0,3.0,3.376,0.7364,0.0717,0.2636,1.0,100.0,99.0,9.0,100.0,100.0,0.0668,0.0939,0.7351,0.708,0.6945,8,12,4,43640.0,43640.0,43640.0,43640.0,0.0,0,0,0.0,,,76.56,76.56,1,0,1,0,1,0,0,0,0,0,1,1,1,0,2,0.45,0,1,1,0.55,0.2596,1.0,1.0,0.5,0,1,1,0.5,0.301,1.0,2026-06-01 23:59:59.999999999,2023-02-02 16:46:38,2026-06-01 20:55:40,1215.301,True,43640.0,2026-04-08 02:43:15,506.0,54.887,9.0,True,43640.0,2026-04-08 02:43:15,506.0,54.887,9.0,True,0,0.0,False,4,0,0,4,0,4,0,1,1,3,1,1,2,0,4,0,0,0,1.8,0,-2.39135,1.0385,1.0385,54.887,9.0,4,2,0,1.0385,4,MOBILE_DEEP_CYCLE,STATEFUL_WATCH_LOW_EVIDENCE,WINDOW_OPPORTUNITY_NO_RESPONSE,ACTION_MONITOR_NEXT_WINDOW,low,8,weak_partial_evidence,fw_like,days_eff=55 days_any=55 cyc_eff=9 hq_nr=4 total_nr=4 cens=0 lg_opp=0 opp=9 norm_anom=1.04 conf_p=1 micro_only=False cluster=MOBILE_DEEP_CYCLE,No user-facing action; monitoring.,Ambiguous/weak evidence (54d since effective change); monitor next window.,,True,False,False,False,False,False,False,False,25,2026-07-08T17:46:07Z,rolling30-od2.0,30,1,abs_ge_50mWh
GMCNEIL-F55JALH_gmcneil,2024-11-25,2024-10-26 23:59:59.999999999,2024-11-25 23:59:59.999999999,1024,29.639,0.5,0.595,42.303,15,7,2,0,0,0,0,False,WINDOW_QUALITY_OK,26.0,43.0,17.0,17.207,0.8072,0.2075,0.1928,0.0,100.0,100.0,16.0,97.0,100.0,0.0267,0.0654,0.7653,0.741,0.6268,130,200,65,56650.0,53810.0,53140.0,57530.0,4390.0,25,8,2550.0,2024-11-22 22:27:19,42.0,97.67,92.78,9,0,2,3,12,0,0,0,0,0,3,2,1,0,5,4.05,3,6,9,0.004605,2.3367,0.1914,0.1649,4.5,3,6,9,0.001953,2.7093,0.1914,2024-11-25 23:59:59.999999999,2024-09-17 15:21:50,2024-11-25 15:44:09,69.36,True,53850.0,2024-11-22 22:27:19,42.0,3.064,1.0,True,53810.0,2024-11-25 09:37:40,43.0,0.599,0.0,True,1,40.0,True,1,0,0,0,0,0,1,0,0,1,0,0,0,0,0,1,0,0,0.0,0,0.0,-0.0,-0.0,3.064,1.0,0,0,0,-0.0,4,MOBILE_DEEP_CYCLE,STATEFUL_WATCH_LARGE_GAP_OR_CENSORED,WINDOW_NORMAL_RESPONDING,ACTION_MONITOR_NEXT_WINDOW,low,7,large_gap_or_censored_dominant,fw_like;micro_wobble;censored_dominant,days_eff=3 days_any=1 cyc_eff=1 hq_nr=0 total_nr=0 cens=1 lg_opp=0 opp=2 norm_anom=-0.00 conf_p=0.191 micro_only=True cluster=MOBILE_DEEP_CYCLE,No user-facing action; monitoring.,Ambiguous/weak evidence (3d since effective change); monitor next window.,,True,False,True,False,True,False,False,False,0,2026-07-08T17:46:07Z,rolling30-od2.0,30,1,abs_ge_50mWh
GREG-WORK-X13Y_gmcneil,2024-09-06,2024-08-07 23:59:59.999999999,2024-09-06 23:59:59.999999999,920,29.905,0.5,1.342,39.542,16,6,3,0,0,0,0,False,WINDOW_QUALITY_OK,146.0,165.0,19.0,19.06,0.7046,0.2802,0.2954,3.0,100.0,97.0,22.9,98.0,100.0,0.0076,0.0334,0.7466,0.7106,0.6777,126,164,63,47140.0,47140.0,47140.0,47140.0,0.0,0,0,0.0,,,86.13,86.13,9,0,9,4,13,0,0,0,0,0,1,3,1,0,4,4.05,0,9,9,0.004605,2.3367,0.1914,0.1649,4.5,0,9,9,0.001953,2.7093,0.1914,2024-09-06 23:59:59.999999999,2023-05-12 21:19:28,2024-09-06 22:00:20,483.111,True,47140.0,2024-08-01 12:59:45,143.0,36.459,22.0,True,47140.0,2024-08-01 12:59:45,143.0,36.459,22.0,True,0,0.0,False,15,0,0,11,0,11,4,1,1,3,1,1,2,0,11,4,0,0,4.95,0,-6.57621,2.856,2.856,36.459,22.0,11,2,0,2.856,3,AC_BOUND,STATEFUL_WATCH_LOW_EVIDENCE,WINDOW_OPPORTUNITY_NO_RESPONSE,ACTION_MONITOR_NEXT_WINDOW,low,8,weak_partial_evidence,fw_like,days_eff=36 days_any=36 cyc_eff=22 hq_nr=11 total_nr=11 cens=4 lg_opp=0 opp=20 norm_anom=2.86 conf_p=0.191 micro_only=False cluster=AC_BOUND,No user-facing action; monitoring.,Ambiguous/weak evidence (36d since effective change); monitor next window.,,True,False,False,False,False,False,False,False,7,2026-07-08T17:46:07Z,rolling30-od2.0,30,1,abs_ge_50mWh
GTORRES3-0C7G0F_gtorres3,2024-11-11,2024-10-12 23:59:59.999999999,2024-11-11 23:59:59.999999999,346,28.525,0.5,11.366,36.854,34,17,3,0,0,0,0,False,WINDOW_QUALITY_OK,16.0,24.0,8.0,8.414,0.3135,0.1009,0.6922,2.0,100.0,98.0,16.0,79.0,100.0,0.0169,0.056,0.4525,0.347,0.2618,44,47,20,58020.0,56710.0,56710.0,59080.0,2370.0,12,6,1750.0,2024-11-02 14:59:04,23.0,100.03,97.78,3,0,0,1,4,0,0,0,0,0,0,3,0,0,3,1.8,3,1,4,0.091506,1.0385,0.58528,0.55423,2.0,3,1,4,0.0625,1.2041,0.58528,2024-11-11 23:59:59.999999999,2024-08-14 09:26:53,2024-11-11 09:36:17,89.606,True,56730.0,2024-11-02 14:59:04,23.0,9.376,1.0,True,56710.0,2024-11-03 09:56:51,24.0,8.586,0.0,True,1,20.0,True,1,0,0,0,0,0,1,0,0,1,0,0,0,0,0,1,0,0,0.0,0,0.0,-0.0,-0.0,9.376,1.0,0,0,0,-0.0,4,MOBILE_DEEP_CYCLE,STATEFUL_WATCH_LARGE_GAP_OR_CENSORED,WINDOW_NORMAL_RESPONDING,ACTION_MONITOR_NEXT_WINDOW,low,7,large_gap_or_censored_dominant,micro_wobble;censored_dominant,days_eff=9 days_any=9 cyc_eff=1 hq_nr=0 total_nr=0 cens=1 lg_opp=0 opp=2 norm_anom=-0.00 conf_p=0.585 micro_only=True cluster=MOBILE_DEEP_CYCLE,No user-facing action; monitoring.,Ambiguous/weak evidence (9d since effective change); monitor next window.,,False,False,True,False,True,False,False,False,0,2026-07-08T17:46:07Z,rolling30-od2.0,30,1,abs_ge_50mWh
HAOJING6-501MPD_haojing6,2026-04-22,2026-03-23 23:59:59.999999999,2026-04-22 23:59:59.999999999,481,29.066,0.5,7.033,70.519,27,20,5,0,0,0,0,False,WINDOW_QUALITY_OK,67.0,73.0,6.0,6.193,0.7829,0.0943,0.2171,30.0,100.0,70.0,73.0,99.0,100.0,0.0,0.0,0.8894,0.8527,0.766,84,103,42,38050.0,37980.0,37980.0,38050.0,70.0,6,0,0.0,,,65.58,65.46,9,0,9,1,10,0,0,0,0,0,0,0,0,0,0,4.5,0,10,10,0.002533,2.5964,0.14604,0.12231,5.0,0,10,10,0.000977,3.0103,0.14604,2026-04-22 23:59:59.999999999,2025-03-17 13:51:58,2026-04-22 10:27:39,401.422,True,38060.0,2026-03-09 16:19:04,66.0,44.32,7.0,True,37980.0,2026-04-22 09:57:39,73.0,0.585,0.0,True,7,20.0,True,14,0,0,13,0,13,1,0,0,0,0,0,0,0,13,1,0,0,5.85,0,-7.77188,3.3753,3.3753,44.32,7.0,13,0,0,3.3753,5,AC_BOUND,STATEFUL_WATCH_LOW_EVIDENCE,WINDOW_OPPORTUNITY_NO_RESPONSE,ACTION_MONITOR_NEXT_WINDOW,low,8,weak_partial_evidence,fw_like;micro_wobble,days_eff=44 days_any=1 cyc_eff=7 hq_nr=13 total_nr=13 cens=1 lg_opp=0 opp=14 norm_anom=3.38 conf_p=0.146 micro_only=True cluster=AC_BOUND,No user-facing action; monitoring.,Ambiguous/weak evidence (44d since effective change); monitor next window.,,True,False,True,False,False,False,False,False,15,2026-07-08T17:46:07Z,rolling30-od2.0,30,1,abs_ge_50mWh
HARSHADA-X1CG12_hghodke,2026-05-27,2026-04-27 23:59:59.999999999,2026-05-27 23:59:59.999999999,238,28.978,0.5,15.014,73.682,27,15,5,0,0,0,0,False,WINDOW_QUALITY_OK,87.0,100.0,13.0,13.458,0.5652,0.1929,0.4348,2.0,100.0,98.0,15.85,89.5,100.0,0.0448,0.0668,0.6023,0.4771,0.3961,42,54,21,48580.0,49840.0,48570.0,52920.0,4350.0,17,6,4350.0,2026-05-20 13:35:42,97.0,85.18,87.39,2,1,0,1,4,0,0,0,0,0,0,3,0,0,3,0.9,0,2,2,0.3025,0.5193,0.84249,0.8177,1.0,0,2,2,0.25,0.6021,0.84249,2026-05-27 23:59:59.999999999,2024-09-08 10:50:18,2026-05-27 09:12:36,626.548,True,49880.0,2026-05-20 13:35:42,97.0,7.434,3.0,True,49840.0,2026-05-26 20:52:32,100.0,1.13,0.0,True,3,20.0,True,1,0,1,0,0,0,1,0,0,1,0,0,0,0,0,1,1,0,0.0,0,0.0,-0.0,-0.0,7.434,3.0,0,0,0,-0.0,4,MOBILE_DEEP_CYCLE,STATEFUL_WATCH_LARGE_GAP_OR_CENSORED,WINDOW_NORMAL_RESPONDING,ACTION_MONITOR_NEXT_WINDOW,low,7,large_gap_or_censored_dominant,micro_wobble;large_gap_dominant;censored_dominant,days_eff=7 days_any=1 cyc_eff=3 hq_nr=0 total_nr=0 cens=1 lg_opp=1 opp=3 norm_anom=-0.00 conf_p=0.842 micro_only=True cluster=MOBILE_DEEP_CYCLE,No user-facing action; monitoring.,Ambiguous/weak evidence (7d since effective change); monitor next window.,,False,False,True,True,True,False,False,False,0,2026-07-08T17:46:07Z,rolling30-od2.0,30,1,abs_ge_50mWh
HDIZ1PF59HFLQ_hdiz,2026-05-27,2026-04-27 23:59:59.999999999,2026-05-27 23:59:59.999999999,646,29.146,0.5,5.445,64.406,31,7,2,0,0,0,0,False,WINDOW_QUALITY_OK,223.0,247.0,24.0,24.703,0.3768,0.2109,0.6232,10.0,100.0,90.0,30.0,74.0,100.0,0.0,0.0137,0.4752,0.3599,0.2784,127,174,64,52300.0,51460.0,51460.0,52300.0,840.0,21,6,550.0,2026-05-26 20:52:37,246.0,91.71,90.23,13,0,1,5,18,0,0,0,0,0,0,0,0,0,0,5.85,7,6,13,0.000421,3.3753,0.05667,0.0433,6.5,7,6,13,0.000122,3.9134,0.05667,2026-05-27 23:59:59.999999999,2025-05-14 11:41:03,2026-05-27 11:02:11,378.513,True,51470.0,2026-05-26 20:52:37,246.0,1.13,1.0,True,51460.0,2026-05-27 10:32:11,247.0,0.561,0.0,True,1,10.0,True,1,0,0,0,0,0,1,0,0,0,0,0,0,0,0,1,0,0,0.0,0,0.0,-0.0,-0.0,1.13,1.0,0,0,0,-0.0,4,MOBILE_DEEP_CYCLE,STATEFUL_WATCH_LARGE_GAP_OR_CENSORED,WINDOW_NORMAL_RESPONDING,ACTION_MONITOR_NEXT_WINDOW,low,7,large_gap_or_censored_dominant,fw_like;micro_wobble;censored_dominant,days_eff=1 days_any=1 cyc_eff=1 hq_nr=0 total_nr=0 cens=1 lg_opp=0 opp=1 norm_anom=-0.00 conf_p=0.0567 micro_only=True cluster=MOBILE_DEEP_CYCLE,No user-facing action; monitoring.,Ambiguous/weak evidence (1d since effective change); monitor next window.,,True,False,True,False,True,False,False,False,0,2026-07-08T17:46:07Z,rolling30-od2.0,30,1,abs_ge_50mWh
HIDEKIK-F3T9NA0_hidekik,2024-08-06,2024-07-07 23:59:59.999999999,2024-08-06 23:59:59.999999999,629,29.614,0.5,3.912,52.86,26,6,4,0,0,0,0,False,WINDOW_QUALITY_OK,159.0,166.0,7.0,7.091,0.6267,0.1141,0.3733,28.0,100.0,72.0,84.0,99.0,100.0,0.0,0.0,0.9619,0.8669,0.687,155,216,78,52240.0,52240.0,52240.0,52240.0,0.0,0,0,0.0,,,91.57,91.57,4,0,4,1,5,0,0,0,0,0,0,0,0,0,0,1.8,0,4,4,0.091506,1.0385,0.58528,0.55423,2.0,0,4,4,0.0625,1.2041,0.58528,2024-08-06 23:59:59.999999999,2023-02-03 15:00:42,2024-08-06 15:12:42,550.375,True,52240.0,2024-06-17 10:08:15,150.0,50.578,16.0,True,52240.0,2024-06-17 10:08:15,150.0,50.578,16.0,True,0,0.0,False,9,0,0,8,0,8,1,0,0,0,0,0,0,0,8,1,0,0,3.6,0,-4.7827,2.0771,2.0771,50.578,16.0,8,0,0,2.0771,5,AC_BOUND,STATEFUL_WATCH_LOW_EVIDENCE,WINDOW_OPPORTUNITY_NO_RESPONSE,ACTION_MONITOR_NEXT_WINDOW,low,8,weak_partial_evidence,fw_like,days_eff=51 days_any=51 cyc_eff=16 hq_nr=8 total_nr=8 cens=1 lg_opp=0 opp=9 norm_anom=2.08 conf_p=0.585 micro_only=False cluster=AC_BOUND,No user-facing action; monitoring.,Ambiguous/weak evidence (50d since effective change); monitor next window.,,True,False,False,False,False,False,False,False,21,2026-07-08T17:46:07Z,rolling30-od2.0,30,1,abs_ge_50mWh
HIROSE-PF4AKXKG_hirose,2024-01-31,2024-01-01 23:59:59.999999999,2024-01-31 23:59:59.999999999,180,22.083,0.5,2.921,160.06,9,9,3,0,0,0,0,False,WINDOW_QUALITY_OK,6.0,8.0,2.0,2.717,0.7345,0.1084,0.2655,20.0,100.0,80.0,89.0,95.0,100.0,0.0,0.0,0.9728,0.8672,0.3702,19,24,10,74560.0,79210.0,74560.0,79210.0,4650.0,1,1,4650.0,2024-01-24 16:01:44,7.0,103.54,110.0,1,0,0,0,1,0,0,0,0,0,0,0,0,0,0,0.45,1,0,1,0.55,0.2596,1.0,1.0,0.5,1,0,1,0.5,0.301,1.0,2024-01-31 23:59:59.999999999,2023-04-25 16:09:03,2024-01-31 11:22:07,281.327,True,79210.0,2024-01-24 16:01:44,7.0,7.332,1.0,True,79210.0,2024-01-24 16:01:44,7.0,7.332,1.0,True,0,0.0,False,0,0,0,0,0,0,0,0,0,0,0,0,0,0,0,0,0,0,0.0,0,0.0,-0.0,-0.0,7.332,1.0,0,0,0,-0.0,5,AC_BOUND,STATEFUL_WATCH_LOW_EVIDENCE,WINDOW_NORMAL_RESPONDING,ACTION_MONITOR_NEXT_WINDOW,low,8,weak_partial_evidence,,days_eff=7 days_any=7 cyc_eff=1 hq_nr=0 total_nr=0 cens=0 lg_opp=0 opp=0 norm_anom=-0.00 conf_p=1 micro_only=False cluster=AC_BOUND,No user-facing action; monitoring.,Ambiguous/weak evidence (7d since effective change); monitor next window.,,False,False,False,False,False,False,False,False,0,2026-07-08T17:46:07Z,rolling30-od2.0,30,1,abs_ge_50mWh
HMORI-PF49QH1A_HMORI,2025-01-16,2024-12-17 23:59:59.999999999,2025-01-16 23:59:59.999999999,412,29.019,0.5,7.657,71.726,22,16,5,0,0,0,0,False,WINDOW_QUALITY_OK,295.0,305.0,10.0,10.338,0.6644,0.21,0.3356,2.0,100.0,98.0,29.55,98.0,100.0,0.0141,0.0243,0.7687,0.7298,0.6448,96,126,48,47950.0,48040.0,47130.0,48420.0,1290.0,37,22,730.0,2025-01-16 08:51:04,305.0,84.12,84.28,6,2,0,2,10,0,0,0,0,0,0,2,0,0,2,2.7,5,1,6,0.027681,1.5578,0.39139,0.35882,3.0,5,1,6,0.015625,1.8062,0.39139,2025-01-16 23:59:59.999999999,2023-03-08 14:22:37,2025-01-16 08:51:04,680.401,True,48040.0,2025-01-16 08:51:04,305.0,0.631,0.0,True,48040.0,2025-01-16 08:51:04,305.0,0.631,0.0,True,0,0.0,False,0,0,0,0,0,0,0,0,0,0,0,0,0,0,0,0,0,0,0.0,0,0.0,-0.0,-0.0,0.631,0.0,0,0,0,-0.0,4,MOBILE_DEEP_CYCLE,STATEFUL_WATCH_LOW_EVIDENCE,WINDOW_NORMAL_RESPONDING,ACTION_MONITOR_NEXT_WINDOW,low,8,weak_partial_evidence,fw_like,days_eff=1 days_any=1 cyc_eff=0 hq_nr=0 total_nr=0 cens=0 lg_opp=0 opp=0 norm_anom=-0.00 conf_p=0.391 micro_only=False cluster=MOBILE_DEEP_CYCLE,No user-facing action; monitoring.,Ambiguous/weak evidence (0d since effective change); monitor next window.,,True,False,False,False,False,False,False,False,0,2026-07-08T17:46:07Z,rolling30-od2.0,30,1,abs_ge_50mWh
HSUMIXPF3MN51B_Hiroyuki_Sumi,2025-08-13,2025-07-14 23:59:59.999999999,2025-08-13 23:59:59.999999999,102,12.576,0.5,4.811,166.678,4,2,2,0,0,0,0,False,WINDOW_QUALITY_OK,155.0,156.0,1.0,2.386,0.8966,0.1282,0.1034,8.0,100.0,92.0,71.35,97.0,100.0,0.0001,0.0001,0.9778,0.9409,0.7789,11,20,6,47120.0,47110.0,47110.0,47120.0,10.0,1,0,0.0,,,82.67,82.65,2,0,2,0,2,0,0,0,0,0,0,1,0,0,1,0.9,0,2,2,0.3025,0.5193,0.84249,0.8177,1.0,0,2,2,0.25,0.6021,0.84249,2025-08-13 23:59:59.999999999,2023-02-18 14:17:09,2025-08-13 08:04:33,907.405,True,47120.0,2025-07-31 18:15:13,155.0,13.239,1.0,True,47110.0,2025-08-13 08:04:19,156.0,0.664,0.0,True,1,10.0,True,2,0,0,2,0,2,0,0,0,1,0,0,0,0,2,0,0,0,0.9,0,-1.19567,0.5193,0.5193,13.239,1.0,2,0,0,0.5193,5,AC_BOUND,STATEFUL_WATCH_LOW_EVIDENCE,WINDOW_OPPORTUNITY_NO_RESPONSE,ACTION_MONITOR_NEXT_WINDOW,low,8,weak_partial_evidence,fw_like;micro_wobble,days_eff=13 days_any=1 cyc_eff=1 hq_nr=2 total_nr=2 cens=0 lg_opp=0 opp=3 norm_anom=0.52 conf_p=0.842 micro_only=True cluster=AC_BOUND,No user-facing action; monitoring.,Ambiguous/weak evidence (13d since effective change); monitor next window.,,True,False,True,False,False,False,False,False,1,2026-07-08T17:46:07Z,rolling30-od2.0,30,1,abs_ge_50mWh
HWPA-NL1-SKU8-S_HWPA,2026-01-14,2025-12-15 23:59:59.999999999,2026-01-14 23:59:59.999999999,159,28.7,0.114,11.637,233.922,11,8,3,0,0,0,0,False,WINDOW_QUALITY_OK,3.0,6.0,3.0,3.136,0.7809,0.1672,0.2191,2.0,100.0,98.0,12.0,94.0,100.0,0.0071,0.0072,0.7467,0.6878,0.5884,57,61,29,58030.0,58310.0,57750.0,58310.0,560.0,4,2,560.0,2026-01-14 10:57:59,6.0,100.05,100.53,1,0,0,0,1,0,0,0,0,0,0,1,0,0,1,0.45,0,1,1,0.55,0.2596,1.0,1.0,0.5,0,1,1,0.5,0.301,1.0,2026-01-14 23:59:59.999999999,2025-09-23 19:43:31,2026-01-14 10:57:59,113.178,True,58310.0,2026-01-14 10:57:59,6.0,0.543,0.0,True,58310.0,2026-01-14 10:57:59,6.0,0.543,0.0,True,0,0.0,False,0,0,0,0,0,0,0,0,0,0,0,0,0,0,0,0,0,0,0.0,0,0.0,-0.0,-0.0,0.543,0.0,0,0,0,-0.0,4,MOBILE_DEEP_CYCLE,STATEFUL_WATCH_LOW_EVIDENCE,WINDOW_NORMAL_RESPONDING,ACTION_MONITOR_NEXT_WINDOW,low,8,weak_partial_evidence,,days_eff=1 days_any=1 cyc_eff=0 hq_nr=0 total_nr=0 cens=0 lg_opp=0 opp=0 norm_anom=-0.00 conf_p=1 micro_only=False cluster=MOBILE_DEEP_CYCLE,No user-facing action; monitoring.,Ambiguous/weak evidence (0d since effective change); monitor next window.,,False,False,False,False,False,False,False,False,0,2026-07-08T17:46:07Z,rolling30-od2.0,30,1,abs_ge_50mWh
JACKX1_jkleissler,2026-05-26,2026-04-26 23:59:59.999999999,2026-05-26 23:59:59.999999999,399,29.293,0.5,12.008,58.051,26,20,6,0,0,0,0,False,WINDOW_QUALITY_OK,123.0,131.0,8.0,8.193,0.7049,0.1557,0.2951,20.0,100.0,80.0,60.0,99.0,100.0,0.0,0.0,0.8541,0.7751,0.7104,78,114,39,54580.0,54490.0,54490.0,54580.0,90.0,8,0,0.0,,,95.7,95.55,5,1,5,1,7,0,0,0,0,0,0,0,0,0,0,2.25,0,5,5,0.050328,1.2982,0.48168,0.44777,2.5,0,5,5,0.03125,1.5051,0.48168,2026-05-26 23:59:59.999999999,2025-03-18 15:28:36,2026-05-26 15:29:52,434.355,True,54590.0,2026-04-17 21:26:57,122.0,39.106,9.0,True,54490.0,2026-05-19 09:31:15,131.0,7.603,0.0,True,9,20.0,True,6,2,0,5,2,7,1,0,0,0,0,0,0,0,5,1,0,0,3.15,0,-4.18486,1.8175,1.8175,39.106,9.0,7,0,0,1.8175,5,AC_BOUND,STATEFUL_WATCH_LOW_EVIDENCE,WINDOW_OPPORTUNITY_NO_RESPONSE,ACTION_MONITOR_NEXT_WINDOW,low,8,weak_partial_evidence,fw_like;micro_wobble,days_eff=39 days_any=8 cyc_eff=9 hq_nr=5 total_nr=7 cens=1 lg_opp=0 opp=8 norm_anom=1.82 conf_p=0.482 micro_only=True cluster=AC_BOUND,No user-facing action; monitoring.,Ambiguous/weak evidence (39d since effective change); monitor next window.,,True,False,True,False,False,False,False,False,10,2026-07-08T17:46:07Z,rolling30-od2.0,30,1,abs_ge_50mWh
JBARRETT-4SA7XV_jbarrett,2025-09-03,2025-08-04 23:59:59.999999999,2025-09-03 23:59:59.999999999,519,29.621,0.5,5.776,55.75,26,7,4,0,0,0,0,False,WINDOW_QUALITY_OK,125.0,135.0,10.0,10.128,0.8165,0.0879,0.1835,10.0,100.0,90.0,47.0,98.0,100.0,0.0,0.0007,0.8577,0.8227,0.791,72,100,36,35000.0,34850.0,34850.0,35000.0,150.0,10,0,0.0,,,63.99,63.71,4,0,4,2,6,0,0,0,0,0,0,0,0,0,0,1.8,0,4,4,0.091506,1.0385,0.58528,0.55423,2.0,0,4,4,0.0625,1.2041,0.58528,2025-09-03 23:59:59.999999999,2024-04-03 12:03:15,2025-09-03 14:55:38,518.498,True,35030.0,2025-07-29 22:27:19,123.0,36.064,12.0,True,34850.0,2025-09-03 12:51:07,135.0,0.465,0.0,True,12,20.0,True,8,0,0,6,0,6,2,0,0,0,0,0,0,0,6,2,0,0,2.7,0,-3.58702,1.5578,1.5578,36.064,12.0,6,0,0,1.5578,4,MOBILE_DEEP_CYCLE,STATEFUL_WATCH_LOW_EVIDENCE,WINDOW_OPPORTUNITY_NO_RESPONSE,ACTION_MONITOR_NEXT_WINDOW,low,8,weak_partial_evidence,fw_like;micro_wobble,days_eff=36 days_any=0 cyc_eff=12 hq_nr=6 total_nr=6 cens=2 lg_opp=0 opp=8 norm_anom=1.56 conf_p=0.585 micro_only=True cluster=MOBILE_DEEP_CYCLE,No user-facing action; monitoring.,Ambiguous/weak evidence (36d since effective change); monitor next window.,,True,False,True,False,False,False,False,False,7,2026-07-08T17:46:07Z,rolling30-od2.0,30,1,abs_ge_50mWh
JBOWEN2-F62KRD0_jbowen2,2026-05-18,2026-04-18 23:59:59.999999999,2026-05-18 23:59:59.999999999,470,28.316,0.5,0.5,62.697,20,19,4,0,0,0,0,False,WINDOW_QUALITY_OK,30.0,39.0,9.0,9.535,0.8232,0.2239,0.1768,10.0,100.0,90.0,31.45,97.0,100.0,0.0,0.0104,0.8232,0.7716,0.5864,43,108,22,72580.0,71000.0,71000.0,72580.0,1580.0,9,2,750.0,2026-05-08 11:41:52,37.0,96.77,94.67,7,0,3,1,8,0,0,0,0,0,0,0,0,0,0,3.15,2,5,7,0.015224,1.8175,0.31582,0.28541,3.5,2,5,7,0.007813,2.1072,0.31582,2026-05-18 23:59:59.999999999,2026-01-14 11:42:48,2026-05-18 15:25:45,124.512,True,71020.0,2026-05-08 11:41:52,37.0,10.513,2.0,True,71000.0,2026-05-15 11:11:43,39.0,3.534,0.0,True,2,10.0,True,2,0,0,1,0,1,1,0,0,0,0,0,0,0,1,1,0,0,0.45,0,-0.59784,0.2596,0.2596,10.513,2.0,1,0,0,0.2596,4,MOBILE_DEEP_CYCLE,STATEFUL_WATCH_LOW_EVIDENCE,WINDOW_NORMAL_RESPONDING,ACTION_MONITOR_NEXT_WINDOW,low,8,weak_partial_evidence,fw_like;micro_wobble,days_eff=11 days_any=4 cyc_eff=2 hq_nr=1 total_nr=1 cens=1 lg_opp=0 opp=2 norm_anom=0.26 conf_p=0.316 micro_only=True cluster=MOBILE_DEEP_CYCLE,No user-facing action; monitoring.,Ambiguous/weak evidence (10d since effective change); monitor next window.,,True,False,True,False,False,False,False,False,0,2026-07-08T17:46:07Z,rolling30-od2.0,30,1,abs_ge_50mWh
JCAMARADOR-4NYS_jcamarador,2025-09-19,2025-08-20 23:59:59.999999999,2025-09-19 23:59:59.999999999,502,29.041,0.5,0.5,85.434,18,18,5,0,0,0,0,False,WINDOW_QUALITY_OK,175.0,176.0,1.0,1.033,0.9719,0.0254,0.0281,73.0,100.0,27.0,97.0,99.0,100.0,0.0,0.0,0.9938,0.9883,0.9743,56,60,28,44140.0,44140.0,44140.0,44140.0,0.0,0,0,0.0,,,86.55,86.55,2,0,2,0,2,0,0,0,0,0,0,0,0,0,0,0.9,0,2,2,0.3025,0.5193,0.84249,0.8177,1.0,0,2,2,0.25,0.6021,0.84249,2025-09-19 23:59:59.999999999,2023-02-03 19:35:50,2025-09-19 10:57:38,959.183,True,44130.0,2025-07-29 18:12:41,172.0,52.241,4.0,True,44140.0,2025-07-30 10:12:46,173.0,51.574,3.0,True,1,10.0,True,4,1,0,4,1,5,0,0,0,0,0,0,0,0,4,0,0,0,2.25,0,-2.98919,1.2982,1.2982,52.241,4.0,5,0,0,1.2982,5,AC_BOUND,STATEFUL_WATCH_LOW_EVIDENCE,WINDOW_OPPORTUNITY_NO_RESPONSE,ACTION_MONITOR_NEXT_WINDOW,low,8,weak_partial_evidence,fw_like;micro_wobble,days_eff=52 days_any=52 cyc_eff=4 hq_nr=4 total_nr=5 cens=0 lg_opp=0 opp=5 norm_anom=1.30 conf_p=0.842 micro_only=True cluster=AC_BOUND,No user-facing action; monitoring.,Ambiguous/weak evidence (52d since effective change); monitor next window.,,True,False,True,False,False,False,False,False,23,2026-07-08T17:46:07Z,rolling30-od2.0,30,1,abs_ge_50mWh
JCOMBS-PF5PEZSE_jcombs,2026-05-12,2026-04-12 23:59:59.999999999,2026-05-12 23:59:59.999999999,300,20.109,0.5,6.623,49.402,17,11,4,0,0,0,0,False,WINDOW_QUALITY_OK,71.0,76.0,5.0,7.459,0.6416,0.1189,0.3584,5.0,100.0,95.0,28.95,97.0,100.0,0.0039,0.0109,0.8355,0.7398,0.6472,53,71,27,87770.0,83740.0,83740.0,87770.0,4030.0,6,1,3940.0,2026-04-30 12:15:43,73.0,97.52,93.04,4,0,2,0,4,0,0,0,0,0,0,1,0,0,1,1.8,0,4,4,0.091506,1.0385,0.58528,0.55423,2.0,0,4,4,0.0625,1.2041,0.58528,2026-05-12 23:59:59.999999999,2025-09-16 13:01:09,2026-05-12 13:23:24,238.458,True,83790.0,2026-04-30 12:15:43,73.0,12.489,3.0,True,83740.0,2026-05-05 15:21:00,76.0,7.36,0.0,True,3,20.0,True,2,0,0,2,0,2,0,0,0,1,0,0,0,0,2,0,0,0,0.9,0,-1.19567,0.5193,0.5193,12.489,3.0,2,0,0,0.5193,4,MOBILE_DEEP_CYCLE,STATEFUL_WATCH_LOW_EVIDENCE,WINDOW_NORMAL_RESPONDING,ACTION_MONITOR_NEXT_WINDOW,low,8,weak_partial_evidence,fw_like;micro_wobble,days_eff=12 days_any=7 cyc_eff=3 hq_nr=2 total_nr=2 cens=0 lg_opp=0 opp=3 norm_anom=0.52 conf_p=0.585 micro_only=True cluster=MOBILE_DEEP_CYCLE,No user-facing action; monitoring.,Ambiguous/weak evidence (12d since effective change); monitor next window.,,True,False,True,False,False,False,False,False,0,2026-07-08T17:46:07Z,rolling30-od2.0,30,1,abs_ge_50mWh
JDASILVA-4QWMA3_jdasilva,2024-08-05,2024-07-06 23:59:59.999999999,2024-08-05 23:59:59.999999999,402,28.896,0.5,8.819,65.547,32,14,3,0,0,0,0,False,WINDOW_QUALITY_OK,22.0,31.0,9.0,9.344,0.5334,0.1539,0.4666,31.0,100.0,69.0,56.0,95.0,100.0,0.0,0.0,0.7345,0.6396,0.4837,79,113,40,54560.0,54450.0,54450.0,54560.0,110.0,9,0,0.0,,,94.04,93.85,6,2,6,3,11,0,0,0,0,0,0,0,0,0,0,3.15,0,7,7,0.015224,1.8175,0.31582,0.28541,3.5,0,7,7,0.007813,2.1072,0.31582,2024-08-05 23:59:59.999999999,2024-04-15 15:07:09,2024-08-05 14:52:04,112.37,True,54570.0,2024-06-27 16:31:34,21.0,39.311,10.0,True,54450.0,2024-08-01 15:09:09,31.0,4.369,0.0,True,10,20.0,True,10,2,0,7,2,9,3,0,0,0,0,0,0,0,7,3,0,0,4.05,0,-5.38053,2.3367,2.3367,39.311,10.0,9,0,0,2.3367,5,AC_BOUND,STATEFUL_WATCH_LOW_EVIDENCE,WINDOW_OPPORTUNITY_NO_RESPONSE,ACTION_MONITOR_NEXT_WINDOW,low,8,weak_partial_evidence,fw_like;micro_wobble,days_eff=39 days_any=4 cyc_eff=10 hq_nr=7 total_nr=9 cens=3 lg_opp=0 opp=12 norm_anom=2.34 conf_p=0.316 micro_only=True cluster=AC_BOUND,No user-facing action; monitoring.,Ambiguous/weak evidence (39d since effective change); monitor next window.,,True,False,True,False,False,False,False,False,10,2026-07-08T17:46:07Z,rolling30-od2.0,30,1,abs_ge_50mWh
JESSICAWANG2025_wangyun,2025-10-17,2025-09-17 23:59:59.999999999,2025-10-17 23:59:59.999999999,310,28.999,0.5,10.258,176.701,19,14,4,0,0,0,0,False,WINDOW_QUALITY_OK,103.0,113.0,10.0,10.345,0.4393,0.2551,0.5607,2.0,100.0,98.0,20.0,79.0,100.0,0.0189,0.0303,0.4484,0.3449,0.3082,78,99,39,54000.0,53360.0,53360.0,54580.0,1220.0,12,3,610.0,2025-10-09 09:21:47,110.0,94.74,93.61,4,2,1,3,9,0,0,0,0,0,0,1,0,0,1,2.25,3,2,5,0.050328,1.2982,0.48168,0.44777,2.5,3,2,5,0.03125,1.5051,0.48168,2025-10-17 23:59:59.999999999,2025-01-02 14:11:02,2025-10-17 09:40:03,288.409,True,53400.0,2025-10-09 09:21:47,110.0,8.61,3.0,True,53360.0,2025-10-16 12:02:12,113.0,1.498,0.0,True,3,20.0,True,3,0,0,0,0,0,3,0,0,0,0,0,0,0,0,3,0,0,0.0,0,0.0,-0.0,-0.0,8.61,3.0,0,0,0,-0.0,4,MOBILE_DEEP_CYCLE,STATEFUL_WATCH_LARGE_GAP_OR_CENSORED,WINDOW_NORMAL_RESPONDING,ACTION_MONITOR_NEXT_WINDOW,low,7,large_gap_or_censored_dominant,micro_wobble;censored_dominant,days_eff=9 days_any=1 cyc_eff=3 hq_nr=0 total_nr=0 cens=3 lg_opp=0 opp=3 norm_anom=-0.00 conf_p=0.482 micro_only=True cluster=MOBILE_DEEP_CYCLE,No user-facing action; monitoring.,Ambiguous/weak evidence (8d since effective change); monitor next window.,,False,False,True,False,True,False,False,False,0,2026-07-08T17:46:07Z,rolling30-od2.0,30,1,abs_ge_50mWh
JESTROFF-4SA4E9_jestroff,2025-04-24,2025-03-25 23:59:59.999999999,2025-04-24 23:59:59.999999999,460,29.334,0.5,8.007,68.117,39,5,2,0,0,0,0,False,WINDOW_QUALITY_OK,57.0,66.0,9.0,9.204,0.4732,0.0924,0.5268,7.0,100.0,93.0,41.95,100.0,100.0,0.0017,0.0072,0.7846,0.6824,0.5489,74,105,38,49350.0,48820.0,48820.0,49350.0,530.0,1,1,530.0,2025-03-29 09:12:56,58.0,90.17,89.2,1,0,1,1,2,0,0,0,0,0,0,0,0,0,0,0.45,0,1,1,0.55,0.2596,1.0,1.0,0.5,0,1,1,0.5,0.301,1.0,2025-04-24 23:59:59.999999999,2024-04-03 11:59:32,2025-04-24 08:13:43,386.5,True,48820.0,2025-03-29 09:12:56,58.0,26.616,8.0,True,48820.0,2025-03-29 09:12:56,58.0,26.616,8.0,True,0,0.0,False,2,0,0,1,0,1,1,0,0,0,0,0,0,0,1,1,0,0,0.45,0,-0.59784,0.2596,0.2596,26.616,8.0,1,0,0,0.2596,4,MOBILE_DEEP_CYCLE,STATEFUL_WATCH_LOW_EVIDENCE,WINDOW_NORMAL_RESPONDING,ACTION_MONITOR_NEXT_WINDOW,low,8,weak_partial_evidence,fw_like,days_eff=27 days_any=27 cyc_eff=8 hq_nr=1 total_nr=1 cens=1 lg_opp=0 opp=2 norm_anom=0.26 conf_p=1 micro_only=False cluster=MOBILE_DEEP_CYCLE,No user-facing action; monitoring.,Ambiguous/weak evidence (26d since effective change); monitor next window.,,True,False,False,False,False,False,False,False,0,2026-07-08T17:46:07Z,rolling30-od2.0,30,1,abs_ge_50mWh
JESTROFF-504AKS_jestroff,2025-02-06,2025-01-07 23:59:59.999999999,2025-02-06 23:59:59.999999999,426,29.012,0.5,10.537,41.804,32,19,4,0,0,0,0,False,WINDOW_QUALITY_OK,21.0,25.0,4.0,4.136,0.7885,0.1105,0.2115,3.0,100.0,97.0,67.0,100.0,100.0,0.0024,0.0058,0.9281,0.8901,0.7722,56,80,28,58250.0,55820.0,55820.0,58250.0,2430.0,6,2,1800.0,2025-01-16 10:00:29,21.0,102.14,97.88,5,0,5,0,5,0,0,0,0,0,0,1,0,0,1,2.25,0,5,5,0.050328,1.2982,0.48168,0.44777,2.5,0,5,5,0.03125,1.5051,0.48168,2025-02-06 23:59:59.999999999,2024-10-10 16:18:13,2025-02-06 08:36:43,119.321,True,55870.0,2025-01-16 10:00:29,21.0,21.583,4.0,True,55820.0,2025-02-03 08:59:04,25.0,3.626,0.0,True,4,20.0,True,5,0,0,5,0,5,0,0,1,0,0,1,1,0,5,0,0,0,2.25,0,-2.98919,1.2982,1.2982,21.583,4.0,5,1,0,1.2982,4,MOBILE_DEEP_CYCLE,STATEFUL_WATCH_LOW_EVIDENCE,WINDOW_NORMAL_RESPONDING,ACTION_MONITOR_NEXT_WINDOW,low,8,weak_partial_evidence,fw_like;micro_wobble,days_eff=22 days_any=4 cyc_eff=4 hq_nr=5 total_nr=5 cens=0 lg_opp=0 opp=6 norm_anom=1.30 conf_p=0.482 micro_only=True cluster=MOBILE_DEEP_CYCLE,No user-facing action; monitoring.,Ambiguous/weak evidence (21d since effective change); monitor next window.,,True,False,True,False,False,False,False,False,0,2026-07-08T17:46:07Z,rolling30-od2.0,30,1,abs_ge_50mWh
JGERMANO-5PHRQ0_jgermano,2026-05-26,2026-04-26 23:59:59.999999999,2026-05-26 23:59:59.999999999,396,29.195,0.5,9.281,131.31,23,16,5,0,0,0,0,False,WINDOW_QUALITY_OK,69.0,79.0,10.0,10.276,0.4974,0.1569,0.5026,8.0,100.0,92.0,44.75,94.5,100.0,0.0023,0.0023,0.7573,0.6122,0.5027,77,106,39,86500.0,87920.0,86490.0,88250.0,1760.0,15,5,940.0,2026-05-15 15:49:11,77.0,96.11,97.69,8,0,0,1,9,0,0,0,0,0,0,0,0,0,0,3.6,4,4,8,0.008373,2.0771,0.2485,0.2192,4.0,4,4,8,0.003906,2.4082,0.2485,2026-05-26 23:59:59.999999999,2025-09-16 14:12:55,2026-05-26 14:17:26,252.408,True,87950.0,2026-05-15 15:49:11,77.0,11.341,2.0,True,87920.0,2026-05-26 13:47:26,79.0,0.425,0.0,True,2,20.0,True,1,0,0,0,0,0,1,0,0,0,0,0,0,0,0,1,0,0,0.0,0,0.0,-0.0,-0.0,11.341,2.0,0,0,0,-0.0,4,MOBILE_DEEP_CYCLE,STATEFUL_WATCH_LARGE_GAP_OR_CENSORED,WINDOW_NORMAL_RESPONDING,ACTION_MONITOR_NEXT_WINDOW,low,7,large_gap_or_censored_dominant,fw_like;micro_wobble;censored_dominant,days_eff=11 days_any=0 cyc_eff=2 hq_nr=0 total_nr=0 cens=1 lg_opp=0 opp=1 norm_anom=-0.00 conf_p=0.248 micro_only=True cluster=MOBILE_DEEP_CYCLE,No user-facing action; monitoring.,Ambiguous/weak evidence (11d since effective change); monitor next window.,,True,False,True,False,True,False,False,False,0,2026-07-08T17:46:07Z,rolling30-od2.0,30,1,abs_ge_50mWh
JJOHNSON16-QW2P_jjohnson16,2024-05-15,2024-04-15 23:59:59.999999999,2024-05-15 23:59:59.999999999,545,28.875,0.5,0.509,71.224,19,15,4,0,0,0,0,False,WINDOW_QUALITY_OK,24.0,29.0,5.0,5.195,0.7735,0.0779,0.2265,1.0,100.0,99.0,22.2,99.0,100.0,0.0243,0.0276,0.8393,0.8032,0.7345,46,64,23,60090.0,59660.0,59660.0,60330.0,670.0,7,2,620.0,2024-05-03 09:00:01,26.0,105.42,104.67,3,0,1,0,3,0,0,0,0,0,0,3,0,0,3,1.35,2,1,3,0.166375,0.7789,0.70435,0.67541,1.5,2,1,3,0.125,0.9031,0.70435,2024-05-15 23:59:59.999999999,2023-06-27 19:24:07,2024-05-15 07:30:44,323.192,True,59700.0,2024-05-03 09:00:01,26.0,12.625,3.0,True,59660.0,2024-05-14 13:02:02,29.0,1.457,0.0,True,3,20.0,True,1,0,0,1,0,1,0,0,0,1,0,0,0,0,1,0,0,0,0.45,0,-0.59784,0.2596,0.2596,12.625,3.0,1,0,0,0.2596,4,MOBILE_DEEP_CYCLE,STATEFUL_WATCH_LOW_EVIDENCE,WINDOW_NORMAL_RESPONDING,ACTION_MONITOR_NEXT_WINDOW,low,8,weak_partial_evidence,fw_like;micro_wobble,days_eff=13 days_any=1 cyc_eff=3 hq_nr=1 total_nr=1 cens=0 lg_opp=0 opp=2 norm_anom=0.26 conf_p=0.704 micro_only=True cluster=MOBILE_DEEP_CYCLE,No user-facing action; monitoring.,Ambiguous/weak evidence (12d since effective change); monitor next window.,,True,False,True,False,False,False,False,False,0,2026-07-08T17:46:07Z,rolling30-od2.0,30,1,abs_ge_50mWh
JL18156-F3Z1LJN_JL18156,2025-10-16,2025-09-16 23:59:59.999999999,2025-10-16 23:59:59.999999999,260,26.854,0.5,12.162,65.132,25,15,5,0,0,0,0,False,WINDOW_QUALITY_OK,290.0,299.0,9.0,10.055,0.9252,0.2987,0.0748,1.0,100.0,99.0,17.85,96.0,100.0,0.0296,0.0605,0.7893,0.7522,0.5847,34,59,17,47110.0,45860.0,45860.0,48340.0,2480.0,19,11,1460.0,2025-10-16 17:55:35,299.0,86.09,83.81,2,0,0,0,2,0,0,0,0,0,0,2,0,0,2,0.9,1,1,2,0.3025,0.5193,0.84249,0.8177,1.0,1,1,2,0.25,0.6021,0.84249,2025-10-16 23:59:59.999999999,2023-02-05 10:46:49,2025-10-16 18:03:00,984.551,True,45860.0,2025-10-16 17:55:35,299.0,0.253,0.0,True,45860.0,2025-10-16 17:55:35,299.0,0.253,0.0,True,0,0.0,False,0,0,0,0,0,0,0,0,0,0,0,0,0,0,0,0,0,0,0.0,0,0.0,-0.0,-0.0,0.253,0.0,0,0,0,-0.0,4,MOBILE_DEEP_CYCLE,STATEFUL_WATCH_LOW_EVIDENCE,WINDOW_NORMAL_RESPONDING,ACTION_MONITOR_NEXT_WINDOW,low,8,weak_partial_evidence,,days_eff=0 days_any=0 cyc_eff=0 hq_nr=0 total_nr=0 cens=0 lg_opp=0 opp=0 norm_anom=-0.00 conf_p=0.842 micro_only=False cluster=MOBILE_DEEP_CYCLE,No user-facing action; monitoring.,Ambiguous/weak evidence (0d since effective change); monitor next window.,,False,False,False,False,False,False,False,False,0,2026-07-08T17:46:07Z,rolling30-od2.0,30,1,abs_ge_50mWh
JMATTHEWS2-YXHQ_jmatthews2,2024-10-03,2024-09-03 23:59:59.999999999,2024-10-03 23:59:59.999999999,668,29.448,0.5,0.5,336.069,5,3,1,0,0,0,0,False,WINDOW_QUALITY_OK,88.0,92.0,4.0,4.075,0.9475,0.0394,0.0525,9.0,100.0,91.0,93.0,100.0,100.0,0.0012,0.0028,0.9501,0.9418,0.9245,18,24,9,85430.0,85340.0,85340.0,87990.0,2650.0,2,2,2650.0,2024-09-19 08:51:31,91.0,91.33,91.23,5,0,0,0,5,0,0,0,0,0,0,0,0,0,0,2.25,4,1,5,0.050328,1.2982,0.48168,0.44777,2.5,4,1,5,0.03125,1.5051,0.48168,2024-10-03 23:59:59.999999999,2023-08-09 12:36:03,2024-10-03 11:10:42,421.475,True,85340.0,2024-09-19 08:51:31,91.0,14.631,1.0,True,85340.0,2024-09-19 08:51:31,91.0,14.631,1.0,True,0,0.0,False,0,0,0,0,0,0,0,0,0,0,0,0,0,0,0,0,0,0,0.0,0,0.0,-0.0,-0.0,14.631,1.0,0,0,0,-0.0,4,MOBILE_DEEP_CYCLE,STATEFUL_WATCH_LOW_EVIDENCE,WINDOW_NORMAL_RESPONDING,ACTION_MONITOR_NEXT_WINDOW,low,8,weak_partial_evidence,,days_eff=15 days_any=15 cyc_eff=1 hq_nr=0 total_nr=0 cens=0 lg_opp=0 opp=0 norm_anom=-0.00 conf_p=0.482 micro_only=False cluster=MOBILE_DEEP_CYCLE,No user-facing action; monitoring.,Ambiguous/weak evidence (14d since effective change); monitor next window.,,False,False,False,False,False,False,False,False,0,2026-07-08T17:46:07Z,rolling30-od2.0,30,1,abs_ge_50mWh
JMAYERSALMA-HDJ_jmayersalman,2025-08-26,2025-07-27 23:59:59.999999999,2025-08-26 23:59:59.999999999,404,26.05,0.5,10.546,45.237,29,16,3,0,0,0,0,False,WINDOW_QUALITY_OK,35.0,47.0,12.0,13.82,0.4995,0.1588,0.5005,4.0,100.0,96.0,43.0,97.0,100.0,0.0024,0.0223,0.6605,0.5748,0.4642,89,123,45,56000.0,56640.0,55570.0,56780.0,1210.0,16,6,590.0,2025-08-17 15:11:02,44.0,98.25,99.37,5,2,0,3,10,0,0,0,0,0,0,1,0,0,1,2.7,4,2,6,0.027681,1.5578,0.39139,0.35882,3.0,4,2,6,0.015625,1.8062,0.39139,2025-08-26 23:59:59.999999999,2025-05-13 14:50:23,2025-08-26 02:14:28,105.382,True,56690.0,2025-08-17 15:11:02,44.0,9.367,3.0,True,56640.0,2025-08-22 10:14:15,47.0,4.573,0.0,True,3,20.0,True,3,0,0,0,0,0,3,0,0,0,0,0,0,0,0,3,0,0,0.0,0,0.0,-0.0,-0.0,9.367,3.0,0,0,0,-0.0,4,MOBILE_DEEP_CYCLE,STATEFUL_WATCH_LARGE_GAP_OR_CENSORED,WINDOW_NORMAL_RESPONDING,ACTION_MONITOR_NEXT_WINDOW,low,7,large_gap_or_censored_dominant,fw_like;micro_wobble;censored_dominant,days_eff=9 days_any=5 cyc_eff=3 hq_nr=0 total_nr=0 cens=3 lg_opp=0 opp=3 norm_anom=-0.00 conf_p=0.391 micro_only=True cluster=MOBILE_DEEP_CYCLE,No user-facing action; monitoring.,Ambiguous/weak evidence (9d since effective change); monitor next window.,,True,False,True,False,True,False,False,False,0,2026-07-08T17:46:07Z,rolling30-od2.0,30,1,abs_ge_50mWh
JMAYERSALMA-TNQ_jmayersalman,2026-02-03,2026-01-04 23:59:59.999999999,2026-02-03 23:59:59.999999999,287,29.119,0.5,8.531,278.982,19,6,3,0,0,0,0,False,WINDOW_QUALITY_OK,88.0,102.0,14.0,14.424,0.4321,0.1725,0.5679,2.0,100.0,98.0,22.3,93.0,100.0,0.0118,0.0624,0.5686,0.4377,0.3611,75,92,38,49840.0,51900.0,49340.0,51920.0,2580.0,16,4,2160.0,2026-01-19 10:41:05,101.0,91.03,94.79,8,0,2,0,8,0,0,0,0,0,0,1,0,0,1,3.6,5,3,8,0.008373,2.0771,0.2485,0.2192,4.0,5,3,8,0.003906,2.4082,0.2485,2026-02-03 23:59:59.999999999,2025-08-21 13:11:21,2026-02-03 12:12:07,166.45,True,51920.0,2026-01-19 10:41:05,101.0,15.555,1.0,True,51900.0,2026-01-20 09:52:58,102.0,14.588,0.0,True,1,20.0,True,2,0,0,2,0,2,0,0,0,0,0,0,0,0,2,0,0,0,0.9,0,-1.19567,0.5193,0.5193,15.555,1.0,2,0,0,0.5193,4,MOBILE_DEEP_CYCLE,STATEFUL_WATCH_LOW_EVIDENCE,WINDOW_NORMAL_RESPONDING,ACTION_MONITOR_NEXT_WINDOW,low,8,weak_partial_evidence,fw_like;micro_wobble,days_eff=16 days_any=15 cyc_eff=1 hq_nr=2 total_nr=2 cens=0 lg_opp=0 opp=2 norm_anom=0.52 conf_p=0.248 micro_only=True cluster=MOBILE_DEEP_CYCLE,No user-facing action; monitoring.,Ambiguous/weak evidence (15d since effective change); monitor next window.,,True,False,True,False,False,False,False,False,0,2026-07-08T17:46:07Z,rolling30-od2.0,30,1,abs_ge_50mWh
JNUNEZ5-3000012_jnunez5,2026-05-13,2026-04-13 23:59:59.999999999,2026-05-13 23:59:59.999999999,369,29.21,0.5,8.453,116.063,26,11,2,0,0,0,0,False,WINDOW_QUALITY_OK,11.0,22.0,11.0,11.298,0.6797,0.1614,0.3203,2.0,100.0,98.0,5.0,96.0,100.0,0.0591,0.0881,0.7342,0.658,0.5625,66,86,33,46470.0,45630.0,43620.0,46470.0,2850.0,17,7,2030.0,2026-05-06 14:06:45,21.0,103.27,101.4,6,0,0,0,6,0,0,0,0,0,0,4,0,0,4,2.7,4,2,6,0.027681,1.5578,0.39139,0.35882,3.0,4,2,6,0.015625,1.8062,0.39139,2026-05-13 23:59:59.999999999,2026-03-03 14:22:09,2026-05-13 14:49:51,71.401,True,45650.0,2026-05-06 14:06:45,21.0,7.412,1.0,True,45630.0,2026-05-08 14:19:18,22.0,5.403,0.0,True,1,20.0,True,0,0,0,0,0,0,0,0,0,0,0,0,0,0,0,0,0,0,0.0,0,0.0,-0.0,-0.0,7.412,1.0,0,0,0,-0.0,4,MOBILE_DEEP_CYCLE,STATEFUL_WATCH_LOW_EVIDENCE,WINDOW_NORMAL_RESPONDING,ACTION_MONITOR_NEXT_WINDOW,low,8,weak_partial_evidence,fw_like;micro_wobble,days_eff=7 days_any=5 cyc_eff=1 hq_nr=0 total_nr=0 cens=0 lg_opp=0 opp=0 norm_anom=-0.00 conf_p=0.391 micro_only=True cluster=MOBILE_DEEP_CYCLE,No user-facing action; monitoring.,Ambiguous/weak evidence (7d since effective change); monitor next window.,,True,False,True,False,False,False,False,False,0,2026-07-08T17:46:07Z,rolling30-od2.0,30,1,abs_ge_50mWh
JNUNEZ5-F4ML5N5_jnunez5,2024-03-08,2024-02-07 23:59:59.999999999,2024-03-08 23:59:59.999999999,260,29.154,0.484,5.727,271.455,13,13,4,0,0,0,0,False,WINDOW_QUALITY_OK,24.0,29.0,5.0,5.145,0.4967,0.1789,0.5033,1.0,100.0,99.0,11.95,93.0,100.0,0.0542,0.0842,0.5152,0.4956,0.3748,65,85,33,62100.0,62040.0,62040.0,62100.0,60.0,4,0,0.0,,,108.89,108.78,3,0,3,0,3,0,0,0,0,0,0,1,0,0,1,1.35,0,3,3,0.166375,0.7789,0.70435,0.67541,1.5,0,3,3,0.125,0.9031,0.70435,2024-03-08 23:59:59.999999999,2023-12-05 07:44:37,2024-03-08 13:19:55,94.677,True,62170.0,2024-01-26 09:01:14,20.0,42.624,9.0,True,62040.0,2024-02-22 12:33:23,29.0,15.477,0.0,True,10,30.0,True,8,0,0,8,0,8,0,0,0,3,0,0,0,0,8,0,0,0,3.6,0,-4.7827,2.0771,2.0771,42.624,9.0,8,0,0,2.0771,4,MOBILE_DEEP_CYCLE,STATEFUL_WATCH_LOW_EVIDENCE,WINDOW_OPPORTUNITY_NO_RESPONSE,ACTION_MONITOR_NEXT_WINDOW,low,8,weak_partial_evidence,fw_like;micro_wobble,days_eff=43 days_any=15 cyc_eff=9 hq_nr=8 total_nr=8 cens=0 lg_opp=0 opp=11 norm_anom=2.08 conf_p=0.704 micro_only=True cluster=MOBILE_DEEP_CYCLE,No user-facing action; monitoring.,Ambiguous/weak evidence (42d since effective change); monitor next window.,,True,False,True,False,False,False,False,False,13,2026-07-08T17:46:07Z,rolling30-od2.0,30,1,abs_ge_50mWh
JOSEPH_jmayersalman,2026-04-17,2026-03-18 23:59:59.999999999,2026-04-17 23:59:59.999999999,540,29.233,0.5,5.524,63.598,27,9,4,0,0,0,0,False,WINDOW_QUALITY_OK,42.0,61.0,19.0,19.499,0.3474,0.1675,0.6526,5.0,100.0,95.0,27.0,88.0,100.0,0.0057,0.0147,0.546,0.4357,0.3073,109,152,55,72980.0,73090.0,72140.0,74830.0,2690.0,23,7,1990.0,2026-04-16 16:24:16,60.0,97.31,97.45,13,1,1,3,17,0,0,0,0,0,0,2,0,0,2,5.85,9,4,13,0.000421,3.3753,0.05667,0.0433,6.5,9,4,13,0.000122,3.9134,0.05667,2026-04-17 23:59:59.999999999,2026-01-14 14:45:18,2026-04-17 12:56:43,93.385,True,73100.0,2026-04-16 16:24:16,60.0,1.316,1.0,True,73090.0,2026-04-16 16:56:38,61.0,1.294,0.0,True,1,10.0,True,0,0,0,0,0,0,0,0,0,1,0,0,0,0,0,0,0,0,0.0,0,0.0,-0.0,-0.0,1.316,1.0,0,0,0,-0.0,4,MOBILE_DEEP_CYCLE,STATEFUL_WATCH_LOW_EVIDENCE,WINDOW_NORMAL_RESPONDING,ACTION_MONITOR_NEXT_WINDOW,low,8,weak_partial_evidence,fw_like;micro_wobble,days_eff=1 days_any=1 cyc_eff=1 hq_nr=0 total_nr=0 cens=0 lg_opp=0 opp=1 norm_anom=-0.00 conf_p=0.0567 micro_only=True cluster=MOBILE_DEEP_CYCLE,No user-facing action; monitoring.,Ambiguous/weak evidence (1d since effective change); monitor next window.,,True,False,True,False,False,False,False,False,0,2026-07-08T17:46:07Z,rolling30-od2.0,30,1,abs_ge_50mWh
JOSHUA_jbowen2,2026-01-08,2025-12-09 23:59:59.999999999,2026-01-08 23:59:59.999999999,378,29.123,0.5,0.592,134.9,18,17,5,0,0,0,0,False,WINDOW_QUALITY_OK,51.0,63.0,12.0,12.361,0.732,0.2044,0.268,20.0,100.0,80.0,30.0,97.0,100.0,0.0,0.0,0.7415,0.6853,0.6101,42,83,21,49730.0,33870.0,33870.0,49730.0,15860.0,18,6,4460.0,2026-01-02 11:31:07,61.0,90.83,61.86,8,0,3,4,12,0,0,0,0,0,0,0,0,0,0,3.6,4,4,8,0.008373,2.0771,0.2485,0.2192,4.0,4,4,8,0.003906,2.4082,0.2485,2026-01-08 23:59:59.999999999,2025-06-24 14:10:02,2026-01-08 10:49:12,198.41,True,33900.0,2026-01-02 11:31:07,61.0,6.52,2.0,True,33870.0,2026-01-06 09:54:40,63.0,2.587,0.0,True,2,20.0,True,3,0,0,0,0,0,3,0,0,0,0,0,0,0,0,3,0,0,0.0,0,0.0,-0.0,-0.0,6.52,2.0,0,0,0,-0.0,4,MOBILE_DEEP_CYCLE,STATEFUL_WATCH_LARGE_GAP_OR_CENSORED,WINDOW_NORMAL_RESPONDING,ACTION_MONITOR_NEXT_WINDOW,low,7,large_gap_or_censored_dominant,fw_like;micro_wobble;censored_dominant,days_eff=7 days_any=3 cyc_eff=2 hq_nr=0 total_nr=0 cens=3 lg_opp=0 opp=3 norm_anom=-0.00 conf_p=0.248 micro_only=True cluster=MOBILE_DEEP_CYCLE,No user-facing action; monitoring.,Ambiguous/weak evidence (6d since effective change); monitor next window.,,True,False,True,False,True,False,False,False,0,2026-07-08T17:46:07Z,rolling30-od2.0,30,1,abs_ge_50mWh
JPROULX-F5GQ0BB_jproulx,2026-05-27,2026-04-27 23:59:59.999999999,2026-05-27 23:59:59.999999999,513,28.972,0.5,2.194,74.508,20,20,3,0,0,0,0,False,WINDOW_QUALITY_OK,109.0,115.0,6.0,6.213,0.69,0.1033,0.31,9.0,100.0,91.0,54.0,100.0,100.0,0.0018,0.0055,0.8422,0.7516,0.6859,55,82,28,75870.0,75520.0,75520.0,76370.0,850.0,9,3,800.0,2026-05-16 09:51:49,113.0,88.22,87.81,6,0,2,2,8,0,0,0,0,0,0,0,0,0,0,3.15,4,3,7,0.015224,1.8175,0.31582,0.28541,3.5,4,3,7,0.007813,2.1072,0.31582,2026-05-27 23:59:59.999999999,2025-05-13 14:50:25,2026-05-27 07:41:49,379.382,True,75550.0,2026-05-16 09:51:49,113.0,11.589,2.0,True,75520.0,2026-05-26 09:25:25,115.0,1.607,0.0,True,2,20.0,True,2,0,0,0,0,0,2,0,0,0,0,0,0,0,0,2,0,0,0.0,0,0.0,-0.0,-0.0,11.589,2.0,0,0,0,-0.0,4,MOBILE_DEEP_CYCLE,STATEFUL_WATCH_LARGE_GAP_OR_CENSORED,WINDOW_NORMAL_RESPONDING,ACTION_MONITOR_NEXT_WINDOW,low,7,large_gap_or_censored_dominant,fw_like;micro_wobble;censored_dominant,days_eff=12 days_any=2 cyc_eff=2 hq_nr=0 total_nr=0 cens=2 lg_opp=0 opp=2 norm_anom=-0.00 conf_p=0.316 micro_only=True cluster=MOBILE_DEEP_CYCLE,No user-facing action; monitoring.,Ambiguous/weak evidence (11d since effective change); monitor next window.,,True,False,True,False,True,False,False,False,0,2026-07-08T17:46:07Z,rolling30-od2.0,30,1,abs_ge_50mWh
JQUINTERO-A2BYW_jquintero,2025-10-08,2025-09-08 23:59:59.999999999,2025-10-08 23:59:59.999999999,467,29.462,0.5,7.41,62.404,28,9,4,0,0,0,0,False,WINDOW_QUALITY_OK,97.0,102.0,5.0,5.091,0.8124,0.0955,0.1876,21.0,100.0,79.0,61.3,100.0,100.0,0.0,0.0,0.8885,0.8549,0.8342,28,44,14,54220.0,55090.0,53580.0,55090.0,1510.0,7,4,580.0,2025-09-29 15:40:22,102.0,94.84,96.36,6,1,1,0,7,0,0,0,0,0,0,0,0,0,0,2.7,3,3,6,0.027681,1.5578,0.39139,0.35882,3.0,3,3,6,0.015625,1.8062,0.39139,2025-10-08 23:59:59.999999999,2024-03-20 08:11:18,2025-10-08 11:27:10,567.659,True,55090.0,2025-09-29 15:40:22,102.0,9.347,0.0,True,55090.0,2025-09-29 15:40:22,102.0,9.347,0.0,True,0,0.0,False,0,0,1,0,0,0,0,0,0,0,0,0,0,0,0,0,1,0,0.0,0,0.0,-0.0,-0.0,9.347,0.0,0,0,0,-0.0,5,AC_BOUND,STATEFUL_WATCH_LARGE_GAP_OR_CENSORED,WINDOW_NORMAL_RESPONDING,ACTION_MONITOR_NEXT_WINDOW,low,7,large_gap_or_censored_dominant,fw_like;large_gap_dominant,days_eff=9 days_any=9 cyc_eff=0 hq_nr=0 total_nr=0 cens=0 lg_opp=1 opp=1 norm_anom=-0.00 conf_p=0.391 micro_only=False cluster=AC_BOUND,No user-facing action; monitoring.,Ambiguous/weak evidence (9d since effective change); monitor next window.,,True,False,False,True,False,False,False,False,0,2026-07-08T17:46:07Z,rolling30-od2.0,30,1,abs_ge_50mWh
KANGYINGB-LFXB1_kangyingb,2025-10-09,2025-09-09 23:59:59.999999999,2025-10-09 23:59:59.999999999,402,29.36,0.5,6.678,72.62,31,6,5,0,0,0,0,False,WINDOW_QUALITY_OK,59.0,77.0,18.0,18.392,0.3869,0.2378,0.6053,2.0,100.0,98.0,27.1,84.0,100.0,0.0023,0.0264,0.5054,0.4006,0.3104,84,125,43,55250.0,53000.0,52490.0,55250.0,2760.0,24,6,2500.0,2025-10-09 11:07:17,77.0,100.27,96.19,10,1,2,0,11,0,0,0,0,0,0,2,0,0,2,4.5,7,3,10,0.002533,2.5964,0.14604,0.12231,5.0,7,3,10,0.000977,3.0103,0.14604,2025-10-09 23:59:59.999999999,2025-05-08 10:15:18,2025-10-09 13:49:38,154.573,True,53000.0,2025-10-09 11:07:17,77.0,0.537,0.0,True,53000.0,2025-10-09 11:07:17,77.0,0.537,0.0,True,0,0.0,False,0,0,0,0,0,0,0,0,0,0,0,0,0,0,0,0,0,0,0.0,0,0.0,-0.0,-0.0,0.537,0.0,0,0,0,-0.0,4,MOBILE_DEEP_CYCLE,STATEFUL_WATCH_LOW_EVIDENCE,WINDOW_NORMAL_RESPONDING,ACTION_MONITOR_NEXT_WINDOW,low,8,weak_partial_evidence,fw_like,days_eff=1 days_any=1 cyc_eff=0 hq_nr=0 total_nr=0 cens=0 lg_opp=0 opp=0 norm_anom=-0.00 conf_p=0.146 micro_only=False cluster=MOBILE_DEEP_CYCLE,No user-facing action; monitoring.,Ambiguous/weak evidence (0d since effective change); monitor next window.,,True,False,False,False,False,False,False,False,0,2026-07-08T17:46:07Z,rolling30-od2.0,30,1,abs_ge_50mWh
KARAI6-PF4PTTHT_karai6,2024-09-06,2024-08-07 23:59:59.999999999,2024-09-06 23:59:59.999999999,300,29.417,0.5,9.286,93.672,21,11,5,0,0,0,0,False,WINDOW_QUALITY_OK,54.0,59.0,5.0,5.099,0.4576,0.1392,0.5424,4.0,100.0,96.0,53.0,97.0,100.0,0.0182,0.0182,0.8509,0.769,0.6201,72,103,37,52190.0,51540.0,51540.0,52190.0,650.0,8,1,550.0,2024-09-04 15:01:32,59.0,91.51,90.37,2,0,2,2,4,0,0,0,0,0,0,1,0,0,1,0.9,0,2,2,0.3025,0.5193,0.84249,0.8177,1.0,0,2,2,0.25,0.6021,0.84249,2024-09-06 23:59:59.999999999,2024-01-15 23:04:07,2024-09-06 11:33:54,235.039,True,51540.0,2024-09-04 15:01:32,59.0,2.374,0.0,True,51540.0,2024-09-04 15:01:32,59.0,2.374,0.0,True,0,0.0,False,1,0,0,0,0,0,1,0,0,0,0,0,0,0,0,1,0,0,0.0,0,0.0,-0.0,-0.0,2.374,0.0,0,0,0,-0.0,4,MOBILE_DEEP_CYCLE,STATEFUL_WATCH_LARGE_GAP_OR_CENSORED,WINDOW_NORMAL_RESPONDING,ACTION_MONITOR_NEXT_WINDOW,low,7,large_gap_or_censored_dominant,censored_dominant,days_eff=2 days_any=2 cyc_eff=0 hq_nr=0 total_nr=0 cens=1 lg_opp=0 opp=1 norm_anom=-0.00 conf_p=0.842 micro_only=False cluster=MOBILE_DEEP_CYCLE,No user-facing action; monitoring.,Ambiguous/weak evidence (2d since effective change); monitor next window.,,False,False,False,False,True,False,False,False,0,2026-07-08T17:46:07Z,rolling30-od2.0,30,1,abs_ge_50mWh
KAZUK_PR2,2025-06-06,2025-05-07 23:59:59.999999999,2025-06-06 23:59:59.999999999,138,15.048,0.499,13.326,91.326,8,8,2,0,0,0,0,False,WINDOW_QUALITY_OK,110.0,115.0,5.0,9.968,0.4626,0.3619,0.5374,0.0,100.0,100.0,5.0,72.0,100.0,0.0835,0.0889,0.3607,0.2461,0.2045,34,43,17,50550.0,48750.0,48340.0,50570.0,2230.0,15,9,1550.0,2025-06-06 10:47:46,115.0,88.68,85.53,1,0,0,2,3,0,0,0,0,0,0,1,0,0,1,0.45,0,1,1,0.55,0.2596,1.0,1.0,0.5,0,1,1,0.5,0.301,1.0,2025-06-06 23:59:59.999999999,2023-02-17 04:28:14,2025-06-06 11:17:45,840.814,True,48750.0,2025-06-06 10:47:46,115.0,0.55,0.0,True,48750.0,2025-06-06 10:47:46,115.0,0.55,0.0,True,0,0.0,False,0,0,0,0,0,0,0,0,0,0,0,0,0,0,0,0,0,0,0.0,0,0.0,-0.0,-0.0,0.55,0.0,0,0,0,-0.0,0,MOBILE_DEEP_CYCLE,STATEFUL_WATCH_LOW_EVIDENCE,WINDOW_NORMAL_RESPONDING,ACTION_MONITOR_NEXT_WINDOW,low,8,weak_partial_evidence,,days_eff=1 days_any=1 cyc_eff=0 hq_nr=0 total_nr=0 cens=0 lg_opp=0 opp=0 norm_anom=-0.00 conf_p=1 micro_only=False cluster=MOBILE_DEEP_CYCLE,No user-facing action; monitoring.,Ambiguous/weak evidence (0d since effective change); monitor next window.,,False,False,False,False,False,False,False,False,0,2026-07-08T17:46:07Z,rolling30-od2.0,30,1,abs_ge_50mWh
KCHAUHAN1-Y538L_kchauhan1,2024-08-22,2024-07-23 23:59:59.999999999,2024-08-22 23:59:59.999999999,209,29.16,0.5,16.823,62.627,26,19,5,0,0,0,0,False,WINDOW_QUALITY_OK,23.0,32.0,9.0,9.259,0.2931,0.1255,0.7069,4.0,100.0,96.0,6.0,59.0,100.0,0.0411,0.0889,0.2942,0.1935,0.1435,30,47,16,76420.0,72350.0,72350.0,76640.0,4290.0,12,10,4190.0,2024-08-17 17:46:19,32.0,101.89,96.47,4,0,0,1,5,0,0,0,0,0,0,3,0,0,3,1.8,3,1,4,0.091506,1.0385,0.58528,0.55423,2.0,3,1,4,0.0625,1.2041,0.58528,2024-08-22 23:59:59.999999999,2024-06-17 11:41:42,2024-08-22 11:34:23,66.513,True,72350.0,2024-08-17 17:46:19,32.0,5.26,0.0,True,72350.0,2024-08-17 17:46:19,32.0,5.26,0.0,True,0,0.0,False,1,0,0,0,0,0,1,0,0,1,0,0,0,0,0,1,0,0,0.0,0,0.0,-0.0,-0.0,5.26,0.0,0,0,0,-0.0,4,MOBILE_DEEP_CYCLE,STATEFUL_WATCH_LARGE_GAP_OR_CENSORED,WINDOW_NORMAL_RESPONDING,ACTION_MONITOR_NEXT_WINDOW,low,7,large_gap_or_censored_dominant,censored_dominant,days_eff=5 days_any=5 cyc_eff=0 hq_nr=0 total_nr=0 cens=1 lg_opp=0 opp=2 norm_anom=-0.00 conf_p=0.585 micro_only=False cluster=MOBILE_DEEP_CYCLE,No user-facing action; monitoring.,Ambiguous/weak evidence (5d since effective change); monitor next window.,,False,False,False,False,True,False,False,False,0,2026-07-08T17:46:07Z,rolling30-od2.0,30,1,abs_ge_50mWh
KDARDEN-F4CFJD9_kdarden,2024-08-01,2024-07-02 23:59:59.999999999,2024-08-01 23:59:59.999999999,717,29.018,0.5,2.057,87.294,15,6,2,0,0,0,0,False,WINDOW_QUALITY_OK,286.0,302.0,16.0,16.541,0.6907,0.1511,0.3093,2.0,100.0,98.0,44.8,98.0,100.0,0.0072,0.0099,0.7801,0.7033,0.6347,109,144,55,43780.0,43780.0,43780.0,43780.0,0.0,0,0,0.0,,,83.39,83.39,14,0,14,2,16,0,0,0,0,0,0,2,0,0,2,6.3,0,14,14,0.000232,3.6349,0.03999,0.02895,7.0,0,14,14,6.1e-05,4.2144,0.03999,2024-08-01 23:59:59.999999999,2023-06-06 15:44:35,2024-08-01 10:35:57,422.344,True,43780.0,2024-06-25 07:04:23,278.0,37.705,24.0,True,43780.0,2024-06-25 07:04:23,278.0,37.705,24.0,True,0,0.0,False,20,0,0,18,0,18,2,0,1,2,0,1,1,0,18,2,0,0,8.1,0,-10.76107,4.6735,4.6735,37.705,24.0,18,1,0,4.6735,4,MOBILE_DEEP_CYCLE,STATEFUL_WATCH_LOW_EVIDENCE,WINDOW_OPPORTUNITY_NO_RESPONSE,ACTION_MONITOR_NEXT_WINDOW,low,8,weak_partial_evidence,fw_like,days_eff=38 days_any=38 cyc_eff=24 hq_nr=18 total_nr=18 cens=2 lg_opp=0 opp=23 norm_anom=4.67 conf_p=0.04 micro_only=False cluster=MOBILE_DEEP_CYCLE,No user-facing action; monitoring.,Ambiguous/weak evidence (37d since effective change); monitor next window.,,True,False,False,False,False,False,False,False,8,2026-07-08T17:46:07Z,rolling30-od2.0,30,1,abs_ge_50mWh
KGU-PF5DEB5C_kgu,2026-01-30,2025-12-31 23:59:59.999999999,2026-01-30 23:59:59.999999999,492,28.582,0.5,4.644,72.937,20,15,5,0,0,0,0,False,WINDOW_QUALITY_OK,18.0,26.0,8.0,8.397,0.717,0.1297,0.283,24.0,100.0,76.0,53.0,88.5,100.0,0.0,0.0,0.6297,0.4974,0.4273,95,123,48,74580.0,74210.0,74210.0,74580.0,370.0,8,5,50.0,2026-01-27 18:42:22,26.0,99.44,98.95,5,1,0,1,7,0,0,0,0,0,0,0,0,0,0,2.25,4,1,5,0.050328,1.2982,0.48168,0.44777,2.5,4,1,5,0.03125,1.5051,0.48168,2026-01-30 23:59:59.999999999,2025-10-26 13:20:38,2026-01-30 11:52:24,96.444,True,74210.0,2026-01-27 18:42:22,26.0,3.221,0.0,True,74210.0,2026-01-27 18:42:22,26.0,3.221,0.0,True,0,0.0,False,0,0,0,0,0,0,0,0,0,0,0,0,0,0,0,0,0,0,0.0,0,0.0,-0.0,-0.0,3.221,0.0,0,0,0,-0.0,4,MOBILE_DEEP_CYCLE,STATEFUL_WATCH_LOW_EVIDENCE,WINDOW_NORMAL_RESPONDING,ACTION_MONITOR_NEXT_WINDOW,low,8,weak_partial_evidence,,days_eff=3 days_any=3 cyc_eff=0 hq_nr=0 total_nr=0 cens=0 lg_opp=0 opp=0 norm_anom=-0.00 conf_p=0.482 micro_only=False cluster=MOBILE_DEEP_CYCLE,No user-facing action; monitoring.,Ambiguous/weak evidence (3d since effective change); monitor next window.,,False,False,False,False,False,False,False,False,0,2026-07-08T17:46:07Z,rolling30-od2.0,30,1,abs_ge_50mWh
KIRRO-ALLOYSIT7_Kirro,2026-05-28,2026-04-28 23:59:59.999999999,2026-05-28 23:59:59.999999999,512,29.481,0.5,3.139,141.647,21,5,4,0,0,0,0,False,WINDOW_QUALITY_OK,292.0,305.0,13.0,13.229,0.5715,0.2571,0.4285,6.0,100.0,94.0,39.55,96.0,100.0,0.0032,0.0048,0.7036,0.65,0.4709,87,177,44,43400.0,45970.0,43290.0,46030.0,2740.0,16,3,2740.0,2026-05-19 08:08:50,300.0,78.77,83.43,8,0,3,3,11,0,0,0,0,0,0,1,0,0,1,3.6,3,5,8,0.008373,2.0771,0.2485,0.2192,4.0,3,5,8,0.003906,2.4082,0.2485,2026-05-28 23:59:59.999999999,2024-12-11 21:10:39,2026-05-28 13:58:09,533.118,True,46030.0,2026-05-19 08:08:50,300.0,9.661,5.0,True,45970.0,2026-05-27 10:53:12,305.0,1.546,0.0,True,5,20.0,True,4,1,0,2,0,2,3,0,0,1,0,0,0,0,2,3,0,0,0.9,0,-1.19567,0.5193,0.5193,9.661,5.0,2,0,0,0.5193,4,MOBILE_DEEP_CYCLE,STATEFUL_WATCH_LOW_EVIDENCE,WINDOW_NORMAL_RESPONDING,ACTION_MONITOR_NEXT_WINDOW,low,8,weak_partial_evidence,fw_like;micro_wobble,days_eff=10 days_any=2 cyc_eff=5 hq_nr=2 total_nr=2 cens=3 lg_opp=0 opp=6 norm_anom=0.52 conf_p=0.248 micro_only=True cluster=MOBILE_DEEP_CYCLE,No user-facing action; monitoring.,Ambiguous/weak evidence (9d since effective change); monitor next window.,,True,False,True,False,False,False,False,False,0,2026-07-08T17:46:07Z,rolling30-od2.0,30,1,abs_ge_50mWh
KKITTS-PF58LF52_kkitts,2026-05-27,2026-04-27 23:59:59.999999999,2026-05-27 23:59:59.999999999,122,28.909,0.394,18.473,282.752,12,10,4,0,0,0,0,False,WINDOW_QUALITY_OK,44.0,47.0,3.0,3.113,0.1901,0.1532,0.8099,0.0,100.0,100.0,26.05,78.5,100.0,0.0344,0.0427,0.3928,0.1542,0.1271,27,29,14,57060.0,57190.0,56460.0,57190.0,730.0,4,2,730.0,2026-05-19 09:08:58,47.0,100.11,100.33,1,0,1,0,1,0,0,0,0,0,0,0,0,0,0,0.45,0,1,1,0.55,0.2596,1.0,1.0,0.5,0,1,1,0.5,0.301,1.0,2026-05-27 23:59:59.999999999,2025-04-22 10:04:58,2026-05-27 09:52:09,400.58,True,57190.0,2026-05-19 09:08:58,47.0,8.619,0.0,True,57190.0,2026-05-19 09:08:58,47.0,8.619,0.0,True,0,0.0,False,1,0,0,1,0,1,0,0,0,0,0,0,0,0,1,0,0,0,0.45,0,-0.59784,0.2596,0.2596,8.619,0.0,1,0,0,0.2596,4,MOBILE_DEEP_CYCLE,STATEFUL_WATCH_LOW_EVIDENCE,WINDOW_NORMAL_RESPONDING,ACTION_MONITOR_NEXT_WINDOW,low,8,weak_partial_evidence,fw_like,days_eff=9 days_any=9 cyc_eff=0 hq_nr=1 total_nr=1 cens=0 lg_opp=0 opp=1 norm_anom=0.26 conf_p=1 micro_only=False cluster=MOBILE_DEEP_CYCLE,No user-facing action; monitoring.,Ambiguous/weak evidence (8d since effective change); monitor next window.,,True,False,False,False,False,False,False,False,0,2026-07-08T17:46:07Z,rolling30-od2.0,30,1,abs_ge_50mWh
KSERDAR-W0A2BP3_kserdar,2026-05-28,2026-04-28 23:59:59.999999999,2026-05-28 23:59:59.999999999,446,29.087,0.5,10.098,48.925,24,20,5,0,0,0,0,False,WINDOW_QUALITY_OK,206.0,216.0,10.0,10.314,0.6882,0.1641,0.3118,23.0,100.0,77.0,48.5,99.5,100.0,0.0,0.0,0.7854,0.6891,0.6185,51,85,26,50950.0,45330.0,45330.0,51450.0,6120.0,22,12,2210.0,2026-05-28 10:32:36,216.0,89.39,79.53,9,0,0,2,11,0,0,0,0,0,0,0,0,0,0,4.05,9,0,9,0.004605,2.3367,0.1914,0.1649,4.5,9,0,9,0.001953,2.7093,0.1914,2026-05-28 23:59:59.999999999,2024-03-21 10:42:46,2026-05-28 11:02:36,798.554,True,45330.0,2026-05-28 10:32:36,216.0,0.561,0.0,True,45330.0,2026-05-28 10:32:36,216.0,0.561,0.0,True,0,0.0,False,0,0,0,0,0,0,0,0,0,0,0,0,0,0,0,0,0,0,0.0,0,0.0,-0.0,-0.0,0.561,0.0,0,0,0,-0.0,5,AC_BOUND,STATEFUL_WATCH_LOW_EVIDENCE,WINDOW_NORMAL_RESPONDING,ACTION_MONITOR_NEXT_WINDOW,low,8,weak_partial_evidence,fw_like,days_eff=1 days_any=1 cyc_eff=0 hq_nr=0 total_nr=0 cens=0 lg_opp=0 opp=0 norm_anom=-0.00 conf_p=0.191 micro_only=False cluster=AC_BOUND,No user-facing action; monitoring.,Ambiguous/weak evidence (0d since effective change); monitor next window.,,True,False,False,False,False,False,False,False,0,2026-07-08T17:46:07Z,rolling30-od2.0,30,1,abs_ge_50mWh
KSHIBAYAMA-TB38_kshibayama,2024-08-21,2024-07-22 23:59:59.999999999,2024-08-21 23:59:59.999999999,518,28.992,0.5,2.488,73.652,21,6,5,0,0,0,0,False,WINDOW_QUALITY_OK,90.0,96.0,6.0,6.209,0.6584,0.1174,0.3416,26.0,100.0,74.0,44.85,97.0,100.0,0.0,0.0,0.8278,0.7455,0.54,80,100,41,55370.0,55280.0,55280.0,55370.0,90.0,7,0,0.0,,,97.09,96.93,2,1,2,1,4,0,0,0,0,0,0,0,0,0,0,0.9,0,2,2,0.3025,0.5193,0.84249,0.8177,1.0,0,2,2,0.25,0.6021,0.84249,2024-08-21 23:59:59.999999999,2023-12-19 16:33:39,2024-08-21 09:01:34,246.31,True,55420.0,2024-07-12 14:37:50,88.0,40.39,8.0,True,55280.0,2024-08-20 15:48:59,96.0,1.341,0.0,True,11,20.0,True,6,1,0,5,1,6,1,0,0,0,0,0,0,0,5,1,0,0,2.7,0,-3.58702,1.5578,1.5578,40.39,8.0,6,0,0,1.5578,5,AC_BOUND,STATEFUL_WATCH_LOW_EVIDENCE,WINDOW_OPPORTUNITY_NO_RESPONSE,ACTION_MONITOR_NEXT_WINDOW,low,8,weak_partial_evidence,fw_like;micro_wobble,days_eff=40 days_any=1 cyc_eff=8 hq_nr=5 total_nr=6 cens=1 lg_opp=0 opp=7 norm_anom=1.56 conf_p=0.842 micro_only=True cluster=AC_BOUND,No user-facing action; monitoring.,Ambiguous/weak evidence (40d since effective change); monitor next window.,,True,False,True,False,False,False,False,False,11,2026-07-08T17:46:07Z,rolling30-od2.0,30,1,abs_ge_50mWh
KTATE2-PW0A2BTJ_ktate2,2025-05-06,2025-04-06 23:59:59.999999999,2025-05-06 23:59:59.999999999,474,29.31,0.5,5.927,67.443,24,17,4,0,0,0,0,False,WINDOW_QUALITY_OK,99.0,105.0,6.0,6.141,0.7507,0.1272,0.2493,6.0,100.0,94.0,37.65,99.0,100.0,0.0109,0.026,0.8753,0.8318,0.7359,66,89,33,55310.0,53290.0,53290.0,55310.0,2020.0,7,1,1810.0,2025-04-15 17:42:26,101.0,96.75,93.21,4,0,4,1,5,0,0,0,0,0,0,2,0,0,2,1.8,0,4,4,0.091506,1.0385,0.58528,0.55423,2.0,0,4,4,0.0625,1.2041,0.58528,2025-05-06 23:59:59.999999999,2024-03-26 16:12:55,2025-05-06 16:15:01,406.324,True,53430.0,2025-04-15 17:42:26,101.0,21.262,4.0,True,53290.0,2025-05-03 14:30:35,105.0,3.395,0.0,True,4,40.0,True,5,0,0,4,0,4,1,0,1,0,0,1,1,0,4,1,0,0,1.8,0,-2.39135,1.0385,1.0385,21.262,4.0,4,1,0,1.0385,4,MOBILE_DEEP_CYCLE,STATEFUL_WATCH_LOW_EVIDENCE,WINDOW_NORMAL_RESPONDING,ACTION_MONITOR_NEXT_WINDOW,low,8,weak_partial_evidence,fw_like;micro_wobble,days_eff=21 days_any=3 cyc_eff=4 hq_nr=4 total_nr=4 cens=1 lg_opp=0 opp=6 norm_anom=1.04 conf_p=0.585 micro_only=True cluster=MOBILE_DEEP_CYCLE,No user-facing action; monitoring.,Ambiguous/weak evidence (21d since effective change); monitor next window.,,True,False,True,False,False,False,False,False,0,2026-07-08T17:46:07Z,rolling30-od2.0,30,1,abs_ge_50mWh
KWATAMURA-BLXLJ_kwatamura,2024-10-10,2024-09-10 23:59:59.999999999,2024-10-10 23:59:59.999999999,474,29.174,0.497,5.713,82.892,22,15,5,0,0,0,0,False,WINDOW_QUALITY_OK,687.0,702.0,15.0,15.425,0.4551,0.1677,0.5449,4.0,100.0,96.0,24.0,91.0,100.0,0.0111,0.0218,0.604,0.5132,0.435,90,121,45,39070.0,36540.0,36540.0,40860.0,4320.0,43,31,2440.0,2024-10-10 13:53:44,702.0,76.61,71.65,12,1,0,1,14,0,0,0,0,0,0,1,0,0,1,5.4,12,0,12,0.000766,3.1156,0.07988,0.06421,6.0,12,0,12,0.000244,3.6124,0.07988,2024-10-10 23:59:59.999999999,2023-02-06 12:33:21,2024-10-10 13:53:51,612.477,True,36540.0,2024-10-10 13:53:44,702.0,0.421,0.0,True,36540.0,2024-10-10 13:53:44,702.0,0.421,0.0,True,0,0.0,False,0,0,0,0,0,0,0,0,0,0,0,0,0,0,0,0,0,0,0.0,0,0.0,-0.0,-0.0,0.421,0.0,0,0,0,-0.0,4,MOBILE_DEEP_CYCLE,STATEFUL_WATCH_LOW_EVIDENCE,WINDOW_NORMAL_RESPONDING,ACTION_MONITOR_NEXT_WINDOW,low,8,weak_partial_evidence,fw_like,days_eff=0 days_any=0 cyc_eff=0 hq_nr=0 total_nr=0 cens=0 lg_opp=0 opp=0 norm_anom=-0.00 conf_p=0.0799 micro_only=False cluster=MOBILE_DEEP_CYCLE,No user-facing action; monitoring.,Ambiguous/weak evidence (0d since effective change); monitor next window.,,True,False,False,False,False,False,False,False,0,2026-07-08T17:46:07Z,rolling30-od2.0,30,1,abs_ge_50mWh
LALLURI-F5FS8HX_lalluri,2025-09-02,2025-08-03 23:59:59.999999999,2025-09-02 23:59:59.999999999,256,28.977,0.5,18.042,66.683,26,21,5,0,0,0,0,False,WINDOW_QUALITY_OK,33.0,43.0,10.0,10.353,0.3329,0.1442,0.6671,5.0,100.0,95.0,24.75,82.0,100.0,0.008,0.0309,0.4444,0.3274,0.2549,55,74,28,57660.0,57560.0,56970.0,57660.0,690.0,12,2,610.0,2025-08-28 07:42:08,42.0,101.16,100.98,7,0,0,1,8,0,0,0,0,0,0,1,0,0,1,3.15,5,2,7,0.015224,1.8175,0.31582,0.28541,3.5,5,2,7,0.007813,2.1072,0.31582,2025-09-02 23:59:59.999999999,2025-05-12 15:20:26,2025-09-02 09:08:32,113.361,True,57580.0,2025-08-28 07:42:08,42.0,5.679,1.0,True,57560.0,2025-08-28 12:02:33,43.0,5.498,0.0,True,1,20.0,True,1,0,0,0,0,0,1,0,0,1,0,0,0,0,0,1,0,0,0.0,0,0.0,-0.0,-0.0,5.679,1.0,0,0,0,-0.0,4,MOBILE_DEEP_CYCLE,STATEFUL_WATCH_LARGE_GAP_OR_CENSORED,WINDOW_NORMAL_RESPONDING,ACTION_MONITOR_NEXT_WINDOW,low,7,large_gap_or_censored_dominant,fw_like;micro_wobble;censored_dominant,days_eff=6 days_any=5 cyc_eff=1 hq_nr=0 total_nr=0 cens=1 lg_opp=0 opp=2 norm_anom=-0.00 conf_p=0.316 micro_only=True cluster=MOBILE_DEEP_CYCLE,No user-facing action; monitoring.,Ambiguous/weak evidence (5d since effective change); monitor next window.,,True,False,True,False,True,False,False,False,0,2026-07-08T17:46:07Z,rolling30-od2.0,30,1,abs_ge_50mWh
LAPTOP-080TD3DG_HWPA,2024-07-03,2024-06-03 23:59:59.999999999,2024-07-03 23:59:59.999999999,130,28.824,0.5,1.86,451.98,5,5,4,0,0,0,0,False,WINDOW_QUALITY_OK,3.0,6.0,3.0,3.122,0.1564,0.1435,0.8319,3.0,100.0,97.0,10.45,54.0,94.55,0.0663,0.1845,0.0965,0.0456,0.0326,15,18,6,89340.0,91530.0,89320.0,91530.0,2210.0,3,1,2210.0,2024-06-12 16:53:57,5.0,99.26,101.69,1,0,0,0,1,0,0,0,0,0,0,0,0,0,0,0.45,1,0,1,0.55,0.2596,1.0,1.0,0.5,1,0,1,0.5,0.301,1.0,2024-07-03 23:59:59.999999999,2024-01-12 18:17:31,2024-07-03 13:51:00,173.238,True,91530.0,2024-06-12 16:53:57,5.0,21.296,1.0,True,91530.0,2024-06-12 16:53:57,5.0,21.296,1.0,True,0,0.0,False,0,0,0,0,0,0,0,0,0,0,0,0,0,0,0,0,0,0,0.0,0,0.0,-0.0,-0.0,21.296,1.0,0,0,0,-0.0,0,MOBILE_DEEP_CYCLE,STATEFUL_WATCH_LOW_EVIDENCE,WINDOW_NORMAL_RESPONDING,ACTION_MONITOR_NEXT_WINDOW,low,8,weak_partial_evidence,,days_eff=21 days_any=21 cyc_eff=1 hq_nr=0 total_nr=0 cens=0 lg_opp=0 opp=0 norm_anom=-0.00 conf_p=1 micro_only=False cluster=MOBILE_DEEP_CYCLE,No user-facing action; monitoring.,Ambiguous/weak evidence (21d since effective change); monitor next window.,,False,False,False,False,False,False,False,False,0,2026-07-08T17:46:07Z,rolling30-od2.0,30,1,abs_ge_50mWh
LAPTOP-0S7K8PQH_Stan,2023-10-26,2023-09-26 23:59:59.999999999,2023-10-26 23:59:59.999999999,1081,29.758,0.5,0.5,181.001,1,1,1,0,0,0,0,False,WINDOW_QUALITY_OK,83.0,84.0,1.0,1.008,0.9965,0.0039,0.0035,43.0,100.0,57.0,96.0,99.0,100.0,0.0,0.0,0.998,0.9961,0.9961,4,7,2,69970.0,69830.0,69830.0,69970.0,140.0,1,1,140.0,2023-10-16 15:34:30,84.0,77.69,77.54,1,0,0,0,1,0,0,0,0,0,0,0,0,0,0,0.45,1,0,1,0.55,0.2596,1.0,1.0,0.5,1,0,1,0.5,0.301,1.0,2023-10-26 23:59:59.999999999,2023-02-09 08:48:38,2023-10-26 18:12:55,259.633,True,69830.0,2023-10-16 15:34:30,84.0,10.351,0.0,True,69830.0,2023-10-16 15:34:30,84.0,10.351,0.0,True,0,0.0,False,0,0,0,0,0,0,0,0,0,0,0,0,0,0,0,0,0,0,0.0,0,0.0,-0.0,-0.0,10.351,0.0,0,0,0,-0.0,5,AC_BOUND,STATEFUL_WATCH_LOW_EVIDENCE,WINDOW_NORMAL_RESPONDING,ACTION_MONITOR_NEXT_WINDOW,low,8,weak_partial_evidence,,days_eff=10 days_any=10 cyc_eff=0 hq_nr=0 total_nr=0 cens=0 lg_opp=0 opp=0 norm_anom=-0.00 conf_p=1 micro_only=False cluster=AC_BOUND,No user-facing action; monitoring.,Ambiguous/weak evidence (10d since effective change); monitor next window.,,False,False,False,False,False,False,False,False,0,2026-07-08T17:46:07Z,rolling30-od2.0,30,1,abs_ge_50mWh
LAPTOP-146432PF_PQM,2024-08-22,2024-07-23 23:59:59.999999999,2024-08-22 23:59:59.999999999,414,29.025,0.5,3.176,60.935,20,18,5,0,0,0,0,False,WINDOW_QUALITY_OK,82.0,95.0,13.0,13.437,0.7147,0.2372,0.2853,2.0,100.0,98.0,20.0,91.0,100.0,0.0114,0.0283,0.6662,0.5751,0.5067,72,105,36,56420.0,54320.0,54320.0,56420.0,2100.0,18,5,1050.0,2024-08-09 12:22:32,90.0,98.93,95.25,7,3,1,1,11,0,0,0,0,0,0,3,0,0,3,3.15,3,4,7,0.015224,1.8175,0.31582,0.28541,3.5,3,4,7,0.007813,2.1072,0.31582,2024-08-22 23:59:59.999999999,2024-01-08 21:13:56,2024-08-22 09:32:50,227.115,True,54380.0,2024-08-09 12:22:32,90.0,13.484,5.0,True,54320.0,2024-08-21 17:40:04,95.0,1.264,0.0,True,5,20.0,True,2,1,1,1,0,1,2,0,1,1,0,1,1,0,1,2,1,0,0.45,0,-0.59784,0.2596,0.2596,13.484,5.0,1,1,0,0.2596,4,MOBILE_DEEP_CYCLE,STATEFUL_WATCH_LOW_EVIDENCE,WINDOW_NORMAL_RESPONDING,ACTION_MONITOR_NEXT_WINDOW,low,8,weak_partial_evidence,fw_like;micro_wobble,days_eff=13 days_any=1 cyc_eff=5 hq_nr=1 total_nr=1 cens=2 lg_opp=1 opp=6 norm_anom=0.26 conf_p=0.316 micro_only=True cluster=MOBILE_DEEP_CYCLE,No user-facing action; monitoring.,Ambiguous/weak evidence (13d since effective change); monitor next window.,,True,False,True,False,False,False,False,False,0,2026-07-08T17:46:07Z,rolling30-od2.0,30,1,abs_ge_50mWh
LAPTOP-1KS1Q32S_T14s,2024-09-04,2024-08-05 23:59:59.999999999,2024-09-04 23:59:59.999999999,476,29.301,0.5,9.178,62.71,29,13,5,0,0,0,0,False,WINDOW_QUALITY_OK,232.0,244.0,12.0,12.286,0.4873,0.0885,0.5127,5.0,100.0,95.0,36.75,96.0,100.0,0.0034,0.0162,0.7937,0.7064,0.4915,97,110,47,49360.0,49360.0,49360.0,49360.0,0.0,0,0,0.0,,,86.6,86.6,2,1,2,3,6,0,0,0,0,0,0,1,0,0,1,0.9,0,2,2,0.3025,0.5193,0.84249,0.8177,1.0,0,2,2,0.25,0.6021,0.84249,2024-09-04 23:59:59.999999999,2023-02-12 20:22:31,2024-09-04 15:35:00,570.151,True,49360.0,2024-08-04 18:57:10,232.0,31.21,12.0,True,49360.0,2024-08-04 18:57:10,232.0,31.21,12.0,True,0,0.0,False,4,1,1,2,0,2,3,0,0,1,0,0,0,0,2,3,1,0,0.9,0,-1.19567,0.5193,0.5193,31.21,12.0,2,0,0,0.5193,4,MOBILE_DEEP_CYCLE,STATEFUL_WATCH_LOW_EVIDENCE,WINDOW_OPPORTUNITY_NO_RESPONSE,ACTION_MONITOR_NEXT_WINDOW,low,8,weak_partial_evidence,fw_like,days_eff=31 days_any=31 cyc_eff=12 hq_nr=2 total_nr=2 cens=3 lg_opp=1 opp=7 norm_anom=0.52 conf_p=0.842 micro_only=False cluster=MOBILE_DEEP_CYCLE,No user-facing action; monitoring.,Ambiguous/weak evidence (31d since effective change); monitor next window.,,True,False,False,False,False,False,False,False,2,2026-07-08T17:46:07Z,rolling30-od2.0,30,1,abs_ge_50mWh
LAPTOP-1QC1JCNE_CPC-Tester12,2024-02-25,2024-01-26 23:59:59.999999999,2024-02-25 23:59:59.999999999,394,27.51,0.5,2.484,185.006,19,13,4,0,0,0,0,False,WINDOW_QUALITY_OK,12.0,15.0,3.0,3.272,0.9198,0.1003,0.0802,18.0,100.0,82.0,76.3,99.0,100.0,0.0,0.0025,0.9147,0.8931,0.7785,26,40,13,58400.0,58320.0,58320.0,58400.0,80.0,5,0,0.0,,,102.4,102.26,1,2,1,2,5,0,0,0,0,0,0,0,0,0,0,0.45,0,1,1,0.55,0.2596,1.0,1.0,0.5,0,1,1,0.5,0.301,1.0,2024-02-25 23:59:59.999999999,2023-12-04 10:53:33,2024-02-25 20:47:30,83.546,True,58450.0,2024-01-16 14:19:36,8.0,40.403,7.0,True,58320.0,2024-02-21 13:22:19,15.0,4.443,0.0,True,9,30.0,True,6,3,0,4,3,7,2,0,0,0,0,0,0,0,4,2,0,0,3.15,0,-4.18486,1.8175,1.8175,40.403,7.0,7,0,0,1.8175,4,MOBILE_DEEP_CYCLE,STATEFUL_WATCH_LOW_EVIDENCE,WINDOW_OPPORTUNITY_NO_RESPONSE,ACTION_MONITOR_NEXT_WINDOW,low,8,weak_partial_evidence,fw_like;micro_wobble,days_eff=40 days_any=4 cyc_eff=7 hq_nr=4 total_nr=7 cens=2 lg_opp=0 opp=9 norm_anom=1.82 conf_p=1 micro_only=True cluster=MOBILE_DEEP_CYCLE,No user-facing action; monitoring.,Ambiguous/weak evidence (40d since effective change); monitor next window.,,True,False,True,False,False,False,False,False,11,2026-07-08T17:46:07Z,rolling30-od2.0,30,1,abs_ge_50mWh
LAPTOP-25UDU5UN_jestroff,2025-11-14,2025-10-15 23:59:59.999999999,2025-11-14 23:59:59.999999999,385,29.083,0.5,12.518,35.624,31,21,4,0,0,0,0,False,WINDOW_QUALITY_OK,62.0,68.0,6.0,6.189,0.6586,0.1486,0.3414,5.0,100.0,95.0,44.0,99.0,100.0,0.0211,0.0233,0.8114,0.7002,0.5709,76,109,38,50400.0,50870.0,50400.0,51460.0,1060.0,8,2,1060.0,2025-10-21 09:36:06,63.0,88.37,89.2,4,0,2,1,5,0,0,0,0,0,1,1,0,0,2,1.8,1,3,4,0.091506,1.0385,0.58528,0.55423,2.0,1,3,4,0.0625,1.2041,0.58528,2025-11-14 23:59:59.999999999,2025-04-29 10:51:51,2025-11-14 10:00:13,199.547,True,50930.0,2025-10-21 09:36:06,63.0,24.6,5.0,True,50870.0,2025-11-10 19:44:52,68.0,4.177,0.0,True,5,20.0,True,2,1,0,2,0,2,1,0,0,1,0,0,0,0,2,1,0,0,0.9,0,-1.19567,0.5193,0.5193,24.6,5.0,2,0,0,0.5193,4,MOBILE_DEEP_CYCLE,STATEFUL_WATCH_LOW_EVIDENCE,WINDOW_NORMAL_RESPONDING,ACTION_MONITOR_NEXT_WINDOW,low,8,weak_partial_evidence,fw_like;micro_wobble,days_eff=25 days_any=4 cyc_eff=5 hq_nr=2 total_nr=2 cens=1 lg_opp=0 opp=4 norm_anom=0.52 conf_p=0.585 micro_only=True cluster=MOBILE_DEEP_CYCLE,No user-facing action; monitoring.,Ambiguous/weak evidence (24d since effective change); monitor next window.,,True,False,True,False,False,False,False,False,0,2026-07-08T17:46:07Z,rolling30-od2.0,30,1,abs_ge_50mWh
LAPTOP-38PBJKV3_Dan,2026-05-28,2026-04-28 23:59:59.999999999,2026-05-28 23:59:59.999999999,445,29.171,0.5,0.501,112.061,19,18,4,0,0,0,0,False,WINDOW_QUALITY_OK,111.0,118.0,7.0,7.199,0.8409,0.0829,0.1591,30.0,81.0,51.0,49.0,77.0,80.0,0.0,0.0,0.0068,0.0,0.0,62,91,31,84600.0,84540.0,84540.0,84600.0,60.0,6,0,0.0,,,93.99,93.92,0,0,0,0,0,0,0,0,0,0,0,0,0,0,0,0.0,0,0,0,,0.0,,,0.0,0,0,0,,0.0,,2026-05-28 23:59:59.999999999,2023-05-17 09:40:30,2026-05-28 10:35:08,1107.597,True,84800.0,2025-09-22 11:02:10,88.0,248.54,30.0,False,84540.0,2026-05-26 13:50:53,118.0,2.423,0.0,True,26,10.0,True,0,0,1,0,0,0,0,0,0,0,0,0,0,0,0,0,1,0,0.0,0,0.0,-0.0,-0.0,248.54,30.0,0,0,0,-0.0,2,MOBILE_DEEP_CYCLE,STATEFUL_WATCH_LARGE_GAP_OR_CENSORED,WINDOW_MICRO_WOBBLE_ONLY,ACTION_MONITOR_NEXT_WINDOW,low,7,large_gap_or_censored_dominant,micro_wobble;large_gap_dominant,days_eff=249 days_any=2 cyc_eff=30 hq_nr=0 total_nr=0 cens=0 lg_opp=1 opp=1 norm_anom=-0.00 conf_p=1 micro_only=True cluster=MOBILE_DEEP_CYCLE,No user-facing action; monitoring.,Ambiguous/weak evidence (248d since effective change); monitor next window.,,False,False,True,True,False,False,False,False,0,2026-07-08T17:46:07Z,rolling30-od2.0,30,1,abs_ge_50mWh
LAPTOP-3GSNHJDB_GM3,2024-08-23,2024-07-24 23:59:59.999999999,2024-08-23 23:59:59.999999999,4658,24.53,0.024,0.026,72.151,12,11,6,0,0,0,0,False,WINDOW_QUALITY_OK,13.0,15.0,2.0,2.446,0.8323,0.0623,0.1677,24.0,100.0,76.0,100.0,100.0,100.0,0.0,0.0,0.9109,0.8804,0.8368,12,18,6,73270.0,73250.0,73250.0,73270.0,20.0,2,0,0.0,,,97.69,97.67,1,1,1,0,2,0,0,0,0,0,0,0,0,0,0,0.45,0,1,1,0.55,0.2596,1.0,1.0,0.5,0,1,1,0.5,0.301,1.0,2024-08-23 23:59:59.999999999,2024-04-21 23:47:20,2024-08-23 09:31:35,124.009,True,73270.0,2024-07-18 02:59:14,13.0,36.876,2.0,True,73250.0,2024-08-20 14:45:27,15.0,3.385,0.0,True,2,10.0,True,1,0,1,1,0,1,0,0,0,0,0,0,0,0,1,0,1,0,0.45,0,-0.59784,0.2596,0.2596,36.876,2.0,1,0,0,0.2596,1,AC_BOUND,STATEFUL_WATCH_LARGE_GAP_OR_CENSORED,WINDOW_OPPORTUNITY_NO_RESPONSE,ACTION_MONITOR_NEXT_WINDOW,low,7,large_gap_or_censored_dominant,fw_like;micro_wobble;large_gap_dominant,days_eff=37 days_any=3 cyc_eff=2 hq_nr=1 total_nr=1 cens=0 lg_opp=1 opp=2 norm_anom=0.26 conf_p=1 micro_only=True cluster=AC_BOUND,No user-facing action; monitoring.,Ambiguous/weak evidence (36d since effective change); monitor next window.,,True,False,True,True,False,False,False,False,7,2026-07-08T17:46:07Z,rolling30-od2.0,30,1,abs_ge_50mWh
LAPTOP-4K9G9BRE_TM1,2025-09-02,2025-08-03 23:59:59.999999999,2025-09-02 23:59:59.999999999,256,28.895,0.017,0.53,187.945,9,9,5,0,0,0,0,False,WINDOW_QUALITY_OK,25.0,26.0,1.0,1.038,0.6058,0.1235,0.3942,0.0,100.0,100.0,7.25,73.0,100.0,0.0306,0.0332,0.8011,0.6964,0.6239,12,16,6,53830.0,53820.0,53820.0,53830.0,10.0,1,0,0.0,,,94.39,94.37,2,0,2,1,3,0,0,0,0,0,0,0,0,0,0,0.9,0,2,2,0.3025,0.5193,0.84249,0.8177,1.0,0,2,2,0.25,0.6021,0.84249,2025-09-02 23:59:59.999999999,2025-06-22 18:15:50,2025-09-02 22:19:51,72.239,True,53830.0,2025-07-14 20:36:21,25.0,50.141,1.0,True,53820.0,2025-08-12 00:06:16,26.0,21.996,0.0,True,1,10.0,True,3,0,0,2,0,2,1,0,0,0,0,0,0,0,2,1,0,0,0.9,0,-1.19567,0.5193,0.5193,50.141,1.0,2,0,0,0.5193,4,MOBILE_DEEP_CYCLE,STATEFUL_WATCH_LOW_EVIDENCE,WINDOW_OPPORTUNITY_NO_RESPONSE,ACTION_MONITOR_NEXT_WINDOW,low,8,weak_partial_evidence,fw_like;micro_wobble,days_eff=50 days_any=22 cyc_eff=1 hq_nr=2 total_nr=2 cens=1 lg_opp=0 opp=3 norm_anom=0.52 conf_p=0.842 micro_only=True cluster=MOBILE_DEEP_CYCLE,No user-facing action; monitoring.,Ambiguous/weak evidence (50d since effective change); monitor next window.,,True,False,True,False,False,False,False,False,6,2026-07-08T17:46:07Z,rolling30-od2.0,30,1,abs_ge_50mWh
LAPTOP-72AKT2DB_1,2026-05-19,2026-04-19 23:59:59.999999999,2026-05-19 23:59:59.999999999,270,29.193,0.5,8.845,257.919,19,13,4,0,0,0,0,False,WINDOW_QUALITY_OK,23.0,31.0,8.0,8.221,0.9161,0.2588,0.0839,2.0,100.0,98.0,10.35,98.0,100.0,0.0386,0.0492,0.7818,0.7207,0.6803,29,51,15,56000.0,54520.0,54520.0,56520.0,2000.0,10,3,1360.0,2026-05-12 10:36:06,27.0,96.55,94.0,2,1,1,4,7,0,0,0,0,0,0,2,0,0,2,0.9,1,1,2,0.3025,0.5193,0.84249,0.8177,1.0,1,1,2,0.25,0.6021,0.84249,2026-05-19 23:59:59.999999999,2026-03-10 00:02:48,2026-05-19 13:51:11,70.998,True,54570.0,2026-05-12 10:36:06,27.0,7.558,4.0,True,54520.0,2026-05-15 13:13:01,31.0,4.449,0.0,True,4,20.0,True,4,0,0,0,0,0,4,0,0,1,0,0,0,0,0,4,0,0,0.0,0,0.0,-0.0,-0.0,7.558,4.0,0,0,0,-0.0,4,MOBILE_DEEP_CYCLE,STATEFUL_WATCH_LARGE_GAP_OR_CENSORED,WINDOW_NORMAL_RESPONDING,ACTION_MONITOR_NEXT_WINDOW,low,7,large_gap_or_censored_dominant,micro_wobble;censored_dominant,days_eff=8 days_any=4 cyc_eff=4 hq_nr=0 total_nr=0 cens=4 lg_opp=0 opp=5 norm_anom=-0.00 conf_p=0.842 micro_only=True cluster=MOBILE_DEEP_CYCLE,No user-facing action; monitoring.,Ambiguous/weak evidence (7d since effective change); monitor next window.,,False,False,True,False,True,False,False,False,0,2026-07-08T17:46:07Z,rolling30-od2.0,30,1,abs_ge_50mWh
LAPTOP-77S3EOA5_Mao_Nakabauashi,2026-05-27,2026-04-27 23:59:59.999999999,2026-05-27 23:59:59.999999999,341,20.299,0.5,1.111,61.398,14,14,3,0,0,0,0,False,WINDOW_QUALITY_OK,30.0,32.0,2.0,2.956,0.9044,0.0799,0.0956,62.0,100.0,38.0,82.0,100.0,100.0,0.0,0.0,0.9682,0.9052,0.883,24,34,12,55650.0,55730.0,55650.0,56340.0,690.0,4,2,690.0,2026-05-18 08:26:48,31.0,95.95,96.09,0,1,0,2,3,0,0,0,0,0,0,0,0,0,0,0.0,0,0,0,,0.0,,,0.0,0,0,0,,0.0,,2026-05-27 23:59:59.999999999,2025-12-24 11:57:48,2026-05-27 16:46:27,154.502,True,55740.0,2026-05-18 08:26:48,31.0,9.648,1.0,True,55730.0,2026-05-21 17:23:25,32.0,6.275,0.0,True,1,10.0,True,2,0,0,0,0,0,2,0,0,0,0,0,0,0,0,2,0,0,0.0,0,0.0,-0.0,-0.0,9.648,1.0,0,0,0,-0.0,5,AC_BOUND,STATEFUL_WATCH_LARGE_GAP_OR_CENSORED,WINDOW_NORMAL_RESPONDING,ACTION_MONITOR_NEXT_WINDOW,low,7,large_gap_or_censored_dominant,micro_wobble;censored_dominant,days_eff=10 days_any=6 cyc_eff=1 hq_nr=0 total_nr=0 cens=2 lg_opp=0 opp=2 norm_anom=-0.00 conf_p=1 micro_only=True cluster=AC_BOUND,No user-facing action; monitoring.,Ambiguous/weak evidence (9d since effective change); monitor next window.,,False,False,True,False,True,False,False,False,0,2026-07-08T17:46:07Z,rolling30-od2.0,30,1,abs_ge_50mWh
LAPTOP-88BMF4J6_Mersey,2024-06-11,2024-05-12 23:59:59.999999999,2024-06-11 23:59:59.999999999,280,28.27,0.5,13.97,90.536,17,16,4,0,0,0,0,False,WINDOW_QUALITY_OK,25.0,29.0,4.0,4.245,0.4601,0.1094,0.5399,2.0,100.0,98.0,26.9,92.0,100.0,0.0157,0.0221,0.7666,0.7009,0.4715,43,54,22,53890.0,58360.0,53880.0,58380.0,4500.0,5,2,4370.0,2024-05-30 10:12:43,27.0,94.49,102.33,0,2,0,1,3,0,0,0,0,0,0,1,0,0,1,0.0,0,0,0,,0.0,,,0.0,0,0,0,,0.0,,2024-06-11 23:59:59.999999999,2023-12-11 16:15:39,2024-06-11 17:30:04,183.322,True,58380.0,2024-05-30 10:12:43,27.0,12.575,2.0,True,58360.0,2024-06-04 13:03:44,29.0,7.456,0.0,True,2,10.0,True,1,0,0,0,0,0,1,0,0,1,0,0,0,0,0,1,0,0,0.0,0,0.0,-0.0,-0.0,12.575,2.0,0,0,0,-0.0,4,MOBILE_DEEP_CYCLE,STATEFUL_WATCH_LARGE_GAP_OR_CENSORED,WINDOW_NORMAL_RESPONDING,ACTION_MONITOR_NEXT_WINDOW,low,7,large_gap_or_censored_dominant,micro_wobble;censored_dominant,days_eff=13 days_any=7 cyc_eff=2 hq_nr=0 total_nr=0 cens=1 lg_opp=0 opp=2 norm_anom=-0.00 conf_p=1 micro_only=True cluster=MOBILE_DEEP_CYCLE,No user-facing action; monitoring.,Ambiguous/weak evidence (12d since effective change); monitor next window.,,False,False,True,False,True,False,False,False,0,2026-07-08T17:46:07Z,rolling30-od2.0,30,1,abs_ge_50mWh
LAPTOP-8KIMRE5B_cturner,2024-06-26,2024-05-27 23:59:59.999999999,2024-06-26 23:59:59.999999999,304,29.097,0.5,12.049,58.858,25,16,6,0,0,0,0,False,WINDOW_QUALITY_OK,42.0,49.0,7.0,7.217,0.6186,0.181,0.3814,5.0,100.0,95.0,43.15,98.0,100.0,0.0231,0.0267,0.813,0.7197,0.6099,80,100,41,73560.0,71670.0,71670.0,73560.0,1890.0,9,2,1280.0,2024-06-26 03:56:14,48.0,98.08,95.56,6,1,5,1,8,0,0,0,0,0,0,2,0,0,2,2.7,1,5,6,0.027681,1.5578,0.39139,0.35882,3.0,1,5,6,0.015625,1.8062,0.39139,2024-06-26 23:59:59.999999999,2024-04-11 14:48:53,2024-06-26 11:13:50,76.383,True,71680.0,2024-06-26 03:56:14,48.0,0.836,1.0,True,71670.0,2024-06-26 10:11:07,49.0,0.576,0.0,True,1,10.0,True,0,0,0,0,0,0,0,0,0,0,0,0,0,0,0,0,0,0,0.0,0,0.0,-0.0,-0.0,0.836,1.0,0,0,0,-0.0,4,MOBILE_DEEP_CYCLE,STATEFUL_WATCH_LOW_EVIDENCE,WINDOW_NORMAL_RESPONDING,ACTION_MONITOR_NEXT_WINDOW,low,8,weak_partial_evidence,fw_like;micro_wobble,days_eff=1 days_any=1 cyc_eff=1 hq_nr=0 total_nr=0 cens=0 lg_opp=0 opp=0 norm_anom=-0.00 conf_p=0.391 micro_only=True cluster=MOBILE_DEEP_CYCLE,No user-facing action; monitoring.,Ambiguous/weak evidence (0d since effective change); monitor next window.,,True,False,True,False,False,False,False,False,0,2026-07-08T17:46:07Z,rolling30-od2.0,30,1,abs_ge_50mWh
LAPTOP-A86VO230_PQM,2024-01-23,2023-12-24 23:59:59.999999999,2024-01-23 23:59:59.999999999,275,29.284,0.5,2.008,184.866,12,12,6,0,0,0,0,False,WINDOW_QUALITY_OK,11.0,19.0,8.0,8.196,0.3228,0.2617,0.6772,3.0,100.0,97.0,22.4,69.0,100.0,0.0345,0.0531,0.3373,0.2029,0.1154,38,44,20,58960.0,58280.0,58280.0,58960.0,680.0,10,2,420.0,2024-01-03 17:09:35,14.0,103.38,102.19,4,1,3,0,5,0,0,0,0,0,0,2,0,0,2,1.8,0,4,4,0.091506,1.0385,0.58528,0.55423,2.0,0,4,4,0.0625,1.2041,0.58528,2024-01-23 23:59:59.999999999,2023-11-21 21:02:39,2024-01-23 15:52:06,63.123,True,58340.0,2024-01-03 17:09:35,14.0,20.285,5.0,True,58280.0,2024-01-10 14:14:39,18.0,13.406,1.0,True,4,20.0,True,2,0,0,2,0,2,0,0,0,1,0,0,0,0,2,0,0,0,0.9,0,-1.19567,0.5193,0.5193,20.285,5.0,2,0,0,0.5193,4,MOBILE_DEEP_CYCLE,STATEFUL_WATCH_LOW_EVIDENCE,WINDOW_NORMAL_RESPONDING,ACTION_MONITOR_NEXT_WINDOW,low,8,weak_partial_evidence,fw_like;micro_wobble,days_eff=20 days_any=13 cyc_eff=5 hq_nr=2 total_nr=2 cens=0 lg_opp=0 opp=3 norm_anom=0.52 conf_p=0.585 micro_only=True cluster=MOBILE_DEEP_CYCLE,No user-facing action; monitoring.,Ambiguous/weak evidence (20d since effective change); monitor next window.,,True,False,True,False,False,False,False,False,0,2026-07-08T17:46:07Z,rolling30-od2.0,30,1,abs_ge_50mWh
LAPTOP-A9PSKJU9_panjun1,2026-05-20,2026-04-20 23:59:59.999999999,2026-05-20 23:59:59.999999999,563,29.206,0.5,4.9,36.701,27,16,5,0,0,0,0,False,WINDOW_QUALITY_OK,98.0,119.0,21.0,21.571,0.6143,0.2875,0.3857,1.0,100.0,99.0,17.1,90.0,100.0,0.0084,0.042,0.5891,0.4824,0.442,103,142,52,58820.0,56660.0,53950.0,58820.0,4870.0,30,10,3570.0,2026-05-19 11:37:20,118.0,101.41,97.69,9,0,1,4,13,0,0,0,0,0,1,3,1,0,4,4.05,7,2,9,0.004605,2.3367,0.1914,0.1649,4.5,7,2,9,0.001953,2.7093,0.1914,2026-05-20 23:59:59.999999999,2025-12-10 08:48:23,2026-05-20 14:35:17,161.633,True,56670.0,2026-05-19 11:37:20,118.0,1.516,1.0,True,56660.0,2026-05-20 10:39:37,119.0,0.556,0.0,True,1,10.0,True,1,0,0,0,0,0,1,0,0,0,0,0,0,0,0,1,0,0,0.0,0,0.0,-0.0,-0.0,1.516,1.0,0,0,0,-0.0,4,MOBILE_DEEP_CYCLE,STATEFUL_WATCH_LARGE_GAP_OR_CENSORED,WINDOW_NORMAL_RESPONDING,ACTION_MONITOR_NEXT_WINDOW,low,7,large_gap_or_censored_dominant,fw_like;micro_wobble;censored_dominant,days_eff=2 days_any=1 cyc_eff=1 hq_nr=0 total_nr=0 cens=1 lg_opp=0 opp=1 norm_anom=-0.00 conf_p=0.191 micro_only=True cluster=MOBILE_DEEP_CYCLE,No user-facing action; monitoring.,Ambiguous/weak evidence (1d since effective change); monitor next window.,,True,False,True,False,True,False,False,False,0,2026-07-08T17:46:07Z,rolling30-od2.0,30,1,abs_ge_50mWh
LAPTOP-APU7HF6F_Carl_Pan,2024-10-17,2024-09-17 23:59:59.999999999,2024-10-17 23:59:59.999999999,109,26.808,0.498,4.566,425.174,6,5,3,0,0,0,0,False,WINDOW_QUALITY_OK,141.0,146.0,5.0,5.595,0.687,0.2517,0.313,1.0,100.0,99.0,2.0,83.0,100.0,0.1128,0.1764,0.5214,0.4745,0.3681,26,35,13,48980.0,46720.0,46720.0,48980.0,2260.0,7,2,1600.0,2024-10-12 20:07:30,145.0,85.88,81.92,1,0,0,3,4,0,0,0,0,0,0,1,0,0,1,0.45,1,0,1,0.55,0.2596,1.0,1.0,0.5,1,0,1,0.5,0.301,1.0,2024-10-17 23:59:59.999999999,2023-10-16 09:33:21,2024-10-17 10:20:43,367.602,True,46740.0,2024-10-12 20:07:30,145.0,5.161,1.0,True,46720.0,2024-10-17 10:20:04,146.0,0.569,0.0,True,1,20.0,True,0,0,0,0,0,0,0,0,0,0,0,0,0,0,0,0,0,0,0.0,0,0.0,-0.0,-0.0,5.161,1.0,0,0,0,-0.0,0,MOBILE_DEEP_CYCLE,STATEFUL_WATCH_LOW_EVIDENCE,WINDOW_NORMAL_RESPONDING,ACTION_MONITOR_NEXT_WINDOW,low,8,weak_partial_evidence,micro_wobble,days_eff=5 days_any=1 cyc_eff=1 hq_nr=0 total_nr=0 cens=0 lg_opp=0 opp=0 norm_anom=-0.00 conf_p=1 micro_only=True cluster=MOBILE_DEEP_CYCLE,No user-facing action; monitoring.,Ambiguous/weak evidence (5d since effective change); monitor next window.,,False,False,True,False,False,False,False,False,0,2026-07-08T17:46:07Z,rolling30-od2.0,30,1,abs_ge_50mWh
LAPTOP-DDJ0EVTT_T14s2in1,2026-05-27,2026-04-27 23:59:59.999999999,2026-05-27 23:59:59.999999999,403,29.327,0.5,6.953,71.176,22,13,4,0,0,0,0,False,WINDOW_QUALITY_OK,21.0,30.0,9.0,9.207,0.6297,0.1889,0.3703,2.0,100.0,98.0,49.0,96.0,100.0,0.0102,0.025,0.8063,0.6518,0.5584,82,109,41,59300.0,57210.0,57210.0,59300.0,2090.0,10,1,1970.0,2026-05-22 18:55:01,28.0,102.24,98.64,6,1,6,1,8,0,0,0,0,0,0,1,0,0,1,2.7,0,6,6,0.027681,1.5578,0.39139,0.35882,3.0,0,6,6,0.015625,1.8062,0.39139,2026-05-27 23:59:59.999999999,2026-01-28 12:13:32,2026-05-27 14:03:48,119.491,True,57240.0,2026-05-22 18:55:01,28.0,5.212,2.0,True,57210.0,2026-05-27 13:33:48,30.0,0.435,0.0,True,2,20.0,True,0,0,0,0,0,0,0,0,0,1,0,0,0,0,0,0,0,0,0.0,0,0.0,-0.0,-0.0,5.212,2.0,0,0,0,-0.0,4,MOBILE_DEEP_CYCLE,STATEFUL_WATCH_LOW_EVIDENCE,WINDOW_NORMAL_RESPONDING,ACTION_MONITOR_NEXT_WINDOW,low,8,weak_partial_evidence,fw_like;micro_wobble,days_eff=5 days_any=0 cyc_eff=2 hq_nr=0 total_nr=0 cens=0 lg_opp=0 opp=1 norm_anom=-0.00 conf_p=0.391 micro_only=True cluster=MOBILE_DEEP_CYCLE,No user-facing action; monitoring.,Ambiguous/weak evidence (5d since effective change); monitor next window.,,True,False,True,False,False,False,False,False,0,2026-07-08T17:46:07Z,rolling30-od2.0,30,1,abs_ge_50mWh
LAPTOP-E1AAB86F_X1_2-1,2025-03-03,2025-02-01 23:59:59.999999999,2025-03-03 23:59:59.999999999,468,28.154,0.5,8.339,34.854,36,6,2,0,0,0,0,False,WINDOW_QUALITY_OK,210.0,229.0,19.0,20.246,0.4503,0.2547,0.5497,2.0,100.0,98.0,22.35,80.0,100.0,0.0197,0.0526,0.5166,0.4241,0.295,115,146,58,49490.0,48480.0,48480.0,49490.0,1010.0,21,1,750.0,2025-03-01 00:37:59,227.0,86.78,85.01,13,0,12,3,16,0,0,0,0,0,0,1,0,0,1,5.85,0,13,13,0.000421,3.3753,0.05667,0.0433,6.5,0,13,13,0.000122,3.9134,0.05667,2025-03-03 23:59:59.999999999,2024-02-01 13:11:56,2025-03-03 10:27:18,396.45,True,48510.0,2025-03-01 00:37:59,227.0,2.974,2.0,True,48480.0,2025-03-03 07:02:11,229.0,0.707,0.0,True,2,20.0,True,1,0,0,0,0,0,1,0,0,1,0,0,0,0,0,1,0,0,0.0,0,0.0,-0.0,-0.0,2.974,2.0,0,0,0,-0.0,4,MOBILE_DEEP_CYCLE,STATEFUL_WATCH_LARGE_GAP_OR_CENSORED,WINDOW_NORMAL_RESPONDING,ACTION_MONITOR_NEXT_WINDOW,low,7,large_gap_or_censored_dominant,fw_like;micro_wobble;censored_dominant,days_eff=3 days_any=1 cyc_eff=2 hq_nr=0 total_nr=0 cens=1 lg_opp=0 opp=2 norm_anom=-0.00 conf_p=0.0567 micro_only=True cluster=MOBILE_DEEP_CYCLE,No user-facing action; monitoring.,Ambiguous/weak evidence (2d since effective change); monitor next window.,,True,False,True,False,True,False,False,False,0,2026-07-08T17:46:07Z,rolling30-od2.0,30,1,abs_ge_50mWh
LAPTOP-EVNV9CFQ_Monica,2025-03-27,2025-02-25 23:59:59.999999999,2025-03-27 23:59:59.999999999,381,29.205,0.5,13.486,80.758,22,21,6,0,0,0,0,False,WINDOW_QUALITY_OK,11.0,15.0,4.0,4.109,0.8386,0.0905,0.1614,7.0,100.0,93.0,71.0,97.0,100.0,0.0024,0.0124,0.9168,0.8773,0.6533,57,75,29,58070.0,58590.0,58030.0,58610.0,580.0,5,1,580.0,2025-03-19 16:04:49,14.0,101.82,102.74,2,0,0,2,4,0,0,0,0,0,0,0,0,0,0,1.35,2,1,3,0.166375,0.7789,0.70435,0.67541,1.5,2,1,3,0.125,0.9031,0.70435,2025-03-27 23:59:59.999999999,2024-11-15 10:12:54,2025-03-27 14:53:07,132.574,True,58610.0,2025-03-19 16:04:49,14.0,8.33,1.0,True,58590.0,2025-03-21 10:07:37,15.0,6.578,0.0,True,1,20.0,True,2,0,0,0,0,0,2,0,0,0,0,0,0,0,0,2,0,0,0.0,0,0.0,-0.0,-0.0,8.33,1.0,0,0,0,-0.0,4,MOBILE_DEEP_CYCLE,STATEFUL_WATCH_LARGE_GAP_OR_CENSORED,WINDOW_NORMAL_RESPONDING,ACTION_MONITOR_NEXT_WINDOW,low,7,large_gap_or_censored_dominant,micro_wobble;censored_dominant,days_eff=8 days_any=7 cyc_eff=1 hq_nr=0 total_nr=0 cens=2 lg_opp=0 opp=2 norm_anom=-0.00 conf_p=0.704 micro_only=True cluster=MOBILE_DEEP_CYCLE,No user-facing action; monitoring.,Ambiguous/weak evidence (8d since effective change); monitor next window.,,False,False,True,False,True,False,False,False,0,2026-07-08T17:46:07Z,rolling30-od2.0,30,1,abs_ge_50mWh
LAPTOP-FEFDP1D9_test,2026-06-01,2026-05-02 23:59:59.999999999,2026-06-01 23:59:59.999999999,472,25.003,0.467,0.724,85.186,16,15,4,0,0,0,0,False,WINDOW_QUALITY_OK,37.0,46.0,9.0,10.799,0.627,0.2211,0.373,6.0,100.0,94.0,62.0,97.5,100.0,0.003,0.0051,0.8822,0.7639,0.602,150,193,75,57630.0,57450.0,57450.0,58100.0,650.0,11,2,590.0,2026-05-19 19:01:17,42.0,99.36,99.05,5,0,0,2,7,0,0,0,0,0,0,1,0,0,1,2.7,4,2,6,0.027681,1.5578,0.39139,0.35882,3.0,4,2,6,0.015625,1.8062,0.39139,2026-06-01 23:59:59.999999999,2026-01-06 00:36:21,2026-06-01 08:32:36,146.975,True,57490.0,2026-05-19 19:01:17,42.0,13.207,4.0,True,57450.0,2026-05-29 17:36:51,46.0,3.266,0.0,True,4,10.0,True,2,0,0,0,0,0,2,0,0,0,0,0,0,0,0,2,0,0,0.0,0,0.0,-0.0,-0.0,13.207,4.0,0,0,0,-0.0,4,MOBILE_DEEP_CYCLE,STATEFUL_WATCH_LARGE_GAP_OR_CENSORED,WINDOW_NORMAL_RESPONDING,ACTION_MONITOR_NEXT_WINDOW,low,7,large_gap_or_censored_dominant,fw_like;micro_wobble;censored_dominant,days_eff=13 days_any=3 cyc_eff=4 hq_nr=0 total_nr=0 cens=2 lg_opp=0 opp=2 norm_anom=-0.00 conf_p=0.391 micro_only=True cluster=MOBILE_DEEP_CYCLE,No user-facing action; monitoring.,Ambiguous/weak evidence (13d since effective change); monitor next window.,,True,False,True,False,True,False,False,False,0,2026-07-08T17:46:07Z,rolling30-od2.0,30,1,abs_ge_50mWh
LAPTOP-FG0TTKQT_amurugan1,2025-06-26,2025-05-27 23:59:59.999999999,2025-06-26 23:59:59.999999999,705,29.266,0.5,2.87,63.585,14,7,2,0,0,0,0,False,WINDOW_QUALITY_OK,25.0,35.0,10.0,10.251,0.5541,0.0808,0.4459,15.0,100.0,85.0,53.0,99.0,100.0,0.0,0.0099,0.7476,0.6512,0.5477,72,104,36,56500.0,56460.0,56460.0,57130.0,670.0,13,3,590.0,2025-06-11 14:39:07,30.0,99.07,99.0,9,0,3,5,14,0,0,0,0,0,0,0,0,0,0,4.05,3,6,9,0.004605,2.3367,0.1914,0.1649,4.5,3,6,9,0.001953,2.7093,0.1914,2025-06-26 23:59:59.999999999,2025-03-20 19:56:45,2025-06-26 15:51:49,98.169,True,56520.0,2025-06-11 14:39:07,30.0,15.39,5.0,True,56460.0,2025-06-26 13:51:49,35.0,0.422,0.0,True,5,20.0,True,7,0,0,2,0,2,5,0,0,0,0,0,0,0,2,5,0,0,0.9,0,-1.19567,0.5193,0.5193,15.39,5.0,2,0,0,0.5193,4,MOBILE_DEEP_CYCLE,STATEFUL_WATCH_LOW_EVIDENCE,WINDOW_NORMAL_RESPONDING,ACTION_MONITOR_NEXT_WINDOW,low,8,weak_partial_evidence,fw_like;micro_wobble,days_eff=15 days_any=0 cyc_eff=5 hq_nr=2 total_nr=2 cens=5 lg_opp=0 opp=7 norm_anom=0.52 conf_p=0.191 micro_only=True cluster=MOBILE_DEEP_CYCLE,No user-facing action; monitoring.,Ambiguous/weak evidence (15d since effective change); monitor next window.,,True,False,True,False,False,False,False,False,0,2026-07-08T17:46:07Z,rolling30-od2.0,30,1,abs_ge_50mWh
LAPTOP-G59PGF6O_Avon,2026-05-08,2026-04-08 23:59:59.999999999,2026-05-08 23:59:59.999999999,308,28.98,0.5,10.721,67.576,28,15,4,0,0,0,0,False,WINDOW_QUALITY_OK,25.0,37.0,12.0,12.423,0.297,0.1705,0.703,2.0,100.0,98.0,15.0,74.0,100.0,0.0316,0.07,0.4502,0.3019,0.2423,73,99,37,56700.0,56520.0,55500.0,57550.0,2050.0,16,5,1430.0,2026-05-06 12:02:00,36.0,97.76,97.45,7,1,3,0,8,0,0,0,0,0,0,3,0,0,3,3.15,2,5,7,0.015224,1.8175,0.31582,0.28541,3.5,2,5,7,0.007813,2.1072,0.31582,2026-05-08 23:59:59.999999999,2026-02-05 00:53:07,2026-05-08 08:32:48,92.963,True,56530.0,2026-05-06 12:02:00,36.0,2.499,1.0,True,56520.0,2026-05-07 14:38:28,37.0,1.39,0.0,True,1,10.0,True,0,0,0,0,0,0,0,0,0,1,0,0,0,0,0,0,0,0,0.0,0,0.0,-0.0,-0.0,2.499,1.0,0,0,0,-0.0,4,MOBILE_DEEP_CYCLE,STATEFUL_WATCH_LOW_EVIDENCE,WINDOW_NORMAL_RESPONDING,ACTION_MONITOR_NEXT_WINDOW,low,8,weak_partial_evidence,fw_like;micro_wobble,days_eff=2 days_any=1 cyc_eff=1 hq_nr=0 total_nr=0 cens=0 lg_opp=0 opp=1 norm_anom=-0.00 conf_p=0.316 micro_only=True cluster=MOBILE_DEEP_CYCLE,No user-facing action; monitoring.,Ambiguous/weak evidence (2d since effective change); monitor next window.,,True,False,True,False,False,False,False,False,0,2026-07-08T17:46:07Z,rolling30-od2.0,30,1,abs_ge_50mWh
LAPTOP-GGLFATQJ_kazuk,2023-10-13,2023-09-13 23:59:59.999999999,2023-10-13 23:59:59.999999999,635,26.887,0.5,0.5,163.285,6,5,3,0,0,0,0,False,WINDOW_QUALITY_OK,220.0,223.0,3.0,3.347,0.9491,0.0216,0.0509,0.0,100.0,100.0,99.7,100.0,100.0,0.0078,0.0089,0.9432,0.9386,0.9386,4,8,2,42960.0,43130.0,42400.0,43130.0,730.0,5,5,620.0,2023-10-09 01:10:25,223.0,79.47,79.78,1,0,0,0,1,0,0,0,0,0,0,2,0,0,2,0.45,1,0,1,0.55,0.2596,1.0,1.0,0.5,1,0,1,0.5,0.301,1.0,2023-10-13 23:59:59.999999999,2023-02-08 07:36:25,2023-10-13 19:12:21,247.683,True,43130.0,2023-10-09 01:10:25,223.0,4.951,0.0,True,43130.0,2023-10-09 01:10:25,223.0,4.951,0.0,True,0,0.0,False,0,0,0,0,0,0,0,0,0,0,0,0,0,0,0,0,0,0,0.0,0,0.0,-0.0,-0.0,4.951,0.0,0,0,0,-0.0,4,MOBILE_DEEP_CYCLE,STATEFUL_WATCH_LOW_EVIDENCE,WINDOW_NORMAL_RESPONDING,ACTION_MONITOR_NEXT_WINDOW,low,8,weak_partial_evidence,,days_eff=5 days_any=5 cyc_eff=0 hq_nr=0 total_nr=0 cens=0 lg_opp=0 opp=0 norm_anom=-0.00 conf_p=1 micro_only=False cluster=MOBILE_DEEP_CYCLE,No user-facing action; monitoring.,Ambiguous/weak evidence (4d since effective change); monitor next window.,,False,False,False,False,False,False,False,False,0,2026-07-08T17:46:07Z,rolling30-od2.0,30,1,abs_ge_50mWh
LAPTOP-H0IEOCT5_zuyin,2025-05-12,2025-04-12 23:59:59.999999999,2025-05-12 23:59:59.999999999,551,29.022,0.5,7.744,20.329,36,11,0,0,0,0,0,False,WINDOW_QUALITY_OK,20.0,24.0,4.0,4.135,0.9393,0.0725,0.0607,14.0,100.0,86.0,75.0,100.0,100.0,0.0,0.0085,0.9126,0.9013,0.8816,26,39,13,85830.0,84010.0,84010.0,85830.0,1820.0,6,2,900.0,2025-05-05 09:53:32,24.0,95.37,93.34,3,1,1,0,4,0,0,0,0,0,0,0,0,0,0,1.35,2,1,3,0.166375,0.7789,0.70435,0.67541,1.5,2,1,3,0.125,0.9031,0.70435,2025-05-12 23:59:59.999999999,2024-09-20 19:03:02,2025-05-12 11:57:55,234.206,True,84010.0,2025-05-05 09:53:32,24.0,7.588,0.0,True,84010.0,2025-05-05 09:53:32,24.0,7.588,0.0,True,0,0.0,False,0,0,0,0,0,0,0,0,0,0,0,0,0,0,0,0,0,0,0.0,0,0.0,-0.0,-0.0,7.588,0.0,0,0,0,-0.0,4,MOBILE_DEEP_CYCLE,STATEFUL_WATCH_LOW_EVIDENCE,WINDOW_NORMAL_RESPONDING,ACTION_MONITOR_NEXT_WINDOW,low,8,weak_partial_evidence,,days_eff=8 days_any=8 cyc_eff=0 hq_nr=0 total_nr=0 cens=0 lg_opp=0 opp=0 norm_anom=-0.00 conf_p=0.704 micro_only=False cluster=MOBILE_DEEP_CYCLE,No user-facing action; monitoring.,Ambiguous/weak evidence (7d since effective change); monitor next window.,,False,False,False,False,False,False,False,False,0,2026-07-08T17:46:07Z,rolling30-od2.0,30,1,abs_ge_50mWh
LAPTOP-H11NV2VL_hwpa,2025-04-01,2025-03-02 23:59:59.999999999,2025-04-01 23:59:59.999999999,166,29.15,0.5,15.995,115.163,17,14,5,0,0,0,0,False,WINDOW_QUALITY_OK,12.0,20.0,8.0,8.233,0.1876,0.1164,0.8124,5.0,100.0,95.0,21.0,53.5,99.0,0.0141,0.0633,0.3006,0.1755,0.1037,29,37,15,55150.0,54600.0,54600.0,55150.0,550.0,1,1,550.0,2025-03-11 17:09:20,16.0,106.12,105.06,4,0,2,0,4,0,0,0,0,0,0,1,0,0,1,1.8,0,4,4,0.091506,1.0385,0.58528,0.55423,2.0,0,4,4,0.0625,1.2041,0.58528,2025-04-01 23:59:59.999999999,2024-10-30 12:38:45,2025-04-01 13:51:53,153.473,True,54600.0,2025-03-11 17:09:20,16.0,21.285,4.0,True,54600.0,2025-03-11 17:09:20,16.0,21.285,4.0,True,0,0.0,False,2,0,0,2,0,2,0,0,0,0,0,0,0,0,2,0,0,0,0.9,0,-1.19567,0.5193,0.5193,21.285,4.0,2,0,0,0.5193,4,MOBILE_DEEP_CYCLE,STATEFUL_WATCH_LOW_EVIDENCE,WINDOW_NORMAL_RESPONDING,ACTION_MONITOR_NEXT_WINDOW,low,8,weak_partial_evidence,fw_like,days_eff=21 days_any=21 cyc_eff=4 hq_nr=2 total_nr=2 cens=0 lg_opp=0 opp=2 norm_anom=0.52 conf_p=0.585 micro_only=False cluster=MOBILE_DEEP_CYCLE,No user-facing action; monitoring.,Ambiguous/weak evidence (21d since effective change); monitor next window.,,True,False,False,False,False,False,False,False,0,2026-07-08T17:46:07Z,rolling30-od2.0,30,1,abs_ge_50mWh
LAPTOP-I551TCUQ_Eiger-1,2024-02-29,2024-01-30 23:59:59.999999999,2024-02-29 23:59:59.999999999,98,29.712,0.5,20.965,208.676,19,10,5,0,0,0,0,False,WINDOW_QUALITY_OK,7.0,10.0,3.0,3.029,0.4667,0.083,0.5333,14.0,100.0,86.0,20.0,99.0,100.0,0.0,0.0394,0.4829,0.4629,0.3662,9,14,5,56600.0,55930.0,55930.0,56600.0,670.0,4,1,560.0,2024-02-29 11:48:33,10.0,97.59,96.43,1,0,0,0,1,0,0,0,0,0,0,0,0,0,0,0.45,0,1,1,0.55,0.2596,1.0,1.0,0.5,0,1,1,0.5,0.301,1.0,2024-02-29 23:59:59.999999999,2023-12-28 03:05:55,2024-02-29 18:18:33,63.871,True,55930.0,2024-02-29 11:48:33,10.0,0.508,0.0,True,55930.0,2024-02-29 11:48:33,10.0,0.508,0.0,True,0,0.0,False,0,0,0,0,0,0,0,0,0,0,0,0,0,0,0,0,0,0,0.0,0,0.0,-0.0,-0.0,0.508,0.0,0,0,0,-0.0,4,MOBILE_DEEP_CYCLE,STATEFUL_WATCH_LOW_EVIDENCE,WINDOW_NORMAL_RESPONDING,ACTION_MONITOR_NEXT_WINDOW,low,8,weak_partial_evidence,,days_eff=1 days_any=1 cyc_eff=0 hq_nr=0 total_nr=0 cens=0 lg_opp=0 opp=0 norm_anom=-0.00 conf_p=1 micro_only=False cluster=MOBILE_DEEP_CYCLE,No user-facing action; monitoring.,Ambiguous/weak evidence (0d since effective change); monitor next window.,,False,False,False,False,False,False,False,False,0,2026-07-08T17:46:07Z,rolling30-od2.0,30,1,abs_ge_50mWh
LAPTOP-J2L4OE0Q_ANakamura,2026-05-29,2026-04-29 23:59:59.999999999,2026-05-29 23:59:59.999999999,523,22.017,0.487,1.241,61.961,17,7,3,0,0,0,0,False,WINDOW_QUALITY_OK,57.0,68.0,11.0,14.988,0.5775,0.1503,0.4225,2.0,100.0,98.0,59.0,95.0,100.0,0.0052,0.0098,0.7689,0.5826,0.5169,137,187,69,54450.0,55830.0,54430.0,55940.0,1510.0,12,1,1510.0,2026-05-11 18:03:46,59.0,93.88,96.26,3,2,2,1,6,0,0,0,0,0,0,2,0,0,2,1.35,0,3,3,0.166375,0.7789,0.70435,0.67541,1.5,0,3,3,0.125,0.9031,0.70435,2026-05-29 23:59:59.999999999,2025-12-23 18:00:42,2026-05-29 09:39:02,157.25,True,55940.0,2026-05-11 18:03:46,59.0,18.247,9.0,True,55830.0,2026-05-28 10:05:42,68.0,1.579,0.0,True,9,20.0,True,3,1,1,2,1,3,1,0,0,1,0,0,0,0,2,1,1,0,1.35,0,-1.79351,0.7789,0.7789,18.247,9.0,3,0,0,0.7789,3,AC_BOUND,STATEFUL_WATCH_LOW_EVIDENCE,WINDOW_NORMAL_RESPONDING,ACTION_MONITOR_NEXT_WINDOW,low,8,weak_partial_evidence,fw_like;micro_wobble,days_eff=18 days_any=2 cyc_eff=9 hq_nr=2 total_nr=3 cens=1 lg_opp=1 opp=6 norm_anom=0.78 conf_p=0.704 micro_only=True cluster=AC_BOUND,No user-facing action; monitoring.,Ambiguous/weak evidence (18d since effective change); monitor next window.,,True,False,True,False,False,False,False,False,0,2026-07-08T17:46:07Z,rolling30-od2.0,30,1,abs_ge_50mWh
LAPTOP-JL4J612V_jnunez5,2025-03-17,2025-02-15 23:59:59.999999999,2025-03-17 23:59:59.999999999,267,27.263,0.5,12.312,117.384,21,15,5,0,0,0,0,False,WINDOW_QUALITY_OK,8.0,11.0,3.0,3.301,0.5521,0.1195,0.4479,2.0,100.0,98.0,8.0,99.0,100.0,0.0624,0.082,0.8327,0.7029,0.5907,52,69,26,81470.0,81610.0,81470.0,81610.0,140.0,1,1,140.0,2025-03-10 11:03:56,10.0,101.84,102.01,2,0,1,1,3,0,0,0,0,0,0,1,0,0,1,0.9,1,1,2,0.3025,0.5193,0.84249,0.8177,1.0,1,1,2,0.25,0.6021,0.84249,2025-03-17 23:59:59.999999999,2025-01-06 08:48:48,2025-03-17 15:53:43,70.633,True,81610.0,2025-03-10 11:03:56,10.0,7.539,1.0,True,81610.0,2025-03-10 11:03:56,10.0,7.539,1.0,True,0,0.0,False,1,0,0,0,0,0,1,0,0,0,0,0,0,0,0,1,0,0,0.0,0,0.0,-0.0,-0.0,7.539,1.0,0,0,0,-0.0,4,MOBILE_DEEP_CYCLE,STATEFUL_WATCH_LARGE_GAP_OR_CENSORED,WINDOW_NORMAL_RESPONDING,ACTION_MONITOR_NEXT_WINDOW,low,7,large_gap_or_censored_dominant,censored_dominant,days_eff=8 days_any=8 cyc_eff=1 hq_nr=0 total_nr=0 cens=1 lg_opp=0 opp=1 norm_anom=-0.00 conf_p=0.842 micro_only=False cluster=MOBILE_DEEP_CYCLE,No user-facing action; monitoring.,Ambiguous/weak evidence (7d since effective change); monitor next window.,,False,False,False,False,True,False,False,False,0,2026-07-08T17:46:07Z,rolling30-od2.0,30,1,abs_ge_50mWh
LAPTOP-K2Q4C3UQ_1,2023-11-21,2023-10-22 23:59:59.999999999,2023-11-21 23:59:59.999999999,485,29.288,0.5,5.541,63.507,21,5,2,0,0,0,0,False,WINDOW_QUALITY_OK,90.0,102.0,12.0,12.292,0.8289,0.2325,0.1711,2.0,100.0,98.0,9.0,100.0,100.0,0.1313,0.134,0.6872,0.5702,0.5415,52,81,26,66520.0,66900.0,66520.0,70450.0,3930.0,6,6,2250.0,2023-11-17 08:46:41,101.0,92.38,92.9,5,0,0,2,7,0,0,0,0,0,0,1,0,0,1,2.25,3,2,5,0.050328,1.2982,0.48168,0.44777,2.5,3,2,5,0.03125,1.5051,0.48168,2023-11-21 23:59:59.999999999,2023-02-07 08:47:11,2023-11-21 15:35:21,287.634,True,66900.0,2023-11-17 08:46:41,101.0,4.634,1.0,True,66900.0,2023-11-17 08:46:41,101.0,4.634,1.0,True,0,0.0,False,1,0,0,0,0,0,1,0,0,0,0,0,0,0,0,1,0,0,0.0,0,0.0,-0.0,-0.0,4.634,1.0,0,0,0,-0.0,4,MOBILE_DEEP_CYCLE,STATEFUL_WATCH_LARGE_GAP_OR_CENSORED,WINDOW_NORMAL_RESPONDING,ACTION_MONITOR_NEXT_WINDOW,low,7,large_gap_or_censored_dominant,censored_dominant,days_eff=5 days_any=5 cyc_eff=1 hq_nr=0 total_nr=0 cens=1 lg_opp=0 opp=1 norm_anom=-0.00 conf_p=0.482 micro_only=False cluster=MOBILE_DEEP_CYCLE,No user-facing action; monitoring.,Ambiguous/weak evidence (4d since effective change); monitor next window.,,False,False,False,False,True,False,False,False,0,2026-07-08T17:46:07Z,rolling30-od2.0,30,1,abs_ge_50mWh
LAPTOP-K5TN4699_ThinkPad,2024-09-28,2024-08-29 23:59:59.999999999,2024-09-28 23:59:59.999999999,411,28.822,0.5,9.717,46.074,29,15,3,0,0,0,0,False,WINDOW_QUALITY_OK,10.0,12.0,2.0,2.082,0.955,0.0315,0.045,44.0,100.0,56.0,90.0,98.0,100.0,0.0,0.0,0.9845,0.9593,0.8236,12,25,6,56770.0,56900.0,56770.0,56900.0,130.0,2,2,80.0,2024-09-20 21:35:02,11.0,99.6,99.82,1,0,0,0,1,0,0,0,0,0,0,0,0,0,0,0.45,1,0,1,0.55,0.2596,1.0,1.0,0.5,1,0,1,0.5,0.301,1.0,2024-09-28 23:59:59.999999999,2024-05-20 15:08:33,2024-09-28 14:59:41,131.369,True,56900.0,2024-09-20 21:35:02,11.0,8.101,1.0,True,56900.0,2024-09-20 21:35:02,11.0,8.101,1.0,True,0,0.0,False,0,0,0,0,0,0,0,0,0,0,0,0,0,0,0,0,0,0,0.0,0,0.0,-0.0,-0.0,8.101,1.0,0,0,0,-0.0,5,AC_BOUND,STATEFUL_WATCH_LOW_EVIDENCE,WINDOW_NORMAL_RESPONDING,ACTION_MONITOR_NEXT_WINDOW,low,8,weak_partial_evidence,,days_eff=8 days_any=8 cyc_eff=1 hq_nr=0 total_nr=0 cens=0 lg_opp=0 opp=0 norm_anom=-0.00 conf_p=1 micro_only=False cluster=AC_BOUND,No user-facing action; monitoring.,Ambiguous/weak evidence (8d since effective change); monitor next window.,,False,False,False,False,False,False,False,False,0,2026-07-08T17:46:07Z,rolling30-od2.0,30,1,abs_ge_50mWh
LAPTOP-K8IULGVA_Sun,2024-09-24,2024-08-25 23:59:59.999999999,2024-09-24 23:59:59.999999999,127,29.048,0.57,23.169,156.396,15,13,6,0,0,0,0,False,WINDOW_QUALITY_OK,63.0,67.0,4.0,4.131,0.417,0.1187,0.583,24.0,100.0,76.0,50.0,95.0,100.0,0.0,0.0,0.688,0.6042,0.4681,18,29,10,47270.0,47270.0,47270.0,47270.0,0.0,0,0,0.0,,,82.86,82.86,2,0,2,1,3,0,0,0,0,0,0,0,0,0,0,0.9,0,2,2,0.3025,0.5193,0.84249,0.8177,1.0,0,2,2,0.25,0.6021,0.84249,2024-09-24 23:59:59.999999999,2023-09-10 09:43:22,2024-09-24 10:25:59,380.595,True,47270.0,2024-08-17 21:41:12,61.0,38.096,6.0,True,47270.0,2024-08-17 21:41:12,61.0,38.096,6.0,True,0,0.0,False,5,0,0,4,0,4,1,0,0,1,0,0,0,0,4,1,0,0,1.8,0,-2.39135,1.0385,1.0385,38.096,6.0,4,0,0,1.0385,5,AC_BOUND,STATEFUL_WATCH_LOW_EVIDENCE,WINDOW_OPPORTUNITY_NO_RESPONSE,ACTION_MONITOR_NEXT_WINDOW,low,8,weak_partial_evidence,fw_like,days_eff=38 days_any=38 cyc_eff=6 hq_nr=4 total_nr=4 cens=1 lg_opp=0 opp=6 norm_anom=1.04 conf_p=0.842 micro_only=False cluster=AC_BOUND,No user-facing action; monitoring.,Ambiguous/weak evidence (38d since effective change); monitor next window.,,True,False,False,False,False,False,False,False,1,2026-07-08T17:46:07Z,rolling30-od2.0,30,1,abs_ge_50mWh
LAPTOP-KQTSA7PM_1,2023-12-07,2023-11-07 23:59:59.999999999,2023-12-07 23:59:59.999999999,423,29.343,0.5,6.122,88.928,22,6,6,0,0,0,0,False,WINDOW_QUALITY_OK,27.0,35.0,8.0,8.179,0.5125,0.1312,0.4875,25.0,100.0,75.0,59.0,97.0,100.0,0.0,0.0,0.7747,0.6533,0.5531,94,124,47,57590.0,57470.0,57470.0,57590.0,120.0,9,0,0.0,,,100.98,100.77,6,0,6,3,9,0,0,0,0,0,0,0,0,0,0,3.15,0,7,7,0.015224,1.8175,0.31582,0.28541,3.5,0,7,7,0.007813,2.1072,0.31582,2023-12-07 23:59:59.999999999,2023-08-31 16:00:49,2023-12-07 09:41:08,98.333,True,57750.0,2023-10-18 14:48:21,17.0,50.383,18.0,True,57470.0,2023-12-07 07:28:36,35.0,0.688,0.0,True,22,20.0,True,18,0,0,15,0,15,3,0,0,1,0,0,0,0,15,3,0,0,6.75,0,-8.96756,3.8946,3.8946,50.383,18.0,15,0,0,3.8946,5,AC_BOUND,STATEFUL_WATCH_LOW_EVIDENCE,WINDOW_OPPORTUNITY_NO_RESPONSE,ACTION_MONITOR_NEXT_WINDOW,low,8,weak_partial_evidence,fw_like;micro_wobble,days_eff=50 days_any=1 cyc_eff=18 hq_nr=15 total_nr=15 cens=3 lg_opp=0 opp=19 norm_anom=3.89 conf_p=0.316 micro_only=True cluster=AC_BOUND,No user-facing action; monitoring.,Ambiguous/weak evidence (50d since effective change); monitor next window.,,True,False,True,False,False,False,False,False,21,2026-07-08T17:46:07Z,rolling30-od2.0,30,1,abs_ge_50mWh
LAPTOP-LVNFDHDN_EAA,2025-09-04,2025-08-05 23:59:59.999999999,2025-09-04 23:59:59.999999999,669,16.013,0.016,0.26,89.709,11,10,6,0,0,0,0,False,WINDOW_QUALITY_OK,25.0,27.0,2.0,3.747,0.6727,0.0957,0.3273,3.0,100.0,97.0,99.0,100.0,100.0,0.0171,0.0171,0.9326,0.6884,0.6474,12,14,6,58850.0,58230.0,58230.0,58850.0,620.0,3,1,600.0,2025-08-22 00:33:59,26.0,103.19,102.1,1,0,0,0,1,0,0,0,0,0,0,1,0,0,1,0.45,1,0,1,0.55,0.2596,1.0,1.0,0.5,1,0,1,0.5,0.301,1.0,2025-09-04 23:59:59.999999999,2025-04-09 00:02:55,2025-09-04 01:38:29,148.998,True,58240.0,2025-08-22 00:33:59,26.0,13.976,1.0,True,58230.0,2025-09-03 23:41:10,27.0,1.013,0.0,True,1,10.0,True,0,0,0,0,0,0,0,0,0,0,0,0,0,0,0,0,0,0,0.0,0,0.0,-0.0,-0.0,13.976,1.0,0,0,0,-0.0,3,AC_BOUND,STATEFUL_WATCH_LOW_EVIDENCE,WINDOW_NORMAL_RESPONDING,ACTION_MONITOR_NEXT_WINDOW,low,8,weak_partial_evidence,micro_wobble,days_eff=14 days_any=1 cyc_eff=1 hq_nr=0 total_nr=0 cens=0 lg_opp=0 opp=0 norm_anom=-0.00 conf_p=1 micro_only=True cluster=AC_BOUND,No user-facing action; monitoring.,Ambiguous/weak evidence (13d since effective change); monitor next window.,,False,False,True,False,False,False,False,False,0,2026-07-08T17:46:07Z,rolling30-od2.0,30,1,abs_ge_50mWh
LAPTOP-OMDL8LQ4_EESIT,2025-03-12,2025-02-10 23:59:59.999999999,2025-03-12 23:59:59.999999999,512,29.354,0.5,4.617,62.509,24,19,4,0,0,0,0,False,WINDOW_QUALITY_OK,119.0,141.0,22.0,22.484,0.353,0.271,0.647,6.0,100.0,94.0,11.0,53.0,100.0,0.024,0.1289,0.2269,0.1578,0.1049,137,152,69,55800.0,55460.0,55380.0,56710.0,1330.0,27,7,1330.0,2025-03-06 16:38:31,136.0,97.84,97.25,7,0,0,1,8,0,0,0,0,0,0,0,0,0,0,3.15,4,3,7,0.015224,1.8175,0.31582,0.28541,3.5,4,3,7,0.007813,2.1072,0.31582,2025-03-12 23:59:59.999999999,2024-08-21 13:01:52,2025-03-12 13:51:11,203.457,True,55520.0,2025-03-06 16:38:31,136.0,6.307,5.0,True,55460.0,2025-03-12 11:47:50,141.0,0.508,0.0,True,5,20.0,True,0,0,0,0,0,0,0,0,0,0,0,0,0,0,0,0,0,0,0.0,0,0.0,-0.0,-0.0,6.307,5.0,0,0,0,-0.0,4,MOBILE_DEEP_CYCLE,STATEFUL_WATCH_LOW_EVIDENCE,WINDOW_NORMAL_RESPONDING,ACTION_MONITOR_NEXT_WINDOW,low,8,weak_partial_evidence,fw_like;micro_wobble,days_eff=6 days_any=1 cyc_eff=5 hq_nr=0 total_nr=0 cens=0 lg_opp=0 opp=0 norm_anom=-0.00 conf_p=0.316 micro_only=True cluster=MOBILE_DEEP_CYCLE,No user-facing action; monitoring.,Ambiguous/weak evidence (6d since effective change); monitor next window.,,True,False,True,False,False,False,False,False,0,2026-07-08T17:46:07Z,rolling30-od2.0,30,1,abs_ge_50mWh
LAPTOP-OTD6NS5M_lnvni,2024-05-16,2024-04-16 23:59:59.999999999,2024-05-16 23:59:59.999999999,78,27.976,0.499,20.547,246.109,14,6,4,0,0,0,0,False,WINDOW_QUALITY_OK,15.0,16.0,1.0,1.072,0.3111,0.0573,0.6889,22.0,100.0,78.0,32.7,93.0,100.0,0.0,0.0,0.5163,0.4771,0.3781,11,15,6,59280.0,59210.0,59210.0,59280.0,70.0,2,0,0.0,,,103.95,103.82,0,0,0,0,0,0,0,0,0,0,0,0,0,0,0,0.0,0,0,0,,0.0,,,0.0,0,0,0,,0.0,,2024-05-16 23:59:59.999999999,2023-12-08 00:39:55,2024-05-16 13:06:50,160.972,True,59340.0,2024-03-26 16:56:42,12.0,51.294,4.0,True,59210.0,2024-05-07 12:48:42,16.0,9.466,0.0,True,6,40.0,True,1,0,0,1,0,1,0,0,0,0,0,0,0,0,1,0,0,0,0.45,0,-0.59784,0.2596,0.2596,51.294,4.0,1,0,0,0.2596,4,MOBILE_DEEP_CYCLE,STATEFUL_WATCH_LOW_EVIDENCE,WINDOW_MICRO_WOBBLE_ONLY,ACTION_MONITOR_NEXT_WINDOW,low,8,weak_partial_evidence,fw_like;micro_wobble,days_eff=51 days_any=9 cyc_eff=4 hq_nr=1 total_nr=1 cens=0 lg_opp=0 opp=1 norm_anom=0.26 conf_p=1 micro_only=True cluster=MOBILE_DEEP_CYCLE,No user-facing action; monitoring.,Ambiguous/weak evidence (51d since effective change); monitor next window.,,True,False,True,False,False,False,False,False,0,2026-07-08T17:46:07Z,rolling30-od2.0,30,1,abs_ge_50mWh
LAPTOP-P9BQ8OLJ_Neal,2026-04-22,2026-03-23 23:59:59.999999999,2026-04-22 23:59:59.999999999,597,29.552,0.5,1.465,123.959,21,12,6,0,0,0,0,False,WINDOW_QUALITY_OK,62.0,71.0,9.0,9.136,0.6414,0.1798,0.3586,1.0,100.0,99.0,51.0,98.0,100.0,0.0088,0.0103,0.7566,0.6907,0.5702,103,133,52,53870.0,52630.0,52630.0,53870.0,1240.0,11,2,550.0,2026-04-19 09:25:36,71.0,98.48,96.22,5,0,3,4,9,0,0,0,0,0,0,1,0,0,1,2.25,0,5,5,0.050328,1.2982,0.48168,0.44777,2.5,0,5,5,0.03125,1.5051,0.48168,2026-04-22 23:59:59.999999999,2025-07-08 00:39:09,2026-04-22 22:35:26,288.973,True,52630.0,2026-04-19 09:25:36,71.0,3.607,0.0,True,52630.0,2026-04-19 09:25:36,71.0,3.607,0.0,True,0,0.0,False,0,0,0,0,0,0,0,0,0,0,0,0,0,0,0,0,0,0,0.0,0,0.0,-0.0,-0.0,3.607,0.0,0,0,0,-0.0,4,MOBILE_DEEP_CYCLE,STATEFUL_WATCH_LOW_EVIDENCE,WINDOW_NORMAL_RESPONDING,ACTION_MONITOR_NEXT_WINDOW,low,8,weak_partial_evidence,,days_eff=4 days_any=4 cyc_eff=0 hq_nr=0 total_nr=0 cens=0 lg_opp=0 opp=0 norm_anom=-0.00 conf_p=0.482 micro_only=False cluster=MOBILE_DEEP_CYCLE,No user-facing action; monitoring.,Ambiguous/weak evidence (3d since effective change); monitor next window.,,False,False,False,False,False,False,False,False,0,2026-07-08T17:46:07Z,rolling30-od2.0,30,1,abs_ge_50mWh
LAPTOP-Q5JPEGGD_Nate,2026-04-09,2026-03-10 23:59:59.999999999,2026-04-09 23:59:59.999999999,1149,29.592,0.5,0.5,41.284,11,4,2,0,0,0,0,False,WINDOW_QUALITY_OK,14.0,24.0,10.0,10.138,0.9064,0.157,0.0936,0.0,100.0,100.0,48.0,98.0,100.0,0.0081,0.011,0.8961,0.8691,0.643,88,145,44,57920.0,57290.0,57290.0,57920.0,630.0,11,1,500.0,2026-03-26 14:31:04,20.0,99.86,98.78,7,0,7,2,9,0,0,0,0,0,0,2,0,0,2,3.15,0,7,7,0.015224,1.8175,0.31582,0.28541,3.5,0,7,7,0.007813,2.1072,0.31582,2026-04-09 23:59:59.999999999,2026-01-28 14:35:33,2026-04-09 14:20:39,71.392,True,57340.0,2026-03-26 14:31:04,20.0,14.395,4.0,True,57290.0,2026-04-08 15:14:19,24.0,1.365,0.0,True,4,20.0,True,5,0,0,3,0,3,2,0,1,0,0,1,1,0,3,2,0,0,1.35,0,-1.79351,0.7789,0.7789,14.395,4.0,3,1,0,0.7789,3,AC_BOUND,STATEFUL_WATCH_LOW_EVIDENCE,WINDOW_NORMAL_RESPONDING,ACTION_MONITOR_NEXT_WINDOW,low,8,weak_partial_evidence,fw_like;micro_wobble,days_eff=14 days_any=1 cyc_eff=4 hq_nr=3 total_nr=3 cens=2 lg_opp=0 opp=6 norm_anom=0.78 conf_p=0.316 micro_only=True cluster=AC_BOUND,No user-facing action; monitoring.,Ambiguous/weak evidence (14d since effective change); monitor next window.,,True,False,True,False,False,False,False,False,0,2026-07-08T17:46:07Z,rolling30-od2.0,30,1,abs_ge_50mWh
LAPTOP-RCQD7R5B_kazuk,2024-01-29,2023-12-30 23:59:59.999999999,2024-01-29 23:59:59.999999999,689,29.671,0.5,2.995,66.147,13,6,4,0,0,0,0,False,WINDOW_QUALITY_OK,89.0,105.0,16.0,16.178,0.708,0.1764,0.292,2.0,100.0,98.0,15.0,98.0,100.0,0.0164,0.0384,0.7234,0.6741,0.5958,65,107,33,52320.0,50510.0,50140.0,53920.0,3780.0,51,38,2980.0,2024-01-29 16:38:28,105.0,91.79,88.61,13,0,0,1,14,0,0,0,0,0,2,3,0,0,5,5.85,13,0,13,0.000421,3.3753,0.05667,0.0433,6.5,13,0,13,0.000122,3.9134,0.05667,2024-01-29 23:59:59.999999999,2023-02-17 04:28:14,2024-01-29 16:51:46,346.814,True,50520.0,2024-01-29 16:38:28,105.0,0.307,0.0,True,50510.0,2024-01-29 16:51:43,105.0,0.297,0.0,True,1,10.0,True,0,0,0,0,0,0,0,0,0,0,0,0,0,0,0,0,0,0,0.0,0,0.0,-0.0,-0.0,0.307,0.0,0,0,0,-0.0,4,MOBILE_DEEP_CYCLE,STATEFUL_WATCH_LOW_EVIDENCE,WINDOW_NORMAL_RESPONDING,ACTION_MONITOR_NEXT_WINDOW,low,8,weak_partial_evidence,fw_like;micro_wobble,days_eff=0 days_any=0 cyc_eff=0 hq_nr=0 total_nr=0 cens=0 lg_opp=0 opp=0 norm_anom=-0.00 conf_p=0.0567 micro_only=True cluster=MOBILE_DEEP_CYCLE,No user-facing action; monitoring.,Ambiguous/weak evidence (0d since effective change); monitor next window.,,True,False,True,False,False,False,False,False,0,2026-07-08T17:46:07Z,rolling30-od2.0,30,1,abs_ge_50mWh
LAPTOP-T4UU1BOP_Nikle,2026-04-23,2026-03-24 23:59:59.999999999,2026-04-23 23:59:59.999999999,534,29.234,0.5,2.449,62.426,22,14,4,0,0,0,0,False,WINDOW_QUALITY_OK,78.0,95.0,17.0,17.446,0.3948,0.1675,0.6052,2.0,100.0,98.0,28.65,86.0,100.0,0.0022,0.0249,0.5548,0.4169,0.325,126,180,64,56940.0,56920.0,55150.0,57030.0,1880.0,23,6,1180.0,2026-04-14 08:48:43,88.0,104.1,104.06,11,0,1,4,15,0,0,0,0,0,0,0,0,0,0,5.4,9,3,12,0.000766,3.1156,0.07988,0.06421,6.0,9,3,12,0.000244,3.6124,0.07988,2026-04-23 23:59:59.999999999,2025-11-16 17:57:35,2026-04-23 14:02:34,158.252,True,57030.0,2026-04-14 08:48:43,88.0,9.633,7.0,True,56920.0,2026-04-23 12:20:42,95.0,0.486,0.0,True,7,20.0,True,5,0,0,1,0,1,4,0,0,0,0,0,0,0,1,4,0,0,0.45,0,-0.59784,0.2596,0.2596,9.633,7.0,1,0,0,0.2596,4,MOBILE_DEEP_CYCLE,STATEFUL_WATCH_LOW_EVIDENCE,WINDOW_NORMAL_RESPONDING,ACTION_MONITOR_NEXT_WINDOW,low,8,weak_partial_evidence,fw_like;micro_wobble,days_eff=10 days_any=0 cyc_eff=7 hq_nr=1 total_nr=1 cens=4 lg_opp=0 opp=5 norm_anom=0.26 conf_p=0.0799 micro_only=True cluster=MOBILE_DEEP_CYCLE,No user-facing action; monitoring.,Ambiguous/weak evidence (9d since effective change); monitor next window.,,True,False,True,False,False,False,False,False,0,2026-07-08T17:46:07Z,rolling30-od2.0,30,1,abs_ge_50mWh
LAPTOP-T83863L5_EigerSIT11,2026-05-31,2026-05-01 23:59:59.999999999,2026-05-31 23:59:59.999999999,138,29.367,0.5,18.736,98.899,28,17,4,0,0,0,0,False,WINDOW_QUALITY_OK,176.0,184.0,8.0,8.172,0.2448,0.1762,0.7552,1.0,100.0,99.0,4.0,55.5,100.0,0.0611,0.0842,0.3339,0.2713,0.1442,23,28,12,47800.0,49010.0,44070.0,49030.0,4960.0,10,2,4960.0,2026-05-16 18:35:45,182.0,82.41,84.5,3,0,1,0,3,0,0,0,0,0,0,3,0,0,3,1.35,1,2,3,0.166375,0.7789,0.70435,0.67541,1.5,1,2,3,0.125,0.9031,0.70435,2026-05-31 23:59:59.999999999,2023-12-28 02:39:48,2026-05-31 21:07:11,885.889,True,49030.0,2026-05-16 18:35:45,182.0,15.225,2.0,True,49010.0,2026-05-27 22:14:31,184.0,4.073,0.0,True,2,10.0,True,0,0,0,0,0,0,0,0,0,1,0,0,0,0,0,0,0,0,0.0,0,0.0,-0.0,-0.0,15.225,2.0,0,0,0,-0.0,4,MOBILE_DEEP_CYCLE,STATEFUL_WATCH_LOW_EVIDENCE,WINDOW_NORMAL_RESPONDING,ACTION_MONITOR_NEXT_WINDOW,low,8,weak_partial_evidence,micro_wobble,days_eff=15 days_any=4 cyc_eff=2 hq_nr=0 total_nr=0 cens=0 lg_opp=0 opp=1 norm_anom=-0.00 conf_p=0.704 micro_only=True cluster=MOBILE_DEEP_CYCLE,No user-facing action; monitoring.,Ambiguous/weak evidence (15d since effective change); monitor next window.,,False,False,True,False,False,False,False,False,0,2026-07-08T17:46:07Z,rolling30-od2.0,30,1,abs_ge_50mWh
LAPTOP-U4336J0U_P14s,2026-04-17,2026-03-18 23:59:59.999999999,2026-04-17 23:59:59.999999999,727,29.578,0.5,1.222,87.927,13,10,3,0,0,0,0,False,WINDOW_QUALITY_OK,27.0,35.0,8.0,8.114,0.7987,0.0704,0.2013,7.0,100.0,93.0,54.6,98.0,100.0,0.0015,0.0032,0.7535,0.6345,0.5909,70,103,35,73820.0,72190.0,72190.0,73820.0,1630.0,10,2,770.0,2026-04-08 10:21:01,30.0,98.43,96.25,3,1,3,1,5,0,0,0,0,0,0,0,0,0,0,1.35,0,3,3,0.166375,0.7789,0.70435,0.67541,1.5,0,3,3,0.125,0.9031,0.70435,2026-04-17 23:59:59.999999999,2025-09-18 10:20:19,2026-04-17 14:14:58,211.569,True,72250.0,2026-04-08 10:21:01,30.0,9.569,5.0,True,72190.0,2026-04-14 18:44:50,35.0,3.219,0.0,True,5,20.0,True,2,1,0,1,0,1,2,0,0,0,0,0,0,0,1,2,0,0,0.45,0,-0.59784,0.2596,0.2596,9.569,5.0,1,0,0,0.2596,4,MOBILE_DEEP_CYCLE,STATEFUL_WATCH_LOW_EVIDENCE,WINDOW_NORMAL_RESPONDING,ACTION_MONITOR_NEXT_WINDOW,low,8,weak_partial_evidence,fw_like;micro_wobble,days_eff=10 days_any=3 cyc_eff=5 hq_nr=1 total_nr=1 cens=2 lg_opp=0 opp=3 norm_anom=0.26 conf_p=0.704 micro_only=True cluster=MOBILE_DEEP_CYCLE,No user-facing action; monitoring.,Ambiguous/weak evidence (9d since effective change); monitor next window.,,True,False,True,False,False,False,False,False,0,2026-07-08T17:46:07Z,rolling30-od2.0,30,1,abs_ge_50mWh
LAPTOP-UU99D8BO_T14p_CX_SVT,2024-08-08,2024-07-09 23:59:59.999999999,2024-08-08 23:59:59.999999999,1301,29.576,0.5,0.5,63.18,1,1,1,0,0,0,0,False,WINDOW_QUALITY_OK,14.0,18.0,4.0,4.057,0.9855,0.0309,0.0145,17.0,100.0,83.0,95.0,98.0,100.0,0.0,0.0012,0.9817,0.9726,0.8906,18,45,9,74290.0,74250.0,74250.0,74290.0,40.0,4,0,0.0,,,99.05,99.0,2,0,2,2,4,0,0,0,0,0,0,0,0,0,0,0.9,0,2,2,0.3025,0.5193,0.84249,0.8177,1.0,0,2,2,0.25,0.6021,0.84249,2024-08-08 23:59:59.999999999,2024-03-19 22:21:18,2024-08-08 14:06:57,142.069,True,74300.0,2024-06-14 02:45:37,13.0,55.885,5.0,True,74250.0,2024-08-07 16:18:34,18.0,1.32,0.0,True,5,10.0,True,5,0,0,3,0,3,2,0,0,0,0,0,0,0,3,2,0,0,1.35,0,-1.79351,0.7789,0.7789,55.885,5.0,3,0,0,0.7789,3,AC_BOUND,STATEFUL_WATCH_LOW_EVIDENCE,WINDOW_OPPORTUNITY_NO_RESPONSE,ACTION_MONITOR_NEXT_WINDOW,low,8,weak_partial_evidence,fw_like;micro_wobble,days_eff=56 days_any=1 cyc_eff=5 hq_nr=3 total_nr=3 cens=2 lg_opp=0 opp=5 norm_anom=0.78 conf_p=0.842 micro_only=True cluster=AC_BOUND,No user-facing action; monitoring.,Ambiguous/weak evidence (55d since effective change); monitor next window.,,True,False,True,False,False,False,False,False,26,2026-07-08T17:46:07Z,rolling30-od2.0,30,1,abs_ge_50mWh
LAPTOP-V1IRQ8I4_1,2026-03-05,2026-02-03 23:59:59.999999999,2026-03-05 23:59:59.999999999,247,29.075,0.5,7.916,304.549,15,11,2,0,0,0,0,False,WINDOW_QUALITY_OK,22.0,29.0,7.0,7.223,0.919,0.2973,0.081,2.0,100.0,98.0,48.2,99.0,100.0,0.0088,0.0118,0.8256,0.7645,0.6664,28,54,14,58430.0,56920.0,56920.0,58430.0,1510.0,7,1,1440.0,2026-02-06 11:44:14,24.0,100.74,98.14,3,1,2,2,6,0,0,0,0,0,0,1,0,0,1,1.35,1,2,3,0.166375,0.7789,0.70435,0.67541,1.5,1,2,3,0.125,0.9031,0.70435,2026-03-05 23:59:59.999999999,2025-12-03 13:29:25,2026-03-05 10:42:07,92.438,True,56980.0,2026-02-06 11:44:14,24.0,27.511,5.0,True,56920.0,2026-03-04 12:26:04,29.0,1.482,0.0,True,5,20.0,True,4,1,0,2,1,3,2,0,0,1,0,0,0,0,2,2,0,0,1.35,0,-1.79351,0.7789,0.7789,27.511,5.0,3,0,0,0.7789,4,MOBILE_DEEP_CYCLE,STATEFUL_WATCH_LOW_EVIDENCE,WINDOW_NORMAL_RESPONDING,ACTION_MONITOR_NEXT_WINDOW,low,8,weak_partial_evidence,fw_like;micro_wobble,days_eff=28 days_any=1 cyc_eff=5 hq_nr=2 total_nr=3 cens=2 lg_opp=0 opp=6 norm_anom=0.78 conf_p=0.704 micro_only=True cluster=MOBILE_DEEP_CYCLE,No user-facing action; monitoring.,Ambiguous/weak evidence (27d since effective change); monitor next window.,,True,False,True,False,False,False,False,False,0,2026-07-08T17:46:07Z,rolling30-od2.0,30,1,abs_ge_50mWh
LAPTOP-V5HIJJIL_Admin,2026-04-02,2026-03-03 23:59:59.999999999,2026-04-02 23:59:59.999999999,1179,29.713,0.5,0.5,22.134,10,2,0,0,0,0,0,False,WINDOW_QUALITY_OK,114.0,124.0,10.0,10.097,0.8288,0.1532,0.1696,31.0,100.0,69.0,64.9,91.0,100.0,0.0,0.0,0.5992,0.5092,0.4598,88,137,44,70260.0,69500.0,69500.0,70260.0,760.0,1,1,760.0,2026-03-16 18:00:46,117.0,77.99,77.15,3,0,2,1,4,0,0,0,0,0,0,0,0,0,0,1.35,0,3,3,0.166375,0.7789,0.70435,0.67541,1.5,0,3,3,0.125,0.9031,0.70435,2026-04-02 23:59:59.999999999,2024-06-27 14:07:12,2026-04-02 17:31:31,644.412,True,69500.0,2026-03-16 18:00:46,117.0,17.249,7.0,True,69500.0,2026-03-16 18:00:46,117.0,17.249,7.0,True,0,0.0,False,1,0,0,0,0,0,1,0,0,0,0,0,0,0,0,1,0,0,0.0,0,0.0,-0.0,-0.0,17.249,7.0,0,0,0,-0.0,1,AC_BOUND,STATEFUL_WATCH_LARGE_GAP_OR_CENSORED,WINDOW_NORMAL_RESPONDING,ACTION_MONITOR_NEXT_WINDOW,low,7,large_gap_or_censored_dominant,censored_dominant,days_eff=17 days_any=17 cyc_eff=7 hq_nr=0 total_nr=0 cens=1 lg_opp=0 opp=1 norm_anom=-0.00 conf_p=0.704 micro_only=False cluster=AC_BOUND,No user-facing action; monitoring.,Ambiguous/weak evidence (17d since effective change); monitor next window.,,False,False,False,False,True,False,False,False,0,2026-07-08T17:46:07Z,rolling30-od2.0,30,1,abs_ge_50mWh
LAPTOP-VM3TTE0T_Totoro,2024-11-29,2024-10-30 23:59:59.999999999,2024-11-29 23:59:59.999999999,1220,29.416,0.5,0.5,64.113,5,1,1,0,0,0,0,False,WINDOW_QUALITY_OK,54.0,58.0,4.0,4.079,0.9914,0.0285,0.0086,5.0,100.0,95.0,94.9,100.0,100.0,0.0033,0.0035,0.9749,0.9749,0.8838,6,9,3,59510.0,58000.0,58000.0,59510.0,1510.0,5,4,1120.0,2024-11-25 16:10:50,57.0,87.51,85.29,0,0,0,1,1,0,0,0,0,0,0,1,0,0,1,0.0,0,0,0,,0.0,,,0.0,0,0,0,,0.0,,2024-11-29 23:59:59.999999999,2023-02-14 09:13:50,2024-11-29 10:10:50,654.615,True,58040.0,2024-11-25 16:10:50,57.0,4.326,1.0,True,58000.0,2024-11-26 09:10:50,58.0,3.617,0.0,True,1,40.0,True,1,0,0,0,0,0,1,0,0,0,0,0,0,0,0,1,0,0,0.0,0,0.0,-0.0,-0.0,4.326,1.0,0,0,0,-0.0,3,AC_BOUND,STATEFUL_WATCH_LARGE_GAP_OR_CENSORED,WINDOW_NORMAL_RESPONDING,ACTION_MONITOR_NEXT_WINDOW,low,7,large_gap_or_censored_dominant,micro_wobble;censored_dominant,days_eff=4 days_any=4 cyc_eff=1 hq_nr=0 total_nr=0 cens=1 lg_opp=0 opp=1 norm_anom=-0.00 conf_p=1 micro_only=True cluster=AC_BOUND,No user-facing action; monitoring.,Ambiguous/weak evidence (4d since effective change); monitor next window.,,False,False,True,False,True,False,False,False,0,2026-07-08T17:46:07Z,rolling30-od2.0,30,1,abs_ge_50mWh
LAPTOP-VMR2DHBF_test,2025-08-22,2025-07-23 23:59:59.999999999,2025-08-22 23:59:59.999999999,222,14.79,0.382,2.536,116.988,8,5,3,0,0,0,0,False,WINDOW_QUALITY_OK,76.0,81.0,5.0,10.142,0.6627,0.2391,0.3373,33.0,100.0,67.0,60.15,95.0,100.0,0.0,0.0,0.8243,0.6777,0.476,56,69,29,56050.0,56230.0,56040.0,56280.0,240.0,6,1,240.0,2025-08-12 13:15:11,77.0,98.33,98.65,1,0,1,3,4,0,0,0,0,0,0,0,0,0,0,0.45,0,1,1,0.55,0.2596,1.0,1.0,0.5,0,1,1,0.5,0.301,1.0,2025-08-22 23:59:59.999999999,2024-10-29 08:58:16,2025-08-22 10:43:13,297.626,True,56280.0,2025-08-12 13:15:11,77.0,10.448,4.0,True,56230.0,2025-08-20 15:24:36,81.0,2.358,0.0,True,4,20.0,True,4,0,0,1,0,1,3,0,0,0,0,0,0,0,1,3,0,0,0.45,0,-0.59784,0.2596,0.2596,10.448,4.0,1,0,0,0.2596,3,AC_BOUND,STATEFUL_WATCH_LOW_EVIDENCE,WINDOW_NORMAL_RESPONDING,ACTION_MONITOR_NEXT_WINDOW,low,8,weak_partial_evidence,fw_like;micro_wobble,days_eff=10 days_any=2 cyc_eff=4 hq_nr=1 total_nr=1 cens=3 lg_opp=0 opp=4 norm_anom=0.26 conf_p=1 micro_only=True cluster=AC_BOUND,No user-facing action; monitoring.,Ambiguous/weak evidence (10d since effective change); monitor next window.,,True,False,True,False,False,False,False,False,0,2026-07-08T17:46:07Z,rolling30-od2.0,30,1,abs_ge_50mWh
LAPTOP-VSQFIELJ_L16HPT,2026-04-28,2026-03-29 23:59:59.999999999,2026-04-28 23:59:59.999999999,545,29.015,0.5,4.453,70.243,26,17,3,0,0,0,0,False,WINDOW_QUALITY_OK,48.0,59.0,11.0,11.374,0.7087,0.1968,0.2913,1.0,100.0,99.0,33.2,97.0,100.0,0.0171,0.0284,0.7293,0.6687,0.6001,70,124,35,53510.0,51540.0,51160.0,53510.0,2350.0,14,4,2200.0,2026-04-27 20:29:37,59.0,93.88,90.42,8,0,0,3,11,0,0,0,0,0,0,1,0,0,1,3.6,4,4,8,0.008373,2.0771,0.2485,0.2192,4.0,4,4,8,0.003906,2.4082,0.2485,2026-04-28 23:59:59.999999999,2025-06-06 12:54:49,2026-04-28 09:30:41,326.462,True,51540.0,2026-04-27 20:29:37,59.0,1.146,0.0,True,51540.0,2026-04-27 20:29:37,59.0,1.146,0.0,True,0,0.0,False,0,0,0,0,0,0,0,0,0,0,0,0,0,0,0,0,0,0,0.0,0,0.0,-0.0,-0.0,1.146,0.0,0,0,0,-0.0,4,MOBILE_DEEP_CYCLE,STATEFUL_WATCH_LOW_EVIDENCE,WINDOW_NORMAL_RESPONDING,ACTION_MONITOR_NEXT_WINDOW,low,8,weak_partial_evidence,fw_like,days_eff=1 days_any=1 cyc_eff=0 hq_nr=0 total_nr=0 cens=0 lg_opp=0 opp=0 norm_anom=-0.00 conf_p=0.248 micro_only=False cluster=MOBILE_DEEP_CYCLE,No user-facing action; monitoring.,Ambiguous/weak evidence (1d since effective change); monitor next window.,,True,False,False,False,False,False,False,False,0,2026-07-08T17:46:07Z,rolling30-od2.0,30,1,abs_ge_50mWh
LIUFENG_liufeng7,2025-09-18,2025-08-19 23:59:59.999999999,2025-09-18 23:59:59.999999999,586,29.852,0.5,3.252,67.181,22,7,4,0,0,0,0,False,WINDOW_QUALITY_OK,71.0,83.0,12.0,12.06,0.6644,0.3583,0.3356,8.0,100.0,92.0,36.25,96.0,100.0,0.0006,0.0127,0.7633,0.674,0.5282,141,207,71,54820.0,52950.0,52950.0,54820.0,1870.0,14,2,1660.0,2025-09-16 14:44:11,82.0,96.12,92.85,8,0,5,2,10,0,0,0,0,0,0,0,0,0,0,3.6,0,8,8,0.008373,2.0771,0.2485,0.2192,4.0,0,8,8,0.003906,2.4082,0.2485,2025-09-18 23:59:59.999999999,2024-04-11 16:32:50,2025-09-18 22:06:01,525.311,True,52960.0,2025-09-16 14:44:11,82.0,2.386,1.0,True,52950.0,2025-09-17 14:57:50,83.0,1.377,0.0,True,1,10.0,True,1,0,0,0,0,0,1,0,0,0,0,0,0,0,0,1,0,0,0.0,0,0.0,-0.0,-0.0,2.386,1.0,0,0,0,-0.0,3,AC_BOUND,STATEFUL_WATCH_LARGE_GAP_OR_CENSORED,WINDOW_NORMAL_RESPONDING,ACTION_MONITOR_NEXT_WINDOW,low,7,large_gap_or_censored_dominant,fw_like;micro_wobble;censored_dominant,days_eff=2 days_any=1 cyc_eff=1 hq_nr=0 total_nr=0 cens=1 lg_opp=0 opp=1 norm_anom=-0.00 conf_p=0.248 micro_only=True cluster=AC_BOUND,No user-facing action; monitoring.,Ambiguous/weak evidence (2d since effective change); monitor next window.,,True,False,True,False,True,False,False,False,0,2026-07-08T17:46:07Z,rolling30-od2.0,30,1,abs_ge_50mWh
LIXINB-PF5G1XJE_lixinb,2026-02-09,2026-01-10 23:59:59.999999999,2026-02-09 23:59:59.999999999,428,28.845,0.5,7.812,26.329,31,16,1,0,0,0,0,False,WINDOW_QUALITY_OK,63.0,76.0,13.0,13.52,0.5277,0.2054,0.4723,23.0,100.0,77.0,48.0,92.0,100.0,0.0,0.0,0.7045,0.5443,0.4076,104,130,53,56900.0,56440.0,55700.0,56900.0,1200.0,17,4,580.0,2026-01-26 05:55:31,70.0,99.77,98.97,9,3,4,0,12,0,0,0,0,0,0,0,0,0,0,4.05,4,5,9,0.004605,2.3367,0.1914,0.1649,4.5,4,5,9,0.001953,2.7093,0.1914,2026-02-09 23:59:59.999999999,2025-07-28 14:51:05,2026-02-09 10:44:21,196.381,True,56510.0,2026-01-26 05:55:31,70.0,14.753,6.0,True,56440.0,2026-02-06 15:22:17,76.0,3.36,0.0,True,6,20.0,True,4,1,1,4,0,4,1,0,0,0,0,0,0,0,4,1,1,0,1.8,0,-2.39135,1.0385,1.0385,14.753,6.0,4,0,0,1.0385,4,MOBILE_DEEP_CYCLE,STATEFUL_WATCH_LOW_EVIDENCE,WINDOW_NORMAL_RESPONDING,ACTION_MONITOR_NEXT_WINDOW,low,8,weak_partial_evidence,fw_like;micro_wobble,days_eff=15 days_any=3 cyc_eff=6 hq_nr=4 total_nr=4 cens=1 lg_opp=1 opp=6 norm_anom=1.04 conf_p=0.191 micro_only=True cluster=MOBILE_DEEP_CYCLE,No user-facing action; monitoring.,Ambiguous/weak evidence (14d since effective change); monitor next window.,,True,False,True,False,False,False,False,False,0,2026-07-08T17:46:07Z,rolling30-od2.0,30,1,abs_ge_50mWh
LL_LLL,2026-04-20,2026-03-21 23:59:59.999999999,2026-04-20 23:59:59.999999999,558,28.315,0.5,1.513,63.857,18,15,5,0,0,0,0,False,WINDOW_QUALITY_OK,43.0,48.0,5.0,5.297,0.8956,0.0717,0.1044,14.0,100.0,86.0,72.0,100.0,100.0,0.0,0.002,0.923,0.888,0.8254,56,71,28,71950.0,71770.0,71770.0,71950.0,180.0,6,1,120.0,2026-04-16 18:07:55,47.0,95.93,95.69,4,1,4,1,6,0,0,0,0,0,0,0,0,0,0,1.8,0,4,4,0.091506,1.0385,0.58528,0.55423,2.0,0,4,4,0.0625,1.2041,0.58528,2026-04-20 23:59:59.999999999,2025-08-04 17:48:34,2026-04-20 17:08:12,259.258,True,71780.0,2026-04-16 18:07:55,47.0,4.245,1.0,True,71770.0,2026-04-20 09:26:49,48.0,0.606,0.0,True,1,10.0,True,0,0,1,0,0,0,0,0,0,0,0,0,0,0,0,0,1,0,0.0,0,0.0,-0.0,-0.0,4.245,1.0,0,0,0,-0.0,4,MOBILE_DEEP_CYCLE,STATEFUL_WATCH_LARGE_GAP_OR_CENSORED,WINDOW_NORMAL_RESPONDING,ACTION_MONITOR_NEXT_WINDOW,low,7,large_gap_or_censored_dominant,micro_wobble;large_gap_dominant,days_eff=4 days_any=1 cyc_eff=1 hq_nr=0 total_nr=0 cens=0 lg_opp=1 opp=1 norm_anom=-0.00 conf_p=0.585 micro_only=True cluster=MOBILE_DEEP_CYCLE,No user-facing action; monitoring.,Ambiguous/weak evidence (4d since effective change); monitor next window.,,False,False,True,True,False,False,False,False,0,2026-07-08T17:46:07Z,rolling30-od2.0,30,1,abs_ge_50mWh
LOEBACHJ-58TDMH_loebachj,2026-05-26,2026-04-26 23:59:59.999999999,2026-05-26 23:59:59.999999999,1332,29.389,0.5,0.5,62.685,3,2,1,0,0,0,0,False,WINDOW_QUALITY_OK,45.0,49.0,4.0,4.083,0.9129,0.0846,0.0871,66.0,100.0,34.0,92.55,99.0,100.0,0.0,0.0,0.9891,0.9575,0.9056,130,165,65,56170.0,55550.0,55550.0,56170.0,620.0,5,1,580.0,2026-05-17 20:15:53,48.0,98.49,97.4,4,0,2,0,4,0,0,0,0,0,0,0,0,0,0,1.8,0,4,4,0.091506,1.0385,0.58528,0.55423,2.0,0,4,4,0.0625,1.2041,0.58528,2026-05-26 23:59:59.999999999,2025-03-18 09:42:16,2026-05-26 09:38:57,434.596,True,55560.0,2026-05-17 20:15:53,48.0,9.156,1.0,True,55550.0,2026-05-26 07:20:19,49.0,0.694,0.0,True,1,10.0,True,0,0,0,0,0,0,0,0,0,0,0,0,0,0,0,0,0,0,0.0,0,0.0,-0.0,-0.0,9.156,1.0,0,0,0,-0.0,5,AC_BOUND,STATEFUL_WATCH_LOW_EVIDENCE,WINDOW_NORMAL_RESPONDING,ACTION_MONITOR_NEXT_WINDOW,low,8,weak_partial_evidence,micro_wobble,days_eff=9 days_any=1 cyc_eff=1 hq_nr=0 total_nr=0 cens=0 lg_opp=0 opp=0 norm_anom=-0.00 conf_p=0.585 micro_only=True cluster=AC_BOUND,No user-facing action; monitoring.,Ambiguous/weak evidence (9d since effective change); monitor next window.,,False,False,True,False,False,False,False,False,0,2026-07-08T17:46:07Z,rolling30-od2.0,30,1,abs_ge_50mWh
MAGSHINE_wangyl,2025-09-23,2025-08-24 23:59:59.999999999,2025-09-23 23:59:59.999999999,442,29.213,0.5,10.885,48.057,29,21,6,0,0,0,0,False,WINDOW_QUALITY_OK,89.0,99.0,10.0,10.269,0.7239,0.1953,0.2761,2.0,100.0,98.0,39.0,97.0,100.0,0.0036,0.0087,0.8072,0.7146,0.6394,87,110,44,86010.0,86010.0,86010.0,86010.0,0.0,0,0,0.0,,,107.51,107.51,12,2,12,3,17,0,0,0,0,0,0,1,0,0,1,5.4,0,12,12,0.000766,3.1156,0.07988,0.06421,6.0,0,12,12,0.000244,3.6124,0.07988,2025-09-23 23:59:59.999999999,2025-01-06 14:13:20,2025-09-23 10:53:35,260.407,True,86010.0,2025-08-18 09:31:53,87.0,36.603,12.0,True,86010.0,2025-08-18 09:31:53,87.0,36.603,12.0,True,0,0.0,False,17,1,1,14,1,15,3,0,0,2,0,0,0,0,14,3,1,0,6.75,0,-8.96756,3.8946,3.8946,36.603,12.0,15,0,0,3.8946,4,MOBILE_DEEP_CYCLE,STATEFUL_WATCH_LOW_EVIDENCE,WINDOW_OPPORTUNITY_NO_RESPONSE,ACTION_MONITOR_NEXT_WINDOW,low,8,weak_partial_evidence,fw_like,days_eff=37 days_any=37 cyc_eff=12 hq_nr=14 total_nr=15 cens=3 lg_opp=1 opp=21 norm_anom=3.89 conf_p=0.0799 micro_only=False cluster=MOBILE_DEEP_CYCLE,No user-facing action; monitoring.,Ambiguous/weak evidence (36d since effective change); monitor next window.,,True,False,False,False,False,False,False,False,10,2026-07-08T17:46:07Z,rolling30-od2.0,30,1,abs_ge_50mWh
MAOXY1-PF1H5KSF_maoxy1,2025-05-27,2025-04-27 23:59:59.999999999,2025-05-27 23:59:59.999999999,246,29.089,0.5,14.841,142.505,20,17,5,0,0,0,0,False,WINDOW_QUALITY_OK,570.0,582.0,12.0,12.376,0.4511,0.1844,0.5489,0.0,100.0,100.0,2.25,89.0,100.0,0.0909,0.1369,0.5366,0.4581,0.3405,36,44,18,40170.0,40530.0,39220.0,40580.0,1360.0,17,13,800.0,2025-05-27 09:00:30,581.0,88.71,89.51,3,0,0,3,6,0,0,0,0,0,0,4,0,0,4,1.35,3,0,3,0.166375,0.7789,0.70435,0.67541,1.5,3,0,3,0.125,0.9031,0.70435,2025-05-27 23:59:59.999999999,2023-02-06 09:50:32,2025-05-27 11:06:25,841.59,True,40530.0,2025-05-27 09:00:30,581.0,0.625,1.0,True,40530.0,2025-05-27 09:00:30,581.0,0.625,1.0,True,0,0.0,False,0,0,0,0,0,0,0,0,0,1,0,0,0,0,0,0,0,0,0.0,0,0.0,-0.0,-0.0,0.625,1.0,0,0,0,-0.0,4,MOBILE_DEEP_CYCLE,STATEFUL_WATCH_LOW_EVIDENCE,WINDOW_NORMAL_RESPONDING,ACTION_MONITOR_NEXT_WINDOW,low,8,weak_partial_evidence,,days_eff=1 days_any=1 cyc_eff=1 hq_nr=0 total_nr=0 cens=0 lg_opp=0 opp=1 norm_anom=-0.00 conf_p=0.704 micro_only=False cluster=MOBILE_DEEP_CYCLE,No user-facing action; monitoring.,Ambiguous/weak evidence (0d since effective change); monitor next window.,,False,False,False,False,False,False,False,False,0,2026-07-08T17:46:07Z,rolling30-od2.0,30,1,abs_ge_50mWh
MARKUSTH1_theberlein,2024-12-11,2024-11-11 23:59:59.999999999,2024-12-11 23:59:59.999999999,500,29.739,0.5,5.229,61.782,22,8,4,0,0,0,0,False,WINDOW_QUALITY_OK,44.0,55.0,11.0,11.097,0.6064,0.1359,0.3936,0.0,100.0,100.0,55.0,98.0,100.0,0.0094,0.0094,0.8269,0.7234,0.6355,116,161,58,58170.0,58040.0,58040.0,58170.0,130.0,11,0,0.0,,,102.0,101.77,10,0,10,2,12,0,0,0,0,0,0,2,0,0,2,4.5,0,10,10,0.002533,2.5964,0.14604,0.12231,5.0,0,10,10,0.000977,3.0103,0.14604,2024-12-11 23:59:59.999999999,2024-05-17 15:31:03,2024-12-11 17:55:45,208.353,True,58180.0,2024-11-04 12:38:37,43.0,37.473,12.0,True,58040.0,2024-12-10 18:55:58,55.0,1.211,0.0,True,12,20.0,True,12,0,0,10,0,10,2,0,0,2,0,0,0,0,10,2,0,0,4.5,0,-5.97837,2.5964,2.5964,37.473,12.0,10,0,0,2.5964,4,MOBILE_DEEP_CYCLE,STATEFUL_WATCH_LOW_EVIDENCE,WINDOW_OPPORTUNITY_NO_RESPONSE,ACTION_MONITOR_NEXT_WINDOW,low,8,weak_partial_evidence,fw_like;micro_wobble,days_eff=37 days_any=1 cyc_eff=12 hq_nr=10 total_nr=10 cens=2 lg_opp=0 opp=14 norm_anom=2.60 conf_p=0.146 micro_only=True cluster=MOBILE_DEEP_CYCLE,No user-facing action; monitoring.,Ambiguous/weak evidence (37d since effective change); monitor next window.,,True,False,True,False,False,False,False,False,8,2026-07-08T17:46:07Z,rolling30-od2.0,30,1,abs_ge_50mWh
MBHAVSAR-5FSFDE_mbhavsar,2025-08-11,2025-07-12 23:59:59.999999999,2025-08-11 23:59:59.999999999,571,28.172,0.5,5.647,42.649,27,13,2,0,0,0,0,False,WINDOW_QUALITY_OK,36.0,56.0,20.0,21.298,0.3449,0.1799,0.6551,3.0,100.0,97.0,20.5,78.0,100.0,0.0131,0.0318,0.4739,0.3719,0.3015,93,147,47,56480.0,56300.0,55760.0,58270.0,2510.0,26,6,2450.0,2025-08-04 15:27:59,55.0,99.04,98.72,12,0,2,1,13,0,0,0,0,0,3,2,1,0,5,5.4,6,6,12,0.000766,3.1156,0.07988,0.06421,6.0,6,6,12,0.000244,3.6124,0.07988,2025-08-11 23:59:59.999999999,2025-05-12 14:09:16,2025-08-11 14:26:19,91.41,True,56310.0,2025-08-04 15:27:59,55.0,7.356,1.0,True,56300.0,2025-08-11 12:45:38,56.0,0.468,0.0,True,1,10.0,True,1,0,0,0,0,0,1,0,0,0,0,0,0,0,0,1,0,0,0.0,0,0.0,-0.0,-0.0,7.356,1.0,0,0,0,-0.0,4,MOBILE_DEEP_CYCLE,STATEFUL_WATCH_LARGE_GAP_OR_CENSORED,WINDOW_NORMAL_RESPONDING,ACTION_MONITOR_NEXT_WINDOW,low,7,large_gap_or_censored_dominant,fw_like;micro_wobble;censored_dominant,days_eff=7 days_any=0 cyc_eff=1 hq_nr=0 total_nr=0 cens=1 lg_opp=0 opp=1 norm_anom=-0.00 conf_p=0.0799 micro_only=True cluster=MOBILE_DEEP_CYCLE,No user-facing action; monitoring.,Ambiguous/weak evidence (7d since effective change); monitor next window.,,True,False,True,False,True,False,False,False,0,2026-07-08T17:46:07Z,rolling30-od2.0,30,1,abs_ge_50mWh
MCROWNOVER-QC11_mcrownover,2026-05-26,2026-04-26 23:59:59.999999999,2026-05-26 23:59:59.999999999,1393,29.529,0.5,0.5,21.476,6,1,0,0,0,0,0,False,WINDOW_QUALITY_OK,34.0,45.0,11.0,11.176,0.9495,0.123,0.0505,5.0,100.0,95.0,31.2,100.0,100.0,0.0107,0.0222,0.893,0.876,0.7029,62,93,31,84940.0,82410.0,81600.0,85410.0,3810.0,18,8,1190.0,2026-05-18 18:43:22,45.0,94.38,91.57,5,0,0,0,5,0,0,0,0,0,3,1,0,0,4,2.25,3,2,5,0.050328,1.2982,0.48168,0.44777,2.5,3,2,5,0.03125,1.5051,0.48168,2026-05-26 23:59:59.999999999,2025-09-02 13:13:27,2026-05-26 12:55:13,266.449,True,82410.0,2026-05-18 18:43:22,45.0,8.22,0.0,True,82410.0,2026-05-18 18:43:22,45.0,8.22,0.0,True,0,0.0,False,0,0,0,0,0,0,0,0,0,0,0,0,0,0,0,0,0,0,0.0,0,0.0,-0.0,-0.0,8.22,0.0,0,0,0,-0.0,3,AC_BOUND,STATEFUL_WATCH_LOW_EVIDENCE,WINDOW_NORMAL_RESPONDING,ACTION_MONITOR_NEXT_WINDOW,low,8,weak_partial_evidence,,days_eff=8 days_any=8 cyc_eff=0 hq_nr=0 total_nr=0 cens=0 lg_opp=0 opp=0 norm_anom=-0.00 conf_p=0.482 micro_only=False cluster=AC_BOUND,No user-facing action; monitoring.,Ambiguous/weak evidence (8d since effective change); monitor next window.,,False,False,False,False,False,False,False,False,0,2026-07-08T17:46:07Z,rolling30-od2.0,30,1,abs_ge_50mWh
MCROWNOVER-WLK4_mcrownover,2024-05-06,2024-04-06 23:59:59.999999999,2024-05-06 23:59:59.999999999,1265,29.855,0.5,0.5,31.731,7,1,1,0,0,0,0,False,WINDOW_QUALITY_OK,29.0,31.0,2.0,2.01,0.9576,0.0166,0.0424,25.0,100.0,75.0,95.0,97.0,100.0,0.0,0.0,0.9903,0.9864,0.8478,30,39,15,80880.0,80800.0,80800.0,80880.0,80.0,2,0,0.0,,,86.03,85.95,3,0,3,0,3,0,0,0,0,0,0,0,0,0,0,1.35,0,3,3,0.166375,0.7789,0.70435,0.67541,1.5,0,3,3,0.125,0.9031,0.70435,2024-05-06 23:59:59.999999999,2023-08-07 12:11:53,2024-05-06 20:42:35,273.492,True,80880.0,2024-03-26 11:16:21,29.0,41.53,2.0,True,80800.0,2024-04-17 04:04:16,31.0,19.83,0.0,True,2,40.0,True,4,0,0,4,0,4,0,0,0,0,0,0,0,0,4,0,0,0,1.8,0,-2.39135,1.0385,1.0385,41.53,2.0,4,0,0,1.0385,5,AC_BOUND,STATEFUL_WATCH_LOW_EVIDENCE,WINDOW_OPPORTUNITY_NO_RESPONSE,ACTION_MONITOR_NEXT_WINDOW,low,8,weak_partial_evidence,fw_like;micro_wobble,days_eff=42 days_any=20 cyc_eff=2 hq_nr=4 total_nr=4 cens=0 lg_opp=0 opp=4 norm_anom=1.04 conf_p=0.704 micro_only=True cluster=AC_BOUND,No user-facing action; monitoring.,Ambiguous/weak evidence (41d since effective change); monitor next window.,,True,False,True,False,False,False,False,False,12,2026-07-08T17:46:07Z,rolling30-od2.0,30,1,abs_ge_50mWh
MD2-SVT-3FCN_xuxru,2024-04-12,2024-03-13 23:59:59.999999999,2024-04-12 23:59:59.999999999,313,29.851,0.5,7.281,101.08,20,11,6,0,0,0,0,False,WINDOW_QUALITY_OK,85.0,99.0,14.0,14.07,0.1801,0.1349,0.8199,2.0,100.0,98.0,14.0,60.0,100.0,0.0221,0.0544,0.2973,0.1679,0.1349,45,56,23,72450.0,69620.0,69620.0,78170.0,8550.0,7,7,8550.0,2024-04-12 01:13:32,98.0,100.61,96.68,4,0,0,2,6,0,0,0,0,0,0,1,0,1,2,1.8,4,0,4,0.091506,1.0385,0.58528,0.55423,2.0,4,0,4,0.0625,1.2041,0.58528,2024-04-12 23:59:59.999999999,2023-09-25 11:12:55,2024-04-12 20:55:32,200.533,True,69620.0,2024-04-12 01:13:32,98.0,0.949,1.0,True,69620.0,2024-04-12 01:13:32,98.0,0.949,1.0,True,0,0.0,False,1,0,0,0,0,0,1,1,0,0,0,0,0,1,0,1,0,0,0.0,0,0.0,-0.0,-0.0,0.949,1.0,0,0,0,-0.0,4,MOBILE_DEEP_CYCLE,STATEFUL_WATCH_LARGE_GAP_OR_CENSORED,WINDOW_NORMAL_RESPONDING,ACTION_MONITOR_NEXT_WINDOW,low,7,large_gap_or_censored_dominant,censored_dominant,days_eff=1 days_any=1 cyc_eff=1 hq_nr=0 total_nr=0 cens=1 lg_opp=0 opp=2 norm_anom=-0.00 conf_p=0.585 micro_only=False cluster=MOBILE_DEEP_CYCLE,No user-facing action; monitoring.,Ambiguous/weak evidence (0d since effective change); monitor next window.,,False,False,False,False,True,False,False,False,0,2026-07-08T17:46:07Z,rolling30-od2.0,30,1,abs_ge_50mWh
MERSEY1_Jeffrey_Farringer,2025-02-06,2025-01-07 23:59:59.999999999,2025-02-06 23:59:59.999999999,249,29.419,0.5,9.418,142.906,27,9,5,0,0,0,0,False,WINDOW_QUALITY_OK,85.0,91.0,6.0,6.118,0.4793,0.1025,0.5207,19.0,100.0,81.0,45.0,98.0,100.0,0.0,0.0099,0.7157,0.6224,0.5391,54,70,27,49980.0,50100.0,49970.0,50450.0,480.0,6,2,480.0,2025-01-29 06:59:00,90.0,87.64,87.85,4,1,4,1,6,0,0,0,0,0,0,0,0,0,0,1.8,0,4,4,0.091506,1.0385,0.58528,0.55423,2.0,0,4,4,0.0625,1.2041,0.58528,2025-02-06 23:59:59.999999999,2024-05-06 11:10:55,2025-02-06 10:23:00,276.534,True,50110.0,2025-01-29 06:59:00,90.0,8.709,1.0,True,50100.0,2025-02-06 10:23:00,91.0,0.567,0.0,True,1,10.0,True,1,0,0,0,0,0,1,0,0,0,0,0,0,0,0,1,0,0,0.0,0,0.0,-0.0,-0.0,8.709,1.0,0,0,0,-0.0,4,MOBILE_DEEP_CYCLE,STATEFUL_WATCH_LARGE_GAP_OR_CENSORED,WINDOW_NORMAL_RESPONDING,ACTION_MONITOR_NEXT_WINDOW,low,7,large_gap_or_censored_dominant,micro_wobble;censored_dominant,days_eff=9 days_any=1 cyc_eff=1 hq_nr=0 total_nr=0 cens=1 lg_opp=0 opp=1 norm_anom=-0.00 conf_p=0.585 micro_only=True cluster=MOBILE_DEEP_CYCLE,No user-facing action; monitoring.,Ambiguous/weak evidence (8d since effective change); monitor next window.,,False,False,True,False,True,False,False,False,0,2026-07-08T17:46:07Z,rolling30-od2.0,30,1,abs_ge_50mWh
MERSEYPQMBETA_hels,2024-12-13,2024-11-13 23:59:59.999999999,2024-12-13 23:59:59.999999999,50,17.925,0.5,7.039,267.868,3,2,2,0,0,0,0,False,WINDOW_QUALITY_OK,66.0,68.0,2.0,3.347,0.7284,0.1626,0.2716,2.0,100.0,98.0,14.25,100.0,100.0,0.0904,0.1251,0.7122,0.6942,0.6019,2,3,1,53570.0,53550.0,53550.0,53570.0,20.0,2,0,0.0,,,93.98,93.95,1,0,1,0,1,0,0,0,0,0,0,1,0,0,1,0.45,0,1,1,0.55,0.2596,1.0,1.0,0.5,0,1,1,0.5,0.301,1.0,2024-12-13 23:59:59.999999999,2024-03-06 09:21:42,2024-12-13 16:16:13,282.61,True,53570.0,2024-10-22 15:04:20,66.0,52.372,2.0,True,53550.0,2024-11-25 22:04:16,68.0,18.08,0.0,True,2,10.0,True,1,0,0,1,0,1,0,0,0,1,0,0,0,0,1,0,0,0,0.45,0,-0.59784,0.2596,0.2596,52.372,2.0,1,0,0,0.2596,4,MOBILE_DEEP_CYCLE,STATEFUL_WATCH_LOW_EVIDENCE,WINDOW_OPPORTUNITY_NO_RESPONSE,ACTION_MONITOR_NEXT_WINDOW,low,8,weak_partial_evidence,fw_like;micro_wobble,days_eff=52 days_any=18 cyc_eff=2 hq_nr=1 total_nr=1 cens=0 lg_opp=0 opp=2 norm_anom=0.26 conf_p=1 micro_only=True cluster=MOBILE_DEEP_CYCLE,No user-facing action; monitoring.,Ambiguous/weak evidence (52d since effective change); monitor next window.,,True,False,True,False,False,False,False,False,1,2026-07-08T17:46:07Z,rolling30-od2.0,30,1,abs_ge_50mWh
MHALE1-PF55QFC9_mhale1,2026-06-01,2026-05-02 23:59:59.999999999,2026-06-01 23:59:59.999999999,571,28.616,0.5,4.836,47.596,24,5,5,0,0,0,0,False,WINDOW_QUALITY_OK,25.0,29.0,4.0,4.193,0.9148,0.1028,0.0852,59.0,100.0,41.0,76.5,97.0,100.0,0.0,0.0,0.9469,0.9238,0.7796,120,157,60,88250.0,88100.0,88100.0,88250.0,150.0,10,0,0.0,,,101.0,100.82,2,1,2,2,5,0,0,0,0,0,0,0,0,0,0,0.9,0,2,2,0.3025,0.5193,0.84249,0.8177,1.0,0,2,2,0.25,0.6021,0.84249,2026-06-01 23:59:59.999999999,2025-04-21 10:47:15,2026-06-01 10:35:43,406.551,True,88340.0,2026-04-07 13:19:11,23.0,55.445,6.0,True,88100.0,2026-06-01 09:05:43,29.0,0.621,0.0,True,16,20.0,True,4,0,1,2,0,2,2,0,0,0,0,0,0,0,2,2,1,0,0.9,0,-1.19567,0.5193,0.5193,55.445,6.0,2,0,0,0.5193,5,AC_BOUND,STATEFUL_WATCH_LOW_EVIDENCE,WINDOW_OPPORTUNITY_NO_RESPONSE,ACTION_MONITOR_NEXT_WINDOW,low,8,weak_partial_evidence,fw_like;micro_wobble,days_eff=55 days_any=1 cyc_eff=6 hq_nr=2 total_nr=2 cens=2 lg_opp=1 opp=5 norm_anom=0.52 conf_p=0.842 micro_only=True cluster=AC_BOUND,No user-facing action; monitoring.,Ambiguous/weak evidence (55d since effective change); monitor next window.,,True,False,True,False,False,False,False,False,18,2026-07-08T17:46:07Z,rolling30-od2.0,30,1,abs_ge_50mWh
MHALE1-PW0A1P1J_mhale1,2025-01-24,2024-12-25 23:59:59.999999999,2025-01-24 23:59:59.999999999,326,21.83,0.5,5.386,48.458,15,8,4,0,0,0,0,False,WINDOW_QUALITY_OK,40.0,43.0,3.0,4.123,0.8947,0.058,0.1053,22.0,100.0,78.0,62.25,100.0,100.0,0.0,0.0,0.9296,0.9178,0.8323,47,62,24,43400.0,42600.0,42590.0,43400.0,810.0,9,5,640.0,2025-01-23 13:15:18,43.0,94.35,92.61,1,0,1,3,4,0,0,0,0,0,0,0,0,0,0,0.45,0,1,1,0.55,0.2596,1.0,1.0,0.5,0,1,1,0.5,0.301,1.0,2025-01-24 23:59:59.999999999,2024-03-15 10:41:08,2025-01-24 10:54:31,315.555,True,42590.0,2025-01-23 13:15:18,43.0,1.448,0.0,True,42600.0,2025-01-23 15:22:27,43.0,1.359,0.0,True,1,10.0,True,0,0,0,0,0,0,0,0,0,0,0,0,0,0,0,0,0,0,0.0,0,0.0,-0.0,-0.0,1.448,0.0,0,0,0,-0.0,5,AC_BOUND,STATEFUL_WATCH_LOW_EVIDENCE,WINDOW_NORMAL_RESPONDING,ACTION_MONITOR_NEXT_WINDOW,low,8,weak_partial_evidence,micro_wobble,days_eff=1 days_any=1 cyc_eff=0 hq_nr=0 total_nr=0 cens=0 lg_opp=0 opp=0 norm_anom=-0.00 conf_p=1 micro_only=True cluster=AC_BOUND,No user-facing action; monitoring.,Ambiguous/weak evidence (1d since effective change); monitor next window.,,False,False,True,False,False,False,False,False,0,2026-07-08T17:46:07Z,rolling30-od2.0,30,1,abs_ge_50mWh
MHEIDENFELD-XSD_mheidenfeldt,2026-04-13,2026-03-14 23:59:59.999999999,2026-04-13 23:59:59.999999999,432,28.634,0.5,7.024,62.93,25,7,4,0,0,0,0,False,WINDOW_QUALITY_OK,59.0,68.0,9.0,9.429,0.4856,0.1741,0.5144,29.0,100.0,71.0,59.1,96.0,100.0,0.0,0.0,0.7858,0.6387,0.5151,93,135,47,55070.0,54960.0,54960.0,55070.0,110.0,9,0,0.0,,,94.95,94.76,8,0,8,1,9,0,0,0,0,0,0,0,0,0,0,4.05,0,9,9,0.004605,2.3367,0.1914,0.1649,4.5,0,9,9,0.001953,2.7093,0.1914,2026-04-13 23:59:59.999999999,2025-02-24 15:16:36,2026-04-13 22:01:06,413.363,True,55110.0,2026-02-16 07:58:24,55.0,56.668,13.0,True,54960.0,2026-04-09 13:00:58,68.0,4.458,0.0,True,13,20.0,True,12,0,0,11,0,11,1,0,0,0,0,0,0,0,11,1,0,0,4.95,0,-6.57621,2.856,2.856,56.668,13.0,11,0,0,2.856,5,AC_BOUND,STATEFUL_WATCH_LOW_EVIDENCE,WINDOW_OPPORTUNITY_NO_RESPONSE,ACTION_MONITOR_NEXT_WINDOW,low,8,weak_partial_evidence,fw_like;micro_wobble,days_eff=57 days_any=4 cyc_eff=13 hq_nr=11 total_nr=11 cens=1 lg_opp=0 opp=12 norm_anom=2.86 conf_p=0.191 micro_only=True cluster=AC_BOUND,No user-facing action; monitoring.,Ambiguous/weak evidence (56d since effective change); monitor next window.,,True,False,True,False,False,False,False,False,30,2026-07-08T17:46:07Z,rolling30-od2.0,30,1,abs_ge_50mWh
MIT_mpatel13,2026-05-26,2026-04-26 23:59:59.999999999,2026-05-26 23:59:59.999999999,473,29.277,0.5,9.334,47.515,30,13,4,0,0,0,0,False,WINDOW_QUALITY_OK,120.0,132.0,12.0,12.296,0.5208,0.1666,0.4792,2.0,100.0,98.0,21.0,99.0,100.0,0.02,0.0507,0.7351,0.5922,0.5271,88,119,44,52200.0,50760.0,50560.0,53460.0,2900.0,19,7,2340.0,2026-05-25 09:31:51,131.0,91.58,89.05,11,0,0,2,13,0,0,0,0,0,0,3,0,0,3,4.95,7,4,11,0.001393,2.856,0.1088,0.08933,5.5,7,4,11,0.000488,3.3113,0.1088,2026-05-26 23:59:59.999999999,2025-05-27 14:42:24,2026-05-26 14:41:47,364.387,True,50770.0,2026-05-25 09:31:51,131.0,1.603,1.0,True,50760.0,2026-05-25 16:42:01,132.0,1.304,0.0,True,1,10.0,True,1,0,0,0,0,0,1,0,0,1,0,0,0,0,0,1,0,0,0.0,0,0.0,-0.0,-0.0,1.603,1.0,0,0,0,-0.0,4,MOBILE_DEEP_CYCLE,STATEFUL_WATCH_LARGE_GAP_OR_CENSORED,WINDOW_NORMAL_RESPONDING,ACTION_MONITOR_NEXT_WINDOW,low,7,large_gap_or_censored_dominant,fw_like;micro_wobble;censored_dominant,days_eff=2 days_any=1 cyc_eff=1 hq_nr=0 total_nr=0 cens=1 lg_opp=0 opp=2 norm_anom=-0.00 conf_p=0.109 micro_only=True cluster=MOBILE_DEEP_CYCLE,No user-facing action; monitoring.,Ambiguous/weak evidence (1d since effective change); monitor next window.,,True,False,True,False,True,False,False,False,0,2026-07-08T17:46:07Z,rolling30-od2.0,30,1,abs_ge_50mWh
MKITAMURA-N0XRP_mkitamura,2024-04-10,2024-03-11 23:59:59.999999999,2024-04-10 23:59:59.999999999,725,29.249,0.5,1.876,41.089,28,17,2,0,0,0,0,False,WINDOW_QUALITY_OK,286.0,298.0,12.0,12.308,0.7028,0.1467,0.2972,12.0,100.0,88.0,55.0,100.0,100.0,0.0,0.0014,0.8551,0.8139,0.7259,167,227,84,49650.0,49360.0,48770.0,49650.0,880.0,34,16,850.0,2024-04-09 20:05:29,297.0,87.11,86.6,5,4,1,4,13,0,0,0,0,0,0,0,0,0,0,2.25,2,3,5,0.050328,1.2982,0.48168,0.44777,2.5,2,3,5,0.03125,1.5051,0.48168,2024-04-10 23:59:59.999999999,2023-02-03 12:48:21,2024-04-10 13:40:09,432.466,True,49360.0,2024-04-09 20:05:29,297.0,1.163,1.0,True,49360.0,2024-04-09 20:05:29,297.0,1.163,1.0,True,0,0.0,False,0,1,0,0,0,0,1,0,0,0,0,0,0,0,0,1,0,0,0.0,0,0.0,-0.0,-0.0,1.163,1.0,0,0,0,-0.0,4,MOBILE_DEEP_CYCLE,STATEFUL_WATCH_LARGE_GAP_OR_CENSORED,WINDOW_NORMAL_RESPONDING,ACTION_MONITOR_NEXT_WINDOW,low,7,large_gap_or_censored_dominant,censored_dominant,days_eff=1 days_any=1 cyc_eff=1 hq_nr=0 total_nr=0 cens=1 lg_opp=0 opp=1 norm_anom=-0.00 conf_p=0.482 micro_only=False cluster=MOBILE_DEEP_CYCLE,No user-facing action; monitoring.,Ambiguous/weak evidence (1d since effective change); monitor next window.,,False,False,False,False,True,False,False,False,0,2026-07-08T17:46:07Z,rolling30-od2.0,30,1,abs_ge_50mWh
MMERCHANT-H0CAW_mmerchant,2026-05-27,2026-04-27 23:59:59.999999999,2026-05-27 23:59:59.999999999,356,29.254,0.5,16.545,65.113,24,23,4,0,0,0,0,False,WINDOW_QUALITY_OK,177.0,197.0,20.0,20.51,0.2809,0.2074,0.7191,5.0,100.0,95.0,15.5,56.0,100.0,0.0102,0.0439,0.2771,0.1711,0.1052,77,102,39,53380.0,50780.0,50320.0,53380.0,3060.0,23,3,2580.0,2026-05-20 17:01:34,194.0,92.03,87.55,6,0,4,1,7,0,0,0,0,0,0,3,0,0,3,2.7,1,5,6,0.027681,1.5578,0.39139,0.35882,3.0,1,5,6,0.015625,1.8062,0.39139,2026-05-27 23:59:59.999999999,2025-04-30 15:14:27,2026-05-27 15:44:42,392.365,True,50820.0,2026-05-20 17:01:34,194.0,7.291,3.0,True,50780.0,2026-05-26 15:53:54,197.0,1.338,0.0,True,3,20.0,True,1,0,0,0,0,0,1,0,0,0,0,0,0,0,0,1,0,0,0.0,0,0.0,-0.0,-0.0,7.291,3.0,0,0,0,-0.0,4,MOBILE_DEEP_CYCLE,STATEFUL_WATCH_LARGE_GAP_OR_CENSORED,WINDOW_NORMAL_RESPONDING,ACTION_MONITOR_NEXT_WINDOW,low,7,large_gap_or_censored_dominant,fw_like;micro_wobble;censored_dominant,days_eff=7 days_any=1 cyc_eff=3 hq_nr=0 total_nr=0 cens=1 lg_opp=0 opp=1 norm_anom=-0.00 conf_p=0.391 micro_only=True cluster=MOBILE_DEEP_CYCLE,No user-facing action; monitoring.,Ambiguous/weak evidence (7d since effective change); monitor next window.,,True,False,True,False,True,False,False,False,0,2026-07-08T17:46:07Z,rolling30-od2.0,30,1,abs_ge_50mWh
MNISHIO1-43AFSK_Debug,2024-07-24,2024-06-24 23:59:59.999999999,2024-07-24 23:59:59.999999999,454,29.1,0.5,7.125,59.928,24,13,5,0,0,0,0,False,WINDOW_QUALITY_OK,227.0,242.0,15.0,15.464,0.504,0.1964,0.496,2.0,100.0,98.0,16.65,85.5,100.0,0.0378,0.0681,0.5475,0.4345,0.3556,114,149,57,48210.0,48210.0,48210.0,48210.0,0.0,0,0,0.0,,,84.5,84.5,10,0,10,0,10,0,0,0,0,0,0,2,0,0,2,4.5,0,10,10,0.002533,2.5964,0.14604,0.12231,5.0,0,10,10,0.000977,3.0103,0.14604,2024-07-24 23:59:59.999999999,2023-02-06 18:29:29,2024-07-24 10:57:53,534.23,True,48210.0,2024-06-24 21:41:10,227.0,30.096,15.0,True,48210.0,2024-06-24 21:41:10,227.0,30.096,15.0,True,0,0.0,False,9,1,0,9,1,10,0,0,0,2,0,0,0,0,9,0,0,0,4.5,0,-5.97837,2.5964,2.5964,30.096,15.0,10,0,0,2.5964,4,MOBILE_DEEP_CYCLE,STATEFUL_WATCH_LOW_EVIDENCE,WINDOW_OPPORTUNITY_NO_RESPONSE,ACTION_MONITOR_NEXT_WINDOW,low,8,weak_partial_evidence,fw_like,days_eff=30 days_any=30 cyc_eff=15 hq_nr=9 total_nr=10 cens=0 lg_opp=0 opp=12 norm_anom=2.60 conf_p=0.146 micro_only=False cluster=MOBILE_DEEP_CYCLE,No user-facing action; monitoring.,Ambiguous/weak evidence (30d since effective change); monitor next window.,,True,False,False,False,False,False,False,False,1,2026-07-08T17:46:07Z,rolling30-od2.0,30,1,abs_ge_50mWh
MNISHIO1-43AFSK_mnishio1,2025-09-12,2025-08-13 23:59:59.999999999,2025-09-12 23:59:59.999999999,201,14.018,0.5,0.5,240.102,1,1,1,0,0,0,0,False,WINDOW_QUALITY_OK,259.0,261.0,2.0,4.28,0.9821,0.0433,0.0179,6.0,100.0,94.0,50.0,100.0,100.0,0.0032,0.0043,0.9492,0.9492,0.9441,4,6,2,48650.0,48650.0,48650.0,48650.0,0.0,0,0,0.0,,,85.28,85.28,1,0,1,0,1,0,0,0,0,0,0,1,0,0,1,0.45,0,1,1,0.55,0.2596,1.0,1.0,0.5,0,1,1,0.5,0.301,1.0,2025-09-12 23:59:59.999999999,2023-02-06 18:29:29,2025-09-12 13:25:28,949.23,True,48650.0,2025-08-01 23:49:33,258.0,42.007,3.0,True,48650.0,2025-08-01 23:49:33,258.0,42.007,3.0,True,0,0.0,False,1,0,1,1,0,1,0,0,0,2,0,0,0,0,1,0,1,0,0.45,0,-0.59784,0.2596,0.2596,42.007,3.0,1,0,0,0.2596,3,AC_BOUND,STATEFUL_WATCH_LARGE_GAP_OR_CENSORED,WINDOW_OPPORTUNITY_NO_RESPONSE,ACTION_MONITOR_NEXT_WINDOW,low,7,large_gap_or_censored_dominant,fw_like;large_gap_dominant,days_eff=42 days_any=42 cyc_eff=3 hq_nr=1 total_nr=1 cens=0 lg_opp=1 opp=4 norm_anom=0.26 conf_p=1 micro_only=False cluster=AC_BOUND,No user-facing action; monitoring.,Ambiguous/weak evidence (42d since effective change); monitor next window.,,True,False,False,True,False,False,False,False,1,2026-07-08T17:46:07Z,rolling30-od2.0,30,1,abs_ge_50mWh
MOBILEPE-4N8HJ9_MobilePE,2024-10-09,2024-09-09 23:59:59.999999999,2024-10-09 23:59:59.999999999,1468,29.751,0.5,0.524,70.421,6,6,1,0,0,0,0,False,WINDOW_QUALITY_OK,11.0,56.0,45.0,45.377,0.958,0.3543,0.2801,0.0,100.0,100.0,74.0,88.0,100.0,0.0033,0.008,0.9095,0.5512,0.4538,34,445,196,56780.0,56080.0,55550.0,57000.0,1450.0,79,36,790.0,2024-10-09 17:33:28,56.0,99.61,98.39,9,1,0,4,14,0,0,0,0,0,0,2,0,0,2,4.05,9,0,9,0.004605,2.3367,0.1914,0.1649,4.5,9,0,9,0.001953,2.7093,0.1914,2024-10-09 23:59:59.999999999,2024-07-24 06:26:03,2024-10-09 18:13:09,77.732,True,56050.0,2024-10-09 17:33:28,56.0,0.268,0.0,True,56080.0,2024-10-09 18:13:09,56.0,0.241,0.0,True,1,30.0,True,0,0,0,0,0,0,0,0,0,0,0,0,0,0,0,0,0,0,0.0,0,0.0,-0.0,-0.0,0.268,0.0,0,0,0,-0.0,1,AC_BOUND,STATEFUL_WATCH_LOW_EVIDENCE,WINDOW_NORMAL_RESPONDING,ACTION_MONITOR_NEXT_WINDOW,low,8,weak_partial_evidence,fw_like;micro_wobble,days_eff=0 days_any=0 cyc_eff=0 hq_nr=0 total_nr=0 cens=0 lg_opp=0 opp=0 norm_anom=-0.00 conf_p=0.191 micro_only=True cluster=AC_BOUND,No user-facing action; monitoring.,Ambiguous/weak evidence (0d since effective change); monitor next window.,,True,False,True,False,False,False,False,False,0,2026-07-08T17:46:07Z,rolling30-od2.0,30,1,abs_ge_50mWh
MSUMMERVILL-VCL_msummerville,2026-05-29,2026-04-29 23:59:59.999999999,2026-05-29 23:59:59.999999999,660,29.323,0.5,1.346,52.874,23,8,5,0,0,0,0,False,WINDOW_QUALITY_OK,146.0,151.0,5.0,5.115,0.8708,0.06,0.1292,24.0,100.0,76.0,71.0,98.0,100.0,0.0,0.0,0.926,0.9163,0.7697,69,85,35,89830.0,80930.0,80930.0,89830.0,8900.0,2,2,8100.0,2026-05-19 20:11:51,150.0,96.03,86.52,6,0,4,0,6,0,0,0,0,0,0,0,0,0,0,2.7,2,4,6,0.027681,1.5578,0.39139,0.35882,3.0,2,4,6,0.015625,1.8062,0.39139,2026-05-29 23:59:59.999999999,2023-06-23 11:48:52,2026-05-29 13:56:37,1071.508,True,80930.0,2026-05-19 20:11:51,150.0,10.158,1.0,True,80930.0,2026-05-19 20:11:51,150.0,10.158,1.0,True,0,0.0,False,1,0,0,1,0,1,0,0,0,0,0,0,0,0,1,0,0,0,0.45,0,-0.59784,0.2596,0.2596,10.158,1.0,1,0,0,0.2596,5,AC_BOUND,STATEFUL_WATCH_LOW_EVIDENCE,WINDOW_NORMAL_RESPONDING,ACTION_MONITOR_NEXT_WINDOW,low,8,weak_partial_evidence,fw_like,days_eff=10 days_any=10 cyc_eff=1 hq_nr=1 total_nr=1 cens=0 lg_opp=0 opp=1 norm_anom=0.26 conf_p=0.391 micro_only=False cluster=AC_BOUND,No user-facing action; monitoring.,Ambiguous/weak evidence (10d since effective change); monitor next window.,,True,False,False,False,False,False,False,False,0,2026-07-08T17:46:07Z,rolling30-od2.0,30,1,abs_ge_50mWh
MTSUKADA-3MYFQH_mtsukada,2024-03-12,2024-02-11 23:59:59.999999999,2024-03-12 23:59:59.999999999,846,29.392,0.5,0.901,38.109,23,16,3,0,0,0,0,False,WINDOW_QUALITY_OK,262.0,270.0,8.0,8.166,0.8135,0.0961,0.1865,17.0,100.0,83.0,86.0,100.0,100.0,0.0,0.0012,0.958,0.9318,0.8773,121,163,61,45420.0,44600.0,44590.0,47230.0,2640.0,18,11,1810.0,2024-03-12 12:42:30,270.0,89.06,87.45,2,1,2,0,3,0,0,0,0,0,0,0,0,0,0,0.9,0,2,2,0.3025,0.5193,0.84249,0.8177,1.0,0,2,2,0.25,0.6021,0.84249,2024-03-12 23:59:59.999999999,2023-02-03 13:45:04,2024-03-12 15:15:16,403.427,True,44620.0,2024-03-12 12:42:30,270.0,0.47,0.0,True,44600.0,2024-03-12 14:42:30,270.0,0.387,0.0,True,1,20.0,True,0,0,0,0,0,0,0,0,0,0,0,0,0,0,0,0,0,0,0.0,0,0.0,-0.0,-0.0,0.47,0.0,0,0,0,-0.0,4,MOBILE_DEEP_CYCLE,STATEFUL_WATCH_LOW_EVIDENCE,WINDOW_NORMAL_RESPONDING,ACTION_MONITOR_NEXT_WINDOW,low,8,weak_partial_evidence,micro_wobble,days_eff=0 days_any=0 cyc_eff=0 hq_nr=0 total_nr=0 cens=0 lg_opp=0 opp=0 norm_anom=-0.00 conf_p=0.842 micro_only=True cluster=MOBILE_DEEP_CYCLE,No user-facing action; monitoring.,Ambiguous/weak evidence (0d since effective change); monitor next window.,,False,False,True,False,False,False,False,False,0,2026-07-08T17:46:07Z,rolling30-od2.0,30,1,abs_ge_50mWh
MYERSP-PF5FSZHR_MYERSP,2026-06-01,2026-05-02 23:59:59.999999999,2026-06-01 23:59:59.999999999,422,28.645,0.5,8.735,60.134,26,16,7,0,0,0,0,False,WINDOW_QUALITY_OK,36.0,40.0,4.0,4.189,0.8536,0.0906,0.1464,34.0,100.0,66.0,76.05,100.0,100.0,0.0,0.0,0.9207,0.8745,0.8545,44,61,22,51110.0,51060.0,51060.0,51110.0,50.0,4,0,0.0,,,89.62,89.53,6,0,6,1,7,0,0,0,0,0,0,0,0,0,0,2.7,0,6,6,0.027681,1.5578,0.39139,0.35882,3.0,0,6,6,0.015625,1.8062,0.39139,2026-06-01 23:59:59.999999999,2025-07-07 10:15:53,2026-06-01 10:04:05,329.572,True,51130.0,2026-04-24 11:56:09,34.0,38.503,6.0,True,51060.0,2026-05-28 08:42:56,40.0,4.637,0.0,True,6,20.0,True,7,1,0,6,1,7,1,0,0,0,0,0,0,0,6,1,0,0,3.15,0,-4.18486,1.8175,1.8175,38.503,6.0,7,0,0,1.8175,5,AC_BOUND,STATEFUL_WATCH_LOW_EVIDENCE,WINDOW_OPPORTUNITY_NO_RESPONSE,ACTION_MONITOR_NEXT_WINDOW,low,8,weak_partial_evidence,fw_like;micro_wobble,days_eff=39 days_any=5 cyc_eff=6 hq_nr=6 total_nr=7 cens=1 lg_opp=0 opp=8 norm_anom=1.82 conf_p=0.391 micro_only=True cluster=AC_BOUND,No user-facing action; monitoring.,Ambiguous/weak evidence (38d since effective change); monitor next window.,,True,False,True,False,False,False,False,False,9,2026-07-08T17:46:07Z,rolling30-od2.0,30,1,abs_ge_50mWh
NANO_G3,2024-03-25,2024-02-24 23:59:59.999999999,2024-03-25 23:59:59.999999999,388,28.217,0.5,7.722,75.523,23,11,4,0,0,0,0,False,WINDOW_QUALITY_OK,107.0,117.0,10.0,10.632,0.5171,0.2188,0.4829,29.0,100.0,71.0,40.35,95.0,100.0,0.0,0.0,0.5828,0.5168,0.4403,92,130,46,46780.0,45960.0,45800.0,46780.0,980.0,47,33,430.0,2024-03-25 11:21:55,117.0,94.37,92.72,10,0,0,2,12,0,0,0,0,0,0,0,0,0,0,4.5,10,0,10,0.002533,2.5964,0.14604,0.12231,5.0,10,0,10,0.000977,3.0103,0.14604,2024-03-25 23:59:59.999999999,2023-04-24 10:10:26,2024-03-25 13:28:32,336.576,True,45960.0,2024-03-25 11:21:55,117.0,0.526,0.0,True,45960.0,2024-03-25 11:21:55,117.0,0.526,0.0,True,0,0.0,False,0,0,0,0,0,0,0,0,0,0,0,0,0,0,0,0,0,0,0.0,0,0.0,-0.0,-0.0,0.526,0.0,0,0,0,-0.0,4,MOBILE_DEEP_CYCLE,STATEFUL_WATCH_LOW_EVIDENCE,WINDOW_NORMAL_RESPONDING,ACTION_MONITOR_NEXT_WINDOW,low,8,weak_partial_evidence,fw_like,days_eff=1 days_any=1 cyc_eff=0 hq_nr=0 total_nr=0 cens=0 lg_opp=0 opp=0 norm_anom=-0.00 conf_p=0.146 micro_only=False cluster=MOBILE_DEEP_CYCLE,No user-facing action; monitoring.,Ambiguous/weak evidence (0d since effective change); monitor next window.,,True,False,False,False,False,False,False,False,0,2026-07-08T17:46:07Z,rolling30-od2.0,30,1,abs_ge_50mWh
NATHANP-F4YAYFH_nathanp,2025-12-01,2025-11-01 23:59:59.999999999,2025-12-01 23:59:59.999999999,522,28.252,0.5,3.555,59.395,24,11,6,0,0,0,0,False,WINDOW_QUALITY_OK,109.0,117.0,8.0,8.495,0.8389,0.1329,0.1611,10.0,100.0,90.0,44.0,96.0,100.0,0.0,0.0094,0.7304,0.6138,0.5376,56,107,28,65200.0,66660.0,65120.0,66660.0,1540.0,8,1,1540.0,2025-11-28 20:43:02,117.0,86.93,88.88,6,0,6,0,6,0,0,0,0,0,0,0,0,0,0,2.7,0,6,6,0.027681,1.5578,0.39139,0.35882,3.0,0,6,6,0.015625,1.8062,0.39139,2025-12-01 23:59:59.999999999,2024-06-17 11:42:09,2025-12-01 14:45:46,532.512,True,66660.0,2025-11-28 20:43:02,117.0,3.137,0.0,True,66660.0,2025-11-28 20:43:02,117.0,3.137,0.0,True,0,0.0,False,0,0,0,0,0,0,0,0,0,0,0,0,0,0,0,0,0,0,0.0,0,0.0,-0.0,-0.0,3.137,0.0,0,0,0,-0.0,4,MOBILE_DEEP_CYCLE,STATEFUL_WATCH_LOW_EVIDENCE,WINDOW_NORMAL_RESPONDING,ACTION_MONITOR_NEXT_WINDOW,low,8,weak_partial_evidence,fw_like,days_eff=3 days_any=3 cyc_eff=0 hq_nr=0 total_nr=0 cens=0 lg_opp=0 opp=0 norm_anom=-0.00 conf_p=0.391 micro_only=False cluster=MOBILE_DEEP_CYCLE,No user-facing action; monitoring.,Ambiguous/weak evidence (3d since effective change); monitor next window.,,True,False,False,False,False,False,False,False,0,2026-07-08T17:46:07Z,rolling30-od2.0,30,1,abs_ge_50mWh
NICOLEX1CG12_nbaker,2025-02-24,2025-01-25 23:59:59.999999999,2025-02-24 23:59:59.999999999,550,29.495,0.5,8.714,25.287,37,9,1,0,0,0,0,False,WINDOW_QUALITY_OK,101.0,117.0,16.0,16.274,0.5429,0.2475,0.4571,7.0,100.0,93.0,33.45,85.0,100.0,0.0055,0.0152,0.5684,0.4658,0.3905,129,169,65,54450.0,52160.0,52160.0,58710.0,6550.0,18,4,5860.0,2025-02-21 12:29:45,115.0,95.48,91.46,7,0,2,7,14,0,0,0,0,0,0,0,0,0,0,3.15,1,6,7,0.015224,1.8175,0.31582,0.28541,3.5,1,6,7,0.007813,2.1072,0.31582,2025-02-24 23:59:59.999999999,2024-04-17 12:39:16,2025-02-24 17:56:30,313.473,True,52180.0,2025-02-21 12:29:45,115.0,3.479,2.0,True,52160.0,2025-02-24 09:25:34,117.0,0.607,0.0,True,2,10.0,True,1,0,0,0,0,0,1,0,0,0,0,0,0,0,0,1,0,0,0.0,0,0.0,-0.0,-0.0,3.479,2.0,0,0,0,-0.0,4,MOBILE_DEEP_CYCLE,STATEFUL_WATCH_LARGE_GAP_OR_CENSORED,WINDOW_NORMAL_RESPONDING,ACTION_MONITOR_NEXT_WINDOW,low,7,large_gap_or_censored_dominant,fw_like;micro_wobble;censored_dominant,days_eff=3 days_any=1 cyc_eff=2 hq_nr=0 total_nr=0 cens=1 lg_opp=0 opp=1 norm_anom=-0.00 conf_p=0.316 micro_only=True cluster=MOBILE_DEEP_CYCLE,No user-facing action; monitoring.,Ambiguous/weak evidence (3d since effective change); monitor next window.,,True,False,True,False,True,False,False,False,0,2026-07-08T17:46:07Z,rolling30-od2.0,30,1,abs_ge_50mWh
NMARX-PF4DMZPC_nmarx,2024-01-30,2023-12-31 23:59:59.999999999,2024-01-30 23:59:59.999999999,295,28.192,0.5,10.193,68.5,23,11,5,0,0,0,0,False,WINDOW_QUALITY_OK,24.0,31.0,7.0,7.449,0.5871,0.1668,0.4129,2.0,100.0,98.0,31.0,97.0,100.0,0.0076,0.0134,0.7876,0.7284,0.6547,54,85,27,53250.0,54690.0,52690.0,54690.0,2000.0,2,2,2000.0,2024-01-12 15:27:44,27.0,93.42,95.95,4,1,2,3,8,0,0,0,0,0,0,1,0,0,1,1.8,0,4,4,0.091506,1.0385,0.58528,0.55423,2.0,0,4,4,0.0625,1.2041,0.58528,2024-01-30 23:59:59.999999999,2023-09-05 10:42:14,2024-01-30 13:38:53,147.554,True,54690.0,2024-01-12 15:27:44,27.0,18.356,4.0,True,54690.0,2024-01-12 15:27:44,27.0,18.356,4.0,True,0,0.0,False,4,0,1,1,0,1,3,0,0,1,0,0,0,0,1,3,1,0,0.45,0,-0.59784,0.2596,0.2596,18.356,4.0,1,0,0,0.2596,4,MOBILE_DEEP_CYCLE,STATEFUL_WATCH_LOW_EVIDENCE,WINDOW_NORMAL_RESPONDING,ACTION_MONITOR_NEXT_WINDOW,low,8,weak_partial_evidence,fw_like,days_eff=18 days_any=18 cyc_eff=4 hq_nr=1 total_nr=1 cens=3 lg_opp=1 opp=6 norm_anom=0.26 conf_p=0.585 micro_only=False cluster=MOBILE_DEEP_CYCLE,No user-facing action; monitoring.,Ambiguous/weak evidence (18d since effective change); monitor next window.,,True,False,False,False,False,False,False,False,0,2026-07-08T17:46:07Z,rolling30-od2.0,30,1,abs_ge_50mWh
NMCKOY-PF5H0PJZ_nmckoy,2026-05-28,2026-04-28 23:59:59.999999999,2026-05-28 23:59:59.999999999,268,28.043,0.5,13.768,145.276,19,19,4,0,0,0,0,False,WINDOW_QUALITY_OK,162.0,171.0,9.0,9.628,0.5621,0.1323,0.4379,2.0,100.0,98.0,13.4,97.0,100.0,0.0201,0.0319,0.653,0.5495,0.5346,40,61,20,45670.0,44770.0,44770.0,45770.0,1000.0,11,2,900.0,2026-05-28 08:37:03,171.0,78.74,77.19,4,0,4,1,5,0,0,0,0,0,0,3,0,0,3,1.8,0,4,4,0.091506,1.0385,0.58528,0.55423,2.0,0,4,4,0.0625,1.2041,0.58528,2026-05-28 23:59:59.999999999,2025-04-30 15:12:50,2026-05-28 08:39:32,393.366,True,44770.0,2026-05-28 08:37:03,171.0,0.641,0.0,True,44770.0,2026-05-28 08:37:03,171.0,0.641,0.0,True,0,0.0,False,0,0,0,0,0,0,0,0,0,0,0,0,0,0,0,0,0,0,0.0,0,0.0,-0.0,-0.0,0.641,0.0,0,0,0,-0.0,4,MOBILE_DEEP_CYCLE,STATEFUL_WATCH_LOW_EVIDENCE,WINDOW_NORMAL_RESPONDING,ACTION_MONITOR_NEXT_WINDOW,low,8,weak_partial_evidence,,days_eff=1 days_any=1 cyc_eff=0 hq_nr=0 total_nr=0 cens=0 lg_opp=0 opp=0 norm_anom=-0.00 conf_p=0.585 micro_only=False cluster=MOBILE_DEEP_CYCLE,No user-facing action; monitoring.,Ambiguous/weak evidence (0d since effective change); monitor next window.,,False,False,False,False,False,False,False,False,0,2026-07-08T17:46:07Z,rolling30-od2.0,30,1,abs_ge_50mWh
OHSAWAEAGLE7_ohsaw,2024-07-04,2024-06-04 23:59:59.999999999,2024-07-04 23:59:59.999999999,535,29.242,0.5,7.597,21.227,34,7,0,0,0,0,0,False,WINDOW_QUALITY_OK,162.0,172.0,10.0,10.259,0.3601,0.1896,0.6399,38.0,100.0,62.0,56.7,97.0,100.0,0.0,0.0,0.7409,0.5263,0.4405,182,206,92,47590.0,46920.0,46920.0,47600.0,680.0,34,9,580.0,2024-07-03 09:38:50,172.0,96.08,94.73,15,1,0,1,17,0,0,0,0,0,0,0,0,0,0,6.75,12,3,15,0.000127,3.8946,0.02763,0.01898,7.5,12,3,15,3.1e-05,4.5154,0.02763,2024-07-04 23:59:59.999999999,2023-03-28 11:25:27,2024-07-04 09:18:15,464.524,True,46920.0,2024-07-03 09:38:50,172.0,1.598,0.0,True,46920.0,2024-07-03 09:38:50,172.0,1.598,0.0,True,0,0.0,False,1,0,0,0,0,0,1,0,0,0,0,0,0,0,0,1,0,0,0.0,0,0.0,-0.0,-0.0,1.598,0.0,0,0,0,-0.0,5,AC_BOUND,STATEFUL_WATCH_LARGE_GAP_OR_CENSORED,WINDOW_NORMAL_RESPONDING,ACTION_MONITOR_NEXT_WINDOW,low,7,large_gap_or_censored_dominant,fw_like;censored_dominant,days_eff=2 days_any=2 cyc_eff=0 hq_nr=0 total_nr=0 cens=1 lg_opp=0 opp=1 norm_anom=-0.00 conf_p=0.0276 micro_only=False cluster=AC_BOUND,No user-facing action; monitoring.,Ambiguous/weak evidence (1d since effective change); monitor next window.,,True,False,False,False,True,False,False,False,0,2026-07-08T17:46:07Z,rolling30-od2.0,30,1,abs_ge_50mWh
PCHEN23-5000001_pchen23,2024-11-15,2024-10-16 23:59:59.999999999,2024-11-15 23:59:59.999999999,176,29.157,0.5,18.387,198.254,19,13,5,0,0,0,0,False,WINDOW_QUALITY_OK,11.0,16.0,5.0,5.145,0.3828,0.1908,0.618,8.0,100.0,92.0,25.75,71.0,100.0,0.0044,0.0481,0.4014,0.2672,0.2353,32,35,17,57890.0,57810.0,57810.0,57890.0,80.0,2,1,50.0,2024-11-12 10:46:42,16.0,99.81,99.67,1,1,1,0,2,0,0,0,0,0,0,0,0,0,0,0.45,0,1,1,0.55,0.2596,1.0,1.0,0.5,0,1,1,0.5,0.301,1.0,2024-11-15 23:59:59.999999999,2024-09-13 08:21:27,2024-11-15 13:10:07,63.652,True,57810.0,2024-11-12 10:46:42,16.0,3.551,0.0,True,57810.0,2024-11-12 10:46:42,16.0,3.551,0.0,True,0,0.0,False,0,0,0,0,0,0,0,0,0,0,0,0,0,0,0,0,0,0,0.0,0,0.0,-0.0,-0.0,3.551,0.0,0,0,0,-0.0,4,MOBILE_DEEP_CYCLE,STATEFUL_WATCH_LOW_EVIDENCE,WINDOW_NORMAL_RESPONDING,ACTION_MONITOR_NEXT_WINDOW,low,8,weak_partial_evidence,,days_eff=4 days_any=4 cyc_eff=0 hq_nr=0 total_nr=0 cens=0 lg_opp=0 opp=0 norm_anom=-0.00 conf_p=1 micro_only=False cluster=MOBILE_DEEP_CYCLE,No user-facing action; monitoring.,Ambiguous/weak evidence (3d since effective change); monitor next window.,,False,False,False,False,False,False,False,False,0,2026-07-08T17:46:07Z,rolling30-od2.0,30,1,abs_ge_50mWh
PCHEN23-F5FSWCG_pchen23,2025-09-17,2025-08-18 23:59:59.999999999,2025-09-17 23:59:59.999999999,242,28.94,0.5,18.658,99.507,21,19,5,0,0,0,0,False,WINDOW_QUALITY_OK,28.0,38.0,10.0,10.366,0.2431,0.1802,0.7569,1.0,100.0,99.0,13.0,67.0,100.0,0.0464,0.0872,0.222,0.1301,0.1074,51,57,26,55630.0,54830.0,53690.0,55960.0,2270.0,13,5,1720.0,2025-09-16 12:39:03,38.0,97.6,96.19,2,1,1,0,3,0,0,0,0,0,0,2,0,0,2,0.9,1,1,2,0.3025,0.5193,0.84249,0.8177,1.0,1,1,2,0.25,0.6021,0.84249,2025-09-17 23:59:59.999999999,2025-05-20 15:00:01,2025-09-17 09:48:51,120.375,True,54830.0,2025-09-16 12:39:03,38.0,1.473,0.0,True,54830.0,2025-09-16 12:39:03,38.0,1.473,0.0,True,0,0.0,False,0,0,0,0,0,0,0,0,0,0,0,0,0,0,0,0,0,0,0.0,0,0.0,-0.0,-0.0,1.473,0.0,0,0,0,-0.0,4,MOBILE_DEEP_CYCLE,STATEFUL_WATCH_LOW_EVIDENCE,WINDOW_NORMAL_RESPONDING,ACTION_MONITOR_NEXT_WINDOW,low,8,weak_partial_evidence,,days_eff=1 days_any=1 cyc_eff=0 hq_nr=0 total_nr=0 cens=0 lg_opp=0 opp=0 norm_anom=-0.00 conf_p=0.842 micro_only=False cluster=MOBILE_DEEP_CYCLE,No user-facing action; monitoring.,Ambiguous/weak evidence (1d since effective change); monitor next window.,,False,False,False,False,False,False,False,False,0,2026-07-08T17:46:07Z,rolling30-od2.0,30,1,abs_ge_50mWh
PETER_pchen23,2026-03-17,2026-02-15 23:59:59.999999999,2026-03-17 23:59:59.999999999,300,26.408,0.5,12.687,103.118,18,16,4,0,0,0,0,False,WINDOW_QUALITY_OK,11.0,22.0,11.0,12.496,0.4111,0.237,0.5889,2.0,100.0,98.0,7.95,26.5,98.0,0.0831,0.4183,0.1356,0.1109,0.0963,50,61,25,58010.0,57010.0,57010.0,58900.0,1890.0,12,2,1820.0,2026-03-03 10:28:18,17.0,100.02,98.29,0,0,0,1,1,0,0,0,0,0,0,4,0,0,4,0.0,0,0,0,,0.0,,,0.0,0,0,0,,0.0,,2026-03-17 23:59:59.999999999,2026-01-14 14:19:42,2026-03-17 20:39:54,62.403,True,57070.0,2026-03-03 10:28:18,17.0,14.564,5.0,True,57010.0,2026-03-16 20:07:27,22.0,1.161,0.0,True,5,20.0,True,1,0,0,0,0,0,1,0,1,1,0,1,1,0,0,1,0,0,0.0,0,0.0,-0.0,-0.0,14.564,5.0,0,1,0,-0.0,0,MOBILE_DEEP_CYCLE,STATEFUL_WATCH_LARGE_GAP_OR_CENSORED,WINDOW_NORMAL_RESPONDING,ACTION_MONITOR_NEXT_WINDOW,low,7,large_gap_or_censored_dominant,fw_like;micro_wobble;censored_dominant,days_eff=15 days_any=1 cyc_eff=5 hq_nr=0 total_nr=0 cens=1 lg_opp=0 opp=3 norm_anom=-0.00 conf_p=1 micro_only=True cluster=MOBILE_DEEP_CYCLE,No user-facing action; monitoring.,Ambiguous/weak evidence (14d since effective change); monitor next window.,,True,False,True,False,True,False,False,False,0,2026-07-08T17:46:07Z,rolling30-od2.0,30,1,abs_ge_50mWh
PF3KG4XY_TP-Telemetry,2025-01-14,2024-12-15 23:59:59.999999999,2025-01-14 23:59:59.999999999,87,28.998,0.5,9.042,590.029,5,4,1,0,0,0,0,False,WINDOW_QUALITY_OK,37.0,37.0,0.0,0.0,1.0,0.0,0.0,71.0,80.0,9.0,71.0,72.0,78.0,0.0,0.0,0.0,0.0,0.0,0,0,0,56990.0,56990.0,56990.0,56990.0,0.0,0,0,0.0,,,99.98,99.98,0,0,0,0,0,0,0,0,0,0,0,0,0,0,0,0.0,0,0,0,,0.0,,,0.0,0,0,0,,0.0,,2025-01-14 23:59:59.999999999,2024-07-24 13:25:19,2025-01-14 09:38:20,174.441,True,56990.0,2024-07-24 13:25:19,34.0,174.441,3.0,False,56990.0,2024-07-24 13:25:19,34.0,174.441,3.0,False,0,0.0,False,0,0,1,0,0,0,0,0,0,0,0,0,0,0,0,0,1,0,0.0,0,0.0,-0.0,-0.0,174.441,3.0,0,0,0,-0.0,2,MOBILE_DEEP_CYCLE,STATEFUL_WATCH_LARGE_GAP_OR_CENSORED,WINDOW_LOW_INFORMATION,ACTION_MONITOR_NEXT_WINDOW,low,7,large_gap_or_censored_dominant,large_gap_dominant,days_eff=174 days_any=174 cyc_eff=3 hq_nr=0 total_nr=0 cens=0 lg_opp=1 opp=1 norm_anom=-0.00 conf_p=1 micro_only=False cluster=MOBILE_DEEP_CYCLE,No user-facing action; monitoring.,Ambiguous/weak evidence (174d since effective change); monitor next window.,,False,False,False,True,False,False,False,False,0,2026-07-08T17:46:07Z,rolling30-od2.0,30,1,abs_ge_50mWh
PF62AGYW_LIP,2026-06-01,2026-05-02 23:59:59.999999999,2026-06-01 23:59:59.999999999,1122,29.379,0.5,0.5,97.046,4,4,1,0,0,0,0,False,WINDOW_QUALITY_OK,10.0,13.0,3.0,3.063,0.9884,0.0659,0.0116,93.0,100.0,7.0,95.0,98.0,100.0,0.0,0.0,1.0,1.0,0.9271,4,109,2,59210.0,59200.0,59200.0,59210.0,10.0,1,0,0.0,,,102.09,102.07,0,0,0,0,0,0,0,0,0,0,0,0,0,0,0,0.0,0,0,0,,0.0,,,0.0,0,0,0,,0.0,,2026-06-01 23:59:59.999999999,2026-02-16 21:01:27,2026-06-01 09:17:42,105.124,True,59330.0,2026-02-16 21:01:27,0.0,105.124,13.0,False,59200.0,2026-05-13 17:20:36,11.0,19.277,2.0,True,11,20.0,True,0,0,1,0,0,0,0,0,0,0,0,0,0,0,0,0,1,0,0.0,0,0.0,-0.0,-0.0,105.124,13.0,0,0,0,-0.0,5,AC_BOUND,STATEFUL_WATCH_LARGE_GAP_OR_CENSORED,WINDOW_MICRO_WOBBLE_ONLY,ACTION_MONITOR_NEXT_WINDOW,low,7,large_gap_or_censored_dominant,micro_wobble;large_gap_dominant,days_eff=105 days_any=19 cyc_eff=13 hq_nr=0 total_nr=0 cens=0 lg_opp=1 opp=1 norm_anom=-0.00 conf_p=1 micro_only=True cluster=AC_BOUND,No user-facing action; monitoring.,Ambiguous/weak evidence (105d since effective change); monitor next window.,,False,False,True,True,False,False,False,False,0,2026-07-08T17:46:07Z,rolling30-od2.0,30,1,abs_ge_50mWh
PHIL_pjjakes,2025-11-04,2025-10-05 23:59:59.999999999,2025-11-04 23:59:59.999999999,420,22.081,0.5,5.605,38.691,21,7,1,0,0,0,0,False,WINDOW_QUALITY_OK,139.0,152.0,13.0,17.663,0.4514,0.2976,0.5506,3.0,100.0,97.0,21.0,85.0,100.0,0.0042,0.0085,0.581,0.4042,0.2905,106,120,52,54620.0,54970.0,54510.0,55060.0,550.0,13,2,550.0,2025-11-03 13:32:20,150.0,94.17,94.78,8,2,8,2,12,0,0,0,0,0,0,1,0,0,1,3.6,0,8,8,0.008373,2.0771,0.2485,0.2192,4.0,0,8,8,0.003906,2.4082,0.2485,2025-11-04 23:59:59.999999999,2025-01-15 14:18:33,2025-11-04 18:12:24,293.404,True,55010.0,2025-11-03 13:32:20,150.0,1.436,2.0,True,54970.0,2025-11-04 18:12:24,152.0,0.241,0.0,True,2,20.0,True,1,0,0,0,0,0,1,0,0,1,0,0,0,0,0,1,0,0,0.0,0,0.0,-0.0,-0.0,1.436,2.0,0,0,0,-0.0,3,AC_BOUND,STATEFUL_WATCH_LARGE_GAP_OR_CENSORED,WINDOW_NORMAL_RESPONDING,ACTION_MONITOR_NEXT_WINDOW,low,7,large_gap_or_censored_dominant,fw_like;micro_wobble;censored_dominant,days_eff=1 days_any=0 cyc_eff=2 hq_nr=0 total_nr=0 cens=1 lg_opp=0 opp=2 norm_anom=-0.00 conf_p=0.248 micro_only=True cluster=AC_BOUND,No user-facing action; monitoring.,Ambiguous/weak evidence (1d since effective change); monitor next window.,,True,False,True,False,True,False,False,False,0,2026-07-08T17:46:07Z,rolling30-od2.0,30,1,abs_ge_50mWh
PHIL_pweinstein,2026-05-26,2026-04-26 23:59:59.999999999,2026-05-26 23:59:59.999999999,494,29.225,0.5,3.97,61.957,20,13,6,0,0,0,0,False,WINDOW_QUALITY_OK,77.0,84.0,7.0,7.186,0.826,0.1098,0.174,11.0,100.0,89.0,56.65,100.0,100.0,0.0,0.0007,0.904,0.8517,0.7379,52,67,26,49700.0,50360.0,49700.0,50390.0,690.0,9,3,490.0,2026-05-12 23:40:04,82.0,87.19,88.35,7,0,0,0,7,0,0,0,0,0,0,0,0,0,0,3.15,4,3,7,0.015224,1.8175,0.31582,0.28541,3.5,4,3,7,0.007813,2.1072,0.31582,2026-05-26 23:59:59.999999999,2025-05-06 14:29:42,2026-05-26 14:31:14,385.396,True,50390.0,2026-05-12 23:40:04,82.0,14.014,2.0,True,50360.0,2026-05-26 14:01:14,84.0,0.416,0.0,True,2,20.0,True,0,0,0,0,0,0,0,0,0,0,0,0,0,0,0,0,0,0,0.0,0,0.0,-0.0,-0.0,14.014,2.0,0,0,0,-0.0,4,MOBILE_DEEP_CYCLE,STATEFUL_WATCH_LOW_EVIDENCE,WINDOW_NORMAL_RESPONDING,ACTION_MONITOR_NEXT_WINDOW,low,8,weak_partial_evidence,fw_like;micro_wobble,days_eff=14 days_any=0 cyc_eff=2 hq_nr=0 total_nr=0 cens=0 lg_opp=0 opp=0 norm_anom=-0.00 conf_p=0.316 micro_only=True cluster=MOBILE_DEEP_CYCLE,No user-facing action; monitoring.,Ambiguous/weak evidence (14d since effective change); monitor next window.,,True,False,True,False,False,False,False,False,0,2026-07-08T17:46:07Z,rolling30-od2.0,30,1,abs_ge_50mWh
PHOVEY-PW0KPSPG_phovey,2026-04-29,2026-03-30 23:59:59.999999999,2026-04-29 23:59:59.999999999,267,29.205,0.5,12.824,115.891,16,15,6,0,0,0,0,False,WINDOW_QUALITY_OK,10.0,14.0,4.0,4.109,0.9045,0.1772,0.0955,3.0,100.0,97.0,62.0,97.0,100.0,0.0084,0.0084,0.9307,0.9141,0.646,20,50,10,91170.0,87030.0,87030.0,91170.0,4140.0,6,2,3190.0,2026-04-16 08:13:15,13.0,101.3,96.7,0,2,0,1,3,0,0,0,0,0,0,1,0,0,1,0.0,0,0,0,,0.0,,,0.0,0,0,0,,0.0,,2026-04-29 23:59:59.999999999,2025-09-02 13:25:37,2026-04-29 13:24:21,239.441,True,87050.0,2026-04-16 08:13:15,13.0,13.657,1.0,True,87030.0,2026-04-23 10:15:59,14.0,6.572,0.0,True,1,20.0,True,1,0,1,0,0,0,1,0,0,0,0,0,0,0,0,1,1,0,0.0,0,0.0,-0.0,-0.0,13.657,1.0,0,0,0,-0.0,4,MOBILE_DEEP_CYCLE,STATEFUL_WATCH_LARGE_GAP_OR_CENSORED,WINDOW_NORMAL_RESPONDING,ACTION_MONITOR_NEXT_WINDOW,low,7,large_gap_or_censored_dominant,micro_wobble;large_gap_dominant;censored_dominant,days_eff=14 days_any=7 cyc_eff=1 hq_nr=0 total_nr=0 cens=1 lg_opp=1 opp=2 norm_anom=-0.00 conf_p=1 micro_only=True cluster=MOBILE_DEEP_CYCLE,No user-facing action; monitoring.,Ambiguous/weak evidence (13d since effective change); monitor next window.,,False,False,True,True,True,False,False,False,0,2026-07-08T17:46:07Z,rolling30-od2.0,30,1,abs_ge_50mWh
PJJAKES-W0C7DHV_pjjakes,2024-11-21,2024-10-22 23:59:59.999999999,2024-11-21 23:59:59.999999999,695,29.497,0.5,5.059,22.974,32,6,0,0,0,0,0,False,WINDOW_QUALITY_OK,33.0,54.0,21.0,21.358,0.4241,0.237,0.5759,12.0,100.0,88.0,45.0,87.0,100.0,0.0,0.0062,0.5907,0.4149,0.2927,163,180,82,63800.0,59110.0,58480.0,63800.0,5320.0,17,5,5150.0,2024-11-11 16:46:54,46.0,110.0,101.91,10,0,4,3,13,0,0,0,0,0,0,0,0,0,0,4.5,4,6,10,0.002533,2.5964,0.14604,0.12231,5.0,4,6,10,0.000977,3.0103,0.14604,2024-11-21 23:59:59.999999999,2024-08-23 09:46:32,2024-11-21 16:18:24,90.593,True,59170.0,2024-11-11 16:46:54,46.0,10.301,8.0,True,59110.0,2024-11-20 13:12:01,53.0,1.45,1.0,True,4,20.0,True,2,1,0,0,0,0,3,0,0,0,0,0,0,0,0,3,0,0,0.0,0,0.0,-0.0,-0.0,10.301,8.0,0,0,0,-0.0,4,MOBILE_DEEP_CYCLE,STATEFUL_WATCH_LARGE_GAP_OR_CENSORED,WINDOW_NORMAL_RESPONDING,ACTION_MONITOR_NEXT_WINDOW,low,7,large_gap_or_censored_dominant,fw_like;micro_wobble;censored_dominant,days_eff=10 days_any=1 cyc_eff=8 hq_nr=0 total_nr=0 cens=3 lg_opp=0 opp=3 norm_anom=-0.00 conf_p=0.146 micro_only=True cluster=MOBILE_DEEP_CYCLE,No user-facing action; monitoring.,Ambiguous/weak evidence (10d since effective change); monitor next window.,,True,False,True,False,True,False,False,False,0,2026-07-08T17:46:07Z,rolling30-od2.0,30,1,abs_ge_50mWh
PPOOJA-PW0C7CJW_ppooja,2024-11-11,2024-10-12 23:59:59.999999999,2024-11-11 23:59:59.999999999,363,28.888,0.5,8.753,57.338,30,11,4,0,0,0,0,False,WINDOW_QUALITY_OK,23.0,34.0,11.0,11.424,0.3447,0.1497,0.6577,0.0,100.0,100.0,12.1,64.0,100.0,0.0177,0.0812,0.3704,0.2911,0.2485,53,63,27,63800.0,60260.0,60260.0,63800.0,3540.0,7,6,3480.0,2024-11-07 20:24:35,34.0,110.0,103.9,2,0,0,2,4,0,0,0,0,0,0,2,0,1,3,0.9,2,0,2,0.3025,0.5193,0.84249,0.8177,1.0,2,0,2,0.25,0.6021,0.84249,2024-11-11 23:59:59.999999999,2024-07-24 11:29:46,2024-11-11 07:57:20,110.521,True,60260.0,2024-11-07 20:24:35,34.0,4.15,0.0,True,60260.0,2024-11-07 20:24:35,34.0,4.15,0.0,True,0,0.0,False,0,0,0,0,0,0,0,0,0,0,0,0,0,0,0,0,0,0,0.0,0,0.0,-0.0,-0.0,4.15,0.0,0,0,0,-0.0,4,MOBILE_DEEP_CYCLE,STATEFUL_WATCH_LOW_EVIDENCE,WINDOW_NORMAL_RESPONDING,ACTION_MONITOR_NEXT_WINDOW,low,8,weak_partial_evidence,,days_eff=4 days_any=4 cyc_eff=0 hq_nr=0 total_nr=0 cens=0 lg_opp=0 opp=0 norm_anom=-0.00 conf_p=0.842 micro_only=False cluster=MOBILE_DEEP_CYCLE,No user-facing action; monitoring.,Ambiguous/weak evidence (4d since effective change); monitor next window.,,False,False,False,False,False,False,False,False,0,2026-07-08T17:46:07Z,rolling30-od2.0,30,1,abs_ge_50mWh
PQM-AN1-BETA_hels,2026-05-20,2026-04-20 23:59:59.999999999,2026-05-20 23:59:59.999999999,581,29.384,0.5,6.435,37.7,31,20,2,0,0,0,0,False,WINDOW_QUALITY_OK,77.0,101.0,24.0,24.503,0.5588,0.326,0.4412,7.0,100.0,93.0,29.0,82.0,100.0,0.0008,0.0126,0.511,0.3939,0.2987,168,231,84,58280.0,58380.0,58250.0,59760.0,1510.0,27,5,610.0,2026-05-19 21:15:55,100.0,100.48,100.66,6,3,0,6,15,0,0,0,0,0,0,0,0,0,0,2.7,3,3,6,0.027681,1.5578,0.39139,0.35882,3.0,3,3,6,0.015625,1.8062,0.39139,2026-05-20 23:59:59.999999999,2026-01-07 15:47:46,2026-05-20 17:20:30,133.342,True,58390.0,2026-05-19 21:15:55,100.0,1.114,1.0,True,58380.0,2026-05-20 15:23:17,101.0,0.359,0.0,True,1,10.0,True,2,0,0,0,0,0,2,0,0,0,0,0,0,0,0,2,0,0,0.0,0,0.0,-0.0,-0.0,1.114,1.0,0,0,0,-0.0,4,MOBILE_DEEP_CYCLE,STATEFUL_WATCH_LARGE_GAP_OR_CENSORED,WINDOW_NORMAL_RESPONDING,ACTION_MONITOR_NEXT_WINDOW,low,7,large_gap_or_censored_dominant,fw_like;micro_wobble;censored_dominant,days_eff=1 days_any=0 cyc_eff=1 hq_nr=0 total_nr=0 cens=2 lg_opp=0 opp=2 norm_anom=-0.00 conf_p=0.391 micro_only=True cluster=MOBILE_DEEP_CYCLE,No user-facing action; monitoring.,Ambiguous/weak evidence (1d since effective change); monitor next window.,,True,False,True,False,True,False,False,False,0,2026-07-08T17:46:07Z,rolling30-od2.0,30,1,abs_ge_50mWh
PRIMUS_tscott2,2024-04-16,2024-03-17 23:59:59.999999999,2024-04-16 23:59:59.999999999,279,22.044,0.5,10.723,65.016,18,10,4,0,0,0,0,False,WINDOW_QUALITY_OK,116.0,124.0,8.0,10.887,0.4839,0.1545,0.5161,4.0,100.0,96.0,28.8,95.0,100.0,0.0129,0.0311,0.672,0.5799,0.4355,44,60,22,51810.0,47440.0,47440.0,51810.0,4370.0,1,1,4370.0,2024-03-25 22:43:56,116.0,90.82,83.16,3,0,3,3,6,0,0,0,0,0,0,1,0,0,1,1.8,0,4,4,0.091506,1.0385,0.58528,0.55423,2.0,0,4,4,0.0625,1.2041,0.58528,2024-04-16 23:59:59.999999999,2023-03-16 15:15:16,2024-04-16 11:08:40,397.364,True,47440.0,2024-03-25 22:43:56,116.0,22.053,8.0,True,47440.0,2024-03-25 22:43:56,116.0,22.053,8.0,True,0,0.0,False,6,0,0,3,0,3,3,0,0,1,0,0,0,0,3,3,0,0,1.35,0,-1.79351,0.7789,0.7789,22.053,8.0,3,0,0,0.7789,4,MOBILE_DEEP_CYCLE,STATEFUL_WATCH_LOW_EVIDENCE,WINDOW_NORMAL_RESPONDING,ACTION_MONITOR_NEXT_WINDOW,low,8,weak_partial_evidence,fw_like,days_eff=22 days_any=22 cyc_eff=8 hq_nr=3 total_nr=3 cens=3 lg_opp=0 opp=7 norm_anom=0.78 conf_p=0.585 micro_only=False cluster=MOBILE_DEEP_CYCLE,No user-facing action; monitoring.,Ambiguous/weak evidence (22d since effective change); monitor next window.,,True,False,False,False,False,False,False,False,0,2026-07-08T17:46:07Z,rolling30-od2.0,30,1,abs_ge_50mWh
QCOM-DCV40DDOIB_jowill,2024-10-29,2024-09-29 23:59:59.999999999,2024-10-29 23:59:59.999999999,761,29.05,0.5,0.501,140.999,14,11,2,0,0,0,0,False,WINDOW_QUALITY_OK,19.0,25.0,6.0,6.196,0.7944,0.103,0.393,5.0,100.0,95.0,86.0,97.0,100.0,0.0035,0.0035,0.9713,0.9282,0.852,90,106,44,61840.0,59730.0,59730.0,61840.0,2110.0,15,5,640.0,2024-10-29 08:27:49,25.0,106.62,102.98,3,0,1,0,3,0,0,0,0,0,0,1,0,0,1,1.35,0,3,3,0.166375,0.7789,0.70435,0.67541,1.5,0,3,3,0.125,0.9031,0.70435,2024-10-29 23:59:59.999999999,2024-07-10 12:43:07,2024-10-29 08:27:49,111.47,True,59730.0,2024-10-29 08:27:49,25.0,0.647,0.0,True,59730.0,2024-10-29 08:27:49,25.0,0.647,0.0,True,0,0.0,False,0,0,0,0,0,0,0,0,0,0,0,0,0,0,0,0,0,0,0.0,0,0.0,-0.0,-0.0,0.647,0.0,0,0,0,-0.0,0,MOBILE_DEEP_CYCLE,STATEFUL_WATCH_LOW_EVIDENCE,WINDOW_NORMAL_RESPONDING,ACTION_MONITOR_NEXT_WINDOW,low,8,weak_partial_evidence,,days_eff=1 days_any=1 cyc_eff=0 hq_nr=0 total_nr=0 cens=0 lg_opp=0 opp=0 norm_anom=-0.00 conf_p=0.704 micro_only=False cluster=MOBILE_DEEP_CYCLE,No user-facing action; monitoring.,Ambiguous/weak evidence (0d since effective change); monitor next window.,,False,False,False,False,False,False,False,False,0,2026-07-08T17:46:07Z,rolling30-od2.0,30,1,abs_ge_50mWh
QCOM-MDUXZELAOC_mikejp,2025-02-15,2025-01-16 23:59:59.999999999,2025-02-15 23:59:59.999999999,671,29.874,0.5,0.501,63.357,15,13,5,0,0,0,0,False,WINDOW_QUALITY_OK,39.0,44.0,5.0,5.021,0.8921,0.1165,0.1129,6.0,100.0,94.0,89.5,99.0,100.0,0.001,0.0086,0.9642,0.9452,0.8993,71,89,36,63370.0,59180.0,58760.0,63370.0,4610.0,12,4,3290.0,2025-02-12 09:30:04,43.0,109.26,102.03,4,0,1,0,4,0,0,0,0,0,0,1,0,0,1,1.8,2,2,4,0.091506,1.0385,0.58528,0.55423,2.0,2,2,4,0.0625,1.2041,0.58528,2025-02-15 23:59:59.999999999,2024-07-22 09:36:09,2025-02-15 21:20:05,208.6,True,59190.0,2025-02-12 09:30:04,43.0,3.604,1.0,True,59180.0,2025-02-13 05:59:17,44.0,2.75,0.0,True,1,10.0,True,0,0,0,0,0,0,0,0,0,1,0,0,0,0,0,0,0,0,0.0,0,0.0,-0.0,-0.0,3.604,1.0,0,0,0,-0.0,4,MOBILE_DEEP_CYCLE,STATEFUL_WATCH_LOW_EVIDENCE,WINDOW_NORMAL_RESPONDING,ACTION_MONITOR_NEXT_WINDOW,low,8,weak_partial_evidence,micro_wobble,days_eff=4 days_any=3 cyc_eff=1 hq_nr=0 total_nr=0 cens=0 lg_opp=0 opp=1 norm_anom=-0.00 conf_p=0.585 micro_only=True cluster=MOBILE_DEEP_CYCLE,No user-facing action; monitoring.,Ambiguous/weak evidence (3d since effective change); monitor next window.,,False,False,True,False,False,False,False,False,0,2026-07-08T17:46:07Z,rolling30-od2.0,30,1,abs_ge_50mWh
RADACHI-F5AL4EK_radachi,2026-05-25,2026-04-25 23:59:59.999999999,2026-05-25 23:59:59.999999999,274,29.348,0.5,12.809,192.296,19,16,4,0,0,0,0,False,WINDOW_QUALITY_OK,18.0,20.0,2.0,2.044,0.8525,0.0436,0.1475,20.0,100.0,80.0,55.25,99.0,100.0,0.0,0.0,0.8974,0.8704,0.7315,12,17,6,60120.0,60050.0,60050.0,60120.0,70.0,3,0,0.0,,,105.42,105.3,1,0,1,2,3,0,0,0,0,0,0,0,0,0,0,0.45,0,1,1,0.55,0.2596,1.0,1.0,0.5,0,1,1,0.5,0.301,1.0,2026-05-25 23:59:59.999999999,2026-02-11 20:33:49,2026-05-25 08:45:23,103.143,True,60140.0,2026-04-22 10:16:13,17.0,33.572,3.0,True,60050.0,2026-05-20 11:56:03,20.0,5.503,0.0,True,5,30.0,True,5,0,0,3,0,3,2,0,0,0,0,0,0,0,3,2,0,0,1.35,0,-1.79351,0.7789,0.7789,33.572,3.0,3,0,0,0.7789,5,AC_BOUND,STATEFUL_WATCH_LOW_EVIDENCE,WINDOW_OPPORTUNITY_NO_RESPONSE,ACTION_MONITOR_NEXT_WINDOW,low,8,weak_partial_evidence,fw_like;micro_wobble,days_eff=34 days_any=6 cyc_eff=3 hq_nr=3 total_nr=3 cens=2 lg_opp=0 opp=5 norm_anom=0.78 conf_p=1 micro_only=True cluster=AC_BOUND,No user-facing action; monitoring.,Ambiguous/weak evidence (33d since effective change); monitor next window.,,True,False,True,False,False,False,False,False,5,2026-07-08T17:46:07Z,rolling30-od2.0,30,1,abs_ge_50mWh
RAY-X1-9_Ratan,2025-03-06,2025-02-04 23:59:59.999999999,2025-03-06 23:59:59.999999999,363,29.662,0.231,10.211,70.429,28,15,8,0,0,0,0,False,WINDOW_QUALITY_OK,580.0,586.0,6.0,6.068,0.5911,0.1392,0.4089,0.0,100.0,100.0,47.1,100.0,100.0,0.033,0.036,0.8628,0.7964,0.7868,171,181,86,44780.0,44620.0,44620.0,44780.0,160.0,1,1,160.0,2025-02-07 10:40:37,581.0,78.49,78.21,2,0,2,1,3,0,0,0,0,0,0,1,0,0,1,0.9,0,2,2,0.3025,0.5193,0.84249,0.8177,1.0,0,2,2,0.25,0.6021,0.84249,2025-03-06 23:59:59.999999999,2023-02-08 09:01:35,2025-03-06 16:09:54,757.624,True,44620.0,2025-02-07 10:40:37,581.0,27.555,5.0,True,44620.0,2025-02-07 10:40:37,581.0,27.555,5.0,True,0,0.0,False,3,0,0,2,0,2,1,0,0,1,0,0,0,0,2,1,0,0,0.9,0,-1.19567,0.5193,0.5193,27.555,5.0,2,0,0,0.5193,4,MOBILE_DEEP_CYCLE,STATEFUL_WATCH_LOW_EVIDENCE,WINDOW_NORMAL_RESPONDING,ACTION_MONITOR_NEXT_WINDOW,low,8,weak_partial_evidence,fw_like,days_eff=28 days_any=28 cyc_eff=5 hq_nr=2 total_nr=2 cens=1 lg_opp=0 opp=4 norm_anom=0.52 conf_p=0.842 micro_only=False cluster=MOBILE_DEEP_CYCLE,No user-facing action; monitoring.,Ambiguous/weak evidence (27d since effective change); monitor next window.,,True,False,False,False,False,False,False,False,0,2026-07-08T17:46:07Z,rolling30-od2.0,30,1,abs_ge_50mWh
RBULLARD-4S7F11_rbullard,2024-09-17,2024-08-18 23:59:59.999999999,2024-09-17 23:59:59.999999999,248,29.322,0.5,9.232,151.554,19,10,5,0,0,0,0,False,WINDOW_QUALITY_OK,15.0,17.0,2.0,2.046,0.9068,0.0755,0.0932,2.0,100.0,98.0,91.35,99.0,100.0,0.0041,0.0041,0.9871,0.9868,0.8084,26,39,13,39230.0,38810.0,38810.0,39230.0,420.0,3,1,400.0,2024-09-17 07:28:16,17.0,99.82,98.75,1,0,1,0,1,0,0,0,0,0,0,1,0,0,1,0.45,0,1,1,0.55,0.2596,1.0,1.0,0.5,0,1,1,0.5,0.301,1.0,2024-09-17 23:59:59.999999999,2024-01-30 12:08:18,2024-09-17 15:19:23,231.494,True,38810.0,2024-09-17 07:28:16,17.0,0.689,0.0,True,38810.0,2024-09-17 07:28:16,17.0,0.689,0.0,True,0,0.0,False,0,0,0,0,0,0,0,0,0,0,0,0,0,0,0,0,0,0,0.0,0,0.0,-0.0,-0.0,0.689,0.0,0,0,0,-0.0,4,MOBILE_DEEP_CYCLE,STATEFUL_WATCH_LOW_EVIDENCE,WINDOW_NORMAL_RESPONDING,ACTION_MONITOR_NEXT_WINDOW,low,8,weak_partial_evidence,,days_eff=1 days_any=1 cyc_eff=0 hq_nr=0 total_nr=0 cens=0 lg_opp=0 opp=0 norm_anom=-0.00 conf_p=1 micro_only=False cluster=MOBILE_DEEP_CYCLE,No user-facing action; monitoring.,Ambiguous/weak evidence (0d since effective change); monitor next window.,,False,False,False,False,False,False,False,False,0,2026-07-08T17:46:07Z,rolling30-od2.0,30,1,abs_ge_50mWh
RCLEMENTS-DS3BG_rclements,2025-06-26,2025-05-27 23:59:59.999999999,2025-06-26 23:59:59.999999999,252,29.026,0.5,8.373,139.265,14,9,6,0,0,0,0,False,WINDOW_QUALITY_OK,30.0,35.0,5.0,5.168,0.5348,0.1549,0.4652,11.0,100.0,89.0,42.55,97.0,100.0,0.0,0.0036,0.7786,0.695,0.5531,51,62,26,55110.0,53260.0,52780.0,55110.0,2330.0,7,2,2280.0,2025-06-09 16:59:11,34.0,100.02,96.66,4,0,3,1,5,0,0,0,0,0,0,0,0,0,0,1.8,1,3,4,0.091506,1.0385,0.58528,0.55423,2.0,1,3,4,0.0625,1.2041,0.58528,2025-06-26 23:59:59.999999999,2025-01-23 15:51:18,2025-06-26 09:48:39,154.339,True,53270.0,2025-06-09 16:59:11,34.0,17.292,1.0,True,53260.0,2025-06-26 09:18:39,35.0,0.612,0.0,True,1,10.0,True,2,0,0,1,0,1,1,0,0,0,0,0,0,0,1,1,0,0,0.45,0,-0.59784,0.2596,0.2596,17.292,1.0,1,0,0,0.2596,4,MOBILE_DEEP_CYCLE,STATEFUL_WATCH_LOW_EVIDENCE,WINDOW_NORMAL_RESPONDING,ACTION_MONITOR_NEXT_WINDOW,low,8,weak_partial_evidence,fw_like;micro_wobble,days_eff=17 days_any=1 cyc_eff=1 hq_nr=1 total_nr=1 cens=1 lg_opp=0 opp=2 norm_anom=0.26 conf_p=0.585 micro_only=True cluster=MOBILE_DEEP_CYCLE,No user-facing action; monitoring.,Ambiguous/weak evidence (17d since effective change); monitor next window.,,True,False,True,False,False,False,False,False,0,2026-07-08T17:46:07Z,rolling30-od2.0,30,1,abs_ge_50mWh
RDONAHUE-0A2BYP_rdonahue,2025-07-23,2025-06-23 23:59:59.999999999,2025-07-23 23:59:59.999999999,467,29.458,0.5,5.321,98.633,22,9,4,0,0,0,0,False,WINDOW_QUALITY_OK,130.0,136.0,6.0,6.11,0.813,0.0943,0.187,18.0,100.0,82.0,60.3,98.0,100.0,0.0,0.0012,0.8903,0.8334,0.7603,59,89,30,48460.0,45400.0,45400.0,48460.0,3060.0,7,1,2860.0,2025-06-27 14:00:55,131.0,84.76,79.41,4,0,2,6,10,0,0,0,0,0,0,0,0,0,0,2.25,2,3,5,0.050328,1.2982,0.48168,0.44777,2.5,2,3,5,0.03125,1.5051,0.48168,2025-07-23 23:59:59.999999999,2024-03-20 08:11:20,2025-07-23 19:27:01,490.659,True,45570.0,2025-06-27 14:00:55,131.0,26.416,5.0,True,45400.0,2025-07-22 09:07:00,136.0,1.62,0.0,True,5,40.0,True,8,0,0,2,0,2,6,0,0,0,0,0,0,0,2,6,0,0,0.9,0,-1.19567,0.5193,0.5193,26.416,5.0,2,0,0,0.5193,4,MOBILE_DEEP_CYCLE,STATEFUL_WATCH_LOW_EVIDENCE,WINDOW_NORMAL_RESPONDING,ACTION_MONITOR_NEXT_WINDOW,low,8,weak_partial_evidence,fw_like;micro_wobble,days_eff=26 days_any=2 cyc_eff=5 hq_nr=2 total_nr=2 cens=6 lg_opp=0 opp=8 norm_anom=0.52 conf_p=0.482 micro_only=True cluster=MOBILE_DEEP_CYCLE,No user-facing action; monitoring.,Ambiguous/weak evidence (26d since effective change); monitor next window.,,True,False,True,False,False,False,False,False,0,2026-07-08T17:46:07Z,rolling30-od2.0,30,1,abs_ge_50mWh
RMCCARTHY2-0063_rmccarthy2,2026-01-02,2025-12-03 23:59:59.999999999,2026-01-02 23:59:59.999999999,216,29.0,0.5,16.407,56.116,31,19,6,0,0,0,0,False,WINDOW_QUALITY_OK,38.0,43.0,5.0,5.172,0.5452,0.1254,0.4548,2.0,100.0,98.0,61.5,98.0,100.0,0.0035,0.0035,0.9161,0.7177,0.5777,57,76,29,53910.0,53290.0,53290.0,53910.0,620.0,6,1,550.0,2025-12-07 19:01:34,39.0,98.47,97.33,3,0,3,1,4,0,0,0,0,0,0,1,0,0,1,1.35,0,3,3,0.166375,0.7789,0.70435,0.67541,1.5,0,3,3,0.125,0.9031,0.70435,2026-01-02 23:59:59.999999999,2025-03-20 11:15:02,2026-01-02 09:30:19,288.531,True,53350.0,2025-12-07 19:01:34,39.0,26.207,4.0,True,53290.0,2025-12-29 10:37:14,43.0,4.557,0.0,True,4,20.0,True,4,0,0,3,0,3,1,0,0,1,0,0,0,0,3,1,0,0,1.35,0,-1.79351,0.7789,0.7789,26.207,4.0,3,0,0,0.7789,4,MOBILE_DEEP_CYCLE,STATEFUL_WATCH_LOW_EVIDENCE,WINDOW_NORMAL_RESPONDING,ACTION_MONITOR_NEXT_WINDOW,low,8,weak_partial_evidence,fw_like;micro_wobble,days_eff=26 days_any=5 cyc_eff=4 hq_nr=3 total_nr=3 cens=1 lg_opp=0 opp=5 norm_anom=0.78 conf_p=0.704 micro_only=True cluster=MOBILE_DEEP_CYCLE,No user-facing action; monitoring.,Ambiguous/weak evidence (26d since effective change); monitor next window.,,True,False,True,False,False,False,False,False,0,2026-07-08T17:46:07Z,rolling30-od2.0,30,1,abs_ge_50mWh
RMCFADDEN1-S8MT_rmcfadden1,2026-04-16,2026-03-17 23:59:59.999999999,2026-04-16 23:59:59.999999999,1052,29.484,0.5,0.703,33.36,16,7,1,0,0,0,0,False,WINDOW_QUALITY_OK,134.0,147.0,13.0,13.228,0.7925,0.2787,0.2075,1.0,100.0,99.0,44.0,95.0,100.0,0.0019,0.0028,0.6387,0.5074,0.4745,126,155,63,54250.0,47400.0,47400.0,54250.0,6850.0,14,1,6700.0,2026-04-02 07:05:22,140.0,95.18,83.16,5,0,5,1,6,0,0,0,0,0,0,1,0,0,1,2.25,0,5,5,0.050328,1.2982,0.48168,0.44777,2.5,0,5,5,0.03125,1.5051,0.48168,2026-04-16 23:59:59.999999999,2025-05-12 15:23:00,2026-04-16 11:56:47,339.359,True,47480.0,2026-04-02 07:05:22,140.0,14.705,7.0,True,47400.0,2026-04-16 11:26:47,147.0,0.523,0.0,True,7,20.0,True,3,0,0,2,0,2,1,0,0,1,0,0,0,0,2,1,0,0,0.9,0,-1.19567,0.5193,0.5193,14.705,7.0,2,0,0,0.5193,3,AC_BOUND,STATEFUL_WATCH_LOW_EVIDENCE,WINDOW_NORMAL_RESPONDING,ACTION_MONITOR_NEXT_WINDOW,low,8,weak_partial_evidence,fw_like;micro_wobble,days_eff=15 days_any=1 cyc_eff=7 hq_nr=2 total_nr=2 cens=1 lg_opp=0 opp=4 norm_anom=0.52 conf_p=0.482 micro_only=True cluster=AC_BOUND,No user-facing action; monitoring.,Ambiguous/weak evidence (14d since effective change); monitor next window.,,True,False,True,False,False,False,False,False,0,2026-07-08T17:46:07Z,rolling30-od2.0,30,1,abs_ge_50mWh
RPHILLIPS1-MR01_rphillips1,2026-05-25,2026-04-25 23:59:59.999999999,2026-05-25 23:59:59.999999999,1084,29.647,0.5,0.5,67.49,6,6,2,0,0,0,0,False,WINDOW_QUALITY_OK,37.0,40.0,3.0,3.036,0.964,0.0205,0.036,29.0,100.0,71.0,95.0,99.0,100.0,0.0,0.0,0.9816,0.9788,0.9535,36,52,18,90460.0,90420.0,90420.0,90460.0,40.0,3,0,0.0,,,90.55,90.51,2,0,2,0,2,0,0,0,0,0,0,0,0,0,0,0.9,0,2,2,0.3025,0.5193,0.84249,0.8177,1.0,0,2,2,0.25,0.6021,0.84249,2026-05-25 23:59:59.999999999,2025-10-13 15:25:48,2026-05-25 15:47:51,224.357,True,90460.0,2026-04-22 14:55:56,37.0,33.378,3.0,True,90420.0,2026-05-11 12:06:52,40.0,14.495,0.0,True,3,20.0,True,2,0,0,2,0,2,0,0,0,0,0,0,0,0,2,0,0,0,0.9,0,-1.19567,0.5193,0.5193,33.378,3.0,2,0,0,0.5193,5,AC_BOUND,STATEFUL_WATCH_LOW_EVIDENCE,WINDOW_OPPORTUNITY_NO_RESPONSE,ACTION_MONITOR_NEXT_WINDOW,low,8,weak_partial_evidence,fw_like;micro_wobble,days_eff=33 days_any=14 cyc_eff=3 hq_nr=2 total_nr=2 cens=0 lg_opp=0 opp=2 norm_anom=0.52 conf_p=0.842 micro_only=True cluster=AC_BOUND,No user-facing action; monitoring.,Ambiguous/weak evidence (33d since effective change); monitor next window.,,True,False,True,False,False,False,False,False,4,2026-07-08T17:46:07Z,rolling30-od2.0,30,1,abs_ge_50mWh
SADACHI1-4H67H3_sadachi1,2024-09-30,2024-08-31 23:59:59.999999999,2024-09-30 23:59:59.999999999,386,27.948,0.5,1.647,84.521,19,19,4,0,0,0,0,False,WINDOW_QUALITY_OK,137.0,147.0,10.0,10.734,0.7844,0.1782,0.2156,5.0,100.0,95.0,36.0,100.0,100.0,0.0106,0.0197,0.8097,0.7418,0.6939,55,88,28,37500.0,37180.0,36760.0,37590.0,830.0,30,12,420.0,2024-09-27 18:20:04,147.0,95.23,94.41,5,1,1,4,10,0,0,0,0,0,0,2,0,0,2,2.25,2,3,5,0.050328,1.2982,0.48168,0.44777,2.5,2,3,5,0.03125,1.5051,0.48168,2024-09-30 23:59:59.999999999,2023-12-25 17:26:40,2024-09-30 08:46:50,280.273,True,37180.0,2024-09-27 18:20:04,147.0,3.236,0.0,True,37180.0,2024-09-27 18:20:04,147.0,3.236,0.0,True,0,0.0,False,0,0,0,0,0,0,0,0,0,0,0,0,0,0,0,0,0,0,0.0,0,0.0,-0.0,-0.0,3.236,0.0,0,0,0,-0.0,4,MOBILE_DEEP_CYCLE,STATEFUL_WATCH_LOW_EVIDENCE,WINDOW_NORMAL_RESPONDING,ACTION_MONITOR_NEXT_WINDOW,low,8,weak_partial_evidence,,days_eff=3 days_any=3 cyc_eff=0 hq_nr=0 total_nr=0 cens=0 lg_opp=0 opp=0 norm_anom=-0.00 conf_p=0.482 micro_only=False cluster=MOBILE_DEEP_CYCLE,No user-facing action; monitoring.,Ambiguous/weak evidence (3d since effective change); monitor next window.,,False,False,False,False,False,False,False,False,0,2026-07-08T17:46:07Z,rolling30-od2.0,30,1,abs_ge_50mWh
SDESCHENES-FH3M_sdeschenes,2025-11-12,2025-10-13 23:59:59.999999999,2025-11-12 23:59:59.999999999,174,28.979,0.5,8.197,234.053,13,4,3,0,0,0,0,False,WINDOW_QUALITY_OK,659.0,673.0,14.0,14.493,0.5911,0.2424,0.4089,5.0,100.0,95.0,12.25,95.0,100.0,0.0499,0.0594,0.6058,0.5217,0.4357,42,53,21,46740.0,46740.0,46740.0,46740.0,0.0,0,0,0.0,,,89.03,89.03,6,1,6,0,7,0,0,0,0,0,0,1,0,0,1,2.7,0,6,6,0.027681,1.5578,0.39139,0.35882,3.0,0,6,6,0.015625,1.8062,0.39139,2025-11-12 23:59:59.999999999,2023-06-06 16:03:55,2025-11-12 08:04:53,890.331,True,46740.0,2025-10-03 11:13:11,652.0,40.533,21.0,True,46740.0,2025-10-03 11:13:11,652.0,40.533,21.0,True,0,0.0,False,9,0,1,9,0,9,0,0,0,2,0,0,0,0,9,0,1,0,4.05,0,-5.38053,2.3367,2.3367,40.533,21.0,9,0,0,2.3367,4,MOBILE_DEEP_CYCLE,STATEFUL_WATCH_LOW_EVIDENCE,WINDOW_OPPORTUNITY_NO_RESPONSE,ACTION_MONITOR_NEXT_WINDOW,low,8,weak_partial_evidence,fw_like,days_eff=41 days_any=41 cyc_eff=21 hq_nr=9 total_nr=9 cens=0 lg_opp=1 opp=12 norm_anom=2.34 conf_p=0.391 micro_only=False cluster=MOBILE_DEEP_CYCLE,No user-facing action; monitoring.,Ambiguous/weak evidence (40d since effective change); monitor next window.,,True,False,False,False,False,False,False,False,11,2026-07-08T17:46:07Z,rolling30-od2.0,30,1,abs_ge_50mWh
SDILLARD1-2S9T3_sdillard1,2026-05-19,2026-04-19 23:59:59.999999999,2026-05-19 23:59:59.999999999,196,29.344,0.5,18.738,68.297,27,20,5,0,0,0,0,False,WINDOW_QUALITY_OK,23.0,29.0,6.0,6.134,0.2474,0.1212,0.7526,2.0,100.0,98.0,29.5,78.5,100.0,0.0033,0.0196,0.4173,0.2781,0.2369,38,47,19,75020.0,74950.0,74950.0,75020.0,70.0,6,0,0.0,,,100.03,99.93,4,0,4,0,4,0,0,0,0,0,0,1,0,0,1,1.8,0,4,4,0.091506,1.0385,0.58528,0.55423,2.0,0,4,4,0.0625,1.2041,0.58528,2026-05-19 23:59:59.999999999,2026-01-14 13:19:15,2026-05-19 08:43:43,125.445,True,75030.0,2026-04-15 13:14:56,22.0,34.448,7.0,True,74950.0,2026-05-13 13:39:12,29.0,6.431,0.0,True,7,20.0,True,4,1,0,4,1,5,0,0,0,1,0,0,0,0,4,0,0,0,2.25,0,-2.98919,1.2982,1.2982,34.448,7.0,5,0,0,1.2982,4,MOBILE_DEEP_CYCLE,STATEFUL_WATCH_LOW_EVIDENCE,WINDOW_OPPORTUNITY_NO_RESPONSE,ACTION_MONITOR_NEXT_WINDOW,low,8,weak_partial_evidence,fw_like;micro_wobble,days_eff=34 days_any=6 cyc_eff=7 hq_nr=4 total_nr=5 cens=0 lg_opp=0 opp=6 norm_anom=1.30 conf_p=0.585 micro_only=True cluster=MOBILE_DEEP_CYCLE,No user-facing action; monitoring.,Ambiguous/weak evidence (34d since effective change); monitor next window.,,True,False,True,False,False,False,False,False,5,2026-07-08T17:46:07Z,rolling30-od2.0,30,1,abs_ge_50mWh
SDILLARD1-GR30Q_sdillard1,2025-12-18,2025-11-18 23:59:59.999999999,2025-12-18 23:59:59.999999999,215,29.104,0.5,17.441,67.494,22,20,8,0,0,0,0,False,WINDOW_QUALITY_OK,45.0,53.0,8.0,8.246,0.4125,0.1492,0.5875,17.0,100.0,83.0,31.4,87.0,100.0,0.0,0.0133,0.4993,0.3827,0.3585,55,66,28,56100.0,55900.0,55900.0,56600.0,700.0,12,4,580.0,2025-12-16 08:30:22,53.0,96.72,96.38,3,2,2,0,5,0,0,0,0,0,0,0,0,0,0,1.35,0,3,3,0.166375,0.7789,0.70435,0.67541,1.5,0,3,3,0.125,0.9031,0.70435,2025-12-18 23:59:59.999999999,2025-06-04 15:17:09,2025-12-18 11:42:34,197.363,True,55900.0,2025-12-16 08:30:22,53.0,2.646,0.0,True,55900.0,2025-12-16 08:30:22,53.0,2.646,0.0,True,0,0.0,False,0,0,0,0,0,0,0,0,0,0,0,0,0,0,0,0,0,0,0.0,0,0.0,-0.0,-0.0,2.646,0.0,0,0,0,-0.0,4,MOBILE_DEEP_CYCLE,STATEFUL_WATCH_LOW_EVIDENCE,WINDOW_NORMAL_RESPONDING,ACTION_MONITOR_NEXT_WINDOW,low,8,weak_partial_evidence,,days_eff=3 days_any=3 cyc_eff=0 hq_nr=0 total_nr=0 cens=0 lg_opp=0 opp=0 norm_anom=-0.00 conf_p=0.704 micro_only=False cluster=MOBILE_DEEP_CYCLE,No user-facing action; monitoring.,Ambiguous/weak evidence (2d since effective change); monitor next window.,,False,False,False,False,False,False,False,False,0,2026-07-08T17:46:07Z,rolling30-od2.0,30,1,abs_ge_50mWh
SHAUSER-W0J2TNX_shauser,2026-01-12,2025-12-13 23:59:59.999999999,2026-01-12 23:59:59.999999999,156,28.292,0.5,20.58,118.458,26,15,8,0,0,0,0,False,WINDOW_QUALITY_OK,26.0,28.0,2.0,2.121,0.7946,0.0663,0.2054,30.0,100.0,70.0,73.0,98.0,100.0,0.0,0.0,0.9521,0.94,0.7939,24,32,12,54350.0,53200.0,53200.0,54350.0,1150.0,4,2,560.0,2026-01-05 08:23:25,27.0,99.27,97.17,2,0,0,3,5,0,0,0,0,0,0,0,0,0,0,0.9,0,2,2,0.3025,0.5193,0.84249,0.8177,1.0,0,2,2,0.25,0.6021,0.84249,2026-01-12 23:59:59.999999999,2025-08-25 14:41:40,2026-01-12 15:21:03,140.388,True,53210.0,2026-01-05 08:23:25,27.0,7.65,1.0,True,53200.0,2026-01-08 13:57:45,28.0,4.418,0.0,True,1,10.0,True,3,0,0,0,0,0,3,0,0,0,0,0,0,0,0,3,0,0,0.0,0,0.0,-0.0,-0.0,7.65,1.0,0,0,0,-0.0,5,AC_BOUND,STATEFUL_WATCH_LARGE_GAP_OR_CENSORED,WINDOW_NORMAL_RESPONDING,ACTION_MONITOR_NEXT_WINDOW,low,7,large_gap_or_censored_dominant,micro_wobble;censored_dominant,days_eff=8 days_any=4 cyc_eff=1 hq_nr=0 total_nr=0 cens=3 lg_opp=0 opp=3 norm_anom=-0.00 conf_p=0.842 micro_only=True cluster=AC_BOUND,No user-facing action; monitoring.,Ambiguous/weak evidence (7d since effective change); monitor next window.,,False,False,True,False,True,False,False,False,0,2026-07-08T17:46:07Z,rolling30-od2.0,30,1,abs_ge_50mWh
SIWAI-PF5P5JF7_siwai,2026-06-01,2026-05-02 23:59:59.999999999,2026-06-01 23:59:59.999999999,356,26.798,0.5,8.535,62.021,23,13,5,0,0,0,0,False,WINDOW_QUALITY_OK,28.0,33.0,5.0,5.598,0.6409,0.1191,0.3591,39.0,100.0,61.0,66.75,96.5,100.0,0.0,0.0,0.8351,0.6966,0.5536,86,105,44,57290.0,56660.0,56660.0,57290.0,630.0,6,1,570.0,2026-05-15 01:16:02,30.0,100.46,99.35,3,3,1,2,8,0,0,0,0,0,0,0,0,0,0,1.35,1,2,3,0.166375,0.7789,0.70435,0.67541,1.5,1,2,3,0.125,0.9031,0.70435,2026-06-01 23:59:59.999999999,2025-12-18 10:49:06,2026-06-01 15:09:59,165.549,True,56700.0,2026-05-15 01:16:02,30.0,17.947,3.0,True,56660.0,2026-06-01 08:58:36,33.0,0.626,0.0,True,3,20.0,True,3,0,2,1,0,1,2,0,0,0,0,0,0,0,1,2,2,0,0.45,0,-0.59784,0.2596,0.2596,17.947,3.0,1,0,0,0.2596,5,AC_BOUND,STATEFUL_WATCH_LOW_EVIDENCE,WINDOW_NORMAL_RESPONDING,ACTION_MONITOR_NEXT_WINDOW,low,8,weak_partial_evidence,fw_like;micro_wobble,days_eff=18 days_any=1 cyc_eff=3 hq_nr=1 total_nr=1 cens=2 lg_opp=2 opp=5 norm_anom=0.26 conf_p=0.704 micro_only=True cluster=AC_BOUND,No user-facing action; monitoring.,Ambiguous/weak evidence (17d since effective change); monitor next window.,,True,False,True,False,False,False,False,False,0,2026-07-08T17:46:07Z,rolling30-od2.0,30,1,abs_ge_50mWh
SKADUKUNTLA-MTB_skadukuntla,2026-01-31,2026-01-01 23:59:59.999999999,2026-01-31 23:59:59.999999999,711,29.602,0.5,0.5,207.46,3,3,3,0,0,0,0,False,WINDOW_QUALITY_OK,23.0,24.0,1.0,1.013,0.9442,0.1957,0.0558,7.0,100.0,93.0,94.5,100.0,100.0,0.0058,0.0114,0.9585,0.9456,0.929,32,57,16,52570.0,52560.0,52560.0,52570.0,10.0,1,0,0.0,,,96.02,96.0,1,0,1,0,1,0,0,0,0,0,0,0,0,0,0,0.45,0,1,1,0.55,0.2596,1.0,1.0,0.5,0,1,1,0.5,0.301,1.0,2026-01-31 23:59:59.999999999,2025-06-24 13:48:07,2026-01-31 14:44:13,221.425,True,52570.0,2025-12-20 21:48:54,23.0,42.091,1.0,True,52560.0,2026-01-24 15:50:32,24.0,7.34,0.0,True,1,10.0,True,1,0,0,1,0,1,0,0,0,0,0,0,0,0,1,0,0,0,0.45,0,-0.59784,0.2596,0.2596,42.091,1.0,1,0,0,0.2596,3,AC_BOUND,STATEFUL_WATCH_LOW_EVIDENCE,WINDOW_OPPORTUNITY_NO_RESPONSE,ACTION_MONITOR_NEXT_WINDOW,low,8,weak_partial_evidence,fw_like;micro_wobble,days_eff=42 days_any=7 cyc_eff=1 hq_nr=1 total_nr=1 cens=0 lg_opp=0 opp=1 norm_anom=0.26 conf_p=1 micro_only=True cluster=AC_BOUND,No user-facing action; monitoring.,Ambiguous/weak evidence (42d since effective change); monitor next window.,,True,False,True,False,False,False,False,False,11,2026-07-08T17:46:07Z,rolling30-od2.0,30,1,abs_ge_50mWh
SKEENER-W0A2BT8_skeener,2026-05-27,2026-04-27 23:59:59.999999999,2026-05-27 23:59:59.999999999,643,29.192,0.5,3.537,52.708,26,15,3,0,0,0,0,False,WINDOW_QUALITY_OK,279.0,294.0,15.0,15.415,0.8041,0.1606,0.1959,7.0,100.0,93.0,42.0,100.0,100.0,0.0016,0.0016,0.8473,0.7955,0.736,135,179,68,34680.0,34680.0,34500.0,34830.0,330.0,16,1,330.0,2026-05-20 13:12:53,287.0,60.66,60.66,10,0,6,4,14,0,0,0,0,0,0,0,0,0,0,4.95,3,8,11,0.001393,2.856,0.1088,0.08933,5.5,3,8,11,0.000488,3.3113,0.1088,2026-05-27 23:59:59.999999999,2024-03-27 10:09:06,2026-05-27 13:28:12,791.577,True,34830.0,2026-05-20 13:12:53,287.0,7.449,7.0,True,34680.0,2026-05-24 22:31:47,294.0,3.061,0.0,True,7,30.0,True,4,0,0,0,0,0,4,0,0,0,0,0,0,0,0,4,0,0,0.0,0,0.0,-0.0,-0.0,7.449,7.0,0,0,0,-0.0,4,MOBILE_DEEP_CYCLE,STATEFUL_WATCH_LARGE_GAP_OR_CENSORED,WINDOW_NORMAL_RESPONDING,ACTION_MONITOR_NEXT_WINDOW,low,7,large_gap_or_censored_dominant,fw_like;micro_wobble;censored_dominant,days_eff=7 days_any=3 cyc_eff=7 hq_nr=0 total_nr=0 cens=4 lg_opp=0 opp=4 norm_anom=-0.00 conf_p=0.109 micro_only=True cluster=MOBILE_DEEP_CYCLE,No user-facing action; monitoring.,Ambiguous/weak evidence (7d since effective change); monitor next window.,,True,False,True,False,True,False,False,False,0,2026-07-08T17:46:07Z,rolling30-od2.0,30,1,abs_ge_50mWh
SPOSHAR-W0J2TP0_sposhar,2026-06-01,2026-05-02 23:59:59.999999999,2026-06-01 23:59:59.999999999,302,29.564,0.5,16.936,95.706,21,21,7,0,0,0,0,False,WINDOW_QUALITY_OK,104.0,114.0,10.0,10.148,0.4267,0.1501,0.5733,8.0,100.0,92.0,40.05,91.0,100.0,0.0132,0.0145,0.5991,0.4438,0.3911,85,107,43,44660.0,46500.0,44650.0,46530.0,1880.0,14,4,600.0,2026-05-28 12:31:12,112.0,81.57,84.93,4,1,3,2,7,0,0,0,0,0,0,0,0,0,0,1.8,1,3,4,0.091506,1.0385,0.58528,0.55423,2.0,1,3,4,0.0625,1.2041,0.58528,2026-06-01 23:59:59.999999999,2025-08-25 14:41:42,2026-06-01 15:26:19,280.388,True,46530.0,2026-05-28 12:31:12,112.0,4.478,2.0,True,46500.0,2026-06-01 10:54:11,114.0,0.546,0.0,True,2,20.0,True,0,0,0,0,0,0,0,0,0,0,0,0,0,0,0,0,0,0,0.0,0,0.0,-0.0,-0.0,4.478,2.0,0,0,0,-0.0,4,MOBILE_DEEP_CYCLE,STATEFUL_WATCH_LOW_EVIDENCE,WINDOW_NORMAL_RESPONDING,ACTION_MONITOR_NEXT_WINDOW,low,8,weak_partial_evidence,micro_wobble,days_eff=4 days_any=1 cyc_eff=2 hq_nr=0 total_nr=0 cens=0 lg_opp=0 opp=0 norm_anom=-0.00 conf_p=0.585 micro_only=True cluster=MOBILE_DEEP_CYCLE,No user-facing action; monitoring.,Ambiguous/weak evidence (4d since effective change); monitor next window.,,False,False,True,False,False,False,False,False,0,2026-07-08T17:46:07Z,rolling30-od2.0,30,1,abs_ge_50mWh
SSPINNER-000090_sspinner,2026-05-28,2026-04-28 23:59:59.999999999,2026-05-28 23:59:59.999999999,362,29.184,0.5,13.732,75.645,22,21,4,0,0,0,0,False,WINDOW_QUALITY_OK,202.0,214.0,12.0,12.336,0.4699,0.1637,0.5301,2.0,100.0,98.0,19.0,91.0,100.0,0.0099,0.0345,0.6193,0.5034,0.4647,61,84,31,45940.0,48060.0,45940.0,48110.0,2170.0,16,4,1860.0,2026-05-18 17:19:04,211.0,83.91,87.78,9,1,2,2,12,0,0,0,0,0,0,3,0,0,3,4.5,4,6,10,0.002533,2.5964,0.14604,0.12231,5.0,4,6,10,0.000977,3.0103,0.14604,2026-05-28 23:59:59.999999999,2025-03-20 11:15:03,2026-05-28 13:18:50,434.531,True,48110.0,2026-05-18 17:19:04,211.0,10.278,3.0,True,48060.0,2026-05-27 11:28:53,214.0,1.522,0.0,True,3,20.0,True,3,0,0,1,0,1,2,0,0,0,0,0,0,0,1,2,0,0,0.45,0,-0.59784,0.2596,0.2596,10.278,3.0,1,0,0,0.2596,4,MOBILE_DEEP_CYCLE,STATEFUL_WATCH_LOW_EVIDENCE,WINDOW_NORMAL_RESPONDING,ACTION_MONITOR_NEXT_WINDOW,low,8,weak_partial_evidence,fw_like;micro_wobble,days_eff=10 days_any=2 cyc_eff=3 hq_nr=1 total_nr=1 cens=2 lg_opp=0 opp=3 norm_anom=0.26 conf_p=0.146 micro_only=True cluster=MOBILE_DEEP_CYCLE,No user-facing action; monitoring.,Ambiguous/weak evidence (10d since effective change); monitor next window.,,True,False,True,False,False,False,False,False,0,2026-07-08T17:46:07Z,rolling30-od2.0,30,1,abs_ge_50mWh
SSUGIMOTO2-PSSK_ssugimoto2,2026-05-15,2026-04-15 23:59:59.999999999,2026-05-15 23:59:59.999999999,133,24.01,0.5,1.079,324.946,6,5,3,0,0,0,0,False,WINDOW_QUALITY_OK,21.0,23.0,2.0,2.499,0.8773,0.1622,0.1227,5.0,100.0,95.0,52.0,98.0,100.0,0.0047,0.0124,0.8794,0.841,0.7905,10,16,5,92650.0,90750.0,90750.0,92650.0,1900.0,4,2,940.0,2026-04-23 08:23:19,22.0,102.94,100.83,1,0,0,1,2,0,0,0,0,0,0,1,0,0,1,0.45,1,0,1,0.55,0.2596,1.0,1.0,0.5,1,0,1,0.5,0.301,1.0,2026-05-15 23:59:59.999999999,2025-09-04 09:58:55,2026-05-15 10:01:16,253.584,True,90760.0,2026-04-23 08:23:19,22.0,22.65,1.0,True,90750.0,2026-04-27 19:20:20,23.0,18.194,0.0,True,1,10.0,True,1,0,0,0,0,0,1,0,0,0,0,0,0,0,0,1,0,0,0.0,0,0.0,-0.0,-0.0,22.65,1.0,0,0,0,-0.0,3,AC_BOUND,STATEFUL_WATCH_LARGE_GAP_OR_CENSORED,WINDOW_NORMAL_RESPONDING,ACTION_MONITOR_NEXT_WINDOW,low,7,large_gap_or_censored_dominant,micro_wobble;censored_dominant,days_eff=23 days_any=18 cyc_eff=1 hq_nr=0 total_nr=0 cens=1 lg_opp=0 opp=1 norm_anom=-0.00 conf_p=1 micro_only=True cluster=AC_BOUND,No user-facing action; monitoring.,Ambiguous/weak evidence (22d since effective change); monitor next window.,,False,False,True,False,True,False,False,False,0,2026-07-08T17:46:07Z,rolling30-od2.0,30,1,abs_ge_50mWh
SUGAP-PF2QQVFQ_SUGAP,2024-02-06,2024-01-07 23:59:59.999999999,2024-02-06 23:59:59.999999999,812,28.817,0.5,1.856,45.667,23,10,3,0,0,0,0,False,WINDOW_QUALITY_OK,487.0,501.0,14.0,14.575,0.6783,0.1825,0.3217,4.0,100.0,96.0,50.55,98.0,100.0,0.0005,0.0049,0.8516,0.7688,0.6101,165,215,83,45080.0,45080.0,44850.0,45660.0,810.0,59,34,650.0,2024-02-06 08:56:58,501.0,79.09,79.09,6,3,0,2,11,0,0,0,0,0,0,1,0,0,1,2.7,6,0,6,0.027681,1.5578,0.39139,0.35882,3.0,6,0,6,0.015625,1.8062,0.39139,2024-02-06 23:59:59.999999999,2023-02-03 12:45:16,2024-02-06 17:26:59,368.469,True,45080.0,2024-02-06 08:56:58,501.0,0.627,0.0,True,45080.0,2024-02-06 08:56:58,501.0,0.627,0.0,True,0,0.0,False,0,0,0,0,0,0,0,0,0,0,0,0,0,0,0,0,0,0,0.0,0,0.0,-0.0,-0.0,0.627,0.0,0,0,0,-0.0,4,MOBILE_DEEP_CYCLE,STATEFUL_WATCH_LOW_EVIDENCE,WINDOW_NORMAL_RESPONDING,ACTION_MONITOR_NEXT_WINDOW,low,8,weak_partial_evidence,fw_like,days_eff=1 days_any=1 cyc_eff=0 hq_nr=0 total_nr=0 cens=0 lg_opp=0 opp=0 norm_anom=-0.00 conf_p=0.391 micro_only=False cluster=MOBILE_DEEP_CYCLE,No user-facing action; monitoring.,Ambiguous/weak evidence (0d since effective change); monitor next window.,,True,False,False,False,False,False,False,False,0,2026-07-08T17:46:07Z,rolling30-od2.0,30,1,abs_ge_50mWh
SWIGGINS-0HBMT4_swiggins,2026-05-26,2026-04-26 23:59:59.999999999,2026-05-26 23:59:59.999999999,494,29.279,0.5,8.472,52.528,28,14,5,0,0,0,0,False,WINDOW_QUALITY_OK,153.0,168.0,15.0,15.369,0.6619,0.1874,0.3381,2.0,100.0,98.0,35.95,97.0,100.0,0.0102,0.0199,0.7103,0.6099,0.5765,106,143,53,47280.0,47050.0,47050.0,47280.0,230.0,15,0,0.0,,,86.36,85.94,13,0,13,2,15,0,0,0,0,0,0,1,0,0,1,6.3,0,14,14,0.000232,3.6349,0.03999,0.02895,7.0,0,14,14,6.1e-05,4.2144,0.03999,2026-05-26 23:59:59.999999999,2025-06-24 13:58:03,2026-05-26 15:03:02,336.418,True,47310.0,2026-04-20 21:35:44,151.0,36.1,17.0,True,47050.0,2026-05-26 13:27:05,168.0,0.44,0.0,True,17,20.0,True,17,1,0,15,1,16,2,0,0,1,0,0,0,0,15,2,0,0,7.2,0,-9.56539,4.1542,4.1542,36.1,17.0,16,0,0,4.1542,4,MOBILE_DEEP_CYCLE,STATEFUL_WATCH_LOW_EVIDENCE,WINDOW_OPPORTUNITY_NO_RESPONSE,ACTION_MONITOR_NEXT_WINDOW,low,8,weak_partial_evidence,fw_like;micro_wobble,days_eff=36 days_any=0 cyc_eff=17 hq_nr=15 total_nr=16 cens=2 lg_opp=0 opp=19 norm_anom=4.15 conf_p=0.04 micro_only=True cluster=MOBILE_DEEP_CYCLE,No user-facing action; monitoring.,Ambiguous/weak evidence (36d since effective change); monitor next window.,,True,False,True,False,False,False,False,False,7,2026-07-08T17:46:07Z,rolling30-od2.0,30,1,abs_ge_50mWh
SYADAVILLI-NH12_syadavilli,2026-05-25,2026-04-25 23:59:59.999999999,2026-05-25 23:59:59.999999999,845,17.847,0.5,0.5,13.475,2,1,0,0,0,0,0,False,WINDOW_QUALITY_OK,102.0,103.0,1.0,1.681,0.9877,0.0068,0.0123,2.0,100.0,98.0,96.0,97.0,99.0,0.0061,0.0069,0.9858,0.9853,0.9827,6,8,3,91770.0,91760.0,91760.0,91770.0,10.0,1,0,0.0,,,91.86,91.85,0,1,0,0,1,0,0,0,0,0,0,1,0,0,1,0.0,0,0,0,,0.0,,,0.0,0,0,0,,0.0,,2026-05-25 23:59:59.999999999,2025-10-13 15:32:51,2026-05-25 15:47:55,224.352,True,91770.0,2026-04-07 15:06:54,102.0,48.37,1.0,True,91760.0,2026-05-13 17:02:10,103.0,12.29,0.0,True,1,10.0,True,0,0,1,0,0,0,0,0,0,1,0,0,0,0,0,0,1,0,0.0,0,0.0,-0.0,-0.0,48.37,1.0,0,0,0,-0.0,3,AC_BOUND,STATEFUL_WATCH_LARGE_GAP_OR_CENSORED,WINDOW_MICRO_WOBBLE_ONLY,ACTION_MONITOR_NEXT_WINDOW,low,7,large_gap_or_censored_dominant,micro_wobble;large_gap_dominant,days_eff=48 days_any=12 cyc_eff=1 hq_nr=0 total_nr=0 cens=0 lg_opp=1 opp=2 norm_anom=-0.00 conf_p=1 micro_only=True cluster=AC_BOUND,No user-facing action; monitoring.,Ambiguous/weak evidence (48d since effective change); monitor next window.,,False,False,True,True,False,False,False,False,0,2026-07-08T17:46:07Z,rolling30-od2.0,30,1,abs_ge_50mWh
SYANG30-W0KZBQZ_syang30,2026-05-09,2026-04-09 23:59:59.999999999,2026-05-09 23:59:59.999999999,1742,29.71,0.003,0.613,51.061,30,12,1,0,0,0,0,False,WINDOW_QUALITY_OK,60.0,77.0,17.0,17.166,0.5867,0.247,0.4129,2.0,100.0,98.0,14.0,70.0,100.0,0.0154,0.0167,0.694,0.5382,0.4713,568,614,285,84820.0,84460.0,84460.0,86350.0,1890.0,21,5,1020.0,2026-05-05 13:28:08,73.0,94.24,93.84,10,0,3,3,13,0,0,0,0,0,0,1,0,0,1,4.5,3,7,10,0.002533,2.5964,0.14604,0.12231,5.0,3,7,10,0.000977,3.0103,0.14604,2026-05-09 23:59:59.999999999,2025-09-15 14:17:58,2026-05-09 17:33:02,236.404,True,84520.0,2026-05-05 13:28:08,73.0,4.439,4.0,True,84460.0,2026-05-07 17:38:25,77.0,2.265,0.0,True,4,20.0,True,1,0,0,0,0,0,1,0,0,0,0,0,0,0,0,1,0,0,0.0,0,0.0,-0.0,-0.0,4.439,4.0,0,0,0,-0.0,3,AC_BOUND,STATEFUL_WATCH_LARGE_GAP_OR_CENSORED,WINDOW_NORMAL_RESPONDING,ACTION_MONITOR_NEXT_WINDOW,low,7,large_gap_or_censored_dominant,fw_like;micro_wobble;censored_dominant,days_eff=4 days_any=2 cyc_eff=4 hq_nr=0 total_nr=0 cens=1 lg_opp=0 opp=1 norm_anom=-0.00 conf_p=0.146 micro_only=True cluster=AC_BOUND,No user-facing action; monitoring.,Ambiguous/weak evidence (4d since effective change); monitor next window.,,True,False,True,False,True,False,False,False,0,2026-07-08T17:46:07Z,rolling30-od2.0,30,1,abs_ge_50mWh
TBERDAR-F4RM5MK_tberdar,2024-06-04,2024-05-05 23:59:59.999999999,2024-06-04 23:59:59.999999999,383,29.21,0.5,11.094,76.489,28,18,3,0,0,0,0,False,WINDOW_QUALITY_OK,30.0,42.0,12.0,12.324,0.4188,0.1326,0.5812,16.0,100.0,84.0,35.0,88.0,100.0,0.0,0.0184,0.5505,0.4512,0.3741,48,71,25,52750.0,52460.0,52460.0,53700.0,1240.0,14,6,570.0,2024-05-29 09:18:52,39.0,92.5,91.99,7,0,1,1,8,0,0,0,0,0,0,0,0,0,0,3.15,2,5,7,0.015224,1.8175,0.31582,0.28541,3.5,2,5,7,0.007813,2.1072,0.31582,2024-06-04 23:59:59.999999999,2024-02-06 09:29:32,2024-06-04 13:51:30,119.604,True,52500.0,2024-05-29 09:18:52,39.0,6.612,3.0,True,52460.0,2024-06-03 12:59:53,42.0,1.458,0.0,True,3,20.0,True,1,0,0,0,0,0,1,0,0,0,0,0,0,0,0,1,0,0,0.0,0,0.0,-0.0,-0.0,6.612,3.0,0,0,0,-0.0,4,MOBILE_DEEP_CYCLE,STATEFUL_WATCH_LARGE_GAP_OR_CENSORED,WINDOW_NORMAL_RESPONDING,ACTION_MONITOR_NEXT_WINDOW,low,7,large_gap_or_censored_dominant,fw_like;micro_wobble;censored_dominant,days_eff=7 days_any=1 cyc_eff=3 hq_nr=0 total_nr=0 cens=1 lg_opp=0 opp=1 norm_anom=-0.00 conf_p=0.316 micro_only=True cluster=MOBILE_DEEP_CYCLE,No user-facing action; monitoring.,Ambiguous/weak evidence (6d since effective change); monitor next window.,,True,False,True,False,True,False,False,False,0,2026-07-08T17:46:07Z,rolling30-od2.0,30,1,abs_ge_50mWh
TBERDAR-F62QQCF_tberdar,2026-05-20,2026-04-20 23:59:59.999999999,2026-05-20 23:59:59.999999999,417,29.369,0.5,13.758,42.541,28,23,7,0,0,0,0,False,WINDOW_QUALITY_OK,34.0,44.0,10.0,10.215,0.2799,0.1224,0.7201,2.0,100.0,98.0,21.0,81.0,100.0,0.0271,0.0783,0.4901,0.3344,0.2225,53,71,27,74330.0,76420.0,74320.0,77260.0,2940.0,14,4,1840.0,2026-05-19 10:37:45,44.0,99.11,101.89,5,1,3,3,9,0,0,0,0,0,0,2,0,0,2,2.25,2,3,5,0.050328,1.2982,0.48168,0.44777,2.5,2,3,5,0.03125,1.5051,0.48168,2026-05-20 23:59:59.999999999,2026-01-14 13:09:14,2026-05-20 15:55:39,126.452,True,76420.0,2026-05-19 10:37:45,44.0,1.557,0.0,True,76420.0,2026-05-19 10:37:45,44.0,1.557,0.0,True,0,0.0,False,0,0,0,0,0,0,0,0,0,0,0,0,0,0,0,0,0,0,0.0,0,0.0,-0.0,-0.0,1.557,0.0,0,0,0,-0.0,4,MOBILE_DEEP_CYCLE,STATEFUL_WATCH_LOW_EVIDENCE,WINDOW_NORMAL_RESPONDING,ACTION_MONITOR_NEXT_WINDOW,low,8,weak_partial_evidence,,days_eff=2 days_any=2 cyc_eff=0 hq_nr=0 total_nr=0 cens=0 lg_opp=0 opp=0 norm_anom=-0.00 conf_p=0.482 micro_only=False cluster=MOBILE_DEEP_CYCLE,No user-facing action; monitoring.,Ambiguous/weak evidence (1d since effective change); monitor next window.,,False,False,False,False,False,False,False,False,0,2026-07-08T17:46:07Z,rolling30-od2.0,30,1,abs_ge_50mWh
TCHONAN-F49QH11_tchonan,2024-05-14,2024-04-14 23:59:59.999999999,2024-05-14 23:59:59.999999999,788,29.373,0.5,0.923,61.572,19,14,3,0,0,0,0,False,WINDOW_QUALITY_OK,225.0,241.0,16.0,16.342,0.7178,0.1653,0.2822,14.0,100.0,86.0,50.0,98.0,100.0,0.0,0.0033,0.8487,0.7746,0.691,192,261,96,52140.0,51650.0,51320.0,52650.0,1330.0,71,48,590.0,2024-05-13 18:21:59,241.0,91.47,90.61,12,1,0,3,16,0,0,0,0,0,0,0,0,0,0,5.4,12,0,12,0.000766,3.1156,0.07988,0.06421,6.0,12,0,12,0.000244,3.6124,0.07988,2024-05-14 23:59:59.999999999,2023-02-02 15:13:37,2024-05-14 18:03:33,467.366,True,51650.0,2024-05-13 18:21:59,241.0,1.235,0.0,True,51650.0,2024-05-13 18:21:59,241.0,1.235,0.0,True,0,0.0,False,0,0,0,0,0,0,0,0,0,0,0,0,0,0,0,0,0,0,0.0,0,0.0,-0.0,-0.0,1.235,0.0,0,0,0,-0.0,4,MOBILE_DEEP_CYCLE,STATEFUL_WATCH_LOW_EVIDENCE,WINDOW_NORMAL_RESPONDING,ACTION_MONITOR_NEXT_WINDOW,low,8,weak_partial_evidence,fw_like,days_eff=1 days_any=1 cyc_eff=0 hq_nr=0 total_nr=0 cens=0 lg_opp=0 opp=0 norm_anom=-0.00 conf_p=0.0799 micro_only=False cluster=MOBILE_DEEP_CYCLE,No user-facing action; monitoring.,Ambiguous/weak evidence (1d since effective change); monitor next window.,,True,False,False,False,False,False,False,False,0,2026-07-08T17:46:07Z,rolling30-od2.0,30,1,abs_ge_50mWh
THANNA-PW0KQC0Y_thanna,2026-05-26,2026-04-26 23:59:59.999999999,2026-05-26 23:59:59.999999999,894,29.439,0.5,0.5,64.003,15,13,2,0,0,0,0,False,WINDOW_QUALITY_OK,54.0,61.0,7.0,7.133,0.9341,0.0813,0.0659,2.0,100.0,98.0,66.3,99.5,100.0,0.0042,0.0138,0.946,0.9324,0.8847,58,90,29,80810.0,82260.0,80790.0,82310.0,1520.0,9,2,800.0,2026-05-05 18:56:49,58.0,89.79,91.4,3,0,1,0,3,0,0,0,0,0,0,2,0,0,2,1.35,1,2,3,0.166375,0.7789,0.70435,0.67541,1.5,1,2,3,0.125,0.9031,0.70435,2026-05-26 23:59:59.999999999,2025-09-02 11:03:48,2026-05-26 11:01:01,266.539,True,82310.0,2026-05-05 18:56:49,58.0,21.211,3.0,True,82260.0,2026-05-19 11:26:41,61.0,7.523,0.0,True,3,20.0,True,1,0,0,1,0,1,0,0,0,1,0,0,0,0,1,0,0,0,0.45,0,-0.59784,0.2596,0.2596,21.211,3.0,1,0,0,0.2596,4,MOBILE_DEEP_CYCLE,STATEFUL_WATCH_LOW_EVIDENCE,WINDOW_NORMAL_RESPONDING,ACTION_MONITOR_NEXT_WINDOW,low,8,weak_partial_evidence,fw_like;micro_wobble,days_eff=21 days_any=8 cyc_eff=3 hq_nr=1 total_nr=1 cens=0 lg_opp=0 opp=2 norm_anom=0.26 conf_p=0.704 micro_only=True cluster=MOBILE_DEEP_CYCLE,No user-facing action; monitoring.,Ambiguous/weak evidence (21d since effective change); monitor next window.,,True,False,True,False,False,False,False,False,0,2026-07-08T17:46:07Z,rolling30-od2.0,30,1,abs_ge_50mWh
THANSON-F5NV1S7_thanson,2026-05-27,2026-04-27 23:59:59.999999999,2026-05-27 23:59:59.999999999,487,29.241,0.341,6.572,131.253,25,11,3,0,0,0,0,False,WINDOW_QUALITY_OK,84.0,97.0,13.0,13.337,0.4449,0.1482,0.5551,9.0,100.0,91.0,16.0,87.0,100.0,0.0003,0.0251,0.5951,0.4895,0.3934,157,191,79,48470.0,48440.0,47950.0,48540.0,590.0,17,5,500.0,2026-05-18 15:01:15,94.0,85.04,84.98,7,0,1,2,9,0,0,0,0,0,0,0,0,0,0,3.15,5,2,7,0.015224,1.8175,0.31582,0.28541,3.5,5,2,7,0.007813,2.1072,0.31582,2026-05-27 23:59:59.999999999,2025-09-17 15:13:32,2026-05-27 15:22:04,252.366,True,48470.0,2026-05-18 15:01:15,94.0,9.374,3.0,True,48440.0,2026-05-27 13:22:05,97.0,0.443,0.0,True,3,10.0,True,3,0,0,1,0,1,2,0,0,0,0,0,0,0,1,2,0,0,0.45,0,-0.59784,0.2596,0.2596,9.374,3.0,1,0,0,0.2596,4,MOBILE_DEEP_CYCLE,STATEFUL_WATCH_LOW_EVIDENCE,WINDOW_NORMAL_RESPONDING,ACTION_MONITOR_NEXT_WINDOW,low,8,weak_partial_evidence,fw_like;micro_wobble,days_eff=9 days_any=0 cyc_eff=3 hq_nr=1 total_nr=1 cens=2 lg_opp=0 opp=3 norm_anom=0.26 conf_p=0.316 micro_only=True cluster=MOBILE_DEEP_CYCLE,No user-facing action; monitoring.,Ambiguous/weak evidence (9d since effective change); monitor next window.,,True,False,True,False,False,False,False,False,0,2026-07-08T17:46:07Z,rolling30-od2.0,30,1,abs_ge_50mWh
TMORIWAKI-00019_tmoriwaki,2024-11-27,2024-10-28 23:59:59.999999999,2024-11-27 23:59:59.999999999,1116,29.751,0.5,0.5,131.734,3,3,2,0,0,0,0,False,WINDOW_QUALITY_OK,77.0,86.0,9.0,9.075,0.8851,0.0653,0.1149,10.0,100.0,90.0,83.0,100.0,100.0,0.0,0.001,0.9666,0.9306,0.8685,116,182,58,81560.0,80540.0,80540.0,81560.0,1020.0,10,1,870.0,2024-11-11 09:29:17,81.0,90.62,89.49,3,0,3,2,5,0,0,0,0,0,0,0,0,0,0,1.35,0,3,3,0.166375,0.7789,0.70435,0.67541,1.5,0,3,3,0.125,0.9031,0.70435,2024-11-27 23:59:59.999999999,2024-02-27 21:30:11,2024-11-27 18:03:27,274.104,True,80620.0,2024-11-11 09:29:17,81.0,16.605,5.0,True,80540.0,2024-11-27 14:33:27,86.0,0.393,0.0,True,5,20.0,True,3,0,0,1,0,1,2,0,0,0,0,0,0,0,1,2,0,0,0.45,0,-0.59784,0.2596,0.2596,16.605,5.0,1,0,0,0.2596,3,AC_BOUND,STATEFUL_WATCH_LOW_EVIDENCE,WINDOW_NORMAL_RESPONDING,ACTION_MONITOR_NEXT_WINDOW,low,8,weak_partial_evidence,fw_like;micro_wobble,days_eff=17 days_any=0 cyc_eff=5 hq_nr=1 total_nr=1 cens=2 lg_opp=0 opp=3 norm_anom=0.26 conf_p=0.704 micro_only=True cluster=AC_BOUND,No user-facing action; monitoring.,Ambiguous/weak evidence (16d since effective change); monitor next window.,,True,False,True,False,False,False,False,False,0,2026-07-08T17:46:07Z,rolling30-od2.0,30,1,abs_ge_50mWh
TPARRISH2-00047_tparrish2,2026-05-13,2026-04-13 23:59:59.999999999,2026-05-13 23:59:59.999999999,151,28.255,0.5,17.073,162.684,13,9,6,0,0,0,0,False,WINDOW_QUALITY_OK,9.0,15.0,6.0,6.37,0.4705,0.1754,0.5295,9.0,100.0,91.0,19.0,81.0,100.0,0.0037,0.0843,0.5745,0.4508,0.327,34,45,17,90760.0,91730.0,90750.0,92710.0,1960.0,9,3,1090.0,2026-05-12 11:23:01,13.0,100.84,101.92,0,0,0,5,5,0,0,0,0,0,0,0,0,0,0,0.0,0,0,0,,0.0,,,0.0,0,0,0,,0.0,,2026-05-13 23:59:59.999999999,2026-02-17 16:53:31,2026-05-13 15:22:06,85.296,True,91760.0,2026-05-12 11:23:01,13.0,1.526,2.0,True,91730.0,2026-05-13 14:22:06,15.0,0.401,0.0,True,2,20.0,True,2,0,0,0,0,0,2,0,0,0,0,0,0,0,0,2,0,0,0.0,0,0.0,-0.0,-0.0,1.526,2.0,0,0,0,-0.0,4,MOBILE_DEEP_CYCLE,STATEFUL_WATCH_LARGE_GAP_OR_CENSORED,WINDOW_NORMAL_RESPONDING,ACTION_MONITOR_NEXT_WINDOW,low,7,large_gap_or_censored_dominant,micro_wobble;censored_dominant,days_eff=2 days_any=0 cyc_eff=2 hq_nr=0 total_nr=0 cens=2 lg_opp=0 opp=2 norm_anom=-0.00 conf_p=1 micro_only=True cluster=MOBILE_DEEP_CYCLE,No user-facing action; monitoring.,Ambiguous/weak evidence (1d since effective change); monitor next window.,,False,False,True,False,True,False,False,False,0,2026-07-08T17:46:07Z,rolling30-od2.0,30,1,abs_ge_50mWh
TRICHARDSON-NKH_trichardson,2026-05-26,2026-04-26 23:59:59.999999999,2026-05-26 23:59:59.999999999,239,29.12,0.5,16.833,68.652,26,20,4,0,0,0,0,False,WINDOW_QUALITY_OK,33.0,39.0,6.0,6.181,0.5691,0.1624,0.4309,28.0,100.0,72.0,52.9,98.0,100.0,0.0,0.0,0.8077,0.6714,0.5716,44,52,23,75700.0,74080.0,74080.0,75700.0,1620.0,8,2,770.0,2026-05-18 10:32:02,37.0,100.93,98.77,4,1,2,1,6,0,0,0,0,0,0,0,0,0,0,1.8,0,4,4,0.091506,1.0385,0.58528,0.55423,2.0,0,4,4,0.0625,1.2041,0.58528,2026-05-26 23:59:59.999999999,2025-09-30 10:52:57,2026-05-26 11:45:29,238.547,True,74110.0,2026-05-18 10:32:02,37.0,8.561,2.0,True,74080.0,2026-05-25 20:55:34,39.0,1.128,0.0,True,2,20.0,True,1,1,0,0,0,0,2,0,0,0,0,0,0,0,0,2,0,0,0.0,0,0.0,-0.0,-0.0,8.561,2.0,0,0,0,-0.0,5,AC_BOUND,STATEFUL_WATCH_LARGE_GAP_OR_CENSORED,WINDOW_NORMAL_RESPONDING,ACTION_MONITOR_NEXT_WINDOW,low,7,large_gap_or_censored_dominant,micro_wobble;censored_dominant,days_eff=9 days_any=1 cyc_eff=2 hq_nr=0 total_nr=0 cens=2 lg_opp=0 opp=2 norm_anom=-0.00 conf_p=0.585 micro_only=True cluster=AC_BOUND,No user-facing action; monitoring.,Ambiguous/weak evidence (8d since effective change); monitor next window.,,False,False,True,False,True,False,False,False,0,2026-07-08T17:46:07Z,rolling30-od2.0,30,1,abs_ge_50mWh
TSCOTT2-F58PHQH_tscott2,2026-04-20,2026-03-21 23:59:59.999999999,2026-04-20 23:59:59.999999999,300,28.168,0.5,12.874,47.09,28,17,4,0,0,0,0,False,WINDOW_QUALITY_OK,78.0,84.0,6.0,6.39,0.6132,0.1753,0.3868,6.0,100.0,94.0,59.9,100.0,100.0,0.0038,0.0038,0.8259,0.6593,0.6067,47,71,24,54840.0,54770.0,54770.0,54840.0,70.0,6,0,0.0,,,96.16,96.04,7,0,7,2,9,0,0,0,0,0,0,1,0,0,1,3.15,0,7,7,0.015224,1.8175,0.31582,0.28541,3.5,0,7,7,0.007813,2.1072,0.31582,2026-04-20 23:59:59.999999999,2025-03-17 14:34:07,2026-04-20 14:41:41,399.393,True,54910.0,2026-02-24 00:54:40,72.0,55.962,12.0,True,54770.0,2026-04-20 11:23:51,84.0,0.525,0.0,True,12,20.0,True,15,0,0,13,0,13,2,0,0,1,0,0,0,0,13,2,0,0,5.85,0,-7.77188,3.3753,3.3753,55.962,12.0,13,0,0,3.3753,4,MOBILE_DEEP_CYCLE,STATEFUL_WATCH_LOW_EVIDENCE,WINDOW_OPPORTUNITY_NO_RESPONSE,ACTION_MONITOR_NEXT_WINDOW,low,8,weak_partial_evidence,fw_like;micro_wobble,days_eff=56 days_any=1 cyc_eff=12 hq_nr=13 total_nr=13 cens=2 lg_opp=0 opp=16 norm_anom=3.38 conf_p=0.316 micro_only=True cluster=MOBILE_DEEP_CYCLE,No user-facing action; monitoring.,Ambiguous/weak evidence (55d since effective change); monitor next window.,,True,False,True,False,False,False,False,False,27,2026-07-08T17:46:07Z,rolling30-od2.0,30,1,abs_ge_50mWh
TSUZUKI26-9VQR2_tsuzuki26,2025-10-03,2025-09-03 23:59:59.999999999,2025-10-03 23:59:59.999999999,159,29.415,0.5,0.501,570.791,4,2,2,0,0,0,0,False,WINDOW_QUALITY_OK,347.0,350.0,3.0,3.06,0.7366,0.7356,0.2634,1.0,100.0,99.0,10.0,10.0,100.0,0.0378,0.6888,0.1606,0.1231,0.0948,9,10,5,45450.0,45460.0,45450.0,45460.0,10.0,1,0,0.0,,,79.67,79.68,1,0,1,0,1,0,0,0,0,0,0,1,0,0,1,0.45,0,1,1,0.55,0.2596,1.0,1.0,0.5,0,1,1,0.5,0.301,1.0,2025-10-03 23:59:59.999999999,2023-06-16 11:27:47,2025-10-03 19:11:33,840.522,True,45450.0,2025-08-05 20:21:14,344.0,59.152,6.0,True,45460.0,2025-10-01 22:42:07,350.0,2.054,0.0,True,1,10.0,True,4,0,0,4,0,4,0,0,0,2,0,0,0,0,4,0,0,0,1.8,0,-2.39135,1.0385,1.0385,59.152,6.0,4,0,0,1.0385,0,MOBILE_DEEP_CYCLE,STATEFUL_WATCH_LOW_EVIDENCE,WINDOW_OPPORTUNITY_NO_RESPONSE,ACTION_MONITOR_NEXT_WINDOW,low,8,weak_partial_evidence,fw_like;micro_wobble,days_eff=59 days_any=2 cyc_eff=6 hq_nr=4 total_nr=4 cens=0 lg_opp=0 opp=6 norm_anom=1.04 conf_p=1 micro_only=True cluster=MOBILE_DEEP_CYCLE,No user-facing action; monitoring.,Ambiguous/weak evidence (59d since effective change); monitor next window.,,True,False,True,False,False,False,False,False,5,2026-07-08T17:46:07Z,rolling30-od2.0,30,1,abs_ge_50mWh
VISHNU_vkotipalli1,2026-05-27,2026-04-27 23:59:59.999999999,2026-05-27 23:59:59.999999999,195,29.073,0.631,12.65,113.429,30,11,4,0,0,0,0,False,WINDOW_QUALITY_OK,32.0,42.0,10.0,10.319,0.2378,0.1153,0.7622,1.0,100.0,99.0,9.0,82.0,100.0,0.0296,0.0558,0.532,0.4597,0.4019,44,54,22,93720.0,91870.0,91530.0,93720.0,2190.0,13,5,940.0,2026-05-24 11:19:28,41.0,104.13,102.08,3,0,1,0,3,0,0,0,0,0,0,1,0,0,1,1.35,2,1,3,0.166375,0.7789,0.70435,0.67541,1.5,2,1,3,0.125,0.9031,0.70435,2026-05-27 23:59:59.999999999,2025-09-02 14:13:08,2026-05-27 12:13:50,267.408,True,91880.0,2026-05-24 11:19:28,41.0,3.528,1.0,True,91870.0,2026-05-26 14:16:56,42.0,1.405,0.0,True,1,10.0,True,0,0,0,0,0,0,0,0,0,0,0,0,0,0,0,0,0,0,0.0,0,0.0,-0.0,-0.0,3.528,1.0,0,0,0,-0.0,4,MOBILE_DEEP_CYCLE,STATEFUL_WATCH_LOW_EVIDENCE,WINDOW_NORMAL_RESPONDING,ACTION_MONITOR_NEXT_WINDOW,low,8,weak_partial_evidence,micro_wobble,days_eff=4 days_any=1 cyc_eff=1 hq_nr=0 total_nr=0 cens=0 lg_opp=0 opp=0 norm_anom=-0.00 conf_p=0.704 micro_only=True cluster=MOBILE_DEEP_CYCLE,No user-facing action; monitoring.,Ambiguous/weak evidence (3d since effective change); monitor next window.,,False,False,True,False,False,False,False,False,0,2026-07-08T17:46:07Z,rolling30-od2.0,30,1,abs_ge_50mWh
WOMALLEY-55RJ32_womalley,2026-05-19,2026-04-19 23:59:59.999999999,2026-05-19 23:59:59.999999999,448,29.308,0.5,8.489,59.301,30,8,5,0,0,0,0,False,WINDOW_QUALITY_OK,154.0,170.0,16.0,16.378,0.514,0.161,0.486,6.0,100.0,94.0,28.0,94.0,100.0,0.0008,0.0204,0.595,0.5154,0.4106,78,112,39,52870.0,51010.0,51010.0,52870.0,1860.0,22,7,550.0,2026-05-18 13:14:42,170.0,92.75,89.49,8,0,0,3,11,0,0,0,0,0,0,1,0,0,1,3.6,7,1,8,0.008373,2.0771,0.2485,0.2192,4.0,7,1,8,0.003906,2.4082,0.2485,2026-05-19 23:59:59.999999999,2025-04-22 15:15:28,2026-05-19 15:39:13,392.364,True,51010.0,2026-05-18 13:14:42,170.0,1.448,0.0,True,51010.0,2026-05-18 13:14:42,170.0,1.448,0.0,True,0,0.0,False,0,0,0,0,0,0,0,0,0,0,0,0,0,0,0,0,0,0,0.0,0,0.0,-0.0,-0.0,1.448,0.0,0,0,0,-0.0,4,MOBILE_DEEP_CYCLE,STATEFUL_WATCH_LOW_EVIDENCE,WINDOW_NORMAL_RESPONDING,ACTION_MONITOR_NEXT_WINDOW,low,8,weak_partial_evidence,fw_like,days_eff=1 days_any=1 cyc_eff=0 hq_nr=0 total_nr=0 cens=0 lg_opp=0 opp=0 norm_anom=-0.00 conf_p=0.248 micro_only=False cluster=MOBILE_DEEP_CYCLE,No user-facing action; monitoring.,Ambiguous/weak evidence (1d since effective change); monitor next window.,,True,False,False,False,False,False,False,False,0,2026-07-08T17:46:07Z,rolling30-od2.0,30,1,abs_ge_50mWh
X1-LNL-BE-SIT_mripp,2025-01-28,2024-12-29 23:59:59.999999999,2025-01-28 23:59:59.999999999,565,29.041,0.5,5.457,69.243,28,12,3,0,0,0,0,False,WINDOW_QUALITY_OK,7.0,13.0,6.0,6.198,0.7717,0.1669,0.2283,10.0,100.0,90.0,51.2,100.0,100.0,0.0,0.0281,0.863,0.7708,0.7211,59,79,30,58300.0,57390.0,57390.0,58300.0,910.0,8,3,600.0,2025-01-25 08:03:18,13.0,102.23,100.63,1,0,1,0,1,0,0,0,0,0,0,0,0,0,0,0.45,0,1,1,0.55,0.2596,1.0,1.0,0.5,0,1,1,0.5,0.301,1.0,2025-01-28 23:59:59.999999999,2024-11-22 16:41:07,2025-01-28 08:47:09,67.305,True,57390.0,2025-01-25 08:03:18,13.0,3.664,0.0,True,57390.0,2025-01-25 08:03:18,13.0,3.664,0.0,True,0,0.0,False,0,0,0,0,0,0,0,0,0,0,0,0,0,0,0,0,0,0,0.0,0,0.0,-0.0,-0.0,3.664,0.0,0,0,0,-0.0,4,MOBILE_DEEP_CYCLE,STATEFUL_WATCH_LOW_EVIDENCE,WINDOW_NORMAL_RESPONDING,ACTION_MONITOR_NEXT_WINDOW,low,8,weak_partial_evidence,,days_eff=4 days_any=4 cyc_eff=0 hq_nr=0 total_nr=0 cens=0 lg_opp=0 opp=0 norm_anom=-0.00 conf_p=1 micro_only=False cluster=MOBILE_DEEP_CYCLE,No user-facing action; monitoring.,Ambiguous/weak evidence (3d since effective change); monitor next window.,,False,False,False,False,False,False,False,False,0,2026-07-08T17:46:07Z,rolling30-od2.0,30,1,abs_ge_50mWh
X13_2IN1,2025-03-10,2025-02-08 23:59:59.999999999,2025-03-10 23:59:59.999999999,299,28.199,0.5,11.395,69.384,21,15,5,0,0,0,0,False,WINDOW_QUALITY_OK,157.0,171.0,14.0,14.894,0.4165,0.1863,0.5835,15.0,100.0,85.0,27.9,91.0,100.0,0.0,0.0022,0.6689,0.5715,0.3644,68,94,34,36870.0,37770.0,36830.0,37820.0,990.0,16,3,530.0,2025-03-04 09:25:50,168.0,67.4,69.05,9,0,1,2,11,0,0,0,0,0,0,0,0,0,0,4.05,5,4,9,0.004605,2.3367,0.1914,0.1649,4.5,5,4,9,0.001953,2.7093,0.1914,2025-03-10 23:59:59.999999999,2024-03-25 12:48:38,2025-03-10 14:28:21,350.466,True,37820.0,2025-03-04 09:25:50,168.0,6.607,3.0,True,37770.0,2025-03-10 10:44:28,171.0,0.552,0.0,True,2,30.0,True,1,0,0,0,0,0,1,0,0,0,0,0,0,0,0,1,0,0,0.0,0,0.0,-0.0,-0.0,6.607,3.0,0,0,0,-0.0,4,MOBILE_DEEP_CYCLE,STATEFUL_WATCH_LARGE_GAP_OR_CENSORED,WINDOW_NORMAL_RESPONDING,ACTION_MONITOR_NEXT_WINDOW,low,7,large_gap_or_censored_dominant,fw_like;micro_wobble;censored_dominant,days_eff=7 days_any=1 cyc_eff=3 hq_nr=0 total_nr=0 cens=1 lg_opp=0 opp=1 norm_anom=-0.00 conf_p=0.191 micro_only=True cluster=MOBILE_DEEP_CYCLE,No user-facing action; monitoring.,Ambiguous/weak evidence (6d since effective change); monitor next window.,,True,False,True,False,True,False,False,False,0,2026-07-08T17:46:07Z,rolling30-od2.0,30,1,abs_ge_50mWh
X1C_METEOR,2024-06-20,2024-05-21 23:59:59.999999999,2024-06-20 23:59:59.999999999,1018,29.598,0.5,0.5,94.552,11,6,4,0,0,0,0,False,WINDOW_QUALITY_OK,56.0,66.0,10.0,10.136,0.7939,0.0726,0.2061,2.0,100.0,98.0,63.0,99.0,100.0,0.0051,0.006,0.9037,0.8496,0.7345,127,165,64,56360.0,50720.0,50720.0,56360.0,5640.0,11,2,4370.0,2024-05-23 03:44:52,57.0,98.83,88.94,6,0,6,0,6,0,0,0,0,0,0,1,0,0,1,2.7,0,6,6,0.027681,1.5578,0.39139,0.35882,3.0,0,6,6,0.015625,1.8062,0.39139,2024-06-20 23:59:59.999999999,2024-01-25 00:03:28,2024-06-20 14:22:30,147.998,True,50820.0,2024-05-23 03:44:52,57.0,28.844,9.0,True,50720.0,2024-06-12 15:00:51,66.0,8.374,0.0,True,9,20.0,True,6,0,0,6,0,6,0,0,1,0,0,1,1,0,6,0,0,0,2.7,0,-3.58702,1.5578,1.5578,28.844,9.0,6,1,0,1.5578,3,AC_BOUND,STATEFUL_WATCH_LOW_EVIDENCE,WINDOW_NORMAL_RESPONDING,ACTION_MONITOR_NEXT_WINDOW,low,8,weak_partial_evidence,fw_like;micro_wobble,days_eff=29 days_any=8 cyc_eff=9 hq_nr=6 total_nr=6 cens=0 lg_opp=0 opp=7 norm_anom=1.56 conf_p=0.391 micro_only=True cluster=AC_BOUND,No user-facing action; monitoring.,Ambiguous/weak evidence (28d since effective change); monitor next window.,,True,False,True,False,False,False,False,False,0,2026-07-08T17:46:07Z,rolling30-od2.0,30,1,abs_ge_50mWh
XIUQIN_liuxq13,2026-04-27,2026-03-28 23:59:59.999999999,2026-04-27 23:59:59.999999999,477,27.995,0.5,3.917,86.53,22,19,4,0,0,0,0,False,WINDOW_QUALITY_OK,126.0,144.0,18.0,19.289,0.6134,0.3786,0.3866,2.0,100.0,98.0,24.0,78.0,100.0,0.0034,0.0121,0.5279,0.4308,0.3628,134,187,67,48860.0,48560.0,48560.0,49310.0,750.0,19,2,520.0,2026-04-10 21:39:43,135.0,89.24,88.69,4,7,2,3,14,0,0,0,0,0,0,1,0,0,1,1.8,2,2,4,0.091506,1.0385,0.58528,0.55423,2.0,2,2,4,0.0625,1.2041,0.58528,2026-04-27 23:59:59.999999999,2025-05-20 10:20:39,2026-04-27 08:22:25,342.569,True,48700.0,2026-04-10 21:39:43,135.0,17.097,9.0,True,48560.0,2026-04-24 08:50:51,144.0,3.631,0.0,True,9,20.0,True,3,3,1,0,2,2,4,0,0,0,0,0,0,0,0,4,1,0,0.9,0,-1.19567,0.5193,0.5193,17.097,9.0,2,0,0,0.5193,4,MOBILE_DEEP_CYCLE,STATEFUL_WATCH_LOW_EVIDENCE,WINDOW_NORMAL_RESPONDING,ACTION_MONITOR_NEXT_WINDOW,low,8,weak_partial_evidence,fw_like;micro_wobble,days_eff=17 days_any=4 cyc_eff=9 hq_nr=0 total_nr=2 cens=4 lg_opp=1 opp=7 norm_anom=0.52 conf_p=0.585 micro_only=True cluster=MOBILE_DEEP_CYCLE,No user-facing action; monitoring.,Ambiguous/weak evidence (17d since effective change); monitor next window.,,True,False,True,False,False,False,False,False,0,2026-07-08T17:46:07Z,rolling30-od2.0,30,1,abs_ge_50mWh
YANGYQ-PF50KB95_yangyq,2026-02-03,2026-01-04 23:59:59.999999999,2026-02-03 23:59:59.999999999,170,24.76,0.5,15.218,131.708,13,10,5,0,0,0,0,False,WINDOW_QUALITY_OK,31.0,33.0,2.0,2.423,0.6265,0.5892,0.3735,5.0,100.0,95.0,37.9,64.0,100.0,0.0058,0.0109,0.3257,0.2287,0.1671,18,21,10,54810.0,54220.0,54220.0,54810.0,590.0,3,1,570.0,2026-01-21 00:27:08,33.0,96.16,95.12,0,1,0,0,1,0,0,0,0,0,0,1,0,0,1,0.0,0,0,0,,0.0,,,0.0,0,0,0,,0.0,,2026-02-03 23:59:59.999999999,2024-07-09 14:04:15,2026-02-03 13:32:13,574.414,True,54220.0,2026-01-21 00:27:08,33.0,13.981,0.0,True,54220.0,2026-01-21 00:27:08,33.0,13.981,0.0,True,0,0.0,False,0,1,0,0,0,0,1,0,0,0,0,0,0,0,0,1,0,0,0.0,0,0.0,-0.0,-0.0,13.981,0.0,0,0,0,-0.0,0,MOBILE_DEEP_CYCLE,STATEFUL_WATCH_LARGE_GAP_OR_CENSORED,WINDOW_NORMAL_RESPONDING,ACTION_MONITOR_NEXT_WINDOW,low,7,large_gap_or_censored_dominant,censored_dominant,days_eff=14 days_any=14 cyc_eff=0 hq_nr=0 total_nr=0 cens=1 lg_opp=0 opp=1 norm_anom=-0.00 conf_p=1 micro_only=False cluster=MOBILE_DEEP_CYCLE,No user-facing action; monitoring.,Ambiguous/weak evidence (13d since effective change); monitor next window.,,False,False,False,False,True,False,False,False,0,2026-07-08T17:46:07Z,rolling30-od2.0,30,1,abs_ge_50mWh
YINGNIE-W01KL34_yingnie,2024-03-06,2024-02-05 23:59:59.999999999,2024-03-06 23:59:59.999999999,428,12.276,0.5,1.105,73.358,1,1,1,0,0,0,0,False,WINDOW_QUALITY_OK,81.0,87.0,6.0,14.663,0.8663,0.3376,0.1337,2.0,100.0,98.0,51.35,100.0,100.0,0.0103,0.0148,0.617,0.5851,0.5588,29,43,15,44610.0,40150.0,40150.0,44610.0,4460.0,1,1,4460.0,2024-02-27 06:34:29,84.0,89.99,81.0,1,0,0,1,2,0,0,0,0,0,0,1,0,1,2,0.45,1,0,1,0.55,0.2596,1.0,1.0,0.5,1,0,1,0.5,0.301,1.0,2024-03-06 23:59:59.999999999,2023-02-22 22:46:01,2024-03-06 15:38:46,378.051,True,40150.0,2024-02-27 06:34:29,84.0,8.726,3.0,True,40150.0,2024-02-27 06:34:29,84.0,8.726,3.0,True,0,0.0,False,1,0,0,0,0,0,1,1,0,1,0,0,0,1,0,1,0,0,0.0,0,0.0,-0.0,-0.0,8.726,3.0,0,0,0,-0.0,0,MOBILE_DEEP_CYCLE,STATEFUL_WATCH_LARGE_GAP_OR_CENSORED,WINDOW_NORMAL_RESPONDING,ACTION_MONITOR_NEXT_WINDOW,low,7,large_gap_or_censored_dominant,censored_dominant,days_eff=9 days_any=9 cyc_eff=3 hq_nr=0 total_nr=0 cens=1 lg_opp=0 opp=3 norm_anom=-0.00 conf_p=1 micro_only=False cluster=MOBILE_DEEP_CYCLE,No user-facing action; monitoring.,Ambiguous/weak evidence (8d since effective change); monitor next window.,,False,False,False,False,True,False,False,False,0,2026-07-08T17:46:07Z,rolling30-od2.0,30,1,abs_ge_50mWh
YNAN-PF4FDG4X_qizha,2024-01-20,2023-12-21 23:59:59.999999999,2024-01-20 23:59:59.999999999,805,29.648,0.5,2.738,16.654,29,3,0,0,0,0,0,False,WINDOW_QUALITY_OK,24.0,32.0,8.0,8.095,0.7738,0.0552,0.2262,31.0,100.0,69.0,67.0,100.0,100.0,0.0,0.0,0.8672,0.833,0.8104,48,67,24,84300.0,84300.0,84300.0,84300.0,0.0,0,0,0.0,,,98.02,98.02,4,0,4,3,7,0,0,0,0,0,0,0,0,0,0,2.25,0,5,5,0.050328,1.2982,0.48168,0.44777,2.5,0,5,5,0.03125,1.5051,0.48168,2024-01-20 23:59:59.999999999,2023-08-09 09:55:12,2024-01-20 15:57:18,164.587,True,84300.0,2023-12-20 21:48:44,24.0,31.091,8.0,True,84300.0,2023-12-20 21:48:44,24.0,31.091,8.0,True,0,0.0,False,7,0,0,4,0,4,3,0,0,0,0,0,0,0,4,3,0,0,1.8,0,-2.39135,1.0385,1.0385,31.091,8.0,4,0,0,1.0385,5,AC_BOUND,STATEFUL_WATCH_LOW_EVIDENCE,WINDOW_OPPORTUNITY_NO_RESPONSE,ACTION_MONITOR_NEXT_WINDOW,low,8,weak_partial_evidence,fw_like,days_eff=31 days_any=31 cyc_eff=8 hq_nr=4 total_nr=4 cens=3 lg_opp=0 opp=7 norm_anom=1.04 conf_p=0.482 micro_only=False cluster=AC_BOUND,No user-facing action; monitoring.,Ambiguous/weak evidence (31d since effective change); monitor next window.,,True,False,False,False,False,False,False,False,2,2026-07-08T17:46:07Z,rolling30-od2.0,30,1,abs_ge_50mWh
YNAN-PF4FDG4X_ynan,2024-01-17,2023-12-18 23:59:59.999999999,2024-01-17 23:59:59.999999999,864,29.994,0.5,2.111,12.187,28,3,0,0,0,0,0,False,WINDOW_QUALITY_OK,24.0,30.0,6.0,6.001,0.7972,0.0479,0.2028,31.0,100.0,69.0,67.15,100.0,100.0,0.0,0.0,0.8829,0.8517,0.8303,46,64,23,84420.0,84300.0,84300.0,84420.0,120.0,1,1,120.0,2023-12-20 21:48:44,24.0,98.16,98.02,4,0,4,1,5,0,0,0,0,0,0,0,0,0,0,1.8,0,4,4,0.091506,1.0385,0.58528,0.55423,2.0,0,4,4,0.0625,1.2041,0.58528,2024-01-17 23:59:59.999999999,2023-08-09 09:55:12,2024-01-17 23:59:27,161.587,True,84300.0,2023-12-20 21:48:44,24.0,28.091,6.0,True,84300.0,2023-12-20 21:48:44,24.0,28.091,6.0,True,0,0.0,False,5,0,0,4,0,4,1,0,0,0,0,0,0,0,4,1,0,0,1.8,0,-2.39135,1.0385,1.0385,28.091,6.0,4,0,0,1.0385,5,AC_BOUND,STATEFUL_WATCH_LOW_EVIDENCE,WINDOW_NORMAL_RESPONDING,ACTION_MONITOR_NEXT_WINDOW,low,8,weak_partial_evidence,fw_like,days_eff=28 days_any=28 cyc_eff=6 hq_nr=4 total_nr=4 cens=1 lg_opp=0 opp=5 norm_anom=1.04 conf_p=0.585 micro_only=False cluster=AC_BOUND,No user-facing action; monitoring.,Ambiguous/weak evidence (28d since effective change); monitor next window.,,True,False,False,False,False,False,False,False,0,2026-07-08T17:46:07Z,rolling30-od2.0,30,1,abs_ge_50mWh
YONDA-PF1BLXHW_yonda,2026-01-09,2025-12-10 23:59:59.999999999,2026-01-09 23:59:59.999999999,724,29.918,0.956,1.036,126.149,4,3,2,0,0,0,0,False,WINDOW_QUALITY_OK,442.0,448.0,6.0,6.016,0.6286,0.0488,0.3714,20.0,100.0,80.0,51.15,98.0,100.0,0.0,0.0,0.8274,0.7236,0.6478,72,90,36,37080.0,38510.0,37080.0,39890.0,2810.0,27,17,2360.0,2026-01-08 21:44:58,448.0,72.71,75.51,4,0,0,1,5,0,0,0,0,0,0,0,0,0,0,1.8,4,0,4,0.091506,1.0385,0.58528,0.55423,2.0,4,0,4,0.0625,1.2041,0.58528,2026-01-09 23:59:59.999999999,2023-02-06 20:11:43,2026-01-09 22:20:10,1068.159,True,38510.0,2026-01-08 21:44:58,448.0,1.094,0.0,True,38510.0,2026-01-08 21:44:58,448.0,1.094,0.0,True,0,0.0,False,0,0,0,0,0,0,0,0,0,0,0,0,0,0,0,0,0,0,0.0,0,0.0,-0.0,-0.0,1.094,0.0,0,0,0,-0.0,5,AC_BOUND,STATEFUL_WATCH_LOW_EVIDENCE,WINDOW_NORMAL_RESPONDING,ACTION_MONITOR_NEXT_WINDOW,low,8,weak_partial_evidence,,days_eff=1 days_any=1 cyc_eff=0 hq_nr=0 total_nr=0 cens=0 lg_opp=0 opp=0 norm_anom=-0.00 conf_p=0.585 micro_only=False cluster=AC_BOUND,No user-facing action; monitoring.,Ambiguous/weak evidence (1d since effective change); monitor next window.,,False,False,False,False,False,False,False,False,0,2026-07-08T17:46:07Z,rolling30-od2.0,30,1,abs_ge_50mWh
